playerId,gameId,gameDate,cA_ev,cA_pp,cA_sh,fA_ev,fA_pp,fA_sh,sA_ev,sA_pp,sA_sh,gA_ev,gA_pp,gA_sh,apA_ev,apA_pp,apA_sh,asA_ev,asA_pp,asA_sh,rsA_ev,rsA_pp,rsA_sh,rbA_ev,rbA_pp,rbA_sh,rgA_ev,rgA_pp,rgA_sh
8455710,2012020006,2013-01-19,31,0,9,22,0,9,13,0,6,0,0,1,0,0,1,0,0,1,2,0,0,0,0,1,0,0,1
8455710,2012020030,2013-01-22,33,2,11,22,2,6,17,2,5,0,0,0,0,0,0,0,0,0,1,0,0,2,0,1,2,0,1
8455710,2012020052,2013-01-25,28,1,14,27,0,7,23,0,5,1,0,1,0,0,1,0,0,1,2,1,1,2,0,0,2,0,0
8455710,2012020067,2013-01-27,50,1,10,38,1,8,25,1,6,3,0,1,3,0,1,1,0,1,5,0,1,4,0,1,4,0,1
8455710,2012020094,2013-01-31,28,3,16,21,3,14,19,2,14,2,0,3,2,0,3,2,0,3,2,0,0,1,0,3,1,0,3
8455710,2012020108,2013-02-02,49,0,5,37,0,3,27,0,3,5,0,0,4,0,0,4,0,0,3,0,0,3,0,0,3,0,0
8455710,2012020128,2013-02-05,35,1,11,27,1,5,21,1,3,1,0,0,1,0,0,0,0,0,1,0,0,0,0,0,0,0,0
8455710,2012020142,2013-02-07,24,0,6,19,0,3,17,0,2,2,0,0,2,0,0,1,0,0,3,0,0,0,0,0,0,0,0
8455710,2012020155,2013-02-09,16,2,15,15,1,13,12,1,12,0,0,1,0,0,1,0,0,1,1,1,0,2,0,1,2,0,1
8455710,2012020178,2013-02-12,27,0,10,19,0,7,17,0,7,1,0,2,1,0,2,1,0,1,0,0,0,1,0,0,1,0,0
8455710,2012020198,2013-02-15,45,0,1,37,0,1,27,0,1,2,0,1,2,0,1,1,0,1,4,0,0,2,0,0,2,0,0
8455710,2012020219,2013-02-18,38,2,3,36,2,1,28,2,0,1,0,0,1,0,0,1,0,0,1,0,0,2,0,0,2,0,0
8455710,2012020239,2013-02-21,25,0,16,16,0,14,12,0,7,0,0,2,0,0,2,0,0,1,1,0,1,0,0,1,0,0,1
8455710,2012020446,2013-03-21,46,1,8,33,1,7,13,1,4,0,0,1,0,0,1,0,0,1,3,0,0,4,0,2,4,0,2
8455710,2012020461,2013-03-23,43,2,2,29,1,1,17,1,0,1,0,0,1,0,0,0,0,0,4,0,0,1,0,0,1,0,0
8455710,2012020473,2013-03-25,31,1,2,20,1,0,14,0,0,2,0,0,2,0,0,2,0,0,1,0,0,3,0,0,3,0,0
8455710,2012020502,2013-03-29,36,1,7,29,1,5,20,0,5,4,0,0,4,0,0,3,0,0,1,0,0,1,0,1,1,0,1
8455710,2012020514,2013-03-30,47,1,3,33,1,2,27,1,2,2,0,1,2,0,1,2,0,1,1,0,1,4,0,0,4,0,0
8455710,2012020522,2013-04-01,26,0,3,22,0,2,19,0,2,2,0,1,2,0,1,1,0,1,1,0,0,2,0,0,2,0,0
8455710,2012020543,2013-04-04,42,1,2,29,1,1,25,0,1,1,0,0,1,0,0,1,0,0,2,0,0,1,0,0,1,0,0
8455710,2012020563,2013-04-06,28,2,6,21,1,4,15,1,2,2,0,0,2,0,0,2,0,0,1,1,0,0,0,0,0,0,0
8455710,2012020575,2013-04-07,37,1,4,26,1,2,23,1,2,2,0,0,2,0,0,1,0,0,6,0,0,3,0,0,3,0,0
8455710,2012020591,2013-04-10,24,7,3,18,6,2,12,4,2,2,2,1,2,2,1,2,1,1,0,2,0,1,1,0,1,1,0
8455710,2012020605,2013-04-12,23,0,1,15,0,1,11,0,0,2,0,0,2,0,0,1,0,0,3,0,0,0,0,0,0,0,0
8455710,2012020625,2013-04-15,24,0,7,16,0,3,10,0,2,0,0,1,0,0,1,0,0,1,4,0,0,0,0,0,0,0,0
8455710,2012020648,2013-04-18,36,0,6,25,0,4,19,0,4,0,0,0,0,0,0,0,0,0,1,0,0,3,0,1,3,0,1
8455710,2012020660,2013-04-20,19,0,3,14,0,1,12,0,1,1,0,1,1,0,1,1,0,1,2,0,0,1,0,0,1,0,0
8455710,2012020671,2013-04-21,29,0,11,24,0,6,17,0,5,3,0,1,3,0,1,2,0,1,1,0,0,1,0,0,1,0,0
8455710,2012020681,2013-04-23,24,1,4,20,1,4,18,0,3,1,0,1,1,0,1,1,0,1,2,0,0,0,0,0,0,0,0
8459140,2012020158,2013-02-09,49,3,9,35,3,7,23,3,4,0,0,2,0,0,2,0,0,2,2,0,0,0,0,1,0,0,1
8459140,2012020211,2013-02-16,25,1,9,20,0,9,12,0,5,0,0,1,0,0,1,0,0,1,4,0,1,4,0,0,4,0,0
8459140,2012020233,2013-02-19,65,0,3,50,0,2,35,0,2,2,0,0,2,0,0,2,0,0,2,0,0,5,0,0,5,0,0
8459140,2012020252,2013-02-23,49,1,16,40,1,11,27,1,8,1,0,1,1,0,1,1,0,1,6,1,1,6,0,1,6,0,1
8459140,2012020273,2013-02-25,58,3,4,40,3,3,29,3,2,2,0,1,2,0,1,1,0,1,5,0,2,4,0,0,4,0,0
8459140,2012020464,2013-03-23,53,0,4,36,0,3,23,0,2,3,0,0,3,0,0,2,0,0,2,0,0,2,0,0,2,0,0
8459140,2012020485,2013-03-26,57,0,11,49,0,9,36,0,7,0,0,0,0,0,0,0,0,0,2,0,0,1,0,1,1,0,1
8459140,2012020499,2013-03-28,35,0,1,23,0,0,21,0,0,4,0,0,4,0,0,1,0,0,6,0,0,1,0,0,1,0,0
8459140,2012020550,2013-04-04,37,1,11,33,0,4,26,0,2,3,0,1,3,0,1,3,0,1,2,0,0,2,0,1,2,0,1
8459140,2012020619,2013-04-13,51,1,19,35,0,18,27,0,11,3,0,1,2,0,1,2,0,1,5,0,2,4,0,2,4,0,2
8459140,2012020679,2013-04-22,45,2,9,34,1,6,23,0,5,2,0,1,2,0,1,2,0,1,3,0,0,3,0,1,3,0,1
8459140,2012020705,2013-04-26,66,0,5,48,0,4,36,0,3,1,0,0,1,0,0,0,0,0,1,0,0,2,0,1,2,0,1
8460535,2012020008,2013-01-19,62,0,19,51,0,16,33,0,9,1,0,0,1,0,0,1,0,0,1,0,0,4,0,0,4,0,0
8460535,2012020024,2013-01-21,40,5,17,29,5,10,24,5,8,3,0,1,2,0,1,2,0,1,3,2,0,0,0,0,0,0,0
8460535,2012020044,2013-01-24,53,0,10,34,0,10,28,0,8,1,0,1,0,0,1,0,0,1,2,0,0,3,0,2,3,0,2
8460535,2012020060,2013-01-26,15,0,5,12,0,3,6,0,3,2,0,1,2,0,1,2,0,1,1,0,0,0,0,0,0,0,0
8460535,2012020084,2013-01-29,32,3,15,29,1,13,26,0,7,3,0,2,3,0,2,1,0,2,4,0,0,1,0,1,1,0,1
8460535,2012020097,2013-01-31,41,0,5,38,0,3,24,0,1,3,0,0,3,0,0,2,0,0,2,0,0,2,0,0,2,0,0
8460535,2012020121,2013-02-03,41,0,2,28,0,1,19,0,1,3,0,0,3,0,0,2,0,0,1,0,0,3,0,0,3,0,0
8460535,2012020144,2013-02-07,46,1,12,30,1,9,24,1,7,1,0,1,1,0,1,1,0,1,2,0,1,3,0,1,3,0,1
8460535,2012020162,2013-02-09,41,0,4,27,0,2,20,0,1,4,0,1,4,0,1,3,0,0,4,0,0,1,0,0,1,0,0
8460535,2012020194,2013-02-14,40,0,8,33,0,5,29,0,3,1,0,0,1,0,0,0,0,0,1,0,0,2,0,0,2,0,0
8460535,2012020208,2013-02-16,54,0,5,48,0,4,33,0,3,5,0,1,5,0,1,4,0,1,2,0,0,7,0,0,7,0,0
8460535,2012020223,2013-02-18,40,1,8,34,1,6,27,0,6,2,0,1,2,0,1,1,0,1,3,0,1,4,0,2,4,0,2
8460535,2012020280,2013-02-26,27,0,9,23,0,7,16,0,3,3,0,1,3,0,1,2,0,0,2,0,0,2,0,2,2,0,2
8460535,2012020292,2013-02-28,26,1,0,17,1,0,14,1,0,0,0,0,0,0,0,0,0,0,1,0,0,2,0,0,2,0,0
8460535,2012020307,2013-03-02,1,0,0,1,0,0,1,0,0,0,0,0,0,0,0,0,0,0,0,0,0,0,0,0,0,0,0
8460704,2012020078,2013-01-29,48,1,9,33,0,6,24,0,4,1,0,0,1,0,0,1,0,0,3,0,0,2,0,1,2,0,1
8460704,2012020122,2013-02-03,34,1,16,22,1,6,16,1,5,0,0,0,0,0,0,0,0,0,3,0,2,0,0,0,0,0,0
8460704,2012020170,2013-02-10,42,0,6,30,0,4,21,0,3,0,0,1,0,0,1,0,0,1,1,0,0,3,0,0,3,0,0
8460704,2012020207,2013-02-16,43,2,10,34,1,8,24,1,8,2,0,3,2,0,3,2,0,3,1,1,0,2,0,1,2,0,1
8460704,2012020250,2013-02-23,33,1,10,26,1,9,22,1,3,2,1,2,2,0,2,2,0,2,3,0,0,1,0,0,1,0,0
8460704,2012020263,2013-02-24,39,2,4,31,1,4,23,1,3,3,0,1,3,0,1,2,0,0,2,0,0,0,0,0,0,0,0
8460704,2012020293,2013-02-28,35,2,7,24,2,2,17,2,1,2,0,0,2,0,0,2,0,0,1,0,0,0,0,0,0,0,0
8460704,2012020304,2013-03-02,32,3,12,24,3,6,18,3,2,2,1,0,2,1,0,1,1,0,4,0,1,0,0,0,0,0,0
8460704,2012020320,2013-03-04,35,1,10,24,1,7,18,1,4,3,0,1,2,0,1,2,0,1,3,0,0,2,0,0,2,0,0
8460704,2012020324,2013-03-05,15,0,1,11,0,1,10,0,1,3,0,0,3,0,0,3,0,0,1,0,0,1,0,0,1,0,0
8460704,2012020340,2013-03-07,43,1,3,34,1,3,22,1,2,1,0,1,1,0,1,1,0,1,2,0,0,0,0,0,0,0,0
8460704,2012020360,2013-03-09,25,0,8,19,0,5,14,0,4,4,0,1,4,0,1,4,0,1,2,0,0,3,0,0,3,0,0
8460704,2012020368,2013-03-10,40,0,4,32,0,1,24,0,1,2,0,0,2,0,0,1,0,0,2,0,0,1,0,0,1,0,0
8460704,2012020389,2013-03-13,27,2,6,19,2,6,17,2,6,1,0,1,1,0,1,0,0,1,1,0,0,1,0,1,1,0,1
8460704,2012020402,2013-03-15,28,0,14,19,0,13,13,0,9,1,0,0,1,0,0,1,0,0,0,0,0,1,0,3,1,0,3
8460704,2012020410,2013-03-16,30,0,6,24,0,5,18,0,4,2,0,0,1,0,0,0,0,0,6,0,1,0,0,0,0,0,0
8460704,2012020429,2013-03-19,33,1,3,29,1,1,20,1,1,2,1,0,2,1,0,1,0,0,0,0,0,0,0,0,0,0,0
8460704,2012020697,2013-04-25,25,0,3,20,0,2,16,0,2,1,0,1,1,0,1,1,0,1,1,0,0,1,0,0,1,0,0
8460704,2012020714,2013-04-27,30,3,4,25,3,3,18,3,0,3,1,0,3,1,0,2,0,0,3,0,0,2,0,0,2,0,0
8460705,2012020006,2013-01-19,45,1,4,32,0,2,26,0,2,2,0,0,2,0,0,2,0,0,3,0,0,0,0,0,0,0,0
8460705,2012020021,2013-01-21,32,2,10,26,2,8,18,2,6,3,0,0,3,0,0,3,0,0,2,0,1,1,0,0,1,0,0
8460705,2012020040,2013-01-24,50,1,18,37,1,15,33,0,10,4,0,0,4,0,0,3,0,0,6,0,0,3,0,0,3,0,0
8460705,2012020070,2013-01-27,66,0,5,53,0,2,34,0,1,4,0,1,3,0,1,3,0,1,6,0,1,4,0,0,4,0,0
8460705,2012020083,2013-01-29,58,0,7,49,0,3,35,0,3,1,0,0,1,0,0,1,0,0,3,0,0,3,0,0,3,0,0
8460705,2012020094,2013-01-31,40,0,17,30,0,13,23,0,9,4,0,0,4,0,0,3,0,0,0,0,0,4,0,0,4,0,0
8460705,2012020122,2013-02-03,42,5,5,31,4,4,19,3,4,1,0,1,1,0,1,1,0,1,2,1,0,2,0,0,2,0,0
8460705,2012020129,2013-02-05,35,0,8,27,0,8,19,0,6,2,0,1,2,0,1,1,0,0,2,0,1,2,0,0,2,0,0
8460705,2012020143,2013-02-07,36,3,3,27,3,3,20,1,3,2,0,1,2,0,1,2,0,0,0,0,0,3,1,0,3,1,0
8460705,2012020161,2013-02-09,37,0,0,23,0,0,15,0,0,3,0,0,3,0,0,3,0,0,2,0,0,2,0,0,2,0,0
8460705,2012020191,2013-02-14,57,2,11,41,0,8,31,0,8,2,0,1,2,0,1,2,0,1,6,1,0,6,0,1,6,0,1
8460705,2012020207,2013-02-16,44,3,13,29,3,11,22,2,7,0,0,1,0,0,1,0,0,1,3,0,0,1,0,0,1,0,0
8460705,2012020220,2013-02-18,31,0,12,25,0,10,17,0,8,5,0,2,5,0,2,5,0,2,3,0,0,0,0,1,0,0,1
8460705,2012020241,2013-02-21,51,0,12,34,0,7,26,0,7,2,0,1,2,0,1,0,0,1,4,0,0,6,0,1,6,0,1
8460705,2012020254,2013-02-23,40,0,19,32,0,11,25,0,10,0,0,0,0,0,0,0,0,0,2,0,0,2,0,1,2,0,1
8460705,2012020278,2013-02-26,44,0,8,33,0,7,27,0,6,3,0,0,3,0,0,3,0,0,3,0,0,1,0,0,1,0,0
8460705,2012020289,2013-02-28,52,0,0,38,0,0,28,0,0,5,0,0,5,0,0,4,0,0,3,0,0,2,0,0,2,0,0
8460705,2012020312,2013-03-03,49,1,10,36,0,8,25,0,6,1,0,1,1,0,1,0,0,1,5,0,0,1,0,1,1,0,1
8460705,2012020325,2013-03-05,47,0,13,33,0,9,24,0,8,1,0,2,1,0,2,1,0,2,0,0,2,0,0,1,0,0,1
8460705,2012020341,2013-03-07,72,0,5,54,0,4,34,0,3,1,0,1,1,0,1,1,0,1,4,0,0,0,0,0,0,0,0
8460705,2012020356,2013-03-09,41,2,6,27,0,4,21,0,3,1,0,1,1,0,1,1,0,1,2,1,1,0,0,0,0,0,0
8460705,2012020369,2013-03-10,30,0,9,19,0,7,12,0,5,3,0,2,3,0,2,2,0,2,0,0,0,3,0,0,3,0,0
8460705,2012020395,2013-03-14,41,0,5,28,0,3,16,0,2,0,0,0,0,0,0,0,0,0,2,0,0,1,0,0,1,0,0
8460705,2012020413,2013-03-16,60,0,6,44,0,5,26,0,4,3,0,0,3,0,0,3,0,0,2,0,0,6,0,2,6,0,2
8460705,2012020430,2013-03-19,40,1,6,27,1,4,18,0,4,4,0,0,4,0,0,4,0,0,5,0,0,2,0,0,2,0,0
8460705,2012020452,2013-03-22,51,0,5,32,0,4,22,0,2,3,0,0,3,0,0,3,0,0,2,0,0,2,0,0,2,0,0
8460705,2012020465,2013-03-24,52,0,4,35,0,3,23,0,3,0,0,0,0,0,0,0,0,0,5,0,0,0,0,0,0,0,0
8460705,2012020481,2013-03-26,60,2,4,37,2,1,20,1,1,2,0,0,2,0,0,1,0,0,2,1,1,2,0,0,2,0,0
8460705,2012020493,2013-03-28,53,1,7,41,0,7,29,0,7,1,0,2,1,0,2,0,0,2,3,0,0,3,0,1,3,0,1
8460705,2012020507,2013-03-30,43,0,7,32,0,6,23,0,4,2,0,0,2,0,0,2,0,0,0,0,0,1,0,1,1,0,1
8460705,2012020522,2013-04-01,56,0,1,36,0,0,25,0,0,1,0,0,1,0,0,1,0,0,1,0,0,1,0,0,1,0,0
8460705,2012020545,2013-04-04,45,0,5,29,0,5,19,0,3,1,0,0,1,0,0,1,0,0,3,0,0,0,0,0,0,0,0
8460705,2012020564,2013-04-06,50,0,3,27,0,3,18,0,3,2,0,0,2,0,0,2,0,0,5,0,0,4,0,0,4,0,0
8460705,2012020582,2013-04-09,48,1,3,36,1,3,25,1,1,1,0,0,1,0,0,1,0,0,2,0,1,0,0,1,0,0,1
8460705,2012020596,2013-04-11,51,1,4,36,1,3,28,1,2,0,0,1,0,0,1,0,0,1,1,0,0,5,0,0,5,0,0
8460705,2012020613,2013-04-13,32,1,11,21,1,7,15,0,5,1,0,0,1,0,0,1,0,0,0,0,0,0,0,0,0,0,0
8460705,2012020632,2013-04-16,51,2,13,33,1,11,19,1,8,1,0,1,1,0,1,1,0,1,2,0,0,4,0,0,4,0,0
8460705,2012020644,2013-04-18,50,0,8,30,0,6,17,0,4,1,0,2,1,0,2,1,0,2,4,0,0,0,0,0,0,0,0
8460705,2012020661,2013-04-20,49,3,8,36,1,7,22,1,5,3,0,1,3,0,1,2,0,1,3,0,0,3,0,2,3,0,2
8460705,2012020683,2013-04-23,57,0,0,43,0,0,32,0,0,3,0,0,3,0,0,3,0,0,1,0,0,3,0,0,3,0,0
8460705,2012020704,2013-04-26,48,0,3,33,0,2,21,0,1,1,0,0,1,0,0,0,0,0,1,0,0,1,0,0,0,0,1
8460705,2012030111,2013-05-01,13,0,14,9,0,12,8,0,7,2,0,2,2,0,2,2,0,2,2,0,1,3,0,0,3,0,0
8460705,2012030112,2013-05-03,43,0,14,33,0,11,23,0,10,2,0,1,2,0,1,1,0,1,2,0,0,3,0,3,3,0,3
8460705,2012030113,2013-05-05,45,2,8,33,2,5,20,1,4,2,0,3,2,0,3,2,0,3,4,0,0,0,0,0,0,0,0
8460705,2012030114,2013-05-07,49,1,7,36,1,4,28,1,2,4,0,0,4,0,0,4,0,0,1,1,0,1,0,0,1,0,0
8460705,2012030115,2013-05-09,46,0,5,39,0,5,24,0,3,3,0,1,3,0,1,3,0,1,3,0,0,2,0,0,2,0,0
8460705,2012030116,2013-05-11,55,0,1,33,0,0,21,0,0,4,0,0,4,0,0,3,0,0,3,0,0,3,0,0,3,0,0
8460712,2012020015,2013-01-20,47,1,16,37,1,10,26,1,7,1,1,1,1,1,1,1,0,1,3,1,0,3,0,1,3,0,1
8460712,2012020055,2013-01-25,50,0,2,41,0,1,30,0,1,2,0,1,2,0,1,1,0,1,2,0,0,3,0,0,3,0,0
8460712,2012020083,2013-01-29,10,0,0,9,0,0,7,0,0,0,0,0,0,0,0,0,0,0,0,0,0,0,0,0,0,0,0
8460712,2012020095,2013-01-31,34,2,9,27,1,8,22,1,5,0,0,0,0,0,0,0,0,0,3,0,0,1,0,0,1,0,0
8460712,2012020119,2013-02-03,53,0,10,34,0,7,19,0,5,2,0,1,2,0,1,1,0,1,4,0,2,4,0,0,4,0,0
8460712,2012020170,2013-02-10,44,0,2,29,0,2,21,0,2,2,0,1,2,0,1,0,0,1,3,0,0,1,0,1,1,0,1
8460712,2012020234,2013-02-20,34,0,16,26,0,15,22,0,10,5,0,1,5,0,1,4,0,1,0,0,0,5,0,3,5,0,3
8460712,2012020280,2013-02-26,19,0,12,15,0,11,13,0,9,0,0,4,0,0,4,0,0,4,1,0,2,5,0,3,5,0,3
8460712,2012020306,2013-03-02,53,2,5,40,2,2,35,2,2,6,0,0,6,0,0,5,0,0,3,0,0,7,0,0,7,0,0
8460712,2012020342,2013-03-07,24,1,5,15,0,3,11,0,3,0,0,0,0,0,0,0,0,0,2,0,0,0,0,1,0,0,1
8460712,2012020369,2013-03-10,40,2,6,31,1,5,20,0,4,1,0,0,1,0,0,1,0,0,2,0,0,2,0,0,2,0,0
8460712,2012020418,2013-03-17,56,0,9,42,0,6,27,0,5,1,0,0,1,0,0,1,0,0,3,0,0,2,0,1,2,0,1
8460712,2012020452,2013-03-22,61,1,5,44,1,1,35,0,0,2,0,0,2,0,0,2,0,0,4,0,0,3,0,0,3,0,0
8460712,2012020480,2013-03-26,19,0,1,15,0,1,11,0,1,0,0,0,0,0,0,0,0,0,2,0,0,1,0,0,1,0,0
8460712,2012020494,2013-03-28,39,0,9,29,0,6,16,0,4,0,0,0,0,0,0,0,0,0,1,0,0,1,0,0,1,0,0
8460712,2012020507,2013-03-30,49,0,9,33,0,7,29,0,6,0,0,0,0,0,0,0,0,0,1,0,0,6,0,0,5,0,1
8460712,2012020534,2013-04-02,20,1,0,14,1,0,12,1,0,3,1,0,3,0,0,3,0,0,4,1,0,1,0,0,1,0,0
8460712,2012020600,2013-04-11,36,1,8,26,0,7,14,0,5,0,0,3,0,0,3,0,0,3,2,0,0,0,0,1,0,0,1
8460712,2012020654,2013-04-20,66,1,4,51,1,3,37,1,2,1,0,1,1,0,1,0,0,1,5,0,0,1,0,0,1,0,0
8460712,2012020677,2013-04-22,47,1,18,35,1,13,27,0,8,0,0,1,0,0,1,0,0,1,2,0,0,2,0,0,2,0,0
8460712,2012030115,2013-05-09,49,0,8,36,0,7,27,0,4,0,0,0,0,0,0,0,0,0,3,0,0,3,0,0,3,0,0
8460712,2012030116,2013-05-11,57,2,14,44,1,10,31,1,6,3,0,0,3,0,0,2,0,0,7,0,0,1,0,0,1,0,0
8460712,2012030211,2013-05-14,53,1,14,37,1,12,28,1,7,1,0,0,1,0,0,1,0,0,2,0,0,1,0,1,1,0,1
8460712,2012030212,2013-05-17,39,4,5,24,2,2,18,2,2,2,0,1,2,0,1,2,0,1,1,1,0,1,0,0,1,0,0
8460712,2012030213,2013-05-19,84,6,8,60,4,5,43,3,2,1,1,0,1,1,0,1,1,0,2,0,0,5,0,0,5,0,0
8460712,2012030214,2013-05-22,52,1,10,39,1,7,26,1,6,1,1,1,1,1,1,1,1,1,5,0,0,7,0,1,7,0,1
8460712,2012030215,2013-05-24,38,1,17,30,0,13,22,0,9,2,0,0,2,0,0,2,0,0,1,0,0,2,0,1,2,0,1
8460712,2012030311,2013-06-01,36,4,9,27,4,8,23,3,4,3,0,0,3,0,0,2,0,0,1,0,0,6,0,0,6,0,0
8460712,2012030312,2013-06-03,16,0,3,13,0,3,9,0,3,3,0,0,2,0,0,1,0,0,4,0,0,2,0,0,2,0,0
8460712,2012030313,2013-06-05,69,1,7,48,1,4,35,1,4,2,0,0,2,0,0,1,0,0,3,0,0,3,0,1,3,0,1
8460712,2012030314,2013-06-07,35,3,7,27,2,4,22,0,2,1,0,0,1,0,0,1,0,0,2,0,0,2,0,1,2,0,1
8462044,2012020057,2013-01-26,22,0,9,14,0,7,12,0,5,0,0,0,0,0,0,0,0,0,2,0,0,3,0,1,3,0,1
8462044,2012020098,2013-01-31,57,0,6,40,0,5,24,0,4,3,0,0,3,0,0,2,0,0,3,0,0,3,0,0,3,0,0
8462044,2012020196,2013-02-14,49,0,2,33,0,1,28,0,1,3,0,0,3,0,0,2,0,0,2,0,0,3,0,0,3,0,0
8462044,2012020269,2013-02-24,50,3,16,40,2,14,25,2,12,1,0,3,1,0,3,1,0,3,2,1,1,1,0,3,1,0,3
8462044,2012020331,2013-03-05,44,1,2,36,1,0,32,1,0,2,0,0,2,0,0,1,0,0,0,0,0,0,0,0,0,0,0
8462044,2012020408,2013-03-16,17,0,6,14,0,6,9,0,5,3,0,1,3,0,1,3,0,1,2,0,0,2,0,0,2,0,0
8462044,2012020463,2013-03-23,20,0,7,14,0,6,11,0,5,1,0,0,1,0,0,1,0,0,1,0,0,0,0,1,0,0,1
8462044,2012020469,2013-03-24,46,2,9,33,1,5,27,0,3,2,0,1,2,0,1,2,0,0,3,0,0,4,0,1,4,0,1
8462044,2012020525,2013-04-01,14,0,1,11,0,1,7,0,0,0,0,0,0,0,0,0,0,0,0,0,0,0,0,0,0,0,0
8462044,2012020536,2013-04-02,55,0,8,43,0,6,31,0,6,1,0,1,1,0,1,1,0,1,6,0,0,4,0,1,4,0,1
8462044,2012020556,2013-04-05,55,1,7,35,1,7,26,1,4,2,0,1,1,0,1,1,0,1,3,0,0,3,0,1,3,0,1
8462044,2012020579,2013-04-08,37,1,18,30,1,12,23,1,10,2,1,0,2,1,0,2,0,0,2,0,0,2,0,2,2,0,2
8462044,2012020595,2013-04-10,36,0,6,23,0,4,19,0,3,1,0,0,1,0,0,1,0,0,2,0,0,1,0,0,1,0,0
8462044,2012020604,2013-04-11,17,0,3,13,0,2,10,0,2,0,0,0,0,0,0,0,0,0,1,0,1,1,0,0,1,0,0
8462044,2012020611,2013-04-13,43,0,9,30,0,7,22,0,5,3,0,0,3,0,0,3,0,0,4,0,0,2,0,0,2,0,0
8462044,2012020629,2013-04-15,60,1,3,40,1,2,29,1,0,4,0,0,4,0,0,2,0,0,0,0,0,1,0,1,1,0,1
8462044,2012020672,2013-04-21,55,2,10,40,2,8,26,1,5,3,0,0,3,0,0,2,0,0,2,0,0,3,0,1,3,0,1
8462044,2012020707,2013-04-26,40,0,7,32,0,6,26,0,5,2,0,2,2,0,2,2,0,2,1,0,0,5,0,1,5,0,1
8462047,2012020015,2013-01-20,25,0,8,21,0,4,19,0,1,1,0,0,1,0,0,1,0,0,0,0,0,2,0,2,2,0,2
8462047,2012020113,2013-02-02,49,2,1,39,2,1,30,1,1,1,0,1,1,0,1,1,0,1,3,0,0,1,0,0,1,0,0
8462047,2012020191,2013-02-14,57,1,2,41,1,2,30,0,1,3,0,0,2,0,0,1,0,0,1,0,0,4,0,0,4,0,0
8462047,2012020255,2013-02-23,46,1,7,29,1,5,13,1,4,2,0,1,1,0,1,1,0,1,6,0,0,3,0,0,3,0,0
8462047,2012020365,2013-03-10,43,1,20,27,1,16,19,1,9,1,0,0,1,0,0,1,0,0,2,0,1,0,0,4,0,0,4
8462047,2012020512,2013-03-30,50,1,7,35,1,6,22,1,3,2,0,1,2,0,1,1,0,1,5,0,1,2,0,1,2,0,1
8462052,2012020172,2013-02-11,12,1,7,10,0,4,7,0,3,1,0,0,1,0,0,1,0,0,1,0,1,0,0,0,0,0,0
8462052,2012020206,2013-02-16,41,1,13,28,1,9,20,1,7,3,0,0,3,0,0,3,0,0,9,0,2,2,0,1,2,0,1
8462052,2012020238,2013-02-21,18,1,1,14,1,1,10,0,1,1,0,0,1,0,0,1,0,0,1,1,0,1,0,0,1,0,0
8462052,2012020342,2013-03-07,11,0,3,8,0,2,6,0,0,1,0,0,1,0,0,1,0,0,5,0,0,0,0,0,0,0,0
8462147,2012020016,2013-01-20,44,0,8,31,0,6,24,0,5,2,0,2,2,0,2,2,0,2,2,0,0,3,0,0,3,0,0
8462147,2012020026,2013-01-21,42,1,1,32,0,1,24,0,0,5,0,0,5,0,0,5,0,0,1,0,0,5,0,0,5,0,0
8462147,2012020038,2013-01-23,60,0,9,45,0,7,31,0,5,1,0,1,0,0,1,0,0,1,4,0,0,4,0,0,4,0,0
8462147,2012020063,2013-01-26,33,0,5,27,0,4,17,0,3,1,0,2,1,0,2,1,0,2,2,0,0,1,0,0,1,0,0
8462147,2012020098,2013-01-31,30,1,7,26,1,4,16,1,4,4,0,1,3,0,1,2,0,1,4,0,0,1,0,1,1,0,1
8462147,2012020116,2013-02-02,45,1,0,29,1,0,19,0,0,2,0,0,2,0,0,2,0,0,4,1,0,2,0,0,2,0,0
8462147,2012020134,2013-02-05,32,0,7,24,0,5,15,0,5,0,0,1,0,0,1,0,0,1,0,0,1,1,0,1,1,0,1
8462147,2012020337,2013-03-06,50,1,11,37,1,10,26,0,7,1,0,0,1,0,0,0,0,0,3,0,0,0,0,0,0,0,0
8462147,2012020354,2013-03-08,42,2,0,31,2,0,22,2,0,4,0,0,4,0,0,4,0,0,4,0,0,1,0,0,1,0,0
8462147,2012020364,2013-03-09,47,0,2,33,0,2,21,0,1,5,0,1,5,0,1,3,0,1,2,0,0,2,0,0,2,0,0
8462147,2012020390,2013-03-13,64,0,9,48,0,7,34,0,4,1,0,1,1,0,1,0,0,1,3,0,0,4,0,2,4,0,2
8462147,2012020403,2013-03-15,41,0,3,28,0,3,17,0,3,2,0,1,2,0,1,1,0,1,2,0,0,5,0,0,5,0,0
8462147,2012020449,2013-03-21,35,1,13,25,1,9,15,1,7,4,0,1,4,0,1,3,0,1,3,1,0,0,0,0,0,0,0
8462147,2012020453,2013-03-22,42,0,7,35,0,3,26,0,2,5,0,0,4,0,0,4,0,0,4,0,0,4,0,0,4,0,0
8462147,2012020470,2013-03-24,57,0,13,43,0,7,34,0,4,2,0,0,1,0,0,1,0,0,5,0,0,3,0,0,3,0,0
8462147,2012020486,2013-03-26,39,2,13,32,1,9,27,1,7,2,0,0,2,0,0,2,0,0,3,0,0,0,0,0,0,0,0
8462147,2012020505,2013-03-29,36,1,1,25,1,1,18,1,1,4,1,0,3,0,0,3,0,0,3,1,0,1,0,0,1,0,0
8462147,2012020529,2013-04-01,13,0,0,10,0,0,6,0,0,3,0,0,3,0,0,2,0,0,2,0,0,0,0,0,0,0,0
8462147,2012020558,2013-04-05,67,2,9,51,1,5,35,1,5,2,0,0,2,0,0,2,0,0,2,0,0,5,0,0,5,0,0
8462147,2012020568,2013-04-06,35,0,1,26,0,1,20,0,1,3,0,1,3,0,1,3,0,1,1,0,0,0,0,0,0,0,0
8462147,2012020593,2013-04-10,44,3,14,30,3,10,21,3,5,3,0,1,3,0,1,2,0,1,1,1,0,3,0,0,3,0,0
8462147,2012020642,2013-04-17,56,0,14,45,0,11,31,0,7,2,0,0,2,0,0,2,0,0,3,0,0,5,0,0,5,0,0
8462147,2012020659,2013-04-19,62,1,6,42,1,4,30,1,2,1,0,0,1,0,0,1,0,0,4,0,0,0,0,0,0,0,0
8462147,2012020687,2013-04-23,61,1,5,45,1,5,28,0,4,3,0,1,3,0,1,3,0,1,4,0,0,2,0,0,2,0,0
8462152,2012020032,2013-01-22,44,1,7,31,0,6,24,0,6,1,0,0,1,0,0,1,0,0,1,0,0,1,0,1,1,0,1
8462152,2012020164,2013-02-09,45,2,13,33,1,10,24,0,8,1,0,1,1,0,1,1,0,1,2,0,0,3,0,2,3,0,2
8462152,2012020221,2013-02-18,25,0,4,19,0,3,16,0,2,5,0,1,5,0,1,3,0,1,4,0,0,3,0,0,3,0,0
8462152,2012020286,2013-02-27,15,1,0,10,1,0,6,1,0,0,0,0,0,0,0,0,0,0,0,1,0,1,0,0,1,0,0
8462152,2012020323,2013-03-04,6,0,0,4,0,0,3,0,0,0,0,0,0,0,0,0,0,0,1,0,0,0,0,0,0,0,0
8462152,2012020400,2013-03-14,15,0,2,14,0,1,9,0,0,2,0,0,1,0,0,1,0,0,1,0,0,0,0,0,1,0,0
8462152,2012020403,2013-03-15,38,0,6,25,0,6,14,0,5,2,0,1,2,0,1,2,0,1,0,0,0,2,0,0,2,0,0
8462152,2012020498,2013-03-28,12,0,1,10,0,1,8,0,1,2,0,1,2,0,1,2,0,1,2,0,0,2,0,0,2,0,0
8462152,2012020607,2013-04-12,25,0,6,20,0,6,14,0,4,4,0,1,3,0,1,3,0,1,2,0,0,0,0,0,0,0,0
8462152,2012020699,2013-04-25,51,2,12,42,2,8,32,0,6,4,0,1,4,0,1,3,0,1,3,0,0,5,0,1,4,0,2
8462152,2012020713,2013-04-27,63,0,9,53,0,7,39,0,7,1,0,1,1,0,1,1,0,1,2,0,0,2,0,0,2,0,0
8464999,2012020028,2013-01-22,53,2,19,38,2,11,28,2,6,0,0,1,0,0,1,0,0,1,4,0,2,5,0,4,5,0,4
8464999,2012020113,2013-02-02,51,0,4,43,0,4,30,0,0,3,0,0,3,0,0,2,0,0,5,0,0,4,0,0,4,0,0
8464999,2012020169,2013-02-10,29,1,8,21,0,6,15,0,4,3,0,0,2,0,0,1,0,0,2,0,0,0,0,0,0,0,0
8464999,2012020193,2013-02-14,66,1,4,49,1,3,37,1,1,3,0,1,3,0,1,3,0,1,4,0,0,7,0,0,7,0,0
8464999,2012020257,2013-02-23,58,0,5,42,0,5,31,0,3,2,0,0,2,0,0,2,0,0,3,0,0,5,0,0,5,0,0
8464999,2012020267,2013-02-24,18,0,4,12,0,4,9,0,2,0,0,1,0,0,1,0,0,1,0,0,0,0,0,1,0,0,1
8464999,2012020279,2013-02-26,34,0,2,27,0,1,20,0,1,2,0,0,2,0,0,2,0,0,3,0,0,1,0,0,1,0,0
8464999,2012020290,2013-02-28,53,0,16,34,0,12,31,0,11,3,0,1,3,0,1,2,0,1,3,0,0,3,0,3,3,0,3
8464999,2012020303,2013-03-02,36,0,17,29,0,11,19,0,8,1,0,2,1,0,2,1,0,1,0,0,0,2,0,2,2,0,2
8464999,2012020321,2013-03-04,18,0,6,13,0,4,11,0,2,1,0,0,1,0,0,0,0,0,0,0,0,2,0,0,2,0,0
8464999,2012020411,2013-03-16,56,0,3,37,0,1,22,0,0,1,0,0,1,0,0,0,0,0,9,0,0,2,0,0,2,0,0
8464999,2012020438,2013-03-20,33,1,3,24,0,2,17,0,1,3,0,0,3,0,0,3,0,0,5,0,0,2,0,0,2,0,0
8464999,2012020456,2013-03-23,17,0,0,13,0,0,11,0,0,3,0,0,3,0,0,2,0,0,4,0,0,1,0,0,1,0,0
8464999,2012020484,2013-03-26,35,1,6,22,0,3,12,0,2,1,0,0,1,0,0,1,0,0,4,0,0,0,0,0,0,0,0
8464999,2012020502,2013-03-29,35,1,16,30,1,9,17,1,7,2,1,1,1,0,1,1,0,1,4,0,0,0,0,1,0,0,1
8464999,2012020535,2013-04-02,44,1,4,33,0,4,22,0,3,0,0,2,0,0,2,0,0,2,6,0,1,2,0,1,3,0,0
8464999,2012020614,2013-04-13,23,0,4,16,0,3,15,0,3,2,0,1,2,0,1,1,0,1,2,0,0,0,0,0,0,0,0
8464999,2012020622,2013-04-14,33,0,6,25,0,4,19,0,3,2,0,1,2,0,1,1,0,1,2,0,0,2,0,0,2,0,0
8466141,2012020013,2013-01-19,17,1,1,16,1,1,10,1,1,1,0,1,1,0,1,1,0,0,1,1,0,0,0,0,0,0,0
8466141,2012020018,2013-01-20,44,2,9,33,2,6,24,2,6,1,0,1,1,0,1,0,0,1,4,0,0,0,0,0,0,0,0
8466141,2012020077,2013-01-28,51,1,10,35,0,7,25,0,3,1,0,1,1,0,1,0,0,1,7,0,0,4,0,1,4,0,1
8466141,2012020091,2013-01-30,32,1,8,26,1,7,18,1,5,0,0,0,0,0,0,0,0,0,3,0,0,1,0,1,1,0,1
8466141,2012020106,2013-02-01,40,2,12,30,2,6,21,2,5,1,0,0,1,0,0,1,0,0,2,2,0,2,0,0,2,0,0
8466141,2012020126,2013-02-04,43,1,4,28,1,4,21,1,3,0,1,1,0,1,1,0,0,1,0,0,0,2,0,0,3,0,0
8466141,2012020187,2013-02-12,29,1,12,23,1,10,17,1,8,0,0,1,0,0,1,0,0,1,2,0,0,4,0,1,4,0,1
8466141,2012020218,2013-02-17,38,0,5,27,0,5,20,0,3,3,0,0,3,0,0,3,0,0,4,0,0,3,0,0,3,0,0
8466141,2012020248,2013-02-22,34,0,6,23,0,5,19,0,4,0,0,0,0,0,0,0,0,0,2,0,0,2,0,2,2,0,2
8466141,2012020264,2013-02-24,35,0,13,28,0,12,20,0,8,5,0,3,4,0,3,4,0,3,1,0,0,1,0,2,1,0,2
8466141,2012020319,2013-03-03,47,0,3,35,0,3,24,0,0,3,0,0,3,0,0,2,0,0,1,0,0,0,0,0,0,0,0
8466141,2012020379,2013-03-12,43,1,4,34,1,3,23,1,3,1,0,0,1,0,0,1,0,0,1,0,0,2,0,0,2,0,0
8466141,2012020400,2013-03-14,37,0,13,30,0,12,26,0,7,4,0,0,3,0,0,0,0,0,1,0,2,3,0,0,3,0,0
8466141,2012020416,2013-03-16,42,2,2,31,2,1,23,2,1,4,0,1,4,0,1,4,0,1,2,0,0,2,0,0,2,0,0
8466141,2012020426,2013-03-18,33,0,6,28,0,6,21,0,4,2,0,1,2,0,1,2,0,1,0,0,0,1,0,0,1,0,0
8466141,2012020515,2013-03-30,41,0,2,33,0,2,21,0,1,1,0,1,1,0,1,1,0,1,5,0,0,2,0,0,2,0,0
8466141,2012020593,2013-04-10,53,5,7,45,4,4,37,3,1,1,0,0,1,0,0,1,0,0,3,0,0,2,1,0,2,1,0
8466141,2012020628,2013-04-15,54,2,3,44,2,2,35,2,1,2,0,0,2,0,0,1,0,0,7,0,0,3,0,0,3,0,0
8466141,2012020703,2013-04-25,41,0,3,28,0,2,27,0,2,1,0,1,1,0,1,1,0,1,2,0,0,0,0,0,0,0,0
8466141,2012020718,2013-04-27,54,1,13,48,1,11,27,1,9,6,0,1,6,0,1,5,0,1,9,1,0,4,0,2,4,0,2
8466141,2012030171,2013-05-01,27,0,18,23,0,11,18,0,10,2,0,1,2,0,1,2,0,1,2,0,1,1,0,1,1,0,1
8466141,2012030172,2013-05-03,44,0,10,37,0,6,29,0,4,3,0,0,3,0,0,2,0,0,6,0,0,10,0,1,10,0,1
8466141,2012030173,2013-05-05,7,0,10,5,0,6,5,0,5,0,0,0,0,0,0,0,0,0,5,0,1,1,0,0,1,0,0
8466339,2012020029,2013-01-22,36,4,19,25,4,18,18,3,12,2,0,2,2,0,2,2,0,2,3,1,1,6,1,3,6,1,3
8466339,2012020060,2013-01-26,23,0,8,18,0,4,14,0,3,3,0,1,2,0,1,2,0,1,1,0,0,0,0,0,0,0,0
8466339,2012020135,2013-02-05,49,0,7,31,0,5,20,0,1,2,0,1,2,0,1,1,0,1,6,0,0,2,0,0,2,0,0
8466339,2012020162,2013-02-09,7,1,0,5,1,0,3,1,0,0,0,0,0,0,0,0,0,0,1,1,0,1,0,0,1,0,0
8466339,2012020182,2013-02-12,50,2,5,37,2,4,26,0,3,4,0,2,4,0,2,3,0,1,0,0,0,4,0,0,4,0,0
8466339,2012020238,2013-02-21,63,1,9,43,1,6,31,0,3,2,0,0,2,0,0,2,0,0,8,0,1,4,0,0,4,0,0
8466339,2012020280,2013-02-26,26,0,7,18,0,6,10,0,5,0,0,0,0,0,0,0,0,0,2,0,0,0,0,2,0,0,2
8466339,2012020292,2013-02-28,10,0,2,9,0,2,8,0,2,2,0,1,2,0,0,2,0,0,1,0,0,0,0,1,0,0,1
8466339,2012020307,2013-03-02,49,0,9,36,0,7,28,0,5,6,0,0,6,0,0,3,0,0,4,0,0,7,0,2,7,0,2
8466339,2012020315,2013-03-03,35,0,7,25,0,6,19,0,5,3,0,0,2,0,0,2,0,0,3,0,0,1,0,1,1,0,1
8466339,2012020343,2013-03-07,37,0,8,27,0,7,20,0,4,3,0,2,3,0,2,3,0,2,7,0,0,2,0,0,2,0,0
8466339,2012020391,2013-03-14,50,0,3,40,0,3,30,0,1,3,0,0,3,0,0,3,0,0,2,0,0,3,0,0,3,0,0
8466339,2012020413,2013-03-16,48,0,0,31,0,0,25,0,0,4,0,0,4,0,0,4,0,0,0,0,0,1,0,0,1,0,0
8466339,2012020461,2013-03-23,37,1,10,30,1,9,17,1,7,2,0,0,2,0,0,0,0,0,2,0,0,1,0,1,1,0,1
8466339,2012020566,2013-04-06,NA,NA,NA,NA,NA,NA,NA,NA,NA,NA,NA,NA,NA,NA,NA,NA,NA,NA,NA,NA,NA,NA,NA,NA,NA,NA,NA
8466339,2012020571,2013-04-07,60,0,14,48,0,7,35,0,6,1,0,0,1,0,0,1,0,0,0,0,0,6,0,0,6,0,0
8466339,2012020602,2013-04-11,9,0,14,6,0,12,2,0,10,1,0,0,1,0,0,1,0,0,1,0,0,0,0,1,0,0,1
8466339,2012020632,2013-04-16,19,1,0,17,1,0,12,1,0,0,0,0,0,0,0,0,0,0,1,0,0,0,0,0,0,0,0
8466339,2012020645,2013-04-18,47,0,3,39,0,3,28,0,2,4,0,2,4,0,2,2,0,2,7,0,0,3,0,1,3,0,1
8467391,2012020039,2013-01-23,29,0,13,18,0,13,11,0,11,1,0,0,1,0,0,1,0,0,1,0,0,2,0,2,2,0,2
8467391,2012020049,2013-01-24,50,1,16,36,1,12,25,1,8,3,0,1,3,0,1,3,0,1,1,0,1,9,0,2,9,0,2
8467391,2012020062,2013-01-26,44,1,10,37,1,3,28,1,2,4,0,0,4,0,0,2,0,0,2,0,0,3,0,0,3,0,0
8467391,2012020152,2013-02-07,12,0,7,10,0,5,7,0,4,0,0,0,0,0,0,0,0,0,1,0,1,0,0,0,0,0,0
8467391,2012020297,2013-02-28,6,0,4,3,0,3,1,0,3,0,0,0,0,0,0,0,0,0,1,0,0,0,0,1,0,0,1
8467391,2012020338,2013-03-06,38,1,3,26,1,3,20,1,2,1,0,0,1,0,0,1,0,0,3,0,0,0,0,2,2,0,1
8467391,2012020428,2013-03-18,12,0,4,9,0,2,5,0,2,0,0,0,0,0,0,0,0,0,2,0,2,0,0,1,0,0,1
8467391,2012020450,2013-03-21,16,0,0,16,0,0,15,0,0,1,0,0,1,0,0,1,0,0,0,0,0,2,0,0,2,0,0
8467391,2012020477,2013-03-25,49,0,13,40,0,12,28,0,7,1,0,2,1,0,2,1,0,2,0,0,0,8,0,0,8,0,0
8467391,2012020489,2013-03-27,57,0,10,44,0,10,32,0,5,4,0,0,3,0,0,3,0,0,1,0,0,5,0,0,5,0,0
8467391,2012020498,2013-03-28,48,0,11,43,0,8,32,0,6,4,0,0,4,0,0,4,0,0,5,0,0,1,0,0,1,0,0
8467391,2012020516,2013-03-30,75,0,11,53,0,6,30,0,4,1,0,1,1,0,1,1,0,1,9,0,0,8,0,0,8,0,0
8467391,2012020537,2013-04-02,55,1,9,45,1,6,35,1,4,1,0,0,0,0,0,0,0,0,3,0,0,4,0,0,4,0,0
8467391,2012020631,2013-04-15,56,0,9,44,0,9,33,0,8,3,0,1,2,0,1,2,0,1,3,0,0,8,0,2,8,0,2
8467391,2012020719,2013-04-27,69,0,3,54,0,3,43,0,3,2,0,1,2,0,1,1,0,1,5,0,0,6,0,0,6,0,0
8467950,2012020002,2013-01-19,50,0,8,38,0,6,22,0,6,0,0,1,0,0,1,0,0,1,0,0,0,2,0,0,2,0,0
8467950,2012020024,2013-01-21,43,3,4,30,3,4,25,2,4,0,0,0,0,0,0,0,0,0,3,1,0,1,0,1,1,0,1
8467950,2012020044,2013-01-24,41,0,9,27,0,8,18,0,8,0,0,1,0,0,1,0,0,1,1,0,0,0,0,0,0,0,0
8467950,2012020066,2013-01-27,44,1,11,33,1,8,26,1,7,1,0,0,1,0,0,0,0,0,4,0,1,1,0,1,1,0,1
8467950,2012020082,2013-01-29,41,0,7,33,0,6,29,0,4,2,0,0,2,0,0,2,0,0,0,0,0,1,0,1,1,0,1
8467950,2012020088,2013-01-30,48,2,13,31,2,11,23,1,8,0,0,1,0,0,1,0,0,1,4,0,0,5,0,2,5,0,2
8467950,2012020102,2013-02-01,40,5,9,33,5,6,25,4,6,1,0,0,1,0,0,1,0,0,5,1,0,7,1,0,7,1,0
8467950,2012020120,2013-02-03,45,0,15,35,0,13,23,0,9,2,0,0,2,0,0,2,0,0,4,0,0,3,0,1,3,0,1
8467950,2012020132,2013-02-05,37,0,15,26,0,11,18,0,5,3,0,0,3,0,0,3,0,0,0,0,1,4,0,1,4,0,1
8467950,2012020147,2013-02-07,39,4,11,29,0,8,22,0,4,2,0,1,2,0,1,2,0,1,4,0,2,5,0,2,5,0,2
8467950,2012020180,2013-02-12,44,2,13,38,2,12,29,2,11,0,0,0,0,0,0,0,0,0,4,0,0,3,0,1,3,0,1
8467950,2012020188,2013-02-13,37,0,12,30,0,8,25,0,5,3,0,1,3,0,1,3,0,1,1,0,0,4,0,0,4,0,0
8467950,2012020205,2013-02-16,42,0,7,34,0,5,23,0,5,2,0,0,2,0,0,2,0,0,1,0,0,0,0,0,0,0,0
8467950,2012020228,2013-02-19,55,0,11,45,0,6,34,0,4,1,0,0,1,0,0,1,0,0,7,0,0,3,0,0,3,0,0
8467950,2012020242,2013-02-21,26,0,11,20,0,7,16,0,5,0,0,0,0,0,0,0,0,0,1,0,0,0,0,0,0,0,0
8467950,2012020571,2013-04-07,29,0,3,22,0,3,15,0,2,1,0,1,1,0,1,1,0,1,1,0,0,0,0,0,0,0,0
8467950,2012020586,2013-04-09,27,0,11,22,0,11,16,0,8,1,0,2,1,0,2,1,0,2,1,0,0,1,0,2,1,0,2
8467950,2012020605,2013-04-12,48,1,9,39,1,8,25,1,7,0,0,0,0,0,0,0,0,0,1,0,0,1,0,0,1,0,0
8467950,2012020634,2013-04-16,50,3,7,35,1,5,29,1,4,1,0,1,1,0,1,0,0,1,1,0,1,4,0,0,4,0,0
8467950,2012020647,2013-04-18,32,0,8,23,0,7,15,0,4,1,0,0,1,0,0,1,0,0,2,0,0,0,0,0,0,0,0
8467950,2012020663,2013-04-20,32,1,5,25,1,3,18,1,3,3,0,1,2,0,1,1,0,1,2,0,0,1,0,2,1,0,2
8467950,2012020677,2013-04-22,18,1,17,15,1,16,11,1,12,3,0,0,3,0,0,2,0,0,3,0,1,0,0,1,0,0,1
8467950,2012020695,2013-04-25,34,3,6,25,3,4,16,2,2,1,0,0,1,0,0,1,0,0,2,0,0,1,1,0,1,1,0
8467950,2012020709,2013-04-27,42,1,1,33,1,1,25,0,0,2,0,0,2,0,0,1,0,0,3,1,0,2,0,0,2,0,0
8467950,2012030121,2013-05-02,54,5,21,42,4,15,34,4,12,1,0,1,1,0,1,1,0,1,6,0,1,4,0,2,4,0,2
8467950,2012030122,2013-05-03,48,4,7,38,4,5,26,3,5,3,0,0,2,0,0,2,0,0,3,0,0,3,1,2,3,1,2
8467950,2012030123,2013-05-05,36,1,17,30,1,12,26,1,7,0,0,1,0,0,1,0,0,1,5,0,1,3,0,2,3,0,2
8467950,2012030124,2013-05-07,58,0,3,37,0,3,26,0,2,2,0,0,2,0,0,2,0,0,5,0,0,7,0,0,7,0,0
8467950,2012030125,2013-05-09,42,3,14,34,2,12,24,1,9,0,0,1,0,0,1,0,0,1,3,1,0,4,1,1,4,1,1
8467950,2012030211,2013-05-14,40,2,6,35,2,5,24,2,4,1,1,2,1,1,2,1,0,2,3,0,1,2,0,1,2,0,1
8467950,2012030212,2013-05-17,22,0,9,19,0,9,13,0,8,2,0,1,2,0,1,2,0,1,0,0,0,0,0,0,0,0,0
8467950,2012030213,2013-05-19,67,0,20,51,0,15,38,0,12,1,0,0,1,0,0,0,0,0,6,0,1,2,0,0,2,0,0
8467950,2012030214,2013-05-22,50,1,7,41,1,5,33,1,4,4,1,1,3,1,1,2,0,1,6,0,0,4,0,1,4,0,1
8467950,2012030215,2013-05-24,40,0,15,31,0,14,22,0,11,5,0,1,4,0,1,3,0,1,3,0,0,1,0,3,1,0,3
8468011,2012020014,2013-01-20,31,0,13,28,0,7,23,0,6,1,0,1,1,0,1,1,0,1,2,0,0,1,0,1,1,0,1
8468011,2012020023,2013-01-21,52,0,21,35,0,20,19,0,16,0,0,1,0,0,1,0,0,1,1,0,0,2,0,1,2,0,1
8468011,2012020051,2013-01-25,47,0,8,43,0,8,34,0,7,1,0,1,1,0,1,0,0,0,1,0,0,1,0,0,1,0,0
8468011,2012020065,2013-01-27,37,1,9,29,1,8,22,1,7,2,0,1,2,0,1,2,0,1,4,0,0,2,0,2,2,0,2
8468011,2012020079,2013-01-29,37,1,11,27,0,8,21,0,3,4,0,0,4,0,0,3,0,0,3,0,2,3,0,1,3,0,1
8468011,2012020092,2013-01-31,70,0,11,48,0,9,34,0,8,4,0,0,4,0,0,2,0,0,2,0,1,5,0,0,5,0,0
8468011,2012020109,2013-02-02,35,0,11,26,0,9,15,0,6,3,0,1,3,0,1,2,0,1,2,0,1,3,0,1,3,0,1
8468011,2012020121,2013-02-03,45,0,6,34,0,6,27,0,6,3,0,1,3,0,1,1,0,1,1,0,0,4,0,0,4,0,0
8468011,2012020141,2013-02-07,41,1,11,33,1,8,25,1,6,3,0,1,3,0,1,3,0,1,2,0,0,1,0,0,1,0,0
8468011,2012020161,2013-02-09,72,1,9,53,1,5,38,1,4,2,0,0,2,0,0,2,0,0,3,0,0,3,0,0,3,0,0
8468011,2012020168,2013-02-10,56,2,11,40,2,7,32,1,5,1,0,1,1,0,1,0,0,1,5,0,0,2,0,0,2,0,0
8468011,2012020180,2013-02-12,38,3,23,27,3,15,22,2,7,1,1,0,1,1,0,1,0,0,5,0,0,4,0,1,4,0,1
8468011,2012020197,2013-02-15,54,1,6,43,1,4,29,0,3,1,0,1,1,0,1,1,0,1,4,0,0,2,0,1,2,0,1
8468011,2012020212,2013-02-17,47,0,14,37,0,11,30,0,5,3,0,1,3,0,1,3,0,1,3,0,0,1,0,1,1,0,1
8468011,2012020226,2013-02-19,50,2,2,36,2,1,26,2,0,2,0,0,2,0,0,1,0,0,3,0,0,0,0,0,0,0,0
8468011,2012020237,2013-02-21,49,2,17,37,2,13,23,2,11,1,0,2,1,0,2,1,0,2,4,0,0,1,0,1,1,0,1
8468011,2012020254,2013-02-23,50,0,7,39,0,5,27,0,5,3,0,1,2,0,1,2,0,1,7,0,0,2,0,2,2,0,2
8468011,2012020279,2013-02-26,38,1,20,31,0,14,22,0,9,1,0,0,1,0,0,1,0,0,2,0,0,2,0,0,2,0,0
8468011,2012020292,2013-02-28,63,0,8,51,0,7,38,0,5,2,0,1,2,0,1,1,0,1,3,0,0,3,0,1,3,0,1
8468011,2012020304,2013-03-02,48,1,12,32,1,10,20,1,10,2,1,0,2,0,0,2,0,0,3,0,0,0,0,2,0,0,2
8468011,2012020317,2013-03-03,53,3,13,37,3,9,18,3,7,0,0,2,0,0,2,0,0,2,4,0,0,1,0,0,1,0,0
8468011,2012020327,2013-03-05,54,1,8,35,1,6,21,1,6,3,0,1,3,0,1,3,0,1,2,0,0,7,0,3,7,0,3
8468011,2012020340,2013-03-07,8,0,0,5,0,0,4,0,0,0,0,0,0,0,0,0,0,0,0,0,0,0,0,0,0,0,0
8468011,2012020371,2013-03-10,35,3,17,24,3,11,17,2,9,0,1,2,0,1,2,0,0,1,0,0,0,4,0,2,4,0,2
8468011,2012020407,2013-03-16,57,0,9,43,0,5,31,0,3,3,0,1,3,0,1,2,0,1,3,0,0,4,0,1,4,0,1
8468011,2012020420,2013-03-17,45,1,11,29,1,8,18,1,6,4,0,1,4,0,1,3,0,1,3,1,0,3,0,1,3,0,1
8468011,2012020443,2013-03-21,45,2,9,38,2,8,25,2,7,2,0,2,2,0,2,2,0,2,3,0,1,2,0,0,2,0,0
8468011,2012020460,2013-03-23,77,1,7,51,0,3,36,0,3,0,0,1,0,0,1,0,0,0,8,0,1,5,0,0,5,0,0
8468011,2012020484,2013-03-26,26,0,17,24,0,10,17,0,8,1,0,1,1,0,1,1,0,1,0,0,1,1,0,0,1,0,0
8468011,2012020496,2013-03-28,47,0,13,41,0,11,32,0,8,2,0,2,2,0,2,1,0,2,2,0,0,3,0,0,3,0,0
8468011,2012020519,2013-03-31,56,4,0,43,4,0,28,3,0,2,0,0,2,0,0,2,0,0,5,0,0,3,0,0,3,0,0
8468011,2012020534,2013-04-02,35,1,10,20,1,8,14,1,5,0,0,1,0,0,1,0,0,1,0,0,0,1,0,0,1,0,0
8468011,2012020553,2013-04-05,51,0,10,40,0,6,32,0,5,2,0,0,2,0,0,2,0,0,6,0,0,2,0,0,2,0,0
8468011,2012020575,2013-04-07,48,2,15,33,2,12,27,2,10,0,1,1,0,1,1,0,0,0,3,1,1,1,0,2,1,0,2
8468011,2012020587,2013-04-09,50,1,6,36,1,4,25,1,3,3,0,0,3,0,0,0,0,0,6,0,0,2,0,1,2,0,1
8468011,2012020597,2013-04-11,40,0,9,33,0,6,27,0,5,3,0,1,3,0,1,2,0,1,4,0,0,5,0,1,5,0,1
8468011,2012020641,2013-04-17,65,6,2,53,6,1,37,6,0,2,0,0,2,0,0,1,0,0,4,0,0,6,1,0,6,1,0
8468011,2012020655,2013-04-19,21,0,0,15,0,0,14,0,0,4,0,0,3,0,0,2,0,0,2,0,0,0,0,0,0,0,0
8468011,2012020664,2013-04-23,64,0,11,45,0,8,37,0,5,1,0,1,1,0,1,1,0,1,0,0,0,3,0,0,3,0,0
8468011,2012020704,2013-04-26,39,1,10,33,1,7,24,1,6,1,0,0,1,0,0,0,0,0,1,0,0,0,0,0,0,0,0
8468038,2012020068,2013-01-27,31,1,8,25,1,6,21,0,5,3,0,2,3,0,2,3,0,2,5,0,0,1,0,0,1,0,0
8468481,2012020050,2013-01-25,50,2,6,33,2,5,23,1,3,4,0,0,4,0,0,4,0,0,3,1,0,1,0,1,1,0,1
8468481,2012020173,2013-02-11,50,0,8,35,0,5,25,0,5,5,0,0,5,0,0,3,0,0,4,0,1,2,0,0,2,0,0
8468481,2012020228,2013-02-19,41,2,10,30,1,10,18,0,8,2,0,1,2,0,1,1,0,1,4,0,1,4,0,1,4,0,1
8468524,2012020001,2013-01-19,44,0,7,35,0,5,23,0,3,1,0,1,1,0,1,0,0,1,4,0,1,3,0,0,3,0,0
8468524,2012020014,2013-01-20,45,1,14,33,1,12,28,1,11,1,0,3,1,0,3,1,0,3,1,0,0,1,0,0,1,0,0
8468524,2012020030,2013-01-22,26,4,11,21,3,9,15,3,8,2,0,1,1,0,1,1,0,1,2,0,0,3,0,1,3,0,1
8468524,2012020041,2013-01-24,37,0,11,21,0,7,14,0,5,0,0,1,0,0,1,0,0,0,2,0,1,4,0,2,4,0,2
8468524,2012020060,2013-01-26,56,1,3,46,1,3,28,1,2,1,0,0,1,0,0,0,0,0,1,0,1,2,0,0,2,0,0
8468524,2012020080,2013-01-29,42,3,5,29,3,3,22,3,3,1,0,1,1,0,1,0,0,1,6,0,0,1,0,1,1,0,1
8468524,2012020101,2013-02-01,34,0,9,25,0,8,19,0,7,3,0,0,2,0,0,1,0,0,5,0,0,0,0,1,0,0,1
8468524,2012020112,2013-02-02,67,4,20,46,3,10,30,3,9,2,0,1,2,0,1,0,0,1,7,0,0,5,1,1,5,1,1
8468524,2012020133,2013-02-05,45,0,8,31,0,4,20,0,2,1,0,0,1,0,0,1,0,0,6,0,1,5,0,1,5,0,1
8468524,2012020144,2013-02-07,39,2,5,28,2,4,20,1,3,1,0,1,1,0,1,1,0,1,3,0,0,1,0,0,1,0,0
8468524,2012020156,2013-02-09,60,0,5,41,0,4,31,0,2,3,0,0,3,0,0,3,0,0,2,0,0,9,0,0,9,0,0
8468524,2012020172,2013-02-11,31,0,5,20,0,4,11,0,3,4,0,0,4,0,0,4,0,0,4,0,0,2,0,0,2,0,0
8468524,2012020183,2013-02-12,47,1,6,35,1,6,22,1,3,2,0,0,2,0,0,1,0,0,6,0,1,0,0,0,0,0,0
8468524,2012020198,2013-02-15,36,0,2,28,0,1,17,0,1,4,0,0,4,0,0,4,0,0,2,0,0,4,0,0,4,0,0
8468524,2012020220,2013-02-18,39,1,12,24,1,4,17,1,1,0,0,0,0,0,0,0,0,0,2,1,0,1,0,1,1,0,1
8468524,2012020234,2013-02-20,40,0,20,31,0,14,22,0,10,3,0,2,3,0,2,2,0,2,3,0,0,2,0,1,2,0,1
8468524,2012020238,2013-02-21,24,0,3,17,0,2,13,0,2,3,0,1,2,0,1,1,0,1,4,0,0,0,0,0,1,0,0
8468524,2012020251,2013-02-23,52,1,13,38,1,10,29,1,7,3,0,0,3,0,0,2,0,0,2,0,2,4,0,0,4,0,0
8468524,2012020270,2013-02-25,44,1,5,30,1,3,20,0,1,3,0,0,3,0,0,3,0,0,4,0,0,1,0,0,1,0,0
8468524,2012020285,2013-02-27,40,4,8,25,1,5,19,0,5,1,0,0,1,0,0,1,0,0,3,0,0,5,0,0,5,0,0
8468524,2012020302,2013-03-02,50,1,15,40,1,10,25,1,8,1,0,0,1,0,0,0,0,0,5,0,1,1,0,0,1,0,0
8468524,2012020329,2013-03-05,40,1,6,30,0,4,16,0,4,3,0,1,3,0,1,1,0,1,3,0,0,1,0,0,1,0,0
8468524,2012020342,2013-03-07,32,1,5,19,1,5,11,0,5,3,0,1,3,0,1,2,0,1,0,0,1,2,0,1,2,0,1
8468524,2012020355,2013-03-09,66,0,3,41,0,3,25,0,3,2,0,1,2,0,1,2,0,1,4,0,0,2,0,0,2,0,0
8468524,2012020371,2013-03-10,37,4,0,22,4,0,17,3,0,1,1,0,1,1,0,1,0,0,0,0,0,4,0,0,4,0,0
8468524,2012020389,2013-03-13,42,2,13,32,1,9,24,1,7,3,1,1,3,1,1,2,0,1,5,1,0,3,0,0,3,0,0
8468524,2012020402,2013-03-15,38,2,20,29,1,14,21,1,6,1,0,0,1,0,0,1,0,0,4,0,0,1,0,2,1,0,2
8468524,2012020423,2013-03-18,48,0,7,38,0,4,24,0,2,3,0,0,3,0,0,3,0,0,4,0,1,2,0,0,2,0,0
8468524,2012020466,2013-03-24,60,0,10,44,0,7,29,0,6,1,0,1,1,0,1,1,0,1,3,0,0,1,0,1,1,0,1
8468524,2012020483,2013-03-26,57,0,4,40,0,3,29,0,2,4,0,1,4,0,1,3,0,1,7,0,0,2,0,0,2,0,0
8468524,2012020493,2013-03-28,61,0,17,40,0,12,30,0,6,3,0,0,3,0,0,3,0,0,3,0,0,4,0,1,4,0,1
8468524,2012020506,2013-03-30,62,0,5,45,0,2,33,0,1,1,0,0,1,0,0,1,0,0,7,0,0,5,0,0,5,0,0
8468524,2012020521,2013-03-31,50,2,15,35,1,13,20,1,8,2,0,2,2,0,1,1,0,1,3,0,1,2,0,1,2,0,1
8468524,2012020539,2013-04-03,35,0,7,24,0,5,15,0,2,3,0,0,3,0,0,3,0,0,5,0,0,2,0,0,2,0,0
8468524,2012020544,2013-04-04,62,0,2,44,0,2,27,0,1,3,0,0,3,0,0,3,0,0,6,0,0,2,0,0,2,0,0
8468524,2012020559,2013-04-06,41,0,2,28,0,1,15,0,1,4,0,0,4,0,0,4,0,0,1,0,0,2,0,0,2,0,0
8468524,2012020598,2013-04-11,56,0,15,42,0,10,25,0,8,1,0,1,1,0,1,0,0,0,3,0,0,4,0,0,4,0,0
8468524,2012020626,2013-04-15,40,10,12,30,5,9,19,3,6,1,0,2,1,0,2,1,0,2,1,0,0,2,0,1,2,0,1
8468524,2012020648,2013-04-18,48,2,10,34,2,7,24,1,5,2,0,0,2,0,0,0,0,0,3,1,0,2,0,0,2,0,0
8468524,2012020694,2013-04-25,47,1,2,31,1,2,20,1,1,1,0,0,1,0,0,0,0,0,4,0,0,2,0,0,2,0,0
8468540,2012020008,2013-01-19,16,0,6,10,0,5,9,0,4,1,0,0,1,0,0,1,0,0,1,0,0,0,0,0,0,0,0
8468540,2012020051,2013-01-25,42,2,10,35,2,10,30,2,9,0,0,1,0,0,1,0,0,1,3,0,0,0,0,0,0,0,0
8468540,2012020102,2013-02-01,52,3,12,38,2,8,27,1,5,0,0,0,0,0,0,0,0,0,0,0,0,4,0,2,4,0,2
8468540,2012020112,2013-02-02,16,0,5,13,0,4,8,0,4,2,0,2,2,0,2,1,0,2,0,0,0,1,0,1,1,0,1
8468540,2012020192,2013-02-14,40,1,10,30,0,5,18,0,5,0,0,1,0,0,1,0,0,1,6,0,0,0,0,2,0,0,2
8468540,2012020257,2013-02-23,54,0,7,43,0,6,34,0,5,5,0,0,4,0,0,4,0,0,1,0,0,6,0,1,6,0,1
8468540,2012020315,2013-03-03,24,0,5,20,0,4,18,0,3,2,0,0,2,0,0,1,0,0,0,0,1,2,0,0,2,0,0
8468540,2012020360,2013-03-09,53,1,7,38,1,6,27,1,6,2,1,0,2,0,0,2,0,0,4,0,0,4,0,1,4,0,1
8468540,2012020393,2013-03-14,38,0,6,28,0,5,21,0,4,2,0,1,2,0,1,2,0,1,5,0,0,0,0,0,0,0,0
8468540,2012020422,2013-03-18,69,2,4,54,2,3,32,1,3,1,0,0,1,0,0,1,0,0,2,0,0,1,0,0,1,0,0
8468540,2012020431,2013-03-19,57,4,11,47,4,10,34,2,7,1,0,2,1,0,2,0,0,2,4,1,0,6,0,1,6,0,1
8468540,2012020446,2013-03-21,43,0,6,27,0,4,20,0,3,2,0,2,2,0,1,2,0,1,3,0,0,4,0,0,4,0,0
8468540,2012020533,2013-04-02,15,0,2,7,0,1,6,0,1,2,0,1,2,0,1,1,0,1,2,0,0,1,0,0,1,0,0
8468540,2012020546,2013-04-04,49,0,6,39,0,5,28,0,2,5,0,0,5,0,0,4,0,0,2,0,1,5,0,1,5,0,1
8468540,2012020565,2013-04-06,31,1,15,27,1,12,19,1,10,1,0,2,1,0,2,1,0,2,2,0,0,3,0,1,3,0,1
8468540,2012020577,2013-04-08,44,0,8,34,0,7,28,0,4,4,0,0,4,0,0,4,0,0,1,0,0,1,0,0,1,0,0
8468540,2012020669,2013-04-21,53,2,8,45,2,6,31,0,6,1,0,1,1,0,1,0,0,1,2,0,0,1,0,1,1,0,1
8468540,2012020683,2013-04-23,73,1,3,61,1,2,38,1,0,3,0,0,3,0,0,3,0,0,7,0,0,7,0,0,7,0,0
8468540,2012020696,2013-04-25,58,1,9,42,0,7,33,0,5,3,0,1,3,0,1,3,0,1,4,0,0,4,0,0,4,0,0
8468685,2012020004,2013-01-19,35,3,14,27,3,12,23,2,9,3,0,0,3,0,0,1,0,0,2,0,0,1,0,0,1,0,0
8468685,2012020015,2013-01-20,26,0,4,19,0,3,15,0,3,2,0,2,2,0,2,1,0,2,0,0,0,3,0,0,3,0,0
8468685,2012020037,2013-01-23,50,6,9,31,5,4,23,3,3,2,0,1,2,0,1,1,0,1,1,0,0,5,0,0,5,0,0
8468685,2012020041,2013-01-24,52,2,10,40,2,7,26,1,6,1,0,1,1,0,1,1,0,1,3,0,1,5,0,3,5,0,3
8468685,2012020058,2013-01-26,30,1,8,21,1,4,14,1,2,1,0,1,1,0,1,1,0,1,3,0,0,0,0,1,0,0,1
8468685,2012020080,2013-01-29,39,0,10,28,0,8,20,0,7,0,0,1,0,0,1,0,0,1,1,0,1,1,0,0,1,0,0
8468685,2012020095,2013-01-31,35,0,19,28,0,13,19,0,10,2,0,1,2,0,1,2,0,1,2,0,0,3,0,0,3,0,0
8468685,2012020128,2013-02-05,28,3,7,23,2,6,15,2,5,2,0,1,2,0,1,2,0,1,0,0,0,1,0,1,1,0,1
8468685,2012020143,2013-02-07,40,3,13,27,3,9,20,3,5,1,0,0,1,0,0,1,0,0,5,0,0,1,0,0,1,0,0
8468685,2012020169,2013-02-10,31,1,5,25,1,3,17,1,2,1,0,0,1,0,0,1,0,0,3,0,0,0,0,0,0,0,0
8468685,2012020179,2013-02-12,58,2,14,35,2,12,30,2,8,3,0,0,3,0,0,3,0,0,3,0,0,3,0,1,3,0,1
8468685,2012020217,2013-02-17,36,0,15,28,0,11,19,0,9,1,0,0,1,0,0,1,0,0,2,0,1,3,0,1,3,0,1
8468685,2012020227,2013-02-19,46,0,1,26,0,1,16,0,1,2,0,0,2,0,0,2,0,0,2,0,0,0,0,0,0,0,0
8468685,2012020242,2013-02-21,54,4,7,40,4,4,30,3,4,0,1,1,0,1,1,0,0,1,4,0,0,3,0,3,3,0,3
8468685,2012020275,2013-02-26,40,0,10,30,0,6,27,0,5,4,0,0,4,0,0,4,0,0,2,0,0,4,0,0,4,0,0
8468685,2012020290,2013-02-28,38,2,7,26,1,7,19,1,5,1,0,0,1,0,0,1,0,0,4,0,1,3,0,0,3,0,0
8468685,2012020317,2013-03-03,33,2,19,22,2,15,16,2,12,1,1,0,1,1,0,0,0,0,3,0,0,1,0,2,1,0,2
8468685,2012020329,2013-03-05,45,1,6,28,1,4,20,1,4,0,0,2,0,0,2,0,0,2,3,0,0,2,0,1,2,0,1
8468685,2012020341,2013-03-07,52,4,0,34,3,0,26,3,0,1,0,0,1,0,0,1,0,0,2,0,0,1,0,0,1,0,0
8468685,2012020350,2013-03-08,72,0,5,52,0,2,37,0,2,2,0,1,2,0,1,2,0,1,7,0,0,3,0,0,3,0,0
8468685,2012020377,2013-03-12,39,0,11,27,0,9,20,0,2,3,0,0,3,0,0,3,0,0,3,0,0,2,0,0,2,0,0
8468685,2012020396,2013-03-14,58,0,3,40,0,3,29,0,3,1,0,1,1,0,1,1,0,1,4,0,1,4,0,1,4,0,1
8468685,2012020406,2013-03-16,54,1,11,40,1,7,23,0,4,2,0,1,2,0,1,2,0,1,1,0,0,0,0,0,0,0,0
8468685,2012020422,2013-03-18,63,0,2,44,0,1,29,0,1,1,0,0,1,0,0,1,0,0,4,0,0,0,0,1,0,0,1
8468685,2012020429,2013-03-19,48,0,12,35,0,10,22,0,9,1,0,1,1,0,1,0,0,1,1,0,1,0,0,1,0,0,1
8468685,2012020445,2013-03-21,35,1,4,29,1,4,19,1,3,1,0,1,1,0,1,1,0,1,1,1,1,1,0,0,1,0,0
8468685,2012020467,2013-03-24,57,2,6,37,1,4,20,1,3,1,0,1,1,0,1,1,0,1,3,0,0,3,0,1,3,0,1
8468685,2012020483,2013-03-26,55,5,3,36,4,3,28,4,2,1,0,1,1,0,1,1,0,1,3,0,0,5,0,1,5,0,1
8468685,2012020495,2013-03-28,45,3,6,29,3,6,22,2,4,1,0,1,1,0,1,1,0,1,0,0,0,2,0,1,2,0,1
8468685,2012020523,2013-04-01,54,0,16,35,0,10,21,0,7,2,0,0,2,0,0,1,0,0,3,0,1,2,0,0,2,0,0
8468685,2012020538,2013-04-03,39,0,6,31,0,5,24,0,3,1,0,0,1,0,0,1,0,0,2,0,0,2,0,0,2,0,0
8468685,2012020554,2013-04-05,39,1,4,25,1,3,23,1,3,1,0,0,1,0,0,1,0,0,3,0,0,2,0,0,2,0,0
8468685,2012020565,2013-04-06,75,3,11,57,3,7,43,1,5,1,0,0,1,0,0,1,0,0,4,0,0,12,0,0,11,0,1
8468685,2012020578,2013-04-08,49,0,5,33,0,5,24,0,4,3,0,1,3,0,1,3,0,1,7,0,0,5,0,0,5,0,0
8468685,2012020592,2013-04-10,42,0,1,36,0,1,25,0,0,2,0,0,1,0,0,0,0,0,0,0,0,2,0,0,2,0,0
8468685,2012020613,2013-04-13,61,1,4,42,0,3,28,0,1,0,0,0,0,0,0,0,0,0,2,0,0,0,0,0,0,0,0
8468685,2012020635,2013-04-16,36,4,6,22,4,6,13,3,5,2,0,1,2,0,1,2,0,0,1,1,0,4,0,0,4,0,0
8468685,2012020645,2013-04-18,50,2,5,38,2,5,29,2,4,1,0,0,1,0,0,1,0,0,0,0,0,0,0,1,0,0,1
8468685,2012020655,2013-04-19,45,1,10,30,1,8,22,0,6,2,0,2,1,0,2,0,0,2,2,0,0,0,0,1,0,0,1
8468685,2012020671,2013-04-21,51,2,2,37,2,2,25,1,1,1,0,0,1,0,0,1,0,0,2,1,0,2,0,0,2,0,0
8468685,2012020685,2013-04-23,31,1,4,18,0,3,13,0,2,1,0,1,1,0,1,1,0,1,1,0,0,1,0,0,1,0,0
8468685,2012020696,2013-04-25,43,3,7,29,2,2,19,0,2,2,0,1,2,0,1,0,0,1,3,0,0,1,0,0,1,0,0
8468685,2012020714,2013-04-27,39,4,8,22,3,5,12,3,5,0,0,0,0,0,0,0,0,0,2,0,0,0,0,0,0,0,0
8468685,2012030131,2013-05-02,36,1,16,27,1,10,22,1,7,2,0,1,2,0,1,0,0,1,1,0,0,0,0,2,0,0,2
8468685,2012030132,2013-05-04,66,1,8,47,0,7,32,0,6,0,0,1,0,0,1,0,0,1,3,0,0,3,0,2,3,0,2
8468685,2012030133,2013-05-06,57,1,6,41,0,4,30,0,1,3,0,0,3,0,0,3,0,0,5,0,0,2,0,0,2,0,0
8468685,2012030134,2013-05-08,73,3,6,42,3,4,27,1,2,3,0,0,3,0,0,2,0,0,4,0,0,7,0,1,7,0,1
8468685,2012030135,2013-05-10,73,0,8,46,0,6,31,0,4,1,0,1,1,0,1,1,0,1,6,0,0,2,0,3,2,0,3
8468685,2012030136,2013-05-12,58,1,0,41,1,0,27,0,0,0,0,0,0,0,0,0,0,0,4,0,0,2,0,0,2,0,0
8468685,2012030137,2013-05-13,71,1,7,47,1,4,32,1,2,0,0,0,0,0,0,0,0,0,5,0,0,0,0,0,0,0,0
8468685,2012030221,2013-05-16,74,1,18,50,1,13,36,1,11,2,0,1,2,0,1,2,0,1,6,0,1,4,0,2,4,0,2
8468685,2012030222,2013-05-19,43,3,4,33,3,2,29,2,1,5,0,0,5,0,0,5,0,0,0,2,0,3,0,0,3,0,0
8468685,2012030223,2013-05-21,75,0,0,58,0,0,34,0,0,2,0,0,2,0,0,2,0,0,5,0,0,4,0,0,4,0,0
8468685,2012030224,2013-05-23,62,0,12,47,0,10,32,0,8,1,0,2,1,0,2,1,0,2,4,0,0,4,0,2,4,0,2
8468685,2012030225,2013-05-25,53,2,5,41,2,4,26,2,3,1,0,1,1,0,1,1,0,1,1,0,0,2,0,0,2,0,0
8469514,2012020088,2013-01-30,38,3,10,28,2,6,22,1,4,3,0,2,3,0,2,3,0,2,1,0,1,4,0,2,5,0,1
8469514,2012020141,2013-02-07,47,1,20,40,1,15,26,1,13,3,0,1,3,0,1,1,0,1,3,0,0,2,0,2,2,0,2
8469514,2012020206,2013-02-16,32,1,9,23,1,7,13,1,5,1,0,0,1,0,0,1,0,0,6,0,0,4,0,1,4,0,1
8469514,2012020222,2013-02-18,36,1,3,28,0,2,17,0,2,0,0,0,0,0,0,0,0,0,3,0,0,0,0,1,0,0,1
8469514,2012020316,2013-03-03,65,2,2,46,2,1,32,2,0,3,0,0,3,0,0,3,0,0,1,0,0,3,0,0,3,0,0
8469514,2012020367,2013-03-10,30,1,2,22,0,1,16,0,1,2,0,0,1,0,0,0,0,0,3,0,0,1,0,1,1,0,1
8469514,2012020488,2013-03-27,13,1,8,9,1,7,8,1,6,1,0,0,1,0,0,1,0,0,0,1,0,0,0,0,0,0,0
8469514,2012020547,2013-04-04,58,0,10,34,0,7,28,0,6,1,0,0,1,0,0,1,0,0,6,0,0,1,0,0,1,0,0
8469514,2012020597,2013-04-11,31,2,2,20,1,1,14,1,0,0,1,0,0,1,0,0,1,0,1,1,0,0,0,0,0,0,0
8469514,2012020612,2013-04-13,32,0,12,25,0,10,20,0,4,2,0,0,2,0,0,2,0,0,1,0,0,0,0,0,0,0,0
8469514,2012020626,2013-04-15,5,2,3,4,2,1,3,1,0,1,0,0,1,0,0,1,0,0,0,1,1,0,0,0,0,0,0
8469514,2012020640,2013-04-17,11,0,4,7,0,3,6,0,3,2,0,1,2,0,1,2,0,1,0,0,0,0,0,0,0,0,0
8469514,2012020708,2013-04-27,33,3,12,22,3,8,12,0,5,0,0,1,0,0,1,0,0,1,2,0,0,2,0,0,2,0,0
8469514,2012030124,2013-05-07,4,0,0,3,0,0,2,0,0,1,0,0,1,0,0,1,0,0,0,0,0,0,0,0,0,0,0
8469514,2012030125,2013-05-09,38,5,17,28,3,11,17,3,9,2,1,3,2,1,3,2,0,2,4,0,1,2,0,3,2,0,3
8469548,2012020019,2013-01-20,42,1,9,35,0,5,26,0,3,4,0,0,3,0,0,3,0,0,4,0,0,4,0,0,4,0,0
8469548,2012020116,2013-02-02,69,0,18,47,0,14,38,0,9,1,0,1,1,0,1,1,0,1,6,0,0,10,0,0,10,0,0
8469548,2012020152,2013-02-07,40,6,4,27,3,2,19,3,2,1,0,1,1,0,1,0,0,1,1,0,0,2,0,1,2,0,1
8469548,2012020201,2013-02-15,48,0,5,33,0,5,26,0,2,1,0,0,1,0,0,1,0,0,4,0,0,2,0,0,2,0,0
8469548,2012020213,2013-02-17,42,2,10,23,1,6,21,1,5,0,0,2,0,0,2,0,0,2,3,1,0,2,0,0,2,0,0
8469548,2012020232,2013-02-19,41,3,5,29,3,4,26,3,3,2,0,1,2,0,1,1,0,1,4,0,0,0,0,0,0,0,0
8469548,2012020249,2013-02-22,38,0,13,25,0,11,17,0,10,1,0,0,1,0,0,1,0,0,3,0,0,3,0,2,3,0,2
8469548,2012020273,2013-02-25,21,3,9,16,2,6,14,1,4,0,1,1,0,1,1,0,0,1,3,2,0,0,1,0,0,1,0
8469548,2012020294,2013-02-28,20,0,10,14,0,6,10,0,5,0,0,0,0,0,0,0,0,0,1,0,1,0,0,0,0,0,0
8469548,2012020300,2013-03-01,48,0,0,34,0,0,22,0,0,3,0,0,3,0,0,2,0,0,6,0,0,3,0,0,3,0,0
8469548,2012020336,2013-03-06,51,1,4,30,1,2,20,1,1,2,0,0,2,0,0,1,0,0,5,0,0,1,0,0,1,0,0
8469548,2012020353,2013-03-08,15,1,4,12,1,4,9,0,3,1,0,0,1,0,0,1,0,0,2,0,0,1,0,1,1,0,1
8469548,2012020370,2013-03-10,13,0,0,9,0,0,9,0,0,3,0,0,3,0,0,3,0,0,0,0,0,1,0,0,1,0,0
8469548,2012020425,2013-03-18,38,2,1,24,2,1,16,2,1,1,1,0,1,1,0,1,0,0,2,0,0,3,0,0,3,0,0
8469548,2012020486,2013-03-26,34,1,5,20,1,3,13,0,3,0,0,0,0,0,0,0,0,0,3,0,0,0,0,0,0,0,0
8469548,2012020503,2013-03-29,33,4,3,25,3,3,18,3,3,2,0,0,2,0,0,2,0,0,1,0,1,1,0,0,1,0,0
8469548,2012020560,2013-04-06,42,0,2,29,0,2,19,0,1,0,0,0,0,0,0,0,0,0,4,0,0,2,0,0,2,0,0
8469548,2012020574,2013-04-07,34,0,3,23,0,3,20,0,2,3,0,0,3,0,0,1,0,0,3,0,0,2,0,0,2,0,0
8469548,2012020589,2013-04-09,40,1,3,31,1,1,19,0,1,0,0,0,0,0,0,0,0,0,0,0,0,2,0,0,2,0,0
8469548,2012020627,2013-04-15,31,0,6,20,0,6,14,0,4,2,0,0,2,0,0,1,0,0,3,0,1,2,0,0,2,0,0
8469548,2012020692,2013-04-24,10,0,4,8,0,4,6,0,2,1,0,0,1,0,0,1,0,0,1,0,0,0,0,1,0,0,1
8469608,2012020011,2013-01-19,50,4,10,38,4,7,21,1,4,2,0,2,2,0,2,1,0,2,4,0,0,2,0,2,2,0,2
8469608,2012020019,2013-01-20,48,1,11,35,0,8,26,0,5,5,0,1,4,0,1,4,0,1,3,0,0,1,0,1,1,0,1
8469608,2012020039,2013-01-23,10,0,5,6,0,2,3,0,1,0,0,0,0,0,0,0,0,0,0,0,0,1,0,0,1,0,0
8469608,2012020105,2013-02-01,47,2,4,31,2,2,21,2,1,3,0,0,2,0,0,2,0,0,1,0,0,1,0,0,1,0,0
8469608,2012020115,2013-02-02,41,3,0,27,1,0,17,0,0,0,0,0,0,0,0,0,0,0,1,1,0,2,0,0,2,0,0
8469608,2012020125,2013-02-04,45,0,7,32,0,3,22,0,0,1,0,0,0,0,0,0,0,0,4,0,0,0,0,0,0,0,0
8469608,2012020152,2013-02-07,30,0,10,22,0,7,16,0,6,4,0,2,4,0,2,2,0,2,1,0,0,1,0,4,1,0,4
8469608,2012020159,2013-02-09,61,0,12,43,0,8,27,0,6,0,0,0,0,0,0,0,0,0,2,0,0,7,0,1,7,0,1
8469608,2012020176,2013-02-11,54,1,12,47,1,8,37,1,5,2,0,0,2,0,0,1,0,0,5,1,0,5,0,1,5,0,1
8469608,2012020195,2013-02-14,49,0,3,34,0,2,27,0,2,2,0,1,2,0,1,2,0,1,3,0,1,1,0,0,1,0,0
8469608,2012020210,2013-02-16,42,2,6,23,1,3,18,0,2,3,0,0,3,0,0,2,0,0,0,0,0,3,0,0,3,0,0
8469608,2012020224,2013-02-18,47,0,7,37,0,6,26,0,4,0,0,0,0,0,0,0,0,0,0,0,0,3,0,0,3,0,0
8469608,2012020252,2013-02-23,51,5,12,39,4,10,30,4,9,1,0,1,1,0,1,1,0,1,2,0,0,3,2,3,3,2,3
8469608,2012020268,2013-02-24,40,1,14,33,1,7,26,1,4,5,0,0,5,0,0,5,0,0,0,0,1,2,0,0,2,0,0
8469608,2012020282,2013-02-26,48,0,6,34,0,6,27,0,4,2,0,0,2,0,0,2,0,0,1,0,0,0,0,1,0,0,1
8469608,2012020297,2013-02-28,28,2,8,20,2,5,13,1,5,3,0,1,3,0,1,3,0,1,1,0,0,2,0,1,2,0,1
8469608,2012020308,2013-03-02,42,0,16,29,0,16,22,0,13,3,0,1,3,0,1,2,0,1,1,0,0,2,0,1,2,0,1
8469608,2012020322,2013-03-04,42,3,4,39,3,2,27,2,2,2,1,1,2,1,1,2,0,1,0,1,0,2,0,0,2,0,0
8469608,2012020348,2013-03-07,39,0,8,33,0,8,26,0,4,6,0,0,6,0,0,5,0,0,2,0,0,4,0,0,4,0,0
8469608,2012020363,2013-03-09,44,2,15,23,2,6,17,1,3,0,0,1,0,0,1,0,0,0,0,0,0,0,0,1,0,0,1
8469608,2012020387,2013-03-12,57,1,8,35,1,5,28,1,4,0,0,2,0,0,2,0,0,2,1,0,0,1,0,0,1,0,0
8469608,2012020397,2013-03-14,42,1,11,33,1,7,24,1,5,3,0,0,3,0,0,2,0,0,2,0,0,2,0,0,2,0,0
8469608,2012020412,2013-03-16,48,1,1,35,1,1,22,1,0,0,0,0,0,0,0,0,0,0,1,0,0,1,0,0,1,0,0
8469608,2012020428,2013-03-18,25,2,13,21,2,10,15,1,6,2,0,2,2,0,2,2,0,2,1,0,1,0,0,0,0,0,0
8469608,2012020437,2013-03-19,35,1,16,31,1,10,22,0,7,2,0,1,2,0,1,2,0,1,3,1,0,1,0,1,1,0,1
8469608,2012020450,2013-03-21,28,0,3,23,0,2,15,0,2,1,0,0,1,0,0,0,0,0,4,0,0,2,0,0,2,0,0
8469608,2012020567,2013-04-06,35,3,14,26,3,11,17,1,6,0,0,0,0,0,0,0,0,0,3,0,0,1,0,1,1,0,1
8469608,2012020580,2013-04-08,51,0,9,41,0,9,34,0,7,1,0,0,1,0,0,1,0,0,1,0,0,4,0,0,4,0,0
8469608,2012020594,2013-04-10,46,0,7,39,0,6,27,0,3,1,0,0,1,0,0,1,0,0,5,0,0,4,0,0,4,0,0
8469608,2012020609,2013-04-12,42,1,3,32,1,3,22,0,3,2,0,1,2,0,1,2,0,1,0,0,0,4,0,1,4,0,1
8469608,2012020666,2013-04-20,52,2,11,37,2,7,30,2,6,0,0,2,0,0,2,0,0,2,5,0,0,7,0,0,7,0,0
8469608,2012020678,2013-04-22,36,0,9,30,0,7,17,0,5,0,0,3,0,0,3,0,0,3,2,0,0,2,0,0,2,0,0
8469608,2012020693,2013-04-24,63,0,3,43,0,3,32,0,2,1,0,0,0,0,0,0,0,0,3,0,0,4,0,0,4,0,0
8469608,2012020707,2013-04-26,38,4,9,26,3,8,19,3,6,2,0,2,2,0,2,2,0,2,0,0,0,3,1,0,3,1,0
8469732,2012020202,2013-02-15,33,1,7,27,0,3,18,0,3,1,0,2,1,0,2,1,0,2,6,0,0,2,0,0,2,0,0
8469732,2012020215,2013-02-17,47,2,9,35,2,6,23,1,6,3,0,0,3,0,0,2,0,0,2,0,1,8,0,0,8,0,0
8469732,2012020236,2013-02-20,58,0,3,40,0,3,31,0,2,3,0,0,3,0,0,3,0,0,3,0,0,3,0,0,3,0,0
8469732,2012020261,2013-02-23,48,1,3,35,1,2,30,0,1,1,0,0,1,0,0,1,0,0,2,0,0,1,0,0,1,0,0
8469732,2012020268,2013-02-24,33,0,11,28,0,6,23,0,5,3,0,1,3,0,0,3,0,0,2,0,0,2,0,1,2,0,1
8469732,2012020281,2013-02-26,41,3,21,26,3,18,19,0,11,1,0,1,1,0,1,1,0,1,0,0,1,4,0,1,4,0,1
8469732,2012020296,2013-02-28,48,2,13,34,2,11,27,2,7,5,0,0,5,0,0,4,0,0,1,0,0,5,0,2,5,0,2
8469732,2012020364,2013-03-09,4,0,0,4,0,0,2,0,0,0,0,0,0,0,0,0,0,0,1,0,0,0,0,0,0,0,0
8469732,2012020376,2013-03-11,37,0,2,30,0,2,19,0,2,1,0,1,1,0,1,0,0,1,3,0,0,2,0,0,2,0,0
8469732,2012020424,2013-03-18,45,0,7,33,0,5,21,0,3,4,0,0,4,0,0,4,0,0,3,0,0,3,0,1,4,0,1
8469732,2012020490,2013-03-27,50,1,8,36,0,4,27,0,3,2,0,1,2,0,1,2,0,1,0,0,0,3,0,0,3,0,0
8469732,2012020505,2013-03-29,7,1,0,7,1,0,3,1,0,0,0,0,0,0,0,0,0,0,1,0,0,0,0,0,0,0,0
8469732,2012020529,2013-04-01,32,1,0,20,1,0,14,0,0,1,0,0,1,0,0,1,0,0,2,0,0,3,0,0,3,0,0
8469732,2012020540,2013-04-03,45,1,14,36,1,10,30,1,8,5,0,3,5,0,3,3,0,3,2,0,0,4,0,1,4,0,1
8469732,2012020579,2013-04-08,47,2,14,35,2,12,30,1,9,1,0,0,1,0,0,1,0,0,0,1,0,3,0,3,3,0,3
8469732,2012020609,2013-04-12,58,1,4,46,1,3,27,1,3,2,0,0,2,0,0,2,0,0,0,0,0,7,0,1,7,0,1
8469732,2012020619,2013-04-13,40,0,6,33,0,6,25,0,4,1,0,0,1,0,0,1,0,0,1,0,0,4,0,0,4,0,0
8469732,2012020630,2013-04-15,46,0,8,32,0,6,23,0,4,4,0,0,4,0,0,2,0,0,3,0,0,3,0,0,3,0,0
8469732,2012020670,2013-04-21,54,0,12,41,0,8,28,0,7,1,0,0,1,0,0,1,0,0,3,0,0,3,0,4,3,0,4
8469732,2012020701,2013-04-25,36,0,10,25,0,8,15,0,5,3,0,1,3,0,1,3,0,0,3,0,0,3,0,1,3,0,1
8469732,2012020706,2013-04-26,68,0,8,48,0,6,34,0,4,3,0,0,2,0,0,2,0,0,5,0,0,3,0,0,3,0,0
8470140,2012020011,2013-01-19,51,5,11,38,4,8,32,1,7,1,0,2,0,0,2,0,0,2,2,3,0,2,1,0,2,1,0
8470140,2012020031,2013-01-22,52,2,10,44,2,7,36,0,4,1,0,0,1,0,0,1,0,0,1,0,0,1,0,0,1,0,0
8470140,2012020046,2013-01-24,55,0,22,38,0,15,27,0,14,0,0,3,0,0,3,0,0,3,2,0,0,4,0,0,4,0,0
8470140,2012020061,2013-01-26,4,0,0,3,0,0,3,0,0,0,0,0,0,0,0,0,0,0,1,0,0,1,0,0,1,0,0
8470140,2012020074,2013-01-28,28,1,17,20,1,11,16,1,10,2,0,0,2,0,0,2,0,0,1,0,0,1,0,0,1,0,0
8470140,2012020085,2013-01-29,30,3,18,27,3,11,18,2,5,3,0,1,3,0,1,2,0,1,4,0,0,0,0,2,0,0,2
8470140,2012020105,2013-02-01,51,1,9,38,0,6,29,0,5,3,0,0,3,0,0,2,0,0,2,0,0,3,0,0,3,0,0
8470140,2012020124,2013-02-04,36,1,9,29,1,7,23,1,7,1,0,1,1,0,1,1,0,1,0,0,0,4,0,2,4,0,2
8470140,2012020140,2013-02-06,41,1,9,33,1,5,25,0,4,1,0,1,1,0,1,1,0,1,1,0,0,3,0,0,3,0,0
8470140,2012020153,2013-02-08,33,3,12,25,2,9,13,2,6,1,0,0,1,0,0,1,0,0,2,0,0,1,0,1,1,0,1
8470140,2012020186,2013-02-12,42,1,16,32,0,14,26,0,10,1,0,0,1,0,0,0,0,0,4,0,2,5,0,2,5,0,2
8470140,2012020203,2013-02-15,5,0,7,3,0,6,3,0,4,0,0,0,0,0,0,0,0,0,0,0,1,0,0,0,0,0,0
8470140,2012020295,2013-02-28,34,1,22,27,1,19,22,1,15,4,0,1,4,0,1,3,0,1,1,0,1,0,0,0,0,0,0
8470140,2012020314,2013-03-03,53,1,7,37,1,3,23,1,2,1,0,0,1,0,0,1,0,0,4,0,0,7,0,0,7,0,0
8470140,2012020349,2013-03-07,50,2,4,40,2,4,28,2,3,2,0,0,2,0,0,2,0,0,4,0,0,0,0,1,0,0,1
8470140,2012020363,2013-03-09,42,0,3,32,0,2,20,0,1,2,0,0,2,0,0,2,0,0,2,0,0,3,0,0,3,0,0
8470140,2012020385,2013-03-12,29,0,13,18,0,10,12,0,9,2,0,2,1,0,2,0,0,2,3,0,1,0,0,2,1,0,2
8470140,2012020399,2013-03-14,50,5,15,33,4,13,19,1,10,1,0,0,1,0,0,1,0,0,6,0,1,1,0,2,1,0,2
8470140,2012020415,2013-03-16,30,1,4,21,1,4,15,0,2,4,0,0,4,0,0,4,0,0,2,0,0,4,0,0,4,0,0
8470140,2012020424,2013-03-18,42,0,11,24,0,9,13,0,6,1,0,2,1,0,2,1,0,2,1,0,0,2,0,1,2,0,1
8470140,2012020440,2013-03-20,42,4,4,35,4,3,28,4,2,3,1,0,3,0,0,3,0,0,2,4,0,5,1,0,5,1,0
8470140,2012020451,2013-03-21,51,3,15,45,2,12,31,2,7,0,0,0,0,0,0,0,0,0,1,1,0,1,0,1,1,0,1
8470140,2012020463,2013-03-23,61,2,12,41,2,8,28,2,5,1,0,1,1,0,1,0,0,1,5,0,0,2,0,0,2,0,0
8470140,2012020476,2013-03-25,54,2,9,44,2,7,36,2,3,5,1,0,5,1,0,5,1,0,9,1,1,10,1,0,10,1,0
8470140,2012020504,2013-03-29,60,1,10,42,1,10,25,1,7,2,0,1,2,0,1,1,0,1,2,0,0,3,0,1,3,0,1
8470140,2012020520,2013-03-31,60,0,3,46,0,3,38,0,2,3,0,0,3,0,0,2,0,0,7,0,0,2,0,1,2,0,1
8470140,2012020528,2013-04-01,48,1,5,35,1,4,26,0,3,2,0,1,2,0,1,2,0,1,5,0,0,3,0,0,3,0,0
8470140,2012020541,2013-04-03,37,0,2,31,0,2,25,0,1,3,0,1,3,0,1,3,0,1,2,0,0,2,0,0,2,0,0
8470140,2012020557,2013-04-05,45,1,13,32,1,11,23,0,5,1,0,0,1,0,0,1,0,0,4,0,0,0,0,0,0,0,0
8470140,2012020570,2013-04-07,53,1,9,42,1,6,31,1,4,4,0,0,4,0,0,2,0,0,6,0,0,5,0,1,5,0,1
8470140,2012020590,2013-04-09,8,1,4,8,1,3,6,0,2,0,0,1,0,0,1,0,0,1,0,0,0,0,0,0,0,0,0
8470140,2012020651,2013-04-18,63,3,5,53,3,4,32,2,4,1,0,0,1,0,0,1,0,0,7,0,1,6,0,0,6,0,0
8470140,2012020656,2013-04-19,31,1,5,22,0,5,17,0,3,1,0,1,1,0,1,0,0,1,1,0,0,0,0,1,0,0,1
8470140,2012020675,2013-04-21,60,4,19,47,4,13,23,2,6,3,0,1,3,0,1,3,0,1,6,1,0,3,0,1,3,0,1
8470140,2012020689,2013-04-23,66,2,12,43,1,9,29,1,7,2,0,1,2,0,1,2,0,1,6,0,0,7,0,5,7,0,5
8470140,2012020702,2013-04-25,41,1,8,36,1,6,28,1,6,1,0,2,1,0,2,1,0,1,1,1,0,5,0,2,5,0,2
8470216,2012020017,2013-01-20,48,3,11,29,2,5,18,1,5,0,0,0,0,0,0,0,0,0,2,0,0,3,0,0,3,0,0
8470216,2012020054,2013-01-25,35,2,7,30,2,7,20,2,5,3,0,2,3,0,2,3,0,2,0,1,0,0,0,0,0,0,0
8470216,2012020089,2013-01-30,6,0,0,6,0,0,4,0,0,2,0,0,2,0,0,1,0,0,0,0,0,0,0,0,0,0,0
8470216,2012020151,2013-02-07,7,0,1,7,0,1,5,0,1,0,0,0,0,0,0,0,0,0,0,0,0,0,0,0,0,0,0
8470216,2012020705,2013-04-26,27,0,1,20,0,0,12,0,0,3,0,0,3,0,0,2,0,0,0,0,0,1,0,0,1,0,0
8470216,2012030151,2013-04-30,57,0,9,38,0,7,31,0,6,1,0,1,1,0,1,1,0,1,3,0,0,1,0,1,1,0,1
8470216,2012030152,2013-05-03,63,3,10,46,2,7,38,2,7,3,1,0,3,1,0,2,1,0,3,0,0,3,1,0,3,1,0
8470216,2012030153,2013-05-05,52,2,1,40,2,1,24,2,1,2,0,0,2,0,0,2,0,0,3,0,0,0,0,0,0,0,0
8470216,2012030154,2013-05-07,10,2,2,8,2,2,5,1,0,1,0,0,1,0,0,1,0,0,0,0,0,0,0,0,0,0,0
8470216,2012030155,2013-05-09,24,0,0,20,0,0,18,0,0,3,0,0,3,0,0,2,0,0,2,0,0,2,0,0,2,0,0
8470320,2012020008,2013-01-19,11,0,6,9,0,5,7,0,5,1,0,3,1,0,2,1,0,2,2,0,1,2,0,0,2,0,0
8470320,2012020028,2013-01-22,32,0,13,25,0,9,18,0,8,3,0,1,3,0,1,2,0,1,1,0,0,2,0,2,2,0,2
8470320,2012020043,2013-01-24,44,4,15,32,2,10,24,1,8,3,0,0,3,0,0,3,0,0,3,0,0,5,0,1,5,0,1
8470320,2012020073,2013-01-28,46,6,8,37,6,6,26,5,6,2,1,1,2,1,1,2,1,1,3,1,1,4,1,0,4,1,0
8470320,2012020112,2013-02-02,14,5,1,12,4,1,8,3,1,0,0,1,0,0,1,0,0,1,0,0,0,0,0,0,0,0,0
8470320,2012020123,2013-02-04,56,2,19,43,1,16,28,1,13,1,0,0,1,0,0,1,0,0,5,0,0,3,0,1,3,0,1
8470320,2012020147,2013-02-07,72,0,16,52,0,12,38,0,9,2,0,0,2,0,0,2,0,0,0,0,0,1,0,0,1,0,0
8470320,2012020156,2013-02-09,53,0,9,42,0,9,26,0,6,4,0,0,4,0,0,3,0,0,3,0,0,4,0,0,4,0,0
8470320,2012020173,2013-02-11,47,0,10,29,0,7,21,0,7,0,0,4,0,0,4,0,0,4,4,0,0,3,0,2,3,0,2
8470320,2012020178,2013-02-12,32,3,14,27,3,11,22,2,4,1,0,1,0,0,1,0,0,1,2,0,1,2,0,1,3,0,0
8470320,2012020222,2013-02-18,40,0,10,28,0,7,19,0,7,3,0,0,3,0,0,3,0,0,4,0,2,2,0,1,2,0,1
8470320,2012020240,2013-02-21,47,0,9,30,0,6,19,0,4,4,0,0,3,0,0,1,0,0,1,0,0,5,0,1,5,0,1
8470320,2012020265,2013-02-24,47,1,4,33,1,3,22,1,2,2,0,0,2,0,0,1,0,0,1,0,0,2,0,0,2,0,0
8470320,2012020276,2013-02-26,62,1,5,47,1,4,35,1,4,2,0,1,2,0,1,2,0,1,5,0,0,4,0,0,4,0,0
8470320,2012020291,2013-02-28,56,0,7,39,0,6,23,0,4,1,0,0,1,0,0,1,0,0,4,0,0,5,0,2,5,0,2
8470320,2012020307,2013-03-02,44,1,0,29,1,0,23,1,0,2,0,0,2,0,0,2,0,0,1,0,0,2,0,0,2,0,0
8470320,2012020315,2013-03-03,26,0,0,22,0,0,15,0,0,0,0,0,0,0,0,0,0,0,2,0,0,3,0,0,3,0,0
8470594,2012020001,2013-01-19,36,0,18,26,0,16,16,0,11,1,0,0,1,0,0,1,0,0,5,0,0,1,0,2,1,0,2
8470594,2012020036,2013-01-23,29,2,13,19,0,12,16,0,8,4,0,1,3,0,1,3,0,1,1,0,0,0,0,1,0,0,1
8470594,2012020066,2013-01-27,62,1,7,42,1,3,28,1,3,1,0,0,1,0,0,1,0,0,3,0,0,4,0,0,4,0,0
8470594,2012020083,2013-01-29,30,3,6,17,2,4,13,2,2,2,0,2,1,0,2,1,0,2,5,0,0,1,0,0,1,0,0
8470594,2012020108,2013-02-02,33,3,4,20,2,4,13,1,2,0,1,0,0,1,0,0,1,0,3,1,0,3,0,0,3,0,0
8470594,2012020129,2013-02-05,39,1,27,28,0,23,18,0,16,2,0,0,2,0,0,2,0,0,3,0,3,2,0,3,2,0,3
8470594,2012020145,2013-02-07,37,1,8,29,1,4,21,1,3,1,0,1,1,0,1,1,0,1,0,0,0,1,0,0,1,0,0
8470594,2012020155,2013-02-09,28,3,21,22,2,15,14,2,12,1,0,2,1,0,2,1,0,2,1,0,0,1,0,1,1,0,1
8470594,2012020188,2013-02-13,52,2,12,33,2,8,23,1,5,2,0,0,2,0,0,1,0,0,7,0,1,4,0,0,3,0,1
8470594,2012020199,2013-02-15,53,0,3,41,0,3,25,0,1,1,0,0,1,0,0,1,0,0,3,0,0,4,0,0,4,0,0
8470594,2012020212,2013-02-17,45,3,12,32,1,9,28,0,5,2,0,1,2,0,1,2,0,1,2,0,0,3,0,2,3,0,2
8470594,2012020247,2013-02-22,37,1,6,30,0,3,21,0,2,1,0,0,1,0,0,0,0,0,3,0,0,2,0,0,2,0,0
8470594,2012020267,2013-02-24,50,1,2,35,1,1,28,1,1,2,0,1,2,0,1,2,0,1,3,0,0,5,0,0,5,0,0
8470594,2012020280,2013-02-26,20,0,8,13,0,4,9,0,4,1,0,0,1,0,0,0,0,0,1,0,0,1,0,0,1,0,0
8470594,2012020291,2013-02-28,40,1,12,31,1,9,21,1,7,4,0,0,4,0,0,4,0,0,4,0,0,4,0,2,4,0,2
8470594,2012020321,2013-03-04,54,1,3,40,1,1,27,0,1,3,0,0,3,0,0,3,0,0,7,0,1,2,0,0,2,0,0
8470594,2012020342,2013-03-07,18,0,9,15,0,8,10,0,8,2,0,2,2,0,2,2,0,1,0,0,0,1,0,1,0,0,2
8470594,2012020359,2013-03-09,50,0,6,33,0,5,22,0,4,2,0,2,2,0,2,2,0,2,1,0,0,2,0,0,2,0,0
8470594,2012020380,2013-03-12,36,0,5,25,0,3,15,0,1,1,0,1,1,0,1,1,0,1,2,0,0,0,0,0,0,0,0
8470594,2012020392,2013-03-14,45,2,6,38,2,4,24,1,4,1,0,0,1,0,0,1,0,0,3,0,0,1,0,1,1,0,1
8470594,2012020406,2013-03-16,41,0,3,26,0,2,21,0,2,0,0,0,0,0,0,0,0,0,1,0,0,2,0,0,2,0,0
8470594,2012020434,2013-03-19,51,0,12,32,0,7,25,0,4,0,0,1,0,0,1,0,0,1,4,0,0,4,0,2,4,0,2
8470594,2012020466,2013-03-24,53,0,2,39,0,1,27,0,1,0,0,1,0,0,1,0,0,1,2,0,0,1,0,0,1,0,0
8470594,2012020480,2013-03-26,43,0,2,31,0,2,23,0,2,0,0,0,0,0,0,0,0,0,4,0,0,0,0,0,0,0,0
8470594,2012020534,2013-04-02,17,0,20,11,0,13,7,0,9,0,0,0,0,0,0,0,0,0,2,0,0,0,0,0,0,0,0
8470594,2012020538,2013-04-03,56,0,7,44,0,6,35,0,4,3,0,3,3,0,3,2,0,3,5,0,0,5,0,0,5,0,0
8470594,2012020554,2013-04-05,69,2,7,52,1,5,32,0,3,1,0,0,1,0,0,0,0,0,5,1,0,2,0,1,2,0,1
8470594,2012020583,2013-04-09,53,1,2,37,1,1,26,1,1,2,0,1,2,0,1,1,0,0,5,0,0,4,0,0,4,0,0
8470594,2012020616,2013-04-13,43,2,6,28,2,6,19,2,5,1,0,0,1,0,0,1,0,0,3,0,0,4,0,1,4,0,1
8470594,2012020640,2013-04-17,60,1,6,38,1,4,32,1,2,4,0,0,4,0,0,4,0,0,4,0,0,5,0,0,5,0,0
8470594,2012020664,2013-04-23,53,0,0,39,0,0,32,0,0,3,0,0,3,0,0,2,0,0,2,0,0,2,0,0,2,0,0
8470594,2012020697,2013-04-25,43,1,3,39,1,3,29,1,2,2,0,1,2,0,1,2,0,1,1,0,0,0,0,0,0,0,0
8470594,2012020710,2013-04-27,49,1,7,36,0,6,29,0,1,3,0,0,3,0,0,3,0,0,3,0,1,5,0,0,5,0,0
8470594,2012030111,2013-05-01,48,1,13,30,1,9,19,1,6,0,0,0,0,0,0,0,0,0,2,0,0,2,0,0,2,0,0
8470594,2012030112,2013-05-03,66,1,12,50,1,9,36,0,6,3,0,1,3,0,1,3,0,1,5,0,0,5,0,0,5,0,0
8470594,2012030113,2013-05-05,58,1,5,40,1,5,30,1,5,3,1,0,3,1,0,1,0,0,4,0,0,3,0,0,3,0,0
8470594,2012030114,2013-05-07,46,1,6,32,0,5,20,0,4,5,0,1,5,0,1,4,0,1,1,1,0,2,0,1,2,0,1
8470594,2012030312,2013-06-03,27,0,0,21,0,0,17,0,0,3,0,0,3,0,0,3,0,0,1,0,0,1,0,0,1,0,0
8470645,2012020003,2013-01-19,34,0,16,24,0,11,16,0,5,2,0,0,2,0,0,2,0,0,2,0,0,2,0,0,2,0,0
8470645,2012020033,2013-01-22,54,0,6,37,0,4,30,0,4,1,0,1,1,0,1,1,0,1,6,0,0,0,0,1,0,0,1
8470645,2012020046,2013-01-24,37,3,2,30,3,2,19,3,1,1,1,0,1,1,0,0,1,0,2,0,0,4,0,0,4,0,0
8470645,2012020059,2013-01-26,32,2,16,21,2,14,16,2,8,2,0,0,2,0,0,2,0,0,0,0,0,3,0,0,3,0,0
8470645,2012020069,2013-01-27,45,0,13,30,0,8,25,0,5,1,0,0,1,0,0,1,0,0,4,0,1,3,0,0,3,0,0
8470645,2012020089,2013-01-30,39,1,8,30,1,7,22,1,2,2,0,0,2,0,0,1,0,0,2,0,0,3,0,0,3,0,0
8470645,2012020106,2013-02-01,28,2,12,21,2,8,14,2,6,1,0,0,1,0,0,1,0,0,1,0,0,2,0,0,2,0,0
8470645,2012020137,2013-02-05,51,0,4,41,0,3,32,0,1,3,0,0,3,0,0,3,0,0,3,0,0,3,0,0,3,0,0
8470645,2012020171,2013-02-10,41,0,0,27,0,0,17,0,0,0,0,0,0,0,0,0,0,0,4,0,0,1,0,0,1,0,0
8470645,2012020185,2013-02-12,34,2,16,22,2,14,19,2,10,1,0,1,1,0,1,1,0,1,4,0,1,0,1,0,0,1,0
8470645,2012020266,2013-02-24,30,0,20,21,0,13,18,0,10,0,0,0,0,0,0,0,0,0,2,0,1,2,0,0,2,0,0
8470645,2012020294,2013-02-28,8,0,1,7,0,1,5,0,1,0,0,0,0,0,0,0,0,0,0,0,0,0,0,0,0,0,0
8470645,2012020311,2013-03-03,36,2,15,29,2,10,25,0,8,1,0,0,1,0,0,1,0,0,0,0,3,0,0,3,0,0,3
8470645,2012020332,2013-03-05,33,1,4,28,0,4,20,0,3,2,0,1,2,0,1,2,0,1,2,0,0,2,0,0,2,0,0
8470645,2012020353,2013-03-08,26,0,8,18,0,6,15,0,4,3,0,2,3,0,2,2,0,2,1,0,0,2,0,0,2,0,0
8470645,2012020370,2013-03-10,19,0,11,15,0,8,11,0,5,0,0,3,0,0,3,0,0,3,6,0,1,0,0,0,0,0,0
8470645,2012020394,2013-03-14,52,1,5,39,1,3,27,0,3,0,0,1,0,0,1,0,0,1,2,0,0,1,0,0,1,0,0
8470645,2012020415,2013-03-16,32,1,3,23,1,2,16,1,2,0,0,1,0,0,1,0,0,1,2,0,0,2,0,0,2,0,0
8470645,2012020442,2013-03-20,47,1,1,37,1,0,24,1,0,3,0,0,3,0,0,2,0,0,4,0,0,2,0,0,2,0,0
8470645,2012020474,2013-03-25,42,3,5,37,3,2,31,3,2,4,1,0,3,1,0,2,1,0,5,0,0,3,0,0,3,0,0
8470645,2012020517,2013-03-31,54,0,8,43,0,7,29,0,5,1,0,0,1,0,0,1,0,0,3,0,0,2,0,0,2,0,0
8470645,2012020527,2013-04-01,43,0,1,31,0,0,27,0,0,2,0,0,2,0,0,2,0,0,2,0,0,0,0,0,0,0,0
8470645,2012020549,2013-04-04,36,0,0,27,0,0,22,0,0,3,0,0,3,0,0,2,0,0,6,0,0,2,0,0,2,0,0
8470645,2012020608,2013-04-12,42,0,16,30,0,11,22,0,7,1,0,1,1,0,1,1,0,1,7,0,0,2,0,1,2,0,1
8470645,2012020621,2013-04-14,42,2,7,34,1,6,24,1,5,0,0,0,0,0,0,0,0,0,1,0,0,3,0,2,3,0,2
8470645,2012020657,2013-04-19,31,0,9,26,0,6,24,0,3,4,0,0,4,0,0,3,0,0,2,0,0,4,0,1,4,0,1
8470645,2012020666,2013-04-20,42,0,12,30,0,7,25,0,6,2,0,0,2,0,0,0,0,0,5,0,0,2,0,0,2,0,0
8470645,2012020680,2013-04-22,45,0,19,33,0,8,26,0,6,2,0,1,2,0,1,1,0,1,1,0,1,3,0,3,4,0,2
8470645,2012020692,2013-04-24,27,0,6,19,0,3,11,0,3,0,0,0,0,0,0,0,0,0,0,0,0,1,0,0,1,0,0
8470645,2012020706,2013-04-26,36,4,0,27,3,0,24,2,0,0,1,0,0,1,0,0,1,0,7,0,0,4,0,0,4,0,0
8470645,2012030151,2013-04-30,34,1,12,29,1,7,20,1,6,1,0,0,1,0,0,0,0,0,3,0,2,1,0,0,1,0,0
8470645,2012030152,2013-05-03,33,0,11,25,0,8,21,0,7,2,0,0,2,0,0,2,0,0,3,0,0,2,0,4,2,0,4
8470645,2012030153,2013-05-05,50,2,6,39,2,6,31,1,5,3,0,0,3,0,0,2,0,0,3,0,1,3,0,0,3,0,0
8470645,2012030154,2013-05-07,42,0,26,24,0,18,18,0,7,0,0,0,0,0,0,0,0,0,0,0,0,2,0,3,2,0,3
8470645,2012030155,2013-05-09,29,0,10,23,0,6,18,0,4,1,0,0,1,0,0,1,0,0,1,0,0,1,0,0,1,0,0
8470645,2012030231,2013-05-15,38,0,8,27,0,6,17,0,4,1,0,0,1,0,0,1,0,0,4,0,0,3,0,0,3,0,0
8470645,2012030232,2013-05-18,42,1,12,33,1,10,23,1,6,4,0,0,4,0,0,3,0,0,4,0,0,2,0,1,2,0,1
8470645,2012030233,2013-05-20,36,0,12,28,0,8,24,0,6,3,0,0,3,0,0,3,0,0,2,0,1,2,0,0,2,0,0
8470645,2012030234,2013-05-23,28,2,12,21,1,9,18,1,7,0,0,1,0,0,1,0,0,1,2,0,1,0,0,1,0,0,1
8470645,2012030235,2013-05-25,31,0,9,25,0,7,20,0,6,1,0,0,1,0,0,0,0,0,2,0,0,1,0,1,1,0,1
8470645,2012030236,2013-05-27,52,0,8,42,0,7,33,0,5,3,0,0,3,0,0,2,0,0,3,0,0,4,0,0,4,0,0
8470645,2012030237,2013-05-29,39,0,13,29,0,8,23,0,4,1,0,0,1,0,0,1,0,0,4,0,0,2,0,2,2,0,2
8470645,2012030321,2013-06-01,31,2,5,24,1,4,19,0,3,1,0,0,0,0,0,0,0,0,2,0,1,1,0,0,1,0,0
8470645,2012030322,2013-06-02,40,0,18,33,0,12,22,0,9,1,0,1,1,0,1,1,0,1,4,0,0,1,0,0,1,0,0
8470645,2012030323,2013-06-04,40,1,18,33,0,11,21,0,6,2,0,0,2,0,0,2,0,0,5,0,1,0,0,0,0,0,0
8470645,2012030324,2013-06-06,34,1,7,27,1,3,19,1,1,2,0,0,2,0,0,2,0,0,0,0,0,3,0,0,3,0,0
8470645,2012030325,2013-06-08,70,1,6,51,1,5,31,1,4,1,1,1,1,1,1,1,1,1,2,0,0,1,0,1,1,0,1
8470645,2012030411,2013-06-12,73,0,12,54,0,8,48,0,6,2,0,1,2,0,1,1,0,1,9,0,1,1,0,0,1,0,0
8470645,2012030412,2013-06-15,43,1,4,28,1,3,25,0,3,2,0,0,2,0,0,1,0,0,6,0,0,2,0,0,2,0,0
8470645,2012030413,2013-06-17,37,2,12,32,2,10,24,1,10,1,0,1,1,0,1,1,0,1,4,1,0,3,0,1,3,0,1
8470645,2012030414,2013-06-19,48,0,12,36,0,11,27,0,6,3,0,2,3,0,2,1,0,1,0,0,1,1,0,1,1,0,1
8470645,2012030415,2013-06-22,49,0,0,32,0,0,25,0,0,1,0,0,1,0,0,1,0,0,5,0,0,2,0,0,2,0,0
8470645,2012030416,2013-06-24,42,2,18,26,1,11,17,1,7,2,0,0,2,0,0,1,0,0,5,0,0,0,0,3,0,0,3
8470657,2012020009,2013-01-19,37,4,9,30,4,7,20,3,5,1,1,3,1,1,3,1,1,2,1,0,1,1,0,2,1,0,2
8470657,2012020025,2013-01-21,29,1,15,23,1,14,20,1,12,1,0,2,1,0,2,1,0,2,0,0,1,0,0,1,0,0,1
8470657,2012020031,2013-01-22,37,4,10,27,4,9,22,4,6,2,0,0,2,0,0,2,0,0,2,0,2,2,1,1,2,1,1
8470657,2012020054,2013-01-25,33,0,27,22,0,14,14,0,12,2,0,1,2,0,1,2,0,1,0,0,0,3,0,2,3,0,2
8470657,2012020069,2013-01-27,35,7,6,22,7,5,19,4,4,1,0,1,1,0,1,1,0,1,2,1,0,0,1,0,0,1,0
8470657,2012020085,2013-01-29,34,1,12,25,1,8,19,1,6,1,0,0,1,0,0,1,0,0,1,0,1,3,0,0,3,0,0
8470657,2012020104,2013-02-01,30,3,15,21,3,13,14,3,9,1,0,2,1,0,2,1,0,2,3,0,2,1,0,1,1,0,1
8470657,2012020114,2013-02-02,26,4,12,22,3,12,16,3,9,2,1,1,1,1,1,1,1,1,1,0,0,0,0,1,0,0,1
8470657,2012020134,2013-02-05,34,0,10,26,0,4,20,0,3,2,0,2,2,0,2,1,0,2,3,0,2,1,0,0,1,0,0
8470657,2012020158,2013-02-09,33,4,12,24,2,8,18,2,4,0,0,1,0,0,1,0,0,1,4,0,0,2,0,0,2,0,0
8470657,2012020166,2013-02-10,55,0,13,48,0,11,40,0,7,2,0,0,2,0,0,2,0,0,5,0,1,5,0,0,5,0,0
8470657,2012020189,2013-02-13,32,1,13,25,1,7,21,1,3,2,1,1,2,1,1,1,0,1,3,0,0,1,0,0,1,0,0
8470657,2012020200,2013-02-15,46,3,9,35,3,6,28,3,5,4,0,0,4,0,0,0,0,0,7,0,1,5,0,0,5,0,0
8470657,2012020231,2013-02-19,5,1,5,4,1,4,3,0,4,1,0,1,1,0,1,1,0,1,0,0,0,0,0,0,0,0,0
8470657,2012020244,2013-02-21,39,3,5,27,2,5,18,2,4,2,0,1,2,0,1,1,0,1,5,1,0,3,0,0,3,0,0
8470657,2012020258,2013-02-23,55,0,2,45,0,0,33,0,0,0,0,0,0,0,0,0,0,0,4,0,1,2,0,0,2,0,0
8470657,2012020264,2013-02-24,32,1,3,23,1,2,18,1,2,3,0,0,2,0,0,1,0,0,5,0,1,0,0,0,0,0,0
8470657,2012020287,2013-02-27,36,0,14,31,0,11,24,0,5,1,0,1,1,0,1,1,0,1,3,0,2,3,0,1,3,0,1
8470657,2012020311,2013-03-03,54,0,11,43,0,6,29,0,4,0,0,1,0,0,1,0,0,1,2,0,0,1,0,0,1,0,0
8470657,2012020331,2013-03-05,53,0,1,42,0,1,36,0,1,1,0,0,1,0,0,1,0,0,2,0,0,2,0,0,2,0,0
8470657,2012020347,2013-03-07,42,0,0,28,0,0,22,0,0,0,0,0,0,0,0,0,0,0,1,0,0,2,0,0,2,0,0
8470657,2012020366,2013-03-10,37,0,5,26,0,3,20,0,1,2,0,0,2,0,0,2,0,0,3,0,0,1,0,0,1,0,0
8470657,2012020404,2013-03-15,41,0,4,34,0,4,29,0,3,2,0,0,2,0,0,2,0,0,1,0,0,3,0,0,3,0,0
8470657,2012020416,2013-03-16,45,0,13,37,0,9,29,0,6,2,0,0,2,0,0,2,0,0,3,0,1,4,0,0,4,0,0
8470657,2012020439,2013-03-20,21,0,8,15,0,7,13,0,6,2,0,2,2,0,2,2,0,2,2,0,0,1,0,1,1,0,1
8470657,2012020455,2013-03-22,44,0,12,32,0,8,28,0,6,1,0,0,1,0,0,1,0,0,2,0,1,3,0,2,3,0,2
8470657,2012020471,2013-03-24,49,1,13,38,1,10,26,1,7,0,0,1,0,0,1,0,0,1,2,0,0,1,0,0,1,0,0
8470657,2012020501,2013-03-28,51,0,0,36,0,0,24,0,0,2,0,0,2,0,0,1,0,0,2,0,0,1,0,0,1,0,0
8470657,2012020517,2013-03-31,27,0,0,17,0,0,14,0,0,4,0,0,2,0,0,1,0,0,3,0,0,0,0,0,0,0,0
8470657,2012020525,2013-04-01,30,1,6,24,1,5,19,0,5,1,0,1,0,0,1,0,0,1,0,0,0,0,0,0,0,0,0
8470657,2012020551,2013-04-04,35,3,11,30,3,10,25,3,9,3,0,0,3,0,0,3,0,0,3,0,0,3,0,1,3,0,1
8470657,2012020556,2013-04-05,58,3,6,37,3,5,30,2,3,2,0,0,2,0,0,2,0,0,3,0,0,5,0,0,5,0,0
8470657,2012020569,2013-04-07,33,1,3,26,1,3,22,1,2,1,0,0,1,0,0,1,0,0,6,0,0,1,0,0,1,0,0
8470657,2012020601,2013-04-11,39,1,15,32,1,12,21,1,8,0,1,1,0,1,1,0,0,1,1,0,1,1,0,1,1,0,1
8470657,2012020608,2013-04-12,42,1,7,30,1,6,22,1,5,2,0,0,2,0,0,2,0,0,0,0,1,3,0,1,3,0,1
8470657,2012020623,2013-04-14,36,2,3,25,2,3,19,1,2,0,0,0,0,0,0,0,0,0,3,0,0,1,0,0,1,0,0
8470657,2012020642,2013-04-17,29,3,1,21,3,1,15,2,0,2,1,0,1,1,0,1,0,0,2,1,0,3,0,0,3,0,0
8470657,2012020667,2013-04-20,25,1,12,15,1,10,8,0,6,0,0,1,0,0,1,0,0,1,0,0,0,0,0,1,0,0,1
8470657,2012020678,2013-04-22,47,0,8,38,0,6,30,0,4,0,0,0,0,0,0,0,0,0,2,0,2,2,0,0,2,0,0
8470657,2012020691,2013-04-24,35,0,3,31,0,2,23,0,1,1,0,0,1,0,0,1,0,0,4,0,0,2,0,0,2,0,0
8470657,2012020699,2013-04-25,25,0,9,22,0,8,17,0,5,1,0,1,1,0,1,1,0,1,3,0,0,1,0,2,1,0,2
8470657,2012020717,2013-04-27,40,2,4,24,1,3,16,1,0,0,0,0,0,0,0,0,0,0,3,0,0,2,0,0,2,0,0
8470657,2012030161,2013-04-30,43,0,6,31,0,3,24,0,2,0,0,2,0,0,2,0,0,1,5,0,0,0,0,0,0,0,0
8470657,2012030162,2013-05-02,45,4,20,31,3,11,21,3,8,3,0,1,3,0,1,3,0,1,5,0,0,1,0,2,1,0,2
8470657,2012030163,2013-05-04,28,2,13,21,2,12,19,1,9,1,1,2,1,0,2,0,0,2,4,0,0,1,0,1,1,0,1
8470657,2012030164,2013-05-06,41,2,9,35,2,8,26,1,6,2,0,0,2,0,0,1,0,0,8,0,0,2,0,0,2,0,0
8470657,2012030165,2013-05-08,52,1,10,40,1,8,27,0,7,2,0,1,2,0,1,0,0,1,5,0,0,4,0,1,4,0,1
8470657,2012030166,2013-05-10,58,3,0,45,3,0,34,3,0,3,0,0,2,0,0,1,0,0,5,0,0,5,0,0,5,0,0
8470657,2012030167,2013-05-12,45,1,13,35,1,10,25,1,7,1,0,1,1,0,1,1,0,1,2,0,0,3,0,2,3,0,2
8470657,2012030231,2013-05-15,59,1,6,46,1,5,36,1,4,2,0,1,2,0,1,2,0,1,3,1,1,1,0,0,1,0,0
8470657,2012030232,2013-05-18,37,1,3,23,1,2,18,0,2,1,0,0,1,0,0,1,0,0,0,0,0,0,0,0,0,0,0
8470657,2012030233,2013-05-20,50,3,13,40,2,9,30,2,8,1,0,0,1,0,0,0,0,0,3,0,2,1,0,1,1,0,1
8470657,2012030234,2013-05-23,43,4,2,35,2,1,25,2,1,0,0,0,0,0,0,0,0,0,3,0,0,0,1,0,0,1,0
8470657,2012030235,2013-05-25,52,5,9,45,4,6,36,3,6,2,0,2,2,0,2,2,0,2,3,1,2,2,0,0,2,0,0
8470657,2012030236,2013-05-27,39,1,9,31,1,7,21,1,6,3,0,1,2,0,1,1,0,1,4,0,0,1,0,1,1,0,1
8470657,2012030237,2013-05-29,51,2,5,41,1,3,31,1,3,2,0,0,2,0,0,2,0,0,5,1,0,0,0,0,0,0,0
8470860,2012020009,2013-01-19,26,2,11,18,2,7,9,0,5,0,0,0,0,0,0,0,0,0,2,0,0,1,0,0,1,0,0
8470860,2012020022,2013-01-21,18,0,7,13,0,6,7,0,4,1,0,2,1,0,2,1,0,2,2,0,0,0,0,0,0,0,0
8470860,2012020045,2013-01-24,25,1,8,16,1,4,8,1,4,0,0,0,0,0,0,0,0,0,2,0,0,0,0,0,0,0,0
8470860,2012020061,2013-01-26,43,0,5,31,0,3,21,0,2,2,0,1,2,0,1,2,0,1,2,0,0,3,0,1,3,0,1
8470860,2012020104,2013-02-01,10,1,4,9,1,3,8,1,2,1,0,1,1,0,1,1,0,1,0,0,1,0,0,0,0,0,0
8470860,2012020235,2013-02-20,44,0,3,27,0,3,17,0,3,1,0,0,1,0,0,0,0,0,1,0,0,2,0,0,2,0,0
8470860,2012020259,2013-02-23,38,1,13,21,1,7,14,1,5,0,1,0,0,1,0,0,0,0,5,0,0,2,0,0,2,0,0
8470860,2012020294,2013-02-28,37,2,1,28,2,0,22,1,0,3,0,0,3,0,0,2,0,0,4,1,0,1,0,0,1,0,0
8470860,2012020299,2013-03-01,39,1,5,26,0,4,14,0,3,2,0,0,2,0,0,2,0,0,3,0,0,2,0,0,2,0,0
8470860,2012020334,2013-03-05,34,0,7,23,0,4,18,0,3,5,0,0,5,0,0,4,0,0,4,0,0,1,0,0,1,0,0
8470860,2012020374,2013-03-10,28,3,16,17,3,10,12,2,7,1,1,1,1,1,1,1,1,1,2,0,0,1,0,0,1,0,0
8470860,2012020464,2013-03-23,32,1,1,24,0,0,19,0,0,0,0,0,0,0,0,0,0,0,1,0,0,2,0,0,2,0,0
8470860,2012020470,2013-03-24,33,0,6,21,0,4,16,0,1,2,0,1,2,0,1,1,0,1,2,0,0,0,0,0,0,0,0
8470860,2012020485,2013-03-26,20,0,0,15,0,0,12,0,0,0,0,0,0,0,0,0,0,0,1,0,0,0,0,0,0,0,0
8470860,2012020497,2013-03-28,61,2,8,45,2,6,34,1,4,3,0,0,3,0,0,3,0,0,1,1,0,8,0,0,8,0,0
8470860,2012020526,2013-04-01,11,0,0,6,0,0,5,0,0,0,0,0,0,0,0,0,0,0,0,0,0,2,0,0,2,0,0
8470880,2012020022,2013-01-21,12,0,5,11,0,5,9,0,4,0,0,0,0,0,0,0,0,0,0,0,0,0,0,0,0,0,0
8470880,2012020033,2013-01-22,36,0,10,29,0,8,22,0,5,2,0,1,2,0,1,2,0,1,3,0,0,0,0,0,0,0,0
8470880,2012020071,2013-01-27,33,2,5,24,2,3,12,2,2,2,0,2,2,0,2,2,0,2,1,0,0,2,0,0,2,0,0
8470880,2012020096,2013-01-31,33,6,10,24,3,8,17,2,6,0,0,1,0,0,1,0,0,1,1,1,0,1,0,1,1,0,1
8470880,2012020104,2013-02-01,24,1,10,15,1,5,14,1,4,1,0,1,1,0,1,1,0,1,2,0,0,0,0,0,0,0,0
8470880,2012020136,2013-02-05,15,0,3,13,0,3,9,0,2,3,0,1,3,0,1,3,0,1,0,0,0,1,0,0,1,0,0
8470880,2012020149,2013-02-07,45,1,1,38,1,1,29,0,0,5,0,0,4,0,0,4,0,0,3,0,0,3,0,0,3,0,0
8470880,2012020163,2013-02-09,43,0,1,28,0,1,22,0,1,5,0,0,5,0,0,5,0,0,1,0,0,2,0,0,2,0,0
8470880,2012020175,2013-02-11,34,1,6,25,1,4,19,1,3,3,0,1,3,0,1,2,0,1,0,0,0,1,0,0,1,0,0
8470880,2012020314,2013-03-03,51,0,7,39,0,4,23,0,4,3,0,1,2,0,1,2,0,1,6,0,1,3,0,0,3,0,0
8470880,2012020334,2013-03-05,12,0,2,11,0,2,8,0,0,1,0,0,1,0,0,1,0,0,0,0,0,1,0,0,1,0,0
8470880,2012020526,2013-04-01,26,0,9,22,0,5,16,0,4,1,0,0,1,0,0,1,0,0,3,0,0,1,0,0,1,0,0
8470880,2012020549,2013-04-04,50,1,7,44,1,4,33,0,3,3,0,0,3,0,0,2,0,0,4,0,1,1,0,0,1,0,0
8470880,2012020569,2013-04-07,44,2,10,33,2,8,25,1,2,0,0,0,0,0,0,0,0,0,3,0,2,0,0,0,0,0,0
8470880,2012020588,2013-04-09,30,0,0,21,0,0,15,0,0,0,0,0,0,0,0,0,0,0,2,0,0,2,0,0,2,0,0
8470880,2012020603,2013-04-11,40,0,6,28,0,5,20,0,3,0,0,0,0,0,0,0,0,0,2,0,0,1,0,1,1,0,1
8470880,2012020621,2013-04-14,41,2,4,35,1,2,25,1,0,1,1,0,1,1,0,0,0,0,2,0,0,4,0,0,4,0,0
8470880,2012020637,2013-04-16,41,2,4,30,2,4,16,2,4,0,0,1,0,0,1,0,0,1,1,0,0,0,0,0,0,0,0
8470880,2012020650,2013-04-18,55,0,9,41,0,6,29,0,5,0,0,1,0,0,1,0,0,1,3,0,0,4,0,0,4,0,0
8470880,2012020656,2013-04-19,42,0,3,28,0,2,21,0,1,1,0,0,1,0,0,1,0,0,1,0,0,3,0,0,3,0,0
8470880,2012020672,2013-04-21,33,1,2,24,1,1,18,0,1,3,0,1,2,0,1,2,0,0,3,0,0,3,0,0,3,0,0
8470880,2012020686,2013-04-23,30,0,8,20,0,7,13,0,5,1,0,0,1,0,0,1,0,0,2,0,0,2,0,1,2,0,1
8470880,2012020701,2013-04-25,27,2,14,20,2,6,12,2,5,1,0,0,1,0,0,0,0,0,5,0,1,0,0,2,0,0,2
8470880,2012020716,2013-04-27,42,0,4,32,0,2,21,0,2,1,0,0,1,0,0,1,0,0,6,0,0,0,0,0,0,0,0
8470880,2012030181,2013-04-30,55,2,4,39,2,2,25,2,2,1,0,0,1,0,0,1,0,0,2,2,0,2,0,1,2,0,1
8470880,2012030182,2013-05-02,34,0,8,30,0,5,25,0,4,0,0,1,0,0,1,0,0,1,1,0,0,1,0,0,1,0,0
8470880,2012030183,2013-05-04,42,1,11,34,1,5,18,1,2,1,0,0,1,0,0,1,0,0,3,1,0,2,0,0,2,0,0
8470880,2012030184,2013-05-06,63,0,8,45,0,7,25,0,4,4,0,0,4,0,0,4,0,0,5,0,0,2,0,1,2,0,1
8470880,2012030185,2013-05-08,53,0,4,40,0,3,24,0,1,2,0,1,2,0,1,2,0,1,5,0,1,3,0,0,3,0,0
8470880,2012030186,2013-05-10,28,1,0,24,0,0,16,0,0,2,0,0,2,0,0,1,0,0,3,0,0,0,0,0,0,0,0
8471186,2012020035,2013-01-22,17,3,2,13,3,1,10,3,1,0,0,0,0,0,0,0,0,0,2,0,1,0,0,0,0,0,0
8471186,2012020352,2013-03-08,33,0,6,26,0,4,17,0,4,3,0,1,3,0,1,3,0,1,1,0,0,2,0,0,2,0,0
8471186,2012020370,2013-03-10,29,6,6,22,5,5,15,5,4,1,1,1,1,1,1,1,0,1,1,1,0,0,2,0,0,2,0
8471219,2012020070,2013-01-27,62,0,4,45,0,2,24,0,1,3,0,1,2,0,1,2,0,1,2,0,0,3,0,0,3,0,0
8471219,2012020103,2013-02-01,16,0,0,13,0,0,11,0,0,3,0,0,3,0,0,2,0,0,0,0,0,0,0,0,0,0,0
8471219,2012020157,2013-02-09,72,1,5,51,1,4,28,1,4,0,0,0,0,0,0,0,0,0,1,0,0,4,0,0,4,0,0
8471219,2012020183,2013-02-12,25,1,2,15,1,1,11,0,1,1,0,1,1,0,1,1,0,1,0,0,0,0,0,0,0,0,0
8471219,2012020346,2013-03-07,43,0,10,32,0,8,22,0,7,1,0,0,1,0,0,1,0,0,1,0,0,0,0,0,0,0,0
8471219,2012020454,2013-03-22,16,0,12,12,0,12,6,0,9,2,0,1,2,0,1,2,0,1,5,0,0,1,0,0,1,0,0
8471219,2012020494,2013-03-28,68,2,0,54,2,0,41,2,0,3,1,0,3,1,0,3,0,0,2,0,0,3,0,0,3,0,0
8471227,2012020018,2013-01-20,44,2,14,29,2,12,20,1,8,2,0,0,1,0,0,1,0,0,1,0,0,1,0,0,1,0,0
8471227,2012020035,2013-01-22,22,1,6,17,0,5,13,0,4,3,0,3,3,0,3,3,0,3,0,0,0,4,0,0,4,0,0
8471227,2012020048,2013-01-24,39,1,24,28,1,17,20,1,10,1,0,0,1,0,0,0,0,0,2,0,1,0,0,0,0,0,0
8471227,2012020063,2013-01-26,38,1,16,31,0,14,25,0,10,3,0,1,3,0,1,3,0,1,2,0,1,2,0,1,2,0,1
8471227,2012020076,2013-01-28,50,5,9,41,2,8,31,2,5,1,0,0,1,0,0,1,0,0,11,0,0,2,0,2,2,0,2
8471227,2012020090,2013-01-30,52,2,7,38,2,4,26,1,1,0,0,1,0,0,1,0,0,1,3,0,0,3,0,0,3,0,0
8471227,2012020100,2013-01-31,54,3,19,38,3,16,24,2,12,2,0,0,0,0,0,0,0,0,2,0,0,1,0,0,1,0,0
8471227,2012020110,2013-02-02,39,0,24,26,0,20,21,0,18,2,0,0,2,0,0,1,0,0,2,0,1,2,0,1,2,0,1
8471227,2012020126,2013-02-04,62,0,11,41,0,9,35,0,5,3,0,0,3,0,0,3,0,0,7,0,0,3,0,1,2,0,2
8471227,2012020140,2013-02-06,51,3,10,35,3,5,23,2,3,2,0,1,2,0,1,2,0,1,1,1,1,4,0,0,3,0,1
8471227,2012020167,2013-02-10,38,1,23,28,1,20,23,1,16,1,0,0,1,0,0,1,0,0,1,0,1,1,0,1,1,0,1
8471227,2012020186,2013-02-12,46,1,9,35,1,6,24,0,5,4,0,0,4,0,0,2,0,0,5,0,0,1,0,3,1,0,3
8471227,2012020211,2013-02-16,18,0,0,15,0,0,12,0,0,3,0,0,3,0,0,3,0,0,3,0,0,1,0,0,1,0,0
8471227,2012020246,2013-02-21,53,1,5,35,1,2,26,0,2,3,0,0,3,0,0,1,0,0,8,0,0,1,0,0,1,0,0
8471227,2012020295,2013-02-28,51,4,16,35,3,11,26,2,6,1,0,0,1,0,0,1,0,0,3,0,0,5,0,0,5,0,0
8471227,2012020299,2013-03-01,57,2,4,38,1,3,28,0,2,3,0,1,3,0,1,3,0,1,2,0,0,4,0,0,4,0,0
8471227,2012020318,2013-03-03,50,1,11,44,1,8,37,0,6,3,0,1,3,0,1,3,0,1,4,1,0,2,0,0,2,0,0
8471227,2012020328,2013-03-05,50,2,11,39,2,9,30,1,7,2,0,1,2,0,1,2,0,1,1,0,0,2,0,3,2,0,3
8471227,2012020347,2013-03-07,57,0,3,39,0,1,26,0,1,2,0,0,2,0,0,2,0,0,1,0,0,1,0,0,1,0,0
8471227,2012020352,2013-03-08,20,0,3,16,0,3,11,0,2,1,0,1,1,0,1,0,0,1,2,0,0,0,0,1,0,0,1
8471227,2012020370,2013-03-10,26,1,0,18,1,0,12,1,0,2,0,0,2,0,0,1,0,0,2,0,0,1,0,0,1,0,0
8471227,2012020386,2013-03-12,49,1,8,40,1,6,29,1,5,0,0,0,0,0,0,0,0,0,0,0,0,3,0,0,3,0,0
8471227,2012020404,2013-03-15,44,0,20,29,0,15,19,0,10,2,0,1,2,0,0,1,0,0,2,0,0,2,0,2,2,0,2
8471227,2012020421,2013-03-17,49,1,13,41,1,6,28,0,3,1,0,1,1,0,1,1,0,1,3,0,1,5,0,1,5,0,1
8471227,2012020441,2013-03-20,57,2,5,43,2,4,30,2,2,2,0,1,2,0,1,1,0,1,2,0,0,3,0,0,3,0,0
8471227,2012020475,2013-03-25,38,0,5,26,0,4,23,0,3,3,0,0,3,0,0,3,0,0,4,0,0,0,0,1,0,0,1
8471227,2012020499,2013-03-28,19,0,1,16,0,0,9,0,0,0,0,0,0,0,0,0,0,0,3,0,0,2,0,0,2,0,0
8471227,2012020515,2013-03-30,39,0,11,26,0,8,17,0,6,0,0,0,0,0,0,0,0,0,4,0,0,2,0,0,2,0,0
8471227,2012020529,2013-04-01,61,0,1,49,0,1,33,0,1,1,0,0,1,0,0,1,0,0,9,0,0,2,0,0,2,0,0
8471227,2012020540,2013-04-03,40,2,2,30,2,1,19,1,1,2,0,0,2,0,0,1,0,0,7,0,1,2,0,0,2,0,0
8471227,2012020561,2013-04-06,50,1,12,39,1,8,31,0,7,1,0,2,1,0,2,0,0,2,4,0,0,2,0,0,2,0,0
8471227,2012020581,2013-04-08,51,1,17,35,1,13,26,1,11,2,0,0,2,0,0,2,0,0,5,0,1,4,0,0,3,0,1
8471227,2012020594,2013-04-10,54,1,8,40,1,6,27,0,5,2,0,1,1,0,1,1,0,0,6,1,0,3,0,0,3,0,0
8471227,2012020638,2013-04-16,37,2,8,28,2,6,23,1,6,4,0,1,3,0,1,2,0,1,5,0,1,1,0,0,1,0,0
8471227,2012020658,2013-04-19,58,0,10,35,0,9,27,0,7,1,0,0,1,0,0,1,0,0,0,0,0,4,0,2,4,0,2
8471227,2012020673,2013-04-21,45,0,14,36,0,11,22,0,8,2,0,1,2,0,1,2,0,0,7,0,0,3,0,2,3,0,2
8471227,2012020692,2013-04-24,46,0,7,38,0,3,26,0,3,3,0,0,3,0,0,3,0,0,8,0,1,4,0,1,4,0,1
8471227,2012020718,2013-04-27,47,2,10,41,1,7,25,0,5,1,0,1,1,0,1,1,0,1,2,0,1,4,0,0,4,0,0
8471239,2012020013,2013-01-19,18,0,4,13,0,3,11,0,3,3,0,2,3,0,2,3,0,0,0,0,0,2,0,0,2,0,0
8471239,2012020038,2013-01-23,43,0,18,34,0,12,27,0,9,1,0,1,1,0,1,0,0,1,3,0,0,7,0,0,7,0,0
8471239,2012020056,2013-01-25,40,4,4,33,3,2,26,3,1,0,0,0,0,0,0,0,0,0,6,1,0,1,0,0,1,0,0
8471239,2012020072,2013-01-27,24,1,22,17,1,16,13,1,13,2,0,2,1,0,2,1,0,2,4,0,0,2,0,2,2,0,2
8471239,2012020151,2013-02-07,30,2,12,26,1,11,15,1,7,0,0,1,0,0,1,0,0,1,1,1,0,1,0,0,1,0,0
8471239,2012020165,2013-02-09,43,1,6,36,1,4,30,0,4,1,0,0,1,0,0,1,0,0,3,0,1,3,0,0,3,0,0
8471239,2012020203,2013-02-15,30,2,15,22,2,12,17,2,10,4,0,0,4,0,0,4,0,0,3,0,0,2,0,1,2,0,1
8471239,2012020232,2013-02-19,51,3,13,41,3,9,35,3,5,2,0,1,1,0,1,1,0,1,3,0,1,3,0,0,3,0,0
8471239,2012020245,2013-02-21,45,0,11,31,0,4,23,0,2,3,0,0,2,0,0,2,0,0,0,0,1,5,0,1,5,0,1
8471239,2012020282,2013-02-26,25,1,3,20,1,2,19,1,1,3,0,0,3,0,0,3,0,0,2,0,0,0,0,0,0,0,0
8471239,2012020309,2013-03-02,37,1,9,26,1,7,23,1,6,1,0,1,1,0,1,0,0,1,4,0,0,0,0,1,0,0,1
8471239,2012020333,2013-03-05,40,1,13,34,1,9,22,1,7,1,1,0,1,1,0,1,0,0,6,0,0,4,0,1,4,0,1
8471239,2012020345,2013-03-07,46,0,4,35,0,0,27,0,0,2,0,0,2,0,0,2,0,0,2,0,0,3,0,0,3,0,0
8471239,2012020372,2013-03-10,36,2,6,29,2,6,26,1,5,3,0,1,3,0,1,3,0,1,2,0,0,3,0,1,3,0,1
8471239,2012020436,2013-03-19,50,1,8,37,0,4,30,0,4,2,0,0,2,0,0,2,0,0,1,0,1,4,0,1,4,0,1
8471239,2012020450,2013-03-21,53,1,11,38,1,9,26,1,7,0,0,1,0,0,1,0,0,1,6,0,0,5,0,1,5,0,1
8471239,2012020458,2013-03-23,42,2,1,32,2,1,18,1,1,0,0,0,0,0,0,0,0,0,7,0,0,3,0,0,3,0,0
8471239,2012020469,2013-03-24,37,2,6,27,2,6,22,2,4,1,0,1,1,0,1,1,0,1,1,0,1,1,0,0,1,0,0
8471239,2012020487,2013-03-26,36,0,2,20,0,2,16,0,1,0,0,0,0,0,0,0,0,0,1,0,0,0,0,0,0,0,0
8471239,2012020500,2013-03-28,49,0,6,34,0,6,28,0,5,1,0,0,1,0,0,1,0,0,0,0,0,4,0,0,4,0,0
8471239,2012020515,2013-03-30,2,0,0,2,0,0,2,0,0,2,0,0,2,0,0,2,0,0,0,0,0,0,0,0,0,0,0
8471239,2012020530,2013-04-01,49,0,11,40,0,9,29,0,6,2,0,1,2,0,1,1,0,1,2,0,0,3,0,1,3,0,1
8471239,2012020550,2013-04-04,35,1,8,26,1,7,16,1,6,0,0,0,0,0,0,0,0,0,1,0,0,4,0,0,4,0,0
8471239,2012020568,2013-04-06,56,0,6,43,0,4,36,0,2,2,0,0,2,0,0,2,0,0,5,0,0,1,0,0,1,0,0
8471239,2012020580,2013-04-08,38,1,3,30,1,3,18,1,0,0,0,0,0,0,0,0,0,0,2,0,0,1,0,0,1,0,0
8471239,2012020611,2013-04-13,44,0,6,34,0,3,25,0,1,4,0,0,3,0,0,2,0,0,4,0,0,4,0,0,4,0,0
8471239,2012020637,2013-04-16,60,1,16,45,1,11,27,1,8,1,0,0,1,0,0,1,0,0,3,0,0,3,0,1,3,0,1
8471239,2012020651,2013-04-18,40,1,15,33,1,13,25,0,5,4,0,1,3,0,1,3,0,1,3,0,1,3,0,0,3,0,0
8471239,2012020667,2013-04-20,47,0,6,36,0,6,29,0,5,1,0,0,1,0,0,0,0,0,6,0,0,1,0,0,1,0,0
8471239,2012020680,2013-04-22,41,1,4,29,1,0,24,1,0,1,0,0,0,0,0,0,0,0,2,0,0,4,0,0,4,0,0
8471239,2012030173,2013-05-05,36,0,12,26,0,11,19,0,9,2,0,3,2,0,3,2,0,2,1,0,0,5,0,0,5,0,0
8471239,2012030174,2013-05-07,57,0,25,46,0,20,30,0,17,1,0,3,1,0,3,1,0,3,3,0,0,5,0,5,5,0,5
8471251,2012020327,2013-03-05,57,1,8,46,1,7,34,1,5,1,1,1,1,0,1,1,0,1,4,0,0,9,0,0,9,0,0
8471251,2012020344,2013-03-07,39,0,8,28,0,7,21,0,7,3,0,1,3,0,1,3,0,1,2,0,1,2,0,1,2,0,1
8471251,2012020378,2013-03-12,43,3,5,33,2,2,23,1,2,0,0,0,0,0,0,0,0,0,2,0,0,2,0,0,2,0,0
8471251,2012020411,2013-03-16,41,1,3,31,1,3,23,1,2,4,0,0,4,0,0,4,0,0,1,0,0,1,0,0,1,0,0
8471251,2012020446,2013-03-21,NA,NA,NA,NA,NA,NA,NA,NA,NA,NA,NA,NA,NA,NA,NA,NA,NA,NA,NA,NA,NA,NA,NA,NA,NA,NA,NA
8471251,2012020482,2013-03-26,63,3,1,49,2,1,34,1,1,3,0,1,2,0,1,2,0,1,6,1,0,11,1,0,11,1,0
8471251,2012020492,2013-03-28,54,1,9,37,1,8,26,1,7,3,0,1,2,0,1,2,0,1,9,0,0,2,0,0,2,0,0
8471251,2012020508,2013-03-30,48,5,7,34,5,4,27,5,3,1,0,0,1,0,0,1,0,0,4,1,0,1,0,0,1,0,0
8471251,2012020524,2013-04-01,45,3,4,34,2,3,25,0,3,2,0,1,2,0,1,0,0,1,2,0,0,5,0,0,5,0,0
8471251,2012020533,2013-04-02,18,2,4,15,2,3,8,2,2,1,1,0,1,1,0,1,0,0,0,0,0,1,0,0,1,0,0
8471251,2012020565,2013-04-06,4,0,8,3,0,8,2,0,6,0,0,0,0,0,0,0,0,0,0,0,0,0,0,0,0,0,0
8471251,2012020577,2013-04-08,7,0,0,5,0,0,4,0,0,2,0,0,2,0,0,2,0,0,0,0,0,2,0,0,2,0,0
8471251,2012020583,2013-04-09,61,0,3,47,0,2,30,0,2,4,0,0,4,0,0,3,0,0,8,0,0,5,0,0,5,0,0
8471251,2012020599,2013-04-11,51,0,7,39,0,7,26,0,4,1,0,1,1,0,1,1,0,1,3,0,0,3,0,0,3,0,0
8471251,2012020615,2013-04-13,54,1,15,39,1,13,21,0,9,2,0,0,2,0,0,1,0,0,3,0,1,3,0,0,3,0,0
8471251,2012020634,2013-04-16,37,3,11,30,2,9,24,2,8,3,0,0,3,0,0,2,0,0,0,0,0,3,0,0,3,0,0
8471251,2012020649,2013-04-18,45,0,22,32,0,14,22,0,9,3,0,1,3,0,1,3,0,1,3,0,1,3,0,0,3,0,0
8471251,2012020665,2013-04-20,54,1,13,49,1,8,34,1,3,5,0,0,5,0,0,1,0,0,4,0,0,7,0,3,7,0,3
8471251,2012020710,2013-04-27,51,0,7,43,0,7,30,0,5,6,0,2,6,0,2,6,0,2,1,0,0,7,0,0,7,0,0
8471306,2012020057,2013-01-26,58,1,1,36,0,1,24,0,0,0,0,0,0,0,0,0,0,0,3,0,0,3,0,0,3,0,0
8471306,2012020127,2013-02-04,42,6,10,30,6,7,24,4,4,2,0,0,1,0,0,1,0,0,4,0,0,4,0,0,4,0,0
8471306,2012020174,2013-02-11,42,3,11,34,3,9,26,3,7,4,0,2,4,0,2,3,0,2,1,0,0,1,1,1,1,1,1
8471306,2012020337,2013-03-06,42,0,4,35,0,3,22,0,3,3,0,0,3,0,0,2,0,0,1,0,0,2,0,0,2,0,0
8471306,2012020584,2013-04-09,8,0,0,7,0,0,4,0,0,0,0,0,0,0,0,0,0,0,1,0,0,0,0,0,0,0,0
8471306,2012020693,2013-04-24,44,1,12,32,1,10,22,1,9,1,0,1,1,0,1,1,0,1,3,0,0,1,0,2,1,0,2
8471418,2012020073,2013-01-28,35,2,14,28,2,11,23,2,7,3,0,0,3,0,0,1,0,0,2,0,0,3,0,0,3,0,0
8471418,2012020168,2013-02-10,35,2,6,27,2,5,21,2,3,1,0,0,1,0,0,0,0,0,2,0,0,1,0,0,1,0,0
8471418,2012020197,2013-02-15,42,0,5,29,0,5,21,0,5,4,0,0,4,0,0,4,0,0,3,0,0,2,0,0,2,0,0
8471418,2012020303,2013-03-02,28,1,17,19,1,15,12,1,9,0,0,2,0,0,2,0,0,2,0,0,0,1,0,1,1,0,1
8471418,2012020339,2013-03-07,41,0,9,33,0,6,23,0,4,2,0,0,2,0,0,2,0,0,1,0,0,3,0,2,3,0,2
8471418,2012020380,2013-03-12,53,1,14,33,1,8,28,1,5,3,0,0,2,0,0,2,0,0,2,0,0,3,0,0,3,0,0
8471418,2012020405,2013-03-16,45,0,5,36,0,4,30,0,3,1,0,0,0,0,0,0,0,0,2,0,0,3,0,0,3,0,0
8471418,2012020447,2013-03-21,56,0,0,39,0,0,28,0,0,1,0,0,1,0,0,1,0,0,3,0,0,8,0,0,8,0,0
8471418,2012020459,2013-03-23,21,0,8,17,0,3,11,0,0,3,0,0,3,0,0,3,0,0,1,0,0,1,0,0,1,0,0
8471418,2012020519,2013-03-31,45,0,13,33,0,10,21,0,5,0,0,0,0,0,0,0,0,0,2,0,0,0,0,0,0,0,0
8471418,2012020531,2013-04-02,61,3,8,45,3,7,38,2,7,2,0,0,2,0,0,2,0,0,2,1,0,3,0,0,3,0,0
8471418,2012020591,2013-04-10,31,4,21,28,2,16,19,1,8,3,1,0,3,0,0,2,0,0,1,0,1,1,0,0,1,0,0
8471418,2012020641,2013-04-17,32,2,12,27,2,10,22,2,8,0,0,2,0,0,2,0,0,2,3,0,1,0,0,0,0,0,0
8471418,2012020684,2013-04-23,31,0,5,22,0,2,15,0,2,3,0,0,1,0,0,0,0,0,4,0,0,2,0,1,2,0,1
8471433,2012020224,2013-02-18,68,0,5,52,0,3,35,0,2,4,0,0,4,0,0,4,0,0,2,0,0,6,0,0,6,0,0
8471433,2012020319,2013-03-03,46,3,5,33,2,3,27,2,2,2,0,0,2,0,0,1,0,0,5,2,0,1,0,0,1,0,0
8471469,2012020010,2013-01-19,42,0,6,34,0,5,24,0,4,1,0,1,1,0,1,1,0,1,3,0,0,0,0,0,0,0,0
8471469,2012020022,2013-01-21,59,3,9,45,3,7,32,2,5,2,0,1,2,0,1,2,0,1,2,0,0,3,0,0,3,0,0
8471469,2012020045,2013-01-24,28,0,13,20,0,8,17,0,7,2,0,1,1,0,1,1,0,1,2,0,0,0,0,1,0,0,1
8471469,2012020064,2013-01-26,49,0,5,34,0,3,19,0,3,2,0,0,2,0,0,2,0,0,0,0,0,2,0,0,2,0,0
8471469,2012020075,2013-01-28,38,0,14,30,0,9,20,0,5,3,0,1,3,0,1,2,0,1,1,0,0,3,0,0,3,0,0
8471469,2012020099,2013-01-31,52,0,15,32,0,11,18,0,6,0,0,1,0,0,1,0,0,1,0,0,1,5,0,2,5,0,2
8471469,2012020118,2013-02-02,40,0,14,28,0,9,20,0,7,0,0,1,0,0,1,0,0,0,1,0,0,2,0,2,2,0,2
8471469,2012020136,2013-02-05,40,0,18,26,0,14,21,0,11,0,0,1,0,0,1,0,0,1,1,0,0,1,0,1,1,0,1
8471469,2012020150,2013-02-07,57,0,5,39,0,4,29,0,3,0,0,0,0,0,0,0,0,0,2,0,0,1,0,0,1,0,0
8471469,2012020171,2013-02-10,44,0,6,33,0,3,24,0,3,3,0,0,2,0,0,2,0,0,5,0,0,0,0,0,0,0,0
8471469,2012020184,2013-02-12,42,0,13,30,0,7,21,0,4,0,0,0,0,0,0,0,0,0,2,0,0,0,0,0,0,0,0
8471469,2012020195,2013-02-14,39,1,8,24,1,4,14,1,4,0,0,0,0,0,0,0,0,0,2,0,0,1,0,0,1,0,0
8471469,2012020209,2013-02-16,46,2,3,30,2,2,19,2,1,2,0,0,2,0,0,2,0,0,5,0,0,1,0,0,1,0,0
8471469,2012020221,2013-02-18,12,0,0,10,0,0,10,0,0,0,0,0,0,0,0,0,0,0,0,0,0,0,0,0,0,0,0
8471469,2012020231,2013-02-19,51,3,7,38,2,6,24,1,4,2,1,0,2,1,0,2,0,0,2,0,0,1,0,0,1,0,0
8471469,2012020248,2013-02-22,53,1,3,39,0,0,24,0,0,1,0,0,1,0,0,1,0,0,4,0,0,6,0,0,6,0,0
8471469,2012020258,2013-02-23,35,0,7,29,0,5,23,0,4,3,0,1,3,0,1,2,0,1,1,0,0,2,0,1,2,0,1
8471469,2012020272,2013-02-25,40,0,13,26,0,7,19,0,5,2,0,2,2,0,2,2,0,2,3,0,0,0,0,0,0,0,0
8471469,2012020286,2013-02-27,31,0,10,24,0,9,15,0,6,3,0,2,3,0,2,2,0,2,3,0,0,0,0,0,0,0,0
8471469,2012020310,2013-03-02,60,0,8,43,0,7,34,0,5,0,0,2,0,0,2,0,0,2,7,0,0,6,0,1,6,0,1
8471469,2012020323,2013-03-04,38,1,2,26,1,2,11,0,2,3,0,2,2,0,2,2,0,2,6,1,0,1,0,0,1,0,0
8471469,2012020352,2013-03-08,35,3,0,28,3,0,22,2,0,0,0,0,0,0,0,0,0,0,4,0,0,0,0,0,0,0,0
8471469,2012020362,2013-03-09,41,0,15,34,0,10,22,0,7,0,0,1,0,0,1,0,0,1,5,0,0,2,0,0,2,0,0
8471469,2012020385,2013-03-12,59,1,12,42,1,7,27,0,5,0,0,0,0,0,0,0,0,0,3,0,1,2,0,0,2,0,0
8471469,2012020400,2013-03-14,22,0,4,16,0,2,10,0,2,4,0,0,4,0,0,3,0,0,2,0,0,2,0,0,2,0,0
8471469,2012020403,2013-03-15,7,0,0,4,0,0,2,0,0,2,0,0,2,0,0,2,0,0,1,0,0,0,0,0,0,0,0
8471469,2012020421,2013-03-17,33,1,5,22,1,3,17,1,3,1,1,1,1,1,1,1,0,1,1,0,0,2,0,1,2,0,1
8471469,2012020432,2013-03-19,37,0,8,26,0,6,25,0,6,3,0,1,3,0,1,3,0,1,1,0,0,3,0,0,3,0,0
8471469,2012020449,2013-03-21,45,2,7,29,2,3,18,2,2,0,2,1,0,2,1,0,1,1,1,0,0,1,0,0,1,0,0
8471469,2012020462,2013-03-23,37,1,6,24,1,5,18,1,4,1,0,1,1,0,1,1,0,0,3,0,0,0,0,0,0,0,0
8471469,2012020475,2013-03-25,37,2,9,27,0,6,22,0,4,1,0,1,1,0,1,1,0,1,1,0,0,0,0,0,0,0,0
8471469,2012020498,2013-03-28,29,0,1,25,0,1,19,0,1,4,0,0,3,0,0,3,0,0,2,0,0,1,0,0,1,0,0
8471469,2012020509,2013-03-30,56,0,0,39,0,0,24,0,0,1,0,0,1,0,0,1,0,0,2,0,0,4,0,0,4,0,0
8471469,2012020527,2013-04-01,57,0,11,40,0,11,33,0,7,2,0,0,2,0,0,1,0,0,4,0,1,1,0,0,1,0,0
8471469,2012020536,2013-04-02,47,0,5,33,0,3,25,0,1,1,0,0,1,0,0,1,0,0,1,0,0,0,0,0,0,0,0
8471469,2012020548,2013-04-04,61,2,4,45,2,3,35,1,2,2,0,1,2,0,1,1,0,1,1,0,0,1,0,0,1,0,0
8471469,2012020560,2013-04-06,52,1,4,38,1,2,28,1,1,1,0,0,1,0,0,1,0,0,6,1,0,0,0,0,0,0,0
8471469,2012020574,2013-04-07,60,0,4,44,0,2,37,0,2,4,0,0,4,0,0,4,0,0,4,0,0,3,0,0,3,0,0
8471469,2012020588,2013-04-09,51,0,2,35,0,2,25,0,1,1,0,0,1,0,0,1,0,0,1,0,0,1,0,0,1,0,0
8471469,2012020623,2013-04-14,63,1,4,43,1,2,29,0,2,2,0,0,2,0,0,2,0,0,5,0,0,5,0,0,5,0,0
8471469,2012020628,2013-04-15,30,1,7,25,1,7,19,0,5,3,0,2,3,0,2,3,0,2,6,0,0,3,0,0,3,0,0
8471469,2012020657,2013-04-19,51,2,6,39,2,5,25,2,3,3,0,2,2,0,2,1,0,2,6,1,0,2,0,0,2,0,0
8471469,2012020687,2013-04-23,34,0,1,28,0,1,17,0,1,3,0,0,3,0,0,3,0,0,2,0,0,0,0,0,0,0,0
8471679,2012020005,2013-01-19,31,0,11,26,0,6,21,0,5,0,0,2,0,0,2,0,0,2,4,0,1,1,0,2,1,0,2
8471679,2012020029,2013-01-22,28,0,20,21,0,17,17,0,11,0,0,1,0,0,1,0,0,1,2,0,1,2,0,1,2,0,1
8471679,2012020042,2013-01-24,47,1,18,34,1,12,23,1,7,1,0,0,1,0,0,1,0,0,3,0,0,0,0,0,0,0,0
8471679,2012020067,2013-01-27,36,2,7,30,2,6,20,2,3,2,0,1,2,0,1,2,0,1,2,0,0,1,0,1,1,0,1
8471679,2012020081,2013-01-29,28,1,20,16,1,16,10,1,10,2,0,1,2,0,1,2,0,1,3,0,1,2,0,2,2,0,2
8471679,2012020109,2013-02-02,39,5,8,30,4,8,22,4,5,0,1,0,0,1,0,0,0,0,2,0,0,0,0,0,0,0,0
8471679,2012020120,2013-02-03,58,2,8,37,1,5,27,1,5,0,0,1,0,0,1,0,0,1,5,0,0,3,0,0,3,0,0
8471679,2012020138,2013-02-06,38,2,5,28,2,3,19,2,2,2,0,0,2,0,0,1,0,0,6,1,0,1,0,0,1,0,0
8471679,2012020160,2013-02-09,42,1,12,30,0,7,24,0,4,4,0,2,4,0,2,2,0,1,5,0,0,5,0,0,5,0,0
8471679,2012020181,2013-02-12,35,2,10,23,2,7,20,1,3,2,0,1,2,0,1,2,0,1,2,0,0,0,0,0,0,0,0
8471679,2012020194,2013-02-14,40,1,5,31,0,3,24,0,2,0,0,0,0,0,0,0,0,0,1,0,0,2,0,0,2,0,0
8471679,2012020227,2013-02-19,46,2,5,31,2,4,21,1,3,1,0,0,1,0,0,1,0,0,1,0,0,2,1,0,2,1,0
8471679,2012020241,2013-02-21,49,0,6,28,0,3,22,0,3,2,0,2,2,0,2,2,0,2,2,0,0,3,0,0,3,0,0
8471679,2012020255,2013-02-23,50,0,2,34,0,0,17,0,0,0,0,0,0,0,0,0,0,0,6,0,0,2,0,0,2,0,0
8471679,2012020271,2013-02-25,40,1,1,32,1,0,23,1,0,1,0,0,1,0,0,1,0,0,4,0,0,0,0,0,0,0,0
8471679,2012020284,2013-02-27,51,0,5,36,0,2,21,0,2,2,0,0,2,0,0,2,0,0,3,0,0,1,0,0,2,0,0
8471679,2012020306,2013-03-02,56,1,6,43,1,5,33,1,2,6,0,1,5,0,1,5,0,1,7,0,0,4,0,1,4,0,1
8471679,2012020325,2013-03-05,35,1,8,23,1,5,17,1,5,3,0,2,3,0,2,2,0,2,3,0,0,1,0,0,1,0,0
8471679,2012020344,2013-03-07,57,3,10,44,3,9,34,3,6,2,0,0,2,0,0,0,0,0,3,1,0,4,0,1,4,0,1
8471679,2012020361,2013-03-09,39,0,2,26,0,1,22,0,1,2,0,1,2,0,1,2,0,1,1,0,0,0,0,0,0,0,0
8471679,2012020388,2013-03-13,48,2,14,28,2,12,22,1,9,1,0,2,1,0,2,1,0,2,4,0,1,2,0,0,2,0,0
8471679,2012020410,2013-03-16,50,1,5,36,1,4,31,0,2,0,0,1,0,0,1,0,0,0,5,0,1,0,0,0,0,0,0
8471679,2012020433,2013-03-19,26,0,11,18,0,8,14,0,7,2,0,1,1,0,1,1,0,1,4,0,0,2,0,2,2,0,2
8471679,2012020444,2013-03-21,41,3,16,26,1,13,17,1,9,2,0,0,2,0,0,1,0,0,0,1,0,0,0,1,0,0,1
8471679,2012020460,2013-03-23,24,1,6,18,1,3,15,1,2,1,0,1,1,0,1,1,0,1,2,1,0,0,0,0,0,0,0
8471679,2012020480,2013-03-26,35,1,12,23,0,9,19,0,6,1,0,0,1,0,0,1,0,0,0,0,0,2,0,3,2,0,3
8471679,2012020488,2013-03-27,37,4,4,27,4,3,21,3,2,3,0,1,3,0,1,2,0,1,3,1,0,4,0,0,4,0,0
8471679,2012020512,2013-03-30,68,0,4,45,0,3,31,0,3,0,0,0,0,0,0,0,0,0,10,0,0,4,0,1,4,0,1
8471679,2012020524,2013-04-01,48,0,10,34,0,5,17,0,2,1,0,0,1,0,0,1,0,0,7,0,0,3,0,1,3,0,1
8471679,2012020539,2013-04-03,35,2,10,29,2,6,26,2,5,4,0,0,4,0,0,4,0,0,1,1,3,3,0,0,3,0,0
8471679,2012020562,2013-04-06,64,0,0,41,0,0,27,0,0,1,0,0,1,0,0,0,0,0,8,0,0,4,0,0,4,0,0
8471679,2012020585,2013-04-09,43,0,2,35,0,1,26,0,1,3,0,0,3,0,0,3,0,0,4,0,0,2,0,0,2,0,0
8471679,2012020612,2013-04-13,4,0,1,3,0,1,3,0,1,2,0,1,2,0,1,1,0,1,0,0,0,0,0,0,0,0,0
8471679,2012020626,2013-04-15,28,2,7,24,2,7,21,2,6,4,0,2,3,0,2,3,0,2,2,0,0,1,0,0,1,0,0
8471679,2012020640,2013-04-17,15,0,19,13,0,17,11,0,9,2,0,1,2,0,1,1,0,1,0,0,0,0,0,1,0,0,1
8471679,2012020646,2013-04-18,53,4,5,41,3,5,29,3,2,1,0,1,1,0,1,1,0,1,1,1,0,5,0,0,5,0,0
8471679,2012020662,2013-04-20,44,1,5,28,0,4,21,0,4,3,0,2,3,0,2,2,0,2,8,0,0,2,0,0,2,0,0
8471679,2012020681,2013-04-23,31,2,5,24,1,4,21,0,3,1,0,2,1,0,2,1,0,2,0,0,0,2,0,0,2,0,0
8471679,2012020700,2013-04-25,42,2,3,32,2,1,22,2,1,2,0,0,2,0,0,1,0,0,7,1,0,2,0,0,2,0,0
8471679,2012030121,2013-05-02,49,2,6,32,1,3,28,1,2,4,0,0,4,0,0,3,0,0,9,0,0,4,0,0,4,0,0
8471679,2012030122,2013-05-03,58,0,13,28,0,9,23,0,7,1,0,0,1,0,0,1,0,0,5,0,0,3,0,0,3,0,0
8471679,2012030123,2013-05-05,33,3,23,30,2,16,20,1,9,3,0,3,3,0,3,3,0,2,2,0,0,4,0,2,4,0,2
8471679,2012030124,2013-05-07,55,0,4,45,0,1,31,0,1,2,0,0,2,0,0,2,0,0,5,0,1,6,0,0,6,0,0
8471695,2012020004,2013-01-19,25,3,8,23,3,5,15,2,4,1,0,0,1,0,0,1,0,0,1,0,0,3,0,0,3,0,0
8471695,2012020020,2013-01-21,54,1,8,36,1,4,25,1,1,1,0,0,1,0,0,1,0,0,2,0,0,3,0,1,3,0,1
8471695,2012020037,2013-01-23,41,1,12,36,0,9,28,0,5,4,0,0,3,0,0,2,0,0,1,0,0,6,0,0,6,0,0
8471695,2012020050,2013-01-25,32,5,9,22,3,6,18,3,5,2,0,0,1,0,0,1,0,0,4,0,0,2,1,1,2,1,1
8471695,2012020078,2013-01-29,37,0,12,26,0,9,19,0,7,0,0,1,0,0,1,0,0,1,2,0,0,3,0,0,3,0,0
8471695,2012020092,2013-01-31,44,0,5,37,0,4,28,0,3,5,0,1,5,0,1,5,0,1,6,0,0,1,0,0,1,0,0
8471695,2012020111,2013-02-02,45,0,8,25,0,6,19,0,2,0,0,0,0,0,0,0,0,0,3,0,0,2,0,0,2,0,0
8471695,2012020138,2013-02-06,42,0,10,22,0,6,15,0,6,0,0,1,0,0,1,0,0,1,3,0,1,2,0,1,2,0,1
8471695,2012020179,2013-02-12,35,2,4,27,2,3,24,2,3,3,0,0,1,0,0,1,0,0,2,0,0,3,0,0,3,0,0
8471695,2012020214,2013-02-17,66,0,4,47,0,3,23,0,1,2,0,0,2,0,0,2,0,0,2,0,0,6,0,0,6,0,0
8471695,2012020243,2013-02-21,45,0,5,33,0,5,23,0,3,2,0,0,2,0,0,2,0,0,2,0,0,0,0,0,0,0,0
8471695,2012020262,2013-02-24,52,2,16,38,2,12,26,2,7,1,0,0,1,0,0,1,0,0,1,0,1,3,0,1,4,0,0
8471695,2012020278,2013-02-26,51,2,8,39,2,6,30,2,5,1,0,0,1,0,0,1,0,0,4,0,0,3,0,0,3,0,0
8471695,2012020288,2013-02-28,52,0,8,38,0,7,25,0,6,0,0,1,0,0,1,0,0,1,4,0,0,2,0,0,2,0,0
8471695,2012020316,2013-03-03,39,0,9,27,0,7,20,0,6,3,0,1,2,0,1,2,0,1,4,0,0,1,0,1,1,0,1
8471695,2012020326,2013-03-05,57,0,11,40,0,7,24,0,2,4,0,0,4,0,0,4,0,0,3,0,0,2,0,0,2,0,0
8471695,2012020355,2013-03-09,42,2,11,27,1,9,19,0,4,0,0,0,0,0,0,0,0,0,1,0,1,2,0,2,2,0,2
8471695,2012020375,2013-03-11,43,2,4,35,1,2,30,1,1,2,0,0,2,0,0,1,0,0,5,0,0,3,0,0,3,0,0
8471695,2012020391,2013-03-14,45,3,4,33,3,1,26,3,1,0,1,0,0,0,0,0,0,0,4,0,0,1,0,0,1,0,0
8471695,2012020418,2013-03-17,39,0,1,30,0,1,18,0,0,2,0,0,2,0,0,2,0,0,2,0,0,2,0,0,2,0,0
8471695,2012020435,2013-03-19,41,0,3,28,0,3,21,0,3,1,0,1,1,0,1,1,0,1,2,0,0,5,0,0,5,0,0
8471695,2012020459,2013-03-23,9,0,0,4,0,0,2,0,0,0,0,0,0,0,0,0,0,0,1,0,0,0,0,0,0,0,0
8471695,2012020472,2013-03-25,32,1,5,25,1,4,21,1,3,1,0,1,1,0,1,0,0,1,2,0,1,2,0,0,2,0,0
8471695,2012020488,2013-03-27,38,2,11,28,2,7,22,1,5,4,0,1,4,0,1,4,0,1,4,0,0,0,0,0,0,0,0
8471695,2012020506,2013-03-30,37,2,1,25,1,1,19,1,1,1,0,1,1,0,1,1,0,1,3,0,0,1,1,0,1,1,0
8471695,2012020543,2013-04-04,61,1,2,48,1,2,37,1,2,0,0,0,0,0,0,0,0,0,1,1,0,2,0,0,2,0,0
8471695,2012020562,2013-04-06,54,0,2,42,0,1,28,0,1,1,0,1,1,0,1,1,0,1,11,0,0,5,0,0,5,0,0
8471695,2012020577,2013-04-08,66,1,4,51,1,4,39,1,2,2,0,0,2,0,0,2,0,0,0,0,0,5,0,0,5,0,0
8471695,2012020596,2013-04-11,50,0,4,43,0,4,33,0,3,2,0,0,2,0,0,2,0,0,5,0,0,4,0,1,4,0,1
8471695,2012020615,2013-04-13,59,0,10,47,0,9,29,0,8,1,0,2,1,0,2,1,0,2,2,0,0,6,0,1,6,0,1
8471695,2012020654,2013-04-20,23,0,14,18,0,13,16,0,8,1,0,2,1,0,2,1,0,2,0,0,0,2,0,0,2,0,0
8471695,2012020668,2013-04-21,46,0,6,38,0,3,27,0,1,0,0,0,0,0,0,0,0,0,7,0,1,1,0,0,1,0,0
8471695,2012020684,2013-04-23,14,1,2,13,1,2,13,0,0,2,0,0,2,0,0,1,0,0,3,1,0,0,0,0,0,0,0
8471695,2012020154,2013-04-25,44,0,9,31,0,7,26,0,4,0,0,0,0,0,0,0,0,0,4,0,0,2,0,0,2,0,0
8471695,2012020711,2013-04-27,48,0,17,34,0,15,25,0,12,0,0,3,0,0,3,0,0,3,3,0,0,2,0,2,2,0,2
8471695,2012020624,2013-04-28,40,1,3,27,1,2,19,1,1,3,0,0,3,0,0,3,0,0,1,0,0,1,0,0,1,0,0
8471695,2012030141,2013-05-01,25,2,6,19,1,5,16,0,4,0,0,1,0,0,1,0,0,1,0,0,0,0,0,1,0,0,1
8471695,2012030142,2013-05-04,48,0,5,36,0,4,28,0,4,3,0,1,3,0,1,3,0,1,3,0,0,7,0,1,7,0,1
8471695,2012030143,2013-05-06,62,1,8,48,1,8,40,1,6,0,0,2,0,0,1,0,0,1,8,0,3,3,0,2,3,0,2
8471695,2012030144,2013-05-08,78,0,8,61,0,5,44,0,4,3,0,0,3,0,0,3,0,0,7,0,1,4,0,0,4,0,0
8471695,2012030145,2013-05-10,48,1,6,37,1,4,29,1,3,1,1,0,0,0,0,0,0,0,3,0,0,2,0,0,2,0,0
8471695,2012030146,2013-05-12,49,1,4,34,0,3,23,0,3,2,0,0,2,0,0,2,0,0,6,0,0,1,0,0,1,0,0
8471695,2012030147,2013-05-13,34,0,11,30,0,8,20,0,8,3,0,1,3,0,1,3,0,1,2,0,0,2,0,3,2,0,3
8471695,2012030221,2013-05-16,61,0,5,41,0,4,32,0,3,2,0,0,2,0,0,2,0,0,3,0,0,5,0,1,5,0,1
8471695,2012030222,2013-05-19,42,1,16,32,1,11,29,1,7,2,0,0,1,0,0,1,0,0,3,0,2,2,0,1,2,0,1
8471695,2012030223,2013-05-21,56,0,4,37,0,3,22,0,2,1,0,0,1,0,0,0,0,0,2,0,0,1,0,0,1,0,0
8471695,2012030224,2013-05-23,55,2,13,38,1,10,25,1,6,3,0,1,2,0,1,2,0,1,6,0,0,2,0,0,2,0,0
8471695,2012030225,2013-05-25,46,2,4,32,2,2,25,2,2,0,0,1,0,0,1,0,0,1,2,0,1,2,0,0,2,0,0
8471695,2012030311,2013-06-01,32,1,19,25,1,15,19,1,9,0,0,0,0,0,0,0,0,0,1,0,0,2,0,3,2,0,3
8471695,2012030312,2013-06-03,51,1,6,38,0,4,24,0,3,1,0,0,1,0,0,1,0,0,1,0,0,3,0,1,3,0,1
8471695,2012030313,2013-06-05,73,3,25,55,3,18,38,3,13,1,0,0,1,0,0,1,0,0,4,0,1,3,0,1,3,0,1
8471695,2012030314,2013-06-07,56,0,4,39,0,2,24,0,2,0,0,0,0,0,0,0,0,0,1,0,0,1,0,0,1,0,0
8471695,2012030411,2013-06-12,124,0,8,88,0,4,61,0,2,4,0,0,4,0,0,2,0,0,6,0,0,2,0,0,2,0,0
8471695,2012030412,2013-06-15,56,2,6,41,2,3,30,2,2,1,0,0,1,0,0,1,0,0,3,0,1,2,0,0,2,0,0
8471695,2012030413,2013-06-17,47,2,7,32,1,6,23,1,4,0,0,0,0,0,0,0,0,0,3,0,0,0,0,1,0,0,1
8471695,2012030414,2013-06-19,62,2,6,52,2,5,41,2,4,4,1,1,4,1,1,3,0,1,1,1,0,4,0,1,4,0,1
8471695,2012030415,2013-06-22,51,0,2,39,0,1,30,0,1,2,0,0,2,0,0,2,0,0,9,0,0,3,0,0,3,0,0
8471695,2012030416,2013-06-24,43,1,4,37,1,3,28,1,2,3,0,0,2,0,0,2,0,0,3,0,0,3,0,0,3,0,0
8471712,2012020360,2013-03-09,7,0,0,7,0,0,3,0,0,0,0,0,0,0,0,0,0,0,0,0,0,0,0,0,0,0,0
8471715,2012020002,2013-01-19,53,4,4,43,4,4,31,3,3,3,0,1,3,0,1,2,0,1,8,1,1,1,0,0,1,0,0
8471715,2012020020,2013-01-21,52,0,5,37,0,4,24,0,3,1,0,0,1,0,0,0,0,0,2,0,0,2,0,0,2,0,0
8471715,2012020027,2013-01-22,49,0,8,33,0,6,29,0,5,1,0,1,1,0,1,1,0,1,0,0,0,1,0,0,1,0,0
8471715,2012020055,2013-01-25,70,0,1,53,0,1,34,0,1,2,0,0,2,0,0,1,0,0,4,0,0,4,0,0,4,0,0
8471715,2012020081,2013-01-29,38,2,9,30,2,6,20,1,5,2,0,2,2,0,2,2,0,2,2,0,0,4,0,1,3,0,2
8471715,2012020097,2013-01-31,41,0,15,29,0,14,22,0,11,2,0,3,1,0,3,1,0,3,2,0,0,2,0,3,2,0,3
8471715,2012020103,2013-02-01,10,0,14,8,0,10,7,0,7,2,0,3,2,0,3,2,0,3,0,0,1,0,0,0,0,0,0
8471715,2012020135,2013-02-05,34,0,3,25,0,0,19,0,0,2,0,0,2,0,0,2,0,0,3,0,0,1,0,0,1,0,0
8471715,2012020148,2013-02-07,33,2,8,17,2,6,13,1,4,1,1,1,1,0,1,1,0,0,0,1,0,0,0,0,0,0,0
8471715,2012020183,2013-02-12,9,0,5,7,0,4,7,0,4,1,0,0,1,0,0,0,0,0,2,0,0,0,0,1,0,0,1
8471715,2012020199,2013-02-15,52,0,7,39,0,5,24,0,3,1,0,1,1,0,1,1,0,1,4,0,0,6,0,0,6,0,0
8471715,2012020214,2013-02-17,59,0,2,41,0,1,25,0,1,2,0,1,2,0,1,2,0,1,3,0,1,3,0,0,3,0,0
8471715,2012020226,2013-02-19,51,1,8,33,1,7,25,0,5,1,0,0,1,0,0,0,0,0,4,0,1,3,0,0,3,0,0
8471715,2012020240,2013-02-21,47,0,10,37,0,6,27,0,3,3,0,0,2,0,0,2,0,0,7,0,0,3,0,0,3,0,0
8471715,2012020251,2013-02-23,51,1,9,38,1,9,29,1,8,1,0,3,1,0,3,1,0,3,3,0,0,7,0,0,7,0,0
8471715,2012020263,2013-02-24,41,0,6,31,0,5,22,0,4,2,0,0,2,0,0,2,0,0,2,0,0,0,0,0,0,0,0
8471715,2012020275,2013-02-26,54,2,4,38,2,2,30,2,1,3,0,0,3,0,0,3,0,0,3,0,0,2,0,0,2,0,0
8471715,2012020293,2013-02-28,50,2,6,32,2,2,19,2,2,1,0,0,1,0,0,1,0,0,2,0,0,2,0,0,2,0,0
8471715,2012020305,2013-03-02,41,2,1,33,1,1,20,0,1,3,0,0,3,0,0,2,0,0,5,0,0,4,0,0,4,0,0
8471715,2012020330,2013-03-05,43,0,5,35,0,4,25,0,1,4,0,0,3,0,0,3,0,0,5,0,0,1,0,0,2,0,0
8471715,2012020351,2013-03-08,51,2,10,43,2,9,31,2,7,2,0,0,2,0,0,2,0,0,2,0,0,5,0,0,5,0,0
8471715,2012020368,2013-03-10,51,1,5,37,1,3,27,0,0,2,0,0,2,0,0,2,0,0,3,0,0,2,0,0,2,0,0
8471715,2012020382,2013-03-12,39,0,7,29,0,5,22,0,4,2,0,0,1,0,0,1,0,0,4,0,0,1,0,0,1,0,0
8471715,2012020396,2013-03-14,67,0,0,46,0,0,29,0,0,1,0,0,1,0,0,1,0,0,6,0,0,8,0,0,9,0,0
8471715,2012020409,2013-03-16,56,1,3,39,1,2,30,1,1,4,0,0,4,0,0,1,0,0,5,0,0,0,0,0,0,0,0
8471715,2012020419,2013-03-17,54,0,10,46,0,9,33,0,9,2,0,2,2,0,2,2,0,2,4,0,0,6,0,1,6,0,1
8471715,2012020435,2013-03-19,47,1,13,34,1,7,23,1,4,1,0,0,0,0,0,0,0,0,5,0,0,1,0,0,1,0,0
8471715,2012020448,2013-03-21,36,3,6,22,3,5,19,3,3,3,0,1,3,0,1,1,0,1,6,1,1,0,0,0,0,0,0
8471715,2012020454,2013-03-22,9,3,0,7,3,0,7,2,0,3,0,0,3,0,0,2,0,0,3,0,0,0,0,0,0,0,0
8471715,2012020468,2013-03-24,40,1,7,30,1,6,19,1,5,1,0,1,1,0,1,0,0,1,4,0,1,0,0,0,0,0,0
8471715,2012020482,2013-03-26,64,1,14,44,0,10,31,0,8,1,0,0,1,0,0,1,0,0,2,0,1,7,0,2,7,0,2
8471715,2012020508,2013-03-30,38,0,19,29,0,13,21,0,7,3,0,0,3,0,0,2,0,0,4,0,0,3,0,0,3,0,0
8471715,2012020523,2013-04-01,52,1,3,38,1,3,31,1,3,3,1,0,3,1,0,3,1,0,3,0,0,4,0,0,4,0,0
8471715,2012020532,2013-04-02,67,0,3,52,0,2,37,0,1,3,0,1,3,0,1,3,0,1,3,0,0,2,0,1,2,0,1
8471715,2012020547,2013-04-04,36,2,7,23,0,6,18,0,6,2,0,2,2,0,2,2,0,2,4,0,0,6,0,2,6,0,2
8471715,2012020559,2013-04-06,48,2,5,35,2,5,25,2,4,1,0,0,1,0,0,1,0,0,3,1,1,2,0,0,2,0,0
8471715,2012020587,2013-04-09,38,0,9,32,0,6,25,0,5,1,0,0,1,0,0,1,0,0,2,0,0,3,0,0,3,0,0
8471715,2012020602,2013-04-11,44,1,5,35,1,4,23,0,4,2,0,0,2,0,0,1,0,0,6,0,1,1,0,0,1,0,0
8471715,2012020636,2013-04-16,49,0,4,35,0,2,26,0,1,3,0,0,2,0,0,1,0,0,10,0,1,4,0,0,4,0,0
8471715,2012020649,2013-04-18,54,1,4,33,1,4,24,0,3,3,0,0,3,0,0,3,0,0,3,0,0,6,0,2,6,0,2
8471715,2012020661,2013-04-20,59,0,13,41,0,6,28,0,5,4,0,0,4,0,0,4,0,0,5,0,0,3,0,1,3,0,1
8471715,2012020676,2013-04-22,45,1,1,40,1,1,24,0,1,0,0,1,0,0,1,0,0,1,2,0,0,0,0,0,0,0,0
8471715,2012020682,2013-04-23,67,2,2,51,2,2,37,1,2,4,0,0,4,0,0,3,0,0,4,0,0,7,0,0,7,0,0
8471715,2012020700,2013-04-25,57,0,8,40,0,7,25,0,5,3,0,1,3,0,1,2,0,1,5,0,0,4,0,2,4,0,2
8471734,2012020003,2013-01-19,29,0,13,23,0,12,15,0,7,4,0,1,4,0,1,2,0,0,3,0,1,2,0,1,2,0,1
8471734,2012020034,2013-01-22,41,1,8,35,1,6,27,0,4,2,0,1,2,0,1,2,0,0,2,0,0,3,0,1,3,0,1
8471734,2012020048,2013-01-24,32,3,33,23,3,26,16,3,20,1,0,1,1,0,1,1,0,1,1,1,0,1,0,4,1,0,4
8471734,2012020062,2013-01-26,46,0,13,35,0,12,25,0,8,1,0,1,1,0,1,0,0,1,2,0,0,6,0,3,6,0,3
8471734,2012020077,2013-01-28,29,1,8,24,1,4,21,0,2,2,0,0,2,0,0,2,0,0,0,0,1,3,0,0,3,0,0
8471734,2012020099,2013-01-31,30,0,1,23,0,0,14,0,0,1,0,0,1,0,0,1,0,0,3,0,0,2,0,0,2,0,0
8471734,2012020117,2013-02-02,3,0,0,3,0,0,3,0,0,2,0,0,2,0,0,1,0,0,1,0,0,0,0,0,0,0,0
8471734,2012020131,2013-02-05,31,2,4,22,1,2,18,1,1,2,0,0,2,0,0,2,0,0,1,0,0,1,0,0,1,0,0
8471734,2012020150,2013-02-07,19,0,4,15,0,3,11,0,3,2,0,1,2,0,1,2,0,1,3,0,0,0,0,1,0,0,1
8471734,2012020166,2013-02-10,32,1,11,27,1,9,23,1,7,2,0,1,1,0,1,1,0,1,2,0,0,2,0,0,2,0,0
8471734,2012020213,2013-02-17,47,0,15,36,0,12,28,0,9,2,0,1,2,0,1,2,0,1,3,0,0,3,0,1,3,0,1
8471734,2012020233,2013-02-19,35,0,7,28,0,6,19,0,5,0,0,1,0,0,1,0,0,1,2,0,2,2,0,0,2,0,0
8471734,2012020253,2013-02-23,31,0,7,28,0,6,21,0,3,0,0,1,0,0,1,0,0,1,2,0,0,3,0,0,3,0,0
8471734,2012020274,2013-02-25,34,0,14,26,0,12,20,0,6,1,0,1,1,0,1,1,0,1,5,0,0,1,0,0,1,0,0
8471734,2012020309,2013-03-02,38,1,8,27,1,5,20,0,3,4,0,0,4,0,0,4,0,0,1,0,0,3,0,2,3,0,2
8471734,2012020334,2013-03-05,11,0,6,7,0,3,4,0,2,1,0,0,1,0,0,1,0,0,2,0,2,0,0,0,0,0,0
8471734,2012020349,2013-03-07,35,0,4,28,0,3,18,0,3,2,0,2,2,0,2,2,0,2,4,0,0,2,0,1,2,0,1
8471734,2012020364,2013-03-09,36,0,5,28,0,3,17,0,2,1,0,1,1,0,1,1,0,1,6,0,0,2,0,0,2,0,0
8471734,2012020376,2013-03-11,40,0,14,29,0,10,19,0,5,1,0,0,1,0,0,0,0,0,1,0,1,1,0,1,1,0,1
8471734,2012020387,2013-03-12,41,0,3,32,0,3,27,0,2,4,0,1,4,0,1,3,0,0,1,0,0,3,0,0,3,0,0
8471734,2012020401,2013-03-14,17,0,7,13,0,5,8,0,4,1,0,2,1,0,2,1,0,2,0,0,0,1,0,0,1,0,0
8471734,2012020428,2013-03-18,44,1,12,35,1,8,22,1,4,0,0,0,0,0,0,0,0,0,5,0,0,5,0,0,5,0,0
8471734,2012020451,2013-03-21,38,0,6,27,0,4,18,0,3,2,0,0,2,0,0,1,0,0,5,0,0,2,0,1,2,0,1
8471734,2012020458,2013-03-23,20,0,7,17,0,4,10,0,3,1,0,0,1,0,0,1,0,0,2,0,0,1,0,0,1,0,0
8471734,2012020474,2013-03-25,34,2,5,27,1,4,23,0,2,4,0,0,4,0,0,4,0,0,2,0,0,1,0,1,1,0,1
8471734,2012020497,2013-03-28,32,0,10,23,0,7,17,0,5,1,0,1,1,0,1,1,0,1,3,0,0,1,0,1,1,0,1
8471734,2012020510,2013-03-30,45,0,9,35,0,6,25,0,3,2,0,1,2,0,1,2,0,1,3,0,0,1,0,0,1,0,0
8471734,2012020537,2013-04-02,49,1,4,41,1,3,31,0,0,3,0,0,3,0,0,3,0,0,3,0,0,1,0,0,1,0,0
8471734,2012020561,2013-04-06,35,1,11,26,1,9,18,0,6,0,0,1,0,0,1,0,0,1,1,0,0,1,0,1,1,0,1
8471734,2012020590,2013-04-09,44,2,9,33,2,6,26,2,3,5,0,0,5,0,0,4,0,0,3,1,0,2,0,1,2,0,1
8471734,2012020604,2013-04-11,43,0,3,36,0,3,27,0,1,2,0,0,2,0,0,0,0,0,7,0,0,1,0,0,1,0,0
8471734,2012020620,2013-04-13,33,3,2,27,3,2,17,2,1,0,1,0,0,0,0,0,0,0,3,0,0,1,0,0,1,0,0
8471734,2012020639,2013-04-16,58,2,8,41,1,5,29,1,5,2,0,0,1,0,0,1,0,0,4,1,1,5,0,0,5,0,0
8471734,2012020652,2013-04-18,38,0,9,24,0,6,18,0,3,1,0,0,1,0,0,1,0,0,3,0,1,3,0,0,3,0,0
8471734,2012020675,2013-04-21,34,2,13,30,2,10,20,0,7,3,0,0,3,0,0,3,0,0,6,0,0,4,0,0,4,0,0
8471734,2012020691,2013-04-24,58,1,5,47,1,4,31,1,4,2,0,1,2,0,1,2,0,1,7,0,0,1,0,0,1,0,0
8471734,2012020720,2013-04-27,45,0,0,33,0,0,25,0,0,2,0,0,2,0,0,2,0,0,1,0,0,2,0,0,2,0,0
8471734,2012030181,2013-04-30,59,1,23,47,1,18,33,1,8,0,1,1,0,0,1,0,0,0,7,1,0,3,0,3,3,0,3
8471734,2012030182,2013-05-02,42,2,4,33,2,2,23,1,1,2,0,0,2,0,0,2,0,0,3,0,0,2,0,0,2,0,0
8471734,2012030183,2013-05-04,39,4,13,33,4,9,22,3,5,0,0,0,0,0,0,0,0,0,8,1,0,1,0,1,1,0,1
8471734,2012030184,2013-05-06,32,0,5,27,0,5,19,0,3,2,0,1,2,0,1,2,0,1,2,0,0,3,0,0,3,0,0
8471734,2012030185,2013-05-08,68,0,7,47,0,7,32,0,4,2,0,0,2,0,0,1,0,0,1,0,0,1,0,1,1,0,1
8471734,2012030186,2013-05-10,51,0,1,42,0,1,21,0,1,1,0,0,1,0,0,1,0,0,7,0,0,4,0,0,4,0,0
8471734,2012030241,2013-05-14,60,0,9,49,0,6,31,0,4,0,0,0,0,0,0,0,0,0,5,0,1,2,0,0,2,0,0
8471734,2012030242,2013-05-16,38,1,12,31,1,9,24,1,6,3,0,0,3,0,0,3,0,0,3,0,1,3,0,0,3,0,0
8471734,2012030243,2013-05-18,67,1,13,44,1,10,33,1,6,0,0,2,0,0,2,0,0,2,2,0,0,2,0,0,2,0,0
8471734,2012030244,2013-05-21,45,0,11,32,0,7,18,0,5,1,0,1,1,0,1,1,0,1,7,0,1,6,0,0,6,0,0
8471734,2012030245,2013-05-23,37,1,7,29,1,6,19,1,4,0,0,0,0,0,0,0,0,0,3,0,0,3,0,0,3,0,0
8471734,2012030246,2013-05-26,35,0,13,25,0,11,21,0,5,1,0,1,1,0,1,1,0,1,0,0,0,6,0,1,6,0,1
8471734,2012030247,2013-05-28,52,0,3,38,0,1,25,0,1,1,0,0,1,0,0,0,0,0,7,0,0,7,0,0,7,0,0
8471734,2012030321,2013-06-01,49,2,7,39,2,6,30,1,5,2,0,0,2,0,0,2,0,0,4,0,0,5,0,0,5,0,0
8471734,2012030322,2013-06-02,20,0,4,15,0,4,14,0,3,3,0,1,3,0,1,3,0,1,1,0,0,0,0,1,0,0,1
8471734,2012030323,2013-06-04,37,0,5,27,0,3,17,0,3,1,0,0,0,0,0,0,0,0,1,0,0,4,0,2,4,0,2
8471734,2012030324,2013-06-06,35,1,9,30,1,7,24,1,3,3,0,0,3,0,0,3,0,0,3,0,0,2,0,1,2,0,1
8471734,2012030325,2013-06-08,67,0,4,50,0,2,34,0,1,4,0,0,4,0,0,1,0,0,7,0,1,2,0,0,2,0,0
8471750,2012020053,2013-01-25,50,1,7,38,1,5,26,0,4,4,0,1,4,0,1,4,0,1,1,0,0,2,0,2,2,0,2
8471750,2012020157,2013-02-09,50,1,4,43,1,4,33,1,3,1,0,0,1,0,0,0,0,0,7,0,0,1,0,0,1,0,0
8471750,2012020219,2013-02-18,34,2,13,28,2,11,20,1,10,1,0,0,1,0,0,0,0,0,4,0,0,1,0,2,1,0,2
8471750,2012020242,2013-02-21,28,0,5,20,0,3,12,0,1,1,0,1,1,0,1,1,0,1,1,0,1,4,0,1,4,0,1
8471750,2012020256,2013-02-23,51,0,5,34,0,4,25,0,3,1,0,1,1,0,1,1,0,1,4,0,0,3,0,1,3,0,1
8471750,2012020271,2013-02-25,54,0,14,45,0,11,37,0,8,0,0,1,0,0,1,0,0,1,7,0,0,5,0,1,5,0,1
8471750,2012020302,2013-03-02,54,4,17,37,4,13,30,2,9,2,0,0,2,0,0,2,0,0,4,1,0,3,0,1,3,0,1
8471750,2012020335,2013-03-06,49,0,3,37,0,3,25,0,3,4,0,1,3,0,1,3,0,1,5,0,0,6,0,0,6,0,0
8471750,2012020407,2013-03-16,45,2,8,35,2,6,28,2,6,3,0,0,3,0,0,3,0,0,6,0,1,3,0,0,3,0,0
8471750,2012020430,2013-03-19,32,0,17,23,0,14,20,0,9,2,0,1,2,0,1,2,0,1,2,0,1,0,0,0,0,0,0
8471750,2012020473,2013-03-25,65,0,2,51,0,1,33,0,1,2,0,0,1,0,0,1,0,0,3,0,0,3,0,0,3,0,0
8471750,2012020495,2013-03-28,48,1,6,32,1,4,21,1,2,0,0,0,0,0,0,0,0,0,6,0,0,3,0,0,3,0,0
8471750,2012020513,2013-03-30,34,3,6,22,3,5,17,2,4,3,0,1,3,0,1,2,0,1,3,0,0,1,0,0,1,0,0
8471750,2012020546,2013-04-04,78,1,10,60,0,8,40,0,5,0,0,0,0,0,0,0,0,0,4,1,0,13,0,1,13,0,1
8471750,2012020564,2013-04-06,50,4,3,33,3,1,24,2,1,3,0,0,3,0,0,2,0,0,2,1,0,4,0,0,4,0,0
8471750,2012020573,2013-04-07,54,0,5,44,0,3,35,0,2,3,0,0,3,0,0,3,0,0,3,0,0,2,0,0,2,0,0
8471750,2012020586,2013-04-09,61,2,9,44,1,5,29,1,3,1,0,1,1,0,1,1,0,1,3,1,0,4,0,0,4,0,0
8471750,2012020600,2013-04-11,40,1,21,32,1,18,27,1,13,3,0,3,2,0,3,2,0,3,6,0,1,2,0,2,2,0,2
8471750,2012020614,2013-04-13,17,0,13,17,0,10,13,0,7,2,0,1,2,0,1,1,0,1,1,0,0,0,0,0,0,0,0
8471750,2012020636,2013-04-16,59,1,9,46,1,8,30,1,5,2,0,1,2,0,1,2,0,1,5,1,0,4,0,0,4,0,0
8471750,2012020646,2013-04-18,48,0,15,36,0,10,28,0,7,2,0,1,2,0,1,2,0,1,3,0,0,7,0,2,7,0,2
8471750,2012020690,2013-04-24,50,0,6,39,0,3,26,0,2,2,0,0,2,0,0,1,0,0,11,0,0,3,0,0,3,0,0
8471774,2012020358,2013-03-09,10,0,1,8,0,1,6,0,1,1,0,0,1,0,0,1,0,0,0,0,0,0,0,0,0,0,0
8471774,2012020417,2013-03-16,12,1,3,9,1,2,5,0,1,1,0,0,1,0,0,1,0,0,1,0,0,0,0,0,0,0,0
8473404,2012020012,2013-01-19,47,1,5,31,1,3,24,1,2,2,0,0,2,0,0,2,0,0,3,0,1,3,0,1,3,0,1
8473404,2012020032,2013-01-22,40,0,3,32,0,3,23,0,3,2,0,1,1,0,1,1,0,0,3,0,0,2,0,0,2,0,0
8473404,2012020071,2013-01-27,49,1,10,39,1,6,29,1,4,5,0,0,5,0,0,5,0,0,1,0,0,3,0,0,3,0,0
8473404,2012020086,2013-01-29,41,2,8,28,1,4,16,1,2,1,0,1,1,0,1,1,0,0,2,1,0,1,0,0,1,0,0
8473404,2012020089,2013-01-30,46,3,3,38,2,2,25,1,2,0,0,0,0,0,0,0,0,0,0,0,0,0,0,0,0,0,0
8473404,2012020107,2013-02-01,57,0,8,38,0,5,27,0,4,2,0,1,2,0,1,2,0,1,5,0,0,3,0,0,3,0,0
8473404,2012020125,2013-02-04,56,1,2,43,1,1,32,1,1,2,0,0,2,0,0,2,0,0,4,0,0,3,0,0,3,0,0
8473404,2012020151,2013-02-07,20,0,6,15,0,5,11,0,5,3,0,1,3,0,0,3,0,0,0,0,1,1,0,1,1,0,1
8473404,2012020164,2013-02-09,23,1,15,17,1,14,13,0,13,1,0,0,1,0,0,0,0,0,0,0,0,4,0,2,4,0,2
8473404,2012020177,2013-02-11,43,0,5,29,0,5,21,0,3,1,0,0,1,0,0,0,0,0,3,0,0,4,0,0,4,0,0
8473404,2012020196,2013-02-14,47,0,4,39,0,3,29,0,3,2,0,1,2,0,1,2,0,1,5,0,0,2,0,1,2,0,1
8473404,2012020246,2013-02-21,50,3,1,37,3,1,25,2,1,1,0,0,1,0,0,1,0,0,2,1,0,1,0,0,1,0,0
8473404,2012020261,2013-02-23,42,1,2,33,1,1,24,1,1,2,0,0,2,0,0,1,0,0,2,0,0,3,0,0,3,0,0
8473404,2012020281,2013-02-26,17,4,8,14,2,6,14,2,5,0,0,1,0,0,1,0,0,1,0,0,0,0,0,1,0,0,1
8473404,2012020297,2013-02-28,59,1,7,43,1,5,25,0,3,3,0,0,3,0,0,3,0,0,1,0,0,3,0,0,3,0,0
8473404,2012020318,2013-03-03,42,0,0,30,0,0,21,0,0,2,0,0,1,0,0,1,0,0,3,0,0,1,0,0,1,0,0
8473404,2012020332,2013-03-05,21,1,1,17,1,1,16,0,1,4,0,0,4,0,0,4,0,0,1,0,0,2,0,0,2,0,0
8473404,2012020362,2013-03-09,42,0,3,32,0,3,23,0,2,0,0,1,0,0,1,0,0,1,8,0,0,2,0,0,2,0,0
8473404,2012020372,2013-03-10,37,3,12,28,3,9,19,1,7,2,0,0,2,0,0,1,0,0,4,1,0,3,0,0,3,0,0
8473404,2012020384,2013-03-12,33,3,5,24,3,3,17,1,3,2,0,0,2,0,0,2,0,0,4,0,0,2,0,1,2,0,1
8473404,2012020398,2013-03-14,57,0,6,43,0,6,28,0,4,2,0,1,2,0,1,2,0,1,3,0,0,1,0,0,1,0,0
8473404,2012020408,2013-03-16,44,1,4,35,1,3,29,1,2,4,0,0,4,0,0,3,0,0,2,0,0,4,0,0,4,0,0
8473404,2012020426,2013-03-18,67,0,12,48,0,8,31,0,5,0,0,1,0,0,1,0,0,1,6,0,0,2,0,0,2,0,0
8473404,2012020439,2013-03-20,41,0,18,34,0,16,26,0,12,1,0,1,0,0,1,0,0,1,4,0,1,2,0,1,2,0,1
8473404,2012020457,2013-03-23,51,0,10,38,0,7,27,0,6,0,0,0,0,0,0,0,0,0,0,0,0,2,0,0,2,0,0
8473404,2012020476,2013-03-25,40,0,11,27,0,11,20,0,6,3,0,1,3,0,1,2,0,1,5,0,0,2,0,1,2,0,1
8473404,2012020489,2013-03-27,38,2,4,29,2,2,24,2,1,3,0,0,3,0,0,3,0,0,1,1,0,2,0,0,2,0,0
8473404,2012020510,2013-03-30,52,1,6,40,1,5,25,1,5,1,0,2,0,0,2,0,0,2,2,0,0,1,0,1,1,0,1
8473404,2012020526,2013-04-01,46,0,2,30,0,2,22,0,2,4,0,0,3,0,0,2,0,0,3,0,0,3,0,0,3,0,0
8473404,2012020542,2013-04-03,42,0,13,33,0,12,22,0,11,2,0,2,2,0,1,1,0,1,1,0,0,3,0,1,3,0,1
8473404,2012020552,2013-04-04,5,0,0,3,0,0,2,0,0,2,0,0,1,0,0,1,0,0,1,0,0,0,0,0,0,0,0
8473404,2012020572,2013-04-07,36,1,6,22,0,3,21,0,3,0,0,0,0,0,0,0,0,0,0,0,0,1,0,0,1,0,0
8473404,2012020589,2013-04-09,47,0,4,41,0,3,29,0,2,1,0,0,0,0,0,0,0,0,0,0,0,1,0,0,1,0,0
8473404,2012020603,2013-04-11,33,0,5,21,0,3,17,0,3,2,0,0,2,0,0,2,0,0,4,0,0,0,0,1,0,0,1
8473404,2012020617,2013-04-13,43,0,3,27,0,3,20,0,2,2,0,0,2,0,0,2,0,0,1,0,0,2,0,0,2,0,0
8473404,2012020630,2013-04-15,29,0,4,26,0,3,22,0,1,3,0,0,3,0,0,3,0,0,1,0,0,2,0,0,2,0,0
8473404,2012020638,2013-04-16,44,0,2,29,0,2,18,0,1,2,0,1,2,0,1,2,0,1,1,0,0,1,0,0,1,0,0
8473404,2012020653,2013-04-18,49,0,2,38,0,1,26,0,1,4,0,1,4,0,1,2,0,1,3,0,0,3,0,0,3,0,0
8473404,2012020670,2013-04-21,39,0,6,27,0,4,20,0,3,1,0,2,1,0,2,1,0,2,2,0,2,3,0,1,3,0,1
8473404,2012020688,2013-04-23,45,0,1,35,0,0,23,0,0,1,0,0,1,0,0,0,0,0,4,0,0,2,0,0,2,0,0
8473404,2012020705,2013-04-26,10,0,0,7,0,0,5,0,0,3,0,0,2,0,0,2,0,0,2,0,0,0,0,0,0,0,0
8473404,2012020715,2013-04-27,50,1,7,37,0,5,26,0,4,1,0,0,1,0,0,1,0,0,0,0,0,3,0,0,3,0,0
8473414,2012020134,2013-02-05,21,0,1,11,0,1,5,0,1,0,0,0,0,0,0,0,0,0,3,0,0,0,0,0,0,0,0
8473414,2012020146,2013-02-07,33,0,9,27,0,8,22,0,7,2,0,1,2,0,1,1,0,1,2,0,0,1,0,1,1,0,1
8473414,2012020165,2013-02-09,44,1,14,36,1,8,24,1,6,4,0,1,4,0,1,4,0,1,2,0,0,1,0,0,1,0,0
8473414,2012020177,2013-02-11,36,0,12,18,0,10,14,0,10,1,0,0,1,0,0,1,0,0,0,0,0,4,0,0,4,0,0
8473414,2012020190,2013-02-13,49,2,9,35,2,9,26,1,7,2,0,2,2,0,2,2,0,2,1,0,1,4,1,0,4,1,0
8473414,2012020202,2013-02-15,5,0,0,4,0,0,4,0,0,2,0,0,2,0,0,0,0,0,0,0,0,0,0,0,0,0,0
8473434,2012020075,2013-01-28,44,0,3,34,0,3,20,0,1,0,0,0,0,0,0,0,0,0,2,0,0,3,0,0,3,0,0
8473434,2012020090,2013-01-30,44,1,5,33,1,4,17,1,3,1,0,1,1,0,1,1,0,1,4,0,1,3,0,0,3,0,0
8473434,2012020551,2013-04-04,49,1,17,37,1,9,28,0,8,0,0,2,0,0,2,0,0,2,2,0,0,3,0,2,3,0,2
8473434,2012020650,2013-04-18,50,0,0,38,0,0,30,0,0,1,0,0,1,0,0,1,0,0,1,0,0,1,0,0,1,0,0
8473461,2012020039,2013-01-23,60,0,8,48,0,7,37,0,5,4,0,1,4,0,1,4,0,1,5,0,0,4,0,0,4,0,0
8473461,2012020059,2013-01-26,31,1,8,23,1,5,19,1,4,3,0,0,3,0,0,2,0,0,1,0,0,1,0,0,1,0,0
8473461,2012020086,2013-01-29,36,1,4,29,0,4,22,0,4,3,0,0,3,0,0,3,0,0,2,0,0,0,0,0,0,0,0
8473461,2012020096,2013-01-31,15,0,13,15,0,9,8,0,5,0,0,0,0,0,0,0,0,0,1,0,0,0,0,1,0,0,1
8473461,2012020114,2013-02-02,43,2,15,34,2,8,26,2,6,2,0,0,2,0,0,1,0,0,3,0,0,1,0,0,1,0,0
8473461,2012020131,2013-02-05,48,0,6,38,0,5,27,0,4,3,0,1,3,0,1,3,0,1,2,0,0,3,0,1,3,0,1
8473461,2012020174,2013-02-11,32,1,12,27,1,5,23,1,3,1,0,1,1,0,1,1,0,1,0,0,0,0,0,0,0,0,0
8473461,2012020210,2013-02-16,32,3,22,24,2,16,18,2,14,3,0,1,3,0,1,3,0,1,4,0,0,5,0,2,5,0,2
8473461,2012020266,2013-02-24,44,1,5,34,1,4,24,0,3,1,0,0,1,0,0,1,0,0,2,0,2,2,0,0,2,0,0
8473461,2012020300,2013-03-01,62,2,4,47,0,2,34,0,1,4,0,0,3,0,0,2,0,0,2,0,0,5,0,0,5,0,0
8473461,2012020328,2013-03-05,11,0,0,8,0,0,8,0,0,3,0,0,3,0,0,3,0,0,1,0,0,0,0,0,0,0,0
8473461,2012020462,2013-03-23,25,1,1,18,1,0,11,1,0,0,0,0,0,0,0,0,0,0,2,0,0,0,0,0,0,0,0
8473461,2012020505,2013-03-29,57,0,6,39,0,4,29,0,4,3,0,1,3,0,1,2,0,1,3,0,0,2,0,0,2,0,0
8473461,2012020559,2013-04-06,12,1,2,9,1,1,7,1,1,0,0,0,0,0,0,0,0,0,1,0,0,0,0,0,0,0,0
8473461,2012020582,2013-04-09,56,0,1,40,0,1,31,0,0,3,0,0,3,0,0,3,0,0,0,0,0,1,0,0,1,0,0
8473461,2012020610,2013-04-13,37,0,2,28,0,2,21,0,0,1,0,0,1,0,0,1,0,0,0,0,0,1,0,0,1,0,0
8473461,2012020635,2013-04-16,56,0,15,41,0,11,32,0,8,2,0,0,2,0,0,1,0,0,2,0,1,5,0,0,5,0,0
8473461,2012020665,2013-04-20,50,1,7,40,1,6,25,1,3,3,0,0,2,0,0,2,0,0,2,0,0,4,0,1,4,0,1
8473461,2012020684,2013-04-23,62,1,7,43,1,6,35,1,5,2,0,0,1,0,0,1,0,0,7,0,1,6,0,0,6,0,0
8473461,2012020709,2013-04-27,59,1,14,45,1,10,35,1,8,1,0,0,1,0,0,1,0,0,4,0,0,3,0,0,3,0,0
8473503,2012020036,2013-01-23,41,2,13,32,1,10,21,1,8,1,0,1,1,0,1,0,0,1,4,0,0,5,0,1,5,0,1
8473503,2012020040,2013-01-24,10,0,1,9,0,1,7,0,1,1,0,0,0,0,0,0,0,0,1,0,0,1,0,0,1,0,0
8473503,2012020058,2013-01-26,54,1,12,43,0,9,34,0,7,4,0,0,4,0,0,4,0,0,1,0,0,4,0,0,4,0,0
8473503,2012020079,2013-01-29,55,0,3,40,0,2,30,0,2,2,0,1,2,0,1,2,0,1,4,0,1,2,0,0,2,0,0
8473503,2012020093,2013-01-31,39,3,4,27,3,4,17,2,3,1,0,1,1,0,1,1,0,1,5,1,0,4,0,0,4,0,0
8473503,2012020111,2013-02-02,54,0,3,43,0,2,32,0,2,1,0,0,1,0,0,1,0,0,4,0,0,2,0,0,2,0,0
8473503,2012020123,2013-02-04,47,2,8,39,2,7,31,2,6,2,0,2,2,0,2,2,0,2,4,0,0,3,0,0,3,0,0
8473503,2012020148,2013-02-07,44,3,4,33,2,2,22,2,1,1,1,0,1,1,0,1,1,0,2,0,0,1,0,0,1,0,0
8473503,2012020160,2013-02-09,49,2,16,35,2,14,27,2,8,0,0,0,0,0,0,0,0,0,7,0,0,1,0,2,1,0,2
8473503,2012020172,2013-02-11,20,2,0,15,2,0,12,1,0,1,0,0,1,0,0,1,0,0,4,0,0,2,0,0,2,0,0
8473503,2012020289,2013-02-28,54,0,0,38,0,0,27,0,0,4,0,0,3,0,0,3,0,0,2,0,0,2,0,0,3,0,0
8473503,2012020320,2013-03-04,60,1,10,45,1,5,28,0,2,2,0,0,2,0,0,0,0,0,4,0,0,2,0,0,2,0,0
8473503,2012020335,2013-03-06,92,1,4,68,1,2,41,1,1,4,0,0,4,0,0,3,0,0,16,0,0,4,0,0,4,0,0
8473503,2012020359,2013-03-09,63,1,13,48,1,5,36,1,4,4,0,0,4,0,0,4,0,0,11,0,1,6,0,0,6,0,0
8473503,2012020382,2013-03-12,50,1,11,31,1,7,23,0,5,3,0,1,3,0,1,2,0,1,7,0,0,1,0,0,1,0,0
8473503,2012020409,2013-03-16,16,0,0,11,0,0,7,0,0,0,0,0,0,0,0,0,0,0,1,0,0,0,0,0,0,0,0
8473503,2012020438,2013-03-20,57,0,1,40,0,0,28,0,0,2,0,0,2,0,0,2,0,0,9,0,0,3,0,0,3,0,0
8473503,2012020443,2013-03-21,48,0,16,38,0,10,30,0,6,3,0,1,3,0,1,2,0,1,4,0,0,2,0,0,1,0,1
8473503,2012020459,2013-03-23,79,0,1,49,0,0,33,0,0,2,0,0,2,0,0,1,0,0,7,0,0,3,0,0,3,0,0
8473503,2012020472,2013-03-25,61,4,4,44,4,2,24,4,1,2,0,0,2,0,0,2,0,0,1,0,0,3,0,1,3,0,1
8473503,2012020492,2013-03-28,42,3,12,29,2,9,16,1,5,1,1,1,1,1,1,1,0,0,4,0,1,0,0,0,0,0,0
8473503,2012020513,2013-03-30,45,1,17,32,1,12,25,0,6,0,0,0,0,0,0,0,0,0,5,0,0,1,0,0,1,0,0
8473503,2012020544,2013-04-04,42,1,14,33,1,10,23,1,6,4,0,0,3,0,0,2,0,0,3,0,2,1,0,0,1,0,0
8473503,2012020563,2013-04-06,43,2,6,31,2,2,26,1,1,1,0,0,1,0,0,0,0,0,0,0,0,3,0,0,3,0,0
8473503,2012020578,2013-04-08,66,0,8,49,0,7,30,0,4,3,0,0,2,0,0,1,0,0,7,0,0,1,0,0,1,0,0
8473503,2012020592,2013-04-10,54,2,4,37,1,2,26,1,1,2,0,0,2,0,0,2,0,0,2,0,0,6,1,0,6,1,0
8473503,2012020612,2013-04-13,63,3,11,48,2,5,32,2,3,1,0,0,1,0,0,1,0,0,6,0,0,1,0,0,1,0,0
8473503,2012020625,2013-04-15,55,3,15,37,2,12,23,2,7,0,0,0,0,0,0,0,0,0,6,1,0,2,0,1,2,0,1
8473503,2012020644,2013-04-18,55,1,8,45,0,7,35,0,3,4,0,1,4,0,1,3,0,1,6,0,0,2,0,0,2,0,0
8473503,2012020663,2013-04-20,79,0,11,56,0,7,45,0,5,1,0,0,1,0,0,0,0,0,8,0,0,10,0,0,10,0,0
8473503,2012020690,2013-04-24,50,2,3,35,1,3,22,1,2,4,0,0,4,0,0,3,0,0,4,0,0,2,0,0,2,0,0
8473503,2012020698,2013-04-25,56,0,11,37,0,10,26,0,8,0,0,0,0,0,0,0,0,0,4,0,0,3,0,3,3,0,3
8473503,2012020708,2013-04-27,43,3,6,30,2,6,18,1,4,4,0,0,4,0,0,3,0,0,6,0,0,0,0,1,0,0,1
8473503,2012030141,2013-05-01,49,3,19,36,2,17,25,1,14,3,0,1,3,0,1,2,0,1,4,1,0,3,0,2,3,0,2
8473503,2012030142,2013-05-04,66,4,0,49,4,0,37,4,0,2,0,0,2,0,0,2,0,0,2,0,0,3,0,0,3,0,0
8473503,2012030143,2013-05-06,57,1,5,45,1,2,34,1,2,3,1,0,3,0,0,2,0,0,2,1,1,1,0,0,1,0,0
8473503,2012030144,2013-05-08,74,3,19,49,3,13,33,2,10,2,0,2,2,0,2,2,0,2,7,2,3,4,0,1,4,0,1
8473503,2012030145,2013-05-10,77,0,9,54,0,5,41,0,3,1,0,0,1,0,0,1,0,0,6,0,0,11,0,0,11,0,0
8473503,2012030146,2013-05-12,72,0,1,52,0,1,29,0,1,1,0,0,1,0,0,1,0,0,8,0,0,5,0,0,5,0,0
8473503,2012030147,2013-05-13,64,1,3,50,1,2,35,0,0,5,0,0,4,0,0,4,0,0,5,0,0,6,0,0,6,0,0
8473523,2012020043,2013-01-24,42,6,11,30,6,10,26,4,7,4,1,0,3,1,0,2,0,0,4,1,0,2,0,1,2,0,1
8473523,2012020109,2013-02-02,7,2,6,6,2,6,5,1,5,1,0,1,1,0,1,0,0,1,0,0,0,0,0,2,0,0,2
8473523,2012020132,2013-02-05,52,3,3,33,3,2,19,3,2,3,0,1,3,0,1,1,0,1,3,1,0,2,0,1,2,0,1
8473523,2012020340,2013-03-07,47,1,5,39,0,3,27,0,2,1,0,1,1,0,1,1,0,0,1,0,0,3,0,0,3,0,0
8473523,2012020377,2013-03-12,44,6,7,32,4,4,26,3,4,0,1,0,0,1,0,0,0,0,3,0,0,0,0,1,0,0,1
8473523,2012020433,2013-03-19,71,3,7,51,1,6,31,1,2,2,0,0,2,0,0,2,0,0,10,0,0,5,0,0,5,0,0
8473523,2012020511,2013-03-30,60,1,5,46,1,5,33,1,4,1,1,1,1,1,1,1,0,1,8,0,1,1,0,0,1,0,0
8473523,2012020597,2013-04-11,5,1,14,4,1,11,3,1,6,0,0,1,0,0,1,0,0,1,1,0,0,0,0,2,0,0,2
8473523,2012020610,2013-04-13,44,0,8,35,0,5,28,0,1,0,0,0,0,0,0,0,0,0,3,0,0,1,0,0,1,0,0
8473523,2012020622,2013-04-14,52,3,1,44,3,1,30,2,1,1,0,0,1,0,0,1,0,0,3,0,0,3,0,0,3,0,0
8473523,2012020655,2013-04-19,22,0,1,18,0,0,15,0,0,4,0,0,3,0,0,2,0,0,2,0,1,0,0,0,0,0,0
8473523,2012020676,2013-04-22,51,0,8,46,0,7,32,0,7,2,0,0,2,0,0,2,0,0,2,0,2,2,0,1,3,0,1
8473541,2012020117,2013-02-02,25,0,11,19,0,10,13,0,8,1,0,3,1,0,2,0,0,2,4,0,1,1,0,1,1,0,1
8473541,2012020175,2013-02-11,28,2,13,23,2,9,16,1,5,0,0,1,0,0,1,0,0,1,1,0,1,0,0,1,0,0,1
8473541,2012020204,2013-02-15,23,0,8,16,0,3,11,0,2,1,0,0,1,0,0,1,0,0,1,0,0,0,0,0,0,0,0
8473541,2012020236,2013-02-20,35,0,14,26,0,13,19,0,8,1,0,0,1,0,0,1,0,0,2,0,0,1,0,0,1,0,0
8473541,2012020287,2013-02-27,41,0,19,35,0,13,25,0,8,1,0,0,0,0,0,0,0,0,4,0,0,4,0,2,4,0,2
8473541,2012020323,2013-03-04,31,1,3,25,1,2,17,0,2,1,0,0,1,0,0,1,0,0,1,0,0,2,0,0,2,0,0
8473541,2012020334,2013-03-05,13,0,0,10,0,0,8,0,0,3,0,0,3,0,0,2,0,0,4,0,0,1,0,0,1,0,0
8473541,2012020401,2013-03-14,22,1,8,16,1,5,9,1,4,1,0,0,1,0,0,0,0,0,4,0,0,1,0,2,1,0,2
8473541,2012020417,2013-03-16,53,0,4,34,0,3,20,0,2,1,0,1,1,0,1,1,0,1,2,0,1,6,0,0,6,0,0
8473541,2012020437,2013-03-19,61,1,8,48,1,6,39,0,3,2,0,0,2,0,0,2,0,0,8,0,0,6,0,1,6,0,1
8473541,2012020520,2013-03-31,45,0,6,30,0,5,13,0,2,1,0,1,1,0,1,0,0,1,1,0,0,3,0,0,3,0,0
8473541,2012020552,2013-04-04,38,0,1,29,0,1,22,0,1,0,0,0,0,0,0,0,0,0,3,0,0,0,0,0,0,0,0
8473541,2012020576,2013-04-07,28,0,8,24,0,6,17,0,5,2,0,1,2,0,1,2,0,1,1,0,0,0,0,2,0,0,2
8473541,2012020688,2013-04-23,41,1,4,36,1,4,21,1,3,2,0,0,2,0,0,2,0,0,2,0,0,3,0,0,3,0,0
8473541,2012030322,2013-06-02,14,1,2,9,1,2,6,1,2,0,0,0,0,0,0,0,0,0,1,0,0,0,0,0,0,0,0
8473575,2012020012,2013-01-19,36,0,18,31,0,13,23,0,12,2,0,2,2,0,2,2,0,2,2,0,0,1,0,4,1,0,4
8473575,2012020034,2013-01-22,47,2,19,33,2,9,25,0,4,1,0,0,1,0,0,1,0,0,0,1,0,1,1,0,1,1,0
8473575,2012020047,2013-01-24,55,3,17,33,3,13,23,1,9,0,0,0,0,0,0,0,0,0,7,0,0,3,1,0,3,1,0
8473575,2012020057,2013-01-26,32,0,14,20,0,12,16,0,10,1,0,3,1,0,3,1,0,3,0,0,0,0,0,4,0,0,4
8473575,2012020076,2013-01-28,43,0,10,29,0,10,17,0,9,0,0,3,0,0,3,0,0,3,2,0,0,2,0,2,2,0,2
8473575,2012020091,2013-01-30,48,1,12,29,1,8,18,1,4,2,0,1,0,0,1,0,0,1,5,0,0,1,0,1,1,0,1
8473575,2012020110,2013-02-02,39,1,13,32,1,5,23,1,2,1,0,0,1,0,0,1,0,0,2,0,0,4,0,2,4,0,2
8473575,2012020124,2013-02-04,46,4,11,30,4,7,17,3,6,3,0,0,2,0,0,2,0,0,3,0,0,4,0,1,4,0,1
8473575,2012020139,2013-02-06,43,0,5,28,0,4,17,0,3,2,0,1,2,0,1,1,0,1,2,0,0,1,0,1,1,0,1
8473575,2012020176,2013-02-11,41,1,18,32,1,10,24,1,5,3,0,0,3,0,0,1,0,0,3,0,0,1,0,1,1,0,1
8473575,2012020211,2013-02-16,68,2,14,54,2,10,46,2,7,3,0,2,3,0,2,2,0,2,10,1,1,4,0,1,4,0,1
8473575,2012020221,2013-02-18,66,1,16,45,0,11,31,0,7,4,0,1,3,0,1,3,0,1,3,0,0,9,0,4,9,0,4
8473575,2012020235,2013-02-20,64,1,6,45,0,4,30,0,3,0,0,0,0,0,0,0,0,0,5,0,0,7,0,0,7,0,0
8473575,2012020253,2013-02-23,43,2,7,33,2,6,19,2,5,3,1,0,3,1,0,3,0,0,2,0,0,3,0,2,3,0,2
8473575,2012020283,2013-02-26,51,1,28,36,1,21,27,1,13,2,0,0,2,0,0,2,0,0,1,1,0,2,0,1,2,0,1
8473575,2012020296,2013-02-28,41,2,13,28,1,7,19,1,3,3,0,1,3,0,1,3,0,1,2,0,1,1,0,0,1,0,0
8473575,2012020313,2013-03-03,44,0,18,31,0,11,26,0,8,0,0,2,0,0,2,0,0,2,0,0,0,3,0,0,3,0,0
8473575,2012020336,2013-03-06,46,2,15,33,2,7,25,2,5,1,1,1,1,1,1,1,1,1,3,0,3,2,0,1,2,0,1
8473575,2012020353,2013-03-08,53,1,8,36,1,5,29,0,4,2,0,0,2,0,0,2,0,0,1,0,1,3,0,2,3,0,2
8473575,2012020373,2013-03-10,46,2,18,40,1,13,26,1,11,2,0,0,2,0,0,1,0,0,2,0,0,1,0,1,1,0,1
8473575,2012020386,2013-03-12,41,2,2,39,1,2,30,1,1,3,0,1,3,0,1,3,0,1,1,0,1,3,1,0,3,1,0
8473575,2012020398,2013-03-14,55,4,15,42,2,10,32,2,5,4,0,0,4,0,0,2,0,0,1,0,0,5,0,2,5,0,2
8473575,2012020408,2013-03-16,29,0,2,18,0,2,13,0,1,2,0,0,1,0,0,1,0,0,5,0,0,2,0,0,2,0,0
8473575,2012020425,2013-03-18,54,1,2,38,1,2,30,1,1,5,0,0,5,0,0,4,0,0,3,0,0,3,0,0,3,0,0
8473575,2012020440,2013-03-20,52,0,11,34,0,11,24,0,8,3,0,0,3,0,0,3,0,0,5,0,0,1,0,1,1,0,1
8473575,2012020463,2013-03-23,20,0,5,14,0,5,11,0,4,3,0,1,3,0,1,1,0,1,2,0,0,1,0,1,1,0,1
8473575,2012020490,2013-03-27,37,1,8,27,1,7,20,1,6,3,0,1,3,0,1,2,0,1,1,0,0,1,0,1,1,0,1
8473575,2012020500,2013-03-28,43,0,0,29,0,0,18,0,0,2,0,0,2,0,0,2,0,0,2,0,0,2,0,0,2,0,0
8473575,2012020509,2013-03-30,45,0,23,34,0,16,22,0,12,0,0,0,0,0,0,0,0,0,3,0,0,2,0,4,2,0,4
8473575,2012020525,2013-04-01,20,0,1,19,0,1,12,0,1,2,0,1,2,0,1,1,0,1,1,0,0,1,0,0,1,0,0
8473575,2012020567,2013-04-06,49,1,8,41,1,6,25,1,2,3,0,1,3,0,1,2,0,1,4,0,0,4,0,0,4,0,0
8473575,2012020658,2013-04-19,40,2,7,29,2,5,18,1,5,4,0,0,4,0,0,4,0,0,0,0,0,2,0,0,2,0,0
8473575,2012020686,2013-04-23,53,1,17,41,0,9,29,0,5,1,0,2,1,0,2,1,0,2,1,0,0,4,0,0,4,0,0
8473575,2012020707,2013-04-26,10,0,0,8,0,0,6,0,0,0,0,0,0,0,0,0,0,0,1,0,0,1,0,0,1,0,0
8473575,2012020715,2013-04-27,36,0,9,31,0,8,24,0,8,1,0,1,1,0,1,1,0,1,3,0,0,3,0,1,3,0,1
8473607,2012020042,2013-01-24,24,1,15,18,1,11,13,0,9,2,0,2,2,0,2,2,0,2,1,0,0,2,0,2,2,0,2
8473607,2012020052,2013-01-25,33,5,22,24,5,15,18,4,13,2,0,1,2,0,1,2,0,1,1,1,0,0,1,3,0,1,3
8473607,2012020065,2013-01-27,45,0,7,31,0,3,22,0,2,2,0,0,2,0,0,2,0,0,6,0,2,0,0,1,0,0,1
8473607,2012020082,2013-01-29,38,0,13,28,0,11,16,0,11,2,0,1,2,0,1,1,0,1,2,0,0,1,0,0,1,0,0
8473607,2012020093,2013-01-31,57,1,25,44,1,16,29,1,10,2,0,1,2,0,1,1,0,1,5,0,1,3,0,1,3,0,1
8473607,2012020130,2013-02-05,35,0,7,27,0,6,17,0,4,3,0,0,2,0,0,2,0,0,4,0,1,2,0,0,2,0,0
8473607,2012020145,2013-02-07,19,0,3,16,0,3,10,0,1,1,0,1,1,0,1,1,0,1,2,0,0,0,0,0,0,0,0
8473607,2012020365,2013-03-10,19,0,0,14,0,0,11,0,0,1,0,0,1,0,0,1,0,0,0,0,0,2,0,0,2,0,0
8473607,2012020393,2013-03-14,58,0,12,40,0,9,30,0,8,2,0,0,2,0,0,2,0,0,1,0,0,4,0,3,4,0,3
8473607,2012020405,2013-03-16,49,1,1,41,1,1,37,0,1,3,0,1,3,0,1,3,0,1,0,0,0,1,0,0,1,0,0
8473607,2012020573,2013-04-07,52,0,4,34,0,4,26,0,4,1,0,1,1,0,1,1,0,1,4,0,0,0,0,2,0,0,2
8473607,2012020585,2013-04-09,70,0,6,39,0,3,27,0,2,2,0,0,2,0,0,2,0,0,3,0,0,6,0,0,6,0,0
8473607,2012020695,2013-04-25,50,0,18,39,0,13,33,0,8,1,0,1,1,0,1,1,0,1,3,0,1,4,0,2,4,0,2
8473614,2012020085,2013-01-29,3,0,1,1,0,1,1,0,1,0,0,0,0,0,0,0,0,0,0,0,0,0,0,0,0,0,0
8473614,2012020115,2013-02-02,42,0,24,30,0,17,21,0,13,1,0,1,1,0,1,0,0,1,2,0,0,1,0,2,1,0,2
8473614,2012020190,2013-02-13,36,0,5,31,0,4,19,0,3,4,0,2,4,0,2,4,0,2,1,0,0,3,0,0,3,0,0
8473614,2012020203,2013-02-15,35,1,2,27,1,0,20,1,0,3,0,0,3,0,0,2,0,0,3,0,0,0,0,0,0,0,0
8473614,2012020215,2013-02-17,39,0,11,30,0,11,20,0,6,3,0,1,3,0,1,3,0,1,1,0,2,2,0,0,2,0,0
8473614,2012020277,2013-02-26,28,0,2,22,0,2,19,0,1,4,0,0,4,0,0,3,0,0,0,0,0,3,0,0,3,0,0
8473614,2012020415,2013-03-16,24,0,10,21,0,8,12,0,5,2,0,2,2,0,2,2,0,2,7,0,0,2,0,0,2,0,0
8473614,2012020504,2013-03-29,NA,NA,NA,NA,NA,NA,NA,NA,NA,NA,NA,NA,NA,NA,NA,NA,NA,NA,NA,NA,NA,NA,NA,NA,NA,NA,NA
8473614,2012020590,2013-04-09,41,5,11,29,2,9,14,0,8,0,0,0,0,0,0,0,0,0,1,1,1,3,0,0,3,0,0
8473614,2012020607,2013-04-12,39,2,14,28,0,9,24,0,4,1,0,1,1,0,1,1,0,1,1,1,0,1,0,0,1,0,0
8473614,2012020618,2013-04-13,71,1,11,44,1,8,26,1,5,0,0,1,0,0,1,0,0,1,1,1,0,4,0,1,4,0,1
8473614,2012020627,2013-04-15,44,1,10,30,1,8,21,1,5,4,0,0,4,0,0,3,0,0,5,0,0,3,0,0,3,0,0
8473614,2012020717,2013-04-27,62,2,10,49,2,8,31,1,5,2,1,0,2,1,0,2,0,0,4,0,0,4,0,0,4,0,0
8473638,2012020361,2013-03-09,46,0,8,37,0,6,24,0,5,4,0,0,4,0,0,2,0,0,3,0,0,2,0,1,1,0,2
8473638,2012020456,2013-03-23,27,4,6,20,4,4,14,3,3,0,0,1,0,0,1,0,0,1,2,1,0,3,0,1,2,0,2
8473638,2012020468,2013-03-24,43,2,6,30,2,4,19,1,4,2,0,1,2,0,1,1,0,1,7,0,0,0,0,1,0,0,1
8473972,2012020013,2013-01-19,49,2,11,35,2,10,19,2,8,1,0,2,1,0,2,1,0,2,0,0,0,2,0,1,2,0,1
8473972,2012020026,2013-01-21,50,2,6,36,0,5,20,0,5,2,0,2,2,0,2,2,0,2,2,0,1,3,0,0,3,0,0
8473972,2012020056,2013-01-25,37,0,21,32,0,16,21,0,13,2,0,3,1,0,3,0,0,3,7,0,0,0,0,3,1,0,3
8473972,2012020087,2013-01-29,44,2,6,32,2,3,17,0,1,2,0,0,2,0,0,2,0,0,3,0,1,2,0,0,2,0,0
8473972,2012020117,2013-02-02,56,1,17,42,1,13,23,1,10,2,0,2,2,0,2,1,0,2,4,0,0,3,0,2,3,0,2
8473972,2012020153,2013-02-08,21,0,10,14,0,9,9,0,7,0,0,2,0,0,2,0,0,2,0,0,0,1,0,1,1,0,1
8473972,2012020225,2013-02-18,60,0,10,34,0,7,24,0,3,2,0,0,2,0,0,2,0,0,2,0,0,8,0,0,8,0,0
8473972,2012020269,2013-02-24,46,4,7,29,3,6,16,3,4,1,1,1,1,1,1,1,1,1,4,0,0,3,0,1,3,0,1
8473972,2012020301,2013-03-01,45,1,14,31,1,10,25,1,7,2,0,0,1,0,0,1,0,0,2,0,0,3,0,1,3,0,1
8473972,2012020322,2013-03-04,60,0,11,46,0,9,32,0,8,3,0,1,3,0,1,2,0,1,1,0,0,5,0,1,5,0,1
8473972,2012020338,2013-03-06,48,0,3,32,0,2,18,0,0,0,0,0,0,0,0,0,0,0,1,0,0,2,0,0,2,0,0
8473972,2012020374,2013-03-10,44,3,4,37,3,4,25,3,3,1,0,1,1,0,1,1,0,1,4,0,0,1,0,0,1,0,0
8473972,2012020384,2013-03-12,45,1,21,27,0,14,19,0,12,0,0,1,0,0,1,0,0,1,2,0,0,1,0,4,1,0,4
8473972,2012020399,2013-03-14,60,1,9,44,0,6,29,0,5,1,0,0,1,0,0,1,0,0,2,0,0,3,0,0,3,0,0
8473972,2012020414,2013-03-16,39,0,8,29,0,8,16,0,5,1,0,1,1,0,1,0,0,1,1,0,0,2,0,0,2,0,0
8473972,2012020442,2013-03-20,46,2,2,31,2,1,21,2,1,0,1,1,0,0,1,0,0,1,2,0,0,1,0,0,1,0,0
8473972,2012020455,2013-03-22,27,0,4,19,0,3,10,0,2,2,0,0,2,0,0,2,0,0,5,0,1,4,0,0,4,0,0
8473972,2012020471,2013-03-24,27,0,14,19,0,9,14,0,7,1,0,1,1,0,1,1,0,1,4,0,0,1,0,0,1,0,0
8473972,2012020491,2013-03-27,42,1,9,31,1,7,24,1,4,2,1,1,2,1,1,2,1,1,2,0,0,4,0,1,4,0,1
8473972,2012020503,2013-03-29,39,0,7,30,0,4,23,0,3,0,0,1,0,0,1,0,0,1,1,0,0,1,0,0,1,0,0
8473972,2012020518,2013-03-31,31,1,2,25,1,1,17,0,1,2,0,0,2,0,0,2,0,0,1,0,0,1,0,0,1,0,0
8473972,2012020581,2013-04-08,45,2,4,37,1,3,24,1,3,1,0,0,1,0,0,1,0,0,2,0,0,1,0,0,1,0,0
8473972,2012020595,2013-04-10,25,1,10,13,1,8,9,1,6,2,1,1,2,1,1,1,0,1,0,0,0,1,0,0,1,0,0
8473972,2012020659,2013-04-19,42,2,8,29,1,7,23,1,6,2,0,0,2,0,0,2,0,0,4,1,0,3,0,0,3,0,0
8473972,2012020673,2013-04-21,40,1,12,30,0,7,24,0,4,1,0,0,1,0,0,1,0,0,1,0,1,2,0,1,2,0,1
8473972,2012020703,2013-04-25,47,1,11,34,1,8,26,0,3,0,0,1,0,0,1,0,0,1,3,0,0,2,0,1,2,0,1
8473972,2012030161,2013-04-30,41,0,14,29,0,9,16,0,6,0,0,1,0,0,1,0,0,1,1,0,0,4,0,1,4,0,1
8473972,2012030162,2013-05-02,38,1,22,27,0,18,21,0,11,2,0,3,2,0,3,0,0,3,3,0,0,3,0,3,3,0,3
8473972,2012030163,2013-05-04,31,3,14,19,3,12,11,3,9,0,0,0,0,0,0,0,0,0,0,1,1,0,0,0,0,0,0
8473972,2012030164,2013-05-06,83,1,5,63,1,4,46,1,2,3,0,0,3,0,0,3,0,0,2,0,0,5,0,0,5,0,0
8473972,2012030165,2013-05-08,59,0,9,44,0,7,27,0,4,1,0,1,1,0,1,1,0,1,6,0,1,3,0,0,3,0,0
8473972,2012030166,2013-05-10,53,0,10,39,0,10,23,0,6,3,0,1,3,0,1,3,0,1,4,0,0,1,0,0,1,0,0
8473972,2012030167,2013-05-12,53,1,4,44,1,2,31,1,0,2,1,0,2,0,0,2,0,0,3,1,1,5,0,0,5,0,0
8474550,2012020016,2013-01-20,51,3,4,39,3,4,27,2,3,0,0,1,0,0,1,0,0,1,2,0,0,5,0,0,5,0,0
8474550,2012020035,2013-01-22,36,4,7,30,3,4,23,3,3,1,0,2,1,0,2,1,0,2,0,0,0,1,1,0,1,1,0
8474550,2012020049,2013-01-24,51,3,23,35,1,16,20,1,14,1,0,2,1,0,2,1,0,2,2,0,0,2,0,4,2,0,4
8474550,2012020072,2013-01-27,36,2,24,25,1,15,17,0,7,1,0,0,1,0,0,0,0,0,4,1,0,2,0,1,2,0,1
8474550,2012020087,2013-01-29,53,1,13,35,1,9,22,1,7,2,0,0,2,0,0,2,0,0,1,0,0,6,0,1,6,0,1
8474550,2012020100,2013-01-31,38,3,6,28,3,3,22,3,3,2,0,0,2,0,0,2,0,0,0,0,0,1,0,0,1,0,0
8474550,2012020118,2013-02-02,39,2,12,26,2,7,20,1,3,1,0,0,1,0,0,0,0,0,3,2,0,3,0,1,3,0,1
8474550,2012020137,2013-02-05,40,1,4,30,1,3,26,1,3,4,0,0,3,0,0,2,0,0,5,0,0,2,0,0,2,0,0
8474550,2012020159,2013-02-09,41,1,3,32,1,1,20,0,1,0,0,0,0,0,0,0,0,0,2,0,0,2,0,0,2,0,0
8474550,2012020184,2013-02-12,41,3,4,29,3,2,21,2,2,1,0,0,1,0,0,1,0,0,1,0,0,0,0,0,0,0,0
8474550,2012020201,2013-02-15,40,2,12,34,2,9,28,2,7,3,0,1,3,0,1,3,0,1,2,0,0,4,0,2,4,0,2
8474550,2012020230,2013-02-19,40,2,12,26,1,9,19,1,6,1,0,0,1,0,0,1,0,0,1,0,0,1,0,2,1,0,2
8474550,2012020249,2013-02-22,46,2,10,34,2,5,28,2,4,1,1,0,1,1,0,1,1,0,4,0,0,1,0,0,1,0,0
8474550,2012020260,2013-02-23,37,4,19,30,3,13,17,2,9,1,0,2,1,0,2,1,0,1,0,0,1,1,1,2,1,1,2
8474550,2012020283,2013-02-26,46,0,1,34,0,1,26,0,1,2,0,0,2,0,0,2,0,0,6,0,0,5,0,0,5,0,0
8474550,2012020298,2013-02-28,69,0,6,46,0,4,31,0,3,1,0,0,1,0,0,1,0,0,3,0,0,5,0,2,5,0,2
8474550,2012020310,2013-03-02,48,2,2,22,2,2,15,2,2,0,1,0,0,1,0,0,0,0,3,0,0,2,0,0,2,0,0
8474550,2012020333,2013-03-05,52,2,19,38,1,14,27,1,10,2,0,0,2,0,0,2,0,0,2,1,0,2,0,1,2,0,1
8474550,2012020358,2013-03-09,44,2,7,32,2,6,23,2,3,2,0,1,2,0,1,2,0,1,3,0,1,3,0,0,3,0,0
8474550,2012020373,2013-03-10,61,2,5,47,2,5,37,2,3,2,0,1,2,0,1,2,0,1,1,0,0,3,0,0,3,0,0
8474550,2012020383,2013-03-12,28,0,15,21,0,10,14,0,6,3,0,0,3,0,0,1,0,0,0,0,0,2,0,0,2,0,0
8474550,2012020401,2013-03-14,61,1,6,39,0,5,33,0,4,2,0,1,2,0,1,2,0,1,2,0,0,7,0,1,7,0,1
8474550,2012020417,2013-03-16,40,0,0,29,0,0,18,0,0,4,0,0,4,0,0,4,0,0,2,0,0,5,0,0,5,0,0
8474550,2012020427,2013-03-18,35,3,5,29,3,3,23,2,2,3,1,0,3,1,0,3,0,0,4,0,0,1,0,0,1,0,0
8474550,2012020441,2013-03-20,48,0,10,34,0,7,23,0,4,2,0,1,1,0,1,1,0,1,2,0,1,4,0,0,4,0,0
8474550,2012020457,2013-03-23,33,2,8,22,2,5,19,2,3,1,0,1,1,0,1,1,0,1,0,1,0,1,0,0,1,0,0
8474550,2012020478,2013-03-25,53,2,4,34,2,3,24,2,1,3,0,0,3,0,0,2,0,0,4,0,1,3,0,0,3,0,0
8474550,2012020491,2013-03-27,54,3,9,26,3,7,16,1,5,0,0,0,0,0,0,0,0,0,4,0,0,4,0,0,4,0,0
8474550,2012020501,2013-03-28,63,0,3,42,0,1,26,0,1,0,0,0,0,0,0,0,0,0,2,0,0,1,0,0,1,0,0
8474550,2012020516,2013-03-30,54,0,1,39,0,0,29,0,0,2,0,0,2,0,0,2,0,0,7,0,0,6,0,0,6,0,0
8474550,2012020530,2013-04-01,63,2,0,37,1,0,24,1,0,2,0,0,2,0,0,2,0,0,3,1,0,1,0,0,1,0,0
8474550,2012020542,2013-04-03,55,4,6,35,4,4,25,4,4,2,0,0,2,0,0,1,0,0,3,0,0,3,1,1,3,1,1
8474550,2012020558,2013-04-05,41,1,3,30,0,2,22,0,2,0,0,1,0,0,1,0,0,0,2,0,0,3,0,0,3,0,0
8474550,2012020570,2013-04-07,58,2,13,37,2,10,25,2,7,4,0,0,4,0,0,3,0,0,5,0,1,6,0,1,6,0,1
8474550,2012020584,2013-04-09,37,1,7,28,1,7,21,0,5,4,0,0,4,0,0,4,0,0,3,0,0,1,0,0,1,0,0
8474550,2012020601,2013-04-11,47,1,11,33,1,8,23,1,5,1,0,1,1,0,1,1,0,1,2,0,0,0,0,0,0,0,0
8474550,2012020618,2013-04-13,31,0,4,21,0,4,16,0,3,1,0,1,1,0,1,1,0,1,2,0,0,0,0,0,0,0,0
8474550,2012020631,2013-04-15,59,1,8,49,1,5,33,1,1,0,0,0,0,0,0,0,0,0,1,0,0,3,0,0,3,0,0
8474550,2012020639,2013-04-16,54,1,13,45,0,8,36,0,7,1,0,1,1,0,1,1,0,1,5,0,0,3,0,3,3,0,3
8474550,2012020653,2013-04-18,59,0,0,41,0,0,28,0,0,1,0,0,1,0,0,1,0,0,3,0,0,1,0,0,1,0,0
8474550,2012020674,2013-04-21,46,0,5,29,0,5,19,0,3,3,0,1,3,0,1,1,0,1,4,0,0,1,0,1,1,0,1
8474550,2012020689,2013-04-23,56,1,6,35,1,4,21,1,4,1,0,1,1,0,1,1,0,1,3,0,0,6,0,1,6,0,1
8474550,2012020720,2013-04-27,57,0,4,45,0,2,25,0,2,3,0,0,3,0,0,3,0,0,2,0,0,1,0,0,1,0,0
8474550,2012030171,2013-05-01,52,1,6,39,1,4,28,0,3,1,0,0,0,0,0,0,0,0,1,0,0,3,0,0,3,0,0
8474550,2012030172,2013-05-03,62,2,5,40,2,5,27,2,2,1,0,1,0,0,1,0,0,1,6,0,0,4,0,0,4,0,0
8474550,2012030173,2013-05-05,44,5,10,29,5,5,23,3,4,2,0,0,2,0,0,1,0,0,4,0,0,1,0,1,1,0,1
8474550,2012030174,2013-05-07,62,1,7,42,1,4,31,1,3,2,0,1,2,0,1,1,0,1,5,0,0,4,0,1,4,0,1
8474550,2012030241,2013-05-14,46,0,1,36,0,1,20,0,0,2,0,0,2,0,0,2,0,0,2,0,0,1,0,0,1,0,0
8474550,2012030242,2013-05-16,39,1,20,30,1,14,19,1,11,1,0,3,0,0,3,0,0,3,2,0,0,1,0,2,1,0,2
8474550,2012030243,2013-05-18,55,2,7,35,1,5,24,0,3,1,0,0,0,0,0,0,0,0,6,0,0,0,0,0,0,0,0
8474550,2012030244,2013-05-21,47,3,11,29,1,6,20,1,2,0,0,1,0,0,1,0,0,1,5,0,0,1,0,3,1,0,3
8474550,2012030245,2013-05-23,54,3,9,41,2,4,24,2,2,2,0,0,2,0,0,1,0,0,7,1,0,2,0,0,2,0,0
8474550,2012030246,2013-05-26,46,1,9,31,0,5,22,0,3,1,0,0,1,0,0,1,0,0,10,0,0,10,0,0,10,0,0
8474550,2012030247,2013-05-28,35,0,6,24,0,6,15,0,3,1,0,1,1,0,1,1,0,1,5,0,0,1,0,1,1,0,1
8474593,2012020247,2013-02-22,47,0,12,38,0,11,30,0,10,2,0,1,2,0,1,1,0,1,0,0,0,1,0,2,1,0,2
8474593,2012020262,2013-02-24,49,2,1,39,2,1,28,2,1,2,0,1,2,0,1,1,0,1,5,0,0,1,0,0,1,0,0
8474593,2012020330,2013-03-05,47,0,0,41,0,0,31,0,0,1,0,0,1,0,0,1,0,0,3,0,0,1,0,0,1,0,0
8474593,2012020343,2013-03-07,3,0,0,3,0,0,2,0,0,2,0,0,2,0,0,2,0,0,0,0,0,0,0,0,0,0,0
8474593,2012020351,2013-03-08,51,1,2,35,1,1,26,1,1,3,0,0,3,0,0,1,0,0,1,0,0,3,0,0,3,0,0
8474593,2012020367,2013-03-10,45,0,17,41,0,14,28,0,10,3,0,2,3,0,2,3,0,2,4,0,0,3,0,0,3,0,0
8474593,2012020381,2013-03-12,28,0,3,18,0,3,11,0,2,2,0,1,2,0,1,2,0,1,1,0,0,0,0,0,0,0,0
8474593,2012020431,2013-03-19,62,1,8,45,1,6,30,1,3,0,0,1,0,0,1,0,0,1,3,0,0,6,0,0,6,0,0
8474593,2012020445,2013-03-21,68,1,8,47,1,5,40,1,4,1,0,0,1,0,0,1,0,0,1,0,0,4,0,0,4,0,0
8474593,2012020465,2013-03-24,44,0,6,35,0,4,31,0,4,0,0,1,0,0,1,0,0,1,0,0,0,1,0,0,1,0,0
8474593,2012020479,2013-03-26,49,1,4,34,1,4,26,1,4,2,0,1,2,0,1,1,0,1,7,0,0,5,0,1,5,0,1
8474593,2012020496,2013-03-28,43,2,13,38,1,13,29,1,10,3,0,1,3,0,1,2,0,1,2,0,0,5,0,1,5,0,1
8474593,2012020514,2013-03-30,24,2,11,20,2,9,17,2,7,1,0,1,1,0,1,1,0,1,2,0,0,0,0,0,0,0,0
8474593,2012020535,2013-04-02,61,2,7,50,1,5,37,0,4,2,0,0,2,0,0,2,0,0,3,0,0,3,0,2,3,0,2
8474593,2012020566,2013-04-06,42,0,14,32,0,10,23,0,8,1,0,3,1,0,3,1,0,3,2,0,1,3,0,1,3,0,1
8474593,2012020602,2013-04-11,38,0,6,28,0,5,19,0,4,5,0,1,4,0,1,4,0,0,6,0,1,6,0,0,6,0,0
8474593,2012020616,2013-04-13,35,1,4,27,1,4,16,1,4,2,0,0,2,0,0,2,0,0,2,0,0,3,0,0,3,0,0
8474593,2012020632,2013-04-16,22,0,10,18,0,7,12,0,6,3,0,2,2,0,2,2,0,2,2,0,1,1,0,1,1,0,1
8474593,2012020660,2013-04-20,44,1,4,38,1,2,32,0,1,5,0,1,5,0,1,4,0,1,3,0,0,7,0,0,7,0,0
8474593,2012020668,2013-04-21,55,2,6,43,2,6,33,1,4,2,0,0,2,0,0,1,0,0,3,0,0,5,0,0,5,0,0
8474593,2012020685,2013-04-23,59,0,7,45,0,4,36,0,2,2,0,0,2,0,0,2,0,0,4,0,1,2,0,0,2,0,0
8474593,2012020698,2013-04-25,30,0,0,24,0,0,17,0,0,4,0,0,4,0,0,3,0,0,0,0,0,2,0,0,2,0,0
8474593,2012020712,2013-04-27,48,3,3,36,3,3,26,3,2,3,0,0,3,0,0,2,0,0,2,1,0,3,0,0,4,0,0
8474596,2012020136,2013-02-05,13,0,5,10,0,4,6,0,2,2,0,0,2,0,0,2,0,0,0,0,0,2,0,0,2,0,0
8474596,2012020189,2013-02-13,41,0,10,23,0,4,17,0,1,3,0,0,3,0,0,2,0,0,2,0,0,2,0,0,2,0,0
8474596,2012020202,2013-02-15,46,1,8,31,1,6,27,1,4,1,0,1,1,0,1,1,0,0,2,0,0,1,0,1,1,0,1
8474596,2012020218,2013-02-17,52,0,15,36,0,8,26,0,5,1,0,2,1,0,1,1,0,1,2,0,1,6,0,3,6,0,3
8474596,2012020230,2013-02-19,40,1,10,28,1,7,17,1,7,2,0,0,2,0,0,2,0,0,1,0,0,3,0,0,3,0,0
8474596,2012020348,2013-03-07,41,1,15,25,1,13,16,1,9,1,1,1,1,1,1,0,0,1,1,0,0,1,0,3,1,0,3
8474596,2012020358,2013-03-09,46,0,7,28,0,2,23,0,2,2,0,1,2,0,1,2,0,1,9,0,0,4,0,0,4,0,0
8474596,2012020383,2013-03-12,67,0,8,49,0,4,38,0,3,1,0,1,1,0,1,1,0,1,5,0,0,2,0,0,2,0,0
8474596,2012020397,2013-03-14,43,2,10,31,1,5,24,1,3,0,0,0,0,0,0,0,0,0,2,1,0,1,0,2,1,0,2
8474596,2012020414,2013-03-16,43,4,12,26,4,11,19,2,7,1,0,0,1,0,0,1,0,0,3,0,0,1,0,1,1,0,1
8474596,2012020436,2013-03-19,40,1,5,29,1,1,17,1,1,3,0,0,3,0,0,2,0,0,3,0,1,4,0,1,4,0,1
8474596,2012020485,2013-03-26,14,0,0,10,0,0,7,0,0,3,0,0,3,0,0,2,0,0,0,0,0,2,0,0,2,0,0
8474596,2012020555,2013-04-05,40,2,8,30,2,5,24,2,1,1,0,0,1,0,0,1,0,0,1,0,0,2,1,1,2,1,1
8474596,2012020606,2013-04-12,39,0,1,29,0,1,19,0,0,4,0,0,4,0,0,4,0,0,1,0,0,2,0,0,2,0,0
8474596,2012020672,2013-04-21,22,1,1,18,0,0,12,0,0,1,0,0,1,0,0,1,0,0,2,0,0,3,0,0,3,0,0
8474651,2012020007,2013-01-19,34,0,17,27,0,14,23,0,11,3,0,3,3,0,3,1,0,3,3,0,0,2,0,1,2,0,1
8474651,2012020027,2013-01-22,47,1,7,38,1,6,33,0,6,2,0,2,2,0,2,2,0,2,1,0,0,3,0,0,3,0,0
8474651,2012020101,2013-02-01,51,2,13,33,1,9,21,1,9,2,0,0,2,0,0,2,0,0,4,0,1,4,0,0,4,0,0
8474651,2012020119,2013-02-03,39,0,8,29,0,5,23,0,3,4,0,2,4,0,2,4,0,2,2,0,0,1,0,0,1,0,0
8474651,2012020145,2013-02-07,15,0,8,14,0,8,11,0,6,1,0,2,1,0,2,0,0,2,0,0,0,0,0,0,0,0,0
8474651,2012020162,2013-02-09,44,1,5,27,1,3,23,1,3,0,0,0,0,0,0,0,0,0,3,0,0,2,0,0,2,0,0
8474651,2012020182,2013-02-12,36,2,11,28,2,10,23,0,9,5,0,0,5,0,0,3,0,0,3,0,0,1,0,0,1,0,0
8474651,2012020193,2013-02-14,46,0,3,38,0,2,29,0,1,3,0,0,3,0,0,1,0,0,3,0,0,1,0,0,1,0,0
8474651,2012020217,2013-02-17,52,4,13,39,3,9,29,3,8,1,0,1,1,0,1,1,0,1,0,0,0,4,1,1,4,1,1
8474651,2012020239,2013-02-21,48,2,16,38,1,9,30,1,6,1,1,1,1,1,1,0,0,1,2,0,0,3,1,0,3,1,0
8474651,2012020250,2013-02-23,36,0,10,26,0,7,18,0,4,1,0,0,1,0,0,1,0,0,5,0,0,2,0,0,2,0,0
8474651,2012020276,2013-02-26,57,4,7,40,3,5,30,2,1,0,0,0,0,0,0,0,0,0,7,0,0,2,0,0,2,0,0
8474651,2012020285,2013-02-27,35,1,3,24,0,3,15,0,3,2,0,2,2,0,2,1,0,2,0,0,0,3,0,0,3,0,0
8474651,2012020305,2013-03-02,43,6,17,31,5,13,21,3,11,0,0,0,0,0,0,0,0,0,2,0,0,0,0,2,0,0,2
8474651,2012020326,2013-03-05,60,3,3,41,3,2,28,3,2,2,0,1,1,0,1,1,0,1,4,0,0,3,0,0,3,0,0
8474651,2012020343,2013-03-07,57,2,7,38,2,4,26,2,2,1,0,0,1,0,0,0,0,0,2,0,1,3,0,0,3,0,0
8474651,2012020365,2013-03-10,28,0,7,21,0,4,18,0,1,2,0,1,2,0,1,2,0,1,3,0,0,2,0,0,2,0,0
8474651,2012020378,2013-03-12,53,0,11,34,0,9,27,0,8,3,0,0,3,0,0,3,0,0,1,0,0,3,0,0,3,0,0
8474651,2012020420,2013-03-17,46,2,8,34,2,4,25,2,3,2,0,1,2,0,1,2,0,1,3,0,0,3,0,1,3,0,1
8474651,2012020434,2013-03-19,45,4,11,35,2,10,25,2,9,1,0,1,1,0,1,1,0,1,1,0,0,1,0,0,1,0,0
8474651,2012020448,2013-03-21,42,0,8,26,0,6,15,0,5,0,0,0,0,0,0,0,0,0,3,0,0,1,0,1,1,0,1
8474651,2012020454,2013-03-22,48,4,9,36,4,4,25,3,3,1,0,0,1,0,0,1,0,0,5,0,0,4,0,2,4,0,2
8474651,2012020467,2013-03-24,48,0,7,39,0,5,30,0,2,1,0,1,1,0,1,0,0,1,2,0,0,1,0,0,1,0,0
8474651,2012020481,2013-03-26,36,3,10,27,2,10,24,1,6,3,0,0,3,0,0,1,0,0,5,0,0,0,0,1,0,0,1
8474651,2012020511,2013-03-30,34,0,7,26,0,5,19,0,4,2,0,1,2,0,1,1,0,1,3,0,0,1,0,1,1,0,1
8474651,2012020521,2013-03-31,53,5,13,40,3,7,26,3,5,4,0,1,4,0,1,3,0,1,1,0,0,7,2,1,7,2,1
8474651,2012020533,2013-04-02,52,3,10,37,2,6,29,0,5,1,0,2,1,0,2,1,0,2,3,1,0,4,0,1,4,0,1
8474651,2012020545,2013-04-04,54,0,5,40,0,4,33,0,3,1,0,0,1,0,0,1,0,0,4,0,0,1,0,0,1,0,0
8474651,2012020566,2013-04-06,43,0,2,31,0,2,28,0,2,2,0,1,2,0,1,1,0,1,0,0,0,2,0,1,2,0,1
8474651,2012020599,2013-04-11,65,0,9,47,0,9,36,0,8,0,0,1,0,0,1,0,0,1,4,0,0,9,0,3,9,0,3
8474651,2012020614,2013-04-13,57,1,9,40,1,7,32,1,7,5,0,0,5,0,0,5,0,0,2,0,0,3,0,1,3,0,1
8474651,2012020633,2013-04-16,39,2,6,31,2,5,25,1,4,1,0,0,1,0,0,1,0,0,2,0,0,2,0,1,2,0,1
8474651,2012020647,2013-04-18,60,1,6,47,1,3,35,1,1,2,0,0,1,0,0,1,0,0,5,0,0,5,0,0,5,0,0
8474651,2012020662,2013-04-20,49,2,21,33,2,15,27,2,7,1,0,0,1,0,0,1,0,0,6,0,0,6,0,2,6,0,2
8474651,2012020682,2013-04-23,39,1,8,24,1,6,23,0,4,2,0,1,2,0,1,0,0,0,3,0,2,1,0,0,1,0,0
8474651,2012020711,2013-04-27,57,1,7,40,1,6,27,1,6,2,0,0,2,0,0,1,0,0,8,0,0,4,0,0,4,0,0
8474651,2012030131,2013-05-02,55,2,22,39,1,14,27,1,8,1,0,0,1,0,0,1,0,0,5,0,1,4,0,2,4,0,2
8474651,2012030132,2013-05-04,49,0,8,40,0,4,22,0,2,0,0,0,0,0,0,0,0,0,6,0,0,2,0,0,2,0,0
8474651,2012030133,2013-05-06,34,2,22,26,1,17,17,1,12,3,0,1,3,0,1,3,0,1,3,0,0,1,0,1,1,0,1
8474651,2012030134,2013-05-08,49,3,10,32,3,7,27,2,5,3,0,1,3,0,1,3,0,1,2,0,0,4,0,0,4,0,0
8474651,2012030135,2013-05-10,46,0,21,28,0,9,18,0,7,1,0,0,1,0,0,1,0,0,5,0,0,2,0,1,2,0,1
8474651,2012030136,2013-05-12,52,0,14,35,0,12,22,0,7,1,0,0,1,0,0,1,0,0,2,0,1,1,0,0,1,0,0
8474651,2012030137,2013-05-13,42,0,5,34,0,4,24,0,3,5,0,0,4,0,0,3,0,0,3,0,0,1,0,0,1,0,0
8474690,2012020265,2013-02-24,53,1,8,37,0,7,22,0,5,2,0,1,2,0,1,2,0,1,1,0,0,0,0,3,0,0,3
8474690,2012020369,2013-03-10,11,0,4,8,0,4,7,0,4,1,0,0,1,0,0,1,0,0,0,0,0,0,0,0,0,0,0
8474690,2012020444,2013-03-21,38,0,11,31,0,9,21,0,8,3,0,2,3,0,2,2,0,1,2,0,0,2,0,0,2,0,0
8474690,2012020532,2013-04-02,50,2,3,34,1,1,24,1,0,2,0,0,2,0,0,2,0,0,4,0,1,2,0,0,2,0,0
8474690,2012020694,2013-04-25,44,0,12,33,0,11,22,0,8,1,0,1,1,0,1,0,0,1,1,0,2,4,0,0,4,0,0
8474690,2012030111,2013-05-01,16,1,4,13,1,1,10,0,1,1,0,0,1,0,0,0,0,0,0,0,0,0,0,0,0,0,0
8474690,2012030115,2013-05-09,2,0,8,2,0,6,0,0,4,0,0,0,0,0,0,0,0,0,0,0,0,0,0,0,0,0,0
8474765,2012020007,2013-01-19,32,3,15,30,2,10,21,2,7,2,0,1,2,0,1,2,0,1,6,1,0,1,0,2,1,0,2
8474765,2012020021,2013-01-21,43,0,22,36,0,20,30,0,14,3,0,1,3,0,1,2,0,1,1,0,1,2,0,3,2,0,3
8474765,2012020053,2013-01-25,57,3,9,42,2,6,30,1,5,3,0,1,3,0,1,3,0,1,3,0,0,2,0,0,2,0,0
8474765,2012020068,2013-01-27,50,1,16,29,1,11,19,1,5,1,0,0,1,0,0,0,0,0,3,1,0,3,0,1,3,0,1
8474765,2012020084,2013-01-29,37,4,7,27,4,7,17,4,7,1,1,0,0,0,0,0,0,0,5,1,0,0,0,1,0,0,1
8474765,2012020103,2013-02-01,43,1,14,32,1,10,21,1,7,1,0,2,1,0,2,1,0,2,2,0,1,1,0,3,1,0,3
8474765,2012020133,2013-02-05,50,0,8,31,0,5,21,0,3,2,0,0,2,0,0,2,0,0,2,0,0,1,0,1,1,0,1
8474765,2012020142,2013-02-07,32,2,11,27,2,11,17,2,8,1,1,2,1,0,2,1,0,2,1,0,0,2,0,0,2,0,0
8474765,2012020169,2013-02-10,25,0,2,21,0,1,13,0,0,2,0,0,2,0,0,1,0,0,1,0,0,1,0,0,1,0,0
8474765,2012020181,2013-02-12,43,2,13,33,1,13,23,1,10,2,0,1,2,0,1,1,0,1,5,0,1,1,0,1,1,0,1
8474765,2012020208,2013-02-16,44,2,8,40,2,5,26,1,3,5,0,0,5,0,0,4,0,0,2,0,0,5,0,0,5,0,0
8474765,2012020229,2013-02-19,52,2,5,36,0,4,23,0,2,2,0,0,2,0,0,2,0,0,1,0,1,2,0,1,2,0,1
8474765,2012020243,2013-02-21,41,1,0,31,1,0,25,1,0,4,0,0,4,0,0,2,0,0,6,0,0,3,0,0,3,0,0
8474765,2012020267,2013-02-24,18,0,0,12,0,0,10,0,0,3,0,0,3,0,0,1,0,0,1,0,0,2,0,0,2,0,0
8474765,2012020321,2013-03-04,28,1,4,19,1,2,16,0,2,2,0,0,1,0,0,0,0,0,1,0,0,2,0,0,2,0,0
8474765,2012020324,2013-03-05,41,2,6,33,2,6,19,2,6,0,1,1,0,1,1,0,0,1,1,0,0,4,0,2,4,0,2
8474765,2012020346,2013-03-07,46,3,5,34,2,3,26,1,1,2,0,0,1,0,0,1,0,0,3,2,0,3,0,0,3,0,0
8474765,2012020381,2013-03-12,52,0,16,41,0,14,29,0,10,2,0,0,2,0,0,0,0,0,5,0,0,1,0,1,1,0,1
8474765,2012020395,2013-03-14,47,0,1,35,0,1,27,0,1,0,0,1,0,0,1,0,0,1,7,0,0,1,0,0,1,0,0
8474765,2012020423,2013-03-18,42,3,13,35,3,7,23,2,5,2,0,0,1,0,0,0,0,0,4,1,1,2,0,0,2,0,0
8474765,2012020438,2013-03-20,16,0,0,13,0,0,8,0,0,1,0,0,1,0,0,1,0,0,0,0,0,0,0,0,0,0,0
8474765,2012020669,2013-04-21,35,0,13,31,0,9,21,0,7,3,0,0,3,0,0,2,0,0,2,0,1,0,0,1,0,0,1
8474765,2012020154,2013-04-25,40,4,5,29,2,5,19,2,3,2,0,0,2,0,0,2,0,0,2,1,0,0,0,0,0,0,0
8474765,2012020712,2013-04-27,50,0,3,40,0,2,30,0,1,4,0,0,4,0,0,3,0,0,9,0,0,3,0,0,3,0,0
8475215,2012020288,2013-02-28,57,2,12,45,2,10,35,2,9,2,0,0,2,0,0,1,0,0,3,1,0,3,0,0,3,0,0
8475215,2012020312,2013-03-03,64,1,9,44,0,6,31,0,4,2,0,0,2,0,0,1,0,0,3,0,0,3,0,3,3,0,3
8475215,2012020350,2013-03-08,53,0,5,43,0,4,31,0,4,2,0,0,2,0,0,1,0,0,1,0,0,1,0,2,1,0,2
8475215,2012020375,2013-03-11,51,2,11,41,2,9,28,1,6,2,0,0,2,0,0,1,0,0,6,0,0,3,0,1,3,0,1
8475215,2012020388,2013-03-13,68,0,12,48,0,10,36,0,9,1,0,2,1,0,2,1,0,2,10,0,0,7,0,0,7,0,0
8475215,2012020419,2013-03-17,35,3,8,28,2,7,19,1,6,1,0,0,1,0,0,1,0,0,4,0,0,6,0,0,6,0,0
8475215,2012020447,2013-03-21,56,0,1,41,0,1,29,0,0,2,0,0,2,0,0,2,0,0,1,0,0,2,0,0,2,0,0
8475215,2012020456,2013-03-23,47,2,7,32,2,4,26,2,4,3,0,0,3,0,0,2,0,0,6,0,0,1,0,0,1,0,0
8475215,2012020531,2013-04-02,62,1,9,55,1,8,43,1,6,3,0,0,3,0,0,2,0,0,1,0,0,6,0,0,6,0,0
8475215,2012020553,2013-04-05,38,1,5,32,1,4,26,1,3,4,0,0,4,0,0,4,0,0,1,0,0,1,0,0,1,0,0
8475215,2012020598,2013-04-11,35,3,7,20,3,5,17,3,5,0,1,0,0,1,0,0,0,0,3,0,0,2,0,1,2,0,1
8475215,2012020624,2013-04-28,56,0,7,45,0,7,32,0,4,1,0,1,1,0,1,1,0,1,4,0,1,1,0,0,1,0,0
8475215,2012030212,2013-05-17,27,0,4,22,0,4,18,0,3,1,0,0,1,0,0,1,0,0,1,0,0,1,0,0,1,0,0
8475215,2012030214,2013-05-22,2,0,3,2,0,3,2,0,2,0,0,1,0,0,1,0,0,1,0,0,0,0,0,0,0,0,0
8475252,2012020504,2013-03-29,40,0,11,27,0,11,22,0,11,2,0,3,2,0,3,2,0,2,1,0,0,5,0,2,5,0,2
8475311,2012020187,2013-02-12,50,2,5,38,1,3,27,0,3,1,0,1,1,0,1,1,0,1,2,0,0,5,0,0,5,0,0
8475311,2012020216,2013-02-17,49,0,14,39,0,8,27,0,4,2,0,0,2,0,0,2,0,0,3,0,0,0,0,2,0,0,2
8475311,2012020301,2013-03-01,46,1,0,40,1,0,28,1,0,3,0,0,3,0,0,3,0,0,4,0,0,2,0,0,2,0,0
8475311,2012020332,2013-03-05,30,0,3,20,0,3,12,0,3,1,0,0,1,0,0,1,0,0,4,0,0,1,0,0,1,0,0
8475311,2012020552,2013-04-04,27,0,5,21,0,4,10,0,2,1,0,0,1,0,0,1,0,0,0,0,0,0,0,0,0,0,0
8475311,2012020653,2013-04-18,3,0,0,2,0,0,2,0,0,1,0,0,1,0,0,0,0,0,0,0,0,0,0,0,0,0,0
8475311,2012030154,2013-05-07,30,1,1,22,1,1,16,1,1,2,0,0,1,0,0,0,0,0,2,0,0,2,0,0,2,0,0
8475311,2012030155,2013-05-09,25,1,4,17,0,2,13,0,2,1,0,1,1,0,1,1,0,1,3,0,1,1,0,1,1,0,1
8475361,2012020009,2013-01-19,13,0,2,10,0,1,7,0,1,0,0,1,0,0,1,0,0,1,0,0,0,1,0,0,1,0,0
8475361,2012020231,2013-02-19,28,0,8,22,0,7,13,0,5,2,0,0,1,0,0,1,0,0,1,0,1,2,0,0,2,0,0
8475361,2012020298,2013-02-28,58,0,2,36,0,1,25,0,1,1,0,0,1,0,0,1,0,0,3,0,0,2,0,0,2,0,0
8475361,2012020357,2013-03-09,33,0,13,27,0,7,21,0,3,2,0,1,2,0,1,0,0,1,2,0,0,2,0,0,2,0,0
8475361,2012020390,2013-03-13,34,1,3,29,1,2,20,0,2,4,0,1,3,0,1,2,0,1,2,0,0,3,0,0,4,0,0
8475361,2012020477,2013-03-25,46,2,10,37,2,9,22,2,6,1,0,1,1,0,1,1,0,1,1,0,0,4,0,1,4,0,1
8475361,2012020517,2013-03-31,19,0,0,15,0,0,12,0,0,3,0,0,2,0,0,2,0,0,1,0,0,0,0,0,0,0,0
8475622,2012020716,2013-04-27,52,1,8,36,1,7,23,0,5,3,0,0,3,0,0,3,0,0,0,0,0,1,0,1,1,0,1
8475680,2012020229,2013-02-19,8,1,3,5,1,3,2,1,3,0,0,0,0,0,0,0,0,0,1,0,0,0,0,0,0,0,0
8475681,2012020005,2013-01-19,35,3,10,24,3,7,14,3,5,0,0,1,0,0,1,0,0,1,3,0,1,3,0,1,3,0,1
8475681,2012020023,2013-01-21,29,0,8,22,0,7,15,0,5,2,0,0,2,0,0,1,0,0,6,0,1,0,0,0,0,0,0
8475681,2012020040,2013-01-24,35,0,3,30,0,3,23,0,2,4,0,1,4,0,1,3,0,1,1,0,1,1,0,0,1,0,0
8475681,2012020130,2013-02-05,58,0,6,37,0,5,21,0,5,0,0,2,0,0,2,0,0,2,4,0,0,3,0,0,3,0,0
8475681,2012020172,2013-02-11,37,1,14,28,1,9,24,1,8,1,0,0,1,0,0,1,0,0,6,0,3,3,0,0,3,0,0
8475681,2012020192,2013-02-14,58,2,8,41,2,6,26,2,5,2,0,1,2,0,1,1,0,1,5,1,0,5,0,0,5,0,0
8475681,2012020205,2013-02-16,52,1,15,37,1,11,26,0,8,0,0,0,0,0,0,0,0,0,3,0,0,1,0,2,1,0,2
8475681,2012020223,2013-02-18,49,1,3,42,1,3,35,1,1,0,0,0,0,0,0,0,0,0,2,0,0,5,0,0,5,0,0
8475681,2012020229,2013-02-19,26,0,6,20,0,5,10,0,3,3,0,1,3,0,1,2,0,1,4,0,0,0,0,0,0,0,0
8475681,2012020237,2013-02-21,55,0,11,40,0,6,29,0,3,1,0,0,1,0,0,0,0,0,4,0,1,2,0,0,2,0,0
8475681,2012020256,2013-02-23,64,1,0,42,1,0,34,1,0,3,0,0,3,0,0,3,0,0,1,0,0,9,0,0,9,0,0
8475681,2012020270,2013-02-25,42,1,8,33,1,5,22,0,3,1,0,1,1,0,1,1,0,1,3,0,0,2,0,0,2,0,0
8475681,2012020284,2013-02-27,61,0,13,44,0,12,32,0,8,4,0,1,3,0,1,2,0,1,6,0,0,3,0,2,3,0,2
8475681,2012020339,2013-03-07,39,1,6,31,1,3,20,1,3,3,0,0,3,0,0,3,0,0,2,0,0,2,0,0,2,0,0
8475681,2012020382,2013-03-12,5,0,1,5,0,1,5,0,1,1,0,0,1,0,0,1,0,0,0,0,0,0,0,0,0,0,0
8475681,2012020392,2013-03-14,47,2,8,30,2,5,21,2,4,2,0,0,2,0,0,2,0,0,4,0,1,1,0,0,1,0,0
8475681,2012020409,2013-03-16,58,0,3,38,0,2,25,0,1,4,0,0,4,0,0,4,0,0,9,0,1,5,0,0,5,0,0
8475681,2012020479,2013-03-26,73,1,2,53,1,2,39,1,2,2,0,0,2,0,0,2,0,0,7,0,0,2,0,0,2,0,0
8475681,2012020633,2013-04-16,47,1,17,36,1,13,29,1,7,3,0,2,3,0,2,3,0,2,5,0,0,1,0,3,1,0,3
8475681,2012020708,2013-04-27,4,0,6,2,0,5,2,0,3,0,0,0,0,0,0,0,0,0,2,0,0,0,0,0,0,0,0
8475683,2012020010,2013-01-19,56,0,2,44,0,2,32,0,2,1,0,1,1,0,1,1,0,1,4,0,0,3,0,0,3,0,0
8475683,2012020025,2013-01-21,50,2,20,38,2,17,29,2,11,3,0,0,3,0,0,3,0,0,4,0,0,1,0,1,1,0,1
8475683,2012020047,2013-01-24,38,1,5,33,1,3,26,1,1,4,0,0,4,0,0,3,0,0,3,0,0,5,0,0,5,0,0
8475683,2012020074,2013-01-28,35,2,7,28,2,4,22,1,2,0,0,1,0,0,1,0,0,1,4,0,0,3,0,0,3,0,0
8475683,2012020096,2013-01-31,11,0,1,11,0,1,10,0,1,2,0,1,2,0,1,2,0,1,0,0,0,0,0,0,0,0,0
8475683,2012020146,2013-02-07,46,1,7,33,1,7,24,1,5,3,0,1,3,0,1,3,0,1,1,0,0,2,0,0,2,0,0
8475683,2012020167,2013-02-10,18,2,4,14,2,3,9,1,3,1,1,0,1,1,0,0,1,0,1,1,0,1,0,0,1,0,0
8475683,2012020204,2013-02-15,31,0,10,26,0,7,17,0,5,1,0,1,0,0,1,0,0,1,2,0,0,1,0,1,1,0,1
8475683,2012020225,2013-02-18,42,0,7,33,0,6,23,0,6,1,0,2,1,0,2,0,0,2,1,0,0,4,0,0,4,0,0
8475683,2012020244,2013-02-21,32,0,14,24,0,13,20,0,10,2,0,0,1,0,0,1,0,0,2,0,1,1,0,0,1,0,0
8475683,2012020259,2013-02-23,34,0,6,27,0,4,21,0,2,2,0,0,2,0,0,2,0,0,3,0,0,1,0,0,1,0,0
8475683,2012020277,2013-02-26,58,1,3,46,1,3,35,1,3,5,0,0,5,0,0,5,0,0,1,0,0,4,0,0,4,0,0
8475683,2012020313,2013-03-03,31,4,4,23,3,1,16,2,1,1,0,0,1,0,0,1,0,0,0,0,0,0,0,1,0,0,1
8475683,2012020328,2013-03-05,32,0,3,24,0,3,18,0,3,0,0,0,0,0,0,0,0,0,1,0,0,0,0,0,0,0,0
8475683,2012020345,2013-03-07,53,2,4,43,2,2,33,2,0,1,0,0,1,0,0,1,0,0,3,0,0,3,0,0,3,0,0
8475683,2012020357,2013-03-09,37,3,11,30,3,8,22,3,5,0,0,0,0,0,0,0,0,0,1,0,0,1,0,1,1,0,1
8475683,2012020366,2013-03-10,33,1,17,23,1,10,16,1,6,1,0,1,1,0,1,0,0,1,2,0,0,0,0,0,0,0,0
8475683,2012020379,2013-03-12,64,1,7,37,1,7,31,1,6,1,0,0,1,0,0,1,0,0,4,0,0,3,0,0,3,0,0
8475683,2012020394,2013-03-14,62,0,4,45,0,4,37,0,3,1,0,0,1,0,0,1,0,0,4,0,0,4,0,0,4,0,0
8475683,2012020412,2013-03-16,65,1,8,44,1,6,34,1,4,0,0,0,0,0,0,0,0,0,3,0,0,2,0,0,2,0,0
8475683,2012020432,2013-03-19,49,0,1,42,0,1,34,0,1,3,0,0,3,0,0,3,0,0,3,0,0,3,0,0,3,0,0
8475683,2012020453,2013-03-22,40,0,6,29,0,5,22,0,3,1,0,0,1,0,0,1,0,0,2,0,0,2,0,0,2,0,0
8475683,2012020462,2013-03-23,13,0,1,10,0,1,10,0,1,3,0,1,3,0,1,3,0,1,3,0,0,2,0,0,2,0,0
8475683,2012020487,2013-03-26,64,2,9,39,1,8,27,1,6,0,0,0,0,0,0,0,0,0,6,0,0,3,0,0,3,0,0
8475683,2012020499,2013-03-28,42,2,4,29,1,2,22,0,2,5,0,0,5,0,0,3,0,0,2,0,0,3,0,0,3,0,0
8475683,2012020518,2013-03-31,53,0,1,39,0,1,29,0,1,1,0,0,1,0,0,1,0,0,3,0,0,2,0,0,2,0,0
8475683,2012020548,2013-04-04,53,0,5,41,0,4,36,0,3,1,0,0,1,0,0,1,0,0,5,0,0,2,0,0,2,0,0
8475683,2012020555,2013-04-05,31,0,8,21,0,8,14,0,4,1,0,1,1,0,1,1,0,1,3,0,0,3,0,0,3,0,0
8475683,2012020572,2013-04-07,30,3,8,22,2,7,18,1,5,1,0,2,1,0,2,0,0,2,0,1,0,1,0,1,1,0,1
8475683,2012020584,2013-04-09,52,0,7,40,0,5,26,0,4,0,0,0,0,0,0,0,0,0,2,0,0,0,0,0,0,0,0
8475683,2012020606,2013-04-12,52,0,8,42,0,6,27,0,5,1,0,0,1,0,0,1,0,0,0,0,0,0,0,0,0,0,0
8475683,2012020617,2013-04-13,53,0,7,42,0,6,35,0,6,1,0,1,1,0,1,1,0,1,2,0,0,4,0,1,4,0,1
8475683,2012020629,2013-04-15,61,1,11,47,1,5,27,1,4,2,0,1,2,0,1,2,0,1,3,0,0,7,0,0,7,0,0
8475683,2012020643,2013-04-17,39,1,3,33,1,2,25,1,2,1,0,1,1,0,1,1,0,1,2,0,0,3,0,1,3,0,1
8475683,2012020652,2013-04-18,39,0,6,30,0,6,19,0,4,1,0,1,1,0,1,1,0,1,6,0,0,1,0,1,1,0,1
8475683,2012020674,2013-04-21,68,0,3,49,0,2,33,0,2,2,0,1,2,0,1,1,0,1,5,0,0,8,0,0,8,0,0
8475683,2012020702,2013-04-25,68,1,4,45,1,2,30,0,2,0,0,1,0,0,1,0,0,1,4,0,0,7,0,0,7,0,0
8475683,2012020713,2013-04-27,38,0,0,29,0,0,20,0,0,1,0,0,1,0,0,1,0,0,2,0,0,5,0,0,5,0,0
8475824,2012020604,2013-04-11,36,2,13,28,2,9,18,1,6,1,0,1,1,0,1,1,0,0,3,0,0,1,0,2,1,0,2
8475831,2012020285,2013-02-27,26,0,2,18,0,1,13,0,1,0,0,0,0,0,0,0,0,0,0,0,0,1,0,0,1,0,0
8475831,2012020356,2013-03-09,44,1,27,35,1,20,25,1,19,2,1,2,2,1,2,2,0,2,3,0,0,1,0,3,1,0,3
8475852,2012020149,2013-02-07,46,0,9,34,0,7,23,0,4,0,0,1,0,0,1,0,0,1,2,0,0,1,0,1,1,0,1
8475852,2012020216,2013-02-17,38,1,2,32,1,2,23,0,1,3,0,0,2,0,0,1,0,0,0,0,0,1,0,0,1,0,0
8476234,2012020324,2013-03-05,13,0,1,12,0,1,12,0,1,1,0,0,1,0,0,1,0,0,1,0,0,0,0,0,0,0,0
8476839,2012020064,2013-01-26,36,0,11,27,0,8,17,0,4,2,0,0,1,0,0,1,0,0,4,0,0,3,0,1,3,0,1
8476839,2012020107,2013-02-01,41,1,4,30,1,3,23,1,3,1,0,0,1,0,0,0,0,0,7,0,0,4,0,0,4,0,0
8476839,2012020127,2013-02-04,47,3,18,30,1,13,17,1,8,1,0,0,1,0,0,1,0,0,3,0,1,3,1,2,3,1,2
8476839,2012020139,2013-02-06,63,1,2,43,1,0,30,1,0,0,0,0,0,0,0,0,0,0,0,0,0,3,0,0,3,0,0
8476839,2012020153,2013-02-08,17,1,3,12,1,3,10,1,1,1,0,0,1,0,0,1,0,0,0,0,0,0,0,0,0,0,0
8476839,2012020163,2013-02-09,55,0,7,38,0,7,25,0,6,3,0,2,3,0,2,3,0,2,1,0,0,4,0,2,4,0,2
8476839,2012020185,2013-02-12,32,0,18,27,0,8,23,0,7,1,0,1,1,0,1,0,0,1,3,0,0,0,0,0,0,0,0
8476839,2012020200,2013-02-15,49,1,9,39,1,7,23,0,5,1,0,1,1,0,1,1,0,1,2,0,0,3,0,1,3,0,1
8476839,2012020209,2013-02-16,50,0,12,36,0,10,27,0,7,2,0,0,2,0,0,2,0,0,1,0,0,4,0,1,4,0,1
8476839,2012020274,2013-02-25,56,1,4,40,0,2,23,0,1,3,0,1,3,0,1,3,0,1,5,0,0,0,0,0,0,0,0
8476839,2012020286,2013-02-27,36,1,1,25,1,1,19,1,1,1,0,0,1,0,0,1,0,0,3,0,0,0,0,0,0,0,0
8476839,2012020308,2013-03-02,79,2,0,52,2,0,36,1,0,4,0,0,4,0,0,3,0,0,3,0,0,9,0,0,9,0,0
8476839,2012020354,2013-03-08,64,0,1,46,0,0,29,0,0,0,0,0,0,0,0,0,0,0,6,0,0,1,0,0,1,0,0
8476839,2012020427,2013-03-18,58,0,9,43,0,8,31,0,4,3,0,0,3,0,0,2,0,0,2,0,1,4,0,2,4,0,2
8476839,2012020455,2013-03-22,19,0,2,13,0,2,9,0,2,2,0,1,2,0,1,2,0,1,0,0,0,1,0,1,1,0,1
8476839,2012020478,2013-03-25,40,2,16,36,2,8,31,2,5,4,0,0,2,0,0,2,0,0,12,0,0,5,0,1,5,0,1
8476839,2012020528,2013-04-01,44,0,9,34,0,5,22,0,4,0,0,0,0,0,0,0,0,0,4,0,1,2,0,0,2,0,0
8476839,2012020541,2013-04-03,50,0,0,35,0,0,25,0,0,2,0,0,2,0,0,1,0,0,3,0,0,2,0,0,2,0,0
8476839,2012020557,2013-04-05,31,2,17,24,1,12,17,1,7,2,1,0,2,1,0,2,1,0,1,0,0,2,0,1,2,0,1
8476839,2012020576,2013-04-07,67,2,5,45,2,4,34,1,3,2,0,1,2,0,1,2,0,0,4,1,2,3,0,0,3,0,0
8476839,2012020595,2013-04-10,19,0,0,17,0,0,12,0,0,0,0,0,0,0,0,0,0,0,0,0,0,1,0,0,1,0,0
8476839,2012020620,2013-04-13,47,0,10,36,0,4,17,0,1,1,0,1,1,0,1,1,0,1,7,0,0,0,0,0,0,0,0
8476839,2012020643,2013-04-17,49,2,8,34,1,6,21,1,6,3,0,0,3,0,0,2,0,0,4,0,0,3,0,0,3,0,0
8476839,2012020679,2013-04-22,51,0,9,31,0,4,20,0,4,0,0,0,0,0,0,0,0,0,3,0,1,3,0,3,4,0,2
8476839,2012020719,2013-04-27,51,6,1,36,5,1,25,5,0,3,1,0,3,1,0,3,0,0,4,1,0,3,0,0,3,0,0
8476846,2012020017,2013-01-20,44,0,7,36,0,4,28,0,4,1,0,0,1,0,0,1,0,0,3,0,0,4,0,0,4,0,0
8476846,2012020061,2013-01-26,35,2,10,29,2,7,23,2,4,4,0,0,4,0,0,2,0,0,2,0,0,3,0,1,3,0,1
8476846,2012020245,2013-02-21,33,1,8,25,1,6,19,1,2,3,0,1,3,0,1,3,0,1,0,0,0,5,0,0,5,0,0
8476846,2012020260,2013-02-23,42,1,16,37,1,14,21,1,10,0,0,1,0,0,1,0,0,0,3,0,0,1,0,1,1,0,1
8476846,2012020272,2013-02-25,29,1,16,23,1,12,20,1,10,4,0,1,4,0,1,4,0,1,0,0,0,1,0,0,1,0,0
