gameId,eventId,strengthState,xCoordNorm,yCoordNorm,isRush,isRebound,isCorsi,isFenwick,isShot,isGoal,xG,shooterPlayerId,shooterTeamId,goalieTeamId
2013020016,9,even-strength,79,4,FALSE,FALSE,TRUE,TRUE,TRUE,FALSE,0.1260785676355724,8469622,1,2
2013020016,12,even-strength,81,3,FALSE,TRUE,TRUE,TRUE,TRUE,TRUE,0.2629466362925347,8477059,1,2
2013020016,13,even-strength,73,1,FALSE,FALSE,TRUE,TRUE,TRUE,FALSE,0.11847140215335288,8464977,1,2
2013020016,14,even-strength,39,-16,FALSE,FALSE,TRUE,TRUE,TRUE,FALSE,0.01807644826879301,8469623,1,2
2013020016,18,even-strength,35,-33,FALSE,FALSE,TRUE,TRUE,TRUE,FALSE,0.00905880078015044,8472394,1,2
2013020016,19,even-strength,84,5,FALSE,FALSE,TRUE,TRUE,TRUE,FALSE,0.09576270405005888,8473646,1,2
2013020016,23,even-strength,71,-13,FALSE,FALSE,TRUE,TRUE,TRUE,FALSE,0.06342576415453076,8476457,1,2
2013020016,24,even-strength,53,29,FALSE,FALSE,TRUE,TRUE,FALSE,FALSE,0.02277026957598279,8472382,1,2
2013020016,25,even-strength,39,-23,FALSE,FALSE,TRUE,TRUE,FALSE,FALSE,0.01732801803244398,8476457,1,2
2013020016,33,even-strength,69,5,FALSE,FALSE,TRUE,TRUE,FALSE,FALSE,0.1023754474778162,8471233,1,2
2013020016,34,even-strength,39,27,FALSE,FALSE,TRUE,TRUE,FALSE,FALSE,0.01318822616456977,8472382,1,2
2013020016,40,even-strength,59,-25,FALSE,FALSE,TRUE,FALSE,FALSE,FALSE,0,8467545,1,2
2013020016,49,even-strength,72,9,FALSE,FALSE,TRUE,TRUE,TRUE,FALSE,0.08126147942629128,8471233,1,2
2013020016,50,even-strength,58,19,FALSE,FALSE,TRUE,TRUE,TRUE,FALSE,0.02388087487481751,8471233,1,2
2013020016,201,even-strength,31,-31,FALSE,FALSE,TRUE,TRUE,TRUE,FALSE,0.01066869506821083,8472394,1,2
2013020016,208,even-strength,65,-17,FALSE,FALSE,TRUE,TRUE,TRUE,FALSE,0.06965550901268615,8473646,1,2
2013020016,209,even-strength,41,-27,FALSE,FALSE,TRUE,TRUE,TRUE,FALSE,0.02195601209147018,8469623,1,2
2013020016,210,even-strength,75,-1,FALSE,TRUE,TRUE,TRUE,TRUE,FALSE,0.2761861088022927,8471233,1,2
2013020016,212,even-strength,32,-28,FALSE,FALSE,TRUE,TRUE,FALSE,FALSE,0.01092826121340827,8469623,1,2
2013020016,213,even-strength,61,7,FALSE,TRUE,TRUE,TRUE,TRUE,TRUE,0.07616224065993703,8467545,1,2
2013020016,216,power-play,78,5,FALSE,FALSE,TRUE,TRUE,FALSE,FALSE,0.13874153136080325,8470609,1,2
2013020016,217,power-play,69,10,FALSE,FALSE,TRUE,TRUE,FALSE,FALSE,0.08306202657916563,8474641,1,2
2013020016,218,power-play,46,-25,FALSE,FALSE,TRUE,FALSE,FALSE,FALSE,0,8477059,1,2
2013020016,219,power-play,71,11,FALSE,FALSE,TRUE,FALSE,FALSE,FALSE,0,8467545,1,2
2013020016,224,even-strength,62,-33,FALSE,FALSE,TRUE,FALSE,FALSE,FALSE,0,8470609,1,2
2013020016,225,even-strength,36,-27,FALSE,FALSE,TRUE,TRUE,TRUE,FALSE,0.01217058324266662,8476457,1,2
2013020016,228,even-strength,75,1,FALSE,FALSE,TRUE,TRUE,TRUE,FALSE,0.16643737152931068,8477059,1,2
2013020016,229,even-strength,75,-6,FALSE,FALSE,TRUE,TRUE,TRUE,FALSE,0.0788122403001103,8464977,1,2
2013020016,230,even-strength,48,-25,FALSE,FALSE,TRUE,FALSE,FALSE,FALSE,0,8472394,1,2
2013020016,232,even-strength,53,-29,FALSE,FALSE,TRUE,TRUE,TRUE,FALSE,0.01812210276664374,8448208,1,2
2013020016,237,even-strength,61,-5,FALSE,FALSE,TRUE,FALSE,FALSE,FALSE,0,8472382,1,2
2013020016,238,even-strength,73,-1,FALSE,FALSE,TRUE,TRUE,TRUE,FALSE,0.0781041653091567,8470609,1,2
2013020016,239,even-strength,55,-11,FALSE,FALSE,TRUE,TRUE,TRUE,FALSE,0.04385987190807331,8469623,1,2
2013020016,241,even-strength,54,-8,FALSE,FALSE,TRUE,FALSE,FALSE,FALSE,0,8472394,1,2
2013020016,242,even-strength,77,-8,FALSE,FALSE,TRUE,FALSE,FALSE,FALSE,0,8476457,1,2
2013020016,245,even-strength,39,20,FALSE,FALSE,TRUE,FALSE,FALSE,FALSE,0,8472382,1,2
2013020016,246,even-strength,78,8,FALSE,FALSE,TRUE,FALSE,FALSE,FALSE,0,8472394,1,2
2013020016,452,even-strength,74,4,FALSE,FALSE,TRUE,TRUE,TRUE,FALSE,0.08355346671359005,8474641,1,2
2013020016,454,even-strength,38,-20,FALSE,FALSE,TRUE,TRUE,FALSE,FALSE,0.01594763447193133,8469623,1,2
2013020016,456,even-strength,75,25,FALSE,FALSE,TRUE,TRUE,FALSE,FALSE,0.02641125627003899,8470609,1,2
2013020016,460,even-strength,72,14,FALSE,FALSE,TRUE,TRUE,TRUE,FALSE,0.05031148128500541,8474641,1,2
2013020016,462,even-strength,72,4,TRUE,FALSE,TRUE,FALSE,FALSE,FALSE,0,8472382,1,2
2013020016,467,power-play,75,7,FALSE,FALSE,TRUE,FALSE,FALSE,FALSE,0,8469623,1,2
2013020016,468,even-strength,83,6,FALSE,FALSE,TRUE,TRUE,TRUE,TRUE,0.07410701745973233,8477059,1,2
2013020016,479,penalty-kill,74,-8,FALSE,FALSE,TRUE,TRUE,TRUE,FALSE,0.06412386730779185,8472410,1,2
2013020016,481,even-strength,78,7,FALSE,FALSE,TRUE,TRUE,TRUE,FALSE,0.07612546923095524,8470609,1,2
2013020016,483,even-strength,45,-7,FALSE,FALSE,TRUE,FALSE,FALSE,FALSE,0,8469622,1,2
2013020016,484,even-strength,48,-22,FALSE,FALSE,TRUE,TRUE,TRUE,FALSE,0.01791754811500873,8471233,1,2
2013020016,487,even-strength,34,-25,FALSE,FALSE,TRUE,TRUE,TRUE,FALSE,0.01243414391564129,8474681,1,2
2013020016,488,even-strength,38,-20,FALSE,FALSE,TRUE,TRUE,FALSE,FALSE,0.01140985279987428,8472394,1,2
2013020016,491,even-strength,76,-34,FALSE,FALSE,TRUE,TRUE,TRUE,FALSE,0.02109912904039833,8477059,1,2
2013020016,499,even-strength,-75,-28,FALSE,FALSE,TRUE,TRUE,TRUE,FALSE,0.03963607834060969,8460542,1,2
2013020016,651,even-strength,-78,8,FALSE,FALSE,TRUE,TRUE,FALSE,FALSE,0.04025954025211838,8470609,1,2
2013020016,652,even-strength,-77,-5,FALSE,FALSE,TRUE,FALSE,FALSE,FALSE,0,8460626,1,2
2013020016,654,even-strength,-76,9,FALSE,FALSE,TRUE,TRUE,FALSE,FALSE,0.0337054119270686,8448208,1,2
2013020024,64,even-strength,81,7,FALSE,FALSE,TRUE,FALSE,FALSE,FALSE,0,8471677,29,2
2013020024,610,even-strength,57,-14,FALSE,FALSE,TRUE,TRUE,FALSE,FALSE,0.05977610910873404,8470222,29,2
2013020024,615,even-strength,84,-2,FALSE,FALSE,TRUE,TRUE,TRUE,FALSE,0.12220904273298644,8471677,29,2
2013020024,616,even-strength,62,15,FALSE,FALSE,TRUE,FALSE,FALSE,FALSE,0,8473573,29,2
2013020024,619,even-strength,52,15,FALSE,FALSE,TRUE,TRUE,FALSE,FALSE,0.04179073765245319,8474715,29,2
2013020024,621,even-strength,75,8,TRUE,FALSE,TRUE,FALSE,FALSE,FALSE,0,8468483,29,2
2013020024,623,even-strength,55,14,FALSE,FALSE,TRUE,FALSE,FALSE,FALSE,0,8471348,29,2
2013020024,624,even-strength,43,17,FALSE,FALSE,TRUE,TRUE,FALSE,FALSE,0.01910113338837178,8471348,29,2
2013020024,626,even-strength,72,-12,FALSE,FALSE,TRUE,TRUE,TRUE,FALSE,0.08911658701470043,8475793,29,2
2013020024,629,even-strength,61,-13,FALSE,FALSE,TRUE,FALSE,FALSE,FALSE,0,8473573,29,2
2013020024,637,even-strength,76,-14,FALSE,FALSE,TRUE,TRUE,TRUE,FALSE,0.09123765956781953,8475793,29,2
2013020024,641,even-strength,86,7,FALSE,FALSE,TRUE,FALSE,FALSE,FALSE,0,8474715,29,2
2013020024,642,even-strength,80,1,FALSE,FALSE,TRUE,FALSE,FALSE,FALSE,0,8471273,29,2
2013020024,643,even-strength,84,-6,FALSE,FALSE,TRUE,TRUE,TRUE,FALSE,0.0697935227968685,8475233,29,2
2013020024,645,even-strength,43,-20,FALSE,FALSE,TRUE,FALSE,FALSE,FALSE,0,8475233,29,2
2013020024,646,even-strength,72,-6,FALSE,FALSE,TRUE,FALSE,FALSE,FALSE,0,8473573,29,2
2013020024,763,even-strength,47,16,FALSE,FALSE,TRUE,TRUE,TRUE,FALSE,0.01940102069196803,8471348,29,2
2013020024,764,even-strength,70,-16,FALSE,FALSE,TRUE,TRUE,FALSE,FALSE,0.0631112172236654,8473573,29,2
2013020024,765,even-strength,79,17,FALSE,FALSE,TRUE,TRUE,TRUE,FALSE,0.05034008349630925,8474715,29,2
2013020024,767,even-strength,38,6,FALSE,FALSE,TRUE,TRUE,TRUE,FALSE,0.02738332316220112,8476432,29,2
2013020024,777,even-strength,84,14,FALSE,FALSE,TRUE,TRUE,TRUE,FALSE,0.03998303478024322,8471677,29,2
2013020024,778,even-strength,65,-1,FALSE,FALSE,TRUE,FALSE,FALSE,FALSE,0,8475233,29,2
2013020024,781,even-strength,79,-16,FALSE,FALSE,TRUE,TRUE,TRUE,FALSE,0.04157799802733133,8470222,29,2
2013020024,793,even-strength,60,-4,FALSE,FALSE,TRUE,TRUE,TRUE,FALSE,0.05851007252501432,8468001,29,2
2013020024,796,even-strength,71,-7,TRUE,FALSE,TRUE,TRUE,TRUE,FALSE,0.14997290654845002,8468001,29,2
2013020024,799,even-strength,38,18,TRUE,FALSE,TRUE,TRUE,FALSE,FALSE,0.03621427378996399,8471348,29,2
2013020024,800,even-strength,36,-31,TRUE,FALSE,TRUE,TRUE,TRUE,FALSE,0.01846030343948431,8470222,29,2
2013020024,856,even-strength,67,-3,FALSE,FALSE,TRUE,FALSE,FALSE,FALSE,0,8471273,29,2
2013020024,859,even-strength,24,28,FALSE,FALSE,TRUE,TRUE,FALSE,FALSE,0.00524089667970331,8471348,29,2
2013020024,867,even-strength,-17,16,FALSE,FALSE,TRUE,TRUE,TRUE,FALSE,0.00106610644838438,8471260,29,2
2013020024,872,even-strength,34,20,FALSE,FALSE,TRUE,TRUE,TRUE,FALSE,0.01512974917151098,8470222,29,2
2013020024,873,even-strength,81,-2,FALSE,TRUE,TRUE,TRUE,TRUE,FALSE,0.2994541490599438,8468483,29,2
2013020024,877,even-strength,64,-16,FALSE,FALSE,TRUE,FALSE,FALSE,FALSE,0,8474685,29,2
2013020024,878,even-strength,85,-8,FALSE,FALSE,TRUE,TRUE,FALSE,FALSE,0.02409525089574764,8474685,29,2
2013020024,879,even-strength,74,10,FALSE,FALSE,TRUE,FALSE,FALSE,FALSE,0,8471273,29,2
2013020024,881,even-strength,67,2,FALSE,FALSE,TRUE,TRUE,TRUE,FALSE,0.05809545532862399,8468483,29,2
2013020024,884,power-play,51,-19,FALSE,FALSE,TRUE,FALSE,FALSE,FALSE,0,8471677,29,2
2013020024,886,power-play,38,16,FALSE,FALSE,TRUE,TRUE,TRUE,FALSE,0.04447671355822954,8473914,29,2
2013020024,887,power-play,46,1,FALSE,FALSE,TRUE,FALSE,FALSE,FALSE,0,8471348,29,2
2013020024,888,power-play,58,9,FALSE,FALSE,TRUE,TRUE,TRUE,TRUE,0.07996855463594747,8473914,29,2
2013020024,889,even-strength,55,-9,FALSE,FALSE,TRUE,FALSE,FALSE,FALSE,0,8471260,29,2
2013020024,890,even-strength,70,-9,FALSE,FALSE,TRUE,FALSE,FALSE,FALSE,0,8474774,29,2
2013020024,892,even-strength,77,8,FALSE,FALSE,TRUE,FALSE,FALSE,FALSE,0,8468483,29,2
2013020024,893,even-strength,3,35,FALSE,FALSE,TRUE,TRUE,TRUE,FALSE,0.00169176283599372,8471677,29,2
2013020024,894,even-strength,52,-10,FALSE,FALSE,TRUE,FALSE,FALSE,FALSE,0,8470222,29,2
2013020024,899,even-strength,79,0,FALSE,FALSE,TRUE,TRUE,TRUE,TRUE,0.15308406780858003,8473422,29,2
2013020024,900,even-strength,75,-5,FALSE,FALSE,TRUE,TRUE,TRUE,FALSE,0.13122975056987216,8475793,29,2
2013020024,1001,even-strength,62,5,FALSE,FALSE,TRUE,TRUE,TRUE,FALSE,0.04980948797023195,8468483,29,2
2013020024,1002,even-strength,58,-11,FALSE,FALSE,TRUE,FALSE,FALSE,FALSE,0,8471273,29,2
2013020024,1003,even-strength,77,2,FALSE,FALSE,TRUE,TRUE,TRUE,FALSE,0.11811934880853003,8471273,29,2
2013020024,1005,even-strength,57,-13,FALSE,FALSE,TRUE,FALSE,FALSE,FALSE,0,8471260,29,2
2013020024,1007,even-strength,61,-8,FALSE,FALSE,TRUE,TRUE,FALSE,FALSE,0.06674316274981977,8475793,29,2
2013020024,1008,even-strength,72,-5,FALSE,FALSE,TRUE,TRUE,TRUE,FALSE,0.15698324083792442,8468483,29,2
2013020024,1010,power-play,48,12,FALSE,FALSE,TRUE,TRUE,FALSE,FALSE,0.04975576852965281,8471677,29,2
2013020024,1011,power-play,66,-15,FALSE,FALSE,TRUE,TRUE,FALSE,FALSE,0.06922710779852793,8470222,29,2
2013020024,1021,even-strength,-45,15,FALSE,FALSE,TRUE,TRUE,TRUE,FALSE,0.05403550489685746,8473914,29,2
2013020024,1022,even-strength,-76,-4,FALSE,FALSE,TRUE,TRUE,TRUE,FALSE,0.08376120149407013,8474685,29,2
2013020024,1023,even-strength,-54,-28,FALSE,FALSE,TRUE,TRUE,TRUE,FALSE,0.04985607604382319,8471677,29,2
2013020024,1029,even-strength,-85,7,FALSE,FALSE,TRUE,TRUE,TRUE,FALSE,0.08842618468819531,8469469,29,2
2013020024,1031,even-strength,-73,-6,FALSE,FALSE,TRUE,TRUE,TRUE,FALSE,0.03645410598642062,8475233,29,2
2013020024,1032,even-strength,-69,6,FALSE,FALSE,TRUE,TRUE,FALSE,FALSE,0.0471744738548206,8468483,29,2
2013020038,107,even-strength,83,1,FALSE,FALSE,TRUE,TRUE,TRUE,FALSE,0.14194707708799717,8469664,27,2
2013020038,109,even-strength,80,28,FALSE,TRUE,TRUE,TRUE,TRUE,FALSE,0.08803411592258893,8471735,27,2
2013020038,110,even-strength,83,-18,FALSE,FALSE,TRUE,TRUE,FALSE,FALSE,0.03468167202165429,8473970,27,2
2013020038,112,even-strength,63,-35,FALSE,FALSE,TRUE,FALSE,FALSE,FALSE,0,8468085,27,2
2013020038,113,even-strength,81,-2,FALSE,FALSE,TRUE,TRUE,TRUE,FALSE,0.1143153982199709,8471232,27,2
2013020038,114,even-strength,59,-14,FALSE,FALSE,TRUE,TRUE,FALSE,FALSE,0.03042135749438499,8469664,27,2
2013020038,116,even-strength,25,17,FALSE,FALSE,TRUE,TRUE,TRUE,FALSE,0.00583138917193414,8471735,27,2
2013020038,118,even-strength,56,-21,FALSE,FALSE,TRUE,TRUE,FALSE,FALSE,0.02498930474870599,8475171,27,2
2013020038,120,even-strength,62,-16,FALSE,FALSE,TRUE,TRUE,TRUE,FALSE,0.03915250629850743,8468085,27,2
2013020038,122,even-strength,54,-18,FALSE,FALSE,TRUE,TRUE,TRUE,FALSE,0.03613123482460158,8468085,27,2
2013020038,126,even-strength,40,26,FALSE,FALSE,TRUE,TRUE,FALSE,FALSE,0.0117703869213586,8471735,27,2
2013020038,127,even-strength,61,8,TRUE,FALSE,TRUE,TRUE,TRUE,FALSE,0.07885085702782804,8476451,27,2
2013020038,143,even-strength,32,18,FALSE,FALSE,TRUE,TRUE,FALSE,FALSE,0.01524679132085048,8476451,27,2
2013020038,144,even-strength,34,-24,FALSE,FALSE,TRUE,TRUE,FALSE,FALSE,0.01346952759920572,8476451,27,2
2013020038,146,even-strength,59,10,FALSE,FALSE,TRUE,TRUE,TRUE,FALSE,0.04021613503797033,8473970,27,2
2013020038,150,even-strength,70,12,FALSE,FALSE,TRUE,FALSE,FALSE,FALSE,0,8475171,27,2
2013020038,255,even-strength,19,34,FALSE,FALSE,TRUE,FALSE,FALSE,FALSE,0,8471232,27,2
2013020038,352,even-strength,71,-5,FALSE,FALSE,TRUE,TRUE,FALSE,FALSE,0.07736603431288239,8471232,27,2
2013020038,353,even-strength,45,21,FALSE,FALSE,TRUE,TRUE,TRUE,FALSE,0.02097776452372831,8475171,27,2
2013020038,358,even-strength,77,27,FALSE,FALSE,TRUE,TRUE,TRUE,FALSE,0.02796839163809843,8473970,27,2
2013020038,360,even-strength,75,18,FALSE,FALSE,TRUE,TRUE,TRUE,FALSE,0.04642709471750853,8468085,27,2
2013020038,361,even-strength,85,-6,FALSE,FALSE,TRUE,TRUE,TRUE,FALSE,0.04167331437298995,8474571,27,2
2013020038,362,even-strength,78,34,FALSE,FALSE,TRUE,TRUE,TRUE,FALSE,0.02635871724340384,8474571,27,2
2013020038,365,even-strength,57,-2,FALSE,FALSE,TRUE,TRUE,TRUE,FALSE,0.05484795828231307,8467371,27,2
2013020038,366,even-strength,54,12,FALSE,FALSE,TRUE,TRUE,TRUE,FALSE,0.03748985635927831,8474628,27,2
2013020038,375,even-strength,83,5,FALSE,FALSE,TRUE,TRUE,TRUE,FALSE,0.0723320331916787,8471691,27,2
2013020038,380,even-strength,51,-22,FALSE,FALSE,TRUE,TRUE,FALSE,FALSE,0.01909539710672794,8468085,27,2
2013020038,381,even-strength,56,13,FALSE,FALSE,TRUE,TRUE,TRUE,FALSE,0.03823561366215206,8471735,27,2
2013020038,382,even-strength,55,18,FALSE,TRUE,TRUE,TRUE,TRUE,TRUE,0.0724077373803647,8471691,27,2
2013020038,385,even-strength,70,-8,FALSE,FALSE,TRUE,TRUE,FALSE,FALSE,0.06903812254799502,8462038,27,2
2013020038,386,even-strength,37,-31,FALSE,FALSE,TRUE,TRUE,FALSE,FALSE,0.00794721846102275,8475182,27,2
2013020038,389,even-strength,81,-39,TRUE,FALSE,TRUE,TRUE,TRUE,FALSE,0.03117021360498265,8471691,27,2
2013020038,397,even-strength,86,-30,TRUE,FALSE,TRUE,TRUE,TRUE,FALSE,0.03118926764991885,8471232,27,2
2013020038,399,even-strength,84,-22,FALSE,FALSE,TRUE,TRUE,TRUE,FALSE,0.02102220489644935,8475161,27,2
2013020038,400,even-strength,83,-10,FALSE,FALSE,TRUE,TRUE,TRUE,FALSE,0.04877981856809408,8476451,27,2
2013020038,503,even-strength,13,-25,FALSE,FALSE,TRUE,TRUE,TRUE,FALSE,0.00355880520388483,8469760,27,2
2013020038,504,even-strength,73,9,FALSE,FALSE,TRUE,FALSE,FALSE,FALSE,0,8462038,27,2
2013020038,506,even-strength,80,10,FALSE,FALSE,TRUE,TRUE,TRUE,FALSE,0.07243859135994887,8471735,27,2
2013020038,511,even-strength,72,-12,FALSE,FALSE,TRUE,TRUE,TRUE,FALSE,0.04740440070456224,8468535,27,2
2013020038,513,even-strength,47,24,FALSE,FALSE,TRUE,TRUE,TRUE,FALSE,0.02409018039976604,8473673,27,2
2013020038,514,even-strength,42,24,FALSE,FALSE,TRUE,TRUE,TRUE,FALSE,0.01575116725984118,8475171,27,2
2013020038,521,even-strength,57,-1,FALSE,FALSE,TRUE,TRUE,TRUE,FALSE,0.05044784227796423,8471231,27,2
2013020038,526,even-strength,64,-17,FALSE,FALSE,TRUE,TRUE,FALSE,FALSE,0.03394003794952991,8471735,27,2
2013020038,529,even-strength,49,-18,FALSE,FALSE,TRUE,TRUE,TRUE,FALSE,0.0410679586772216,8462038,27,2
2013020038,531,even-strength,32,14,FALSE,FALSE,TRUE,TRUE,TRUE,FALSE,0.01692261701919397,8475171,27,2
2013020038,533,even-strength,79,-3,TRUE,FALSE,TRUE,TRUE,FALSE,FALSE,0.19970954205166697,8471232,27,2
2013020038,535,even-strength,71,5,FALSE,FALSE,TRUE,TRUE,FALSE,FALSE,0.07383463548959503,8471691,27,2
2013020038,541,power-play,45,0,FALSE,FALSE,TRUE,FALSE,FALSE,FALSE,0,8475182,27,2
2013020038,543,even-strength,79,6,FALSE,FALSE,TRUE,TRUE,FALSE,FALSE,0.08550571082726055,8471231,27,2
2013020038,544,even-strength,79,-15,FALSE,FALSE,TRUE,TRUE,FALSE,FALSE,0.02596655418872705,8473970,27,2
2013020038,545,even-strength,71,-11,FALSE,FALSE,TRUE,TRUE,TRUE,FALSE,0.04915345796439689,8471691,27,2
2013020038,546,even-strength,75,7,FALSE,FALSE,TRUE,FALSE,FALSE,FALSE,0,8471691,27,2
2013020038,547,even-strength,64,14,FALSE,FALSE,TRUE,FALSE,FALSE,FALSE,0,8473970,27,2
2013020038,548,even-strength,80,-29,FALSE,FALSE,TRUE,TRUE,TRUE,FALSE,0.0213552428953491,8468085,27,2
2013020038,550,even-strength,40,-22,FALSE,FALSE,TRUE,TRUE,TRUE,FALSE,0.01486098337495114,8475182,27,2
2013020038,654,penalty-kill,62,-14,FALSE,FALSE,TRUE,TRUE,TRUE,FALSE,0.03501025793995367,8471691,27,2
2013020071,7,even-strength,54,-2,FALSE,FALSE,TRUE,FALSE,FALSE,FALSE,0,8470180,18,2
2013020071,8,even-strength,49,-17,FALSE,FALSE,TRUE,TRUE,TRUE,FALSE,0.02923794860161578,8470642,18,2
2013020071,11,even-strength,50,-22,FALSE,FALSE,TRUE,FALSE,FALSE,FALSE,0,8470630,18,2
2013020071,16,even-strength,68,-9,TRUE,FALSE,TRUE,TRUE,FALSE,FALSE,0.13733630414625428,8471887,18,2
2013020071,17,even-strength,74,22,FALSE,FALSE,TRUE,FALSE,FALSE,FALSE,0,8467330,18,2
2013020071,18,even-strength,49,23,FALSE,FALSE,TRUE,TRUE,FALSE,FALSE,0.03811275661866559,8473658,18,2
2013020071,19,even-strength,75,22,FALSE,FALSE,TRUE,FALSE,FALSE,FALSE,0,8468700,18,2
2013020071,21,even-strength,44,14,FALSE,FALSE,TRUE,TRUE,TRUE,FALSE,0.03462320650438102,8470630,18,2
2013020071,22,even-strength,53,29,FALSE,FALSE,TRUE,FALSE,FALSE,FALSE,0,8467330,18,2
2013020071,25,even-strength,37,-21,FALSE,FALSE,TRUE,TRUE,FALSE,FALSE,0.01589041443400903,8470630,18,2
2013020071,28,even-strength,59,-5,FALSE,FALSE,TRUE,FALSE,FALSE,FALSE,0,8477495,18,2
2013020071,32,even-strength,47,-28,FALSE,FALSE,TRUE,TRUE,FALSE,FALSE,0.02807360839183931,8475176,18,2
2013020071,33,even-strength,72,-1,FALSE,FALSE,TRUE,TRUE,TRUE,FALSE,0.11030829704073576,8475225,18,2
2013020071,35,even-strength,55,5,FALSE,FALSE,TRUE,TRUE,FALSE,FALSE,0.03977674565800142,8470180,18,2
2013020071,38,even-strength,1,1,FALSE,FALSE,TRUE,TRUE,TRUE,FALSE,0.00268727413880434,8477495,18,2
2013020071,40,even-strength,72,4,FALSE,FALSE,TRUE,TRUE,TRUE,FALSE,0.13375290617544353,8471887,18,2
2013020071,42,even-strength,74,9,FALSE,FALSE,TRUE,TRUE,TRUE,FALSE,0.07175981514361421,8476887,18,2
2013020071,45,even-strength,70,-20,FALSE,FALSE,TRUE,FALSE,FALSE,FALSE,0,8475225,18,2
2013020071,48,even-strength,41,-8,FALSE,FALSE,TRUE,TRUE,TRUE,FALSE,0.02648729122340711,8470630,18,2
2013020071,49,even-strength,51,24,FALSE,FALSE,TRUE,TRUE,FALSE,FALSE,0.02284188698036184,8475218,18,2
2013020071,251,even-strength,58,-7,FALSE,FALSE,TRUE,TRUE,TRUE,FALSE,0.05051620271629861,8471887,18,2
2013020071,252,even-strength,41,-24,FALSE,FALSE,TRUE,TRUE,TRUE,FALSE,0.0178967730164259,8477495,18,2
2013020071,253,even-strength,79,-15,FALSE,FALSE,TRUE,FALSE,FALSE,FALSE,0,8476887,18,2
2013020071,263,power-play,68,8,FALSE,FALSE,TRUE,FALSE,FALSE,FALSE,0,8477495,18,2
2013020071,264,power-play,58,19,FALSE,FALSE,TRUE,TRUE,TRUE,TRUE,0.04791189676391645,8477495,18,2
2013020071,275,penalty-kill,67,8,FALSE,FALSE,TRUE,TRUE,TRUE,FALSE,0.06600164157530153,8464989,18,2
2013020071,276,even-strength,67,-7,FALSE,FALSE,TRUE,FALSE,FALSE,FALSE,0,8467370,18,2
2013020071,279,even-strength,66,0,FALSE,FALSE,TRUE,FALSE,FALSE,FALSE,0,8470630,18,2
2013020071,282,even-strength,70,5,FALSE,FALSE,TRUE,FALSE,FALSE,FALSE,0,8468611,18,2
2013020071,284,even-strength,74,14,FALSE,FALSE,TRUE,TRUE,TRUE,FALSE,0.05821818865711294,8464989,18,2
2013020071,292,even-strength,41,17,FALSE,FALSE,TRUE,FALSE,FALSE,FALSE,0,8470180,18,2
2013020071,296,even-strength,36,12,FALSE,FALSE,TRUE,TRUE,TRUE,FALSE,0.02114731582963695,8468700,18,2
2013020071,298,even-strength,86,22,FALSE,FALSE,TRUE,TRUE,TRUE,FALSE,0.03940179158613025,8464989,18,2
2013020071,406,even-strength,6,30,FALSE,FALSE,TRUE,TRUE,TRUE,FALSE,0.00167753482594802,8473537,18,2
2013020071,408,even-strength,82,5,FALSE,FALSE,TRUE,TRUE,TRUE,FALSE,0.07269513646617,8467370,18,2
2013020071,410,even-strength,89,-16,FALSE,FALSE,TRUE,TRUE,TRUE,FALSE,0.12909955005263304,8471887,18,2
2013020071,412,even-strength,72,3,FALSE,FALSE,TRUE,TRUE,FALSE,FALSE,0.08964386864332204,8471887,18,2
2013020071,413,even-strength,65,-2,FALSE,FALSE,TRUE,TRUE,FALSE,FALSE,0.08249122629393252,8471887,18,2
2013020071,414,even-strength,68,-18,FALSE,FALSE,TRUE,TRUE,TRUE,TRUE,0.04184244117782663,8471887,18,2
2013020071,418,even-strength,55,-1,FALSE,FALSE,TRUE,TRUE,FALSE,FALSE,0.06961709478764713,8470642,18,2
2013020071,419,even-strength,75,36,FALSE,FALSE,TRUE,TRUE,TRUE,FALSE,0.01480382695482224,8468611,18,2
2013020071,427,even-strength,81,-3,FALSE,FALSE,TRUE,FALSE,FALSE,FALSE,0,8475176,18,2
2013020071,428,even-strength,85,-6,FALSE,FALSE,TRUE,FALSE,FALSE,FALSE,0,8468700,18,2
2013020071,429,even-strength,86,-8,FALSE,FALSE,TRUE,FALSE,FALSE,FALSE,0,8470180,18,2
2013020071,433,even-strength,43,-17,FALSE,FALSE,TRUE,TRUE,TRUE,FALSE,0.01725188083530894,8470630,18,2
2013020071,435,even-strength,40,-5,FALSE,FALSE,TRUE,TRUE,TRUE,FALSE,0.02167414089100769,8473658,18,2
2013020071,436,even-strength,35,-13,FALSE,FALSE,TRUE,TRUE,TRUE,TRUE,0.01725822767853471,8475176,18,2
2013020071,444,penalty-kill,-73,2,FALSE,FALSE,TRUE,TRUE,TRUE,FALSE,0.00174248807103969,8468700,18,2
2013020071,450,even-strength,80,16,FALSE,FALSE,TRUE,TRUE,TRUE,FALSE,0.05565798877713737,8475225,18,2
2013020071,602,power-play,51,3,FALSE,FALSE,TRUE,TRUE,TRUE,FALSE,0.06276625158638975,8464989,18,2
2013020071,604,power-play,62,11,FALSE,FALSE,TRUE,FALSE,FALSE,FALSE,0,8476887,18,2
2013020071,605,power-play,73,-27,FALSE,FALSE,TRUE,TRUE,TRUE,FALSE,0.05935203641488634,8467370,18,2
2013020071,607,even-strength,40,-40,FALSE,FALSE,TRUE,TRUE,TRUE,FALSE,0.01155731752600076,8464989,18,2
2013020071,608,even-strength,15,21,FALSE,FALSE,TRUE,TRUE,FALSE,FALSE,0.00505109986175678,8475218,18,2
2013020071,610,even-strength,55,27,FALSE,FALSE,TRUE,TRUE,TRUE,FALSE,0.02762202626414985,8468611,18,2
2013020071,612,even-strength,84,7,FALSE,FALSE,TRUE,TRUE,TRUE,FALSE,0.03391061459349666,8475225,18,2
2013020071,613,even-strength,87,-8,FALSE,FALSE,TRUE,TRUE,FALSE,FALSE,0.03766153187104625,8475268,18,2
2013020071,618,even-strength,45,-29,FALSE,FALSE,TRUE,TRUE,FALSE,FALSE,0.01782807703412857,8470642,18,2
2013020071,620,even-strength,73,-7,FALSE,FALSE,TRUE,TRUE,TRUE,FALSE,0.11880474842191588,8470180,18,2
2013020071,621,even-strength,57,5,FALSE,FALSE,TRUE,TRUE,TRUE,FALSE,0.0412233205902319,8464989,18,2
2013020083,107,power-play,41,-27,FALSE,FALSE,TRUE,TRUE,TRUE,FALSE,0.03237320476995805,8477499,7,2
2013020083,108,power-play,44,11,FALSE,FALSE,TRUE,TRUE,TRUE,FALSE,0.06025624188704292,8475796,7,2
2013020083,112,power-play,54,-15,FALSE,FALSE,TRUE,TRUE,TRUE,FALSE,0.05466974816260316,8476808,7,2
2013020083,113,even-strength,75,9,FALSE,FALSE,TRUE,TRUE,TRUE,FALSE,0.07577296735138354,8476878,7,2
2013020083,125,power-play,45,-22,FALSE,FALSE,TRUE,TRUE,TRUE,FALSE,0.04644157568293312,8474574,7,2
2013020083,127,power-play,78,3,FALSE,FALSE,TRUE,TRUE,FALSE,FALSE,0.11258245488407038,8475220,7,2
2013020083,132,even-strength,44,18,FALSE,FALSE,TRUE,TRUE,TRUE,FALSE,0.0222195460027788,8473426,7,2
2013020083,143,even-strength,66,8,FALSE,FALSE,TRUE,FALSE,FALSE,FALSE,0,8475220,7,2
2013020083,144,even-strength,37,-10,FALSE,FALSE,TRUE,TRUE,FALSE,FALSE,0.01477471543122965,8477499,7,2
2013020083,147,even-strength,81,14,FALSE,FALSE,TRUE,TRUE,TRUE,FALSE,0.05336221464975579,8475728,7,2
2013020083,148,even-strength,72,0,FALSE,TRUE,TRUE,TRUE,TRUE,FALSE,0.2679008694911352,8476878,7,2
2013020083,205,even-strength,41,24,FALSE,FALSE,TRUE,TRUE,TRUE,FALSE,0.01026955630250402,8469555,7,2
2013020083,206,even-strength,82,0,FALSE,FALSE,TRUE,TRUE,TRUE,FALSE,0.12253163533519484,8471226,7,2
2013020083,207,even-strength,62,2,FALSE,FALSE,TRUE,TRUE,TRUE,FALSE,0.06208587970316257,8476878,7,2
2013020083,209,even-strength,43,-11,FALSE,FALSE,TRUE,TRUE,FALSE,FALSE,0.02296963995854359,8474574,7,2
2013020083,212,even-strength,86,-8,FALSE,FALSE,TRUE,TRUE,FALSE,FALSE,0.03396889695361441,8474589,7,2
2013020083,214,even-strength,59,1,FALSE,FALSE,TRUE,FALSE,FALSE,FALSE,0,8470598,7,2
2013020083,219,even-strength,79,-12,FALSE,FALSE,TRUE,TRUE,FALSE,FALSE,0.05128191764433091,8471226,7,2
2013020083,220,even-strength,45,16,TRUE,FALSE,TRUE,TRUE,FALSE,FALSE,0.02649145495340489,8474574,7,2
2013020083,221,even-strength,53,25,FALSE,FALSE,TRUE,TRUE,TRUE,FALSE,0.01416990150300274,8474574,7,2
2013020083,222,even-strength,48,17,FALSE,FALSE,TRUE,TRUE,FALSE,FALSE,0.02033277421551035,8474574,7,2
2013020083,226,even-strength,83,20,FALSE,FALSE,TRUE,TRUE,TRUE,FALSE,0.03741602976772663,8468505,7,2
2013020083,227,even-strength,49,-23,FALSE,FALSE,TRUE,FALSE,FALSE,FALSE,0,8475796,7,2
2013020083,228,even-strength,54,-9,TRUE,FALSE,TRUE,TRUE,TRUE,FALSE,0.07961632321385326,8475728,7,2
2013020083,238,even-strength,46,-25,FALSE,FALSE,TRUE,FALSE,FALSE,FALSE,0,8474574,7,2
2013020083,239,even-strength,56,-24,FALSE,FALSE,TRUE,TRUE,TRUE,FALSE,0.02424835210741261,8468505,7,2
2013020083,240,even-strength,74,-1,FALSE,FALSE,TRUE,TRUE,TRUE,FALSE,0.12258696890839932,8471226,7,2
2013020083,241,even-strength,75,-8,FALSE,FALSE,TRUE,TRUE,FALSE,FALSE,0.0739564272242362,8471226,7,2
2013020083,242,even-strength,82,-1,TRUE,FALSE,TRUE,TRUE,TRUE,TRUE,0.2399167002549739,8474589,7,2
2013020083,402,power-play,47,35,FALSE,FALSE,TRUE,FALSE,FALSE,FALSE,0,8469555,7,2
2013020083,403,power-play,81,0,FALSE,FALSE,TRUE,TRUE,TRUE,TRUE,0.1753999328781836,8470598,7,2
2013020083,404,even-strength,46,-7,FALSE,FALSE,TRUE,TRUE,TRUE,FALSE,0.02981321678270984,8468505,7,2
2013020083,405,even-strength,74,-5,FALSE,FALSE,TRUE,FALSE,FALSE,FALSE,0,8475728,7,2
2013020083,406,even-strength,75,0,FALSE,FALSE,TRUE,TRUE,TRUE,FALSE,0.10713676270065978,8468505,7,2
2013020083,407,even-strength,85,12,FALSE,FALSE,TRUE,FALSE,FALSE,FALSE,0,8474589,7,2
2013020083,408,even-strength,59,15,FALSE,FALSE,TRUE,TRUE,TRUE,FALSE,0.04157927568245682,8473426,7,2
2013020083,418,even-strength,75,-9,FALSE,FALSE,TRUE,FALSE,FALSE,FALSE,0,8475220,7,2
2013020083,427,even-strength,25,-1,FALSE,FALSE,TRUE,TRUE,TRUE,FALSE,0.00966537544323193,8477499,7,2
2013020083,428,even-strength,35,19,FALSE,FALSE,TRUE,TRUE,FALSE,FALSE,0.01677523007411153,8469555,7,2
2013020083,429,even-strength,54,11,FALSE,FALSE,TRUE,TRUE,TRUE,FALSE,0.04419720286481056,8469555,7,2
2013020083,430,even-strength,76,-8,FALSE,FALSE,TRUE,FALSE,FALSE,FALSE,0,8475796,7,2
2013020083,435,even-strength,71,-7,FALSE,FALSE,TRUE,TRUE,FALSE,FALSE,0.13972377573751,8470598,7,2
2013020083,436,even-strength,76,-8,FALSE,FALSE,TRUE,TRUE,TRUE,FALSE,0.09526984414767384,8470598,7,2
2013020083,439,even-strength,79,20,FALSE,FALSE,TRUE,TRUE,FALSE,FALSE,0.04848842436615377,8474589,7,2
2013020083,445,even-strength,44,-16,FALSE,FALSE,TRUE,TRUE,FALSE,FALSE,0.03515832941231699,8475796,7,2
2013020083,446,even-strength,84,0,FALSE,FALSE,TRUE,FALSE,FALSE,FALSE,0,8470598,7,2
2013020083,602,even-strength,79,10,FALSE,FALSE,TRUE,TRUE,TRUE,FALSE,0.08656322165631186,8476808,7,2
2013020083,603,even-strength,43,-8,FALSE,FALSE,TRUE,TRUE,FALSE,FALSE,0.01909159465142303,8477499,7,2
2013020083,605,even-strength,82,9,FALSE,FALSE,TRUE,TRUE,FALSE,FALSE,0.06240187656464095,8475220,7,2
2013020083,606,even-strength,69,-3,FALSE,FALSE,TRUE,TRUE,TRUE,FALSE,0.10811748923435914,8471226,7,2
2013020083,607,even-strength,46,13,FALSE,FALSE,TRUE,FALSE,FALSE,FALSE,0,8469555,7,2
2013020083,610,even-strength,68,-7,FALSE,FALSE,TRUE,FALSE,FALSE,FALSE,0,8474574,7,2
2013020083,612,even-strength,72,-1,FALSE,FALSE,TRUE,TRUE,TRUE,FALSE,0.12202577978276168,8470598,7,2
2013020083,615,power-play,49,-3,FALSE,FALSE,TRUE,TRUE,TRUE,FALSE,0.10030853018313264,8470598,7,2
2013020083,617,power-play,76,-1,FALSE,FALSE,TRUE,TRUE,TRUE,FALSE,0.13987670044884082,8475220,7,2
2013020083,618,power-play,84,8,FALSE,TRUE,TRUE,TRUE,TRUE,FALSE,0.32090060224748007,8471226,7,2
2013020083,638,even-strength,77,-11,FALSE,FALSE,TRUE,TRUE,TRUE,FALSE,0.06083876460342266,8471226,7,2
2013020083,640,even-strength,57,-1,TRUE,FALSE,TRUE,TRUE,FALSE,FALSE,0.096250232407344,8471331,7,2
2013020083,641,even-strength,75,41,FALSE,FALSE,TRUE,TRUE,FALSE,FALSE,0.01316392032805792,8469555,7,2
2013020083,648,even-strength,75,7,FALSE,FALSE,TRUE,FALSE,FALSE,FALSE,0,8474589,7,2
2013020083,650,even-strength,75,-5,FALSE,FALSE,TRUE,TRUE,TRUE,TRUE,0.11116368140290515,8475220,7,2
2013020083,754,even-strength,-68,0,FALSE,FALSE,TRUE,FALSE,FALSE,FALSE,0,8469555,7,2
2013020083,757,even-strength,-53,11,FALSE,FALSE,TRUE,FALSE,FALSE,FALSE,0,8475796,7,2
2013020083,760,even-strength,78,-2,FALSE,FALSE,TRUE,TRUE,TRUE,FALSE,0.02579912565380139,8466182,7,2
2013020083,762,even-strength,-51,13,FALSE,FALSE,TRUE,TRUE,TRUE,FALSE,0.0685219432406757,8475220,7,2
2013020083,768,even-strength,-67,-1,TRUE,FALSE,TRUE,FALSE,FALSE,FALSE,0,8471226,7,2
2013020098,103,even-strength,75,11,FALSE,FALSE,TRUE,TRUE,TRUE,FALSE,0.1139222659021764,8469466,22,2
2013020098,104,even-strength,70,10,FALSE,FALSE,TRUE,TRUE,FALSE,FALSE,0.0630932035205078,8460496,22,2
2013020098,105,even-strength,93,-7,FALSE,FALSE,TRUE,TRUE,FALSE,FALSE,0.04815449344919378,8470159,22,2
2013020098,108,even-strength,77,12,FALSE,FALSE,TRUE,TRUE,FALSE,FALSE,0.07819226610557864,8474602,22,2
2013020098,111,even-strength,65,10,TRUE,FALSE,TRUE,FALSE,FALSE,FALSE,0,8466333,22,2
2013020098,116,even-strength,69,-3,TRUE,FALSE,TRUE,TRUE,TRUE,FALSE,0.1499829777820796,8475791,22,2
2013020098,119,even-strength,87,-8,FALSE,FALSE,TRUE,TRUE,TRUE,FALSE,0.02491297219519095,8460496,22,2
2013020098,138,even-strength,84,6,FALSE,FALSE,TRUE,TRUE,TRUE,FALSE,0.05774936508426683,8460496,22,2
2013020098,141,even-strength,69,10,FALSE,FALSE,TRUE,TRUE,TRUE,TRUE,0.09135238481091185,8475791,22,2
2013020098,144,even-strength,67,8,FALSE,FALSE,TRUE,TRUE,TRUE,FALSE,0.0709512402768399,8476062,22,2
2013020098,145,even-strength,79,5,FALSE,TRUE,TRUE,TRUE,TRUE,TRUE,0.2775314824884662,8475791,22,2
2013020098,312,even-strength,70,-8,FALSE,FALSE,TRUE,FALSE,FALSE,FALSE,0,8473507,22,2
2013020098,316,even-strength,33,-25,FALSE,FALSE,TRUE,TRUE,TRUE,FALSE,0.01602774306162805,8476179,22,2
2013020098,330,power-play,57,-18,FALSE,FALSE,TRUE,TRUE,TRUE,FALSE,0.0874863402554638,8476855,22,2
2013020098,333,power-play,76,-11,FALSE,FALSE,TRUE,TRUE,FALSE,FALSE,0.12645547197480816,8475791,22,2
2013020098,334,power-play,38,-17,FALSE,FALSE,TRUE,TRUE,TRUE,FALSE,0.04290289902955918,8477289,22,2
2013020098,335,power-play,61,5,FALSE,FALSE,TRUE,TRUE,TRUE,FALSE,0.09649835448218563,8474602,22,2
2013020098,336,even-strength,74,4,FALSE,FALSE,TRUE,TRUE,TRUE,FALSE,0.09991489273033376,8460496,22,2
2013020098,337,even-strength,85,-5,FALSE,FALSE,TRUE,TRUE,TRUE,FALSE,0.09174628984544236,8476454,22,2
2013020098,339,power-play,81,3,FALSE,FALSE,TRUE,FALSE,FALSE,FALSE,0,8477289,22,2
2013020098,341,power-play,70,14,FALSE,FALSE,TRUE,TRUE,TRUE,FALSE,0.1041013563927537,8476062,22,2
2013020098,343,power-play,75,-1,FALSE,FALSE,TRUE,FALSE,FALSE,FALSE,0,8474102,22,2
2013020098,344,power-play,79,5,FALSE,FALSE,TRUE,TRUE,TRUE,FALSE,0.14182208569638727,8470159,22,2
2013020098,345,power-play,77,5,FALSE,FALSE,TRUE,FALSE,FALSE,FALSE,0,8474586,22,2
2013020098,346,even-strength,75,-7,FALSE,FALSE,TRUE,FALSE,FALSE,FALSE,0,8468513,22,2
2013020098,347,even-strength,70,8,FALSE,FALSE,TRUE,TRUE,TRUE,FALSE,0.11505545837473471,8476855,22,2
2013020098,349,even-strength,71,9,FALSE,FALSE,TRUE,TRUE,FALSE,FALSE,0.09475508216196137,8469466,22,2
2013020098,452,power-play,72,-3,FALSE,FALSE,TRUE,FALSE,FALSE,FALSE,0,8476855,22,2
2013020098,453,power-play,72,-9,FALSE,FALSE,TRUE,FALSE,FALSE,FALSE,0,8475791,22,2
2013020098,454,power-play,34,10,FALSE,FALSE,TRUE,TRUE,TRUE,FALSE,0.04899422337599952,8474602,22,2
2013020098,456,power-play,79,-7,FALSE,FALSE,TRUE,TRUE,TRUE,FALSE,0.1365460013189981,8476855,22,2
2013020098,458,power-play,63,-21,FALSE,FALSE,TRUE,TRUE,TRUE,FALSE,0.08015501490696798,8474602,22,2
2013020098,459,even-strength,68,-8,FALSE,FALSE,TRUE,FALSE,FALSE,FALSE,0,8471222,22,2
2013020098,460,even-strength,76,-5,FALSE,FALSE,TRUE,FALSE,FALSE,FALSE,0,8476855,22,2
2013020098,463,even-strength,80,-10,FALSE,FALSE,TRUE,TRUE,TRUE,FALSE,0.07360080460515106,8476062,22,2
2013020098,464,even-strength,58,3,FALSE,FALSE,TRUE,TRUE,TRUE,FALSE,0.07006885631396235,8476062,22,2
2013020098,475,even-strength,-37,5,FALSE,FALSE,TRUE,TRUE,FALSE,FALSE,8.567377646650033e-4,8474102,22,2
2013020098,497,even-strength,67,-5,FALSE,FALSE,TRUE,FALSE,FALSE,FALSE,0,8468513,22,2
2013020098,601,even-strength,87,-4,FALSE,FALSE,TRUE,TRUE,TRUE,FALSE,0.04135303159608543,8460496,22,2
2013020098,603,even-strength,72,-5,FALSE,FALSE,TRUE,FALSE,FALSE,FALSE,0,8477289,22,2
2013020098,608,even-strength,72,7,FALSE,FALSE,TRUE,TRUE,TRUE,FALSE,0.08765095120588273,8475791,22,2
2013020098,609,even-strength,70,-9,FALSE,FALSE,TRUE,TRUE,TRUE,FALSE,0.07453347209891341,8468513,22,2
2013020098,612,even-strength,79,-18,FALSE,FALSE,TRUE,TRUE,TRUE,FALSE,0.04229386223111887,8460496,22,2
2013020098,615,even-strength,34,14,FALSE,FALSE,TRUE,TRUE,TRUE,FALSE,0.01940306516378472,8477289,22,2
2013020098,620,penalty-kill,35,22,FALSE,FALSE,TRUE,TRUE,TRUE,FALSE,0.02747207668261972,8475791,22,2
2013020098,622,penalty-kill,42,-21,FALSE,FALSE,TRUE,TRUE,TRUE,FALSE,0.01764436770405991,8473507,22,2
2013020098,623,penalty-kill,40,20,FALSE,FALSE,TRUE,TRUE,TRUE,FALSE,0.06071446477191956,8475791,22,2
2013020098,625,penalty-kill,67,-6,TRUE,FALSE,TRUE,FALSE,FALSE,FALSE,0,8473507,22,2
2013020117,109,penalty-kill,55,13,TRUE,FALSE,TRUE,TRUE,TRUE,FALSE,0.192137554682773,8471804,12,2
2013020117,115,even-strength,76,8,FALSE,FALSE,TRUE,TRUE,TRUE,FALSE,0.08899621471664931,8476465,12,2
2013020117,118,even-strength,62,10,FALSE,FALSE,TRUE,TRUE,FALSE,FALSE,0.0587641343467183,8471804,12,2
2013020117,119,even-strength,73,8,FALSE,FALSE,TRUE,FALSE,FALSE,FALSE,0,8471284,12,2
2013020117,120,even-strength,55,17,FALSE,FALSE,TRUE,TRUE,TRUE,FALSE,0.03301394308023828,8470595,12,2
2013020117,121,even-strength,78,9,FALSE,FALSE,TRUE,TRUE,TRUE,FALSE,0.08883175020403095,8473482,12,2
2013020117,122,even-strength,74,9,FALSE,FALSE,TRUE,FALSE,FALSE,FALSE,0,8468493,12,2
2013020117,129,even-strength,65,12,FALSE,FALSE,TRUE,TRUE,TRUE,FALSE,0.07044371813505722,8470595,12,2
2013020117,130,even-strength,70,10,TRUE,FALSE,TRUE,TRUE,FALSE,FALSE,0.09164832161847188,8470595,12,2
2013020117,136,even-strength,74,-5,FALSE,FALSE,TRUE,FALSE,FALSE,FALSE,0,8470302,12,2
2013020117,140,even-strength,63,6,FALSE,FALSE,TRUE,TRUE,TRUE,FALSE,0.07343601708712011,8473533,12,2
2013020117,142,even-strength,66,16,FALSE,FALSE,TRUE,FALSE,FALSE,FALSE,0,8469460,12,2
2013020117,148,even-strength,54,15,FALSE,FALSE,TRUE,TRUE,TRUE,FALSE,0.03732978335745117,8470302,12,2
2013020117,150,even-strength,-72,7,FALSE,FALSE,TRUE,FALSE,FALSE,FALSE,0,8469531,12,2
2013020117,254,even-strength,44,16,FALSE,FALSE,TRUE,TRUE,FALSE,FALSE,0.01527569817546439,8470595,12,2
2013020117,257,even-strength,-69,-8,FALSE,FALSE,TRUE,TRUE,TRUE,FALSE,1.3117638122449318e-4,8470120,12,2
2013020117,258,even-strength,82,11,FALSE,TRUE,TRUE,TRUE,TRUE,TRUE,0.16042888078241252,8473482,12,2
2013020117,260,even-strength,-66,-9,FALSE,FALSE,TRUE,TRUE,TRUE,FALSE,1.1665826886669365e-4,8468493,12,2
2013020117,266,even-strength,64,1,FALSE,FALSE,TRUE,TRUE,TRUE,FALSE,0.07989337103558279,8469462,12,2
2013020117,267,even-strength,65,-3,FALSE,FALSE,TRUE,TRUE,FALSE,FALSE,0.10761277973441707,8469462,12,2
2013020117,270,power-play,61,-8,FALSE,FALSE,TRUE,TRUE,TRUE,FALSE,0.08112527253008929,8469462,12,2
2013020117,271,power-play,66,12,FALSE,FALSE,TRUE,TRUE,TRUE,TRUE,0.07655028691247487,8473533,12,2
2013020117,273,even-strength,71,-13,FALSE,FALSE,TRUE,FALSE,FALSE,FALSE,0,8469462,12,2
2013020117,275,even-strength,73,-10,FALSE,FALSE,TRUE,FALSE,FALSE,FALSE,0,8469531,12,2
2013020117,278,even-strength,53,2,FALSE,FALSE,TRUE,TRUE,FALSE,FALSE,0.07301316743206938,8470120,12,2
2013020117,283,even-strength,75,-7,FALSE,FALSE,TRUE,TRUE,TRUE,FALSE,0.09734398596685206,8474062,12,2
2013020117,289,even-strength,43,29,FALSE,FALSE,TRUE,TRUE,TRUE,FALSE,0.02048129041976389,8473482,12,2
2013020117,294,even-strength,69,12,FALSE,FALSE,TRUE,TRUE,TRUE,TRUE,0.05188549895375088,8475784,12,2
2013020117,298,even-strength,34,-23,FALSE,TRUE,TRUE,TRUE,TRUE,FALSE,0.04369467412475542,8475753,12,2
2013020117,299,even-strength,35,-22,FALSE,FALSE,TRUE,TRUE,FALSE,FALSE,0.01487463360348305,8475753,12,2
2013020117,451,even-strength,82,15,FALSE,FALSE,TRUE,FALSE,FALSE,FALSE,0,8471804,12,2
2013020117,452,even-strength,66,-4,FALSE,FALSE,TRUE,FALSE,FALSE,FALSE,0,8469531,12,2
2013020117,454,power-play,68,-19,FALSE,FALSE,TRUE,TRUE,TRUE,FALSE,0.02913790447393544,8470595,12,2
2013020117,455,power-play,74,8,FALSE,FALSE,TRUE,FALSE,FALSE,FALSE,0,8468493,12,2
2013020117,456,even-strength,64,8,FALSE,FALSE,TRUE,FALSE,FALSE,FALSE,0,8468493,12,2
2013020117,457,even-strength,42,-28,FALSE,FALSE,TRUE,FALSE,FALSE,FALSE,0,8469460,12,2
2013020117,459,even-strength,73,16,FALSE,FALSE,TRUE,TRUE,TRUE,FALSE,0.08177880658211424,8475784,12,2
2013020117,469,even-strength,67,-17,FALSE,FALSE,TRUE,TRUE,FALSE,FALSE,0.04041854803952501,8470120,12,2
2013020117,471,even-strength,57,12,FALSE,FALSE,TRUE,TRUE,TRUE,FALSE,0.04968611952773177,8471804,12,2
2013020117,474,power-play,50,22,FALSE,FALSE,TRUE,TRUE,FALSE,FALSE,0.06859631435554107,8470595,12,2
2013020117,479,even-strength,36,18,TRUE,FALSE,TRUE,TRUE,FALSE,FALSE,0.02066708007307371,8469531,12,2
2013020117,484,even-strength,76,-4,FALSE,FALSE,TRUE,FALSE,FALSE,FALSE,0,8475784,12,2
2013020117,486,even-strength,50,-16,FALSE,FALSE,TRUE,TRUE,TRUE,FALSE,0.03801149292555809,8470120,12,2
2013020117,487,even-strength,64,-5,FALSE,TRUE,TRUE,TRUE,TRUE,FALSE,0.18988409620445965,8468493,12,2
2013020117,494,even-strength,46,24,FALSE,FALSE,TRUE,TRUE,FALSE,FALSE,0.02901637275989685,8475784,12,2
2013020117,497,even-strength,38,-19,FALSE,FALSE,TRUE,TRUE,FALSE,FALSE,0.02017436662912605,8470120,12,2
2013020117,498,even-strength,71,0,FALSE,FALSE,TRUE,TRUE,TRUE,TRUE,0.12113784607806216,8473482,12,2
2013020117,658,even-strength,53,17,FALSE,FALSE,TRUE,TRUE,FALSE,FALSE,0.03913444761466427,8474062,12,2
2013020130,57,even-strength,52,40,FALSE,FALSE,TRUE,FALSE,FALSE,FALSE,0,8471498,23,2
2013020130,103,even-strength,37,28,FALSE,FALSE,TRUE,TRUE,FALSE,FALSE,0.01110769101446521,8471303,23,2
2013020130,104,even-strength,61,-12,FALSE,FALSE,TRUE,FALSE,FALSE,FALSE,0,8467875,23,2
2013020130,105,even-strength,88,28,FALSE,FALSE,TRUE,TRUE,TRUE,FALSE,0.02186224447320029,8470755,23,2
2013020130,106,even-strength,46,-8,FALSE,FALSE,TRUE,TRUE,TRUE,FALSE,0.04684745272898432,8469626,23,2
2013020130,109,even-strength,75,0,FALSE,FALSE,TRUE,TRUE,FALSE,FALSE,0.15864616601558526,8471303,23,2
2013020130,110,even-strength,80,-14,TRUE,FALSE,TRUE,TRUE,TRUE,FALSE,0.1321272215751311,8471498,23,2
2013020130,116,even-strength,55,18,FALSE,FALSE,TRUE,TRUE,TRUE,FALSE,0.02877835310579564,8469465,23,2
2013020130,117,even-strength,68,6,FALSE,TRUE,TRUE,TRUE,TRUE,TRUE,0.21742935147735631,8470616,23,2
2013020130,118,even-strength,81,-3,FALSE,FALSE,TRUE,TRUE,TRUE,FALSE,0.10445979912683472,8467875,23,2
2013020130,119,even-strength,83,4,FALSE,FALSE,TRUE,TRUE,TRUE,FALSE,0.10056401831041711,8467875,23,2
2013020130,121,even-strength,68,-3,FALSE,FALSE,TRUE,FALSE,FALSE,FALSE,0,8470616,23,2
2013020130,123,even-strength,64,-16,FALSE,FALSE,TRUE,TRUE,FALSE,FALSE,0.04768720993972062,8471498,23,2
2013020130,124,even-strength,71,8,FALSE,FALSE,TRUE,TRUE,TRUE,TRUE,0.10052097490429016,8467875,23,2
2013020130,127,even-strength,40,24,FALSE,FALSE,TRUE,TRUE,FALSE,FALSE,0.01824465471930766,8471303,23,2
2013020130,131,even-strength,65,9,FALSE,FALSE,TRUE,FALSE,FALSE,FALSE,0,8470274,23,2
2013020130,135,even-strength,76,9,FALSE,FALSE,TRUE,TRUE,FALSE,FALSE,0.06822699909975481,8471498,23,2
2013020130,136,even-strength,43,-17,TRUE,FALSE,TRUE,TRUE,FALSE,FALSE,0.01614485123474124,8475690,23,2
2013020130,140,even-strength,88,-23,FALSE,FALSE,TRUE,TRUE,TRUE,FALSE,0.04560985844854395,8469598,23,2
2013020130,145,even-strength,84,-14,FALSE,FALSE,TRUE,TRUE,FALSE,FALSE,0.04278601576657141,8470274,23,2
2013020130,146,even-strength,66,9,FALSE,FALSE,TRUE,FALSE,FALSE,FALSE,0,8469465,23,2
2013020130,353,even-strength,83,-33,FALSE,FALSE,TRUE,TRUE,FALSE,FALSE,0.04045317758607518,8471390,23,2
2013020130,354,even-strength,70,-6,FALSE,FALSE,TRUE,FALSE,FALSE,FALSE,0,8469465,23,2
2013020130,356,power-play,46,-3,FALSE,FALSE,TRUE,FALSE,FALSE,FALSE,0,8471303,23,2
2013020130,357,power-play,46,-30,FALSE,FALSE,TRUE,TRUE,TRUE,FALSE,0.03297658356322105,8474520,23,2
2013020130,358,power-play,81,0,FALSE,FALSE,TRUE,TRUE,TRUE,FALSE,0.18916947574648849,8470616,23,2
2013020130,362,power-play,77,-6,FALSE,FALSE,TRUE,TRUE,FALSE,FALSE,0.13230275619056742,8475178,23,2
2013020130,371,even-strength,74,3,FALSE,FALSE,TRUE,FALSE,FALSE,FALSE,0,8467875,23,2
2013020130,373,even-strength,74,-2,FALSE,FALSE,TRUE,TRUE,TRUE,FALSE,0.12933004364447198,8470274,23,2
2013020130,375,even-strength,80,-5,FALSE,FALSE,TRUE,TRUE,TRUE,FALSE,0.08885547508042642,8475178,23,2
2013020130,380,even-strength,61,-3,TRUE,FALSE,TRUE,TRUE,FALSE,FALSE,0.07593829315830504,8476819,23,2
2013020130,384,even-strength,69,-2,FALSE,FALSE,TRUE,TRUE,TRUE,FALSE,0.08548211894803036,8470616,23,2
2013020130,392,even-strength,-68,-4,FALSE,FALSE,TRUE,TRUE,TRUE,FALSE,1.9119198463704972e-4,8470616,23,2
2013020130,394,even-strength,72,2,FALSE,FALSE,TRUE,TRUE,TRUE,FALSE,0.11906631704929836,8467875,23,2
2013020130,395,even-strength,79,-4,FALSE,TRUE,TRUE,TRUE,TRUE,TRUE,0.2738311116590432,8467876,23,2
2013020130,398,even-strength,86,5,FALSE,FALSE,TRUE,TRUE,TRUE,FALSE,0.03368871276130623,8476819,23,2
2013020130,501,even-strength,47,-15,FALSE,FALSE,TRUE,TRUE,FALSE,FALSE,0.02693884469126958,8474520,23,2
2013020130,506,even-strength,63,34,FALSE,FALSE,TRUE,FALSE,FALSE,FALSE,0,8475598,23,2
2013020130,508,even-strength,70,-4,FALSE,FALSE,TRUE,FALSE,FALSE,FALSE,0,8470274,23,2
2013020130,511,even-strength,84,8,FALSE,FALSE,TRUE,TRUE,FALSE,FALSE,0.07885129550284535,8467876,23,2
2013020130,521,even-strength,67,-12,TRUE,FALSE,TRUE,TRUE,FALSE,FALSE,0.07834126466758666,8470616,23,2
2013020130,522,even-strength,87,6,FALSE,FALSE,TRUE,TRUE,TRUE,FALSE,0.03020617455986986,8469598,23,2
2013020130,525,even-strength,53,-33,FALSE,FALSE,TRUE,TRUE,TRUE,FALSE,0.01179055299177589,8469598,23,2
2013020130,526,even-strength,85,2,FALSE,TRUE,TRUE,TRUE,TRUE,TRUE,0.3460921428740977,8470274,23,2
2013020130,531,even-strength,64,18,FALSE,FALSE,TRUE,TRUE,TRUE,FALSE,0.05959276586968035,8470274,23,2
2013020130,532,even-strength,18,21,FALSE,FALSE,TRUE,TRUE,TRUE,FALSE,0.00852454690141128,8469465,23,2
2013020130,533,even-strength,61,13,FALSE,FALSE,TRUE,FALSE,FALSE,FALSE,0,8470755,23,2
2013020130,534,even-strength,59,-12,FALSE,FALSE,TRUE,FALSE,FALSE,FALSE,0,8470616,23,2
2013020130,535,even-strength,81,-12,FALSE,FALSE,TRUE,FALSE,FALSE,FALSE,0,8470616,23,2
2013020130,538,even-strength,71,-1,FALSE,FALSE,TRUE,FALSE,FALSE,FALSE,0,8470616,23,2
2013020130,540,even-strength,61,-12,FALSE,FALSE,TRUE,FALSE,FALSE,FALSE,0,8475690,23,2
2013020130,542,even-strength,69,-7,TRUE,FALSE,TRUE,TRUE,FALSE,FALSE,0.1665904938391907,8470274,23,2
2013020130,543,even-strength,85,-5,FALSE,FALSE,TRUE,TRUE,TRUE,FALSE,0.08452172260876442,8470274,23,2
2013020130,545,even-strength,63,8,FALSE,FALSE,TRUE,TRUE,TRUE,FALSE,0.0713606987852962,8471303,23,2
2013020130,547,even-strength,1,-26,FALSE,FALSE,TRUE,TRUE,TRUE,FALSE,0.0025344447685563,8467876,23,2
2013020130,548,even-strength,73,4,FALSE,FALSE,TRUE,TRUE,FALSE,FALSE,0.10846453883677076,8470616,23,2
2013020130,607,even-strength,75,-21,FALSE,FALSE,TRUE,TRUE,TRUE,FALSE,0.03572059231488591,8467876,23,2
2013020130,611,even-strength,52,24,FALSE,FALSE,TRUE,FALSE,FALSE,FALSE,0,8470274,23,2
2013020130,612,even-strength,84,35,FALSE,FALSE,TRUE,TRUE,TRUE,FALSE,0.02032541949395672,8470274,23,2
2013020130,613,even-strength,82,-16,FALSE,FALSE,TRUE,TRUE,TRUE,FALSE,0.04998775025748284,8469598,23,2
2013020130,615,even-strength,72,-5,FALSE,FALSE,TRUE,FALSE,FALSE,FALSE,0,8471390,23,2
2013020130,617,even-strength,68,-12,FALSE,FALSE,TRUE,FALSE,FALSE,FALSE,0,8474520,23,2
2013020130,620,power-play,37,0,FALSE,FALSE,TRUE,TRUE,FALSE,FALSE,0.04140641466588378,8474520,23,2
2013020130,621,power-play,55,-12,FALSE,FALSE,TRUE,FALSE,FALSE,FALSE,0,8470616,23,2
2013020130,622,power-play,51,-10,FALSE,FALSE,TRUE,TRUE,FALSE,FALSE,0.05671882939436003,8471303,23,2
2013020130,623,power-play,48,-12,FALSE,FALSE,TRUE,TRUE,FALSE,FALSE,0.05448222134465261,8474520,23,2
2013020130,624,power-play,64,-9,FALSE,FALSE,TRUE,FALSE,FALSE,FALSE,0,8467876,23,2
2013020130,643,even-strength,-48,-2,FALSE,FALSE,TRUE,TRUE,TRUE,FALSE,0.02202503518607923,8474520,23,2
2013020130,644,even-strength,-52,-9,FALSE,FALSE,TRUE,TRUE,FALSE,FALSE,0.04465354407656996,8474520,23,2
2013020130,646,even-strength,-67,-14,FALSE,FALSE,TRUE,TRUE,TRUE,FALSE,0.06072996445652606,8470274,23,2
2013020130,648,even-strength,-80,-14,FALSE,FALSE,TRUE,TRUE,TRUE,FALSE,0.08055783358509397,8470755,23,2
2013020130,649,even-strength,-86,-17,FALSE,FALSE,TRUE,TRUE,TRUE,TRUE,0.08987171531179118,8470755,23,2
2013020149,66,even-strength,70,21,TRUE,FALSE,TRUE,TRUE,TRUE,FALSE,0.0524046128374712,8471856,5,2
2013020149,68,even-strength,38,31,FALSE,FALSE,TRUE,TRUE,TRUE,FALSE,0.00808024134424858,8468498,5,2
2013020149,69,even-strength,84,-25,FALSE,FALSE,TRUE,TRUE,FALSE,FALSE,0.02734296427631489,8466393,5,2
2013020149,70,even-strength,88,-20,FALSE,FALSE,TRUE,TRUE,TRUE,FALSE,0.02997081422481243,8470543,5,2
2013020149,74,even-strength,35,32,FALSE,FALSE,TRUE,TRUE,TRUE,FALSE,0.00956193134522037,8467452,5,2
2013020149,76,power-play,78,1,FALSE,FALSE,TRUE,TRUE,TRUE,FALSE,0.14712029982043143,8470543,5,2
2013020149,77,power-play,88,-12,FALSE,FALSE,TRUE,TRUE,TRUE,FALSE,0.08136166546865828,8471675,5,2
2013020149,79,power-play,75,-14,FALSE,FALSE,TRUE,TRUE,TRUE,FALSE,0.070162130628425,8471675,5,2
2013020149,88,even-strength,81,-21,FALSE,FALSE,TRUE,TRUE,TRUE,FALSE,0.03784904822791761,8470543,5,2
2013020149,90,power-play,34,3,FALSE,FALSE,TRUE,TRUE,FALSE,FALSE,0.03770273864812926,8468542,5,2
2013020149,91,power-play,74,-8,FALSE,FALSE,TRUE,FALSE,FALSE,FALSE,0,8471215,5,2
2013020149,92,power-play,36,5,FALSE,FALSE,TRUE,TRUE,TRUE,FALSE,0.04375806901255324,8468542,5,2
2013020149,93,power-play,63,18,FALSE,FALSE,TRUE,TRUE,TRUE,FALSE,0.07626860003292715,8474091,5,2
2013020149,94,even-strength,70,-1,FALSE,FALSE,TRUE,TRUE,TRUE,TRUE,0.1055088621768921,8469638,5,2
2013020149,255,power-play,69,16,FALSE,FALSE,TRUE,TRUE,TRUE,FALSE,0.07459897022019482,8471724,5,2
2013020149,257,power-play,36,-8,FALSE,FALSE,TRUE,TRUE,FALSE,FALSE,0.04588890658630848,8471702,5,2
2013020149,258,power-play,68,18,FALSE,FALSE,TRUE,FALSE,FALSE,FALSE,0,8471724,5,2
2013020149,260,even-strength,78,-10,FALSE,FALSE,TRUE,TRUE,TRUE,FALSE,0.06048517455324082,8466393,5,2
2013020149,262,even-strength,47,-5,FALSE,FALSE,TRUE,TRUE,TRUE,FALSE,0.04066664060798521,8467452,5,2
2013020149,268,power-play,49,-27,FALSE,FALSE,TRUE,TRUE,TRUE,FALSE,0.04159116804982636,8471675,5,2
2013020149,271,power-play,60,-15,FALSE,FALSE,TRUE,TRUE,TRUE,FALSE,0.07578806241098326,8471675,5,2
2013020149,272,even-strength,58,-21,FALSE,FALSE,TRUE,TRUE,TRUE,FALSE,0.05013880110165678,8469638,5,2
2013020149,273,even-strength,43,-35,FALSE,FALSE,TRUE,TRUE,TRUE,FALSE,0.01027296026897569,8467452,5,2
2013020149,280,even-strength,18,-16,FALSE,FALSE,TRUE,TRUE,TRUE,FALSE,0.0078881027204483,8465166,5,2
2013020149,290,even-strength,65,-13,FALSE,FALSE,TRUE,TRUE,TRUE,TRUE,0.08677576301004274,8471675,5,2
2013020149,293,even-strength,32,7,FALSE,FALSE,TRUE,TRUE,TRUE,FALSE,0.02253738434882607,8470543,5,2
2013020149,296,even-strength,79,-22,FALSE,FALSE,TRUE,FALSE,FALSE,FALSE,0,8474091,5,2
2013020149,300,even-strength,80,-12,FALSE,FALSE,TRUE,TRUE,TRUE,FALSE,0.04834795667672514,8468674,5,2
2013020149,401,power-play,58,10,TRUE,FALSE,TRUE,FALSE,FALSE,FALSE,0,8471724,5,2
2013020149,451,even-strength,55,-31,FALSE,FALSE,TRUE,TRUE,TRUE,FALSE,0.01546452023668575,8468674,5,2
2013020149,459,even-strength,66,-12,FALSE,FALSE,TRUE,TRUE,TRUE,FALSE,0.06085693914835288,8465166,5,2
2013020149,465,even-strength,64,-27,FALSE,FALSE,TRUE,TRUE,TRUE,FALSE,0.04151200973702632,8474091,5,2
2013020149,467,even-strength,93,-12,FALSE,FALSE,TRUE,TRUE,TRUE,FALSE,0.10657789246165976,8471856,5,2
2013020149,468,even-strength,77,-11,FALSE,TRUE,TRUE,TRUE,FALSE,FALSE,0.1909902869948657,8471856,5,2
2013020149,469,even-strength,37,-29,FALSE,FALSE,TRUE,TRUE,TRUE,FALSE,0.01075195418043967,8471724,5,2
2013020149,470,even-strength,77,-1,FALSE,TRUE,TRUE,TRUE,TRUE,FALSE,0.355105717663407,8468674,5,2
2013020149,471,even-strength,76,1,FALSE,TRUE,TRUE,TRUE,FALSE,FALSE,0.3434244676797105,8468674,5,2
2013020149,473,even-strength,63,0,FALSE,FALSE,TRUE,FALSE,FALSE,FALSE,0,8470543,5,2
2013020149,476,even-strength,83,-7,FALSE,FALSE,TRUE,TRUE,TRUE,FALSE,0.03789330219009085,8466393,5,2
2013020149,477,even-strength,56,33,FALSE,FALSE,TRUE,TRUE,TRUE,FALSE,0.00931222587055558,8468498,5,2
2013020149,478,even-strength,77,-12,FALSE,TRUE,TRUE,TRUE,FALSE,FALSE,0.16041651452710956,8470543,5,2
2013020149,480,power-play,61,-14,FALSE,FALSE,TRUE,FALSE,FALSE,FALSE,0,8474091,5,2
2013020149,481,power-play,76,-2,FALSE,FALSE,TRUE,TRUE,FALSE,FALSE,0.12398343177715108,8469467,5,2
2013020149,482,power-play,56,6,FALSE,FALSE,TRUE,TRUE,TRUE,FALSE,0.10550307895609776,8470543,5,2
2013020149,484,power-play,56,-12,FALSE,FALSE,TRUE,TRUE,FALSE,FALSE,0.06953577287500551,8471215,5,2
2013020149,485,power-play,79,5,FALSE,FALSE,TRUE,TRUE,TRUE,FALSE,0.14777387825987426,8470543,5,2
2013020149,486,power-play,80,5,FALSE,TRUE,TRUE,TRUE,TRUE,FALSE,0.2829243102450611,8470543,5,2
2013020149,490,even-strength,79,-19,FALSE,FALSE,TRUE,TRUE,TRUE,FALSE,0.05039852984059558,8470543,5,2
2013020149,498,even-strength,62,5,FALSE,FALSE,TRUE,TRUE,FALSE,FALSE,0.06432702395052277,8466393,5,2
2013020149,499,even-strength,69,1,FALSE,FALSE,TRUE,FALSE,FALSE,FALSE,0,8466393,5,2
2013020149,603,even-strength,61,19,FALSE,FALSE,TRUE,TRUE,TRUE,FALSE,0.03421923034489081,8471724,5,2
2013020149,606,even-strength,77,4,FALSE,FALSE,TRUE,FALSE,FALSE,FALSE,0,8476874,5,2
2013020149,613,even-strength,79,4,FALSE,FALSE,TRUE,TRUE,TRUE,FALSE,0.11668753351029344,8471675,5,2
2013020149,616,even-strength,64,7,FALSE,FALSE,TRUE,TRUE,FALSE,FALSE,0.06922071694548959,8470543,5,2
2013020149,617,even-strength,73,-15,FALSE,TRUE,TRUE,FALSE,FALSE,FALSE,0,8471675,5,2
2013020149,618,even-strength,77,-29,FALSE,FALSE,TRUE,TRUE,TRUE,FALSE,0.0239154599833242,8476874,5,2
2013020149,622,even-strength,71,-10,FALSE,FALSE,TRUE,FALSE,FALSE,FALSE,0,8470854,5,2
2013020149,625,even-strength,60,15,FALSE,FALSE,TRUE,TRUE,TRUE,FALSE,0.05022327631848158,8470543,5,2
2013020149,627,even-strength,83,-25,FALSE,FALSE,TRUE,TRUE,TRUE,FALSE,0.03111757181261895,8471215,5,2
2013020149,640,even-strength,82,-6,FALSE,FALSE,TRUE,TRUE,TRUE,TRUE,0.07420931155842514,8468674,5,2
2013020149,646,even-strength,33,6,FALSE,FALSE,TRUE,TRUE,TRUE,FALSE,0.02395626096519405,8468498,5,2
2013020149,647,even-strength,57,-6,FALSE,FALSE,TRUE,FALSE,FALSE,FALSE,0,8471856,5,2
2013020149,650,even-strength,57,-9,FALSE,FALSE,TRUE,FALSE,FALSE,FALSE,0,8471724,5,2
2013020149,751,even-strength,53,-5,FALSE,FALSE,TRUE,FALSE,FALSE,FALSE,0,8471724,5,2
2013020149,756,even-strength,77,11,FALSE,FALSE,TRUE,TRUE,TRUE,FALSE,0.07469541440267799,8471675,5,2
2013020176,108,even-strength,47,-21,FALSE,FALSE,TRUE,FALSE,FALSE,FALSE,0,8471958,3,2
2013020176,113,even-strength,51,-14,FALSE,FALSE,TRUE,FALSE,FALSE,FALSE,0,8471873,3,2
2013020176,119,even-strength,81,3,FALSE,FALSE,TRUE,TRUE,TRUE,FALSE,0.1391903221635731,8474613,3,2
2013020176,120,even-strength,76,2,FALSE,TRUE,TRUE,TRUE,TRUE,FALSE,0.308418360093269,8475692,3,2
2013020176,121,even-strength,38,-17,FALSE,FALSE,TRUE,TRUE,TRUE,FALSE,0.02231728065993031,8471678,3,2
2013020176,127,even-strength,58,0,FALSE,FALSE,TRUE,FALSE,FALSE,FALSE,0,8474584,3,2
2013020176,129,power-play,48,14,FALSE,FALSE,TRUE,TRUE,FALSE,FALSE,0.05914263955080125,8474613,3,2
2013020176,131,power-play,54,-8,FALSE,FALSE,TRUE,TRUE,FALSE,FALSE,0.07072087448160773,8467389,3,2
2013020176,133,power-play,56,0,FALSE,FALSE,TRUE,TRUE,TRUE,TRUE,0.08936122550895047,8475184,3,2
2013020176,138,even-strength,57,-10,FALSE,FALSE,TRUE,FALSE,FALSE,FALSE,0,8475692,3,2
2013020176,139,even-strength,81,25,FALSE,FALSE,TRUE,TRUE,FALSE,FALSE,0.03418849729700023,8475184,3,2
2013020176,140,even-strength,58,8,FALSE,FALSE,TRUE,FALSE,FALSE,FALSE,0,8474613,3,2
2013020176,146,even-strength,59,37,FALSE,FALSE,TRUE,TRUE,FALSE,FALSE,0.02739612684806038,8467389,3,2
2013020176,404,even-strength,38,5,FALSE,FALSE,TRUE,TRUE,TRUE,FALSE,0.01984588931718759,8474151,3,2
2013020176,406,even-strength,38,-26,FALSE,FALSE,TRUE,TRUE,TRUE,FALSE,0.01882664630819213,8471958,3,2
2013020176,408,power-play,51,-31,FALSE,FALSE,TRUE,TRUE,TRUE,FALSE,0.04839536977341047,8467389,3,2
2013020176,412,power-play,31,18,FALSE,FALSE,TRUE,TRUE,FALSE,FALSE,0.05060690758268028,8474151,3,2
2013020176,413,power-play,34,16,FALSE,FALSE,TRUE,TRUE,TRUE,FALSE,0.05012138513623365,8474151,3,2
2013020176,414,power-play,43,-20,FALSE,FALSE,TRUE,TRUE,TRUE,FALSE,0.06528895305608749,8467389,3,2
2013020176,415,power-play,59,21,FALSE,FALSE,TRUE,TRUE,TRUE,FALSE,0.10285198926330824,8474613,3,2
2013020176,417,power-play,61,-22,FALSE,FALSE,TRUE,TRUE,FALSE,FALSE,0.07396855589249662,8467389,3,2
2013020176,418,even-strength,61,-18,FALSE,FALSE,TRUE,TRUE,TRUE,FALSE,0.03781799339604114,8475186,3,2
2013020176,420,even-strength,54,-15,FALSE,FALSE,TRUE,FALSE,FALSE,FALSE,0,8471958,3,2
2013020176,421,even-strength,49,12,FALSE,FALSE,TRUE,TRUE,TRUE,FALSE,0.02087319236128741,8470619,3,2
2013020176,424,even-strength,34,12,FALSE,FALSE,TRUE,TRUE,TRUE,FALSE,0.01777067906884228,8475186,3,2
2013020176,427,even-strength,-63,-6,FALSE,FALSE,TRUE,TRUE,FALSE,FALSE,3.0475725264715326e-4,8471958,3,2
2013020176,437,even-strength,70,-4,FALSE,FALSE,TRUE,TRUE,FALSE,FALSE,0.17374576937752156,8474176,3,2
2013020176,441,penalty-kill,58,-22,FALSE,FALSE,TRUE,TRUE,FALSE,FALSE,0.08676882576004187,8467881,3,2
2013020176,450,even-strength,60,-26,FALSE,FALSE,TRUE,TRUE,FALSE,FALSE,0.0271614444681043,8474613,3,2
2013020176,501,even-strength,48,-18,FALSE,FALSE,TRUE,FALSE,FALSE,FALSE,0,8474613,3,2
2013020176,503,power-play,75,-5,FALSE,FALSE,TRUE,TRUE,TRUE,FALSE,0.0713593367914412,8476468,3,2
2013020176,507,power-play,66,-15,FALSE,FALSE,TRUE,TRUE,TRUE,FALSE,0.06497857406440835,8476468,3,2
2013020176,508,power-play,76,-4,FALSE,FALSE,TRUE,TRUE,TRUE,FALSE,0.1096153924142638,8473544,3,2
2013020176,509,power-play,71,-12,FALSE,FALSE,TRUE,FALSE,FALSE,FALSE,0,8475186,3,2
2013020176,511,even-strength,81,2,FALSE,FALSE,TRUE,TRUE,TRUE,FALSE,0.1735472445195345,8475184,3,2
2013020176,512,even-strength,58,18,FALSE,FALSE,TRUE,TRUE,TRUE,FALSE,0.03569463000610114,8475184,3,2
2013020176,514,even-strength,79,10,FALSE,FALSE,TRUE,TRUE,TRUE,FALSE,0.09886320569523024,8467881,3,2
2013020176,529,even-strength,37,15,FALSE,FALSE,TRUE,TRUE,TRUE,FALSE,0.01458470852994501,8471686,3,2
2013020176,530,even-strength,64,-4,FALSE,FALSE,TRUE,TRUE,FALSE,FALSE,0.0623906131100448,8474613,3,2
2013020176,531,even-strength,50,17,FALSE,FALSE,TRUE,FALSE,FALSE,FALSE,0,8473544,3,2
2013020176,536,even-strength,83,-15,FALSE,FALSE,TRUE,TRUE,FALSE,FALSE,0.03599715852858735,8473544,3,2
2013020176,540,power-play,52,-11,FALSE,FALSE,TRUE,TRUE,FALSE,FALSE,0.05541849815983004,8475184,3,2
2013020176,541,power-play,50,9,FALSE,FALSE,TRUE,TRUE,TRUE,TRUE,0.06338421144826983,8474151,3,2
2013020176,544,even-strength,56,-22,FALSE,FALSE,TRUE,TRUE,TRUE,FALSE,0.03605742307359928,8474584,3,2
2013020176,545,even-strength,63,-3,FALSE,FALSE,TRUE,TRUE,TRUE,FALSE,0.0751835434224111,8476468,3,2
2013020176,716,even-strength,53,3,TRUE,FALSE,TRUE,TRUE,TRUE,TRUE,0.1189096031485368,8471678,3,2
2013020194,10,even-strength,83,-9,FALSE,FALSE,TRUE,TRUE,TRUE,FALSE,0.08912858697961876,8470760,9,2
2013020194,11,even-strength,85,-5,FALSE,FALSE,TRUE,TRUE,TRUE,FALSE,0.0720086440456269,8470599,9,2
2013020194,12,even-strength,79,-3,FALSE,FALSE,TRUE,TRUE,TRUE,FALSE,0.12954760974848273,8474068,9,2
2013020194,13,even-strength,54,22,FALSE,FALSE,TRUE,TRUE,TRUE,FALSE,0.02051614160447953,8471676,9,2
2013020194,28,even-strength,87,-11,FALSE,FALSE,TRUE,TRUE,TRUE,FALSE,0.04825773681624421,8470760,9,2
2013020194,53,even-strength,79,3,TRUE,FALSE,TRUE,FALSE,FALSE,FALSE,0,8474068,9,2
2013020194,55,even-strength,63,-10,FALSE,FALSE,TRUE,FALSE,FALSE,FALSE,0,8471862,9,2
2013020194,59,even-strength,56,-20,FALSE,FALSE,TRUE,FALSE,FALSE,FALSE,0,8474683,9,2
2013020194,60,even-strength,46,20,FALSE,FALSE,TRUE,FALSE,FALSE,FALSE,0,8474605,9,2
2013020194,69,even-strength,79,-20,FALSE,FALSE,TRUE,FALSE,FALSE,FALSE,0,8473588,9,2
2013020194,71,even-strength,69,-3,FALSE,FALSE,TRUE,FALSE,FALSE,FALSE,0,8471862,9,2
2013020194,83,power-play,46,22,FALSE,FALSE,TRUE,TRUE,FALSE,FALSE,0.05406900091581428,8474068,9,2
2013020194,84,power-play,57,18,FALSE,FALSE,TRUE,TRUE,FALSE,FALSE,0.07129503351402554,8474068,9,2
2013020194,97,even-strength,68,-12,FALSE,FALSE,TRUE,FALSE,FALSE,FALSE,0,8474068,9,2
2013020194,99,even-strength,65,-23,FALSE,FALSE,TRUE,FALSE,FALSE,FALSE,0,8471676,9,2
2013020194,266,penalty-kill,69,18,FALSE,FALSE,TRUE,TRUE,TRUE,FALSE,0.01917307648189115,8474068,9,2
2013020194,283,even-strength,76,-5,FALSE,FALSE,TRUE,TRUE,TRUE,FALSE,0.07387684704799455,8471862,9,2
2013020194,285,even-strength,70,-20,FALSE,FALSE,TRUE,TRUE,TRUE,TRUE,0.04216232686745418,8473588,9,2
2013020194,290,even-strength,58,-34,FALSE,FALSE,TRUE,TRUE,TRUE,TRUE,0.01481615870667258,8476459,9,2
2013020194,410,even-strength,77,5,FALSE,FALSE,TRUE,FALSE,FALSE,FALSE,0,8471862,9,2
2013020194,411,even-strength,73,7,FALSE,FALSE,TRUE,FALSE,FALSE,FALSE,0,8470667,9,2
2013020194,417,even-strength,73,-4,FALSE,FALSE,TRUE,FALSE,FALSE,FALSE,0,8470599,9,2
2013020194,419,even-strength,40,-15,FALSE,FALSE,TRUE,TRUE,FALSE,FALSE,0.06270782272106759,8469455,9,2
2013020194,426,even-strength,68,5,FALSE,FALSE,TRUE,FALSE,FALSE,FALSE,0,8474605,9,2
2013020194,456,power-play,53,29,FALSE,FALSE,TRUE,TRUE,TRUE,FALSE,0.05565596526099786,8469455,9,2
2013020194,480,even-strength,46,-35,FALSE,FALSE,TRUE,TRUE,TRUE,FALSE,0.01136926388422373,8476459,9,2
2013020194,500,even-strength,64,-30,FALSE,FALSE,TRUE,TRUE,TRUE,FALSE,0.02517541319554429,8474068,9,2
2013020194,603,even-strength,31,-15,FALSE,FALSE,TRUE,TRUE,TRUE,FALSE,0.01952663088137208,8474578,9,2
2013020194,604,even-strength,37,12,FALSE,TRUE,TRUE,TRUE,TRUE,FALSE,0.09066457492087836,8474605,9,2
2013020194,605,even-strength,89,-7,FALSE,TRUE,TRUE,TRUE,TRUE,TRUE,0.3964389109354015,8471676,9,2
2013020194,616,even-strength,87,-7,FALSE,FALSE,TRUE,TRUE,TRUE,TRUE,0.02791611999535838,8470667,9,2
2013020194,636,even-strength,82,-20,FALSE,FALSE,TRUE,TRUE,TRUE,FALSE,0.05248661540122851,8474068,9,2
2013020194,637,even-strength,50,-27,FALSE,FALSE,TRUE,TRUE,TRUE,FALSE,0.05459860876494622,8473468,9,2
2013020194,710,even-strength,83,-17,TRUE,FALSE,TRUE,TRUE,TRUE,FALSE,0.11409116082658678,8474068,9,2
2013020194,720,even-strength,40,-26,FALSE,FALSE,TRUE,TRUE,TRUE,FALSE,0.01228007813008021,8473468,9,2
2013020194,734,even-strength,56,-35,FALSE,FALSE,TRUE,TRUE,TRUE,FALSE,0.0180798784779071,8469455,9,2
2013020194,741,even-strength,26,-16,FALSE,FALSE,TRUE,TRUE,TRUE,FALSE,0.01183813232834843,8470667,9,2
2013020194,745,even-strength,70,-27,FALSE,FALSE,TRUE,TRUE,TRUE,FALSE,0.03227223956802307,8470599,9,2
2013020194,746,even-strength,60,-7,FALSE,FALSE,TRUE,TRUE,TRUE,FALSE,0.04778968398977844,8469455,9,2
2013020194,854,even-strength,78,2,FALSE,FALSE,TRUE,TRUE,TRUE,FALSE,0.14787837003515664,8474250,9,2
2013020194,856,even-strength,75,-4,FALSE,FALSE,TRUE,TRUE,TRUE,FALSE,0.0883613841241041,8471862,9,2
2013020194,863,even-strength,82,10,FALSE,FALSE,TRUE,TRUE,TRUE,FALSE,0.07476180781192987,8470599,9,2
2013020194,881,even-strength,-55,5,FALSE,FALSE,TRUE,TRUE,TRUE,FALSE,0.07813419600404214,8470667,9,2
2013020194,883,even-strength,-75,-38,FALSE,FALSE,TRUE,TRUE,TRUE,FALSE,0.06665522267653513,8474250,9,2
2013020194,885,even-strength,-74,3,FALSE,TRUE,TRUE,TRUE,TRUE,FALSE,0.2858612779985807,8471862,9,2
2013020194,889,even-strength,-57,33,FALSE,FALSE,TRUE,TRUE,TRUE,FALSE,0.07499515135034496,8473468,9,2
2013020194,901,even-strength,53,-14,FALSE,FALSE,TRUE,FALSE,FALSE,FALSE,0,8474578,9,2
2013020194,905,even-strength,81,-3,FALSE,FALSE,TRUE,FALSE,FALSE,FALSE,0,8470667,9,2
2013020194,913,even-strength,74,26,FALSE,TRUE,TRUE,FALSE,FALSE,FALSE,0,8474605,9,2
2013020194,917,even-strength,79,-5,FALSE,FALSE,TRUE,FALSE,FALSE,FALSE,0,8474578,9,2
2013020194,918,even-strength,75,-2,FALSE,FALSE,TRUE,TRUE,FALSE,FALSE,0.11859289810580516,8474683,9,2
2013020194,919,even-strength,43,-23,FALSE,FALSE,TRUE,FALSE,FALSE,FALSE,0,8473468,9,2
2013020194,920,even-strength,78,-8,FALSE,FALSE,TRUE,FALSE,FALSE,FALSE,0,8471676,9,2
2013020194,921,even-strength,32,10,FALSE,FALSE,TRUE,TRUE,FALSE,FALSE,0.01633015724480233,8464956,9,2
2013020194,922,even-strength,-63,17,FALSE,FALSE,TRUE,FALSE,FALSE,FALSE,0,8473468,9,2
2013020194,923,even-strength,-49,-12,FALSE,FALSE,TRUE,FALSE,FALSE,FALSE,0,8464956,9,2
2013020194,924,even-strength,-48,-24,FALSE,FALSE,TRUE,FALSE,FALSE,FALSE,0,8464956,9,2
2013020194,925,even-strength,-51,27,FALSE,FALSE,TRUE,TRUE,FALSE,FALSE,0.07265133115183314,8471676,9,2
2013020194,928,even-strength,-70,2,FALSE,FALSE,TRUE,FALSE,FALSE,FALSE,0,8474605,9,2
2013020218,9,even-strength,85,28,FALSE,FALSE,TRUE,TRUE,FALSE,FALSE,0.02639449068410481,8471214,15,2
2013020218,10,even-strength,68,-7,FALSE,FALSE,TRUE,TRUE,FALSE,FALSE,0.07185952738525292,8471214,15,2
2013020218,11,even-strength,69,-1,FALSE,TRUE,TRUE,TRUE,FALSE,FALSE,0.2373342566729787,8468064,15,2
2013020218,12,even-strength,46,20,FALSE,FALSE,TRUE,TRUE,FALSE,FALSE,0.02103634370026153,8473991,15,2
2013020218,13,even-strength,35,-1,FALSE,FALSE,TRUE,TRUE,TRUE,FALSE,0.01784093574174723,8473563,15,2
2013020218,15,even-strength,63,-8,FALSE,FALSE,TRUE,FALSE,FALSE,FALSE,0,8471426,15,2
2013020218,18,even-strength,39,24,FALSE,FALSE,TRUE,TRUE,TRUE,FALSE,0.01169018265629214,8474590,15,2
2013020218,19,even-strength,43,18,FALSE,FALSE,TRUE,TRUE,TRUE,FALSE,0.01932564641673774,8477220,15,2
2013020218,30,even-strength,37,22,FALSE,FALSE,TRUE,TRUE,TRUE,FALSE,0.01593810727872476,8473563,15,2
2013020218,32,even-strength,38,20,FALSE,FALSE,TRUE,TRUE,TRUE,FALSE,0.01471485861332769,8477220,15,2
2013020218,37,even-strength,71,20,FALSE,FALSE,TRUE,TRUE,TRUE,FALSE,0.03235448188256291,8475248,15,2
2013020218,38,even-strength,74,-4,FALSE,FALSE,TRUE,FALSE,FALSE,FALSE,0,8468208,15,2
2013020218,39,even-strength,76,-6,FALSE,TRUE,TRUE,TRUE,TRUE,FALSE,0.19382548923272225,8468208,15,2
2013020218,44,even-strength,58,-15,FALSE,FALSE,TRUE,FALSE,FALSE,FALSE,0,8471242,15,2
2013020218,46,even-strength,59,12,FALSE,FALSE,TRUE,FALSE,FALSE,FALSE,0,8477220,15,2
2013020218,48,power-play,55,7,FALSE,FALSE,TRUE,TRUE,TRUE,FALSE,0.07027148136664793,8471214,15,2
2013020218,50,power-play,67,14,FALSE,FALSE,TRUE,TRUE,FALSE,FALSE,0.09664499302283085,8471214,15,2
2013020218,201,power-play,76,-12,FALSE,FALSE,TRUE,FALSE,FALSE,FALSE,0,8471426,15,2
2013020218,202,power-play,70,1,FALSE,FALSE,TRUE,FALSE,FALSE,FALSE,0,8471214,15,2
2013020218,203,power-play,47,1,FALSE,FALSE,TRUE,TRUE,TRUE,FALSE,0.05998976945235526,8471242,15,2
2013020218,205,power-play,77,-8,FALSE,TRUE,TRUE,TRUE,TRUE,FALSE,0.1866380897300944,8469639,15,2
2013020218,206,power-play,82,-5,FALSE,FALSE,TRUE,TRUE,TRUE,FALSE,0.09194150041149554,8469639,15,2
2013020218,210,even-strength,77,11,FALSE,FALSE,TRUE,FALSE,FALSE,FALSE,0,8471214,15,2
2013020218,214,even-strength,61,-7,FALSE,FALSE,TRUE,TRUE,FALSE,FALSE,0.04899145968149909,8471214,15,2
2013020218,234,even-strength,51,-8,FALSE,FALSE,TRUE,FALSE,FALSE,FALSE,0,8471242,15,2
2013020218,241,even-strength,51,-16,TRUE,FALSE,TRUE,TRUE,TRUE,TRUE,0.06651622278766053,8474590,15,2
2013020218,244,even-strength,77,-7,FALSE,FALSE,TRUE,TRUE,TRUE,FALSE,0.10178020357317748,8475149,15,2
2013020218,247,power-play,51,21,FALSE,FALSE,TRUE,TRUE,TRUE,TRUE,0.07159444275802629,8471214,15,2
2013020218,249,even-strength,86,-12,FALSE,FALSE,TRUE,TRUE,TRUE,FALSE,0.04552265059799357,8476880,15,2
2013020218,250,even-strength,39,-12,FALSE,FALSE,TRUE,TRUE,TRUE,FALSE,0.01827551028820572,8471242,15,2
2013020218,401,even-strength,84,-27,FALSE,FALSE,TRUE,TRUE,TRUE,FALSE,0.03497144788704633,8476880,15,2
2013020218,402,even-strength,78,-1,FALSE,FALSE,TRUE,TRUE,TRUE,FALSE,0.15732883291161795,8468064,15,2
2013020218,404,power-play,86,-6,FALSE,FALSE,TRUE,TRUE,TRUE,TRUE,0.09035236344023648,8475149,15,2
2013020218,406,even-strength,83,6,FALSE,FALSE,TRUE,TRUE,TRUE,FALSE,0.06451500456982914,8471362,15,2
2013020218,407,even-strength,40,22,FALSE,TRUE,TRUE,TRUE,TRUE,TRUE,0.07675027568791908,8475248,15,2
2013020218,411,even-strength,84,-6,FALSE,FALSE,TRUE,TRUE,TRUE,FALSE,0.11376875963760053,8476880,15,2
2013020218,416,even-strength,82,29,FALSE,FALSE,TRUE,FALSE,FALSE,FALSE,0,8473563,15,2
2013020218,417,even-strength,49,3,FALSE,FALSE,TRUE,FALSE,FALSE,FALSE,0,8473563,15,2
2013020218,420,even-strength,46,22,FALSE,FALSE,TRUE,TRUE,TRUE,FALSE,0.03164751525181922,8471426,15,2
2013020218,428,even-strength,40,16,FALSE,FALSE,TRUE,TRUE,TRUE,FALSE,0.02285135639505325,8473991,15,2
2013020218,429,even-strength,60,-23,FALSE,FALSE,TRUE,TRUE,TRUE,FALSE,0.04029776218742374,8474590,15,2
2013020218,431,even-strength,34,-11,FALSE,FALSE,TRUE,TRUE,FALSE,FALSE,0.01453268904365381,8476162,15,2
2013020218,436,power-play,52,20,FALSE,FALSE,TRUE,TRUE,TRUE,TRUE,0.08843926875340227,8471214,15,2
2013020218,439,even-strength,39,17,FALSE,FALSE,TRUE,TRUE,FALSE,FALSE,0.01661295355865191,8477220,15,2
2013020218,440,even-strength,75,3,FALSE,FALSE,TRUE,FALSE,FALSE,FALSE,0,8471362,15,2
2013020218,441,even-strength,54,19,FALSE,FALSE,TRUE,TRUE,TRUE,FALSE,0.02620839020085708,8475248,15,2
2013020218,442,power-play,32,9,FALSE,FALSE,TRUE,TRUE,FALSE,FALSE,0.0355278700732476,8471242,15,2
2013020218,444,even-strength,75,-18,FALSE,FALSE,TRUE,FALSE,FALSE,FALSE,0,8468064,15,2
2013020218,445,even-strength,76,-1,TRUE,FALSE,TRUE,FALSE,FALSE,FALSE,0,8474590,15,2
2013020218,605,even-strength,49,-26,FALSE,FALSE,TRUE,TRUE,FALSE,FALSE,0.03024488445943507,8471214,15,2
2013020218,608,even-strength,79,0,FALSE,FALSE,TRUE,TRUE,FALSE,FALSE,0.15883012346905265,8471426,15,2
2013020218,621,even-strength,69,-10,FALSE,FALSE,TRUE,TRUE,TRUE,FALSE,0.06884491955477891,8466251,15,2
2013020218,624,even-strength,69,23,FALSE,TRUE,TRUE,TRUE,TRUE,FALSE,0.11280487449579692,8476162,15,2
2013020218,627,even-strength,69,23,FALSE,FALSE,TRUE,TRUE,TRUE,FALSE,0.04358087483699098,8476162,15,2
2013020218,629,penalty-kill,75,-7,FALSE,FALSE,TRUE,TRUE,FALSE,FALSE,0.09078706468760708,8471426,15,2
2013020218,630,penalty-kill,67,17,FALSE,FALSE,TRUE,TRUE,TRUE,FALSE,0.0660319467355856,8473991,15,2
2013020218,631,penalty-kill,-65,-24,FALSE,FALSE,TRUE,TRUE,TRUE,FALSE,0.00133972914616259,8474590,15,2
2013020218,633,even-strength,-76,-24,FALSE,FALSE,TRUE,TRUE,TRUE,FALSE,1.2250764525313957e-4,8471426,15,2
2013020218,636,even-strength,75,-4,FALSE,FALSE,TRUE,FALSE,FALSE,FALSE,0,8471214,15,2
2013020218,642,even-strength,69,5,FALSE,FALSE,TRUE,TRUE,TRUE,FALSE,0.09079063251571946,8473563,15,2
2013020218,655,even-strength,61,-9,FALSE,FALSE,TRUE,TRUE,TRUE,FALSE,0.05668787042137489,8471214,15,2
2013020218,659,power-play,74,2,FALSE,FALSE,TRUE,TRUE,TRUE,TRUE,0.14262461393758133,8476880,15,2
2013020218,664,even-strength,53,3,FALSE,FALSE,TRUE,TRUE,TRUE,FALSE,0.05134747346581514,8475619,15,2
2013020218,665,even-strength,42,15,FALSE,FALSE,TRUE,TRUE,TRUE,FALSE,0.01689446190818075,8475248,15,2
2013020218,671,even-strength,65,12,FALSE,FALSE,TRUE,FALSE,FALSE,FALSE,0,8475619,15,2
2013020218,672,even-strength,60,-7,TRUE,FALSE,TRUE,TRUE,TRUE,FALSE,0.0797917239341276,8475247,15,2
2013020250,54,even-strength,77,-7,FALSE,FALSE,TRUE,FALSE,FALSE,FALSE,0,8475793,29,2
2013020250,56,even-strength,60,-26,FALSE,FALSE,TRUE,TRUE,TRUE,FALSE,0.05134554563811346,8471260,29,2
2013020250,58,even-strength,49,-22,FALSE,FALSE,TRUE,FALSE,FALSE,FALSE,0,8471677,29,2
2013020250,62,power-play,79,-7,FALSE,FALSE,TRUE,TRUE,FALSE,FALSE,0.09582112836818624,8473573,29,2
2013020250,63,power-play,66,18,FALSE,FALSE,TRUE,TRUE,FALSE,FALSE,0.0580116827300374,8470222,29,2
2013020250,65,power-play,66,-6,FALSE,FALSE,TRUE,TRUE,TRUE,TRUE,0.06872349377609059,8471273,29,2
2013020250,78,even-strength,45,-10,FALSE,FALSE,TRUE,FALSE,FALSE,FALSE,0,8475808,29,2
2013020250,86,even-strength,51,24,FALSE,FALSE,TRUE,TRUE,FALSE,FALSE,0.02677932243121731,8468483,29,2
2013020250,88,power-play,37,4,FALSE,FALSE,TRUE,TRUE,FALSE,FALSE,0.05062606715504098,8473914,29,2
2013020250,90,even-strength,44,4,FALSE,FALSE,TRUE,FALSE,FALSE,FALSE,0,8468001,29,2
2013020250,96,even-strength,75,-9,FALSE,FALSE,TRUE,FALSE,FALSE,FALSE,0,8471273,29,2
2013020250,201,even-strength,48,-37,FALSE,FALSE,TRUE,TRUE,TRUE,FALSE,0.01790498293611743,8474715,29,2
2013020250,204,power-play,78,26,FALSE,FALSE,TRUE,TRUE,FALSE,FALSE,0.08648985260777123,8468483,29,2
2013020250,205,power-play,48,28,FALSE,FALSE,TRUE,FALSE,FALSE,FALSE,0,8471677,29,2
2013020250,206,power-play,38,-31,FALSE,FALSE,TRUE,TRUE,FALSE,FALSE,0.03975222145447062,8474715,29,2
2013020250,207,power-play,51,10,FALSE,FALSE,TRUE,TRUE,TRUE,FALSE,0.08746437240527266,8469469,29,2
2013020250,209,power-play,74,-9,FALSE,FALSE,TRUE,TRUE,TRUE,FALSE,0.07608914569018466,8469469,29,2
2013020250,210,even-strength,52,26,FALSE,FALSE,TRUE,TRUE,FALSE,FALSE,0.01655638797577159,8473914,29,2
2013020250,220,even-strength,81,-4,FALSE,FALSE,TRUE,TRUE,TRUE,TRUE,0.14381770512415873,8475793,29,2
2013020250,222,even-strength,76,-10,FALSE,FALSE,TRUE,FALSE,FALSE,FALSE,0,8471766,29,2
2013020250,225,even-strength,76,23,FALSE,FALSE,TRUE,TRUE,TRUE,FALSE,0.05788174849422951,8471260,29,2
2013020250,226,even-strength,81,-15,FALSE,FALSE,TRUE,TRUE,TRUE,FALSE,0.05686243518292445,8471677,29,2
2013020250,229,even-strength,77,-3,FALSE,FALSE,TRUE,TRUE,TRUE,FALSE,0.11617543295663164,8469469,29,2
2013020250,231,even-strength,79,0,FALSE,FALSE,TRUE,TRUE,TRUE,FALSE,0.09337373225378312,8474715,29,2
2013020250,233,even-strength,78,-5,FALSE,FALSE,TRUE,TRUE,FALSE,FALSE,0.05937922801596598,8471677,29,2
2013020250,234,even-strength,77,-6,FALSE,FALSE,TRUE,TRUE,FALSE,FALSE,0.07670913497663508,8471273,29,2
2013020250,235,even-strength,57,-4,FALSE,FALSE,TRUE,TRUE,TRUE,FALSE,0.07656878545554822,8468483,29,2
2013020250,239,even-strength,79,-1,FALSE,TRUE,TRUE,TRUE,TRUE,FALSE,0.34247281505826094,8474715,29,2
2013020250,241,even-strength,45,36,FALSE,FALSE,TRUE,FALSE,FALSE,FALSE,0,8473573,29,2
2013020250,245,even-strength,61,8,FALSE,FALSE,TRUE,TRUE,TRUE,FALSE,0.06181213956606029,8471273,29,2
2013020250,246,even-strength,40,26,FALSE,FALSE,TRUE,TRUE,TRUE,FALSE,0.02058167140226171,8474715,29,2
2013020250,247,even-strength,76,7,FALSE,FALSE,TRUE,FALSE,FALSE,FALSE,0,8474715,29,2
2013020250,248,even-strength,80,0,FALSE,TRUE,TRUE,TRUE,TRUE,FALSE,0.3781778660868276,8474715,29,2
2013020250,451,even-strength,64,-19,FALSE,FALSE,TRUE,TRUE,TRUE,FALSE,0.03495912419360941,8473914,29,2
2013020250,460,power-play,70,-6,FALSE,FALSE,TRUE,TRUE,TRUE,TRUE,0.109382702553483,8469469,29,2
2013020250,462,even-strength,49,-15,FALSE,FALSE,TRUE,FALSE,FALSE,FALSE,0,8470222,29,2
2013020250,465,even-strength,37,-21,FALSE,FALSE,TRUE,TRUE,TRUE,FALSE,0.01198477679032902,8471348,29,2
2013020250,466,even-strength,87,-8,FALSE,FALSE,TRUE,TRUE,TRUE,FALSE,0.04215673824386061,8474744,29,2
2013020250,467,even-strength,85,-7,FALSE,FALSE,TRUE,TRUE,TRUE,FALSE,0.06483425631462086,8474744,29,2
2013020250,468,even-strength,87,-6,FALSE,TRUE,TRUE,TRUE,TRUE,FALSE,0.1807990696971971,8474744,29,2
2013020250,470,even-strength,37,-28,FALSE,FALSE,TRUE,TRUE,FALSE,FALSE,0.01066390533224583,8473914,29,2
2013020250,473,even-strength,85,-13,FALSE,FALSE,TRUE,TRUE,TRUE,FALSE,0.04268623238284998,8475793,29,2
2013020250,474,even-strength,82,5,FALSE,TRUE,TRUE,TRUE,TRUE,TRUE,0.331624459057141,8474715,29,2
2013020250,484,even-strength,63,-30,FALSE,FALSE,TRUE,FALSE,FALSE,FALSE,0,8471260,29,2
2013020250,485,even-strength,40,19,FALSE,FALSE,TRUE,TRUE,TRUE,FALSE,0.03439202722144821,8476850,29,2
2013020250,486,even-strength,54,-33,FALSE,FALSE,TRUE,TRUE,TRUE,FALSE,0.02308756199050861,8468483,29,2
2013020250,491,even-strength,73,9,FALSE,FALSE,TRUE,TRUE,TRUE,FALSE,0.07542907520207376,8471260,29,2
2013020250,493,even-strength,64,-31,FALSE,FALSE,TRUE,FALSE,FALSE,FALSE,0,8468001,29,2
2013020250,494,even-strength,38,-33,FALSE,FALSE,TRUE,TRUE,TRUE,FALSE,0.01034693280227844,8470222,29,2
2013020250,601,even-strength,40,-28,FALSE,FALSE,TRUE,FALSE,FALSE,FALSE,0,8471677,29,2
2013020250,606,even-strength,43,35,FALSE,FALSE,TRUE,TRUE,TRUE,FALSE,0.01064170188983136,8468483,29,2
2013020250,617,even-strength,61,19,FALSE,FALSE,TRUE,TRUE,FALSE,FALSE,0.04895931624132129,8468001,29,2
2013020297,105,even-strength,60,-17,FALSE,FALSE,TRUE,TRUE,FALSE,FALSE,0.0551082001063143,8470318,17,2
2013020297,108,even-strength,78,-1,FALSE,FALSE,TRUE,TRUE,TRUE,TRUE,0.12472915559291908,8471794,17,2
2013020493,103,even-strength,81,-12,FALSE,FALSE,TRUE,FALSE,FALSE,FALSE,0,8476851,8,2
2013020493,104,even-strength,65,-19,FALSE,FALSE,TRUE,FALSE,FALSE,FALSE,0,8475848,8,2
2013020493,112,even-strength,42,23,FALSE,FALSE,TRUE,TRUE,TRUE,FALSE,0.01753238709313381,8467496,8,2
2013020493,114,even-strength,74,-35,FALSE,FALSE,TRUE,TRUE,FALSE,FALSE,0.0201888447081713,8469521,8,2
2013020493,116,even-strength,22,8,FALSE,FALSE,TRUE,TRUE,TRUE,FALSE,0.01227584769408509,8469521,8,2
2013020493,123,even-strength,63,-1,FALSE,FALSE,TRUE,TRUE,FALSE,FALSE,0.06290645375764319,8474189,8,2
2013020493,124,even-strength,71,-15,FALSE,FALSE,TRUE,TRUE,TRUE,FALSE,0.03609799873830006,8475739,8,2
2013020493,128,even-strength,61,-18,FALSE,FALSE,TRUE,TRUE,TRUE,FALSE,0.02867834723831769,8476851,8,2
2013020493,132,even-strength,85,-7,FALSE,FALSE,TRUE,TRUE,TRUE,FALSE,0.07338344934696885,8468635,8,2
2013020493,134,even-strength,67,-23,FALSE,FALSE,TRUE,TRUE,TRUE,FALSE,0.0296654500530134,8474157,8,2
2013020493,135,even-strength,70,19,FALSE,FALSE,TRUE,TRUE,TRUE,FALSE,0.06423065935810146,8470324,8,2
2013020493,138,even-strength,66,33,FALSE,FALSE,TRUE,FALSE,FALSE,FALSE,0,8469521,8,2
2013020493,139,even-strength,41,27,FALSE,FALSE,TRUE,TRUE,TRUE,FALSE,0.01523797384419671,8468114,8,2
2013020493,146,even-strength,76,14,FALSE,FALSE,TRUE,TRUE,TRUE,FALSE,0.08571097605246812,8469521,8,2
2013020493,253,even-strength,83,-25,FALSE,FALSE,TRUE,TRUE,FALSE,FALSE,0.02410459557359897,8464975,8,2
2013020493,254,even-strength,61,9,FALSE,FALSE,TRUE,FALSE,FALSE,FALSE,0,8470324,8,2
2013020493,256,even-strength,72,-7,FALSE,FALSE,TRUE,TRUE,FALSE,FALSE,0.09129056825263172,8467407,8,2
2013020493,257,even-strength,64,-19,FALSE,FALSE,TRUE,FALSE,FALSE,FALSE,0,8475848,8,2
2013020493,259,even-strength,60,-5,FALSE,FALSE,TRUE,FALSE,FALSE,FALSE,0,8468114,8,2
2013020493,264,even-strength,66,25,FALSE,FALSE,TRUE,TRUE,TRUE,FALSE,0.03654941092640301,8469521,8,2
2013020493,265,even-strength,49,17,FALSE,FALSE,TRUE,TRUE,TRUE,FALSE,0.02672247804584033,8474189,8,2
2013020493,267,even-strength,54,2,FALSE,FALSE,TRUE,FALSE,FALSE,FALSE,0,8474056,8,2
2013020493,274,power-play,66,-12,FALSE,FALSE,TRUE,FALSE,FALSE,FALSE,0,8474056,8,2
2013020493,275,even-strength,42,-29,FALSE,FALSE,TRUE,FALSE,FALSE,FALSE,0,8475848,8,2
2013020493,286,even-strength,76,-13,FALSE,FALSE,TRUE,TRUE,FALSE,FALSE,0.05321643087623734,8471976,8,2
2013020493,287,even-strength,67,15,FALSE,FALSE,TRUE,TRUE,FALSE,FALSE,0.04629060858612351,8471296,8,2
2013020493,288,even-strength,81,0,FALSE,TRUE,TRUE,TRUE,TRUE,FALSE,0.37716104914679777,8464975,8,2
2013020493,289,even-strength,81,1,FALSE,TRUE,TRUE,TRUE,TRUE,FALSE,0.3556288667138997,8464975,8,2
2013020493,292,even-strength,51,-21,TRUE,FALSE,TRUE,FALSE,FALSE,FALSE,0,8476244,8,2
2013020493,296,even-strength,74,-5,FALSE,FALSE,TRUE,TRUE,FALSE,FALSE,0.07049006688570932,8468635,8,2
2013020493,298,power-play,54,-12,FALSE,FALSE,TRUE,TRUE,TRUE,FALSE,0.05963422111031963,8474157,8,2
2013020493,299,power-play,66,14,FALSE,FALSE,TRUE,FALSE,FALSE,FALSE,0,8467496,8,2
2013020493,300,power-play,55,-13,FALSE,FALSE,TRUE,FALSE,FALSE,FALSE,0,8474056,8,2
2013020493,402,power-play,76,-28,FALSE,FALSE,TRUE,FALSE,FALSE,FALSE,0,8474157,8,2
2013020493,406,even-strength,87,18,FALSE,FALSE,TRUE,TRUE,FALSE,FALSE,0.03026186899925028,8469521,8,2
2013020493,414,even-strength,43,-27,FALSE,FALSE,TRUE,TRUE,TRUE,FALSE,0.01327286330596543,8474056,8,2
2013020493,417,even-strength,83,-36,FALSE,FALSE,TRUE,TRUE,TRUE,FALSE,0.0195288229296486,8475848,8,2
2013020493,418,even-strength,72,19,FALSE,TRUE,TRUE,TRUE,TRUE,FALSE,0.14109588072235094,8467496,8,2
2013020493,425,even-strength,80,14,FALSE,FALSE,TRUE,FALSE,FALSE,FALSE,0,8476851,8,2
2013020493,426,even-strength,86,-6,TRUE,TRUE,TRUE,TRUE,TRUE,FALSE,0.2757662578222049,8476851,8,2
2013020493,430,even-strength,86,-7,FALSE,FALSE,TRUE,TRUE,FALSE,FALSE,0.02434564830648624,8464975,8,2
2013020493,431,even-strength,30,-24,FALSE,FALSE,TRUE,TRUE,TRUE,FALSE,0.00755848871839581,8471296,8,2
2013020493,432,even-strength,30,-19,FALSE,TRUE,TRUE,TRUE,FALSE,FALSE,0.02986557448740307,8471296,8,2
2013020493,436,even-strength,34,-21,FALSE,FALSE,TRUE,TRUE,FALSE,FALSE,0.01713849861968804,8467407,8,2
2013020493,444,even-strength,56,7,FALSE,FALSE,TRUE,FALSE,FALSE,FALSE,0,8467496,8,2
2013020493,445,even-strength,45,21,FALSE,FALSE,TRUE,TRUE,FALSE,FALSE,0.01520972125493663,8467496,8,2
2013020493,446,even-strength,50,10,FALSE,FALSE,TRUE,FALSE,FALSE,FALSE,0,8469521,8,2
2013020493,448,even-strength,60,-27,FALSE,FALSE,TRUE,FALSE,FALSE,FALSE,0,8467407,8,2
2013020493,449,even-strength,88,-8,FALSE,FALSE,TRUE,TRUE,TRUE,FALSE,0.04827848097954821,8476851,8,2
2013020493,702,even-strength,75,-37,FALSE,FALSE,TRUE,TRUE,TRUE,FALSE,0.01980187456259431,8475848,8,2
2013020493,703,even-strength,46,21,FALSE,FALSE,TRUE,TRUE,TRUE,FALSE,0.02555779320243217,8467496,8,2
2013020493,707,even-strength,75,-2,FALSE,FALSE,TRUE,TRUE,TRUE,FALSE,0.082056255339218,8471296,8,2
2013020493,709,even-strength,78,-12,FALSE,FALSE,TRUE,TRUE,FALSE,FALSE,0.0914275624190016,8464975,8,2
2013020493,712,even-strength,69,8,FALSE,FALSE,TRUE,FALSE,FALSE,FALSE,0,8468635,8,2
2013020493,716,even-strength,-76,10,FALSE,FALSE,TRUE,TRUE,TRUE,FALSE,0.05356637808765718,8474157,8,2
2013020493,717,even-strength,-82,1,TRUE,FALSE,TRUE,TRUE,TRUE,TRUE,0.1824348564603289,8474157,8,2
2013020512,104,even-strength,41,23,FALSE,FALSE,TRUE,TRUE,TRUE,FALSE,0.01761268746186463,8477205,14,2
2013020512,112,even-strength,85,11,FALSE,FALSE,TRUE,FALSE,FALSE,FALSE,0,8476806,14,2
2013020512,115,even-strength,41,-10,FALSE,FALSE,TRUE,FALSE,FALSE,FALSE,0,8466378,14,2
2013020512,116,even-strength,62,-17,FALSE,FALSE,TRUE,FALSE,FALSE,FALSE,0,8473986,14,2
2013020512,118,even-strength,79,-17,FALSE,FALSE,TRUE,TRUE,TRUE,FALSE,0.02961606231877892,8470647,14,2
2013020512,119,even-strength,42,17,FALSE,FALSE,TRUE,TRUE,TRUE,FALSE,0.02008408831272727,8470640,14,2
2013020512,120,even-strength,70,12,FALSE,FALSE,TRUE,FALSE,FALSE,FALSE,0,8470775,14,2
2013020512,121,even-strength,69,-29,FALSE,FALSE,TRUE,TRUE,TRUE,FALSE,0.0274776547611093,8475462,14,2
2013020512,123,even-strength,78,-21,FALSE,FALSE,TRUE,FALSE,FALSE,FALSE,0,8474870,14,2
2013020512,128,even-strength,-1,4,FALSE,FALSE,TRUE,TRUE,TRUE,FALSE,0.00251465004266315,8474717,14,2
2013020512,131,even-strength,44,-21,FALSE,FALSE,TRUE,TRUE,FALSE,FALSE,0.01543871166605857,8475462,14,2
2013020512,132,even-strength,61,-20,FALSE,FALSE,TRUE,TRUE,TRUE,FALSE,0.02473105042789754,8470640,14,2
2013020512,133,even-strength,48,-16,FALSE,FALSE,TRUE,TRUE,FALSE,FALSE,0.02023998963181085,8470775,14,2
2013020512,134,even-strength,88,5,FALSE,FALSE,TRUE,TRUE,TRUE,FALSE,0.02965279852834993,8476806,14,2
2013020512,139,even-strength,64,-11,FALSE,FALSE,TRUE,FALSE,FALSE,FALSE,0,8476292,14,2
2013020512,140,even-strength,79,-7,FALSE,FALSE,TRUE,FALSE,FALSE,FALSE,0,8466378,14,2
2013020512,141,even-strength,78,-1,FALSE,FALSE,TRUE,TRUE,FALSE,FALSE,0.1105903778378194,8476292,14,2
2013020512,142,even-strength,-1,-32,FALSE,FALSE,TRUE,TRUE,TRUE,FALSE,0.00206788945821922,8476292,14,2
2013020512,144,even-strength,75,-5,FALSE,FALSE,TRUE,FALSE,FALSE,FALSE,0,8473962,14,2
2013020512,145,even-strength,60,-21,FALSE,FALSE,TRUE,TRUE,TRUE,FALSE,0.02444361237653786,8475060,14,2
2013020512,150,even-strength,68,-35,FALSE,FALSE,TRUE,TRUE,TRUE,FALSE,0.02815425685227107,8474870,14,2
2013020512,307,even-strength,75,9,FALSE,FALSE,TRUE,FALSE,FALSE,FALSE,0,8470640,14,2
2013020512,308,even-strength,82,8,FALSE,FALSE,TRUE,TRUE,TRUE,FALSE,0.06415633912997859,8470047,14,2
2013020512,316,even-strength,81,-15,FALSE,FALSE,TRUE,TRUE,TRUE,FALSE,0.03953973511631322,8473986,14,2
2013020512,317,even-strength,45,-18,FALSE,FALSE,TRUE,TRUE,TRUE,FALSE,0.01767995780343258,8475462,14,2
2013020512,324,even-strength,80,-7,FALSE,FALSE,TRUE,FALSE,FALSE,FALSE,0,8473986,14,2
2013020512,326,even-strength,68,-5,FALSE,FALSE,TRUE,TRUE,TRUE,FALSE,0.0891396531855138,8476292,14,2
2013020512,328,even-strength,85,25,FALSE,FALSE,TRUE,FALSE,FALSE,FALSE,0,8466378,14,2
2013020512,334,even-strength,70,-2,FALSE,FALSE,TRUE,FALSE,FALSE,FALSE,0,8466378,14,2
2013020512,338,even-strength,49,25,FALSE,FALSE,TRUE,TRUE,TRUE,FALSE,0.01939297721220425,8470640,14,2
2013020512,341,even-strength,63,-11,FALSE,FALSE,TRUE,TRUE,TRUE,FALSE,0.0490545728400331,8475462,14,2
2013020512,345,even-strength,46,20,FALSE,FALSE,TRUE,TRUE,TRUE,FALSE,0.0291636468094647,8477205,14,2
2013020512,350,even-strength,45,-29,TRUE,FALSE,TRUE,TRUE,FALSE,FALSE,0.02977031093249908,8470047,14,2
2013020512,401,even-strength,67,12,FALSE,FALSE,TRUE,FALSE,FALSE,FALSE,0,8466142,14,2
2013020512,402,even-strength,78,-1,FALSE,FALSE,TRUE,TRUE,FALSE,FALSE,0.1232111844587324,8473962,14,2
2013020512,403,even-strength,70,-16,FALSE,FALSE,TRUE,FALSE,FALSE,FALSE,0,8470047,14,2
2013020512,407,penalty-kill,66,-9,FALSE,FALSE,TRUE,TRUE,TRUE,FALSE,0.03603128521837836,8466142,14,2
2013020512,410,even-strength,60,-15,FALSE,FALSE,TRUE,TRUE,TRUE,FALSE,0.04397107235398945,8470047,14,2
2013020512,412,even-strength,38,26,FALSE,FALSE,TRUE,TRUE,FALSE,FALSE,0.00829769763640168,8470775,14,2
2013020512,413,even-strength,69,-2,FALSE,FALSE,TRUE,FALSE,FALSE,FALSE,0,8474717,14,2
2013020512,414,even-strength,59,-11,FALSE,TRUE,TRUE,FALSE,FALSE,FALSE,0,8470775,14,2
2013020512,416,even-strength,75,-10,TRUE,FALSE,TRUE,TRUE,TRUE,FALSE,0.1228729318928918,8466378,14,2
2013020512,418,even-strength,73,-6,FALSE,FALSE,TRUE,FALSE,FALSE,FALSE,0,8474870,14,2
2013020512,419,even-strength,63,25,FALSE,FALSE,TRUE,TRUE,TRUE,FALSE,0.0219542006289458,8476292,14,2
2013020512,422,even-strength,76,14,FALSE,FALSE,TRUE,TRUE,FALSE,FALSE,0.08827206331408897,8476453,14,2
2013020512,426,even-strength,68,-14,FALSE,FALSE,TRUE,TRUE,TRUE,FALSE,0.04884061576418211,8473962,14,2
2013020512,427,even-strength,79,-33,FALSE,FALSE,TRUE,TRUE,TRUE,FALSE,0.02006669959094548,8474870,14,2
2013020512,430,power-play,76,8,FALSE,FALSE,TRUE,FALSE,FALSE,FALSE,0,8475462,14,2
2013020512,438,even-strength,24,-27,FALSE,FALSE,TRUE,TRUE,TRUE,FALSE,0.00741586542627742,8475462,14,2
2013020512,440,even-strength,45,3,FALSE,FALSE,TRUE,FALSE,FALSE,FALSE,0,8475462,14,2
2013020512,441,even-strength,80,8,FALSE,FALSE,TRUE,FALSE,FALSE,FALSE,0,8475462,14,2
2013020512,442,even-strength,81,0,FALSE,TRUE,TRUE,TRUE,TRUE,FALSE,0.3751157963807617,8474870,14,2
2013020512,443,even-strength,80,0,FALSE,TRUE,TRUE,TRUE,TRUE,FALSE,0.3423754618567241,8474870,14,2
2013020512,445,even-strength,85,-12,FALSE,FALSE,TRUE,TRUE,TRUE,FALSE,0.05350026269627225,8473986,14,2
2013020512,447,even-strength,75,5,FALSE,FALSE,TRUE,FALSE,FALSE,FALSE,0,8475060,14,2
2013020512,449,even-strength,79,5,FALSE,FALSE,TRUE,TRUE,TRUE,FALSE,0.08866526034615367,8476453,14,2
2013020512,451,even-strength,61,-1,FALSE,FALSE,TRUE,FALSE,FALSE,FALSE,0,8475462,14,2
2013020512,452,even-strength,69,-38,FALSE,FALSE,TRUE,TRUE,TRUE,FALSE,0.01299068307116347,8474870,14,2
2013020512,456,even-strength,70,-34,FALSE,FALSE,TRUE,TRUE,TRUE,FALSE,0.01706032337861965,8466378,14,2
2013020512,459,even-strength,82,-12,FALSE,FALSE,TRUE,TRUE,FALSE,FALSE,0.05568135006082913,8475209,14,2
2013020512,462,even-strength,72,-8,TRUE,FALSE,TRUE,FALSE,FALSE,FALSE,0,8474870,14,2
2013020512,463,even-strength,78,-10,FALSE,FALSE,TRUE,FALSE,FALSE,FALSE,0,8474870,14,2
2013020512,464,even-strength,48,17,FALSE,FALSE,TRUE,TRUE,TRUE,FALSE,0.02138645303389385,8475462,14,2
2013020512,466,even-strength,32,-29,FALSE,FALSE,TRUE,TRUE,TRUE,FALSE,0.00990199023105282,8477205,14,2
2013020512,471,even-strength,64,-11,FALSE,FALSE,TRUE,FALSE,FALSE,FALSE,0,8476453,14,2
2013020512,475,even-strength,75,-8,TRUE,FALSE,TRUE,TRUE,TRUE,TRUE,0.14837434682889095,8470047,14,2
2013020512,477,even-strength,82,17,FALSE,FALSE,TRUE,TRUE,FALSE,FALSE,0.03517580303211551,8473986,14,2
2013020512,479,even-strength,63,-10,FALSE,FALSE,TRUE,TRUE,FALSE,FALSE,0.05173180401357576,8475462,14,2
2013020512,483,even-strength,80,3,FALSE,FALSE,TRUE,TRUE,TRUE,FALSE,0.10816070988267693,8476806,14,2
2013020512,484,even-strength,80,2,FALSE,TRUE,TRUE,TRUE,TRUE,TRUE,0.24435715650682893,8470047,14,2
2013020512,487,even-strength,-84,6,FALSE,FALSE,TRUE,TRUE,TRUE,FALSE,0.0909670604062212,8476292,14,2
2013020512,488,even-strength,-55,-15,FALSE,FALSE,TRUE,FALSE,FALSE,FALSE,0,8473986,14,2
2013020512,492,even-strength,-79,0,FALSE,FALSE,TRUE,FALSE,FALSE,FALSE,0,8476806,14,2
2013020535,53,even-strength,72,3,FALSE,FALSE,TRUE,FALSE,FALSE,FALSE,0,8475692,3,2
2013020535,56,even-strength,66,3,FALSE,FALSE,TRUE,TRUE,TRUE,FALSE,0.10951869779283592,8467389,3,2
2013020535,57,even-strength,63,-14,FALSE,FALSE,TRUE,TRUE,FALSE,FALSE,0.0336860339126572,8474584,3,2
2013020535,58,even-strength,86,6,FALSE,FALSE,TRUE,FALSE,FALSE,FALSE,0,8473432,3,2
2013020535,64,even-strength,82,4,FALSE,FALSE,TRUE,TRUE,TRUE,FALSE,0.10550135287606216,8470041,3,2
2013020535,65,even-strength,79,3,FALSE,FALSE,TRUE,FALSE,FALSE,FALSE,0,8475692,3,2
2013020535,67,even-strength,80,-7,FALSE,FALSE,TRUE,TRUE,FALSE,FALSE,0.07877798773619221,8475692,3,2
2013020535,68,even-strength,63,18,FALSE,FALSE,TRUE,TRUE,TRUE,FALSE,0.06385010256136427,8474151,3,2
2013020535,70,even-strength,83,-5,FALSE,FALSE,TRUE,TRUE,TRUE,FALSE,0.1049298396214971,8474176,3,2
2013020535,71,even-strength,85,-6,FALSE,TRUE,TRUE,TRUE,TRUE,FALSE,0.21759889802972568,8474176,3,2
2013020535,76,power-play,79,-6,FALSE,FALSE,TRUE,TRUE,FALSE,FALSE,0.10742073866627608,8475692,3,2
2013020535,77,even-strength,34,9,FALSE,FALSE,TRUE,FALSE,FALSE,FALSE,0,8470619,3,2
2013020535,80,even-strength,48,-21,FALSE,FALSE,TRUE,TRUE,TRUE,FALSE,0.02172814632451403,8473992,3,2
2013020535,83,even-strength,87,11,FALSE,FALSE,TRUE,TRUE,FALSE,FALSE,0.04873307282865673,8473432,3,2
2013020535,84,even-strength,64,24,FALSE,FALSE,TRUE,FALSE,FALSE,FALSE,0,8474613,3,2
2013020535,92,power-play,64,34,FALSE,FALSE,TRUE,TRUE,TRUE,FALSE,0.04271163466856207,8474613,3,2
2013020535,93,power-play,72,19,FALSE,FALSE,TRUE,FALSE,FALSE,FALSE,0,8473544,3,2
2013020535,95,power-play,73,35,FALSE,FALSE,TRUE,TRUE,TRUE,FALSE,0.0493970150890094,8475692,3,2
2013020535,99,power-play,73,-3,FALSE,FALSE,TRUE,FALSE,FALSE,FALSE,0,8471958,3,2
2013020535,100,power-play,78,1,FALSE,FALSE,TRUE,TRUE,TRUE,TRUE,0.1181676317482805,8471678,3,2
2013020535,307,even-strength,62,-15,FALSE,FALSE,TRUE,FALSE,FALSE,FALSE,0,8471958,3,2
2013020535,308,even-strength,72,-7,FALSE,FALSE,TRUE,FALSE,FALSE,FALSE,0,8474613,3,2
2013020535,310,even-strength,81,-29,FALSE,FALSE,TRUE,TRUE,TRUE,TRUE,0.02579751562035365,8473432,3,2
2013020535,313,even-strength,89,-18,FALSE,FALSE,TRUE,TRUE,TRUE,FALSE,0.1397936612720522,8475692,3,2
2013020535,318,even-strength,72,-22,FALSE,FALSE,TRUE,TRUE,TRUE,FALSE,0.03598302834662655,8471678,3,2
2013020535,322,even-strength,85,6,FALSE,FALSE,TRUE,TRUE,TRUE,FALSE,0.07569870557123848,8473432,3,2
2013020535,325,power-play,52,16,FALSE,FALSE,TRUE,FALSE,FALSE,FALSE,0,8474584,3,2
2013020535,326,power-play,85,8,FALSE,FALSE,TRUE,TRUE,TRUE,TRUE,0.07714040471968021,8474613,3,2
2013020535,342,even-strength,54,5,FALSE,FALSE,TRUE,FALSE,FALSE,FALSE,0,8474584,3,2
2013020535,343,even-strength,39,19,FALSE,FALSE,TRUE,TRUE,FALSE,FALSE,0.01643031050388596,8475186,3,2
2013020535,346,even-strength,61,8,FALSE,FALSE,TRUE,FALSE,FALSE,FALSE,0,8475186,3,2
2013020535,347,even-strength,76,-2,TRUE,FALSE,TRUE,TRUE,FALSE,FALSE,0.15343555383239438,8475184,3,2
2013020535,348,even-strength,82,-1,FALSE,FALSE,TRUE,TRUE,TRUE,FALSE,0.15073340154893605,8470619,3,2
2013020535,551,even-strength,71,0,FALSE,FALSE,TRUE,TRUE,FALSE,FALSE,0.10429044254690556,8474613,3,2
2013020535,554,even-strength,60,37,FALSE,FALSE,TRUE,TRUE,TRUE,FALSE,0.02034959357057619,8475184,3,2
2013020535,568,even-strength,80,-12,FALSE,FALSE,TRUE,TRUE,TRUE,FALSE,0.10915751324833238,8470041,3,2
2013020535,571,even-strength,62,-3,FALSE,FALSE,TRUE,FALSE,FALSE,FALSE,0,8475186,3,2
2013020535,573,power-play,69,-14,FALSE,FALSE,TRUE,TRUE,FALSE,FALSE,0.12976109108263906,8467389,3,2
2013020535,574,power-play,55,24,FALSE,FALSE,TRUE,TRUE,FALSE,FALSE,0.13444461659270557,8474613,3,2
2013020535,575,power-play,66,-1,FALSE,FALSE,TRUE,FALSE,FALSE,FALSE,0,8467389,3,2
2013020535,577,power-play,52,30,FALSE,FALSE,TRUE,TRUE,TRUE,FALSE,0.05112858019936836,8473544,3,2
2013020535,578,even-strength,55,9,FALSE,FALSE,TRUE,FALSE,FALSE,FALSE,0,8475186,3,2
2013020535,579,even-strength,17,4,FALSE,FALSE,TRUE,TRUE,TRUE,FALSE,0.00484306914501215,8475692,3,2
2013020535,580,even-strength,40,11,FALSE,FALSE,TRUE,FALSE,FALSE,FALSE,0,8474151,3,2
2013020535,585,even-strength,66,30,TRUE,FALSE,TRUE,TRUE,TRUE,FALSE,0.04182918540406359,8471678,3,2
2013020535,593,power-play,69,3,FALSE,FALSE,TRUE,TRUE,FALSE,FALSE,0.08786743992428969,8475692,3,2
2013020535,595,power-play,79,-10,FALSE,FALSE,TRUE,TRUE,FALSE,FALSE,0.08756749324821708,8470041,3,2
2013020535,597,power-play,78,-3,FALSE,FALSE,TRUE,FALSE,FALSE,FALSE,0,8474584,3,2
2013020535,598,power-play,38,23,FALSE,FALSE,TRUE,TRUE,TRUE,FALSE,0.03842076143677771,8467389,3,2
2013020535,600,even-strength,82,-16,FALSE,FALSE,TRUE,TRUE,FALSE,FALSE,0.05464888101439973,8474151,3,2
2013020535,754,power-play,81,8,FALSE,FALSE,TRUE,FALSE,FALSE,FALSE,0,8467389,3,2
2013020535,755,power-play,70,-5,FALSE,FALSE,TRUE,TRUE,TRUE,FALSE,0.09431483038815716,8470041,3,2
2013020535,756,power-play,57,-12,FALSE,FALSE,TRUE,TRUE,TRUE,FALSE,0.05201737362337094,8474151,3,2
2013020535,757,power-play,45,-10,FALSE,FALSE,TRUE,FALSE,FALSE,FALSE,0,8475186,3,2
2013020535,758,power-play,65,-14,FALSE,FALSE,TRUE,FALSE,FALSE,FALSE,0,8475186,3,2
2013020535,759,power-play,85,-15,FALSE,FALSE,TRUE,TRUE,TRUE,FALSE,0.04698212349280493,8476468,3,2
2013020544,107,even-strength,56,-29,FALSE,FALSE,TRUE,FALSE,FALSE,FALSE,0,8470612,24,2
2013020544,112,even-strength,57,-9,FALSE,FALSE,TRUE,FALSE,FALSE,FALSE,0,8470612,24,2
2013020544,114,even-strength,33,-21,FALSE,FALSE,TRUE,FALSE,FALSE,FALSE,0,8467400,24,2
2013020544,115,even-strength,34,24,FALSE,FALSE,TRUE,TRUE,FALSE,FALSE,0.01398724481536896,8467332,24,2
2013020544,117,even-strength,37,30,FALSE,FALSE,TRUE,FALSE,FALSE,FALSE,0,8473492,24,2
2013020544,121,even-strength,35,-26,FALSE,FALSE,TRUE,FALSE,FALSE,FALSE,0,8475164,24,2
2013020544,122,even-strength,56,-9,FALSE,FALSE,TRUE,TRUE,FALSE,FALSE,0.03502435178864745,8473618,24,2
2013020544,124,even-strength,39,-30,TRUE,FALSE,TRUE,TRUE,TRUE,FALSE,0.01962960679731907,8469490,24,2
2013020544,126,even-strength,54,35,FALSE,FALSE,TRUE,TRUE,TRUE,FALSE,0.01112811168198479,8469490,24,2
2013020544,129,even-strength,34,-28,FALSE,FALSE,TRUE,FALSE,FALSE,FALSE,0,8470612,24,2
2013020544,135,even-strength,60,12,FALSE,FALSE,TRUE,TRUE,TRUE,FALSE,0.03551644632042006,8467400,24,2
2013020544,137,even-strength,51,20,FALSE,FALSE,TRUE,FALSE,FALSE,FALSE,0,8469490,24,2
2013020544,140,even-strength,41,14,FALSE,FALSE,TRUE,FALSE,FALSE,FALSE,0,8471699,24,2
2013020544,141,even-strength,58,16,FALSE,FALSE,TRUE,TRUE,TRUE,FALSE,0.02872264614573025,8459442,24,2
2013020544,142,even-strength,78,6,FALSE,FALSE,TRUE,TRUE,TRUE,FALSE,0.07110188921693912,8459442,24,2
2013020544,145,even-strength,48,-24,FALSE,FALSE,TRUE,FALSE,FALSE,FALSE,0,8473933,24,2
2013020544,146,even-strength,81,-2,FALSE,FALSE,TRUE,TRUE,TRUE,FALSE,0.13002492194755755,8474034,24,2
2013020544,148,even-strength,47,21,FALSE,FALSE,TRUE,FALSE,FALSE,FALSE,0,8471241,24,2
2013020544,354,even-strength,49,-28,FALSE,FALSE,TRUE,TRUE,TRUE,FALSE,0.0149303706970367,8475164,24,2
2013020544,356,even-strength,31,19,FALSE,FALSE,TRUE,TRUE,TRUE,FALSE,0.0118543550305066,8473933,24,2
2013020544,362,even-strength,33,-16,FALSE,FALSE,TRUE,FALSE,FALSE,FALSE,0,8475764,24,2
2013020544,366,even-strength,60,-19,FALSE,FALSE,TRUE,TRUE,TRUE,FALSE,0.0247845295019823,8475164,24,2
2013020544,367,even-strength,62,3,FALSE,FALSE,TRUE,TRUE,TRUE,FALSE,0.05734622610022258,8475151,24,2
2013020544,368,even-strength,29,27,FALSE,FALSE,TRUE,FALSE,FALSE,FALSE,0,8467332,24,2
2013020544,370,even-strength,31,-27,FALSE,FALSE,TRUE,FALSE,FALSE,FALSE,0,8475764,24,2
2013020544,374,even-strength,29,-7,FALSE,FALSE,TRUE,FALSE,FALSE,FALSE,0,8473933,24,2
2013020544,383,even-strength,80,3,FALSE,FALSE,TRUE,TRUE,TRUE,FALSE,0.11429018793619192,8473492,24,2
2013020544,384,even-strength,80,-3,FALSE,FALSE,TRUE,TRUE,TRUE,FALSE,0.1028960003568188,8474009,24,2
2013020544,387,even-strength,31,-15,TRUE,FALSE,TRUE,FALSE,FALSE,FALSE,0,8474009,24,2
2013020544,390,even-strength,75,-9,FALSE,FALSE,TRUE,TRUE,TRUE,FALSE,0.06590711981874478,8475151,24,2
2013020544,392,power-play,66,-11,FALSE,FALSE,TRUE,TRUE,TRUE,FALSE,0.06488134393451385,8473618,24,2
2013020544,395,power-play,-78,-5,FALSE,FALSE,TRUE,TRUE,FALSE,FALSE,0.0027848518243925,8470612,24,2
2013020544,396,even-strength,36,-30,FALSE,FALSE,TRUE,FALSE,FALSE,FALSE,0,8470612,24,2
2013020544,397,even-strength,32,-24,FALSE,FALSE,TRUE,TRUE,TRUE,FALSE,0.01033316682304824,8475222,24,2
2013020544,398,even-strength,78,-10,FALSE,FALSE,TRUE,TRUE,TRUE,FALSE,0.05616508585723503,8470621,24,2
2013020544,401,even-strength,70,2,FALSE,FALSE,TRUE,FALSE,FALSE,FALSE,0,8475151,24,2
2013020544,402,even-strength,74,-1,FALSE,TRUE,TRUE,TRUE,TRUE,TRUE,0.2796477753447523,8470612,24,2
2013020544,405,even-strength,31,-28,FALSE,FALSE,TRUE,TRUE,TRUE,FALSE,0.010518637529728,8467400,24,2
2013020544,410,power-play,31,-19,FALSE,FALSE,TRUE,FALSE,FALSE,FALSE,0,8475764,24,2
2013020544,411,power-play,48,-21,FALSE,FALSE,TRUE,FALSE,FALSE,FALSE,0,8473618,24,2
2013020544,413,power-play,51,-16,FALSE,FALSE,TRUE,TRUE,FALSE,FALSE,0.0645171147900498,8474034,24,2
2013020544,425,even-strength,39,-17,FALSE,FALSE,TRUE,TRUE,FALSE,FALSE,0.01516717483257199,8475164,24,2
2013020544,426,even-strength,72,-6,FALSE,FALSE,TRUE,FALSE,FALSE,FALSE,0,8459442,24,2
2013020544,427,even-strength,31,19,FALSE,FALSE,TRUE,TRUE,TRUE,FALSE,0.01141444868300401,8467332,24,2
2013020544,435,even-strength,81,-1,FALSE,FALSE,TRUE,TRUE,TRUE,FALSE,0.1900670849206051,8475151,24,2
2013020544,436,even-strength,88,-5,FALSE,TRUE,TRUE,TRUE,FALSE,FALSE,0.16948578250945767,8470612,24,2
2013020544,441,even-strength,59,-16,FALSE,FALSE,TRUE,TRUE,FALSE,FALSE,0.04655884841574891,8470612,24,2
2013020544,442,even-strength,81,4,FALSE,FALSE,TRUE,TRUE,TRUE,FALSE,0.11083501544996692,8475151,24,2
2013020544,450,even-strength,47,-22,FALSE,FALSE,TRUE,TRUE,TRUE,FALSE,0.0258258654377999,8470621,24,2
2013020544,514,even-strength,73,-5,FALSE,TRUE,TRUE,TRUE,TRUE,TRUE,0.3034429219568827,8470612,24,2
2013020544,603,even-strength,59,-25,FALSE,FALSE,TRUE,TRUE,TRUE,FALSE,0.02660167160428894,8474009,24,2
2013020544,605,even-strength,79,0,FALSE,FALSE,TRUE,TRUE,TRUE,TRUE,0.1368301904237784,8473618,24,2
2013020544,609,even-strength,34,25,FALSE,FALSE,TRUE,FALSE,FALSE,FALSE,0,8470612,24,2
2013020544,610,even-strength,35,-2,FALSE,FALSE,TRUE,TRUE,TRUE,FALSE,0.08315118987513481,8467332,24,2
2013020544,611,even-strength,81,-4,FALSE,FALSE,TRUE,TRUE,TRUE,FALSE,0.05064190721360744,8459442,24,2
2013020544,615,even-strength,79,-1,FALSE,FALSE,TRUE,TRUE,TRUE,TRUE,0.17715829611461648,8475151,24,2
2013020544,618,even-strength,51,-27,FALSE,FALSE,TRUE,TRUE,TRUE,FALSE,0.02792690659920009,8475151,24,2
2013020544,619,even-strength,54,16,FALSE,FALSE,TRUE,FALSE,FALSE,FALSE,0,8471699,24,2
2013020544,622,even-strength,74,7,FALSE,FALSE,TRUE,TRUE,TRUE,FALSE,0.11149350558387554,8470621,24,2
2013020544,623,even-strength,85,-8,FALSE,FALSE,TRUE,FALSE,FALSE,FALSE,0,8470621,24,2
2013020544,624,even-strength,87,-9,FALSE,FALSE,TRUE,TRUE,FALSE,FALSE,0.04984098172157392,8470621,24,2
2013020558,58,even-strength,71,9,TRUE,FALSE,TRUE,FALSE,FALSE,FALSE,0,8470724,17,2
2013020558,59,even-strength,47,16,TRUE,FALSE,TRUE,TRUE,FALSE,FALSE,0.03423138417373633,8475772,17,2
2013020558,68,even-strength,51,29,FALSE,FALSE,TRUE,TRUE,TRUE,FALSE,0.02403929991608263,8470778,17,2
2013020558,70,even-strength,37,27,FALSE,FALSE,TRUE,TRUE,FALSE,FALSE,0.01053216620477399,8470724,17,2
2013020558,71,even-strength,75,27,FALSE,FALSE,TRUE,TRUE,TRUE,FALSE,0.03141170775431167,8474679,17,2
2013020558,72,even-strength,58,-26,FALSE,FALSE,TRUE,TRUE,TRUE,FALSE,0.02460388782538387,8470622,17,2
2013020558,74,even-strength,70,17,FALSE,FALSE,TRUE,FALSE,FALSE,FALSE,0,8470622,17,2
2013020558,76,even-strength,47,-25,FALSE,FALSE,TRUE,TRUE,FALSE,FALSE,0.01862989291368108,8460621,17,2
2013020558,78,even-strength,35,0,FALSE,FALSE,TRUE,TRUE,FALSE,FALSE,0.01814945076351005,8474168,17,2
2013020558,81,even-strength,51,-28,FALSE,FALSE,TRUE,FALSE,FALSE,FALSE,0,8476822,17,2
2013020558,89,even-strength,81,-7,FALSE,FALSE,TRUE,TRUE,TRUE,FALSE,0.08655853331323535,8475193,17,2
2013020558,92,even-strength,44,-27,FALSE,FALSE,TRUE,FALSE,FALSE,FALSE,0,8477215,17,2
2013020558,94,even-strength,37,8,FALSE,FALSE,TRUE,TRUE,TRUE,FALSE,0.01634474694425644,8460621,17,2
2013020558,96,even-strength,56,-12,FALSE,FALSE,TRUE,TRUE,TRUE,FALSE,0.02827619615015477,8474168,17,2
2013020558,251,even-strength,64,22,FALSE,FALSE,TRUE,TRUE,TRUE,FALSE,0.03778666610819842,8467514,17,2
2013020558,252,even-strength,70,4,FALSE,FALSE,TRUE,FALSE,FALSE,FALSE,0,8467514,17,2
2013020558,254,even-strength,33,31,FALSE,FALSE,TRUE,TRUE,TRUE,FALSE,0.00874422586028982,8474873,17,2
2013020558,255,even-strength,68,1,FALSE,TRUE,TRUE,TRUE,TRUE,FALSE,0.1834181206807477,8460621,17,2
2013020558,258,even-strength,59,-16,FALSE,FALSE,TRUE,TRUE,FALSE,FALSE,0.0239236176124635,8476430,17,2
2013020558,259,even-strength,48,-20,FALSE,FALSE,TRUE,TRUE,TRUE,FALSE,0.01775507663771298,8476430,17,2
2013020558,260,even-strength,45,-16,FALSE,FALSE,TRUE,TRUE,TRUE,FALSE,0.02275114869919824,8476822,17,2
2013020558,262,even-strength,32,31,FALSE,FALSE,TRUE,TRUE,TRUE,FALSE,0.00926426463082322,8470724,17,2
2013020558,263,even-strength,36,-19,FALSE,FALSE,TRUE,FALSE,FALSE,FALSE,0,8477215,17,2
2013020558,264,even-strength,92,-5,FALSE,FALSE,TRUE,TRUE,TRUE,FALSE,0.04293550048200626,8475193,17,2
2013020558,268,even-strength,61,-16,FALSE,FALSE,TRUE,TRUE,TRUE,FALSE,0.03710088446997344,8467514,17,2
2013020558,271,even-strength,57,27,FALSE,FALSE,TRUE,FALSE,FALSE,FALSE,0,8474168,17,2
2013020558,274,even-strength,66,7,FALSE,TRUE,TRUE,TRUE,TRUE,FALSE,0.1957516098023597,8467514,17,2
2013020558,276,even-strength,68,-5,FALSE,FALSE,TRUE,FALSE,FALSE,FALSE,0,8474873,17,2
2013020558,278,even-strength,51,31,FALSE,FALSE,TRUE,FALSE,FALSE,FALSE,0,8470622,17,2
2013020558,283,even-strength,88,-5,FALSE,FALSE,TRUE,TRUE,TRUE,FALSE,0.02296183398819368,8470778,17,2
2013020558,284,even-strength,85,-6,FALSE,TRUE,TRUE,TRUE,TRUE,FALSE,0.1288967541535575,8470778,17,2
2013020558,293,even-strength,37,28,FALSE,FALSE,TRUE,TRUE,TRUE,FALSE,0.01030814968285768,8470778,17,2
2013020558,297,even-strength,63,-3,FALSE,FALSE,TRUE,FALSE,FALSE,FALSE,0,8474090,17,2
2013020558,298,even-strength,63,-7,FALSE,FALSE,TRUE,TRUE,FALSE,FALSE,0.07564603255557195,8467514,17,2
2013020558,299,even-strength,81,-24,FALSE,FALSE,TRUE,TRUE,TRUE,FALSE,0.03099878716916837,8474873,17,2
2013020558,551,even-strength,57,26,FALSE,FALSE,TRUE,TRUE,FALSE,FALSE,0.03153457481523892,8466149,17,2
2013020558,552,even-strength,60,-31,FALSE,FALSE,TRUE,TRUE,FALSE,FALSE,0.0219083930616295,8470622,17,2
2013020558,555,even-strength,74,-14,FALSE,FALSE,TRUE,TRUE,TRUE,FALSE,0.04967947857900951,8474679,17,2
2013020558,561,even-strength,37,27,FALSE,FALSE,TRUE,TRUE,TRUE,FALSE,0.01267796510636043,8475193,17,2
2013020558,564,even-strength,36,29,FALSE,FALSE,TRUE,TRUE,TRUE,FALSE,0.01303449447645813,8470724,17,2
2013020558,565,even-strength,65,18,FALSE,FALSE,TRUE,TRUE,FALSE,FALSE,0.02704866087601751,8474168,17,2
2013020558,568,even-strength,41,6,FALSE,FALSE,TRUE,TRUE,TRUE,FALSE,0.02999151799390448,8477215,17,2
2013020558,570,even-strength,78,16,FALSE,FALSE,TRUE,TRUE,FALSE,FALSE,0.03620878361809652,8459444,17,2
2013020558,571,even-strength,34,5,FALSE,FALSE,TRUE,TRUE,FALSE,FALSE,0.0150098693311956,8477215,17,2
2013020558,575,power-play,72,9,FALSE,FALSE,TRUE,FALSE,FALSE,FALSE,0,8474679,17,2
2013020558,576,power-play,80,11,FALSE,FALSE,TRUE,TRUE,FALSE,FALSE,0.0794467980741337,8459444,17,2
2013020558,582,even-strength,51,-35,FALSE,FALSE,TRUE,TRUE,FALSE,FALSE,0.01281854438142977,8476430,17,2
2013020580,105,even-strength,43,-16,FALSE,FALSE,TRUE,TRUE,FALSE,FALSE,0.02404012507627274,8469623,1,2
2013020580,106,even-strength,84,24,FALSE,FALSE,TRUE,TRUE,TRUE,FALSE,0.02987214327112343,8469623,1,2
2013020580,108,even-strength,83,-13,FALSE,FALSE,TRUE,TRUE,TRUE,FALSE,0.05985196250395858,8476423,1,2
2013020580,112,even-strength,40,-11,TRUE,FALSE,TRUE,FALSE,FALSE,FALSE,0,8475750,1,2
2013020580,122,even-strength,80,-11,FALSE,FALSE,TRUE,FALSE,FALSE,FALSE,0,8448208,1,2
2013020580,126,even-strength,56,29,FALSE,FALSE,TRUE,TRUE,TRUE,FALSE,0.02489794611139496,8464977,1,2
2013020580,129,even-strength,45,20,FALSE,FALSE,TRUE,TRUE,TRUE,FALSE,0.0223857970139508,8470609,1,2
2013020580,130,even-strength,65,10,FALSE,TRUE,TRUE,TRUE,TRUE,FALSE,0.119248489121591,8470609,1,2
2013020580,131,even-strength,69,-9,FALSE,FALSE,TRUE,FALSE,FALSE,FALSE,0,8475750,1,2
2013020580,132,even-strength,73,10,FALSE,FALSE,TRUE,FALSE,FALSE,FALSE,0,8472410,1,2
2013020580,133,even-strength,43,-13,TRUE,FALSE,TRUE,TRUE,TRUE,FALSE,0.05680533558868746,8475750,1,2
2013020580,134,even-strength,23,20,FALSE,FALSE,TRUE,TRUE,FALSE,FALSE,0.00706355836908324,8472410,1,2
2013020580,135,even-strength,81,-3,FALSE,FALSE,TRUE,TRUE,TRUE,TRUE,0.09533556422494106,8474641,1,2
2013020580,136,even-strength,75,-10,FALSE,FALSE,TRUE,FALSE,FALSE,FALSE,0,8471233,1,2
2013020580,137,even-strength,82,0,FALSE,FALSE,TRUE,TRUE,TRUE,FALSE,0.15800471455198173,8471233,1,2
2013020580,146,even-strength,67,3,FALSE,FALSE,TRUE,FALSE,FALSE,FALSE,0,8460542,1,2
2013020580,255,even-strength,54,-11,FALSE,FALSE,TRUE,TRUE,FALSE,FALSE,0.05573603411209148,8471233,1,2
2013020580,257,even-strength,56,-11,FALSE,FALSE,TRUE,TRUE,FALSE,FALSE,0.04831304771108938,8467545,1,2
2013020580,260,even-strength,74,-15,FALSE,FALSE,TRUE,TRUE,TRUE,FALSE,0.07098653769718026,8472382,1,2
2013020580,261,even-strength,62,12,FALSE,FALSE,TRUE,FALSE,FALSE,FALSE,0,8464977,1,2
2013020580,263,even-strength,79,-4,TRUE,FALSE,TRUE,TRUE,TRUE,FALSE,0.2286231322471305,8460542,1,2
2013020580,265,power-play,49,-20,FALSE,FALSE,TRUE,TRUE,TRUE,FALSE,0.05476958197374852,8475750,1,2
2013020580,271,even-strength,61,10,FALSE,FALSE,TRUE,FALSE,FALSE,FALSE,0,8471233,1,2
2013020580,272,even-strength,63,10,FALSE,FALSE,TRUE,TRUE,TRUE,FALSE,0.0778734620562485,8469622,1,2
2013020580,276,even-strength,80,0,FALSE,FALSE,TRUE,TRUE,FALSE,FALSE,0.12112763402344544,8464977,1,2
2013020580,278,even-strength,67,1,FALSE,FALSE,TRUE,FALSE,FALSE,FALSE,0,8460542,1,2
2013020580,279,even-strength,36,3,FALSE,FALSE,TRUE,TRUE,TRUE,FALSE,0.01664944817113397,8469623,1,2
2013020580,280,even-strength,83,10,FALSE,FALSE,TRUE,FALSE,FALSE,FALSE,0,8470609,1,2
2013020580,289,even-strength,83,-4,TRUE,FALSE,TRUE,TRUE,TRUE,FALSE,0.1557064734144523,8470609,1,2
2013020580,297,even-strength,64,14,FALSE,FALSE,TRUE,TRUE,TRUE,FALSE,0.05693264759444867,8448208,1,2
2013020580,298,even-strength,76,-10,FALSE,FALSE,TRUE,FALSE,FALSE,FALSE,0,8460542,1,2
2013020580,555,even-strength,40,2,TRUE,FALSE,TRUE,TRUE,FALSE,FALSE,0.04197253379432388,8469623,1,2
2013020580,560,even-strength,53,0,FALSE,FALSE,TRUE,FALSE,FALSE,FALSE,0,8460542,1,2
2013020580,561,even-strength,69,7,FALSE,FALSE,TRUE,FALSE,FALSE,FALSE,0,8474641,1,2
2013020580,562,even-strength,71,10,FALSE,FALSE,TRUE,TRUE,FALSE,FALSE,0.05908267786137149,8475199,1,2
2013020580,571,even-strength,82,-2,FALSE,FALSE,TRUE,TRUE,TRUE,FALSE,0.17129934051935516,8471233,1,2
2013020580,574,even-strength,60,-30,FALSE,FALSE,TRUE,TRUE,TRUE,FALSE,0.01794548545068255,8467545,1,2
2013020580,575,even-strength,59,18,FALSE,FALSE,TRUE,TRUE,TRUE,FALSE,0.04523063085198792,8475199,1,2
2013020580,579,even-strength,41,11,FALSE,FALSE,TRUE,TRUE,FALSE,FALSE,0.02233566276822457,8472382,1,2
2013020580,580,even-strength,76,-8,FALSE,FALSE,TRUE,FALSE,FALSE,FALSE,0,8467545,1,2
2013020580,582,even-strength,50,1,TRUE,FALSE,TRUE,TRUE,TRUE,FALSE,0.07720950151553724,8470609,1,2
2013020580,584,even-strength,61,-18,FALSE,FALSE,TRUE,TRUE,TRUE,FALSE,0.048050165937814,8469623,1,2
2013020580,585,even-strength,81,-3,FALSE,FALSE,TRUE,TRUE,TRUE,TRUE,0.1074924583742772,8471233,1,2
2013020580,589,even-strength,83,2,FALSE,FALSE,TRUE,TRUE,TRUE,FALSE,0.17219965622344088,8474641,1,2
2013020580,590,even-strength,83,1,FALSE,TRUE,TRUE,TRUE,TRUE,FALSE,0.3609507342475391,8474641,1,2
2013020580,593,even-strength,62,2,FALSE,FALSE,TRUE,TRUE,TRUE,FALSE,0.10307128760408756,8472410,1,2
2013020580,594,even-strength,68,-23,FALSE,FALSE,TRUE,FALSE,FALSE,FALSE,0,8470609,1,2
2013020580,667,even-strength,88,-5,FALSE,FALSE,TRUE,TRUE,TRUE,FALSE,0.0211412158749595,8471233,1,2
2013020602,5,even-strength,61,-7,FALSE,FALSE,TRUE,FALSE,FALSE,FALSE,0,8470638,6,2
2013020602,10,even-strength,63,7,FALSE,FALSE,TRUE,FALSE,FALSE,FALSE,0,8470638,6,2
2013020602,17,even-strength,79,8,FALSE,FALSE,TRUE,FALSE,FALSE,FALSE,0,8462042,6,2
2013020602,28,even-strength,79,-7,FALSE,FALSE,TRUE,FALSE,FALSE,FALSE,0,8471280,6,2
2013020602,55,even-strength,62,-18,FALSE,FALSE,TRUE,TRUE,TRUE,FALSE,0.04742195376360579,8471276,6,2
2013020602,70,even-strength,66,8,FALSE,FALSE,TRUE,TRUE,TRUE,FALSE,0.07556404554630433,8473419,6,2
2013020602,72,even-strength,69,-16,FALSE,FALSE,TRUE,TRUE,TRUE,FALSE,0.05791452088707412,8462042,6,2
2013020602,73,even-strength,69,0,FALSE,TRUE,TRUE,TRUE,TRUE,FALSE,0.25322742000171744,8471276,6,2
2013020602,74,even-strength,80,-2,FALSE,TRUE,TRUE,TRUE,TRUE,TRUE,0.3070427972864555,8471276,6,2
2013020602,75,even-strength,43,-16,FALSE,FALSE,TRUE,TRUE,FALSE,FALSE,0.02075178661282728,8470169,6,2
2013020602,76,even-strength,9,25,FALSE,FALSE,TRUE,TRUE,FALSE,FALSE,0.00301859902946668,8475727,6,2
2013020602,78,even-strength,35,24,FALSE,FALSE,TRUE,TRUE,TRUE,FALSE,0.01285399512967602,8476191,6,2
2013020602,79,even-strength,70,14,FALSE,FALSE,TRUE,TRUE,TRUE,FALSE,0.04782082449076255,8470638,6,2
2013020602,85,even-strength,81,4,FALSE,FALSE,TRUE,TRUE,TRUE,FALSE,0.10983859013069489,8471280,6,2
2013020602,89,even-strength,44,-25,FALSE,FALSE,TRUE,TRUE,TRUE,FALSE,0.02231100934669611,8470187,6,2
2013020602,90,even-strength,54,-2,FALSE,FALSE,TRUE,TRUE,TRUE,FALSE,0.05202448274227059,8475191,6,2
2013020602,94,power-play,35,-4,FALSE,FALSE,TRUE,TRUE,FALSE,FALSE,0.07086591233765503,8462042,6,2
2013020602,95,power-play,53,10,FALSE,FALSE,TRUE,TRUE,TRUE,FALSE,0.08074634054074498,8471276,6,2
2013020602,201,penalty-kill,62,-3,TRUE,FALSE,TRUE,TRUE,TRUE,FALSE,0.2302059806737571,8470230,6,2
2013020602,205,penalty-kill,-97,8,FALSE,FALSE,TRUE,TRUE,TRUE,FALSE,0.00123394631918413,8473419,6,2
2013020602,216,even-strength,59,-4,FALSE,FALSE,TRUE,TRUE,FALSE,FALSE,0.07996579296671681,8471276,6,2
2013020602,217,even-strength,38,-17,TRUE,FALSE,TRUE,TRUE,FALSE,FALSE,0.02177588780974865,8470187,6,2
2013020602,220,even-strength,18,-30,FALSE,FALSE,TRUE,TRUE,TRUE,FALSE,0.00339426252701314,8470187,6,2
2013020602,224,even-strength,69,29,FALSE,FALSE,TRUE,TRUE,TRUE,FALSE,0.02428053784672991,8473473,6,2
2013020602,236,even-strength,72,0,FALSE,FALSE,TRUE,TRUE,TRUE,FALSE,0.08088178310738171,8471280,6,2
2013020602,240,even-strength,69,15,FALSE,FALSE,TRUE,TRUE,TRUE,FALSE,0.04991930692554094,8462042,6,2
2013020602,241,even-strength,74,0,FALSE,TRUE,TRUE,TRUE,FALSE,FALSE,0.2750506906166972,8471276,6,2
2013020602,244,even-strength,78,-10,FALSE,FALSE,TRUE,TRUE,TRUE,FALSE,0.0766020087488121,8471280,6,2
2013020602,248,even-strength,83,-11,FALSE,FALSE,TRUE,TRUE,TRUE,FALSE,0.06115615252113005,8465009,6,2
2013020602,249,even-strength,34,-31,FALSE,FALSE,TRUE,TRUE,TRUE,FALSE,0.01001889189905395,8470187,6,2
2013020602,263,even-strength,45,-15,FALSE,FALSE,TRUE,FALSE,FALSE,FALSE,0,8476191,6,2
2013020602,267,even-strength,70,-5,FALSE,FALSE,TRUE,FALSE,FALSE,FALSE,0,8471717,6,2
2013020602,274,even-strength,56,-19,FALSE,FALSE,TRUE,FALSE,FALSE,FALSE,0,8471717,6,2
2013020602,289,even-strength,76,-7,FALSE,FALSE,TRUE,FALSE,FALSE,FALSE,0,8465009,6,2
2013020602,294,power-play,79,12,FALSE,FALSE,TRUE,FALSE,FALSE,FALSE,0,8473473,6,2
2013020602,403,power-play,69,16,FALSE,FALSE,TRUE,TRUE,TRUE,FALSE,0.06720355183516404,8475727,6,2
2013020602,404,power-play,70,10,FALSE,FALSE,TRUE,TRUE,FALSE,FALSE,0.07343946553735059,8475191,6,2
2013020602,405,power-play,56,-5,FALSE,TRUE,TRUE,TRUE,TRUE,TRUE,0.2363029879708012,8470638,6,2
2013020602,406,even-strength,78,3,TRUE,FALSE,TRUE,TRUE,TRUE,TRUE,0.22233832014896532,8470230,6,2
2013020602,421,even-strength,60,-16,FALSE,FALSE,TRUE,TRUE,TRUE,FALSE,0.06127280207400852,8473473,6,2
2013020602,429,even-strength,37,29,FALSE,FALSE,TRUE,TRUE,FALSE,FALSE,0.0104422899792166,8465009,6,2
2013020602,431,even-strength,68,-6,FALSE,FALSE,TRUE,TRUE,TRUE,FALSE,0.07903216261098692,8473419,6,2
2013020602,448,even-strength,49,29,FALSE,FALSE,TRUE,TRUE,TRUE,FALSE,0.02704742118934897,8465009,6,2
2013020602,449,even-strength,73,0,FALSE,FALSE,TRUE,TRUE,TRUE,FALSE,0.11963226186293228,8473473,6,2
2013020602,450,even-strength,66,-2,FALSE,FALSE,TRUE,TRUE,TRUE,FALSE,0.08881325271594104,8473473,6,2
2013020602,523,even-strength,75,-17,FALSE,FALSE,TRUE,TRUE,TRUE,FALSE,0.04428439359875918,8471276,6,2
2013020602,535,even-strength,63,3,FALSE,FALSE,TRUE,FALSE,FALSE,FALSE,0,8475191,6,2
2013020602,538,even-strength,52,-1,TRUE,FALSE,TRUE,FALSE,FALSE,FALSE,0,8474749,6,2
2013020602,549,even-strength,52,-16,FALSE,FALSE,TRUE,FALSE,FALSE,FALSE,0,8476191,6,2
2013020602,601,even-strength,75,-9,FALSE,TRUE,TRUE,TRUE,TRUE,FALSE,0.20243850962387153,8471276,6,2
2013020602,608,even-strength,33,-23,FALSE,FALSE,TRUE,TRUE,TRUE,FALSE,0.01585015033558595,8470187,6,2
2013020602,619,even-strength,79,23,FALSE,FALSE,TRUE,TRUE,FALSE,FALSE,0.03661822129427404,8476792,6,2
2013020602,620,even-strength,79,0,FALSE,FALSE,TRUE,TRUE,TRUE,FALSE,0.13843601233845593,8470638,6,2
2013020602,623,power-play,58,-16,FALSE,FALSE,TRUE,TRUE,TRUE,FALSE,0.05290191130795457,8475727,6,2
2013020602,624,power-play,36,-27,FALSE,FALSE,TRUE,TRUE,TRUE,FALSE,0.02991864703438703,8470187,6,2
2013020602,629,even-strength,75,1,FALSE,FALSE,TRUE,TRUE,TRUE,FALSE,0.06263155994055482,8470638,6,2
2013020602,630,even-strength,69,-4,FALSE,FALSE,TRUE,TRUE,TRUE,FALSE,0.06155839930391411,8474749,6,2
2013020602,639,penalty-kill,67,-5,FALSE,FALSE,TRUE,TRUE,TRUE,FALSE,0.07406090784532664,8471276,6,2
2013020602,643,penalty-kill,-75,23,FALSE,FALSE,TRUE,TRUE,TRUE,FALSE,2.1784161381071024e-4,8465009,6,2
2013020613,104,even-strength,79,2,FALSE,FALSE,TRUE,TRUE,TRUE,FALSE,0.15759407908558426,8474727,16,2
2013020613,105,even-strength,63,-7,FALSE,FALSE,TRUE,FALSE,FALSE,FALSE,0,8474727,16,2
2013020613,106,even-strength,53,12,FALSE,FALSE,TRUE,FALSE,FALSE,FALSE,0,8471254,16,2
2013020613,107,even-strength,30,31,FALSE,FALSE,TRUE,TRUE,TRUE,FALSE,0.00777965903363952,8469665,16,2
2013020613,110,even-strength,52,-14,FALSE,FALSE,TRUE,FALSE,FALSE,FALSE,0,8466148,16,2
2013020613,111,even-strength,58,-6,FALSE,FALSE,TRUE,FALSE,FALSE,FALSE,0,8474727,16,2
2013020613,112,even-strength,29,25,FALSE,FALSE,TRUE,TRUE,TRUE,FALSE,0.00820982430432008,8469665,16,2
2013020613,113,even-strength,78,-3,FALSE,FALSE,TRUE,TRUE,TRUE,FALSE,0.10745441457090169,8475650,16,2
2013020613,114,even-strength,83,-8,FALSE,FALSE,TRUE,TRUE,TRUE,FALSE,0.06027550306958217,8474727,16,2
2013020613,117,even-strength,58,-4,FALSE,FALSE,TRUE,TRUE,TRUE,FALSE,0.08996265900628747,8469544,16,2
2013020613,119,even-strength,34,-26,FALSE,FALSE,TRUE,TRUE,TRUE,FALSE,0.01617903140761698,8474497,16,2
2013020613,120,even-strength,48,-21,FALSE,FALSE,TRUE,FALSE,FALSE,FALSE,0,8476381,16,2
2013020613,122,even-strength,35,29,FALSE,FALSE,TRUE,FALSE,FALSE,FALSE,0,8474497,16,2
2013020613,123,even-strength,51,-28,FALSE,FALSE,TRUE,TRUE,TRUE,FALSE,0.02188225068215529,8476438,16,2
2013020613,124,even-strength,36,12,FALSE,FALSE,TRUE,FALSE,FALSE,FALSE,0,8469544,16,2
2013020613,125,even-strength,79,-3,FALSE,TRUE,TRUE,TRUE,TRUE,FALSE,0.27639771567428567,8473604,16,2
2013020613,139,even-strength,63,-29,FALSE,FALSE,TRUE,TRUE,TRUE,FALSE,0.02942872385407203,8474141,16,2
2013020613,142,even-strength,83,-12,TRUE,FALSE,TRUE,FALSE,FALSE,FALSE,0,8476438,16,2
2013020613,143,even-strength,80,3,TRUE,TRUE,TRUE,TRUE,TRUE,FALSE,0.38907462297266093,8474141,16,2
2013020613,145,even-strength,30,-13,FALSE,FALSE,TRUE,TRUE,TRUE,FALSE,0.011942098581446,8471769,16,2
2013020613,147,even-strength,31,29,FALSE,FALSE,TRUE,FALSE,FALSE,FALSE,0,8471769,16,2
2013020613,301,even-strength,36,-28,FALSE,FALSE,TRUE,TRUE,TRUE,FALSE,0.00900266973238223,8474141,16,2
2013020613,302,even-strength,57,3,TRUE,FALSE,TRUE,TRUE,FALSE,FALSE,0.09884262026401168,8471346,16,2
2013020613,304,even-strength,79,7,FALSE,FALSE,TRUE,FALSE,FALSE,FALSE,0,8474727,16,2
2013020613,305,even-strength,45,25,FALSE,FALSE,TRUE,FALSE,FALSE,FALSE,0,8475650,16,2
2013020613,310,even-strength,52,12,FALSE,FALSE,TRUE,TRUE,TRUE,FALSE,0.04360110800227613,8473604,16,2
2013020613,316,even-strength,61,-6,FALSE,FALSE,TRUE,TRUE,TRUE,FALSE,0.06975757646780009,8471346,16,2
2013020613,322,even-strength,30,23,FALSE,FALSE,TRUE,TRUE,TRUE,FALSE,0.01097307175645789,8474497,16,2
2013020613,326,even-strength,58,-11,FALSE,FALSE,TRUE,TRUE,TRUE,FALSE,0.04288079286269277,8466148,16,2
2013020613,334,even-strength,60,-1,FALSE,FALSE,TRUE,TRUE,TRUE,FALSE,0.0465706822356878,8470607,16,2
2013020613,336,even-strength,-46,-24,FALSE,FALSE,TRUE,TRUE,TRUE,FALSE,4.7115871781760386e-4,8462129,16,2
2013020613,340,even-strength,31,15,FALSE,FALSE,TRUE,TRUE,FALSE,FALSE,0.01172844186090614,8469665,16,2
2013020613,341,even-strength,52,13,FALSE,FALSE,TRUE,TRUE,FALSE,FALSE,0.03452684432564342,8474141,16,2
2013020613,346,even-strength,35,-27,FALSE,FALSE,TRUE,FALSE,FALSE,FALSE,0,8470607,16,2
2013020613,349,even-strength,55,-25,FALSE,FALSE,TRUE,TRUE,TRUE,FALSE,0.02037648796389193,8476381,16,2
2013020613,350,even-strength,29,-29,FALSE,FALSE,TRUE,TRUE,FALSE,FALSE,0.00832856089628069,8471769,16,2
2013020613,366,even-strength,72,-9,FALSE,TRUE,TRUE,TRUE,FALSE,FALSE,0.15650769500401326,8469544,16,2
2013020613,455,even-strength,34,19,FALSE,FALSE,TRUE,TRUE,TRUE,FALSE,0.02468694183729683,8469544,16,2
2013020613,458,even-strength,58,13,FALSE,FALSE,TRUE,TRUE,FALSE,FALSE,0.04709621222315856,8475181,16,2
2013020613,459,even-strength,78,-8,FALSE,FALSE,TRUE,TRUE,TRUE,FALSE,0.07980992236029143,8476438,16,2
2013020613,462,power-play,68,18,FALSE,FALSE,TRUE,TRUE,TRUE,TRUE,0.05728506095193286,8470607,16,2
2013020613,465,even-strength,69,25,FALSE,FALSE,TRUE,TRUE,TRUE,FALSE,0.02922329307942393,8471769,16,2
2013020613,466,even-strength,83,-7,FALSE,FALSE,TRUE,TRUE,TRUE,FALSE,0.07497913121347512,8474141,16,2
2013020613,470,penalty-kill,50,18,FALSE,FALSE,TRUE,FALSE,FALSE,FALSE,0,8466148,16,2
2013020613,472,even-strength,82,1,FALSE,FALSE,TRUE,TRUE,TRUE,FALSE,0.16095728368885903,8469544,16,2
2013020613,473,even-strength,82,-1,FALSE,TRUE,TRUE,TRUE,TRUE,TRUE,0.33736947988806776,8474727,16,2
2013020613,475,even-strength,71,-21,FALSE,FALSE,TRUE,TRUE,TRUE,FALSE,0.04828891379363242,8470607,16,2
2013020613,483,even-strength,50,26,FALSE,FALSE,TRUE,TRUE,TRUE,FALSE,0.01398312518003751,8471254,16,2
2013020613,485,even-strength,41,-20,FALSE,FALSE,TRUE,TRUE,TRUE,FALSE,0.02019951748320223,8466148,16,2
2013020613,486,even-strength,78,-11,TRUE,FALSE,TRUE,TRUE,TRUE,FALSE,0.10232484790755586,8473604,16,2
2013020613,487,even-strength,71,13,FALSE,FALSE,TRUE,TRUE,TRUE,FALSE,0.05645646075194251,8473604,16,2
2013020613,496,even-strength,59,5,FALSE,FALSE,TRUE,TRUE,TRUE,FALSE,0.06550247768439253,8466148,16,2
2013020613,497,even-strength,80,0,FALSE,FALSE,TRUE,TRUE,TRUE,FALSE,0.13783637403537707,8473604,16,2
2013020613,499,even-strength,33,14,FALSE,FALSE,TRUE,TRUE,FALSE,FALSE,0.01631737173579001,8470607,16,2
2013020613,500,even-strength,49,-25,FALSE,FALSE,TRUE,FALSE,FALSE,FALSE,0,8471254,16,2
2013020613,606,even-strength,42,-25,FALSE,FALSE,TRUE,FALSE,FALSE,FALSE,0,8473604,16,2
2013020613,608,even-strength,81,4,FALSE,FALSE,TRUE,TRUE,TRUE,FALSE,0.05695551686437648,8471346,16,2
2013020613,613,even-strength,63,8,FALSE,FALSE,TRUE,TRUE,TRUE,FALSE,0.06533712161045602,8474497,16,2
2013020613,619,even-strength,77,-9,FALSE,FALSE,TRUE,TRUE,FALSE,FALSE,0.0894179645054379,8476438,16,2
2013020613,621,even-strength,33,7,FALSE,FALSE,TRUE,TRUE,TRUE,FALSE,0.02339301998929902,8475181,16,2
2013020613,628,even-strength,60,-10,FALSE,FALSE,TRUE,TRUE,TRUE,FALSE,0.05753055523340068,8475650,16,2
2013020613,630,even-strength,32,31,FALSE,FALSE,TRUE,FALSE,FALSE,FALSE,0,8470607,16,2
2013020613,634,even-strength,-81,3,FALSE,FALSE,TRUE,TRUE,TRUE,FALSE,0.04105868801199408,8466148,16,2
2013020632,58,even-strength,72,10,FALSE,FALSE,TRUE,TRUE,TRUE,FALSE,0.07613063830512419,8470302,12,2
2013020632,59,even-strength,81,7,FALSE,TRUE,TRUE,TRUE,FALSE,FALSE,0.20733983072846365,8470302,12,2
2013020632,68,even-strength,64,-20,FALSE,FALSE,TRUE,TRUE,TRUE,FALSE,0.04095993164794252,8470120,12,2
2013020632,69,even-strength,88,-18,TRUE,FALSE,TRUE,TRUE,TRUE,FALSE,0.09315820258784609,8475784,12,2
2013020632,76,even-strength,54,13,FALSE,FALSE,TRUE,TRUE,TRUE,FALSE,0.03387008222724853,8467334,12,2
2013020632,77,even-strength,37,-20,TRUE,FALSE,TRUE,FALSE,FALSE,FALSE,0,8474135,12,2
2013020632,78,even-strength,62,-14,FALSE,FALSE,TRUE,TRUE,TRUE,FALSE,0.03554336256390118,8470302,12,2
2013020632,79,even-strength,53,12,FALSE,FALSE,TRUE,TRUE,TRUE,FALSE,0.03381338352420098,8475784,12,2
2013020632,83,even-strength,-51,16,FALSE,FALSE,TRUE,TRUE,TRUE,FALSE,3.1633730155802874e-4,8476465,12,2
2013020632,85,even-strength,75,-9,FALSE,FALSE,TRUE,FALSE,FALSE,FALSE,0,8470120,12,2
2013020632,95,even-strength,46,15,FALSE,FALSE,TRUE,FALSE,FALSE,FALSE,0,8470120,12,2
2013020632,98,even-strength,73,7,FALSE,FALSE,TRUE,FALSE,FALSE,FALSE,0,8468493,12,2
2013020632,201,even-strength,69,-16,FALSE,FALSE,TRUE,FALSE,FALSE,FALSE,0,8467334,12,2
2013020632,202,even-strength,56,6,FALSE,FALSE,TRUE,TRUE,FALSE,FALSE,0.04073547157874661,8471840,12,2
2013020632,203,even-strength,72,-11,FALSE,FALSE,TRUE,FALSE,FALSE,FALSE,0,8462041,12,2
2013020632,206,even-strength,66,4,FALSE,FALSE,TRUE,TRUE,FALSE,FALSE,0.08339652451787985,8473533,12,2
2013020632,209,even-strength,56,20,FALSE,FALSE,TRUE,TRUE,TRUE,FALSE,0.0340088206538116,8475784,12,2
2013020632,216,power-play,80,8,FALSE,FALSE,TRUE,FALSE,FALSE,FALSE,0,8470120,12,2
2013020632,219,power-play,60,-15,FALSE,FALSE,TRUE,FALSE,FALSE,FALSE,0,8471804,12,2
2013020632,220,power-play,79,4,FALSE,TRUE,TRUE,TRUE,TRUE,FALSE,0.4890200069244624,8469462,12,2
2013020632,222,power-play,49,16,FALSE,FALSE,TRUE,FALSE,FALSE,FALSE,0,8470120,12,2
2013020632,223,power-play,58,10,FALSE,FALSE,TRUE,TRUE,TRUE,FALSE,0.08309505496901894,8470120,12,2
2013020632,226,power-play,82,8,FALSE,FALSE,TRUE,FALSE,FALSE,FALSE,0,8475784,12,2
2013020632,228,even-strength,81,-1,FALSE,FALSE,TRUE,TRUE,TRUE,TRUE,0.2307188556427777,8467334,12,2
2013020632,231,even-strength,71,-5,FALSE,FALSE,TRUE,TRUE,TRUE,FALSE,0.07076709689187065,8470302,12,2
2013020632,233,even-strength,68,-12,FALSE,FALSE,TRUE,FALSE,FALSE,FALSE,0,8469462,12,2
2013020632,234,even-strength,76,8,FALSE,FALSE,TRUE,FALSE,FALSE,FALSE,0,8469462,12,2
2013020632,236,even-strength,65,-23,FALSE,FALSE,TRUE,TRUE,TRUE,FALSE,0.0325779942401342,8474576,12,2
2013020632,239,even-strength,70,-7,FALSE,FALSE,TRUE,TRUE,TRUE,FALSE,0.10986474931125328,8470302,12,2
2013020632,248,even-strength,78,14,TRUE,FALSE,TRUE,TRUE,TRUE,FALSE,0.06749633527060434,8474137,12,2
2013020632,249,even-strength,71,-14,FALSE,FALSE,TRUE,TRUE,FALSE,FALSE,0.05388087900315311,8473533,12,2
2013020632,339,even-strength,37,31,FALSE,FALSE,TRUE,TRUE,FALSE,FALSE,0.01198966767988226,8468639,12,2
2013020632,491,even-strength,42,-12,FALSE,FALSE,TRUE,TRUE,TRUE,FALSE,0.02657466993480667,8474135,12,2
2013020632,501,even-strength,79,0,FALSE,FALSE,TRUE,TRUE,TRUE,TRUE,0.1548037189811374,8473533,12,2
2013020632,502,even-strength,45,8,FALSE,FALSE,TRUE,FALSE,FALSE,FALSE,0,8475784,12,2
2013020632,503,even-strength,63,-4,FALSE,FALSE,TRUE,TRUE,FALSE,FALSE,0.05931115707005249,8471284,12,2
2013020632,504,even-strength,83,8,FALSE,FALSE,TRUE,TRUE,TRUE,FALSE,0.10484002093282543,8475784,12,2
2013020632,505,even-strength,79,-4,FALSE,TRUE,TRUE,TRUE,TRUE,TRUE,0.33341365329035716,8471840,12,2
2013020632,508,even-strength,87,7,FALSE,FALSE,TRUE,TRUE,TRUE,FALSE,0.03093144018467148,8470302,12,2
2013020632,509,even-strength,84,-9,FALSE,FALSE,TRUE,TRUE,FALSE,FALSE,0.08155883359008617,8470120,12,2
2013020632,516,even-strength,78,-6,TRUE,FALSE,TRUE,TRUE,TRUE,FALSE,0.21577770901199625,8470302,12,2
2013020632,517,even-strength,67,9,FALSE,FALSE,TRUE,TRUE,TRUE,FALSE,0.05491278178563478,8471804,12,2
2013020632,518,even-strength,75,-7,FALSE,FALSE,TRUE,TRUE,FALSE,FALSE,0.1587968644585358,8475784,12,2
2013020632,521,even-strength,77,-30,FALSE,FALSE,TRUE,TRUE,TRUE,FALSE,0.02330605998859606,8473533,12,2
2013020632,523,even-strength,62,-1,FALSE,FALSE,TRUE,FALSE,FALSE,FALSE,0,8475784,12,2
2013020632,531,even-strength,87,-3,FALSE,FALSE,TRUE,TRUE,TRUE,FALSE,0.05041353784246164,8470302,12,2
2013020632,532,even-strength,65,8,FALSE,FALSE,TRUE,FALSE,FALSE,FALSE,0,8474135,12,2
2013020632,537,even-strength,48,-17,FALSE,FALSE,TRUE,FALSE,FALSE,FALSE,0,8476465,12,2
2013020632,540,even-strength,76,-19,FALSE,FALSE,TRUE,TRUE,FALSE,FALSE,0.04443767379456056,8471804,12,2
2013020632,541,even-strength,66,5,FALSE,FALSE,TRUE,FALSE,FALSE,FALSE,0,8470120,12,2
2013020632,542,even-strength,76,-8,FALSE,FALSE,TRUE,TRUE,TRUE,FALSE,0.06580971718150554,8470120,12,2
2013020632,543,even-strength,70,9,FALSE,FALSE,TRUE,TRUE,FALSE,FALSE,0.08475254501203375,8475784,12,2
2013020632,544,even-strength,79,-7,FALSE,FALSE,TRUE,FALSE,FALSE,FALSE,0,8467334,12,2
2013020632,547,even-strength,23,-25,FALSE,FALSE,TRUE,TRUE,FALSE,FALSE,0.00718680312934432,8476465,12,2
2013020632,548,even-strength,66,7,FALSE,FALSE,TRUE,TRUE,FALSE,FALSE,0.07553154614621486,8471840,12,2
2013020632,549,even-strength,72,7,FALSE,FALSE,TRUE,FALSE,FALSE,FALSE,0,8462041,12,2
2013020632,550,even-strength,66,31,FALSE,FALSE,TRUE,TRUE,TRUE,FALSE,0.0289094089267197,8467334,12,2
2013020632,651,even-strength,78,-2,FALSE,FALSE,TRUE,TRUE,TRUE,FALSE,0.1693376497486536,8469462,12,2
2013020632,652,even-strength,75,-14,TRUE,FALSE,TRUE,TRUE,TRUE,FALSE,0.13772378601856106,8474137,12,2
2013020632,653,even-strength,85,9,FALSE,FALSE,TRUE,TRUE,TRUE,FALSE,0.092679957537441085,8469462,12,2
2013020632,657,even-strength,65,-17,FALSE,FALSE,TRUE,TRUE,FALSE,FALSE,0.03873741811205918,8473533,12,2
2013020632,660,even-strength,49,-17,FALSE,FALSE,TRUE,TRUE,TRUE,FALSE,0.03267979689864824,8476465,12,2
2013020632,664,even-strength,82,-5,FALSE,FALSE,TRUE,FALSE,FALSE,FALSE,0,8470302,12,2
2013020643,106,even-strength,69,22,FALSE,FALSE,TRUE,TRUE,TRUE,FALSE,0.02777382960129111,8470110,25,2
2013020643,107,even-strength,83,16,FALSE,FALSE,TRUE,TRUE,TRUE,FALSE,0.04323782637134745,8474849,25,2
2013020643,109,even-strength,78,-9,FALSE,FALSE,TRUE,TRUE,TRUE,TRUE,0.11692277299267316,8473994,25,2
2013020643,111,even-strength,69,8,FALSE,FALSE,TRUE,TRUE,TRUE,FALSE,0.0694617165328276,8467423,25,2
2013020643,114,even-strength,53,-20,FALSE,FALSE,TRUE,TRUE,TRUE,FALSE,0.03485955683390974,8475455,25,2
2013020643,122,even-strength,75,9,FALSE,FALSE,TRUE,TRUE,TRUE,FALSE,0.09127234682437858,8471514,25,2
2013020643,132,power-play,78,7,FALSE,FALSE,TRUE,FALSE,FALSE,FALSE,0,8467396,25,2
2013020643,134,power-play,71,-2,FALSE,FALSE,TRUE,FALSE,FALSE,FALSE,0,8475794,25,2
2013020643,135,power-play,79,3,FALSE,TRUE,TRUE,TRUE,TRUE,FALSE,0.40617337269524617,8475163,25,2
2013020643,137,power-play,84,-5,FALSE,TRUE,TRUE,TRUE,TRUE,FALSE,0.34883526088691263,8473994,25,2
2013020789,634,even-strength,52,-13,FALSE,FALSE,TRUE,FALSE,FALSE,FALSE,0,8470169,6,2
2013020789,640,even-strength,66,-10,FALSE,FALSE,TRUE,FALSE,FALSE,FALSE,0,8471262,6,2
2013020789,642,even-strength,75,-8,FALSE,FALSE,TRUE,FALSE,FALSE,FALSE,0,8473473,6,2
2013020789,702,even-strength,76,4,FALSE,FALSE,TRUE,TRUE,TRUE,FALSE,0.17313609112077294,8470230,6,2
2013020806,105,even-strength,70,8,FALSE,FALSE,TRUE,FALSE,FALSE,FALSE,0,8471686,3,2
2013020806,108,even-strength,75,-11,FALSE,FALSE,TRUE,TRUE,TRUE,FALSE,0.06069172857801249,8470666,3,2
2013020806,119,even-strength,69,-2,FALSE,FALSE,TRUE,FALSE,FALSE,FALSE,0,8471958,3,2
2013020806,122,even-strength,76,-5,FALSE,FALSE,TRUE,FALSE,FALSE,FALSE,0,8471339,3,2
2013020806,128,even-strength,72,-7,TRUE,FALSE,TRUE,TRUE,TRUE,FALSE,0.10905259605886448,8467389,3,2
2013020806,129,even-strength,72,3,TRUE,TRUE,TRUE,TRUE,TRUE,FALSE,0.3292644069847662,8474613,3,2
2013020806,132,even-strength,40,24,FALSE,FALSE,TRUE,TRUE,FALSE,FALSE,0.01429452848837553,8474151,3,2
2013020806,135,even-strength,58,34,TRUE,FALSE,TRUE,TRUE,TRUE,FALSE,0.03461541567652946,8470666,3,2
2013020806,141,even-strength,65,-14,FALSE,FALSE,TRUE,TRUE,FALSE,FALSE,0.07680775606587592,8470041,3,2
2013020806,142,even-strength,65,-18,FALSE,FALSE,TRUE,FALSE,FALSE,FALSE,0,8470041,3,2
2013020806,144,even-strength,79,-4,FALSE,FALSE,TRUE,TRUE,TRUE,FALSE,0.09924375494777024,8470041,3,2
2013020806,147,even-strength,79,-8,FALSE,FALSE,TRUE,FALSE,FALSE,FALSE,0,8474176,3,2
2013020806,148,even-strength,70,-4,TRUE,FALSE,TRUE,TRUE,TRUE,FALSE,0.03947425299946698,8473544,3,2
2013020806,213,even-strength,71,-1,FALSE,FALSE,TRUE,TRUE,TRUE,FALSE,0.10560415248756631,8474613,3,2
2013020806,225,even-strength,51,-20,FALSE,FALSE,TRUE,FALSE,FALSE,FALSE,0,8471958,3,2
2013020806,228,even-strength,73,-31,FALSE,FALSE,TRUE,FALSE,FALSE,FALSE,0,8471873,3,2
2013020806,230,even-strength,57,-15,TRUE,FALSE,TRUE,TRUE,TRUE,FALSE,0.0791133754630807,8471678,3,2
2013020806,232,even-strength,87,4,FALSE,FALSE,TRUE,TRUE,TRUE,FALSE,0.03425729157096414,8470041,3,2
2013020806,235,even-strength,73,13,FALSE,FALSE,TRUE,TRUE,FALSE,FALSE,0.06470146009542255,8470619,3,2
2013020806,242,even-strength,59,19,FALSE,FALSE,TRUE,TRUE,FALSE,FALSE,0.02523959278466891,8475692,3,2
2013020806,243,even-strength,37,-29,FALSE,FALSE,TRUE,TRUE,TRUE,FALSE,0.00889101816310577,8471873,3,2
2013020806,246,even-strength,68,10,FALSE,FALSE,TRUE,TRUE,TRUE,FALSE,0.04014681775645979,8467389,3,2
2013020806,249,even-strength,80,11,FALSE,FALSE,TRUE,FALSE,FALSE,FALSE,0,8471339,3,2
2013020806,250,even-strength,71,-1,FALSE,FALSE,TRUE,TRUE,TRUE,FALSE,0.06573602707009656,8475692,3,2
2013020806,455,even-strength,47,-2,TRUE,FALSE,TRUE,TRUE,TRUE,FALSE,0.0619607039570315,8470041,3,2
2013020806,465,even-strength,82,12,FALSE,FALSE,TRUE,TRUE,TRUE,FALSE,0.04286267988791499,8473544,3,2
2013020806,466,even-strength,76,0,FALSE,TRUE,TRUE,TRUE,TRUE,FALSE,0.27018557828513323,8471678,3,2
2013020806,468,even-strength,87,-7,FALSE,FALSE,TRUE,TRUE,TRUE,FALSE,0.02274585079626275,8467389,3,2
2013020806,471,even-strength,82,-20,FALSE,FALSE,TRUE,TRUE,TRUE,FALSE,0.04231502416825954,8470041,3,2
2013020806,472,even-strength,73,-12,FALSE,FALSE,TRUE,TRUE,TRUE,FALSE,0.04773940527700374,8468575,3,2
2013020806,475,even-strength,38,20,FALSE,FALSE,TRUE,TRUE,TRUE,FALSE,0.01093934898878932,8474151,3,2
2013020806,476,even-strength,83,6,FALSE,TRUE,TRUE,TRUE,TRUE,TRUE,0.21142296488256587,8471678,3,2
2013020806,477,even-strength,46,-7,FALSE,FALSE,TRUE,TRUE,FALSE,FALSE,0.02236691053187295,8467389,3,2
2013020806,482,even-strength,69,-7,FALSE,FALSE,TRUE,TRUE,TRUE,FALSE,0.06958010316519764,8475184,3,2
2013020806,484,power-play,74,-9,FALSE,FALSE,TRUE,FALSE,FALSE,FALSE,0,8474151,3,2
2013020806,485,power-play,72,21,FALSE,FALSE,TRUE,TRUE,TRUE,FALSE,0.08498223944797217,8467389,3,2
2013020806,487,power-play,71,9,FALSE,TRUE,TRUE,TRUE,TRUE,FALSE,0.34622968507110696,8470041,3,2
2013020806,488,power-play,65,-10,FALSE,FALSE,TRUE,TRUE,TRUE,FALSE,0.11225251248266266,8475184,3,2
2013020806,490,power-play,70,1,FALSE,FALSE,TRUE,TRUE,TRUE,FALSE,0.11975923185222352,8474613,3,2
2013020806,491,even-strength,72,10,FALSE,FALSE,TRUE,TRUE,TRUE,FALSE,0.097200510223587,8475692,3,2
2013020806,494,even-strength,72,-4,FALSE,FALSE,TRUE,TRUE,FALSE,FALSE,0.08691326183856626,8471339,3,2
2013020806,495,even-strength,68,-7,FALSE,FALSE,TRUE,FALSE,FALSE,FALSE,0,8471339,3,2
2013020806,499,even-strength,72,0,FALSE,FALSE,TRUE,TRUE,TRUE,FALSE,0.12343309856902572,8468575,3,2
2013020806,601,even-strength,82,-1,FALSE,TRUE,TRUE,TRUE,TRUE,TRUE,0.32593107793398834,8470666,3,2
2013020806,602,even-strength,42,-13,FALSE,FALSE,TRUE,TRUE,FALSE,FALSE,0.01883332829109568,8470630,3,2
2013020806,604,even-strength,69,6,FALSE,FALSE,TRUE,TRUE,TRUE,FALSE,0.11649967574148631,8474176,3,2
2013020806,610,even-strength,50,-1,FALSE,FALSE,TRUE,TRUE,TRUE,FALSE,0.06150599391648226,8475186,3,2
2013020806,612,even-strength,85,8,FALSE,FALSE,TRUE,TRUE,TRUE,FALSE,0.07319857222110154,8470619,3,2
2013020806,613,even-strength,70,5,FALSE,FALSE,TRUE,TRUE,FALSE,FALSE,0.10608949896425308,8474613,3,2
2013020806,614,even-strength,88,-6,FALSE,FALSE,TRUE,TRUE,TRUE,FALSE,0.02676046327411378,8475184,3,2
2013020806,615,even-strength,69,-10,FALSE,FALSE,TRUE,TRUE,FALSE,FALSE,0.04545152193625031,8475184,3,2
2013020806,619,even-strength,52,-9,FALSE,FALSE,TRUE,TRUE,FALSE,FALSE,0.03494961807664712,8470041,3,2
2013020806,621,even-strength,75,10,FALSE,FALSE,TRUE,TRUE,TRUE,FALSE,0.07529437209139118,8473544,3,2
2013020806,623,even-strength,78,-10,FALSE,FALSE,TRUE,FALSE,FALSE,FALSE,0,8471339,3,2
2013020806,628,even-strength,87,-7,FALSE,FALSE,TRUE,TRUE,TRUE,FALSE,0.02754935289209559,8474176,3,2
2013020806,629,even-strength,71,9,FALSE,FALSE,TRUE,TRUE,FALSE,FALSE,0.05064238157397773,8470041,3,2
2013020819,54,even-strength,73,17,FALSE,FALSE,TRUE,TRUE,TRUE,FALSE,0.04676576287765015,8473544,3,2
2013020819,56,even-strength,87,-3,FALSE,FALSE,TRUE,TRUE,TRUE,FALSE,0.03936550400943308,8473544,3,2
2013020819,57,even-strength,57,-31,FALSE,FALSE,TRUE,TRUE,TRUE,FALSE,0.01023099441522736,8470041,3,2
2013020819,58,even-strength,71,-7,FALSE,FALSE,TRUE,TRUE,TRUE,FALSE,0.06296402907972994,8475184,3,2
2013020819,59,even-strength,66,-3,FALSE,FALSE,TRUE,TRUE,TRUE,FALSE,0.06959072522800096,8470041,3,2
2013020819,62,even-strength,49,-36,FALSE,FALSE,TRUE,TRUE,FALSE,FALSE,0.01124669324751842,8470630,3,2
2013020819,64,even-strength,82,14,FALSE,FALSE,TRUE,TRUE,TRUE,FALSE,0.03999672408031601,8471339,3,2
2013020819,65,even-strength,82,-4,FALSE,FALSE,TRUE,FALSE,FALSE,FALSE,0,8467389,3,2
2013020819,73,even-strength,79,19,FALSE,FALSE,TRUE,TRUE,TRUE,FALSE,0.03031676436014538,8468575,3,2
2013020819,74,even-strength,79,-3,FALSE,FALSE,TRUE,TRUE,TRUE,TRUE,0.08575293236037239,8470619,3,2
2013020819,83,even-strength,73,-7,FALSE,FALSE,TRUE,FALSE,FALSE,FALSE,0,8471958,3,2
2013020819,92,even-strength,19,26,FALSE,FALSE,TRUE,TRUE,TRUE,FALSE,0.00776535862129813,8471339,3,2
2013020819,93,even-strength,71,7,FALSE,FALSE,TRUE,FALSE,FALSE,FALSE,0,8475692,3,2
2013020819,204,even-strength,77,-8,FALSE,FALSE,TRUE,TRUE,FALSE,FALSE,0.09905979329552696,8467389,3,2
2013020819,208,even-strength,82,-4,FALSE,FALSE,TRUE,TRUE,TRUE,FALSE,0.10744545179048148,8473544,3,2
2013020819,209,even-strength,83,-5,FALSE,TRUE,TRUE,TRUE,TRUE,FALSE,0.2922156943767789,8475692,3,2
2013020819,212,even-strength,87,9,FALSE,FALSE,TRUE,FALSE,FALSE,FALSE,0,8467389,3,2
2013020819,214,even-strength,72,-9,FALSE,FALSE,TRUE,TRUE,FALSE,FALSE,0.07491888152555917,8470041,3,2
2013020819,217,even-strength,52,30,FALSE,FALSE,TRUE,TRUE,TRUE,FALSE,0.01838731039532398,8470619,3,2
2013020819,221,even-strength,87,19,FALSE,FALSE,TRUE,TRUE,TRUE,FALSE,0.02700006269082378,8473544,3,2
2013020819,226,even-strength,64,-15,FALSE,FALSE,TRUE,TRUE,TRUE,FALSE,0.04741846405320181,8474613,3,2
2013020819,235,even-strength,85,-9,FALSE,FALSE,TRUE,TRUE,FALSE,FALSE,0.05067011442842549,8470041,3,2
2013020819,236,even-strength,73,8,FALSE,FALSE,TRUE,FALSE,FALSE,FALSE,0,8470041,3,2
2013020819,237,even-strength,46,-18,FALSE,TRUE,TRUE,TRUE,TRUE,FALSE,0.07847412150233558,8471958,3,2
2013020819,238,even-strength,76,4,FALSE,TRUE,TRUE,TRUE,FALSE,FALSE,0.27939582950392133,8474151,3,2
2013020819,240,even-strength,76,5,FALSE,FALSE,TRUE,FALSE,FALSE,FALSE,0,8475186,3,2
2013020819,243,power-play,71,-13,FALSE,FALSE,TRUE,FALSE,FALSE,FALSE,0,8467389,3,2
2013020819,248,even-strength,73,-19,FALSE,FALSE,TRUE,FALSE,FALSE,FALSE,0,8470619,3,2
2013020819,249,even-strength,62,5,FALSE,FALSE,TRUE,FALSE,FALSE,FALSE,0,8471686,3,2
2013020819,250,even-strength,69,-18,FALSE,FALSE,TRUE,FALSE,FALSE,FALSE,0,8471686,3,2
2013020819,401,even-strength,80,6,FALSE,FALSE,TRUE,TRUE,TRUE,FALSE,0.10320028696976465,8475186,3,2
2013020819,406,even-strength,65,-34,FALSE,FALSE,TRUE,TRUE,TRUE,FALSE,0.02197944985918338,8467389,3,2
2013020819,411,even-strength,7,0,FALSE,FALSE,TRUE,TRUE,TRUE,FALSE,0.00406529689281872,8470041,3,2
2013020819,423,even-strength,78,-5,FALSE,FALSE,TRUE,FALSE,FALSE,FALSE,0,8471873,3,2
2013020819,424,even-strength,76,-20,FALSE,FALSE,TRUE,TRUE,TRUE,FALSE,0.03148123216739412,8473544,3,2
2013020819,429,even-strength,49,-26,FALSE,FALSE,TRUE,TRUE,TRUE,FALSE,0.02218370915343399,8474613,3,2
2013020819,430,even-strength,78,-1,FALSE,TRUE,TRUE,TRUE,FALSE,FALSE,0.3291125777052556,8475184,3,2
2013020819,435,even-strength,84,-25,FALSE,FALSE,TRUE,TRUE,FALSE,FALSE,0.02405466009378105,8474613,3,2
2013020819,436,even-strength,84,19,FALSE,FALSE,TRUE,TRUE,FALSE,FALSE,0.03695187716692338,8470041,3,2
2013020819,437,even-strength,75,-3,FALSE,FALSE,TRUE,FALSE,FALSE,FALSE,0,8474151,3,2
2013020819,440,even-strength,78,3,FALSE,FALSE,TRUE,FALSE,FALSE,FALSE,0,8471686,3,2
2013020819,444,power-play,79,8,FALSE,FALSE,TRUE,TRUE,TRUE,FALSE,0.09300725248657772,8474613,3,2
2013020819,445,power-play,80,-2,FALSE,FALSE,TRUE,TRUE,TRUE,FALSE,0.17279819935011043,8470041,3,2
2013020819,446,power-play,81,-4,FALSE,FALSE,TRUE,TRUE,TRUE,FALSE,0.10083362063694724,8473544,3,2
2013020819,447,power-play,80,-1,FALSE,FALSE,TRUE,TRUE,TRUE,FALSE,0.10948918946027278,8475692,3,2
2013020819,450,even-strength,82,-17,FALSE,FALSE,TRUE,TRUE,TRUE,FALSE,0.04199273485671174,8470041,3,2
2013020819,602,even-strength,76,-6,FALSE,FALSE,TRUE,TRUE,FALSE,FALSE,0.07608150590624382,8474613,3,2
2013020819,603,even-strength,71,-18,FALSE,FALSE,TRUE,TRUE,FALSE,FALSE,0.04356957622864383,8471958,3,2
2013020819,605,even-strength,76,-2,FALSE,FALSE,TRUE,FALSE,FALSE,FALSE,0,8474613,3,2
2013020819,606,even-strength,75,14,FALSE,FALSE,TRUE,TRUE,FALSE,FALSE,0.04748322426349537,8470041,3,2
2013020819,611,even-strength,37,20,TRUE,FALSE,TRUE,TRUE,TRUE,FALSE,0.01960996079200288,8470619,3,2
2013020819,613,even-strength,76,34,FALSE,FALSE,TRUE,TRUE,TRUE,FALSE,0.01925112780235041,8475692,3,2
2013020819,629,even-strength,71,0,FALSE,FALSE,TRUE,TRUE,FALSE,FALSE,0.11093252218383023,8470041,3,2
2013020819,630,even-strength,74,-6,FALSE,FALSE,TRUE,TRUE,FALSE,FALSE,0.06934072423100228,8475184,3,2
2013020819,631,even-strength,81,-3,FALSE,FALSE,TRUE,TRUE,TRUE,FALSE,0.087170676554349,8474613,3,2
2013020819,632,even-strength,61,-16,FALSE,FALSE,TRUE,TRUE,TRUE,FALSE,0.02838054406536135,8470041,3,2
2013020819,634,even-strength,83,-7,FALSE,FALSE,TRUE,TRUE,TRUE,TRUE,0.14056062355142543,8473544,3,2
2013020819,636,even-strength,39,19,FALSE,FALSE,TRUE,TRUE,FALSE,FALSE,0.02947472764427805,8474151,3,2
2013020819,639,even-strength,64,16,FALSE,FALSE,TRUE,TRUE,TRUE,TRUE,0.04290328908672946,8467389,3,2
2013020819,641,even-strength,66,-15,FALSE,FALSE,TRUE,TRUE,TRUE,FALSE,0.06228788979839204,8470041,3,2
2013020819,642,even-strength,51,1,FALSE,FALSE,TRUE,TRUE,FALSE,FALSE,0.04702523427789805,8470041,3,2
2013020819,643,even-strength,84,6,FALSE,TRUE,TRUE,TRUE,TRUE,FALSE,0.207155490563959,8475184,3,2
2013020819,644,even-strength,77,0,FALSE,FALSE,TRUE,TRUE,FALSE,FALSE,0.1309877180653489,8470041,3,2
2013020819,646,even-strength,61,21,FALSE,FALSE,TRUE,FALSE,FALSE,FALSE,0,8475692,3,2
2013020819,647,even-strength,79,-2,FALSE,FALSE,TRUE,TRUE,TRUE,FALSE,0.13926899588303193,8471339,3,2
2013020819,648,even-strength,83,20,FALSE,FALSE,TRUE,TRUE,FALSE,FALSE,0.03879450762578673,8474613,3,2
2013020819,649,even-strength,86,-5,FALSE,FALSE,TRUE,TRUE,TRUE,FALSE,0.11431335590493996,8471339,3,2
2013020819,751,power-play,39,25,FALSE,FALSE,TRUE,TRUE,FALSE,FALSE,0.04010214469531321,8474151,3,2
2013020819,752,power-play,60,3,FALSE,FALSE,TRUE,TRUE,TRUE,FALSE,0.0890668085402203,8473544,3,2
2013020849,8,even-strength,71,-8,FALSE,FALSE,TRUE,FALSE,FALSE,FALSE,0,8471214,15,2
2013020849,9,even-strength,55,-37,FALSE,FALSE,TRUE,TRUE,FALSE,FALSE,0.01177085533625538,8476941,15,2
2013020849,11,even-strength,70,29,FALSE,FALSE,TRUE,FALSE,FALSE,FALSE,0,8471426,15,2
2013020849,13,even-strength,32,20,TRUE,FALSE,TRUE,TRUE,FALSE,FALSE,0.02873754237405709,8467365,15,2
2013020849,16,even-strength,80,-33,FALSE,FALSE,TRUE,TRUE,TRUE,FALSE,0.02495108382907532,8475602,15,2
2013020849,19,even-strength,55,-5,FALSE,FALSE,TRUE,TRUE,TRUE,FALSE,0.05577867224156652,8471426,15,2
2013020849,20,even-strength,31,-32,FALSE,FALSE,TRUE,TRUE,FALSE,FALSE,0.00907583532426373,8468208,15,2
2013020849,22,even-strength,55,23,FALSE,FALSE,TRUE,TRUE,TRUE,FALSE,0.02072424290481024,8471214,15,2
2013020849,26,even-strength,37,-25,TRUE,FALSE,TRUE,FALSE,FALSE,FALSE,0,8475200,15,2
2013020849,32,even-strength,50,-35,FALSE,FALSE,TRUE,TRUE,TRUE,FALSE,0.0248708783475304,8469639,15,2
2013020849,33,even-strength,29,-30,FALSE,FALSE,TRUE,TRUE,FALSE,FALSE,0.00911953004302444,8470729,15,2
2013020849,35,even-strength,67,24,FALSE,FALSE,TRUE,TRUE,TRUE,FALSE,0.02836762548781427,8466251,15,2
2013020849,36,even-strength,80,4,FALSE,TRUE,TRUE,TRUE,FALSE,FALSE,0.240023748302696,8470611,15,2
2013020849,38,power-play,32,-9,FALSE,FALSE,TRUE,TRUE,TRUE,FALSE,0.03515501928945797,8474590,15,2
2013020849,44,even-strength,75,-13,FALSE,FALSE,TRUE,FALSE,FALSE,FALSE,0,8474590,15,2
2013020849,255,even-strength,57,-35,FALSE,FALSE,TRUE,TRUE,TRUE,FALSE,0.0176651415486804,8471214,15,2
2013020849,256,even-strength,55,21,FALSE,TRUE,TRUE,TRUE,TRUE,FALSE,0.09589523641763502,8473563,15,2
2013020849,268,power-play,53,4,FALSE,FALSE,TRUE,TRUE,TRUE,FALSE,0.06978699369651421,8473563,15,2
2013020849,270,power-play,58,-5,FALSE,FALSE,TRUE,TRUE,FALSE,FALSE,0.09441183353397796,8471426,15,2
2013020849,273,even-strength,41,-18,FALSE,FALSE,TRUE,TRUE,TRUE,FALSE,0.01667430987291536,8474590,15,2
2013020849,274,even-strength,81,-23,FALSE,FALSE,TRUE,FALSE,FALSE,FALSE,0,8474291,15,2
2013020849,277,even-strength,54,31,FALSE,FALSE,TRUE,TRUE,TRUE,FALSE,0.01952744492520461,8475200,15,2
2013020849,278,even-strength,67,7,FALSE,FALSE,TRUE,FALSE,FALSE,FALSE,0,8475602,15,2
2013020849,282,even-strength,67,1,FALSE,FALSE,TRUE,FALSE,FALSE,FALSE,0,8470611,15,2
2013020849,283,even-strength,44,-26,TRUE,FALSE,TRUE,TRUE,FALSE,FALSE,0.04517463431672441,8471214,15,2
2013020849,284,even-strength,41,29,TRUE,FALSE,TRUE,TRUE,TRUE,FALSE,0.0332191945486844,8467365,15,2
2013020849,286,power-play,35,-8,FALSE,FALSE,TRUE,TRUE,TRUE,FALSE,0.04208245595395807,8474590,15,2
2013020849,288,power-play,71,-21,FALSE,FALSE,TRUE,TRUE,TRUE,FALSE,0.00867484928255756,8475149,15,2
2013020849,289,power-play,71,4,FALSE,FALSE,TRUE,TRUE,TRUE,FALSE,0.10300092943238688,8471426,15,2
2013020849,296,even-strength,58,23,FALSE,FALSE,TRUE,TRUE,TRUE,FALSE,0.02114042861606841,8475602,15,2
2013020849,297,even-strength,52,-13,FALSE,FALSE,TRUE,FALSE,FALSE,FALSE,0,8470729,15,2
2013020849,300,even-strength,61,-14,TRUE,FALSE,TRUE,FALSE,FALSE,FALSE,0,8470729,15,2
2013020849,443,even-strength,42,-19,TRUE,FALSE,TRUE,TRUE,FALSE,FALSE,0.02622585370268918,8471426,15,2
2013020849,444,even-strength,41,-7,FALSE,FALSE,TRUE,TRUE,FALSE,FALSE,0.01783922898545585,8470611,15,2
2013020849,449,even-strength,60,17,FALSE,FALSE,TRUE,FALSE,FALSE,FALSE,0,8470611,15,2
2013020849,451,even-strength,47,23,FALSE,FALSE,TRUE,FALSE,FALSE,FALSE,0,8471214,15,2
2013020849,476,even-strength,72,-11,FALSE,FALSE,TRUE,FALSE,FALSE,FALSE,0,8466251,15,2
2013020849,478,even-strength,31,-31,TRUE,FALSE,TRUE,TRUE,FALSE,FALSE,0.01835169204600868,8471214,15,2
2013020849,479,even-strength,74,27,FALSE,FALSE,TRUE,TRUE,TRUE,FALSE,0.02153916448624297,8475602,15,2
2013020849,480,even-strength,31,-25,FALSE,FALSE,TRUE,TRUE,TRUE,FALSE,0.01359142805804795,8473563,15,2
2013020849,483,power-play,52,21,FALSE,FALSE,TRUE,TRUE,FALSE,FALSE,0.06611950681758963,8471214,15,2
2013020849,484,power-play,64,-3,FALSE,FALSE,TRUE,TRUE,TRUE,FALSE,0.11468172078071502,8468208,15,2
2013020849,691,even-strength,79,4,FALSE,FALSE,TRUE,TRUE,TRUE,FALSE,0.0984961237559714,8470611,15,2
2013020849,693,even-strength,75,-4,FALSE,FALSE,TRUE,TRUE,TRUE,FALSE,0.08710299143786987,8466251,15,2
2013020849,706,even-strength,70,-10,FALSE,FALSE,TRUE,FALSE,FALSE,FALSE,0,8473563,15,2
2013020849,707,even-strength,59,2,TRUE,FALSE,TRUE,FALSE,FALSE,FALSE,0,8471214,15,2
2013020849,709,power-play,38,26,FALSE,FALSE,TRUE,TRUE,TRUE,FALSE,0.0439394250665525,8471214,15,2
2013020849,714,even-strength,77,-18,FALSE,FALSE,TRUE,FALSE,FALSE,FALSE,0,8471214,15,2
2013020849,717,even-strength,70,-32,FALSE,FALSE,TRUE,TRUE,FALSE,FALSE,0.0476101083809323,8471426,15,2
2013020856,104,even-strength,63,3,FALSE,FALSE,TRUE,TRUE,TRUE,FALSE,0.0572369191796254,8470877,20,2
2013020856,110,even-strength,71,-11,FALSE,FALSE,TRUE,FALSE,FALSE,FALSE,0,8474673,20,2
2013020856,114,even-strength,79,10,FALSE,FALSE,TRUE,TRUE,TRUE,FALSE,0.06755719564254416,8470201,20,2
2013020856,115,even-strength,58,0,FALSE,FALSE,TRUE,TRUE,TRUE,FALSE,0.05498813042302344,8469770,20,2
2013020856,116,even-strength,73,-10,FALSE,FALSE,TRUE,FALSE,FALSE,FALSE,0,8474150,20,2
2013020856,129,even-strength,73,-6,FALSE,FALSE,TRUE,FALSE,FALSE,FALSE,0,8474642,20,2
2013020856,145,even-strength,86,-20,FALSE,FALSE,TRUE,TRUE,FALSE,FALSE,0.02969116758959713,8469500,20,2
2013020856,146,even-strength,45,19,FALSE,FALSE,TRUE,TRUE,FALSE,FALSE,0.02114325358750911,8471729,20,2
2013020856,147,even-strength,56,-21,FALSE,FALSE,TRUE,FALSE,FALSE,FALSE,0,8470877,20,2
2013020856,148,even-strength,48,14,FALSE,FALSE,TRUE,TRUE,TRUE,FALSE,0.03490449925678311,8474642,20,2
2013020856,149,even-strength,41,-1,FALSE,FALSE,TRUE,TRUE,TRUE,FALSE,0.05378191561712085,8471761,20,2
2013020856,273,even-strength,29,-37,FALSE,FALSE,TRUE,TRUE,FALSE,FALSE,0.00623795342026511,8469770,20,2
2013020856,303,even-strength,71,14,FALSE,FALSE,TRUE,FALSE,FALSE,FALSE,0,8474577,20,2
2013020856,311,even-strength,65,-35,FALSE,FALSE,TRUE,TRUE,TRUE,FALSE,0.01727735530329899,8469770,20,2
2013020856,315,even-strength,54,-16,TRUE,FALSE,TRUE,TRUE,TRUE,FALSE,0.07398641855784022,8471761,20,2
2013020856,318,even-strength,48,-2,FALSE,FALSE,TRUE,FALSE,FALSE,FALSE,0,8470201,20,2
2013020856,320,even-strength,79,10,FALSE,FALSE,TRUE,FALSE,FALSE,FALSE,0,8474001,20,2
2013020856,322,even-strength,51,27,FALSE,FALSE,TRUE,TRUE,FALSE,FALSE,0.02000660966082411,8471222,20,2
2013020856,326,even-strength,73,-7,FALSE,FALSE,TRUE,FALSE,FALSE,FALSE,0,8467977,20,2
2013020856,329,even-strength,82,10,FALSE,FALSE,TRUE,FALSE,FALSE,FALSE,0,8470740,20,2
2013020856,342,even-strength,81,12,TRUE,FALSE,TRUE,FALSE,FALSE,FALSE,0,8477497,20,2
2013020856,350,even-strength,73,35,FALSE,FALSE,TRUE,TRUE,TRUE,FALSE,0.0200348612885947,8477497,20,2
2013020856,502,even-strength,81,5,FALSE,FALSE,TRUE,TRUE,TRUE,TRUE,0.08590120574276312,8477497,20,2
2013020856,503,even-strength,58,6,FALSE,FALSE,TRUE,TRUE,FALSE,FALSE,0.05661601213797285,8474673,20,2
2013020856,504,even-strength,57,18,FALSE,FALSE,TRUE,TRUE,TRUE,FALSE,0.02556770295279167,8470966,20,2
2013020856,509,even-strength,46,32,FALSE,FALSE,TRUE,TRUE,FALSE,FALSE,0.01615701368854685,8470966,20,2
2013020856,516,power-play,70,5,FALSE,FALSE,TRUE,TRUE,TRUE,TRUE,0.11322912605176368,8469770,20,2
2013020856,517,even-strength,64,16,TRUE,FALSE,TRUE,FALSE,FALSE,FALSE,0,8474642,20,2
2013020856,524,even-strength,46,21,FALSE,FALSE,TRUE,TRUE,TRUE,FALSE,0.03588923367256954,8470966,20,2
2013020856,528,even-strength,84,-19,FALSE,FALSE,TRUE,TRUE,TRUE,FALSE,0.03147017511271816,8477497,20,2
2013020856,529,even-strength,66,-2,FALSE,FALSE,TRUE,TRUE,FALSE,FALSE,0.09327319554342342,8474038,20,2
2013020856,536,penalty-kill,83,-1,FALSE,FALSE,TRUE,TRUE,TRUE,FALSE,0.16149926242679252,8474150,20,2
2013020856,539,even-strength,76,7,FALSE,FALSE,TRUE,FALSE,FALSE,FALSE,0,8477497,20,2
2013020856,542,power-play,71,0,FALSE,FALSE,TRUE,TRUE,TRUE,FALSE,0.2649045867797851,8469500,20,2
2013020856,543,power-play,78,-6,TRUE,FALSE,TRUE,TRUE,FALSE,FALSE,0.20056582697359865,8474150,20,2
2013020856,544,even-strength,59,-1,FALSE,FALSE,TRUE,FALSE,FALSE,FALSE,0,8470877,20,2
2013020856,547,even-strength,69,-11,FALSE,FALSE,TRUE,TRUE,TRUE,FALSE,0.05750735484458638,8474577,20,2
2013020856,549,even-strength,48,-18,FALSE,FALSE,TRUE,TRUE,TRUE,FALSE,0.02253560199195064,8469770,20,2
2013020856,550,even-strength,88,-5,TRUE,FALSE,TRUE,TRUE,TRUE,FALSE,0.04245159577754933,8474642,20,2
2013020856,601,even-strength,42,-20,FALSE,FALSE,TRUE,TRUE,FALSE,FALSE,0.01189262671435302,8471761,20,2
2013020856,605,even-strength,65,-1,FALSE,FALSE,TRUE,TRUE,TRUE,FALSE,0.10247713775569708,8474150,20,2
2013020856,607,even-strength,52,-1,TRUE,FALSE,TRUE,FALSE,FALSE,FALSE,0,8469500,20,2
2013020856,609,even-strength,76,-10,FALSE,FALSE,TRUE,TRUE,FALSE,FALSE,0.06393726732940817,8470201,20,2
2013020856,610,even-strength,46,16,FALSE,FALSE,TRUE,TRUE,FALSE,FALSE,0.03300331044204471,8471761,20,2
2013020856,611,even-strength,82,-2,FALSE,FALSE,TRUE,TRUE,TRUE,FALSE,0.12412905181231693,8470877,20,2
2013020856,612,even-strength,87,-11,FALSE,TRUE,TRUE,TRUE,TRUE,TRUE,0.14933271812233576,8470877,20,2
2013020878,55,even-strength,43,21,FALSE,FALSE,TRUE,TRUE,FALSE,FALSE,0.0169240740833159,8469707,21,2
2013020878,68,even-strength,35,-29,FALSE,FALSE,TRUE,TRUE,TRUE,FALSE,0.01150279673024434,8473446,21,2
2013020878,77,even-strength,67,1,FALSE,FALSE,TRUE,FALSE,FALSE,FALSE,0,8473446,21,2
2013020878,80,even-strength,58,-14,FALSE,FALSE,TRUE,TRUE,TRUE,FALSE,0.03469115727356786,8476455,21,2
2013020878,81,even-strength,66,-1,FALSE,FALSE,TRUE,FALSE,FALSE,FALSE,0,8470317,21,2
2013020878,85,even-strength,59,24,FALSE,FALSE,TRUE,FALSE,FALSE,FALSE,0,8471326,21,2
2013020878,87,even-strength,34,-19,FALSE,FALSE,TRUE,TRUE,TRUE,FALSE,0.0102279324147016,8475197,21,2
2013020878,88,even-strength,82,-6,FALSE,FALSE,TRUE,TRUE,TRUE,FALSE,0.0658828017269752,8476455,21,2
2013020878,89,even-strength,81,-8,FALSE,FALSE,TRUE,TRUE,TRUE,TRUE,0.05239668150093416,8477492,21,2
2013020878,90,even-strength,-30,-22,FALSE,FALSE,TRUE,FALSE,FALSE,FALSE,0,8470750,21,2
2013020878,92,power-play,34,-10,FALSE,FALSE,TRUE,TRUE,FALSE,FALSE,0.03382179959448291,8473446,21,2
2013020878,95,even-strength,66,-5,FALSE,FALSE,TRUE,TRUE,TRUE,FALSE,0.06951128484464808,8470750,21,2
2013020878,206,even-strength,78,-8,FALSE,FALSE,TRUE,TRUE,FALSE,FALSE,0.0817928698446903,8473465,21,2
2013020878,209,even-strength,61,-19,FALSE,FALSE,TRUE,TRUE,TRUE,FALSE,0.03820333307954848,8469707,21,2
2013020878,221,even-strength,79,-4,FALSE,FALSE,TRUE,TRUE,FALSE,FALSE,0.13106340133023933,8475168,21,2
2013020878,222,even-strength,68,7,FALSE,FALSE,TRUE,TRUE,TRUE,FALSE,0.08722892427953109,8474207,21,2
2013020878,224,even-strength,71,3,FALSE,FALSE,TRUE,TRUE,TRUE,FALSE,0.10330547579549298,8470171,21,2
2013020878,227,even-strength,54,23,FALSE,FALSE,TRUE,TRUE,TRUE,FALSE,0.02512967026773935,8471718,21,2
2013020878,232,even-strength,81,-5,FALSE,FALSE,TRUE,TRUE,TRUE,TRUE,0.11469064966676266,8475168,21,2
2013020878,235,even-strength,83,-10,FALSE,FALSE,TRUE,TRUE,TRUE,FALSE,0.07599850816018733,8473465,21,2
2013020878,237,even-strength,55,10,FALSE,FALSE,TRUE,TRUE,TRUE,FALSE,0.03470004764790588,8470699,21,2
2013020878,246,even-strength,83,7,FALSE,FALSE,TRUE,TRUE,TRUE,FALSE,0.10476780994701036,8471669,21,2
2013020878,248,even-strength,61,-7,FALSE,FALSE,TRUE,TRUE,FALSE,FALSE,0.09096160370793112,8476455,21,2
2013020878,250,even-strength,52,13,FALSE,FALSE,TRUE,FALSE,FALSE,FALSE,0,8473465,21,2
2013020878,362,even-strength,71,-17,FALSE,TRUE,TRUE,TRUE,TRUE,TRUE,0.15172967548297348,8475168,21,2
2013020878,406,even-strength,64,1,FALSE,FALSE,TRUE,TRUE,TRUE,FALSE,0.12429147277858932,8469707,21,2
2013020878,421,even-strength,85,-5,FALSE,FALSE,TRUE,TRUE,TRUE,FALSE,0.0994784054521653,8470171,21,2
2013020878,422,even-strength,82,1,FALSE,FALSE,TRUE,TRUE,TRUE,FALSE,0.1750097674001361,8470171,21,2
2013020878,423,even-strength,72,0,FALSE,FALSE,TRUE,TRUE,TRUE,FALSE,0.13637456407670565,8477492,21,2
2013020878,424,even-strength,-51,-32,FALSE,FALSE,TRUE,TRUE,FALSE,FALSE,2.482662646091358e-4,8477492,21,2
2013020878,444,even-strength,51,21,FALSE,FALSE,TRUE,TRUE,TRUE,FALSE,0.02311528071558558,8469707,21,2
2013020878,445,even-strength,80,1,FALSE,FALSE,TRUE,TRUE,TRUE,FALSE,0.1296148608964772,8469707,21,2
2013020878,446,even-strength,62,6,FALSE,TRUE,TRUE,TRUE,TRUE,FALSE,0.16157651079225166,8475168,21,2
2013020878,450,power-play,31,28,FALSE,FALSE,TRUE,TRUE,TRUE,FALSE,0.03086957211844457,8475197,21,2
2013020878,601,power-play,76,4,FALSE,FALSE,TRUE,TRUE,TRUE,FALSE,0.12019076652072357,8471669,21,2
2013020878,602,power-play,60,1,FALSE,FALSE,TRUE,FALSE,FALSE,FALSE,0,8477492,21,2
2013020887,103,even-strength,70,7,FALSE,FALSE,TRUE,FALSE,FALSE,FALSE,0,8475172,10,2
2013020887,105,even-strength,75,-11,FALSE,FALSE,TRUE,TRUE,TRUE,FALSE,0.05025296385488603,8471664,10,2
2013020887,112,even-strength,35,-22,FALSE,FALSE,TRUE,TRUE,FALSE,FALSE,0.01805520523459745,8474581,10,2
2013020887,113,even-strength,71,-8,FALSE,FALSE,TRUE,FALSE,FALSE,FALSE,0,8475172,10,2
2013020887,114,even-strength,78,-7,FALSE,FALSE,TRUE,TRUE,TRUE,FALSE,0.05926048961168104,8473548,10,2
2013020887,117,even-strength,65,10,FALSE,FALSE,TRUE,FALSE,FALSE,FALSE,0,8470602,10,2
2013020887,120,even-strength,82,-8,FALSE,FALSE,TRUE,TRUE,TRUE,TRUE,0.10813134034093912,8473548,10,2
2013020887,122,even-strength,56,-6,FALSE,FALSE,TRUE,TRUE,TRUE,FALSE,0.05477610181705383,8470867,10,2
2013020887,137,even-strength,83,9,FALSE,FALSE,TRUE,TRUE,FALSE,FALSE,0.05466808445948238,8471664,10,2
2013020887,138,even-strength,74,4,FALSE,FALSE,TRUE,FALSE,FALSE,FALSE,0,8471664,10,2
2013020887,139,even-strength,73,6,FALSE,FALSE,TRUE,TRUE,TRUE,FALSE,0.06378167932177008,8469476,10,2
2013020887,141,even-strength,78,-9,FALSE,FALSE,TRUE,FALSE,FALSE,FALSE,0,8470207,10,2
2013020887,149,power-play,66,-4,FALSE,FALSE,TRUE,FALSE,FALSE,FALSE,0,8473548,10,2
2013020887,150,power-play,34,-21,FALSE,FALSE,TRUE,TRUE,TRUE,FALSE,0.03223289716576456,8470602,10,2
2013020887,302,power-play,81,7,FALSE,FALSE,TRUE,TRUE,FALSE,FALSE,0.14019992041308152,8475098,10,2
2013020887,307,even-strength,63,21,FALSE,FALSE,TRUE,TRUE,FALSE,FALSE,0.04098649656812359,8469508,10,2
2013020887,310,even-strength,77,-18,FALSE,FALSE,TRUE,FALSE,FALSE,FALSE,0,8474037,10,2
2013020887,311,even-strength,38,-14,FALSE,FALSE,TRUE,TRUE,TRUE,FALSE,0.02503237376282188,8474581,10,2
2013020887,313,power-play,70,-12,FALSE,FALSE,TRUE,TRUE,FALSE,FALSE,0.0642798975078613,8475172,10,2
2013020887,314,power-play,74,-7,FALSE,FALSE,TRUE,FALSE,FALSE,FALSE,0,8470207,10,2
2013020887,315,power-play,76,-10,FALSE,FALSE,TRUE,FALSE,FALSE,FALSE,0,8475172,10,2
2013020887,322,even-strength,65,9,FALSE,FALSE,TRUE,TRUE,TRUE,FALSE,0.12615661301035014,8470867,10,2
2013020887,324,power-play,74,7,FALSE,FALSE,TRUE,FALSE,FALSE,FALSE,0,8476853,10,2
2013020887,328,power-play,50,12,FALSE,FALSE,TRUE,TRUE,TRUE,FALSE,0.08523444633243889,8473548,10,2
2013020887,329,power-play,74,-9,FALSE,FALSE,TRUE,FALSE,FALSE,FALSE,0,8476853,10,2
2013020887,330,even-strength,70,-14,FALSE,FALSE,TRUE,FALSE,FALSE,FALSE,0,8475172,10,2
2013020887,331,even-strength,52,-9,TRUE,FALSE,TRUE,TRUE,FALSE,FALSE,0.09843382848766316,8470207,10,2
2013020887,332,even-strength,56,14,FALSE,FALSE,TRUE,TRUE,TRUE,FALSE,0.07423257495028789,8475172,10,2
2013020887,334,even-strength,60,-22,FALSE,FALSE,TRUE,TRUE,TRUE,FALSE,0.02773575315081143,8471664,10,2
2013020887,336,even-strength,51,-14,FALSE,FALSE,TRUE,TRUE,TRUE,FALSE,0.03044646791958818,8470920,10,2
2013020887,338,even-strength,70,0,FALSE,FALSE,TRUE,TRUE,TRUE,FALSE,0.09807218607128113,8474037,10,2
2013020887,344,even-strength,30,-22,FALSE,FALSE,TRUE,TRUE,TRUE,FALSE,0.00971338618274863,8470602,10,2
2013020887,454,even-strength,69,-11,FALSE,FALSE,TRUE,FALSE,FALSE,FALSE,0,8474125,10,2
2013020887,456,even-strength,67,-18,FALSE,FALSE,TRUE,FALSE,FALSE,FALSE,0,8470920,10,2
2013020887,458,penalty-kill,11,-21,FALSE,FALSE,TRUE,TRUE,TRUE,FALSE,0.00206261427171291,8469476,10,2
2013020887,474,even-strength,35,-14,FALSE,FALSE,TRUE,TRUE,TRUE,FALSE,0.01686858319946654,8476853,10,2
2013020887,478,even-strength,46,-18,FALSE,FALSE,TRUE,TRUE,TRUE,FALSE,0.02208188487216118,8470867,10,2
2013020887,479,even-strength,67,-10,FALSE,FALSE,TRUE,TRUE,TRUE,FALSE,0.07724781926585143,8474037,10,2
2013020887,482,even-strength,70,-10,FALSE,FALSE,TRUE,TRUE,TRUE,FALSE,0.07074759086359755,8471664,10,2
2013020887,483,even-strength,66,-3,FALSE,FALSE,TRUE,TRUE,FALSE,FALSE,0.07252781137839619,8474125,10,2
2013020887,488,even-strength,75,10,FALSE,FALSE,TRUE,FALSE,FALSE,FALSE,0,8475172,10,2
2013020887,496,even-strength,84,11,FALSE,FALSE,TRUE,TRUE,FALSE,FALSE,0.06747661559520941,8474037,10,2
2013020887,497,even-strength,74,4,FALSE,TRUE,TRUE,TRUE,TRUE,TRUE,0.35695501206908964,8470085,10,2
2013020887,498,even-strength,72,8,FALSE,FALSE,TRUE,FALSE,FALSE,FALSE,0,8470207,10,2
2013020887,499,even-strength,79,2,FALSE,FALSE,TRUE,TRUE,FALSE,FALSE,0.11222973176992108,8470207,10,2
2013020887,603,even-strength,51,-11,FALSE,FALSE,TRUE,TRUE,TRUE,TRUE,0.04241895894402797,8470602,10,2
2013020887,610,even-strength,69,0,FALSE,FALSE,TRUE,TRUE,TRUE,TRUE,0.11994793366625836,8470207,10,2
2013020887,612,even-strength,73,-6,FALSE,FALSE,TRUE,TRUE,FALSE,FALSE,0.16042699239119954,8474037,10,2
2013020887,623,even-strength,75,-8,FALSE,FALSE,TRUE,FALSE,FALSE,FALSE,0,8475172,10,2
2013020887,629,even-strength,-70,10,FALSE,FALSE,TRUE,FALSE,FALSE,FALSE,0,8470602,10,2
2013020887,635,even-strength,-68,-7,FALSE,FALSE,TRUE,FALSE,FALSE,FALSE,0,8475172,10,2
2013020903,104,even-strength,79,0,FALSE,FALSE,TRUE,FALSE,FALSE,FALSE,0,8471233,1,2
2013020903,107,even-strength,75,-1,FALSE,FALSE,TRUE,TRUE,TRUE,FALSE,0.1185848393692922,8467545,1,2
2013020903,108,even-strength,34,0,FALSE,FALSE,TRUE,TRUE,TRUE,FALSE,0.01444104230289456,8469623,1,2
2013020903,112,power-play,87,-16,FALSE,FALSE,TRUE,FALSE,FALSE,FALSE,0,8460542,1,2
2013020903,113,power-play,82,11,FALSE,FALSE,TRUE,FALSE,FALSE,FALSE,0,8475750,1,2
2013020903,115,power-play,78,-4,FALSE,FALSE,TRUE,TRUE,TRUE,FALSE,0.09405919859069692,8474641,1,2
2013020903,116,power-play,83,0,FALSE,TRUE,TRUE,TRUE,TRUE,TRUE,0.2709044588661674,8474641,1,2
2013020903,122,even-strength,80,-12,TRUE,FALSE,TRUE,TRUE,TRUE,FALSE,0.0907750040094908,8448208,1,2
2013020903,124,even-strength,80,-7,FALSE,FALSE,TRUE,FALSE,FALSE,FALSE,0,8469622,1,2
2013020903,126,even-strength,73,-15,FALSE,FALSE,TRUE,TRUE,TRUE,FALSE,0.0614375184798908,8471816,1,2
2013020903,138,even-strength,82,15,FALSE,FALSE,TRUE,FALSE,FALSE,FALSE,0,8448208,1,2
2013020903,252,even-strength,78,-9,FALSE,FALSE,TRUE,TRUE,TRUE,FALSE,0.04177566963381249,8471233,1,2
2013020903,257,even-strength,75,-13,FALSE,FALSE,TRUE,FALSE,FALSE,FALSE,0,8448208,1,2
2013020903,258,even-strength,39,-10,FALSE,FALSE,TRUE,TRUE,TRUE,FALSE,0.01863159439614099,8475750,1,2
2013020903,260,even-strength,60,4,FALSE,FALSE,TRUE,TRUE,FALSE,FALSE,0.05248182066606542,8474681,1,2
2013020903,263,even-strength,74,-8,FALSE,FALSE,TRUE,FALSE,FALSE,FALSE,0,8471816,1,2
2013020903,264,even-strength,76,10,FALSE,FALSE,TRUE,FALSE,FALSE,FALSE,0,8472382,1,2
2013020903,266,even-strength,77,-6,FALSE,FALSE,TRUE,TRUE,TRUE,FALSE,0.11450841354146989,8470609,1,2
2013020903,273,even-strength,77,-5,FALSE,FALSE,TRUE,TRUE,FALSE,FALSE,0.1044031276132145,8470609,1,2
2013020903,274,even-strength,63,0,FALSE,FALSE,TRUE,TRUE,TRUE,TRUE,0.07281287644297993,8448208,1,2
2013020903,275,even-strength,64,-2,FALSE,FALSE,TRUE,FALSE,FALSE,FALSE,0,8470609,1,2
2013020903,278,power-play,73,12,FALSE,FALSE,TRUE,TRUE,TRUE,TRUE,0.10607376989645076,8469622,1,2
2013020903,284,power-play,43,18,FALSE,FALSE,TRUE,TRUE,TRUE,TRUE,0.05698208576672082,8469623,1,2
2013020903,288,penalty-kill,78,0,FALSE,FALSE,TRUE,TRUE,TRUE,FALSE,0.1794686413359116,8474641,1,2
2013020903,290,penalty-kill,60,-9,FALSE,FALSE,TRUE,TRUE,FALSE,FALSE,0.10256785449659582,8475185,1,2
2013020903,291,even-strength,66,-8,FALSE,FALSE,TRUE,TRUE,FALSE,FALSE,0.0733873355035796,8474681,1,2
2013020903,292,even-strength,77,11,FALSE,TRUE,TRUE,TRUE,TRUE,FALSE,0.2193687211469652,8469623,1,2
2013020903,295,even-strength,74,1,FALSE,FALSE,TRUE,FALSE,FALSE,FALSE,0,8469622,1,2
2013020903,296,even-strength,54,-12,FALSE,FALSE,TRUE,TRUE,FALSE,FALSE,0.03085807021064156,8467545,1,2
2013020903,297,even-strength,64,8,TRUE,FALSE,TRUE,TRUE,FALSE,FALSE,0.09609188554704252,8468501,1,2
2013020903,298,even-strength,63,-8,TRUE,TRUE,TRUE,FALSE,FALSE,FALSE,0,8468501,1,2
2013020903,453,even-strength,45,-4,FALSE,FALSE,TRUE,TRUE,TRUE,FALSE,0.03855269114259695,8469622,1,2
2013020903,454,even-strength,38,-21,TRUE,FALSE,TRUE,TRUE,TRUE,TRUE,0.04571761901201184,8471816,1,2
2013020903,456,power-play,46,18,FALSE,FALSE,TRUE,TRUE,FALSE,FALSE,0.05975957116163646,8469623,1,2
2013020903,457,power-play,54,11,FALSE,FALSE,TRUE,TRUE,FALSE,FALSE,0.07394331748505702,8469623,1,2
2013020903,458,power-play,42,-19,FALSE,FALSE,TRUE,TRUE,TRUE,FALSE,0.05410171619601983,8467545,1,2
2013020903,464,even-strength,60,25,FALSE,FALSE,TRUE,TRUE,TRUE,FALSE,0.03240289137626233,8475185,1,2
2013020903,465,even-strength,73,-4,FALSE,FALSE,TRUE,TRUE,TRUE,FALSE,0.08968826648381142,8448208,1,2
2013020946,57,even-strength,62,-13,FALSE,FALSE,TRUE,FALSE,FALSE,FALSE,0,8476454,22,2
2013020946,61,even-strength,61,15,TRUE,FALSE,TRUE,FALSE,FALSE,FALSE,0,8471323,22,2
2013020946,63,even-strength,37,13,FALSE,FALSE,TRUE,TRUE,FALSE,FALSE,0.02265868175733612,8475716,22,2
2013020946,69,even-strength,77,1,FALSE,FALSE,TRUE,TRUE,TRUE,FALSE,0.15681374631789274,8473514,22,2
2013020946,76,even-strength,66,12,FALSE,TRUE,TRUE,FALSE,FALSE,FALSE,0,8474102,22,2
2013020946,77,even-strength,67,2,FALSE,FALSE,TRUE,FALSE,FALSE,FALSE,0,8473507,22,2
2013020946,78,even-strength,68,8,FALSE,FALSE,TRUE,TRUE,FALSE,FALSE,0.04992415671804526,8475791,22,2
2013020946,80,even-strength,58,4,FALSE,TRUE,TRUE,TRUE,TRUE,FALSE,0.16924633294222063,8474586,22,2
2013020946,89,penalty-kill,78,-5,FALSE,FALSE,TRUE,TRUE,TRUE,FALSE,0.11167532618046357,8468611,22,2
2013020946,93,power-play,46,2,FALSE,FALSE,TRUE,TRUE,FALSE,FALSE,0.0495987006915464,8474602,22,2
2013020946,96,power-play,46,27,TRUE,FALSE,TRUE,TRUE,FALSE,FALSE,0.10652730613927588,8474102,22,2
2013020946,97,even-strength,45,23,FALSE,FALSE,TRUE,TRUE,TRUE,FALSE,0.01761145010598733,8473507,22,2
2013020946,253,even-strength,67,-19,FALSE,FALSE,TRUE,TRUE,FALSE,FALSE,0.06167193950081039,8476855,22,2
2013020946,258,even-strength,66,3,FALSE,FALSE,TRUE,FALSE,FALSE,FALSE,0,8474602,22,2
2013020946,260,power-play,61,-1,FALSE,FALSE,TRUE,FALSE,FALSE,FALSE,0,8476454,22,2
2013020946,264,even-strength,56,3,TRUE,FALSE,TRUE,FALSE,FALSE,FALSE,0,8475791,22,2
2013020946,270,even-strength,58,5,FALSE,FALSE,TRUE,FALSE,FALSE,FALSE,0,8475791,22,2
2013020946,272,even-strength,55,16,FALSE,FALSE,TRUE,FALSE,FALSE,FALSE,0,8466333,22,2
2013020946,282,even-strength,81,24,FALSE,FALSE,TRUE,TRUE,TRUE,FALSE,0.02251339050573738,8474040,22,2
2013020946,283,even-strength,81,-10,FALSE,FALSE,TRUE,TRUE,FALSE,FALSE,0.06052592118868366,8474040,22,2
2013020946,285,even-strength,81,7,FALSE,TRUE,TRUE,TRUE,FALSE,FALSE,0.2246150784064364,8475791,22,2
2013020946,295,even-strength,14,21,FALSE,FALSE,TRUE,TRUE,TRUE,FALSE,0.00373555169995604,8474040,22,2
2013020946,299,even-strength,41,32,FALSE,FALSE,TRUE,TRUE,TRUE,FALSE,0.01125626052146023,8476855,22,2
2013020946,410,even-strength,37,32,FALSE,FALSE,TRUE,TRUE,TRUE,FALSE,0.01509913824573227,8466333,22,2
2013020946,411,even-strength,50,-17,FALSE,FALSE,TRUE,TRUE,TRUE,FALSE,0.03841486984983716,8475791,22,2
2013020946,425,even-strength,52,-7,FALSE,FALSE,TRUE,TRUE,TRUE,FALSE,0.02514795501736131,8468611,22,2
2013020946,426,even-strength,70,-14,FALSE,FALSE,TRUE,TRUE,TRUE,FALSE,0.05253414853371935,8476855,22,2
2013020946,428,even-strength,81,-23,FALSE,FALSE,TRUE,TRUE,FALSE,FALSE,0.03773711757169526,8474102,22,2
2013020946,429,even-strength,74,10,FALSE,FALSE,TRUE,TRUE,TRUE,FALSE,0.06510752367933446,8474040,22,2
2013020946,430,even-strength,39,-24,TRUE,FALSE,TRUE,TRUE,FALSE,FALSE,0.02335717745007287,8468611,22,2
2013020946,431,even-strength,80,-8,FALSE,FALSE,TRUE,TRUE,TRUE,FALSE,0.05120425951567108,8475716,22,2
2013020946,432,even-strength,43,5,FALSE,FALSE,TRUE,TRUE,TRUE,FALSE,0.01638624028597309,8476855,22,2
2013020946,440,even-strength,76,-15,FALSE,FALSE,TRUE,TRUE,FALSE,FALSE,0.06327816935970951,8474586,22,2
2013020946,445,even-strength,64,-29,TRUE,FALSE,TRUE,TRUE,FALSE,FALSE,0.04087429831502538,8468611,22,2
2013020946,449,power-play,40,15,FALSE,FALSE,TRUE,FALSE,FALSE,FALSE,0,8474707,22,2
2013020946,601,power-play,81,3,FALSE,FALSE,TRUE,TRUE,FALSE,FALSE,0.20633605652059364,8474102,22,2
2013020946,603,even-strength,70,-14,FALSE,FALSE,TRUE,TRUE,TRUE,FALSE,0.0506446487672485,8474040,22,2
2013020946,609,penalty-kill,58,0,FALSE,FALSE,TRUE,TRUE,TRUE,FALSE,0.08536510017170143,8460496,22,2
2013020946,611,even-strength,77,-9,TRUE,FALSE,TRUE,TRUE,TRUE,FALSE,0.1642943680080556,8474602,22,2
2013020946,612,even-strength,75,-1,FALSE,FALSE,TRUE,TRUE,TRUE,FALSE,0.12305578720078993,8475791,22,2
2013020946,613,even-strength,55,16,FALSE,FALSE,TRUE,TRUE,TRUE,FALSE,0.03172412089730046,8474102,22,2
2013020946,614,even-strength,64,-18,FALSE,TRUE,TRUE,TRUE,TRUE,FALSE,0.12074508631106767,8475716,22,2
2013020946,615,even-strength,63,-10,FALSE,FALSE,TRUE,TRUE,FALSE,FALSE,0.0735985305681208,8475716,22,2
2013020946,617,even-strength,58,24,FALSE,TRUE,TRUE,TRUE,FALSE,FALSE,0.16486347834082152,8475791,22,2
2013020946,618,even-strength,64,6,FALSE,FALSE,TRUE,FALSE,FALSE,FALSE,0,8474602,22,2
2013020946,622,power-play,67,14,FALSE,FALSE,TRUE,TRUE,TRUE,TRUE,0.09561452444180774,8460496,22,2
2013020946,630,even-strength,79,-38,FALSE,FALSE,TRUE,TRUE,TRUE,FALSE,0.02128804339954947,8474102,22,2
2013020946,640,even-strength,63,-27,FALSE,FALSE,TRUE,TRUE,TRUE,FALSE,0.02656221687169387,8474586,22,2
2013020946,642,even-strength,69,10,FALSE,FALSE,TRUE,TRUE,TRUE,TRUE,0.05743237325339868,8474707,22,2
2013020946,648,even-strength,48,1,FALSE,FALSE,TRUE,TRUE,TRUE,FALSE,0.03795373239526965,8474040,22,2
2013020946,649,even-strength,46,-21,FALSE,FALSE,TRUE,TRUE,FALSE,FALSE,0.02722418851087024,8475791,22,2
2013020946,805,even-strength,-14,-8,FALSE,FALSE,TRUE,TRUE,TRUE,FALSE,0.03016825414978543,8475791,22,2
2013020946,807,even-strength,-51,23,FALSE,FALSE,TRUE,TRUE,TRUE,FALSE,0.0841545893315322,8476454,22,2
2013020946,809,even-strength,-76,6,FALSE,TRUE,TRUE,TRUE,TRUE,FALSE,0.2277655261250104,8476855,22,2
2013020946,810,even-strength,-72,-1,FALSE,FALSE,TRUE,FALSE,FALSE,FALSE,0,8474102,22,2
2013020946,814,even-strength,-77,1,TRUE,FALSE,TRUE,TRUE,TRUE,TRUE,0.12925945794916605,8475791,22,2
2013020974,35,even-strength,65,-10,FALSE,FALSE,TRUE,FALSE,FALSE,FALSE,0,8473574,23,2
2013020974,40,even-strength,76,5,FALSE,FALSE,TRUE,FALSE,FALSE,FALSE,0,8469465,23,2
2013020974,44,even-strength,76,6,FALSE,TRUE,TRUE,FALSE,FALSE,FALSE,0,8469598,23,2
2013020974,57,even-strength,43,26,FALSE,FALSE,TRUE,TRUE,FALSE,FALSE,0.0133970146002266,8471303,23,2
2013020974,58,even-strength,74,-14,FALSE,FALSE,TRUE,TRUE,TRUE,FALSE,0.05691485642322928,8476482,23,2
2013020974,60,even-strength,38,27,FALSE,FALSE,TRUE,TRUE,TRUE,FALSE,0.01968742499182953,8469465,23,2
2013020974,61,power-play,74,-8,TRUE,TRUE,TRUE,TRUE,TRUE,FALSE,0.13818661911698552,8473574,23,2
2013020974,63,power-play,76,22,FALSE,FALSE,TRUE,TRUE,FALSE,FALSE,0.06434668088989119,8469598,23,2
2013020974,64,even-strength,69,-6,TRUE,FALSE,TRUE,FALSE,FALSE,FALSE,0,8474134,23,2
2013020974,76,even-strength,54,21,TRUE,FALSE,TRUE,TRUE,TRUE,FALSE,0.0647064359881592,8470616,23,2
2013020974,77,even-strength,72,16,FALSE,FALSE,TRUE,TRUE,FALSE,FALSE,0.04226001103717849,8476482,23,2
2013020974,78,even-strength,40,29,FALSE,FALSE,TRUE,TRUE,TRUE,FALSE,0.01078676695919085,8471303,23,2
2013020974,84,power-play,45,31,FALSE,FALSE,TRUE,TRUE,TRUE,FALSE,0.03857784203108494,8469598,23,2
2013020974,86,power-play,42,-16,FALSE,FALSE,TRUE,TRUE,TRUE,FALSE,0.03753187887396399,8471303,23,2
2013020974,88,power-play,66,-6,FALSE,FALSE,TRUE,TRUE,TRUE,FALSE,0.06359968362296113,8474520,23,2
2013020974,89,power-play,68,-5,FALSE,FALSE,TRUE,TRUE,TRUE,FALSE,0.0596699504566616,8474520,23,2
2013020974,90,power-play,56,28,FALSE,FALSE,TRUE,TRUE,TRUE,FALSE,0.04126123044948198,8474134,23,2
2013020974,91,power-play,69,1,FALSE,TRUE,TRUE,TRUE,TRUE,TRUE,0.17347261758260943,8470274,23,2
2013020974,92,even-strength,74,-4,TRUE,FALSE,TRUE,TRUE,FALSE,FALSE,0.14153517608492538,8469598,23,2
2013020974,95,even-strength,70,-6,FALSE,FALSE,TRUE,TRUE,FALSE,FALSE,0.078687963736131,8470616,23,2
2013020974,252,power-play,69,3,FALSE,FALSE,TRUE,FALSE,FALSE,FALSE,0,8475147,23,2
2013020974,283,even-strength,69,-15,FALSE,FALSE,TRUE,FALSE,FALSE,FALSE,0,8471498,23,2
2013020974,355,even-strength,87,10,FALSE,FALSE,TRUE,TRUE,TRUE,TRUE,0.04367019917580583,8467876,23,2
2013020974,358,even-strength,64,4,FALSE,FALSE,TRUE,TRUE,FALSE,FALSE,0.06063177990635578,8474520,23,2
2013020974,363,power-play,39,-34,FALSE,FALSE,TRUE,TRUE,TRUE,FALSE,0.02849281138678425,8469598,23,2
2013020974,365,power-play,41,-16,FALSE,FALSE,TRUE,TRUE,FALSE,FALSE,0.03836003054154689,8469598,23,2
2013020974,366,power-play,73,-2,FALSE,TRUE,TRUE,TRUE,TRUE,TRUE,0.395191681228646,8470616,23,2
2013020974,367,power-play,73,1,FALSE,FALSE,TRUE,TRUE,FALSE,FALSE,0.13235189504649156,8469598,23,2
2013020974,372,even-strength,81,-1,FALSE,FALSE,TRUE,TRUE,TRUE,FALSE,0.23217407972224743,8471266,23,2
2013020974,373,even-strength,66,-30,FALSE,FALSE,TRUE,TRUE,TRUE,FALSE,0.02831427265423061,8474610,23,2
2013020974,375,even-strength,65,-22,FALSE,FALSE,TRUE,TRUE,TRUE,FALSE,0.03981083545708026,8471498,23,2
2013020974,377,even-strength,82,-6,FALSE,TRUE,TRUE,TRUE,TRUE,FALSE,0.23176886814618425,8470274,23,2
2013020974,378,even-strength,64,7,FALSE,FALSE,TRUE,FALSE,FALSE,FALSE,0,8476482,23,2
2013020974,380,even-strength,43,-31,FALSE,FALSE,TRUE,TRUE,TRUE,FALSE,0.013458575771066029,8476482,23,2
2013020974,381,even-strength,39,-19,FALSE,FALSE,TRUE,TRUE,FALSE,FALSE,0.01687465196279146,8471303,23,2
2013020974,459,even-strength,34,-27,FALSE,FALSE,TRUE,TRUE,FALSE,FALSE,0.01234364336348471,8469598,23,2
2013020974,566,even-strength,17,4,FALSE,FALSE,TRUE,TRUE,TRUE,FALSE,0.0079757436152992,8469598,23,2
2013020974,569,even-strength,82,-14,FALSE,FALSE,TRUE,TRUE,FALSE,FALSE,0.05512036374532992,8476482,23,2
2013020974,570,even-strength,62,-18,FALSE,FALSE,TRUE,TRUE,TRUE,FALSE,0.03813381362296729,8470274,23,2
2013020974,571,even-strength,37,-25,FALSE,FALSE,TRUE,TRUE,TRUE,TRUE,0.01979683961754395,8475690,23,2
2013020974,574,even-strength,60,-1,FALSE,FALSE,TRUE,TRUE,TRUE,FALSE,0.05736225368911595,8473574,23,2
2013020974,590,even-strength,81,-14,FALSE,FALSE,TRUE,TRUE,FALSE,FALSE,0.0618489405191724,8470274,23,2
2013020974,595,even-strength,34,-18,FALSE,FALSE,TRUE,TRUE,TRUE,FALSE,0.0138237654515089,8471303,23,2
2013020974,670,even-strength,43,7,FALSE,FALSE,TRUE,FALSE,FALSE,FALSE,0,8471303,23,2
2013020974,679,even-strength,39,-8,FALSE,TRUE,TRUE,TRUE,FALSE,FALSE,0.07260987742839231,8469598,23,2
2013020974,684,even-strength,80,1,TRUE,FALSE,TRUE,FALSE,FALSE,FALSE,0,8471498,23,2
2013020974,685,even-strength,74,3,FALSE,FALSE,TRUE,FALSE,FALSE,FALSE,0,8474134,23,2
2013020974,691,even-strength,46,-9,FALSE,FALSE,TRUE,FALSE,FALSE,FALSE,0,8469598,23,2
2013020974,698,even-strength,69,-12,FALSE,FALSE,TRUE,FALSE,FALSE,FALSE,0,8467876,23,2
2013020974,699,even-strength,72,3,FALSE,FALSE,TRUE,FALSE,FALSE,FALSE,0,8471303,23,2
2013020996,36,even-strength,81,33,FALSE,FALSE,TRUE,TRUE,TRUE,FALSE,0.01983414006467724,8466139,28,2
2013020996,57,even-strength,63,-1,FALSE,FALSE,TRUE,FALSE,FALSE,FALSE,0,8466138,28,2
2013020996,58,even-strength,72,10,FALSE,FALSE,TRUE,FALSE,FALSE,FALSE,0,8466138,28,2
2013020996,66,even-strength,79,22,FALSE,FALSE,TRUE,TRUE,TRUE,FALSE,0.03303976241056288,8466138,28,2
2013020996,71,even-strength,47,21,FALSE,FALSE,TRUE,TRUE,TRUE,FALSE,0.02078397008341575,8475625,28,2
2013020996,72,even-strength,51,-21,FALSE,FALSE,TRUE,TRUE,TRUE,FALSE,0.02178888265133705,8471311,28,2
2013020996,73,even-strength,72,-8,TRUE,FALSE,TRUE,FALSE,FALSE,FALSE,0,8474053,28,2
2013020996,75,even-strength,67,1,FALSE,FALSE,TRUE,TRUE,TRUE,FALSE,0.12170901158332612,8474053,28,2
2013020996,76,even-strength,50,12,FALSE,FALSE,TRUE,TRUE,FALSE,FALSE,0.02745789402147951,8470613,28,2
2013020996,78,even-strength,71,24,FALSE,FALSE,TRUE,TRUE,TRUE,FALSE,0.03343783491706037,8475625,28,2
2013020996,81,even-strength,69,-9,TRUE,FALSE,TRUE,TRUE,FALSE,FALSE,0.08834586533911075,8474218,28,2
2013020996,83,even-strength,62,21,FALSE,FALSE,TRUE,TRUE,FALSE,FALSE,0.03890521336854929,8474053,28,2
2013020996,88,even-strength,69,4,FALSE,FALSE,TRUE,TRUE,TRUE,FALSE,0.09184778837752676,8471956,28,2
2013020996,90,even-strength,72,7,FALSE,FALSE,TRUE,TRUE,TRUE,FALSE,0.11283850778240148,8476442,28,2
2013020996,91,even-strength,69,1,FALSE,FALSE,TRUE,TRUE,TRUE,TRUE,0.08930193906798245,8476442,28,2
2013020996,93,even-strength,84,-15,FALSE,FALSE,TRUE,TRUE,TRUE,TRUE,0.07825242884079056,8474218,28,2
2013020996,94,even-strength,72,27,FALSE,FALSE,TRUE,TRUE,FALSE,FALSE,0.02671485422410382,8466139,28,2
2013020996,95,even-strength,58,19,FALSE,FALSE,TRUE,FALSE,FALSE,FALSE,0,8475625,28,2
2013020996,96,even-strength,69,1,TRUE,FALSE,TRUE,TRUE,TRUE,FALSE,0.13553318381456844,8475625,28,2
2013020996,98,even-strength,73,3,FALSE,FALSE,TRUE,TRUE,FALSE,FALSE,0.11029752803154952,8467899,28,2
2013020996,99,even-strength,62,-18,FALSE,FALSE,TRUE,TRUE,FALSE,FALSE,0.03648569434809126,8471311,28,2
2013020996,201,even-strength,68,24,FALSE,FALSE,TRUE,TRUE,TRUE,FALSE,0.04659686533090421,8476442,28,2
2013020996,203,even-strength,52,-20,FALSE,FALSE,TRUE,FALSE,FALSE,FALSE,0,8470794,28,2
2013020996,211,even-strength,42,27,FALSE,FALSE,TRUE,TRUE,TRUE,FALSE,0.01618944620021167,8471956,28,2
2013020996,220,even-strength,31,12,FALSE,FALSE,TRUE,TRUE,FALSE,FALSE,0.01762608538494137,8466158,28,2
2013020996,225,even-strength,69,-9,FALSE,FALSE,TRUE,TRUE,TRUE,FALSE,0.09059900074350546,8467096,28,2
2013020996,228,even-strength,45,-17,FALSE,FALSE,TRUE,FALSE,FALSE,FALSE,0,8474218,28,2
2013020996,232,even-strength,69,-17,FALSE,FALSE,TRUE,TRUE,TRUE,FALSE,0.05558794034753779,8470613,28,2
2013020996,234,even-strength,68,-10,TRUE,FALSE,TRUE,TRUE,TRUE,FALSE,0.1359466402173006,8470613,28,2
2013020996,235,even-strength,76,8,TRUE,TRUE,TRUE,TRUE,TRUE,TRUE,0.32309048375720445,8466138,28,2
2013020996,238,even-strength,61,-14,FALSE,FALSE,TRUE,TRUE,FALSE,FALSE,0.06972161095054535,8470613,28,2
2013020996,247,even-strength,41,23,FALSE,FALSE,TRUE,TRUE,TRUE,FALSE,0.01439009186822365,8471709,28,2
2013020996,248,even-strength,72,5,FALSE,FALSE,TRUE,TRUE,TRUE,TRUE,0.08242324729820202,8467899,28,2
2013020996,503,even-strength,63,-11,FALSE,FALSE,TRUE,FALSE,FALSE,FALSE,0,8474027,28,2
2013020996,507,even-strength,47,19,FALSE,FALSE,TRUE,TRUE,FALSE,FALSE,0.0273465794405496,8471709,28,2
2013020996,508,even-strength,77,7,FALSE,FALSE,TRUE,TRUE,FALSE,FALSE,0.0620856229907035,8470063,28,2
2013020996,510,power-play,48,-15,FALSE,FALSE,TRUE,TRUE,TRUE,FALSE,0.06567182282064835,8466139,28,2
2013020996,511,power-play,86,-7,FALSE,FALSE,TRUE,FALSE,FALSE,FALSE,0,8466138,28,2
2013020996,512,power-play,70,-10,FALSE,FALSE,TRUE,TRUE,TRUE,FALSE,0.09306116671598164,8470794,28,2
2013020996,513,power-play,67,-25,FALSE,FALSE,TRUE,TRUE,TRUE,FALSE,0.04939202448349716,8470613,28,2
2013020996,515,even-strength,74,-15,FALSE,FALSE,TRUE,TRUE,FALSE,FALSE,0.06722144525439344,8466139,28,2
2013020996,518,even-strength,60,37,TRUE,FALSE,TRUE,TRUE,TRUE,FALSE,0.0404097349540199,8474739,28,2
2013020996,524,even-strength,37,-12,FALSE,FALSE,TRUE,TRUE,TRUE,FALSE,0.03820462097263553,8474218,28,2
2013020996,532,even-strength,84,-12,FALSE,FALSE,TRUE,TRUE,FALSE,FALSE,0.05611034414940649,8474739,28,2
2013020996,535,even-strength,84,26,FALSE,FALSE,TRUE,TRUE,TRUE,FALSE,0.04196090280794765,8471311,28,2
2013020996,538,even-strength,69,1,FALSE,FALSE,TRUE,TRUE,FALSE,FALSE,0.12962869265495441,8470794,28,2
2013020996,548,even-strength,20,-28,FALSE,FALSE,TRUE,TRUE,TRUE,FALSE,0.00697399141085178,8471311,28,2
2013020996,550,even-strength,74,-12,FALSE,FALSE,TRUE,FALSE,FALSE,FALSE,0,8474053,28,2
2013020996,715,even-strength,54,14,FALSE,FALSE,TRUE,FALSE,FALSE,FALSE,0,8466138,28,2
2013021066,105,even-strength,49,-12,FALSE,FALSE,TRUE,TRUE,FALSE,FALSE,0.02684947284424436,8474715,29,2
2013021066,106,even-strength,73,-6,FALSE,FALSE,TRUE,FALSE,FALSE,FALSE,0,8471273,29,2
2013021066,107,even-strength,59,-12,TRUE,FALSE,TRUE,TRUE,FALSE,FALSE,0.05735330918998958,8471273,29,2
2013021066,113,even-strength,79,8,FALSE,FALSE,TRUE,TRUE,TRUE,FALSE,0.08102374335764942,8469469,29,2
2013021066,115,power-play,81,-7,FALSE,FALSE,TRUE,TRUE,TRUE,FALSE,0.10155784491364192,8476432,29,2
2013021066,117,power-play,82,-7,FALSE,FALSE,TRUE,TRUE,FALSE,FALSE,0.13797854981686217,8470596,29,2
2013021066,118,power-play,64,-6,FALSE,FALSE,TRUE,FALSE,FALSE,FALSE,0,8470222,29,2
2013021066,119,power-play,67,-2,FALSE,FALSE,TRUE,FALSE,FALSE,FALSE,0,8473914,29,2
2013021066,121,even-strength,34,-16,FALSE,FALSE,TRUE,TRUE,TRUE,FALSE,0.01579717102599967,8469469,29,2
2013021066,122,even-strength,75,3,FALSE,FALSE,TRUE,TRUE,TRUE,FALSE,0.1003249230126527,8473422,29,2
2013021066,136,even-strength,67,-8,FALSE,FALSE,TRUE,TRUE,TRUE,FALSE,0.047659814647346,8474715,29,2
2013021066,137,even-strength,79,15,FALSE,FALSE,TRUE,FALSE,FALSE,FALSE,0,8470222,29,2
2013021066,142,even-strength,72,6,FALSE,FALSE,TRUE,TRUE,TRUE,FALSE,0.08077301817570579,8471260,29,2
2013021066,145,even-strength,72,13,FALSE,FALSE,TRUE,FALSE,FALSE,FALSE,0,8469469,29,2
2013021066,146,even-strength,69,5,FALSE,FALSE,TRUE,FALSE,FALSE,FALSE,0,8471348,29,2
2013021066,148,even-strength,47,-18,FALSE,FALSE,TRUE,FALSE,FALSE,FALSE,0,8474774,29,2
2013021066,149,even-strength,45,14,FALSE,FALSE,TRUE,FALSE,FALSE,FALSE,0,8469492,29,2
2013021066,251,even-strength,53,5,FALSE,FALSE,TRUE,TRUE,TRUE,FALSE,0.04465459432800132,8471260,29,2
2013021066,252,even-strength,79,6,FALSE,FALSE,TRUE,TRUE,TRUE,FALSE,0.06016496743650718,8473914,29,2
2013021066,258,even-strength,69,11,FALSE,FALSE,TRUE,TRUE,FALSE,FALSE,0.05774841709743419,8474715,29,2
2013021066,259,even-strength,73,8,FALSE,FALSE,TRUE,FALSE,FALSE,FALSE,0,8471273,29,2
2013021066,262,even-strength,78,7,FALSE,FALSE,TRUE,FALSE,FALSE,FALSE,0,8475793,29,2
2013021066,269,even-strength,57,15,FALSE,FALSE,TRUE,TRUE,TRUE,FALSE,0.04716947475648501,8473422,29,2
2013021066,273,even-strength,79,-12,FALSE,FALSE,TRUE,TRUE,TRUE,FALSE,0.05205162365193724,8475793,29,2
2013021066,274,even-strength,34,-21,FALSE,FALSE,TRUE,TRUE,TRUE,FALSE,0.0128870199575814,8474774,29,2
2013021066,280,even-strength,71,8,TRUE,FALSE,TRUE,TRUE,TRUE,FALSE,0.13077559491555768,8474685,29,2
2013021066,282,even-strength,16,-24,FALSE,FALSE,TRUE,TRUE,TRUE,FALSE,0.00379604766715204,8473422,29,2
2013021066,283,even-strength,81,-3,TRUE,TRUE,TRUE,TRUE,TRUE,FALSE,0.3589337632559402,8473573,29,2
2013021066,285,even-strength,76,-3,TRUE,TRUE,TRUE,TRUE,TRUE,FALSE,0.31855440177321076,8469469,29,2
2013021066,292,even-strength,42,-29,TRUE,FALSE,TRUE,TRUE,FALSE,FALSE,0.02017169962180089,8470596,29,2
2013021066,293,even-strength,82,5,FALSE,FALSE,TRUE,TRUE,TRUE,FALSE,0.08316262561670837,8474715,29,2
2013021066,383,penalty-kill,-77,18,FALSE,FALSE,TRUE,TRUE,FALSE,FALSE,0.0019888164201947,8469492,29,2
2013021066,407,even-strength,31,-23,FALSE,FALSE,TRUE,TRUE,TRUE,FALSE,0.0109121811803023,8475233,29,2
2013021066,408,even-strength,72,-9,FALSE,FALSE,TRUE,FALSE,FALSE,FALSE,0,8475233,29,2
2013021066,412,even-strength,66,10,TRUE,FALSE,TRUE,TRUE,TRUE,FALSE,0.07926495033447549,8473422,29,2
2013021066,415,even-strength,65,-3,FALSE,FALSE,TRUE,TRUE,TRUE,FALSE,0.07678178191136313,8469492,29,2
2013021066,416,even-strength,71,-10,FALSE,FALSE,TRUE,TRUE,TRUE,FALSE,0.08343661837126774,8471273,29,2
2013021066,419,even-strength,75,-9,FALSE,FALSE,TRUE,TRUE,TRUE,FALSE,0.05196422762155123,8474685,29,2
2013021066,420,even-strength,75,4,FALSE,FALSE,TRUE,TRUE,TRUE,FALSE,0.08962996243377337,8468001,29,2
2013021066,424,penalty-kill,-67,-25,FALSE,FALSE,TRUE,TRUE,TRUE,FALSE,7.646890663372724e-4,8475793,29,2
2013021066,427,even-strength,84,-6,TRUE,FALSE,TRUE,TRUE,TRUE,FALSE,0.05452394568309686,8473422,29,2
2013021066,430,even-strength,67,11,FALSE,FALSE,TRUE,TRUE,TRUE,FALSE,0.06452622753931396,8473573,29,2
2013021066,432,power-play,37,25,FALSE,FALSE,TRUE,TRUE,TRUE,FALSE,0.04552208655493148,8470222,29,2
2013021066,433,power-play,37,-15,FALSE,FALSE,TRUE,TRUE,FALSE,FALSE,0.05257904400566221,8473914,29,2
2013021066,435,power-play,49,-9,FALSE,FALSE,TRUE,TRUE,FALSE,FALSE,0.08531733290016577,8474715,29,2
2013021066,436,power-play,79,-8,FALSE,FALSE,TRUE,TRUE,TRUE,FALSE,0.09040375296158593,8473573,29,2
2013021066,437,power-play,79,-3,FALSE,FALSE,TRUE,TRUE,TRUE,FALSE,0.10676220705490926,8473573,29,2
2013021066,438,even-strength,61,2,FALSE,FALSE,TRUE,TRUE,TRUE,FALSE,0.08032269537260521,8471260,29,2
2013021066,440,even-strength,77,0,FALSE,TRUE,TRUE,TRUE,TRUE,FALSE,0.30374021598633233,8469492,29,2
2013021066,442,even-strength,82,3,FALSE,FALSE,TRUE,TRUE,TRUE,FALSE,0.1509830769627507,8476432,29,2
2013021066,444,even-strength,71,-3,FALSE,FALSE,TRUE,TRUE,TRUE,FALSE,0.1081452385253473,8474715,29,2
2013021066,601,power-play,79,6,FALSE,FALSE,TRUE,TRUE,TRUE,FALSE,0.08780365377695251,8476432,29,2
2013021066,610,even-strength,36,-14,TRUE,FALSE,TRUE,TRUE,TRUE,FALSE,0.03080592725561735,8474715,29,2
2013021066,615,even-strength,78,5,FALSE,FALSE,TRUE,TRUE,FALSE,FALSE,0.07076421251795796,8476432,29,2
2013021066,617,even-strength,63,-7,FALSE,FALSE,TRUE,TRUE,TRUE,FALSE,0.08811464879110281,8474715,29,2
2013021066,619,power-play,56,14,FALSE,FALSE,TRUE,TRUE,TRUE,FALSE,0.076489195466668,8473573,29,2
2013021066,620,power-play,81,5,FALSE,TRUE,TRUE,TRUE,TRUE,FALSE,0.19168039951463897,8471677,29,2
2013021066,626,power-play,75,5,FALSE,FALSE,TRUE,FALSE,FALSE,FALSE,0,8476432,29,2
2013021066,627,power-play,61,-6,FALSE,FALSE,TRUE,TRUE,TRUE,FALSE,0.08458132942412992,8470222,29,2
2013021066,628,power-play,72,9,FALSE,FALSE,TRUE,TRUE,TRUE,FALSE,0.08053923381011673,8473573,29,2
2013021066,629,power-play,49,23,FALSE,FALSE,TRUE,TRUE,TRUE,FALSE,0.04052404491887532,8475793,29,2
2013021066,630,power-play,78,7,FALSE,FALSE,TRUE,TRUE,TRUE,FALSE,0.07934539743436997,8474715,29,2
2013021066,631,power-play,73,3,FALSE,FALSE,TRUE,TRUE,FALSE,FALSE,0.12682392837889475,8470596,29,2
2013021096,12,even-strength,77,9,FALSE,FALSE,TRUE,FALSE,FALSE,FALSE,0,8473986,14,2
2013021096,14,even-strength,66,-11,FALSE,FALSE,TRUE,FALSE,FALSE,FALSE,0,8476292,14,2
2013021096,15,even-strength,63,18,FALSE,FALSE,TRUE,TRUE,TRUE,FALSE,0.03297410648047647,8470047,14,2
2013021096,17,even-strength,64,24,FALSE,FALSE,TRUE,TRUE,TRUE,FALSE,0.02955770816406271,8466142,14,2
2013021096,19,even-strength,74,5,FALSE,FALSE,TRUE,TRUE,FALSE,FALSE,0.08886026835009572,8476806,14,2
2013021096,20,even-strength,41,32,FALSE,FALSE,TRUE,TRUE,TRUE,FALSE,0.00841485507140686,8466142,14,2
2013021096,22,even-strength,63,21,FALSE,FALSE,TRUE,FALSE,FALSE,FALSE,0,8474497,14,2
2013021096,25,even-strength,51,-12,FALSE,FALSE,TRUE,FALSE,FALSE,FALSE,0,8467988,14,2
2013021096,27,even-strength,75,1,FALSE,FALSE,TRUE,TRUE,TRUE,FALSE,0.14930027418957564,8474870,14,2
2013021096,30,even-strength,34,-12,FALSE,FALSE,TRUE,TRUE,FALSE,FALSE,0.01419485376264646,8465202,14,2
2013021096,36,even-strength,53,-27,FALSE,FALSE,TRUE,TRUE,FALSE,FALSE,0.01732790150843759,8470647,14,2
2013021096,37,even-strength,69,5,FALSE,FALSE,TRUE,FALSE,FALSE,FALSE,0,8466142,14,2
2013021096,38,even-strength,33,-11,FALSE,FALSE,TRUE,TRUE,FALSE,FALSE,0.01503662586777156,8475462,14,2
2013021096,39,even-strength,40,-9,FALSE,FALSE,TRUE,TRUE,TRUE,FALSE,0.02225132325853472,8475462,14,2
2013021096,40,even-strength,32,-10,FALSE,FALSE,TRUE,TRUE,TRUE,FALSE,0.02118185676190707,8475462,14,2
2013021096,42,even-strength,69,4,FALSE,FALSE,TRUE,TRUE,FALSE,FALSE,0.07241821032700786,8471339,14,2
2013021096,43,even-strength,76,18,FALSE,FALSE,TRUE,TRUE,TRUE,FALSE,0.04974536521571603,8473962,14,2
2013021096,44,even-strength,66,3,FALSE,FALSE,TRUE,FALSE,FALSE,FALSE,0,8475462,14,2
2013021096,45,even-strength,76,-10,FALSE,FALSE,TRUE,TRUE,TRUE,FALSE,0.09344056874575786,8476453,14,2
2013021096,46,even-strength,72,8,FALSE,FALSE,TRUE,TRUE,FALSE,FALSE,0.07299180709472254,8476453,14,2
2013021096,211,even-strength,73,-5,FALSE,FALSE,TRUE,TRUE,TRUE,TRUE,0.0723572854221888,8471339,14,2
2013021096,213,even-strength,64,-6,FALSE,FALSE,TRUE,FALSE,FALSE,FALSE,0,8473986,14,2
2013021096,214,even-strength,47,-26,FALSE,FALSE,TRUE,FALSE,FALSE,FALSE,0,8474564,14,2
2013021096,225,even-strength,70,9,FALSE,FALSE,TRUE,TRUE,TRUE,FALSE,0.06768716793555452,8473962,14,2
2013021096,226,even-strength,75,5,FALSE,FALSE,TRUE,TRUE,TRUE,FALSE,0.09135209646387726,8473962,14,2
2013021096,227,even-strength,66,8,FALSE,FALSE,TRUE,TRUE,TRUE,FALSE,0.05689026682443204,8473986,14,2
2013021096,240,even-strength,37,23,FALSE,FALSE,TRUE,TRUE,TRUE,FALSE,0.01282431418102912,8466142,14,2
2013021096,245,even-strength,37,-29,FALSE,FALSE,TRUE,TRUE,TRUE,FALSE,0.01264872584692747,8475167,14,2
2013021096,246,even-strength,69,-3,TRUE,FALSE,TRUE,FALSE,FALSE,FALSE,0,8474870,14,2
2013021096,247,even-strength,39,24,FALSE,FALSE,TRUE,TRUE,TRUE,FALSE,0.01083361882404302,8475167,14,2
2013021096,248,even-strength,63,-13,FALSE,FALSE,TRUE,TRUE,TRUE,FALSE,0.04155939970489664,8476806,14,2
2013021096,403,even-strength,70,3,FALSE,FALSE,TRUE,FALSE,FALSE,FALSE,0,8470640,14,2
2013021096,406,even-strength,43,23,FALSE,FALSE,TRUE,TRUE,TRUE,FALSE,0.01495297262573861,8475167,14,2
2013021096,418,penalty-kill,76,12,FALSE,FALSE,TRUE,TRUE,FALSE,FALSE,0.0376665645636511,8474870,14,2
2013021096,431,even-strength,69,-29,FALSE,FALSE,TRUE,TRUE,FALSE,FALSE,0.02639790243159798,8474564,14,2
2013021096,434,even-strength,36,7,FALSE,FALSE,TRUE,TRUE,TRUE,FALSE,0.01823005398388675,8475167,14,2
2013021096,436,even-strength,57,14,FALSE,FALSE,TRUE,FALSE,FALSE,FALSE,0,8475462,14,2
2013021096,439,even-strength,64,6,FALSE,FALSE,TRUE,TRUE,TRUE,FALSE,0.05466560175604835,8466142,14,2
2013021096,440,even-strength,74,-4,FALSE,TRUE,TRUE,TRUE,TRUE,TRUE,0.2705166598831787,8471339,14,2
2013021096,446,even-strength,76,7,FALSE,FALSE,TRUE,TRUE,TRUE,FALSE,0.0909919125303382,8473962,14,2
2013021096,447,even-strength,40,-29,FALSE,FALSE,TRUE,TRUE,TRUE,FALSE,0.01262485045244116,8465202,14,2
2013021096,448,even-strength,54,3,FALSE,FALSE,TRUE,FALSE,FALSE,FALSE,0,8473962,14,2
2013021096,449,even-strength,49,-26,FALSE,FALSE,TRUE,TRUE,TRUE,FALSE,0.01800425327449416,8465202,14,2
2013021096,602,even-strength,41,-31,FALSE,FALSE,TRUE,TRUE,FALSE,FALSE,0.01048418421203365,8475462,14,2
2013021096,608,power-play,38,-4,FALSE,FALSE,TRUE,TRUE,FALSE,FALSE,0.04934237201995592,8475167,14,2
2013021096,609,power-play,54,21,FALSE,FALSE,TRUE,TRUE,TRUE,FALSE,0.08828550728929804,8474564,14,2
2013021096,611,power-play,38,24,FALSE,FALSE,TRUE,TRUE,TRUE,FALSE,0.045604112507158,8465202,14,2
2013021096,612,power-play,46,-30,FALSE,FALSE,TRUE,TRUE,TRUE,FALSE,0.03725768638987604,8474870,14,2
2013021096,614,even-strength,60,-11,FALSE,FALSE,TRUE,TRUE,TRUE,FALSE,0.0557779846395623,8474564,14,2
2013021096,629,even-strength,-39,6,FALSE,FALSE,TRUE,TRUE,TRUE,FALSE,0.02233874159578395,8474497,14,2
2013021096,632,even-strength,-40,17,FALSE,FALSE,TRUE,TRUE,FALSE,FALSE,0.04284765244318649,8466142,14,2
2013021096,634,even-strength,-34,-25,TRUE,FALSE,TRUE,TRUE,TRUE,FALSE,0.03568983178209603,8465202,14,2
2013021096,636,even-strength,-38,21,FALSE,FALSE,TRUE,TRUE,FALSE,FALSE,0.02944693437568597,8475167,14,2
2013021096,640,power-play,-58,-8,FALSE,FALSE,TRUE,FALSE,FALSE,FALSE,0,8474564,14,2
2013021096,641,power-play,-82,-9,FALSE,FALSE,TRUE,TRUE,TRUE,FALSE,0.03659695477966158,8471339,14,2
2013021096,642,power-play,-70,-11,FALSE,FALSE,TRUE,TRUE,TRUE,FALSE,0.05981249895685184,8474564,14,2
2013021131,103,even-strength,71,-3,FALSE,FALSE,TRUE,FALSE,FALSE,FALSE,0,8470176,13,2
2013021131,105,even-strength,36,-22,FALSE,FALSE,TRUE,FALSE,FALSE,FALSE,0,8475790,13,2
2013021131,109,penalty-kill,71,0,TRUE,FALSE,TRUE,TRUE,TRUE,TRUE,0.23894208945454395,8475769,13,2
2013021131,119,even-strength,63,2,FALSE,FALSE,TRUE,TRUE,TRUE,FALSE,0.06652138697394096,8470105,13,2
2013021131,127,penalty-kill,37,-24,FALSE,FALSE,TRUE,TRUE,TRUE,FALSE,0.0221982952289672,8470176,13,2
2013021131,133,even-strength,34,28,FALSE,FALSE,TRUE,FALSE,FALSE,FALSE,0,8476411,13,2
2013021131,134,even-strength,35,31,FALSE,FALSE,TRUE,TRUE,FALSE,FALSE,0.00847671428263128,8476411,13,2
2013021131,135,even-strength,41,34,FALSE,FALSE,TRUE,TRUE,FALSE,FALSE,0.01897067478245995,8475179,13,2
2013021131,141,even-strength,84,-4,FALSE,FALSE,TRUE,TRUE,TRUE,FALSE,0.115981085975182,8470176,13,2
2013021131,142,even-strength,39,14,FALSE,FALSE,TRUE,TRUE,TRUE,FALSE,0.0230867624524389,8475153,13,2
2013021131,245,power-play,63,-17,FALSE,FALSE,TRUE,TRUE,TRUE,FALSE,0.07238869448935085,8475204,13,2
2013021131,249,even-strength,76,-3,FALSE,FALSE,TRUE,FALSE,FALSE,FALSE,0,8475204,13,2
2013021131,255,even-strength,49,17,FALSE,FALSE,TRUE,FALSE,FALSE,FALSE,0,8475204,13,2
2013021131,270,even-strength,64,-13,TRUE,FALSE,TRUE,TRUE,FALSE,FALSE,0.09451927634008864,8470039,13,2
2013021131,271,even-strength,76,-12,FALSE,FALSE,TRUE,TRUE,FALSE,FALSE,0.04504648442660131,8476389,13,2
2013021131,272,even-strength,61,-13,FALSE,FALSE,TRUE,FALSE,FALSE,FALSE,0,8474498,13,2
2013021131,276,even-strength,74,-4,FALSE,FALSE,TRUE,TRUE,TRUE,FALSE,0.1339565329014161,8474625,13,2
2013021131,277,even-strength,81,11,FALSE,FALSE,TRUE,TRUE,FALSE,FALSE,0.0609696819016308,8474625,13,2
2013021131,278,even-strength,74,-9,FALSE,FALSE,TRUE,TRUE,TRUE,FALSE,0.07382121189159732,8474625,13,2
2013021131,279,even-strength,66,-5,FALSE,FALSE,TRUE,FALSE,FALSE,FALSE,0,8470039,13,2
2013021131,282,even-strength,59,-10,FALSE,FALSE,TRUE,FALSE,FALSE,FALSE,0,8475760,13,2
2013021131,283,even-strength,66,15,FALSE,FALSE,TRUE,FALSE,FALSE,FALSE,0,8475760,13,2
2013021131,285,even-strength,52,24,FALSE,FALSE,TRUE,FALSE,FALSE,FALSE,0,8466285,13,2
2013021131,295,even-strength,32,-17,FALSE,FALSE,TRUE,TRUE,FALSE,FALSE,0.04790847905697919,8470176,13,2
2013021131,297,power-play,78,-2,FALSE,FALSE,TRUE,TRUE,FALSE,FALSE,0.15382093629046817,8474625,13,2
2013021131,298,power-play,76,6,FALSE,FALSE,TRUE,FALSE,FALSE,FALSE,0,8476389,13,2
2013021131,454,power-play,64,5,FALSE,FALSE,TRUE,TRUE,TRUE,FALSE,0.07571830024653803,8475204,13,2
2013021131,455,power-play,73,1,FALSE,FALSE,TRUE,TRUE,TRUE,FALSE,0.11452826251419196,8476389,13,2
2013021131,458,power-play,74,-3,FALSE,FALSE,TRUE,TRUE,FALSE,FALSE,0.13208088352353517,8470176,13,2
2013021131,462,even-strength,77,-2,FALSE,FALSE,TRUE,TRUE,TRUE,FALSE,0.08654715557693844,8475769,13,2
2013021131,463,even-strength,-77,-3,FALSE,FALSE,TRUE,TRUE,TRUE,FALSE,7.688402803280912e-5,8475760,13,2
2013021131,464,even-strength,63,-31,TRUE,FALSE,TRUE,TRUE,FALSE,FALSE,0.03304819572263385,8475204,13,2
2013021131,465,even-strength,83,-5,TRUE,FALSE,TRUE,TRUE,TRUE,FALSE,0.07022366370771155,8470105,13,2
2013021131,470,even-strength,79,-17,FALSE,FALSE,TRUE,FALSE,FALSE,FALSE,0,8475760,13,2
2013021131,471,even-strength,51,-20,FALSE,FALSE,TRUE,FALSE,FALSE,FALSE,0,8474606,13,2
2013021131,479,even-strength,51,-23,FALSE,FALSE,TRUE,TRUE,TRUE,FALSE,0.02178407467019475,8476389,13,2
2013021131,481,even-strength,48,-26,FALSE,FALSE,TRUE,TRUE,TRUE,FALSE,0.0163768370067034,8475204,13,2
2013021131,482,even-strength,82,-6,FALSE,FALSE,TRUE,TRUE,TRUE,FALSE,0.08403691118578441,8476389,13,2
2013021131,484,even-strength,51,-29,FALSE,FALSE,TRUE,TRUE,FALSE,FALSE,0.01545774591817865,8474498,13,2
2013021131,485,even-strength,59,-29,FALSE,FALSE,TRUE,TRUE,TRUE,FALSE,0.02073968339934135,8474498,13,2
2013021131,490,even-strength,37,-8,FALSE,FALSE,TRUE,TRUE,TRUE,FALSE,0.02223398786232099,8467351,13,2
2013021131,494,even-strength,63,-24,FALSE,FALSE,TRUE,FALSE,FALSE,FALSE,0,8475769,13,2
2013021131,495,even-strength,56,10,FALSE,FALSE,TRUE,TRUE,TRUE,FALSE,0.0408901361360234,8476389,13,2
2013021131,499,even-strength,57,-26,TRUE,FALSE,TRUE,TRUE,TRUE,FALSE,0.05222389199971152,8470176,13,2
2013021131,500,even-strength,68,13,TRUE,FALSE,TRUE,FALSE,FALSE,FALSE,0,8470105,13,2
2013021131,610,even-strength,32,28,TRUE,FALSE,TRUE,FALSE,FALSE,FALSE,0,8476411,13,2
2013021131,617,even-strength,31,-15,FALSE,FALSE,TRUE,TRUE,FALSE,FALSE,0.01263164430684005,8470105,13,2
2013021131,801,even-strength,67,0,FALSE,FALSE,TRUE,FALSE,FALSE,FALSE,0,8475204,13,2
2013021131,806,even-strength,45,27,FALSE,FALSE,TRUE,FALSE,FALSE,FALSE,0,8467428,13,2
2013021131,807,even-strength,66,-5,FALSE,FALSE,TRUE,TRUE,TRUE,FALSE,0.07001492690392007,8474606,13,2
2013021131,818,even-strength,61,5,FALSE,FALSE,TRUE,TRUE,FALSE,FALSE,0.08593746685112429,8475760,13,2
2013021131,820,power-play,31,-21,FALSE,FALSE,TRUE,TRUE,FALSE,FALSE,0.03127340274682953,8475179,13,2
2013021131,822,power-play,51,-12,TRUE,FALSE,TRUE,FALSE,FALSE,FALSE,0,8466285,13,2
2013021131,823,power-play,68,-21,TRUE,TRUE,TRUE,TRUE,TRUE,TRUE,0.21652996673413336,8475204,13,2
2013021162,105,even-strength,42,26,FALSE,FALSE,TRUE,TRUE,TRUE,FALSE,0.01712803589441894,8474590,15,2
2013021162,107,even-strength,23,29,FALSE,FALSE,TRUE,TRUE,TRUE,FALSE,0.00554974092415353,8473563,15,2
2013021162,108,even-strength,80,-3,FALSE,FALSE,TRUE,TRUE,TRUE,FALSE,0.12089137121923464,8470611,15,2
2013021162,114,even-strength,57,14,FALSE,FALSE,TRUE,FALSE,FALSE,FALSE,0,8475619,15,2
2013021162,122,power-play,67,-13,FALSE,FALSE,TRUE,TRUE,TRUE,FALSE,0.07779485258250841,8473563,15,2
2013021162,124,power-play,42,27,FALSE,FALSE,TRUE,TRUE,TRUE,FALSE,0.05168323976122288,8471214,15,2
2013021162,126,power-play,43,-28,FALSE,FALSE,TRUE,FALSE,FALSE,FALSE,0,8471214,15,2
2013021162,128,power-play,51,-1,FALSE,FALSE,TRUE,FALSE,FALSE,FALSE,0,8470729,15,2
2013021162,132,even-strength,84,-6,FALSE,FALSE,TRUE,TRUE,TRUE,FALSE,0.06823719757223785,8473563,15,2
2013021162,134,even-strength,79,-13,FALSE,FALSE,TRUE,TRUE,TRUE,FALSE,0.0592872976372126,8475619,15,2
2013021162,136,even-strength,34,-27,FALSE,FALSE,TRUE,TRUE,FALSE,FALSE,0.00914057620077332,8471242,15,2
2013021162,142,even-strength,63,-12,FALSE,FALSE,TRUE,FALSE,FALSE,FALSE,0,8471214,15,2
2013021162,145,even-strength,49,-18,FALSE,FALSE,TRUE,FALSE,FALSE,FALSE,0,8474590,15,2
2013021162,147,power-play,57,0,FALSE,FALSE,TRUE,FALSE,FALSE,FALSE,0,8471242,15,2
2013021162,150,power-play,84,6,FALSE,FALSE,TRUE,TRUE,TRUE,FALSE,0.16116390809504075,8471214,15,2
2013021162,251,power-play,60,11,FALSE,FALSE,TRUE,FALSE,FALSE,FALSE,0,8471214,15,2
2013021162,254,power-play,81,1,FALSE,FALSE,TRUE,TRUE,FALSE,FALSE,0.13158012383952128,8466251,15,2
2013021162,255,even-strength,85,-13,FALSE,FALSE,TRUE,TRUE,FALSE,FALSE,0.03351346903140883,8471362,15,2
2013021162,256,even-strength,77,5,FALSE,FALSE,TRUE,TRUE,FALSE,FALSE,0.08265349876297536,8470611,15,2
2013021162,268,even-strength,18,-28,FALSE,FALSE,TRUE,TRUE,FALSE,FALSE,0.00530052568320995,8471214,15,2
2013021162,272,even-strength,68,-35,FALSE,FALSE,TRUE,TRUE,FALSE,FALSE,0.01987059019745555,8470611,15,2
2013021162,275,even-strength,83,-9,FALSE,FALSE,TRUE,TRUE,TRUE,TRUE,0.05724235381978906,8475744,15,2
2013021162,278,even-strength,69,0,FALSE,FALSE,TRUE,FALSE,FALSE,FALSE,0,8471362,15,2
2013021162,279,even-strength,55,-15,FALSE,FALSE,TRUE,TRUE,TRUE,FALSE,0.04502752090477058,8471426,15,2
2013021162,283,power-play,74,13,FALSE,FALSE,TRUE,TRUE,FALSE,FALSE,0.1232333404386869,8471214,15,2
2013021162,286,power-play,71,6,TRUE,FALSE,TRUE,FALSE,FALSE,FALSE,0,8475744,15,2
2013021162,292,even-strength,46,-16,FALSE,FALSE,TRUE,FALSE,FALSE,FALSE,0,8473563,15,2
2013021162,293,even-strength,59,23,FALSE,FALSE,TRUE,TRUE,TRUE,FALSE,0.02493422652001298,8471426,15,2
2013021162,296,even-strength,73,-7,FALSE,FALSE,TRUE,TRUE,TRUE,FALSE,0.08205210884283749,8471362,15,2
2013021162,297,even-strength,71,-9,FALSE,FALSE,TRUE,TRUE,TRUE,TRUE,0.05968025033007662,8473563,15,2
2013021162,298,even-strength,81,12,FALSE,FALSE,TRUE,TRUE,TRUE,FALSE,0.05025767463204884,8474291,15,2
2013021162,406,even-strength,72,-4,FALSE,FALSE,TRUE,TRUE,TRUE,FALSE,0.09167621371604312,8466251,15,2
2013021162,407,even-strength,71,1,FALSE,TRUE,TRUE,TRUE,TRUE,TRUE,0.19937315262188957,8468208,15,2
2013021162,416,even-strength,37,-32,FALSE,FALSE,TRUE,FALSE,FALSE,FALSE,0,8475619,15,2
2013021162,419,even-strength,76,2,FALSE,TRUE,TRUE,TRUE,TRUE,FALSE,0.2794857149469008,8476880,15,2
2013021162,422,power-play,65,8,FALSE,FALSE,TRUE,FALSE,FALSE,FALSE,0,8471214,15,2
2013021162,426,even-strength,61,-12,FALSE,FALSE,TRUE,FALSE,FALSE,FALSE,0,8474590,15,2
2013021162,431,even-strength,55,2,FALSE,FALSE,TRUE,TRUE,TRUE,FALSE,0.0534308925991336,8473563,15,2
2013021162,433,even-strength,72,-12,FALSE,FALSE,TRUE,FALSE,FALSE,FALSE,0,8468208,15,2
2013021162,434,even-strength,73,7,FALSE,FALSE,TRUE,TRUE,FALSE,FALSE,0.10478828041727968,8474291,15,2
2013021162,435,even-strength,52,-21,FALSE,FALSE,TRUE,TRUE,FALSE,FALSE,0.01979209364675025,8470729,15,2
2013021162,637,even-strength,84,-23,FALSE,FALSE,TRUE,TRUE,TRUE,FALSE,0.02963913641871319,8468208,15,2
2013021162,654,even-strength,78,-12,FALSE,FALSE,TRUE,FALSE,FALSE,FALSE,0,8468208,15,2
2013021162,655,even-strength,63,-11,FALSE,FALSE,TRUE,FALSE,FALSE,FALSE,0,8471214,15,2
2013021162,656,even-strength,73,-1,TRUE,FALSE,TRUE,FALSE,FALSE,FALSE,0,8471214,15,2
2013021162,658,even-strength,85,-19,FALSE,FALSE,TRUE,TRUE,TRUE,FALSE,0.03173785684760313,8476880,15,2
2013021162,659,even-strength,53,-29,FALSE,FALSE,TRUE,TRUE,TRUE,FALSE,0.02437037949378843,8474590,15,2
2013021162,663,even-strength,69,-21,FALSE,FALSE,TRUE,TRUE,TRUE,FALSE,0.02930394374871053,8474291,15,2
2013021162,675,even-strength,83,10,FALSE,FALSE,TRUE,FALSE,FALSE,FALSE,0,8475619,15,2
2013021162,676,even-strength,81,19,FALSE,FALSE,TRUE,TRUE,FALSE,FALSE,0.05147780349753033,8466251,15,2
2013021162,678,power-play,62,-2,FALSE,FALSE,TRUE,FALSE,FALSE,FALSE,0,8474590,15,2
2013021162,679,power-play,42,24,FALSE,FALSE,TRUE,TRUE,FALSE,FALSE,0.06017493682972402,8471214,15,2
2013021162,680,power-play,38,-4,FALSE,FALSE,TRUE,TRUE,TRUE,FALSE,0.05207917101738011,8474590,15,2
2013021162,681,power-play,70,-10,FALSE,FALSE,TRUE,FALSE,FALSE,FALSE,0,8474590,15,2
2013021162,682,even-strength,75,-10,FALSE,FALSE,TRUE,FALSE,FALSE,FALSE,0,8468208,15,2
2013021162,683,even-strength,55,39,FALSE,FALSE,TRUE,TRUE,TRUE,FALSE,0.0143222173919507,8466251,15,2
2013021162,688,even-strength,84,26,TRUE,FALSE,TRUE,TRUE,TRUE,FALSE,0.0771041329758709,8471214,15,2
2013021162,694,even-strength,-46,-25,FALSE,FALSE,TRUE,FALSE,FALSE,FALSE,0,8471214,15,2
2013021162,695,even-strength,-37,-3,FALSE,FALSE,TRUE,TRUE,TRUE,FALSE,0.04881407364454009,8474590,15,2
2013021162,696,even-strength,-36,14,FALSE,FALSE,TRUE,TRUE,TRUE,FALSE,0.05962164263734765,8475744,15,2
2013021162,699,even-strength,-61,10,FALSE,FALSE,TRUE,FALSE,FALSE,FALSE,0,8471426,15,2
2013021162,700,even-strength,-77,31,FALSE,FALSE,TRUE,TRUE,TRUE,FALSE,0.07869310520585986,8475149,15,2
2013021162,851,even-strength,-67,-7,FALSE,FALSE,TRUE,TRUE,TRUE,FALSE,0.08318481806479908,8471214,15,2
2013021196,59,even-strength,8,18,FALSE,FALSE,TRUE,TRUE,TRUE,FALSE,0.00329362684720413,8474056,8,2
2013021196,70,even-strength,75,39,TRUE,FALSE,TRUE,TRUE,TRUE,FALSE,0.01914021883405644,8464975,8,2
2013021196,86,even-strength,90,6,FALSE,FALSE,TRUE,TRUE,TRUE,FALSE,0.12380709192548736,8464975,8,2
2013021196,87,even-strength,88,5,FALSE,TRUE,TRUE,TRUE,TRUE,FALSE,0.16785449995682789,8464975,8,2
2013021196,88,even-strength,89,7,FALSE,TRUE,TRUE,TRUE,TRUE,FALSE,0.3805575511666113,8464975,8,2
2013021196,91,even-strength,79,-1,FALSE,FALSE,TRUE,TRUE,FALSE,FALSE,0.1407185946073628,8475848,8,2
2013021196,93,even-strength,11,-37,FALSE,FALSE,TRUE,TRUE,TRUE,FALSE,0.00186242147701879,8474668,8,2
2013021196,97,even-strength,78,0,FALSE,FALSE,TRUE,TRUE,TRUE,FALSE,0.16639836973007202,8467407,8,2
2013021196,98,even-strength,47,-35,FALSE,FALSE,TRUE,TRUE,FALSE,FALSE,0.01272450836800647,8464975,8,2
2013021196,203,even-strength,87,-6,FALSE,FALSE,TRUE,TRUE,TRUE,FALSE,0.02589034262730598,8474668,8,2
2013021196,205,even-strength,61,3,FALSE,FALSE,TRUE,FALSE,FALSE,FALSE,0,8470324,8,2
2013021196,217,even-strength,79,38,FALSE,FALSE,TRUE,TRUE,TRUE,FALSE,0.01496091875033644,8471504,8,2
2013021196,220,even-strength,32,30,FALSE,FALSE,TRUE,TRUE,TRUE,FALSE,0.01093660906837723,8468114,8,2
2013021196,228,even-strength,74,-8,FALSE,FALSE,TRUE,FALSE,FALSE,FALSE,0,8475848,8,2
2013021196,230,even-strength,65,1,FALSE,FALSE,TRUE,FALSE,FALSE,FALSE,0,8470598,8,2
2013021196,231,even-strength,64,2,FALSE,TRUE,TRUE,FALSE,FALSE,FALSE,0,8470598,8,2
2013021196,235,even-strength,37,-34,FALSE,FALSE,TRUE,TRUE,TRUE,FALSE,0.01656418539386286,8467407,8,2
2013021196,237,even-strength,51,37,FALSE,FALSE,TRUE,TRUE,TRUE,FALSE,0.02519779196448174,8474157,8,2
2013021196,250,power-play,82,-7,FALSE,FALSE,TRUE,TRUE,TRUE,FALSE,0.1610798033519468,8474157,8,2
2013021196,451,power-play,74,5,FALSE,FALSE,TRUE,FALSE,FALSE,FALSE,0,8470598,8,2
2013021196,452,power-play,80,12,TRUE,FALSE,TRUE,FALSE,FALSE,FALSE,0,8467496,8,2
2013021196,453,power-play,54,-7,FALSE,FALSE,TRUE,TRUE,TRUE,FALSE,0.09150848576426432,8467496,8,2
2013021196,454,even-strength,65,-12,FALSE,FALSE,TRUE,FALSE,FALSE,FALSE,0,8470598,8,2
2013021196,456,penalty-kill,73,5,FALSE,FALSE,TRUE,FALSE,FALSE,FALSE,0,8469521,8,2
2013021196,477,even-strength,70,4,FALSE,FALSE,TRUE,FALSE,FALSE,FALSE,0,8469521,8,2
2013021196,479,even-strength,64,-7,TRUE,FALSE,TRUE,FALSE,FALSE,FALSE,0,8470598,8,2
2013021196,482,even-strength,13,-25,FALSE,FALSE,TRUE,TRUE,TRUE,FALSE,0.00449440408071098,8470598,8,2
2013021196,484,even-strength,77,6,FALSE,FALSE,TRUE,FALSE,FALSE,FALSE,0,8467496,8,2
2013021196,492,even-strength,85,11,FALSE,FALSE,TRUE,TRUE,FALSE,FALSE,0.0511141196344663,8475848,8,2
2013021196,495,even-strength,61,-13,FALSE,FALSE,TRUE,TRUE,TRUE,FALSE,0.03456503335439551,8475848,8,2
2013021196,496,even-strength,69,2,FALSE,FALSE,TRUE,FALSE,FALSE,FALSE,0,8475739,8,2
2013021196,497,even-strength,64,19,FALSE,FALSE,TRUE,TRUE,FALSE,FALSE,0.037193512655137,8467496,8,2
2013021196,498,even-strength,82,-6,FALSE,FALSE,TRUE,TRUE,FALSE,FALSE,0.07133773766105643,8471976,8,2
2013021196,651,even-strength,64,-8,FALSE,FALSE,TRUE,FALSE,FALSE,FALSE,0,8467407,8,2
2013021196,652,even-strength,75,-5,FALSE,FALSE,TRUE,FALSE,FALSE,FALSE,0,8464975,8,2
2013021196,655,even-strength,59,7,FALSE,FALSE,TRUE,FALSE,FALSE,FALSE,0,8467496,8,2
2013021196,656,even-strength,79,1,FALSE,FALSE,TRUE,TRUE,FALSE,FALSE,0.09688545883208072,8467407,8,2
2013021196,659,even-strength,70,-7,FALSE,FALSE,TRUE,TRUE,TRUE,FALSE,0.05488164648034954,8474157,8,2
2013021196,660,even-strength,65,1,FALSE,FALSE,TRUE,FALSE,FALSE,FALSE,0,8474157,8,2
2013021196,663,even-strength,61,20,FALSE,FALSE,TRUE,FALSE,FALSE,FALSE,0,8467496,8,2
2013021196,666,even-strength,31,30,FALSE,FALSE,TRUE,TRUE,TRUE,FALSE,0.00584271957647305,8467496,8,2
2013021196,671,even-strength,82,21,FALSE,FALSE,TRUE,TRUE,TRUE,FALSE,0.05766622613719706,8474157,8,2
2013021196,676,power-play,65,20,FALSE,FALSE,TRUE,TRUE,FALSE,FALSE,0.11412109226119796,8470598,8,2
2013021196,677,power-play,64,3,FALSE,FALSE,TRUE,FALSE,FALSE,FALSE,0,8470598,8,2
2013021196,678,power-play,-90,-15,FALSE,FALSE,TRUE,TRUE,FALSE,FALSE,0.00244480603283267,8474056,8,2
