gameId,eventId,strengthState,xCoordNorm,yCoordNorm,isRush,isRebound,isCorsi,isFenwick,isShot,isGoal,xG,shooterPlayerId,shooterTeamId,goalieTeamId
2019020001,15,power-play,32,2,FALSE,FALSE,TRUE,TRUE,TRUE,FALSE,0.03244072513855861,8476853,10,9
2019020001,18,power-play,46,16,FALSE,FALSE,TRUE,TRUE,FALSE,FALSE,0.0575533927436956,8478483,10,9
2019020001,19,even-strength,64,4,TRUE,FALSE,TRUE,TRUE,FALSE,FALSE,0.07073207636811184,8478857,10,9
2019020001,21,even-strength,59,20,FALSE,FALSE,TRUE,TRUE,TRUE,FALSE,0.03938829392768714,8476853,10,9
2019020001,23,even-strength,86,-4,FALSE,FALSE,TRUE,TRUE,FALSE,FALSE,0.07683190918503534,8479675,10,9
2019020001,24,even-strength,42,29,FALSE,FALSE,TRUE,TRUE,TRUE,FALSE,0.02026223231835401,8475197,10,9
2019020001,25,even-strength,52,7,FALSE,FALSE,TRUE,TRUE,TRUE,FALSE,0.03883950833382648,8475197,10,9
2019020001,27,even-strength,62,-6,FALSE,FALSE,TRUE,FALSE,FALSE,FALSE,0,8477341,10,9
2019020001,28,even-strength,38,-38,FALSE,FALSE,TRUE,TRUE,TRUE,FALSE,0.00715678963675445,8476879,10,9
2019020001,29,even-strength,76,14,FALSE,FALSE,TRUE,TRUE,TRUE,FALSE,0.06778156881295155,8477341,10,9
2019020001,31,power-play,63,31,TRUE,FALSE,TRUE,TRUE,TRUE,FALSE,0.08300991550243865,8478483,10,9
2019020001,33,power-play,66,27,FALSE,FALSE,TRUE,TRUE,FALSE,FALSE,0.05638803852745252,8478483,10,9
2019020001,36,power-play,70,-20,FALSE,FALSE,TRUE,TRUE,FALSE,FALSE,0.0771330481466872,8479318,10,9
2019020001,37,power-play,78,-13,FALSE,FALSE,TRUE,TRUE,TRUE,FALSE,0.07922048699970202,8477939,10,9
2019020001,38,power-play,32,-34,FALSE,FALSE,TRUE,TRUE,TRUE,FALSE,0.01375311030729426,8475197,10,9
2019020001,39,power-play,80,4,FALSE,FALSE,TRUE,TRUE,TRUE,FALSE,0.1346960817406054,8477939,10,9
2019020001,45,power-play,64,-24,FALSE,FALSE,TRUE,TRUE,TRUE,FALSE,0.05707894109106067,8479318,10,9
2019020001,46,power-play,38,-24,FALSE,FALSE,TRUE,TRUE,FALSE,FALSE,0.02233190507810775,8476853,10,9
2019020001,48,power-play,36,-31,FALSE,FALSE,TRUE,TRUE,FALSE,FALSE,0.02578273038027018,8475197,10,9
2019020001,50,power-play,74,-7,FALSE,FALSE,TRUE,FALSE,FALSE,FALSE,0,8477341,10,9
2019020001,204,even-strength,62,-20,FALSE,FALSE,TRUE,TRUE,FALSE,FALSE,0.0290773602852024,8481624,10,9
2019020001,207,even-strength,70,14,FALSE,FALSE,TRUE,FALSE,FALSE,FALSE,0,8479318,10,9
2019020001,209,even-strength,45,41,FALSE,FALSE,TRUE,TRUE,TRUE,FALSE,0.00764066655914703,8476853,10,9
2019020001,212,even-strength,34,-34,TRUE,FALSE,TRUE,TRUE,FALSE,FALSE,0.01738093232511203,8475716,10,9
2019020001,213,even-strength,75,3,FALSE,FALSE,TRUE,FALSE,FALSE,FALSE,0,8478857,10,9
2019020001,214,even-strength,66,-5,TRUE,FALSE,TRUE,FALSE,FALSE,FALSE,0,8475197,10,9
2019020001,218,even-strength,60,6,FALSE,FALSE,TRUE,FALSE,FALSE,FALSE,0,8477341,10,9
2019020001,219,even-strength,41,34,FALSE,FALSE,TRUE,TRUE,TRUE,FALSE,0.00711654237221574,8476853,10,9
2019020001,221,even-strength,62,19,FALSE,FALSE,TRUE,TRUE,TRUE,FALSE,0.03843606743051273,8475166,10,9
2019020001,224,even-strength,94,-9,FALSE,FALSE,TRUE,TRUE,FALSE,FALSE,0.05237820110577478,8479318,10,9
2019020001,225,even-strength,42,24,FALSE,TRUE,TRUE,TRUE,FALSE,FALSE,0.04689798153659776,8474162,10,9
2019020001,246,even-strength,81,-1,FALSE,FALSE,TRUE,TRUE,TRUE,FALSE,0.12152634448604928,8477939,10,9
2019020001,452,even-strength,75,-8,FALSE,FALSE,TRUE,FALSE,FALSE,FALSE,0,8475197,10,9
2019020001,453,even-strength,56,-23,FALSE,FALSE,TRUE,TRUE,TRUE,FALSE,0.01780896470302101,8475197,10,9
2019020001,454,even-strength,86,0,FALSE,TRUE,TRUE,TRUE,TRUE,TRUE,0.2757493964768707,8477512,10,9
2019020001,456,even-strength,43,9,FALSE,FALSE,TRUE,TRUE,TRUE,FALSE,0.02570343332391031,8480873,10,9
2019020001,458,even-strength,64,-1,FALSE,FALSE,TRUE,FALSE,FALSE,FALSE,0,8477939,10,9
2019020001,461,even-strength,65,8,FALSE,FALSE,TRUE,FALSE,FALSE,FALSE,0,8477939,10,9
2019020001,462,even-strength,68,11,TRUE,FALSE,TRUE,FALSE,FALSE,FALSE,0,8474162,10,9
2019020001,463,even-strength,37,-31,FALSE,FALSE,TRUE,TRUE,TRUE,FALSE,0.01182914449450798,8475197,10,9
2019020001,465,even-strength,35,-38,FALSE,FALSE,TRUE,TRUE,TRUE,FALSE,0.00743103697137063,8475716,10,9
2019020001,466,even-strength,45,21,FALSE,FALSE,TRUE,TRUE,TRUE,FALSE,0.01565882323722451,8480873,10,9
2019020001,467,even-strength,84,2,FALSE,TRUE,TRUE,TRUE,TRUE,TRUE,0.304626536965881,8479675,10,9
2019020001,470,even-strength,73,-7,FALSE,FALSE,TRUE,TRUE,FALSE,FALSE,0.04999138210314519,8479318,10,9
2019020001,471,even-strength,68,10,FALSE,FALSE,TRUE,FALSE,FALSE,FALSE,0,8480873,10,9
2019020001,475,even-strength,12,-10,FALSE,FALSE,TRUE,TRUE,TRUE,FALSE,0.00379497471363675,8476853,10,9
2019020001,480,even-strength,83,5,FALSE,FALSE,TRUE,TRUE,TRUE,TRUE,0.09946376535820456,8479318,10,9
2019020001,486,even-strength,79,-1,FALSE,FALSE,TRUE,TRUE,FALSE,FALSE,0.11913099292243064,8477953,10,9
2019020001,493,penalty-kill,33,19,FALSE,FALSE,TRUE,TRUE,FALSE,FALSE,0.01316415512855694,8481624,10,9
2019020001,601,even-strength,58,17,TRUE,FALSE,TRUE,TRUE,TRUE,FALSE,0.06103913070899548,8475166,10,9
2019020001,608,power-play,57,-22,FALSE,FALSE,TRUE,TRUE,TRUE,FALSE,0.05819980216699065,8479318,10,9
2019020001,610,power-play,65,-20,FALSE,FALSE,TRUE,TRUE,TRUE,TRUE,0.07832053967390777,8479318,10,9
2019020001,613,even-strength,74,0,TRUE,FALSE,TRUE,FALSE,FALSE,FALSE,0,8477341,10,9
2019020001,614,even-strength,86,-9,TRUE,FALSE,TRUE,TRUE,TRUE,FALSE,0.08083790273786345,8479318,10,9
2019020001,615,even-strength,60,-1,FALSE,FALSE,TRUE,TRUE,TRUE,FALSE,0.07457930110205496,8479318,10,9
2019020001,616,even-strength,52,7,FALSE,FALSE,TRUE,FALSE,FALSE,FALSE,0,8475716,10,9
2019020001,617,even-strength,45,-22,FALSE,FALSE,TRUE,TRUE,TRUE,FALSE,0.02024315234575967,8478483,10,9
2019020001,618,even-strength,29,21,FALSE,FALSE,TRUE,TRUE,TRUE,FALSE,0.01130776398700322,8477953,10,9
2019020001,620,even-strength,70,19,FALSE,FALSE,TRUE,FALSE,FALSE,FALSE,0,8481624,10,9
2019020001,629,even-strength,82,-24,FALSE,FALSE,TRUE,TRUE,FALSE,FALSE,0.02888905931342984,8476879,10,9
2019020001,630,even-strength,87,9,FALSE,TRUE,TRUE,TRUE,FALSE,FALSE,0.13168823662949683,8475166,10,9
2019020001,632,even-strength,33,25,FALSE,FALSE,TRUE,TRUE,TRUE,FALSE,0.01078218920745926,8474162,10,9
2019020001,634,even-strength,25,15,FALSE,FALSE,TRUE,TRUE,FALSE,FALSE,0.01197356069998557,8474162,10,9
2019020001,635,even-strength,89,-25,FALSE,FALSE,TRUE,TRUE,TRUE,FALSE,0.05243944814007063,8477341,10,9
2019020001,636,even-strength,56,15,FALSE,FALSE,TRUE,TRUE,TRUE,FALSE,0.04096282325139002,8479675,10,9
2019020001,638,even-strength,68,25,FALSE,FALSE,TRUE,TRUE,TRUE,FALSE,0.02511414343291378,8475197,10,9
2019020001,640,power-play,67,-19,FALSE,FALSE,TRUE,TRUE,TRUE,FALSE,0.08047674881408323,8477341,10,9
2019020001,641,power-play,70,-23,FALSE,FALSE,TRUE,TRUE,TRUE,FALSE,0.07894113283887036,8479318,10,9
2019020001,642,power-play,74,-13,FALSE,FALSE,TRUE,FALSE,FALSE,FALSE,0,8479318,10,9
2019020001,643,power-play,79,-12,FALSE,FALSE,TRUE,TRUE,FALSE,FALSE,0.08448195215097934,8475166,10,9
2019020001,644,power-play,64,9,FALSE,FALSE,TRUE,TRUE,FALSE,FALSE,0.12101599312836016,8477341,10,9
2019020001,645,power-play,60,-10,FALSE,FALSE,TRUE,FALSE,FALSE,FALSE,0,8475197,10,9
2019020001,802,even-strength,62,-11,FALSE,FALSE,TRUE,TRUE,TRUE,FALSE,0.05725539831686781,8479318,10,9
2019020001,804,even-strength,78,-9,FALSE,FALSE,TRUE,TRUE,TRUE,TRUE,0.09921223734943448,8481624,10,9
2019020001,814,even-strength,59,21,FALSE,FALSE,TRUE,TRUE,TRUE,FALSE,0.03903408341756544,8479675,10,9
2019020001,818,even-strength,-66,-41,FALSE,FALSE,TRUE,TRUE,TRUE,FALSE,2.218215422236731e-4,8475716,10,9
2019020001,822,even-strength,62,26,FALSE,FALSE,TRUE,TRUE,TRUE,FALSE,0.02894021194367526,8478483,10,9
2019020001,824,even-strength,72,-9,FALSE,FALSE,TRUE,TRUE,FALSE,FALSE,0.06278038242118075,8477021,10,9
2019020001,837,even-strength,44,-25,FALSE,FALSE,TRUE,FALSE,FALSE,FALSE,0,8476879,10,9
2019020020,15,even-strength,30,27,FALSE,FALSE,TRUE,TRUE,TRUE,FALSE,0.00774496742866119,8479333,3,9
2019020020,16,even-strength,51,35,FALSE,FALSE,TRUE,TRUE,TRUE,FALSE,0.01051169446082859,8476480,3,9
2019020020,17,even-strength,8,-22,FALSE,FALSE,TRUE,TRUE,TRUE,FALSE,0.0030969942006245,8479323,3,9
2019020020,26,even-strength,50,33,FALSE,FALSE,TRUE,TRUE,TRUE,FALSE,0.01489306520825004,8476885,3,9
2019020020,32,power-play,40,31,FALSE,FALSE,TRUE,TRUE,TRUE,FALSE,0.03256935415176826,8476885,3,9
2019020020,33,power-play,40,-6,FALSE,FALSE,TRUE,TRUE,TRUE,FALSE,0.04269118308113769,8476885,3,9
2019020020,34,power-play,81,-3,FALSE,TRUE,TRUE,TRUE,TRUE,TRUE,0.28695416182665473,8476459,3,9
2019020020,45,even-strength,85,-7,FALSE,FALSE,TRUE,TRUE,TRUE,FALSE,0.0479311245637747,8475184,3,9
2019020020,48,even-strength,63,-8,FALSE,FALSE,TRUE,TRUE,FALSE,FALSE,0.04766829943878158,8479353,3,9
2019020020,54,even-strength,32,-40,FALSE,FALSE,TRUE,FALSE,FALSE,FALSE,0,8476885,3,9
2019020020,57,even-strength,40,18,FALSE,FALSE,TRUE,TRUE,FALSE,FALSE,0.02470297681672306,8479333,3,9
2019020020,58,even-strength,80,-34,FALSE,TRUE,TRUE,FALSE,FALSE,FALSE,0,8479333,3,9
2019020020,59,power-play,61,-18,FALSE,FALSE,TRUE,FALSE,FALSE,FALSE,0,8477402,3,9
2019020020,64,even-strength,41,34,FALSE,FALSE,TRUE,TRUE,FALSE,FALSE,0.01219905934029704,8477962,3,9
2019020020,65,even-strength,83,-22,FALSE,FALSE,TRUE,TRUE,FALSE,FALSE,0.03325629133788065,8476885,3,9
2019020020,68,even-strength,55,2,FALSE,FALSE,TRUE,TRUE,FALSE,FALSE,0.06448027126819549,8478550,3,9
2019020020,73,even-strength,45,-2,FALSE,FALSE,TRUE,TRUE,FALSE,FALSE,0.04727457676450884,8478550,3,9
2019020020,75,even-strength,34,3,FALSE,FALSE,TRUE,FALSE,FALSE,FALSE,0,8477950,3,9
2019020020,76,even-strength,71,-14,FALSE,FALSE,TRUE,FALSE,FALSE,FALSE,0,8479323,3,9
2019020020,206,even-strength,61,-30,FALSE,FALSE,TRUE,TRUE,TRUE,FALSE,0.02078659396503596,8479323,3,9
2019020020,237,even-strength,52,29,FALSE,FALSE,TRUE,TRUE,TRUE,FALSE,0.01314851558246628,8477950,3,9
2019020020,242,penalty-kill,-76,33,FALSE,FALSE,TRUE,TRUE,TRUE,FALSE,3.0292420261365804e-4,8471686,3,9
2019020020,250,even-strength,41,-1,FALSE,FALSE,TRUE,TRUE,TRUE,FALSE,0.03215777460544349,8471686,3,9
2019020020,402,even-strength,56,-31,FALSE,FALSE,TRUE,FALSE,FALSE,FALSE,0,8477950,3,9
2019020020,406,even-strength,91,9,FALSE,FALSE,TRUE,TRUE,FALSE,FALSE,0.0354518320275666,8476459,3,9
2019020020,457,penalty-kill,76,8,FALSE,FALSE,TRUE,FALSE,FALSE,FALSE,0,8479353,3,9
2019020020,461,even-strength,40,-7,FALSE,FALSE,TRUE,TRUE,FALSE,FALSE,0.03663901184431887,8476885,3,9
2019020020,466,power-play,76,-9,FALSE,FALSE,TRUE,FALSE,FALSE,FALSE,0,8478550,3,9
2019020020,467,power-play,85,-9,FALSE,FALSE,TRUE,TRUE,FALSE,FALSE,0.09810366595772106,8477402,3,9
2019020020,468,power-play,52,-25,FALSE,FALSE,TRUE,TRUE,FALSE,FALSE,0.06238538385903858,8477402,3,9
2019020020,470,even-strength,61,12,FALSE,FALSE,TRUE,FALSE,FALSE,FALSE,0,8481554,3,9
2019020020,471,even-strength,68,10,FALSE,FALSE,TRUE,FALSE,FALSE,FALSE,0,8481554,3,9
2019020020,472,even-strength,77,-1,FALSE,FALSE,TRUE,FALSE,FALSE,FALSE,0,8479323,3,9
2019020020,486,even-strength,66,35,FALSE,FALSE,TRUE,FALSE,FALSE,FALSE,0,8476869,3,9
2019020020,488,even-strength,75,0,FALSE,FALSE,TRUE,FALSE,FALSE,FALSE,0,8477962,3,9
2019020020,490,even-strength,35,-19,FALSE,FALSE,TRUE,TRUE,FALSE,FALSE,0.01471635812278947,8479353,3,9
2019020020,506,even-strength,29,24,FALSE,FALSE,TRUE,TRUE,TRUE,FALSE,0.02090731780652459,8476869,3,9
2019020020,509,even-strength,65,25,FALSE,FALSE,TRUE,TRUE,TRUE,FALSE,0.02491935523631352,8476869,3,9
2019020020,512,even-strength,78,-28,FALSE,FALSE,TRUE,TRUE,TRUE,FALSE,0.02836008555603229,8476885,3,9
2019020020,516,even-strength,77,10,FALSE,FALSE,TRUE,TRUE,TRUE,TRUE,0.07368446325815424,8476459,3,9
2019020020,528,penalty-kill,74,-9,FALSE,FALSE,TRUE,TRUE,TRUE,TRUE,0.15741468979816076,8476459,3,9
2019020020,564,even-strength,46,-15,FALSE,FALSE,TRUE,FALSE,FALSE,FALSE,0,8476885,3,9
2019020020,572,even-strength,-35,34,FALSE,FALSE,TRUE,FALSE,FALSE,FALSE,0,8476885,3,9
2019020020,581,even-strength,66,-4,FALSE,FALSE,TRUE,FALSE,FALSE,FALSE,0,8477950,3,9
2019020020,582,even-strength,75,-1,FALSE,FALSE,TRUE,FALSE,FALSE,FALSE,0,8477950,3,9
2019020020,584,power-play,67,10,FALSE,FALSE,TRUE,FALSE,FALSE,FALSE,0,8478550,3,9
2019020020,593,even-strength,35,-18,FALSE,FALSE,TRUE,FALSE,FALSE,FALSE,0,8481554,3,9
2019020020,595,even-strength,39,42,FALSE,FALSE,TRUE,TRUE,FALSE,FALSE,0.00796158735319794,8476869,3,9
2019020020,810,penalty-kill,-47,-27,FALSE,FALSE,TRUE,TRUE,TRUE,FALSE,5.781529948621754e-4,8476885,3,9
2019020020,817,power-play,67,18,FALSE,FALSE,TRUE,TRUE,TRUE,TRUE,0.09801001238971624,8478550,3,9
2019020020,830,even-strength,72,11,FALSE,FALSE,TRUE,TRUE,TRUE,FALSE,0.06025489666025573,8476458,3,9
2019020020,833,even-strength,52,-15,FALSE,FALSE,TRUE,TRUE,TRUE,FALSE,0.02988050228816341,8475855,3,9
2019020020,835,even-strength,66,28,FALSE,FALSE,TRUE,TRUE,TRUE,FALSE,0.02474218800960167,8476869,3,9
2019020020,839,even-strength,52,9,FALSE,FALSE,TRUE,TRUE,TRUE,FALSE,0.04008492704400444,8478550,3,9
2019020020,843,even-strength,12,-33,FALSE,FALSE,TRUE,TRUE,TRUE,FALSE,0.0036396665388889,8475184,3,9
2019020020,847,even-strength,80,-3,FALSE,FALSE,TRUE,TRUE,TRUE,FALSE,0.12940616799275848,8477962,3,9
2019020020,848,even-strength,49,17,FALSE,FALSE,TRUE,TRUE,TRUE,FALSE,0.02267798652186961,8476869,3,9
2019020020,911,even-strength,59,0,FALSE,FALSE,TRUE,FALSE,FALSE,FALSE,0,8476869,3,9
2019020020,916,even-strength,79,-2,FALSE,FALSE,TRUE,FALSE,FALSE,FALSE,0,8476480,3,9
2019020020,1002,even-strength,56,12,FALSE,FALSE,TRUE,TRUE,TRUE,FALSE,0.06133201909985704,8477950,3,9
2019020020,1004,even-strength,25,-30,FALSE,FALSE,TRUE,TRUE,TRUE,FALSE,0.00696946611207558,8477950,3,9
2019020020,1014,even-strength,64,26,FALSE,FALSE,TRUE,TRUE,TRUE,FALSE,0.02667544274176532,8476869,3,9
2019020020,1022,penalty-kill,-93,24,FALSE,FALSE,TRUE,TRUE,TRUE,FALSE,1.9497407460269785e-4,8474090,3,9
2019020062,28,even-strength,46,5,FALSE,FALSE,TRUE,TRUE,TRUE,FALSE,0.0283376703512539,8478010,14,9
2019020062,29,even-strength,82,23,FALSE,TRUE,TRUE,TRUE,TRUE,FALSE,0.10120710278919592,8479410,14,9
2019020062,32,even-strength,81,-11,FALSE,FALSE,TRUE,TRUE,TRUE,FALSE,0.06098858552532182,8478472,14,9
2019020062,34,even-strength,46,5,FALSE,FALSE,TRUE,TRUE,TRUE,FALSE,0.02960581382185025,8478010,14,9
2019020062,54,even-strength,77,-6,FALSE,FALSE,TRUE,FALSE,FALSE,FALSE,0,8478010,14,9
2019020062,55,even-strength,48,7,FALSE,TRUE,TRUE,FALSE,FALSE,FALSE,0,8474151,14,9
2019020062,56,even-strength,70,6,FALSE,FALSE,TRUE,FALSE,FALSE,FALSE,0,8470601,14,9
2019020062,62,even-strength,75,16,FALSE,FALSE,TRUE,FALSE,FALSE,FALSE,0,8476292,14,9
2019020062,64,even-strength,54,-8,FALSE,FALSE,TRUE,FALSE,FALSE,FALSE,0,8476453,14,9
2019020062,65,even-strength,68,-2,FALSE,FALSE,TRUE,FALSE,FALSE,FALSE,0,8476453,14,9
2019020062,66,even-strength,57,-3,FALSE,FALSE,TRUE,TRUE,FALSE,FALSE,0.04551221296498027,8474564,14,9
2019020062,71,even-strength,78,-7,FALSE,FALSE,TRUE,FALSE,FALSE,FALSE,0,8477409,14,9
2019020062,72,even-strength,82,-2,FALSE,FALSE,TRUE,TRUE,FALSE,FALSE,0.1016942426555464,8477409,14,9
2019020062,73,even-strength,75,-7,FALSE,FALSE,TRUE,TRUE,FALSE,FALSE,0.06630929256247922,8474870,14,9
2019020062,79,even-strength,32,7,FALSE,FALSE,TRUE,TRUE,FALSE,FALSE,0.02171395892489352,8474151,14,9
2019020062,80,even-strength,78,-17,FALSE,FALSE,TRUE,TRUE,FALSE,FALSE,0.02913862757226859,8474870,14,9
2019020062,83,even-strength,76,-3,FALSE,FALSE,TRUE,FALSE,FALSE,FALSE,0,8478416,14,9
2019020062,84,power-play,52,22,FALSE,FALSE,TRUE,TRUE,FALSE,FALSE,0.05080285352009178,8474564,14,9
2019020062,85,power-play,63,4,FALSE,FALSE,TRUE,FALSE,FALSE,FALSE,0,8474564,14,9
2019020062,86,power-play,57,-3,FALSE,FALSE,TRUE,FALSE,FALSE,FALSE,0,8479410,14,9
2019020062,88,power-play,58,30,FALSE,FALSE,TRUE,TRUE,FALSE,FALSE,0.05199527660050735,8474564,14,9
2019020062,216,penalty-kill,-78,39,FALSE,FALSE,TRUE,TRUE,TRUE,FALSE,3.5728798002369547e-4,8473986,14,9
2019020062,227,even-strength,41,-2,FALSE,FALSE,TRUE,TRUE,TRUE,FALSE,0.02261291300886705,8470601,14,9
2019020062,228,even-strength,82,-2,FALSE,TRUE,TRUE,TRUE,TRUE,FALSE,0.2410231798041052,8474034,14,9
2019020062,233,power-play,61,-31,FALSE,FALSE,TRUE,TRUE,TRUE,FALSE,0.02511119486442314,8474031,14,9
2019020062,245,penalty-kill,70,-7,FALSE,FALSE,TRUE,TRUE,TRUE,FALSE,0.08518345018381598,8476292,14,9
2019020062,254,even-strength,29,16,FALSE,FALSE,TRUE,FALSE,FALSE,FALSE,0,8475167,14,9
2019020062,255,power-play,83,8,FALSE,FALSE,TRUE,TRUE,FALSE,FALSE,0.09258894688807295,8476453,14,9
2019020062,258,power-play,64,-10,FALSE,FALSE,TRUE,FALSE,FALSE,FALSE,0,8474031,14,9
2019020062,273,even-strength,42,6,FALSE,FALSE,TRUE,FALSE,FALSE,FALSE,0,8474151,14,9
2019020062,279,even-strength,50,-18,FALSE,FALSE,TRUE,FALSE,FALSE,FALSE,0,8476292,14,9
2019020062,280,even-strength,71,8,FALSE,FALSE,TRUE,FALSE,FALSE,FALSE,0,8474870,14,9
2019020062,282,even-strength,51,-17,FALSE,FALSE,TRUE,FALSE,FALSE,FALSE,0,8478416,14,9
2019020062,286,even-strength,67,39,FALSE,FALSE,TRUE,TRUE,FALSE,FALSE,0.01305702658960201,8470601,14,9
2019020062,291,even-strength,42,13,FALSE,FALSE,TRUE,TRUE,FALSE,FALSE,0.03075888277019817,8478472,14,9
2019020062,296,even-strength,70,-18,FALSE,FALSE,TRUE,FALSE,FALSE,FALSE,0,8476453,14,9
2019020062,297,even-strength,65,3,FALSE,FALSE,TRUE,TRUE,FALSE,FALSE,0.06869156444935787,8476453,14,9
2019020062,419,even-strength,80,3,FALSE,FALSE,TRUE,TRUE,TRUE,TRUE,0.1087389415982674,8476292,14,9
2019020062,422,even-strength,37,36,FALSE,FALSE,TRUE,TRUE,TRUE,FALSE,0.01039930854916972,8475167,14,9
2019020062,423,even-strength,78,-5,FALSE,FALSE,TRUE,TRUE,TRUE,FALSE,0.14576687560272894,8478010,14,9
2019020062,426,even-strength,16,4,FALSE,FALSE,TRUE,TRUE,TRUE,FALSE,0.00669628423360174,8474564,14,9
2019020062,431,even-strength,40,-24,FALSE,FALSE,TRUE,TRUE,TRUE,FALSE,0.01311874383385463,8470601,14,9
2019020062,434,even-strength,15,-7,FALSE,FALSE,TRUE,TRUE,TRUE,FALSE,0.0103018323030114,8474564,14,9
2019020062,446,even-strength,59,-22,FALSE,FALSE,TRUE,TRUE,TRUE,FALSE,0.02728455310564609,8474870,14,9
2019020062,609,even-strength,57,-17,FALSE,FALSE,TRUE,FALSE,FALSE,FALSE,0,8478519,14,9
2019020062,617,even-strength,47,4,FALSE,FALSE,TRUE,FALSE,FALSE,FALSE,0,8474031,14,9
2019020062,620,even-strength,41,37,FALSE,FALSE,TRUE,TRUE,FALSE,FALSE,0.00821061913909433,8475167,14,9
2019020062,651,even-strength,52,-35,FALSE,FALSE,TRUE,TRUE,TRUE,FALSE,0.0142687671074972,8478416,14,9
2019020062,666,even-strength,69,17,FALSE,FALSE,TRUE,TRUE,TRUE,TRUE,0.04190527777294115,8474722,14,9
2019020062,668,even-strength,41,35,FALSE,FALSE,TRUE,TRUE,TRUE,FALSE,0.01436278807137122,8474151,14,9
2019020062,687,even-strength,40,-28,FALSE,FALSE,TRUE,TRUE,TRUE,FALSE,0.01679116400988549,8473986,14,9
2019020062,692,even-strength,37,2,FALSE,FALSE,TRUE,TRUE,TRUE,FALSE,0.0220869159141787,8474031,14,9
2019020079,26,even-strength,85,-5,FALSE,FALSE,TRUE,TRUE,TRUE,FALSE,0.06209624750364286,8470595,30,9
2019020079,37,even-strength,79,16,FALSE,FALSE,TRUE,TRUE,TRUE,FALSE,0.03982693369304551,8470610,30,9
2019020079,38,even-strength,77,10,FALSE,FALSE,TRUE,FALSE,FALSE,FALSE,0,8476463,30,9
2019020079,42,power-play,47,-31,FALSE,FALSE,TRUE,TRUE,TRUE,FALSE,0.02714562242130892,8476856,30,9
2019020079,44,power-play,57,25,FALSE,FALSE,TRUE,TRUE,TRUE,FALSE,0.05012992702799929,8470595,30,9
2019020079,62,even-strength,73,13,FALSE,FALSE,TRUE,FALSE,FALSE,FALSE,0,8476463,30,9
2019020079,67,even-strength,67,8,FALSE,FALSE,TRUE,FALSE,FALSE,FALSE,0,8476437,30,9
2019020079,69,even-strength,61,-8,FALSE,FALSE,TRUE,FALSE,FALSE,FALSE,0,8476463,30,9
2019020079,72,even-strength,71,-9,FALSE,TRUE,TRUE,TRUE,FALSE,FALSE,0.12119121046440372,8470610,30,9
2019020079,73,even-strength,89,6,FALSE,TRUE,TRUE,TRUE,FALSE,FALSE,0.22277259789879925,8469459,30,9
2019020079,74,power-play,86,7,FALSE,TRUE,TRUE,FALSE,FALSE,FALSE,0,8477987,30,9
2019020079,76,power-play,79,-5,FALSE,FALSE,TRUE,FALSE,FALSE,FALSE,0,8476856,30,9
2019020079,78,even-strength,87,-5,FALSE,FALSE,TRUE,FALSE,FALSE,FALSE,0,8476779,30,9
2019020079,84,even-strength,79,-7,FALSE,FALSE,TRUE,TRUE,FALSE,FALSE,0.0824757429802952,8478413,30,9
2019020079,85,even-strength,70,11,FALSE,FALSE,TRUE,FALSE,FALSE,FALSE,0,8470600,30,9
2019020079,100,even-strength,78,11,FALSE,FALSE,TRUE,FALSE,FALSE,FALSE,0,8477451,30,9
2019020079,202,even-strength,84,-5,FALSE,FALSE,TRUE,TRUE,TRUE,FALSE,0.08165987914171452,8475220,30,9
2019020079,206,even-strength,33,40,FALSE,FALSE,TRUE,TRUE,TRUE,FALSE,0.00479028500080725,8470600,30,9
2019020079,208,even-strength,88,-5,TRUE,FALSE,TRUE,TRUE,TRUE,FALSE,0.05807058926085771,8477451,30,9
2019020079,209,even-strength,28,-2,TRUE,TRUE,TRUE,TRUE,TRUE,FALSE,0.03348300689231248,8476856,30,9
2019020079,211,even-strength,80,-19,FALSE,FALSE,TRUE,TRUE,TRUE,FALSE,0.05619646897119312,8477942,30,9
2019020079,227,even-strength,55,34,FALSE,FALSE,TRUE,TRUE,TRUE,FALSE,0.02619989626204716,8476463,30,9
2019020079,237,power-play,56,-20,FALSE,FALSE,TRUE,TRUE,TRUE,FALSE,0.04810609218669621,8476779,30,9
2019020079,245,power-play,82,4,FALSE,FALSE,TRUE,TRUE,TRUE,FALSE,0.12451510174679664,8469459,30,9
2019020079,255,even-strength,49,-35,FALSE,FALSE,TRUE,TRUE,FALSE,FALSE,0.02463932386450016,8470595,30,9
2019020079,256,even-strength,76,12,FALSE,FALSE,TRUE,FALSE,FALSE,FALSE,0,8470600,30,9
2019020079,261,power-play,67,-9,FALSE,FALSE,TRUE,FALSE,FALSE,FALSE,0,8477942,30,9
2019020079,262,power-play,58,-24,FALSE,FALSE,TRUE,TRUE,FALSE,FALSE,0.04376473994543753,8476779,30,9
2019020079,263,power-play,43,-13,FALSE,FALSE,TRUE,TRUE,FALSE,FALSE,0.04632548259991408,8477942,30,9
2019020079,275,penalty-kill,82,12,FALSE,FALSE,TRUE,FALSE,FALSE,FALSE,0,8477451,30,9
2019020079,296,power-play,58,-16,FALSE,FALSE,TRUE,FALSE,FALSE,FALSE,0,8470595,30,9
2019020079,299,power-play,61,19,FALSE,FALSE,TRUE,TRUE,FALSE,FALSE,0.06280207653350144,8476856,30,9
2019020079,300,power-play,79,-16,FALSE,FALSE,TRUE,FALSE,FALSE,FALSE,0,8477987,30,9
2019020079,458,even-strength,77,-35,FALSE,FALSE,TRUE,TRUE,TRUE,FALSE,0.02029463312848375,8470595,30,9
2019020079,465,even-strength,76,20,FALSE,FALSE,TRUE,TRUE,TRUE,FALSE,0.05696186298797803,8470595,30,9
2019020079,473,even-strength,34,6,FALSE,FALSE,TRUE,TRUE,TRUE,FALSE,0.02081758776627954,8476463,30,9
2019020079,476,even-strength,67,-30,TRUE,FALSE,TRUE,TRUE,TRUE,FALSE,0.04861372835716866,8476856,30,9
2019020079,478,even-strength,63,6,TRUE,FALSE,TRUE,TRUE,TRUE,FALSE,0.11351001473323864,8479316,30,9
2019020079,496,even-strength,85,7,FALSE,FALSE,TRUE,TRUE,TRUE,FALSE,0.05256676498829367,8477987,30,9
2019020079,498,even-strength,80,-2,FALSE,FALSE,TRUE,TRUE,TRUE,FALSE,0.12859582307368583,8475722,30,9
2019020079,553,power-play,52,29,FALSE,FALSE,TRUE,TRUE,FALSE,FALSE,0.03193024654819181,8476856,30,9
2019020079,556,power-play,69,10,FALSE,FALSE,TRUE,FALSE,FALSE,FALSE,0,8476856,30,9
2019020079,565,penalty-kill,34,12,FALSE,FALSE,TRUE,TRUE,FALSE,FALSE,0.02724996215918053,8475220,30,9
2019020079,570,even-strength,82,8,FALSE,FALSE,TRUE,FALSE,FALSE,FALSE,0,8470600,30,9
2019020079,572,power-play,73,-5,FALSE,FALSE,TRUE,FALSE,FALSE,FALSE,0,8477987,30,9
2019020079,573,power-play,59,-22,FALSE,FALSE,TRUE,TRUE,FALSE,FALSE,0.06350353160625213,8477987,30,9
2019020079,576,even-strength,74,5,FALSE,FALSE,TRUE,FALSE,FALSE,FALSE,0,8470600,30,9
2019020079,591,even-strength,81,-5,FALSE,FALSE,TRUE,FALSE,FALSE,FALSE,0,8478413,30,9
2019020079,603,power-play,67,-22,FALSE,TRUE,TRUE,TRUE,TRUE,FALSE,0.15065463795873946,8477987,30,9
2019020079,605,power-play,53,12,FALSE,FALSE,TRUE,TRUE,TRUE,FALSE,0.06453472961435323,8476856,30,9
2019020079,608,even-strength,-2,-26,FALSE,FALSE,TRUE,TRUE,FALSE,FALSE,0.00168227879696948,8476463,30,9
2019020079,610,power-play,74,26,FALSE,FALSE,TRUE,TRUE,TRUE,FALSE,0.05375411723512854,8476856,30,9
2019020079,616,even-strength,31,-14,FALSE,FALSE,TRUE,TRUE,TRUE,FALSE,0.01752976908472954,8476463,30,9
2019020079,633,penalty-kill,62,26,FALSE,FALSE,TRUE,TRUE,TRUE,FALSE,0.02166812740030375,8478493,30,9
2019020079,635,even-strength,76,1,FALSE,FALSE,TRUE,TRUE,TRUE,FALSE,0.11926453639541128,8479316,30,9
2019020079,636,even-strength,82,-5,FALSE,TRUE,TRUE,TRUE,TRUE,FALSE,0.2203600847464715,8479316,30,9
2019020079,638,even-strength,80,-11,FALSE,TRUE,TRUE,TRUE,TRUE,FALSE,0.1521698260922839,8470610,30,9
2019020079,639,even-strength,-80,7,FALSE,FALSE,TRUE,TRUE,TRUE,FALSE,1.2303018061162458e-4,8475722,30,9
2019020079,642,power-play,47,-12,FALSE,FALSE,TRUE,TRUE,TRUE,FALSE,0.04263612882471659,8470595,30,9
2019020079,643,power-play,87,7,FALSE,FALSE,TRUE,TRUE,TRUE,FALSE,0.09498528387430737,8469459,30,9
2019020079,644,even-strength,49,-24,FALSE,FALSE,TRUE,TRUE,TRUE,FALSE,0.01925493578127314,8477942,30,9
2019020079,704,even-strength,78,15,TRUE,FALSE,TRUE,TRUE,TRUE,TRUE,0.11541869721039888,8476437,30,9
2019020079,706,even-strength,79,38,FALSE,FALSE,TRUE,TRUE,TRUE,FALSE,0.01351322870495201,8476463,30,9
2019020079,720,even-strength,64,-19,TRUE,FALSE,TRUE,TRUE,TRUE,FALSE,0.07352768513235194,8475722,30,9
2019020120,35,even-strength,51,-25,FALSE,FALSE,TRUE,TRUE,TRUE,FALSE,0.01601534199357026,8471274,53,9
2019020120,57,even-strength,70,0,FALSE,FALSE,TRUE,FALSE,FALSE,FALSE,0,8479345,53,9
2019020120,61,even-strength,43,9,FALSE,FALSE,TRUE,FALSE,FALSE,FALSE,0,8478476,53,9
2019020120,63,power-play,43,28,FALSE,FALSE,TRUE,TRUE,FALSE,FALSE,0.03175358514574095,8473548,53,9
2019020120,64,power-play,38,-26,FALSE,FALSE,TRUE,TRUE,TRUE,FALSE,0.03057557546809944,8479345,53,9
2019020120,66,even-strength,34,20,FALSE,FALSE,TRUE,TRUE,TRUE,TRUE,0.01269384540300321,8478476,53,9
2019020120,68,even-strength,83,-7,FALSE,FALSE,TRUE,FALSE,FALSE,FALSE,0,8479345,53,9
2019020120,69,even-strength,84,-25,FALSE,FALSE,TRUE,TRUE,TRUE,FALSE,0.02226506631807041,8470755,53,9
2019020120,71,even-strength,62,10,FALSE,FALSE,TRUE,TRUE,TRUE,FALSE,0.06751735025033859,8479343,53,9
2019020120,72,even-strength,79,2,FALSE,TRUE,TRUE,TRUE,TRUE,TRUE,0.2640072845028559,8475171,53,9
2019020120,73,even-strength,46,-24,FALSE,FALSE,TRUE,TRUE,FALSE,FALSE,0.03043443015685109,8480950,53,9
2019020120,74,even-strength,78,4,FALSE,TRUE,TRUE,FALSE,FALSE,FALSE,0,8478476,53,9
2019020120,76,even-strength,74,4,FALSE,FALSE,TRUE,FALSE,FALSE,FALSE,0,8475171,53,9
2019020120,78,even-strength,68,-4,FALSE,FALSE,TRUE,FALSE,FALSE,FALSE,0,8473548,53,9
2019020120,80,even-strength,38,-1,FALSE,FALSE,TRUE,TRUE,TRUE,FALSE,0.02145444793561446,8471274,53,9
2019020120,82,even-strength,75,4,FALSE,FALSE,TRUE,TRUE,FALSE,FALSE,0.1045705308543943,8470755,53,9
2019020120,85,even-strength,37,4,FALSE,FALSE,TRUE,TRUE,FALSE,FALSE,0.02826474599312678,8480950,53,9
2019020120,87,even-strength,74,3,FALSE,FALSE,TRUE,TRUE,FALSE,FALSE,0.0896591645829727,8479343,53,9
2019020120,88,even-strength,68,7,FALSE,FALSE,TRUE,FALSE,FALSE,FALSE,0,8473546,53,9
2019020120,91,even-strength,45,-14,FALSE,FALSE,TRUE,TRUE,FALSE,FALSE,0.03212533548862347,8473548,53,9
2019020120,94,power-play,36,-30,FALSE,FALSE,TRUE,TRUE,FALSE,FALSE,0.02448998023937471,8479343,53,9
2019020120,98,power-play,69,8,FALSE,FALSE,TRUE,FALSE,FALSE,FALSE,0,8477951,53,9
2019020120,206,even-strength,57,0,FALSE,FALSE,TRUE,FALSE,FALSE,FALSE,0,8477951,53,9
2019020120,213,even-strength,42,24,FALSE,FALSE,TRUE,TRUE,FALSE,FALSE,0.01411873621295082,8479345,53,9
2019020120,216,even-strength,60,-10,FALSE,TRUE,TRUE,TRUE,TRUE,FALSE,0.09430431527463742,8473548,53,9
2019020120,218,even-strength,77,1,FALSE,TRUE,TRUE,TRUE,TRUE,FALSE,0.3362826015106653,8474613,53,9
2019020120,230,even-strength,65,-8,FALSE,FALSE,TRUE,FALSE,FALSE,FALSE,0,8478856,53,9
2019020120,242,even-strength,60,-15,FALSE,FALSE,TRUE,FALSE,FALSE,FALSE,0,8473546,53,9
2019020120,245,even-strength,44,36,FALSE,FALSE,TRUE,FALSE,FALSE,FALSE,0,8479345,53,9
2019020120,351,even-strength,58,5,FALSE,FALSE,TRUE,TRUE,TRUE,FALSE,0.06188231740431173,8476994,53,9
2019020120,352,even-strength,59,8,FALSE,FALSE,TRUE,FALSE,FALSE,FALSE,0,8479343,53,9
2019020120,361,even-strength,86,-12,FALSE,FALSE,TRUE,FALSE,FALSE,FALSE,0,8474613,53,9
2019020120,364,even-strength,66,14,FALSE,FALSE,TRUE,FALSE,FALSE,FALSE,0,8475171,53,9
2019020120,370,even-strength,37,30,FALSE,FALSE,TRUE,TRUE,TRUE,FALSE,0.01495348717513834,8479345,53,9
2019020120,373,even-strength,64,-1,FALSE,FALSE,TRUE,FALSE,FALSE,FALSE,0,8477989,53,9
2019020120,380,even-strength,57,-24,FALSE,FALSE,TRUE,FALSE,FALSE,FALSE,0,8474218,53,9
2019020120,381,even-strength,76,-2,FALSE,FALSE,TRUE,TRUE,FALSE,FALSE,0.08204437842596399,8477989,53,9
2019020120,382,even-strength,73,16,TRUE,TRUE,TRUE,TRUE,TRUE,TRUE,0.1859290168207092,8478856,53,9
2019020120,390,even-strength,54,-16,TRUE,FALSE,TRUE,TRUE,TRUE,FALSE,0.04734467829673269,8470755,53,9
2019020120,391,power-play,79,2,FALSE,FALSE,TRUE,TRUE,TRUE,FALSE,0.13167123380995643,8477989,53,9
2019020120,395,power-play,61,-14,FALSE,FALSE,TRUE,TRUE,FALSE,FALSE,0.07979068409195196,8477951,53,9
2019020120,503,even-strength,63,-8,FALSE,FALSE,TRUE,FALSE,FALSE,FALSE,0,8475171,53,9
2019020120,505,even-strength,78,-10,FALSE,FALSE,TRUE,TRUE,FALSE,FALSE,0.08613189519934747,8479343,53,9
2019020120,513,power-play,78,-4,FALSE,FALSE,TRUE,TRUE,FALSE,FALSE,0.1174739322583055,8474613,53,9
2019020120,514,power-play,77,-3,FALSE,TRUE,TRUE,TRUE,TRUE,FALSE,0.2751849458654539,8477989,53,9
2019020120,515,even-strength,73,0,FALSE,FALSE,TRUE,FALSE,FALSE,FALSE,0,8479345,53,9
2019020120,519,power-play,84,18,FALSE,FALSE,TRUE,TRUE,TRUE,FALSE,0.11703936394622012,8477989,53,9
2019020120,522,power-play,75,-20,FALSE,FALSE,TRUE,TRUE,TRUE,FALSE,0.07971203382886312,8474613,53,9
2019020120,523,power-play,59,7,FALSE,FALSE,TRUE,TRUE,TRUE,TRUE,0.08342621805576664,8471262,53,9
2019020120,524,power-play,74,9,FALSE,FALSE,TRUE,FALSE,FALSE,FALSE,0,8479343,53,9
2019020120,528,power-play,61,4,FALSE,FALSE,TRUE,TRUE,TRUE,FALSE,0.08177969176014575,8476994,53,9
2019020120,530,even-strength,37,10,FALSE,FALSE,TRUE,TRUE,FALSE,FALSE,0.02598241965522741,8478476,53,9
2019020120,541,even-strength,34,-21,FALSE,FALSE,TRUE,TRUE,FALSE,FALSE,0.02096796772132574,8480950,53,9
2019020120,542,even-strength,33,7,FALSE,FALSE,TRUE,TRUE,TRUE,FALSE,0.029627762968398,8478476,53,9
2019020120,547,even-strength,59,7,FALSE,FALSE,TRUE,FALSE,FALSE,FALSE,0,8479345,53,9
2019020120,632,even-strength,80,-4,FALSE,FALSE,TRUE,TRUE,TRUE,FALSE,0.11225003157270012,8478856,53,9
2019020120,642,even-strength,-45,-25,FALSE,FALSE,TRUE,FALSE,FALSE,FALSE,0,8478432,53,9
2019020120,702,even-strength,77,15,FALSE,FALSE,TRUE,TRUE,TRUE,FALSE,0.06617784429123819,8478474,53,9
2019020120,703,even-strength,35,-30,FALSE,FALSE,TRUE,TRUE,TRUE,FALSE,0.01145721737353856,8474218,53,9
2019020120,705,even-strength,80,11,FALSE,FALSE,TRUE,TRUE,FALSE,FALSE,0.06040044739636054,8477989,53,9
2019020120,708,even-strength,77,-7,FALSE,FALSE,TRUE,TRUE,TRUE,FALSE,0.11420799973688596,8473546,53,9
2019020120,710,even-strength,78,-4,TRUE,FALSE,TRUE,TRUE,FALSE,FALSE,0.13204612984791345,8474613,53,9
2019020120,715,even-strength,79,-22,FALSE,FALSE,TRUE,TRUE,FALSE,FALSE,0.06800752266739049,8478856,53,9
2019020120,721,even-strength,53,-12,FALSE,FALSE,TRUE,FALSE,FALSE,FALSE,0,8480950,53,9
2019020120,723,even-strength,62,12,FALSE,FALSE,TRUE,TRUE,TRUE,FALSE,0.06051077000845391,8479343,53,9
2019020120,726,even-strength,65,5,FALSE,FALSE,TRUE,TRUE,FALSE,FALSE,0.08406788902517066,8479343,53,9
2019020120,727,power-play,67,-1,FALSE,FALSE,TRUE,TRUE,FALSE,FALSE,0.11737720139215872,8477951,53,9
2019020120,729,even-strength,81,-8,FALSE,FALSE,TRUE,TRUE,TRUE,FALSE,0.06697012625742907,8478856,53,9
2019020120,730,even-strength,61,-2,FALSE,FALSE,TRUE,TRUE,FALSE,FALSE,0.10217562822431853,8477951,53,9
2019020158,411,even-strength,25,-33,FALSE,FALSE,TRUE,TRUE,FALSE,FALSE,0.00693347169149014,8480865,2,9
2019020158,425,power-play,41,32,FALSE,FALSE,TRUE,TRUE,FALSE,FALSE,0.0397142089984315,8478445,2,9
2019020158,436,even-strength,50,22,FALSE,FALSE,TRUE,TRUE,FALSE,FALSE,0.03608455411770178,8474573,2,9
2019020158,437,even-strength,61,12,FALSE,FALSE,TRUE,TRUE,FALSE,FALSE,0.05073909424830052,8478463,2,9
2019020158,440,even-strength,50,20,FALSE,FALSE,TRUE,TRUE,FALSE,FALSE,0.02077737960165051,8478367,2,9
2019020158,442,even-strength,66,22,FALSE,FALSE,TRUE,TRUE,FALSE,FALSE,0.03539857391315017,8473544,2,9
2019020158,535,power-play,71,10,FALSE,FALSE,TRUE,TRUE,TRUE,FALSE,0.13512804930058128,8478445,2,9
2019020158,550,even-strength,40,1,FALSE,FALSE,TRUE,TRUE,TRUE,FALSE,0.03572545547934918,8477506,2,9
2019020158,652,even-strength,86,-7,FALSE,FALSE,TRUE,TRUE,TRUE,FALSE,0.1009626539716036,8475754,2,9
2019020158,671,power-play,34,19,FALSE,FALSE,TRUE,TRUE,TRUE,FALSE,0.03059049175718423,8475181,2,9
2019020158,679,even-strength,-9,-36,FALSE,FALSE,TRUE,TRUE,TRUE,FALSE,0.00173911586409108,8476429,2,9
2019020158,693,even-strength,77,-33,TRUE,FALSE,TRUE,TRUE,TRUE,FALSE,0.07694417912908233,8478367,2,9
2019020158,695,even-strength,52,-17,FALSE,FALSE,TRUE,TRUE,TRUE,FALSE,0.03048349418294021,8474573,2,9
2019020158,701,even-strength,74,-1,FALSE,FALSE,TRUE,TRUE,FALSE,FALSE,0.0991955078069643,8475314,2,9
2019020158,702,even-strength,58,10,FALSE,FALSE,TRUE,FALSE,FALSE,FALSE,0,8475181,2,9
2019020158,706,even-strength,74,2,FALSE,FALSE,TRUE,TRUE,FALSE,FALSE,0.1095808267455549,8475314,2,9
2019020158,707,even-strength,55,-9,FALSE,FALSE,TRUE,FALSE,FALSE,FALSE,0,8478445,2,9
2019020158,713,even-strength,74,5,FALSE,FALSE,TRUE,TRUE,FALSE,FALSE,0.08714524135925505,8478463,2,9
2019020158,721,even-strength,68,-20,FALSE,FALSE,TRUE,FALSE,FALSE,FALSE,0,8470187,2,9
2019020158,723,even-strength,59,-7,FALSE,FALSE,TRUE,FALSE,FALSE,FALSE,0,8477506,2,9
2019020158,729,even-strength,38,30,FALSE,FALSE,TRUE,TRUE,FALSE,FALSE,0.01158597041478223,8476917,2,9
2019020158,815,even-strength,81,-2,FALSE,FALSE,TRUE,TRUE,TRUE,FALSE,0.15060330647352652,8473544,2,9
2019020172,11,even-strength,51,-38,FALSE,FALSE,TRUE,TRUE,TRUE,FALSE,0.00949407934240969,8475841,28,9
2019020172,13,even-strength,38,32,FALSE,FALSE,TRUE,TRUE,TRUE,FALSE,0.00986341420599744,8475455,28,9
2019020172,23,even-strength,77,9,FALSE,TRUE,TRUE,TRUE,TRUE,FALSE,0.1630556644441387,8475834,28,9
2019020172,26,even-strength,35,3,FALSE,FALSE,TRUE,TRUE,TRUE,FALSE,0.01812353926835831,8475841,28,9
2019020172,36,power-play,79,-9,FALSE,FALSE,TRUE,TRUE,TRUE,FALSE,0.08087343233665137,8476881,28,9
2019020172,38,power-play,67,-3,FALSE,FALSE,TRUE,TRUE,TRUE,FALSE,0.08589890319812321,8475169,28,9
2019020172,42,power-play,79,11,FALSE,FALSE,TRUE,TRUE,TRUE,TRUE,0.147174814603388,8475169,28,9
2019020172,55,even-strength,51,21,FALSE,FALSE,TRUE,FALSE,FALSE,FALSE,0,8479983,28,9
2019020172,57,even-strength,58,8,FALSE,FALSE,TRUE,FALSE,FALSE,FALSE,0,8471709,28,9
2019020172,59,even-strength,37,-18,TRUE,FALSE,TRUE,TRUE,FALSE,FALSE,0.02217551960978675,8470613,28,9
2019020172,60,even-strength,48,6,FALSE,FALSE,TRUE,FALSE,FALSE,FALSE,0,8466139,28,9
2019020172,62,even-strength,47,24,FALSE,FALSE,TRUE,FALSE,FALSE,FALSE,0,8475455,28,9
2019020172,63,even-strength,58,14,FALSE,FALSE,TRUE,FALSE,FALSE,FALSE,0,8466138,28,9
2019020172,65,even-strength,57,9,FALSE,FALSE,TRUE,FALSE,FALSE,FALSE,0,8471709,28,9
2019020172,72,power-play,60,-3,FALSE,FALSE,TRUE,FALSE,FALSE,FALSE,0,8474578,28,9
2019020172,78,power-play,63,-1,FALSE,FALSE,TRUE,FALSE,FALSE,FALSE,0,8470613,28,9
2019020172,79,power-play,54,24,FALSE,FALSE,TRUE,TRUE,FALSE,FALSE,0.0557878012093234,8466138,28,9
2019020172,80,power-play,37,-2,FALSE,FALSE,TRUE,TRUE,FALSE,FALSE,0.04248191386677682,8474578,28,9
2019020172,87,even-strength,45,-22,FALSE,FALSE,TRUE,FALSE,FALSE,FALSE,0,8470613,28,9
2019020172,91,power-play,61,-30,FALSE,FALSE,TRUE,TRUE,FALSE,FALSE,0.04056874068170423,8478414,28,9
2019020172,92,power-play,46,-12,FALSE,FALSE,TRUE,FALSE,FALSE,FALSE,0,8470613,28,9
2019020172,97,even-strength,78,-1,FALSE,FALSE,TRUE,FALSE,FALSE,FALSE,0,8476624,28,9
2019020172,204,power-play,35,-1,FALSE,FALSE,TRUE,TRUE,TRUE,FALSE,0.03045394393778931,8474578,28,9
2019020172,206,power-play,39,30,FALSE,FALSE,TRUE,TRUE,TRUE,FALSE,0.03067161124527473,8474053,28,9
2019020172,207,power-play,35,-9,FALSE,FALSE,TRUE,TRUE,TRUE,FALSE,0.03333197404391696,8474578,28,9
2019020172,208,power-play,80,-4,FALSE,TRUE,TRUE,TRUE,TRUE,FALSE,0.27759026054228714,8475169,28,9
2019020172,210,power-play,82,5,FALSE,FALSE,TRUE,TRUE,TRUE,FALSE,0.12248931790134374,8478414,28,9
2019020172,212,power-play,61,3,FALSE,FALSE,TRUE,TRUE,TRUE,FALSE,0.06373248832009946,8476624,28,9
2019020172,236,power-play,89,-2,FALSE,TRUE,TRUE,FALSE,FALSE,FALSE,0,8475169,28,9
2019020172,304,even-strength,69,30,TRUE,FALSE,TRUE,TRUE,FALSE,FALSE,0.05314024472947005,8475169,28,9
2019020172,317,power-play,34,-5,FALSE,FALSE,TRUE,TRUE,FALSE,FALSE,0.03417524189506388,8474578,28,9
2019020172,320,even-strength,49,4,FALSE,FALSE,TRUE,FALSE,FALSE,FALSE,0,8475455,28,9
2019020172,321,even-strength,57,-20,FALSE,FALSE,TRUE,TRUE,FALSE,FALSE,0.03036746514336248,8466139,28,9
2019020172,326,even-strength,77,8,FALSE,FALSE,TRUE,TRUE,FALSE,FALSE,0.07280463059055339,8475834,28,9
2019020172,330,even-strength,71,0,FALSE,FALSE,TRUE,TRUE,FALSE,FALSE,0.07686628426718246,8479580,28,9
2019020172,331,even-strength,78,-10,FALSE,FALSE,TRUE,FALSE,FALSE,FALSE,0,8479580,28,9
2019020172,333,even-strength,53,-20,FALSE,FALSE,TRUE,FALSE,FALSE,FALSE,0,8470613,28,9
2019020172,335,even-strength,80,19,FALSE,TRUE,TRUE,FALSE,FALSE,FALSE,0,8475169,28,9
2019020172,336,even-strength,58,-1,FALSE,FALSE,TRUE,TRUE,FALSE,FALSE,0.04635342654138257,8476881,28,9
2019020172,337,even-strength,71,-1,FALSE,FALSE,TRUE,FALSE,FALSE,FALSE,0,8476881,28,9
2019020172,338,even-strength,89,-6,FALSE,FALSE,TRUE,TRUE,FALSE,FALSE,0.04485811925200346,8475169,28,9
2019020172,348,even-strength,79,-11,FALSE,FALSE,TRUE,FALSE,FALSE,FALSE,0,8470613,28,9
2019020172,401,power-play,78,0,FALSE,FALSE,TRUE,TRUE,TRUE,FALSE,0.14253388531891875,8476881,28,9
2019020172,457,even-strength,59,3,FALSE,FALSE,TRUE,TRUE,TRUE,FALSE,0.07646107156163884,8466139,28,9
2019020172,460,power-play,79,-26,FALSE,FALSE,TRUE,TRUE,TRUE,FALSE,0.05255619845231845,8475169,28,9
2019020172,461,power-play,78,-21,FALSE,FALSE,TRUE,TRUE,TRUE,FALSE,0.06606839844261117,8475169,28,9
2019020172,466,even-strength,56,24,FALSE,FALSE,TRUE,TRUE,TRUE,FALSE,0.02317450840937587,8475834,28,9
2019020172,482,even-strength,32,-32,FALSE,FALSE,TRUE,TRUE,TRUE,FALSE,0.01282582221462112,8475841,28,9
2019020172,483,even-strength,-10,-17,FALSE,FALSE,TRUE,TRUE,TRUE,FALSE,0.00124886719534186,8479983,28,9
2019020172,485,even-strength,68,-1,FALSE,FALSE,TRUE,TRUE,TRUE,TRUE,0.11367071913963224,8478099,28,9
2019020172,487,even-strength,70,-3,FALSE,FALSE,TRUE,TRUE,TRUE,FALSE,0.0993423838198372,8475169,28,9
2019020172,500,even-strength,78,-13,FALSE,FALSE,TRUE,TRUE,TRUE,FALSE,0.04701394632413849,8478414,28,9
2019020172,612,even-strength,83,-29,TRUE,FALSE,TRUE,TRUE,TRUE,FALSE,0.05620325899780035,8478099,28,9
2019020172,616,even-strength,63,5,TRUE,FALSE,TRUE,TRUE,TRUE,FALSE,0.09702868964158068,8466138,28,9
2019020172,625,even-strength,60,-32,FALSE,FALSE,TRUE,TRUE,TRUE,FALSE,0.01899435374750705,8475834,28,9
2019020172,631,power-play,50,17,FALSE,FALSE,TRUE,TRUE,TRUE,FALSE,0.05364597248022117,8474053,28,9
2019020172,633,power-play,56,-37,FALSE,FALSE,TRUE,TRUE,TRUE,FALSE,0.04042214606690161,8478099,28,9
2019020172,641,even-strength,83,23,FALSE,FALSE,TRUE,TRUE,TRUE,FALSE,0.03166336778634241,8478414,28,9
2019020172,643,even-strength,42,-35,FALSE,FALSE,TRUE,TRUE,TRUE,FALSE,0.01319445375757354,8474053,28,9
2019020172,647,even-strength,87,-7,FALSE,FALSE,TRUE,FALSE,FALSE,FALSE,0,8475169,28,9
2019020172,650,even-strength,71,-34,FALSE,FALSE,TRUE,TRUE,TRUE,FALSE,0.01867026067523393,8466139,28,9
2019020172,659,even-strength,43,12,FALSE,FALSE,TRUE,TRUE,FALSE,FALSE,0.02285046082583973,8479393,28,9
2019020172,661,even-strength,48,-13,FALSE,FALSE,TRUE,FALSE,FALSE,FALSE,0,8475841,28,9
2019020172,667,power-play,67,20,FALSE,FALSE,TRUE,FALSE,FALSE,FALSE,0,8474053,28,9
2019020172,668,power-play,74,3,FALSE,FALSE,TRUE,TRUE,FALSE,FALSE,0.11667162067381998,8476881,28,9
2019020172,671,even-strength,74,9,FALSE,FALSE,TRUE,FALSE,FALSE,FALSE,0,8479983,28,9
2019020172,676,even-strength,35,-35,FALSE,FALSE,TRUE,TRUE,FALSE,FALSE,0.01391666064800932,8470613,28,9
2019020172,678,even-strength,70,7,FALSE,FALSE,TRUE,FALSE,FALSE,FALSE,0,8475169,28,9
2019020172,679,even-strength,77,2,FALSE,FALSE,TRUE,FALSE,FALSE,FALSE,0,8475455,28,9
2019020172,693,even-strength,52,-28,FALSE,FALSE,TRUE,FALSE,FALSE,FALSE,0,8474578,28,9
2019020172,694,even-strength,78,-10,TRUE,FALSE,TRUE,TRUE,FALSE,FALSE,0.0967792328848922,8478414,28,9
2019020172,695,even-strength,79,-1,FALSE,FALSE,TRUE,FALSE,FALSE,FALSE,0,8478414,28,9
2019020172,805,even-strength,70,-3,FALSE,FALSE,TRUE,TRUE,TRUE,FALSE,0.07337067753239165,8478414,28,9
2019020172,807,even-strength,37,-35,FALSE,FALSE,TRUE,TRUE,TRUE,FALSE,0.01582363065698905,8471709,28,9
2019020172,813,even-strength,50,25,FALSE,FALSE,TRUE,TRUE,TRUE,FALSE,0.01865029631346471,8474053,28,9
2019020172,819,even-strength,59,36,TRUE,FALSE,TRUE,TRUE,TRUE,FALSE,0.03629107246831788,8476624,28,9
2019020172,823,power-play,83,6,FALSE,FALSE,TRUE,TRUE,TRUE,FALSE,0.0751451419925727,8478414,28,9
2019020172,851,power-play,70,9,FALSE,FALSE,TRUE,FALSE,FALSE,FALSE,0,8466138,28,9
2019020172,853,power-play,78,-8,FALSE,FALSE,TRUE,FALSE,FALSE,FALSE,0,8470613,28,9
2019020206,71,even-strength,53,-11,FALSE,FALSE,TRUE,FALSE,FALSE,FALSE,0,8478443,6,9
2019020206,90,even-strength,61,-9,FALSE,FALSE,TRUE,FALSE,FALSE,FALSE,0,8478443,6,9
2019020206,103,even-strength,47,-29,FALSE,FALSE,TRUE,TRUE,TRUE,FALSE,0.01339011764859282,8479325,6,9
2019020206,105,even-strength,81,10,FALSE,FALSE,TRUE,TRUE,TRUE,FALSE,0.0492900874435148,8475745,6,9
2019020206,108,power-play,70,-10,FALSE,FALSE,TRUE,FALSE,FALSE,FALSE,0,8477956,6,9
2019020206,109,power-play,79,-4,FALSE,FALSE,TRUE,TRUE,TRUE,TRUE,0.1079724132988876,8477956,6,9
2019020206,116,even-strength,64,-17,FALSE,FALSE,TRUE,TRUE,TRUE,FALSE,0.03868045654977078,8470638,6,9
2019020206,121,even-strength,44,-28,FALSE,FALSE,TRUE,TRUE,TRUE,FALSE,0.01426785959649395,8470638,6,9
2019020206,123,even-strength,46,-1,FALSE,FALSE,TRUE,TRUE,TRUE,FALSE,0.04816034066198119,8478046,6,9
2019020206,125,even-strength,36,0,FALSE,FALSE,TRUE,TRUE,TRUE,FALSE,0.02791392367025912,8471276,6,9
2019020206,131,penalty-kill,-40,15,FALSE,FALSE,TRUE,TRUE,TRUE,FALSE,0.0023563337580766,8475780,6,9
2019020206,133,even-strength,71,10,FALSE,FALSE,TRUE,TRUE,TRUE,FALSE,0.0668749012412835,8471276,6,9
2019020206,134,even-strength,41,22,FALSE,FALSE,TRUE,TRUE,TRUE,FALSE,0.02110491651909124,8476792,6,9
2019020206,141,even-strength,55,-19,FALSE,FALSE,TRUE,TRUE,FALSE,FALSE,0.02675171032353189,8479325,6,9
2019020206,147,even-strength,69,-9,FALSE,FALSE,TRUE,TRUE,TRUE,FALSE,0.06611963015416963,8470638,6,9
2019020206,254,even-strength,46,17,FALSE,FALSE,TRUE,FALSE,FALSE,FALSE,0,8465009,6,9
2019020206,309,even-strength,41,-35,FALSE,FALSE,TRUE,TRUE,TRUE,FALSE,0.01364517268890601,8470638,6,9
2019020206,311,even-strength,83,7,FALSE,FALSE,TRUE,TRUE,TRUE,TRUE,0.05949447347939352,8470638,6,9
2019020206,312,even-strength,79,7,FALSE,FALSE,TRUE,TRUE,TRUE,FALSE,0.108022512405437,8478046,6,9
2019020206,318,even-strength,74,-13,FALSE,FALSE,TRUE,TRUE,FALSE,FALSE,0.05315701351880683,8477956,6,9
2019020206,337,penalty-kill,-38,-18,FALSE,FALSE,TRUE,TRUE,TRUE,FALSE,0.0045946133855369,8476374,6,9
2019020206,340,even-strength,70,20,FALSE,FALSE,TRUE,TRUE,FALSE,FALSE,0.04520008078509119,8478075,6,9
2019020206,342,even-strength,63,29,FALSE,FALSE,TRUE,TRUE,TRUE,FALSE,0.02846111796039146,8476792,6,9
2019020206,348,power-play,63,19,FALSE,FALSE,TRUE,TRUE,TRUE,FALSE,0.06405130619610067,8476891,6,9
2019020206,349,even-strength,54,-22,FALSE,FALSE,TRUE,TRUE,TRUE,FALSE,0.0233522110983976,8475745,6,9
2019020206,451,even-strength,61,9,FALSE,FALSE,TRUE,FALSE,FALSE,FALSE,0,8476792,6,9
2019020206,484,power-play,76,8,FALSE,FALSE,TRUE,FALSE,FALSE,FALSE,0,8470638,6,9
2019020206,490,even-strength,70,8,FALSE,FALSE,TRUE,FALSE,FALSE,FALSE,0,8475745,6,9
2019020206,495,even-strength,58,2,FALSE,FALSE,TRUE,FALSE,FALSE,FALSE,0,8476792,6,9
2019020206,499,even-strength,59,4,FALSE,FALSE,TRUE,FALSE,FALSE,FALSE,0,8475780,6,9
2019020206,500,even-strength,66,9,FALSE,FALSE,TRUE,FALSE,FALSE,FALSE,0,8465009,6,9
2019020206,551,even-strength,50,-30,FALSE,FALSE,TRUE,TRUE,TRUE,FALSE,0.01746297894366462,8476374,6,9
2019020206,554,power-play,66,23,FALSE,FALSE,TRUE,TRUE,TRUE,FALSE,0.05316243918176824,8473419,6,9
2019020206,555,power-play,46,6,FALSE,FALSE,TRUE,TRUE,TRUE,FALSE,0.04024221552017099,8479325,6,9
2019020206,567,even-strength,68,2,FALSE,FALSE,TRUE,TRUE,FALSE,FALSE,0.09981741893101231,8471276,6,9
2019020206,572,even-strength,73,6,FALSE,FALSE,TRUE,TRUE,TRUE,FALSE,0.1262432818719872,8477956,6,9
2019020206,579,even-strength,77,5,TRUE,FALSE,TRUE,TRUE,TRUE,TRUE,0.1923294489934759,8478046,6,9
2019020206,581,even-strength,36,29,FALSE,FALSE,TRUE,TRUE,TRUE,FALSE,0.01296089907211626,8476792,6,9
2019020206,585,power-play,76,-27,FALSE,FALSE,TRUE,TRUE,TRUE,FALSE,0.06377806707707855,8476792,6,9
2019020206,586,power-play,64,-5,FALSE,FALSE,TRUE,TRUE,FALSE,FALSE,0.13743122593601068,8470638,6,9
2019020206,587,power-play,79,-8,FALSE,FALSE,TRUE,TRUE,TRUE,TRUE,0.16486618947605328,8473419,6,9
2019020206,592,even-strength,70,23,FALSE,FALSE,TRUE,TRUE,TRUE,FALSE,0.03175971844688089,8477956,6,9
2019020206,596,even-strength,40,24,FALSE,FALSE,TRUE,TRUE,FALSE,FALSE,0.02120395036203012,8476792,6,9
2019020206,597,even-strength,2,-5,FALSE,FALSE,TRUE,TRUE,FALSE,FALSE,0.00524057152150369,8476374,6,9
2019020206,756,even-strength,33,25,FALSE,TRUE,TRUE,TRUE,FALSE,FALSE,0.04312813702134884,8465009,6,9
2019020206,760,even-strength,36,-18,FALSE,FALSE,TRUE,TRUE,FALSE,FALSE,0.02328411807293936,8476792,6,9
2019020206,764,even-strength,76,-3,FALSE,FALSE,TRUE,TRUE,TRUE,FALSE,0.12426103615145012,8475780,6,9
2019020206,768,even-strength,52,-1,FALSE,FALSE,TRUE,TRUE,TRUE,TRUE,0.12135211350822316,8478498,6,9
2019020206,770,even-strength,80,8,FALSE,FALSE,TRUE,TRUE,TRUE,FALSE,0.12896536027830832,8478498,6,9
2019020206,779,even-strength,36,32,FALSE,FALSE,TRUE,TRUE,TRUE,FALSE,0.02160055012516715,8476792,6,9
2019020206,781,even-strength,83,-25,FALSE,FALSE,TRUE,TRUE,TRUE,FALSE,0.03122025203559724,8471276,6,9
2019020225,105,even-strength,37,-27,FALSE,FALSE,TRUE,TRUE,FALSE,FALSE,0.01842433201706934,8476429,2,9
2019020225,106,even-strength,74,8,FALSE,FALSE,TRUE,FALSE,FALSE,FALSE,0,8475314,2,9
2019020225,107,even-strength,64,-11,FALSE,TRUE,TRUE,FALSE,FALSE,FALSE,0,8476429,2,9
2019020225,113,power-play,49,20,FALSE,FALSE,TRUE,TRUE,TRUE,FALSE,0.05198087072486166,8477506,2,9
2019020225,117,even-strength,42,16,FALSE,FALSE,TRUE,TRUE,TRUE,FALSE,0.02020032985431468,8478038,2,9
2019020225,118,even-strength,80,0,FALSE,TRUE,TRUE,TRUE,TRUE,TRUE,0.25129561375021897,8473504,2,9
2019020225,120,even-strength,80,-1,FALSE,FALSE,TRUE,TRUE,TRUE,FALSE,0.14009487753865144,8478463,2,9
2019020225,122,even-strength,76,-4,FALSE,FALSE,TRUE,TRUE,FALSE,FALSE,0.12274545151284338,8475754,2,9
2019020225,123,even-strength,55,-17,FALSE,FALSE,TRUE,FALSE,FALSE,FALSE,0,8476429,2,9
2019020225,124,even-strength,72,-5,FALSE,FALSE,TRUE,FALSE,FALSE,FALSE,0,8476429,2,9
2019020225,125,even-strength,74,0,FALSE,FALSE,TRUE,TRUE,FALSE,FALSE,0.09536537394450792,8477527,2,9
2019020225,127,even-strength,84,-10,FALSE,FALSE,TRUE,FALSE,FALSE,FALSE,0,8475231,2,9
2019020225,128,even-strength,77,-2,FALSE,FALSE,TRUE,TRUE,TRUE,FALSE,0.10066152961884613,8477936,2,9
2019020225,129,even-strength,81,8,FALSE,FALSE,TRUE,FALSE,FALSE,FALSE,0,8477936,2,9
2019020225,131,even-strength,57,26,FALSE,FALSE,TRUE,FALSE,FALSE,FALSE,0,8474573,2,9
2019020225,132,even-strength,68,-3,FALSE,FALSE,TRUE,FALSE,FALSE,FALSE,0,8478463,2,9
2019020225,134,even-strength,44,26,TRUE,FALSE,TRUE,TRUE,TRUE,FALSE,0.04474999868542961,8475231,2,9
2019020225,135,even-strength,68,-6,FALSE,FALSE,TRUE,TRUE,FALSE,FALSE,0.05118612171711636,8476429,2,9
2019020225,139,even-strength,62,-9,FALSE,FALSE,TRUE,TRUE,TRUE,FALSE,0.05116918164252894,8473504,2,9
2019020225,140,even-strength,69,-10,FALSE,FALSE,TRUE,TRUE,TRUE,FALSE,0.05659624385479834,8478038,2,9
2019020225,141,even-strength,60,-8,TRUE,FALSE,TRUE,TRUE,TRUE,FALSE,0.05952739981166714,8478038,2,9
2019020225,142,even-strength,68,-9,TRUE,TRUE,TRUE,TRUE,TRUE,FALSE,0.2144206507296524,8478038,2,9
2019020225,143,even-strength,47,29,FALSE,FALSE,TRUE,FALSE,FALSE,FALSE,0,8476917,2,9
2019020225,145,even-strength,79,-10,FALSE,FALSE,TRUE,FALSE,FALSE,FALSE,0,8478445,2,9
2019020225,355,even-strength,71,8,FALSE,FALSE,TRUE,TRUE,FALSE,FALSE,0.09162989954354356,8477527,2,9
2019020225,358,even-strength,46,24,FALSE,FALSE,TRUE,TRUE,TRUE,FALSE,0.01860076724628394,8476429,2,9
2019020225,371,even-strength,42,23,FALSE,FALSE,TRUE,TRUE,TRUE,FALSE,0.02492054274140108,8480865,2,9
2019020225,372,even-strength,40,-16,FALSE,FALSE,TRUE,TRUE,FALSE,FALSE,0.0275838727121829,8477506,2,9
2019020225,373,even-strength,36,-18,FALSE,FALSE,TRUE,TRUE,FALSE,FALSE,0.02113465012472314,8477506,2,9
2019020225,374,even-strength,55,15,FALSE,FALSE,TRUE,TRUE,FALSE,FALSE,0.03448319488001808,8478463,2,9
2019020225,375,even-strength,62,-9,FALSE,FALSE,TRUE,FALSE,FALSE,FALSE,0,8477506,2,9
2019020225,378,even-strength,74,26,FALSE,FALSE,TRUE,TRUE,TRUE,FALSE,0.04489711543434288,8474573,2,9
2019020225,379,even-strength,64,7,FALSE,FALSE,TRUE,FALSE,FALSE,FALSE,0,8474573,2,9
2019020225,384,even-strength,76,-6,FALSE,FALSE,TRUE,TRUE,TRUE,FALSE,0.08782122649882196,8475231,2,9
2019020225,386,even-strength,77,-3,FALSE,TRUE,TRUE,TRUE,TRUE,FALSE,0.2539444580452134,8475231,2,9
2019020225,387,even-strength,22,11,FALSE,FALSE,TRUE,TRUE,TRUE,FALSE,0.0075374263514758,8474573,2,9
2019020225,388,even-strength,72,-3,TRUE,FALSE,TRUE,TRUE,TRUE,FALSE,0.18502285326190948,8478367,2,9
2019020225,389,even-strength,75,0,FALSE,FALSE,TRUE,TRUE,TRUE,TRUE,0.3129722921914359,8478367,2,9
2019020225,391,even-strength,81,3,FALSE,FALSE,TRUE,TRUE,TRUE,FALSE,0.08743076404884086,8475231,2,9
2019020225,392,even-strength,54,20,FALSE,FALSE,TRUE,TRUE,TRUE,FALSE,0.02632403593971141,8478038,2,9
2019020225,393,even-strength,40,26,FALSE,FALSE,TRUE,TRUE,FALSE,FALSE,0.01095895545848015,8476917,2,9
2019020225,395,even-strength,38,-13,FALSE,FALSE,TRUE,TRUE,TRUE,FALSE,0.01755730203988313,8470187,2,9
2019020225,396,even-strength,41,19,TRUE,FALSE,TRUE,TRUE,TRUE,FALSE,0.02864483218800334,8480865,2,9
2019020225,398,even-strength,69,9,FALSE,FALSE,TRUE,FALSE,FALSE,FALSE,0,8478038,2,9
2019020225,400,even-strength,13,-17,FALSE,FALSE,TRUE,TRUE,TRUE,FALSE,0.00588739831461195,8477506,2,9
2019020225,604,even-strength,75,-2,FALSE,FALSE,TRUE,TRUE,TRUE,FALSE,0.08490946474703023,8478038,2,9
2019020225,612,even-strength,76,-2,FALSE,FALSE,TRUE,FALSE,FALSE,FALSE,0,8475754,2,9
2019020225,614,power-play,72,-5,FALSE,FALSE,TRUE,TRUE,TRUE,FALSE,0.12610407143402264,8478445,2,9
2019020225,615,power-play,78,0,FALSE,FALSE,TRUE,TRUE,TRUE,FALSE,0.1558524924637788,8475314,2,9
2019020225,616,power-play,43,0,FALSE,FALSE,TRUE,TRUE,TRUE,FALSE,0.05273511720056179,8478038,2,9
2019020225,617,power-play,66,-2,FALSE,FALSE,TRUE,TRUE,TRUE,FALSE,0.14238796376352225,8480789,2,9
2019020225,618,power-play,78,-5,FALSE,FALSE,TRUE,FALSE,FALSE,FALSE,0,8474573,2,9
2019020225,620,power-play,42,24,FALSE,FALSE,TRUE,TRUE,TRUE,FALSE,0.04898736119118815,8477506,2,9
2019020225,621,even-strength,76,3,FALSE,FALSE,TRUE,TRUE,FALSE,FALSE,0.1024839451374313,8477936,2,9
2019020225,625,even-strength,67,-10,FALSE,FALSE,TRUE,TRUE,TRUE,TRUE,0.11085192008167012,8475231,2,9
2019020225,627,even-strength,71,-7,FALSE,FALSE,TRUE,TRUE,TRUE,TRUE,0.09191621239014036,8474573,2,9
2019020225,639,even-strength,65,-3,FALSE,FALSE,TRUE,FALSE,FALSE,FALSE,0,8477506,2,9
2019020225,642,even-strength,48,31,TRUE,FALSE,TRUE,TRUE,FALSE,FALSE,0.02359857071530704,8478038,2,9
2019020225,643,even-strength,39,-24,FALSE,FALSE,TRUE,TRUE,TRUE,FALSE,0.0192228810830384,8478463,2,9
2019020271,348,even-strength,38,-33,FALSE,FALSE,TRUE,TRUE,TRUE,FALSE,0.01835723129184697,8477938,12,9
2019020271,552,even-strength,56,-10,FALSE,FALSE,TRUE,TRUE,TRUE,FALSE,0.05881766608988182,8476288,12,9
2019020271,555,even-strength,77,-11,TRUE,FALSE,TRUE,TRUE,FALSE,FALSE,0.1388019972165871,8476934,12,9
2019020271,557,even-strength,47,-2,FALSE,FALSE,TRUE,TRUE,TRUE,TRUE,0.06679636095228907,8476462,12,9
2019020271,558,even-strength,57,11,FALSE,FALSE,TRUE,TRUE,TRUE,FALSE,0.05614434841614313,8477998,12,9
2019020271,563,even-strength,59,23,TRUE,FALSE,TRUE,TRUE,TRUE,FALSE,0.08603534482847972,8476934,12,9
2019020271,571,even-strength,66,10,FALSE,FALSE,TRUE,FALSE,FALSE,FALSE,0,8476288,12,9
2019020271,572,even-strength,54,32,FALSE,FALSE,TRUE,TRUE,TRUE,FALSE,0.01440416040894305,8476958,12,9
2019020271,574,even-strength,40,29,FALSE,FALSE,TRUE,TRUE,TRUE,FALSE,0.01789545640070263,8476441,12,9
2019020271,575,even-strength,87,-5,FALSE,TRUE,TRUE,TRUE,TRUE,TRUE,0.17003315731054364,8478427,12,9
2019020271,578,even-strength,61,37,FALSE,FALSE,TRUE,TRUE,TRUE,FALSE,0.01633132968292816,8476958,12,9
2019020271,579,even-strength,67,6,FALSE,FALSE,TRUE,TRUE,TRUE,FALSE,0.06821787735854466,8480185,12,9
2019020271,581,even-strength,79,4,FALSE,FALSE,TRUE,TRUE,TRUE,FALSE,0.08818115605950046,8476288,12,9
2019020271,583,even-strength,69,-3,FALSE,FALSE,TRUE,TRUE,TRUE,FALSE,0.07709262315165655,8476288,12,9
2019020271,587,even-strength,64,4,FALSE,FALSE,TRUE,TRUE,FALSE,FALSE,0.13985216440441844,8475799,12,9
2019020271,589,even-strength,37,9,FALSE,FALSE,TRUE,TRUE,TRUE,FALSE,0.04302833473434361,8477488,12,9
2019020271,592,even-strength,52,24,FALSE,FALSE,TRUE,TRUE,TRUE,FALSE,0.02902197305659286,8476958,12,9
2019020271,594,even-strength,39,13,FALSE,FALSE,TRUE,TRUE,TRUE,FALSE,0.02460046415799528,8474581,12,9
2019020271,600,even-strength,78,-7,FALSE,FALSE,TRUE,TRUE,TRUE,FALSE,0.07825239989314152,8476207,12,9
2019020271,703,even-strength,78,1,FALSE,FALSE,TRUE,TRUE,TRUE,FALSE,0.16005471321194398,8478027,12,9
2019020271,707,even-strength,62,15,FALSE,FALSE,TRUE,TRUE,TRUE,FALSE,0.05603847209306895,8480185,12,9
2019020271,708,even-strength,80,9,FALSE,FALSE,TRUE,FALSE,FALSE,FALSE,0,8476288,12,9
2019020271,709,even-strength,74,-5,FALSE,FALSE,TRUE,TRUE,FALSE,FALSE,0.08817834179062899,8477998,12,9
2019020271,710,even-strength,36,-1,FALSE,FALSE,TRUE,TRUE,TRUE,FALSE,0.02656589405754463,8477488,12,9
2019020271,711,even-strength,83,-9,FALSE,FALSE,TRUE,TRUE,TRUE,TRUE,0.06381247223341423,8476288,12,9
2019020271,718,even-strength,69,9,FALSE,FALSE,TRUE,TRUE,TRUE,FALSE,0.10541743589545342,8476958,12,9
2019020271,719,even-strength,43,14,FALSE,FALSE,TRUE,TRUE,TRUE,FALSE,0.02730427962740872,8476441,12,9
2019020271,721,even-strength,64,20,FALSE,FALSE,TRUE,TRUE,TRUE,FALSE,0.05382531697486339,8476958,12,9
2019020271,723,even-strength,40,-24,FALSE,FALSE,TRUE,TRUE,TRUE,TRUE,0.02841920053867424,8476441,12,9
2019020271,733,even-strength,-76,7,FALSE,FALSE,TRUE,FALSE,FALSE,FALSE,0,8477938,12,9
2019020281,8,even-strength,85,-13,FALSE,FALSE,TRUE,TRUE,TRUE,FALSE,0.0314972165345709,8472382,1,9
2019020281,9,even-strength,74,-11,FALSE,FALSE,TRUE,FALSE,FALSE,FALSE,0,8474056,1,9
2019020281,11,power-play,64,11,FALSE,FALSE,TRUE,FALSE,FALSE,FALSE,0,8475791,1,9
2019020281,14,power-play,48,-20,FALSE,FALSE,TRUE,TRUE,TRUE,FALSE,0.04499317768157296,8474056,1,9
2019020281,15,power-play,61,18,FALSE,TRUE,TRUE,TRUE,TRUE,FALSE,0.228820793750887,8477038,1,9
2019020281,17,power-play,47,23,FALSE,FALSE,TRUE,TRUE,FALSE,FALSE,0.05423216082234005,8474056,1,9
2019020281,18,even-strength,65,3,FALSE,FALSE,TRUE,FALSE,FALSE,FALSE,0,8476923,1,9
2019020281,19,even-strength,55,2,FALSE,FALSE,TRUE,TRUE,TRUE,FALSE,0.04759576569712974,8480002,1,9
2019020281,21,even-strength,82,-5,FALSE,FALSE,TRUE,TRUE,TRUE,TRUE,0.13421936176219865,8474190,1,9
2019020281,22,even-strength,68,17,FALSE,FALSE,TRUE,TRUE,FALSE,FALSE,0.04765486997547735,8477038,1,9
2019020281,24,even-strength,55,28,FALSE,FALSE,TRUE,TRUE,TRUE,FALSE,0.02308483280646145,8475791,1,9
2019020281,26,even-strength,68,-11,FALSE,FALSE,TRUE,TRUE,FALSE,FALSE,0.06055559097809912,8477425,1,9
2019020281,28,power-play,76,8,FALSE,FALSE,TRUE,TRUE,TRUE,FALSE,0.11312316431573474,8474190,1,9
2019020281,30,power-play,38,-1,FALSE,FALSE,TRUE,TRUE,FALSE,FALSE,0.03595608001209244,8477355,1,9
2019020281,32,even-strength,57,-22,FALSE,FALSE,TRUE,TRUE,TRUE,FALSE,0.04089321994344309,8474056,1,9
2019020281,45,even-strength,60,-5,FALSE,FALSE,TRUE,FALSE,FALSE,FALSE,0,8477425,1,9
2019020281,46,even-strength,72,-1,FALSE,FALSE,TRUE,FALSE,FALSE,FALSE,0,8476807,1,9
2019020281,201,even-strength,52,-17,FALSE,FALSE,TRUE,TRUE,TRUE,FALSE,0.03309272112589502,8478401,1,9
2019020281,203,even-strength,52,-9,FALSE,FALSE,TRUE,TRUE,TRUE,FALSE,0.04866128836938746,8477038,1,9
2019020281,204,even-strength,62,21,FALSE,FALSE,TRUE,TRUE,TRUE,TRUE,0.0238667551599692,8477355,1,9
2019020281,206,even-strength,75,-7,FALSE,FALSE,TRUE,TRUE,FALSE,FALSE,0.07149184911054036,8477425,1,9
2019020281,212,even-strength,85,4,FALSE,FALSE,TRUE,TRUE,TRUE,FALSE,0.08371505699182885,8475151,1,9
2019020281,213,even-strength,44,-28,FALSE,FALSE,TRUE,TRUE,FALSE,FALSE,0.01696408791954045,8476807,1,9
2019020281,214,even-strength,56,22,FALSE,FALSE,TRUE,TRUE,FALSE,FALSE,0.0298166680536984,8480002,1,9
2019020281,215,even-strength,60,-13,FALSE,FALSE,TRUE,FALSE,FALSE,FALSE,0,8476399,1,9
2019020281,216,even-strength,63,5,FALSE,FALSE,TRUE,FALSE,FALSE,FALSE,0,8476399,1,9
2019020281,217,even-strength,44,9,FALSE,FALSE,TRUE,TRUE,TRUE,FALSE,0.03231390955536672,8474056,1,9
2019020281,222,even-strength,41,24,FALSE,FALSE,TRUE,TRUE,FALSE,FALSE,0.01680240679779136,8472382,1,9
2019020281,225,even-strength,76,13,FALSE,FALSE,TRUE,TRUE,FALSE,FALSE,0.07652934461298715,8477425,1,9
2019020281,226,even-strength,41,21,FALSE,FALSE,TRUE,TRUE,TRUE,FALSE,0.01647702689985581,8477509,1,9
2019020281,228,even-strength,58,20,FALSE,FALSE,TRUE,TRUE,TRUE,FALSE,0.03420542324322435,8480002,1,9
2019020281,242,even-strength,50,18,FALSE,FALSE,TRUE,TRUE,TRUE,FALSE,0.0369242821071034,8477509,1,9
2019020281,502,even-strength,1,0,FALSE,FALSE,TRUE,TRUE,TRUE,FALSE,0.00406314675654969,8478401,1,9
2019020281,503,even-strength,71,1,FALSE,FALSE,TRUE,TRUE,TRUE,FALSE,0.10223076733139548,8481559,1,9
2019020281,507,even-strength,47,-10,FALSE,FALSE,TRUE,FALSE,FALSE,FALSE,0,8474056,1,9
2019020281,518,even-strength,47,1,FALSE,FALSE,TRUE,TRUE,FALSE,FALSE,0.0357192330232588,8477038,1,9
2019020281,522,power-play,61,4,FALSE,FALSE,TRUE,FALSE,FALSE,FALSE,0,8475791,1,9
2019020281,523,power-play,55,-13,FALSE,FALSE,TRUE,TRUE,FALSE,FALSE,0.08267336263919244,8481559,1,9
2019020281,527,even-strength,88,7,FALSE,FALSE,TRUE,TRUE,TRUE,FALSE,0.05369560194915156,8478401,1,9
2019020281,529,even-strength,79,-5,FALSE,FALSE,TRUE,TRUE,TRUE,FALSE,0.0987237978978594,8475791,1,9
2019020281,532,even-strength,34,8,FALSE,FALSE,TRUE,TRUE,TRUE,FALSE,0.02604412049046223,8476807,1,9
2019020281,533,even-strength,59,-16,FALSE,FALSE,TRUE,TRUE,TRUE,FALSE,0.0363847184236858,8472382,1,9
2019020281,534,even-strength,69,-5,FALSE,FALSE,TRUE,TRUE,FALSE,FALSE,0.0617030246775413,8480002,1,9
2019020281,535,even-strength,53,28,FALSE,FALSE,TRUE,TRUE,FALSE,FALSE,0.01753297154349209,8475151,1,9
2019020281,549,even-strength,81,16,FALSE,FALSE,TRUE,TRUE,FALSE,FALSE,0.0353783671744162,8475151,1,9
2019020281,550,even-strength,75,-22,FALSE,FALSE,TRUE,TRUE,FALSE,FALSE,0.03497301208174308,8475151,1,9
2019020281,755,even-strength,48,39,FALSE,FALSE,TRUE,TRUE,TRUE,FALSE,0.024935791551068318,8475791,1,9
2019020304,205,even-strength,53,-29,FALSE,FALSE,TRUE,TRUE,TRUE,FALSE,0.01934893404778426,8478542,7,9
2019020304,206,even-strength,55,-8,FALSE,TRUE,TRUE,TRUE,TRUE,FALSE,0.08645236137499455,8475784,7,9
2019020304,208,even-strength,76,-17,TRUE,FALSE,TRUE,TRUE,TRUE,FALSE,0.06569849065674263,8478403,7,9
2019020304,210,even-strength,33,-36,FALSE,FALSE,TRUE,TRUE,TRUE,FALSE,0.00784483496531559,8477986,7,9
2019020304,224,even-strength,60,6,FALSE,FALSE,TRUE,TRUE,FALSE,FALSE,0.07392825763400633,8478109,7,9
2019020304,225,even-strength,74,-7,FALSE,FALSE,TRUE,FALSE,FALSE,FALSE,0,8477499,7,9
2019020304,226,even-strength,63,8,FALSE,FALSE,TRUE,FALSE,FALSE,FALSE,0,8480035,7,9
2019020304,230,power-play,61,-8,FALSE,FALSE,TRUE,TRUE,TRUE,FALSE,0.09230971383720228,8478109,7,9
2019020304,231,power-play,74,-5,FALSE,FALSE,TRUE,TRUE,FALSE,FALSE,0.12377210971002746,8478109,7,9
2019020304,232,power-play,54,5,FALSE,FALSE,TRUE,TRUE,TRUE,FALSE,0.09101787453602787,8478542,7,9
2019020304,234,even-strength,62,8,FALSE,FALSE,TRUE,TRUE,TRUE,FALSE,0.04284854735610717,8473449,7,9
2019020304,235,even-strength,56,37,FALSE,FALSE,TRUE,TRUE,TRUE,FALSE,0.01312261238170636,8474618,7,9
2019020304,237,power-play,75,-4,FALSE,FALSE,TRUE,TRUE,TRUE,FALSE,0.11065167451657731,8475784,7,9
2019020304,240,power-play,78,-14,FALSE,FALSE,TRUE,TRUE,TRUE,FALSE,0.12237586855124892,8478109,7,9
2019020304,241,power-play,84,18,FALSE,FALSE,TRUE,TRUE,TRUE,FALSE,0.09561217862412943,8477933,7,9
2019020304,243,power-play,56,17,FALSE,FALSE,TRUE,FALSE,FALSE,FALSE,0,8477986,7,9
2019020304,244,power-play,35,-29,FALSE,FALSE,TRUE,TRUE,TRUE,FALSE,0.02149254732962924,8477499,7,9
2019020304,245,power-play,70,4,TRUE,FALSE,TRUE,FALSE,FALSE,FALSE,0,8477986,7,9
2019020304,246,power-play,36,34,TRUE,TRUE,TRUE,TRUE,TRUE,FALSE,0.11465097352780208,8477986,7,9
2019020304,248,even-strength,65,21,FALSE,FALSE,TRUE,TRUE,FALSE,FALSE,0.04776436682211655,8478403,7,9
2019020304,249,even-strength,72,26,FALSE,FALSE,TRUE,TRUE,FALSE,FALSE,0.0271633283275527,8478109,7,9
2019020304,401,even-strength,45,3,FALSE,FALSE,TRUE,FALSE,FALSE,FALSE,0,8477508,7,9
2019020304,405,even-strength,50,-10,FALSE,FALSE,TRUE,FALSE,FALSE,FALSE,0,8478403,7,9
2019020304,409,even-strength,46,-27,FALSE,FALSE,TRUE,TRUE,FALSE,FALSE,0.01958364433800076,8478542,7,9
2019020304,410,even-strength,51,6,FALSE,FALSE,TRUE,FALSE,FALSE,FALSE,0,8476931,7,9
2019020304,411,even-strength,36,-16,FALSE,FALSE,TRUE,TRUE,TRUE,FALSE,0.02622565567717588,8477499,7,9
2019020304,412,even-strength,2,3,FALSE,FALSE,TRUE,TRUE,TRUE,FALSE,0.0028013053205174,8476931,7,9
2019020304,414,even-strength,70,-26,FALSE,FALSE,TRUE,TRUE,TRUE,TRUE,0.02777431788982987,8478403,7,9
2019020304,419,penalty-kill,81,-6,FALSE,FALSE,TRUE,TRUE,TRUE,FALSE,0.07325828340067299,8479335,7,9
2019020304,432,even-strength,55,-8,FALSE,FALSE,TRUE,TRUE,TRUE,TRUE,0.0608740666359613,8478403,7,9
2019020304,437,even-strength,59,10,FALSE,FALSE,TRUE,TRUE,FALSE,FALSE,0.07511957331981405,8475784,7,9
2019020304,439,even-strength,35,-3,FALSE,FALSE,TRUE,TRUE,TRUE,FALSE,0.04324033821091135,8474618,7,9
2019020304,440,even-strength,72,-7,FALSE,FALSE,TRUE,FALSE,FALSE,FALSE,0,8480035,7,9
2019020304,443,even-strength,54,-22,FALSE,FALSE,TRUE,FALSE,FALSE,FALSE,0,8477986,7,9
2019020304,449,even-strength,41,1,FALSE,FALSE,TRUE,TRUE,FALSE,FALSE,0.04722269083574076,8477839,7,9
2019020304,450,even-strength,84,-12,FALSE,FALSE,TRUE,TRUE,FALSE,FALSE,0.04268610447834562,8475784,7,9
2019020304,604,even-strength,57,19,FALSE,FALSE,TRUE,TRUE,FALSE,FALSE,0.03123861680376136,8476918,7,9
2019020304,616,even-strength,34,24,FALSE,FALSE,TRUE,TRUE,TRUE,FALSE,0.01442582699817489,8480035,7,9
2019020304,618,even-strength,56,0,FALSE,FALSE,TRUE,FALSE,FALSE,FALSE,0,8477933,7,9
2019020304,620,even-strength,43,5,FALSE,FALSE,TRUE,TRUE,TRUE,FALSE,0.0294620649894493,8476918,7,9
2019020304,621,even-strength,62,2,FALSE,FALSE,TRUE,TRUE,FALSE,FALSE,0.06200662003152264,8479999,7,9
2019020304,629,even-strength,40,-20,FALSE,FALSE,TRUE,TRUE,TRUE,FALSE,0.0170966902231695,8477499,7,9
2019020304,638,even-strength,38,32,FALSE,FALSE,TRUE,TRUE,TRUE,FALSE,0.0139165617012675,8474618,7,9
2019020304,641,even-strength,82,-8,FALSE,FALSE,TRUE,TRUE,TRUE,FALSE,0.07911254899509151,8476918,7,9
2019020304,645,even-strength,64,9,FALSE,FALSE,TRUE,TRUE,TRUE,TRUE,0.09667342412831492,8478403,7,9
2019020304,647,even-strength,64,13,FALSE,FALSE,TRUE,TRUE,TRUE,FALSE,0.0589430128101453,8477933,7,9
2019020304,649,even-strength,85,24,FALSE,FALSE,TRUE,TRUE,TRUE,FALSE,0.03736505759256962,8475784,7,9
2019020304,801,even-strength,73,1,FALSE,FALSE,TRUE,TRUE,FALSE,FALSE,0.10365393302830238,8476878,7,9
2019020304,803,even-strength,73,4,FALSE,FALSE,TRUE,FALSE,FALSE,FALSE,0,8477933,7,9
2019020304,805,even-strength,56,2,TRUE,FALSE,TRUE,TRUE,TRUE,FALSE,0.10654412835330414,8478109,7,9
2019020304,808,even-strength,52,-35,FALSE,FALSE,TRUE,TRUE,FALSE,FALSE,0.01602248457840968,8477499,7,9
2019020304,810,even-strength,52,9,FALSE,FALSE,TRUE,TRUE,FALSE,FALSE,0.05137537491965369,8477839,7,9
2019020304,814,even-strength,76,7,FALSE,FALSE,TRUE,FALSE,FALSE,FALSE,0,8475784,7,9
2019020304,815,even-strength,68,23,FALSE,TRUE,TRUE,TRUE,TRUE,FALSE,0.08635372264257622,8477986,7,9
2019020304,817,even-strength,36,36,FALSE,FALSE,TRUE,TRUE,TRUE,FALSE,0.00904897248661771,8476931,7,9
2019020304,818,even-strength,28,6,FALSE,FALSE,TRUE,TRUE,TRUE,FALSE,0.01395325625458038,8479335,7,9
2019020331,52,even-strength,11,36,FALSE,FALSE,TRUE,TRUE,FALSE,FALSE,0.00352851700946163,8477503,8,9
2019020331,53,even-strength,35,-32,FALSE,FALSE,TRUE,TRUE,FALSE,FALSE,0.01238150240413028,8473507,8,9
2019020331,58,penalty-kill,35,25,TRUE,FALSE,TRUE,TRUE,TRUE,FALSE,0.05445009052578053,8473507,8,9
2019020331,62,penalty-kill,66,-1,FALSE,FALSE,TRUE,TRUE,TRUE,FALSE,0.07292680684878929,8476479,8,9
2019020331,63,even-strength,61,36,FALSE,FALSE,TRUE,TRUE,FALSE,FALSE,0.01247770708550726,8475848,8,9
2019020331,64,even-strength,31,34,FALSE,FALSE,TRUE,TRUE,FALSE,FALSE,0.0099523036449347,8470642,8,9
2019020331,68,even-strength,5,8,FALSE,FALSE,TRUE,TRUE,TRUE,FALSE,0.00336826151966224,8480829,8,9
2019020331,70,even-strength,65,-18,FALSE,FALSE,TRUE,FALSE,FALSE,FALSE,0,8479985,8,9
2019020331,72,even-strength,71,11,FALSE,FALSE,TRUE,TRUE,FALSE,FALSE,0.05004780953245354,8476948,8,9
2019020331,75,even-strength,-2,-14,FALSE,FALSE,TRUE,TRUE,TRUE,FALSE,0.00380768055732084,8475193,8,9
2019020331,77,even-strength,80,-3,FALSE,FALSE,TRUE,FALSE,FALSE,FALSE,0,8475738,8,9
2019020331,79,even-strength,50,9,FALSE,FALSE,TRUE,FALSE,FALSE,FALSE,0,8476967,8,9
2019020331,81,even-strength,60,-28,FALSE,FALSE,TRUE,TRUE,TRUE,FALSE,0.02129570220616608,8470642,8,9
2019020331,83,even-strength,68,-7,FALSE,FALSE,TRUE,FALSE,FALSE,FALSE,0,8476469,8,9
2019020331,87,even-strength,52,24,TRUE,FALSE,TRUE,FALSE,FALSE,FALSE,0,8475848,8,9
2019020331,88,even-strength,73,-16,FALSE,FALSE,TRUE,TRUE,TRUE,FALSE,0.0571141590370078,8476948,8,9
2019020331,90,even-strength,47,-8,FALSE,FALSE,TRUE,TRUE,TRUE,FALSE,0.02620257445994747,8473507,8,9
2019020331,91,even-strength,35,31,FALSE,FALSE,TRUE,TRUE,TRUE,FALSE,0.00850072167154751,8473507,8,9
2019020331,93,even-strength,34,-36,FALSE,FALSE,TRUE,TRUE,FALSE,FALSE,0.0094912382028897,8470642,8,9
2019020331,99,even-strength,44,26,FALSE,FALSE,TRUE,FALSE,FALSE,FALSE,0,8476967,8,9
2019020331,251,even-strength,84,-16,FALSE,FALSE,TRUE,TRUE,FALSE,FALSE,0.07394582384050959,8473507,8,9
2019020331,252,even-strength,59,13,FALSE,FALSE,TRUE,TRUE,TRUE,FALSE,0.06834319352978685,8476393,8,9
2019020331,253,even-strength,32,20,FALSE,FALSE,TRUE,TRUE,TRUE,FALSE,0.01292783057326599,8476948,8,9
2019020331,254,even-strength,61,-9,FALSE,FALSE,TRUE,FALSE,FALSE,FALSE,0,8477476,8,9
2019020331,255,even-strength,68,-18,FALSE,TRUE,TRUE,TRUE,TRUE,FALSE,0.11370272188855772,8477476,8,9
2019020331,256,even-strength,82,2,FALSE,TRUE,TRUE,TRUE,TRUE,FALSE,0.28150185466758193,8480829,8,9
2019020331,258,power-play,57,-3,FALSE,FALSE,TRUE,FALSE,FALSE,FALSE,0,8477503,8,9
2019020331,259,power-play,76,-21,FALSE,FALSE,TRUE,TRUE,FALSE,FALSE,0.06221727979320256,8470642,8,9
2019020331,262,power-play,85,-5,TRUE,FALSE,TRUE,TRUE,TRUE,FALSE,0.20578408450517213,8476479,8,9
2019020331,263,power-play,76,-6,FALSE,FALSE,TRUE,TRUE,TRUE,TRUE,0.14946290771376777,8480018,8,9
2019020331,265,even-strength,81,-6,FALSE,FALSE,TRUE,TRUE,TRUE,FALSE,0.09031876941994672,8476393,8,9
2019020331,267,even-strength,31,-1,FALSE,FALSE,TRUE,TRUE,TRUE,FALSE,0.02061389521922158,8475279,8,9
2019020331,269,even-strength,80,-6,FALSE,FALSE,TRUE,TRUE,TRUE,FALSE,0.07014595132985679,8475738,8,9
2019020331,273,even-strength,60,25,FALSE,FALSE,TRUE,TRUE,TRUE,FALSE,0.02338621209384043,8477503,8,9
2019020331,275,even-strength,68,-1,FALSE,FALSE,TRUE,TRUE,FALSE,FALSE,0.08160101328206207,8479985,8,9
2019020331,279,even-strength,68,9,FALSE,FALSE,TRUE,FALSE,FALSE,FALSE,0,8473507,8,9
2019020331,281,even-strength,71,14,FALSE,FALSE,TRUE,FALSE,FALSE,FALSE,0,8479376,8,9
2019020331,283,even-strength,66,-14,FALSE,FALSE,TRUE,TRUE,TRUE,FALSE,0.05997432631657924,8477476,8,9
2019020331,289,even-strength,76,-5,FALSE,FALSE,TRUE,TRUE,TRUE,FALSE,0.09963356215287476,8475193,8,9
2019020331,290,even-strength,79,-1,FALSE,TRUE,TRUE,TRUE,FALSE,FALSE,0.2314119461908112,8475193,8,9
2019020331,293,even-strength,69,5,FALSE,FALSE,TRUE,TRUE,FALSE,FALSE,0.08689347122154066,8476469,8,9
2019020331,294,even-strength,35,-36,FALSE,FALSE,TRUE,TRUE,FALSE,FALSE,0.01041833440075121,8473507,8,9
2019020331,295,even-strength,54,0,FALSE,FALSE,TRUE,TRUE,TRUE,FALSE,0.05274315637930673,8476469,8,9
2019020331,299,even-strength,70,-3,FALSE,FALSE,TRUE,TRUE,FALSE,FALSE,0.07455413950879203,8477476,8,9
2019020331,300,even-strength,67,0,FALSE,FALSE,TRUE,FALSE,FALSE,FALSE,0,8475193,8,9
2019020331,451,even-strength,61,-12,TRUE,FALSE,TRUE,FALSE,FALSE,FALSE,0,8476469,8,9
2019020331,452,even-strength,34,34,FALSE,FALSE,TRUE,TRUE,FALSE,FALSE,0.00771460522286965,8470642,8,9
2019020331,457,even-strength,84,4,FALSE,FALSE,TRUE,TRUE,TRUE,FALSE,0.09128717991909412,8477503,8,9
2019020331,460,even-strength,44,37,FALSE,FALSE,TRUE,TRUE,TRUE,FALSE,0.01866963141082022,8475279,8,9
2019020331,461,even-strength,46,-24,FALSE,FALSE,TRUE,FALSE,FALSE,FALSE,0,8470642,8,9
2019020331,463,even-strength,33,-35,FALSE,FALSE,TRUE,TRUE,TRUE,FALSE,0.01014833651041239,8470642,8,9
2019020331,467,even-strength,39,30,FALSE,FALSE,TRUE,TRUE,TRUE,FALSE,0.01043400238345971,8477503,8,9
2019020331,473,even-strength,37,8,FALSE,FALSE,TRUE,TRUE,FALSE,FALSE,0.02258808391113335,8476479,8,9
2019020331,474,even-strength,64,-5,FALSE,FALSE,TRUE,FALSE,FALSE,FALSE,0,8473507,8,9
2019020331,478,even-strength,55,-3,FALSE,FALSE,TRUE,TRUE,TRUE,FALSE,0.0481661736061383,8476469,8,9
2019020331,487,even-strength,89,6,FALSE,FALSE,TRUE,TRUE,FALSE,FALSE,0.04895585810114888,8477476,8,9
2019020331,489,even-strength,33,-29,TRUE,FALSE,TRUE,TRUE,TRUE,FALSE,0.02336259572603681,8479376,8,9
2019020331,490,even-strength,41,5,FALSE,FALSE,TRUE,FALSE,FALSE,FALSE,0,8473507,8,9
2019020331,494,even-strength,32,21,FALSE,FALSE,TRUE,TRUE,TRUE,FALSE,0.0162446521597116,8475279,8,9
2019020331,496,even-strength,90,-25,FALSE,FALSE,TRUE,TRUE,TRUE,FALSE,0.05254487984518799,8475848,8,9
2019020331,497,even-strength,82,-1,FALSE,FALSE,TRUE,TRUE,TRUE,FALSE,0.11276277848133304,8479376,8,9
2019020331,498,even-strength,50,25,TRUE,FALSE,TRUE,TRUE,TRUE,FALSE,0.04594773119575231,8475193,8,9
2019020331,499,even-strength,63,13,FALSE,TRUE,TRUE,FALSE,FALSE,FALSE,0,8475193,8,9
2019020331,651,even-strength,57,-2,FALSE,FALSE,TRUE,TRUE,FALSE,FALSE,0.04513682822798039,8475738,8,9
2019020331,656,even-strength,70,34,FALSE,FALSE,TRUE,TRUE,TRUE,FALSE,0.024223750702713,8476948,8,9
2019020331,657,even-strength,87,7,FALSE,TRUE,TRUE,TRUE,FALSE,FALSE,0.1233244326587043,8476393,8,9
2019020331,660,even-strength,82,14,FALSE,FALSE,TRUE,FALSE,FALSE,FALSE,0,8479376,8,9
2019020331,670,even-strength,77,9,FALSE,FALSE,TRUE,TRUE,FALSE,FALSE,0.05343422995343444,8475848,8,9
2019020331,677,even-strength,15,29,FALSE,FALSE,TRUE,TRUE,TRUE,FALSE,0.00586407193440301,8479376,8,9
2019020331,678,even-strength,52,12,FALSE,FALSE,TRUE,FALSE,FALSE,FALSE,0,8480829,8,9
2019020331,679,even-strength,75,-40,FALSE,TRUE,TRUE,TRUE,TRUE,FALSE,0.04152951969274894,8470642,8,9
2019020331,682,even-strength,72,2,FALSE,FALSE,TRUE,TRUE,TRUE,FALSE,0.10255399983309096,8477503,8,9
2019020331,683,even-strength,32,10,FALSE,FALSE,TRUE,TRUE,FALSE,FALSE,0.01438976633953352,8475279,8,9
2019020331,686,even-strength,75,1,FALSE,FALSE,TRUE,TRUE,TRUE,FALSE,0.11329111747137292,8475848,8,9
2019020369,54,even-strength,37,30,FALSE,FALSE,TRUE,TRUE,TRUE,FALSE,0.01146831907508844,8478460,29,9
2019020369,55,even-strength,50,-1,FALSE,FALSE,TRUE,TRUE,FALSE,FALSE,0.04282291174950217,8477495,29,9
2019020369,57,even-strength,71,2,FALSE,FALSE,TRUE,FALSE,FALSE,FALSE,0,8476850,29,9
2019020369,58,even-strength,43,-22,FALSE,FALSE,TRUE,TRUE,TRUE,FALSE,0.01956456830639034,8480074,29,9
2019020369,59,even-strength,56,-12,FALSE,FALSE,TRUE,TRUE,FALSE,FALSE,0.03511077424106799,8479400,29,9
2019020369,60,even-strength,68,-6,FALSE,FALSE,TRUE,FALSE,FALSE,FALSE,0,8474715,29,9
2019020369,61,even-strength,60,-14,FALSE,FALSE,TRUE,FALSE,FALSE,FALSE,0,8475233,29,9
2019020369,63,even-strength,54,-11,FALSE,FALSE,TRUE,TRUE,TRUE,FALSE,0.06996538018446326,8477947,29,9
2019020369,66,even-strength,40,-15,FALSE,FALSE,TRUE,TRUE,TRUE,FALSE,0.02751834647684497,8474715,29,9
2019020369,67,even-strength,74,-4,FALSE,FALSE,TRUE,TRUE,FALSE,FALSE,0.07722105001152932,8477505,29,9
2019020369,80,even-strength,66,-15,FALSE,FALSE,TRUE,TRUE,FALSE,FALSE,0.06791009462447266,8474715,29,9
2019020369,82,even-strength,51,-16,FALSE,FALSE,TRUE,FALSE,FALSE,FALSE,0,8478460,29,9
2019020369,87,even-strength,76,4,FALSE,FALSE,TRUE,TRUE,FALSE,FALSE,0.10978383570877136,8476432,29,9
2019020369,88,even-strength,40,-20,FALSE,FALSE,TRUE,TRUE,TRUE,FALSE,0.02632319931811646,8478567,29,9
2019020369,91,even-strength,38,-21,FALSE,FALSE,TRUE,TRUE,TRUE,FALSE,0.01869216844013391,8475233,29,9
2019020369,92,even-strength,69,9,FALSE,FALSE,TRUE,FALSE,FALSE,FALSE,0,8476432,29,9
2019020369,99,even-strength,84,6,FALSE,FALSE,TRUE,TRUE,TRUE,FALSE,0.06342567643854144,8473422,29,9
2019020369,364,even-strength,59,-26,FALSE,FALSE,TRUE,TRUE,FALSE,FALSE,0.03899216674471802,8476432,29,9
2019020369,367,even-strength,41,-22,FALSE,FALSE,TRUE,TRUE,FALSE,FALSE,0.02222549762200182,8478567,29,9
2019020369,368,even-strength,71,-6,FALSE,FALSE,TRUE,FALSE,FALSE,FALSE,0,8477416,29,9
2019020369,371,even-strength,68,3,TRUE,FALSE,TRUE,FALSE,FALSE,FALSE,0,8474715,29,9
2019020369,374,penalty-kill,35,-24,FALSE,FALSE,TRUE,TRUE,FALSE,FALSE,0.05027084782750157,8478567,29,9
2019020369,375,even-strength,74,-3,TRUE,FALSE,TRUE,TRUE,TRUE,FALSE,0.10316036370818736,8477416,29,9
2019020369,376,even-strength,67,-4,FALSE,FALSE,TRUE,FALSE,FALSE,FALSE,0,8477416,29,9
2019020369,381,even-strength,84,5,FALSE,FALSE,TRUE,TRUE,TRUE,FALSE,0.07115658930931396,8476981,29,9
2019020369,386,even-strength,76,-5,TRUE,FALSE,TRUE,TRUE,FALSE,FALSE,0.17368649012854084,8479400,29,9
2019020369,389,even-strength,52,13,FALSE,FALSE,TRUE,TRUE,TRUE,FALSE,0.04460289912448854,8478460,29,9
2019020369,396,even-strength,56,3,FALSE,FALSE,TRUE,TRUE,TRUE,FALSE,0.07608490391878142,8477416,29,9
2019020369,398,even-strength,83,-4,FALSE,FALSE,TRUE,TRUE,TRUE,FALSE,0.09357171249116038,8473422,29,9
2019020369,502,power-play,62,-16,FALSE,FALSE,TRUE,TRUE,TRUE,FALSE,0.06173341237150319,8477505,29,9
2019020369,504,power-play,63,-4,FALSE,FALSE,TRUE,FALSE,FALSE,FALSE,0,8477495,29,9
2019020369,505,power-play,44,21,FALSE,FALSE,TRUE,TRUE,TRUE,FALSE,0.04753758534592747,8477416,29,9
2019020369,510,even-strength,85,3,FALSE,FALSE,TRUE,TRUE,TRUE,TRUE,0.08703745741585273,8477416,29,9
2019020369,514,even-strength,39,29,FALSE,FALSE,TRUE,TRUE,FALSE,FALSE,0.0132458348213571,8476850,29,9
2019020369,515,even-strength,60,0,FALSE,FALSE,TRUE,TRUE,TRUE,FALSE,0.05861478048097492,8477505,29,9
2019020369,516,even-strength,62,40,FALSE,FALSE,TRUE,TRUE,TRUE,FALSE,0.0131040008949855,8476981,29,9
2019020369,523,even-strength,68,-7,FALSE,FALSE,TRUE,FALSE,FALSE,FALSE,0,8478882,29,9
2019020369,524,even-strength,71,-1,FALSE,FALSE,TRUE,FALSE,FALSE,FALSE,0,8477495,29,9
2019020369,527,even-strength,56,-5,FALSE,FALSE,TRUE,FALSE,FALSE,FALSE,0,8476850,29,9
2019020369,533,even-strength,41,-1,FALSE,FALSE,TRUE,TRUE,TRUE,FALSE,0.03538265239344963,8477495,29,9
2019020369,534,even-strength,76,7,FALSE,FALSE,TRUE,TRUE,TRUE,FALSE,0.11144483098567928,8479400,29,9
2019020369,536,power-play,58,12,FALSE,FALSE,TRUE,FALSE,FALSE,FALSE,0,8477416,29,9
2019020369,543,even-strength,63,5,FALSE,FALSE,TRUE,FALSE,FALSE,FALSE,0,8477416,29,9
2019020369,545,even-strength,40,-23,FALSE,FALSE,TRUE,TRUE,FALSE,FALSE,0.03383060872731428,8477495,29,9
2019020369,550,even-strength,77,-5,FALSE,FALSE,TRUE,TRUE,FALSE,FALSE,0.1162065896727113,8478460,29,9
2019020436,55,even-strength,33,-18,FALSE,FALSE,TRUE,TRUE,FALSE,FALSE,0.01224333267585606,8480940,22,9
2019020436,56,even-strength,41,-26,FALSE,FALSE,TRUE,TRUE,TRUE,FALSE,0.01532474040517678,8471729,22,9
2019020436,58,even-strength,76,-5,FALSE,FALSE,TRUE,TRUE,TRUE,FALSE,0.0651470672557917,8481638,22,9
2019020436,59,even-strength,66,8,FALSE,FALSE,TRUE,TRUE,FALSE,FALSE,0.07099520666517824,8477934,22,9
2019020436,60,even-strength,77,5,FALSE,FALSE,TRUE,TRUE,TRUE,FALSE,0.07682762692707575,8474040,22,9
2019020436,62,even-strength,82,25,FALSE,FALSE,TRUE,TRUE,TRUE,FALSE,0.02466633603127942,8477498,22,9
2019020436,63,even-strength,85,-7,FALSE,TRUE,TRUE,TRUE,FALSE,FALSE,0.10179858444981409,8477498,22,9
2019020436,64,even-strength,79,-18,FALSE,FALSE,TRUE,TRUE,FALSE,FALSE,0.03326796003490612,8471707,22,9
2019020436,65,even-strength,53,33,FALSE,TRUE,TRUE,TRUE,FALSE,FALSE,0.06071668313727458,8477498,22,9
2019020436,66,even-strength,81,-5,FALSE,FALSE,TRUE,TRUE,TRUE,FALSE,0.099796954107748,8476472,22,9
2019020436,67,even-strength,59,13,FALSE,FALSE,TRUE,FALSE,FALSE,FALSE,0,8481813,22,9
2019020436,68,even-strength,82,-11,FALSE,FALSE,TRUE,FALSE,FALSE,FALSE,0,8476457,22,9
2019020436,71,even-strength,67,-3,FALSE,FALSE,TRUE,TRUE,FALSE,FALSE,0.09964253752677688,8476915,22,9
2019020436,73,even-strength,78,7,FALSE,FALSE,TRUE,TRUE,TRUE,FALSE,0.09919773493632272,8478402,22,9
2019020436,75,power-play,77,26,FALSE,FALSE,TRUE,TRUE,TRUE,FALSE,0.08650430148930674,8478402,22,9
2019020436,76,power-play,77,3,FALSE,FALSE,TRUE,TRUE,FALSE,FALSE,0.12981646657124662,8478402,22,9
2019020436,77,power-play,75,-11,FALSE,FALSE,TRUE,TRUE,FALSE,FALSE,0.12748610131014543,8477934,22,9
2019020436,79,power-play,81,-7,FALSE,FALSE,TRUE,TRUE,TRUE,FALSE,0.1258097770835552,8471707,22,9
2019020436,80,even-strength,78,-1,FALSE,TRUE,TRUE,TRUE,TRUE,FALSE,0.2498493937800644,8471707,22,9
2019020436,82,even-strength,80,3,TRUE,FALSE,TRUE,TRUE,FALSE,FALSE,0.18202992495079096,8479466,22,9
2019020436,85,even-strength,80,4,FALSE,FALSE,TRUE,TRUE,TRUE,TRUE,0.10253520713580876,8476915,22,9
2019020436,87,power-play,-77,-1,FALSE,FALSE,TRUE,FALSE,FALSE,FALSE,0,8476472,22,9
2019020436,89,power-play,62,8,FALSE,FALSE,TRUE,FALSE,FALSE,FALSE,0,8476472,22,9
2019020436,92,even-strength,77,5,TRUE,FALSE,TRUE,FALSE,FALSE,FALSE,0,8477498,22,9
2019020436,255,even-strength,52,-26,FALSE,FALSE,TRUE,TRUE,TRUE,FALSE,0.02330755877068868,8476915,22,9
2019020436,263,even-strength,68,28,FALSE,FALSE,TRUE,TRUE,TRUE,FALSE,0.02157306279246764,8476472,22,9
2019020436,265,even-strength,46,16,FALSE,FALSE,TRUE,TRUE,FALSE,FALSE,0.03291888000865381,8476472,22,9
2019020436,276,even-strength,65,14,FALSE,FALSE,TRUE,TRUE,TRUE,FALSE,0.03345528179993653,8476472,22,9
2019020436,278,even-strength,88,-28,FALSE,FALSE,TRUE,TRUE,FALSE,FALSE,0.01579315522380995,8474040,22,9
2019020436,279,even-strength,53,-26,FALSE,FALSE,TRUE,TRUE,FALSE,FALSE,0.01905225038531921,8481813,22,9
2019020436,288,even-strength,66,10,FALSE,FALSE,TRUE,FALSE,FALSE,FALSE,0,8476457,22,9
2019020436,289,even-strength,74,-12,FALSE,FALSE,TRUE,FALSE,FALSE,FALSE,0,8476915,22,9
2019020436,290,even-strength,70,7,FALSE,FALSE,TRUE,TRUE,TRUE,FALSE,0.05030136531116009,8474040,22,9
2019020436,292,even-strength,61,-16,FALSE,FALSE,TRUE,TRUE,FALSE,FALSE,0.04180397169386082,8471707,22,9
2019020436,293,even-strength,39,29,FALSE,FALSE,TRUE,TRUE,FALSE,FALSE,0.01255972037950916,8477498,22,9
2019020436,298,power-play,71,15,FALSE,FALSE,TRUE,TRUE,TRUE,FALSE,0.08982827353095371,8478402,22,9
2019020436,299,power-play,42,7,FALSE,FALSE,TRUE,TRUE,TRUE,FALSE,0.03980556004735947,8476472,22,9
2019020436,300,power-play,55,-27,FALSE,FALSE,TRUE,TRUE,TRUE,FALSE,0.05492805139938087,8474040,22,9
2019020436,501,power-play,34,-7,FALSE,FALSE,TRUE,TRUE,TRUE,TRUE,0.03792816691203002,8476472,22,9
2019020436,502,even-strength,76,-16,TRUE,FALSE,TRUE,TRUE,TRUE,FALSE,0.05897392132267243,8476440,22,9
2019020436,506,even-strength,54,-5,FALSE,FALSE,TRUE,FALSE,FALSE,FALSE,0,8476915,22,9
2019020436,516,even-strength,61,-32,FALSE,FALSE,TRUE,TRUE,TRUE,FALSE,0.0182175939915387,8481813,22,9
2019020436,517,even-strength,83,-6,FALSE,FALSE,TRUE,FALSE,FALSE,FALSE,0,8475772,22,9
2019020436,525,even-strength,72,8,FALSE,FALSE,TRUE,FALSE,FALSE,FALSE,0,8481638,22,9
2019020436,526,even-strength,56,-31,FALSE,FALSE,TRUE,TRUE,TRUE,FALSE,0.01491991171813733,8480940,22,9
2019020436,532,even-strength,5,0,FALSE,FALSE,TRUE,TRUE,TRUE,FALSE,0.00507233570742704,8476457,22,9
2019020436,539,even-strength,34,2,FALSE,FALSE,TRUE,TRUE,FALSE,FALSE,0.0433536048519332,8480940,22,9
2019020436,541,even-strength,71,-18,FALSE,FALSE,TRUE,FALSE,FALSE,FALSE,0,8481813,22,9
2019020436,542,even-strength,9,-19,FALSE,FALSE,TRUE,TRUE,TRUE,FALSE,0.00446429171714565,8480940,22,9
2019020436,543,even-strength,70,7,FALSE,FALSE,TRUE,FALSE,FALSE,FALSE,0,8477498,22,9
2019020436,545,even-strength,37,-13,FALSE,FALSE,TRUE,TRUE,FALSE,FALSE,0.02288684182783674,8478451,22,9
2019020436,546,even-strength,80,-10,FALSE,FALSE,TRUE,TRUE,FALSE,FALSE,0.05409907716621703,8475163,22,9
2019020436,547,even-strength,71,2,FALSE,FALSE,TRUE,TRUE,TRUE,FALSE,0.0965901385440632,8481638,22,9
2019020436,706,power-play,67,-11,FALSE,FALSE,TRUE,TRUE,FALSE,FALSE,0.1149984048071548,8471707,22,9
2019020436,707,power-play,59,-16,FALSE,FALSE,TRUE,TRUE,TRUE,FALSE,0.12628554637437436,8477934,22,9
2019020436,708,power-play,71,-5,FALSE,FALSE,TRUE,FALSE,FALSE,FALSE,0,8477934,22,9
2019020436,710,power-play,73,-7,FALSE,FALSE,TRUE,FALSE,FALSE,FALSE,0,8477934,22,9
2019020436,711,power-play,74,8,FALSE,FALSE,TRUE,FALSE,FALSE,FALSE,0,8478402,22,9
2019020436,712,power-play,79,-17,FALSE,FALSE,TRUE,FALSE,FALSE,FALSE,0,8481813,22,9
2019020436,714,power-play,83,-16,FALSE,FALSE,TRUE,TRUE,TRUE,FALSE,0.0843698155717252,8476440,22,9
2019020452,11,even-strength,85,-31,FALSE,FALSE,TRUE,TRUE,TRUE,FALSE,0.02034023402402113,8475763,4,9
2019020452,15,even-strength,44,-4,FALSE,FALSE,TRUE,FALSE,FALSE,FALSE,0,8474161,4,9
2019020452,56,even-strength,-9,31,FALSE,FALSE,TRUE,TRUE,TRUE,FALSE,0.00122251145604157,8476872,4,9
2019020452,58,even-strength,82,33,FALSE,FALSE,TRUE,TRUE,FALSE,FALSE,0.01976183767991842,8475763,4,9
2019020452,59,even-strength,38,-9,FALSE,FALSE,TRUE,TRUE,TRUE,FALSE,0.01898137816167628,8471702,4,9
2019020452,60,even-strength,61,20,FALSE,FALSE,TRUE,FALSE,FALSE,FALSE,0,8480028,4,9
2019020452,61,even-strength,85,10,FALSE,FALSE,TRUE,TRUE,TRUE,TRUE,0.04379118487339857,8478439,4,9
2019020452,63,even-strength,32,-21,FALSE,FALSE,TRUE,TRUE,TRUE,FALSE,0.01080478926036238,8474027,4,9
2019020452,70,even-strength,60,-12,FALSE,FALSE,TRUE,TRUE,FALSE,FALSE,0.06710850221527806,8475752,4,9
2019020452,71,even-strength,57,-33,FALSE,FALSE,TRUE,TRUE,FALSE,FALSE,0.03948369412094845,8475752,4,9
2019020452,72,even-strength,32,18,FALSE,FALSE,TRUE,TRUE,TRUE,TRUE,0.03197993477758684,8476906,4,9
2019020575,17,even-strength,51,-26,FALSE,FALSE,TRUE,TRUE,TRUE,FALSE,0.02217177167992773,8475784,7,9
2019020575,31,even-strength,67,18,FALSE,FALSE,TRUE,TRUE,TRUE,FALSE,0.06139723420565811,8478109,7,9
2019020575,32,even-strength,81,10,FALSE,TRUE,TRUE,TRUE,TRUE,FALSE,0.13005320695504513,8478109,7,9
2019020575,40,even-strength,45,26,FALSE,FALSE,TRUE,TRUE,TRUE,FALSE,0.02787630871788692,8476931,7,9
2019020575,45,even-strength,38,-29,FALSE,FALSE,TRUE,TRUE,TRUE,FALSE,0.01455495726748366,8477499,7,9
2019020575,51,even-strength,84,-8,FALSE,FALSE,TRUE,TRUE,FALSE,FALSE,0.04655904368295566,8477933,7,9
2019020575,54,even-strength,40,15,FALSE,FALSE,TRUE,TRUE,FALSE,FALSE,0.02817487176196032,8476931,7,9
2019020575,55,even-strength,42,14,FALSE,FALSE,TRUE,TRUE,FALSE,FALSE,0.02085778404970254,8477986,7,9
2019020575,61,even-strength,77,8,TRUE,FALSE,TRUE,FALSE,FALSE,FALSE,0,8476931,7,9
2019020575,64,even-strength,81,5,TRUE,FALSE,TRUE,FALSE,FALSE,FALSE,0,8480839,7,9
2019020575,67,even-strength,85,8,FALSE,FALSE,TRUE,TRUE,FALSE,FALSE,0.03986086209489855,8475149,7,9
2019020575,68,even-strength,78,7,FALSE,FALSE,TRUE,TRUE,FALSE,FALSE,0.0691852280057305,8477508,7,9
2019020575,78,even-strength,74,9,FALSE,FALSE,TRUE,FALSE,FALSE,FALSE,0,8476878,7,9
2019020575,87,even-strength,67,15,FALSE,FALSE,TRUE,TRUE,TRUE,FALSE,0.04389886378003561,8475784,7,9
2019020575,88,even-strength,71,1,FALSE,FALSE,TRUE,FALSE,FALSE,FALSE,0,8474618,7,9
2019020575,90,power-play,64,-14,FALSE,FALSE,TRUE,TRUE,FALSE,FALSE,0.07426138123607248,8478109,7,9
2019020575,92,even-strength,80,5,FALSE,FALSE,TRUE,FALSE,FALSE,FALSE,0,8477508,7,9
2019020575,94,penalty-kill,62,6,FALSE,FALSE,TRUE,FALSE,FALSE,FALSE,0,8475149,7,9
2019020575,254,even-strength,51,-28,FALSE,FALSE,TRUE,TRUE,TRUE,FALSE,0.01951604941267929,8474618,7,9
2019020575,258,even-strength,83,18,FALSE,FALSE,TRUE,TRUE,TRUE,FALSE,0.03339233615543748,8477508,7,9
2019020575,260,even-strength,82,1,FALSE,FALSE,TRUE,TRUE,TRUE,FALSE,0.13336722269716964,8478109,7,9
2019020575,261,even-strength,68,0,FALSE,FALSE,TRUE,TRUE,TRUE,FALSE,0.06678050475832971,8478403,7,9
2019020575,265,even-strength,38,-25,FALSE,FALSE,TRUE,TRUE,TRUE,FALSE,0.02399529873834506,8474567,7,9
2019020575,267,even-strength,46,-34,FALSE,FALSE,TRUE,TRUE,TRUE,FALSE,0.01489930340714648,8480839,7,9
2019020575,268,even-strength,51,-38,FALSE,FALSE,TRUE,TRUE,TRUE,FALSE,0.01123984388397484,8477986,7,9
2019020575,270,even-strength,55,-15,FALSE,FALSE,TRUE,TRUE,TRUE,FALSE,0.03200093584567766,8478109,7,9
2019020575,273,even-strength,81,-13,FALSE,FALSE,TRUE,TRUE,FALSE,FALSE,0.06139060508138804,8476918,7,9
2019020575,288,power-play,54,17,FALSE,FALSE,TRUE,TRUE,TRUE,FALSE,0.06475018049387327,8478403,7,9
2019020575,291,even-strength,46,5,FALSE,FALSE,TRUE,TRUE,TRUE,FALSE,0.03044927379914059,8479335,7,9
2019020575,401,even-strength,55,3,FALSE,FALSE,TRUE,TRUE,FALSE,FALSE,0.046570485596078993,8476918,7,9
2019020575,402,even-strength,52,-15,FALSE,FALSE,TRUE,FALSE,FALSE,FALSE,0,8474567,7,9
2019020575,403,even-strength,77,-8,FALSE,FALSE,TRUE,FALSE,FALSE,FALSE,0,8478403,7,9
2019020575,404,even-strength,73,3,FALSE,FALSE,TRUE,TRUE,FALSE,FALSE,0.092900655734348,8477933,7,9
2019020575,408,even-strength,67,-13,FALSE,FALSE,TRUE,TRUE,FALSE,FALSE,0.04331920162269894,8478403,7,9
2019020575,417,even-strength,74,8,FALSE,FALSE,TRUE,FALSE,FALSE,FALSE,0,8474618,7,9
2019020575,421,even-strength,55,-12,FALSE,FALSE,TRUE,FALSE,FALSE,FALSE,0,8478403,7,9
2019020575,425,power-play,74,-1,FALSE,FALSE,TRUE,FALSE,FALSE,FALSE,0,8480839,7,9
2019020575,426,power-play,33,-5,FALSE,FALSE,TRUE,TRUE,FALSE,FALSE,0.02944724451631416,8480839,7,9
2019020575,429,even-strength,70,-7,FALSE,FALSE,TRUE,FALSE,FALSE,FALSE,0,8477499,7,9
2019020575,430,even-strength,47,-3,FALSE,FALSE,TRUE,FALSE,FALSE,FALSE,0,8477986,7,9
2019020575,431,even-strength,71,-1,FALSE,TRUE,TRUE,FALSE,FALSE,FALSE,0,8474618,7,9
2019020575,433,even-strength,79,3,FALSE,FALSE,TRUE,FALSE,FALSE,FALSE,0,8480839,7,9
2019020575,434,even-strength,50,-17,FALSE,FALSE,TRUE,FALSE,FALSE,FALSE,0,8477499,7,9
2019020575,435,even-strength,79,3,FALSE,FALSE,TRUE,FALSE,FALSE,FALSE,0,8476878,7,9
2019020575,440,even-strength,80,6,FALSE,FALSE,TRUE,TRUE,FALSE,FALSE,0.09422542153387006,8477933,7,9
2019020575,447,even-strength,53,-12,FALSE,FALSE,TRUE,TRUE,FALSE,FALSE,0.03778187557607484,8477839,7,9
2019020575,450,even-strength,74,2,FALSE,FALSE,TRUE,FALSE,FALSE,FALSE,0,8480839,7,9
2019020575,504,even-strength,86,-18,TRUE,FALSE,TRUE,TRUE,TRUE,FALSE,0.06467943695760797,8475784,7,9
2019020575,513,even-strength,49,-2,TRUE,FALSE,TRUE,TRUE,TRUE,FALSE,0.05213504799442036,8477986,7,9
2019020575,515,even-strength,56,20,FALSE,FALSE,TRUE,TRUE,TRUE,FALSE,0.04954699526295549,8475784,7,9
2019020575,516,even-strength,81,-17,FALSE,FALSE,TRUE,TRUE,TRUE,FALSE,0.03638752592655484,8477839,7,9
2019020575,524,even-strength,77,1,FALSE,FALSE,TRUE,TRUE,TRUE,FALSE,0.11682978531852456,8476918,7,9
2019020575,527,even-strength,72,-5,TRUE,FALSE,TRUE,TRUE,TRUE,TRUE,0.09947046115350586,8476878,7,9
2019020575,534,even-strength,84,-17,FALSE,FALSE,TRUE,TRUE,TRUE,FALSE,0.02986873430151388,8475784,7,9
2019020575,538,even-strength,43,-33,FALSE,FALSE,TRUE,TRUE,TRUE,FALSE,0.01615951334666622,8477933,7,9
2019020575,542,even-strength,73,-32,FALSE,FALSE,TRUE,TRUE,TRUE,FALSE,0.02303398921808953,8478542,7,9
2019020575,655,even-strength,35,-36,FALSE,FALSE,TRUE,TRUE,TRUE,FALSE,0.01002817722251905,8480035,7,9
2019020575,656,even-strength,67,-2,FALSE,FALSE,TRUE,TRUE,TRUE,FALSE,0.05496818323460988,8474618,7,9
2019020575,658,even-strength,83,-22,FALSE,FALSE,TRUE,TRUE,TRUE,FALSE,0.04218488976350495,8478542,7,9
2019020575,671,power-play,55,18,FALSE,FALSE,TRUE,TRUE,TRUE,FALSE,0.06695655236203849,8478403,7,9
2019020575,672,power-play,80,-15,FALSE,FALSE,TRUE,TRUE,TRUE,FALSE,0.09429521986479916,8476918,7,9
2019020575,674,even-strength,73,-36,FALSE,FALSE,TRUE,TRUE,TRUE,FALSE,0.01554371889460792,8478542,7,9
2019020575,675,even-strength,48,3,FALSE,FALSE,TRUE,TRUE,TRUE,FALSE,0.03711468358676371,8477933,7,9
2019020575,676,even-strength,83,20,FALSE,FALSE,TRUE,TRUE,TRUE,FALSE,0.02216715504619811,8477933,7,9
2019020575,680,even-strength,77,-10,FALSE,FALSE,TRUE,TRUE,TRUE,FALSE,0.05637228738831212,8478542,7,9
2019020575,682,even-strength,35,-5,FALSE,FALSE,TRUE,TRUE,TRUE,FALSE,0.0185856055703872,8476878,7,9
2019020575,683,even-strength,66,-2,FALSE,TRUE,TRUE,TRUE,TRUE,FALSE,0.15869023825470965,8478542,7,9
2019020575,685,even-strength,86,-4,FALSE,TRUE,TRUE,TRUE,TRUE,FALSE,0.17390472178876962,8478542,7,9
2019020575,691,even-strength,38,-1,FALSE,FALSE,TRUE,TRUE,TRUE,FALSE,0.02261252121473801,8478403,7,9
2019020575,696,even-strength,45,-8,FALSE,FALSE,TRUE,TRUE,TRUE,FALSE,0.04900259943704983,8476918,7,9
2019020575,699,even-strength,62,21,TRUE,FALSE,TRUE,TRUE,TRUE,FALSE,0.05880579278073674,8476918,7,9
2019020575,701,even-strength,49,5,FALSE,FALSE,TRUE,FALSE,FALSE,FALSE,0,8480839,7,9
2019020575,704,even-strength,63,2,FALSE,FALSE,TRUE,TRUE,FALSE,FALSE,0.07271707771405272,8480839,7,9
2019020575,705,even-strength,49,-7,FALSE,FALSE,TRUE,FALSE,FALSE,FALSE,0,8480839,7,9
2019020575,802,even-strength,39,-27,FALSE,FALSE,TRUE,TRUE,TRUE,FALSE,0.01440205719728907,8477499,7,9
2019020575,808,even-strength,37,-36,FALSE,FALSE,TRUE,TRUE,TRUE,FALSE,0.0091583308069822,8477499,7,9
2019020575,812,even-strength,34,-30,TRUE,FALSE,TRUE,TRUE,TRUE,FALSE,0.03183200997804701,8475149,7,9
2019020575,813,even-strength,36,-29,FALSE,FALSE,TRUE,TRUE,TRUE,FALSE,0.02246916441080733,8475149,7,9
2019020603,14,even-strength,72,7,FALSE,FALSE,TRUE,TRUE,TRUE,FALSE,0.06727165719074156,8475151,1,9
2019020603,18,even-strength,-51,8,FALSE,FALSE,TRUE,TRUE,TRUE,FALSE,5.310625519721899e-4,8474056,1,9
2019020603,38,even-strength,69,-37,FALSE,FALSE,TRUE,TRUE,TRUE,FALSE,0.02197387902320518,8479407,1,9
2019020603,42,power-play,68,1,FALSE,FALSE,TRUE,TRUE,TRUE,FALSE,0.13080905005919907,8477038,1,9
2019020603,44,power-play,76,-1,FALSE,FALSE,TRUE,TRUE,TRUE,TRUE,0.1088363818959944,8480002,1,9
2019020603,48,even-strength,35,-25,FALSE,FALSE,TRUE,TRUE,TRUE,FALSE,0.00940782326491236,8477509,1,9
2019020603,101,even-strength,85,-36,FALSE,FALSE,TRUE,TRUE,FALSE,FALSE,0.02249980003533772,8477038,1,9
2019020603,107,even-strength,71,-27,FALSE,FALSE,TRUE,TRUE,FALSE,FALSE,0.02420237754081056,8471233,1,9
2019020603,108,even-strength,63,7,FALSE,FALSE,TRUE,FALSE,FALSE,FALSE,0,8477509,1,9
2019020603,111,even-strength,75,-8,FALSE,FALSE,TRUE,TRUE,FALSE,FALSE,0.05670017645497358,8481559,1,9
2019020603,112,even-strength,76,-1,TRUE,FALSE,TRUE,TRUE,FALSE,FALSE,0.20371813390348217,8471233,1,9
2019020603,114,even-strength,73,0,FALSE,TRUE,TRUE,FALSE,FALSE,FALSE,0,8475222,1,9
2019020603,116,power-play,66,-11,FALSE,FALSE,TRUE,FALSE,FALSE,FALSE,0,8474056,1,9
2019020603,117,power-play,57,-11,FALSE,FALSE,TRUE,TRUE,FALSE,FALSE,0.07055329910055372,8475151,1,9
2019020603,119,power-play,45,-24,FALSE,FALSE,TRUE,TRUE,FALSE,FALSE,0.04016433328372358,8480002,1,9
2019020603,120,even-strength,59,21,FALSE,FALSE,TRUE,FALSE,FALSE,FALSE,0,8477425,1,9
2019020603,121,even-strength,49,-22,FALSE,FALSE,TRUE,FALSE,FALSE,FALSE,0,8472382,1,9
2019020603,123,even-strength,34,-10,FALSE,FALSE,TRUE,TRUE,FALSE,FALSE,0.0262483236089174,8476923,1,9
2019020603,124,even-strength,41,-5,FALSE,FALSE,TRUE,TRUE,FALSE,FALSE,0.02258220281268821,8478401,1,9
2019020603,125,even-strength,73,6,FALSE,FALSE,TRUE,FALSE,FALSE,FALSE,0,8480003,1,9
2019020603,126,even-strength,81,9,FALSE,FALSE,TRUE,FALSE,FALSE,FALSE,0,8475151,1,9
2019020603,127,even-strength,52,0,FALSE,FALSE,TRUE,TRUE,FALSE,FALSE,0.04334894856167603,8480002,1,9
2019020603,128,penalty-kill,63,-1,FALSE,TRUE,TRUE,TRUE,FALSE,FALSE,0.2202519028812281,8471233,1,9
2019020603,133,power-play,80,-3,FALSE,TRUE,TRUE,FALSE,FALSE,FALSE,0,8476923,1,9
2019020603,134,power-play,76,-2,FALSE,FALSE,TRUE,FALSE,FALSE,FALSE,0,8475151,1,9
2019020603,135,power-play,79,4,FALSE,FALSE,TRUE,FALSE,FALSE,FALSE,0,8475151,1,9
2019020603,144,even-strength,82,-6,FALSE,FALSE,TRUE,TRUE,FALSE,FALSE,0.08215437689431083,8477425,1,9
2019020603,145,even-strength,63,-3,FALSE,FALSE,TRUE,TRUE,FALSE,FALSE,0.05948313837794855,8480002,1,9
2019020603,148,even-strength,75,-6,TRUE,FALSE,TRUE,FALSE,FALSE,FALSE,0,8477425,1,9
2019020603,150,even-strength,60,25,FALSE,FALSE,TRUE,TRUE,FALSE,FALSE,0.03493420485949209,8477038,1,9
2019020603,255,penalty-kill,64,11,FALSE,FALSE,TRUE,TRUE,TRUE,FALSE,0.08349671079901323,8476399,1,9
2019020603,256,penalty-kill,80,-8,FALSE,FALSE,TRUE,TRUE,TRUE,FALSE,0.03959119880106796,8478401,1,9
2019020603,261,even-strength,36,39,FALSE,FALSE,TRUE,TRUE,TRUE,FALSE,0.00920152635386193,8474056,1,9
2019020603,268,power-play,66,33,FALSE,FALSE,TRUE,TRUE,TRUE,FALSE,0.04559243701720159,8476923,1,9
2019020603,270,power-play,82,3,FALSE,FALSE,TRUE,TRUE,TRUE,FALSE,0.12209996778057228,8475151,1,9
2019020603,271,power-play,80,0,FALSE,TRUE,TRUE,TRUE,TRUE,FALSE,0.1581429844856755,8475151,1,9
2019020603,272,power-play,85,-8,FALSE,TRUE,TRUE,TRUE,TRUE,FALSE,0.2048316243679933,8476923,1,9
2019020603,274,power-play,65,-42,FALSE,FALSE,TRUE,TRUE,TRUE,FALSE,0.02962107714575407,8474190,1,9
2019020603,291,even-strength,78,5,FALSE,FALSE,TRUE,TRUE,TRUE,FALSE,0.08459589627633433,8477038,1,9
2019020603,295,even-strength,72,-1,FALSE,FALSE,TRUE,TRUE,TRUE,FALSE,0.08418116251710264,8480002,1,9
2019020603,402,even-strength,42,14,FALSE,FALSE,TRUE,TRUE,FALSE,FALSE,0.01120328011077002,8480002,1,9
2019020603,406,even-strength,58,-11,FALSE,FALSE,TRUE,TRUE,FALSE,FALSE,0.05256130398783196,8476399,1,9
2019020603,407,even-strength,72,-9,FALSE,FALSE,TRUE,FALSE,FALSE,FALSE,0,8477425,1,9
2019020603,410,even-strength,58,-13,FALSE,FALSE,TRUE,TRUE,TRUE,FALSE,0.07192517285759892,8475222,1,9
2019020603,411,even-strength,73,3,FALSE,FALSE,TRUE,FALSE,FALSE,FALSE,0,8481559,1,9
2019020603,418,even-strength,81,2,FALSE,TRUE,TRUE,FALSE,FALSE,FALSE,0,8477425,1,9
2019020603,421,power-play,78,4,FALSE,FALSE,TRUE,TRUE,FALSE,FALSE,0.15980401812700826,8480002,1,9
2019020603,422,power-play,79,6,FALSE,FALSE,TRUE,FALSE,FALSE,FALSE,0,8477038,1,9
2019020603,429,even-strength,70,-5,FALSE,FALSE,TRUE,FALSE,FALSE,FALSE,0,8476923,1,9
2019020603,434,even-strength,60,-27,FALSE,FALSE,TRUE,TRUE,FALSE,FALSE,0.02476189705923252,8475151,1,9
2019020603,436,even-strength,75,0,FALSE,FALSE,TRUE,FALSE,FALSE,FALSE,0,8474190,1,9
2019020603,437,even-strength,34,19,FALSE,FALSE,TRUE,TRUE,FALSE,FALSE,0.01709598909616941,8472382,1,9
2019020603,438,even-strength,51,17,FALSE,FALSE,TRUE,FALSE,FALSE,FALSE,0,8472382,1,9
2019020603,439,even-strength,59,1,FALSE,FALSE,TRUE,TRUE,FALSE,FALSE,0.05467749504769878,8480002,1,9
2019020603,447,even-strength,70,32,FALSE,FALSE,TRUE,TRUE,FALSE,FALSE,0.02205845029659756,8476399,1,9
2019020603,456,even-strength,87,-16,TRUE,FALSE,TRUE,TRUE,TRUE,FALSE,0.077721659089697,8471233,1,9
2019020603,479,even-strength,67,41,FALSE,FALSE,TRUE,TRUE,TRUE,FALSE,0.01198984607669903,8480003,1,9
2019020603,491,even-strength,77,38,FALSE,FALSE,TRUE,TRUE,TRUE,FALSE,0.01546584229551621,8481559,1,9
2019020603,602,power-play,78,2,FALSE,FALSE,TRUE,TRUE,TRUE,FALSE,0.16778348349494898,8480002,1,9
2019020603,603,power-play,86,20,FALSE,FALSE,TRUE,TRUE,TRUE,TRUE,0.07817551513503974,8477038,1,9
2019020603,614,even-strength,77,1,FALSE,FALSE,TRUE,TRUE,TRUE,TRUE,0.1295326401651164,8477425,1,9
2019020603,627,even-strength,50,40,FALSE,TRUE,TRUE,TRUE,TRUE,FALSE,0.0449396883324987,8480002,1,9
2019020603,629,even-strength,83,32,FALSE,FALSE,TRUE,TRUE,TRUE,FALSE,0.02033449353191663,8474056,1,9
2019020603,630,even-strength,58,-1,FALSE,FALSE,TRUE,TRUE,TRUE,FALSE,0.06900697155860684,8474190,1,9
2019020603,631,even-strength,69,21,TRUE,FALSE,TRUE,TRUE,TRUE,FALSE,0.04944644094613167,8477425,1,9
2019020603,633,even-strength,72,-1,FALSE,TRUE,TRUE,TRUE,TRUE,FALSE,0.185163363847897,8474190,1,9
2019020603,635,even-strength,69,38,FALSE,FALSE,TRUE,TRUE,TRUE,FALSE,0.01374410493515358,8477401,1,9
2019020603,640,even-strength,80,-9,FALSE,FALSE,TRUE,TRUE,TRUE,FALSE,0.0505836228543199,8476399,1,9
2019020603,643,even-strength,64,41,FALSE,FALSE,TRUE,TRUE,TRUE,FALSE,0.01378984942362925,8480002,1,9
2019020603,645,even-strength,78,-4,FALSE,FALSE,TRUE,TRUE,TRUE,FALSE,0.0988360760049398,8479407,1,9
2019020603,646,even-strength,-28,-24,FALSE,FALSE,TRUE,TRUE,TRUE,FALSE,0.00135827763518782,8474190,1,9
2019020603,653,even-strength,84,18,FALSE,FALSE,TRUE,TRUE,FALSE,FALSE,0.04187134040635545,8477425,1,9
2019020603,791,even-strength,-80,5,FALSE,FALSE,TRUE,FALSE,FALSE,FALSE,0,8475222,1,9
2019020603,792,even-strength,81,4,FALSE,FALSE,TRUE,TRUE,TRUE,TRUE,0.1616850066994168,8481559,1,9
2019020632,11,even-strength,54,16,FALSE,FALSE,TRUE,TRUE,TRUE,FALSE,0.03484450645655231,8476456,13,9
2019020632,18,power-play,79,6,FALSE,FALSE,TRUE,TRUE,TRUE,TRUE,0.14476355831516288,8474149,13,9
2019020632,26,even-strength,8,-31,FALSE,FALSE,TRUE,TRUE,TRUE,FALSE,0.00256168614364148,8474098,13,9
2019020632,36,even-strength,39,31,TRUE,FALSE,TRUE,TRUE,TRUE,FALSE,0.02660262383255408,8470619,13,9
2019020632,112,even-strength,35,-29,FALSE,TRUE,TRUE,FALSE,FALSE,FALSE,0,8474884,13,9
2019020632,221,even-strength,75,11,FALSE,FALSE,TRUE,FALSE,FALSE,FALSE,0,8478569,13,9
2019020632,227,even-strength,65,-13,FALSE,FALSE,TRUE,FALSE,FALSE,FALSE,0,8476389,13,9
2019020632,232,even-strength,81,-13,FALSE,FALSE,TRUE,FALSE,FALSE,FALSE,0,8474884,13,9
2019020632,235,even-strength,73,-22,FALSE,FALSE,TRUE,FALSE,FALSE,FALSE,0,8471873,13,9
2019020632,236,even-strength,47,-24,FALSE,FALSE,TRUE,TRUE,FALSE,FALSE,0.0179229136064071,8471873,13,9
2019020632,237,even-strength,84,10,FALSE,FALSE,TRUE,FALSE,FALSE,FALSE,0,8471735,13,9
2019020632,240,even-strength,83,10,FALSE,FALSE,TRUE,FALSE,FALSE,FALSE,0,8471735,13,9
2019020632,242,even-strength,78,-4,FALSE,FALSE,TRUE,FALSE,FALSE,FALSE,0,8477932,13,9
2019020632,250,even-strength,79,-3,FALSE,TRUE,TRUE,FALSE,FALSE,FALSE,0,8477932,13,9
2019020632,259,even-strength,37,-24,FALSE,FALSE,TRUE,TRUE,TRUE,FALSE,0.0152544038197232,8471873,13,9
2019020632,262,even-strength,83,-7,FALSE,FALSE,TRUE,TRUE,TRUE,FALSE,0.05974468939151552,8475796,13,9
2019020632,266,even-strength,62,-31,FALSE,FALSE,TRUE,TRUE,TRUE,FALSE,0.03620855553458582,8477932,13,9
2019020632,283,even-strength,40,26,FALSE,FALSE,TRUE,TRUE,TRUE,FALSE,0.02863689799068555,8478366,13,9
2019020632,284,even-strength,71,1,FALSE,FALSE,TRUE,TRUE,TRUE,FALSE,0.12120075315018276,8478569,13,9
2019020632,285,even-strength,19,34,FALSE,FALSE,TRUE,TRUE,TRUE,FALSE,0.00280520477256295,8476875,13,9
2019020632,289,even-strength,54,12,FALSE,FALSE,TRUE,TRUE,TRUE,FALSE,0.03012096747722416,8479388,13,9
2019020632,299,power-play,70,-31,TRUE,FALSE,TRUE,TRUE,TRUE,FALSE,0.07036692584055304,8470619,13,9
2019020632,403,even-strength,65,34,FALSE,FALSE,TRUE,FALSE,FALSE,FALSE,0,8474149,13,9
2019020632,404,even-strength,85,7,TRUE,FALSE,TRUE,FALSE,FALSE,FALSE,0,8471873,13,9
2019020632,411,power-play,32,36,FALSE,FALSE,TRUE,TRUE,FALSE,FALSE,0.02123665019165265,8477932,13,9
2019020632,414,even-strength,40,-32,FALSE,FALSE,TRUE,TRUE,FALSE,FALSE,0.01033046220967739,8474884,13,9
2019020632,415,power-play,41,-19,FALSE,FALSE,TRUE,FALSE,FALSE,FALSE,0,8471735,13,9
2019020632,416,power-play,79,-4,FALSE,FALSE,TRUE,FALSE,FALSE,FALSE,0,8474884,13,9
2019020632,417,even-strength,68,21,FALSE,FALSE,TRUE,FALSE,FALSE,FALSE,0,8476389,13,9
2019020632,421,even-strength,71,-1,FALSE,FALSE,TRUE,TRUE,FALSE,FALSE,0.08913492805385251,8470619,13,9
2019020632,423,even-strength,30,-6,FALSE,FALSE,TRUE,TRUE,FALSE,FALSE,0.01581816351769148,8477932,13,9
2019020632,424,even-strength,81,-9,FALSE,FALSE,TRUE,FALSE,FALSE,FALSE,0,8475792,13,9
2019020632,436,even-strength,62,24,FALSE,FALSE,TRUE,FALSE,FALSE,FALSE,0,8479388,13,9
2019020632,446,even-strength,86,11,FALSE,FALSE,TRUE,TRUE,FALSE,FALSE,0.05232407842676816,8475792,13,9
2019020632,459,power-play,67,5,FALSE,FALSE,TRUE,TRUE,TRUE,TRUE,0.1391177356125847,8474149,13,9
2019020632,461,even-strength,79,-37,FALSE,FALSE,TRUE,TRUE,TRUE,FALSE,0.01738585995943558,8475792,13,9
2019020632,463,even-strength,74,-6,FALSE,FALSE,TRUE,TRUE,TRUE,FALSE,0.09047069676804598,8471873,13,9
2019020632,464,even-strength,33,-17,FALSE,FALSE,TRUE,TRUE,TRUE,FALSE,0.02281546968444018,8471873,13,9
2019020632,465,even-strength,77,1,TRUE,FALSE,TRUE,TRUE,TRUE,TRUE,0.12610822232812913,8478569,13,9
2019020632,470,even-strength,66,-5,FALSE,TRUE,TRUE,TRUE,TRUE,FALSE,0.1435774322569557,8470619,13,9
2019020632,490,even-strength,67,-10,FALSE,FALSE,TRUE,TRUE,TRUE,FALSE,0.0620226937060435,8474884,13,9
2019020632,496,even-strength,54,-1,FALSE,FALSE,TRUE,TRUE,TRUE,TRUE,0.0718969807070554,8478366,13,9
2019020632,498,even-strength,57,0,FALSE,FALSE,TRUE,TRUE,TRUE,FALSE,0.04595869901327069,8470619,13,9
2019020632,499,even-strength,66,-18,FALSE,FALSE,TRUE,TRUE,TRUE,TRUE,0.06743667275706344,8474098,13,9
2019020632,658,even-strength,30,-33,TRUE,FALSE,TRUE,TRUE,TRUE,FALSE,0.01759674265531687,8471873,13,9
2019020632,660,even-strength,78,4,FALSE,FALSE,TRUE,TRUE,TRUE,FALSE,0.07392433659666157,8478569,13,9
2019020632,672,even-strength,57,8,FALSE,FALSE,TRUE,TRUE,TRUE,FALSE,0.05588675873786725,8476875,13,9
2019020632,675,even-strength,36,-24,FALSE,FALSE,TRUE,TRUE,TRUE,FALSE,0.02004359657129465,8477932,13,9
2019020632,677,even-strength,34,23,TRUE,FALSE,TRUE,TRUE,TRUE,FALSE,0.03968705041492285,8479388,13,9
2019020632,802,even-strength,57,7,FALSE,FALSE,TRUE,TRUE,TRUE,FALSE,0.09400793680339084,8478366,13,9
2019020632,804,even-strength,42,-24,FALSE,FALSE,TRUE,TRUE,TRUE,FALSE,0.01959352098177578,8477932,13,9
2019020632,805,even-strength,79,22,FALSE,FALSE,TRUE,TRUE,TRUE,FALSE,0.03254145775923554,8478366,13,9
2019020648,63,even-strength,45,-3,FALSE,FALSE,TRUE,TRUE,TRUE,FALSE,0.0384001971796735,8475167,14,9
2019020648,72,even-strength,78,5,FALSE,FALSE,TRUE,TRUE,TRUE,FALSE,0.06547463450549922,8476826,14,9
2019020648,81,power-play,43,0,FALSE,FALSE,TRUE,FALSE,FALSE,FALSE,0,8475167,14,9
2019020648,88,even-strength,78,0,FALSE,FALSE,TRUE,TRUE,TRUE,FALSE,0.11148121168465304,8478010,14,9
2019020648,89,even-strength,63,-27,FALSE,FALSE,TRUE,TRUE,TRUE,FALSE,0.02819406728015597,8476453,14,9
2019020648,97,penalty-kill,-84,37,FALSE,FALSE,TRUE,TRUE,TRUE,FALSE,2.7968763290442714e-4,8474151,14,9
2019020648,206,even-strength,53,16,FALSE,FALSE,TRUE,FALSE,FALSE,FALSE,0,8474151,14,9
2019020648,208,power-play,79,17,FALSE,FALSE,TRUE,FALSE,FALSE,FALSE,0,8474564,14,9
2019020648,209,power-play,74,12,FALSE,FALSE,TRUE,FALSE,FALSE,FALSE,0,8474564,14,9
2019020648,210,power-play,58,-17,FALSE,FALSE,TRUE,TRUE,FALSE,FALSE,0.06651933313742948,8473986,14,9
2019020648,211,power-play,68,11,FALSE,FALSE,TRUE,FALSE,FALSE,FALSE,0,8474870,14,9
2019020648,220,even-strength,76,-13,FALSE,FALSE,TRUE,TRUE,FALSE,FALSE,0.0640116772007471,8478010,14,9
2019020648,224,even-strength,60,1,FALSE,FALSE,TRUE,TRUE,FALSE,FALSE,0.04979351929203318,8474564,14,9
2019020648,239,even-strength,73,-5,FALSE,FALSE,TRUE,FALSE,FALSE,FALSE,0,8476292,14,9
2019020648,247,even-strength,85,-5,FALSE,FALSE,TRUE,FALSE,FALSE,FALSE,0,8478519,14,9
2019020648,250,even-strength,85,10,FALSE,FALSE,TRUE,FALSE,FALSE,FALSE,0,8478010,14,9
2019020648,314,even-strength,35,-27,FALSE,FALSE,TRUE,TRUE,TRUE,FALSE,0.01286982061242455,8478416,14,9
2019020648,331,even-strength,29,-22,FALSE,FALSE,TRUE,TRUE,TRUE,FALSE,0.01124055597342276,8474031,14,9
2019020648,455,even-strength,91,-11,FALSE,FALSE,TRUE,TRUE,FALSE,FALSE,0.05969010179513216,8474870,14,9
2019020648,457,even-strength,72,9,FALSE,FALSE,TRUE,FALSE,FALSE,FALSE,0,8475167,14,9
2019020648,461,even-strength,32,-30,FALSE,FALSE,TRUE,TRUE,FALSE,FALSE,0.01328528776834002,8478416,14,9
2019020648,462,even-strength,79,15,FALSE,FALSE,TRUE,FALSE,FALSE,FALSE,0,8476453,14,9
2019020648,466,even-strength,68,2,FALSE,FALSE,TRUE,FALSE,FALSE,FALSE,0,8475167,14,9
2019020648,467,even-strength,43,20,FALSE,FALSE,TRUE,FALSE,FALSE,FALSE,0,8479410,14,9
2019020648,473,even-strength,81,2,FALSE,FALSE,TRUE,FALSE,FALSE,FALSE,0,8478519,14,9
2019020648,474,even-strength,76,-4,FALSE,FALSE,TRUE,FALSE,FALSE,FALSE,0,8476292,14,9
2019020648,475,even-strength,70,29,FALSE,FALSE,TRUE,TRUE,FALSE,FALSE,0.02017747694586772,8475167,14,9
2019020648,477,even-strength,53,25,FALSE,FALSE,TRUE,FALSE,FALSE,FALSE,0,8479410,14,9
2019020648,481,even-strength,73,-7,TRUE,FALSE,TRUE,FALSE,FALSE,FALSE,0,8479410,14,9
2019020648,485,even-strength,62,-12,FALSE,FALSE,TRUE,TRUE,FALSE,FALSE,0.0510199476810434,8476453,14,9
2019020648,486,even-strength,62,12,FALSE,FALSE,TRUE,TRUE,FALSE,FALSE,0.04895242959031548,8479410,14,9
2019020648,494,even-strength,57,29,FALSE,FALSE,TRUE,FALSE,FALSE,FALSE,0,8473986,14,9
2019020648,495,even-strength,73,2,TRUE,TRUE,TRUE,TRUE,FALSE,FALSE,0.27982925662006575,8477409,14,9
2019020648,496,even-strength,80,-1,FALSE,FALSE,TRUE,FALSE,FALSE,FALSE,0,8474031,14,9
2019020648,502,even-strength,77,1,FALSE,FALSE,TRUE,TRUE,TRUE,TRUE,0.1147389412488077,8477409,14,9
2019020648,506,even-strength,60,-10,TRUE,FALSE,TRUE,TRUE,TRUE,TRUE,0.11752797475591201,8474031,14,9
2019020648,513,even-strength,32,-7,FALSE,FALSE,TRUE,TRUE,TRUE,FALSE,0.0192304898021478,8476453,14,9
2019020648,532,even-strength,90,-7,FALSE,FALSE,TRUE,TRUE,TRUE,FALSE,0.04396202604008357,8476975,14,9
2019020648,534,even-strength,72,7,TRUE,FALSE,TRUE,TRUE,TRUE,FALSE,0.13850523902806972,8474564,14,9
2019020648,651,even-strength,65,12,FALSE,FALSE,TRUE,TRUE,TRUE,FALSE,0.07265874104991421,8478477,14,9
2019020648,657,even-strength,47,6,FALSE,FALSE,TRUE,TRUE,TRUE,FALSE,0.03655820858385141,8475167,14,9
2019020648,671,even-strength,45,11,FALSE,FALSE,TRUE,TRUE,TRUE,FALSE,0.02065047273717837,8475167,14,9
2019020648,673,even-strength,67,1,FALSE,FALSE,TRUE,TRUE,TRUE,FALSE,0.0879840180871004,8478010,14,9
2019020648,675,even-strength,72,1,FALSE,FALSE,TRUE,TRUE,TRUE,FALSE,0.13940091837760968,8476826,14,9
2019020648,686,even-strength,67,9,FALSE,FALSE,TRUE,TRUE,TRUE,TRUE,0.08001062005802646,8478010,14,9
2019020648,691,even-strength,79,-4,FALSE,TRUE,TRUE,TRUE,TRUE,FALSE,0.30808799552044386,8478010,14,9
2019020648,855,even-strength,80,0,TRUE,FALSE,TRUE,TRUE,TRUE,FALSE,0.2656974816999101,8476292,14,9
2019020648,857,even-strength,50,30,FALSE,FALSE,TRUE,TRUE,TRUE,FALSE,0.01576236248405744,8479410,14,9
2019020648,861,even-strength,68,-29,FALSE,FALSE,TRUE,TRUE,TRUE,FALSE,0.02550746020511989,8473986,14,9
2019020648,862,even-strength,72,-7,FALSE,FALSE,TRUE,TRUE,TRUE,FALSE,0.05828173828862969,8476975,14,9
2019020648,865,even-strength,22,-39,FALSE,FALSE,TRUE,TRUE,TRUE,FALSE,0.00620086065165921,8480172,14,9
2019020648,866,even-strength,65,19,FALSE,FALSE,TRUE,TRUE,TRUE,FALSE,0.03214994477253183,8479410,14,9
2019020648,869,even-strength,76,-1,FALSE,FALSE,TRUE,TRUE,TRUE,FALSE,0.1142808207438481,8476292,14,9
2019020648,870,even-strength,80,0,FALSE,FALSE,TRUE,TRUE,TRUE,TRUE,0.11926219044132196,8474870,14,9
2019020667,14,even-strength,55,-35,TRUE,FALSE,TRUE,TRUE,TRUE,FALSE,0.02802762315241928,8475462,15,9
2019020667,15,even-strength,64,-39,FALSE,FALSE,TRUE,TRUE,TRUE,FALSE,0.02613070393528966,8475462,15,9
2019020667,16,even-strength,74,-35,FALSE,FALSE,TRUE,TRUE,TRUE,FALSE,0.02127301895489669,8474590,15,9
2019020667,18,even-strength,59,-34,FALSE,FALSE,TRUE,TRUE,FALSE,FALSE,0.01813959620107315,8476880,15,9
2019020667,22,even-strength,68,-6,TRUE,FALSE,TRUE,TRUE,TRUE,FALSE,0.09559512367595052,8474189,15,9
2019020667,23,even-strength,33,-5,FALSE,FALSE,TRUE,TRUE,TRUE,FALSE,0.0187745302776712,8474590,15,9
2019020667,28,even-strength,4,15,FALSE,FALSE,TRUE,TRUE,TRUE,FALSE,0.00465964407999095,8475200,15,9
2019020667,29,even-strength,38,22,FALSE,FALSE,TRUE,TRUE,TRUE,FALSE,0.02430971438919755,8478399,15,9
2019020667,34,even-strength,60,-8,FALSE,FALSE,TRUE,FALSE,FALSE,FALSE,0,8474590,15,9
2019020667,35,even-strength,63,-30,FALSE,FALSE,TRUE,TRUE,TRUE,FALSE,0.02352488194900796,8477944,15,9
2019020667,36,even-strength,71,29,FALSE,FALSE,TRUE,TRUE,TRUE,FALSE,0.04058161386547086,8475200,15,9
2019020667,43,even-strength,75,-26,FALSE,FALSE,TRUE,TRUE,TRUE,FALSE,0.03281771218881908,8471214,15,9
2019020667,47,even-strength,51,-2,FALSE,FALSE,TRUE,TRUE,TRUE,FALSE,0.05265705232445877,8476894,15,9
2019020667,49,even-strength,45,-35,FALSE,FALSE,TRUE,TRUE,TRUE,FALSE,0.01309072879444156,8474590,15,9
2019020667,201,even-strength,60,-22,FALSE,FALSE,TRUE,FALSE,FALSE,FALSE,0,8477944,15,9
2019020667,202,even-strength,74,32,FALSE,TRUE,TRUE,FALSE,FALSE,FALSE,0,8479482,15,9
2019020667,207,even-strength,51,34,TRUE,FALSE,TRUE,TRUE,FALSE,FALSE,0.03654646631808263,8475343,15,9
2019020667,208,even-strength,44,23,FALSE,FALSE,TRUE,TRUE,TRUE,FALSE,0.01872343040037304,8474590,15,9
2019020667,219,even-strength,52,-7,FALSE,FALSE,TRUE,TRUE,FALSE,FALSE,0.04492488152821943,8471214,15,9
2019020667,220,even-strength,72,18,FALSE,FALSE,TRUE,TRUE,TRUE,FALSE,0.0606260766041314,8475200,15,9
2019020667,221,even-strength,68,-6,FALSE,TRUE,TRUE,TRUE,TRUE,TRUE,0.19304196714801203,8471698,15,9
2019020667,227,even-strength,37,-2,FALSE,FALSE,TRUE,TRUE,TRUE,FALSE,0.04328801631866574,8475209,15,9
2019020667,228,even-strength,55,31,FALSE,FALSE,TRUE,TRUE,TRUE,FALSE,0.03068170100067552,8478399,15,9
2019020667,229,even-strength,48,-38,FALSE,FALSE,TRUE,TRUE,TRUE,FALSE,0.01214570624481089,8475462,15,9
2019020667,231,even-strength,53,-10,FALSE,FALSE,TRUE,FALSE,FALSE,FALSE,0,8474590,15,9
2019020667,234,even-strength,81,11,FALSE,FALSE,TRUE,TRUE,TRUE,FALSE,0.06975386528036598,8477944,15,9
2019020667,236,even-strength,77,4,FALSE,FALSE,TRUE,TRUE,FALSE,FALSE,0.07695096154187304,8473563,15,9
2019020667,237,even-strength,59,-17,FALSE,FALSE,TRUE,TRUE,FALSE,FALSE,0.05191219508389044,8471214,15,9
2019020667,238,even-strength,58,-10,FALSE,FALSE,TRUE,TRUE,TRUE,FALSE,0.03764132892744358,8475324,15,9
2019020667,244,even-strength,33,-9,FALSE,FALSE,TRUE,TRUE,FALSE,FALSE,0.0231333675509568,8474590,15,9
2019020667,245,even-strength,52,-5,FALSE,FALSE,TRUE,TRUE,TRUE,FALSE,0.06338123812188903,8471214,15,9
2019020667,247,even-strength,59,36,FALSE,FALSE,TRUE,TRUE,TRUE,TRUE,0.02297812547926138,8475462,15,9
2019020667,249,even-strength,81,-5,FALSE,FALSE,TRUE,TRUE,TRUE,FALSE,0.13627845010328188,8474189,15,9
2019020667,250,even-strength,71,2,FALSE,FALSE,TRUE,FALSE,FALSE,FALSE,0,8475209,15,9
2019020667,451,even-strength,78,-1,FALSE,FALSE,TRUE,FALSE,FALSE,FALSE,0,8473563,15,9
2019020667,453,even-strength,48,-10,FALSE,FALSE,TRUE,TRUE,FALSE,FALSE,0.05661636891555183,8471698,15,9
2019020667,460,penalty-kill,-51,-2,FALSE,FALSE,TRUE,TRUE,TRUE,FALSE,0.00264735167403441,8476880,15,9
2019020667,461,penalty-kill,61,-14,FALSE,FALSE,TRUE,TRUE,TRUE,FALSE,0.04528987354403783,8475343,15,9
2019020667,464,even-strength,72,5,FALSE,FALSE,TRUE,TRUE,TRUE,FALSE,0.07678325270531479,8471214,15,9
2019020667,466,even-strength,61,-26,FALSE,FALSE,TRUE,TRUE,TRUE,TRUE,0.03575752003101735,8471214,15,9
2019020667,471,even-strength,82,6,TRUE,FALSE,TRUE,TRUE,TRUE,FALSE,0.15007888832531666,8474176,15,9
2019020667,481,even-strength,74,-10,FALSE,FALSE,TRUE,TRUE,TRUE,TRUE,0.08592353686121906,8471698,15,9
2019020667,485,even-strength,81,0,FALSE,FALSE,TRUE,TRUE,TRUE,TRUE,0.1814420089976886,8474189,15,9
2019020734,11,even-strength,66,-6,FALSE,FALSE,TRUE,TRUE,TRUE,TRUE,0.05888242002657967,8471669,54,9
2019020734,13,even-strength,86,-23,FALSE,FALSE,TRUE,TRUE,TRUE,FALSE,0.0267102471057281,8475191,54,9
2019020734,14,even-strength,65,-22,TRUE,FALSE,TRUE,TRUE,TRUE,FALSE,0.07284392676465282,8477447,54,9
2019020734,20,even-strength,57,9,FALSE,FALSE,TRUE,TRUE,TRUE,FALSE,0.04546818947947211,8474157,54,9
2019020734,28,even-strength,55,14,FALSE,FALSE,TRUE,TRUE,TRUE,FALSE,0.04370413894985443,8474207,54,9
2019020734,33,power-play,66,-15,FALSE,TRUE,TRUE,TRUE,TRUE,FALSE,0.2368908050357192,8479980,54,9
2019020734,34,power-play,31,-16,FALSE,FALSE,TRUE,TRUE,TRUE,FALSE,0.02661310254074032,8479980,54,9
2019020734,35,even-strength,37,0,FALSE,FALSE,TRUE,TRUE,TRUE,FALSE,0.01952742060730187,8474157,54,9
2019020734,37,even-strength,31,4,FALSE,FALSE,TRUE,TRUE,TRUE,FALSE,0.02042551678319125,8477220,54,9
2019020734,42,even-strength,32,23,TRUE,FALSE,TRUE,TRUE,TRUE,FALSE,0.02011953966150827,8471817,54,9
2019020734,44,even-strength,35,-20,FALSE,FALSE,TRUE,TRUE,TRUE,FALSE,0.01485956437552759,8479980,54,9
2019020734,48,even-strength,75,-2,FALSE,FALSE,TRUE,TRUE,TRUE,FALSE,0.11982245295317352,8475191,54,9
2019020734,50,even-strength,32,25,FALSE,FALSE,TRUE,TRUE,TRUE,FALSE,0.01412793915612096,8475188,54,9
2019020734,51,even-strength,33,26,FALSE,FALSE,TRUE,TRUE,FALSE,FALSE,0.01151585957428369,8475188,54,9
2019020734,53,even-strength,80,5,FALSE,FALSE,TRUE,TRUE,FALSE,FALSE,0.06382124683326723,8475191,54,9
2019020734,57,power-play,83,10,FALSE,FALSE,TRUE,TRUE,FALSE,FALSE,0.09653240940500173,8476905,54,9
2019020734,58,power-play,78,10,FALSE,FALSE,TRUE,FALSE,FALSE,FALSE,0,8476539,54,9
2019020734,60,even-strength,51,13,FALSE,FALSE,TRUE,TRUE,FALSE,FALSE,0.03798647834533569,8474157,54,9
2019020734,64,even-strength,49,13,FALSE,FALSE,TRUE,FALSE,FALSE,FALSE,0,8474207,54,9
2019020734,65,even-strength,36,-29,FALSE,FALSE,TRUE,TRUE,FALSE,FALSE,0.0124480057479816,8477447,54,9
2019020734,66,even-strength,78,4,FALSE,FALSE,TRUE,FALSE,FALSE,FALSE,0,8474157,54,9
2019020734,69,even-strength,63,2,FALSE,FALSE,TRUE,FALSE,FALSE,FALSE,0,8479980,54,9
2019020734,70,even-strength,78,8,FALSE,FALSE,TRUE,FALSE,FALSE,FALSE,0,8479980,54,9
2019020734,71,even-strength,48,-6,FALSE,FALSE,TRUE,FALSE,FALSE,FALSE,0,8477447,54,9
2019020734,75,even-strength,74,4,FALSE,FALSE,TRUE,FALSE,FALSE,FALSE,0,8475188,54,9
2019020734,79,even-strength,74,0,FALSE,FALSE,TRUE,FALSE,FALSE,FALSE,0,8479980,54,9
2019020734,83,even-strength,65,0,FALSE,FALSE,TRUE,TRUE,FALSE,FALSE,0.05563844566208618,8471669,54,9
2019020734,85,even-strength,40,31,FALSE,FALSE,TRUE,FALSE,FALSE,FALSE,0,8475188,54,9
2019020734,92,even-strength,67,0,FALSE,FALSE,TRUE,FALSE,FALSE,FALSE,0,8474207,54,9
2019020734,93,even-strength,79,1,FALSE,FALSE,TRUE,TRUE,FALSE,FALSE,0.10604479299758604,8478462,54,9
2019020734,94,even-strength,50,0,FALSE,FALSE,TRUE,FALSE,FALSE,FALSE,0,8468674,54,9
2019020734,95,even-strength,66,1,FALSE,FALSE,TRUE,FALSE,FALSE,FALSE,0,8476539,54,9
2019020734,96,even-strength,53,22,FALSE,FALSE,TRUE,FALSE,FALSE,FALSE,0,8479980,54,9
2019020734,100,even-strength,69,18,FALSE,FALSE,TRUE,TRUE,FALSE,FALSE,0.04966309557076617,8477478,54,9
2019020734,260,even-strength,36,0,FALSE,FALSE,TRUE,TRUE,TRUE,FALSE,0.02801848091890764,8477220,54,9
2019020734,268,even-strength,40,-25,FALSE,FALSE,TRUE,TRUE,TRUE,FALSE,0.01235679298291174,8468674,54,9
2019020734,270,even-strength,34,26,FALSE,FALSE,TRUE,TRUE,TRUE,FALSE,0.01112087335846889,8474207,54,9
2019020734,278,even-strength,54,16,FALSE,FALSE,TRUE,TRUE,TRUE,FALSE,0.02838477604904083,8477949,54,9
2019020734,289,even-strength,84,-6,FALSE,FALSE,TRUE,TRUE,TRUE,FALSE,0.06730009486063682,8471669,54,9
2019020734,291,even-strength,67,-30,FALSE,FALSE,TRUE,TRUE,TRUE,FALSE,0.0290852559730502,8475191,54,9
2019020734,295,even-strength,56,-3,FALSE,FALSE,TRUE,TRUE,TRUE,FALSE,0.05868131158225402,8468674,54,9
2019020734,402,even-strength,55,10,FALSE,FALSE,TRUE,FALSE,FALSE,FALSE,0,8475913,54,9
2019020734,403,even-strength,57,-16,FALSE,TRUE,TRUE,TRUE,FALSE,FALSE,0.09011127538554144,8474157,54,9
2019020734,414,even-strength,48,14,FALSE,FALSE,TRUE,FALSE,FALSE,FALSE,0,8477931,54,9
2019020734,455,even-strength,47,-26,FALSE,FALSE,TRUE,TRUE,TRUE,FALSE,0.02307887051892238,8479980,54,9
2019020734,457,even-strength,75,-14,FALSE,FALSE,TRUE,TRUE,TRUE,FALSE,0.04065708621990732,8474157,54,9
2019020734,463,even-strength,82,-13,FALSE,FALSE,TRUE,TRUE,TRUE,FALSE,0.03360242737852704,8468674,54,9
2019020734,465,even-strength,79,-29,FALSE,FALSE,TRUE,TRUE,TRUE,FALSE,0.02156286593754623,8476539,54,9
2019020734,471,even-strength,39,32,FALSE,FALSE,TRUE,TRUE,TRUE,FALSE,0.01069431833797829,8477931,54,9
2019020734,475,even-strength,36,15,FALSE,FALSE,TRUE,TRUE,TRUE,FALSE,0.02189111653785052,8476539,54,9
2019020734,476,even-strength,60,2,FALSE,FALSE,TRUE,TRUE,TRUE,FALSE,0.04441659223764335,8476905,54,9
2019020734,482,even-strength,59,17,FALSE,FALSE,TRUE,TRUE,TRUE,FALSE,0.0431191484645875,8475913,54,9
2019020734,487,even-strength,39,19,FALSE,FALSE,TRUE,TRUE,TRUE,FALSE,0.01717381854077815,8474207,54,9
2019020734,490,even-strength,86,10,FALSE,FALSE,TRUE,TRUE,TRUE,FALSE,0.02778818686853095,8468674,54,9
2019020734,491,even-strength,59,3,FALSE,FALSE,TRUE,TRUE,TRUE,FALSE,0.04355002926113283,8478462,54,9
2019020734,492,even-strength,79,0,FALSE,FALSE,TRUE,TRUE,TRUE,FALSE,0.0957798964901962,8474207,54,9
2019020734,494,even-strength,57,-9,FALSE,FALSE,TRUE,TRUE,TRUE,FALSE,0.04366300432889859,8476539,54,9
2019020734,498,even-strength,81,-13,TRUE,FALSE,TRUE,TRUE,TRUE,FALSE,0.06880106362456119,8474157,54,9
2019020734,499,even-strength,85,7,FALSE,FALSE,TRUE,TRUE,TRUE,TRUE,0.03840021665860512,8475913,54,9
2019020734,653,even-strength,63,3,FALSE,FALSE,TRUE,TRUE,TRUE,FALSE,0.0773183199778467,8477931,54,9
2019020734,663,even-strength,66,-14,FALSE,FALSE,TRUE,TRUE,TRUE,FALSE,0.04646822108861526,8471669,54,9
2019020734,664,even-strength,59,10,FALSE,FALSE,TRUE,TRUE,TRUE,FALSE,0.03288407423380908,8474207,54,9
2019020734,666,even-strength,76,-11,FALSE,FALSE,TRUE,TRUE,TRUE,FALSE,0.0744897620547888,8477949,54,9
2019020734,683,penalty-kill,67,5,TRUE,FALSE,TRUE,TRUE,TRUE,TRUE,0.2529619658791119,8476905,54,9
2019020734,702,even-strength,78,-9,FALSE,FALSE,TRUE,TRUE,TRUE,TRUE,0.1239096490907645,8471817,54,9
2019020734,708,penalty-kill,-92,-24,FALSE,FALSE,TRUE,TRUE,TRUE,FALSE,7.055769850485427e-4,8468674,54,9
2019020734,712,even-strength,78,-19,FALSE,FALSE,TRUE,TRUE,TRUE,FALSE,0.05118917348156074,8476539,54,9
2019020774,217,even-strength,44,-2,FALSE,FALSE,TRUE,TRUE,FALSE,FALSE,0.02867829019760759,8475784,7,9
2019020774,219,even-strength,61,3,FALSE,FALSE,TRUE,FALSE,FALSE,FALSE,0,8473564,7,9
2019020774,222,power-play,79,4,FALSE,FALSE,TRUE,TRUE,TRUE,FALSE,0.10177857062425978,8477499,7,9
2019020774,223,power-play,40,34,FALSE,FALSE,TRUE,TRUE,FALSE,FALSE,0.02958477248777854,8477933,7,9
2019020774,224,power-play,71,-20,FALSE,FALSE,TRUE,TRUE,TRUE,FALSE,0.0773726939943719,8475149,7,9
2019020774,226,power-play,35,2,FALSE,FALSE,TRUE,TRUE,TRUE,FALSE,0.04639803024999667,8476525,7,9
2019020774,231,even-strength,40,24,FALSE,FALSE,TRUE,TRUE,TRUE,FALSE,0.02494086740554916,8475149,7,9
2019020774,235,power-play,80,-1,TRUE,FALSE,TRUE,TRUE,TRUE,TRUE,0.13857874598716025,8477933,7,9
2019020774,239,even-strength,78,-9,FALSE,FALSE,TRUE,TRUE,TRUE,FALSE,0.06625596126694577,8475728,7,9
2019020774,240,even-strength,72,2,FALSE,FALSE,TRUE,FALSE,FALSE,FALSE,0,8475728,7,9
2019020774,241,even-strength,79,-14,FALSE,FALSE,TRUE,TRUE,TRUE,FALSE,0.04972190920186043,8476878,7,9
2019020774,242,even-strength,46,-32,FALSE,FALSE,TRUE,TRUE,TRUE,FALSE,0.01585881571115184,8473449,7,9
2019020774,244,even-strength,47,1,FALSE,FALSE,TRUE,FALSE,FALSE,FALSE,0,8477508,7,9
2019020774,452,power-play,52,35,FALSE,FALSE,TRUE,TRUE,TRUE,FALSE,0.05347038646636635,8477933,7,9
2019020774,453,power-play,67,-9,FALSE,FALSE,TRUE,TRUE,FALSE,FALSE,0.07158526593438896,8473449,7,9
2019020774,454,even-strength,59,34,FALSE,FALSE,TRUE,TRUE,TRUE,FALSE,0.01506611929510205,8476525,7,9
2019020774,457,even-strength,85,-14,FALSE,FALSE,TRUE,TRUE,FALSE,FALSE,0.04618748186515024,8476918,7,9
2019020774,474,even-strength,78,-2,FALSE,TRUE,TRUE,TRUE,TRUE,TRUE,0.21989876011404,8478403,7,9
2019020774,480,even-strength,65,31,FALSE,FALSE,TRUE,TRUE,FALSE,FALSE,0.03430036843287598,8473564,7,9
2019020774,481,even-strength,73,1,FALSE,FALSE,TRUE,TRUE,TRUE,FALSE,0.12196313136423036,8473564,7,9
2019020774,483,even-strength,67,-16,FALSE,FALSE,TRUE,TRUE,TRUE,FALSE,0.04290905676961304,8473564,7,9
2019020774,484,even-strength,75,-4,FALSE,FALSE,TRUE,TRUE,TRUE,FALSE,0.0793268589163172,8476878,7,9
2019020774,703,even-strength,75,3,FALSE,FALSE,TRUE,FALSE,FALSE,FALSE,0,8480839,7,9
2019020774,704,even-strength,69,11,FALSE,FALSE,TRUE,TRUE,TRUE,FALSE,0.08417172830716692,8473449,7,9
2019020774,706,even-strength,6,22,FALSE,FALSE,TRUE,TRUE,FALSE,FALSE,0.00466993432721549,8477499,7,9
2019020774,709,even-strength,50,-33,FALSE,FALSE,TRUE,TRUE,TRUE,FALSE,0.02287935658301129,8477933,7,9
2019020774,712,even-strength,61,10,FALSE,FALSE,TRUE,FALSE,FALSE,FALSE,0,8480839,7,9
2019020774,714,even-strength,71,3,FALSE,FALSE,TRUE,FALSE,FALSE,FALSE,0,8478403,7,9
2019020774,716,even-strength,63,26,FALSE,FALSE,TRUE,TRUE,TRUE,FALSE,0.04028737609961141,8473449,7,9
2019020774,718,even-strength,37,-4,FALSE,FALSE,TRUE,TRUE,TRUE,FALSE,0.02505953811016715,8477499,7,9
2019020774,722,even-strength,82,-10,FALSE,FALSE,TRUE,TRUE,TRUE,FALSE,0.09741758968819204,8475149,7,9
2019020774,724,penalty-kill,-70,-17,FALSE,FALSE,TRUE,TRUE,TRUE,FALSE,6.70292778950351e-4,8477986,7,9
2019020774,731,even-strength,-73,1,FALSE,FALSE,TRUE,FALSE,FALSE,FALSE,0,8480839,7,9
2019020774,733,even-strength,48,26,FALSE,FALSE,TRUE,TRUE,TRUE,FALSE,0.0238135395617657,8477508,7,9
2019020774,742,even-strength,54,-16,FALSE,FALSE,TRUE,TRUE,TRUE,FALSE,0.03089995496384576,8477933,7,9
2019020774,743,even-strength,48,-30,FALSE,FALSE,TRUE,TRUE,TRUE,FALSE,0.02813527969480386,8475784,7,9
2019020774,744,even-strength,43,21,FALSE,FALSE,TRUE,TRUE,TRUE,FALSE,0.01525670837448948,8477933,7,9
2019020774,747,even-strength,45,22,FALSE,FALSE,TRUE,TRUE,TRUE,FALSE,0.01762451181542171,8477839,7,9
2019020774,748,even-strength,40,33,FALSE,FALSE,TRUE,TRUE,TRUE,FALSE,0.00931580633316688,8480839,7,9
2019020774,750,power-play,42,-16,FALSE,FALSE,TRUE,TRUE,TRUE,FALSE,0.04792083192949167,8475149,7,9
2019020774,801,power-play,44,32,FALSE,FALSE,TRUE,TRUE,FALSE,FALSE,0.04066248449776036,8478403,7,9
2019020774,802,power-play,66,6,FALSE,FALSE,TRUE,FALSE,FALSE,FALSE,0,8477499,7,9
2019020774,803,power-play,45,-22,FALSE,FALSE,TRUE,TRUE,TRUE,FALSE,0.04573510792440551,8475149,7,9
2019020774,804,power-play,64,-6,FALSE,FALSE,TRUE,FALSE,FALSE,FALSE,0,8475149,7,9
2019020774,805,power-play,65,-2,FALSE,FALSE,TRUE,FALSE,FALSE,FALSE,0,8475149,7,9
2019020774,808,even-strength,61,39,FALSE,FALSE,TRUE,TRUE,TRUE,FALSE,0.03195549840965556,8478403,7,9
2019020774,810,even-strength,74,1,FALSE,FALSE,TRUE,TRUE,FALSE,FALSE,0.09732340478837734,8477499,7,9
2019020774,813,even-strength,64,38,FALSE,FALSE,TRUE,TRUE,TRUE,FALSE,0.09322821164322688,8478403,7,9
2019020774,815,even-strength,76,-7,FALSE,FALSE,TRUE,FALSE,FALSE,FALSE,0,8475784,7,9
2019020795,10,even-strength,80,-7,TRUE,FALSE,TRUE,TRUE,TRUE,FALSE,0.16243906643306888,8477939,10,9
2019020795,19,even-strength,82,-7,FALSE,FALSE,TRUE,FALSE,FALSE,FALSE,0,8477939,10,9
2019020795,21,even-strength,32,-31,TRUE,FALSE,TRUE,TRUE,TRUE,FALSE,0.01697080776163909,8475197,10,9
2019020795,22,even-strength,80,-13,FALSE,FALSE,TRUE,FALSE,FALSE,FALSE,0,8475166,10,9
2019020795,24,even-strength,59,20,FALSE,FALSE,TRUE,TRUE,TRUE,FALSE,0.04012788587914401,8479318,10,9
2019020795,26,even-strength,59,21,FALSE,FALSE,TRUE,TRUE,FALSE,FALSE,0.02756360996306841,8479318,10,9
2019020795,28,even-strength,29,-23,FALSE,FALSE,TRUE,TRUE,FALSE,FALSE,0.01425842900473215,8475716,10,9
2019020795,32,even-strength,-61,-28,FALSE,FALSE,TRUE,FALSE,FALSE,FALSE,0,8474162,10,9
2019020795,33,even-strength,71,-6,FALSE,FALSE,TRUE,TRUE,FALSE,FALSE,0.05082932919879612,8479318,10,9
2019020795,34,even-strength,74,-12,FALSE,FALSE,TRUE,FALSE,FALSE,FALSE,0,8476879,10,9
2019020795,35,even-strength,74,-3,FALSE,FALSE,TRUE,TRUE,TRUE,FALSE,0.0750208515860293,8469455,10,9
2019020795,36,even-strength,81,-1,FALSE,TRUE,TRUE,TRUE,TRUE,FALSE,0.255298719174337,8469455,10,9
2019020795,38,even-strength,69,-11,FALSE,FALSE,TRUE,FALSE,FALSE,FALSE,0,8475716,10,9
2019020795,39,even-strength,41,5,FALSE,FALSE,TRUE,FALSE,FALSE,FALSE,0,8475197,10,9
2019020795,40,even-strength,81,-16,FALSE,FALSE,TRUE,TRUE,TRUE,FALSE,0.03052408635974452,8479318,10,9
2019020795,41,even-strength,68,5,FALSE,FALSE,TRUE,FALSE,FALSE,FALSE,0,8475718,10,9
2019020795,43,even-strength,56,-14,FALSE,FALSE,TRUE,TRUE,TRUE,FALSE,0.05309029909414944,8478483,10,9
2019020795,47,even-strength,88,-7,FALSE,FALSE,TRUE,TRUE,TRUE,FALSE,0.04950721109388197,8479675,10,9
2019020795,48,even-strength,69,4,FALSE,FALSE,TRUE,FALSE,FALSE,FALSE,0,8475197,10,9
2019020795,50,even-strength,28,15,FALSE,FALSE,TRUE,TRUE,FALSE,FALSE,0.0115011468861267,8480873,10,9
2019020795,204,penalty-kill,-84,5,FALSE,FALSE,TRUE,TRUE,TRUE,FALSE,4.240089826562531e-4,8474162,10,9
2019020795,206,even-strength,13,-35,FALSE,FALSE,TRUE,TRUE,TRUE,FALSE,0.00326806047222054,8475197,10,9
2019020795,216,even-strength,41,29,FALSE,FALSE,TRUE,FALSE,FALSE,FALSE,0,8475716,10,9
2019020795,218,even-strength,83,-15,FALSE,FALSE,TRUE,TRUE,FALSE,FALSE,0.05680943096735157,8469455,10,9
2019020795,219,even-strength,34,-23,FALSE,FALSE,TRUE,TRUE,FALSE,FALSE,0.01450219699551522,8480873,10,9
2019020795,221,even-strength,87,-9,FALSE,FALSE,TRUE,TRUE,TRUE,FALSE,0.05203259769106578,8475716,10,9
2019020795,223,even-strength,78,0,FALSE,TRUE,TRUE,FALSE,FALSE,FALSE,0,8475786,10,9
2019020795,225,even-strength,56,-11,FALSE,FALSE,TRUE,TRUE,TRUE,FALSE,0.03819072569758697,8477939,10,9
2019020795,226,even-strength,33,33,FALSE,FALSE,TRUE,TRUE,TRUE,FALSE,0.00911180562224922,8474162,10,9
2019020795,228,even-strength,76,-14,FALSE,FALSE,TRUE,FALSE,FALSE,FALSE,0,8476879,10,9
2019020795,229,even-strength,36,36,TRUE,FALSE,TRUE,TRUE,TRUE,FALSE,0.02515185524112088,8475197,10,9
2019020795,234,even-strength,64,1,FALSE,FALSE,TRUE,TRUE,TRUE,FALSE,0.05978046182288749,8478115,10,9
2019020795,237,even-strength,60,15,FALSE,FALSE,TRUE,TRUE,FALSE,FALSE,0.04534537753148506,8475197,10,9
2019020795,244,power-play,71,12,FALSE,FALSE,TRUE,FALSE,FALSE,FALSE,0,8478483,10,9
2019020795,246,power-play,59,-24,FALSE,FALSE,TRUE,TRUE,TRUE,TRUE,0.06460293642090313,8469455,10,9
2019020795,248,even-strength,36,-23,FALSE,FALSE,TRUE,TRUE,TRUE,FALSE,0.01104000606404287,8475718,10,9
2019020795,249,even-strength,65,7,FALSE,FALSE,TRUE,FALSE,FALSE,FALSE,0,8478483,10,9
2019020795,515,even-strength,49,3,FALSE,FALSE,TRUE,TRUE,TRUE,FALSE,0.03997411603594495,8477939,10,9
2019020795,516,even-strength,58,-8,FALSE,FALSE,TRUE,FALSE,FALSE,FALSE,0,8478115,10,9
2019020795,520,power-play,81,1,FALSE,FALSE,TRUE,TRUE,TRUE,FALSE,0.1222557322506848,8477939,10,9
2019020795,526,even-strength,84,10,FALSE,TRUE,TRUE,TRUE,FALSE,FALSE,0.11658304129928763,8477021,10,9
2019020795,531,power-play,81,-8,FALSE,FALSE,TRUE,TRUE,TRUE,FALSE,0.11722785446438726,8477939,10,9
2019020795,536,even-strength,56,4,FALSE,FALSE,TRUE,TRUE,TRUE,FALSE,0.04564783913555199,8469455,10,9
2019020795,538,even-strength,-6,16,FALSE,FALSE,TRUE,TRUE,TRUE,FALSE,0.00212781306423395,8475716,10,9
2019020795,544,even-strength,86,-27,FALSE,FALSE,TRUE,TRUE,TRUE,FALSE,0.02348305017850103,8469455,10,9
2019020795,546,even-strength,33,22,FALSE,TRUE,TRUE,TRUE,FALSE,FALSE,0.03096895754526899,8480873,10,9
2019020795,549,even-strength,72,-14,FALSE,FALSE,TRUE,TRUE,TRUE,FALSE,0.0722939318157352,8478857,10,9
2019020795,652,even-strength,56,2,FALSE,FALSE,TRUE,FALSE,FALSE,FALSE,0,8478115,10,9
2019020795,655,even-strength,84,-16,FALSE,FALSE,TRUE,TRUE,TRUE,FALSE,0.07046145290474631,8475166,10,9
2019020795,656,even-strength,52,-1,TRUE,FALSE,TRUE,FALSE,FALSE,FALSE,0,8474162,10,9
2019020795,659,even-strength,34,24,FALSE,FALSE,TRUE,TRUE,FALSE,FALSE,0.01498042022407304,8477021,10,9
2019020795,660,even-strength,71,-18,FALSE,FALSE,TRUE,TRUE,TRUE,FALSE,0.07601457754866302,8475718,10,9
2019020795,662,even-strength,67,-7,FALSE,FALSE,TRUE,TRUE,TRUE,FALSE,0.05927493651456316,8479318,10,9
2019020795,663,even-strength,73,-27,FALSE,FALSE,TRUE,TRUE,TRUE,FALSE,0.02175841028558834,8475718,10,9
2019020795,664,even-strength,67,10,FALSE,FALSE,TRUE,TRUE,TRUE,FALSE,0.04940328432298867,8474162,10,9
2019020795,665,even-strength,73,-13,FALSE,FALSE,TRUE,FALSE,FALSE,FALSE,0,8477021,10,9
2019020795,666,even-strength,88,-7,FALSE,FALSE,TRUE,TRUE,FALSE,FALSE,0.0425401995103139,8475166,10,9
2019020795,667,even-strength,35,-28,FALSE,TRUE,TRUE,TRUE,FALSE,FALSE,0.05126179330868531,8475197,10,9
2019020795,668,even-strength,76,8,FALSE,FALSE,TRUE,TRUE,TRUE,FALSE,0.07624039195071314,8477021,10,9
2019020795,671,even-strength,40,-30,FALSE,FALSE,TRUE,TRUE,FALSE,FALSE,0.01440351470535512,8475718,10,9
2019020795,672,even-strength,57,0,FALSE,FALSE,TRUE,TRUE,TRUE,FALSE,0.0558115800887194,8469455,10,9
2019020795,674,even-strength,73,-19,FALSE,FALSE,TRUE,TRUE,TRUE,FALSE,0.03595200699245599,8476879,10,9
2019020795,676,even-strength,42,-29,FALSE,FALSE,TRUE,TRUE,TRUE,FALSE,0.01328773383916537,8475197,10,9
2019020795,680,even-strength,58,7,FALSE,FALSE,TRUE,FALSE,FALSE,FALSE,0,8474162,10,9
2019020795,681,even-strength,65,-4,FALSE,FALSE,TRUE,TRUE,FALSE,FALSE,0.06418264946450371,8475786,10,9
2019020795,683,even-strength,81,-16,FALSE,FALSE,TRUE,TRUE,TRUE,FALSE,0.05446742290191441,8478483,10,9
2019020795,698,power-play,-78,-13,FALSE,FALSE,TRUE,TRUE,TRUE,FALSE,0.00591169693004781,8476879,10,9
2019020795,901,even-strength,69,0,FALSE,FALSE,TRUE,FALSE,FALSE,FALSE,0,8479318,10,9
2019020795,903,power-play,54,1,FALSE,FALSE,TRUE,TRUE,TRUE,TRUE,0.0932308610851728,8478483,10,9
2019020843,53,even-strength,44,28,FALSE,FALSE,TRUE,TRUE,TRUE,FALSE,0.01256708291951456,8480145,52,9
2019020843,55,even-strength,78,32,TRUE,FALSE,TRUE,TRUE,FALSE,FALSE,0.04293738280438252,8475868,52,9
2019020843,58,even-strength,34,20,FALSE,FALSE,TRUE,TRUE,TRUE,FALSE,0.00966223680809343,8477429,52,9
2019020843,60,power-play,64,-3,FALSE,FALSE,TRUE,TRUE,TRUE,FALSE,0.1191664552887444,8476460,52,9
2019020843,61,power-play,56,25,FALSE,FALSE,TRUE,TRUE,TRUE,FALSE,0.07198343286953564,8479339,52,9
2019020843,66,even-strength,36,20,FALSE,FALSE,TRUE,TRUE,TRUE,FALSE,0.01739614896412627,8477504,52,9
2019020843,67,even-strength,39,15,FALSE,FALSE,TRUE,TRUE,TRUE,FALSE,0.01494713737485809,8477504,52,9
2019020843,68,even-strength,59,7,FALSE,FALSE,TRUE,FALSE,FALSE,FALSE,0,8475179,52,9
2019020843,71,even-strength,77,-10,TRUE,FALSE,TRUE,FALSE,FALSE,FALSE,0,8478398,52,9
2019020843,72,even-strength,35,-20,FALSE,FALSE,TRUE,TRUE,TRUE,FALSE,0.01341599087741701,8476470,52,9
2019020843,73,even-strength,33,-21,FALSE,FALSE,TRUE,TRUE,TRUE,TRUE,0.0162158196235795,8480145,52,9
2019020843,80,even-strength,82,1,FALSE,FALSE,TRUE,FALSE,FALSE,FALSE,0,8476460,52,9
2019020843,90,even-strength,82,22,FALSE,FALSE,TRUE,TRUE,TRUE,FALSE,0.03593061772959911,8477429,52,9
2019020843,98,even-strength,14,-35,FALSE,FALSE,TRUE,TRUE,TRUE,FALSE,0.00379985901914379,8478915,52,9
2019020843,99,even-strength,67,1,TRUE,FALSE,TRUE,TRUE,FALSE,FALSE,0.1242927581543488,8476406,52,9
2019020843,100,even-strength,17,35,FALSE,FALSE,TRUE,TRUE,TRUE,FALSE,0.00516469263150505,8477940,52,9
2019020843,455,even-strength,56,8,TRUE,FALSE,TRUE,TRUE,FALSE,FALSE,0.09786464210913008,8478398,52,9
2019020843,458,even-strength,73,2,FALSE,FALSE,TRUE,FALSE,FALSE,FALSE,0,8478915,52,9
2019020843,461,even-strength,51,34,FALSE,FALSE,TRUE,TRUE,TRUE,FALSE,0.01814065823271637,8478915,52,9
2019020843,462,even-strength,68,-8,TRUE,FALSE,TRUE,TRUE,FALSE,FALSE,0.16192859601252085,8479339,52,9
2019020843,467,even-strength,64,15,FALSE,FALSE,TRUE,TRUE,TRUE,TRUE,0.05302398103892506,8478398,52,9
2019020843,469,even-strength,43,-24,FALSE,FALSE,TRUE,TRUE,TRUE,FALSE,0.02255514554164017,8480145,52,9
2019020843,470,even-strength,73,-8,FALSE,FALSE,TRUE,TRUE,FALSE,FALSE,0.06434604198443428,8476460,52,9
2019020843,474,even-strength,37,11,FALSE,FALSE,TRUE,TRUE,TRUE,FALSE,0.0195722222977032,8478915,52,9
2019020843,476,even-strength,44,33,FALSE,FALSE,TRUE,TRUE,TRUE,FALSE,0.01287671451181776,8478424,52,9
2019020843,490,even-strength,55,23,FALSE,FALSE,TRUE,TRUE,TRUE,FALSE,0.0439687372943807,8477940,52,9
2019020843,496,even-strength,65,14,FALSE,FALSE,TRUE,TRUE,FALSE,FALSE,0.0436231294758095,8471218,52,9
2019020843,497,even-strength,79,-4,FALSE,FALSE,TRUE,TRUE,FALSE,FALSE,0.1329651519895918,8477940,52,9
2019020843,499,power-play,37,-6,FALSE,FALSE,TRUE,TRUE,TRUE,FALSE,0.04173674102023891,8480145,52,9
2019020843,500,power-play,82,7,FALSE,TRUE,TRUE,TRUE,TRUE,TRUE,0.2911835064733878,8479339,52,9
2019020843,602,even-strength,42,-13,FALSE,FALSE,TRUE,TRUE,TRUE,FALSE,0.0211920454972678,8480145,52,9
2019020843,608,even-strength,77,3,FALSE,FALSE,TRUE,TRUE,TRUE,FALSE,0.10416694822183628,8471218,52,9
2019020843,610,power-play,67,-1,FALSE,FALSE,TRUE,FALSE,FALSE,FALSE,0,8478398,52,9
2019020843,611,power-play,72,1,FALSE,FALSE,TRUE,TRUE,TRUE,TRUE,0.12361268923979336,8479339,52,9
2019020901,321,even-strength,87,6,FALSE,FALSE,TRUE,TRUE,TRUE,FALSE,0.04336324372877093,8475166,10,9
2019020901,402,penalty-kill,69,-6,FALSE,FALSE,TRUE,FALSE,FALSE,FALSE,0,8478483,10,9
2019020901,409,even-strength,69,-3,FALSE,FALSE,TRUE,FALSE,FALSE,FALSE,0,8477512,10,9
2019020901,412,even-strength,63,-6,FALSE,FALSE,TRUE,FALSE,FALSE,FALSE,0,8475197,10,9
2019020901,413,even-strength,80,-5,FALSE,FALSE,TRUE,FALSE,FALSE,FALSE,0,8475786,10,9
2019020901,416,even-strength,85,24,FALSE,FALSE,TRUE,FALSE,FALSE,FALSE,0,8475197,10,9
2019020901,417,even-strength,78,-9,FALSE,FALSE,TRUE,FALSE,FALSE,FALSE,0,8477021,10,9
2019020901,422,even-strength,77,-13,FALSE,FALSE,TRUE,FALSE,FALSE,FALSE,0,8475718,10,9
2019020901,429,even-strength,70,25,FALSE,FALSE,TRUE,TRUE,FALSE,FALSE,0.03164412113033115,8478115,10,9
2019020901,490,even-strength,30,-41,FALSE,FALSE,TRUE,TRUE,TRUE,FALSE,0.00691147162972228,8477953,10,9
2019020901,496,even-strength,68,-16,FALSE,FALSE,TRUE,TRUE,TRUE,FALSE,0.05252480640541068,8479318,10,9
2019020901,498,even-strength,68,-20,FALSE,FALSE,TRUE,TRUE,TRUE,FALSE,0.02970559368060472,8475166,10,9
2019020901,603,even-strength,79,6,FALSE,FALSE,TRUE,TRUE,TRUE,FALSE,0.1321895321184429,8477953,10,9
2019020901,604,even-strength,84,5,FALSE,TRUE,TRUE,TRUE,TRUE,FALSE,0.21784059271668216,8477953,10,9
2019020901,605,even-strength,74,-29,FALSE,FALSE,TRUE,TRUE,TRUE,FALSE,0.022693426747328,8475718,10,9
2019020901,611,even-strength,84,-13,FALSE,FALSE,TRUE,TRUE,TRUE,FALSE,0.04702341022097319,8478857,10,9
2019020901,612,even-strength,79,3,FALSE,TRUE,TRUE,TRUE,TRUE,FALSE,0.25422614035664204,8478857,10,9
2019020901,616,even-strength,76,-3,FALSE,TRUE,TRUE,TRUE,TRUE,FALSE,0.27741810733345645,8477939,10,9
2019020901,634,penalty-kill,51,9,FALSE,FALSE,TRUE,TRUE,TRUE,FALSE,0.06050479217458886,8478115,10,9
2019020901,636,penalty-kill,76,0,TRUE,FALSE,TRUE,TRUE,TRUE,FALSE,0.3146049361491842,8475786,10,9
2019020901,639,even-strength,67,9,FALSE,FALSE,TRUE,TRUE,TRUE,FALSE,0.06213250512524081,8478408,10,9
2019020901,644,even-strength,64,-26,FALSE,FALSE,TRUE,TRUE,TRUE,FALSE,0.0308440760530909,8477939,10,9
2019020910,21,even-strength,51,33,FALSE,FALSE,TRUE,TRUE,TRUE,FALSE,0.01587394589638807,8480027,25,9
2019020910,22,even-strength,39,-30,FALSE,FALSE,TRUE,TRUE,TRUE,TRUE,0.009607662098116,8475906,25,9
2019020910,29,even-strength,68,38,TRUE,FALSE,TRUE,TRUE,TRUE,FALSE,0.03537113972026492,8476889,25,9
2019020910,42,even-strength,36,27,FALSE,FALSE,TRUE,TRUE,TRUE,FALSE,0.01012257948138642,8480036,25,9
2019020910,46,even-strength,-46,8,FALSE,FALSE,TRUE,TRUE,TRUE,FALSE,0.00124502391511172,8475906,25,9
2019020910,48,even-strength,34,33,FALSE,FALSE,TRUE,TRUE,TRUE,FALSE,0.00861833164883123,8471260,25,9
2019020910,157,even-strength,82,0,FALSE,FALSE,TRUE,FALSE,FALSE,FALSE,0,8480036,25,9
2019020910,160,even-strength,40,-1,FALSE,FALSE,TRUE,FALSE,FALSE,FALSE,0,8476902,25,9
2019020910,161,even-strength,80,0,FALSE,FALSE,TRUE,FALSE,FALSE,FALSE,0,8476902,25,9
2019020910,162,even-strength,73,-1,FALSE,FALSE,TRUE,FALSE,FALSE,FALSE,0,8475730,25,9
2019020910,163,even-strength,66,-10,FALSE,FALSE,TRUE,FALSE,FALSE,FALSE,0,8480027,25,9
2019020910,164,even-strength,87,3,FALSE,FALSE,TRUE,FALSE,FALSE,FALSE,0,8476889,25,9
2019020910,169,even-strength,65,1,FALSE,FALSE,TRUE,FALSE,FALSE,FALSE,0,8475730,25,9
2019020910,176,even-strength,78,-15,FALSE,FALSE,TRUE,FALSE,FALSE,FALSE,0,8475906,25,9
2019020910,181,even-strength,76,11,FALSE,FALSE,TRUE,TRUE,TRUE,FALSE,0.07083261699020646,8478449,25,9
2019020910,188,even-strength,76,4,FALSE,FALSE,TRUE,TRUE,FALSE,FALSE,0.07417532706039832,8471699,25,9
2019020910,190,even-strength,46,-11,FALSE,FALSE,TRUE,TRUE,FALSE,FALSE,0.02284146793190173,8475906,25,9
2019020910,192,even-strength,77,3,FALSE,FALSE,TRUE,FALSE,FALSE,FALSE,0,8477450,25,9
2019020910,251,even-strength,73,35,FALSE,FALSE,TRUE,TRUE,TRUE,FALSE,0.01688594898555637,8478449,25,9
2019020910,255,even-strength,82,26,FALSE,FALSE,TRUE,TRUE,TRUE,FALSE,0.02556302097820855,8475730,25,9
2019020910,256,even-strength,87,-3,FALSE,TRUE,TRUE,TRUE,TRUE,FALSE,0.13052043114749662,8476889,25,9
2019020910,259,even-strength,75,-3,FALSE,FALSE,TRUE,TRUE,TRUE,FALSE,0.09503696963685287,8477450,25,9
2019020910,284,even-strength,36,-3,FALSE,FALSE,TRUE,TRUE,TRUE,TRUE,0.02335276018197408,8475730,25,9
2019020910,411,even-strength,68,39,FALSE,FALSE,TRUE,TRUE,FALSE,FALSE,0.02461117602925977,8478495,25,9
2019020910,426,even-strength,66,-29,FALSE,FALSE,TRUE,TRUE,FALSE,FALSE,0.02917030131501824,8471392,25,9
2019020910,430,even-strength,62,-14,FALSE,FALSE,TRUE,TRUE,FALSE,FALSE,0.04531122825851114,8475794,25,9
2019020910,432,even-strength,44,-11,FALSE,FALSE,TRUE,TRUE,FALSE,FALSE,0.03169964537888465,8475906,25,9
2019020910,433,even-strength,41,9,FALSE,FALSE,TRUE,TRUE,FALSE,FALSE,0.01932187811947663,8475906,25,9
2019020910,436,even-strength,73,8,FALSE,TRUE,TRUE,TRUE,FALSE,FALSE,0.17396192549867898,8476467,25,9
2019020910,441,even-strength,76,-3,TRUE,FALSE,TRUE,TRUE,FALSE,FALSE,0.1599565077504866,8476889,25,9
2019020910,452,even-strength,39,6,FALSE,FALSE,TRUE,TRUE,TRUE,FALSE,0.07560980097960467,8475906,25,9
2019020910,456,even-strength,73,-15,FALSE,FALSE,TRUE,TRUE,TRUE,FALSE,0.05516579767485476,8475794,25,9
2019020910,463,even-strength,80,-11,FALSE,TRUE,TRUE,TRUE,TRUE,FALSE,0.14249790638011545,8477450,25,9
2019020910,464,even-strength,76,5,FALSE,TRUE,TRUE,TRUE,TRUE,FALSE,0.22330709825317804,8470621,25,9
2019020910,469,even-strength,31,10,TRUE,FALSE,TRUE,TRUE,TRUE,FALSE,0.03668803605209626,8475730,25,9
2019020910,471,even-strength,79,19,FALSE,FALSE,TRUE,TRUE,TRUE,FALSE,0.0287948367158128,8475730,25,9
2019020910,482,even-strength,75,-19,FALSE,FALSE,TRUE,TRUE,TRUE,FALSE,0.04810539270018588,8480036,25,9
2019020910,485,even-strength,50,-19,TRUE,FALSE,TRUE,TRUE,TRUE,FALSE,0.05006151758506769,8476889,25,9
2019020910,494,even-strength,44,30,FALSE,FALSE,TRUE,TRUE,TRUE,FALSE,0.01465223316810596,8478449,25,9
2019020910,497,even-strength,35,-30,FALSE,FALSE,TRUE,TRUE,TRUE,FALSE,0.00852950678692895,8475906,25,9
2019020910,500,even-strength,43,-7,FALSE,FALSE,TRUE,TRUE,TRUE,FALSE,0.03562546540454366,8478495,25,9
2019020910,678,even-strength,53,28,FALSE,FALSE,TRUE,TRUE,TRUE,FALSE,0.0210698774277166,8475794,25,9
2019020910,679,even-strength,49,9,FALSE,FALSE,TRUE,TRUE,TRUE,FALSE,0.02740444593057581,8475794,25,9
2019020910,684,even-strength,77,-31,FALSE,FALSE,TRUE,TRUE,TRUE,FALSE,0.02642928298426871,8470794,25,9
2019020910,685,even-strength,87,5,FALSE,FALSE,TRUE,TRUE,TRUE,FALSE,0.03780211715155968,8470794,25,9
2019020910,689,even-strength,48,36,FALSE,FALSE,TRUE,TRUE,TRUE,FALSE,0.01357671709711421,8478449,25,9
2019020910,698,even-strength,35,-8,FALSE,FALSE,TRUE,TRUE,TRUE,FALSE,0.01770205765595359,8475906,25,9
2019020910,700,even-strength,87,4,FALSE,TRUE,TRUE,TRUE,TRUE,FALSE,0.12971728487070994,8475794,25,9
2019020910,708,even-strength,8,-27,FALSE,FALSE,TRUE,TRUE,TRUE,FALSE,0.00258399107297574,8471260,25,9
2019020910,711,even-strength,35,-36,FALSE,FALSE,TRUE,TRUE,TRUE,FALSE,0.00909513788945177,8475906,25,9
2019020910,712,even-strength,42,-26,FALSE,FALSE,TRUE,TRUE,TRUE,FALSE,0.01536594714702096,8475906,25,9
2019020910,713,even-strength,73,-2,FALSE,FALSE,TRUE,TRUE,TRUE,FALSE,0.07739262240579942,8476467,25,9
2019020910,715,even-strength,55,-13,FALSE,FALSE,TRUE,TRUE,TRUE,TRUE,0.03845931295037225,8470794,25,9
2019020910,720,even-strength,33,-26,FALSE,FALSE,TRUE,TRUE,TRUE,FALSE,0.01098212327888818,8480036,25,9
2019020910,723,even-strength,75,17,FALSE,FALSE,TRUE,TRUE,TRUE,FALSE,0.04393645307340193,8470621,25,9
2019020910,728,even-strength,35,-29,FALSE,FALSE,TRUE,TRUE,TRUE,FALSE,0.01115896473145079,8475730,25,9
2019020910,741,even-strength,60,-30,FALSE,FALSE,TRUE,TRUE,TRUE,FALSE,0.04867375757720049,8470794,25,9
2019020922,18,even-strength,75,-13,TRUE,FALSE,TRUE,TRUE,TRUE,FALSE,0.10684443084865757,8475784,7,9
2019020922,19,even-strength,83,-5,FALSE,TRUE,TRUE,FALSE,FALSE,FALSE,0,8475784,7,9
2019020922,20,even-strength,79,10,FALSE,TRUE,TRUE,TRUE,TRUE,TRUE,0.1613623927220572,8477986,7,9
2019020922,29,even-strength,58,-40,FALSE,FALSE,TRUE,TRUE,TRUE,FALSE,0.0249816967990732,8477499,7,9
2019020922,34,even-strength,67,-26,FALSE,FALSE,TRUE,TRUE,TRUE,FALSE,0.03669208431659872,8478109,7,9
2019020922,38,even-strength,30,25,FALSE,FALSE,TRUE,TRUE,TRUE,FALSE,0.01695395031370857,8480839,7,9
2019020922,42,even-strength,66,17,FALSE,TRUE,TRUE,TRUE,TRUE,FALSE,0.10259063332148129,8476931,7,9
2019020922,43,even-strength,79,-4,FALSE,FALSE,TRUE,TRUE,TRUE,FALSE,0.08637684470213562,8475728,7,9
2019020922,45,even-strength,39,30,FALSE,FALSE,TRUE,TRUE,TRUE,TRUE,0.01441814664186238,8477986,7,9
2019020922,49,even-strength,34,-29,FALSE,FALSE,TRUE,TRUE,TRUE,FALSE,0.01291616480302474,8476525,7,9
2019020922,201,even-strength,82,11,FALSE,FALSE,TRUE,FALSE,FALSE,FALSE,0,8476918,7,9
2019020922,205,even-strength,81,27,FALSE,FALSE,TRUE,TRUE,FALSE,FALSE,0.02967224634084199,8478109,7,9
2019020922,213,even-strength,88,-23,FALSE,FALSE,TRUE,TRUE,FALSE,FALSE,0.02429559527585553,8476878,7,9
2019020922,214,even-strength,90,-19,FALSE,FALSE,TRUE,FALSE,FALSE,FALSE,0,8480035,7,9
2019020922,219,power-play,80,1,FALSE,FALSE,TRUE,TRUE,FALSE,FALSE,0.1266907361457164,8477499,7,9
2019020922,220,power-play,36,-36,FALSE,FALSE,TRUE,TRUE,FALSE,FALSE,0.02321533383282407,8480839,7,9
2019020922,232,even-strength,55,28,FALSE,TRUE,TRUE,TRUE,FALSE,FALSE,0.05013936708359973,8478109,7,9
2019020922,233,even-strength,71,-25,FALSE,FALSE,TRUE,FALSE,FALSE,FALSE,0,8476918,7,9
2019020922,239,even-strength,52,-21,FALSE,FALSE,TRUE,FALSE,FALSE,FALSE,0,8476918,7,9
2019020922,240,even-strength,74,-12,FALSE,FALSE,TRUE,TRUE,FALSE,FALSE,0.0345741540753605,8477508,7,9
2019020922,244,even-strength,51,-15,FALSE,FALSE,TRUE,TRUE,FALSE,FALSE,0.04644247708744736,8477499,7,9
2019020922,248,even-strength,66,-5,FALSE,FALSE,TRUE,TRUE,FALSE,FALSE,0.0747992045077988,8478542,7,9
2019020922,249,even-strength,32,33,FALSE,FALSE,TRUE,TRUE,FALSE,FALSE,0.01069510563270665,8480839,7,9
2019020922,272,even-strength,45,14,FALSE,FALSE,TRUE,TRUE,TRUE,FALSE,0.03495234300883394,8476525,7,9
2019020922,275,even-strength,55,-39,FALSE,FALSE,TRUE,TRUE,TRUE,FALSE,0.01211109705210604,8478542,7,9
2019020922,276,even-strength,53,34,FALSE,TRUE,TRUE,TRUE,TRUE,FALSE,0.03615870711212927,8476931,7,9
2019020922,295,even-strength,81,-1,FALSE,FALSE,TRUE,TRUE,TRUE,TRUE,0.1206748713465753,8473449,7,9
2019020922,401,even-strength,33,14,FALSE,FALSE,TRUE,TRUE,FALSE,FALSE,0.01335689195863749,8476931,7,9
2019020922,405,even-strength,78,-8,FALSE,FALSE,TRUE,TRUE,FALSE,FALSE,0.0624896801451472,8476918,7,9
2019020922,415,even-strength,71,15,FALSE,FALSE,TRUE,TRUE,FALSE,FALSE,0.06103233695981774,8475784,7,9
2019020922,417,power-play,63,-3,FALSE,FALSE,TRUE,TRUE,FALSE,FALSE,0.05340731717183366,8477499,7,9
2019020922,418,even-strength,75,10,FALSE,FALSE,TRUE,FALSE,FALSE,FALSE,0,8480035,7,9
2019020922,419,even-strength,43,23,FALSE,FALSE,TRUE,TRUE,FALSE,FALSE,0.01433870055738074,8477986,7,9
2019020922,420,even-strength,77,-10,FALSE,FALSE,TRUE,TRUE,FALSE,FALSE,0.05505829214865224,8478403,7,9
2019020922,422,even-strength,68,1,FALSE,FALSE,TRUE,FALSE,FALSE,FALSE,0,8480035,7,9
2019020922,423,even-strength,75,-3,FALSE,FALSE,TRUE,FALSE,FALSE,FALSE,0,8480035,7,9
2019020922,424,even-strength,33,25,FALSE,FALSE,TRUE,TRUE,FALSE,FALSE,0.01069126831360195,8475149,7,9
2019020922,425,even-strength,71,-18,FALSE,FALSE,TRUE,TRUE,FALSE,FALSE,0.04586198616059613,8475784,7,9
2019020922,426,even-strength,34,28,FALSE,FALSE,TRUE,TRUE,FALSE,FALSE,0.01170272953135017,8473449,7,9
2019020922,427,even-strength,44,2,FALSE,FALSE,TRUE,TRUE,FALSE,FALSE,0.02828246333851113,8473449,7,9
2019020922,428,even-strength,35,-4,FALSE,FALSE,TRUE,TRUE,FALSE,FALSE,0.02613115952468633,8476878,7,9
2019020922,436,even-strength,65,-1,FALSE,FALSE,TRUE,FALSE,FALSE,FALSE,0,8478403,7,9
2019020922,442,even-strength,78,-17,FALSE,FALSE,TRUE,TRUE,FALSE,FALSE,0.04070225891023415,8475149,7,9
2019020922,443,power-play,76,27,FALSE,FALSE,TRUE,TRUE,FALSE,FALSE,0.0700372058009971,8477933,7,9
2019020922,453,even-strength,68,1,FALSE,FALSE,TRUE,TRUE,TRUE,FALSE,0.08580987211508075,8475784,7,9
2019020922,459,even-strength,60,8,FALSE,FALSE,TRUE,TRUE,TRUE,FALSE,0.04545130070448314,8477933,7,9
2019020922,485,power-play,63,-24,FALSE,FALSE,TRUE,TRUE,TRUE,TRUE,0.05971332624513303,8478109,7,9
2019020922,488,even-strength,64,3,FALSE,FALSE,TRUE,TRUE,TRUE,FALSE,0.0762656826410941,8478542,7,9
2019020922,495,power-play,49,21,FALSE,FALSE,TRUE,TRUE,TRUE,FALSE,0.05656186349502001,8478403,7,9
2019020922,498,even-strength,62,-16,FALSE,FALSE,TRUE,TRUE,TRUE,FALSE,0.04362642797858086,8475149,7,9
2019020922,659,even-strength,61,-5,FALSE,TRUE,TRUE,TRUE,TRUE,FALSE,0.188057132056472,8478109,7,9
2019020922,662,even-strength,74,1,FALSE,FALSE,TRUE,TRUE,TRUE,FALSE,0.1362223217553898,8478403,7,9
2019020922,668,even-strength,60,14,FALSE,FALSE,TRUE,TRUE,TRUE,FALSE,0.03548887809632565,8478542,7,9
2019020922,671,even-strength,75,29,FALSE,FALSE,TRUE,TRUE,TRUE,FALSE,0.02167264556612455,8476931,7,9
2019020922,684,even-strength,51,-12,FALSE,FALSE,TRUE,TRUE,TRUE,FALSE,0.06851891939657939,8478109,7,9
2019020922,688,even-strength,59,7,FALSE,FALSE,TRUE,TRUE,TRUE,FALSE,0.06006539212475406,8478109,7,9
2019020922,692,even-strength,90,7,FALSE,TRUE,TRUE,TRUE,TRUE,FALSE,0.20428922890702603,8478109,7,9
2019020922,808,power-play,46,15,FALSE,FALSE,TRUE,TRUE,TRUE,FALSE,0.06277659469188472,8478403,7,9
2019020952,10,even-strength,81,-4,FALSE,FALSE,TRUE,TRUE,TRUE,TRUE,0.1208448359516661,8477503,8,9
2019020952,13,even-strength,6,-5,FALSE,FALSE,TRUE,TRUE,TRUE,FALSE,0.00537303767594989,8477476,8,9
2019020952,26,even-strength,33,-15,FALSE,FALSE,TRUE,TRUE,TRUE,FALSE,0.02014560412298915,8476967,8,9
2019020952,28,even-strength,78,0,FALSE,FALSE,TRUE,TRUE,TRUE,FALSE,0.11987401981383534,8475848,8,9
2019020952,33,even-strength,73,12,FALSE,FALSE,TRUE,TRUE,TRUE,FALSE,0.05701648937266264,8480018,8,9
2019020952,43,even-strength,60,22,FALSE,FALSE,TRUE,TRUE,TRUE,FALSE,0.0344952964646971,8476967,8,9
2019020952,44,even-strength,80,-25,TRUE,TRUE,TRUE,TRUE,TRUE,TRUE,0.15686048507700096,8477503,8,9
2019020952,50,even-strength,64,20,FALSE,FALSE,TRUE,TRUE,TRUE,FALSE,0.03721235005307013,8477476,8,9
2019020952,51,even-strength,56,-4,FALSE,FALSE,TRUE,TRUE,FALSE,FALSE,0.04069105201478499,8475848,8,9
2019020952,54,even-strength,67,9,FALSE,FALSE,TRUE,FALSE,FALSE,FALSE,0,8476469,8,9
2019020952,55,even-strength,64,3,FALSE,FALSE,TRUE,FALSE,FALSE,FALSE,0,8473991,8,9
2019020952,57,even-strength,80,-9,FALSE,FALSE,TRUE,TRUE,FALSE,FALSE,0.08192045697595482,8477476,8,9
2019020952,61,even-strength,33,-34,FALSE,FALSE,TRUE,TRUE,FALSE,FALSE,0.01244091322495541,8473507,8,9
2019020952,65,even-strength,66,-6,TRUE,FALSE,TRUE,TRUE,FALSE,FALSE,0.14607419911426966,8476469,8,9
2019020952,67,even-strength,52,-1,TRUE,FALSE,TRUE,TRUE,FALSE,FALSE,0.07315947270948635,8475193,8,9
2019020952,69,even-strength,74,14,FALSE,FALSE,TRUE,FALSE,FALSE,FALSE,0,8476393,8,9
2019020952,71,even-strength,41,-9,FALSE,FALSE,TRUE,TRUE,FALSE,FALSE,0.02222454454343224,8473507,8,9
2019020952,72,even-strength,56,23,FALSE,TRUE,TRUE,TRUE,FALSE,FALSE,0.05816968499616852,8476967,8,9
2019020952,76,even-strength,70,4,FALSE,FALSE,TRUE,FALSE,FALSE,FALSE,0,8476967,8,9
2019020952,80,power-play,80,5,FALSE,FALSE,TRUE,TRUE,FALSE,FALSE,0.10036194182529291,8473507,8,9
2019020952,82,power-play,66,-25,FALSE,FALSE,TRUE,FALSE,FALSE,FALSE,0,8475193,8,9
2019020952,94,even-strength,88,12,FALSE,TRUE,TRUE,FALSE,FALSE,FALSE,0,8476469,8,9
2019020952,95,even-strength,68,-1,FALSE,FALSE,TRUE,FALSE,FALSE,FALSE,0,8473507,8,9
2019020952,98,even-strength,48,21,FALSE,FALSE,TRUE,TRUE,FALSE,FALSE,0.02907487310513081,8475193,8,9
2019020952,220,penalty-kill,69,10,FALSE,FALSE,TRUE,TRUE,TRUE,FALSE,0.13131232101255905,8476479,8,9
2019020952,251,even-strength,82,-12,FALSE,FALSE,TRUE,TRUE,TRUE,FALSE,0.0483264970986733,8470775,8,9
2019020952,252,even-strength,37,26,FALSE,FALSE,TRUE,TRUE,TRUE,FALSE,0.02375149703086971,8476967,8,9
2019020952,253,even-strength,32,36,FALSE,FALSE,TRUE,TRUE,TRUE,FALSE,0.0078872168260013,8476967,8,9
2019020952,258,even-strength,76,0,FALSE,FALSE,TRUE,TRUE,TRUE,FALSE,0.09816804902287218,8477476,8,9
2019020952,262,power-play,65,14,FALSE,FALSE,TRUE,TRUE,TRUE,FALSE,0.06696838257013116,8470642,8,9
2019020952,264,even-strength,52,-40,FALSE,FALSE,TRUE,TRUE,TRUE,FALSE,0.01188486386237584,8480018,8,9
2019020952,278,even-strength,81,-7,TRUE,FALSE,TRUE,TRUE,TRUE,FALSE,0.15604220507849742,8475193,8,9
2019020952,290,even-strength,80,9,FALSE,FALSE,TRUE,TRUE,TRUE,FALSE,0.09989922515698216,8476469,8,9
2019020952,294,even-strength,81,-8,FALSE,FALSE,TRUE,TRUE,TRUE,FALSE,0.10433708648285858,8475848,8,9
2019020952,295,even-strength,70,-15,FALSE,FALSE,TRUE,TRUE,TRUE,FALSE,0.04431733189344482,8475848,8,9
2019020952,402,even-strength,56,-22,FALSE,FALSE,TRUE,FALSE,FALSE,FALSE,0,8477850,8,9
2019020952,403,even-strength,89,-16,FALSE,FALSE,TRUE,TRUE,FALSE,FALSE,0.04573204369426377,8477476,8,9
2019020952,404,even-strength,41,30,FALSE,FALSE,TRUE,TRUE,FALSE,FALSE,0.01740576858550231,8476967,8,9
2019020952,411,even-strength,76,4,FALSE,TRUE,TRUE,FALSE,FALSE,FALSE,0,8470775,8,9
2019020952,420,even-strength,75,3,FALSE,FALSE,TRUE,FALSE,FALSE,FALSE,0,8476469,8,9
2019020952,427,even-strength,77,-17,FALSE,FALSE,TRUE,TRUE,FALSE,FALSE,0.05101860069930821,8473507,8,9
2019020952,428,even-strength,36,36,FALSE,FALSE,TRUE,TRUE,FALSE,FALSE,0.02458168263560161,8470642,8,9
2019020952,430,even-strength,35,-36,FALSE,FALSE,TRUE,TRUE,FALSE,FALSE,0.0103242517392501,8477850,8,9
2019020952,438,even-strength,77,-12,FALSE,FALSE,TRUE,FALSE,FALSE,FALSE,0,8475848,8,9
2019020952,439,even-strength,73,-3,FALSE,FALSE,TRUE,FALSE,FALSE,FALSE,0,8476479,8,9
2019020952,440,even-strength,76,-8,FALSE,FALSE,TRUE,TRUE,FALSE,FALSE,0.07119169385546967,8477494,8,9
2019020952,441,even-strength,73,1,FALSE,FALSE,TRUE,FALSE,FALSE,FALSE,0,8475279,8,9
2019020952,442,even-strength,71,1,FALSE,FALSE,TRUE,FALSE,FALSE,FALSE,0,8477476,8,9
2019020952,451,even-strength,34,30,FALSE,FALSE,TRUE,TRUE,TRUE,FALSE,0.00887883388136492,8473991,8,9
2019020952,452,even-strength,75,1,FALSE,TRUE,TRUE,TRUE,TRUE,FALSE,0.2563294919701481,8476469,8,9
2019020952,456,even-strength,83,-6,FALSE,FALSE,TRUE,TRUE,TRUE,FALSE,0.06126673282106851,8475848,8,9
2019020952,457,even-strength,75,-10,FALSE,FALSE,TRUE,TRUE,TRUE,FALSE,0.04458356452442319,8476479,8,9
2019020952,465,even-strength,78,-5,FALSE,FALSE,TRUE,TRUE,TRUE,FALSE,0.10159626083098776,8475848,8,9
2019020952,481,even-strength,59,-15,FALSE,FALSE,TRUE,TRUE,TRUE,FALSE,0.03870062249190317,8477494,8,9
2019020952,493,even-strength,30,-20,FALSE,FALSE,TRUE,TRUE,TRUE,FALSE,0.00768021855293475,8470642,8,9
2019020952,495,even-strength,40,-29,FALSE,FALSE,TRUE,TRUE,TRUE,FALSE,0.01373861992818818,8470642,8,9
2019020952,602,even-strength,75,0,FALSE,FALSE,TRUE,TRUE,TRUE,TRUE,0.1781964505113343,8474038,8,9
2019020952,606,even-strength,57,-23,FALSE,FALSE,TRUE,TRUE,TRUE,FALSE,0.04661524511858765,8475193,8,9
2019020952,632,even-strength,-40,36,FALSE,FALSE,TRUE,TRUE,TRUE,FALSE,7.619703569027427e-4,8476967,8,9
2019020952,641,penalty-kill,-43,1,FALSE,FALSE,TRUE,TRUE,TRUE,FALSE,0.00250183722018858,8470775,8,9
2019020952,702,even-strength,76,-16,FALSE,FALSE,TRUE,FALSE,FALSE,FALSE,0,8476479,8,9
2019020952,807,even-strength,32,8,FALSE,FALSE,TRUE,TRUE,TRUE,FALSE,0.01466567426686968,8476967,8,9
2019020952,814,even-strength,42,28,FALSE,FALSE,TRUE,TRUE,TRUE,FALSE,0.01391223460673377,8475279,8,9
2019020952,816,even-strength,80,-16,FALSE,FALSE,TRUE,TRUE,TRUE,FALSE,0.0535828209670735,8470642,8,9
2019020952,825,even-strength,51,-18,FALSE,FALSE,TRUE,TRUE,TRUE,FALSE,0.02660423669831866,8477503,8,9
2019020952,834,even-strength,54,-32,FALSE,FALSE,TRUE,TRUE,TRUE,FALSE,0.02435990876329357,8469454,8,9
2019020952,835,even-strength,47,25,FALSE,FALSE,TRUE,TRUE,TRUE,FALSE,0.02874214233250059,8473991,8,9
2019020977,63,power-play,71,15,FALSE,FALSE,TRUE,FALSE,FALSE,FALSE,0,8476887,18,9
2019020977,64,power-play,84,8,FALSE,FALSE,TRUE,TRUE,TRUE,FALSE,0.09758975682745652,8475225,18,9
2019020977,65,power-play,44,-23,FALSE,FALSE,TRUE,TRUE,TRUE,FALSE,0.01484404023979692,8474600,18,9
2019020977,66,power-play,84,10,FALSE,FALSE,TRUE,TRUE,TRUE,FALSE,0.10889123987743066,8475225,18,9
2019020977,68,even-strength,46,-27,FALSE,FALSE,TRUE,TRUE,FALSE,FALSE,0.01826809861471985,8475176,18,9
2019020977,73,even-strength,63,1,TRUE,FALSE,TRUE,TRUE,TRUE,FALSE,0.13649262130988707,8475218,18,9
2019020977,74,even-strength,82,-2,TRUE,TRUE,TRUE,TRUE,TRUE,TRUE,0.34269377367351456,8476278,18,9
2019020977,76,even-strength,79,5,FALSE,FALSE,TRUE,TRUE,TRUE,FALSE,0.10476913381980309,8475797,18,9
2019020977,79,even-strength,58,17,FALSE,FALSE,TRUE,FALSE,FALSE,FALSE,0,8475176,18,9
2019020977,81,even-strength,37,-26,TRUE,FALSE,TRUE,TRUE,FALSE,FALSE,0.02624684591358905,8475218,18,9
2019020977,85,even-strength,48,2,FALSE,FALSE,TRUE,TRUE,TRUE,FALSE,0.04205894365970544,8476278,18,9
2019020977,87,even-strength,16,-6,FALSE,FALSE,TRUE,TRUE,TRUE,FALSE,0.00630705926353632,8475218,18,9
2019020977,96,even-strength,67,1,FALSE,FALSE,TRUE,FALSE,FALSE,FALSE,0,8476887,18,9
2019020977,253,even-strength,51,-16,FALSE,FALSE,TRUE,FALSE,FALSE,FALSE,0,8475176,18,9
2019020977,256,even-strength,53,-9,FALSE,FALSE,TRUE,FALSE,FALSE,FALSE,0,8475218,18,9
2019020977,257,even-strength,85,-15,FALSE,FALSE,TRUE,TRUE,TRUE,FALSE,0.02430111580844081,8475168,18,9
2019020977,258,even-strength,48,12,FALSE,FALSE,TRUE,FALSE,FALSE,FALSE,0,8478042,18,9
2019020977,271,even-strength,10,-30,FALSE,FALSE,TRUE,TRUE,TRUE,FALSE,0.00429804516857098,8476278,18,9
2019020977,275,even-strength,68,12,FALSE,FALSE,TRUE,TRUE,TRUE,FALSE,0.0467384687753947,8476428,18,9
2019020977,278,even-strength,58,-10,FALSE,FALSE,TRUE,FALSE,FALSE,FALSE,0,8475218,18,9
2019020977,280,power-play,77,11,FALSE,FALSE,TRUE,FALSE,FALSE,FALSE,0,8475176,18,9
2019020977,282,power-play,60,-17,FALSE,FALSE,TRUE,TRUE,TRUE,FALSE,0.0671256075009592,8476887,18,9
2019020977,284,power-play,51,19,FALSE,FALSE,TRUE,TRUE,TRUE,FALSE,0.06716061995695304,8475176,18,9
2019020977,285,power-play,74,8,FALSE,TRUE,TRUE,TRUE,TRUE,FALSE,0.2579885665174511,8475798,18,9
2019020977,287,power-play,53,6,FALSE,FALSE,TRUE,TRUE,TRUE,TRUE,0.05939310073584449,8475176,18,9
2019020977,288,even-strength,74,-6,FALSE,FALSE,TRUE,TRUE,FALSE,FALSE,0.06435024477053658,8474009,18,9
2019020977,289,even-strength,70,-30,FALSE,FALSE,TRUE,TRUE,TRUE,FALSE,0.01964231571689938,8475218,18,9
2019020977,290,even-strength,45,-30,FALSE,FALSE,TRUE,TRUE,FALSE,FALSE,0.01160833261978337,8479371,18,9
2019020977,291,even-strength,44,-14,FALSE,FALSE,TRUE,TRUE,TRUE,FALSE,0.02211390126511931,8479371,18,9
2019020977,293,even-strength,78,-6,FALSE,FALSE,TRUE,FALSE,FALSE,FALSE,0,8474600,18,9
2019020977,298,even-strength,69,11,FALSE,FALSE,TRUE,TRUE,TRUE,FALSE,0.0708302083552473,8476887,18,9
2019020977,451,power-play,68,22,FALSE,FALSE,TRUE,TRUE,TRUE,FALSE,0.07531837990931248,8474068,18,9
2019020977,453,power-play,64,26,FALSE,FALSE,TRUE,TRUE,TRUE,FALSE,0.07276422809976445,8475714,18,9
2019020977,454,power-play,82,-1,FALSE,TRUE,TRUE,TRUE,TRUE,TRUE,0.34862945340785917,8478042,18,9
2019020977,457,even-strength,80,2,FALSE,FALSE,TRUE,FALSE,FALSE,FALSE,0,8475797,18,9
2019020977,469,penalty-kill,-81,16,FALSE,FALSE,TRUE,TRUE,TRUE,FALSE,5.570994585350928e-4,8469465,18,9
2019020977,470,even-strength,42,25,FALSE,FALSE,TRUE,TRUE,FALSE,FALSE,0.01451041314642411,8474600,18,9
2019020977,471,even-strength,66,-12,FALSE,FALSE,TRUE,FALSE,FALSE,FALSE,0,8479371,18,9
2019020977,472,even-strength,66,-17,FALSE,FALSE,TRUE,TRUE,TRUE,FALSE,0.03695491092318416,8475798,18,9
2019020977,474,even-strength,74,-8,FALSE,FALSE,TRUE,FALSE,FALSE,FALSE,0,8475798,18,9
2019020977,476,even-strength,60,-28,FALSE,FALSE,TRUE,TRUE,TRUE,FALSE,0.02256823553718523,8476887,18,9
2019020977,477,even-strength,64,24,FALSE,FALSE,TRUE,FALSE,FALSE,FALSE,0,8475797,18,9
2019020977,479,even-strength,44,25,FALSE,FALSE,TRUE,TRUE,FALSE,FALSE,0.01875658833392676,8469465,18,9
2019020977,484,even-strength,72,9,FALSE,FALSE,TRUE,FALSE,FALSE,FALSE,0,8478042,18,9
2019020977,485,even-strength,77,1,FALSE,TRUE,TRUE,TRUE,TRUE,FALSE,0.2437878991178406,8475714,18,9
2019020977,487,even-strength,76,-6,FALSE,FALSE,TRUE,FALSE,FALSE,FALSE,0,8478042,18,9
2019020977,494,even-strength,53,3,FALSE,FALSE,TRUE,TRUE,TRUE,FALSE,0.09658377498191516,8475225,18,9
2019020977,604,even-strength,42,-1,FALSE,FALSE,TRUE,TRUE,TRUE,FALSE,0.02659184883632223,8475218,18,9
2019020977,605,even-strength,74,-5,FALSE,FALSE,TRUE,TRUE,TRUE,FALSE,0.06380219265218345,8478042,18,9
2019020977,606,even-strength,43,32,FALSE,FALSE,TRUE,TRUE,FALSE,FALSE,0.00945625248708788,8475797,18,9
2019020977,614,penalty-kill,69,-5,FALSE,FALSE,TRUE,FALSE,FALSE,FALSE,0,8474009,18,9
2019020977,618,even-strength,76,-20,TRUE,FALSE,TRUE,TRUE,TRUE,FALSE,0.08473876282047312,8475225,18,9
2019020977,619,even-strength,72,33,FALSE,FALSE,TRUE,TRUE,TRUE,FALSE,0.01734443037308689,8474600,18,9
2019020977,620,even-strength,81,-13,FALSE,TRUE,TRUE,FALSE,FALSE,FALSE,0,8478042,18,9
2019020977,625,even-strength,59,16,FALSE,FALSE,TRUE,TRUE,TRUE,FALSE,0.04339764141949662,8475168,18,9
2019020977,626,even-strength,43,-8,FALSE,FALSE,TRUE,TRUE,TRUE,FALSE,0.02825389858295574,8475176,18,9
2019020977,630,even-strength,58,-13,FALSE,FALSE,TRUE,FALSE,FALSE,FALSE,0,8476925,18,9
2019020977,632,even-strength,75,10,FALSE,FALSE,TRUE,TRUE,FALSE,FALSE,0.07919448895725979,8475168,18,9
2019020977,633,even-strength,63,15,FALSE,FALSE,TRUE,FALSE,FALSE,FALSE,0,8475218,18,9
2019020977,634,even-strength,77,-23,FALSE,FALSE,TRUE,TRUE,TRUE,FALSE,0.03133869863247778,8474068,18,9
2019021022,53,even-strength,30,27,FALSE,FALSE,TRUE,TRUE,TRUE,FALSE,0.00784050782086881,8475722,5,9
2019021022,54,even-strength,45,-21,FALSE,FALSE,TRUE,TRUE,TRUE,TRUE,0.02022105357696797,8478507,5,9
2019021022,57,even-strength,80,4,FALSE,FALSE,TRUE,TRUE,TRUE,TRUE,0.10544467359814544,8477839,5,9
2019021022,81,even-strength,55,7,FALSE,FALSE,TRUE,TRUE,TRUE,FALSE,0.04627192424261255,8471724,5,9
2019021022,83,even-strength,67,-9,FALSE,FALSE,TRUE,FALSE,FALSE,FALSE,0,8474602,5,9
2019021022,90,even-strength,63,-11,FALSE,FALSE,TRUE,TRUE,TRUE,FALSE,0.07209391951714912,8471887,5,9
2019021022,92,even-strength,36,10,FALSE,FALSE,TRUE,TRUE,FALSE,FALSE,0.02720049566303029,8478043,5,9
2019021022,93,even-strength,86,-13,FALSE,TRUE,TRUE,TRUE,TRUE,FALSE,0.20037837538377656,8471675,5,9
2019021022,96,power-play,83,8,FALSE,FALSE,TRUE,TRUE,TRUE,FALSE,0.09169482201082166,8471887,5,9
2019021022,97,power-play,54,7,FALSE,FALSE,TRUE,TRUE,TRUE,TRUE,0.08861808417648982,8475810,5,9
2019021022,99,even-strength,75,12,FALSE,FALSE,TRUE,TRUE,TRUE,FALSE,0.06855455491254284,8477955,5,9
2019021022,207,even-strength,31,-24,FALSE,FALSE,TRUE,TRUE,TRUE,FALSE,0.01794392948297553,8477969,5,9
2019021022,303,even-strength,63,-29,FALSE,FALSE,TRUE,TRUE,TRUE,FALSE,0.02217223246910924,8471675,5,9
2019021022,305,even-strength,13,0,FALSE,FALSE,TRUE,TRUE,TRUE,FALSE,0.00913261821354958,8475810,5,9
2019021022,307,even-strength,81,13,FALSE,TRUE,TRUE,FALSE,FALSE,FALSE,0,8478043,5,9
2019021022,308,even-strength,74,-6,FALSE,FALSE,TRUE,TRUE,FALSE,FALSE,0.08912760440750221,8478043,5,9
2019021022,309,even-strength,52,-16,FALSE,FALSE,TRUE,FALSE,FALSE,FALSE,0,8471724,5,9
2019021022,311,even-strength,34,-28,FALSE,FALSE,TRUE,TRUE,TRUE,FALSE,0.01328092375498587,8471677,5,9
2019021022,316,even-strength,53,7,FALSE,FALSE,TRUE,TRUE,TRUE,FALSE,0.06970717298090962,8471887,5,9
2019021022,318,even-strength,76,4,FALSE,FALSE,TRUE,FALSE,FALSE,FALSE,0,8475722,5,9
2019021022,319,even-strength,79,4,FALSE,FALSE,TRUE,TRUE,FALSE,FALSE,0.07555667177528415,8471675,5,9
2019021022,321,even-strength,78,6,FALSE,FALSE,TRUE,FALSE,FALSE,FALSE,0,8471675,5,9
2019021022,325,power-play,76,-7,FALSE,FALSE,TRUE,TRUE,FALSE,FALSE,0.112020680030443,8475722,5,9
2019021022,331,even-strength,69,-10,FALSE,FALSE,TRUE,FALSE,FALSE,FALSE,0,8466139,5,9
2019021022,333,even-strength,75,-9,FALSE,FALSE,TRUE,FALSE,FALSE,FALSE,0,8478507,5,9
2019021022,334,even-strength,74,-11,FALSE,FALSE,TRUE,FALSE,FALSE,FALSE,0,8477955,5,9
2019021022,501,even-strength,45,13,FALSE,FALSE,TRUE,FALSE,FALSE,FALSE,0,8471724,5,9
2019021022,601,even-strength,87,-9,FALSE,TRUE,TRUE,TRUE,TRUE,FALSE,0.1450909747090036,8477839,5,9
2019021022,602,even-strength,77,-24,TRUE,FALSE,TRUE,TRUE,TRUE,TRUE,0.05027676649203169,8471675,5,9
2019021022,603,even-strength,72,-19,FALSE,FALSE,TRUE,TRUE,TRUE,FALSE,0.04592107147171837,8478542,5,9
2019021022,605,even-strength,83,16,FALSE,FALSE,TRUE,TRUE,TRUE,FALSE,0.03173162674408748,8478074,5,9
2019021022,607,even-strength,69,5,FALSE,FALSE,TRUE,TRUE,FALSE,FALSE,0.07658920056317697,8466139,5,9
2019021022,608,even-strength,59,0,FALSE,FALSE,TRUE,FALSE,FALSE,FALSE,0,8475810,5,9
2019021022,612,even-strength,78,13,FALSE,FALSE,TRUE,TRUE,TRUE,FALSE,0.0629453609916262,8471675,5,9
2019021022,613,even-strength,82,-7,TRUE,FALSE,TRUE,TRUE,FALSE,FALSE,0.12321450698788328,8471675,5,9
2019021022,618,even-strength,80,-1,FALSE,TRUE,TRUE,TRUE,TRUE,TRUE,0.2818957671911661,8475722,5,9
2019021022,619,even-strength,78,-2,FALSE,FALSE,TRUE,TRUE,TRUE,FALSE,0.11231187147199988,8475722,5,9
2019021022,627,even-strength,-54,0,FALSE,FALSE,TRUE,TRUE,TRUE,FALSE,7.125124175681676e-4,8471675,5,9
2019021022,628,even-strength,60,19,FALSE,FALSE,TRUE,TRUE,TRUE,FALSE,0.06066339127680259,8466139,5,9
2019021022,629,even-strength,51,-19,FALSE,FALSE,TRUE,FALSE,FALSE,FALSE,0,8471724,5,9
2019021022,633,even-strength,78,-9,FALSE,FALSE,TRUE,TRUE,TRUE,FALSE,0.07539203787592116,8478043,5,9
2019021022,641,power-play,80,-4,FALSE,FALSE,TRUE,TRUE,TRUE,FALSE,0.16426059127088555,8471675,5,9
2019021022,642,power-play,75,-12,FALSE,FALSE,TRUE,TRUE,TRUE,FALSE,0.10462217053883284,8475810,5,9
2019021022,643,even-strength,77,13,FALSE,FALSE,TRUE,FALSE,FALSE,FALSE,0,8471724,5,9
2019021022,649,even-strength,38,-3,FALSE,FALSE,TRUE,TRUE,TRUE,FALSE,0.03236852555210198,8471887,5,9
2019021022,751,even-strength,78,3,FALSE,TRUE,TRUE,TRUE,TRUE,TRUE,0.2939610979481791,8475810,5,9
2019021022,752,even-strength,78,0,FALSE,FALSE,TRUE,TRUE,TRUE,FALSE,0.13311855991750776,8466139,5,9
2019021022,759,even-strength,33,7,FALSE,FALSE,TRUE,TRUE,TRUE,FALSE,0.02587618824766393,8471724,5,9
2019021022,760,even-strength,59,1,FALSE,TRUE,TRUE,TRUE,TRUE,FALSE,0.19662082698188124,8471887,5,9
2019021022,763,even-strength,73,-13,FALSE,FALSE,TRUE,TRUE,TRUE,TRUE,0.07755264497910905,8475810,5,9
2019021022,767,even-strength,69,4,FALSE,FALSE,TRUE,FALSE,FALSE,FALSE,0,8477839,5,9
2019021022,768,even-strength,69,11,FALSE,FALSE,TRUE,TRUE,FALSE,FALSE,0.04794912522920832,8478043,5,9
2019021022,769,even-strength,37,-19,FALSE,FALSE,TRUE,TRUE,TRUE,FALSE,0.02030568315627315,8478542,5,9
2019021022,770,even-strength,81,15,FALSE,FALSE,TRUE,TRUE,TRUE,FALSE,0.05221873512024306,8478542,5,9
2019021022,771,even-strength,46,22,FALSE,FALSE,TRUE,TRUE,TRUE,FALSE,0.02222586053307543,8478043,5,9
2019021038,13,even-strength,34,-20,FALSE,FALSE,TRUE,TRUE,TRUE,FALSE,0.01279577231981276,8480865,2,9
2019021038,17,power-play,58,24,TRUE,FALSE,TRUE,TRUE,TRUE,FALSE,0.10517339454942272,8474586,2,9
2019021038,18,power-play,84,-5,FALSE,FALSE,TRUE,TRUE,TRUE,TRUE,0.1822827050699728,8475314,2,9
2019021038,19,even-strength,49,8,FALSE,FALSE,TRUE,TRUE,TRUE,FALSE,0.03184121781042256,8474709,2,9
2019021038,26,even-strength,50,14,FALSE,FALSE,TRUE,TRUE,TRUE,FALSE,0.05420778361854785,8475314,2,9
2019021038,42,even-strength,51,32,FALSE,FALSE,TRUE,TRUE,TRUE,FALSE,0.03426648951919649,8475314,2,9
2019021038,152,even-strength,76,5,FALSE,FALSE,TRUE,FALSE,FALSE,FALSE,0,8472382,2,9
2019021038,153,power-play,60,23,FALSE,FALSE,TRUE,TRUE,TRUE,FALSE,0.06859684156431288,8474586,2,9
2019021038,155,power-play,88,16,FALSE,FALSE,TRUE,TRUE,FALSE,FALSE,0.05696842241311552,8474586,2,9
2019021038,156,power-play,35,32,FALSE,FALSE,TRUE,TRUE,FALSE,FALSE,0.03661930596660953,8478038,2,9
2019021038,159,even-strength,49,28,FALSE,FALSE,TRUE,TRUE,TRUE,FALSE,0.0162179869408537,8480865,2,9
2019021038,160,even-strength,80,1,FALSE,FALSE,TRUE,FALSE,FALSE,FALSE,0,8480865,2,9
2019021038,163,even-strength,36,-18,FALSE,FALSE,TRUE,TRUE,FALSE,FALSE,0.0160883444855295,8475181,2,9
2019021038,174,even-strength,48,-30,FALSE,FALSE,TRUE,TRUE,TRUE,FALSE,0.01463466985680731,8477506,2,9
2019021038,197,even-strength,63,-2,FALSE,FALSE,TRUE,TRUE,FALSE,FALSE,0.09467649830516016,8478445,2,9
2019021038,261,even-strength,84,-17,FALSE,FALSE,TRUE,TRUE,TRUE,FALSE,0.04324708750315254,8477936,2,9
2019021038,266,even-strength,66,-12,FALSE,FALSE,TRUE,TRUE,TRUE,FALSE,0.0644848832593373,8476419,2,9
2019021038,280,even-strength,15,-34,FALSE,FALSE,TRUE,TRUE,TRUE,FALSE,0.00279599929334546,8474573,2,9
2019021038,289,even-strength,35,25,TRUE,FALSE,TRUE,TRUE,TRUE,FALSE,0.03881162454018856,8478463,2,9
2019021038,290,even-strength,38,-28,FALSE,FALSE,TRUE,TRUE,TRUE,FALSE,0.0154946163028179,8476429,2,9
2019021038,291,even-strength,47,-3,FALSE,FALSE,TRUE,TRUE,TRUE,TRUE,0.03821559845445017,8478445,2,9
2019021038,296,power-play,63,12,FALSE,FALSE,TRUE,TRUE,TRUE,FALSE,0.09743103572128248,8475314,2,9
2019021038,299,power-play,61,-15,FALSE,FALSE,TRUE,TRUE,TRUE,FALSE,0.0959433424578497,8475754,2,9
2019021038,401,power-play,65,-13,FALSE,FALSE,TRUE,FALSE,FALSE,FALSE,0,8478445,2,9
2019021038,403,even-strength,55,-19,FALSE,FALSE,TRUE,FALSE,FALSE,FALSE,0,8474709,2,9
2019021038,405,even-strength,76,-2,FALSE,FALSE,TRUE,TRUE,FALSE,FALSE,0.0934740752701934,8474586,2,9
2019021038,411,power-play,74,5,FALSE,FALSE,TRUE,TRUE,FALSE,FALSE,0.07721495926746492,8474586,2,9
2019021038,412,power-play,80,-8,FALSE,FALSE,TRUE,FALSE,FALSE,FALSE,0,8475314,2,9
2019021038,413,power-play,75,-5,FALSE,FALSE,TRUE,TRUE,FALSE,FALSE,0.09082473579584711,8475314,2,9
2019021038,414,even-strength,32,-1,FALSE,FALSE,TRUE,TRUE,FALSE,FALSE,0.02098366102108766,8478038,2,9
2019021038,417,even-strength,84,-12,FALSE,FALSE,TRUE,TRUE,FALSE,FALSE,0.0454763924269438,8476419,2,9
2019021038,423,even-strength,70,1,FALSE,FALSE,TRUE,TRUE,FALSE,FALSE,0.08350830678944,8475314,2,9
2019021038,435,even-strength,76,4,FALSE,FALSE,TRUE,TRUE,FALSE,FALSE,0.13169088066466297,8474709,2,9
2019021038,438,even-strength,67,-30,FALSE,FALSE,TRUE,TRUE,FALSE,FALSE,0.0225539897819879,8478463,2,9
2019021038,439,even-strength,61,4,FALSE,FALSE,TRUE,FALSE,FALSE,FALSE,0,8478445,2,9
2019021038,449,even-strength,53,0,FALSE,FALSE,TRUE,FALSE,FALSE,FALSE,0,8475181,2,9
2019021038,451,power-play,31,-27,FALSE,FALSE,TRUE,TRUE,TRUE,FALSE,0.02713127616536782,8477506,2,9
2019021038,452,power-play,82,0,FALSE,TRUE,TRUE,TRUE,TRUE,FALSE,0.30432761084242127,8475754,2,9
2019021038,466,power-play,56,-20,FALSE,TRUE,TRUE,TRUE,TRUE,FALSE,0.2583518532474263,8476419,2,9
2019021038,469,even-strength,74,-4,FALSE,FALSE,TRUE,TRUE,TRUE,FALSE,0.09651972898107614,8474573,2,9
2019021038,470,even-strength,37,-18,FALSE,FALSE,TRUE,TRUE,TRUE,FALSE,0.01223014651372829,8476429,2,9
2019021038,472,even-strength,52,21,FALSE,FALSE,TRUE,TRUE,TRUE,FALSE,0.04277702989272451,8472382,2,9
2019021038,476,even-strength,33,10,FALSE,FALSE,TRUE,TRUE,TRUE,FALSE,0.01939022183721702,8478038,2,9
2019021038,480,even-strength,78,-1,FALSE,FALSE,TRUE,TRUE,TRUE,FALSE,0.09716792400449724,8475314,2,9
2019021038,486,even-strength,84,-4,FALSE,FALSE,TRUE,TRUE,FALSE,FALSE,0.13765681788691908,8475314,2,9
2019021038,491,even-strength,72,23,FALSE,FALSE,TRUE,TRUE,TRUE,FALSE,0.0223492257348186,8476419,2,9
2019021038,492,even-strength,55,-28,FALSE,FALSE,TRUE,TRUE,TRUE,FALSE,0.04375957613904747,8475314,2,9
2019021038,494,even-strength,63,-5,FALSE,FALSE,TRUE,TRUE,TRUE,FALSE,0.04944614077129891,8474586,2,9
2019021038,603,even-strength,58,-22,FALSE,FALSE,TRUE,TRUE,TRUE,FALSE,0.02405554741022246,8478445,2,9
2019021038,604,even-strength,65,-2,FALSE,FALSE,TRUE,TRUE,TRUE,FALSE,0.05371636190604891,8478445,2,9
2019021038,611,even-strength,40,-2,FALSE,FALSE,TRUE,TRUE,TRUE,FALSE,0.02834939877334532,8478445,2,9
2019021038,612,even-strength,83,-3,FALSE,FALSE,TRUE,TRUE,TRUE,FALSE,0.09117989404424992,8474586,2,9
2019021038,620,even-strength,35,-15,FALSE,FALSE,TRUE,TRUE,TRUE,FALSE,0.01737048005633559,8477506,2,9
2019021038,621,even-strength,42,-16,FALSE,FALSE,TRUE,TRUE,TRUE,FALSE,0.01864655604037067,8477506,2,9
2019021038,628,power-play,37,-22,FALSE,FALSE,TRUE,TRUE,TRUE,FALSE,0.03394145504068643,8477506,2,9
2019021038,645,even-strength,66,-9,FALSE,FALSE,TRUE,TRUE,TRUE,FALSE,0.06168144400566572,8474586,2,9
2019021038,653,even-strength,73,-1,FALSE,FALSE,TRUE,FALSE,FALSE,FALSE,0,8474709,2,9
2019021038,654,power-play,81,9,FALSE,TRUE,TRUE,FALSE,FALSE,FALSE,0,8473544,2,9
2019021038,655,power-play,71,11,FALSE,FALSE,TRUE,FALSE,FALSE,FALSE,0,8473544,2,9
2019021038,681,even-strength,68,-2,FALSE,FALSE,TRUE,FALSE,FALSE,FALSE,0,8474586,2,9
2019021038,853,even-strength,70,-22,FALSE,FALSE,TRUE,TRUE,TRUE,FALSE,0.0439781357969776,8475754,2,9
2019021038,854,even-strength,33,-9,FALSE,FALSE,TRUE,TRUE,TRUE,TRUE,0.02904651791562928,8477506,2,9
2019021038,858,even-strength,87,-17,FALSE,FALSE,TRUE,TRUE,TRUE,FALSE,0.06721390272107318,8475754,2,9
2019021038,859,even-strength,60,-16,FALSE,FALSE,TRUE,TRUE,TRUE,FALSE,0.04838229078534135,8478445,2,9
2019021057,10,even-strength,33,-28,FALSE,FALSE,TRUE,TRUE,TRUE,FALSE,0.00859208193077014,8475841,28,9
2019021057,13,even-strength,68,-17,TRUE,FALSE,TRUE,FALSE,FALSE,FALSE,0,8475869,28,9
2019021057,16,even-strength,69,-1,FALSE,FALSE,TRUE,TRUE,TRUE,FALSE,0.14413705046808484,8475834,28,9
2019021057,17,even-strength,76,-1,FALSE,TRUE,TRUE,TRUE,TRUE,FALSE,0.2537050757320951,8475834,28,9
2019021057,18,even-strength,40,-28,FALSE,FALSE,TRUE,TRUE,TRUE,FALSE,0.01256547417019007,8470613,28,9
2019021057,19,even-strength,79,9,FALSE,FALSE,TRUE,TRUE,TRUE,FALSE,0.05868994167137242,8478414,28,9
2019021057,20,even-strength,80,13,FALSE,TRUE,TRUE,TRUE,FALSE,FALSE,0.11837954256126158,8478414,28,9
2019021057,21,even-strength,74,-1,FALSE,FALSE,TRUE,TRUE,TRUE,FALSE,0.07925293443657762,8466138,28,9
2019021057,28,even-strength,76,3,FALSE,FALSE,TRUE,TRUE,TRUE,FALSE,0.06773017628549159,8479580,28,9
2019021057,30,even-strength,38,13,FALSE,FALSE,TRUE,TRUE,TRUE,FALSE,0.01343456250663684,8470613,28,9
2019021057,33,even-strength,84,-3,FALSE,TRUE,TRUE,TRUE,TRUE,FALSE,0.23890291969662905,8478414,28,9
2019021057,37,even-strength,74,0,FALSE,FALSE,TRUE,TRUE,TRUE,FALSE,0.11369454645849664,8478414,28,9
2019021057,38,even-strength,81,-14,FALSE,TRUE,TRUE,TRUE,TRUE,FALSE,0.10876577434509796,8470613,28,9
2019021057,39,even-strength,56,-19,FALSE,FALSE,TRUE,TRUE,FALSE,FALSE,0.02432069332159059,8478414,28,9
2019021057,40,even-strength,67,6,FALSE,FALSE,TRUE,FALSE,FALSE,FALSE,0,8478414,28,9
2019021057,204,even-strength,41,16,FALSE,FALSE,TRUE,TRUE,TRUE,FALSE,0.02938780038043193,8475169,28,9
2019021057,212,power-play,37,-12,FALSE,FALSE,TRUE,TRUE,FALSE,FALSE,0.04723809429088497,8474053,28,9
2019021057,214,power-play,44,13,FALSE,FALSE,TRUE,TRUE,TRUE,FALSE,0.03643220706204633,8470613,28,9
2019021057,215,power-play,37,9,FALSE,FALSE,TRUE,TRUE,FALSE,FALSE,0.03185075371063346,8470613,28,9
2019021057,216,power-play,61,19,FALSE,FALSE,TRUE,TRUE,TRUE,FALSE,0.04590979345427604,8470613,28,9
2019021057,217,power-play,74,-4,FALSE,FALSE,TRUE,TRUE,FALSE,FALSE,0.12834600966937043,8475169,28,9
2019021057,218,power-play,67,-19,FALSE,FALSE,TRUE,TRUE,FALSE,FALSE,0.06942596706290054,8474053,28,9
2019021057,222,power-play,84,4,FALSE,TRUE,TRUE,TRUE,TRUE,TRUE,0.244947327582768,8475169,28,9
2019021057,223,power-play,82,0,FALSE,FALSE,TRUE,TRUE,TRUE,FALSE,0.13543094327829042,8475169,28,9
2019021057,233,even-strength,69,-16,FALSE,FALSE,TRUE,TRUE,FALSE,FALSE,0.04717155585792357,8475169,28,9
2019021057,234,even-strength,63,4,FALSE,TRUE,TRUE,FALSE,FALSE,FALSE,0,8475869,28,9
2019021057,235,even-strength,81,4,FALSE,TRUE,TRUE,FALSE,FALSE,FALSE,0,8474053,28,9
2019021057,237,even-strength,67,19,FALSE,FALSE,TRUE,TRUE,TRUE,FALSE,0.03595139125939038,8477922,28,9
2019021057,243,even-strength,37,-27,FALSE,FALSE,TRUE,TRUE,FALSE,FALSE,0.01648035359676944,8470613,28,9
2019021057,244,even-strength,57,9,FALSE,FALSE,TRUE,TRUE,TRUE,FALSE,0.05867262934638995,8478414,28,9
2019021057,250,even-strength,74,-2,TRUE,FALSE,TRUE,FALSE,FALSE,FALSE,0,8474053,28,9
2019021057,402,even-strength,32,5,FALSE,FALSE,TRUE,TRUE,TRUE,FALSE,0.02473663905836571,8478099,28,9
2019021057,403,even-strength,39,31,FALSE,FALSE,TRUE,TRUE,FALSE,FALSE,0.00838165382699151,8481812,28,9
2019021057,404,even-strength,82,-3,TRUE,FALSE,TRUE,FALSE,FALSE,FALSE,0,8475834,28,9
2019021057,408,even-strength,84,7,FALSE,FALSE,TRUE,TRUE,TRUE,FALSE,0.06613497376077045,8478099,28,9
2019021057,410,even-strength,35,20,FALSE,FALSE,TRUE,TRUE,TRUE,FALSE,0.01556603741115279,8475869,28,9
2019021057,411,even-strength,61,13,FALSE,FALSE,TRUE,TRUE,TRUE,FALSE,0.08794011496723254,8478099,28,9
2019021057,412,even-strength,61,3,FALSE,FALSE,TRUE,FALSE,FALSE,FALSE,0,8481812,28,9
2019021057,413,even-strength,75,2,FALSE,TRUE,TRUE,TRUE,TRUE,FALSE,0.2155319225277158,8480965,28,9
2019021057,418,even-strength,45,-21,FALSE,FALSE,TRUE,TRUE,FALSE,FALSE,0.0198679201248767,8476474,28,9
2019021057,419,even-strength,60,8,FALSE,TRUE,TRUE,TRUE,TRUE,FALSE,0.1343741455154029,8477922,28,9
2019021057,422,even-strength,64,-1,FALSE,FALSE,TRUE,TRUE,TRUE,FALSE,0.07237701352178903,8478414,28,9
2019021057,432,even-strength,77,-1,FALSE,FALSE,TRUE,TRUE,FALSE,FALSE,0.13844645637094094,8476474,28,9
2019021057,605,even-strength,56,-27,FALSE,FALSE,TRUE,TRUE,TRUE,FALSE,0.02203250802789176,8478099,28,9
2019021057,608,even-strength,78,-16,FALSE,FALSE,TRUE,TRUE,TRUE,FALSE,0.04759066053756997,8479580,28,9
2019021057,610,even-strength,75,-16,FALSE,FALSE,TRUE,FALSE,FALSE,FALSE,0,8478414,28,9
2019021057,614,even-strength,53,18,FALSE,FALSE,TRUE,TRUE,TRUE,FALSE,0.04138401321363184,8481516,28,9
2019021057,619,even-strength,-6,-24,FALSE,FALSE,TRUE,TRUE,TRUE,FALSE,0.00172165069141413,8478099,28,9
2019021057,623,even-strength,61,-18,FALSE,FALSE,TRUE,FALSE,FALSE,FALSE,0,8470613,28,9
2019021057,625,even-strength,-76,1,FALSE,FALSE,TRUE,FALSE,FALSE,FALSE,0,8477922,28,9
2019021057,626,even-strength,64,0,TRUE,FALSE,TRUE,TRUE,FALSE,FALSE,0.13721515581517937,8474053,28,9
2019021057,627,even-strength,54,1,FALSE,FALSE,TRUE,FALSE,FALSE,FALSE,0,8474053,28,9
2019021057,628,even-strength,80,-1,FALSE,FALSE,TRUE,TRUE,TRUE,FALSE,0.19144543913129192,8475169,28,9
2019021057,629,even-strength,79,8,FALSE,TRUE,TRUE,TRUE,FALSE,FALSE,0.16652443733950886,8478099,28,9
2019021057,634,even-strength,57,22,FALSE,FALSE,TRUE,TRUE,FALSE,FALSE,0.02204368081498785,8481516,28,9
2019021057,635,even-strength,51,11,FALSE,FALSE,TRUE,TRUE,FALSE,FALSE,0.02870198782419063,8476474,28,9
2019021057,805,even-strength,81,-3,FALSE,FALSE,TRUE,TRUE,TRUE,FALSE,0.10638874744990004,8474053,28,9
2019021057,806,even-strength,84,-1,FALSE,TRUE,TRUE,TRUE,TRUE,FALSE,0.3068265812487524,8474053,28,9
2019021082,117,even-strength,62,21,FALSE,FALSE,TRUE,FALSE,FALSE,FALSE,0,8474563,26,9
2019021082,122,even-strength,59,4,FALSE,FALSE,TRUE,TRUE,FALSE,FALSE,0.05787890906588176,8476924,26,9
2019021082,123,even-strength,51,3,FALSE,FALSE,TRUE,TRUE,TRUE,FALSE,0.0916153112724903,8476947,26,9
2019021082,128,even-strength,78,-6,FALSE,TRUE,TRUE,TRUE,TRUE,FALSE,0.17888394866041,8480113,26,9
2019021082,130,even-strength,74,-13,FALSE,FALSE,TRUE,TRUE,TRUE,FALSE,0.05163046685440528,8479675,26,9
2019021082,159,even-strength,76,5,FALSE,FALSE,TRUE,FALSE,FALSE,FALSE,0,8479998,26,9
2019021082,163,even-strength,66,28,FALSE,FALSE,TRUE,TRUE,TRUE,FALSE,0.03287147052851324,8479675,26,9
2019021082,164,even-strength,44,26,FALSE,FALSE,TRUE,FALSE,FALSE,FALSE,0,8477073,26,9
2019021082,165,even-strength,35,-18,FALSE,FALSE,TRUE,TRUE,TRUE,FALSE,0.01450790230581813,8480336,26,9
2019021082,167,even-strength,79,2,FALSE,TRUE,TRUE,TRUE,TRUE,TRUE,0.2528444975820062,8473453,26,9
2019021082,168,even-strength,75,3,FALSE,FALSE,TRUE,TRUE,TRUE,FALSE,0.07432232027444909,8473453,26,9
2019021082,170,even-strength,35,-4,FALSE,FALSE,TRUE,TRUE,FALSE,FALSE,0.03117279573264029,8477073,26,9
2019021082,172,even-strength,43,7,FALSE,FALSE,TRUE,TRUE,TRUE,FALSE,0.02973510989823448,8470606,26,9
2019021082,173,even-strength,65,17,FALSE,FALSE,TRUE,TRUE,TRUE,FALSE,0.06113265501804722,8480113,26,9
2019021082,175,power-play,55,-20,FALSE,FALSE,TRUE,TRUE,TRUE,FALSE,0.06595878036901774,8471685,26,9
2019021082,178,power-play,82,3,FALSE,FALSE,TRUE,TRUE,TRUE,FALSE,0.2633115556022672,8480113,26,9
2019021082,180,power-play,56,8,FALSE,FALSE,TRUE,TRUE,TRUE,FALSE,0.1333487979855211,8474563,26,9
2019021082,182,power-play,69,-22,FALSE,FALSE,TRUE,TRUE,TRUE,FALSE,0.1286046498257809,8470606,26,9
2019021082,183,power-play,52,29,FALSE,FALSE,TRUE,TRUE,FALSE,FALSE,0.0886605356302924,8474563,26,9
2019021082,185,even-strength,82,-20,FALSE,FALSE,TRUE,TRUE,TRUE,FALSE,0.03487915672501381,8480014,26,9
2019021082,186,even-strength,43,11,FALSE,FALSE,TRUE,TRUE,TRUE,FALSE,0.02694839602845103,8478911,26,9
2019021082,188,even-strength,46,-2,FALSE,FALSE,TRUE,FALSE,FALSE,FALSE,0,8476947,26,9
2019021082,189,even-strength,78,2,FALSE,FALSE,TRUE,FALSE,FALSE,FALSE,0,8477018,26,9
2019021082,196,even-strength,6,36,FALSE,FALSE,TRUE,TRUE,TRUE,FALSE,0.00220849270760213,8477018,26,9
2019021082,197,even-strength,79,-20,TRUE,FALSE,TRUE,TRUE,TRUE,FALSE,0.07387459321450561,8470606,26,9
2019021082,199,even-strength,34,-14,FALSE,FALSE,TRUE,TRUE,TRUE,FALSE,0.01598761791032778,8480336,26,9
2019021082,200,even-strength,70,-33,FALSE,FALSE,TRUE,FALSE,FALSE,FALSE,0,8480336,26,9
2019021082,454,even-strength,80,-6,FALSE,FALSE,TRUE,FALSE,FALSE,FALSE,0,8474563,26,9
2019021082,459,even-strength,67,2,FALSE,FALSE,TRUE,FALSE,FALSE,FALSE,0,8477018,26,9
2019021082,465,even-strength,39,-16,FALSE,FALSE,TRUE,TRUE,TRUE,FALSE,0.02509695974173167,8478911,26,9
2019021082,469,even-strength,76,-19,FALSE,FALSE,TRUE,FALSE,FALSE,FALSE,0,8480336,26,9
2019021082,473,even-strength,60,-12,FALSE,FALSE,TRUE,FALSE,FALSE,FALSE,0,8478911,26,9
2019021082,476,even-strength,61,-34,FALSE,FALSE,TRUE,TRUE,FALSE,FALSE,0.02514568638613151,8477018,26,9
2019021082,477,even-strength,76,2,FALSE,FALSE,TRUE,TRUE,FALSE,FALSE,0.1034942204940069,8471685,26,9
2019021082,478,even-strength,71,7,FALSE,FALSE,TRUE,FALSE,FALSE,FALSE,0,8477018,26,9
2019021082,479,even-strength,34,28,FALSE,FALSE,TRUE,TRUE,TRUE,FALSE,0.00971958908638666,8479998,26,9
2019021082,482,even-strength,34,33,FALSE,FALSE,TRUE,TRUE,TRUE,FALSE,0.01380071413492828,8477073,26,9
2019021082,495,penalty-kill,-77,21,FALSE,FALSE,TRUE,TRUE,TRUE,FALSE,3.9383508986554327e-4,8477018,26,9
2019021082,497,even-strength,78,1,FALSE,FALSE,TRUE,FALSE,FALSE,FALSE,0,8477073,26,9
2019021082,498,even-strength,77,-7,FALSE,FALSE,TRUE,TRUE,TRUE,FALSE,0.05434171190855173,8480113,26,9
2019021082,500,even-strength,82,-7,FALSE,FALSE,TRUE,TRUE,TRUE,FALSE,0.10515559933442696,8470606,26,9
2019021082,504,even-strength,78,-2,FALSE,FALSE,TRUE,TRUE,TRUE,FALSE,0.12119826568003766,8479675,26,9
2019021082,505,even-strength,78,-12,FALSE,FALSE,TRUE,TRUE,FALSE,FALSE,0.04327261722448861,8470606,26,9
2019021082,509,even-strength,78,-26,FALSE,FALSE,TRUE,TRUE,TRUE,FALSE,0.03809240670394955,8473453,26,9
2019021082,533,power-play,84,0,FALSE,TRUE,TRUE,TRUE,TRUE,FALSE,0.3652172275088301,8470606,26,9
2019021082,537,even-strength,79,-10,FALSE,TRUE,TRUE,TRUE,TRUE,FALSE,0.1492527479566121,8480014,26,9
2019021082,581,even-strength,53,4,FALSE,FALSE,TRUE,TRUE,TRUE,FALSE,0.06318486602471526,8476947,26,9
2019021082,752,power-play,36,-35,FALSE,FALSE,TRUE,TRUE,TRUE,FALSE,0.03348064958637666,8477960,26,9
2019021082,754,power-play,40,0,FALSE,FALSE,TRUE,TRUE,TRUE,FALSE,0.05096408174682259,8474563,26,9
2019021082,755,power-play,56,-24,FALSE,FALSE,TRUE,TRUE,FALSE,FALSE,0.06580156005161192,8471685,26,9
2019021082,756,power-play,80,-2,FALSE,FALSE,TRUE,TRUE,FALSE,FALSE,0.12602473794491134,8477960,26,9
2019021082,757,power-play,79,-18,FALSE,FALSE,TRUE,FALSE,FALSE,FALSE,0,8477960,26,9
2019021082,758,power-play,66,-21,FALSE,FALSE,TRUE,TRUE,TRUE,TRUE,0.08497538276481811,8480014,26,9
2019021082,761,even-strength,51,17,TRUE,FALSE,TRUE,FALSE,FALSE,FALSE,0,8477073,26,9
2019021082,762,even-strength,72,17,FALSE,FALSE,TRUE,TRUE,TRUE,FALSE,0.06900349285491035,8477018,26,9
2019021082,763,even-strength,85,11,FALSE,FALSE,TRUE,TRUE,TRUE,FALSE,0.07982471692946654,8470606,26,9
2019021082,765,power-play,36,-20,FALSE,FALSE,TRUE,TRUE,FALSE,FALSE,0.03487660517442024,8474563,26,9
2019021082,766,power-play,38,-1,FALSE,FALSE,TRUE,TRUE,TRUE,FALSE,0.05131706553524338,8474563,26,9
2019021082,767,power-play,81,0,FALSE,TRUE,TRUE,TRUE,TRUE,FALSE,0.35319226914996227,8470606,26,9
2019021082,768,power-play,68,-17,FALSE,FALSE,TRUE,TRUE,TRUE,FALSE,0.06554561487324581,8480014,26,9
2019021082,769,even-strength,83,-7,FALSE,FALSE,TRUE,TRUE,TRUE,TRUE,0.07285927734541986,8476924,26,9
2019021082,772,even-strength,72,21,FALSE,FALSE,TRUE,FALSE,FALSE,FALSE,0,8477960,26,9
2019021082,774,even-strength,76,-38,FALSE,FALSE,TRUE,TRUE,TRUE,FALSE,0.02604689542619228,8474563,26,9
