gameId,eventId,strengthState,xCoordNorm,yCoordNorm,isRush,isRebound,isCorsi,isFenwick,isShot,isGoal,xG,shooterPlayerId,shooterTeamId,goalieTeamId
2016020027,248,even-strength,72,1,FALSE,FALSE,TRUE,TRUE,FALSE,FALSE,0.1424456594196706,8474727,21,25
2016020027,292,even-strength,37,13,FALSE,FALSE,TRUE,TRUE,TRUE,FALSE,0.01668288347605108,8477507,21,25
2016020027,298,even-strength,79,-17,FALSE,FALSE,TRUE,TRUE,TRUE,FALSE,0.04376412229828737,8471504,21,25
2016020027,404,even-strength,48,22,FALSE,FALSE,TRUE,TRUE,FALSE,FALSE,0.01801473566813715,8475168,21,25
2016020027,411,power-play,65,-10,FALSE,FALSE,TRUE,FALSE,FALSE,FALSE,0,8476455,21,25
2016020027,412,power-play,68,-1,FALSE,FALSE,TRUE,FALSE,FALSE,FALSE,0,8476455,21,25
2016020027,413,even-strength,76,0,FALSE,FALSE,TRUE,FALSE,FALSE,FALSE,0,8474577,21,25
2016020027,418,even-strength,78,7,FALSE,FALSE,TRUE,FALSE,FALSE,FALSE,0,8477492,21,25
2016020027,419,even-strength,71,6,FALSE,FALSE,TRUE,FALSE,FALSE,FALSE,0,8477507,21,25
2016020027,432,even-strength,31,-23,FALSE,TRUE,TRUE,TRUE,FALSE,FALSE,0.04114158038811647,8475197,21,25
2016020027,443,even-strength,83,5,FALSE,FALSE,TRUE,FALSE,FALSE,FALSE,0,8475268,21,25
2016020027,446,even-strength,73,14,FALSE,FALSE,TRUE,TRUE,FALSE,FALSE,0.0588598535043341,8476888,21,25
2016020027,455,even-strength,57,32,FALSE,FALSE,TRUE,TRUE,TRUE,FALSE,0.03198092556799076,8462042,21,25
2016020027,460,even-strength,78,17,FALSE,FALSE,TRUE,FALSE,FALSE,FALSE,0,8473446,21,25
2016020027,463,even-strength,71,5,FALSE,FALSE,TRUE,TRUE,FALSE,FALSE,0.08828565218781023,8462042,21,25
2016020027,464,even-strength,42,-20,FALSE,FALSE,TRUE,TRUE,TRUE,FALSE,0.01632028145309098,8471504,21,25
2016020027,467,even-strength,86,-7,FALSE,FALSE,TRUE,TRUE,TRUE,FALSE,0.07480267130449962,8478561,21,25
2016020027,473,even-strength,21,30,TRUE,FALSE,TRUE,TRUE,TRUE,FALSE,0.01053753020818104,8474605,21,25
2016020027,480,even-strength,69,-8,FALSE,FALSE,TRUE,TRUE,TRUE,FALSE,0.07281837147492966,8462042,21,25
2016020027,483,even-strength,75,4,FALSE,FALSE,TRUE,TRUE,FALSE,FALSE,0.12260134263312768,8478561,21,25
2016020027,496,even-strength,42,31,FALSE,FALSE,TRUE,TRUE,FALSE,FALSE,0.01377189400843007,8469492,21,25
2016020027,499,even-strength,50,29,FALSE,FALSE,TRUE,TRUE,TRUE,FALSE,0.02092069749586266,8475168,21,25
2016020027,500,even-strength,12,-21,FALSE,FALSE,TRUE,TRUE,TRUE,FALSE,0.00357616877042121,8471262,21,25
2016020027,651,even-strength,49,-22,FALSE,FALSE,TRUE,TRUE,TRUE,FALSE,0.02033250958078819,8476888,21,25
2016020027,652,even-strength,82,12,FALSE,TRUE,TRUE,TRUE,TRUE,FALSE,0.15887186944978043,8476888,21,25
2016020027,655,even-strength,57,-20,FALSE,FALSE,TRUE,TRUE,FALSE,FALSE,0.03540579449035018,8476888,21,25
2016020027,665,even-strength,77,-2,FALSE,FALSE,TRUE,TRUE,FALSE,FALSE,0.13947049062253025,8476888,21,25
2016020027,668,even-strength,34,-34,TRUE,FALSE,TRUE,TRUE,TRUE,TRUE,0.01272555694223029,8475197,21,25
2016020027,670,even-strength,50,-1,FALSE,FALSE,TRUE,TRUE,TRUE,FALSE,0.05421690675341156,8476455,21,25
2016020027,688,even-strength,49,24,FALSE,FALSE,TRUE,FALSE,FALSE,FALSE,0,8469492,21,25
2016020043,9,even-strength,70,14,TRUE,FALSE,TRUE,TRUE,TRUE,FALSE,0.07122775964527138,8477942,18,25
2016020043,10,even-strength,69,21,FALSE,FALSE,TRUE,TRUE,TRUE,FALSE,0.03023654707691206,8467370,18,25
2016020043,23,even-strength,54,14,FALSE,FALSE,TRUE,TRUE,TRUE,FALSE,0.03198283922021417,8475793,18,25
2016020043,24,even-strength,75,6,FALSE,FALSE,TRUE,FALSE,FALSE,FALSE,0,8477942,18,25
2016020043,27,even-strength,50,-31,FALSE,FALSE,TRUE,FALSE,FALSE,FALSE,0,8467371,18,25
2016020043,32,even-strength,60,0,FALSE,FALSE,TRUE,FALSE,FALSE,FALSE,0,8470640,18,25
2016020043,201,penalty-kill,-26,28,FALSE,FALSE,TRUE,TRUE,TRUE,FALSE,0.00308966146388646,8474600,18,25
2016020043,202,even-strength,72,-24,TRUE,FALSE,TRUE,FALSE,FALSE,FALSE,0,8475225,18,25
2016020043,205,even-strength,58,-3,FALSE,FALSE,TRUE,FALSE,FALSE,FALSE,0,8476887,18,25
2016020043,221,even-strength,68,0,FALSE,FALSE,TRUE,TRUE,TRUE,FALSE,0.09673824340752438,8475218,18,25
2016020043,224,even-strength,83,-4,FALSE,FALSE,TRUE,TRUE,TRUE,FALSE,0.11290537407797836,8471707,18,25
2016020043,226,even-strength,77,-17,FALSE,FALSE,TRUE,FALSE,FALSE,FALSE,0,8474600,18,25
2016020043,230,even-strength,44,21,FALSE,FALSE,TRUE,TRUE,TRUE,FALSE,0.03330011609809542,8478042,18,25
2016020043,234,even-strength,58,1,FALSE,FALSE,TRUE,TRUE,TRUE,FALSE,0.06183701305547016,8476925,18,25
2016020043,236,even-strength,32,-16,FALSE,FALSE,TRUE,TRUE,TRUE,FALSE,0.01446911372857798,8474056,18,25
2016020043,237,even-strength,64,25,FALSE,FALSE,TRUE,TRUE,FALSE,FALSE,0.03081169351647446,8474600,18,25
2016020043,239,even-strength,44,-16,FALSE,FALSE,TRUE,TRUE,TRUE,FALSE,0.03027782052573883,8475176,18,25
2016020043,241,power-play,77,-1,TRUE,FALSE,TRUE,TRUE,TRUE,TRUE,0.16732330955228028,8467370,18,25
2016020043,406,even-strength,73,12,FALSE,FALSE,TRUE,TRUE,TRUE,FALSE,0.0732247552181038,8471707,18,25
2016020043,408,even-strength,76,-14,FALSE,FALSE,TRUE,FALSE,FALSE,FALSE,0,8474134,18,25
2016020043,409,even-strength,85,-13,FALSE,FALSE,TRUE,TRUE,TRUE,FALSE,0.04066021932495319,8471707,18,25
2016020043,410,even-strength,39,-1,FALSE,FALSE,TRUE,FALSE,FALSE,FALSE,0,8474134,18,25
2016020043,411,even-strength,74,-2,FALSE,FALSE,TRUE,TRUE,TRUE,FALSE,0.11012725334523923,8475225,18,25
2016020043,412,even-strength,66,-13,FALSE,FALSE,TRUE,FALSE,FALSE,FALSE,0,8475225,18,25
2016020043,413,even-strength,39,37,FALSE,FALSE,TRUE,TRUE,TRUE,FALSE,0.0107875488876264,8478042,18,25
2016020043,418,even-strength,77,13,FALSE,FALSE,TRUE,FALSE,FALSE,FALSE,0,8474569,18,25
2016020043,420,even-strength,86,-22,FALSE,FALSE,TRUE,TRUE,TRUE,FALSE,0.03005912994684358,8477942,18,25
2016020043,422,power-play,76,-2,FALSE,FALSE,TRUE,TRUE,FALSE,FALSE,0.13081289425029885,8475225,18,25
2016020043,423,power-play,49,13,FALSE,FALSE,TRUE,TRUE,FALSE,FALSE,0.07313031751255647,8474056,18,25
2016020043,424,power-play,44,12,FALSE,FALSE,TRUE,TRUE,TRUE,FALSE,0.05207916851812055,8474056,18,25
2016020043,425,power-play,51,-1,FALSE,FALSE,TRUE,FALSE,FALSE,FALSE,0,8474056,18,25
2016020043,433,even-strength,43,9,TRUE,FALSE,TRUE,TRUE,FALSE,FALSE,0.04895168516223534,8471707,18,25
2016020043,434,even-strength,69,-26,FALSE,FALSE,TRUE,TRUE,TRUE,FALSE,0.02619599686361257,8471707,18,25
2016020043,444,power-play,54,-21,FALSE,FALSE,TRUE,TRUE,TRUE,FALSE,0.04787084728977699,8471707,18,25
2016020043,445,power-play,79,18,FALSE,FALSE,TRUE,TRUE,FALSE,FALSE,0.07359296362962578,8475793,18,25
2016020043,446,power-play,34,4,FALSE,FALSE,TRUE,TRUE,TRUE,FALSE,0.03869140436688599,8475176,18,25
2016020043,447,power-play,56,24,FALSE,FALSE,TRUE,TRUE,TRUE,FALSE,0.04924732647536728,8474056,18,25
2016020043,448,even-strength,35,-28,FALSE,FALSE,TRUE,TRUE,FALSE,FALSE,0.01314493995738014,8474056,18,25
2016020043,612,even-strength,82,-5,FALSE,FALSE,TRUE,TRUE,FALSE,FALSE,0.07769741516691772,8475714,18,25
2016020043,613,even-strength,41,5,FALSE,TRUE,TRUE,TRUE,TRUE,FALSE,0.08008982993398069,8474600,18,25
2016020043,615,even-strength,58,20,FALSE,FALSE,TRUE,TRUE,TRUE,FALSE,0.02793084586340048,8478042,18,25
2016020043,624,even-strength,49,-12,FALSE,FALSE,TRUE,FALSE,FALSE,FALSE,0,8474134,18,25
2016020043,629,even-strength,81,-21,FALSE,FALSE,TRUE,FALSE,FALSE,FALSE,0,8476925,18,25
2016020043,639,even-strength,71,5,FALSE,FALSE,TRUE,FALSE,FALSE,FALSE,0,8475218,18,25
2016020043,642,even-strength,46,25,FALSE,FALSE,TRUE,TRUE,TRUE,FALSE,0.0149040671366128,8475225,18,25
2016020043,643,even-strength,72,-22,TRUE,FALSE,TRUE,FALSE,FALSE,FALSE,0,8475176,18,25
2016020043,647,even-strength,47,-1,FALSE,FALSE,TRUE,TRUE,TRUE,FALSE,0.04476301945981473,8471707,18,25
2016020043,648,even-strength,66,-13,TRUE,TRUE,TRUE,FALSE,FALSE,FALSE,0,8471707,18,25
2016020043,752,even-strength,71,-2,FALSE,FALSE,TRUE,FALSE,FALSE,FALSE,0,8475793,18,25
2016020043,754,even-strength,43,-3,FALSE,FALSE,TRUE,TRUE,TRUE,FALSE,0.03298257394311401,8478042,18,25
2016020043,755,even-strength,68,-2,FALSE,FALSE,TRUE,FALSE,FALSE,FALSE,0,8478042,18,25
2016020043,756,even-strength,47,-26,FALSE,FALSE,TRUE,TRUE,TRUE,FALSE,0.01561945508707416,8475176,18,25
2016020043,758,even-strength,57,-14,FALSE,FALSE,TRUE,TRUE,TRUE,FALSE,0.0315249563365758,8471707,18,25
2016020043,761,even-strength,71,-15,FALSE,FALSE,TRUE,FALSE,FALSE,FALSE,0,8471707,18,25
2016020043,762,even-strength,78,23,FALSE,FALSE,TRUE,FALSE,FALSE,FALSE,0,8474600,18,25
2016020043,765,even-strength,64,23,FALSE,FALSE,TRUE,TRUE,FALSE,FALSE,0.04248443205734478,8475225,18,25
2016020058,57,even-strength,47,-15,FALSE,FALSE,TRUE,FALSE,FALSE,FALSE,0,8473453,26,25
2016020058,59,even-strength,64,4,FALSE,FALSE,TRUE,TRUE,FALSE,FALSE,0.08918270552694861,8475726,26,25
2016020058,61,even-strength,64,3,FALSE,FALSE,TRUE,FALSE,FALSE,FALSE,0,8475762,26,25
2016020058,62,even-strength,38,-29,FALSE,FALSE,TRUE,FALSE,FALSE,FALSE,0,8474563,26,25
2016020058,64,even-strength,86,21,FALSE,FALSE,TRUE,TRUE,FALSE,FALSE,0.05087591598094848,8476404,26,25
2016020058,67,power-play,40,0,FALSE,FALSE,TRUE,TRUE,FALSE,FALSE,0.04216315027603674,8474563,26,25
2016020058,68,power-play,34,2,FALSE,FALSE,TRUE,FALSE,FALSE,FALSE,0,8475726,26,25
2016020058,70,power-play,75,-1,FALSE,FALSE,TRUE,TRUE,TRUE,TRUE,0.10862549522104724,8475343,26,25
2016020058,71,even-strength,83,-8,FALSE,FALSE,TRUE,TRUE,FALSE,FALSE,0.0932738077181958,8474100,26,25
2016020058,72,even-strength,38,-19,FALSE,FALSE,TRUE,TRUE,FALSE,FALSE,0.01744016123790736,8474166,26,25
2016020058,73,even-strength,40,20,FALSE,TRUE,TRUE,TRUE,TRUE,FALSE,0.05417576377030533,8471685,26,25
2016020058,75,even-strength,71,4,FALSE,FALSE,TRUE,TRUE,FALSE,FALSE,0.07078026050755651,8473453,26,25
2016020058,76,even-strength,78,17,FALSE,FALSE,TRUE,TRUE,TRUE,FALSE,0.02967595007276226,8476406,26,25
2016020058,78,even-strength,84,-21,FALSE,FALSE,TRUE,FALSE,FALSE,FALSE,0,8470606,26,25
2016020058,80,even-strength,36,0,FALSE,FALSE,TRUE,TRUE,TRUE,FALSE,0.01942730463102338,8474166,26,25
2016020058,81,even-strength,64,-39,FALSE,FALSE,TRUE,FALSE,FALSE,FALSE,0,8474563,26,25
2016020058,90,even-strength,74,-27,FALSE,FALSE,TRUE,TRUE,TRUE,FALSE,0.03645477968369874,8471685,26,25
2016020058,92,even-strength,75,-36,FALSE,FALSE,TRUE,TRUE,FALSE,FALSE,0.02122393190755391,8470606,26,25
2016020058,97,even-strength,40,-28,FALSE,FALSE,TRUE,TRUE,TRUE,FALSE,0.02284551288306776,8474563,26,25
2016020058,98,even-strength,35,-31,FALSE,FALSE,TRUE,TRUE,TRUE,FALSE,0.0092147815678225,8474563,26,25
2016020058,100,even-strength,71,0,FALSE,FALSE,TRUE,FALSE,FALSE,FALSE,0,8474166,26,25
2016020058,355,power-play,64,0,FALSE,FALSE,TRUE,FALSE,FALSE,FALSE,0,8474162,26,25
2016020058,356,power-play,87,9,FALSE,FALSE,TRUE,TRUE,FALSE,FALSE,0.0782608523302706,8470604,26,25
2016020058,358,power-play,79,-14,FALSE,FALSE,TRUE,FALSE,FALSE,FALSE,0,8470104,26,25
2016020058,359,even-strength,80,4,FALSE,FALSE,TRUE,TRUE,TRUE,FALSE,0.0830275863782207,8473453,26,25
2016020058,360,even-strength,78,3,FALSE,FALSE,TRUE,TRUE,FALSE,FALSE,0.08991923848788644,8474100,26,25
2016020058,362,even-strength,39,29,FALSE,FALSE,TRUE,TRUE,FALSE,FALSE,0.01776257523327018,8475188,26,25
2016020058,369,even-strength,59,-16,FALSE,FALSE,TRUE,TRUE,FALSE,FALSE,0.03058944917304594,8475726,26,25
2016020058,371,even-strength,67,3,FALSE,FALSE,TRUE,TRUE,TRUE,TRUE,0.08369516600762768,8470604,26,25
2016020058,373,even-strength,78,-19,FALSE,FALSE,TRUE,TRUE,TRUE,FALSE,0.03881984833182816,8475343,26,25
2016020058,383,even-strength,35,18,FALSE,FALSE,TRUE,TRUE,TRUE,FALSE,0.01325061291058595,8476404,26,25
2016020058,387,power-play,64,33,FALSE,FALSE,TRUE,TRUE,TRUE,FALSE,0.05193962463771311,8475726,26,25
2016020058,388,power-play,39,-14,FALSE,FALSE,TRUE,FALSE,FALSE,FALSE,0,8470604,26,25
2016020058,391,power-play,58,-15,FALSE,FALSE,TRUE,TRUE,TRUE,FALSE,0.05306580176687487,8474563,26,25
2016020058,392,power-play,54,16,FALSE,TRUE,TRUE,TRUE,TRUE,FALSE,0.18311299106833684,8474162,26,25
2016020058,394,power-play,68,23,FALSE,FALSE,TRUE,TRUE,TRUE,FALSE,0.06847592532118317,8470606,26,25
2016020058,397,power-play,65,-16,FALSE,FALSE,TRUE,TRUE,TRUE,FALSE,0.06578063671024356,8471685,26,25
2016020058,398,even-strength,39,35,TRUE,FALSE,TRUE,TRUE,TRUE,FALSE,0.01673827394096424,8475160,26,25
2016020058,407,penalty-kill,83,-13,FALSE,FALSE,TRUE,TRUE,FALSE,FALSE,0.051710619162839,8473453,26,25
2016020058,416,even-strength,67,36,FALSE,FALSE,TRUE,TRUE,TRUE,FALSE,0.01750890544972104,8475343,26,25
2016020058,417,even-strength,80,-2,FALSE,FALSE,TRUE,TRUE,TRUE,FALSE,0.10476793910731153,8471682,26,25
2016020058,418,even-strength,83,-5,FALSE,FALSE,TRUE,TRUE,TRUE,FALSE,0.06074713440410612,8475160,26,25
2016020058,419,even-strength,38,30,FALSE,FALSE,TRUE,FALSE,FALSE,FALSE,0,8470604,26,25
2016020058,420,even-strength,70,-36,FALSE,FALSE,TRUE,TRUE,TRUE,FALSE,0.01579972326428766,8470604,26,25
2016020058,421,even-strength,47,0,TRUE,FALSE,TRUE,FALSE,FALSE,FALSE,0,8475160,26,25
2016020058,422,even-strength,49,-22,FALSE,FALSE,TRUE,TRUE,TRUE,FALSE,0.01511800085751488,8470604,26,25
2016020058,424,even-strength,64,-36,FALSE,FALSE,TRUE,TRUE,TRUE,FALSE,0.01370362107414117,8474100,26,25
2016020058,427,even-strength,8,-14,FALSE,FALSE,TRUE,TRUE,TRUE,FALSE,0.00468863009602126,8474563,26,25
2016020058,428,even-strength,72,-15,FALSE,FALSE,TRUE,TRUE,TRUE,FALSE,0.04949148752392291,8476871,26,25
2016020058,429,even-strength,79,-10,FALSE,TRUE,TRUE,TRUE,TRUE,TRUE,0.19654312167215765,8476871,26,25
2016020058,435,power-play,38,25,FALSE,FALSE,TRUE,TRUE,TRUE,FALSE,0.03330431985789028,8474166,26,25
2016020058,436,power-play,63,16,FALSE,FALSE,TRUE,TRUE,TRUE,FALSE,0.08235001571199994,8475343,26,25
2016020058,442,even-strength,37,9,FALSE,FALSE,TRUE,TRUE,FALSE,FALSE,0.02136412757559713,8471685,26,25
2016020058,444,even-strength,82,6,FALSE,FALSE,TRUE,TRUE,FALSE,FALSE,0.03898204274494629,8475343,26,25
2016020058,445,even-strength,70,-23,FALSE,FALSE,TRUE,TRUE,TRUE,FALSE,0.03452126276094167,8470606,26,25
2016020058,446,even-strength,81,14,FALSE,FALSE,TRUE,TRUE,FALSE,FALSE,0.05700937328936464,8470606,26,25
2016020058,447,even-strength,76,7,FALSE,FALSE,TRUE,FALSE,FALSE,FALSE,0,8471682,26,25
2016020058,448,even-strength,46,-17,FALSE,FALSE,TRUE,TRUE,TRUE,FALSE,0.02812408883340009,8474166,26,25
2016020058,602,power-play,70,-1,FALSE,FALSE,TRUE,FALSE,FALSE,FALSE,0,8474162,26,25
2016020058,603,power-play,72,4,FALSE,FALSE,TRUE,FALSE,FALSE,FALSE,0,8474563,26,25
2016020058,605,power-play,63,13,FALSE,FALSE,TRUE,FALSE,FALSE,FALSE,0,8475343,26,25
2016020058,610,even-strength,48,2,TRUE,FALSE,TRUE,TRUE,TRUE,FALSE,0.08119786805616197,8475726,26,25
2016020058,614,even-strength,91,-27,FALSE,FALSE,TRUE,TRUE,FALSE,FALSE,0.12542507998940255,8470604,26,25
2016020058,620,penalty-kill,28,18,FALSE,FALSE,TRUE,TRUE,TRUE,FALSE,0.0270315780559577,8476871,26,25
2016020058,621,penalty-kill,77,-4,FALSE,FALSE,TRUE,TRUE,TRUE,FALSE,0.08067487267845612,8475726,26,25
2016020058,622,even-strength,85,-11,FALSE,FALSE,TRUE,FALSE,FALSE,FALSE,0,8474563,26,25
2016020058,624,even-strength,79,10,FALSE,FALSE,TRUE,TRUE,FALSE,FALSE,0.04173716157757951,8475343,26,25
2016020058,625,even-strength,79,-2,FALSE,FALSE,TRUE,TRUE,FALSE,FALSE,0.09654416185980212,8475343,26,25
2016020058,626,even-strength,75,1,FALSE,FALSE,TRUE,FALSE,FALSE,FALSE,0,8476871,26,25
2016020058,627,even-strength,40,-34,FALSE,FALSE,TRUE,TRUE,TRUE,FALSE,0.01437153193234413,8476406,26,25
2016020058,628,even-strength,75,14,FALSE,FALSE,TRUE,TRUE,TRUE,FALSE,0.07714074714650701,8476404,26,25
2016020058,629,even-strength,81,3,FALSE,FALSE,TRUE,TRUE,TRUE,FALSE,0.08108036848492935,8475343,26,25
2016020058,637,even-strength,49,-5,FALSE,FALSE,TRUE,FALSE,FALSE,FALSE,0,8474166,26,25
2016020058,638,even-strength,36,-4,FALSE,FALSE,TRUE,TRUE,FALSE,FALSE,0.02058929437532414,8474166,26,25
2016020058,643,even-strength,2,33,FALSE,FALSE,TRUE,TRUE,TRUE,FALSE,0.00305523727756059,8474162,26,25
2016020058,644,even-strength,21,21,FALSE,FALSE,TRUE,TRUE,TRUE,FALSE,0.00556436959055365,8474100,26,25
2016020058,645,even-strength,76,7,FALSE,FALSE,TRUE,FALSE,FALSE,FALSE,0,8476871,26,25
2016020058,649,even-strength,67,3,FALSE,FALSE,TRUE,TRUE,TRUE,TRUE,0.0452182171053648,8474166,26,25
2016020074,57,even-strength,79,16,FALSE,FALSE,TRUE,FALSE,FALSE,FALSE,0,8476310,29,25
2016020074,58,even-strength,79,-7,FALSE,FALSE,TRUE,TRUE,TRUE,FALSE,0.08734503886296101,8476432,29,25
2016020074,59,even-strength,84,0,FALSE,TRUE,TRUE,TRUE,TRUE,FALSE,0.3592200609191288,8476310,29,25
2016020074,61,even-strength,82,12,TRUE,FALSE,TRUE,FALSE,FALSE,FALSE,0,8478460,29,25
2016020074,64,even-strength,46,24,FALSE,FALSE,TRUE,TRUE,TRUE,FALSE,0.01721146724871982,8477505,29,25
2016020074,65,even-strength,47,34,FALSE,TRUE,TRUE,FALSE,FALSE,FALSE,0,8474774,29,25
2016020074,66,even-strength,80,-9,FALSE,FALSE,TRUE,TRUE,FALSE,FALSE,0.07221898795907881,8473422,29,25
2016020074,67,even-strength,78,-4,FALSE,FALSE,TRUE,FALSE,FALSE,FALSE,0,8474774,29,25
2016020074,70,even-strength,87,23,FALSE,FALSE,TRUE,TRUE,TRUE,FALSE,0.04003851044838142,8471273,29,25
2016020074,71,even-strength,41,26,FALSE,FALSE,TRUE,TRUE,TRUE,FALSE,0.01602577741355568,8476448,29,25
2016020074,77,even-strength,81,-6,FALSE,FALSE,TRUE,FALSE,FALSE,FALSE,0,8471273,29,25
2016020074,78,even-strength,80,-3,FALSE,FALSE,TRUE,FALSE,FALSE,FALSE,0,8474715,29,25
2016020074,79,even-strength,71,-1,FALSE,TRUE,TRUE,TRUE,TRUE,FALSE,0.2728675647275464,8474715,29,25
2016020074,80,even-strength,82,4,FALSE,FALSE,TRUE,FALSE,FALSE,FALSE,0,8474685,29,25
2016020074,81,even-strength,77,-8,TRUE,FALSE,TRUE,FALSE,FALSE,FALSE,0,8476438,29,25
2016020074,83,even-strength,37,29,FALSE,FALSE,TRUE,TRUE,FALSE,FALSE,0.00979097180447863,8478460,29,25
2016020074,85,even-strength,45,-3,FALSE,FALSE,TRUE,FALSE,FALSE,FALSE,0,8476310,29,25
2016020074,89,even-strength,35,32,FALSE,TRUE,TRUE,TRUE,FALSE,FALSE,0.02544047289923379,8475233,29,25
2016020074,98,even-strength,66,-17,FALSE,FALSE,TRUE,FALSE,FALSE,FALSE,0,8474715,29,25
2016020074,100,even-strength,73,-36,FALSE,FALSE,TRUE,FALSE,FALSE,FALSE,0,8477495,29,25
2016020074,305,even-strength,38,-13,FALSE,FALSE,TRUE,TRUE,FALSE,FALSE,0.01569709655735063,8475233,29,25
2016020074,307,even-strength,25,-11,FALSE,FALSE,TRUE,TRUE,TRUE,FALSE,0.01311520963506344,8474040,29,25
2016020074,311,even-strength,39,33,FALSE,FALSE,TRUE,TRUE,FALSE,FALSE,0.0103598128983081,8471677,29,25
2016020074,315,even-strength,36,-23,FALSE,FALSE,TRUE,TRUE,TRUE,FALSE,0.02374765001790432,8477495,29,25
2016020074,317,even-strength,84,10,FALSE,FALSE,TRUE,FALSE,FALSE,FALSE,0,8474715,29,25
2016020074,320,even-strength,59,-24,FALSE,FALSE,TRUE,FALSE,FALSE,FALSE,0,8473422,29,25
2016020074,327,even-strength,44,-27,FALSE,FALSE,TRUE,TRUE,TRUE,FALSE,0.01762924080043201,8475233,29,25
2016020074,329,even-strength,77,14,FALSE,FALSE,TRUE,TRUE,FALSE,FALSE,0.07310391927345297,8471677,29,25
2016020074,330,even-strength,30,12,FALSE,FALSE,TRUE,TRUE,FALSE,FALSE,0.01664379521257188,8475233,29,25
2016020074,331,even-strength,82,0,FALSE,TRUE,TRUE,FALSE,FALSE,FALSE,0,8477505,29,25
2016020074,334,penalty-kill,76,3,FALSE,FALSE,TRUE,TRUE,TRUE,FALSE,0.2364930121281295,8476448,29,25
2016020074,338,penalty-kill,81,12,FALSE,FALSE,TRUE,TRUE,FALSE,FALSE,0.03066248758741496,8476448,29,25
2016020074,339,penalty-kill,69,18,FALSE,FALSE,TRUE,FALSE,FALSE,FALSE,0,8476438,29,25
2016020074,349,even-strength,74,-13,FALSE,FALSE,TRUE,TRUE,TRUE,FALSE,0.04323976144107299,8476432,29,25
2016020074,350,even-strength,32,23,FALSE,FALSE,TRUE,TRUE,TRUE,FALSE,0.01359546938584284,8478460,29,25
2016020074,466,even-strength,81,4,FALSE,FALSE,TRUE,TRUE,TRUE,TRUE,0.1060233279475872,8476981,29,25
2016020074,472,even-strength,70,3,FALSE,FALSE,TRUE,FALSE,FALSE,FALSE,0,8476981,29,25
2016020074,475,even-strength,74,28,FALSE,FALSE,TRUE,TRUE,TRUE,FALSE,0.03533085914436101,8476438,29,25
2016020074,477,even-strength,86,12,FALSE,FALSE,TRUE,TRUE,FALSE,FALSE,0.0656992853324769,8476310,29,25
2016020074,478,even-strength,73,-12,FALSE,FALSE,TRUE,TRUE,TRUE,FALSE,0.07180420744650617,8474715,29,25
2016020074,480,even-strength,58,12,FALSE,FALSE,TRUE,TRUE,FALSE,FALSE,0.04305711700237877,8468486,29,25
2016020074,488,even-strength,64,1,FALSE,FALSE,TRUE,TRUE,TRUE,FALSE,0.07154489885409746,8476432,29,25
2016020074,489,even-strength,35,32,FALSE,FALSE,TRUE,TRUE,TRUE,FALSE,0.00729588479812589,8471677,29,25
2016020074,492,even-strength,64,1,FALSE,FALSE,TRUE,TRUE,FALSE,FALSE,0.08228685044541713,8474715,29,25
2016020074,494,even-strength,45,-14,FALSE,FALSE,TRUE,TRUE,FALSE,FALSE,0.02212852452282877,8474715,29,25
2016020074,495,even-strength,52,-33,FALSE,FALSE,TRUE,FALSE,FALSE,FALSE,0,8475233,29,25
2016020074,601,even-strength,60,-1,FALSE,FALSE,TRUE,TRUE,TRUE,FALSE,0.07973208227232613,8477505,29,25
2016020074,602,even-strength,81,-1,FALSE,TRUE,TRUE,TRUE,TRUE,FALSE,0.36284832402121864,8476438,29,25
2016020074,604,even-strength,48,28,FALSE,FALSE,TRUE,TRUE,FALSE,FALSE,0.0176139077134558,8471273,29,25
2016020074,605,even-strength,54,-39,FALSE,FALSE,TRUE,TRUE,TRUE,FALSE,0.01329135073046962,8474715,29,25
2016020074,608,even-strength,71,-3,FALSE,FALSE,TRUE,TRUE,FALSE,FALSE,0.07883140773662753,8473422,29,25
2016020074,609,even-strength,78,-7,FALSE,FALSE,TRUE,TRUE,FALSE,FALSE,0.11454791877425728,8474715,29,25
2016020074,612,even-strength,79,-8,FALSE,FALSE,TRUE,TRUE,TRUE,TRUE,0.08440506759385384,8468486,29,25
2016020074,617,even-strength,76,0,FALSE,FALSE,TRUE,TRUE,FALSE,FALSE,0.34616657978440973,8474715,29,25
2016020074,619,penalty-kill,59,20,FALSE,FALSE,TRUE,TRUE,FALSE,FALSE,0.04763301036708,8474685,29,25
2016020074,621,penalty-kill,74,-1,FALSE,FALSE,TRUE,TRUE,FALSE,FALSE,0.09496069953627136,8476438,29,25
2016020074,630,even-strength,65,-4,FALSE,FALSE,TRUE,TRUE,TRUE,FALSE,0.09708440914226052,8476432,29,25
2016020074,632,even-strength,14,0,FALSE,FALSE,TRUE,TRUE,TRUE,FALSE,0.00520863159499456,8476432,29,25
2016020074,633,even-strength,57,-28,FALSE,FALSE,TRUE,TRUE,TRUE,FALSE,0.0157745833095122,8476981,29,25
2016020074,634,even-strength,39,23,FALSE,FALSE,TRUE,TRUE,TRUE,FALSE,0.01874290622511689,8478460,29,25
2016020074,636,even-strength,41,31,FALSE,FALSE,TRUE,TRUE,FALSE,FALSE,0.00982948749918483,8478460,29,25
2016020074,640,power-play,72,-3,FALSE,FALSE,TRUE,TRUE,FALSE,FALSE,0.09076640273346032,8476438,29,25
2016020119,58,power-play,58,18,FALSE,FALSE,TRUE,FALSE,FALSE,FALSE,0,8475798,30,25
2016020119,59,power-play,82,-14,FALSE,TRUE,TRUE,TRUE,FALSE,FALSE,0.22630242770662184,8469459,30,25
2016020119,67,even-strength,54,5,TRUE,FALSE,TRUE,FALSE,FALSE,FALSE,0,8470595,30,25
2016020119,68,even-strength,82,4,TRUE,FALSE,TRUE,TRUE,TRUE,FALSE,0.1405826681974764,8470595,30,25
2016020119,74,penalty-kill,85,5,FALSE,FALSE,TRUE,TRUE,TRUE,TRUE,0.08301781918534347,8475798,30,25
2016020119,86,even-strength,80,-4,FALSE,FALSE,TRUE,FALSE,FALSE,FALSE,0,8469459,30,25
2016020119,87,even-strength,82,3,FALSE,TRUE,TRUE,TRUE,TRUE,FALSE,0.3517223605288447,8469459,30,25
2016020119,93,even-strength,83,3,FALSE,TRUE,TRUE,TRUE,TRUE,FALSE,0.31359348095554307,8475798,30,25
2016020119,95,even-strength,54,21,FALSE,FALSE,TRUE,FALSE,FALSE,FALSE,0,8476344,30,25
2016020119,97,even-strength,79,37,FALSE,FALSE,TRUE,TRUE,TRUE,FALSE,0.0164130626402944,8470600,30,25
2016020119,100,even-strength,71,15,FALSE,FALSE,TRUE,TRUE,TRUE,FALSE,0.06420021775394441,8475799,30,25
2016020119,251,even-strength,50,-16,FALSE,FALSE,TRUE,FALSE,FALSE,FALSE,0,8477850,30,25
2016020119,252,even-strength,46,-22,FALSE,FALSE,TRUE,FALSE,FALSE,FALSE,0,8469459,30,25
2016020119,259,even-strength,72,6,FALSE,FALSE,TRUE,TRUE,FALSE,FALSE,0.08014428673069642,8474610,30,25
2016020119,292,even-strength,44,-1,FALSE,FALSE,TRUE,TRUE,TRUE,FALSE,0.03429875753916201,8476856,30,25
2016020119,295,even-strength,69,-9,FALSE,FALSE,TRUE,TRUE,FALSE,FALSE,0.05076552193784415,8469506,30,25
2016020119,296,even-strength,63,-8,FALSE,FALSE,TRUE,FALSE,FALSE,FALSE,0,8477850,30,25
2016020119,297,even-strength,44,4,FALSE,FALSE,TRUE,FALSE,FALSE,FALSE,0,8477850,30,25
2016020119,452,even-strength,69,13,FALSE,FALSE,TRUE,TRUE,FALSE,FALSE,0.05711861980167766,8476344,30,25
2016020119,453,even-strength,83,-13,FALSE,FALSE,TRUE,TRUE,FALSE,FALSE,0.05144576773346605,8475745,30,25
2016020119,454,even-strength,46,20,FALSE,FALSE,TRUE,FALSE,FALSE,FALSE,0,8476463,30,25
2016020119,455,even-strength,39,19,FALSE,FALSE,TRUE,TRUE,FALSE,FALSE,0.02022413167066375,8476463,30,25
2016020119,464,even-strength,40,13,FALSE,FALSE,TRUE,TRUE,FALSE,FALSE,0.01900273521875396,8470595,30,25
2016020119,477,even-strength,75,36,FALSE,FALSE,TRUE,TRUE,FALSE,FALSE,0.02034072101794994,8475798,30,25
2016020119,478,even-strength,46,-24,FALSE,FALSE,TRUE,FALSE,FALSE,FALSE,0,8477850,30,25
2016020119,492,even-strength,34,-27,FALSE,FALSE,TRUE,TRUE,TRUE,FALSE,0.01083171805077726,8474716,30,25
2016020119,495,even-strength,62,25,FALSE,FALSE,TRUE,TRUE,TRUE,TRUE,0.03177700585712503,8475799,30,25
2016020119,497,even-strength,36,35,FALSE,FALSE,TRUE,TRUE,TRUE,FALSE,0.00830934077031684,8475798,30,25
2016020119,658,even-strength,66,-20,FALSE,FALSE,TRUE,TRUE,TRUE,FALSE,0.04831310328131725,8477006,30,25
2016020119,659,even-strength,80,-5,FALSE,FALSE,TRUE,TRUE,TRUE,FALSE,0.12651295366859663,8477006,30,25
2016020119,664,power-play,43,25,FALSE,FALSE,TRUE,TRUE,FALSE,FALSE,0.04399727491294284,8476856,30,25
2016020119,665,power-play,79,-22,FALSE,FALSE,TRUE,TRUE,TRUE,FALSE,0.07244187202032647,8470595,30,25
2016020119,666,power-play,71,-27,FALSE,FALSE,TRUE,TRUE,TRUE,TRUE,0.0660359911132837,8470595,30,25
2016020119,674,even-strength,78,11,FALSE,FALSE,TRUE,FALSE,FALSE,FALSE,0,8470600,30,25
2016020119,675,even-strength,82,3,FALSE,FALSE,TRUE,TRUE,TRUE,TRUE,0.12509410473309773,8476344,30,25
2016020119,680,even-strength,70,-5,FALSE,FALSE,TRUE,FALSE,FALSE,FALSE,0,8470595,30,25
2016020178,12,even-strength,55,-23,FALSE,FALSE,TRUE,TRUE,TRUE,FALSE,0.02439493145096893,8473604,16,25
2016020178,15,even-strength,48,-11,FALSE,FALSE,TRUE,FALSE,FALSE,FALSE,0,8470607,16,25
2016020178,27,power-play,44,-5,FALSE,FALSE,TRUE,FALSE,FALSE,FALSE,0,8470607,16,25
2016020178,30,even-strength,38,27,FALSE,FALSE,TRUE,TRUE,TRUE,FALSE,0.01259403037930323,8471769,16,25
2016020178,33,even-strength,78,1,FALSE,FALSE,TRUE,FALSE,FALSE,FALSE,0,8477951,16,25
2016020178,38,even-strength,47,-22,FALSE,TRUE,TRUE,FALSE,FALSE,FALSE,0,8470607,16,25
2016020178,39,power-play,68,-27,FALSE,FALSE,TRUE,TRUE,TRUE,FALSE,0.05505764607055854,8474141,16,25
2016020178,41,power-play,36,-1,FALSE,FALSE,TRUE,TRUE,FALSE,FALSE,0.04342298892924423,8470607,16,25
2016020178,42,power-play,37,-5,FALSE,FALSE,TRUE,TRUE,TRUE,FALSE,0.02724649435981986,8478055,16,25
2016020178,43,even-strength,79,-1,FALSE,TRUE,TRUE,TRUE,TRUE,FALSE,0.31023500101409013,8473573,16,25
2016020178,210,even-strength,74,15,FALSE,FALSE,TRUE,TRUE,FALSE,FALSE,0.05964238944146403,8477353,16,25
2016020178,211,even-strength,71,-1,FALSE,FALSE,TRUE,FALSE,FALSE,FALSE,0,8477451,16,25
2016020178,213,even-strength,54,4,TRUE,FALSE,TRUE,TRUE,TRUE,FALSE,0.09121247803695758,8477951,16,25
2016020178,215,even-strength,73,14,FALSE,FALSE,TRUE,TRUE,FALSE,FALSE,0.04422645158725599,8469547,16,25
2016020178,217,even-strength,67,-1,TRUE,FALSE,TRUE,TRUE,FALSE,FALSE,0.12094362827874648,8466148,16,25
2016020178,219,even-strength,40,-24,FALSE,FALSE,TRUE,TRUE,TRUE,FALSE,0.0132043455628481,8475209,16,25
2016020178,237,even-strength,72,17,FALSE,FALSE,TRUE,TRUE,FALSE,FALSE,0.05536373188623251,8479482,16,25
2016020178,238,even-strength,85,-14,FALSE,FALSE,TRUE,TRUE,TRUE,FALSE,0.03021532899017506,8473573,16,25
2016020178,243,even-strength,69,-7,FALSE,FALSE,TRUE,TRUE,TRUE,FALSE,0.08071133558000096,8477353,16,25
2016020178,248,even-strength,51,-20,FALSE,FALSE,TRUE,TRUE,TRUE,FALSE,0.02229210767702463,8473604,16,25
2016020178,401,even-strength,14,29,FALSE,FALSE,TRUE,TRUE,TRUE,FALSE,0.01395513662079593,8470281,16,25
2016020178,405,power-play,41,21,FALSE,FALSE,TRUE,TRUE,FALSE,FALSE,0.03545510059314095,8470281,16,25
2016020178,406,power-play,36,9,FALSE,FALSE,TRUE,TRUE,FALSE,FALSE,0.04282101445572561,8470281,16,25
2016020178,408,power-play,49,17,FALSE,FALSE,TRUE,TRUE,TRUE,FALSE,0.05009506684870959,8466148,16,25
2016020178,409,even-strength,70,3,FALSE,FALSE,TRUE,FALSE,FALSE,FALSE,0,8478055,16,25
2016020178,410,even-strength,58,-13,FALSE,FALSE,TRUE,TRUE,TRUE,FALSE,0.05524026795486903,8477451,16,25
2016020178,411,even-strength,83,-6,FALSE,FALSE,TRUE,TRUE,TRUE,TRUE,0.1018068943035768,8474141,16,25
2016020178,413,even-strength,81,-16,FALSE,FALSE,TRUE,TRUE,FALSE,FALSE,0.05610578076467268,8478550,16,25
2016020178,415,even-strength,64,-20,TRUE,FALSE,TRUE,TRUE,TRUE,FALSE,0.07548725575855916,8478550,16,25
2016020178,418,even-strength,74,29,FALSE,FALSE,TRUE,TRUE,TRUE,FALSE,0.03201753375432675,8475323,16,25
2016020178,422,even-strength,81,-11,FALSE,FALSE,TRUE,FALSE,FALSE,FALSE,0,8474141,16,25
2016020178,423,even-strength,46,-36,FALSE,FALSE,TRUE,TRUE,FALSE,FALSE,0.00984753285507746,8470607,16,25
2016020178,424,even-strength,66,1,FALSE,FALSE,TRUE,TRUE,TRUE,FALSE,0.07244249801492648,8477929,16,25
2016020178,425,even-strength,76,3,FALSE,FALSE,TRUE,TRUE,TRUE,FALSE,0.09929532432669534,8475209,16,25
2016020178,433,even-strength,38,-27,FALSE,FALSE,TRUE,TRUE,FALSE,FALSE,0.01717906974844047,8466285,16,25
2016020178,434,even-strength,76,15,FALSE,FALSE,TRUE,TRUE,TRUE,FALSE,0.04282524296198611,8473604,16,25
2016020178,435,even-strength,73,29,FALSE,FALSE,TRUE,TRUE,TRUE,FALSE,0.03622003296580333,8478550,16,25
2016020178,439,even-strength,35,0,FALSE,FALSE,TRUE,TRUE,TRUE,FALSE,0.02019086532298257,8470281,16,25
2016020178,451,even-strength,59,-1,FALSE,FALSE,TRUE,TRUE,FALSE,FALSE,0.07523101059805673,8478550,16,25
2016020178,452,even-strength,43,-25,FALSE,FALSE,TRUE,FALSE,FALSE,FALSE,0,8466148,16,25
2016020178,457,power-play,58,9,FALSE,FALSE,TRUE,FALSE,FALSE,FALSE,0,8470281,16,25
2016020178,460,even-strength,78,7,FALSE,FALSE,TRUE,TRUE,TRUE,TRUE,0.08866787194842,8473604,16,25
2016020178,462,even-strength,34,31,FALSE,FALSE,TRUE,TRUE,TRUE,FALSE,0.04036817266774065,8470281,16,25
2016020178,464,even-strength,78,-5,FALSE,TRUE,TRUE,TRUE,TRUE,TRUE,0.3396618039267732,8473573,16,25
2016020178,465,even-strength,82,12,FALSE,FALSE,TRUE,TRUE,TRUE,FALSE,0.05277574901904697,8473604,16,25
2016020178,466,even-strength,34,34,FALSE,FALSE,TRUE,TRUE,TRUE,FALSE,0.00703036449182295,8479482,16,25
2016020178,468,even-strength,55,2,FALSE,FALSE,TRUE,FALSE,FALSE,FALSE,0,8479482,16,25
2016020178,473,even-strength,76,-7,FALSE,FALSE,TRUE,TRUE,FALSE,FALSE,0.0902681150891645,8474141,16,25
2016020178,477,even-strength,71,-20,FALSE,FALSE,TRUE,TRUE,TRUE,FALSE,0.03410259278215498,8466148,16,25
2016020178,479,even-strength,64,-16,FALSE,FALSE,TRUE,TRUE,TRUE,FALSE,0.04014342334689934,8477451,16,25
2016020178,492,even-strength,82,20,FALSE,FALSE,TRUE,TRUE,FALSE,FALSE,0.0563055651307089,8474141,16,25
2016020178,494,even-strength,73,-28,FALSE,FALSE,TRUE,TRUE,FALSE,FALSE,0.03194352428178531,8478550,16,25
2016020178,503,even-strength,73,12,FALSE,FALSE,TRUE,TRUE,FALSE,FALSE,0.09224857658181362,8466148,16,25
2016020178,509,even-strength,70,11,FALSE,FALSE,TRUE,TRUE,TRUE,FALSE,0.072671052512744,8474141,16,25
2016020178,510,even-strength,83,7,FALSE,TRUE,TRUE,TRUE,TRUE,FALSE,0.18949465343809477,8473604,16,25
2016020178,512,even-strength,84,5,FALSE,TRUE,TRUE,TRUE,TRUE,FALSE,0.2103028734134412,8473604,16,25
2016020178,514,even-strength,-26,-31,FALSE,FALSE,TRUE,TRUE,FALSE,FALSE,6.67601862074475e-4,8470607,16,25
2016020178,535,even-strength,75,-17,FALSE,FALSE,TRUE,TRUE,TRUE,FALSE,0.054340654838674,8478550,16,25
2016020178,540,even-strength,37,1,FALSE,FALSE,TRUE,TRUE,TRUE,TRUE,0.09991270523485754,8466148,16,25
2016020191,65,even-strength,78,18,FALSE,FALSE,TRUE,TRUE,TRUE,TRUE,0.05210135198140842,8476460,52,25
2016020191,68,even-strength,71,18,FALSE,FALSE,TRUE,FALSE,FALSE,FALSE,0,8474074,52,25
2016020191,69,even-strength,64,15,FALSE,FALSE,TRUE,TRUE,TRUE,FALSE,0.05689284396661188,8475788,52,25
2016020191,70,even-strength,64,-1,FALSE,FALSE,TRUE,FALSE,FALSE,FALSE,0,8475788,52,25
2016020191,71,even-strength,52,-6,FALSE,TRUE,TRUE,FALSE,FALSE,FALSE,0,8475788,52,25
2016020191,76,even-strength,40,26,FALSE,FALSE,TRUE,TRUE,TRUE,FALSE,0.02350898991572348,8479293,52,25
2016020191,78,even-strength,77,-3,FALSE,FALSE,TRUE,TRUE,FALSE,FALSE,0.10442402989030326,8477940,52,25
2016020191,80,even-strength,75,-3,FALSE,FALSE,TRUE,FALSE,FALSE,FALSE,0,8477504,52,25
2016020191,84,even-strength,79,7,FALSE,FALSE,TRUE,TRUE,TRUE,TRUE,0.09923023787000532,8479339,52,25
2016020191,92,power-play,67,21,FALSE,FALSE,TRUE,FALSE,FALSE,FALSE,0,8479339,52,25
2016020191,93,power-play,33,-13,FALSE,FALSE,TRUE,TRUE,TRUE,FALSE,0.04002076205501129,8470834,52,25
2016020191,202,even-strength,56,-8,FALSE,FALSE,TRUE,FALSE,FALSE,FALSE,0,8477940,52,25
2016020191,211,even-strength,58,22,FALSE,FALSE,TRUE,FALSE,FALSE,FALSE,0,8477940,52,25
2016020191,222,even-strength,58,2,FALSE,FALSE,TRUE,TRUE,FALSE,FALSE,0.07907429325727819,8479339,52,25
2016020191,223,even-strength,48,-36,FALSE,FALSE,TRUE,TRUE,FALSE,FALSE,0.00784986272602632,8470834,52,25
2016020191,225,even-strength,76,6,FALSE,FALSE,TRUE,TRUE,TRUE,FALSE,0.05773881429302942,8476392,52,25
2016020191,229,even-strength,71,0,FALSE,FALSE,TRUE,TRUE,FALSE,FALSE,0.10709289859743866,8477429,52,25
2016020191,230,even-strength,34,32,FALSE,FALSE,TRUE,TRUE,TRUE,FALSE,0.01359224190467884,8470828,52,25
2016020191,233,power-play,53,1,FALSE,FALSE,TRUE,FALSE,FALSE,FALSE,0,8470828,52,25
2016020191,234,power-play,57,-28,FALSE,FALSE,TRUE,TRUE,TRUE,FALSE,0.04910495823003054,8477940,52,25
2016020191,235,power-play,82,-1,FALSE,FALSE,TRUE,TRUE,TRUE,FALSE,0.15360305983724223,8479339,52,25
2016020191,236,power-play,85,-3,FALSE,TRUE,TRUE,TRUE,TRUE,TRUE,0.3854059800464597,8479339,52,25
2016020191,247,even-strength,75,-8,FALSE,FALSE,TRUE,TRUE,TRUE,TRUE,0.1333493795499188,8479339,52,25
2016020204,59,even-strength,78,14,FALSE,FALSE,TRUE,FALSE,FALSE,FALSE,0,8473564,20,25
2016020204,62,even-strength,65,-8,FALSE,FALSE,TRUE,FALSE,FALSE,FALSE,0,8476462,20,25
2016020204,64,even-strength,51,-31,FALSE,FALSE,TRUE,TRUE,TRUE,FALSE,0.01882219290284502,8476346,20,25
2016020204,68,even-strength,52,-22,FALSE,FALSE,TRUE,TRUE,TRUE,FALSE,0.02054265723004032,8471426,20,25
2016020204,73,even-strength,73,35,FALSE,FALSE,TRUE,TRUE,TRUE,FALSE,0.02773032486083513,8470966,20,25
2016020204,74,even-strength,67,-30,FALSE,FALSE,TRUE,TRUE,TRUE,FALSE,0.03550180197054126,8476346,20,25
2016020204,75,even-strength,79,8,FALSE,FALSE,TRUE,TRUE,FALSE,FALSE,0.12916871146375428,8475163,20,25
2016020204,76,even-strength,43,-1,FALSE,FALSE,TRUE,FALSE,FALSE,FALSE,0,8470966,20,25
2016020204,77,even-strength,37,-30,FALSE,FALSE,TRUE,TRUE,TRUE,FALSE,0.01163702425868875,8476462,20,25
2016020204,80,even-strength,63,-31,FALSE,FALSE,TRUE,TRUE,TRUE,FALSE,0.01665734359965457,8476462,20,25
2016020204,82,power-play,64,-14,FALSE,FALSE,TRUE,FALSE,FALSE,FALSE,0,8470966,20,25
2016020204,83,power-play,79,-1,FALSE,FALSE,TRUE,TRUE,FALSE,FALSE,0.11578480612476733,8477497,20,25
2016020204,84,power-play,45,11,FALSE,FALSE,TRUE,TRUE,FALSE,FALSE,0.03630937076941162,8470966,20,25
2016020204,85,power-play,37,-29,FALSE,FALSE,TRUE,TRUE,TRUE,FALSE,0.01938705905929152,8470966,20,25
2016020204,86,power-play,63,21,FALSE,FALSE,TRUE,TRUE,TRUE,FALSE,0.06083288946755914,8474150,20,25
2016020204,88,power-play,72,-4,FALSE,FALSE,TRUE,TRUE,FALSE,FALSE,0.10319243970005064,8475223,20,25
2016020204,94,even-strength,72,22,FALSE,FALSE,TRUE,FALSE,FALSE,FALSE,0,8470966,20,25
2016020204,95,even-strength,36,-25,FALSE,FALSE,TRUE,TRUE,FALSE,FALSE,0.0166919605694971,8468674,20,25
2016020204,96,even-strength,75,-4,FALSE,FALSE,TRUE,FALSE,FALSE,FALSE,0,8468674,20,25
2016020204,100,even-strength,78,-16,FALSE,FALSE,TRUE,FALSE,FALSE,FALSE,0,8475878,20,25
2016020204,135,power-play,74,21,FALSE,TRUE,TRUE,FALSE,FALSE,FALSE,0,8476346,20,25
2016020204,259,even-strength,48,8,FALSE,FALSE,TRUE,FALSE,FALSE,FALSE,0,8476967,20,25
2016020204,264,even-strength,10,16,FALSE,FALSE,TRUE,TRUE,TRUE,FALSE,0.00571178556267599,8470966,20,25
2016020204,265,even-strength,71,8,FALSE,FALSE,TRUE,TRUE,TRUE,FALSE,0.05418687127071971,8475163,20,25
2016020204,277,even-strength,64,1,FALSE,FALSE,TRUE,TRUE,TRUE,FALSE,0.09631158735117218,8477497,20,25
2016020204,279,even-strength,86,1,FALSE,FALSE,TRUE,TRUE,TRUE,TRUE,0.12341000573606276,8476346,20,25
2016020204,283,even-strength,65,-7,FALSE,FALSE,TRUE,FALSE,FALSE,FALSE,0,8476346,20,25
2016020204,284,even-strength,73,-9,FALSE,FALSE,TRUE,TRUE,TRUE,TRUE,0.06061240217778132,8476346,20,25
2016020204,287,even-strength,47,-30,FALSE,FALSE,TRUE,TRUE,TRUE,FALSE,0.02047650319629914,8475163,20,25
2016020204,288,even-strength,37,7,FALSE,FALSE,TRUE,TRUE,TRUE,FALSE,0.02831263453520514,8470966,20,25
2016020204,292,even-strength,35,-3,FALSE,FALSE,TRUE,TRUE,FALSE,FALSE,0.02826096766573757,8468674,20,25
2016020204,299,even-strength,64,-17,FALSE,FALSE,TRUE,TRUE,TRUE,FALSE,0.02885496169583299,8473564,20,25
2016020204,300,even-strength,83,-7,FALSE,TRUE,TRUE,TRUE,TRUE,FALSE,0.16627601228068847,8475907,20,25
2016020204,452,even-strength,77,4,FALSE,FALSE,TRUE,FALSE,FALSE,FALSE,0,8475878,20,25
2016020204,453,even-strength,55,-35,FALSE,FALSE,TRUE,TRUE,TRUE,FALSE,0.01498828072316504,8475878,20,25
2016020204,457,penalty-kill,67,8,FALSE,FALSE,TRUE,TRUE,TRUE,FALSE,0.07463751831413315,8474150,20,25
2016020204,459,penalty-kill,60,-33,FALSE,FALSE,TRUE,TRUE,TRUE,FALSE,0.04368969700709483,8475878,20,25
2016020204,460,penalty-kill,54,23,FALSE,FALSE,TRUE,FALSE,FALSE,FALSE,0,8477935,20,25
2016020204,461,even-strength,68,9,FALSE,FALSE,TRUE,FALSE,FALSE,FALSE,0,8473564,20,25
2016020204,470,even-strength,78,3,FALSE,FALSE,TRUE,FALSE,FALSE,FALSE,0,8470966,20,25
2016020204,471,even-strength,57,-8,FALSE,FALSE,TRUE,TRUE,FALSE,FALSE,0.08170245914241157,8476462,20,25
2016020204,472,even-strength,82,2,FALSE,FALSE,TRUE,TRUE,TRUE,FALSE,0.12756277420448325,8477497,20,25
2016020204,474,even-strength,49,-6,FALSE,FALSE,TRUE,TRUE,TRUE,FALSE,0.04536278740405893,8476462,20,25
2016020204,475,even-strength,80,-6,FALSE,TRUE,TRUE,TRUE,TRUE,FALSE,0.2554631452052998,8475163,20,25
2016020204,477,even-strength,57,-25,FALSE,FALSE,TRUE,TRUE,FALSE,FALSE,0.03599333236795071,8474150,20,25
2016020204,478,even-strength,69,18,FALSE,FALSE,TRUE,FALSE,FALSE,FALSE,0,8474150,20,25
2016020204,483,even-strength,84,19,FALSE,FALSE,TRUE,FALSE,FALSE,FALSE,0,8476967,20,25
2016020204,497,even-strength,61,-1,FALSE,FALSE,TRUE,TRUE,TRUE,FALSE,0.07250430959742125,8476346,20,25
2016020204,520,even-strength,87,7,FALSE,TRUE,TRUE,TRUE,TRUE,FALSE,0.18252357509226708,8476346,20,25
2016020204,755,even-strength,73,32,FALSE,FALSE,TRUE,TRUE,TRUE,FALSE,0.02667236926489196,8470162,20,25
2016020204,758,even-strength,78,-1,FALSE,FALSE,TRUE,FALSE,FALSE,FALSE,0,8477497,20,25
2016020204,762,power-play,45,16,FALSE,FALSE,TRUE,TRUE,FALSE,FALSE,0.03699949503636122,8470966,20,25
2016020204,763,power-play,54,-24,FALSE,FALSE,TRUE,TRUE,TRUE,FALSE,0.04606291597516359,8477497,20,25
2016020204,764,power-play,82,0,FALSE,FALSE,TRUE,FALSE,FALSE,FALSE,0,8470966,20,25
2016020204,766,power-play,79,-7,FALSE,FALSE,TRUE,TRUE,FALSE,FALSE,0.05892938394969151,8474150,20,25
2016020204,767,power-play,62,-26,FALSE,FALSE,TRUE,TRUE,TRUE,FALSE,0.04097201005386226,8474150,20,25
2016020204,770,even-strength,84,4,FALSE,FALSE,TRUE,TRUE,TRUE,FALSE,0.07088454775813294,8470162,20,25
2016020204,771,even-strength,83,4,FALSE,TRUE,TRUE,TRUE,TRUE,FALSE,0.23685703225329127,8475878,20,25
2016020204,772,even-strength,86,3,FALSE,TRUE,TRUE,TRUE,TRUE,FALSE,0.23433715805093605,8475223,20,25
2016020211,59,even-strength,58,1,FALSE,FALSE,TRUE,FALSE,FALSE,FALSE,0,8476454,22,25
2016020211,63,even-strength,69,-23,FALSE,FALSE,TRUE,TRUE,TRUE,FALSE,0.05701470438096617,8474586,22,25
2016020211,64,even-strength,57,9,FALSE,FALSE,TRUE,TRUE,TRUE,FALSE,0.06436768096109069,8474586,22,25
2016020211,65,even-strength,81,3,FALSE,TRUE,TRUE,TRUE,TRUE,TRUE,0.2606138603621096,8474034,22,25
2016020211,68,even-strength,12,-13,FALSE,FALSE,TRUE,TRUE,TRUE,FALSE,0.00457692148327373,8479344,22,25
2016020211,74,even-strength,70,-21,FALSE,FALSE,TRUE,TRUE,TRUE,FALSE,0.04225953118341994,8479344,22,25
2016020211,81,even-strength,35,6,FALSE,FALSE,TRUE,TRUE,FALSE,FALSE,0.02677588300760075,8476988,22,25
2016020211,84,even-strength,64,-16,FALSE,FALSE,TRUE,FALSE,FALSE,FALSE,0,8478402,22,25
2016020211,87,even-strength,69,-18,FALSE,FALSE,TRUE,TRUE,TRUE,FALSE,0.04143622675537598,8475752,22,25
2016020211,89,even-strength,79,-20,FALSE,FALSE,TRUE,TRUE,FALSE,FALSE,0.03590324123032074,8474586,22,25
2016020211,91,even-strength,85,7,TRUE,FALSE,TRUE,FALSE,FALSE,FALSE,0,8478402,22,25
2016020211,94,penalty-kill,65,-25,FALSE,FALSE,TRUE,TRUE,TRUE,FALSE,0.05328032366300158,8476454,22,25
2016020211,95,penalty-kill,73,5,FALSE,TRUE,TRUE,TRUE,TRUE,FALSE,0.39503825766877015,8476454,22,25
2016020211,98,even-strength,34,-12,FALSE,FALSE,TRUE,TRUE,FALSE,FALSE,0.0113755939660459,8476457,22,25
2016020211,99,even-strength,76,5,FALSE,FALSE,TRUE,FALSE,FALSE,FALSE,0,8474586,22,25
2016020211,255,even-strength,35,-18,FALSE,FALSE,TRUE,TRUE,FALSE,FALSE,0.02990548581111494,8476988,22,25
2016020211,256,even-strength,72,3,FALSE,FALSE,TRUE,FALSE,FALSE,FALSE,0,8471284,22,25
2016020211,257,even-strength,54,5,FALSE,FALSE,TRUE,FALSE,FALSE,FALSE,0,8473473,22,25
2016020211,258,even-strength,82,2,FALSE,FALSE,TRUE,TRUE,TRUE,FALSE,0.0925732699482162,8478402,22,25
2016020211,263,power-play,76,-3,TRUE,FALSE,TRUE,FALSE,FALSE,FALSE,0,8474586,22,25
2016020211,264,power-play,37,-21,FALSE,FALSE,TRUE,TRUE,TRUE,FALSE,0.02738595973537314,8476472,22,25
2016020211,265,power-play,31,-4,FALSE,FALSE,TRUE,TRUE,FALSE,FALSE,0.03476735917741137,8476472,22,25
2016020211,266,power-play,84,26,TRUE,FALSE,TRUE,TRUE,TRUE,FALSE,0.1075067457853542,8477934,22,25
2016020211,267,power-play,73,13,FALSE,FALSE,TRUE,TRUE,TRUE,FALSE,0.05768373340092724,8474034,22,25
2016020211,268,power-play,62,-28,FALSE,FALSE,TRUE,TRUE,TRUE,FALSE,0.03169181106773872,8471678,22,25
2016020211,269,power-play,70,35,FALSE,FALSE,TRUE,TRUE,FALSE,FALSE,0.05549712524920221,8477934,22,25
2016020211,274,even-strength,63,-11,FALSE,FALSE,TRUE,FALSE,FALSE,FALSE,0,8477498,22,25
2016020211,275,even-strength,83,-2,TRUE,FALSE,TRUE,TRUE,TRUE,TRUE,0.20213914704932204,8475752,22,25
2016020211,277,even-strength,86,-6,FALSE,FALSE,TRUE,TRUE,TRUE,FALSE,0.08372619649821779,8475752,22,25
2016020211,286,even-strength,79,7,FALSE,FALSE,TRUE,FALSE,FALSE,FALSE,0,8471284,22,25
2016020211,287,even-strength,85,9,FALSE,TRUE,TRUE,TRUE,TRUE,FALSE,0.2059083495996928,8474034,22,25
2016020211,289,even-strength,17,16,FALSE,FALSE,TRUE,TRUE,TRUE,FALSE,0.00565147698246663,8477498,22,25
2016020211,292,even-strength,66,34,FALSE,FALSE,TRUE,TRUE,TRUE,FALSE,0.01767919060246746,8476457,22,25
2016020211,294,even-strength,34,-20,FALSE,FALSE,TRUE,TRUE,TRUE,FALSE,0.01320687232223125,8476988,22,25
2016020211,297,even-strength,79,-9,FALSE,FALSE,TRUE,TRUE,TRUE,FALSE,0.07244219693171605,8476454,22,25
2016020211,299,even-strength,32,-21,FALSE,FALSE,TRUE,TRUE,FALSE,FALSE,0.01422637795325957,8473468,22,25
2016020211,401,penalty-kill,66,8,FALSE,FALSE,TRUE,FALSE,FALSE,FALSE,0,8475165,22,25
2016020211,404,penalty-kill,31,24,FALSE,FALSE,TRUE,TRUE,FALSE,FALSE,0.0056485572413819,8476472,22,25
2016020211,409,even-strength,79,11,FALSE,FALSE,TRUE,FALSE,FALSE,FALSE,0,8476454,22,25
2016020211,414,even-strength,84,4,FALSE,FALSE,TRUE,TRUE,TRUE,FALSE,0.12133706940399114,8478402,22,25
2016020211,415,even-strength,85,3,FALSE,TRUE,TRUE,TRUE,TRUE,FALSE,0.21705387706891355,8478402,22,25
2016020211,416,even-strength,35,15,FALSE,TRUE,TRUE,TRUE,TRUE,FALSE,0.03958960617469458,8474586,22,25
2016020211,418,even-strength,53,14,FALSE,FALSE,TRUE,TRUE,TRUE,FALSE,0.0305472611983234,8477415,22,25
2016020211,419,even-strength,81,2,FALSE,TRUE,TRUE,TRUE,TRUE,FALSE,0.24083803074818944,8477415,22,25
2016020211,421,even-strength,31,-17,FALSE,FALSE,TRUE,TRUE,TRUE,FALSE,0.01518979051671957,8473468,22,25
2016020211,424,even-strength,83,4,FALSE,FALSE,TRUE,TRUE,TRUE,FALSE,0.12186058584354192,8474034,22,25
2016020211,430,even-strength,64,17,FALSE,FALSE,TRUE,TRUE,TRUE,FALSE,0.05749521137867154,8471678,22,25
2016020211,433,even-strength,55,17,FALSE,FALSE,TRUE,TRUE,FALSE,FALSE,0.02828462293760161,8478402,22,25
2016020211,438,even-strength,73,8,FALSE,FALSE,TRUE,TRUE,TRUE,FALSE,0.08321302419681736,8477415,22,25
2016020211,444,even-strength,30,19,FALSE,FALSE,TRUE,TRUE,TRUE,FALSE,0.01455639417561339,8477498,22,25
2016020211,601,even-strength,64,10,FALSE,FALSE,TRUE,TRUE,TRUE,FALSE,0.05628740149377369,8474034,22,25
2016020211,606,even-strength,83,6,FALSE,FALSE,TRUE,TRUE,TRUE,FALSE,0.07471818850580254,8476454,22,25
2016020211,607,even-strength,64,-23,FALSE,FALSE,TRUE,TRUE,FALSE,FALSE,0.03629409848808632,8474586,22,25
2016020211,608,even-strength,37,-20,FALSE,FALSE,TRUE,TRUE,TRUE,FALSE,0.01464215671902063,8473468,22,25
2016020211,609,even-strength,59,15,FALSE,FALSE,TRUE,FALSE,FALSE,FALSE,0,8474586,22,25
2016020211,613,even-strength,86,-2,FALSE,TRUE,TRUE,TRUE,TRUE,FALSE,0.27918748555166367,8476454,22,25
2016020211,614,even-strength,73,-11,FALSE,FALSE,TRUE,FALSE,FALSE,FALSE,0,8476457,22,25
2016020211,617,even-strength,73,-11,FALSE,FALSE,TRUE,FALSE,FALSE,FALSE,0,8476457,22,25
2016020211,620,power-play,78,-1,FALSE,TRUE,TRUE,TRUE,FALSE,FALSE,0.2961092560190505,8473473,22,25
2016020211,621,power-play,70,34,FALSE,FALSE,TRUE,TRUE,TRUE,FALSE,0.06553873638016479,8474586,22,25
2016020211,624,power-play,55,-9,FALSE,FALSE,TRUE,FALSE,FALSE,FALSE,0,8476988,22,25
2016020211,628,even-strength,83,-4,FALSE,FALSE,TRUE,TRUE,TRUE,FALSE,0.15976583525438537,8476454,22,25
2016020211,629,even-strength,74,-14,FALSE,FALSE,TRUE,TRUE,TRUE,FALSE,0.05563012989727792,8473473,22,25
2016020211,634,even-strength,34,10,FALSE,FALSE,TRUE,TRUE,FALSE,FALSE,0.01228784049416852,8476988,22,25
2016020211,635,even-strength,50,22,FALSE,FALSE,TRUE,TRUE,TRUE,FALSE,0.02046467488141632,8479344,22,25
2016020211,636,even-strength,70,15,FALSE,FALSE,TRUE,FALSE,FALSE,FALSE,0,8471678,22,25
2016020211,637,even-strength,31,4,FALSE,FALSE,TRUE,TRUE,FALSE,FALSE,0.03339764966075274,8476457,22,25
2016020211,638,even-strength,41,1,FALSE,FALSE,TRUE,TRUE,TRUE,FALSE,0.06068988676845722,8471678,22,25
2016020211,639,even-strength,68,12,FALSE,FALSE,TRUE,TRUE,TRUE,FALSE,0.04458730782287996,8478402,22,25
2016020211,641,even-strength,77,2,FALSE,FALSE,TRUE,TRUE,TRUE,FALSE,0.09990331460987564,8476454,22,25
2016020211,643,even-strength,60,23,FALSE,FALSE,TRUE,FALSE,FALSE,FALSE,0,8474586,22,25
2016020211,644,even-strength,58,35,FALSE,FALSE,TRUE,TRUE,FALSE,FALSE,0.03984761366477046,8474586,22,25
2016020211,648,even-strength,81,-3,FALSE,FALSE,TRUE,TRUE,TRUE,FALSE,0.10207874284019793,8473473,22,25
2016020224,7,power-play,63,14,FALSE,FALSE,TRUE,FALSE,FALSE,FALSE,0,8479442,23,25
2016020224,15,even-strength,58,11,FALSE,FALSE,TRUE,FALSE,FALSE,FALSE,0,8467875,23,25
2016020224,32,even-strength,67,-14,FALSE,FALSE,TRUE,FALSE,FALSE,FALSE,0,8473432,23,25
2016020224,39,even-strength,75,10,FALSE,FALSE,TRUE,FALSE,FALSE,FALSE,0,8477018,23,25
2016020224,55,power-play,40,22,FALSE,FALSE,TRUE,TRUE,FALSE,FALSE,0.02837668829081348,8471303,23,25
2016020224,61,even-strength,67,-2,FALSE,FALSE,TRUE,TRUE,TRUE,TRUE,0.06911048193964367,8477500,23,25
2016020224,67,penalty-kill,67,1,FALSE,FALSE,TRUE,TRUE,TRUE,FALSE,0.11493614999730936,8470626,23,25
2016020224,71,even-strength,57,-33,FALSE,FALSE,TRUE,TRUE,FALSE,FALSE,0.0120528871375951,8476867,23,25
2016020224,72,even-strength,20,28,FALSE,FALSE,TRUE,TRUE,TRUE,FALSE,0.0049105789176516,8467875,23,25
2016020224,84,power-play,78,-20,FALSE,FALSE,TRUE,TRUE,TRUE,FALSE,0.05408524116054787,8467875,23,25
2016020224,85,power-play,43,8,FALSE,FALSE,TRUE,TRUE,TRUE,FALSE,0.05149777005118796,8479442,23,25
2016020224,86,power-play,44,-16,FALSE,FALSE,TRUE,TRUE,TRUE,FALSE,0.03071244671667609,8479442,23,25
2016020224,95,even-strength,56,-15,FALSE,FALSE,TRUE,TRUE,TRUE,FALSE,0.02369335905367589,8475808,23,25
2016020224,275,even-strength,74,11,FALSE,FALSE,TRUE,FALSE,FALSE,FALSE,0,8467876,23,25
2016020224,282,even-strength,67,-10,FALSE,TRUE,TRUE,FALSE,FALSE,FALSE,0,8479442,23,25
2016020224,353,even-strength,68,7,FALSE,FALSE,TRUE,TRUE,FALSE,FALSE,0.07604488677268074,8477500,23,25
2016020224,354,even-strength,34,-21,FALSE,FALSE,TRUE,TRUE,TRUE,FALSE,0.01301016804625516,8475790,23,25
2016020224,355,even-strength,40,-23,FALSE,FALSE,TRUE,TRUE,FALSE,FALSE,0.01077840335742806,8475790,23,25
2016020224,356,even-strength,50,-24,FALSE,FALSE,TRUE,TRUE,TRUE,FALSE,0.02824936570847124,8474091,23,25
2016020224,358,even-strength,82,-18,FALSE,FALSE,TRUE,TRUE,TRUE,FALSE,0.04452757578065728,8476867,23,25
2016020224,359,even-strength,39,26,FALSE,FALSE,TRUE,TRUE,FALSE,FALSE,0.01859005050700007,8471303,23,25
2016020224,367,even-strength,59,-1,FALSE,FALSE,TRUE,TRUE,TRUE,FALSE,0.07029611401387112,8471303,23,25
2016020224,368,even-strength,62,32,FALSE,FALSE,TRUE,TRUE,TRUE,FALSE,0.0279030377205742,8477018,23,25
2016020224,376,even-strength,63,3,FALSE,FALSE,TRUE,TRUE,TRUE,FALSE,0.06759199185145298,8473432,23,25
2016020224,378,even-strength,56,29,FALSE,FALSE,TRUE,TRUE,TRUE,FALSE,0.01824788078128568,8473432,23,25
2016020224,379,even-strength,49,-19,FALSE,FALSE,TRUE,TRUE,TRUE,FALSE,0.027371318445243,8470358,23,25
2016020224,381,even-strength,67,-5,FALSE,FALSE,TRUE,TRUE,TRUE,FALSE,0.06585157570784322,8467875,23,25
2016020224,382,even-strength,76,-3,FALSE,FALSE,TRUE,TRUE,FALSE,FALSE,0.08910941459640653,8467876,23,25
2016020224,389,even-strength,56,-12,FALSE,FALSE,TRUE,TRUE,TRUE,FALSE,0.04167458549513449,8467875,23,25
2016020224,392,even-strength,37,-16,TRUE,FALSE,TRUE,TRUE,FALSE,FALSE,0.02994071377393203,8477997,23,25
2016020224,394,even-strength,42,-14,FALSE,FALSE,TRUE,TRUE,FALSE,FALSE,0.03410237968036621,8479442,23,25
2016020224,396,even-strength,70,5,FALSE,FALSE,TRUE,TRUE,TRUE,TRUE,0.10726902204468562,8470626,23,25
2016020224,398,even-strength,72,-17,FALSE,FALSE,TRUE,TRUE,TRUE,FALSE,0.04095064821490695,8467876,23,25
2016020224,400,power-play,37,7,FALSE,FALSE,TRUE,TRUE,TRUE,FALSE,0.03587444608914968,8477018,23,25
2016020224,511,even-strength,76,3,FALSE,FALSE,TRUE,FALSE,FALSE,FALSE,0,8474579,23,25
2016020224,537,power-play,58,16,FALSE,FALSE,TRUE,FALSE,FALSE,FALSE,0,8476466,23,25
2016020224,651,power-play,57,3,FALSE,FALSE,TRUE,TRUE,TRUE,TRUE,0.08502741108361626,8474091,23,25
2016020224,657,even-strength,59,-10,FALSE,FALSE,TRUE,TRUE,FALSE,FALSE,0.05665475961640361,8476466,23,25
2016020224,661,even-strength,39,5,FALSE,FALSE,TRUE,TRUE,FALSE,FALSE,0.03118029432261138,8479442,23,25
2016020224,667,even-strength,77,-3,FALSE,FALSE,TRUE,TRUE,TRUE,FALSE,0.14939432449560672,8479442,23,25
2016020224,668,even-strength,78,3,FALSE,TRUE,TRUE,TRUE,TRUE,FALSE,0.35868429736976076,8470358,23,25
2016020224,674,even-strength,79,6,FALSE,FALSE,TRUE,TRUE,TRUE,FALSE,0.1092308011718328,8473432,23,25
2016020224,676,even-strength,89,-9,TRUE,FALSE,TRUE,TRUE,TRUE,FALSE,0.10799972766432894,8473432,23,25
2016020224,681,even-strength,37,16,FALSE,FALSE,TRUE,TRUE,FALSE,FALSE,0.02150531798783199,8477018,23,25
2016020224,683,even-strength,71,-2,FALSE,FALSE,TRUE,TRUE,FALSE,FALSE,0.08258681474721702,8476466,23,25
2016020224,684,even-strength,69,-25,FALSE,FALSE,TRUE,TRUE,TRUE,TRUE,0.04151302579138873,8479442,23,25
2016020224,686,even-strength,54,-17,FALSE,FALSE,TRUE,TRUE,FALSE,FALSE,0.02330870062035871,8474091,23,25
2016020224,690,even-strength,70,-7,FALSE,FALSE,TRUE,TRUE,TRUE,FALSE,0.06482496034562713,8474091,23,25
2016020224,691,even-strength,74,0,FALSE,FALSE,TRUE,TRUE,TRUE,FALSE,0.1165284678612918,8474091,23,25
2016020224,692,even-strength,76,-2,FALSE,FALSE,TRUE,TRUE,TRUE,FALSE,0.06131209637312058,8471303,23,25
2016020224,694,even-strength,64,10,FALSE,FALSE,TRUE,TRUE,TRUE,TRUE,0.05884693130929654,8476440,23,25
2016020224,759,even-strength,76,32,FALSE,FALSE,TRUE,FALSE,FALSE,FALSE,0,8476466,23,25
2016020224,765,even-strength,61,17,FALSE,FALSE,TRUE,FALSE,FALSE,FALSE,0,8471303,23,25
2016020224,767,even-strength,63,-25,FALSE,FALSE,TRUE,FALSE,FALSE,FALSE,0,8479442,23,25
2016020224,770,even-strength,52,-12,FALSE,FALSE,TRUE,FALSE,FALSE,FALSE,0,8475790,23,25
2016020224,776,even-strength,66,-14,FALSE,FALSE,TRUE,FALSE,FALSE,FALSE,0,8476440,23,25
2016020224,782,even-strength,73,5,FALSE,FALSE,TRUE,FALSE,FALSE,FALSE,0,8476466,23,25
2016020251,63,even-strength,66,12,FALSE,FALSE,TRUE,FALSE,FALSE,FALSE,0,8471260,21,25
2016020251,67,even-strength,51,-36,FALSE,FALSE,TRUE,TRUE,FALSE,FALSE,0.0143654514307244,8478421,21,25
2016020251,68,even-strength,54,-30,FALSE,FALSE,TRUE,TRUE,FALSE,FALSE,0.01683691691317628,8471504,21,25
2016020251,70,even-strength,78,-4,FALSE,FALSE,TRUE,TRUE,TRUE,FALSE,0.12858569527786462,8471260,21,25
2016020251,71,even-strength,88,-9,FALSE,TRUE,TRUE,TRUE,TRUE,FALSE,0.12880605111592078,8462042,21,25
2016020251,73,even-strength,46,7,FALSE,FALSE,TRUE,TRUE,FALSE,FALSE,0.02564702419776359,8477492,21,25
2016020251,75,even-strength,58,-32,FALSE,FALSE,TRUE,TRUE,TRUE,FALSE,0.01904459934621629,8478420,21,25
2016020251,80,penalty-kill,-24,17,FALSE,FALSE,TRUE,TRUE,TRUE,FALSE,0.00182235347964696,8478561,21,25
2016020251,86,even-strength,73,4,FALSE,FALSE,TRUE,TRUE,FALSE,FALSE,0.06758458747420897,8462042,21,25
2016020251,96,even-strength,69,21,FALSE,FALSE,TRUE,FALSE,FALSE,FALSE,0,8470750,21,25
2016020251,97,even-strength,65,-34,FALSE,FALSE,TRUE,TRUE,TRUE,FALSE,0.01768843673731669,8471260,21,25
2016020251,98,even-strength,77,-4,FALSE,FALSE,TRUE,TRUE,TRUE,FALSE,0.0832591386216537,8462042,21,25
2016020251,260,even-strength,8,32,FALSE,FALSE,TRUE,TRUE,TRUE,FALSE,0.00309515943640297,8478561,21,25
2016020251,264,power-play,68,-27,FALSE,FALSE,TRUE,TRUE,TRUE,FALSE,0.06511990082030904,8478420,21,25
2016020251,266,power-play,87,-26,FALSE,FALSE,TRUE,TRUE,FALSE,FALSE,0.05184226337265905,8473446,21,25
2016020251,267,power-play,79,-3,FALSE,FALSE,TRUE,TRUE,TRUE,FALSE,0.125693810765925,8474577,21,25
2016020251,269,power-play,75,-8,FALSE,FALSE,TRUE,FALSE,FALSE,FALSE,0,8467400,21,25
2016020251,271,even-strength,76,-7,FALSE,FALSE,TRUE,TRUE,TRUE,FALSE,0.06614293282340825,8462042,21,25
2016020251,273,even-strength,37,29,FALSE,FALSE,TRUE,TRUE,FALSE,FALSE,0.01676665022982489,8474605,21,25
2016020251,274,even-strength,73,-6,FALSE,FALSE,TRUE,FALSE,FALSE,FALSE,0,8473446,21,25
2016020251,278,even-strength,83,18,FALSE,FALSE,TRUE,TRUE,TRUE,FALSE,0.05642373264570764,8478561,21,25
2016020251,280,power-play,60,25,FALSE,FALSE,TRUE,TRUE,TRUE,FALSE,0.06652552169133281,8462042,21,25
2016020251,288,even-strength,85,-7,FALSE,FALSE,TRUE,TRUE,TRUE,FALSE,0.08724960909397365,8477492,21,25
2016020251,291,even-strength,71,-8,FALSE,FALSE,TRUE,FALSE,FALSE,FALSE,0,8475197,21,25
2016020251,296,penalty-kill,76,8,FALSE,FALSE,TRUE,TRUE,TRUE,TRUE,0.07469519363493858,8477492,21,25
2016020251,298,even-strength,58,-5,FALSE,FALSE,TRUE,TRUE,TRUE,FALSE,0.05151165491406222,8471262,21,25
2016020251,299,even-strength,70,-8,FALSE,FALSE,TRUE,FALSE,FALSE,FALSE,0,8475197,21,25
2016020251,452,even-strength,76,-8,FALSE,FALSE,TRUE,FALSE,FALSE,FALSE,0,8470750,21,25
2016020251,454,even-strength,42,33,FALSE,FALSE,TRUE,FALSE,FALSE,FALSE,0,8478420,21,25
2016020251,455,even-strength,32,-16,FALSE,FALSE,TRUE,FALSE,FALSE,FALSE,0,8475197,21,25
2016020251,456,even-strength,72,38,TRUE,FALSE,TRUE,TRUE,TRUE,FALSE,0.03169199442814514,8471262,21,25
2016020251,457,even-strength,77,-16,FALSE,FALSE,TRUE,FALSE,FALSE,FALSE,0,8474605,21,25
2016020251,459,even-strength,75,-9,FALSE,FALSE,TRUE,TRUE,TRUE,FALSE,0.05971377122195497,8475197,21,25
2016020251,466,even-strength,71,-24,FALSE,FALSE,TRUE,FALSE,FALSE,FALSE,0,8473446,21,25
2016020251,468,even-strength,72,34,FALSE,FALSE,TRUE,TRUE,TRUE,FALSE,0.0201460606252252,8474605,21,25
2016020251,469,even-strength,78,5,FALSE,FALSE,TRUE,TRUE,FALSE,FALSE,0.09129582932532412,8471260,21,25
2016020251,470,even-strength,76,-8,FALSE,FALSE,TRUE,TRUE,TRUE,FALSE,0.06407118494498065,8462042,21,25
2016020251,475,even-strength,84,-23,FALSE,FALSE,TRUE,TRUE,TRUE,FALSE,0.02722828428536755,8478561,21,25
2016020251,477,even-strength,73,-8,FALSE,FALSE,TRUE,FALSE,FALSE,FALSE,0,8475197,21,25
2016020251,478,even-strength,52,24,FALSE,TRUE,TRUE,TRUE,TRUE,FALSE,0.05548565248365442,8467400,21,25
2016020251,482,even-strength,64,19,FALSE,FALSE,TRUE,TRUE,TRUE,FALSE,0.03361692434370608,8471262,21,25
2016020251,484,even-strength,85,8,FALSE,TRUE,TRUE,TRUE,FALSE,FALSE,0.20032002731664447,8471504,21,25
2016020251,491,even-strength,76,5,FALSE,FALSE,TRUE,TRUE,FALSE,FALSE,0.09715075906256115,8477492,21,25
2016020251,495,even-strength,35,-22,FALSE,FALSE,TRUE,TRUE,TRUE,FALSE,0.01177687651999879,8473446,21,25
2016020251,496,even-strength,81,-8,FALSE,TRUE,TRUE,TRUE,TRUE,FALSE,0.1594940032560106,8476888,21,25
2016020251,498,even-strength,81,-4,FALSE,FALSE,TRUE,TRUE,TRUE,TRUE,0.10580771895647977,8476888,21,25
2016020251,499,even-strength,64,15,FALSE,FALSE,TRUE,FALSE,FALSE,FALSE,0,8474605,21,25
2016020251,500,even-strength,46,34,FALSE,FALSE,TRUE,TRUE,TRUE,FALSE,0.01130877140626791,8469492,21,25
2016020251,602,even-strength,63,12,FALSE,FALSE,TRUE,TRUE,FALSE,FALSE,0.05600318100750197,8478420,21,25
2016020251,606,penalty-kill,82,-4,FALSE,FALSE,TRUE,TRUE,TRUE,FALSE,0.07063641337707441,8477492,21,25
2016020251,611,penalty-kill,74,1,FALSE,FALSE,TRUE,TRUE,TRUE,FALSE,0.1142865317816006,8477492,21,25
2016020251,614,even-strength,62,-12,FALSE,FALSE,TRUE,TRUE,FALSE,FALSE,0.05006733465818002,8475197,21,25
2016020251,615,even-strength,75,7,FALSE,FALSE,TRUE,FALSE,FALSE,FALSE,0,8475197,21,25
2016020251,626,even-strength,70,-10,FALSE,FALSE,TRUE,TRUE,FALSE,FALSE,0.06252836255126969,8476888,21,25
2016020251,627,even-strength,79,-6,FALSE,TRUE,TRUE,TRUE,TRUE,FALSE,0.2308209708970952,8477492,21,25
2016020251,628,even-strength,75,-5,FALSE,TRUE,TRUE,TRUE,TRUE,FALSE,0.20569451211048945,8477492,21,25
2016020251,630,even-strength,46,-32,FALSE,FALSE,TRUE,FALSE,FALSE,FALSE,0,8467400,21,25
2016020251,631,even-strength,78,0,FALSE,FALSE,TRUE,FALSE,FALSE,FALSE,0,8474577,21,25
2016020251,632,even-strength,78,-7,FALSE,FALSE,TRUE,FALSE,FALSE,FALSE,0,8467400,21,25
2016020251,633,even-strength,48,-29,FALSE,TRUE,TRUE,TRUE,TRUE,FALSE,0.04015194765630429,8467400,21,25
2016020251,634,even-strength,73,-3,FALSE,FALSE,TRUE,FALSE,FALSE,FALSE,0,8467400,21,25
2016020251,636,even-strength,79,-2,FALSE,FALSE,TRUE,TRUE,FALSE,FALSE,0.12196092296547376,8478420,21,25
2016020251,639,even-strength,79,6,FALSE,FALSE,TRUE,FALSE,FALSE,FALSE,0,8475197,21,25
2016020251,641,even-strength,62,26,FALSE,FALSE,TRUE,TRUE,TRUE,FALSE,0.02772215808579575,8467400,21,25
2016020251,642,even-strength,56,6,FALSE,FALSE,TRUE,TRUE,FALSE,FALSE,0.04218831086783579,8471262,21,25
2016020251,644,even-strength,71,18,FALSE,FALSE,TRUE,FALSE,FALSE,FALSE,0,8474605,21,25
2016020251,646,even-strength,59,14,FALSE,FALSE,TRUE,FALSE,FALSE,FALSE,0,8474605,21,25
2016020251,647,even-strength,51,22,FALSE,FALSE,TRUE,FALSE,FALSE,FALSE,0,8474605,21,25
2016020251,649,even-strength,77,-1,TRUE,FALSE,TRUE,TRUE,TRUE,FALSE,0.2404979103284904,8478421,21,25
2016020251,650,even-strength,60,34,FALSE,FALSE,TRUE,TRUE,TRUE,FALSE,0.01447345861727699,8467400,21,25
2016020251,804,penalty-kill,24,-12,TRUE,FALSE,TRUE,TRUE,FALSE,FALSE,0.01875245688231107,8471262,21,25
2016020251,805,penalty-kill,55,25,FALSE,FALSE,TRUE,FALSE,FALSE,FALSE,0,8471504,21,25
2016020251,807,penalty-kill,82,-6,FALSE,TRUE,TRUE,TRUE,TRUE,FALSE,0.12075343992686752,8478420,21,25
2016020251,809,penalty-kill,64,27,FALSE,FALSE,TRUE,TRUE,FALSE,FALSE,0.03268003919104106,8477492,21,25
2016020251,811,even-strength,70,-11,FALSE,FALSE,TRUE,TRUE,TRUE,FALSE,0.05063444200250103,8477507,21,25
2016020251,812,penalty-kill,63,-10,FALSE,FALSE,TRUE,FALSE,FALSE,FALSE,0,8477492,21,25
2016020251,813,penalty-kill,63,-9,FALSE,FALSE,TRUE,FALSE,FALSE,FALSE,0,8473446,21,25
2016020266,60,even-strength,81,-3,FALSE,FALSE,TRUE,TRUE,TRUE,TRUE,0.10812289428815532,8478402,22,25
2016020266,67,even-strength,83,-10,FALSE,FALSE,TRUE,TRUE,TRUE,FALSE,0.06780790687556999,8478402,22,25
2016020266,68,even-strength,61,-26,TRUE,FALSE,TRUE,TRUE,TRUE,FALSE,0.05666473068056472,8473473,22,25
2016020266,72,even-strength,81,19,FALSE,FALSE,TRUE,TRUE,TRUE,FALSE,0.04781176308530194,8474034,22,25
2016020266,75,even-strength,44,-9,FALSE,FALSE,TRUE,TRUE,TRUE,FALSE,0.0253362978141771,8477415,22,25
2016020266,80,even-strength,71,8,FALSE,FALSE,TRUE,TRUE,TRUE,TRUE,0.07982077296863248,8475752,22,25
2016020266,87,even-strength,49,-33,FALSE,FALSE,TRUE,TRUE,FALSE,FALSE,0.02401381183250222,8479344,22,25
2016020266,90,penalty-kill,52,14,FALSE,FALSE,TRUE,TRUE,TRUE,FALSE,0.10765288474332736,8476454,22,25
2016020266,96,even-strength,82,-8,FALSE,FALSE,TRUE,TRUE,TRUE,FALSE,0.06921777478785172,8476454,22,25
2016020266,99,even-strength,48,-31,FALSE,FALSE,TRUE,FALSE,FALSE,FALSE,0,8476988,22,25
2016020266,352,even-strength,58,35,FALSE,FALSE,TRUE,TRUE,TRUE,FALSE,0.01906020209057101,8476454,22,25
2016020266,356,even-strength,58,-24,FALSE,FALSE,TRUE,TRUE,TRUE,FALSE,0.03066743428700462,8477934,22,25
2016020266,358,even-strength,36,34,FALSE,FALSE,TRUE,TRUE,TRUE,FALSE,0.00864543466154575,8468611,22,25
2016020266,361,even-strength,64,-1,FALSE,FALSE,TRUE,TRUE,FALSE,FALSE,0.07841588286017634,8474586,22,25
2016020266,362,even-strength,67,0,FALSE,FALSE,TRUE,FALSE,FALSE,FALSE,0,8476454,22,25
2016020266,363,even-strength,72,5,FALSE,FALSE,TRUE,FALSE,FALSE,FALSE,0,8474034,22,25
2016020266,364,even-strength,74,9,FALSE,FALSE,TRUE,TRUE,FALSE,FALSE,0.05643619996084463,8474586,22,25
2016020266,371,even-strength,52,-5,FALSE,FALSE,TRUE,FALSE,FALSE,FALSE,0,8479344,22,25
2016020266,372,even-strength,80,-5,FALSE,FALSE,TRUE,TRUE,FALSE,FALSE,0.097463840553593,8478402,22,25
2016020266,374,even-strength,66,1,FALSE,FALSE,TRUE,FALSE,FALSE,FALSE,0,8474586,22,25
2016020266,376,even-strength,59,27,FALSE,FALSE,TRUE,TRUE,FALSE,FALSE,0.02355931504616443,8477415,22,25
2016020266,377,even-strength,65,-1,FALSE,FALSE,TRUE,TRUE,TRUE,FALSE,0.10389717498074603,8475178,22,25
2016020266,378,even-strength,39,30,FALSE,FALSE,TRUE,TRUE,TRUE,TRUE,0.01141315773884667,8476472,22,25
2016020266,380,even-strength,51,20,FALSE,FALSE,TRUE,FALSE,FALSE,FALSE,0,8477498,22,25
2016020266,381,even-strength,77,-9,FALSE,FALSE,TRUE,FALSE,FALSE,FALSE,0,8476988,22,25
2016020266,382,even-strength,84,-5,FALSE,TRUE,TRUE,TRUE,TRUE,TRUE,0.23187674404374228,8478402,22,25
2016020295,7,even-strength,65,9,FALSE,FALSE,TRUE,TRUE,TRUE,FALSE,0.06512045763912662,8471707,18,25
2016020295,18,even-strength,82,21,FALSE,FALSE,TRUE,TRUE,TRUE,FALSE,0.03693221981653596,8475218,18,25
2016020295,19,even-strength,84,-5,FALSE,FALSE,TRUE,FALSE,FALSE,FALSE,0,8478042,18,25
2016020295,20,even-strength,59,18,FALSE,FALSE,TRUE,TRUE,FALSE,FALSE,0.0277912058834659,8474569,18,25
2016020295,21,even-strength,82,-6,FALSE,FALSE,TRUE,TRUE,TRUE,FALSE,0.08702096419519056,8474569,18,25
2016020295,24,power-play,79,8,FALSE,FALSE,TRUE,FALSE,FALSE,FALSE,0,8475218,18,25
2016020295,28,power-play,64,24,FALSE,FALSE,TRUE,TRUE,TRUE,FALSE,0.07106201868068444,8475793,18,25
2016020295,30,power-play,57,16,FALSE,FALSE,TRUE,TRUE,TRUE,FALSE,0.07064560655829014,8474056,18,25
2016020295,31,even-strength,86,14,FALSE,FALSE,TRUE,TRUE,TRUE,FALSE,0.03671166957450261,8475766,18,25
2016020295,39,even-strength,86,14,FALSE,FALSE,TRUE,TRUE,TRUE,TRUE,0.04721085157542649,8476887,18,25
2016020295,42,even-strength,72,-18,FALSE,FALSE,TRUE,FALSE,FALSE,FALSE,0,8471707,18,25
2016020295,48,even-strength,16,-27,FALSE,FALSE,TRUE,TRUE,TRUE,FALSE,0.00562705889416587,8475176,18,25
2016020295,206,even-strength,67,-18,FALSE,FALSE,TRUE,TRUE,TRUE,FALSE,0.05023924637063858,8478042,18,25
2016020295,213,even-strength,72,6,FALSE,FALSE,TRUE,FALSE,FALSE,FALSE,0,8476857,18,25
2016020295,214,even-strength,34,20,FALSE,FALSE,TRUE,TRUE,TRUE,FALSE,0.01246846743723364,8474600,18,25
2016020295,223,even-strength,77,-1,TRUE,FALSE,TRUE,FALSE,FALSE,FALSE,0,8475766,18,25
2016020295,224,even-strength,58,-10,FALSE,FALSE,TRUE,TRUE,TRUE,FALSE,0.06314295039507187,8471707,18,25
2016020295,225,even-strength,76,-35,FALSE,FALSE,TRUE,TRUE,FALSE,FALSE,0.02851086766369363,8478042,18,25
2016020295,227,even-strength,70,23,FALSE,FALSE,TRUE,TRUE,FALSE,FALSE,0.03132274266003997,8467370,18,25
2016020295,228,even-strength,64,11,FALSE,FALSE,TRUE,FALSE,FALSE,FALSE,0,8474600,18,25
2016020295,231,even-strength,62,-13,FALSE,FALSE,TRUE,TRUE,FALSE,FALSE,0.04824965590122666,8478042,18,25
2016020295,237,even-strength,66,13,FALSE,FALSE,TRUE,TRUE,FALSE,FALSE,0.04082246368674537,8471707,18,25
2016020295,250,even-strength,71,-7,FALSE,FALSE,TRUE,FALSE,FALSE,FALSE,0,8478042,18,25
2016020295,401,even-strength,81,5,FALSE,FALSE,TRUE,FALSE,FALSE,FALSE,0,8478042,18,25
2016020295,408,even-strength,85,6,FALSE,FALSE,TRUE,FALSE,FALSE,FALSE,0,8467370,18,25
2016020295,409,even-strength,87,-6,FALSE,TRUE,TRUE,TRUE,TRUE,TRUE,0.0815714852097378,8467370,18,25
2016020295,415,even-strength,73,-18,FALSE,FALSE,TRUE,TRUE,FALSE,FALSE,0.04271572303837095,8474600,18,25
2016020295,417,even-strength,68,-8,FALSE,FALSE,TRUE,TRUE,TRUE,FALSE,0.05410456788498037,8467370,18,25
2016020295,421,even-strength,82,8,FALSE,FALSE,TRUE,TRUE,TRUE,FALSE,0.07423068034421394,8476887,18,25
2016020295,422,even-strength,83,1,FALSE,TRUE,TRUE,TRUE,TRUE,FALSE,0.3732081231552889,8476887,18,25
2016020295,424,power-play,54,-21,FALSE,FALSE,TRUE,TRUE,TRUE,FALSE,0.04758391087733527,8474600,18,25
2016020295,432,power-play,80,-2,FALSE,FALSE,TRUE,FALSE,FALSE,FALSE,0,8475218,18,25
2016020295,433,even-strength,83,7,FALSE,FALSE,TRUE,FALSE,FALSE,FALSE,0,8475625,18,25
2016020295,437,power-play,61,-27,FALSE,FALSE,TRUE,FALSE,FALSE,FALSE,0,8474569,18,25
2016020295,438,power-play,62,1,FALSE,FALSE,TRUE,TRUE,TRUE,FALSE,0.07694446149064754,8474600,18,25
2016020295,440,power-play,84,-1,FALSE,FALSE,TRUE,TRUE,TRUE,TRUE,0.15365918648687715,8475793,18,25
2016020295,444,even-strength,60,-22,FALSE,FALSE,TRUE,TRUE,TRUE,FALSE,0.05275590291524748,8478042,18,25
2016020295,446,even-strength,83,-4,FALSE,FALSE,TRUE,FALSE,FALSE,FALSE,0,8474056,18,25
2016020295,450,even-strength,88,13,FALSE,FALSE,TRUE,TRUE,FALSE,FALSE,0.05212478417324132,8475793,18,25
2016020295,602,even-strength,81,5,FALSE,FALSE,TRUE,TRUE,TRUE,TRUE,0.11976504220777176,8475225,18,25
2016020295,605,even-strength,35,-32,FALSE,FALSE,TRUE,TRUE,FALSE,FALSE,0.01326232934057442,8475176,18,25
2016020295,606,even-strength,79,7,FALSE,FALSE,TRUE,FALSE,FALSE,FALSE,0,8475793,18,25
2016020295,612,even-strength,77,25,FALSE,FALSE,TRUE,FALSE,FALSE,FALSE,0,8478042,18,25
2016020295,613,even-strength,41,15,FALSE,FALSE,TRUE,TRUE,FALSE,FALSE,0.02935437023223823,8475625,18,25
2016020295,614,even-strength,44,-1,FALSE,FALSE,TRUE,FALSE,FALSE,FALSE,0,8478042,18,25
2016020295,615,even-strength,77,-1,FALSE,FALSE,TRUE,FALSE,FALSE,FALSE,0,8474569,18,25
2016020295,616,even-strength,84,1,FALSE,FALSE,TRUE,TRUE,FALSE,FALSE,0.1625002135095088,8475225,18,25
2016020295,619,even-strength,80,27,FALSE,FALSE,TRUE,FALSE,FALSE,FALSE,0,8475625,18,25
2016020295,621,even-strength,82,10,FALSE,FALSE,TRUE,FALSE,FALSE,FALSE,0,8475176,18,25
2016020295,622,even-strength,73,0,FALSE,FALSE,TRUE,FALSE,FALSE,FALSE,0,8475714,18,25
2016020334,55,even-strength,69,6,FALSE,FALSE,TRUE,FALSE,FALSE,FALSE,0,8475193,17,25
2016020334,58,even-strength,53,7,FALSE,FALSE,TRUE,TRUE,FALSE,FALSE,0.04082949713540147,8476430,17,25
2016020334,63,even-strength,83,-9,FALSE,FALSE,TRUE,TRUE,TRUE,FALSE,0.0521923469641605,8475772,17,25
2016020334,65,even-strength,80,-10,FALSE,FALSE,TRUE,FALSE,FALSE,FALSE,0,8477511,17,25
2016020334,67,even-strength,35,5,FALSE,FALSE,TRUE,TRUE,TRUE,FALSE,0.0209820424978141,8477215,17,25
2016020334,68,even-strength,49,-3,TRUE,FALSE,TRUE,TRUE,TRUE,FALSE,0.05609605552117441,8475193,17,25
2016020334,70,even-strength,73,-14,FALSE,FALSE,TRUE,FALSE,FALSE,FALSE,0,8471242,17,25
2016020334,74,even-strength,64,-20,FALSE,FALSE,TRUE,TRUE,FALSE,FALSE,0.03847788966649976,8475772,17,25
2016020334,82,even-strength,62,12,FALSE,FALSE,TRUE,TRUE,TRUE,FALSE,0.05556092093068053,8474679,17,25
2016020334,84,even-strength,64,10,FALSE,FALSE,TRUE,TRUE,TRUE,FALSE,0.09405751837030292,8470598,17,25
2016020334,91,power-play,38,2,FALSE,FALSE,TRUE,TRUE,TRUE,TRUE,0.03418078407999842,8477946,17,25
2016020334,94,even-strength,35,-25,FALSE,FALSE,TRUE,TRUE,TRUE,FALSE,0.01170303021846812,8471242,17,25
2016020334,98,even-strength,84,-13,FALSE,FALSE,TRUE,TRUE,TRUE,FALSE,0.0559496940395071,8470144,17,25
2016020334,301,even-strength,49,3,FALSE,FALSE,TRUE,FALSE,FALSE,FALSE,0,8468083,17,25
2016020334,303,even-strength,43,-26,FALSE,FALSE,TRUE,TRUE,TRUE,FALSE,0.01587993660271657,8471242,17,25
2016020334,305,even-strength,47,-5,FALSE,FALSE,TRUE,FALSE,FALSE,FALSE,0,8470318,17,25
2016020334,306,even-strength,39,32,FALSE,FALSE,TRUE,TRUE,TRUE,FALSE,0.01204593820256488,8470598,17,25
2016020334,307,even-strength,77,19,FALSE,FALSE,TRUE,TRUE,FALSE,FALSE,0.0844521835346843,8475193,17,25
2016020334,311,even-strength,67,-11,FALSE,FALSE,TRUE,TRUE,FALSE,FALSE,0.06598015050886724,8477511,17,25
2016020334,312,even-strength,38,35,FALSE,FALSE,TRUE,TRUE,TRUE,FALSE,0.01272145441032112,8476443,17,25
2016020334,314,even-strength,78,10,FALSE,FALSE,TRUE,TRUE,TRUE,FALSE,0.0602182892697728,8468505,17,25
2016020334,316,power-play,79,-13,FALSE,FALSE,TRUE,TRUE,TRUE,FALSE,0.08301302230534616,8477946,17,25
2016020334,318,power-play,85,-9,FALSE,FALSE,TRUE,TRUE,TRUE,TRUE,0.07615872579786072,8477511,17,25
2016020334,333,even-strength,78,19,FALSE,FALSE,TRUE,TRUE,TRUE,FALSE,0.04404448872124798,8476430,17,25
2016020334,339,even-strength,64,17,TRUE,FALSE,TRUE,TRUE,TRUE,FALSE,0.07233659437295924,8475772,17,25
2016020334,340,even-strength,66,18,FALSE,FALSE,TRUE,FALSE,FALSE,FALSE,0,8477946,17,25
2016020334,346,power-play,80,0,FALSE,FALSE,TRUE,FALSE,FALSE,FALSE,0,8470598,17,25
2016020334,347,power-play,38,-3,FALSE,FALSE,TRUE,TRUE,TRUE,FALSE,0.03875426402182459,8471242,17,25
2016020334,348,power-play,48,0,FALSE,FALSE,TRUE,FALSE,FALSE,FALSE,0,8471242,17,25
2016020334,350,even-strength,67,3,FALSE,FALSE,TRUE,FALSE,FALSE,FALSE,0,8475193,17,25
2016020334,555,even-strength,69,-35,FALSE,FALSE,TRUE,TRUE,TRUE,FALSE,0.03445913057660983,8474679,17,25
2016020334,569,even-strength,82,-22,FALSE,FALSE,TRUE,FALSE,FALSE,FALSE,0,8475193,17,25
2016020334,571,even-strength,81,33,FALSE,FALSE,TRUE,TRUE,TRUE,FALSE,0.0222076073055638,8476822,17,25
2016020334,576,power-play,61,24,FALSE,FALSE,TRUE,TRUE,FALSE,FALSE,0.06081161572602591,8476450,17,25
2016020334,577,power-play,61,2,FALSE,FALSE,TRUE,FALSE,FALSE,FALSE,0,8475193,17,25
2016020334,590,penalty-kill,46,17,FALSE,FALSE,TRUE,FALSE,FALSE,FALSE,0,8470318,17,25
2016020369,5,even-strength,87,13,FALSE,FALSE,TRUE,TRUE,TRUE,FALSE,0.03604677136594565,8478420,21,25
2016020369,6,even-strength,37,32,FALSE,FALSE,TRUE,TRUE,TRUE,FALSE,0.00956762944038643,8467400,21,25
2016020369,8,even-strength,47,-37,FALSE,FALSE,TRUE,TRUE,TRUE,FALSE,0.02388532942821962,8476428,21,25
2016020369,24,even-strength,51,22,FALSE,FALSE,TRUE,FALSE,FALSE,FALSE,0,8475199,21,25
2016020369,29,even-strength,77,9,FALSE,FALSE,TRUE,TRUE,TRUE,FALSE,0.07739491870489708,8476888,21,25
2016020369,36,even-strength,34,4,FALSE,FALSE,TRUE,TRUE,FALSE,FALSE,0.01692349494257811,8477507,21,25
2016020369,43,even-strength,45,5,FALSE,FALSE,TRUE,TRUE,TRUE,FALSE,0.05344142757958319,8474605,21,25
2016020369,46,power-play,43,33,FALSE,FALSE,TRUE,TRUE,TRUE,FALSE,0.03897978150252948,8467400,21,25
2016020369,48,even-strength,53,-9,FALSE,FALSE,TRUE,FALSE,FALSE,FALSE,0,8474577,21,25
2016020369,49,even-strength,65,-28,FALSE,FALSE,TRUE,TRUE,TRUE,FALSE,0.05171610795163706,8473446,21,25
2016020369,61,even-strength,66,-2,FALSE,FALSE,TRUE,FALSE,FALSE,FALSE,0,8467400,21,25
2016020369,75,even-strength,84,4,FALSE,TRUE,TRUE,TRUE,TRUE,FALSE,0.27754884900265925,8476428,21,25
2016020369,77,even-strength,42,29,FALSE,FALSE,TRUE,FALSE,FALSE,FALSE,0,8474605,21,25
2016020369,79,even-strength,55,-15,FALSE,FALSE,TRUE,TRUE,TRUE,FALSE,0.02729448572869539,8477492,21,25
2016020369,81,even-strength,51,-1,FALSE,FALSE,TRUE,TRUE,FALSE,FALSE,0.05702585250102,8473446,21,25
2016020369,100,even-strength,35,35,TRUE,FALSE,TRUE,TRUE,FALSE,FALSE,0.01381897498744556,8477507,21,25
2016020369,202,even-strength,80,-10,FALSE,FALSE,TRUE,TRUE,TRUE,FALSE,0.076313611012853,8475168,21,25
2016020369,211,even-strength,61,-3,FALSE,FALSE,TRUE,TRUE,TRUE,FALSE,0.06278507948436968,8462042,21,25
2016020369,212,power-play,44,-28,FALSE,FALSE,TRUE,TRUE,TRUE,FALSE,0.02742161925039522,8476888,21,25
2016020369,233,power-play,47,28,FALSE,FALSE,TRUE,TRUE,TRUE,FALSE,0.03291083023837283,8467400,21,25
2016020369,237,even-strength,52,17,FALSE,FALSE,TRUE,FALSE,FALSE,FALSE,0,8471260,21,25
2016020369,238,even-strength,35,-13,TRUE,FALSE,TRUE,TRUE,FALSE,FALSE,0.03396064443083194,8473446,21,25
2016020369,241,even-strength,49,-27,FALSE,FALSE,TRUE,TRUE,TRUE,FALSE,0.01612902531758624,8475199,21,25
2016020369,249,even-strength,48,-18,FALSE,FALSE,TRUE,TRUE,TRUE,FALSE,0.02149325202233577,8477492,21,25
2016020369,304,even-strength,84,5,FALSE,TRUE,TRUE,TRUE,TRUE,FALSE,0.219811359568784,8476428,21,25
2016020369,338,even-strength,59,-21,FALSE,FALSE,TRUE,TRUE,FALSE,FALSE,0.03242531842891674,8478420,21,25
2016020369,345,power-play,72,-5,FALSE,FALSE,TRUE,FALSE,FALSE,FALSE,0,8470750,21,25
2016020369,347,power-play,38,36,FALSE,FALSE,TRUE,TRUE,FALSE,FALSE,0.02606856704537055,8475197,21,25
2016020369,453,power-play,55,2,FALSE,FALSE,TRUE,FALSE,FALSE,FALSE,0,8474605,21,25
2016020369,454,power-play,90,10,FALSE,FALSE,TRUE,TRUE,TRUE,FALSE,0.06106136069443912,8474577,21,25
2016020369,456,even-strength,37,-5,FALSE,FALSE,TRUE,TRUE,TRUE,FALSE,0.02083775202346607,8475199,21,25
2016020369,464,even-strength,76,-1,FALSE,FALSE,TRUE,TRUE,TRUE,FALSE,0.088189815717755915,8475168,21,25
2016020369,468,even-strength,50,35,FALSE,FALSE,TRUE,TRUE,TRUE,FALSE,0.01516746906060369,8471262,21,25
2016020369,471,even-strength,66,10,FALSE,FALSE,TRUE,FALSE,FALSE,FALSE,0,8462042,21,25
2016020369,472,even-strength,71,33,FALSE,FALSE,TRUE,TRUE,FALSE,FALSE,0.01743277391729205,8471504,21,25
2016020369,476,even-strength,66,-35,FALSE,FALSE,TRUE,TRUE,FALSE,FALSE,0.02153928712634232,8478420,21,25
2016020369,477,even-strength,35,-33,FALSE,FALSE,TRUE,TRUE,TRUE,FALSE,0.00825716859466956,8478420,21,25
2016020369,479,even-strength,39,-10,FALSE,FALSE,TRUE,TRUE,TRUE,FALSE,0.02387529320015992,8471260,21,25
2016020369,481,even-strength,37,-32,FALSE,FALSE,TRUE,TRUE,TRUE,FALSE,0.0067982975536078,8470750,21,25
2016020369,488,even-strength,49,-1,FALSE,FALSE,TRUE,TRUE,FALSE,FALSE,0.04024240470946547,8467400,21,25
2016020369,494,even-strength,37,6,FALSE,FALSE,TRUE,TRUE,FALSE,FALSE,0.03716014672756675,8475197,21,25
2016020369,556,even-strength,64,-3,FALSE,FALSE,TRUE,TRUE,FALSE,FALSE,0.0590216448571722,8475168,21,25
2016020369,558,even-strength,31,-33,FALSE,FALSE,TRUE,TRUE,FALSE,FALSE,0.01105338354186084,8475199,21,25
2016020369,577,power-play,53,-1,FALSE,FALSE,TRUE,FALSE,FALSE,FALSE,0,8477492,21,25
2016020369,579,even-strength,59,26,FALSE,FALSE,TRUE,TRUE,FALSE,FALSE,0.04871011010122908,8462042,21,25
2016020390,54,even-strength,65,24,FALSE,FALSE,TRUE,FALSE,FALSE,FALSE,0,8471346,20,25
2016020390,57,even-strength,86,27,TRUE,FALSE,TRUE,TRUE,FALSE,FALSE,0.05010130302201417,8477903,20,25
2016020390,58,even-strength,30,29,FALSE,FALSE,TRUE,TRUE,FALSE,FALSE,0.0102244835085064,8470966,20,25
2016020390,59,even-strength,65,7,FALSE,FALSE,TRUE,FALSE,FALSE,FALSE,0,8474150,20,25
2016020390,60,even-strength,82,-6,TRUE,FALSE,TRUE,TRUE,TRUE,FALSE,0.11206970399799192,8475163,20,25
2016020390,62,even-strength,77,4,FALSE,FALSE,TRUE,FALSE,FALSE,FALSE,0,8474673,20,25
2016020390,63,even-strength,69,-12,FALSE,FALSE,TRUE,TRUE,FALSE,FALSE,0.04942394815317848,8475907,20,25
2016020390,64,even-strength,78,10,FALSE,FALSE,TRUE,TRUE,TRUE,FALSE,0.07250347002868113,8479314,20,25
2016020390,68,even-strength,63,-2,FALSE,FALSE,TRUE,FALSE,FALSE,FALSE,0,8477497,20,25
2016020390,79,even-strength,44,5,FALSE,FALSE,TRUE,TRUE,TRUE,FALSE,0.04074812713070346,8476279,20,25
2016020390,80,even-strength,56,-26,FALSE,FALSE,TRUE,TRUE,FALSE,FALSE,0.02837217556564236,8468674,20,25
2016020390,83,even-strength,72,1,FALSE,FALSE,TRUE,TRUE,TRUE,FALSE,0.11842374280631925,8479314,20,25
2016020390,92,even-strength,77,-19,FALSE,FALSE,TRUE,TRUE,TRUE,FALSE,0.05627525311748543,8474150,20,25
2016020390,93,even-strength,40,-20,FALSE,FALSE,TRUE,TRUE,TRUE,FALSE,0.02002405276282228,8476462,20,25
2016020390,96,even-strength,77,-1,FALSE,FALSE,TRUE,FALSE,FALSE,FALSE,0,8476462,20,25
2016020390,302,even-strength,82,6,FALSE,FALSE,TRUE,FALSE,FALSE,FALSE,0,8473564,20,25
2016020390,303,even-strength,48,-37,FALSE,FALSE,TRUE,TRUE,TRUE,FALSE,0.01326561007125496,8469770,20,25
2016020390,306,even-strength,70,-9,FALSE,FALSE,TRUE,TRUE,TRUE,FALSE,0.05818753075396887,8473564,20,25
2016020390,308,even-strength,83,-1,FALSE,FALSE,TRUE,TRUE,TRUE,FALSE,0.15936726137929236,8476346,20,25
2016020390,309,even-strength,77,5,TRUE,FALSE,TRUE,TRUE,TRUE,FALSE,0.17793263040599278,8477935,20,25
2016020390,311,even-strength,86,24,TRUE,FALSE,TRUE,TRUE,FALSE,FALSE,0.03984376545066925,8473564,20,25
2016020390,314,even-strength,72,14,FALSE,FALSE,TRUE,FALSE,FALSE,FALSE,0,8477497,20,25
2016020390,318,even-strength,71,3,TRUE,FALSE,TRUE,TRUE,TRUE,FALSE,0.0845148723825893,8474150,20,25
2016020390,319,even-strength,78,-8,FALSE,FALSE,TRUE,TRUE,FALSE,FALSE,0.0771314159653631,8476346,20,25
2016020390,320,even-strength,86,6,FALSE,FALSE,TRUE,TRUE,TRUE,FALSE,0.04441334200183005,8476346,20,25
2016020390,327,even-strength,65,10,FALSE,FALSE,TRUE,TRUE,FALSE,FALSE,0.05477461229172654,8470966,20,25
2016020390,337,penalty-kill,42,18,FALSE,FALSE,TRUE,TRUE,TRUE,FALSE,0.05641838340175564,8474150,20,25
2016020390,338,penalty-kill,73,4,FALSE,FALSE,TRUE,TRUE,FALSE,FALSE,0.05879579833715181,8470162,20,25
2016020390,339,penalty-kill,73,-5,FALSE,TRUE,TRUE,TRUE,FALSE,FALSE,0.22058742878654947,8471426,20,25
2016020390,344,even-strength,82,5,FALSE,FALSE,TRUE,TRUE,TRUE,TRUE,0.12046569829734774,8476346,20,25
2016020390,346,even-strength,78,7,FALSE,FALSE,TRUE,FALSE,FALSE,FALSE,0,8470966,20,25
2016020390,350,even-strength,63,-15,FALSE,FALSE,TRUE,TRUE,TRUE,FALSE,0.03662599741973228,8473564,20,25
2016020390,458,even-strength,56,5,FALSE,FALSE,TRUE,FALSE,FALSE,FALSE,0,8469770,20,25
2016020390,462,even-strength,79,-1,FALSE,FALSE,TRUE,FALSE,FALSE,FALSE,0,8476462,20,25
2016020390,463,even-strength,56,20,FALSE,FALSE,TRUE,FALSE,FALSE,FALSE,0,8476279,20,25
2016020390,464,even-strength,74,5,FALSE,FALSE,TRUE,TRUE,FALSE,FALSE,0.09669767638748866,8477935,20,25
2016020390,467,even-strength,82,5,FALSE,FALSE,TRUE,TRUE,FALSE,FALSE,0.1146668973209834,8475907,20,25
2016020390,468,even-strength,73,-13,FALSE,FALSE,TRUE,FALSE,FALSE,FALSE,0,8475907,20,25
2016020390,480,even-strength,80,-5,FALSE,FALSE,TRUE,FALSE,FALSE,FALSE,0,8476279,20,25
2016020390,482,even-strength,66,-32,FALSE,FALSE,TRUE,FALSE,FALSE,FALSE,0,8476346,20,25
2016020390,491,even-strength,43,-36,FALSE,FALSE,TRUE,TRUE,TRUE,FALSE,0.01067119073073031,8468674,20,25
2016020390,494,even-strength,46,37,FALSE,FALSE,TRUE,TRUE,FALSE,FALSE,0.01116843413453905,8474673,20,25
2016020390,500,power-play,78,-7,FALSE,FALSE,TRUE,FALSE,FALSE,FALSE,0,8471346,20,25
2016020390,651,power-play,78,1,FALSE,FALSE,TRUE,TRUE,TRUE,FALSE,0.13192247872089072,8477497,20,25
2016020390,652,power-play,84,5,FALSE,TRUE,TRUE,TRUE,TRUE,TRUE,0.26602761997216906,8477497,20,25
2016020390,655,even-strength,84,-31,FALSE,FALSE,TRUE,TRUE,TRUE,FALSE,0.02273320077758956,8476462,20,25
2016020390,656,even-strength,76,9,FALSE,FALSE,TRUE,TRUE,FALSE,FALSE,0.07713519615014809,8473564,20,25
2016020390,657,even-strength,42,-35,FALSE,FALSE,TRUE,TRUE,TRUE,FALSE,0.01459993026131712,8469770,20,25
2016020390,664,even-strength,62,31,FALSE,FALSE,TRUE,TRUE,FALSE,FALSE,0.02917019433663297,8471346,20,25
2016020402,56,even-strength,55,29,FALSE,FALSE,TRUE,TRUE,TRUE,FALSE,0.01926818998200329,8471385,18,25
2016020402,69,even-strength,57,16,FALSE,FALSE,TRUE,TRUE,TRUE,FALSE,0.02546530451434399,8475225,18,25
2016020402,70,even-strength,81,-7,FALSE,FALSE,TRUE,TRUE,TRUE,FALSE,0.09514318981682462,8475793,18,25
2016020402,73,even-strength,36,20,FALSE,FALSE,TRUE,TRUE,TRUE,FALSE,0.01458280731231601,8474600,18,25
2016020402,74,even-strength,46,-27,FALSE,FALSE,TRUE,TRUE,FALSE,FALSE,0.02064537376567389,8476887,18,25
2016020402,77,even-strength,44,12,FALSE,FALSE,TRUE,FALSE,FALSE,FALSE,0,8474600,18,25
2016020402,95,penalty-kill,48,10,FALSE,FALSE,TRUE,FALSE,FALSE,FALSE,0,8474600,18,25
2016020402,99,even-strength,43,-36,FALSE,FALSE,TRUE,TRUE,FALSE,FALSE,0.00775678900276239,8474056,18,25
2016020402,100,even-strength,62,-7,FALSE,FALSE,TRUE,FALSE,FALSE,FALSE,0,8474056,18,25
2016020402,302,even-strength,81,4,FALSE,FALSE,TRUE,TRUE,TRUE,FALSE,0.1217216231886881,8478042,18,25
2016020402,304,even-strength,59,10,FALSE,FALSE,TRUE,FALSE,FALSE,FALSE,0,8474600,18,25
2016020402,311,penalty-kill,60,-25,FALSE,FALSE,TRUE,TRUE,TRUE,TRUE,0.04853874019222904,8478042,18,25
2016020402,314,even-strength,48,-12,FALSE,FALSE,TRUE,TRUE,FALSE,FALSE,0.0349948672894468,8475625,18,25
2016020402,315,even-strength,41,-1,FALSE,FALSE,TRUE,TRUE,FALSE,FALSE,0.02642351997280998,8474600,18,25
2016020402,321,even-strength,59,-5,FALSE,FALSE,TRUE,TRUE,FALSE,FALSE,0.0535696850433013,8475225,18,25
2016020402,322,even-strength,34,-23,FALSE,FALSE,TRUE,TRUE,FALSE,FALSE,0.01073614515598926,8474056,18,25
2016020402,323,even-strength,58,33,FALSE,TRUE,TRUE,TRUE,TRUE,FALSE,0.06535164162666329,8475218,18,25
2016020402,325,even-strength,55,23,FALSE,FALSE,TRUE,TRUE,TRUE,FALSE,0.02832377391775617,8476887,18,25
2016020402,331,even-strength,41,21,FALSE,FALSE,TRUE,FALSE,FALSE,FALSE,0,8474134,18,25
2016020402,332,even-strength,37,19,FALSE,FALSE,TRUE,TRUE,TRUE,FALSE,0.0194526166109936,8475766,18,25
2016020402,333,even-strength,36,-2,FALSE,FALSE,TRUE,TRUE,TRUE,FALSE,0.02392451745320442,8475766,18,25
2016020402,335,even-strength,58,-35,FALSE,FALSE,TRUE,TRUE,TRUE,FALSE,0.01552572270187972,8474056,18,25
2016020402,339,even-strength,48,33,FALSE,FALSE,TRUE,TRUE,TRUE,FALSE,0.01308014881562319,8476887,18,25
2016020402,341,power-play,60,1,FALSE,FALSE,TRUE,TRUE,TRUE,FALSE,0.04429033927947705,8467371,18,25
2016020402,342,power-play,43,24,FALSE,FALSE,TRUE,TRUE,TRUE,FALSE,0.03460249201569028,8478042,18,25
2016020402,343,power-play,83,8,FALSE,TRUE,TRUE,TRUE,FALSE,FALSE,0.27975511476469705,8475225,18,25
2016020402,347,even-strength,71,-4,FALSE,FALSE,TRUE,FALSE,FALSE,FALSE,0,8474056,18,25
2016020402,408,even-strength,33,-26,FALSE,FALSE,TRUE,TRUE,TRUE,FALSE,0.01100440447215521,8474600,18,25
2016020402,411,even-strength,70,-18,FALSE,FALSE,TRUE,FALSE,FALSE,FALSE,0,8475766,18,25
2016020402,412,even-strength,79,1,FALSE,FALSE,TRUE,FALSE,FALSE,FALSE,0,8474600,18,25
2016020402,414,even-strength,46,1,FALSE,FALSE,TRUE,TRUE,TRUE,FALSE,0.03757612399426246,8476887,18,25
2016020402,416,even-strength,39,3,FALSE,FALSE,TRUE,TRUE,TRUE,FALSE,0.01782589030444909,8474600,18,25
2016020402,418,even-strength,39,9,FALSE,FALSE,TRUE,TRUE,TRUE,FALSE,0.02345645869453492,8476887,18,25
2016020402,420,even-strength,59,15,FALSE,FALSE,TRUE,TRUE,TRUE,FALSE,0.04187353178836889,8478042,18,25
2016020402,421,even-strength,81,6,FALSE,FALSE,TRUE,FALSE,FALSE,FALSE,0,8478042,18,25
2016020402,423,power-play,49,5,FALSE,FALSE,TRUE,FALSE,FALSE,FALSE,0,8474600,18,25
2016020402,426,power-play,62,29,FALSE,FALSE,TRUE,TRUE,FALSE,FALSE,0.06653363924916539,8478042,18,25
2016020402,427,power-play,69,-8,FALSE,FALSE,TRUE,FALSE,FALSE,FALSE,0,8467371,18,25
2016020402,429,power-play,66,33,FALSE,FALSE,TRUE,TRUE,FALSE,FALSE,0.05835132937425293,8475793,18,25
2016020402,431,power-play,48,-15,FALSE,FALSE,TRUE,TRUE,FALSE,FALSE,0.05452569896589322,8476887,18,25
2016020402,432,power-play,38,-18,FALSE,FALSE,TRUE,TRUE,TRUE,FALSE,0.04182808586664436,8476887,18,25
2016020402,434,power-play,72,-6,FALSE,FALSE,TRUE,TRUE,FALSE,FALSE,0.06421285667724576,8474569,18,25
2016020402,437,even-strength,61,-39,FALSE,FALSE,TRUE,TRUE,FALSE,FALSE,0.01314022871354024,8475766,18,25
2016020402,440,even-strength,63,32,FALSE,FALSE,TRUE,FALSE,FALSE,FALSE,0,8474600,18,25
2016020402,441,even-strength,47,-7,FALSE,FALSE,TRUE,TRUE,TRUE,FALSE,0.02915119700612273,8467371,18,25
2016020402,445,even-strength,78,-25,TRUE,FALSE,TRUE,TRUE,TRUE,FALSE,0.07798282300943818,8477919,18,25
2016020402,446,even-strength,46,-23,FALSE,FALSE,TRUE,TRUE,TRUE,FALSE,0.01451766278093254,8475218,18,25
2016020402,447,even-strength,74,-4,TRUE,TRUE,TRUE,TRUE,FALSE,FALSE,0.3153943582769871,8475766,18,25
2016020402,449,even-strength,40,31,FALSE,FALSE,TRUE,TRUE,TRUE,FALSE,0.01199415348612057,8467371,18,25
2016020402,601,even-strength,45,-8,FALSE,FALSE,TRUE,FALSE,FALSE,FALSE,0,8475625,18,25
2016020402,602,even-strength,39,-19,FALSE,FALSE,TRUE,FALSE,FALSE,FALSE,0,8475225,18,25
2016020402,603,even-strength,79,31,FALSE,FALSE,TRUE,TRUE,TRUE,FALSE,0.01820387555789332,8474569,18,25
2016020402,604,even-strength,39,-14,FALSE,FALSE,TRUE,FALSE,FALSE,FALSE,0,8474134,18,25
2016020402,610,even-strength,63,-27,FALSE,FALSE,TRUE,TRUE,TRUE,FALSE,0.01969123328666438,8478042,18,25
2016020402,611,even-strength,79,2,FALSE,TRUE,TRUE,TRUE,TRUE,FALSE,0.2912370210938726,8475714,18,25
2016020402,634,even-strength,3,-24,FALSE,FALSE,TRUE,TRUE,TRUE,FALSE,0.00224811849166547,8474056,18,25
2016020402,638,even-strength,78,1,FALSE,FALSE,TRUE,TRUE,TRUE,FALSE,0.1710742669670017,8474600,18,25
2016020402,640,even-strength,41,23,FALSE,FALSE,TRUE,TRUE,TRUE,FALSE,0.01414581953735708,8474056,18,25
2016020402,643,even-strength,76,27,FALSE,FALSE,TRUE,TRUE,TRUE,FALSE,0.02427411633508697,8475714,18,25
2016020402,644,even-strength,38,21,FALSE,FALSE,TRUE,TRUE,TRUE,FALSE,0.0119877655209978,8475714,18,25
2016020402,645,even-strength,38,-14,FALSE,FALSE,TRUE,TRUE,FALSE,FALSE,0.01352610869889329,8471385,18,25
2016020402,854,even-strength,72,-27,FALSE,FALSE,TRUE,TRUE,TRUE,TRUE,0.02413064372847521,8475714,18,25
2016020402,855,even-strength,76,5,FALSE,FALSE,TRUE,FALSE,FALSE,FALSE,0,8474600,18,25
2016020402,856,even-strength,76,-4,FALSE,FALSE,TRUE,FALSE,FALSE,FALSE,0,8478042,18,25
2016020402,857,even-strength,72,4,FALSE,FALSE,TRUE,FALSE,FALSE,FALSE,0,8475225,18,25
2016020402,863,even-strength,59,-3,FALSE,FALSE,TRUE,TRUE,TRUE,FALSE,0.05829620449569215,8471385,18,25
2016020402,864,even-strength,81,-10,FALSE,TRUE,TRUE,TRUE,TRUE,FALSE,0.16101774949246736,8477919,18,25
2016020402,867,even-strength,46,20,FALSE,FALSE,TRUE,FALSE,FALSE,FALSE,0,8471385,18,25
2016020402,868,even-strength,37,-24,FALSE,FALSE,TRUE,TRUE,TRUE,FALSE,0.01159869949573174,8474056,18,25
2016020411,53,even-strength,73,1,TRUE,FALSE,TRUE,TRUE,TRUE,FALSE,0.27298362729066933,8474190,4,25
2016020411,54,even-strength,56,20,FALSE,FALSE,TRUE,TRUE,TRUE,FALSE,0.03360351929007562,8475170,4,25
2016020411,55,even-strength,30,21,FALSE,FALSE,TRUE,TRUE,TRUE,FALSE,0.0089327327472743,8468309,4,25
2016020411,78,even-strength,34,-32,FALSE,FALSE,TRUE,TRUE,TRUE,FALSE,0.00857812783401816,8478439,4,25
2016020411,86,even-strength,48,30,FALSE,FALSE,TRUE,TRUE,FALSE,FALSE,0.01578672863563816,8478439,4,25
2016020411,91,even-strength,42,9,FALSE,FALSE,TRUE,FALSE,FALSE,FALSE,0,8475430,4,25
2016020411,94,power-play,50,-25,FALSE,FALSE,TRUE,TRUE,FALSE,FALSE,0.03717744530300936,8474161,4,25
2016020411,95,power-play,57,-15,FALSE,FALSE,TRUE,FALSE,FALSE,FALSE,0,8474161,4,25
2016020411,96,power-play,64,10,FALSE,FALSE,TRUE,FALSE,FALSE,FALSE,0,8473512,4,25
2016020411,97,power-play,31,15,TRUE,FALSE,TRUE,TRUE,TRUE,FALSE,0.04535943292112074,8476906,4,25
2016020411,99,power-play,87,10,FALSE,FALSE,TRUE,TRUE,FALSE,FALSE,0.10169116131375693,8474190,4,25
2016020411,351,power-play,73,-4,FALSE,FALSE,TRUE,TRUE,TRUE,TRUE,0.09618142935082429,8475170,4,25
2016020411,357,even-strength,30,3,FALSE,FALSE,TRUE,TRUE,TRUE,FALSE,0.01225870251155269,8476906,4,25
2016020411,361,even-strength,31,-10,FALSE,FALSE,TRUE,TRUE,TRUE,FALSE,0.01259336150714894,8475462,4,25
2016020411,362,even-strength,31,-25,FALSE,FALSE,TRUE,TRUE,TRUE,FALSE,0.00812712644413964,8475462,4,25
2016020411,375,even-strength,45,28,FALSE,FALSE,TRUE,TRUE,TRUE,FALSE,0.0173715888655268,8477290,4,25
2016020411,376,even-strength,74,-6,FALSE,FALSE,TRUE,FALSE,FALSE,FALSE,0,8474161,4,25
2016020411,390,even-strength,75,3,FALSE,FALSE,TRUE,TRUE,FALSE,FALSE,0.06499950404192195,8476393,4,25
2016020411,391,even-strength,31,29,FALSE,FALSE,TRUE,TRUE,FALSE,FALSE,0.00606771555389087,8475462,4,25
2016020411,392,even-strength,44,-24,FALSE,FALSE,TRUE,TRUE,TRUE,FALSE,0.01830664048335458,8475462,4,25
2016020411,394,even-strength,31,-9,FALSE,FALSE,TRUE,TRUE,FALSE,FALSE,0.01368531827181113,8476906,4,25
2016020411,395,even-strength,79,-7,FALSE,FALSE,TRUE,FALSE,FALSE,FALSE,0,8474190,4,25
2016020411,398,even-strength,76,-23,FALSE,FALSE,TRUE,TRUE,FALSE,FALSE,0.02888641607997982,8471762,4,25
2016020411,400,even-strength,39,-17,FALSE,FALSE,TRUE,FALSE,FALSE,FALSE,0,8473584,4,25
2016020411,404,even-strength,84,12,FALSE,TRUE,TRUE,FALSE,FALSE,FALSE,0,8473512,4,25
2016020411,436,even-strength,79,33,FALSE,TRUE,TRUE,TRUE,FALSE,FALSE,0.07575385440958006,8478500,4,25
2016020411,452,even-strength,34,-19,FALSE,FALSE,TRUE,TRUE,FALSE,FALSE,0.01180522990701444,8476906,4,25
2016020411,453,even-strength,67,3,FALSE,FALSE,TRUE,FALSE,FALSE,FALSE,0,8475430,4,25
2016020411,456,even-strength,75,-2,FALSE,FALSE,TRUE,FALSE,FALSE,FALSE,0,8475462,4,25
2016020411,461,power-play,64,-3,FALSE,FALSE,TRUE,TRUE,TRUE,FALSE,0.09462351390346196,8474668,4,25
2016020411,462,power-play,40,2,FALSE,FALSE,TRUE,TRUE,FALSE,FALSE,0.03201203528739032,8476393,4,25
2016020411,463,even-strength,39,-27,FALSE,FALSE,TRUE,FALSE,FALSE,FALSE,0,8478500,4,25
2016020411,465,even-strength,74,-4,FALSE,FALSE,TRUE,TRUE,FALSE,FALSE,0.1045998671154498,8479648,4,25
2016020411,470,even-strength,52,-36,FALSE,FALSE,TRUE,TRUE,FALSE,FALSE,0.01510852146312786,8477930,4,25
2016020411,476,power-play,26,-17,FALSE,FALSE,TRUE,TRUE,FALSE,FALSE,0.02415183339019432,8468309,4,25
2016020411,477,even-strength,37,-1,FALSE,FALSE,TRUE,TRUE,TRUE,FALSE,0.02671640798568294,8478500,4,25
2016020411,480,even-strength,68,2,FALSE,FALSE,TRUE,TRUE,FALSE,FALSE,0.10795984186744036,8477290,4,25
2016020411,481,even-strength,48,10,FALSE,FALSE,TRUE,FALSE,FALSE,FALSE,0,8475430,4,25
2016020411,486,even-strength,51,12,FALSE,FALSE,TRUE,TRUE,TRUE,FALSE,0.04386012412609941,8471762,4,25
2016020411,487,even-strength,39,11,TRUE,FALSE,TRUE,TRUE,TRUE,FALSE,0.04036918459285006,8474190,4,25
2016020411,489,even-strength,73,3,FALSE,FALSE,TRUE,TRUE,FALSE,FALSE,0.08595136220977662,8474190,4,25
2016020411,491,penalty-kill,76,38,TRUE,FALSE,TRUE,TRUE,TRUE,FALSE,0.07348781270501498,8471762,4,25
2016020411,497,even-strength,48,3,FALSE,FALSE,TRUE,TRUE,TRUE,FALSE,0.02884167084971496,8474161,4,25
2016020411,655,power-play,44,11,FALSE,FALSE,TRUE,TRUE,TRUE,FALSE,0.00746004078617916,8473512,4,25
2016020411,657,power-play,67,0,FALSE,FALSE,TRUE,TRUE,TRUE,TRUE,0.09945027491259024,8475170,4,25
2016020411,663,power-play,76,4,FALSE,FALSE,TRUE,TRUE,TRUE,TRUE,0.10918405747367645,8475170,4,25
2016020411,665,even-strength,5,-35,FALSE,FALSE,TRUE,FALSE,FALSE,FALSE,0,8475462,4,25
2016020411,668,even-strength,20,7,FALSE,FALSE,TRUE,TRUE,TRUE,FALSE,0.00650839004623949,8478500,4,25
2016020427,8,even-strength,73,19,FALSE,FALSE,TRUE,TRUE,FALSE,FALSE,0.04056944972690082,8478550,16,25
2016020427,9,even-strength,35,4,FALSE,FALSE,TRUE,TRUE,FALSE,FALSE,0.03497523090527711,8478055,16,25
2016020427,13,even-strength,76,-12,FALSE,FALSE,TRUE,TRUE,FALSE,FALSE,0.07306591739864329,8477353,16,25
2016020427,15,even-strength,59,28,FALSE,FALSE,TRUE,TRUE,TRUE,FALSE,0.02855934637389523,8477353,16,25
2016020427,16,even-strength,83,-18,FALSE,FALSE,TRUE,TRUE,FALSE,FALSE,0.06301327691257827,8473573,16,25
2016020427,18,even-strength,36,21,FALSE,FALSE,TRUE,TRUE,TRUE,FALSE,0.01661876407024062,8470281,16,25
2016020427,25,power-play,40,-18,FALSE,FALSE,TRUE,TRUE,FALSE,FALSE,0.03054903592281815,8466285,16,25
2016020427,26,even-strength,61,-15,FALSE,FALSE,TRUE,TRUE,TRUE,FALSE,0.03463765490765396,8475209,16,25
2016020427,27,even-strength,43,20,FALSE,FALSE,TRUE,TRUE,TRUE,FALSE,0.01430464669827815,8466285,16,25
2016020427,29,even-strength,41,3,FALSE,FALSE,TRUE,FALSE,FALSE,FALSE,0,8470281,16,25
2016020427,30,even-strength,66,4,FALSE,FALSE,TRUE,TRUE,TRUE,FALSE,0.05540820373036589,8477451,16,25
2016020427,36,even-strength,77,-14,TRUE,FALSE,TRUE,TRUE,FALSE,FALSE,0.07242512993585357,8473573,16,25
2016020427,37,even-strength,81,-3,FALSE,FALSE,TRUE,TRUE,TRUE,FALSE,0.10126192414311164,8478550,16,25
2016020427,44,even-strength,64,-5,FALSE,FALSE,TRUE,FALSE,FALSE,FALSE,0,8471769,16,25
2016020427,45,even-strength,80,-5,FALSE,FALSE,TRUE,TRUE,TRUE,FALSE,0.06423444801303592,8471769,16,25
2016020427,46,even-strength,59,8,FALSE,FALSE,TRUE,FALSE,FALSE,FALSE,0,8471769,16,25
2016020427,49,even-strength,34,7,TRUE,FALSE,TRUE,TRUE,TRUE,FALSE,0.02530495861340669,8466285,16,25
2016020427,204,even-strength,57,7,FALSE,FALSE,TRUE,TRUE,TRUE,FALSE,0.0417424777968742,8477353,16,25
2016020427,210,even-strength,69,-22,FALSE,FALSE,TRUE,TRUE,TRUE,FALSE,0.03635375743149888,8477451,16,25
2016020427,212,even-strength,87,-23,FALSE,FALSE,TRUE,FALSE,FALSE,FALSE,0,8474141,16,25
2016020427,225,even-strength,54,27,FALSE,FALSE,TRUE,TRUE,TRUE,TRUE,0.01957318970763338,8466148,16,25
2016020427,227,even-strength,61,-10,TRUE,FALSE,TRUE,TRUE,TRUE,FALSE,0.08946648900011477,8476994,16,25
2016020427,230,power-play,82,3,FALSE,FALSE,TRUE,TRUE,TRUE,FALSE,0.09891828490143444,8473573,16,25
2016020427,231,power-play,58,-21,FALSE,FALSE,TRUE,FALSE,FALSE,FALSE,0,8474141,16,25
2016020427,232,power-play,61,0,FALSE,FALSE,TRUE,TRUE,TRUE,FALSE,0.06492354923965513,8466285,16,25
2016020427,233,even-strength,85,-7,FALSE,FALSE,TRUE,TRUE,TRUE,FALSE,0.06929382738766225,8477451,16,25
2016020427,235,even-strength,57,-6,FALSE,FALSE,TRUE,TRUE,TRUE,FALSE,0.05647559564958947,8477353,16,25
2016020427,238,even-strength,83,5,TRUE,FALSE,TRUE,TRUE,TRUE,FALSE,0.12239155779556966,8474141,16,25
2016020427,239,even-strength,65,-5,FALSE,FALSE,TRUE,TRUE,TRUE,FALSE,0.08080238056944779,8476994,16,25
2016020427,242,even-strength,51,4,FALSE,FALSE,TRUE,FALSE,FALSE,FALSE,0,8478055,16,25
2016020427,244,even-strength,44,-10,FALSE,FALSE,TRUE,TRUE,TRUE,FALSE,0.03641826372233747,8471769,16,25
2016020427,401,even-strength,49,-14,FALSE,FALSE,TRUE,FALSE,FALSE,FALSE,0,8466148,16,25
2016020427,410,even-strength,80,4,TRUE,FALSE,TRUE,TRUE,TRUE,FALSE,0.2115331665920339,8477451,16,25
2016020427,411,even-strength,82,-5,TRUE,TRUE,TRUE,TRUE,TRUE,TRUE,0.4101301156223497,8473573,16,25
2016020427,413,even-strength,67,13,FALSE,FALSE,TRUE,TRUE,FALSE,FALSE,0.03933927913160427,8473573,16,25
2016020427,416,even-strength,63,-8,FALSE,FALSE,TRUE,FALSE,FALSE,FALSE,0,8476994,16,25
2016020427,420,even-strength,72,20,FALSE,FALSE,TRUE,TRUE,FALSE,FALSE,0.04014015500177798,8478550,16,25
2016020427,421,even-strength,70,-5,FALSE,FALSE,TRUE,TRUE,FALSE,FALSE,0.1509261947404091,8477451,16,25
2016020427,424,even-strength,70,-11,FALSE,FALSE,TRUE,TRUE,TRUE,FALSE,0.05035572043911049,8474141,16,25
2016020427,427,even-strength,76,11,FALSE,FALSE,TRUE,FALSE,FALSE,FALSE,0,8478550,16,25
2016020427,428,even-strength,37,20,FALSE,FALSE,TRUE,TRUE,TRUE,FALSE,0.01465599031411758,8470281,16,25
2016020427,429,even-strength,40,15,FALSE,TRUE,TRUE,FALSE,FALSE,FALSE,0,8470281,16,25
2016020427,448,even-strength,50,25,FALSE,FALSE,TRUE,TRUE,TRUE,FALSE,0.03116609756097632,8470281,16,25
2016020427,602,even-strength,43,9,FALSE,FALSE,TRUE,FALSE,FALSE,FALSE,0,8475323,16,25
2016020427,607,power-play,81,6,FALSE,FALSE,TRUE,TRUE,TRUE,FALSE,0.12282401715459404,8473573,16,25
2016020427,609,power-play,72,20,FALSE,FALSE,TRUE,TRUE,TRUE,TRUE,0.07705879185731342,8478550,16,25
2016020427,611,even-strength,76,4,FALSE,FALSE,TRUE,FALSE,FALSE,FALSE,0,8476994,16,25
2016020427,612,even-strength,79,7,FALSE,TRUE,TRUE,TRUE,FALSE,FALSE,0.1876262166383269,8469547,16,25
2016020427,618,even-strength,44,-13,TRUE,FALSE,TRUE,FALSE,FALSE,FALSE,0,8477845,16,25
2016020427,627,even-strength,76,5,FALSE,FALSE,TRUE,FALSE,FALSE,FALSE,0,8474141,16,25
2016020427,628,even-strength,87,6,FALSE,FALSE,TRUE,TRUE,TRUE,FALSE,0.05476710986068094,8474141,16,25
2016020513,54,even-strength,85,-12,FALSE,FALSE,TRUE,TRUE,TRUE,FALSE,0.055308360872954,8474563,26,25
2016020513,69,power-play,64,18,FALSE,FALSE,TRUE,TRUE,TRUE,FALSE,0.07169182671628084,8476871,26,25
2016020513,70,power-play,81,-7,FALSE,TRUE,TRUE,TRUE,TRUE,TRUE,0.3088615577263154,8470604,26,25
2016020513,71,even-strength,58,-7,FALSE,FALSE,TRUE,TRUE,FALSE,FALSE,0.04436989921632473,8476871,26,25
2016020513,77,even-strength,49,28,FALSE,FALSE,TRUE,TRUE,TRUE,FALSE,0.02239713429620225,8471685,26,25
2016020513,79,even-strength,42,24,FALSE,FALSE,TRUE,TRUE,FALSE,FALSE,0.01334157673280667,8470606,26,25
2016020513,80,even-strength,79,-11,FALSE,FALSE,TRUE,FALSE,FALSE,FALSE,0,8475343,26,25
2016020513,82,even-strength,69,16,FALSE,FALSE,TRUE,FALSE,FALSE,FALSE,0,8476871,26,25
2016020513,83,even-strength,49,34,FALSE,FALSE,TRUE,TRUE,TRUE,FALSE,0.01565753763591754,8476404,26,25
2016020513,84,even-strength,44,-26,FALSE,FALSE,TRUE,FALSE,FALSE,FALSE,0,8474563,26,25
2016020513,85,even-strength,76,-16,FALSE,FALSE,TRUE,TRUE,TRUE,FALSE,0.05843004561825185,8471682,26,25
2016020513,87,even-strength,77,14,FALSE,FALSE,TRUE,FALSE,FALSE,FALSE,0,8476871,26,25
2016020513,88,even-strength,64,-35,FALSE,FALSE,TRUE,FALSE,FALSE,FALSE,0,8475325,26,25
2016020513,90,even-strength,40,31,FALSE,FALSE,TRUE,FALSE,FALSE,FALSE,0,8476404,26,25
2016020513,92,even-strength,31,-17,FALSE,FALSE,TRUE,TRUE,TRUE,FALSE,0.01152746898856015,8470604,26,25
2016020513,202,even-strength,-80,8,FALSE,FALSE,TRUE,FALSE,FALSE,FALSE,0,8470121,26,25
2016020513,205,even-strength,79,5,FALSE,FALSE,TRUE,TRUE,TRUE,FALSE,0.1389761611083444,8474563,26,25
2016020513,206,even-strength,78,-17,FALSE,FALSE,TRUE,TRUE,TRUE,FALSE,0.04153604018050714,8473453,26,25
2016020513,208,even-strength,38,32,FALSE,FALSE,TRUE,TRUE,TRUE,FALSE,0.01302662105913664,8474162,26,25
2016020513,212,even-strength,65,8,FALSE,FALSE,TRUE,FALSE,FALSE,FALSE,0,8470606,26,25
2016020513,213,even-strength,59,10,FALSE,TRUE,TRUE,FALSE,FALSE,FALSE,0,8470606,26,25
2016020513,217,even-strength,72,-13,FALSE,FALSE,TRUE,FALSE,FALSE,FALSE,0,8474563,26,25
2016020513,218,even-strength,81,4,FALSE,FALSE,TRUE,TRUE,TRUE,FALSE,0.09408583169575684,8470606,26,25
2016020513,222,even-strength,65,33,FALSE,FALSE,TRUE,TRUE,TRUE,FALSE,0.02091966655993323,8474100,26,25
2016020513,225,even-strength,73,24,TRUE,FALSE,TRUE,TRUE,FALSE,FALSE,0.07032239692146793,8475857,26,25
2016020513,234,even-strength,80,-6,FALSE,FALSE,TRUE,TRUE,TRUE,FALSE,0.07952183074024981,8471682,26,25
2016020513,235,even-strength,65,-19,FALSE,FALSE,TRUE,TRUE,FALSE,FALSE,0.03487079886079052,8476871,26,25
2016020513,236,even-strength,84,37,FALSE,TRUE,TRUE,TRUE,TRUE,FALSE,0.0578837216894576,8475857,26,25
2016020513,237,even-strength,78,5,FALSE,FALSE,TRUE,TRUE,FALSE,FALSE,0.09182769006813324,8473453,26,25
2016020513,238,even-strength,67,31,FALSE,FALSE,TRUE,TRUE,TRUE,FALSE,0.02471007904262868,8470604,26,25
2016020513,240,even-strength,73,-6,FALSE,FALSE,TRUE,FALSE,FALSE,FALSE,0,8474162,26,25
2016020513,241,even-strength,75,11,FALSE,FALSE,TRUE,TRUE,FALSE,FALSE,0.06044566837663132,8471682,26,25
2016020513,243,even-strength,34,27,FALSE,FALSE,TRUE,TRUE,TRUE,FALSE,0.01013686712524816,8475762,26,25
2016020513,245,even-strength,42,-26,FALSE,FALSE,TRUE,TRUE,TRUE,FALSE,0.01848965880059685,8474563,26,25
2016020513,246,even-strength,45,-10,FALSE,FALSE,TRUE,TRUE,TRUE,FALSE,0.01985122791205354,8474166,26,25
2016020513,248,even-strength,78,-5,FALSE,FALSE,TRUE,TRUE,TRUE,FALSE,0.08518104474649017,8476406,26,25
2016020513,409,even-strength,34,-28,FALSE,FALSE,TRUE,TRUE,TRUE,FALSE,0.01403267238848463,8470121,26,25
2016020513,411,power-play,71,-8,FALSE,FALSE,TRUE,FALSE,FALSE,FALSE,0,8474162,26,25
2016020513,414,power-play,43,31,FALSE,FALSE,TRUE,TRUE,TRUE,FALSE,0.04061949667324121,8475857,26,25
2016020513,417,even-strength,83,8,FALSE,TRUE,TRUE,TRUE,FALSE,FALSE,0.24705318056580727,8476406,26,25
2016020513,420,even-strength,83,-23,FALSE,FALSE,TRUE,TRUE,TRUE,FALSE,0.04010200105973998,8474563,26,25
2016020513,421,even-strength,75,10,FALSE,FALSE,TRUE,TRUE,FALSE,FALSE,0.07511640546062948,8470604,26,25
2016020513,422,even-strength,56,-14,FALSE,FALSE,TRUE,TRUE,TRUE,FALSE,0.02956296821143577,8471682,26,25
2016020513,424,even-strength,75,-12,FALSE,FALSE,TRUE,FALSE,FALSE,FALSE,0,8470121,26,25
2016020513,427,even-strength,67,-10,FALSE,FALSE,TRUE,FALSE,FALSE,FALSE,0,8476406,26,25
2016020513,428,even-strength,72,-13,FALSE,TRUE,TRUE,FALSE,FALSE,FALSE,0,8476406,26,25
2016020513,431,even-strength,79,3,FALSE,FALSE,TRUE,TRUE,TRUE,FALSE,0.1609961112243037,8476871,26,25
2016020513,432,even-strength,37,-12,FALSE,FALSE,TRUE,TRUE,TRUE,FALSE,0.01597939536589471,8474563,26,25
2016020513,440,even-strength,34,-28,FALSE,FALSE,TRUE,TRUE,TRUE,FALSE,0.01102111675978097,8475762,26,25
2016020513,448,even-strength,62,10,FALSE,FALSE,TRUE,FALSE,FALSE,FALSE,0,8476406,26,25
2016020513,608,even-strength,81,26,FALSE,FALSE,TRUE,TRUE,FALSE,FALSE,0.04918543855439343,8476871,26,25
2016020513,610,even-strength,65,2,FALSE,FALSE,TRUE,FALSE,FALSE,FALSE,0,8468483,26,25
2016020513,612,even-strength,62,-31,FALSE,FALSE,TRUE,TRUE,FALSE,FALSE,0.02692690282602826,8470121,26,25
2016020513,615,even-strength,44,18,TRUE,FALSE,TRUE,TRUE,TRUE,FALSE,0.03097138642815943,8475762,26,25
2016020513,617,even-strength,61,-14,FALSE,FALSE,TRUE,TRUE,TRUE,FALSE,0.0346410723491673,8470606,26,25
2016020513,618,even-strength,56,6,FALSE,FALSE,TRUE,FALSE,FALSE,FALSE,0,8474166,26,25
2016020513,621,even-strength,44,-27,FALSE,FALSE,TRUE,TRUE,FALSE,FALSE,0.0157954228516688,8474162,26,25
2016020513,626,even-strength,62,-18,FALSE,FALSE,TRUE,TRUE,TRUE,FALSE,0.02808834826989613,8471682,26,25
2016020513,627,even-strength,84,-8,FALSE,TRUE,TRUE,TRUE,TRUE,TRUE,0.14465480563896244,8470604,26,25
2016020513,631,even-strength,91,-31,FALSE,FALSE,TRUE,TRUE,FALSE,FALSE,0.08670216564118628,8471682,26,25
2016020513,632,even-strength,2,1,FALSE,FALSE,TRUE,TRUE,FALSE,FALSE,0.00341175082324061,8475857,26,25
2016020513,633,even-strength,76,-1,FALSE,FALSE,TRUE,TRUE,FALSE,FALSE,0.11437188333944372,8471685,26,25
2016020513,634,even-strength,81,17,FALSE,FALSE,TRUE,TRUE,TRUE,FALSE,0.04403154475630292,8471685,26,25
2016020513,643,even-strength,70,9,TRUE,FALSE,TRUE,TRUE,FALSE,FALSE,0.1383445888778108,8470604,26,25
2016020525,10,even-strength,66,-7,FALSE,FALSE,TRUE,FALSE,FALSE,FALSE,0,8475180,53,25
2016020525,18,even-strength,52,10,FALSE,FALSE,TRUE,FALSE,FALSE,FALSE,0,8475171,53,25
2016020525,22,even-strength,61,-26,FALSE,FALSE,TRUE,FALSE,FALSE,FALSE,0,8474568,53,25
2016020525,56,even-strength,45,-31,FALSE,FALSE,TRUE,TRUE,TRUE,FALSE,0.01800889877944719,8474568,53,25
2016020525,59,even-strength,78,-6,FALSE,FALSE,TRUE,TRUE,FALSE,FALSE,0.06830431325414373,8462038,53,25
2016020525,60,even-strength,39,-25,FALSE,FALSE,TRUE,FALSE,FALSE,FALSE,0,8474568,53,25
2016020525,62,even-strength,63,-9,FALSE,FALSE,TRUE,FALSE,FALSE,FALSE,0,8474628,53,25
2016020525,65,even-strength,78,0,FALSE,FALSE,TRUE,TRUE,FALSE,FALSE,0.1376202396919017,8476356,53,25
2016020525,67,even-strength,60,20,FALSE,FALSE,TRUE,TRUE,TRUE,FALSE,0.04571466244028554,8477943,53,25
2016020525,72,even-strength,56,35,FALSE,FALSE,TRUE,TRUE,TRUE,FALSE,0.0169077173603592,8471274,53,25
2016020525,73,even-strength,79,-1,FALSE,FALSE,TRUE,FALSE,FALSE,FALSE,0,8462038,53,25
2016020525,77,even-strength,63,-12,FALSE,FALSE,TRUE,FALSE,FALSE,FALSE,0,8479345,53,25
2016020525,85,even-strength,84,7,FALSE,FALSE,TRUE,TRUE,TRUE,FALSE,0.03009401668565063,8462038,53,25
2016020525,86,even-strength,64,5,FALSE,FALSE,TRUE,TRUE,FALSE,FALSE,0.037115055844521,8475180,53,25
2016020525,87,even-strength,58,8,TRUE,FALSE,TRUE,FALSE,FALSE,FALSE,0,8476921,53,25
2016020525,91,even-strength,49,-22,FALSE,FALSE,TRUE,TRUE,TRUE,FALSE,0.02084640133480513,8471691,53,25
2016020525,94,even-strength,41,6,FALSE,FALSE,TRUE,TRUE,FALSE,FALSE,0.02305413917812208,8478474,53,25
2016020525,97,even-strength,2,28,FALSE,FALSE,TRUE,TRUE,FALSE,FALSE,0.00224497316550734,8479345,53,25
2016020525,98,even-strength,70,15,FALSE,FALSE,TRUE,TRUE,FALSE,FALSE,0.06300612691222315,8476356,53,25
2016020525,209,power-play,67,-1,FALSE,FALSE,TRUE,FALSE,FALSE,FALSE,0,8475171,53,25
2016020525,211,power-play,79,-7,FALSE,FALSE,TRUE,TRUE,TRUE,FALSE,0.09117915189094453,8473465,53,25
2016020525,217,even-strength,38,-29,FALSE,FALSE,TRUE,FALSE,FALSE,FALSE,0,8474568,53,25
2016020525,248,even-strength,81,-7,FALSE,FALSE,TRUE,TRUE,TRUE,FALSE,0.084963885880805,8471691,53,25
2016020525,252,even-strength,38,-10,FALSE,FALSE,TRUE,TRUE,FALSE,FALSE,0.02484058494027612,8476473,53,25
2016020525,254,power-play,38,-1,FALSE,FALSE,TRUE,TRUE,FALSE,FALSE,0.03466019867756668,8475171,53,25
2016020525,255,power-play,52,-23,FALSE,FALSE,TRUE,TRUE,FALSE,FALSE,0.04002602831884644,8475180,53,25
2016020525,258,power-play,59,-34,FALSE,FALSE,TRUE,TRUE,TRUE,FALSE,0.04830091463329718,8468085,53,25
2016020525,259,power-play,79,-5,FALSE,TRUE,TRUE,TRUE,TRUE,FALSE,0.24339354632762927,8473465,53,25
2016020525,260,power-play,45,17,FALSE,FALSE,TRUE,TRUE,TRUE,FALSE,0.04067557224008361,8477950,53,25
2016020525,264,even-strength,79,1,FALSE,FALSE,TRUE,TRUE,TRUE,FALSE,0.16553950542747095,8476356,53,25
2016020525,265,even-strength,81,1,FALSE,TRUE,TRUE,TRUE,TRUE,FALSE,0.3131994768385732,8476356,53,25
2016020525,266,even-strength,82,-5,FALSE,TRUE,TRUE,TRUE,TRUE,FALSE,0.2437938475034629,8477407,53,25
2016020525,267,even-strength,82,-5,FALSE,TRUE,TRUE,TRUE,TRUE,FALSE,0.24636947004136528,8477407,53,25
2016020525,268,even-strength,83,-5,FALSE,TRUE,TRUE,TRUE,TRUE,TRUE,0.24063182570352867,8477407,53,25
2016020525,271,even-strength,63,15,FALSE,FALSE,TRUE,TRUE,TRUE,FALSE,0.03647028031571606,8479345,53,25
2016020525,275,even-strength,84,16,FALSE,FALSE,TRUE,TRUE,TRUE,FALSE,0.05011390859951017,8478474,53,25
2016020525,281,even-strength,-5,-32,FALSE,FALSE,TRUE,TRUE,TRUE,FALSE,0.00143170992192213,8476473,53,25
2016020525,287,even-strength,54,35,FALSE,FALSE,TRUE,TRUE,TRUE,FALSE,0.0165827671536823,8479345,53,25
2016020525,293,even-strength,81,-5,FALSE,TRUE,TRUE,TRUE,TRUE,FALSE,0.21102341755429588,8471691,53,25
2016020525,295,even-strength,81,-3,FALSE,TRUE,TRUE,TRUE,TRUE,FALSE,0.32629910441671367,8477407,53,25
2016020525,297,even-strength,59,-10,FALSE,FALSE,TRUE,FALSE,FALSE,FALSE,0,8476356,53,25
2016020525,451,even-strength,61,3,FALSE,FALSE,TRUE,TRUE,TRUE,FALSE,0.05963584653071858,8473465,53,25
2016020525,453,even-strength,79,9,TRUE,FALSE,TRUE,FALSE,FALSE,FALSE,0,8468085,53,25
2016020525,464,even-strength,62,-27,FALSE,FALSE,TRUE,TRUE,TRUE,FALSE,0.03113630278542471,8473465,53,25
2016020525,466,even-strength,80,22,FALSE,FALSE,TRUE,TRUE,TRUE,FALSE,0.03452611957833636,8477943,53,25
2016020525,467,even-strength,83,14,FALSE,FALSE,TRUE,TRUE,TRUE,FALSE,0.04270375064310555,8477989,53,25
2016020525,470,even-strength,39,3,FALSE,FALSE,TRUE,TRUE,FALSE,FALSE,0.02043808843026558,8475171,53,25
2016020525,478,penalty-kill,53,-14,FALSE,FALSE,TRUE,FALSE,FALSE,FALSE,0,8471691,53,25
2016020525,483,even-strength,80,2,FALSE,FALSE,TRUE,TRUE,TRUE,FALSE,0.11586603434261182,8462038,53,25
2016020525,485,power-play,39,7,FALSE,FALSE,TRUE,TRUE,TRUE,FALSE,0.03187155477858366,8477950,53,25
2016020525,486,power-play,44,0,FALSE,FALSE,TRUE,TRUE,TRUE,FALSE,0.03581874726697882,8477950,53,25
2016020525,488,power-play,80,2,FALSE,FALSE,TRUE,TRUE,TRUE,FALSE,0.12212518182535805,8477407,53,25
2016020525,490,even-strength,54,12,FALSE,FALSE,TRUE,FALSE,FALSE,FALSE,0,8474628,53,25
2016020525,495,even-strength,4,-37,FALSE,FALSE,TRUE,TRUE,TRUE,FALSE,0.00187155157272412,8474568,53,25
2016020525,651,even-strength,52,33,FALSE,FALSE,TRUE,TRUE,TRUE,FALSE,0.0197504169817042,8476356,53,25
2016020525,660,even-strength,62,-37,FALSE,FALSE,TRUE,TRUE,TRUE,FALSE,0.01497929302009683,8477950,53,25
2016020525,661,even-strength,72,12,FALSE,FALSE,TRUE,FALSE,FALSE,FALSE,0,8471274,53,25
2016020525,664,even-strength,64,17,FALSE,FALSE,TRUE,FALSE,FALSE,FALSE,0,8462038,53,25
2016020525,666,even-strength,38,-11,FALSE,FALSE,TRUE,TRUE,TRUE,FALSE,0.01990558484056588,8477943,53,25
2016020525,668,even-strength,59,36,FALSE,FALSE,TRUE,TRUE,TRUE,FALSE,0.01546866274035275,8475180,53,25
2016020525,677,even-strength,38,-26,FALSE,FALSE,TRUE,FALSE,FALSE,FALSE,0,8477407,53,25
2016020525,678,even-strength,47,34,FALSE,FALSE,TRUE,TRUE,FALSE,FALSE,0.03630167359724617,8473465,53,25
2016020525,681,even-strength,57,-36,FALSE,FALSE,TRUE,TRUE,TRUE,FALSE,0.03633707082997652,8468085,53,25
2016020525,682,even-strength,78,-1,FALSE,TRUE,TRUE,TRUE,TRUE,FALSE,0.24830975018129375,8477943,53,25
2016020525,683,even-strength,79,5,FALSE,FALSE,TRUE,TRUE,TRUE,TRUE,0.34410317868460505,8468085,53,25
2016020525,685,even-strength,-20,-1,FALSE,FALSE,TRUE,FALSE,FALSE,FALSE,0,8475171,53,25
2016020540,66,even-strength,76,-18,FALSE,FALSE,TRUE,FALSE,FALSE,FALSE,0,8477492,21,25
2016020540,74,power-play,60,15,FALSE,FALSE,TRUE,TRUE,FALSE,FALSE,0.08068504988738462,8478420,21,25
2016020540,76,even-strength,75,9,FALSE,FALSE,TRUE,TRUE,TRUE,FALSE,0.06717408475654738,8470750,21,25
2016020540,77,even-strength,73,16,FALSE,FALSE,TRUE,FALSE,FALSE,FALSE,0,8478420,21,25
2016020540,79,even-strength,40,25,FALSE,FALSE,TRUE,TRUE,TRUE,FALSE,0.01276246376974897,8467400,21,25
2016020540,89,even-strength,79,-3,FALSE,FALSE,TRUE,TRUE,TRUE,FALSE,0.12054123208045615,8475168,21,25
2016020540,92,even-strength,81,4,FALSE,FALSE,TRUE,TRUE,TRUE,FALSE,0.1303945428851807,8475168,21,25
2016020540,93,even-strength,81,3,FALSE,TRUE,TRUE,TRUE,TRUE,TRUE,0.22025621073758497,8475168,21,25
2016020540,202,even-strength,59,12,FALSE,FALSE,TRUE,TRUE,TRUE,FALSE,0.05260180276750669,8471262,21,25
2016020540,211,even-strength,71,21,FALSE,FALSE,TRUE,TRUE,TRUE,FALSE,0.03352007101844809,8476455,21,25
2016020540,213,even-strength,41,34,FALSE,FALSE,TRUE,TRUE,FALSE,FALSE,0.01088441195913195,8467400,21,25
2016020540,214,even-strength,81,7,FALSE,FALSE,TRUE,FALSE,FALSE,FALSE,0,8475168,21,25
2016020540,215,even-strength,63,36,FALSE,FALSE,TRUE,FALSE,FALSE,FALSE,0,8471504,21,25
2016020540,220,even-strength,70,9,FALSE,FALSE,TRUE,TRUE,FALSE,FALSE,0.06534010069999643,8471504,21,25
2016020540,233,power-play,70,5,FALSE,FALSE,TRUE,TRUE,FALSE,FALSE,0.1397672028400739,8478420,21,25
2016020540,234,power-play,64,-14,FALSE,FALSE,TRUE,TRUE,FALSE,FALSE,0.08127246969407859,8477492,21,25
2016020540,235,power-play,52,-1,FALSE,FALSE,TRUE,TRUE,FALSE,FALSE,0.07428491086296736,8477507,21,25
2016020540,236,power-play,72,-3,FALSE,FALSE,TRUE,TRUE,FALSE,FALSE,0.09584762242637154,8478420,21,25
2016020540,240,even-strength,70,-4,FALSE,FALSE,TRUE,TRUE,FALSE,FALSE,0.08675786382161196,8476888,21,25
2016020540,241,even-strength,74,33,FALSE,FALSE,TRUE,TRUE,TRUE,FALSE,0.02053158892306943,8478561,21,25
2016020540,244,even-strength,37,-12,FALSE,FALSE,TRUE,TRUE,TRUE,FALSE,0.02014709370633351,8475197,21,25
2016020540,246,even-strength,72,-12,FALSE,FALSE,TRUE,TRUE,TRUE,FALSE,0.05648654840725735,8478561,21,25
2016020540,248,even-strength,17,-21,FALSE,FALSE,TRUE,TRUE,FALSE,FALSE,0.00636488044559108,8475197,21,25
2016020540,250,even-strength,37,-30,FALSE,FALSE,TRUE,TRUE,FALSE,FALSE,0.00822221364363298,8474605,21,25
2016020540,401,even-strength,84,-20,FALSE,FALSE,TRUE,TRUE,TRUE,FALSE,0.02921428709863173,8474605,21,25
2016020540,403,power-play,71,-3,FALSE,FALSE,TRUE,TRUE,FALSE,FALSE,0.09789287555320043,8476455,21,25
2016020540,404,power-play,79,4,FALSE,FALSE,TRUE,TRUE,FALSE,FALSE,0.11730753510275628,8471262,21,25
2016020540,405,even-strength,74,-10,FALSE,FALSE,TRUE,FALSE,FALSE,FALSE,0,8474605,21,25
2016020540,415,even-strength,87,28,FALSE,FALSE,TRUE,TRUE,TRUE,FALSE,0.02136979618741447,8467400,21,25
2016020540,416,even-strength,84,13,FALSE,FALSE,TRUE,TRUE,TRUE,FALSE,0.04209678733215681,8471262,21,25
2016020540,417,even-strength,81,26,FALSE,FALSE,TRUE,TRUE,FALSE,FALSE,0.02605850664528029,8475168,21,25
2016020540,418,even-strength,87,-26,FALSE,FALSE,TRUE,TRUE,FALSE,FALSE,0.02420456141557588,8477492,21,25
2016020540,423,even-strength,75,-7,FALSE,FALSE,TRUE,FALSE,FALSE,FALSE,0,8475197,21,25
2016020540,436,even-strength,65,3,TRUE,FALSE,TRUE,FALSE,FALSE,FALSE,0,8476888,21,25
2016020540,437,even-strength,42,-28,TRUE,FALSE,TRUE,TRUE,TRUE,FALSE,0.05349478302085651,8475197,21,25
2016020554,259,even-strength,60,-16,FALSE,FALSE,TRUE,FALSE,FALSE,FALSE,0,8475191,13,25
2016020554,260,even-strength,48,22,FALSE,FALSE,TRUE,TRUE,TRUE,FALSE,0.01901474892875721,8471735,13,25
2016020554,263,even-strength,43,20,FALSE,FALSE,TRUE,TRUE,TRUE,FALSE,0.0213170254850309,8471735,13,25
2016020554,270,even-strength,39,-25,TRUE,FALSE,TRUE,TRUE,FALSE,FALSE,0.02072862362150817,8477932,13,25
2016020554,271,even-strength,58,14,FALSE,FALSE,TRUE,TRUE,TRUE,FALSE,0.05531525639829002,8476539,13,25
2016020554,281,even-strength,72,-13,FALSE,FALSE,TRUE,FALSE,FALSE,FALSE,0,8475760,13,25
2016020554,285,even-strength,40,-21,FALSE,FALSE,TRUE,TRUE,TRUE,FALSE,0.02534803913519289,8477932,13,25
2016020554,287,even-strength,71,-11,FALSE,FALSE,TRUE,TRUE,FALSE,FALSE,0.04408985970810553,8476539,13,25
2016020554,289,even-strength,80,-8,FALSE,FALSE,TRUE,TRUE,TRUE,FALSE,0.08323423035090405,8475735,13,25
2016020554,292,even-strength,-63,16,FALSE,FALSE,TRUE,TRUE,FALSE,FALSE,1.8304563907349012e-4,8471735,13,25
2016020554,293,even-strength,50,-11,FALSE,FALSE,TRUE,TRUE,TRUE,FALSE,0.04017874078617957,8471735,13,25
2016020554,294,even-strength,81,-8,FALSE,FALSE,TRUE,FALSE,FALSE,FALSE,0,8475760,13,25
2016020554,295,even-strength,67,8,TRUE,FALSE,TRUE,FALSE,FALSE,FALSE,0,8475760,13,25
2016020554,405,even-strength,42,27,FALSE,FALSE,TRUE,TRUE,TRUE,FALSE,0.01868440628998177,8471693,13,25
2016020554,410,even-strength,78,0,FALSE,FALSE,TRUE,TRUE,TRUE,FALSE,0.159881897083307,8465978,13,25
2016020554,431,even-strength,20,-30,FALSE,FALSE,TRUE,TRUE,TRUE,FALSE,0.00687982691050879,8478843,13,25
2016020554,433,even-strength,75,-18,FALSE,FALSE,TRUE,TRUE,TRUE,FALSE,0.06595219632023812,8476389,13,25
2016020554,438,even-strength,69,-15,FALSE,FALSE,TRUE,TRUE,TRUE,FALSE,0.04445869231681157,8469638,13,25
2016020554,439,even-strength,36,-24,FALSE,FALSE,TRUE,TRUE,FALSE,FALSE,0.01309535697582912,8474218,13,25
2016020554,446,even-strength,43,9,TRUE,FALSE,TRUE,TRUE,TRUE,FALSE,0.04284925474773134,8477932,13,25
2016020554,606,even-strength,73,18,FALSE,FALSE,TRUE,TRUE,TRUE,FALSE,0.04713065089518092,8475760,13,25
2016020554,613,even-strength,60,12,FALSE,FALSE,TRUE,TRUE,TRUE,FALSE,0.06693352793140424,8475191,13,25
2016020554,614,even-strength,37,27,FALSE,FALSE,TRUE,TRUE,TRUE,FALSE,0.0119567757511958,8471735,13,25
2016020554,616,even-strength,36,-15,FALSE,FALSE,TRUE,TRUE,TRUE,FALSE,0.01852344588044325,8476495,13,25
2016020554,618,even-strength,45,-25,FALSE,FALSE,TRUE,TRUE,TRUE,FALSE,0.02504606057020901,8469638,13,25
2016020554,627,even-strength,76,0,FALSE,FALSE,TRUE,TRUE,FALSE,FALSE,0.1515539693873356,8475760,13,25
2016020554,638,even-strength,8,-7,FALSE,FALSE,TRUE,TRUE,TRUE,FALSE,0.00452518762404579,8476389,13,25
2016020554,639,even-strength,70,14,FALSE,FALSE,TRUE,FALSE,FALSE,FALSE,0,8448208,13,25
2016020574,59,even-strength,84,6,FALSE,FALSE,TRUE,TRUE,TRUE,FALSE,0.04270900889211566,8476479,8,25
2016020574,61,even-strength,87,-28,FALSE,FALSE,TRUE,TRUE,TRUE,FALSE,0.02312468839910276,8474157,8,25
2016020574,62,even-strength,84,-21,FALSE,FALSE,TRUE,TRUE,TRUE,FALSE,0.04484477552216875,8475848,8,25
2016020574,65,even-strength,83,4,FALSE,FALSE,TRUE,FALSE,FALSE,FALSE,0,8474717,8,25
2016020574,69,even-strength,78,-17,FALSE,FALSE,TRUE,FALSE,FALSE,FALSE,0,8473507,8,25
2016020574,70,even-strength,78,-8,FALSE,FALSE,TRUE,FALSE,FALSE,FALSE,0,8474157,8,25
2016020574,71,even-strength,76,4,FALSE,FALSE,TRUE,FALSE,FALSE,FALSE,0,8473507,8,25
2016020574,72,even-strength,49,-24,FALSE,TRUE,TRUE,TRUE,TRUE,FALSE,0.06841551358288342,8476479,8,25
2016020574,73,even-strength,75,7,FALSE,TRUE,TRUE,FALSE,FALSE,FALSE,0,8476479,8,25
2016020574,74,even-strength,80,-6,FALSE,FALSE,TRUE,TRUE,TRUE,FALSE,0.08114933053358132,8475848,8,25
2016020574,76,even-strength,83,-6,FALSE,FALSE,TRUE,FALSE,FALSE,FALSE,0,8470642,8,25
2016020574,82,even-strength,80,-2,FALSE,FALSE,TRUE,TRUE,TRUE,FALSE,0.14616490615821573,8475848,8,25
2016020574,84,even-strength,39,35,FALSE,FALSE,TRUE,TRUE,TRUE,FALSE,0.0120228349719845,8477476,8,25
2016020574,85,even-strength,71,-12,FALSE,FALSE,TRUE,TRUE,FALSE,FALSE,0.06040891920089737,8471228,8,25
2016020574,87,even-strength,58,-1,FALSE,FALSE,TRUE,FALSE,FALSE,FALSE,0,8474157,8,25
2016020574,88,even-strength,64,20,FALSE,FALSE,TRUE,TRUE,TRUE,TRUE,0.05360824336530302,8476470,8,25
2016020574,89,even-strength,78,-8,FALSE,FALSE,TRUE,FALSE,FALSE,FALSE,0,8476808,8,25
2016020574,90,even-strength,72,-18,FALSE,TRUE,TRUE,FALSE,FALSE,FALSE,0,8469521,8,25
2016020574,97,even-strength,79,-28,FALSE,FALSE,TRUE,FALSE,FALSE,FALSE,0,8478963,8,25
2016020574,100,even-strength,42,-26,TRUE,FALSE,TRUE,TRUE,TRUE,FALSE,0.01937801778361777,8476769,8,25
2016020574,203,even-strength,84,7,FALSE,FALSE,TRUE,TRUE,TRUE,FALSE,0.0585372860088033,8475848,8,25
2016020574,211,even-strength,66,33,FALSE,FALSE,TRUE,FALSE,FALSE,FALSE,0,8474717,8,25
2016020574,213,even-strength,55,39,FALSE,FALSE,TRUE,TRUE,TRUE,FALSE,0.01069746857443219,8471296,8,25
2016020574,214,even-strength,66,-27,FALSE,FALSE,TRUE,TRUE,TRUE,FALSE,0.02774710280906681,8475848,8,25
2016020574,217,even-strength,72,-10,FALSE,FALSE,TRUE,FALSE,FALSE,FALSE,0,8471228,8,25
2016020574,218,even-strength,40,1,FALSE,FALSE,TRUE,TRUE,FALSE,FALSE,0.02925632897673141,8471228,8,25
2016020574,220,even-strength,60,0,FALSE,FALSE,TRUE,TRUE,TRUE,FALSE,0.09376607662656825,8474157,8,25
2016020574,221,even-strength,85,27,FALSE,TRUE,TRUE,TRUE,TRUE,FALSE,0.07583566709267912,8474717,8,25
2016020574,224,even-strength,60,14,FALSE,FALSE,TRUE,FALSE,FALSE,FALSE,0,8471296,8,25
2016020574,226,even-strength,38,37,FALSE,FALSE,TRUE,TRUE,FALSE,FALSE,0.0073841654999219,8476470,8,25
2016020574,232,power-play,38,25,FALSE,FALSE,TRUE,TRUE,FALSE,FALSE,0.03341207104822102,8476470,8,25
2016020574,236,even-strength,78,-3,FALSE,FALSE,TRUE,TRUE,TRUE,FALSE,0.0832946574573491,8477476,8,25
2016020574,237,even-strength,84,1,FALSE,FALSE,TRUE,FALSE,FALSE,FALSE,0,8477476,8,25
2016020574,238,even-strength,71,-9,FALSE,TRUE,TRUE,FALSE,FALSE,FALSE,0,8469521,8,25
2016020574,239,even-strength,69,-14,FALSE,TRUE,TRUE,TRUE,TRUE,FALSE,0.13516531388777112,8469521,8,25
2016020574,411,even-strength,80,-7,FALSE,FALSE,TRUE,TRUE,TRUE,FALSE,0.1031526065208852,8476769,8,25
2016020574,416,even-strength,59,29,FALSE,FALSE,TRUE,TRUE,TRUE,FALSE,0.02032439289709762,8477901,8,25
2016020574,423,even-strength,81,-4,FALSE,FALSE,TRUE,TRUE,FALSE,FALSE,0.09562990483348673,8471338,8,25
2016020574,430,even-strength,67,14,FALSE,FALSE,TRUE,TRUE,FALSE,FALSE,0.07935700913442623,8477901,8,25
2016020574,433,even-strength,90,25,FALSE,FALSE,TRUE,TRUE,FALSE,FALSE,0.13398284058438634,8477901,8,25
2016020574,435,even-strength,72,17,FALSE,FALSE,TRUE,TRUE,FALSE,FALSE,0.03769351002318811,8476479,8,25
2016020574,436,even-strength,57,-21,FALSE,FALSE,TRUE,TRUE,FALSE,FALSE,0.02852737488483165,8470642,8,25
2016020574,437,even-strength,64,-35,FALSE,FALSE,TRUE,TRUE,TRUE,FALSE,0.02081372534810001,8475848,8,25
2016020574,439,even-strength,77,2,FALSE,FALSE,TRUE,TRUE,FALSE,FALSE,0.10211402258806526,8476808,8,25
2016020574,443,even-strength,81,1,FALSE,FALSE,TRUE,TRUE,TRUE,FALSE,0.15623507023056638,8471228,8,25
2016020574,444,even-strength,81,-1,FALSE,TRUE,TRUE,TRUE,TRUE,FALSE,0.35588035751494795,8471228,8,25
2016020574,448,even-strength,80,1,FALSE,FALSE,TRUE,TRUE,TRUE,FALSE,0.12533636158643993,8474157,8,25
2016020574,603,even-strength,51,-31,FALSE,FALSE,TRUE,TRUE,TRUE,FALSE,0.01927017684433286,8471228,8,25
2016020574,605,power-play,63,-33,FALSE,FALSE,TRUE,TRUE,TRUE,FALSE,0.03448011737608046,8476470,8,25
2016020574,607,power-play,81,-4,FALSE,FALSE,TRUE,TRUE,TRUE,TRUE,0.10746969729072615,8471228,8,25
2016020574,609,power-play,77,-18,FALSE,FALSE,TRUE,TRUE,TRUE,FALSE,0.095522955090717,8474157,8,25
2016020574,610,power-play,60,-33,FALSE,FALSE,TRUE,TRUE,FALSE,FALSE,0.03216635654387731,8474157,8,25
2016020574,612,power-play,69,-19,FALSE,FALSE,TRUE,TRUE,TRUE,TRUE,0.08736111869679648,8474157,8,25
2016020574,613,even-strength,46,2,FALSE,FALSE,TRUE,TRUE,TRUE,FALSE,0.03542021694988566,8477901,8,25
2016020574,615,even-strength,83,-16,FALSE,FALSE,TRUE,TRUE,TRUE,FALSE,0.0437187428299666,8476479,8,25
2016020574,624,even-strength,85,11,FALSE,FALSE,TRUE,TRUE,TRUE,FALSE,0.09629441374732713,8477476,8,25
2016020574,636,even-strength,49,-29,TRUE,FALSE,TRUE,FALSE,FALSE,FALSE,0,8471338,8,25
2016020574,637,even-strength,76,-20,FALSE,FALSE,TRUE,FALSE,FALSE,FALSE,0,8471338,8,25
2016020574,642,even-strength,76,28,FALSE,FALSE,TRUE,TRUE,TRUE,FALSE,0.0220889959885613,8471296,8,25
2016020574,644,even-strength,70,-17,FALSE,FALSE,TRUE,TRUE,TRUE,FALSE,0.03939509907750637,8471228,8,25
2016020574,804,even-strength,79,-3,FALSE,FALSE,TRUE,TRUE,FALSE,FALSE,0.11820545309014777,8477901,8,25
2016020574,814,even-strength,73,-1,TRUE,FALSE,TRUE,TRUE,TRUE,TRUE,0.14644924851188568,8474157,8,25
2016020599,57,even-strength,66,26,FALSE,FALSE,TRUE,TRUE,TRUE,FALSE,0.0308583419296336,8474102,19,25
2016020599,59,even-strength,70,-14,FALSE,FALSE,TRUE,FALSE,FALSE,FALSE,0,8476892,19,25
2016020599,65,even-strength,40,-11,FALSE,FALSE,TRUE,TRUE,FALSE,FALSE,0.03442624333453812,8474102,19,25
2016020599,66,even-strength,45,25,FALSE,TRUE,TRUE,TRUE,TRUE,FALSE,0.05807278359491256,8476441,19,25
2016020599,68,even-strength,66,13,FALSE,FALSE,TRUE,FALSE,FALSE,FALSE,0,8470151,19,25
2016020599,71,even-strength,71,-5,FALSE,FALSE,TRUE,TRUE,FALSE,FALSE,0.10103266687734386,8475765,19,25
2016020599,72,even-strength,42,-3,FALSE,FALSE,TRUE,TRUE,TRUE,FALSE,0.02049308670616825,8474031,19,25
2016020599,73,even-strength,79,-15,FALSE,FALSE,TRUE,FALSE,FALSE,FALSE,0,8475765,19,25
2016020599,74,even-strength,76,30,FALSE,FALSE,TRUE,TRUE,TRUE,FALSE,0.0327308797031862,8476779,19,25
2016020599,81,even-strength,75,-4,FALSE,FALSE,TRUE,TRUE,TRUE,TRUE,0.10812202890470524,8471669,19,25
2016020599,83,even-strength,87,-9,FALSE,FALSE,TRUE,TRUE,TRUE,FALSE,0.04212758032942342,8476855,19,25
2016020599,88,even-strength,46,-10,FALSE,FALSE,TRUE,TRUE,FALSE,FALSE,0.02936056117121327,8474565,19,25
2016020599,90,even-strength,73,-16,FALSE,FALSE,TRUE,FALSE,FALSE,FALSE,0,8475768,19,25
2016020599,94,even-strength,70,5,FALSE,FALSE,TRUE,FALSE,FALSE,FALSE,0,8477952,19,25
2016020599,97,even-strength,61,8,FALSE,FALSE,TRUE,TRUE,TRUE,FALSE,0.06285659643145138,8470151,19,25
2016020599,98,even-strength,52,-10,FALSE,FALSE,TRUE,FALSE,FALSE,FALSE,0,8474031,19,25
2016020599,251,even-strength,69,15,FALSE,FALSE,TRUE,TRUE,TRUE,FALSE,0.04828927129436546,8470105,19,25
2016020599,253,power-play,80,5,FALSE,FALSE,TRUE,TRUE,TRUE,FALSE,0.07325988000382758,8471669,19,25
2016020599,255,power-play,42,-17,FALSE,FALSE,TRUE,TRUE,TRUE,FALSE,0.04490157851730479,8470257,19,25
2016020599,256,power-play,60,1,TRUE,FALSE,TRUE,TRUE,TRUE,TRUE,0.13185030810744428,8475765,19,25
2016020599,258,even-strength,68,-4,FALSE,FALSE,TRUE,TRUE,TRUE,FALSE,0.1344097034764301,8474102,19,25
2016020599,260,even-strength,37,26,FALSE,FALSE,TRUE,TRUE,TRUE,FALSE,0.01173377709779238,8474031,19,25
2016020599,267,even-strength,75,7,FALSE,FALSE,TRUE,FALSE,FALSE,FALSE,0,8470105,19,25
2016020599,277,power-play,72,16,FALSE,FALSE,TRUE,TRUE,FALSE,FALSE,0.05499102671121613,8477952,19,25
2016020599,278,power-play,52,1,FALSE,FALSE,TRUE,FALSE,FALSE,FALSE,0,8474031,19,25
2016020599,283,power-play,60,-18,FALSE,FALSE,TRUE,TRUE,FALSE,FALSE,0.05576142549280221,8475765,19,25
2016020599,284,power-play,74,-1,FALSE,FALSE,TRUE,TRUE,TRUE,TRUE,0.12686981184375956,8471669,19,25
2016020612,7,even-strength,58,-5,FALSE,FALSE,TRUE,TRUE,FALSE,FALSE,0.03800587356186547,8473453,26,25
2016020612,22,even-strength,68,-10,FALSE,FALSE,TRUE,FALSE,FALSE,FALSE,0,8475188,26,25
2016020612,23,even-strength,32,24,FALSE,FALSE,TRUE,TRUE,FALSE,FALSE,0.01096835622305362,8474166,26,25
2016020612,31,even-strength,31,27,FALSE,FALSE,TRUE,TRUE,TRUE,FALSE,0.00938791853476233,8475762,26,25
2016020612,53,even-strength,50,-21,FALSE,FALSE,TRUE,TRUE,FALSE,FALSE,0.02323605909825216,8474166,26,25
2016020612,54,even-strength,42,17,FALSE,FALSE,TRUE,TRUE,FALSE,FALSE,0.0164427718709983,8474162,26,25
2016020612,57,even-strength,76,-7,FALSE,FALSE,TRUE,FALSE,FALSE,FALSE,0,8474563,26,25
2016020612,66,even-strength,40,24,FALSE,FALSE,TRUE,TRUE,TRUE,FALSE,0.01498145388017144,8475762,26,25
2016020612,68,even-strength,39,25,FALSE,FALSE,TRUE,TRUE,TRUE,FALSE,0.01312706180723299,8475762,26,25
2016020612,70,even-strength,51,26,FALSE,FALSE,TRUE,TRUE,TRUE,FALSE,0.01560505835399469,8474162,26,25
2016020612,71,even-strength,82,5,FALSE,FALSE,TRUE,TRUE,TRUE,FALSE,0.09430456383260136,8475160,26,25
2016020612,72,even-strength,83,-5,TRUE,TRUE,TRUE,TRUE,TRUE,FALSE,0.31507558852590617,8471682,26,25
2016020612,74,even-strength,79,-4,FALSE,FALSE,TRUE,FALSE,FALSE,FALSE,0,8470606,26,25
2016020612,77,even-strength,74,11,FALSE,FALSE,TRUE,TRUE,FALSE,FALSE,0.07549704107637138,8471685,26,25
2016020612,78,even-strength,32,-13,TRUE,TRUE,TRUE,FALSE,FALSE,FALSE,0,8475188,26,25
2016020612,88,even-strength,63,3,FALSE,FALSE,TRUE,TRUE,TRUE,FALSE,0.0664453218349841,8468483,26,25
2016020612,89,even-strength,47,-26,FALSE,FALSE,TRUE,TRUE,FALSE,FALSE,0.01550771918035812,8475325,26,25
2016020612,98,even-strength,67,-6,FALSE,FALSE,TRUE,FALSE,FALSE,FALSE,0,8474162,26,25
2016020612,226,even-strength,79,-21,FALSE,TRUE,TRUE,TRUE,FALSE,FALSE,0.10456239985968074,8473453,26,25
2016020612,241,even-strength,75,2,TRUE,FALSE,TRUE,FALSE,FALSE,FALSE,0,8476406,26,25
2016020612,244,even-strength,40,31,TRUE,FALSE,TRUE,TRUE,TRUE,FALSE,0.02323657739284568,8474162,26,25
2016020612,246,even-strength,64,2,TRUE,TRUE,TRUE,TRUE,FALSE,FALSE,0.2539798785688952,8468483,26,25
2016020612,317,even-strength,54,-18,TRUE,FALSE,TRUE,TRUE,TRUE,FALSE,0.05815242663059027,8476871,26,25
2016020612,320,even-strength,51,12,FALSE,FALSE,TRUE,TRUE,FALSE,FALSE,0.03354096236493616,8468483,26,25
2016020612,321,even-strength,39,28,FALSE,FALSE,TRUE,TRUE,FALSE,FALSE,0.0095396256127726,8474162,26,25
2016020612,322,even-strength,86,-25,TRUE,FALSE,TRUE,TRUE,TRUE,FALSE,0.05112521048156116,8474100,26,25
2016020612,323,even-strength,56,-23,FALSE,FALSE,TRUE,TRUE,FALSE,FALSE,0.03066521288860506,8474563,26,25
2016020612,324,even-strength,72,-4,FALSE,FALSE,TRUE,FALSE,FALSE,FALSE,0,8474100,26,25
2016020612,325,even-strength,66,-11,FALSE,FALSE,TRUE,FALSE,FALSE,FALSE,0,8470121,26,25
2016020612,326,even-strength,70,-7,FALSE,FALSE,TRUE,FALSE,FALSE,FALSE,0,8470121,26,25
2016020612,327,even-strength,40,16,FALSE,FALSE,TRUE,TRUE,TRUE,FALSE,0.02056084795051542,8475343,26,25
2016020612,329,even-strength,43,22,FALSE,FALSE,TRUE,FALSE,FALSE,FALSE,0,8474162,26,25
2016020612,331,even-strength,78,3,TRUE,FALSE,TRUE,TRUE,FALSE,FALSE,0.15066869592668705,8476871,26,25
2016020612,333,even-strength,79,5,FALSE,FALSE,TRUE,TRUE,FALSE,FALSE,0.10225345519970308,8470604,26,25
2016020612,337,even-strength,51,17,FALSE,FALSE,TRUE,TRUE,FALSE,FALSE,0.02370988922314869,8474563,26,25
2016020612,346,penalty-kill,51,-26,FALSE,FALSE,TRUE,TRUE,TRUE,TRUE,0.04802910267687542,8476406,26,25
2016020612,350,even-strength,57,0,FALSE,FALSE,TRUE,FALSE,FALSE,FALSE,0,8475160,26,25
2016020612,359,even-strength,77,-9,FALSE,FALSE,TRUE,FALSE,FALSE,FALSE,0,8470121,26,25
2016020612,360,even-strength,40,33,FALSE,TRUE,TRUE,TRUE,TRUE,FALSE,0.03352466983229366,8474162,26,25
2016020612,462,even-strength,82,-31,FALSE,FALSE,TRUE,TRUE,TRUE,FALSE,0.01936002662182137,8471682,26,25
2016020612,506,even-strength,72,-4,FALSE,FALSE,TRUE,TRUE,TRUE,FALSE,0.05632410745642285,8476406,26,25
2016020612,508,even-strength,41,3,FALSE,FALSE,TRUE,TRUE,TRUE,FALSE,0.03471242432356788,8475160,26,25
2016020612,509,even-strength,46,1,FALSE,FALSE,TRUE,FALSE,FALSE,FALSE,0,8475160,26,25
2016020612,511,even-strength,61,-11,FALSE,FALSE,TRUE,FALSE,FALSE,FALSE,0,8468483,26,25
2016020612,517,power-play,70,-5,FALSE,FALSE,TRUE,TRUE,FALSE,FALSE,0.10317023966940156,8470604,26,25
2016020612,518,power-play,68,-22,FALSE,FALSE,TRUE,TRUE,TRUE,TRUE,0.05221105485318719,8470606,26,25
2016020612,519,even-strength,37,-15,FALSE,FALSE,TRUE,TRUE,TRUE,FALSE,0.01748254848794025,8474563,26,25
2016020612,524,even-strength,66,1,FALSE,FALSE,TRUE,TRUE,TRUE,TRUE,0.06765278851705056,8471685,26,25
2016020612,525,even-strength,48,11,FALSE,FALSE,TRUE,TRUE,TRUE,FALSE,0.02565407499041602,8475188,26,25
2016020612,527,power-play,43,-18,FALSE,FALSE,TRUE,TRUE,TRUE,TRUE,0.03800797344515662,8474563,26,25
2016020648,67,even-strength,61,25,FALSE,FALSE,TRUE,TRUE,FALSE,FALSE,0.03308166849897632,8474618,30,25
2016020648,68,even-strength,80,10,FALSE,FALSE,TRUE,FALSE,FALSE,FALSE,0,8476463,30,25
2016020648,75,even-strength,60,-7,FALSE,FALSE,TRUE,FALSE,FALSE,FALSE,0,8476856,30,25
2016020648,80,even-strength,52,22,FALSE,FALSE,TRUE,TRUE,TRUE,FALSE,0.02499780115474354,8469506,30,25
2016020648,81,even-strength,43,-27,FALSE,FALSE,TRUE,TRUE,TRUE,FALSE,0.02037401427187565,8474716,30,25
2016020648,82,even-strength,89,-34,FALSE,FALSE,TRUE,TRUE,TRUE,FALSE,0.0744284706695331,8469459,30,25
2016020648,83,even-strength,51,20,FALSE,FALSE,TRUE,TRUE,TRUE,FALSE,0.03387397172183697,8474618,30,25
2016020648,85,even-strength,43,30,FALSE,FALSE,TRUE,TRUE,TRUE,FALSE,0.02229689125201988,8470600,30,25
2016020648,89,even-strength,84,-5,FALSE,FALSE,TRUE,TRUE,TRUE,TRUE,0.10252550939386317,8473485,30,25
2016020648,90,even-strength,71,-21,FALSE,FALSE,TRUE,TRUE,FALSE,FALSE,0.03543018025323023,8469506,30,25
2016020648,92,even-strength,75,6,FALSE,FALSE,TRUE,FALSE,FALSE,FALSE,0,8475798,30,25
2016020648,93,even-strength,53,7,FALSE,FALSE,TRUE,TRUE,TRUE,FALSE,0.04175009106876865,8475722,30,25
2016020648,95,even-strength,55,-12,FALSE,FALSE,TRUE,FALSE,FALSE,FALSE,0,8476856,30,25
2016020648,306,penalty-kill,65,21,FALSE,FALSE,TRUE,TRUE,TRUE,FALSE,0.07046965783668949,8470610,30,25
2016020648,318,even-strength,75,3,FALSE,FALSE,TRUE,FALSE,FALSE,FALSE,0,8476463,30,25
2016020648,324,even-strength,80,4,FALSE,FALSE,TRUE,FALSE,FALSE,FALSE,0,8476344,30,25
2016020648,325,even-strength,79,6,FALSE,TRUE,TRUE,TRUE,TRUE,FALSE,0.23571542967300507,8475799,30,25
2016020648,326,even-strength,81,2,FALSE,FALSE,TRUE,TRUE,TRUE,FALSE,0.18081431883563184,8469506,30,25
2016020648,327,even-strength,78,5,FALSE,FALSE,TRUE,FALSE,FALSE,FALSE,0,8469459,30,25
2016020648,328,even-strength,83,19,FALSE,FALSE,TRUE,TRUE,TRUE,FALSE,0.03172794092008799,8476344,30,25
2016020648,333,even-strength,69,-10,FALSE,FALSE,TRUE,FALSE,FALSE,FALSE,0,8474716,30,25
2016020648,335,even-strength,43,-36,FALSE,FALSE,TRUE,TRUE,TRUE,FALSE,0.02017965656881582,8477850,30,25
2016020648,340,even-strength,66,-5,FALSE,FALSE,TRUE,TRUE,TRUE,FALSE,0.09643004642812111,8476344,30,25
2016020648,341,even-strength,78,3,FALSE,TRUE,TRUE,TRUE,TRUE,FALSE,0.29871449519075516,8473485,30,25
2016020648,343,even-strength,71,-13,FALSE,FALSE,TRUE,TRUE,TRUE,FALSE,0.05545682663663804,8470600,30,25
2016020648,345,even-strength,40,9,FALSE,FALSE,TRUE,FALSE,FALSE,FALSE,0,8474618,30,25
2016020648,346,even-strength,64,20,FALSE,FALSE,TRUE,FALSE,FALSE,FALSE,0,8474618,30,25
2016020648,349,even-strength,72,15,FALSE,FALSE,TRUE,TRUE,TRUE,FALSE,0.05672240589951034,8476344,30,25
2016020648,502,power-play,47,-7,FALSE,FALSE,TRUE,TRUE,TRUE,FALSE,0.05573327966652957,8474716,30,25
2016020648,504,power-play,68,-13,FALSE,FALSE,TRUE,FALSE,FALSE,FALSE,0,8470595,30,25
2016020648,505,power-play,54,-4,FALSE,FALSE,TRUE,TRUE,TRUE,FALSE,0.06019660224614518,8470600,30,25
2016020648,507,power-play,77,3,FALSE,FALSE,TRUE,FALSE,FALSE,FALSE,0,8476856,30,25
2016020648,510,power-play,77,-2,FALSE,FALSE,TRUE,TRUE,FALSE,FALSE,0.14608075903943984,8475745,30,25
2016020648,514,even-strength,65,5,FALSE,FALSE,TRUE,TRUE,FALSE,FALSE,0.07818104524285906,8473485,30,25
2016020648,516,power-play,68,8,FALSE,FALSE,TRUE,FALSE,FALSE,FALSE,0,8476856,30,25
2016020648,517,power-play,63,-17,FALSE,FALSE,TRUE,TRUE,TRUE,FALSE,0.07606148633614133,8470595,30,25
2016020648,518,power-play,51,-10,FALSE,FALSE,TRUE,FALSE,FALSE,FALSE,0,8470600,30,25
2016020648,519,power-play,46,-11,FALSE,FALSE,TRUE,TRUE,TRUE,FALSE,0.04201741946259429,8476463,30,25
2016020648,520,even-strength,60,-5,FALSE,FALSE,TRUE,TRUE,FALSE,FALSE,0.06486892069828701,8469459,30,25
2016020648,521,even-strength,74,-3,FALSE,FALSE,TRUE,FALSE,FALSE,FALSE,0,8469459,30,25
2016020648,522,even-strength,72,5,FALSE,FALSE,TRUE,FALSE,FALSE,FALSE,0,8475798,30,25
2016020648,531,penalty-kill,69,0,FALSE,FALSE,TRUE,TRUE,TRUE,FALSE,0.1774065273376719,8470610,30,25
2016020648,533,even-strength,67,33,FALSE,FALSE,TRUE,TRUE,TRUE,FALSE,0.03056574673065547,8475722,30,25
2016020648,537,even-strength,45,-23,FALSE,FALSE,TRUE,TRUE,TRUE,FALSE,0.0183037906338814,8476856,30,25
2016020648,544,even-strength,61,-16,FALSE,FALSE,TRUE,TRUE,FALSE,FALSE,0.05184672556818812,8469506,30,25
2016020648,545,even-strength,37,-7,FALSE,FALSE,TRUE,TRUE,FALSE,FALSE,0.02226302197667259,8475287,30,25
2016020648,546,even-strength,67,-2,FALSE,FALSE,TRUE,TRUE,FALSE,FALSE,0.06128903336336631,8475799,30,25
2016020648,549,power-play,54,-23,FALSE,FALSE,TRUE,TRUE,FALSE,FALSE,0.04189210546119802,8476463,30,25
2016020648,550,power-play,65,-11,FALSE,FALSE,TRUE,TRUE,TRUE,FALSE,0.10027705156767416,8475798,30,25
2016020648,653,power-play,55,-12,FALSE,FALSE,TRUE,FALSE,FALSE,FALSE,0,8476463,30,25
2016020648,657,even-strength,31,30,FALSE,FALSE,TRUE,TRUE,TRUE,FALSE,0.00751246065249537,8470600,30,25
2016020648,659,even-strength,86,31,FALSE,FALSE,TRUE,TRUE,TRUE,FALSE,0.03466311005994111,8475798,30,25
2016020648,673,even-strength,82,0,FALSE,TRUE,TRUE,TRUE,TRUE,TRUE,0.4186517846445477,8475722,30,25
2016020648,676,even-strength,87,20,FALSE,FALSE,TRUE,TRUE,TRUE,FALSE,0.04134387342148165,8475798,30,25
2016020657,18,power-play,59,-1,FALSE,TRUE,TRUE,TRUE,TRUE,FALSE,0.23476964204845815,8470852,7,25
2016020657,25,power-play,34,3,FALSE,FALSE,TRUE,FALSE,FALSE,FALSE,0,8476931,7,25
2016020657,54,even-strength,66,-20,TRUE,FALSE,TRUE,TRUE,TRUE,TRUE,0.08296956569835379,8474589,7,25
2016020657,56,even-strength,53,-23,FALSE,FALSE,TRUE,TRUE,TRUE,FALSE,0.01892610912324342,8471742,7,25
2016020657,57,even-strength,70,-1,FALSE,FALSE,TRUE,TRUE,TRUE,FALSE,0.09346000763517072,8478403,7,25
2016020657,61,even-strength,68,35,FALSE,FALSE,TRUE,TRUE,FALSE,FALSE,0.0184324649186204,8475169,7,25
2016020657,67,even-strength,51,-12,FALSE,FALSE,TRUE,TRUE,TRUE,FALSE,0.03898543411615692,8478403,7,25
2016020657,68,even-strength,49,-31,FALSE,FALSE,TRUE,TRUE,TRUE,FALSE,0.01874719351548269,8477478,7,25
2016020657,69,even-strength,52,19,FALSE,FALSE,TRUE,FALSE,FALSE,FALSE,0,8474567,7,25
2016020657,71,even-strength,78,12,FALSE,FALSE,TRUE,FALSE,FALSE,FALSE,0,8474567,7,25
2016020657,73,even-strength,80,5,FALSE,FALSE,TRUE,TRUE,TRUE,FALSE,0.1466678530685842,8478403,7,25
2016020657,77,power-play,74,10,FALSE,FALSE,TRUE,FALSE,FALSE,FALSE,0,8478403,7,25
2016020657,78,power-play,73,12,FALSE,FALSE,TRUE,TRUE,FALSE,FALSE,0.07027954548430428,8475158,7,25
2016020657,79,power-play,54,-8,FALSE,FALSE,TRUE,FALSE,FALSE,FALSE,0,8477499,7,25
2016020657,81,power-play,79,-6,FALSE,TRUE,TRUE,TRUE,TRUE,FALSE,0.289394029538351,8475169,7,25
2016020657,82,power-play,81,1,FALSE,FALSE,TRUE,TRUE,FALSE,FALSE,0.1401468453565161,8470852,7,25
2016020657,83,even-strength,75,0,FALSE,FALSE,TRUE,FALSE,FALSE,FALSE,0,8475169,7,25
2016020657,87,even-strength,81,3,FALSE,FALSE,TRUE,TRUE,TRUE,FALSE,0.10317693235252616,8478403,7,25
2016020657,90,power-play,76,-4,FALSE,FALSE,TRUE,FALSE,FALSE,FALSE,0,8477499,7,25
2016020657,91,power-play,72,-17,FALSE,FALSE,TRUE,FALSE,FALSE,FALSE,0,8475158,7,25
2016020657,92,power-play,66,26,FALSE,FALSE,TRUE,TRUE,FALSE,FALSE,0.06593873628506403,8478403,7,25
2016020657,93,power-play,61,2,TRUE,FALSE,TRUE,TRUE,TRUE,TRUE,0.09786012360388412,8476931,7,25
2016020657,251,even-strength,77,-11,FALSE,FALSE,TRUE,TRUE,TRUE,FALSE,0.0545024510178486,8478403,7,25
2016020657,252,even-strength,34,-29,FALSE,FALSE,TRUE,TRUE,FALSE,FALSE,0.00985540092790697,8471742,7,25
2016020657,253,even-strength,78,19,FALSE,TRUE,TRUE,TRUE,FALSE,FALSE,0.1069169473961704,8477933,7,25
2016020657,260,even-strength,78,-5,FALSE,FALSE,TRUE,FALSE,FALSE,FALSE,0,8475158,7,25
2016020657,261,even-strength,78,0,TRUE,FALSE,TRUE,TRUE,TRUE,FALSE,0.2644779323728983,8475158,7,25
2016020657,262,even-strength,81,-1,FALSE,FALSE,TRUE,FALSE,FALSE,FALSE,0,8473449,7,25
2016020657,265,even-strength,79,-4,FALSE,FALSE,TRUE,TRUE,TRUE,FALSE,0.09443325541832936,8470852,7,25
2016020657,266,even-strength,77,4,FALSE,FALSE,TRUE,FALSE,FALSE,FALSE,0,8477478,7,25
2016020657,267,even-strength,46,-25,FALSE,FALSE,TRUE,FALSE,FALSE,FALSE,0,8475220,7,25
2016020657,277,even-strength,79,-3,FALSE,FALSE,TRUE,TRUE,TRUE,FALSE,0.1405017344586535,8477499,7,25
2016020657,281,even-strength,75,-5,FALSE,FALSE,TRUE,FALSE,FALSE,FALSE,0,8477499,7,25
2016020657,282,even-strength,44,-29,FALSE,FALSE,TRUE,FALSE,FALSE,FALSE,0,8475169,7,25
2016020657,293,power-play,67,-25,FALSE,FALSE,TRUE,TRUE,TRUE,FALSE,0.05049142075485716,8478403,7,25
2016020657,294,power-play,73,-16,FALSE,FALSE,TRUE,TRUE,TRUE,FALSE,0.0684166176288679,8478403,7,25
2016020657,295,power-play,46,-6,FALSE,TRUE,TRUE,TRUE,TRUE,FALSE,0.15972089246940432,8477499,7,25
2016020657,296,power-play,81,-2,FALSE,TRUE,TRUE,TRUE,TRUE,FALSE,0.3087161211251201,8477933,7,25
2016020657,297,power-play,85,7,FALSE,TRUE,TRUE,TRUE,TRUE,TRUE,0.29618063729959165,8478403,7,25
2016020657,298,power-play,82,-3,FALSE,TRUE,TRUE,TRUE,TRUE,FALSE,0.34050469853188,8477933,7,25
2016020657,456,even-strength,80,-3,FALSE,FALSE,TRUE,TRUE,FALSE,FALSE,0.16805420726265363,8475220,7,25
2016020657,458,even-strength,73,9,FALSE,FALSE,TRUE,FALSE,FALSE,FALSE,0,8474567,7,25
2016020657,475,even-strength,73,-3,FALSE,FALSE,TRUE,TRUE,TRUE,FALSE,0.08424101610995836,8478403,7,25
2016020657,481,even-strength,57,5,TRUE,FALSE,TRUE,TRUE,FALSE,FALSE,0.11606820748395288,8473449,7,25
2016020657,486,even-strength,87,-9,FALSE,FALSE,TRUE,TRUE,TRUE,FALSE,0.05086569918790697,8473449,7,25
2016020657,492,even-strength,33,-24,FALSE,FALSE,TRUE,TRUE,TRUE,FALSE,0.02505575676048114,8477499,7,25
2016020657,493,even-strength,60,27,FALSE,FALSE,TRUE,TRUE,TRUE,FALSE,0.02480415081881815,8474589,7,25
2016020657,499,even-strength,76,20,FALSE,FALSE,TRUE,TRUE,TRUE,FALSE,0.04807526463729766,8475220,7,25
2016020657,510,even-strength,76,-5,FALSE,FALSE,TRUE,TRUE,TRUE,FALSE,0.10788859393551203,8477933,7,25
2016020657,511,even-strength,80,-3,FALSE,FALSE,TRUE,TRUE,TRUE,FALSE,0.11471895597584338,8475158,7,25
2016020657,513,even-strength,42,-37,FALSE,FALSE,TRUE,TRUE,TRUE,FALSE,0.01002795146307572,8473449,7,25
2016020657,515,even-strength,32,-20,FALSE,FALSE,TRUE,TRUE,FALSE,FALSE,0.01619403287609033,8477499,7,25
2016020657,522,even-strength,60,-29,FALSE,FALSE,TRUE,FALSE,FALSE,FALSE,0,8475220,7,25
2016020657,523,even-strength,66,13,FALSE,TRUE,TRUE,TRUE,FALSE,FALSE,0.16633008232728927,8476931,7,25
2016020657,525,even-strength,79,4,FALSE,FALSE,TRUE,FALSE,FALSE,FALSE,0,8478403,7,25
2016020663,625,even-strength,48,-26,FALSE,FALSE,TRUE,TRUE,TRUE,FALSE,0.03128313490901789,8474207,3,25
2016020663,629,even-strength,77,-18,FALSE,FALSE,TRUE,TRUE,FALSE,FALSE,0.04939448906907877,8476459,3,25
2016020663,630,even-strength,34,-32,FALSE,FALSE,TRUE,TRUE,FALSE,FALSE,0.01100751769673314,8471958,3,25
2016020663,632,even-strength,78,38,FALSE,FALSE,TRUE,TRUE,TRUE,FALSE,0.02228447841866325,8475184,3,25
2016020663,634,even-strength,37,27,FALSE,FALSE,TRUE,TRUE,TRUE,FALSE,0.01397044151080094,8476431,3,25
2016020663,638,even-strength,37,2,FALSE,FALSE,TRUE,TRUE,TRUE,FALSE,0.02370954382610542,8474151,3,25
2016020663,639,even-strength,73,-7,FALSE,FALSE,TRUE,FALSE,FALSE,FALSE,0,8470630,3,25
2016020663,640,even-strength,48,-7,FALSE,FALSE,TRUE,TRUE,TRUE,FALSE,0.02762150789496109,8470630,3,25
2016020663,641,even-strength,73,-1,FALSE,FALSE,TRUE,FALSE,FALSE,FALSE,0,8474151,3,25
2016020663,642,even-strength,44,-24,FALSE,FALSE,TRUE,FALSE,FALSE,FALSE,0,8474151,3,25
2016020663,643,even-strength,45,9,FALSE,FALSE,TRUE,TRUE,TRUE,FALSE,0.03450652853514181,8470630,3,25
2016020663,644,even-strength,42,4,FALSE,FALSE,TRUE,TRUE,TRUE,FALSE,0.02621611107547866,8475763,3,25
2016020663,649,even-strength,75,0,FALSE,FALSE,TRUE,TRUE,FALSE,FALSE,0.15398140322834955,8473546,3,25
2016020663,802,even-strength,41,2,FALSE,FALSE,TRUE,TRUE,TRUE,FALSE,0.04236729091568592,8470041,3,25
2016020663,804,power-play,74,-18,FALSE,FALSE,TRUE,TRUE,TRUE,FALSE,0.04328249885959922,8475204,3,25
2016020663,805,power-play,79,-7,FALSE,TRUE,TRUE,TRUE,TRUE,FALSE,0.2003074310481866,8475692,3,25
2016020663,806,power-play,79,-1,FALSE,TRUE,TRUE,TRUE,TRUE,FALSE,0.2518598254666,8475692,3,25
2016020663,807,power-play,82,4,FALSE,TRUE,TRUE,TRUE,TRUE,FALSE,0.3177484415843827,8476459,3,25
2016020677,54,even-strength,54,-16,FALSE,FALSE,TRUE,FALSE,FALSE,FALSE,0,8469619,2,25
2016020677,55,even-strength,44,-27,FALSE,FALSE,TRUE,TRUE,FALSE,FALSE,0.02988141845802852,8475181,2,25
2016020677,56,even-strength,57,-14,FALSE,FALSE,TRUE,FALSE,FALSE,FALSE,0,8475181,2,25
2016020677,58,penalty-kill,73,-1,TRUE,FALSE,TRUE,TRUE,TRUE,FALSE,0.09900590878976488,8475166,2,25
2016020677,71,even-strength,36,25,FALSE,FALSE,TRUE,TRUE,TRUE,FALSE,0.01593834104520331,8475177,2,25
2016020677,72,even-strength,78,-4,FALSE,FALSE,TRUE,TRUE,TRUE,FALSE,0.1375429685932733,8476458,2,25
2016020677,73,even-strength,55,-16,FALSE,FALSE,TRUE,TRUE,FALSE,FALSE,0.02468057226900514,8476458,2,25
2016020677,74,even-strength,28,-14,FALSE,FALSE,TRUE,TRUE,TRUE,FALSE,0.00771960598702555,8475314,2,25
2016020677,76,even-strength,78,3,FALSE,TRUE,TRUE,FALSE,FALSE,FALSE,0,8475166,2,25
2016020677,79,even-strength,51,-22,FALSE,FALSE,TRUE,TRUE,TRUE,FALSE,0.0232869825107786,8469619,2,25
2016020677,80,even-strength,86,-25,FALSE,FALSE,TRUE,TRUE,FALSE,FALSE,0.0366618523840774,8475754,2,25
2016020677,83,even-strength,75,8,FALSE,FALSE,TRUE,FALSE,FALSE,FALSE,0,8476409,2,25
2016020677,85,power-play,58,23,FALSE,FALSE,TRUE,TRUE,TRUE,FALSE,0.04882119805041299,8474573,2,25
2016020677,86,power-play,81,-29,FALSE,FALSE,TRUE,TRUE,TRUE,FALSE,0.05262691169280391,8475166,2,25
2016020677,87,power-play,35,32,FALSE,FALSE,TRUE,TRUE,TRUE,FALSE,0.02092802426400701,8475181,2,25
2016020677,88,power-play,80,0,FALSE,FALSE,TRUE,TRUE,TRUE,FALSE,0.12246711254438589,8475314,2,25
2016020677,90,even-strength,61,-16,FALSE,FALSE,TRUE,FALSE,FALSE,FALSE,0,8476917,2,25
2016020677,93,even-strength,21,1,FALSE,FALSE,TRUE,TRUE,FALSE,FALSE,0.01482142954381089,8475177,2,25
2016020677,94,even-strength,79,0,TRUE,FALSE,TRUE,TRUE,TRUE,TRUE,0.21509537534823903,8475166,2,25
2016020677,99,even-strength,77,12,FALSE,FALSE,TRUE,TRUE,FALSE,FALSE,0.07606413778382959,8466251,2,25
2016020677,100,even-strength,83,-11,FALSE,FALSE,TRUE,FALSE,FALSE,FALSE,0,8476409,2,25
2016020677,202,power-play,49,-15,FALSE,FALSE,TRUE,FALSE,FALSE,FALSE,0,8476458,2,25
2016020677,210,power-play,57,-14,FALSE,FALSE,TRUE,TRUE,TRUE,FALSE,0.04392808002588633,8475181,2,25
2016020677,211,power-play,72,-7,FALSE,FALSE,TRUE,FALSE,FALSE,FALSE,0,8475166,2,25
2016020677,216,even-strength,73,0,FALSE,FALSE,TRUE,TRUE,TRUE,FALSE,0.11010994204296892,8475314,2,25
2016020677,219,even-strength,81,5,FALSE,FALSE,TRUE,TRUE,TRUE,FALSE,0.11589782819388166,8476386,2,25
2016020677,220,even-strength,45,-20,FALSE,FALSE,TRUE,TRUE,FALSE,FALSE,0.02119602000740802,8478463,2,25
2016020677,230,even-strength,83,7,FALSE,FALSE,TRUE,TRUE,TRUE,FALSE,0.11149885249411992,8474573,2,25
2016020677,232,even-strength,73,-4,FALSE,FALSE,TRUE,FALSE,FALSE,FALSE,0,8474066,2,25
2016020677,234,even-strength,72,-23,FALSE,FALSE,TRUE,TRUE,TRUE,FALSE,0.04067421130544102,8475231,2,25
2016020677,237,even-strength,75,-26,FALSE,FALSE,TRUE,FALSE,FALSE,FALSE,0,8466251,2,25
2016020677,240,power-play,38,-17,FALSE,FALSE,TRUE,TRUE,TRUE,FALSE,0.03856704886957948,8474573,2,25
2016020677,241,power-play,42,-12,FALSE,FALSE,TRUE,TRUE,FALSE,FALSE,0.04728069503401932,8474573,2,25
2016020677,242,power-play,39,0,FALSE,FALSE,TRUE,TRUE,TRUE,FALSE,0.04335313999444076,8475181,2,25
2016020677,243,power-play,81,-1,FALSE,TRUE,TRUE,TRUE,TRUE,FALSE,0.3120047367060857,8475314,2,25
2016020677,245,power-play,76,-3,FALSE,FALSE,TRUE,FALSE,FALSE,FALSE,0,8476386,2,25
2016020677,246,power-play,85,-6,FALSE,TRUE,TRUE,TRUE,TRUE,FALSE,0.21377492680376803,8475754,2,25
2016020677,551,power-play,83,0,FALSE,FALSE,TRUE,TRUE,TRUE,FALSE,0.10781082558133324,8475754,2,25
2016020677,553,even-strength,77,0,FALSE,FALSE,TRUE,TRUE,TRUE,FALSE,0.18146673296926716,8475166,2,25
2016020677,554,even-strength,67,2,FALSE,FALSE,TRUE,TRUE,TRUE,FALSE,0.06331792876115255,8475314,2,25
2016020677,558,power-play,79,10,FALSE,FALSE,TRUE,TRUE,TRUE,FALSE,0.08588724681871567,8474573,2,25
2016020677,561,power-play,83,15,FALSE,FALSE,TRUE,TRUE,TRUE,FALSE,0.07198651631519734,8475166,2,25
2016020677,562,power-play,81,1,FALSE,FALSE,TRUE,TRUE,TRUE,FALSE,0.09666364542761524,8476386,2,25
2016020677,563,power-play,78,-2,FALSE,TRUE,TRUE,TRUE,TRUE,FALSE,0.2840712199335599,8475754,2,25
2016020677,568,even-strength,70,0,FALSE,FALSE,TRUE,TRUE,TRUE,FALSE,0.12524072345070403,8476386,2,25
2016020677,576,even-strength,34,-27,FALSE,FALSE,TRUE,TRUE,TRUE,FALSE,0.02555962115741913,8469619,2,25
2016020677,577,even-strength,80,1,FALSE,FALSE,TRUE,FALSE,FALSE,FALSE,0,8475754,2,25
2016020677,578,power-play,61,-12,FALSE,FALSE,TRUE,TRUE,TRUE,FALSE,0.0739016794858647,8466251,2,25
2016020677,581,power-play,43,-1,FALSE,FALSE,TRUE,TRUE,TRUE,FALSE,0.04810507929425088,8474066,2,25
2016020677,583,power-play,35,22,FALSE,FALSE,TRUE,TRUE,TRUE,FALSE,0.02880945205279568,8474066,2,25
2016020677,584,power-play,80,-1,FALSE,FALSE,TRUE,TRUE,TRUE,FALSE,0.11888254436788807,8475754,2,25
2016020677,585,even-strength,36,-31,FALSE,FALSE,TRUE,TRUE,FALSE,FALSE,0.01668994242815946,8475166,2,25
2016020677,589,even-strength,69,-27,FALSE,FALSE,TRUE,TRUE,TRUE,FALSE,0.03147856574116142,8478463,2,25
2016020677,594,even-strength,76,-7,FALSE,FALSE,TRUE,FALSE,FALSE,FALSE,0,8466251,2,25
2016020677,606,even-strength,79,1,FALSE,TRUE,TRUE,TRUE,TRUE,FALSE,0.30822760160001483,8474573,2,25
2016020677,607,even-strength,81,3,FALSE,FALSE,TRUE,FALSE,FALSE,FALSE,0,8474573,2,25
2016020677,613,penalty-kill,76,1,FALSE,FALSE,TRUE,TRUE,TRUE,TRUE,0.1626326186573521,8475166,2,25
2016020697,53,even-strength,55,-29,FALSE,FALSE,TRUE,TRUE,TRUE,FALSE,0.02285318547795547,8474291,15,25
2016020697,56,even-strength,66,3,TRUE,FALSE,TRUE,TRUE,TRUE,FALSE,0.08891350443470156,8475792,15,25
2016020697,58,even-strength,74,3,TRUE,FALSE,TRUE,TRUE,TRUE,TRUE,0.17545832091653327,8477444,15,25
2016020697,69,even-strength,77,7,FALSE,FALSE,TRUE,TRUE,TRUE,FALSE,0.123585545154448,8471214,15,25
2016020697,76,even-strength,42,-33,FALSE,FALSE,TRUE,FALSE,FALSE,FALSE,0,8471702,15,25
2016020697,80,even-strength,85,10,FALSE,FALSE,TRUE,TRUE,FALSE,FALSE,0.06663264840041846,8471214,15,25
2016020697,81,even-strength,76,3,FALSE,FALSE,TRUE,FALSE,FALSE,FALSE,0,8471698,15,25
2016020697,83,even-strength,40,-35,FALSE,FALSE,TRUE,TRUE,FALSE,FALSE,0.00880574662366411,8471476,15,25
2016020697,253,even-strength,86,-14,FALSE,FALSE,TRUE,TRUE,TRUE,FALSE,0.03464434013957743,8475200,15,25
2016020697,257,even-strength,69,23,FALSE,FALSE,TRUE,TRUE,TRUE,FALSE,0.02172565083076641,8468498,15,25
2016020697,261,even-strength,53,2,FALSE,FALSE,TRUE,TRUE,TRUE,FALSE,0.04797846900632985,8473563,15,25
2016020697,267,even-strength,65,18,FALSE,FALSE,TRUE,TRUE,TRUE,FALSE,0.05013475354602605,8474189,15,25
2016020697,272,even-strength,62,5,FALSE,FALSE,TRUE,TRUE,FALSE,FALSE,0.04845201358463211,8476880,15,25
2016020697,273,even-strength,71,11,TRUE,FALSE,TRUE,TRUE,TRUE,FALSE,0.11572444438379136,8475149,15,25
2016020697,274,even-strength,71,7,FALSE,FALSE,TRUE,FALSE,FALSE,FALSE,0,8477220,15,25
2016020697,280,even-strength,70,-3,FALSE,FALSE,TRUE,FALSE,FALSE,FALSE,0,8473563,15,25
2016020697,281,even-strength,52,-29,FALSE,TRUE,TRUE,TRUE,TRUE,FALSE,0.06136181740303706,8476880,15,25
2016020697,284,even-strength,59,-26,FALSE,FALSE,TRUE,TRUE,FALSE,FALSE,0.03110506460186573,8468508,15,25
2016020697,285,even-strength,64,-3,FALSE,FALSE,TRUE,FALSE,FALSE,FALSE,0,8477220,15,25
2016020697,286,even-strength,66,1,FALSE,FALSE,TRUE,FALSE,FALSE,FALSE,0,8474189,15,25
2016020697,287,even-strength,72,-9,FALSE,FALSE,TRUE,FALSE,FALSE,FALSE,0,8477444,15,25
2016020697,292,even-strength,58,-18,FALSE,FALSE,TRUE,TRUE,FALSE,FALSE,0.03908436030887328,8474291,15,25
2016020697,293,even-strength,54,25,FALSE,FALSE,TRUE,FALSE,FALSE,FALSE,0,8468498,15,25
2016020697,297,even-strength,53,-12,FALSE,FALSE,TRUE,TRUE,FALSE,FALSE,0.03783367794598723,8471702,15,25
2016020697,299,even-strength,52,18,FALSE,FALSE,TRUE,TRUE,FALSE,FALSE,0.02885967836290744,8473991,15,25
2016020697,451,even-strength,54,-26,FALSE,FALSE,TRUE,TRUE,FALSE,FALSE,0.02870878531724492,8471710,15,25
2016020697,452,even-strength,52,1,FALSE,FALSE,TRUE,TRUE,TRUE,FALSE,0.06324798350615911,8468498,15,25
2016020697,453,even-strength,81,0,FALSE,TRUE,TRUE,TRUE,TRUE,FALSE,0.37078031992993066,8476880,15,25
2016020697,454,even-strength,70,16,FALSE,FALSE,TRUE,TRUE,TRUE,FALSE,0.03777204077103337,8471476,15,25
2016020697,459,even-strength,78,1,FALSE,FALSE,TRUE,FALSE,FALSE,FALSE,0,8468508,15,25
2016020697,482,even-strength,76,-2,FALSE,FALSE,TRUE,FALSE,FALSE,FALSE,0,8477220,15,25
2016020697,483,even-strength,75,-5,FALSE,FALSE,TRUE,TRUE,FALSE,FALSE,0.07863827171850438,8471214,15,25
2016020697,485,even-strength,56,-29,FALSE,FALSE,TRUE,TRUE,TRUE,FALSE,0.01653852272377905,8468508,15,25
2016020697,494,power-play,47,29,FALSE,FALSE,TRUE,TRUE,TRUE,FALSE,0.05171220817042166,8471214,15,25
2016020697,495,power-play,57,29,FALSE,FALSE,TRUE,TRUE,TRUE,TRUE,0.05739116495575522,8471214,15,25
2016020697,499,power-play,53,22,FALSE,FALSE,TRUE,TRUE,FALSE,FALSE,0.07807033285046376,8471214,15,25
2016020697,500,power-play,49,-3,FALSE,FALSE,TRUE,FALSE,FALSE,FALSE,0,8471702,15,25
2016020697,653,power-play,55,-22,FALSE,FALSE,TRUE,TRUE,FALSE,FALSE,0.05298326494014978,8473563,15,25
2016020697,654,power-play,68,0,FALSE,FALSE,TRUE,TRUE,TRUE,TRUE,0.14800630929734945,8471698,15,25
2016020697,659,even-strength,56,17,FALSE,FALSE,TRUE,TRUE,TRUE,FALSE,0.03429051459517611,8475744,15,25
2016020697,661,even-strength,79,0,FALSE,FALSE,TRUE,FALSE,FALSE,FALSE,0,8475792,15,25
2016020697,662,even-strength,67,-9,TRUE,FALSE,TRUE,FALSE,FALSE,FALSE,0,8477444,15,25
2016020697,663,even-strength,54,32,FALSE,FALSE,TRUE,TRUE,FALSE,FALSE,0.01774744598457802,8473563,15,25
2016020697,671,even-strength,47,2,FALSE,FALSE,TRUE,TRUE,TRUE,FALSE,0.03216782726346682,8471710,15,25
2016020697,674,even-strength,49,3,FALSE,FALSE,TRUE,TRUE,FALSE,FALSE,0.03802222844240273,8471710,15,25
2016020697,676,even-strength,82,4,FALSE,FALSE,TRUE,TRUE,TRUE,FALSE,0.1077524859372226,8477220,15,25
2016020697,678,even-strength,59,1,FALSE,FALSE,TRUE,FALSE,FALSE,FALSE,0,8471702,15,25
2016020697,679,even-strength,43,2,FALSE,FALSE,TRUE,TRUE,FALSE,FALSE,0.04356478868516143,8468498,15,25
2016020697,681,even-strength,60,-18,FALSE,FALSE,TRUE,TRUE,TRUE,FALSE,0.04255309177364758,8475792,15,25
2016020697,690,even-strength,79,1,FALSE,FALSE,TRUE,TRUE,TRUE,TRUE,0.06420788231760904,8474291,15,25
2016020723,54,even-strength,45,39,FALSE,FALSE,TRUE,TRUE,FALSE,FALSE,0.01125786679946313,8475722,30,25
2016020723,55,even-strength,53,3,TRUE,FALSE,TRUE,TRUE,TRUE,FALSE,0.11015427504147415,8475287,30,25
2016020723,57,even-strength,84,-5,FALSE,FALSE,TRUE,TRUE,TRUE,FALSE,0.0923390196580686,8470610,30,25
2016020723,63,even-strength,64,19,FALSE,FALSE,TRUE,TRUE,FALSE,FALSE,0.03824539501254188,8475287,30,25
2016020723,68,even-strength,27,26,FALSE,FALSE,TRUE,TRUE,TRUE,FALSE,0.00979708692579032,8476422,30,25
2016020723,71,even-strength,58,-28,FALSE,FALSE,TRUE,TRUE,TRUE,FALSE,0.02692450691889129,8469506,30,25
2016020723,76,even-strength,60,18,FALSE,FALSE,TRUE,TRUE,TRUE,FALSE,0.03414509675427858,8473485,30,25
2016020723,77,even-strength,74,22,FALSE,FALSE,TRUE,TRUE,TRUE,FALSE,0.02702530836590678,8469506,30,25
2016020723,79,even-strength,33,-35,FALSE,FALSE,TRUE,TRUE,TRUE,FALSE,0.00760501853761077,8476856,30,25
2016020723,80,even-strength,39,10,FALSE,FALSE,TRUE,TRUE,FALSE,FALSE,0.01854817236999637,8474618,30,25
2016020723,83,even-strength,31,-34,FALSE,FALSE,TRUE,TRUE,TRUE,FALSE,0.01093563771917246,8475613,30,25
2016020723,84,even-strength,66,29,FALSE,FALSE,TRUE,TRUE,TRUE,FALSE,0.02567676190493449,8475798,30,25
2016020723,86,even-strength,45,-10,FALSE,FALSE,TRUE,TRUE,TRUE,FALSE,0.02003467549055516,8474716,30,25
2016020723,87,even-strength,61,-7,FALSE,FALSE,TRUE,FALSE,FALSE,FALSE,0,8475745,30,25
2016020723,90,even-strength,22,-37,FALSE,FALSE,TRUE,TRUE,TRUE,FALSE,0.00538960414774695,8474716,30,25
2016020723,91,even-strength,52,-26,FALSE,FALSE,TRUE,TRUE,FALSE,FALSE,0.02260268515446114,8475745,30,25
2016020723,92,even-strength,62,-13,FALSE,FALSE,TRUE,TRUE,TRUE,TRUE,0.03559839936348814,8469506,30,25
2016020723,95,even-strength,66,22,FALSE,FALSE,TRUE,TRUE,TRUE,FALSE,0.03087318649197974,8469459,30,25
2016020723,201,even-strength,78,-26,FALSE,FALSE,TRUE,TRUE,TRUE,FALSE,0.03554689409612698,8469506,30,25
2016020723,206,power-play,51,17,FALSE,FALSE,TRUE,FALSE,FALSE,FALSE,0,8469459,30,25
2016020723,218,power-play,70,-17,FALSE,FALSE,TRUE,TRUE,TRUE,TRUE,0.07763716198531109,8469459,30,25
2016020723,240,power-play,49,-19,FALSE,FALSE,TRUE,TRUE,FALSE,FALSE,0.04580551807294261,8474716,30,25
2016020723,242,power-play,69,18,FALSE,FALSE,TRUE,TRUE,TRUE,FALSE,0.08758283410159942,8475745,30,25
2016020723,243,even-strength,66,21,FALSE,FALSE,TRUE,TRUE,TRUE,FALSE,0.05221773417702383,8476422,30,25
2016020723,247,even-strength,74,12,FALSE,FALSE,TRUE,FALSE,FALSE,FALSE,0,8474618,30,25
2016020723,248,even-strength,84,-7,FALSE,FALSE,TRUE,TRUE,TRUE,FALSE,0.0757795107196951,8470610,30,25
2016020723,451,even-strength,71,19,FALSE,FALSE,TRUE,TRUE,FALSE,FALSE,0.05487281458328245,8469459,30,25
2016020723,452,even-strength,69,-40,FALSE,FALSE,TRUE,TRUE,TRUE,FALSE,0.01720448810170443,8475722,30,25
2016020723,456,even-strength,72,-5,FALSE,FALSE,TRUE,TRUE,FALSE,FALSE,0.10319843548367116,8469506,30,25
2016020723,459,even-strength,85,17,FALSE,FALSE,TRUE,TRUE,TRUE,FALSE,0.0499542326159448,8475722,30,25
2016020723,460,even-strength,57,-23,FALSE,FALSE,TRUE,TRUE,FALSE,FALSE,0.03453586300010292,8474716,30,25
2016020723,474,penalty-kill,79,-3,FALSE,FALSE,TRUE,FALSE,FALSE,FALSE,0,8470610,30,25
2016020723,475,penalty-kill,63,3,FALSE,FALSE,TRUE,TRUE,TRUE,FALSE,0.05690146631494696,8469506,30,25
2016020723,476,even-strength,82,-7,FALSE,FALSE,TRUE,TRUE,TRUE,FALSE,0.07302752098799423,8469506,30,25
2016020723,477,even-strength,69,-9,FALSE,FALSE,TRUE,FALSE,FALSE,FALSE,0,8475722,30,25
2016020723,478,even-strength,54,-24,FALSE,FALSE,TRUE,TRUE,FALSE,FALSE,0.02445525472616342,8475613,30,25
2016020723,479,even-strength,32,31,FALSE,FALSE,TRUE,TRUE,TRUE,FALSE,0.00848906415411486,8475799,30,25
2016020723,481,even-strength,75,20,FALSE,FALSE,TRUE,TRUE,TRUE,FALSE,0.04677934244599718,8475799,30,25
2016020723,482,even-strength,78,-5,FALSE,FALSE,TRUE,FALSE,FALSE,FALSE,0,8473485,30,25
2016020723,483,even-strength,85,-14,FALSE,FALSE,TRUE,TRUE,TRUE,FALSE,0.03767209536888654,8469459,30,25
2016020723,489,even-strength,50,19,FALSE,FALSE,TRUE,FALSE,FALSE,FALSE,0,8473485,30,25
2016020723,657,even-strength,43,-22,FALSE,FALSE,TRUE,TRUE,TRUE,FALSE,0.02763494720799812,8475798,30,25
2016020723,658,even-strength,81,-3,FALSE,FALSE,TRUE,TRUE,TRUE,FALSE,0.13577537866058317,8475722,30,25
2016020723,659,even-strength,80,-1,FALSE,FALSE,TRUE,TRUE,FALSE,FALSE,0.13233658749305643,8475722,30,25
2016020723,663,even-strength,80,4,FALSE,FALSE,TRUE,TRUE,FALSE,FALSE,0.1033232083692915,8475745,30,25
2016020723,669,even-strength,25,-22,FALSE,FALSE,TRUE,TRUE,TRUE,FALSE,0.00923684482805295,8475798,30,25
2016020723,670,even-strength,72,-23,FALSE,FALSE,TRUE,TRUE,TRUE,FALSE,0.02820196709333726,8475722,30,25
2016020723,671,even-strength,59,7,FALSE,FALSE,TRUE,FALSE,FALSE,FALSE,0,8474618,30,25
2016020723,673,even-strength,67,26,TRUE,FALSE,TRUE,FALSE,FALSE,FALSE,0,8470610,30,25
2016020723,674,even-strength,77,-25,TRUE,TRUE,TRUE,TRUE,TRUE,FALSE,0.18356816541581333,8469506,30,25
2016020723,677,even-strength,58,-14,FALSE,FALSE,TRUE,TRUE,FALSE,FALSE,0.06641888122972418,8474716,30,25
2016020723,683,even-strength,48,-2,FALSE,FALSE,TRUE,TRUE,TRUE,FALSE,0.04721485259755143,8475798,30,25
2016020723,688,power-play,79,8,FALSE,FALSE,TRUE,FALSE,FALSE,FALSE,0,8475799,30,25
2016020723,689,power-play,78,2,FALSE,FALSE,TRUE,FALSE,FALSE,FALSE,0,8470600,30,25
2016020723,697,even-strength,65,20,FALSE,FALSE,TRUE,TRUE,FALSE,FALSE,0.06332408399886164,8475287,30,25
2016020723,700,even-strength,81,-6,FALSE,FALSE,TRUE,TRUE,FALSE,FALSE,0.0590653711671822,8470595,30,25
2016020723,801,even-strength,64,-13,FALSE,FALSE,TRUE,TRUE,TRUE,FALSE,0.07752761931832203,8475722,30,25
2016020723,803,even-strength,55,3,FALSE,FALSE,TRUE,TRUE,FALSE,FALSE,0.0919561237334134,8470600,30,25
2016020723,804,even-strength,79,4,FALSE,FALSE,TRUE,TRUE,TRUE,FALSE,0.07780222407297491,8470610,30,25
2016020738,275,even-strength,62,34,FALSE,FALSE,TRUE,TRUE,TRUE,FALSE,0.02708838081184747,8478403,7,25
2016020738,286,even-strength,59,-4,FALSE,FALSE,TRUE,FALSE,FALSE,FALSE,0,8471742,7,25
2016020738,288,even-strength,38,32,FALSE,FALSE,TRUE,TRUE,FALSE,FALSE,0.01339765161782689,8467407,7,25
2016020738,299,even-strength,58,-19,FALSE,FALSE,TRUE,TRUE,TRUE,FALSE,0.03447224499569111,8478403,7,25
2016020738,300,even-strength,75,-28,FALSE,FALSE,TRUE,TRUE,TRUE,FALSE,0.03944315011171051,8478403,7,25
2016020738,402,even-strength,44,-17,FALSE,FALSE,TRUE,FALSE,FALSE,FALSE,0,8471742,7,25
2016020738,415,even-strength,64,-20,FALSE,FALSE,TRUE,TRUE,TRUE,FALSE,0.0319825419870464,8478403,7,25
2016020738,419,even-strength,71,2,FALSE,FALSE,TRUE,FALSE,FALSE,FALSE,0,8473992,7,25
2016020738,426,even-strength,75,22,TRUE,FALSE,TRUE,TRUE,TRUE,FALSE,0.07000901923281874,8478403,7,25
2016020738,431,even-strength,64,22,FALSE,FALSE,TRUE,TRUE,FALSE,FALSE,0.0286769950107861,8473449,7,25
2016020738,435,even-strength,66,21,FALSE,FALSE,TRUE,TRUE,FALSE,FALSE,0.02903784163621722,8477933,7,25
2016020738,436,even-strength,31,-27,FALSE,FALSE,TRUE,TRUE,FALSE,FALSE,0.00893844562959564,8471742,7,25
2016020738,437,even-strength,32,-35,TRUE,FALSE,TRUE,TRUE,TRUE,TRUE,0.02056822902934494,8475169,7,25
2016020738,442,even-strength,38,-26,FALSE,FALSE,TRUE,TRUE,FALSE,FALSE,0.01682624455612158,8477499,7,25
2016020738,443,even-strength,79,-2,FALSE,FALSE,TRUE,FALSE,FALSE,FALSE,0,8475179,7,25
2016020738,477,even-strength,43,3,FALSE,FALSE,TRUE,FALSE,FALSE,FALSE,0,8475179,7,25
2016020738,488,even-strength,80,-4,FALSE,TRUE,TRUE,TRUE,TRUE,FALSE,0.31183216036810707,8475220,7,25
2016020738,602,even-strength,63,0,FALSE,FALSE,TRUE,FALSE,FALSE,FALSE,0,8478403,7,25
2016020738,607,even-strength,67,30,FALSE,FALSE,TRUE,TRUE,FALSE,FALSE,0.02070454757332519,8475169,7,25
2016020738,608,even-strength,37,-22,FALSE,FALSE,TRUE,FALSE,FALSE,FALSE,0,8476166,7,25
2016020738,609,even-strength,84,-19,FALSE,FALSE,TRUE,TRUE,TRUE,FALSE,0.03300928372290217,8478403,7,25
2016020738,611,even-strength,31,-23,FALSE,FALSE,TRUE,TRUE,TRUE,FALSE,0.0166948623515342,8471742,7,25
2016020738,612,even-strength,74,-5,FALSE,FALSE,TRUE,FALSE,FALSE,FALSE,0,8475158,7,25
2016020738,614,even-strength,55,-30,FALSE,FALSE,TRUE,TRUE,TRUE,FALSE,0.02922879888211008,8474589,7,25
2016020738,616,even-strength,56,-6,FALSE,FALSE,TRUE,TRUE,FALSE,FALSE,0.04709106155006134,8475169,7,25
2016020738,618,power-play,37,-3,FALSE,FALSE,TRUE,TRUE,TRUE,FALSE,0.04981616201961783,8477499,7,25
2016020738,623,even-strength,56,-25,FALSE,FALSE,TRUE,TRUE,TRUE,FALSE,0.02625756104591969,8477499,7,25
2016020738,624,even-strength,79,3,FALSE,FALSE,TRUE,TRUE,TRUE,FALSE,0.11621441433218543,8477478,7,25
2016020738,625,even-strength,79,4,FALSE,FALSE,TRUE,TRUE,TRUE,FALSE,0.0829290386012023,8477478,7,25
2016020738,626,even-strength,79,-1,FALSE,FALSE,TRUE,TRUE,TRUE,FALSE,0.14580721271625074,8477499,7,25
2016020738,629,even-strength,54,22,FALSE,FALSE,TRUE,TRUE,TRUE,FALSE,0.03315016349207638,8474589,7,25
2016020738,632,even-strength,-21,-36,FALSE,FALSE,TRUE,TRUE,TRUE,FALSE,5.942518999132837e-4,8477499,7,25
2016020738,633,even-strength,72,-23,TRUE,FALSE,TRUE,TRUE,TRUE,FALSE,0.08477611704151876,8474589,7,25
2016020738,635,even-strength,79,16,FALSE,FALSE,TRUE,TRUE,TRUE,FALSE,0.04879898186431009,8477933,7,25
2016020738,637,even-strength,54,29,FALSE,FALSE,TRUE,TRUE,FALSE,FALSE,0.02660509023737894,8475158,7,25
2016020738,638,even-strength,75,1,FALSE,TRUE,TRUE,FALSE,FALSE,FALSE,0,8475158,7,25
2016020738,640,even-strength,58,-31,FALSE,FALSE,TRUE,TRUE,TRUE,FALSE,0.03586380613710906,8467407,7,25
2016020738,647,penalty-kill,85,-17,FALSE,FALSE,TRUE,TRUE,TRUE,FALSE,0.05371644698363573,8475169,7,25
2016020738,649,even-strength,78,2,FALSE,TRUE,TRUE,TRUE,FALSE,FALSE,0.3846461126336183,8475158,7,25
2016020738,650,even-strength,74,2,FALSE,FALSE,TRUE,FALSE,FALSE,FALSE,0,8477499,7,25
2016020738,751,even-strength,82,2,FALSE,FALSE,TRUE,TRUE,TRUE,FALSE,0.13526934069955932,8474567,7,25
2016020750,62,even-strength,84,-7,TRUE,FALSE,TRUE,TRUE,FALSE,FALSE,0.04599890920437901,8479318,10,25
2016020750,63,even-strength,77,5,FALSE,FALSE,TRUE,TRUE,TRUE,FALSE,0.0851545768580629,8477939,10,25
2016020750,64,even-strength,65,-23,FALSE,FALSE,TRUE,TRUE,TRUE,FALSE,0.03567198533569818,8473463,10,25
2016020750,66,even-strength,38,-36,FALSE,FALSE,TRUE,TRUE,FALSE,FALSE,0.00832214844235116,8479458,10,25
2016020750,71,even-strength,31,31,FALSE,FALSE,TRUE,TRUE,TRUE,FALSE,0.0134999618919133,8474581,10,25
2016020750,72,even-strength,54,-29,FALSE,FALSE,TRUE,TRUE,TRUE,FALSE,0.02390520080763496,8477939,10,25
2016020750,75,even-strength,72,1,FALSE,FALSE,TRUE,TRUE,TRUE,FALSE,0.1059005760702339,8479318,10,25
2016020750,76,even-strength,74,1,FALSE,TRUE,TRUE,FALSE,FALSE,FALSE,0,8479318,10,25
2016020750,78,power-play,75,1,FALSE,FALSE,TRUE,TRUE,TRUE,FALSE,0.12060455840913469,8477015,10,25
2016020750,79,power-play,74,-18,FALSE,FALSE,TRUE,TRUE,TRUE,FALSE,0.07124607283969073,8479318,10,25
2016020750,80,power-play,66,-27,FALSE,FALSE,TRUE,TRUE,TRUE,FALSE,0.03948916512479179,8474037,10,25
2016020750,82,power-play,61,-7,FALSE,FALSE,TRUE,FALSE,FALSE,FALSE,0,8478483,10,25
2016020750,83,even-strength,54,0,FALSE,FALSE,TRUE,FALSE,FALSE,FALSE,0,8474581,10,25
2016020750,84,even-strength,56,-19,FALSE,FALSE,TRUE,FALSE,FALSE,FALSE,0,8475172,10,25
2016020750,85,even-strength,53,23,FALSE,FALSE,TRUE,TRUE,TRUE,FALSE,0.02960121081553693,8477512,10,25
2016020750,87,even-strength,57,17,FALSE,FALSE,TRUE,FALSE,FALSE,FALSE,0,8479458,10,25
2016020750,92,even-strength,59,-22,FALSE,FALSE,TRUE,TRUE,FALSE,FALSE,0.04477746249847614,8479318,10,25
2016020750,93,even-strength,71,-8,FALSE,FALSE,TRUE,FALSE,FALSE,FALSE,0,8476941,10,25
2016020750,94,even-strength,52,-18,FALSE,FALSE,TRUE,FALSE,FALSE,FALSE,0,8476941,10,25
2016020750,96,power-play,64,-19,FALSE,FALSE,TRUE,TRUE,FALSE,FALSE,0.05070401682225228,8474037,10,25
2016020750,97,power-play,50,19,FALSE,FALSE,TRUE,TRUE,TRUE,TRUE,0.06668171397227432,8475098,10,25
2016020750,256,even-strength,51,-18,FALSE,FALSE,TRUE,FALSE,FALSE,FALSE,0,8471392,10,25
2016020750,257,even-strength,49,-18,FALSE,FALSE,TRUE,TRUE,TRUE,FALSE,0.01842438887590014,8479318,10,25
2016020750,265,even-strength,64,2,FALSE,FALSE,TRUE,TRUE,TRUE,FALSE,0.05336821414200938,8474037,10,25
2016020750,266,even-strength,72,-8,FALSE,FALSE,TRUE,TRUE,TRUE,FALSE,0.05975000682368137,8478483,10,25
2016020750,267,even-strength,48,-23,FALSE,FALSE,TRUE,TRUE,TRUE,FALSE,0.01465743081516178,8476941,10,25
2016020750,269,even-strength,51,-25,FALSE,FALSE,TRUE,TRUE,FALSE,FALSE,0.03006840263948095,8478373,10,25
2016020750,274,even-strength,53,29,FALSE,FALSE,TRUE,TRUE,FALSE,FALSE,0.01740236295052274,8471436,10,25
2016020750,275,even-strength,82,0,TRUE,FALSE,TRUE,TRUE,TRUE,FALSE,0.23190941145804428,8475786,10,25
2016020750,280,even-strength,75,22,FALSE,FALSE,TRUE,FALSE,FALSE,FALSE,0,8478373,10,25
2016020750,282,even-strength,75,5,FALSE,FALSE,TRUE,FALSE,FALSE,FALSE,0,8479458,10,25
2016020750,284,even-strength,61,3,FALSE,FALSE,TRUE,TRUE,TRUE,FALSE,0.05882727374867481,8478483,10,25
2016020750,286,even-strength,72,0,TRUE,FALSE,TRUE,TRUE,TRUE,TRUE,0.22667203648815815,8478373,10,25
2016020750,293,even-strength,80,1,FALSE,FALSE,TRUE,TRUE,TRUE,FALSE,0.20569446899568655,8478483,10,25
2016020750,300,even-strength,59,-20,FALSE,FALSE,TRUE,TRUE,TRUE,FALSE,0.04426604032470917,8479458,10,25
2016020750,401,even-strength,82,2,FALSE,FALSE,TRUE,TRUE,TRUE,FALSE,0.13141623118535134,8477939,10,25
2016020750,404,even-strength,67,-17,FALSE,FALSE,TRUE,TRUE,TRUE,FALSE,0.04364889540872935,8478373,10,25
2016020750,409,even-strength,26,-20,FALSE,FALSE,TRUE,TRUE,FALSE,FALSE,0.00706167644349463,8479458,10,25
2016020750,411,even-strength,77,0,FALSE,FALSE,TRUE,TRUE,TRUE,FALSE,0.15130185263007803,8478483,10,25
2016020750,412,even-strength,65,-17,FALSE,FALSE,TRUE,TRUE,TRUE,TRUE,0.03268469186916833,8478483,10,25
2016020750,413,even-strength,52,30,FALSE,FALSE,TRUE,TRUE,FALSE,FALSE,0.01757252732753235,8471436,10,25
2016020750,414,even-strength,57,-18,FALSE,FALSE,TRUE,FALSE,FALSE,FALSE,0,8471392,10,25
2016020750,416,even-strength,72,5,FALSE,FALSE,TRUE,FALSE,FALSE,FALSE,0,8474037,10,25
2016020750,417,even-strength,66,5,FALSE,TRUE,TRUE,TRUE,FALSE,FALSE,0.18953402084327264,8474037,10,25
2016020750,418,even-strength,56,27,FALSE,FALSE,TRUE,TRUE,TRUE,FALSE,0.02936902916481942,8477939,10,25
2016020750,421,even-strength,66,20,FALSE,FALSE,TRUE,FALSE,FALSE,FALSE,0,8474581,10,25
2016020750,429,even-strength,53,-27,FALSE,FALSE,TRUE,TRUE,TRUE,FALSE,0.01429880131322198,8471392,10,25
2016020750,430,even-strength,52,26,FALSE,TRUE,TRUE,TRUE,TRUE,FALSE,0.06242999227678737,8471436,10,25
2016020750,432,even-strength,60,-20,FALSE,FALSE,TRUE,FALSE,FALSE,FALSE,0,8479458,10,25
2016020750,435,even-strength,81,1,FALSE,FALSE,TRUE,TRUE,TRUE,FALSE,0.16177130174021892,8474581,10,25
2016020750,436,even-strength,56,-27,FALSE,FALSE,TRUE,TRUE,TRUE,FALSE,0.02422919925858823,8476941,10,25
2016020750,437,even-strength,60,-13,FALSE,FALSE,TRUE,TRUE,TRUE,FALSE,0.08294765854796679,8479458,10,25
2016020750,438,even-strength,58,27,FALSE,FALSE,TRUE,TRUE,FALSE,FALSE,0.02244747435138536,8475098,10,25
2016020750,439,even-strength,65,-29,FALSE,FALSE,TRUE,TRUE,FALSE,FALSE,0.02020229433504143,8471392,10,25
2016020750,442,even-strength,60,-25,FALSE,FALSE,TRUE,FALSE,FALSE,FALSE,0,8475716,10,25
2016020750,443,even-strength,81,0,FALSE,FALSE,TRUE,TRUE,TRUE,FALSE,0.13563183342191906,8474037,10,25
2016020750,448,even-strength,46,-29,TRUE,FALSE,TRUE,FALSE,FALSE,FALSE,0,8479458,10,25
2016020750,449,even-strength,79,1,FALSE,FALSE,TRUE,TRUE,TRUE,FALSE,0.20991556807080208,8475786,10,25
2016020750,575,even-strength,55,-22,FALSE,FALSE,TRUE,TRUE,FALSE,FALSE,0.02667733492767962,8479458,10,25
2016020750,576,even-strength,48,-18,FALSE,FALSE,TRUE,FALSE,FALSE,FALSE,0,8476941,10,25
2016020750,602,even-strength,50,28,FALSE,FALSE,TRUE,TRUE,TRUE,FALSE,0.01592896318336197,8474709,10,25
2016020750,604,even-strength,48,-17,FALSE,FALSE,TRUE,FALSE,FALSE,FALSE,0,8476941,10,25
2016020750,605,even-strength,70,10,FALSE,FALSE,TRUE,FALSE,FALSE,FALSE,0,8471436,10,25
2016020750,606,even-strength,40,23,FALSE,FALSE,TRUE,TRUE,FALSE,FALSE,0.01600213913384798,8471436,10,25
2016020750,607,even-strength,71,5,FALSE,FALSE,TRUE,TRUE,TRUE,FALSE,0.07945773663984715,8478483,10,25
2016020750,608,even-strength,81,-1,FALSE,TRUE,TRUE,TRUE,TRUE,FALSE,0.3977891720492847,8475786,10,25
2016020750,609,even-strength,57,28,FALSE,FALSE,TRUE,FALSE,FALSE,FALSE,0,8475172,10,25
2016020750,610,even-strength,87,33,FALSE,FALSE,TRUE,TRUE,TRUE,FALSE,0.01548055151519734,8478373,10,25
2016020750,611,even-strength,86,-6,FALSE,FALSE,TRUE,TRUE,FALSE,FALSE,0.03370552851244612,8477512,10,25
2016020750,612,even-strength,72,-25,FALSE,FALSE,TRUE,TRUE,TRUE,FALSE,0.03003244237609602,8475098,10,25
2016020750,613,even-strength,81,-1,FALSE,FALSE,TRUE,TRUE,FALSE,FALSE,0.15507508008347864,8474037,10,25
2016020750,619,even-strength,85,-5,FALSE,FALSE,TRUE,TRUE,TRUE,FALSE,0.07839254063962352,8477512,10,25
2016020750,622,even-strength,78,-15,FALSE,FALSE,TRUE,TRUE,FALSE,FALSE,0.04158394159691291,8475172,10,25
2016020750,625,even-strength,54,29,FALSE,FALSE,TRUE,TRUE,TRUE,FALSE,0.01732046427522817,8474581,10,25
2016020750,626,even-strength,58,-25,FALSE,FALSE,TRUE,TRUE,TRUE,FALSE,0.02182628405869921,8476941,10,25
2016020750,628,even-strength,67,-14,FALSE,FALSE,TRUE,TRUE,TRUE,FALSE,0.05698294291011516,8479318,10,25
2016020750,630,even-strength,78,1,FALSE,FALSE,TRUE,TRUE,TRUE,FALSE,0.14582817241500892,8475786,10,25
2016020750,631,even-strength,70,18,FALSE,FALSE,TRUE,TRUE,TRUE,FALSE,0.02116391201030286,8476941,10,25
2016020750,632,even-strength,69,-24,FALSE,FALSE,TRUE,TRUE,FALSE,FALSE,0.02958923447958606,8477939,10,25
2016020750,633,even-strength,35,8,FALSE,FALSE,TRUE,TRUE,FALSE,FALSE,0.02001293748807501,8475716,10,25
2016020750,639,even-strength,79,-20,FALSE,FALSE,TRUE,TRUE,TRUE,FALSE,0.03460310538200863,8479318,10,25
2016020763,53,even-strength,61,-1,FALSE,FALSE,TRUE,FALSE,FALSE,FALSE,0,8477504,52,25
2016020763,54,even-strength,77,14,FALSE,FALSE,TRUE,TRUE,TRUE,FALSE,0.06153450697713874,8477429,52,25
2016020763,57,even-strength,44,-32,FALSE,FALSE,TRUE,TRUE,TRUE,FALSE,0.01437317421244551,8476392,52,25
2016020763,60,even-strength,64,12,FALSE,FALSE,TRUE,FALSE,FALSE,FALSE,0,8470614,52,25
2016020763,65,even-strength,77,-23,FALSE,FALSE,TRUE,TRUE,TRUE,FALSE,0.03827225839320394,8479339,52,25
2016020763,66,even-strength,67,0,TRUE,FALSE,TRUE,TRUE,TRUE,FALSE,0.19823300299553992,8477940,52,25
2016020763,67,even-strength,82,-1,TRUE,TRUE,TRUE,TRUE,FALSE,FALSE,0.40773938808895827,8470834,52,25
2016020763,70,even-strength,57,-29,FALSE,FALSE,TRUE,TRUE,TRUE,FALSE,0.02325749369916168,8476885,52,25
2016020763,71,even-strength,83,4,FALSE,FALSE,TRUE,TRUE,FALSE,FALSE,0.11489777288662148,8476460,52,25
2016020763,74,even-strength,67,-24,FALSE,FALSE,TRUE,TRUE,TRUE,TRUE,0.02966232108679865,8473412,52,25
2016020763,79,even-strength,37,-33,FALSE,FALSE,TRUE,TRUE,TRUE,FALSE,0.01338472494821175,8476885,52,25
2016020763,82,even-strength,79,5,FALSE,FALSE,TRUE,FALSE,FALSE,FALSE,0,8473574,52,25
2016020763,87,even-strength,67,1,FALSE,FALSE,TRUE,TRUE,TRUE,FALSE,0.1210476831077579,8477429,52,25
2016020763,96,even-strength,83,-8,FALSE,FALSE,TRUE,TRUE,TRUE,FALSE,0.09665168091786253,8476460,52,25
2016020763,97,even-strength,49,-11,FALSE,FALSE,TRUE,TRUE,TRUE,FALSE,0.02488408139785119,8471218,52,25
2016020763,206,even-strength,45,30,FALSE,FALSE,TRUE,FALSE,FALSE,FALSE,0,8473618,52,25
2016020763,207,even-strength,62,-5,FALSE,FALSE,TRUE,FALSE,FALSE,FALSE,0,8476885,52,25
2016020763,208,even-strength,76,-16,FALSE,FALSE,TRUE,TRUE,TRUE,FALSE,0.02866425556972016,8469501,52,25
2016020763,214,even-strength,75,12,FALSE,FALSE,TRUE,TRUE,TRUE,TRUE,0.10894606751803967,8476460,52,25
2016020763,215,even-strength,68,11,FALSE,FALSE,TRUE,TRUE,TRUE,FALSE,0.04915817847972311,8476469,52,25
2016020763,216,even-strength,39,-17,FALSE,FALSE,TRUE,TRUE,TRUE,FALSE,0.01482255924460128,8476885,52,25
2016020763,219,even-strength,42,-24,FALSE,FALSE,TRUE,TRUE,TRUE,FALSE,0.01788154750113869,8470834,52,25
2016020763,220,even-strength,77,4,FALSE,FALSE,TRUE,TRUE,TRUE,FALSE,0.14123842832298525,8477464,52,25
2016020763,222,even-strength,74,-5,FALSE,FALSE,TRUE,FALSE,FALSE,FALSE,0,8476885,52,25
2016020763,225,even-strength,63,-18,TRUE,FALSE,TRUE,TRUE,TRUE,FALSE,0.08296659766898704,8477429,52,25
2016020763,232,power-play,81,1,FALSE,FALSE,TRUE,TRUE,TRUE,FALSE,0.30373494734596124,8476460,52,25
2016020763,234,power-play,42,21,FALSE,FALSE,TRUE,TRUE,FALSE,FALSE,0.10468748942229084,8479339,52,25
2016020763,235,power-play,65,-3,FALSE,FALSE,TRUE,TRUE,TRUE,TRUE,0.26803237332788576,8476460,52,25
2016020763,236,power-play,70,-10,FALSE,FALSE,TRUE,TRUE,TRUE,FALSE,0.07800210357111707,8477464,52,25
2016020763,237,even-strength,66,-2,FALSE,FALSE,TRUE,TRUE,TRUE,FALSE,0.09991895538752774,8473412,52,25
2016020763,453,even-strength,74,-5,FALSE,FALSE,TRUE,TRUE,TRUE,FALSE,0.1024467377229214,8476460,52,25
2016020763,457,even-strength,65,-25,FALSE,FALSE,TRUE,TRUE,TRUE,FALSE,0.05419017452785418,8479339,52,25
2016020763,458,even-strength,81,-5,TRUE,FALSE,TRUE,TRUE,TRUE,TRUE,0.25094606556914123,8477940,52,25
2016020763,463,even-strength,83,7,FALSE,FALSE,TRUE,TRUE,TRUE,FALSE,0.07045232141596343,8476460,52,25
2016020763,465,even-strength,42,37,FALSE,FALSE,TRUE,TRUE,TRUE,FALSE,0.0096938441449157,8471218,52,25
2016020763,470,even-strength,64,26,FALSE,FALSE,TRUE,TRUE,FALSE,FALSE,0.0333008988852107,8477940,52,25
2016020763,481,even-strength,58,-20,FALSE,FALSE,TRUE,TRUE,TRUE,FALSE,0.0278229714628023,8471218,52,25
2016020763,482,even-strength,79,-7,FALSE,TRUE,TRUE,TRUE,FALSE,FALSE,0.21626578445853104,8477429,52,25
2016020763,499,even-strength,79,-8,TRUE,FALSE,TRUE,TRUE,FALSE,FALSE,0.2161947536928039,8477940,52,25
2016020763,653,even-strength,65,10,FALSE,FALSE,TRUE,TRUE,TRUE,FALSE,0.0876516975850857,8477940,52,25
2016020763,654,even-strength,80,-8,FALSE,FALSE,TRUE,FALSE,FALSE,FALSE,0,8473618,52,25
2016020763,672,even-strength,56,-22,FALSE,FALSE,TRUE,TRUE,TRUE,FALSE,0.054356061104657,8476885,52,25
2016020763,673,even-strength,63,-3,FALSE,FALSE,TRUE,TRUE,FALSE,FALSE,0.08788251239818472,8469501,52,25
2016020781,53,even-strength,83,-5,FALSE,FALSE,TRUE,TRUE,TRUE,FALSE,0.08096009767513627,8475209,16,25
2016020781,55,even-strength,57,-11,FALSE,FALSE,TRUE,FALSE,FALSE,FALSE,0,8469547,16,25
2016020781,56,even-strength,66,7,FALSE,FALSE,TRUE,FALSE,FALSE,FALSE,0,8478055,16,25
2016020781,59,even-strength,84,-5,FALSE,FALSE,TRUE,TRUE,TRUE,FALSE,0.12000332172125072,8471769,16,25
2016020781,60,even-strength,82,6,FALSE,FALSE,TRUE,FALSE,FALSE,FALSE,0,8473573,16,25
2016020781,68,even-strength,42,27,FALSE,FALSE,TRUE,TRUE,TRUE,FALSE,0.0136137965654,8466285,16,25
2016020781,70,even-strength,41,-20,FALSE,FALSE,TRUE,TRUE,TRUE,FALSE,0.01658897294484836,8471769,16,25
2016020781,73,even-strength,67,6,FALSE,FALSE,TRUE,FALSE,FALSE,FALSE,0,8478055,16,25
2016020781,77,even-strength,12,-36,FALSE,FALSE,TRUE,TRUE,TRUE,FALSE,0.00236537561115486,8470607,16,25
2016020781,93,even-strength,69,23,TRUE,FALSE,TRUE,TRUE,TRUE,FALSE,0.05647094555623527,8469547,16,25
2016020781,94,even-strength,75,-6,FALSE,FALSE,TRUE,FALSE,FALSE,FALSE,0,8477951,16,25
2016020781,95,even-strength,58,34,FALSE,TRUE,TRUE,TRUE,TRUE,FALSE,0.08171081102375123,8478055,16,25
2016020781,97,even-strength,81,-4,FALSE,FALSE,TRUE,TRUE,TRUE,FALSE,0.09101105633199466,8477929,16,25
2016020781,100,even-strength,52,-11,FALSE,FALSE,TRUE,TRUE,TRUE,FALSE,0.03555117739808421,8477929,16,25
2016020781,301,even-strength,66,-35,FALSE,FALSE,TRUE,TRUE,TRUE,FALSE,0.03249171422140678,8477451,16,25
2016020781,303,even-strength,82,2,FALSE,FALSE,TRUE,TRUE,TRUE,FALSE,0.10284600813357588,8477845,16,25
2016020781,311,even-strength,58,-14,FALSE,FALSE,TRUE,TRUE,TRUE,FALSE,0.03968163923252525,8475323,16,25
2016020781,314,even-strength,83,6,TRUE,FALSE,TRUE,TRUE,TRUE,FALSE,0.1122333188374846,8477451,16,25
2016020781,315,even-strength,82,-5,FALSE,FALSE,TRUE,TRUE,TRUE,FALSE,0.11164273864144995,8475209,16,25
2016020781,317,even-strength,54,25,FALSE,FALSE,TRUE,TRUE,TRUE,FALSE,0.02109366777540156,8477951,16,25
2016020781,321,even-strength,69,-7,FALSE,FALSE,TRUE,FALSE,FALSE,FALSE,0,8470607,16,25
2016020781,322,even-strength,65,-15,FALSE,FALSE,TRUE,TRUE,TRUE,FALSE,0.03554997620810687,8473573,16,25
2016020781,326,even-strength,36,9,FALSE,FALSE,TRUE,TRUE,FALSE,FALSE,0.01808386893734193,8471769,16,25
2016020781,327,even-strength,86,-5,FALSE,TRUE,TRUE,TRUE,TRUE,FALSE,0.2017819516318432,8475323,16,25
2016020781,328,even-strength,68,1,FALSE,FALSE,TRUE,TRUE,TRUE,FALSE,0.09726383706223944,8471769,16,25
2016020781,330,even-strength,79,2,FALSE,FALSE,TRUE,TRUE,TRUE,TRUE,0.16794733816326274,8477451,16,25
2016020781,332,even-strength,38,-14,TRUE,FALSE,TRUE,TRUE,TRUE,FALSE,0.04407010004153742,8471769,16,25
2016020781,334,even-strength,61,-14,FALSE,FALSE,TRUE,FALSE,FALSE,FALSE,0,8474141,16,25
2016020781,336,even-strength,82,-4,FALSE,FALSE,TRUE,TRUE,TRUE,FALSE,0.11974511199810953,8474141,16,25
2016020781,338,even-strength,39,2,FALSE,FALSE,TRUE,TRUE,TRUE,FALSE,0.023503664525908,8466148,16,25
2016020781,339,even-strength,36,32,FALSE,FALSE,TRUE,TRUE,TRUE,FALSE,0.0080816789505167,8478055,16,25
2016020781,341,even-strength,38,4,FALSE,FALSE,TRUE,TRUE,TRUE,TRUE,0.02567073498333016,8478055,16,25
2016020781,343,even-strength,81,35,FALSE,FALSE,TRUE,TRUE,TRUE,FALSE,0.02371558599819366,8478528,16,25
2016020781,344,even-strength,37,-1,FALSE,FALSE,TRUE,FALSE,FALSE,FALSE,0,8471769,16,25
2016020781,346,even-strength,56,-5,FALSE,FALSE,TRUE,FALSE,FALSE,FALSE,0,8477951,16,25
2016020781,348,even-strength,35,21,TRUE,FALSE,TRUE,TRUE,TRUE,FALSE,0.02627032608436566,8478055,16,25
2016020781,402,even-strength,82,-19,FALSE,FALSE,TRUE,FALSE,FALSE,FALSE,0,8478550,16,25
2016020781,403,even-strength,79,-3,FALSE,FALSE,TRUE,TRUE,TRUE,FALSE,0.1166230576030252,8474141,16,25
2016020781,405,even-strength,39,34,FALSE,FALSE,TRUE,TRUE,FALSE,FALSE,0.01301702005432407,8470281,16,25
2016020781,406,even-strength,43,-15,FALSE,FALSE,TRUE,TRUE,FALSE,FALSE,0.0257162337503337,8471769,16,25
2016020781,407,even-strength,61,-14,FALSE,FALSE,TRUE,TRUE,TRUE,FALSE,0.05144185112153046,8474141,16,25
2016020781,409,even-strength,68,4,FALSE,FALSE,TRUE,FALSE,FALSE,FALSE,0,8466285,16,25
2016020781,412,even-strength,82,-2,FALSE,FALSE,TRUE,FALSE,FALSE,FALSE,0,8475209,16,25
2016020781,415,even-strength,57,37,FALSE,FALSE,TRUE,TRUE,FALSE,FALSE,0.01606763607683359,8478550,16,25
2016020781,423,even-strength,41,-11,FALSE,FALSE,TRUE,FALSE,FALSE,FALSE,0,8474141,16,25
2016020781,426,even-strength,39,11,FALSE,FALSE,TRUE,TRUE,FALSE,FALSE,0.01964493543991956,8478055,16,25
2016020781,429,even-strength,70,16,FALSE,FALSE,TRUE,TRUE,FALSE,FALSE,0.03492112968696834,8475209,16,25
2016020781,430,even-strength,81,-9,FALSE,FALSE,TRUE,TRUE,FALSE,FALSE,0.15481705016089606,8477951,16,25
2016020781,432,even-strength,68,21,FALSE,FALSE,TRUE,TRUE,TRUE,FALSE,0.0469747691518198,8473604,16,25
2016020781,433,even-strength,46,0,FALSE,FALSE,TRUE,FALSE,FALSE,FALSE,0,8478550,16,25
2016020781,434,even-strength,40,8,FALSE,FALSE,TRUE,TRUE,TRUE,FALSE,0.03254950536018424,8466148,16,25
2016020781,436,even-strength,43,13,FALSE,FALSE,TRUE,FALSE,FALSE,FALSE,0,8478055,16,25
2016020781,437,even-strength,70,19,FALSE,FALSE,TRUE,TRUE,TRUE,FALSE,0.04174052987133555,8477451,16,25
2016020781,438,even-strength,41,-23,FALSE,FALSE,TRUE,TRUE,TRUE,FALSE,0.01876070460257627,8470607,16,25
2016020781,444,even-strength,59,29,FALSE,FALSE,TRUE,FALSE,FALSE,FALSE,0,8478055,16,25
2016020781,601,even-strength,83,-3,FALSE,FALSE,TRUE,TRUE,TRUE,TRUE,0.1021617316690846,8474141,16,25
2016020781,605,even-strength,79,15,FALSE,FALSE,TRUE,FALSE,FALSE,FALSE,0,8478528,16,25
2016020781,607,power-play,47,13,FALSE,FALSE,TRUE,FALSE,FALSE,FALSE,0,8473604,16,25
2016020781,609,power-play,59,3,FALSE,FALSE,TRUE,FALSE,FALSE,FALSE,0,8466285,16,25
2016020781,616,even-strength,82,1,FALSE,FALSE,TRUE,TRUE,TRUE,FALSE,0.19889111043052207,8473573,16,25
2016020781,617,even-strength,84,2,FALSE,TRUE,TRUE,TRUE,TRUE,TRUE,0.322608571744926,8477845,16,25
2016020809,8,even-strength,51,27,FALSE,FALSE,TRUE,TRUE,TRUE,FALSE,0.01749139246173623,8474250,9,25
2016020809,28,even-strength,73,23,FALSE,FALSE,TRUE,TRUE,TRUE,FALSE,0.0260017328807856,8474068,9,25
2016020809,47,penalty-kill,80,-3,FALSE,FALSE,TRUE,TRUE,TRUE,FALSE,0.17124966366717087,8471768,9,25
2016020809,48,penalty-kill,63,-3,FALSE,FALSE,TRUE,TRUE,TRUE,FALSE,0.05157297756593811,8476419,9,25
2016020809,49,penalty-kill,81,5,FALSE,TRUE,TRUE,TRUE,TRUE,FALSE,0.19586923831132244,8474250,9,25
2016020809,107,even-strength,63,-2,FALSE,FALSE,TRUE,FALSE,FALSE,FALSE,0,8474884,9,25
2016020809,108,even-strength,40,26,FALSE,FALSE,TRUE,FALSE,FALSE,FALSE,0,8470602,9,25
2016020809,114,even-strength,84,33,FALSE,FALSE,TRUE,FALSE,FALSE,FALSE,0,8471768,9,25
2016020809,115,even-strength,67,-8,FALSE,FALSE,TRUE,TRUE,FALSE,FALSE,0.04490349973863622,8476288,9,25
2016020809,116,even-strength,55,-8,FALSE,FALSE,TRUE,FALSE,FALSE,FALSE,0,8474578,9,25
2016020809,118,even-strength,70,9,FALSE,FALSE,TRUE,FALSE,FALSE,FALSE,0,8470760,9,25
2016020809,119,even-strength,58,-8,FALSE,FALSE,TRUE,FALSE,FALSE,FALSE,0,8473544,9,25
2016020809,126,penalty-kill,45,4,FALSE,FALSE,TRUE,FALSE,FALSE,FALSE,0,8471768,9,25
2016020809,129,penalty-kill,40,32,FALSE,FALSE,TRUE,TRUE,FALSE,FALSE,0.01536197163587571,8474578,9,25
2016020809,130,even-strength,58,-9,FALSE,FALSE,TRUE,FALSE,FALSE,FALSE,0,8474739,9,25
2016020809,134,even-strength,44,34,FALSE,FALSE,TRUE,TRUE,FALSE,FALSE,0.01393388034963377,8476288,9,25
2016020809,137,even-strength,73,-15,TRUE,FALSE,TRUE,FALSE,FALSE,FALSE,0,8476879,9,25
2016020809,143,even-strength,71,26,FALSE,FALSE,TRUE,FALSE,FALSE,FALSE,0,8474068,9,25
2016020809,149,power-play,71,12,FALSE,FALSE,TRUE,FALSE,FALSE,FALSE,0,8474068,9,25
2016020809,251,penalty-kill,30,-29,FALSE,FALSE,TRUE,TRUE,TRUE,TRUE,0.01102445233971611,8470602,9,25
2016020809,290,even-strength,34,9,FALSE,FALSE,TRUE,TRUE,TRUE,FALSE,0.02428715242009151,8471676,9,25
2016020809,292,even-strength,85,6,FALSE,FALSE,TRUE,TRUE,TRUE,FALSE,0.05388049185918989,8476368,9,25
2016020809,295,even-strength,62,2,FALSE,TRUE,TRUE,TRUE,TRUE,FALSE,0.190582868761897,8467967,9,25
2016020809,297,even-strength,76,-18,FALSE,FALSE,TRUE,TRUE,TRUE,FALSE,0.04259113355318797,8474739,9,25
2016020809,409,power-play,67,7,FALSE,FALSE,TRUE,FALSE,FALSE,FALSE,0,8474068,9,25
2016020809,413,even-strength,78,15,FALSE,FALSE,TRUE,FALSE,FALSE,FALSE,0,8474068,9,25
2016020809,417,even-strength,76,-11,FALSE,FALSE,TRUE,TRUE,FALSE,FALSE,0.08812661219901435,8476288,9,25
2016020809,419,power-play,39,27,FALSE,FALSE,TRUE,TRUE,FALSE,FALSE,0.06650317909236485,8474068,9,25
2016020809,420,power-play,31,-12,FALSE,FALSE,TRUE,TRUE,FALSE,FALSE,0.03297617281394609,8474578,9,25
2016020809,421,power-play,77,-4,FALSE,FALSE,TRUE,FALSE,FALSE,FALSE,0,8471676,9,25
2016020809,424,even-strength,78,9,FALSE,FALSE,TRUE,FALSE,FALSE,FALSE,0,8474068,9,25
2016020809,425,even-strength,56,-29,FALSE,FALSE,TRUE,TRUE,FALSE,FALSE,0.01818977354109565,8474578,9,25
2016020809,426,even-strength,73,11,FALSE,FALSE,TRUE,FALSE,FALSE,FALSE,0,8471676,9,25
2016020809,454,even-strength,77,-5,FALSE,FALSE,TRUE,TRUE,TRUE,FALSE,0.1211517683520736,8476419,9,25
2016020809,457,even-strength,64,24,FALSE,FALSE,TRUE,TRUE,TRUE,FALSE,0.03289607277024617,8473544,9,25
2016020809,473,power-play,47,-18,FALSE,FALSE,TRUE,TRUE,TRUE,FALSE,0.05401406151009538,8474884,9,25
2016020809,476,power-play,62,26,FALSE,FALSE,TRUE,TRUE,TRUE,FALSE,0.0618416878674601,8471676,9,25
2016020809,478,even-strength,34,-21,FALSE,FALSE,TRUE,TRUE,TRUE,FALSE,0.01331684732344888,8476879,9,25
2016020809,479,even-strength,81,2,FALSE,TRUE,TRUE,TRUE,TRUE,FALSE,0.35976812610959064,8476288,9,25
2016020809,485,even-strength,81,-1,FALSE,FALSE,TRUE,TRUE,TRUE,FALSE,0.12456513566702006,8474739,9,25
2016020809,489,even-strength,77,-4,FALSE,FALSE,TRUE,TRUE,TRUE,FALSE,0.10400323171938453,8473544,9,25
2016020809,494,power-play,38,-7,FALSE,FALSE,TRUE,TRUE,TRUE,FALSE,0.04484600077288018,8470602,9,25
2016020809,495,power-play,45,1,FALSE,FALSE,TRUE,TRUE,TRUE,FALSE,0.06612566713814039,8474578,9,25
2016020809,496,power-play,51,-23,FALSE,FALSE,TRUE,TRUE,FALSE,FALSE,0.05064560839754032,8474884,9,25
2016020809,658,even-strength,42,-34,FALSE,FALSE,TRUE,TRUE,TRUE,FALSE,0.03041881299553386,8476879,9,25
2016020809,665,even-strength,87,3,FALSE,TRUE,TRUE,TRUE,TRUE,TRUE,0.15594826086433178,8475913,9,25
2016020809,676,power-play,74,10,TRUE,FALSE,TRUE,TRUE,TRUE,FALSE,0.11987234629527324,8476288,9,25
2016020809,680,even-strength,7,-1,FALSE,FALSE,TRUE,TRUE,TRUE,FALSE,0.00809540468411933,8475227,9,25
2016020809,681,even-strength,33,-34,TRUE,FALSE,TRUE,TRUE,TRUE,FALSE,0.01737093378460898,8476879,9,25
2016020809,697,penalty-kill,-50,-12,FALSE,FALSE,TRUE,TRUE,TRUE,FALSE,0.0016337534860901,8470760,9,25
2016020819,55,even-strength,78,-6,FALSE,FALSE,TRUE,TRUE,FALSE,FALSE,0.09245027705675413,8473533,12,25
2016020819,56,even-strength,70,0,FALSE,FALSE,TRUE,FALSE,FALSE,FALSE,0,8468493,12,25
2016020819,57,even-strength,79,5,FALSE,FALSE,TRUE,TRUE,TRUE,FALSE,0.09154539021621114,8478427,12,25
2016020819,60,even-strength,83,-7,FALSE,FALSE,TRUE,TRUE,FALSE,FALSE,0.0556755238051852,8475784,12,25
2016020819,68,even-strength,73,15,FALSE,FALSE,TRUE,FALSE,FALSE,FALSE,0,8475784,12,25
2016020819,69,even-strength,44,0,FALSE,FALSE,TRUE,TRUE,FALSE,FALSE,0.03199529735714643,8477488,12,25
2016020819,71,even-strength,44,-9,FALSE,FALSE,TRUE,TRUE,FALSE,FALSE,0.02445235525167676,8476807,12,25
2016020819,72,even-strength,86,-20,FALSE,FALSE,TRUE,TRUE,TRUE,FALSE,0.02418909298163903,8476882,12,25
2016020819,74,even-strength,32,34,FALSE,FALSE,TRUE,TRUE,FALSE,FALSE,0.00982087457300294,8468493,12,25
2016020819,75,even-strength,79,-3,FALSE,TRUE,TRUE,TRUE,TRUE,FALSE,0.28897372036560615,8478427,12,25
2016020819,79,even-strength,48,-1,FALSE,FALSE,TRUE,FALSE,FALSE,FALSE,0,8478396,12,25
2016020819,82,even-strength,80,7,FALSE,FALSE,TRUE,TRUE,TRUE,FALSE,0.07091628032766979,8477496,12,25
2016020819,84,even-strength,81,-4,FALSE,FALSE,TRUE,FALSE,FALSE,FALSE,0,8476807,12,25
2016020819,85,even-strength,43,-32,FALSE,FALSE,TRUE,FALSE,FALSE,FALSE,0,8476807,12,25
2016020819,88,even-strength,65,18,FALSE,FALSE,TRUE,TRUE,FALSE,FALSE,0.03902779229061996,8478427,12,25
2016020819,89,even-strength,80,0,FALSE,FALSE,TRUE,TRUE,TRUE,FALSE,0.11837321150046688,8478427,12,25
2016020819,91,even-strength,39,31,TRUE,FALSE,TRUE,FALSE,FALSE,FALSE,0,8476958,12,25
2016020819,92,even-strength,67,1,FALSE,FALSE,TRUE,TRUE,TRUE,FALSE,0.07360267428382825,8477496,12,25
2016020819,94,even-strength,72,-17,FALSE,FALSE,TRUE,FALSE,FALSE,FALSE,0,8476807,12,25
2016020819,96,even-strength,78,-3,FALSE,FALSE,TRUE,FALSE,FALSE,FALSE,0,8475784,12,25
2016020819,97,even-strength,48,27,FALSE,FALSE,TRUE,TRUE,FALSE,FALSE,0.02591049163170601,8476958,12,25
2016020819,100,even-strength,54,-16,FALSE,FALSE,TRUE,TRUE,TRUE,FALSE,0.02738917420386176,8478427,12,25
2016020819,204,even-strength,52,1,FALSE,FALSE,TRUE,TRUE,FALSE,FALSE,0.04835035347498567,8478427,12,25
2016020819,205,even-strength,41,-22,FALSE,FALSE,TRUE,FALSE,FALSE,FALSE,0,8475753,12,25
2016020819,206,even-strength,79,0,TRUE,FALSE,TRUE,TRUE,TRUE,FALSE,0.2602692842539058,8475784,12,25
2016020819,207,even-strength,76,2,TRUE,TRUE,TRUE,TRUE,TRUE,FALSE,0.3702839837602916,8475784,12,25
2016020819,208,even-strength,79,0,FALSE,FALSE,TRUE,FALSE,FALSE,FALSE,0,8475784,12,25
2016020819,209,even-strength,84,-10,FALSE,TRUE,TRUE,FALSE,FALSE,FALSE,0,8475784,12,25
2016020819,223,even-strength,78,-4,FALSE,FALSE,TRUE,TRUE,FALSE,FALSE,0.0776407852629486,8473533,12,25
2016020819,224,even-strength,57,38,TRUE,FALSE,TRUE,TRUE,TRUE,FALSE,0.03277573738242538,8475807,12,25
2016020819,225,even-strength,76,0,FALSE,FALSE,TRUE,FALSE,FALSE,FALSE,0,8475807,12,25
2016020819,227,even-strength,76,3,FALSE,FALSE,TRUE,TRUE,FALSE,FALSE,0.09756827553776874,8473533,12,25
2016020819,228,even-strength,63,20,FALSE,FALSE,TRUE,TRUE,TRUE,TRUE,0.03285898310673917,8478427,12,25
2016020819,229,even-strength,73,-3,FALSE,FALSE,TRUE,TRUE,TRUE,FALSE,0.08851094453376551,8476934,12,25
2016020819,231,even-strength,39,16,FALSE,FALSE,TRUE,TRUE,TRUE,FALSE,0.01603873695456223,8468493,12,25
2016020819,235,even-strength,81,-8,FALSE,TRUE,TRUE,TRUE,FALSE,FALSE,0.22855526282860336,8473533,12,25
2016020819,236,even-strength,63,-18,FALSE,FALSE,TRUE,TRUE,TRUE,FALSE,0.05259978947706666,8475753,12,25
2016020819,237,even-strength,81,5,FALSE,FALSE,TRUE,TRUE,TRUE,FALSE,0.11019190705032011,8473533,12,25
2016020819,249,even-strength,72,-13,FALSE,FALSE,TRUE,FALSE,FALSE,FALSE,0,8475784,12,25
2016020819,401,even-strength,53,25,FALSE,FALSE,TRUE,TRUE,FALSE,FALSE,0.02499819398007605,8478585,12,25
2016020819,402,even-strength,60,22,FALSE,FALSE,TRUE,TRUE,TRUE,FALSE,0.02305846189396563,8478427,12,25
2016020819,405,even-strength,71,-10,FALSE,FALSE,TRUE,TRUE,TRUE,FALSE,0.05160337067745948,8475784,12,25
2016020819,420,power-play,62,20,FALSE,FALSE,TRUE,TRUE,TRUE,FALSE,0.04981421500462674,8478427,12,25
2016020819,426,even-strength,49,-1,FALSE,FALSE,TRUE,FALSE,FALSE,FALSE,0,8475753,12,25
2016020819,429,even-strength,85,5,FALSE,TRUE,TRUE,TRUE,TRUE,FALSE,0.1809441493691343,8473533,12,25
2016020819,430,even-strength,86,-5,FALSE,FALSE,TRUE,TRUE,FALSE,FALSE,0.07759018024116848,8478427,12,25
2016020819,431,even-strength,81,-2,FALSE,TRUE,TRUE,TRUE,FALSE,FALSE,0.28497343345139736,8473533,12,25
2016020819,433,power-play,66,-3,FALSE,FALSE,TRUE,TRUE,TRUE,FALSE,0.09698022475971388,8477496,12,25
2016020819,434,power-play,82,-7,FALSE,TRUE,TRUE,TRUE,TRUE,TRUE,0.21841939398078075,8475753,12,25
2016020819,437,even-strength,61,-1,FALSE,FALSE,TRUE,FALSE,FALSE,FALSE,0,8470740,12,25
2016020819,439,even-strength,61,-38,FALSE,FALSE,TRUE,TRUE,TRUE,FALSE,0.0268994711431193,8477488,12,25
2016020819,441,even-strength,80,2,FALSE,FALSE,TRUE,TRUE,FALSE,FALSE,0.1477811018708661,8475784,12,25
2016020819,601,even-strength,86,-3,FALSE,FALSE,TRUE,TRUE,TRUE,FALSE,0.0584352975036098,8473537,12,25
2016020819,610,even-strength,82,3,TRUE,FALSE,TRUE,TRUE,TRUE,FALSE,0.1613773486609464,8478427,12,25
2016020831,8,even-strength,66,37,FALSE,FALSE,TRUE,TRUE,TRUE,FALSE,0.01812297512488634,8475218,18,25
2016020831,16,even-strength,51,7,FALSE,FALSE,TRUE,TRUE,FALSE,FALSE,0.0253256720997318,8471707,18,25
2016020831,18,even-strength,90,-7,FALSE,FALSE,TRUE,TRUE,TRUE,FALSE,0.14297786350142916,8475766,18,25
2016020831,21,even-strength,75,-21,FALSE,FALSE,TRUE,TRUE,FALSE,FALSE,0.04394124839180026,8476887,18,25
2016020831,22,even-strength,40,14,FALSE,FALSE,TRUE,TRUE,TRUE,FALSE,0.01886478527123067,8474600,18,25
2016020831,31,even-strength,31,1,FALSE,FALSE,TRUE,TRUE,TRUE,FALSE,0.01284293684110398,8475176,18,25
2016020831,33,even-strength,69,8,TRUE,FALSE,TRUE,TRUE,TRUE,FALSE,0.1422609048017275,8478042,18,25
2016020831,35,even-strength,75,0,FALSE,FALSE,TRUE,TRUE,FALSE,FALSE,0.16078483499706023,8475793,18,25
2016020831,36,even-strength,85,-6,FALSE,FALSE,TRUE,TRUE,FALSE,FALSE,0.05710944753999098,8476887,18,25
2016020831,38,even-strength,78,-8,FALSE,FALSE,TRUE,FALSE,FALSE,FALSE,0,8475625,18,25
2016020831,41,even-strength,62,7,FALSE,FALSE,TRUE,FALSE,FALSE,FALSE,0,8474134,18,25
2016020831,42,even-strength,66,1,FALSE,TRUE,TRUE,TRUE,TRUE,FALSE,0.19910586626586504,8475714,18,25
2016020831,45,power-play,86,-6,FALSE,FALSE,TRUE,FALSE,FALSE,FALSE,0,8474600,18,25
2016020831,50,even-strength,60,25,FALSE,FALSE,TRUE,FALSE,FALSE,FALSE,0,8478042,18,25
2016020831,260,even-strength,57,-2,FALSE,FALSE,TRUE,TRUE,FALSE,FALSE,0.05646077871613999,8471707,18,25
2016020831,261,even-strength,73,-12,FALSE,FALSE,TRUE,FALSE,FALSE,FALSE,0,8474056,18,25
2016020831,264,even-strength,39,-2,FALSE,FALSE,TRUE,FALSE,FALSE,FALSE,0,8475625,18,25
2016020831,268,power-play,64,24,FALSE,FALSE,TRUE,TRUE,FALSE,FALSE,0.07702712210662631,8476887,18,25
2016020831,276,power-play,57,-35,FALSE,FALSE,TRUE,TRUE,FALSE,FALSE,0.03693547350603086,8467370,18,25
2016020831,277,power-play,78,3,FALSE,FALSE,TRUE,FALSE,FALSE,FALSE,0,8475176,18,25
2016020831,278,even-strength,66,14,FALSE,FALSE,TRUE,TRUE,TRUE,FALSE,0.04430094301946814,8476887,18,25
2016020831,280,even-strength,70,10,FALSE,FALSE,TRUE,FALSE,FALSE,FALSE,0,8476887,18,25
2016020831,282,even-strength,35,-3,FALSE,FALSE,TRUE,TRUE,TRUE,FALSE,0.01698812859941294,8474134,18,25
2016020831,283,even-strength,78,2,FALSE,TRUE,TRUE,TRUE,FALSE,FALSE,0.28974480379956796,8475225,18,25
2016020831,285,even-strength,56,18,FALSE,FALSE,TRUE,FALSE,FALSE,FALSE,0,8475766,18,25
2016020831,286,even-strength,63,-17,FALSE,FALSE,TRUE,TRUE,TRUE,FALSE,0.03625859193198038,8475766,18,25
2016020831,287,even-strength,53,11,FALSE,FALSE,TRUE,FALSE,FALSE,FALSE,0,8475625,18,25
2016020831,289,even-strength,77,-4,FALSE,FALSE,TRUE,FALSE,FALSE,FALSE,0,8474134,18,25
2016020831,293,even-strength,52,-3,FALSE,FALSE,TRUE,TRUE,FALSE,FALSE,0.06344907292730678,8475176,18,25
2016020831,294,even-strength,86,26,FALSE,FALSE,TRUE,FALSE,FALSE,FALSE,0,8475793,18,25
2016020831,404,penalty-kill,84,5,FALSE,FALSE,TRUE,TRUE,TRUE,FALSE,0.09126601287668404,8478042,18,25
2016020831,406,even-strength,70,3,FALSE,FALSE,TRUE,TRUE,TRUE,FALSE,0.0905423493216896,8467370,18,25
2016020831,408,even-strength,75,14,FALSE,FALSE,TRUE,FALSE,FALSE,FALSE,0,8478042,18,25
2016020831,409,even-strength,86,7,FALSE,FALSE,TRUE,TRUE,TRUE,FALSE,0.04115294017494925,8475793,18,25
2016020831,410,even-strength,31,3,FALSE,TRUE,TRUE,TRUE,TRUE,FALSE,0.05292866924210986,8474600,18,25
2016020831,411,even-strength,81,1,FALSE,TRUE,TRUE,TRUE,TRUE,FALSE,0.35270229652120244,8478042,18,25
2016020831,416,even-strength,76,-2,FALSE,FALSE,TRUE,FALSE,FALSE,FALSE,0,8476857,18,25
2016020831,418,even-strength,76,-3,FALSE,FALSE,TRUE,TRUE,FALSE,FALSE,0.10596204380435528,8476158,18,25
2016020831,419,even-strength,49,0,FALSE,FALSE,TRUE,TRUE,FALSE,FALSE,0.02725564125547196,8474600,18,25
2016020831,420,even-strength,64,27,FALSE,FALSE,TRUE,TRUE,TRUE,TRUE,0.01719176688739783,8474600,18,25
2016020831,421,even-strength,73,1,FALSE,FALSE,TRUE,TRUE,TRUE,FALSE,0.3336350410039939,8475225,18,25
2016020831,424,even-strength,43,-15,FALSE,FALSE,TRUE,TRUE,FALSE,FALSE,0.01794976325429563,8474134,18,25
2016020831,425,even-strength,70,8,FALSE,FALSE,TRUE,FALSE,FALSE,FALSE,0,8475625,18,25
2016020831,427,even-strength,62,-40,FALSE,FALSE,TRUE,TRUE,TRUE,FALSE,0.01706404610240485,8475176,18,25
2016020831,428,even-strength,83,1,FALSE,FALSE,TRUE,TRUE,TRUE,FALSE,0.1544582844317261,8475793,18,25
2016020831,434,power-play,56,17,FALSE,FALSE,TRUE,TRUE,TRUE,FALSE,0.06349190073707028,8476887,18,25
2016020831,435,power-play,69,23,FALSE,FALSE,TRUE,TRUE,TRUE,FALSE,0.05628348970055511,8476887,18,25
2016020831,437,power-play,78,1,FALSE,FALSE,TRUE,TRUE,FALSE,FALSE,0.11266610174905044,8476887,18,25
2016020831,441,power-play,80,1,FALSE,TRUE,TRUE,TRUE,TRUE,FALSE,0.2847849957224413,8471707,18,25
2016020831,446,power-play,82,0,FALSE,FALSE,TRUE,TRUE,TRUE,FALSE,0.11054641329066373,8478042,18,25
2016020831,448,power-play,49,-8,FALSE,FALSE,TRUE,TRUE,TRUE,TRUE,0.07767751175093651,8474600,18,25
2016020831,449,power-play,85,1,FALSE,TRUE,TRUE,TRUE,TRUE,FALSE,0.3871650264978048,8476887,18,25
2016020831,450,power-play,78,11,FALSE,FALSE,TRUE,FALSE,FALSE,FALSE,0,8476887,18,25
2016020831,601,power-play,82,-1,FALSE,FALSE,TRUE,TRUE,TRUE,FALSE,0.17260632703398282,8476887,18,25
2016020831,603,even-strength,74,-19,FALSE,FALSE,TRUE,TRUE,FALSE,FALSE,0.03222022265595269,8475714,18,25
2016020831,605,even-strength,44,-30,FALSE,FALSE,TRUE,TRUE,TRUE,FALSE,0.01096031743574015,8474134,18,25
2016020831,608,even-strength,32,-24,FALSE,FALSE,TRUE,TRUE,FALSE,FALSE,0.01369305888744496,8475176,18,25
2016020831,610,even-strength,69,24,FALSE,FALSE,TRUE,TRUE,TRUE,FALSE,0.02655491162475577,8475766,18,25
2016020831,611,even-strength,81,-13,FALSE,FALSE,TRUE,FALSE,FALSE,FALSE,0,8474056,18,25
2016020831,612,even-strength,74,4,FALSE,FALSE,TRUE,FALSE,FALSE,FALSE,0,8475766,18,25
2016020831,613,even-strength,61,-35,FALSE,FALSE,TRUE,TRUE,TRUE,TRUE,0.01871781322350258,8475714,18,25
2016020831,614,even-strength,56,-20,FALSE,FALSE,TRUE,TRUE,TRUE,FALSE,0.03989360497828887,8478042,18,25
2016020831,615,even-strength,85,-38,FALSE,FALSE,TRUE,TRUE,TRUE,FALSE,0.01750875209020855,8478042,18,25
2016020831,619,penalty-kill,72,-1,TRUE,FALSE,TRUE,TRUE,TRUE,TRUE,0.24128642823409369,8476887,18,25
2016020831,622,even-strength,40,-34,FALSE,FALSE,TRUE,TRUE,TRUE,FALSE,0.01110435885035457,8475766,18,25
2016020831,623,even-strength,64,15,FALSE,FALSE,TRUE,TRUE,TRUE,FALSE,0.05070949776910785,8474600,18,25
2016020831,624,even-strength,36,22,FALSE,FALSE,TRUE,TRUE,TRUE,FALSE,0.01266485081342849,8474600,18,25
2016020831,625,even-strength,81,27,TRUE,FALSE,TRUE,TRUE,TRUE,FALSE,0.05970957559439999,8471707,18,25
2016020831,630,even-strength,70,12,FALSE,FALSE,TRUE,FALSE,FALSE,FALSE,0,8475766,18,25
2016020831,631,even-strength,45,-24,FALSE,FALSE,TRUE,TRUE,FALSE,FALSE,0.0175037851016199,8475766,18,25
2016020831,632,even-strength,46,32,FALSE,FALSE,TRUE,TRUE,FALSE,FALSE,0.01549771708954864,8475218,18,25
2016020831,636,even-strength,46,-14,FALSE,FALSE,TRUE,TRUE,FALSE,FALSE,0.02945360848732277,8475176,18,25
2016020831,638,even-strength,82,-1,FALSE,FALSE,TRUE,TRUE,FALSE,FALSE,0.16825043005141738,8474569,18,25
2016020831,639,even-strength,61,4,FALSE,FALSE,TRUE,FALSE,FALSE,FALSE,0,8475714,18,25
2016020852,17,even-strength,59,10,FALSE,FALSE,TRUE,FALSE,FALSE,FALSE,0,8475287,30,25
2016020852,20,even-strength,74,-18,FALSE,FALSE,TRUE,TRUE,TRUE,FALSE,0.05310457128510641,8469506,30,25
2016020852,21,even-strength,77,6,FALSE,TRUE,TRUE,FALSE,FALSE,FALSE,0,8470595,30,25
2016020852,22,even-strength,56,32,FALSE,FALSE,TRUE,FALSE,FALSE,FALSE,0,8477467,30,25
2016020852,29,even-strength,62,3,FALSE,FALSE,TRUE,TRUE,FALSE,FALSE,0.10165936700221909,8475147,30,25
2016020852,38,even-strength,76,11,FALSE,FALSE,TRUE,TRUE,TRUE,FALSE,0.06433711224522684,8473485,30,25
2016020852,43,even-strength,48,21,FALSE,FALSE,TRUE,TRUE,FALSE,FALSE,0.02145519970456054,8475722,30,25
2016020852,45,even-strength,46,24,FALSE,FALSE,TRUE,TRUE,TRUE,FALSE,0.02678544663452399,8475799,30,25
2016020852,46,even-strength,42,6,FALSE,FALSE,TRUE,FALSE,FALSE,FALSE,0,8474618,30,25
2016020852,204,even-strength,59,-16,FALSE,FALSE,TRUE,TRUE,TRUE,FALSE,0.0430220534619018,8475147,30,25
2016020852,206,even-strength,30,8,FALSE,FALSE,TRUE,TRUE,TRUE,FALSE,0.01351054478923539,8477467,30,25
2016020852,213,even-strength,55,12,FALSE,FALSE,TRUE,TRUE,TRUE,FALSE,0.03978373175839385,8470610,30,25
2016020852,216,even-strength,76,-20,FALSE,FALSE,TRUE,FALSE,FALSE,FALSE,0,8477949,30,25
2016020852,217,even-strength,58,-3,FALSE,FALSE,TRUE,TRUE,FALSE,FALSE,0.07143762705641082,8469459,30,25
2016020852,218,even-strength,70,-11,FALSE,FALSE,TRUE,TRUE,TRUE,FALSE,0.08169786621067701,8475798,30,25
2016020852,227,power-play,46,-20,FALSE,FALSE,TRUE,TRUE,TRUE,FALSE,0.03801209829022778,8470600,30,25
2016020852,229,power-play,47,10,FALSE,FALSE,TRUE,FALSE,FALSE,FALSE,0,8470600,30,25
2016020852,231,power-play,31,-11,FALSE,FALSE,TRUE,TRUE,TRUE,TRUE,0.03141916278278712,8470600,30,25
2016020852,402,penalty-kill,73,38,FALSE,FALSE,TRUE,TRUE,TRUE,FALSE,0.03289183961919463,8475722,30,25
2016020852,403,even-strength,75,2,FALSE,FALSE,TRUE,TRUE,TRUE,TRUE,0.12634425022515042,8475287,30,25
2016020852,405,even-strength,45,-17,FALSE,FALSE,TRUE,FALSE,FALSE,FALSE,0,8475287,30,25
2016020852,411,even-strength,38,-27,FALSE,FALSE,TRUE,TRUE,TRUE,FALSE,0.01327504290935246,8474716,30,25
2016020852,416,even-strength,71,11,FALSE,FALSE,TRUE,TRUE,TRUE,FALSE,0.0696913998825988,8475722,30,25
2016020852,420,even-strength,72,5,FALSE,FALSE,TRUE,TRUE,FALSE,FALSE,0.0986115632732747,8475722,30,25
2016020852,422,even-strength,56,12,FALSE,FALSE,TRUE,TRUE,FALSE,FALSE,0.02932193117032053,8470595,30,25
2016020852,425,even-strength,72,36,TRUE,FALSE,TRUE,TRUE,FALSE,FALSE,0.0285070839077459,8470610,30,25
2016020852,426,even-strength,61,21,FALSE,FALSE,TRUE,TRUE,FALSE,FALSE,0.03396985230366555,8475287,30,25
2016020852,427,even-strength,57,17,FALSE,FALSE,TRUE,TRUE,FALSE,FALSE,0.04783619172592218,8475147,30,25
2016020852,436,even-strength,33,-3,FALSE,FALSE,TRUE,TRUE,TRUE,FALSE,0.02331068816751033,8474716,30,25
2016020852,438,even-strength,60,16,FALSE,FALSE,TRUE,TRUE,TRUE,FALSE,0.03863318322265439,8470595,30,25
2016020852,457,even-strength,79,-1,FALSE,TRUE,TRUE,FALSE,FALSE,FALSE,0,8469459,30,25
2016020852,624,even-strength,32,-19,FALSE,FALSE,TRUE,TRUE,TRUE,FALSE,0.01127285485382746,8477850,30,25
2016020852,626,even-strength,67,-19,FALSE,FALSE,TRUE,TRUE,TRUE,FALSE,0.04054001743285399,8475722,30,25
2016020852,628,even-strength,37,-16,FALSE,FALSE,TRUE,FALSE,FALSE,FALSE,0,8475613,30,25
2016020852,629,even-strength,71,4,FALSE,FALSE,TRUE,TRUE,TRUE,FALSE,0.06713871051834257,8473485,30,25
2016020852,633,even-strength,60,-32,FALSE,FALSE,TRUE,TRUE,FALSE,FALSE,0.01949054046232758,8475798,30,25
2016020852,636,even-strength,50,21,FALSE,FALSE,TRUE,TRUE,TRUE,FALSE,0.0290198907921265,8475799,30,25
2016020852,641,even-strength,54,16,FALSE,FALSE,TRUE,TRUE,TRUE,FALSE,0.02904001061968228,8475722,30,25
2016020852,644,even-strength,75,-25,FALSE,FALSE,TRUE,TRUE,TRUE,FALSE,0.03213995526962447,8475745,30,25
2016020852,645,even-strength,79,-5,FALSE,TRUE,TRUE,TRUE,TRUE,FALSE,0.2829041632145321,8477949,30,25
2016020852,802,even-strength,43,26,FALSE,FALSE,TRUE,FALSE,FALSE,FALSE,0,8474618,30,25
2016020852,803,even-strength,82,1,FALSE,FALSE,TRUE,TRUE,TRUE,FALSE,0.14339651136214088,8470610,30,25
2016020852,804,even-strength,80,1,FALSE,TRUE,TRUE,TRUE,TRUE,FALSE,0.37147056692188696,8470610,30,25
2016020852,806,even-strength,65,-18,FALSE,FALSE,TRUE,FALSE,FALSE,FALSE,0,8477949,30,25
2016020852,811,even-strength,39,-33,FALSE,FALSE,TRUE,TRUE,TRUE,FALSE,0.0308103851522997,8474618,30,25
2016020852,813,even-strength,80,3,FALSE,FALSE,TRUE,TRUE,TRUE,TRUE,0.06478219024587352,8474716,30,25
2016020852,815,even-strength,52,20,FALSE,FALSE,TRUE,TRUE,FALSE,FALSE,0.03522539776432686,8470595,30,25
2016020864,53,even-strength,76,-3,FALSE,FALSE,TRUE,FALSE,FALSE,FALSE,0,8474870,14,25
2016020864,54,even-strength,43,31,FALSE,FALSE,TRUE,TRUE,FALSE,FALSE,0.01213677086933764,8470601,14,25
2016020864,60,even-strength,79,-3,FALSE,FALSE,TRUE,TRUE,TRUE,FALSE,0.1546995246769343,8470619,14,25
2016020864,61,even-strength,81,5,FALSE,TRUE,TRUE,TRUE,TRUE,TRUE,0.26111110160388173,8475167,14,25
2016020864,65,even-strength,76,3,FALSE,FALSE,TRUE,TRUE,TRUE,FALSE,0.16106910351816064,8474870,14,25
2016020864,70,even-strength,58,-25,FALSE,FALSE,TRUE,FALSE,FALSE,FALSE,0,8476806,14,25
2016020864,74,even-strength,73,6,FALSE,FALSE,TRUE,FALSE,FALSE,FALSE,0,8473986,14,25
2016020864,75,even-strength,65,10,FALSE,FALSE,TRUE,FALSE,FALSE,FALSE,0,8470601,14,25
2016020864,78,even-strength,52,-9,FALSE,FALSE,TRUE,TRUE,TRUE,FALSE,0.02936670212630653,8470047,14,25
2016020864,79,even-strength,83,17,FALSE,FALSE,TRUE,TRUE,FALSE,FALSE,0.03941411241354605,8470619,14,25
2016020864,88,even-strength,59,-16,FALSE,FALSE,TRUE,TRUE,FALSE,FALSE,0.03195677524763613,8476806,14,25
2016020864,89,even-strength,19,38,FALSE,TRUE,TRUE,TRUE,FALSE,FALSE,0.01181122346946009,8474520,14,25
2016020864,91,power-play,75,3,FALSE,FALSE,TRUE,TRUE,TRUE,TRUE,0.117704486074016,8474870,14,25
2016020864,94,even-strength,40,-31,FALSE,FALSE,TRUE,TRUE,FALSE,FALSE,0.01615490148980676,8477205,14,25
2016020864,95,even-strength,54,-1,FALSE,FALSE,TRUE,TRUE,TRUE,FALSE,0.07006016770732523,8475167,14,25
2016020864,99,even-strength,33,12,FALSE,FALSE,TRUE,TRUE,TRUE,FALSE,0.02306225853284332,8477205,14,25
2016020864,204,even-strength,29,-36,FALSE,FALSE,TRUE,TRUE,FALSE,FALSE,0.00711499763509601,8477009,14,25
2016020864,211,even-strength,81,2,FALSE,FALSE,TRUE,TRUE,TRUE,FALSE,0.10880902341434484,8470619,14,25
2016020864,217,even-strength,65,0,FALSE,FALSE,TRUE,FALSE,FALSE,FALSE,0,8470601,14,25
2016020864,219,even-strength,67,-1,FALSE,FALSE,TRUE,FALSE,FALSE,FALSE,0,8471873,14,25
2016020864,230,even-strength,48,6,FALSE,FALSE,TRUE,TRUE,FALSE,FALSE,0.05262998943432828,8474520,14,25
2016020864,234,even-strength,29,34,FALSE,FALSE,TRUE,TRUE,TRUE,FALSE,0.00809622335594429,8474520,14,25
2016020864,235,even-strength,60,5,FALSE,FALSE,TRUE,FALSE,FALSE,FALSE,0,8476975,14,25
2016020864,238,even-strength,79,-4,FALSE,FALSE,TRUE,TRUE,TRUE,FALSE,0.13059846083525964,8474870,14,25
2016020864,240,power-play,77,1,FALSE,FALSE,TRUE,TRUE,TRUE,FALSE,0.14929998240124387,8476292,14,25
2016020864,241,power-play,44,1,FALSE,FALSE,TRUE,TRUE,TRUE,TRUE,0.05536670823352195,8475167,14,25
2016020864,247,penalty-kill,74,-3,TRUE,FALSE,TRUE,TRUE,TRUE,FALSE,0.2290872439793168,8474870,14,25
2016020864,249,penalty-kill,3,29,FALSE,FALSE,TRUE,TRUE,TRUE,FALSE,0.00264956946838916,8475167,14,25
2016020864,401,even-strength,54,-29,TRUE,FALSE,TRUE,TRUE,TRUE,FALSE,0.02302156865248029,8470619,14,25
2016020864,403,even-strength,78,-2,FALSE,FALSE,TRUE,TRUE,TRUE,FALSE,0.10061639210077444,8476480,14,25
2016020864,407,even-strength,71,-10,FALSE,FALSE,TRUE,FALSE,FALSE,FALSE,0,8477494,14,25
2016020864,408,even-strength,74,31,FALSE,FALSE,TRUE,TRUE,TRUE,FALSE,0.02139917586680895,8471873,14,25
2016020864,409,even-strength,74,0,FALSE,FALSE,TRUE,FALSE,FALSE,FALSE,0,8474520,14,25
2016020864,413,even-strength,61,-23,FALSE,FALSE,TRUE,TRUE,FALSE,FALSE,0.03574766177622002,8470619,14,25
2016020864,415,even-strength,55,-16,FALSE,FALSE,TRUE,TRUE,TRUE,FALSE,0.03319104218938391,8476480,14,25
2016020864,416,even-strength,52,27,FALSE,FALSE,TRUE,TRUE,TRUE,FALSE,0.01938644159645069,8475167,14,25
2016020864,417,even-strength,65,6,FALSE,FALSE,TRUE,FALSE,FALSE,FALSE,0,8478010,14,25
2016020864,418,even-strength,62,19,FALSE,FALSE,TRUE,TRUE,TRUE,FALSE,0.05173490744597779,8475254,14,25
2016020864,419,even-strength,81,7,FALSE,TRUE,TRUE,TRUE,TRUE,FALSE,0.228172109778031,8475254,14,25
2016020864,424,even-strength,79,-5,FALSE,TRUE,TRUE,TRUE,TRUE,FALSE,0.3251239034063424,8476806,14,25
2016020864,426,even-strength,79,6,FALSE,FALSE,TRUE,FALSE,FALSE,FALSE,0,8476806,14,25
2016020864,429,even-strength,60,-16,FALSE,FALSE,TRUE,FALSE,FALSE,FALSE,0,8476292,14,25
2016020864,434,even-strength,51,18,FALSE,FALSE,TRUE,FALSE,FALSE,FALSE,0,8471873,14,25
2016020864,436,even-strength,67,21,FALSE,FALSE,TRUE,TRUE,TRUE,FALSE,0.05950201401864557,8476292,14,25
2016020864,437,even-strength,66,11,TRUE,FALSE,TRUE,FALSE,FALSE,FALSE,0,8470601,14,25
2016020864,443,even-strength,58,4,FALSE,FALSE,TRUE,FALSE,FALSE,FALSE,0,8476975,14,25
2016020864,450,even-strength,78,-4,FALSE,FALSE,TRUE,FALSE,FALSE,FALSE,0,8477494,14,25
2016020864,531,even-strength,38,32,FALSE,TRUE,TRUE,TRUE,FALSE,FALSE,0.0396612767215254,8474520,14,25
2016020864,601,even-strength,32,34,FALSE,FALSE,TRUE,TRUE,TRUE,FALSE,0.00852165963221318,8474520,14,25
2016020864,602,even-strength,66,-15,FALSE,FALSE,TRUE,TRUE,FALSE,FALSE,0.05452549977369284,8473986,14,25
2016020864,603,even-strength,59,-8,FALSE,FALSE,TRUE,TRUE,FALSE,FALSE,0.04901867811061523,8478010,14,25
2016020864,607,even-strength,66,4,TRUE,FALSE,TRUE,TRUE,TRUE,FALSE,0.1274142012960862,8470619,14,25
2016020864,609,even-strength,73,4,TRUE,TRUE,TRUE,TRUE,FALSE,FALSE,0.2678860803310356,8470619,14,25
2016020864,610,even-strength,57,-14,FALSE,FALSE,TRUE,FALSE,FALSE,FALSE,0,8470601,14,25
2016020864,612,even-strength,71,5,FALSE,FALSE,TRUE,FALSE,FALSE,FALSE,0,8478010,14,25
2016020864,613,even-strength,69,-38,FALSE,FALSE,TRUE,TRUE,FALSE,FALSE,0.0211253526322036,8471873,14,25
2016020864,616,even-strength,85,-10,FALSE,FALSE,TRUE,TRUE,FALSE,FALSE,0.02742932453134151,8476975,14,25
2016020864,617,even-strength,90,-15,TRUE,FALSE,TRUE,TRUE,FALSE,FALSE,0.2462140164160632,8476806,14,25
2016020864,618,even-strength,82,23,FALSE,FALSE,TRUE,TRUE,TRUE,FALSE,0.03606895763359726,8471873,14,25
2016020864,620,even-strength,79,6,FALSE,FALSE,TRUE,TRUE,TRUE,FALSE,0.06695354647859558,8470619,14,25
2016020864,622,even-strength,71,-15,FALSE,FALSE,TRUE,FALSE,FALSE,FALSE,0,8476480,14,25
2016020864,625,even-strength,46,-27,FALSE,FALSE,TRUE,TRUE,FALSE,FALSE,0.0171418209971913,8477009,14,25
2016020864,626,even-strength,72,23,FALSE,FALSE,TRUE,FALSE,FALSE,FALSE,0,8475167,14,25
2016020864,627,even-strength,61,25,FALSE,FALSE,TRUE,TRUE,FALSE,FALSE,0.02562801313507947,8475167,14,25
2016020864,629,even-strength,67,-35,FALSE,TRUE,TRUE,TRUE,TRUE,FALSE,0.07117115635896569,8477494,14,25
2016020864,631,even-strength,61,-24,FALSE,FALSE,TRUE,TRUE,TRUE,FALSE,0.03914665866234219,8470619,14,25
2016020864,632,even-strength,28,-27,FALSE,FALSE,TRUE,TRUE,FALSE,FALSE,0.00874087537703349,8475167,14,25
2016020864,633,even-strength,66,6,FALSE,FALSE,TRUE,FALSE,FALSE,FALSE,0,8470601,14,25
2016020864,634,even-strength,39,-32,FALSE,FALSE,TRUE,TRUE,TRUE,FALSE,0.01174449014324552,8476292,14,25
2016020864,635,even-strength,31,17,FALSE,FALSE,TRUE,TRUE,TRUE,FALSE,0.02067563525716899,8474520,14,25
2016020864,637,even-strength,31,-7,FALSE,FALSE,TRUE,TRUE,TRUE,FALSE,0.01729527029398095,8475167,14,25
2016020864,642,even-strength,68,-23,FALSE,FALSE,TRUE,TRUE,TRUE,FALSE,0.03269933973402181,8471873,14,25
2016020864,644,even-strength,57,24,FALSE,FALSE,TRUE,FALSE,FALSE,FALSE,0,8470619,14,25
2016020864,648,even-strength,71,1,FALSE,FALSE,TRUE,FALSE,FALSE,FALSE,0,8475167,14,25
2016020864,649,even-strength,73,-17,FALSE,FALSE,TRUE,TRUE,TRUE,FALSE,0.06074650195192614,8474870,14,25
2016020864,650,even-strength,66,2,FALSE,FALSE,TRUE,TRUE,TRUE,FALSE,0.11801585036908288,8476292,14,25
2016020864,801,even-strength,52,1,FALSE,FALSE,TRUE,TRUE,FALSE,FALSE,0.05648221572978036,8477009,14,25
2016020864,802,even-strength,79,-4,FALSE,FALSE,TRUE,TRUE,TRUE,FALSE,0.06605539725235934,8473986,14,25
2016020864,803,even-strength,79,13,FALSE,FALSE,TRUE,TRUE,TRUE,FALSE,0.09507401905941967,8478010,14,25
2016020903,53,even-strength,54,29,FALSE,FALSE,TRUE,TRUE,FALSE,FALSE,0.02030227394853583,8476356,53,25
2016020903,55,even-strength,80,8,FALSE,TRUE,TRUE,TRUE,TRUE,FALSE,0.23701208569573587,8471691,53,25
2016020903,57,even-strength,81,5,FALSE,TRUE,TRUE,TRUE,FALSE,FALSE,0.2358290370757447,8471691,53,25
2016020903,60,power-play,57,-6,FALSE,FALSE,TRUE,FALSE,FALSE,FALSE,0,8475171,53,25
2016020903,61,power-play,63,12,FALSE,FALSE,TRUE,FALSE,FALSE,FALSE,0,8468085,53,25
2016020903,67,penalty-kill,66,-30,FALSE,FALSE,TRUE,TRUE,TRUE,FALSE,0.03282128094582131,8476356,53,25
2016020903,72,even-strength,67,10,TRUE,FALSE,TRUE,FALSE,FALSE,FALSE,0,8476356,53,25
2016020903,73,even-strength,54,-3,FALSE,FALSE,TRUE,TRUE,TRUE,TRUE,0.05007721269824051,8468085,53,25
2016020903,74,even-strength,65,-31,FALSE,TRUE,TRUE,TRUE,TRUE,FALSE,0.08352659620285191,8468085,53,25
2016020903,86,even-strength,76,-3,FALSE,FALSE,TRUE,FALSE,FALSE,FALSE,0,8468085,53,25
2016020903,88,even-strength,70,4,FALSE,TRUE,TRUE,TRUE,TRUE,FALSE,0.207918372260686,8477943,53,25
2016020903,89,even-strength,64,7,FALSE,FALSE,TRUE,TRUE,FALSE,FALSE,0.07047595799317655,8477989,53,25
2016020903,96,even-strength,66,17,FALSE,FALSE,TRUE,TRUE,TRUE,FALSE,0.06118953432012627,8477503,53,25
2016020903,97,even-strength,31,-29,FALSE,FALSE,TRUE,TRUE,FALSE,FALSE,0.01171017835754303,8475246,53,25
2016020903,99,even-strength,46,-32,FALSE,FALSE,TRUE,FALSE,FALSE,FALSE,0,8474568,53,25
2016020903,201,even-strength,82,28,FALSE,FALSE,TRUE,TRUE,TRUE,FALSE,0.02242087562141833,8475171,53,25
2016020903,207,even-strength,64,0,FALSE,FALSE,TRUE,TRUE,TRUE,FALSE,0.10923680599409896,8476356,53,25
2016020903,211,even-strength,53,-33,FALSE,FALSE,TRUE,TRUE,FALSE,FALSE,0.0154803462705234,8477943,53,25
2016020903,213,even-strength,60,1,FALSE,FALSE,TRUE,TRUE,FALSE,FALSE,0.06237665558138465,8476356,53,25
2016020903,220,even-strength,81,12,FALSE,TRUE,TRUE,TRUE,FALSE,FALSE,0.15907306585694336,8476473,53,25
2016020903,224,even-strength,56,26,FALSE,FALSE,TRUE,TRUE,TRUE,FALSE,0.02038470428661062,8471691,53,25
2016020903,229,power-play,81,-1,FALSE,FALSE,TRUE,TRUE,TRUE,FALSE,0.11823232918594571,8477943,53,25
2016020903,233,power-play,74,-1,FALSE,FALSE,TRUE,TRUE,TRUE,FALSE,0.09547655235046058,8475180,53,25
2016020903,235,power-play,82,6,FALSE,FALSE,TRUE,TRUE,FALSE,FALSE,0.08563926945744454,8475180,53,25
2016020903,237,power-play,56,24,FALSE,FALSE,TRUE,TRUE,TRUE,FALSE,0.06865694406086141,8468085,53,25
2016020903,240,power-play,61,31,FALSE,FALSE,TRUE,TRUE,TRUE,FALSE,0.0474723502019022,8475171,53,25
2016020903,241,even-strength,63,28,FALSE,FALSE,TRUE,TRUE,FALSE,FALSE,0.02658408496135758,8477989,53,25
2016020903,418,even-strength,64,-17,FALSE,FALSE,TRUE,TRUE,TRUE,FALSE,0.04645360082229091,8471274,53,25
2016020903,420,even-strength,66,8,FALSE,FALSE,TRUE,FALSE,FALSE,FALSE,0,8475246,53,25
2016020903,421,even-strength,59,23,FALSE,FALSE,TRUE,FALSE,FALSE,FALSE,0,8476473,53,25
2016020903,422,even-strength,82,-3,FALSE,TRUE,TRUE,TRUE,TRUE,TRUE,0.14551608277022857,8471691,53,25
2016020903,429,even-strength,61,-21,FALSE,FALSE,TRUE,TRUE,TRUE,FALSE,0.02770597060122515,8479345,53,25
2016020903,430,even-strength,57,4,FALSE,FALSE,TRUE,TRUE,TRUE,FALSE,0.06364843180717741,8475180,53,25
2016020903,433,even-strength,54,-16,FALSE,FALSE,TRUE,TRUE,TRUE,FALSE,0.04249821944940292,8475246,53,25
2016020903,442,penalty-kill,30,3,FALSE,FALSE,TRUE,TRUE,TRUE,FALSE,0.03567963595197929,8471691,53,25
2016020903,452,even-strength,74,-10,FALSE,FALSE,TRUE,TRUE,TRUE,FALSE,0.111576578577749,8468085,53,25
2016020903,454,even-strength,73,-7,FALSE,FALSE,TRUE,FALSE,FALSE,FALSE,0,8468085,53,25
2016020903,457,even-strength,73,2,FALSE,FALSE,TRUE,FALSE,FALSE,FALSE,0,8479345,53,25
2016020903,461,power-play,71,1,FALSE,FALSE,TRUE,FALSE,FALSE,FALSE,0,8471691,53,25
2016020903,462,power-play,47,-24,FALSE,FALSE,TRUE,FALSE,FALSE,FALSE,0,8477503,53,25
2016020903,464,power-play,60,-2,FALSE,FALSE,TRUE,FALSE,FALSE,FALSE,0,8471274,53,25
2016020903,465,power-play,56,-13,FALSE,FALSE,TRUE,TRUE,TRUE,FALSE,0.06003582595902108,8477989,53,25
2016020903,466,even-strength,82,4,FALSE,FALSE,TRUE,TRUE,TRUE,FALSE,0.09074681514817674,8471691,53,25
2016020903,468,even-strength,79,-12,TRUE,FALSE,TRUE,TRUE,TRUE,FALSE,0.08255357196117974,8471691,53,25
2016020903,473,even-strength,61,21,FALSE,FALSE,TRUE,TRUE,TRUE,FALSE,0.02814723799940442,8471691,53,25
2016020903,482,even-strength,69,27,FALSE,FALSE,TRUE,FALSE,FALSE,FALSE,0,8471691,53,25
2016020903,483,even-strength,75,13,FALSE,FALSE,TRUE,FALSE,FALSE,FALSE,0,8479345,53,25
2016020903,484,even-strength,61,1,FALSE,FALSE,TRUE,TRUE,FALSE,FALSE,0.105982489315569,8462038,53,25
2016020903,494,even-strength,84,-7,FALSE,FALSE,TRUE,TRUE,TRUE,FALSE,0.08346353713751845,8471691,53,25
2016020903,752,even-strength,70,15,FALSE,FALSE,TRUE,FALSE,FALSE,FALSE,0,8471691,53,25
2016020903,755,even-strength,64,13,FALSE,FALSE,TRUE,TRUE,FALSE,FALSE,0.03941400967310934,8468085,53,25
2016020903,756,even-strength,89,20,FALSE,FALSE,TRUE,TRUE,FALSE,FALSE,0.07414497723843229,8471691,53,25
2016020903,758,even-strength,66,19,FALSE,FALSE,TRUE,TRUE,TRUE,FALSE,0.03931542796568528,8477989,53,25
2016020903,761,even-strength,53,7,FALSE,FALSE,TRUE,TRUE,TRUE,FALSE,0.0348765420107815,8475180,53,25
2016020903,762,even-strength,69,-9,FALSE,FALSE,TRUE,FALSE,FALSE,FALSE,0,8473466,53,25
2016020912,54,even-strength,48,28,FALSE,FALSE,TRUE,TRUE,TRUE,FALSE,0.01544839672041707,8465009,6,25
2016020912,61,even-strength,79,8,FALSE,FALSE,TRUE,FALSE,FALSE,FALSE,0,8470638,6,25
2016020912,63,even-strength,34,34,FALSE,FALSE,TRUE,TRUE,TRUE,FALSE,0.00778628897638133,8478366,6,25
2016020912,64,even-strength,64,9,FALSE,FALSE,TRUE,TRUE,FALSE,FALSE,0.05982104973042056,8478366,6,25
2016020912,67,even-strength,73,-6,FALSE,FALSE,TRUE,FALSE,FALSE,FALSE,0,8478366,6,25
2016020912,68,even-strength,81,-4,FALSE,FALSE,TRUE,FALSE,FALSE,FALSE,0,8474625,6,25
2016020912,69,even-strength,73,11,FALSE,FALSE,TRUE,TRUE,TRUE,TRUE,0.06366145621747406,8473419,6,25
2016020912,70,even-strength,52,-22,FALSE,FALSE,TRUE,TRUE,TRUE,FALSE,0.02432293709276022,8470655,6,25
2016020912,72,even-strength,71,1,FALSE,FALSE,TRUE,TRUE,TRUE,TRUE,0.09584027784422156,8471276,6,25
2016020912,74,even-strength,74,-14,FALSE,FALSE,TRUE,TRUE,TRUE,FALSE,0.0820258558293475,8468639,6,25
2016020912,75,even-strength,59,-3,FALSE,FALSE,TRUE,TRUE,FALSE,FALSE,0.08081259599763116,8475727,6,25
2016020912,83,even-strength,82,-5,TRUE,FALSE,TRUE,TRUE,TRUE,FALSE,0.15766270496865484,8475727,6,25
2016020912,84,even-strength,34,-31,FALSE,FALSE,TRUE,TRUE,TRUE,FALSE,0.01427602822410677,8478443,6,25
2016020912,86,even-strength,68,23,FALSE,FALSE,TRUE,TRUE,TRUE,FALSE,0.03325307541730328,8475727,6,25
2016020912,241,even-strength,83,4,FALSE,TRUE,TRUE,TRUE,TRUE,FALSE,0.27084863605782644,8474625,6,25
2016020912,355,even-strength,78,-18,FALSE,FALSE,TRUE,TRUE,TRUE,FALSE,0.03421197741698515,8470638,6,25
2016020912,357,even-strength,55,27,FALSE,FALSE,TRUE,TRUE,TRUE,FALSE,0.0169425862804131,8476792,6,25
2016020912,367,even-strength,53,18,FALSE,FALSE,TRUE,TRUE,TRUE,FALSE,0.05398840186433521,8476792,6,25
2016020912,374,even-strength,86,6,FALSE,FALSE,TRUE,TRUE,TRUE,FALSE,0.03209071567207503,8474062,6,25
2016020912,375,even-strength,55,20,FALSE,FALSE,TRUE,FALSE,FALSE,FALSE,0,8465009,6,25
2016020912,376,even-strength,46,-22,FALSE,TRUE,TRUE,TRUE,FALSE,FALSE,0.0453449113074461,8478443,6,25
2016020912,379,even-strength,32,-34,FALSE,FALSE,TRUE,TRUE,TRUE,FALSE,0.00851579009956763,8471717,6,25
2016020912,380,even-strength,71,-8,FALSE,FALSE,TRUE,FALSE,FALSE,FALSE,0,8478366,6,25
2016020912,382,even-strength,59,28,FALSE,FALSE,TRUE,TRUE,FALSE,FALSE,0.02139773971083795,8473419,6,25
2016020912,396,even-strength,80,4,TRUE,FALSE,TRUE,TRUE,TRUE,FALSE,0.21234209820182143,8474062,6,25
2016020912,399,even-strength,64,-25,TRUE,FALSE,TRUE,TRUE,FALSE,FALSE,0.06326473699283697,8473419,6,25
2016020912,552,even-strength,69,1,FALSE,FALSE,TRUE,TRUE,TRUE,TRUE,0.08573555437260101,8478366,6,25
2016020912,554,even-strength,80,0,FALSE,FALSE,TRUE,TRUE,TRUE,TRUE,0.1307090318028779,8470638,6,25
2016020912,559,even-strength,61,3,FALSE,FALSE,TRUE,TRUE,TRUE,FALSE,0.07307205657183038,8478366,6,25
2016020912,569,even-strength,40,-2,TRUE,FALSE,TRUE,TRUE,TRUE,FALSE,0.0742604179983054,8471717,6,25
2016020912,575,even-strength,73,17,FALSE,FALSE,TRUE,FALSE,FALSE,FALSE,0,8470638,6,25
2016020912,576,even-strength,72,2,FALSE,FALSE,TRUE,FALSE,FALSE,FALSE,0,8470655,6,25
2016020912,577,even-strength,76,-5,FALSE,FALSE,TRUE,TRUE,TRUE,FALSE,0.17573197172487243,8477956,6,25
2016020912,579,power-play,59,-3,FALSE,FALSE,TRUE,FALSE,FALSE,FALSE,0,8470638,6,25
2016020912,580,power-play,70,1,FALSE,FALSE,TRUE,FALSE,FALSE,FALSE,0,8470638,6,25
2016020912,581,even-strength,62,24,FALSE,FALSE,TRUE,FALSE,FALSE,FALSE,0,8468575,6,25
2016020912,588,even-strength,48,-6,FALSE,FALSE,TRUE,TRUE,TRUE,TRUE,0.04928092919452,8470638,6,25
2016020912,589,even-strength,27,4,FALSE,FALSE,TRUE,TRUE,TRUE,FALSE,0.01896959178779937,8478443,6,25
2016020912,591,even-strength,63,27,FALSE,FALSE,TRUE,FALSE,FALSE,FALSE,0,8468575,6,25
2016020912,592,even-strength,66,26,FALSE,FALSE,TRUE,TRUE,FALSE,FALSE,0.03128697118157926,8477956,6,25
2016020912,594,even-strength,67,-34,FALSE,FALSE,TRUE,TRUE,FALSE,FALSE,0.024274699332181002,8475727,6,25
2016020912,624,even-strength,63,15,FALSE,FALSE,TRUE,FALSE,FALSE,FALSE,0,8465009,6,25
2016020912,760,power-play,65,-25,FALSE,FALSE,TRUE,TRUE,TRUE,FALSE,0.08229975034235616,8470638,6,25
2016020912,764,power-play,79,-10,FALSE,FALSE,TRUE,TRUE,TRUE,TRUE,0.11393930283015775,8475727,6,25
2016020912,765,power-play,38,-5,TRUE,TRUE,TRUE,TRUE,TRUE,FALSE,0.2557496415558719,8477956,6,25
2016020912,766,power-play,79,-8,TRUE,FALSE,TRUE,TRUE,TRUE,FALSE,0.1174711715154666,8475727,6,25
2016020912,769,even-strength,31,-36,FALSE,FALSE,TRUE,TRUE,FALSE,FALSE,0.00668302004782392,8478443,6,25
2016020912,770,even-strength,59,-9,FALSE,FALSE,TRUE,TRUE,FALSE,FALSE,0.06321837571223096,8470638,6,25
2016020912,771,even-strength,58,11,FALSE,FALSE,TRUE,TRUE,TRUE,FALSE,0.05863278770849595,8470638,6,25
2016020912,775,even-strength,42,9,FALSE,FALSE,TRUE,TRUE,FALSE,FALSE,0.03640370628581324,8474062,6,25
2016020912,777,even-strength,75,-4,FALSE,FALSE,TRUE,TRUE,FALSE,FALSE,0.0935587161924249,8470655,6,25
2016020955,19,even-strength,54,-36,FALSE,FALSE,TRUE,FALSE,FALSE,FALSE,0,8476389,13,25
2016020955,54,even-strength,87,15,FALSE,FALSE,TRUE,TRUE,TRUE,FALSE,0.0310810430506711,8475760,13,25
2016020955,58,even-strength,43,31,TRUE,FALSE,TRUE,TRUE,TRUE,FALSE,0.02298087520341423,8476875,13,25
2016020955,61,even-strength,42,-25,FALSE,FALSE,TRUE,TRUE,TRUE,FALSE,0.02392843579514619,8477932,13,25
2016020955,62,even-strength,38,-28,FALSE,FALSE,TRUE,TRUE,TRUE,FALSE,0.05378045455425127,8477932,13,25
2016020955,68,even-strength,80,-6,FALSE,FALSE,TRUE,TRUE,FALSE,FALSE,0.0979716611789093,8475760,13,25
2016020955,69,even-strength,66,6,FALSE,FALSE,TRUE,TRUE,TRUE,FALSE,0.05972280309742205,8475760,13,25
2016020955,73,even-strength,49,-14,FALSE,FALSE,TRUE,TRUE,TRUE,FALSE,0.02609630494227316,8468001,13,25
2016020955,75,even-strength,43,-18,FALSE,FALSE,TRUE,TRUE,TRUE,FALSE,0.01863929912243123,8476875,13,25
2016020955,79,power-play,78,-21,FALSE,FALSE,TRUE,TRUE,FALSE,FALSE,0.06275299281971211,8476389,13,25
2016020955,80,power-play,40,-33,FALSE,TRUE,TRUE,TRUE,TRUE,FALSE,0.09298520550823657,8477932,13,25
2016020955,81,power-play,67,-18,FALSE,FALSE,TRUE,TRUE,TRUE,FALSE,0.06113344001329049,8476539,13,25
2016020955,83,power-play,93,-23,FALSE,FALSE,TRUE,TRUE,TRUE,FALSE,0.07550970121490722,8475760,13,25
2016020955,84,power-play,67,-7,FALSE,FALSE,TRUE,FALSE,FALSE,FALSE,0,8474218,13,25
2016020955,86,even-strength,86,9,FALSE,FALSE,TRUE,TRUE,FALSE,FALSE,0.02212588696256145,8476389,13,25
2016020955,89,even-strength,44,11,FALSE,FALSE,TRUE,TRUE,TRUE,FALSE,0.02823441946665892,8476875,13,25
2016020955,93,even-strength,57,25,FALSE,FALSE,TRUE,TRUE,TRUE,FALSE,0.02870434333812083,8475191,13,25
2016020955,254,power-play,65,-16,FALSE,FALSE,TRUE,TRUE,TRUE,TRUE,0.07464596078324878,8476456,13,25
2016020955,257,even-strength,76,18,FALSE,FALSE,TRUE,TRUE,TRUE,FALSE,0.03117778018557765,8474098,13,25
2016020955,258,even-strength,57,26,FALSE,FALSE,TRUE,TRUE,TRUE,FALSE,0.01731709452003029,8465978,13,25
2016020955,259,even-strength,41,33,FALSE,FALSE,TRUE,TRUE,TRUE,FALSE,0.0112115673131276,8476875,13,25
2016020955,261,even-strength,74,25,FALSE,FALSE,TRUE,FALSE,FALSE,FALSE,0,8476875,13,25
2016020955,263,even-strength,64,-28,FALSE,FALSE,TRUE,TRUE,FALSE,FALSE,0.02920979481344721,8474218,13,25
2016020955,266,even-strength,38,-26,FALSE,FALSE,TRUE,TRUE,TRUE,FALSE,0.02027746327302489,8477932,13,25
2016020955,283,even-strength,74,14,FALSE,FALSE,TRUE,TRUE,FALSE,FALSE,0.06486558892497746,8475760,13,25
2016020955,288,even-strength,38,-28,FALSE,FALSE,TRUE,TRUE,TRUE,FALSE,0.0281967734850532,8474218,13,25
2016020955,289,even-strength,41,-15,FALSE,FALSE,TRUE,TRUE,TRUE,FALSE,0.025331568780786,8474218,13,25
2016020955,290,even-strength,46,31,FALSE,FALSE,TRUE,TRUE,FALSE,FALSE,0.02058338295679659,8476875,13,25
2016020955,291,even-strength,75,-11,FALSE,FALSE,TRUE,TRUE,TRUE,FALSE,0.0734855088745487,8474218,13,25
2016020955,297,even-strength,79,8,FALSE,FALSE,TRUE,FALSE,FALSE,FALSE,0,8471735,13,25
2016020955,298,even-strength,59,4,FALSE,FALSE,TRUE,TRUE,TRUE,FALSE,0.10822374802948984,8476456,13,25
2016020955,299,even-strength,39,-29,FALSE,FALSE,TRUE,TRUE,TRUE,FALSE,0.01593263669127838,8477932,13,25
2016020955,455,even-strength,76,-10,FALSE,FALSE,TRUE,TRUE,TRUE,FALSE,0.06001312793522155,8469638,13,25
2016020955,456,even-strength,82,8,FALSE,TRUE,TRUE,TRUE,TRUE,FALSE,0.2133165889026816,8469638,13,25
2016020955,458,even-strength,54,-25,FALSE,FALSE,TRUE,FALSE,FALSE,FALSE,0,8476389,13,25
2016020955,460,even-strength,61,-18,FALSE,FALSE,TRUE,TRUE,TRUE,FALSE,0.04558527289062337,8474098,13,25
2016020955,461,even-strength,60,-21,FALSE,FALSE,TRUE,TRUE,TRUE,FALSE,0.03815638531148335,8477493,13,25
2016020955,463,even-strength,36,-28,FALSE,FALSE,TRUE,TRUE,TRUE,FALSE,0.01495203102573924,8474218,13,25
2016020955,464,even-strength,37,6,FALSE,FALSE,TRUE,TRUE,FALSE,FALSE,0.02333375278618935,8476875,13,25
2016020955,468,even-strength,77,9,FALSE,FALSE,TRUE,FALSE,FALSE,FALSE,0,8471735,13,25
2016020955,469,even-strength,60,1,FALSE,FALSE,TRUE,TRUE,TRUE,FALSE,0.04933084376406422,8477932,13,25
2016020955,471,even-strength,40,-27,FALSE,FALSE,TRUE,TRUE,TRUE,FALSE,0.02235511339396699,8477932,13,25
2016020955,472,even-strength,80,9,FALSE,TRUE,TRUE,TRUE,FALSE,FALSE,0.20248984000927583,8448208,13,25
2016020955,476,even-strength,35,-30,FALSE,FALSE,TRUE,TRUE,TRUE,FALSE,0.01300731508944372,8475755,13,25
2016020955,477,even-strength,84,35,FALSE,FALSE,TRUE,TRUE,TRUE,FALSE,0.02142766734347079,8475191,13,25
2016020955,480,even-strength,63,-8,FALSE,FALSE,TRUE,TRUE,TRUE,FALSE,0.06602242216045827,8448208,13,25
2016020955,488,even-strength,31,-1,TRUE,FALSE,TRUE,TRUE,TRUE,FALSE,0.02617578762856265,8475796,13,25
2016020955,492,even-strength,76,5,FALSE,FALSE,TRUE,TRUE,TRUE,FALSE,0.10466474281220103,8476389,13,25
2016020955,494,even-strength,75,1,FALSE,FALSE,TRUE,TRUE,FALSE,FALSE,0.1490114721391849,8475760,13,25
2016020955,495,even-strength,44,18,FALSE,FALSE,TRUE,TRUE,FALSE,FALSE,0.01803770649737984,8476875,13,25
2016020955,500,even-strength,64,-4,FALSE,FALSE,TRUE,TRUE,FALSE,FALSE,0.0875305945094625,8475191,13,25
2016020955,601,even-strength,64,10,FALSE,FALSE,TRUE,TRUE,TRUE,FALSE,0.05572599401420645,8471735,13,25
2016020955,605,even-strength,84,19,FALSE,FALSE,TRUE,TRUE,TRUE,FALSE,0.04567063330510949,8477493,13,25
2016020955,606,even-strength,46,-29,FALSE,FALSE,TRUE,TRUE,FALSE,FALSE,0.0200461777298935,8475755,13,25
2016020955,608,even-strength,77,12,FALSE,FALSE,TRUE,TRUE,TRUE,FALSE,0.0534457155578107,8470598,13,25
2016020955,610,even-strength,75,-8,FALSE,FALSE,TRUE,TRUE,TRUE,FALSE,0.06883109382756576,8475760,13,25
2016020955,611,even-strength,78,-13,FALSE,FALSE,TRUE,TRUE,TRUE,FALSE,0.04348425080459467,8470598,13,25
2016020955,612,even-strength,68,7,FALSE,TRUE,TRUE,TRUE,TRUE,FALSE,0.19185872661392328,8476539,13,25
2016020955,614,even-strength,58,29,FALSE,FALSE,TRUE,TRUE,FALSE,FALSE,0.02395344052793724,8470598,13,25
2016020955,621,even-strength,58,36,FALSE,FALSE,TRUE,TRUE,TRUE,FALSE,0.01500360693899011,8476389,13,25
2016020955,622,even-strength,72,23,FALSE,FALSE,TRUE,TRUE,TRUE,FALSE,0.03001389397575226,8471735,13,25
2016020955,623,even-strength,72,12,FALSE,FALSE,TRUE,FALSE,FALSE,FALSE,0,8477493,13,25
2016020955,624,even-strength,86,11,FALSE,FALSE,TRUE,TRUE,FALSE,FALSE,0.01691762204992164,8470598,13,25
2016020969,7,even-strength,-34,28,TRUE,FALSE,TRUE,TRUE,FALSE,FALSE,9.93337320892622e-4,8471702,15,25
2016020969,15,even-strength,-2,1,FALSE,FALSE,TRUE,TRUE,TRUE,FALSE,0.00223998041752415,8475792,15,25
2016020969,24,even-strength,-77,7,FALSE,FALSE,TRUE,TRUE,FALSE,FALSE,5.891957438949277e-5,8473563,15,25
2016020969,25,even-strength,-48,28,FALSE,FALSE,TRUE,TRUE,TRUE,FALSE,2.7399605727901257e-4,8475200,15,25
2016020969,27,power-play,-66,32,FALSE,FALSE,TRUE,TRUE,TRUE,FALSE,0.00357745881656776,8475744,15,25
2016020969,30,power-play,-77,-9,FALSE,FALSE,TRUE,FALSE,FALSE,FALSE,0,8471214,15,25
2016020969,31,power-play,-60,-9,FALSE,FALSE,TRUE,TRUE,TRUE,FALSE,0.00542162571397395,8471214,15,25
2016020969,32,even-strength,-57,10,FALSE,FALSE,TRUE,TRUE,FALSE,FALSE,2.4576732553914326e-4,8474031,15,25
2016020969,33,even-strength,-77,7,FALSE,FALSE,TRUE,FALSE,FALSE,FALSE,0,8471698,15,25
2016020969,34,even-strength,-42,20,TRUE,FALSE,TRUE,FALSE,FALSE,FALSE,0,8475200,15,25
2016020969,38,even-strength,-80,-6,FALSE,FALSE,TRUE,TRUE,TRUE,FALSE,6.323447782752775e-5,8474189,15,25
2016020969,42,even-strength,-77,1,FALSE,FALSE,TRUE,FALSE,FALSE,FALSE,0,8476880,15,25
2016020969,43,even-strength,-69,22,FALSE,FALSE,TRUE,TRUE,TRUE,FALSE,7.591907970500535e-5,8476880,15,25
2016020969,45,even-strength,-10,-35,FALSE,FALSE,TRUE,TRUE,TRUE,FALSE,8.676899014139395e-4,8468508,15,25
2016020969,48,even-strength,-52,-14,FALSE,FALSE,TRUE,TRUE,FALSE,FALSE,3.0503165468947894e-4,8474189,15,25
2016020969,201,even-strength,-41,37,FALSE,FALSE,TRUE,TRUE,FALSE,FALSE,3.0194377854472266e-4,8471702,15,25
2016020969,203,even-strength,-75,-10,FALSE,FALSE,TRUE,FALSE,FALSE,FALSE,0,8474031,15,25
2016020969,209,even-strength,-78,7,FALSE,FALSE,TRUE,TRUE,TRUE,FALSE,5.033142508702783e-5,8475792,15,25
2016020969,211,power-play,-59,-23,FALSE,FALSE,TRUE,TRUE,TRUE,FALSE,0.0052744866256672,8471214,15,25
2016020969,212,power-play,-63,-23,FALSE,FALSE,TRUE,TRUE,TRUE,FALSE,0.00465432533998372,8471214,15,25
2016020969,213,power-play,-74,-15,FALSE,FALSE,TRUE,TRUE,TRUE,FALSE,0.00275399001731644,8477944,15,25
2016020969,215,power-play,-69,3,FALSE,FALSE,TRUE,FALSE,FALSE,FALSE,0,8471702,15,25
2016020969,217,even-strength,-36,3,FALSE,FALSE,TRUE,TRUE,TRUE,FALSE,5.518716719045992e-4,8474031,15,25
2016020969,226,even-strength,-78,4,FALSE,FALSE,TRUE,FALSE,FALSE,FALSE,0,8474590,15,25
2016020969,228,even-strength,-78,-3,FALSE,FALSE,TRUE,FALSE,FALSE,FALSE,0,8475744,15,25
2016020969,236,even-strength,-60,1,FALSE,FALSE,TRUE,TRUE,TRUE,FALSE,2.8353964679025815e-4,8476880,15,25
2016020969,240,even-strength,-35,-8,FALSE,FALSE,TRUE,TRUE,TRUE,FALSE,8.967416352229344e-4,8475200,15,25
2016020969,245,even-strength,-63,7,FALSE,FALSE,TRUE,TRUE,TRUE,FALSE,1.0315480080520876e-4,8471476,15,25
2016020969,247,even-strength,-78,-18,FALSE,FALSE,TRUE,FALSE,FALSE,FALSE,0,8471214,15,25
2016020969,249,even-strength,-54,-26,FALSE,FALSE,TRUE,TRUE,FALSE,FALSE,1.7443883266821792e-4,8471698,15,25
2016020969,401,even-strength,-73,2,FALSE,FALSE,TRUE,TRUE,TRUE,FALSE,7.675986294786441e-5,8471698,15,25
2016020969,404,power-play,-31,-8,FALSE,FALSE,TRUE,TRUE,FALSE,FALSE,0.00936622466290109,8471702,15,25
2016020969,405,power-play,-54,-23,FALSE,FALSE,TRUE,TRUE,FALSE,FALSE,0.00459223557586556,8474590,15,25
2016020969,406,power-play,-66,-21,FALSE,FALSE,TRUE,FALSE,FALSE,FALSE,0,8474590,15,25
2016020969,408,power-play,-54,-20,FALSE,FALSE,TRUE,TRUE,FALSE,FALSE,0.00442007511915802,8474590,15,25
2016020969,409,power-play,-79,4,FALSE,FALSE,TRUE,TRUE,TRUE,FALSE,0.00382574344806756,8477944,15,25
2016020969,410,power-play,-84,2,FALSE,TRUE,TRUE,TRUE,TRUE,FALSE,0.00935433971047804,8477944,15,25
2016020969,414,even-strength,-88,16,FALSE,FALSE,TRUE,TRUE,TRUE,FALSE,0.0564421947287566,8475744,15,25
2016020969,419,even-strength,-32,9,FALSE,FALSE,TRUE,TRUE,TRUE,FALSE,5.266209725351182e-4,8473563,15,25
2016020969,422,even-strength,-35,-6,FALSE,FALSE,TRUE,TRUE,FALSE,FALSE,8.741761055766592e-4,8473991,15,25
2016020969,423,even-strength,-45,4,FALSE,FALSE,TRUE,FALSE,FALSE,FALSE,0,8474590,15,25
2016020969,424,even-strength,-80,6,FALSE,FALSE,TRUE,TRUE,TRUE,FALSE,4.825090225012833e-5,8475744,15,25
2016020969,425,power-play,-83,4,FALSE,TRUE,TRUE,TRUE,TRUE,FALSE,0.00953939085005579,8477944,15,25
2016020969,427,even-strength,-73,-4,FALSE,FALSE,TRUE,FALSE,FALSE,FALSE,0,8468498,15,25
2016020969,428,even-strength,-80,14,FALSE,FALSE,TRUE,TRUE,TRUE,FALSE,4.991937847624411e-5,8474189,15,25
2016020969,429,power-play,-84,-1,FALSE,TRUE,TRUE,TRUE,TRUE,FALSE,0.01066277135806295,8468508,15,25
2016020969,435,even-strength,-78,-2,FALSE,FALSE,TRUE,TRUE,TRUE,TRUE,5.286026619461276e-5,8473563,15,25
2016020969,436,even-strength,-80,1,FALSE,FALSE,TRUE,TRUE,TRUE,FALSE,4.868812772291912e-5,8471214,15,25
2016020969,438,even-strength,-70,8,FALSE,FALSE,TRUE,FALSE,FALSE,FALSE,0,8474590,15,25
2016020969,439,even-strength,-33,-27,FALSE,FALSE,TRUE,TRUE,TRUE,FALSE,4.8764160784824095e-4,8473991,15,25
2016020969,441,even-strength,-75,0,FALSE,FALSE,TRUE,TRUE,TRUE,FALSE,6.556938090585937e-5,8471214,15,25
2016020969,442,even-strength,-76,-4,FALSE,FALSE,TRUE,FALSE,FALSE,FALSE,0,8471698,15,25
2016020969,444,even-strength,-57,-23,FALSE,FALSE,TRUE,FALSE,FALSE,FALSE,0,8468498,15,25
2016020969,606,power-play,-40,-21,FALSE,FALSE,TRUE,TRUE,TRUE,FALSE,0.00707572128300726,8471214,15,25
2016020969,608,power-play,-82,5,FALSE,FALSE,TRUE,TRUE,TRUE,FALSE,0.00230986822646311,8473563,15,25
2016020969,609,power-play,-82,-2,FALSE,TRUE,TRUE,TRUE,TRUE,FALSE,0.00806414598274835,8473563,15,25
2016020969,610,power-play,-44,26,FALSE,FALSE,TRUE,TRUE,TRUE,FALSE,0.00676180842216047,8468508,15,25
2016020969,611,power-play,-52,-21,FALSE,FALSE,TRUE,TRUE,TRUE,FALSE,0.00447873838024043,8471702,15,25
2016020969,613,power-play,-62,5,FALSE,FALSE,TRUE,TRUE,FALSE,FALSE,0.00465022527537516,8477944,15,25
2016020969,617,even-strength,-73,8,FALSE,FALSE,TRUE,FALSE,FALSE,FALSE,0,8474189,15,25
2016020969,618,even-strength,-82,9,FALSE,FALSE,TRUE,FALSE,FALSE,FALSE,0,8475792,15,25
2016020969,619,even-strength,-35,34,FALSE,FALSE,TRUE,TRUE,TRUE,FALSE,3.3567793290700104e-4,8474031,15,25
2016020969,621,even-strength,-76,-7,FALSE,FALSE,TRUE,FALSE,FALSE,FALSE,0,8475149,15,25
2016020969,623,even-strength,-76,-11,FALSE,FALSE,TRUE,TRUE,FALSE,FALSE,5.992802925327246e-5,8475744,15,25
2016020969,626,even-strength,-71,22,FALSE,FALSE,TRUE,FALSE,FALSE,FALSE,0,8471476,15,25
2016020969,629,even-strength,-82,14,FALSE,FALSE,TRUE,TRUE,TRUE,FALSE,6.256355997998119e-5,8471698,15,25
2016020969,630,even-strength,-85,8,FALSE,FALSE,TRUE,TRUE,TRUE,FALSE,4.0867389104789906e-5,8471214,15,25
2016020969,631,even-strength,-55,-20,FALSE,FALSE,TRUE,TRUE,TRUE,FALSE,2.1513087963043892e-4,8473563,15,25
2016020969,633,even-strength,-66,4,FALSE,FALSE,TRUE,TRUE,TRUE,FALSE,1.0019293769199638e-4,8471214,15,25
2016020969,634,even-strength,-78,-11,FALSE,FALSE,TRUE,FALSE,FALSE,FALSE,0,8471214,15,25
2016020969,636,even-strength,-55,34,TRUE,FALSE,TRUE,TRUE,FALSE,FALSE,4.704847443398922e-4,8471702,15,25
2016020969,637,even-strength,-60,-21,FALSE,FALSE,TRUE,FALSE,FALSE,FALSE,0,8471702,15,25
2016020969,639,even-strength,-54,-11,FALSE,FALSE,TRUE,TRUE,TRUE,FALSE,1.976801349854264e-4,8473563,15,25
2016020969,640,even-strength,-66,1,FALSE,FALSE,TRUE,TRUE,TRUE,TRUE,1.7285424812332615e-4,8471698,15,25
2016020969,641,even-strength,-56,-8,FALSE,FALSE,TRUE,TRUE,TRUE,FALSE,1.7385752161955568e-4,8477944,15,25
2016020969,642,even-strength,-79,-10,FALSE,FALSE,TRUE,FALSE,FALSE,FALSE,0,8468498,15,25
2016020969,643,even-strength,-86,-21,FALSE,FALSE,TRUE,TRUE,TRUE,FALSE,5.41874981501055e-5,8475200,15,25
2016020969,646,even-strength,-55,-9,FALSE,FALSE,TRUE,TRUE,FALSE,FALSE,2.1815913535970665e-4,8471214,15,25
2016020969,647,even-strength,-84,26,FALSE,FALSE,TRUE,TRUE,TRUE,FALSE,5.067110448562532e-5,8473563,15,25
2016020969,651,even-strength,-33,9,FALSE,FALSE,TRUE,TRUE,FALSE,FALSE,8.068957675798212e-4,8474031,15,25
2016020969,655,even-strength,-34,32,FALSE,FALSE,TRUE,TRUE,TRUE,FALSE,0.00722337334751794,8471214,15,25
2016020969,660,even-strength,-37,27,FALSE,FALSE,TRUE,TRUE,FALSE,FALSE,0.00657615394270759,8471214,15,25
2016020983,63,even-strength,78,-9,FALSE,FALSE,TRUE,FALSE,FALSE,FALSE,0,8474739,9,25
2016020983,64,even-strength,85,-27,FALSE,TRUE,TRUE,TRUE,FALSE,FALSE,0.07257761995299161,8474739,9,25
2016020983,65,even-strength,78,3,FALSE,FALSE,TRUE,FALSE,FALSE,FALSE,0,8470760,9,25
2016020983,68,even-strength,79,2,FALSE,FALSE,TRUE,TRUE,TRUE,FALSE,0.14713464944471016,8473537,9,25
2016020983,70,even-strength,88,-28,FALSE,FALSE,TRUE,TRUE,TRUE,FALSE,0.02702162814307507,8474578,9,25
2016020983,74,even-strength,58,17,FALSE,FALSE,TRUE,TRUE,TRUE,FALSE,0.05123689836033577,8471768,9,25
2016020983,75,even-strength,38,-24,FALSE,FALSE,TRUE,FALSE,FALSE,FALSE,0,8476879,9,25
2016020983,83,even-strength,74,-19,TRUE,FALSE,TRUE,TRUE,TRUE,FALSE,0.08985634194168256,8474739,9,25
2016020983,96,even-strength,64,16,FALSE,FALSE,TRUE,TRUE,TRUE,FALSE,0.05089214542993413,8475913,9,25
2016020983,98,even-strength,79,-6,FALSE,FALSE,TRUE,FALSE,FALSE,FALSE,0,8474884,9,25
2016020983,99,even-strength,75,37,FALSE,FALSE,TRUE,TRUE,TRUE,FALSE,0.01575203961741946,8474697,9,25
2016020983,100,even-strength,70,5,FALSE,FALSE,TRUE,FALSE,FALSE,FALSE,0,8475227,9,25
2016020983,201,even-strength,48,23,TRUE,FALSE,TRUE,TRUE,TRUE,FALSE,0.04167159184027923,8475913,9,25
2016020983,203,even-strength,60,13,FALSE,FALSE,TRUE,TRUE,TRUE,FALSE,0.03603380719937259,8475913,9,25
2016020983,208,power-play,35,-14,FALSE,FALSE,TRUE,TRUE,TRUE,FALSE,0.03947538686965433,8473544,9,25
2016020983,209,power-play,42,1,FALSE,FALSE,TRUE,TRUE,FALSE,FALSE,0.06384840250763586,8473544,9,25
2016020983,210,power-play,64,9,FALSE,FALSE,TRUE,TRUE,FALSE,FALSE,0.09667561624236638,8474250,9,25
2016020983,211,power-play,77,-14,FALSE,FALSE,TRUE,TRUE,TRUE,TRUE,0.07004778608114967,8475227,9,25
2016020983,214,even-strength,47,16,FALSE,FALSE,TRUE,TRUE,TRUE,TRUE,0.02220208479013565,8476368,9,25
2016020983,220,power-play,55,13,FALSE,FALSE,TRUE,FALSE,FALSE,FALSE,0,8474578,9,25
2016020983,221,even-strength,54,-14,FALSE,FALSE,TRUE,TRUE,TRUE,FALSE,0.04768066728292269,8473544,9,25
2016020983,222,even-strength,57,17,TRUE,FALSE,TRUE,TRUE,TRUE,FALSE,0.08314644630420988,8473544,9,25
2016020983,223,even-strength,74,-6,FALSE,FALSE,TRUE,TRUE,TRUE,FALSE,0.09184827121356236,8471768,9,25
2016020983,232,even-strength,72,-3,FALSE,FALSE,TRUE,FALSE,FALSE,FALSE,0,8476879,9,25
2016020983,235,even-strength,68,-5,TRUE,FALSE,TRUE,FALSE,FALSE,FALSE,0,8476288,9,25
2016020983,237,even-strength,32,-12,FALSE,FALSE,TRUE,TRUE,TRUE,FALSE,0.01642743011321247,8474578,9,25
2016020983,239,even-strength,75,-8,FALSE,FALSE,TRUE,TRUE,TRUE,FALSE,0.06675481584406397,8474739,9,25
2016020983,240,even-strength,84,-7,FALSE,FALSE,TRUE,TRUE,TRUE,FALSE,0.07240590454666707,8474739,9,25
2016020983,242,even-strength,75,-8,FALSE,FALSE,TRUE,FALSE,FALSE,FALSE,0,8476419,9,25
2016020983,243,even-strength,79,-3,FALSE,TRUE,TRUE,TRUE,TRUE,TRUE,0.30808173542452827,8476419,9,25
2016021015,10,even-strength,50,16,FALSE,FALSE,TRUE,TRUE,TRUE,FALSE,0.03068840727073343,8476331,28,25
2016021015,15,even-strength,73,0,FALSE,FALSE,TRUE,FALSE,FALSE,FALSE,0,8468208,28,25
2016021015,16,even-strength,75,10,FALSE,FALSE,TRUE,FALSE,FALSE,FALSE,0,8471709,28,25
2016021015,17,even-strength,78,-4,FALSE,FALSE,TRUE,TRUE,TRUE,TRUE,0.10037744313000029,8466139,28,25
2016021015,40,even-strength,59,-37,FALSE,FALSE,TRUE,TRUE,TRUE,FALSE,0.01658928658241041,8476331,28,25
2016021015,48,even-strength,45,-27,FALSE,FALSE,TRUE,FALSE,FALSE,FALSE,0,8470613,28,25
2016021015,49,even-strength,71,-11,FALSE,FALSE,TRUE,TRUE,TRUE,TRUE,0.06533094390318096,8470794,28,25
2016021015,201,even-strength,50,28,FALSE,FALSE,TRUE,TRUE,TRUE,FALSE,0.02942689330389378,8476881,28,25
2016021015,206,even-strength,37,23,FALSE,FALSE,TRUE,TRUE,FALSE,FALSE,0.05564320333048223,8471709,28,25
2016021015,207,even-strength,45,24,FALSE,FALSE,TRUE,TRUE,TRUE,FALSE,0.04276419405403409,8474027,28,25
2016021015,216,even-strength,32,13,FALSE,FALSE,TRUE,TRUE,FALSE,FALSE,0.04609658056272731,8475455,28,25
2016021015,217,power-play,71,20,FALSE,FALSE,TRUE,TRUE,TRUE,FALSE,0.07838365949066775,8474053,28,25
2016021015,218,even-strength,72,16,FALSE,FALSE,TRUE,FALSE,FALSE,FALSE,0,8471709,28,25
2016021015,221,even-strength,69,1,FALSE,FALSE,TRUE,TRUE,TRUE,TRUE,0.09252484639338876,8468208,28,25
2016021030,462,even-strength,35,-12,FALSE,FALSE,TRUE,TRUE,TRUE,FALSE,0.01806048471068581,8476454,22,25
2016021030,464,even-strength,51,8,FALSE,FALSE,TRUE,TRUE,FALSE,FALSE,0.05210176095601907,8477498,22,25
2016021030,466,even-strength,44,-20,FALSE,FALSE,TRUE,FALSE,FALSE,FALSE,0,8476457,22,25
2016021030,470,even-strength,78,24,FALSE,FALSE,TRUE,TRUE,TRUE,FALSE,0.03511494892441687,8471976,22,25
2016021030,477,even-strength,37,-20,FALSE,FALSE,TRUE,FALSE,FALSE,FALSE,0,8476472,22,25
2016021030,479,even-strength,54,-11,FALSE,FALSE,TRUE,TRUE,TRUE,FALSE,0.03961432909857548,8477415,22,25
2016021030,489,even-strength,58,-15,FALSE,FALSE,TRUE,TRUE,FALSE,FALSE,0.03837537452730558,8474586,22,25
2016021030,490,even-strength,73,1,FALSE,FALSE,TRUE,TRUE,FALSE,FALSE,0.12118234833739765,8474034,22,25
2016021030,491,even-strength,77,-5,FALSE,FALSE,TRUE,FALSE,FALSE,FALSE,0,8478402,22,25
2016021030,496,even-strength,66,-12,TRUE,FALSE,TRUE,FALSE,FALSE,FALSE,0,8468611,22,25
2016021030,500,even-strength,73,-21,FALSE,FALSE,TRUE,TRUE,TRUE,FALSE,0.05031470106030231,8477934,22,25
2016021030,660,even-strength,78,10,FALSE,FALSE,TRUE,FALSE,FALSE,FALSE,0,8474586,22,25
2016021030,661,even-strength,48,15,FALSE,FALSE,TRUE,FALSE,FALSE,FALSE,0,8477498,22,25
2016021030,669,even-strength,80,5,FALSE,FALSE,TRUE,TRUE,TRUE,FALSE,0.11710279173304146,8473473,22,25
2016021030,670,even-strength,84,0,FALSE,TRUE,TRUE,TRUE,TRUE,TRUE,0.4557036495392483,8476454,22,25
2016021030,674,even-strength,76,7,FALSE,FALSE,TRUE,FALSE,FALSE,FALSE,0,8468611,22,25
2016021030,675,even-strength,77,6,FALSE,FALSE,TRUE,TRUE,TRUE,TRUE,0.1060807131191488,8478402,22,25
2016021030,679,even-strength,78,-27,FALSE,FALSE,TRUE,TRUE,FALSE,FALSE,0.05227917818126942,8477415,22,25
2016021030,684,even-strength,78,0,FALSE,FALSE,TRUE,FALSE,FALSE,FALSE,0,8476988,22,25
2016021030,685,even-strength,77,-19,FALSE,FALSE,TRUE,TRUE,FALSE,FALSE,0.04316792735099489,8476988,22,25
2016021030,691,even-strength,48,31,FALSE,FALSE,TRUE,TRUE,TRUE,FALSE,0.0186078696890878,8468611,22,25
2016021030,692,even-strength,73,36,FALSE,FALSE,TRUE,TRUE,TRUE,FALSE,0.03175491160630775,8471284,22,25
2016021045,11,even-strength,69,1,FALSE,FALSE,TRUE,FALSE,FALSE,FALSE,0,8477500,23,25
2016021045,18,power-play,44,13,FALSE,FALSE,TRUE,FALSE,FALSE,FALSE,0,8471303,23,25
2016021045,19,power-play,70,2,FALSE,FALSE,TRUE,FALSE,FALSE,FALSE,0,8471303,23,25
2016021045,23,power-play,70,1,FALSE,FALSE,TRUE,FALSE,FALSE,FALSE,0,8477018,23,25
2016021045,38,even-strength,49,1,FALSE,FALSE,TRUE,FALSE,FALSE,FALSE,0,8471303,23,25
2016021045,49,even-strength,82,1,FALSE,FALSE,TRUE,FALSE,FALSE,FALSE,0,8476425,23,25
2016021045,58,even-strength,37,24,FALSE,FALSE,TRUE,TRUE,TRUE,FALSE,0.01612832632058706,8477018,23,25
2016021045,62,power-play,78,-1,FALSE,FALSE,TRUE,TRUE,TRUE,FALSE,0.08919592320256291,8476440,23,25
2016021045,63,power-play,82,6,FALSE,FALSE,TRUE,TRUE,TRUE,FALSE,0.10571315198644606,8474091,23,25
2016021045,64,power-play,64,-8,FALSE,FALSE,TRUE,TRUE,FALSE,FALSE,0.0914689754630894,8467875,23,25
2016021045,65,power-play,36,25,FALSE,FALSE,TRUE,TRUE,FALSE,FALSE,0.04387159100721662,8479442,23,25
2016021045,66,power-play,64,-1,FALSE,FALSE,TRUE,TRUE,TRUE,FALSE,0.08105889432352706,8476440,23,25
2016021045,72,even-strength,63,13,FALSE,FALSE,TRUE,TRUE,FALSE,FALSE,0.05781420646900833,8477500,23,25
2016021045,74,even-strength,19,-5,FALSE,FALSE,TRUE,TRUE,TRUE,FALSE,0.00687824129584412,8474579,23,25
2016021045,78,even-strength,80,-1,FALSE,FALSE,TRUE,TRUE,TRUE,FALSE,0.1303993680709604,8477997,23,25
2016021045,79,even-strength,80,3,FALSE,TRUE,TRUE,TRUE,TRUE,FALSE,0.2878834991734088,8477997,23,25
2016021045,80,even-strength,78,0,FALSE,TRUE,TRUE,TRUE,TRUE,TRUE,0.34481567362152754,8476466,23,25
2016021045,81,even-strength,-9,14,FALSE,FALSE,TRUE,TRUE,TRUE,FALSE,0.0011963787159192,8477018,23,25
2016021045,83,even-strength,8,21,FALSE,FALSE,TRUE,TRUE,TRUE,FALSE,0.00275027371599039,8471303,23,25
2016021045,93,even-strength,84,8,FALSE,FALSE,TRUE,TRUE,TRUE,FALSE,0.05668997522747268,8477126,23,25
2016021045,94,even-strength,48,-29,FALSE,FALSE,TRUE,TRUE,TRUE,FALSE,0.01593542612936014,8476390,23,25
2016021045,95,even-strength,65,21,FALSE,FALSE,TRUE,TRUE,TRUE,FALSE,0.03460840725667687,8471303,23,25
2016021045,96,even-strength,70,5,FALSE,FALSE,TRUE,TRUE,TRUE,FALSE,0.0706808480392013,8476390,23,25
2016021045,208,even-strength,65,-3,FALSE,FALSE,TRUE,FALSE,FALSE,FALSE,0,8477500,23,25
2016021045,213,even-strength,62,-16,FALSE,FALSE,TRUE,FALSE,FALSE,FALSE,0,8475808,23,25
2016021045,227,even-strength,82,-3,FALSE,FALSE,TRUE,FALSE,FALSE,FALSE,0,8476466,23,25
2016021045,235,even-strength,75,-29,FALSE,FALSE,TRUE,FALSE,FALSE,FALSE,0,8477126,23,25
2016021045,248,even-strength,76,-3,FALSE,FALSE,TRUE,FALSE,FALSE,FALSE,0,8479442,23,25
2016021045,249,even-strength,70,25,FALSE,FALSE,TRUE,FALSE,FALSE,FALSE,0,8471303,23,25
2016021045,365,even-strength,59,7,FALSE,FALSE,TRUE,TRUE,FALSE,FALSE,0.04275721592834257,8476423,23,25
2016021045,366,even-strength,37,-8,FALSE,FALSE,TRUE,TRUE,FALSE,FALSE,0.01819164048570476,8479442,23,25
2016021045,374,even-strength,38,25,FALSE,FALSE,TRUE,TRUE,TRUE,FALSE,0.01239057557768567,8467875,23,25
2016021045,377,even-strength,39,-27,FALSE,FALSE,TRUE,TRUE,FALSE,FALSE,0.01378264684668863,8473415,23,25
2016021045,378,even-strength,79,18,FALSE,FALSE,TRUE,TRUE,TRUE,FALSE,0.06183657600607344,8476425,23,25
2016021045,382,power-play,73,-1,FALSE,FALSE,TRUE,TRUE,TRUE,FALSE,0.0844985494999254,8476440,23,25
2016021045,384,power-play,68,1,FALSE,FALSE,TRUE,TRUE,TRUE,FALSE,0.07299884256988759,8477018,23,25
2016021045,385,power-play,78,-6,FALSE,TRUE,TRUE,TRUE,TRUE,TRUE,0.19621961800245477,8477018,23,25
2016021045,391,even-strength,64,33,TRUE,FALSE,TRUE,TRUE,FALSE,FALSE,0.04433525933802671,8475808,23,25
2016021045,400,even-strength,66,-13,FALSE,FALSE,TRUE,TRUE,TRUE,FALSE,0.06174918766576112,8475213,23,25
2016021045,503,even-strength,76,18,TRUE,FALSE,TRUE,FALSE,FALSE,FALSE,0,8471303,23,25
2016021045,548,even-strength,49,1,FALSE,FALSE,TRUE,FALSE,FALSE,FALSE,0,8477997,23,25
2016021045,608,even-strength,70,-13,FALSE,FALSE,TRUE,TRUE,TRUE,FALSE,0.05551792644729207,8477500,23,25
2016021045,620,even-strength,62,0,FALSE,FALSE,TRUE,TRUE,TRUE,FALSE,0.06914340075608431,8467875,23,25
2016021045,621,even-strength,59,-19,FALSE,FALSE,TRUE,TRUE,FALSE,FALSE,0.02408246772950378,8477997,23,25
2016021045,623,even-strength,76,1,FALSE,FALSE,TRUE,TRUE,TRUE,FALSE,0.13371772836164297,8477126,23,25
2016021045,627,even-strength,68,31,FALSE,FALSE,TRUE,TRUE,FALSE,FALSE,0.02063760812464347,8476466,23,25
2016021045,633,even-strength,38,23,FALSE,FALSE,TRUE,TRUE,FALSE,FALSE,0.01576867878116667,8471303,23,25
2016021045,634,even-strength,49,-28,FALSE,FALSE,TRUE,TRUE,TRUE,FALSE,0.03303907726524378,8467876,23,25
2016021045,643,even-strength,63,-3,FALSE,FALSE,TRUE,TRUE,TRUE,FALSE,0.07003506329787783,8467875,23,25
2016021045,644,even-strength,81,-17,FALSE,FALSE,TRUE,TRUE,TRUE,FALSE,0.05433718175015843,8467876,23,25
2016021045,649,even-strength,83,-8,FALSE,FALSE,TRUE,TRUE,TRUE,FALSE,0.08056785923156626,8467875,23,25
2016021045,705,even-strength,70,5,FALSE,FALSE,TRUE,FALSE,FALSE,FALSE,0,8477018,23,25
2016021045,714,even-strength,46,7,FALSE,FALSE,TRUE,FALSE,FALSE,FALSE,0,8479442,23,25
2016021045,715,even-strength,76,10,FALSE,FALSE,TRUE,FALSE,FALSE,FALSE,0,8476440,23,25
2016021045,733,even-strength,86,-10,FALSE,FALSE,TRUE,FALSE,FALSE,FALSE,0,8467875,23,25
2016021045,739,even-strength,82,-5,FALSE,TRUE,TRUE,FALSE,FALSE,FALSE,0,8476466,23,25
2016021045,740,even-strength,69,1,FALSE,FALSE,TRUE,FALSE,FALSE,FALSE,0,8471303,23,25
2016021045,802,even-strength,79,2,FALSE,FALSE,TRUE,TRUE,TRUE,FALSE,0.0985270434877326,8477500,23,25
2016021045,804,even-strength,67,-29,FALSE,FALSE,TRUE,TRUE,FALSE,FALSE,0.03857176017203775,8476466,23,25
2016021051,8,even-strength,50,-4,FALSE,FALSE,TRUE,FALSE,FALSE,FALSE,0,8474628,20,25
2016021051,9,even-strength,73,0,FALSE,FALSE,TRUE,FALSE,FALSE,FALSE,0,8474628,20,25
2016021051,12,even-strength,71,5,FALSE,FALSE,TRUE,FALSE,FALSE,FALSE,0,8474749,20,25
2016021051,13,even-strength,63,-25,FALSE,FALSE,TRUE,FALSE,FALSE,FALSE,0,8468674,20,25
2016021051,14,even-strength,43,-17,FALSE,FALSE,TRUE,FALSE,FALSE,FALSE,0,8468674,20,25
2016021051,15,even-strength,10,-38,FALSE,FALSE,TRUE,TRUE,TRUE,FALSE,0.00351118897581332,8471426,20,25
2016021051,23,even-strength,58,21,TRUE,FALSE,TRUE,FALSE,FALSE,FALSE,0,8474150,20,25
2016021051,24,even-strength,54,-3,FALSE,FALSE,TRUE,TRUE,TRUE,FALSE,0.05226231794207329,8476346,20,25
2016021051,25,even-strength,58,24,FALSE,FALSE,TRUE,TRUE,FALSE,FALSE,0.02508726738772715,8477497,20,25
2016021051,26,even-strength,71,1,FALSE,FALSE,TRUE,TRUE,TRUE,FALSE,0.09238691144113705,8477497,20,25
2016021051,31,even-strength,71,-14,FALSE,FALSE,TRUE,TRUE,TRUE,FALSE,0.08259041235712468,8473564,20,25
2016021051,32,even-strength,79,1,FALSE,TRUE,TRUE,TRUE,TRUE,FALSE,0.36488769189458053,8470966,20,25
2016021051,42,even-strength,57,12,FALSE,FALSE,TRUE,TRUE,TRUE,TRUE,0.05030110272750175,8473564,20,25
2016021051,46,even-strength,56,9,FALSE,FALSE,TRUE,TRUE,FALSE,FALSE,0.04951555761503827,8473564,20,25
2016021051,260,even-strength,64,12,FALSE,FALSE,TRUE,TRUE,TRUE,FALSE,0.06574830696913175,8479314,20,25
2016021051,263,even-strength,62,12,FALSE,FALSE,TRUE,FALSE,FALSE,FALSE,0,8474150,20,25
2016021051,265,even-strength,85,6,TRUE,FALSE,TRUE,TRUE,TRUE,FALSE,0.10877485976081376,8474642,20,25
2016021051,267,even-strength,27,-6,TRUE,FALSE,TRUE,TRUE,TRUE,FALSE,0.02450877693617129,8475163,20,25
2016021051,271,even-strength,67,-3,FALSE,FALSE,TRUE,TRUE,TRUE,FALSE,0.13008561214399952,8475907,20,25
2016021051,272,even-strength,51,0,FALSE,FALSE,TRUE,TRUE,TRUE,FALSE,0.03691395193135335,8477497,20,25
2016021051,273,even-strength,69,16,FALSE,TRUE,TRUE,TRUE,FALSE,FALSE,0.1561840286395089,8479314,20,25
2016021051,274,even-strength,71,-32,FALSE,FALSE,TRUE,TRUE,FALSE,FALSE,0.02022467638683403,8474150,20,25
2016021051,275,even-strength,80,-1,FALSE,FALSE,TRUE,TRUE,TRUE,TRUE,0.13611987898525907,8479314,20,25
2016021051,276,even-strength,61,-18,FALSE,FALSE,TRUE,TRUE,TRUE,FALSE,0.05685372773759405,8471346,20,25
2016021051,279,even-strength,67,-15,FALSE,FALSE,TRUE,FALSE,FALSE,FALSE,0,8474628,20,25
2016021051,286,even-strength,28,37,FALSE,FALSE,TRUE,TRUE,TRUE,TRUE,0.00946388114356468,8470966,20,25
2016021051,289,even-strength,55,-19,FALSE,FALSE,TRUE,FALSE,FALSE,FALSE,0,8474628,20,25
2016021051,290,even-strength,70,5,FALSE,FALSE,TRUE,FALSE,FALSE,FALSE,0,8476462,20,25
2016021051,298,even-strength,82,-5,FALSE,FALSE,TRUE,TRUE,TRUE,FALSE,0.09706405241437654,8476346,20,25
2016021051,300,even-strength,55,-11,FALSE,FALSE,TRUE,FALSE,FALSE,FALSE,0,8476462,20,25
2016021051,451,even-strength,34,-22,FALSE,FALSE,TRUE,TRUE,TRUE,FALSE,0.01296237295977728,8476462,20,25
2016021051,453,even-strength,69,26,FALSE,FALSE,TRUE,FALSE,FALSE,FALSE,0,8473564,20,25
2016021051,454,even-strength,52,-8,FALSE,FALSE,TRUE,TRUE,FALSE,FALSE,0.04056546872885317,8473564,20,25
2016021051,458,even-strength,72,-3,FALSE,FALSE,TRUE,TRUE,FALSE,FALSE,0.13958224418831938,8477935,20,25
2016021051,472,even-strength,61,14,FALSE,FALSE,TRUE,TRUE,TRUE,FALSE,0.07331510168524626,8477497,20,25
2016021051,473,even-strength,63,-20,FALSE,FALSE,TRUE,TRUE,TRUE,FALSE,0.03124794204061912,8474150,20,25
2016021051,483,even-strength,55,4,FALSE,FALSE,TRUE,TRUE,TRUE,FALSE,0.05584521876926185,8473564,20,25
2016021051,484,even-strength,52,-19,TRUE,FALSE,TRUE,TRUE,TRUE,FALSE,0.06135934857616522,8474150,20,25
2016021051,492,even-strength,59,-17,TRUE,FALSE,TRUE,TRUE,TRUE,FALSE,0.09887872960389252,8475163,20,25
2016021051,494,even-strength,79,-9,FALSE,FALSE,TRUE,TRUE,FALSE,FALSE,0.12644471028774043,8477497,20,25
2016021051,497,even-strength,55,8,FALSE,FALSE,TRUE,TRUE,TRUE,FALSE,0.05457946802292205,8474150,20,25
2016021051,498,even-strength,37,34,FALSE,FALSE,TRUE,TRUE,FALSE,FALSE,0.01472819288465436,8470966,20,25
2016021051,654,even-strength,76,0,FALSE,FALSE,TRUE,FALSE,FALSE,FALSE,0,8477497,20,25
2016021051,656,even-strength,59,-3,FALSE,FALSE,TRUE,TRUE,TRUE,FALSE,0.06685531343953456,8471346,20,25
2016021051,657,even-strength,55,33,FALSE,TRUE,TRUE,TRUE,TRUE,FALSE,0.07605135361937415,8477935,20,25
2016021051,662,even-strength,66,-12,FALSE,FALSE,TRUE,FALSE,FALSE,FALSE,0,8475163,20,25
2016021073,53,even-strength,41,24,FALSE,FALSE,TRUE,TRUE,TRUE,FALSE,0.0121048495414326,8475455,28,25
2016021073,55,even-strength,39,28,FALSE,FALSE,TRUE,TRUE,TRUE,FALSE,0.01182335923954344,8468542,28,25
2016021073,66,even-strength,72,-20,FALSE,FALSE,TRUE,TRUE,TRUE,FALSE,0.04155044065777852,8476881,28,25
2016021073,67,even-strength,43,-1,FALSE,TRUE,TRUE,TRUE,TRUE,FALSE,0.09951360221353812,8470613,28,25
2016021073,70,power-play,35,-26,FALSE,FALSE,TRUE,TRUE,FALSE,FALSE,0.03641451801472671,8470613,28,25
2016021073,78,even-strength,54,-25,FALSE,FALSE,TRUE,FALSE,FALSE,FALSE,0,8478414,28,25
2016021073,79,even-strength,72,-33,FALSE,FALSE,TRUE,TRUE,TRUE,FALSE,0.01540207162978104,8470613,28,25
2016021073,82,even-strength,68,-12,FALSE,FALSE,TRUE,TRUE,TRUE,FALSE,0.05276822846890031,8466139,28,25
2016021073,83,even-strength,60,-15,FALSE,FALSE,TRUE,FALSE,FALSE,FALSE,0,8473673,28,25
2016021073,86,even-strength,46,-29,FALSE,FALSE,TRUE,TRUE,FALSE,FALSE,0.01222873815403526,8470613,28,25
2016021073,89,even-strength,38,-3,FALSE,FALSE,TRUE,FALSE,FALSE,FALSE,0,8470794,28,25
2016021073,93,even-strength,80,-17,FALSE,TRUE,TRUE,TRUE,TRUE,FALSE,0.16484855735961457,8476982,28,25
2016021073,97,even-strength,73,-7,FALSE,FALSE,TRUE,TRUE,TRUE,FALSE,0.09065038146723828,8470613,28,25
2016021073,98,even-strength,56,-8,FALSE,FALSE,TRUE,FALSE,FALSE,FALSE,0,8470613,28,25
2016021073,251,even-strength,36,27,FALSE,FALSE,TRUE,TRUE,FALSE,FALSE,0.01179302738201035,8473673,28,25
2016021073,264,even-strength,36,18,TRUE,FALSE,TRUE,TRUE,FALSE,FALSE,0.03099388624585218,8475455,28,25
2016021073,265,even-strength,70,-1,FALSE,FALSE,TRUE,TRUE,FALSE,FALSE,0.09037657439316656,8474571,28,25
2016021073,266,even-strength,68,0,FALSE,FALSE,TRUE,TRUE,TRUE,FALSE,0.10455461704081392,8475834,28,25
2016021073,268,even-strength,40,-25,FALSE,FALSE,TRUE,TRUE,FALSE,FALSE,0.01445407764466107,8474027,28,25
2016021073,273,even-strength,73,34,FALSE,FALSE,TRUE,TRUE,FALSE,FALSE,0.02906951325992313,8466138,28,25
2016021073,274,even-strength,39,-28,FALSE,TRUE,TRUE,TRUE,FALSE,FALSE,0.04586358084076537,8470613,28,25
2016021073,275,even-strength,76,28,FALSE,FALSE,TRUE,TRUE,FALSE,FALSE,0.0192017756608514,8470794,28,25
2016021073,276,even-strength,36,-21,FALSE,FALSE,TRUE,TRUE,TRUE,FALSE,0.01916664845661156,8473673,28,25
2016021073,277,even-strength,56,-36,FALSE,FALSE,TRUE,TRUE,FALSE,FALSE,0.01650438386398155,8478414,28,25
2016021073,278,even-strength,64,-16,FALSE,FALSE,TRUE,FALSE,FALSE,FALSE,0,8478414,28,25
2016021073,280,even-strength,74,-3,FALSE,FALSE,TRUE,TRUE,FALSE,FALSE,0.07737064834438427,8468208,28,25
2016021073,281,even-strength,78,1,FALSE,TRUE,TRUE,TRUE,FALSE,FALSE,0.2756243675901631,8466139,28,25
2016021073,289,even-strength,73,8,FALSE,FALSE,TRUE,FALSE,FALSE,FALSE,0,8471709,28,25
2016021073,293,even-strength,78,1,FALSE,FALSE,TRUE,FALSE,FALSE,FALSE,0,8474053,28,25
2016021073,294,even-strength,77,1,FALSE,FALSE,TRUE,FALSE,FALSE,FALSE,0,8478414,28,25
2016021073,295,even-strength,35,27,FALSE,FALSE,TRUE,TRUE,TRUE,FALSE,0.00919877345160165,8475455,28,25
2016021073,455,even-strength,82,7,FALSE,FALSE,TRUE,TRUE,TRUE,FALSE,0.10364535088802122,8475820,28,25
2016021073,457,even-strength,73,-5,FALSE,FALSE,TRUE,TRUE,TRUE,FALSE,0.08010118284371737,8466139,28,25
2016021073,462,even-strength,67,-18,FALSE,FALSE,TRUE,TRUE,TRUE,FALSE,0.05885708647898508,8474571,28,25
2016021073,466,even-strength,79,12,FALSE,FALSE,TRUE,TRUE,TRUE,FALSE,0.05020819708873492,8478414,28,25
2016021073,467,even-strength,32,-38,FALSE,FALSE,TRUE,TRUE,FALSE,FALSE,0.00652165613957833,8474027,28,25
2016021073,468,even-strength,75,-8,FALSE,FALSE,TRUE,TRUE,FALSE,FALSE,0.06754681914175574,8470794,28,25
2016021073,472,even-strength,70,-4,FALSE,FALSE,TRUE,TRUE,TRUE,FALSE,0.10580365501575892,8475834,28,25
2016021073,473,even-strength,71,-2,FALSE,FALSE,TRUE,TRUE,TRUE,FALSE,0.08723676751165582,8475834,28,25
2016021073,474,even-strength,59,-19,FALSE,FALSE,TRUE,FALSE,FALSE,FALSE,0,8475455,28,25
2016021073,475,even-strength,41,-18,FALSE,FALSE,TRUE,TRUE,TRUE,FALSE,0.01808473886217372,8471709,28,25
2016021073,478,even-strength,37,-27,FALSE,FALSE,TRUE,TRUE,FALSE,FALSE,0.00910335758627549,8470613,28,25
2016021073,479,even-strength,43,32,TRUE,FALSE,TRUE,FALSE,FALSE,FALSE,0,8466139,28,25
2016021073,480,even-strength,69,-6,FALSE,FALSE,TRUE,TRUE,FALSE,FALSE,0.0606820403691256,8466139,28,25
2016021073,484,even-strength,63,2,FALSE,FALSE,TRUE,TRUE,FALSE,FALSE,0.08262759230782254,8478414,28,25
2016021073,485,even-strength,59,-23,FALSE,TRUE,TRUE,TRUE,FALSE,FALSE,0.07464752007042548,8475820,28,25
2016021073,486,even-strength,75,-2,FALSE,FALSE,TRUE,FALSE,FALSE,FALSE,0,8474027,28,25
2016021073,487,even-strength,75,-4,FALSE,FALSE,TRUE,FALSE,FALSE,FALSE,0,8478414,28,25
2016021073,489,even-strength,77,-1,FALSE,FALSE,TRUE,TRUE,TRUE,FALSE,0.09511422172543596,8474230,28,25
2016021073,496,power-play,56,-27,FALSE,FALSE,TRUE,TRUE,TRUE,FALSE,0.0487940751583753,8466139,28,25
2016021073,497,power-play,43,-25,FALSE,FALSE,TRUE,TRUE,TRUE,FALSE,0.04145139656775448,8470794,28,25
2016021073,499,power-play,44,14,FALSE,FALSE,TRUE,TRUE,TRUE,FALSE,0.04781278815445838,8470613,28,25
2016021073,601,power-play,53,1,FALSE,FALSE,TRUE,FALSE,FALSE,FALSE,0,8473673,28,25
2016021073,602,power-play,75,-11,FALSE,FALSE,TRUE,FALSE,FALSE,FALSE,0,8473673,28,25
2016021073,603,even-strength,40,28,FALSE,FALSE,TRUE,TRUE,FALSE,FALSE,0.01238618526627348,8475455,28,25
2016021073,604,even-strength,41,-35,FALSE,FALSE,TRUE,FALSE,FALSE,FALSE,0,8474027,28,25
2016021073,618,penalty-kill,82,-16,TRUE,FALSE,TRUE,TRUE,TRUE,FALSE,0.10032589400599852,8474571,28,25
2016021073,619,penalty-kill,73,3,FALSE,FALSE,TRUE,TRUE,FALSE,FALSE,0.1591800150334362,8468208,28,25
2016021073,621,even-strength,68,-18,FALSE,FALSE,TRUE,FALSE,FALSE,FALSE,0,8473673,28,25
2016021073,622,even-strength,83,5,FALSE,FALSE,TRUE,TRUE,TRUE,FALSE,0.09438149745560367,8475834,28,25
2016021073,623,even-strength,38,-24,FALSE,FALSE,TRUE,FALSE,FALSE,FALSE,0,8473673,28,25
2016021073,624,even-strength,42,11,TRUE,FALSE,TRUE,TRUE,TRUE,FALSE,0.03630266705887564,8471709,28,25
2016021073,627,even-strength,42,-2,FALSE,FALSE,TRUE,FALSE,FALSE,FALSE,0,8470613,28,25
2016021073,628,even-strength,39,-20,FALSE,FALSE,TRUE,TRUE,FALSE,FALSE,0.01268695944512855,8474053,28,25
2016021073,630,even-strength,38,-27,FALSE,FALSE,TRUE,TRUE,TRUE,FALSE,0.0120157842436258,8473673,28,25
2016021073,634,even-strength,81,22,TRUE,FALSE,TRUE,TRUE,TRUE,FALSE,0.06590485941511787,8466139,28,25
2016021073,637,even-strength,47,-10,FALSE,FALSE,TRUE,TRUE,TRUE,FALSE,0.02669052457779308,8466139,28,25
2016021073,638,even-strength,62,-17,FALSE,FALSE,TRUE,TRUE,TRUE,FALSE,0.03078830733890813,8468542,28,25
2016021073,639,even-strength,47,-15,FALSE,FALSE,TRUE,FALSE,FALSE,FALSE,0,8470613,28,25
2016021073,641,even-strength,42,4,FALSE,FALSE,TRUE,FALSE,FALSE,FALSE,0,8471709,28,25
2016021073,645,even-strength,58,21,FALSE,FALSE,TRUE,TRUE,TRUE,FALSE,0.03964090180153991,8471709,28,25
2016021073,648,even-strength,72,8,FALSE,FALSE,TRUE,FALSE,FALSE,FALSE,0,8470613,28,25
2016021098,7,even-strength,66,18,FALSE,FALSE,TRUE,TRUE,TRUE,FALSE,0.03390221135974831,8474141,16,25
2016021098,8,even-strength,81,7,FALSE,FALSE,TRUE,TRUE,FALSE,FALSE,0.1050970229444522,8477451,16,25
2016021098,13,even-strength,82,-15,FALSE,FALSE,TRUE,TRUE,TRUE,FALSE,0.03260276298979768,8477929,16,25
2016021098,15,even-strength,71,18,FALSE,FALSE,TRUE,TRUE,TRUE,FALSE,0.04251722076403062,8473604,16,25
2016021098,29,power-play,77,-2,FALSE,FALSE,TRUE,FALSE,FALSE,FALSE,0,8470281,16,25
2016021098,31,power-play,75,9,FALSE,FALSE,TRUE,TRUE,TRUE,TRUE,0.07582225232470442,8474141,16,25
2016021098,42,even-strength,78,-7,FALSE,FALSE,TRUE,FALSE,FALSE,FALSE,0,8470281,16,25
2016021098,43,even-strength,75,-10,FALSE,FALSE,TRUE,TRUE,FALSE,FALSE,0.10967735878041936,8475209,16,25
2016021098,50,power-play,38,8,FALSE,FALSE,TRUE,TRUE,TRUE,FALSE,0.03659921609303891,8470281,16,25
2016021098,201,power-play,79,-3,FALSE,FALSE,TRUE,FALSE,FALSE,FALSE,0,8473604,16,25
2016021098,203,power-play,60,28,FALSE,FALSE,TRUE,TRUE,TRUE,FALSE,0.03968647240521944,8466285,16,25
2016021098,204,power-play,85,4,FALSE,TRUE,TRUE,TRUE,TRUE,FALSE,0.25300951783703296,8477451,16,25
2016021098,207,power-play,78,2,FALSE,FALSE,TRUE,FALSE,FALSE,FALSE,0,8470607,16,25
2016021098,208,even-strength,34,-3,FALSE,FALSE,TRUE,TRUE,FALSE,FALSE,0.01949974769096295,8470607,16,25
2016021098,225,even-strength,82,-18,FALSE,FALSE,TRUE,TRUE,TRUE,FALSE,0.03389514979658745,8477401,16,25
2016021098,230,even-strength,37,28,FALSE,FALSE,TRUE,TRUE,FALSE,FALSE,0.01052922619890573,8469665,16,25
2016021098,234,power-play,75,-7,TRUE,FALSE,TRUE,TRUE,TRUE,FALSE,0.15908341010072224,8478550,16,25
2016021098,236,power-play,79,-5,FALSE,FALSE,TRUE,FALSE,FALSE,FALSE,0,8466148,16,25
2016021098,239,power-play,77,-7,FALSE,FALSE,TRUE,FALSE,FALSE,FALSE,0,8471769,16,25
2016021098,241,even-strength,78,8,TRUE,FALSE,TRUE,FALSE,FALSE,FALSE,0,8478550,16,25
2016021098,242,even-strength,57,-5,FALSE,FALSE,TRUE,TRUE,TRUE,FALSE,0.0614203181108026,8473604,16,25
2016021098,244,even-strength,83,20,FALSE,FALSE,TRUE,TRUE,TRUE,FALSE,0.03446080132007251,8478528,16,25
2016021098,245,even-strength,41,21,TRUE,FALSE,TRUE,FALSE,FALSE,FALSE,0,8469665,16,25
2016021098,401,even-strength,42,-20,FALSE,FALSE,TRUE,TRUE,TRUE,FALSE,0.0343445035548267,8471769,16,25
2016021098,420,even-strength,43,19,FALSE,FALSE,TRUE,FALSE,FALSE,FALSE,0,8473604,16,25
2016021098,422,even-strength,60,12,FALSE,FALSE,TRUE,TRUE,FALSE,FALSE,0.03592140360718669,8466148,16,25
2016021098,426,even-strength,74,19,FALSE,FALSE,TRUE,TRUE,TRUE,FALSE,0.07503295630126883,8478550,16,25
2016021098,437,even-strength,-76,-14,TRUE,FALSE,TRUE,FALSE,FALSE,FALSE,0,8469665,16,25
2016021098,438,even-strength,67,-20,FALSE,FALSE,TRUE,TRUE,TRUE,FALSE,0.05474910685263293,8475209,16,25
2016021098,448,even-strength,63,21,FALSE,FALSE,TRUE,TRUE,TRUE,FALSE,0.03598807856233096,8478550,16,25
2016021098,552,even-strength,71,3,FALSE,FALSE,TRUE,TRUE,FALSE,FALSE,0.15499930517394309,8477929,16,25
2016021098,556,even-strength,80,-10,FALSE,FALSE,TRUE,TRUE,FALSE,FALSE,0.0694590998961776,8474141,16,25
2016021098,558,even-strength,60,12,TRUE,FALSE,TRUE,TRUE,TRUE,FALSE,0.09328472474447123,8477951,16,25
2016021098,560,even-strength,82,5,FALSE,FALSE,TRUE,FALSE,FALSE,FALSE,0,8471769,16,25
2016021098,563,even-strength,42,7,FALSE,FALSE,TRUE,TRUE,TRUE,FALSE,0.03096310111797967,8474141,16,25
2016021098,568,even-strength,77,-2,FALSE,FALSE,TRUE,FALSE,FALSE,FALSE,0,8466148,16,25
2016021098,573,even-strength,46,-3,FALSE,FALSE,TRUE,TRUE,TRUE,TRUE,0.04231936309027222,8466148,16,25
2016021098,577,even-strength,59,21,FALSE,FALSE,TRUE,TRUE,TRUE,FALSE,0.02609805117455656,8477401,16,25
2016021098,579,even-strength,54,14,TRUE,FALSE,TRUE,TRUE,TRUE,FALSE,0.07236425516825702,8474141,16,25
2016021098,580,even-strength,87,17,FALSE,FALSE,TRUE,FALSE,FALSE,FALSE,0,8474141,16,25
2016021098,583,even-strength,81,-2,FALSE,FALSE,TRUE,TRUE,TRUE,FALSE,0.12762989851542908,8478528,16,25
2016021098,584,even-strength,47,28,FALSE,FALSE,TRUE,TRUE,TRUE,FALSE,0.01464110847491468,8477929,16,25
2016021098,592,even-strength,80,-2,FALSE,FALSE,TRUE,TRUE,TRUE,FALSE,0.11736822133675416,8477401,16,25
2016021098,595,even-strength,34,-33,TRUE,FALSE,TRUE,FALSE,FALSE,FALSE,0,8477845,16,25
2016021098,597,even-strength,75,-4,FALSE,FALSE,TRUE,FALSE,FALSE,FALSE,0,8477845,16,25
2016021098,757,power-play,57,7,FALSE,FALSE,TRUE,TRUE,FALSE,FALSE,0.5355487475393164,8474141,16,25
2016021098,759,even-strength,86,-8,FALSE,FALSE,TRUE,TRUE,TRUE,FALSE,0.03816246055680633,8474141,16,25
2016021098,761,power-play,71,1,FALSE,FALSE,TRUE,FALSE,FALSE,FALSE,0,8466148,16,25
2016021098,762,even-strength,67,-19,FALSE,FALSE,TRUE,TRUE,TRUE,FALSE,0.06187975058879207,8478550,16,25
2016021098,768,even-strength,38,-5,FALSE,FALSE,TRUE,TRUE,TRUE,FALSE,0.04314013073933484,8470281,16,25
2016021103,59,even-strength,51,-31,FALSE,FALSE,TRUE,FALSE,FALSE,FALSE,0,8474230,28,25
2016021103,61,even-strength,41,-14,FALSE,FALSE,TRUE,TRUE,FALSE,FALSE,0.0311547437825535,8471709,28,25
2016021103,70,even-strength,24,0,FALSE,FALSE,TRUE,TRUE,TRUE,FALSE,0.00974287698296212,8470613,28,25
2016021103,72,even-strength,52,12,FALSE,FALSE,TRUE,FALSE,FALSE,FALSE,0,8468542,28,25
2016021103,73,even-strength,40,-30,FALSE,FALSE,TRUE,FALSE,FALSE,FALSE,0,8470613,28,25
2016021103,74,even-strength,39,-32,FALSE,FALSE,TRUE,FALSE,FALSE,FALSE,0,8470613,28,25
2016021103,79,even-strength,25,29,FALSE,FALSE,TRUE,TRUE,TRUE,FALSE,0.00408277865979941,8466138,28,25
2016021103,82,even-strength,69,33,FALSE,FALSE,TRUE,FALSE,FALSE,FALSE,0,8476881,28,25
2016021103,83,even-strength,80,3,FALSE,FALSE,TRUE,FALSE,FALSE,FALSE,0,8470613,28,25
2016021103,88,power-play,73,8,FALSE,FALSE,TRUE,TRUE,TRUE,FALSE,0.08619979011702028,8474571,28,25
2016021103,89,power-play,75,0,FALSE,TRUE,TRUE,TRUE,TRUE,FALSE,0.31483942949072913,8476881,28,25
2016021103,96,even-strength,37,-39,TRUE,FALSE,TRUE,TRUE,FALSE,FALSE,0.00950844516561359,8474027,28,25
2016021103,98,even-strength,62,-21,FALSE,FALSE,TRUE,FALSE,FALSE,FALSE,0,8475834,28,25
2016021103,301,even-strength,69,-12,FALSE,FALSE,TRUE,FALSE,FALSE,FALSE,0,8468208,28,25
2016021103,302,even-strength,79,-3,FALSE,FALSE,TRUE,TRUE,FALSE,FALSE,0.10660135701074452,8468208,28,25
2016021103,314,even-strength,80,-5,FALSE,FALSE,TRUE,FALSE,FALSE,FALSE,0,8474027,28,25
2016021103,316,even-strength,65,8,FALSE,FALSE,TRUE,TRUE,FALSE,FALSE,0.04991579475339522,8474571,28,25
2016021103,317,even-strength,72,3,FALSE,TRUE,TRUE,TRUE,FALSE,FALSE,0.2063836437799778,8466139,28,25
2016021103,318,even-strength,34,-26,FALSE,FALSE,TRUE,TRUE,TRUE,FALSE,0.00796217075374611,8475455,28,25
2016021103,321,even-strength,25,23,FALSE,FALSE,TRUE,TRUE,TRUE,FALSE,0.00754864867515676,8466139,28,25
2016021103,326,even-strength,76,-3,FALSE,FALSE,TRUE,FALSE,FALSE,FALSE,0,8470613,28,25
2016021103,328,even-strength,79,9,FALSE,FALSE,TRUE,TRUE,FALSE,FALSE,0.05323084729345032,8474053,28,25
2016021103,337,power-play,34,7,FALSE,FALSE,TRUE,TRUE,FALSE,FALSE,0.04151746121853116,8470613,28,25
2016021103,338,power-play,73,-8,FALSE,TRUE,TRUE,TRUE,TRUE,TRUE,0.3270450710923548,8466138,28,25
2016021103,339,even-strength,52,14,TRUE,FALSE,TRUE,TRUE,TRUE,FALSE,0.04982124660851775,8476919,28,25
2016021103,558,penalty-kill,72,-11,FALSE,FALSE,TRUE,TRUE,TRUE,FALSE,0.05600462784214286,8476881,28,25
2016021103,559,penalty-kill,64,-10,FALSE,TRUE,TRUE,TRUE,FALSE,FALSE,0.16212772299950667,8468208,28,25
2016021103,560,even-strength,69,5,FALSE,FALSE,TRUE,FALSE,FALSE,FALSE,0,8471709,28,25
2016021103,561,even-strength,75,28,FALSE,FALSE,TRUE,TRUE,TRUE,FALSE,0.02312159973177469,8471498,28,25
2016021103,564,even-strength,76,-9,FALSE,FALSE,TRUE,TRUE,FALSE,FALSE,0.06128971165332043,8474053,28,25
2016021103,566,even-strength,73,-19,FALSE,FALSE,TRUE,TRUE,TRUE,FALSE,0.03783090152446319,8468208,28,25
2016021103,569,even-strength,34,28,FALSE,FALSE,TRUE,TRUE,TRUE,FALSE,0.01034966318719869,8475455,28,25
2016021103,571,even-strength,35,29,FALSE,FALSE,TRUE,TRUE,FALSE,FALSE,0.00898625488848377,8470613,28,25
2016021103,572,even-strength,35,-15,FALSE,FALSE,TRUE,TRUE,TRUE,FALSE,0.01254884120973606,8475455,28,25
2016021103,574,even-strength,52,12,FALSE,FALSE,TRUE,FALSE,FALSE,FALSE,0,8473673,28,25
2016021103,575,even-strength,61,13,FALSE,FALSE,TRUE,TRUE,TRUE,FALSE,0.03341245632387278,8466139,28,25
2016021103,576,even-strength,76,-3,FALSE,FALSE,TRUE,FALSE,FALSE,FALSE,0,8470613,28,25
2016021103,577,even-strength,69,2,FALSE,FALSE,TRUE,TRUE,TRUE,FALSE,0.06734183650426197,8476881,28,25
2016021103,578,even-strength,38,-25,FALSE,FALSE,TRUE,FALSE,FALSE,FALSE,0,8474027,28,25
2016021103,580,even-strength,72,-33,FALSE,FALSE,TRUE,TRUE,FALSE,FALSE,0.01767970176180015,8466138,28,25
2016021103,583,even-strength,29,23,FALSE,FALSE,TRUE,TRUE,TRUE,FALSE,0.00911172517504419,8476881,28,25
2016021103,589,even-strength,39,-28,FALSE,FALSE,TRUE,TRUE,FALSE,FALSE,0.01357968352851298,8470613,28,25
2016021103,590,even-strength,49,21,FALSE,FALSE,TRUE,TRUE,FALSE,FALSE,0.01830984254187307,8474230,28,25
2016021103,591,even-strength,74,5,FALSE,FALSE,TRUE,TRUE,FALSE,FALSE,0.1005444036816632,8470794,28,25
2016021103,593,power-play,78,12,FALSE,FALSE,TRUE,FALSE,FALSE,FALSE,0,8473673,28,25
2016021103,595,power-play,44,-3,FALSE,FALSE,TRUE,TRUE,FALSE,FALSE,0.04977835767440506,8470613,28,25
2016021103,596,power-play,64,-1,FALSE,FALSE,TRUE,FALSE,FALSE,FALSE,0,8470613,28,25
2016021103,597,power-play,55,-22,FALSE,FALSE,TRUE,TRUE,FALSE,FALSE,0.04289490004537185,8474053,28,25
2016021103,598,power-play,77,5,FALSE,FALSE,TRUE,TRUE,FALSE,FALSE,0.10605564521634514,8470794,28,25
2016021103,599,power-play,72,4,FALSE,FALSE,TRUE,FALSE,FALSE,FALSE,0,8474053,28,25
2016021103,605,even-strength,72,-7,FALSE,FALSE,TRUE,TRUE,TRUE,FALSE,0.06019483146130836,8474053,28,25
2016021103,606,even-strength,69,-14,FALSE,FALSE,TRUE,FALSE,FALSE,FALSE,0,8474571,28,25
2016021103,611,even-strength,42,-26,FALSE,FALSE,TRUE,TRUE,TRUE,FALSE,0.0137785069915751,8474027,28,25
2016021103,615,even-strength,79,1,FALSE,FALSE,TRUE,FALSE,FALSE,FALSE,0,8475820,28,25
2016021103,616,even-strength,58,-1,FALSE,FALSE,TRUE,TRUE,TRUE,FALSE,0.04552929555174345,8474053,28,25
2016021103,619,even-strength,80,5,FALSE,FALSE,TRUE,TRUE,TRUE,FALSE,0.0923718783812984,8474230,28,25
2016021103,621,even-strength,42,22,FALSE,FALSE,TRUE,FALSE,FALSE,FALSE,0,8470613,28,25
2016021103,622,even-strength,63,-17,FALSE,TRUE,TRUE,TRUE,FALSE,FALSE,0.09215123349765028,8470794,28,25
2016021103,625,even-strength,42,16,FALSE,FALSE,TRUE,TRUE,FALSE,FALSE,0.03651061751386181,8473673,28,25
2016021103,626,even-strength,77,-5,FALSE,FALSE,TRUE,FALSE,FALSE,FALSE,0,8475455,28,25
2016021103,628,even-strength,30,15,FALSE,FALSE,TRUE,TRUE,TRUE,FALSE,0.00996738445311442,8473673,28,25
2016021103,632,even-strength,41,19,FALSE,FALSE,TRUE,TRUE,FALSE,FALSE,0.01635449109065182,8468542,28,25
2016021118,7,even-strength,50,-21,FALSE,FALSE,TRUE,TRUE,TRUE,FALSE,0.02328638841962764,8475186,1,25
2016021118,17,even-strength,46,-12,FALSE,FALSE,TRUE,TRUE,TRUE,FALSE,0.03398274355896282,8476923,1,25
2016021118,29,even-strength,35,-20,FALSE,FALSE,TRUE,TRUE,TRUE,FALSE,0.01333867283202388,8477463,1,25
2016021118,35,even-strength,81,5,TRUE,FALSE,TRUE,TRUE,TRUE,TRUE,0.22249573337735548,8476399,1,25
2016021118,38,even-strength,57,-29,FALSE,FALSE,TRUE,TRUE,TRUE,FALSE,0.01942858528754403,8473933,1,25
2016021118,39,even-strength,42,-21,FALSE,FALSE,TRUE,TRUE,FALSE,FALSE,0.02170961620436963,8478401,1,25
2016021118,42,even-strength,66,8,FALSE,FALSE,TRUE,FALSE,FALSE,FALSE,0,8472382,1,25
2016021118,44,even-strength,81,-1,FALSE,TRUE,TRUE,TRUE,TRUE,FALSE,0.29181718476454727,8475791,1,25
2016021118,45,even-strength,59,-3,FALSE,FALSE,TRUE,TRUE,TRUE,FALSE,0.08745421628019044,8475791,1,25
2016021118,49,even-strength,71,0,FALSE,FALSE,TRUE,FALSE,FALSE,FALSE,0,8476474,1,25
2016021118,206,even-strength,42,-21,FALSE,FALSE,TRUE,TRUE,TRUE,FALSE,0.01773823995858309,8474774,1,25
2016021118,221,even-strength,35,29,FALSE,FALSE,TRUE,TRUE,FALSE,FALSE,0.00937377639167367,8472382,1,25
2016021118,222,even-strength,40,-17,FALSE,FALSE,TRUE,TRUE,TRUE,FALSE,0.02074786391383365,8477463,1,25
2016021118,224,even-strength,61,-3,FALSE,FALSE,TRUE,TRUE,FALSE,FALSE,0.06435192492542065,8477961,1,25
2016021118,237,penalty-kill,61,13,FALSE,FALSE,TRUE,TRUE,FALSE,FALSE,0.08165795691273416,8476399,1,25
2016021118,238,even-strength,64,-3,FALSE,FALSE,TRUE,FALSE,FALSE,FALSE,0,8471233,1,25
2016021118,239,even-strength,62,-28,FALSE,FALSE,TRUE,TRUE,FALSE,FALSE,0.02346632314494945,8474641,1,25
2016021118,240,even-strength,48,17,FALSE,FALSE,TRUE,FALSE,FALSE,FALSE,0,8475186,1,25
2016021118,242,even-strength,55,8,TRUE,FALSE,TRUE,TRUE,TRUE,FALSE,0.10543369883701842,8478401,1,25
2016021118,243,even-strength,32,-19,FALSE,FALSE,TRUE,TRUE,TRUE,FALSE,0.01358489697786116,8473933,1,25
2016021118,245,even-strength,79,13,FALSE,FALSE,TRUE,TRUE,TRUE,FALSE,0.07477530858407158,8477425,1,25
2016021118,247,even-strength,64,33,FALSE,FALSE,TRUE,TRUE,TRUE,FALSE,0.02281385464441793,8476474,1,25
2016021118,248,even-strength,72,11,FALSE,FALSE,TRUE,TRUE,TRUE,FALSE,0.07831413016488961,8478401,1,25
2016021118,453,even-strength,63,1,FALSE,FALSE,TRUE,FALSE,FALSE,FALSE,0,8475791,1,25
2016021118,458,even-strength,82,-13,FALSE,FALSE,TRUE,TRUE,TRUE,FALSE,0.0477888345672594,8475791,1,25
2016021118,459,even-strength,53,-23,FALSE,FALSE,TRUE,TRUE,TRUE,FALSE,0.02866053720806219,8476370,1,25
2016021118,475,even-strength,52,14,FALSE,FALSE,TRUE,TRUE,TRUE,FALSE,0.0448221260860994,8477425,1,25
2016021118,480,even-strength,39,-19,FALSE,FALSE,TRUE,TRUE,TRUE,FALSE,0.02630125601224317,8477463,1,25
2016021118,482,even-strength,76,-10,FALSE,FALSE,TRUE,FALSE,FALSE,FALSE,0,8475186,1,25
2016021118,483,even-strength,40,-3,FALSE,FALSE,TRUE,TRUE,FALSE,FALSE,0.04071417880855548,8476923,1,25
2016021118,484,even-strength,81,-16,FALSE,TRUE,TRUE,TRUE,TRUE,FALSE,0.14389326566492538,8474641,1,25
2016021118,494,penalty-kill,80,-1,FALSE,FALSE,TRUE,TRUE,TRUE,FALSE,0.2627259082516131,8476370,1,25
2016021118,658,even-strength,51,-29,FALSE,FALSE,TRUE,TRUE,TRUE,FALSE,0.02404824355730454,8477425,1,25
2016021132,67,even-strength,71,-15,FALSE,FALSE,TRUE,TRUE,TRUE,FALSE,0.05221285131043015,8468505,8,25
2016021132,70,even-strength,53,14,FALSE,FALSE,TRUE,TRUE,TRUE,FALSE,0.04520332982766157,8477476,8,25
2016021132,74,even-strength,42,20,FALSE,FALSE,TRUE,TRUE,TRUE,FALSE,0.02133951719730347,8471296,8,25
2016021132,75,even-strength,78,13,FALSE,TRUE,TRUE,TRUE,TRUE,FALSE,0.15166290422472406,8471338,8,25
2016021132,76,even-strength,81,-1,FALSE,TRUE,TRUE,TRUE,TRUE,FALSE,0.37552288946783025,8468505,8,25
2016021132,78,even-strength,71,-2,FALSE,FALSE,TRUE,FALSE,FALSE,FALSE,0,8473507,8,25
2016021132,80,even-strength,63,38,FALSE,FALSE,TRUE,TRUE,TRUE,FALSE,0.01329314765942406,8471228,8,25
2016021132,83,even-strength,64,1,FALSE,FALSE,TRUE,FALSE,FALSE,FALSE,0,8469521,8,25
2016021132,84,even-strength,32,28,TRUE,FALSE,TRUE,TRUE,TRUE,FALSE,0.01784948008549669,8467496,8,25
2016021132,85,even-strength,68,-5,FALSE,FALSE,TRUE,FALSE,FALSE,FALSE,0,8477476,8,25
2016021132,91,even-strength,52,-10,FALSE,FALSE,TRUE,FALSE,FALSE,FALSE,0,8473507,8,25
2016021132,93,even-strength,85,21,FALSE,FALSE,TRUE,TRUE,TRUE,FALSE,0.04144742182471706,8473507,8,25
2016021132,94,even-strength,72,10,FALSE,FALSE,TRUE,TRUE,TRUE,FALSE,0.05744167074795256,8476470,8,25
2016021132,95,even-strength,94,31,FALSE,TRUE,TRUE,TRUE,TRUE,FALSE,0.1910776835129356,8476470,8,25
2016021132,96,even-strength,74,-22,TRUE,FALSE,TRUE,FALSE,FALSE,FALSE,0,8476851,8,25
2016021132,98,even-strength,29,29,FALSE,FALSE,TRUE,TRUE,TRUE,FALSE,0.00662881862257028,8476470,8,25
2016021132,351,even-strength,63,-21,FALSE,FALSE,TRUE,TRUE,FALSE,FALSE,0.03248276309569446,8475848,8,25
2016021132,352,even-strength,60,3,FALSE,FALSE,TRUE,FALSE,FALSE,FALSE,0,8467496,8,25
2016021132,356,even-strength,58,-21,FALSE,FALSE,TRUE,TRUE,TRUE,FALSE,0.02859358497550871,8474157,8,25
2016021132,357,even-strength,78,0,TRUE,FALSE,TRUE,TRUE,TRUE,FALSE,0.1973294203757541,8476479,8,25
2016021132,358,even-strength,80,-5,TRUE,TRUE,TRUE,TRUE,FALSE,FALSE,0.3202255911131485,8474157,8,25
2016021132,359,even-strength,55,-2,FALSE,FALSE,TRUE,TRUE,TRUE,FALSE,0.03872363849601539,8474157,8,25
2016021132,363,even-strength,80,-10,FALSE,TRUE,TRUE,FALSE,FALSE,FALSE,0,8476479,8,25
2016021132,366,even-strength,79,-3,FALSE,FALSE,TRUE,TRUE,TRUE,FALSE,0.1256366539007314,8476479,8,25
2016021132,368,even-strength,65,-1,FALSE,FALSE,TRUE,FALSE,FALSE,FALSE,0,8475848,8,25
2016021132,369,even-strength,71,5,FALSE,TRUE,TRUE,FALSE,FALSE,FALSE,0,8475848,8,25
2016021132,372,even-strength,45,21,FALSE,FALSE,TRUE,TRUE,TRUE,FALSE,0.01873606655656201,8476470,8,25
2016021132,374,even-strength,77,0,FALSE,FALSE,TRUE,TRUE,TRUE,FALSE,0.11241317630842453,8471338,8,25
2016021132,377,even-strength,60,-21,FALSE,FALSE,TRUE,FALSE,FALSE,FALSE,0,8474157,8,25
2016021132,379,even-strength,59,-6,FALSE,FALSE,TRUE,FALSE,FALSE,FALSE,0,8469521,8,25
2016021132,380,even-strength,33,-32,FALSE,FALSE,TRUE,TRUE,FALSE,FALSE,0.00789893317272083,8470642,8,25
2016021132,386,even-strength,81,-16,FALSE,FALSE,TRUE,FALSE,FALSE,FALSE,0,8471228,8,25
2016021132,387,even-strength,74,-1,FALSE,FALSE,TRUE,FALSE,FALSE,FALSE,0,8470642,8,25
2016021132,395,even-strength,46,40,TRUE,FALSE,TRUE,TRUE,TRUE,FALSE,0.01226904061683872,8474100,8,25
2016021132,396,even-strength,69,8,TRUE,FALSE,TRUE,FALSE,FALSE,FALSE,0,8476470,8,25
2016021132,397,even-strength,64,-28,FALSE,FALSE,TRUE,TRUE,TRUE,FALSE,0.01980729297815855,8474818,8,25
2016021132,398,even-strength,84,6,FALSE,TRUE,TRUE,TRUE,TRUE,FALSE,0.19791873523795833,8468505,8,25
2016021132,400,even-strength,85,-15,FALSE,FALSE,TRUE,TRUE,TRUE,FALSE,0.03580100547220068,8474157,8,25
2016021132,501,even-strength,82,2,FALSE,TRUE,TRUE,TRUE,TRUE,FALSE,0.3497824145691554,8476479,8,25
2016021132,502,even-strength,70,-20,FALSE,FALSE,TRUE,FALSE,FALSE,FALSE,0,8474157,8,25
2016021132,504,even-strength,57,12,FALSE,FALSE,TRUE,FALSE,FALSE,FALSE,0,8470642,8,25
2016021132,505,even-strength,48,2,FALSE,FALSE,TRUE,TRUE,FALSE,FALSE,0.02675206056194572,8475848,8,25
2016021132,506,even-strength,82,9,FALSE,FALSE,TRUE,TRUE,FALSE,FALSE,0.06679369447658975,8475848,8,25
2016021132,510,even-strength,37,-17,FALSE,FALSE,TRUE,FALSE,FALSE,FALSE,0,8471228,8,25
2016021132,512,even-strength,73,-38,FALSE,FALSE,TRUE,TRUE,TRUE,FALSE,0.02294888387196521,8475848,8,25
2016021132,513,even-strength,87,-11,FALSE,FALSE,TRUE,TRUE,FALSE,FALSE,0.05766716481504023,8475848,8,25
2016021132,514,even-strength,65,-12,TRUE,FALSE,TRUE,TRUE,TRUE,FALSE,0.1216536054239807,8475848,8,25
2016021132,516,even-strength,46,38,FALSE,FALSE,TRUE,TRUE,TRUE,FALSE,0.01005735745135961,8476470,8,25
2016021132,517,even-strength,46,1,FALSE,FALSE,TRUE,TRUE,FALSE,FALSE,0.05298885084494655,8477476,8,25
2016021132,518,even-strength,67,27,FALSE,FALSE,TRUE,TRUE,TRUE,FALSE,0.01856286619288585,8476381,8,25
2016021132,520,even-strength,44,-31,FALSE,FALSE,TRUE,TRUE,FALSE,FALSE,0.0105197431092178,8470642,8,25
2016021132,526,even-strength,62,-7,FALSE,FALSE,TRUE,TRUE,FALSE,FALSE,0.0462924692275038,8473507,8,25
2016021132,527,even-strength,75,-12,FALSE,FALSE,TRUE,TRUE,TRUE,TRUE,0.04963623017806408,8474157,8,25
2016021132,529,even-strength,85,-26,FALSE,FALSE,TRUE,FALSE,FALSE,FALSE,0,8476851,8,25
2016021132,531,even-strength,73,5,FALSE,FALSE,TRUE,FALSE,FALSE,FALSE,0,8474038,8,25
2016021132,538,even-strength,79,2,FALSE,FALSE,TRUE,TRUE,FALSE,FALSE,0.12259438015549444,8469521,8,25
2016021132,539,even-strength,31,-33,FALSE,TRUE,TRUE,TRUE,TRUE,FALSE,0.02039892735955173,8473507,8,25
2016021132,540,even-strength,81,10,FALSE,TRUE,TRUE,TRUE,TRUE,FALSE,0.1748878563352378,8476479,8,25
2016021132,542,even-strength,81,19,FALSE,FALSE,TRUE,FALSE,FALSE,FALSE,0,8467496,8,25
2016021132,657,even-strength,64,-5,FALSE,FALSE,TRUE,FALSE,FALSE,FALSE,0,8476479,8,25
2016021132,660,even-strength,68,20,FALSE,FALSE,TRUE,TRUE,TRUE,TRUE,0.04102168518780543,8475848,8,25
2016021132,661,even-strength,65,-40,FALSE,FALSE,TRUE,TRUE,TRUE,FALSE,0.01756097655459895,8477476,8,25
2016021132,664,even-strength,78,-26,FALSE,FALSE,TRUE,FALSE,FALSE,FALSE,0,8476479,8,25
2016021132,670,even-strength,64,38,FALSE,FALSE,TRUE,TRUE,TRUE,FALSE,0.01404209813986417,8477476,8,25
2016021132,671,even-strength,76,-3,FALSE,FALSE,TRUE,TRUE,TRUE,FALSE,0.14576256807448146,8473507,8,25
2016021132,672,even-strength,83,-8,FALSE,FALSE,TRUE,TRUE,FALSE,FALSE,0.07233890327580307,8471228,8,25
2016021132,676,even-strength,40,-12,TRUE,FALSE,TRUE,FALSE,FALSE,FALSE,0,8467496,8,25
2016021132,684,even-strength,45,-29,TRUE,FALSE,TRUE,TRUE,TRUE,TRUE,0.03447195974358409,8477476,8,25
2016021132,686,even-strength,31,-30,FALSE,FALSE,TRUE,TRUE,TRUE,FALSE,0.01027503539439941,8470642,8,25
2016021132,688,even-strength,61,-23,FALSE,FALSE,TRUE,FALSE,FALSE,FALSE,0,8473507,8,25
2016021132,692,even-strength,79,-4,FALSE,FALSE,TRUE,TRUE,TRUE,TRUE,0.1587760376774844,8471228,8,25
2016021132,697,power-play,70,8,FALSE,FALSE,TRUE,FALSE,FALSE,FALSE,0,8476381,8,25
2016021132,698,power-play,65,4,FALSE,FALSE,TRUE,FALSE,FALSE,FALSE,0,8470642,8,25
2016021162,6,even-strength,44,9,FALSE,FALSE,TRUE,FALSE,FALSE,FALSE,0,8476882,12,25
2016021162,8,even-strength,66,27,TRUE,FALSE,TRUE,TRUE,FALSE,FALSE,0.04440373960266138,8475784,12,25
2016021162,13,even-strength,50,35,FALSE,FALSE,TRUE,TRUE,TRUE,FALSE,0.00964770707505827,8478427,12,25
2016021162,21,even-strength,66,-6,FALSE,FALSE,TRUE,TRUE,TRUE,FALSE,0.10094815172936832,8478027,12,25
2016021162,26,even-strength,31,-34,FALSE,FALSE,TRUE,TRUE,TRUE,FALSE,0.00969553611395654,8477488,12,25
2016021162,29,power-play,70,10,FALSE,FALSE,TRUE,FALSE,FALSE,FALSE,0,8476882,12,25
2016021162,31,even-strength,47,27,FALSE,FALSE,TRUE,TRUE,TRUE,FALSE,0.0226447211670462,8476858,12,25
2016021162,38,even-strength,75,6,FALSE,FALSE,TRUE,TRUE,TRUE,FALSE,0.10259622243263908,8476882,12,25
2016021162,40,even-strength,35,-8,FALSE,FALSE,TRUE,TRUE,TRUE,FALSE,0.02421249369818868,8477488,12,25
2016021162,45,even-strength,48,33,FALSE,FALSE,TRUE,TRUE,TRUE,FALSE,0.01208698096007225,8478427,12,25
2016021162,354,even-strength,75,-2,FALSE,FALSE,TRUE,TRUE,TRUE,FALSE,0.10884328263238705,8475807,12,25
2016021162,356,even-strength,60,-27,FALSE,FALSE,TRUE,TRUE,TRUE,FALSE,0.02402599756906433,8475784,12,25
2016021162,359,even-strength,61,-27,FALSE,FALSE,TRUE,FALSE,FALSE,FALSE,0,8476807,12,25
2016021162,362,even-strength,64,2,FALSE,FALSE,TRUE,TRUE,FALSE,FALSE,0.11498230310853204,8476858,12,25
2016021162,363,even-strength,66,-16,TRUE,FALSE,TRUE,FALSE,FALSE,FALSE,0,8478427,12,25
2016021162,365,even-strength,33,5,FALSE,FALSE,TRUE,TRUE,TRUE,FALSE,0.02122934773152439,8476958,12,25
2016021162,367,even-strength,62,12,FALSE,FALSE,TRUE,FALSE,FALSE,FALSE,0,8478396,12,25
2016021162,370,even-strength,76,2,FALSE,FALSE,TRUE,TRUE,FALSE,FALSE,0.09984687853785967,8476882,12,25
2016021162,375,even-strength,73,8,TRUE,FALSE,TRUE,TRUE,FALSE,FALSE,0.17607976868560174,8473533,12,25
2016021162,376,even-strength,33,20,FALSE,FALSE,TRUE,TRUE,FALSE,FALSE,0.01143801637041837,8476958,12,25
2016021162,377,even-strength,73,-15,FALSE,FALSE,TRUE,TRUE,FALSE,FALSE,0.05402225149642849,8475807,12,25
2016021162,380,even-strength,81,6,FALSE,FALSE,TRUE,FALSE,FALSE,FALSE,0,8476958,12,25
2016021162,383,even-strength,56,16,FALSE,TRUE,TRUE,TRUE,FALSE,FALSE,0.11514058770968472,8476958,12,25
2016021162,384,even-strength,67,13,FALSE,FALSE,TRUE,FALSE,FALSE,FALSE,0,8476958,12,25
2016021162,385,even-strength,75,0,FALSE,FALSE,TRUE,FALSE,FALSE,FALSE,0,8477488,12,25
2016021162,386,even-strength,63,-1,FALSE,FALSE,TRUE,FALSE,FALSE,FALSE,0,8475784,12,25
2016021162,387,even-strength,45,-18,FALSE,FALSE,TRUE,FALSE,FALSE,FALSE,0,8475753,12,25
2016021162,389,even-strength,43,-23,FALSE,FALSE,TRUE,FALSE,FALSE,FALSE,0,8475784,12,25
2016021162,392,even-strength,79,-6,FALSE,FALSE,TRUE,TRUE,TRUE,FALSE,0.1093663806080253,8478027,12,25
2016021162,393,even-strength,84,-3,FALSE,TRUE,TRUE,FALSE,FALSE,FALSE,0,8475784,12,25
2016021162,394,even-strength,29,31,FALSE,FALSE,TRUE,TRUE,TRUE,FALSE,0.00844550823017567,8476934,12,25
2016021162,398,even-strength,43,-19,FALSE,FALSE,TRUE,TRUE,FALSE,FALSE,0.02421404048970221,8477488,12,25
2016021162,510,even-strength,72,-10,FALSE,FALSE,TRUE,TRUE,TRUE,FALSE,0.06049625453910385,8476882,12,25
2016021162,511,even-strength,73,12,FALSE,FALSE,TRUE,TRUE,TRUE,FALSE,0.07087797742265571,8475807,12,25
2016021162,514,even-strength,48,20,FALSE,FALSE,TRUE,TRUE,TRUE,FALSE,0.02732534403227524,8470740,12,25
2016021162,516,even-strength,57,-21,FALSE,FALSE,TRUE,TRUE,FALSE,FALSE,0.03312826626498157,8475753,12,25
2016021162,519,even-strength,30,-29,FALSE,FALSE,TRUE,TRUE,TRUE,FALSE,0.01146805685148924,8476807,12,25
2016021162,522,even-strength,83,31,FALSE,FALSE,TRUE,TRUE,TRUE,FALSE,0.04127735356056701,8470740,12,25
2016021162,524,even-strength,46,25,FALSE,FALSE,TRUE,TRUE,TRUE,FALSE,0.01834304416922515,8476958,12,25
2016021162,526,even-strength,66,4,FALSE,FALSE,TRUE,TRUE,TRUE,FALSE,0.1492625916984434,8477488,12,25
2016021162,527,even-strength,81,-16,FALSE,FALSE,TRUE,FALSE,FALSE,FALSE,0,8475753,12,25
2016021162,528,even-strength,78,-10,FALSE,FALSE,TRUE,FALSE,FALSE,FALSE,0,8475784,12,25
2016021162,529,even-strength,31,-24,FALSE,FALSE,TRUE,TRUE,FALSE,FALSE,0.01007679306272993,8476807,12,25
2016021162,535,even-strength,67,27,FALSE,FALSE,TRUE,TRUE,TRUE,FALSE,0.03388505601466333,8475753,12,25
2016021162,536,even-strength,83,25,FALSE,FALSE,TRUE,TRUE,TRUE,FALSE,0.03674874240126321,8475807,12,25
2016021162,537,even-strength,35,-3,FALSE,FALSE,TRUE,TRUE,TRUE,FALSE,0.02403341750198273,8476958,12,25
2016021162,538,even-strength,36,-35,FALSE,FALSE,TRUE,TRUE,TRUE,FALSE,0.01007533074255004,8475753,12,25
2016021162,539,even-strength,35,23,FALSE,FALSE,TRUE,TRUE,TRUE,FALSE,0.01675750045562471,8478396,12,25
2016021162,544,even-strength,44,17,FALSE,FALSE,TRUE,FALSE,FALSE,FALSE,0,8475807,12,25
2016021162,545,even-strength,72,-6,FALSE,FALSE,TRUE,FALSE,FALSE,FALSE,0,8478396,12,25
2016021162,546,even-strength,64,38,FALSE,FALSE,TRUE,TRUE,TRUE,FALSE,0.0130361647965659,8470740,12,25
2016021168,7,even-strength,62,3,FALSE,FALSE,TRUE,FALSE,FALSE,FALSE,0,8475167,14,25
2016021168,9,even-strength,76,24,FALSE,FALSE,TRUE,FALSE,FALSE,FALSE,0,8474520,14,25
2016021168,11,even-strength,63,2,FALSE,FALSE,TRUE,TRUE,FALSE,FALSE,0.096086731257878,8476453,14,25
2016021168,14,even-strength,72,-31,FALSE,FALSE,TRUE,TRUE,FALSE,FALSE,0.02756437130869267,8477494,14,25
2016021168,16,even-strength,45,-31,FALSE,FALSE,TRUE,TRUE,TRUE,FALSE,0.01816568356316721,8476826,14,25
2016021168,17,even-strength,79,-5,FALSE,TRUE,TRUE,TRUE,TRUE,FALSE,0.22966927068271803,8477454,14,25
2016021168,19,even-strength,73,6,FALSE,FALSE,TRUE,TRUE,FALSE,FALSE,0.06231469025573429,8475254,14,25
2016021168,24,even-strength,67,12,TRUE,FALSE,TRUE,TRUE,TRUE,FALSE,0.11165482440956837,8476292,14,25
2016021168,25,even-strength,55,2,FALSE,FALSE,TRUE,FALSE,FALSE,FALSE,0,8478010,14,25
2016021168,27,even-strength,34,3,FALSE,FALSE,TRUE,TRUE,TRUE,FALSE,0.02010043496442496,8474520,14,25
2016021168,35,even-strength,75,1,FALSE,FALSE,TRUE,TRUE,TRUE,TRUE,0.14435379252267408,8477454,14,25
2016021168,39,even-strength,40,3,FALSE,FALSE,TRUE,FALSE,FALSE,FALSE,0,8473986,14,25
2016021168,41,even-strength,67,12,FALSE,FALSE,TRUE,TRUE,TRUE,FALSE,0.08430071183405584,8471873,14,25
2016021168,48,even-strength,58,13,FALSE,FALSE,TRUE,TRUE,TRUE,FALSE,0.05008106345508695,8476480,14,25
2016021168,50,even-strength,58,-3,FALSE,FALSE,TRUE,FALSE,FALSE,FALSE,0,8470601,14,25
2016021168,202,even-strength,74,35,TRUE,FALSE,TRUE,TRUE,TRUE,FALSE,0.04289255906761792,8474520,14,25
2016021168,216,even-strength,65,2,FALSE,FALSE,TRUE,FALSE,FALSE,FALSE,0,8477454,14,25
2016021168,217,even-strength,55,20,FALSE,FALSE,TRUE,TRUE,TRUE,FALSE,0.05477620372846784,8476826,14,25
2016021168,218,even-strength,45,23,FALSE,FALSE,TRUE,TRUE,TRUE,FALSE,0.01886370147638349,8476292,14,25
2016021168,225,even-strength,67,-2,FALSE,FALSE,TRUE,FALSE,FALSE,FALSE,0,8475167,14,25
2016021168,226,even-strength,38,27,FALSE,FALSE,TRUE,TRUE,FALSE,FALSE,0.01222766189358977,8475167,14,25
2016021168,230,power-play,43,-26,FALSE,FALSE,TRUE,TRUE,FALSE,FALSE,0.04608137464322364,8476453,14,25
2016021168,234,power-play,45,-28,FALSE,FALSE,TRUE,TRUE,FALSE,FALSE,0.0354948756897832,8476453,14,25
2016021168,250,even-strength,41,-7,FALSE,FALSE,TRUE,TRUE,FALSE,FALSE,0.0344207761192503,8476292,14,25
2016021168,401,even-strength,71,0,FALSE,FALSE,TRUE,TRUE,TRUE,FALSE,0.0850796038101891,8476292,14,25
2016021168,406,even-strength,65,4,FALSE,FALSE,TRUE,FALSE,FALSE,FALSE,0,8477494,14,25
2016021168,408,even-strength,60,-9,FALSE,FALSE,TRUE,FALSE,FALSE,FALSE,0,8475167,14,25
2016021168,410,even-strength,62,-5,FALSE,FALSE,TRUE,TRUE,TRUE,FALSE,0.07460081920944239,8476826,14,25
2016021168,411,even-strength,71,-8,FALSE,FALSE,TRUE,FALSE,FALSE,FALSE,0,8477205,14,25
2016021168,412,even-strength,60,12,FALSE,FALSE,TRUE,TRUE,FALSE,FALSE,0.04595891546167554,8477494,14,25
2016021168,413,even-strength,57,-21,FALSE,FALSE,TRUE,TRUE,FALSE,FALSE,0.02544137377435282,8474870,14,25
2016021168,414,even-strength,49,-16,TRUE,FALSE,TRUE,TRUE,TRUE,FALSE,0.04363653008309259,8471873,14,25
2016021168,415,even-strength,65,6,FALSE,TRUE,TRUE,TRUE,TRUE,TRUE,0.18254270557483632,8470601,14,25
2016021168,425,even-strength,75,-8,FALSE,FALSE,TRUE,TRUE,FALSE,FALSE,0.06327589021780033,8478010,14,25
2016021168,426,even-strength,32,18,FALSE,FALSE,TRUE,TRUE,TRUE,FALSE,0.01562706214797876,8475167,14,25
2016021168,427,even-strength,37,-23,FALSE,FALSE,TRUE,TRUE,TRUE,FALSE,0.01523061043654475,8477009,14,25
2016021168,429,even-strength,62,-36,FALSE,FALSE,TRUE,TRUE,TRUE,FALSE,0.02620969928820647,8474870,14,25
2016021168,430,even-strength,76,-4,FALSE,FALSE,TRUE,TRUE,TRUE,FALSE,0.09220757683240052,8477454,14,25
2016021168,431,even-strength,79,-3,FALSE,TRUE,TRUE,TRUE,TRUE,FALSE,0.26905476399110245,8477454,14,25
2016021168,433,even-strength,56,7,FALSE,FALSE,TRUE,FALSE,FALSE,FALSE,0,8471873,14,25
2016021168,434,even-strength,51,-5,FALSE,FALSE,TRUE,TRUE,FALSE,FALSE,0.03923581145527521,8471873,14,25
2016021168,435,even-strength,50,-8,FALSE,FALSE,TRUE,FALSE,FALSE,FALSE,0,8477009,14,25
2016021168,438,even-strength,76,-8,FALSE,FALSE,TRUE,TRUE,TRUE,FALSE,0.07836372967375316,8478010,14,25
2016021168,439,even-strength,74,0,FALSE,FALSE,TRUE,TRUE,TRUE,TRUE,0.1522245586295932,8478010,14,25
2016021168,441,even-strength,70,8,FALSE,FALSE,TRUE,FALSE,FALSE,FALSE,0,8477494,14,25
2016021168,442,even-strength,47,26,FALSE,FALSE,TRUE,TRUE,FALSE,FALSE,0.01898163422409504,8477494,14,25
2016021168,443,even-strength,75,-4,FALSE,FALSE,TRUE,TRUE,FALSE,FALSE,0.09942417002413584,8475254,14,25
2016021168,450,even-strength,42,2,FALSE,FALSE,TRUE,TRUE,TRUE,FALSE,0.02548903085925151,8475167,14,25
2016021168,552,even-strength,67,-5,FALSE,FALSE,TRUE,TRUE,FALSE,FALSE,0.08293749778996727,8478010,14,25
2016021168,558,power-play,54,11,FALSE,FALSE,TRUE,TRUE,FALSE,FALSE,0.10245222727783308,8477494,14,25
2016021168,559,power-play,65,0,FALSE,FALSE,TRUE,FALSE,FALSE,FALSE,0,8476453,14,25
2016021168,560,power-play,64,-2,FALSE,FALSE,TRUE,TRUE,TRUE,TRUE,0.11147776920537852,8476292,14,25
2016021168,561,power-play,64,5,FALSE,FALSE,TRUE,FALSE,FALSE,FALSE,0,8476453,14,25
2016021168,569,even-strength,68,-13,FALSE,FALSE,TRUE,TRUE,TRUE,TRUE,0.07878739949044151,8477454,14,25
2016021200,99,even-strength,62,8,TRUE,FALSE,TRUE,TRUE,FALSE,FALSE,0.12092340574855308,8471707,18,25
2016021200,100,even-strength,86,14,FALSE,FALSE,TRUE,TRUE,FALSE,FALSE,0.04089606425818783,8476887,18,25
2016021200,255,even-strength,43,-20,FALSE,FALSE,TRUE,FALSE,FALSE,FALSE,0,8475625,18,25
2016021200,256,even-strength,64,-20,FALSE,FALSE,TRUE,FALSE,FALSE,FALSE,0,8475766,18,25
2016021200,257,even-strength,47,3,FALSE,FALSE,TRUE,FALSE,FALSE,FALSE,0,8475868,18,25
2016021200,258,even-strength,76,14,FALSE,FALSE,TRUE,TRUE,FALSE,FALSE,0.04223063296253086,8475225,18,25
2016021200,259,even-strength,43,23,FALSE,FALSE,TRUE,TRUE,TRUE,FALSE,0.01863838264389949,8476779,18,25
2016021200,267,even-strength,63,4,FALSE,FALSE,TRUE,TRUE,TRUE,TRUE,0.10755930384443592,8477942,18,25
2016021200,272,even-strength,68,-23,FALSE,FALSE,TRUE,TRUE,TRUE,TRUE,0.03233004539784229,8478042,18,25
2016021200,273,even-strength,85,-7,FALSE,FALSE,TRUE,TRUE,TRUE,FALSE,0.1162839549051767,8475766,18,25
2016021200,283,even-strength,79,-6,FALSE,FALSE,TRUE,FALSE,FALSE,FALSE,0,8476925,18,25
2016021200,285,even-strength,82,-3,FALSE,FALSE,TRUE,TRUE,TRUE,TRUE,0.18655440515073668,8476158,18,25
2016021200,291,even-strength,65,-6,FALSE,FALSE,TRUE,TRUE,TRUE,FALSE,0.06532888956590724,8477942,18,25
2016021200,294,penalty-kill,79,-8,FALSE,FALSE,TRUE,FALSE,FALSE,FALSE,0,8478042,18,25
2016021200,401,penalty-kill,75,-11,FALSE,FALSE,TRUE,TRUE,TRUE,FALSE,0.10931516722696348,8475793,18,25
2016021200,403,even-strength,50,-5,FALSE,FALSE,TRUE,FALSE,FALSE,FALSE,0,8475625,18,25
2016021200,405,even-strength,58,-30,TRUE,FALSE,TRUE,TRUE,TRUE,FALSE,0.05748927062976634,8469707,18,25
2016021200,408,power-play,40,-7,FALSE,FALSE,TRUE,TRUE,FALSE,FALSE,0.04772830806108937,8474600,18,25
2016021200,409,power-play,76,-4,FALSE,FALSE,TRUE,TRUE,TRUE,FALSE,0.10347383542192667,8471707,18,25
2016021200,410,power-play,64,-20,FALSE,FALSE,TRUE,TRUE,TRUE,FALSE,0.05769161705399506,8474600,18,25
2016021200,411,even-strength,47,23,FALSE,FALSE,TRUE,FALSE,FALSE,FALSE,0,8475868,18,25
2016021200,412,even-strength,81,-1,FALSE,FALSE,TRUE,FALSE,FALSE,FALSE,0,8474056,18,25
2016021200,415,even-strength,72,1,FALSE,FALSE,TRUE,TRUE,TRUE,FALSE,0.17546219225787904,8475766,18,25
2016021200,418,even-strength,79,-6,FALSE,TRUE,TRUE,TRUE,FALSE,FALSE,0.16911040889838172,8475225,18,25
2016021200,419,even-strength,78,12,FALSE,FALSE,TRUE,FALSE,FALSE,FALSE,0,8476779,18,25
2016021200,423,even-strength,80,-5,FALSE,FALSE,TRUE,TRUE,FALSE,FALSE,0.11868009620222876,8477942,18,25
2016021200,424,even-strength,78,-5,FALSE,FALSE,TRUE,FALSE,FALSE,FALSE,0,8469707,18,25
2016021200,430,even-strength,80,-14,FALSE,TRUE,TRUE,TRUE,TRUE,FALSE,0.16559339467441256,8476887,18,25
2016021200,431,even-strength,84,26,FALSE,FALSE,TRUE,TRUE,TRUE,FALSE,0.03275317204159552,8474600,18,25
2016021200,432,even-strength,64,39,FALSE,TRUE,TRUE,TRUE,TRUE,FALSE,0.0638452322520079,8474600,18,25
2016021200,434,power-play,50,-30,FALSE,FALSE,TRUE,TRUE,FALSE,FALSE,0.03475450514047307,8475218,18,25
2016021200,437,power-play,61,27,FALSE,FALSE,TRUE,TRUE,TRUE,FALSE,0.15402463785884588,8476887,18,25
2016021200,439,power-play,58,-23,FALSE,FALSE,TRUE,TRUE,TRUE,TRUE,0.08743635565711758,8474600,18,25
2016021200,441,power-play,52,-18,FALSE,FALSE,TRUE,TRUE,TRUE,FALSE,0.071861397827756,8478042,18,25
2016021200,442,power-play,81,-1,FALSE,TRUE,TRUE,TRUE,TRUE,FALSE,0.37695343626240585,8471707,18,25
2016021200,443,even-strength,86,-4,FALSE,FALSE,TRUE,TRUE,TRUE,FALSE,0.04777207925290378,8475225,18,25
2016021200,444,even-strength,74,-37,FALSE,FALSE,TRUE,TRUE,TRUE,FALSE,0.02421814955475647,8476887,18,25
2016021200,445,even-strength,81,-1,FALSE,TRUE,TRUE,FALSE,FALSE,FALSE,0,8471707,18,25
2016021200,448,power-play,81,-20,FALSE,FALSE,TRUE,TRUE,FALSE,FALSE,0.07274646429698571,8475225,18,25
2016021200,449,power-play,80,-17,FALSE,FALSE,TRUE,TRUE,FALSE,FALSE,0.09786852834433075,8475225,18,25
2016021200,601,even-strength,66,-7,FALSE,FALSE,TRUE,FALSE,FALSE,FALSE,0,8476447,18,25
2016021200,602,even-strength,69,3,FALSE,FALSE,TRUE,FALSE,FALSE,FALSE,0,8475625,18,25
2016021200,604,even-strength,80,-3,FALSE,FALSE,TRUE,FALSE,FALSE,FALSE,0,8475714,18,25
2016021200,611,even-strength,69,9,FALSE,FALSE,TRUE,FALSE,FALSE,FALSE,0,8471707,18,25
2016021200,617,even-strength,65,20,FALSE,FALSE,TRUE,TRUE,TRUE,FALSE,0.04565763540695615,8476158,18,25
2016021200,627,even-strength,62,-31,FALSE,FALSE,TRUE,TRUE,TRUE,FALSE,0.03561632125479771,8475766,18,25
2016021200,630,even-strength,56,-29,FALSE,FALSE,TRUE,TRUE,FALSE,FALSE,0.02601809178834734,8476447,18,25
2016021200,632,even-strength,58,-22,FALSE,FALSE,TRUE,TRUE,TRUE,TRUE,0.05135655626202875,8475225,18,25
2016021200,633,even-strength,29,36,FALSE,FALSE,TRUE,TRUE,FALSE,FALSE,0.0076219044165585,8477942,18,25
2016021200,636,even-strength,87,-15,FALSE,FALSE,TRUE,FALSE,FALSE,FALSE,0,8475766,18,25
2016021200,645,even-strength,73,4,TRUE,FALSE,TRUE,TRUE,TRUE,FALSE,0.23857496903515263,8477942,18,25
2016021200,646,even-strength,76,2,FALSE,TRUE,TRUE,TRUE,TRUE,FALSE,0.33623657191479284,8475218,18,25
2016021200,647,even-strength,34,-33,FALSE,FALSE,TRUE,TRUE,TRUE,FALSE,0.01018069863989387,8474056,18,25
2016021216,71,even-strength,75,-21,FALSE,FALSE,TRUE,TRUE,FALSE,FALSE,0.03678543356079319,8471504,21,25
2016021216,72,even-strength,46,33,FALSE,FALSE,TRUE,FALSE,FALSE,FALSE,0,8474717,21,25
2016021216,77,even-strength,78,-16,FALSE,FALSE,TRUE,FALSE,FALSE,FALSE,0,8477456,21,25
2016021216,81,even-strength,75,-12,FALSE,FALSE,TRUE,TRUE,TRUE,FALSE,0.09597775753719144,8476428,21,25
2016021216,83,even-strength,78,-3,FALSE,FALSE,TRUE,TRUE,TRUE,FALSE,0.10162697362380212,8476428,21,25
2016021216,88,even-strength,78,-8,FALSE,FALSE,TRUE,TRUE,TRUE,FALSE,0.10224114152850387,8476428,21,25
2016021216,90,even-strength,66,5,FALSE,FALSE,TRUE,FALSE,FALSE,FALSE,0,8478073,21,25
2016021216,91,even-strength,63,-21,FALSE,FALSE,TRUE,TRUE,TRUE,FALSE,0.03080898133832826,8475197,21,25
2016021216,92,even-strength,60,0,FALSE,FALSE,TRUE,FALSE,FALSE,FALSE,0,8473446,21,25
2016021216,93,even-strength,76,1,FALSE,FALSE,TRUE,FALSE,FALSE,FALSE,0,8473446,21,25
2016021216,253,even-strength,70,-1,FALSE,FALSE,TRUE,FALSE,FALSE,FALSE,0,8477456,21,25
2016021216,256,even-strength,79,0,FALSE,TRUE,TRUE,TRUE,FALSE,FALSE,0.29880389939875646,8476442,21,25
2016021216,257,even-strength,78,7,FALSE,FALSE,TRUE,FALSE,FALSE,FALSE,0,8467400,21,25
2016021216,259,even-strength,60,-1,FALSE,FALSE,TRUE,FALSE,FALSE,FALSE,0,8473446,21,25
2016021216,260,even-strength,55,-6,FALSE,FALSE,TRUE,FALSE,FALSE,FALSE,0,8477492,21,25
2016021216,261,even-strength,36,29,FALSE,FALSE,TRUE,TRUE,FALSE,FALSE,0.01037441134782664,8474717,21,25
2016021216,264,even-strength,52,-22,FALSE,FALSE,TRUE,FALSE,FALSE,FALSE,0,8467400,21,25
2016021216,273,even-strength,57,35,FALSE,FALSE,TRUE,TRUE,FALSE,FALSE,0.01712694463718725,8474717,21,25
2016021216,291,even-strength,55,23,FALSE,FALSE,TRUE,TRUE,TRUE,FALSE,0.02936378735712853,8477492,21,25
2016021216,293,even-strength,63,3,FALSE,FALSE,TRUE,FALSE,FALSE,FALSE,0,8471262,21,25
2016021216,295,even-strength,68,-17,TRUE,FALSE,TRUE,TRUE,TRUE,FALSE,0.04402217088584746,8467400,21,25
2016021216,299,even-strength,63,-18,FALSE,FALSE,TRUE,TRUE,TRUE,FALSE,0.0438560661390104,8477456,21,25
2016021216,402,even-strength,57,-20,FALSE,FALSE,TRUE,FALSE,FALSE,FALSE,0,8475197,21,25
2016021216,403,even-strength,61,-19,FALSE,FALSE,TRUE,TRUE,TRUE,FALSE,0.02090707943743103,8476428,21,25
2016021216,405,even-strength,82,0,FALSE,TRUE,TRUE,TRUE,TRUE,FALSE,0.41797750490269336,8479370,21,25
2016021216,407,even-strength,79,11,FALSE,FALSE,TRUE,TRUE,TRUE,FALSE,0.05002199825194658,8475168,21,25
2016021216,416,even-strength,60,-26,FALSE,FALSE,TRUE,TRUE,TRUE,FALSE,0.02576967573376917,8478420,21,25
2016021216,420,even-strength,32,35,FALSE,FALSE,TRUE,TRUE,TRUE,FALSE,0.00761035599935993,8474717,21,25
2016021216,422,even-strength,42,-31,FALSE,FALSE,TRUE,TRUE,FALSE,FALSE,0.01330995724174978,8475197,21,25
2016021216,423,even-strength,36,-35,FALSE,FALSE,TRUE,TRUE,TRUE,FALSE,0.00676234065109221,8475197,21,25
2016021216,425,even-strength,78,1,FALSE,FALSE,TRUE,FALSE,FALSE,FALSE,0,8474717,21,25
2016021216,429,even-strength,82,-1,FALSE,FALSE,TRUE,TRUE,TRUE,TRUE,0.20989259009081904,8478420,21,25
2016021216,430,even-strength,37,24,FALSE,FALSE,TRUE,TRUE,TRUE,FALSE,0.01290377758473789,8478073,21,25
2016021216,435,even-strength,56,-12,FALSE,FALSE,TRUE,TRUE,TRUE,FALSE,0.03391308541362937,8477492,21,25
2016021216,436,even-strength,31,14,FALSE,FALSE,TRUE,TRUE,FALSE,FALSE,0.01266200360892481,8474717,21,25
2016021216,437,even-strength,6,-36,FALSE,FALSE,TRUE,TRUE,TRUE,FALSE,0.00227005613276792,8467400,21,25
2016021216,438,even-strength,5,28,TRUE,FALSE,TRUE,TRUE,TRUE,FALSE,0.00435279530786549,8476464,21,25
2016021216,440,even-strength,57,8,FALSE,FALSE,TRUE,TRUE,FALSE,FALSE,0.07208937924102765,8476464,21,25
2016021216,442,even-strength,39,-4,FALSE,FALSE,TRUE,TRUE,FALSE,FALSE,0.04819771967799969,8475197,21,25
2016021216,444,even-strength,51,-15,FALSE,FALSE,TRUE,FALSE,FALSE,FALSE,0,8473446,21,25
2016021216,445,even-strength,79,-14,FALSE,FALSE,TRUE,FALSE,FALSE,FALSE,0,8479370,21,25
2016021216,446,even-strength,80,5,FALSE,FALSE,TRUE,TRUE,TRUE,TRUE,0.0974160016350723,8476455,21,25
2016021216,450,power-play,39,-9,FALSE,FALSE,TRUE,TRUE,TRUE,TRUE,0.04484365307100838,8475197,21,25
2016021216,606,even-strength,63,12,FALSE,FALSE,TRUE,TRUE,TRUE,FALSE,0.04981861883453183,8476455,21,25
2016021216,613,even-strength,34,-3,FALSE,FALSE,TRUE,TRUE,TRUE,FALSE,0.0210274800118817,8475197,21,25
2016021216,617,even-strength,48,35,FALSE,FALSE,TRUE,TRUE,TRUE,FALSE,0.01315795890005432,8477413,21,25
2016021216,618,even-strength,77,-2,TRUE,FALSE,TRUE,FALSE,FALSE,FALSE,0,8477492,21,25
2016021216,619,even-strength,80,1,FALSE,FALSE,TRUE,TRUE,FALSE,FALSE,0.15159180396879124,8477456,21,25
2016021216,620,even-strength,64,-6,FALSE,FALSE,TRUE,FALSE,FALSE,FALSE,0,8475168,21,25
2016021216,621,even-strength,54,-24,FALSE,FALSE,TRUE,TRUE,FALSE,FALSE,0.02142725957394192,8475197,21,25
2016021216,633,even-strength,78,-7,FALSE,FALSE,TRUE,TRUE,TRUE,FALSE,0.04594548503985694,8475168,21,25
2016021216,641,even-strength,78,0,FALSE,FALSE,TRUE,TRUE,FALSE,FALSE,0.08195353185689083,8475168,21,25
