gameId,eventId,strengthState,xCoordNorm,yCoordNorm,isRush,isRebound,isCorsi,isFenwick,isShot,isGoal,xG,shooterPlayerId,shooterTeamId,goalieTeamId
2019020008,6,even-strength,69,-20,FALSE,FALSE,TRUE,FALSE,FALSE,FALSE,0,8480830,12,8
2019020008,18,penalty-kill,85,-4,FALSE,FALSE,TRUE,TRUE,TRUE,FALSE,0.08480169291496571,8478427,12,8
2019020008,22,even-strength,39,37,TRUE,FALSE,TRUE,TRUE,TRUE,FALSE,0.02052300177246023,8474581,12,8
2019020008,29,even-strength,78,23,FALSE,FALSE,TRUE,TRUE,TRUE,FALSE,0.0520258623573553,8476921,12,8
2019020008,30,even-strength,64,10,FALSE,FALSE,TRUE,FALSE,FALSE,FALSE,0,8476441,12,8
2019020008,33,even-strength,51,39,FALSE,FALSE,TRUE,TRUE,TRUE,FALSE,0.01730787459687656,8478027,12,8
2019020008,34,even-strength,83,18,FALSE,FALSE,TRUE,TRUE,FALSE,FALSE,0.04085340972521967,8478027,12,8
2019020008,35,even-strength,66,-21,FALSE,FALSE,TRUE,TRUE,TRUE,FALSE,0.04383013533454713,8477938,12,8
2019020008,36,even-strength,80,-14,FALSE,TRUE,TRUE,TRUE,TRUE,FALSE,0.1390388690707235,8477938,12,8
2019020008,37,even-strength,67,-18,FALSE,FALSE,TRUE,FALSE,FALSE,FALSE,0,8476882,12,8
2019020008,38,even-strength,73,-5,FALSE,FALSE,TRUE,TRUE,FALSE,FALSE,0.07116314732344672,8473533,12,8
2019020008,43,even-strength,50,39,FALSE,FALSE,TRUE,TRUE,TRUE,FALSE,0.0115315914567605,8476882,12,8
2019020008,44,even-strength,78,-7,FALSE,FALSE,TRUE,FALSE,FALSE,FALSE,0,8477488,12,8
2019020008,46,even-strength,71,2,FALSE,FALSE,TRUE,TRUE,FALSE,FALSE,0.11434108652146892,8476288,12,8
2019020008,48,even-strength,36,20,FALSE,FALSE,TRUE,TRUE,TRUE,FALSE,0.01739824824582761,8478427,12,8
2019020008,49,even-strength,34,28,FALSE,FALSE,TRUE,TRUE,FALSE,FALSE,0.01266287041623853,8474581,12,8
2019020008,202,even-strength,74,19,FALSE,FALSE,TRUE,TRUE,FALSE,FALSE,0.05995263497852463,8477998,12,8
2019020008,203,even-strength,64,-17,FALSE,FALSE,TRUE,FALSE,FALSE,FALSE,0,8477488,12,8
2019020008,204,even-strength,79,-11,FALSE,FALSE,TRUE,TRUE,TRUE,FALSE,0.05416569164118921,8478027,12,8
2019020008,205,even-strength,82,-6,FALSE,TRUE,TRUE,TRUE,TRUE,TRUE,0.19272829344523157,8478027,12,8
2019020008,213,even-strength,82,-10,FALSE,FALSE,TRUE,TRUE,FALSE,FALSE,0.0578307580350465,8478427,12,8
2019020008,221,even-strength,80,-8,TRUE,FALSE,TRUE,TRUE,TRUE,FALSE,0.08081331503170522,8476882,12,8
2019020008,223,even-strength,68,-13,FALSE,FALSE,TRUE,FALSE,FALSE,FALSE,0,8476921,12,8
2019020008,224,even-strength,58,-3,FALSE,TRUE,TRUE,TRUE,TRUE,FALSE,0.1337148857878448,8475287,12,8
2019020008,226,even-strength,30,-30,FALSE,FALSE,TRUE,TRUE,TRUE,FALSE,0.0102079208678046,8476462,12,8
2019020008,228,power-play,60,16,FALSE,FALSE,TRUE,TRUE,FALSE,FALSE,0.07146121035353824,8473533,12,8
2019020008,230,power-play,79,-1,FALSE,FALSE,TRUE,TRUE,TRUE,TRUE,0.13797573086858675,8480039,12,8
2019020008,244,even-strength,55,12,FALSE,FALSE,TRUE,TRUE,TRUE,FALSE,0.03913622543190775,8476462,12,8
2019020008,246,even-strength,71,11,FALSE,FALSE,TRUE,TRUE,FALSE,FALSE,0.05562555969716207,8476934,12,8
2019020008,247,even-strength,81,2,FALSE,FALSE,TRUE,TRUE,FALSE,FALSE,0.1490731285525793,8475287,12,8
2019020008,248,power-play,66,21,FALSE,FALSE,TRUE,TRUE,TRUE,FALSE,0.05716589210791103,8480039,12,8
2019020008,249,power-play,73,23,FALSE,FALSE,TRUE,TRUE,TRUE,FALSE,0.08566952046419501,8473533,12,8
2019020008,250,power-play,83,8,FALSE,TRUE,TRUE,TRUE,TRUE,FALSE,0.29823081305102517,8475287,12,8
2019020008,451,power-play,86,6,FALSE,FALSE,TRUE,TRUE,FALSE,FALSE,0.09738867798038328,8475287,12,8
2019020008,452,power-play,86,6,FALSE,TRUE,TRUE,TRUE,TRUE,FALSE,0.3174792264652306,8475287,12,8
2019020008,456,even-strength,87,-6,FALSE,FALSE,TRUE,TRUE,TRUE,FALSE,0.07055328647244989,8476934,12,8
2019020008,458,even-strength,62,-10,FALSE,FALSE,TRUE,FALSE,FALSE,FALSE,0,8480830,12,8
2019020008,460,even-strength,81,9,FALSE,FALSE,TRUE,TRUE,TRUE,FALSE,0.06199586021377363,8476958,12,8
2019020008,461,even-strength,74,14,FALSE,FALSE,TRUE,TRUE,FALSE,FALSE,0.04402641566032581,8476288,12,8
2019020008,468,even-strength,72,6,FALSE,FALSE,TRUE,TRUE,TRUE,FALSE,0.08969861597389982,8475287,12,8
2019020008,474,even-strength,95,20,FALSE,FALSE,TRUE,TRUE,TRUE,FALSE,0.02131858491712019,8473533,12,8
2019020008,481,even-strength,76,14,FALSE,FALSE,TRUE,TRUE,FALSE,FALSE,0.06092510397476164,8480830,12,8
2019020008,483,even-strength,78,20,FALSE,FALSE,TRUE,TRUE,TRUE,FALSE,0.04600151692441619,8476882,12,8
2019020008,484,even-strength,36,-30,FALSE,FALSE,TRUE,TRUE,TRUE,FALSE,0.01094000511817746,8476462,12,8
2019020008,485,even-strength,34,-41,FALSE,FALSE,TRUE,TRUE,TRUE,FALSE,0.00518899964430819,8476462,12,8
2019020008,486,even-strength,31,-31,TRUE,FALSE,TRUE,TRUE,TRUE,FALSE,0.00859438122081603,8476882,12,8
2019020008,488,even-strength,25,15,FALSE,FALSE,TRUE,TRUE,TRUE,FALSE,0.00818978897835657,8476288,12,8
2019020008,497,power-play,64,-3,FALSE,FALSE,TRUE,TRUE,FALSE,FALSE,0.08259934136182816,8475799,12,8
2019020008,499,power-play,56,22,FALSE,FALSE,TRUE,TRUE,TRUE,FALSE,0.06814810106089138,8476288,12,8
2019020008,500,even-strength,84,6,FALSE,TRUE,TRUE,TRUE,TRUE,TRUE,0.22972211538771867,8475287,12,8
2019020008,651,even-strength,72,-1,FALSE,FALSE,TRUE,TRUE,TRUE,FALSE,0.09737000182472302,8476462,12,8
2019020008,652,even-strength,70,-7,FALSE,FALSE,TRUE,FALSE,FALSE,FALSE,0,8476934,12,8
2019020008,653,even-strength,78,35,FALSE,FALSE,TRUE,TRUE,TRUE,FALSE,0.03491506664896088,8476882,12,8
2019020008,656,even-strength,50,20,FALSE,FALSE,TRUE,FALSE,FALSE,FALSE,0,8477938,12,8
2019020008,657,even-strength,31,29,FALSE,FALSE,TRUE,TRUE,TRUE,FALSE,0.01608821444665949,8476441,12,8
2019020008,658,even-strength,86,-4,FALSE,FALSE,TRUE,TRUE,TRUE,FALSE,0.05457760925656262,8476921,12,8
2019020008,660,even-strength,46,25,FALSE,FALSE,TRUE,TRUE,TRUE,FALSE,0.02110355359650598,8476958,12,8
2019020008,662,even-strength,54,34,FALSE,FALSE,TRUE,TRUE,TRUE,FALSE,0.01383294457113337,8476958,12,8
2019020008,663,even-strength,31,-33,FALSE,FALSE,TRUE,TRUE,TRUE,FALSE,0.01147487564108605,8477488,12,8
2019020008,664,even-strength,64,40,FALSE,FALSE,TRUE,TRUE,FALSE,FALSE,0.01336616968018671,8478427,12,8
2019020008,665,even-strength,74,33,FALSE,FALSE,TRUE,TRUE,FALSE,FALSE,0.02060760583582847,8474581,12,8
2019020008,666,even-strength,84,-5,FALSE,TRUE,TRUE,TRUE,TRUE,FALSE,0.2053806104030285,8478427,12,8
2019020008,667,even-strength,32,24,FALSE,FALSE,TRUE,TRUE,TRUE,FALSE,0.0153821812530805,8476958,12,8
2019020008,669,even-strength,79,-5,FALSE,FALSE,TRUE,TRUE,FALSE,FALSE,0.07442990162898533,8476288,12,8
2019020008,670,even-strength,78,-4,FALSE,FALSE,TRUE,TRUE,TRUE,FALSE,0.16581612126675307,8478427,12,8
2019020008,675,even-strength,59,-16,FALSE,FALSE,TRUE,TRUE,TRUE,FALSE,0.05025777791227381,8476882,12,8
2019020008,679,even-strength,71,-8,FALSE,FALSE,TRUE,FALSE,FALSE,FALSE,0,8476958,12,8
2019020008,680,even-strength,50,12,FALSE,FALSE,TRUE,TRUE,TRUE,FALSE,0.03126180037219496,8476441,12,8
2019020008,681,even-strength,75,5,FALSE,TRUE,TRUE,FALSE,FALSE,FALSE,0,8476288,12,8
2019020008,683,even-strength,30,27,FALSE,FALSE,TRUE,TRUE,FALSE,FALSE,0.01081207252451382,8476958,12,8
2019020008,691,even-strength,69,-8,FALSE,FALSE,TRUE,FALSE,FALSE,FALSE,0,8476462,12,8
2019020008,692,even-strength,65,-5,FALSE,FALSE,TRUE,FALSE,FALSE,FALSE,0,8476462,12,8
2019020008,693,even-strength,46,-27,FALSE,FALSE,TRUE,TRUE,TRUE,FALSE,0.05039856694261092,8474581,12,8
2019020008,697,even-strength,60,-2,FALSE,FALSE,TRUE,TRUE,FALSE,FALSE,0.1526222868811609,8476882,12,8
2019020019,16,even-strength,73,3,TRUE,FALSE,TRUE,TRUE,FALSE,FALSE,0.16838181811054087,8477021,10,8
2019020019,19,even-strength,78,4,FALSE,FALSE,TRUE,TRUE,FALSE,FALSE,0.10241454198150944,8479318,10,8
2019020019,20,even-strength,62,28,TRUE,FALSE,TRUE,TRUE,TRUE,FALSE,0.0505580316917061,8474162,10,8
2019020019,26,even-strength,40,5,FALSE,FALSE,TRUE,TRUE,TRUE,FALSE,0.02095526403393502,8477512,10,8
2019020019,27,even-strength,76,12,FALSE,FALSE,TRUE,FALSE,FALSE,FALSE,0,8477512,10,8
2019020019,33,even-strength,68,-27,FALSE,FALSE,TRUE,TRUE,FALSE,FALSE,0.02018882819301487,8481624,10,8
2019020019,34,even-strength,35,-34,FALSE,FALSE,TRUE,TRUE,TRUE,FALSE,0.01036962529949073,8475197,10,8
2019020019,35,even-strength,86,-13,FALSE,FALSE,TRUE,TRUE,TRUE,FALSE,0.05812479551739335,8477939,10,8
2019020019,36,even-strength,48,13,FALSE,FALSE,TRUE,TRUE,TRUE,TRUE,0.02516289864013584,8479318,10,8
2019020019,38,even-strength,69,-4,FALSE,FALSE,TRUE,TRUE,TRUE,FALSE,0.06464528148307341,8477512,10,8
2019020019,45,even-strength,34,-27,FALSE,FALSE,TRUE,TRUE,TRUE,FALSE,0.01535933695427913,8475197,10,8
2019020019,48,even-strength,70,28,FALSE,FALSE,TRUE,TRUE,FALSE,FALSE,0.02588195366591444,8479675,10,8
2019020019,50,even-strength,45,-38,FALSE,FALSE,TRUE,TRUE,FALSE,FALSE,0.01115973045719568,8476879,10,8
2019020019,201,even-strength,40,34,FALSE,FALSE,TRUE,TRUE,TRUE,FALSE,0.0113148282039407,8481624,10,8
2019020019,203,power-play,61,3,FALSE,FALSE,TRUE,TRUE,FALSE,FALSE,0.10326036676141738,8475166,10,8
2019020019,204,power-play,70,9,FALSE,FALSE,TRUE,FALSE,FALSE,FALSE,0,8478483,10,8
2019020019,205,power-play,51,12,FALSE,FALSE,TRUE,TRUE,TRUE,FALSE,0.06422221722839623,8478483,10,8
2019020019,206,power-play,62,-18,TRUE,FALSE,TRUE,TRUE,TRUE,FALSE,0.09163032155148222,8477939,10,8
2019020019,212,even-strength,76,-10,FALSE,FALSE,TRUE,TRUE,TRUE,TRUE,0.093130456150190985,8477021,10,8
2019020019,220,penalty-kill,65,31,FALSE,FALSE,TRUE,TRUE,TRUE,FALSE,0.02153599893068735,8481624,10,8
2019020019,222,even-strength,77,-13,FALSE,FALSE,TRUE,FALSE,FALSE,FALSE,0,8477939,10,8
2019020019,225,even-strength,67,-6,FALSE,FALSE,TRUE,FALSE,FALSE,FALSE,0,8476853,10,8
2019020019,229,power-play,74,-15,FALSE,FALSE,TRUE,TRUE,FALSE,FALSE,0.0817777147014672,8478483,10,8
2019020019,238,power-play,73,-7,FALSE,FALSE,TRUE,TRUE,TRUE,FALSE,0.09691984883251704,8477021,10,8
2019020019,239,power-play,84,-5,FALSE,TRUE,TRUE,TRUE,TRUE,FALSE,0.2521370877120376,8477021,10,8
2019020019,401,even-strength,74,22,FALSE,FALSE,TRUE,TRUE,TRUE,FALSE,0.03938607255514714,8478857,10,8
2019020019,403,even-strength,58,20,FALSE,FALSE,TRUE,FALSE,FALSE,FALSE,0,8481624,10,8
2019020019,404,even-strength,32,-24,FALSE,FALSE,TRUE,TRUE,TRUE,FALSE,0.01125472574578531,8476879,10,8
2019020019,410,power-play,53,-8,FALSE,FALSE,TRUE,TRUE,FALSE,FALSE,0.09183941549040668,8475166,10,8
2019020019,413,even-strength,72,2,FALSE,FALSE,TRUE,TRUE,FALSE,FALSE,0.13479161326341974,8475166,10,8
2019020019,417,power-play,81,-15,FALSE,FALSE,TRUE,TRUE,FALSE,FALSE,0.09427075149582374,8479318,10,8
2019020019,419,power-play,63,26,FALSE,FALSE,TRUE,TRUE,TRUE,FALSE,0.0750212173853212,8478483,10,8
2019020019,421,power-play,57,-16,FALSE,FALSE,TRUE,FALSE,FALSE,FALSE,0,8479318,10,8
2019020019,422,power-play,32,2,FALSE,FALSE,TRUE,TRUE,FALSE,FALSE,0.04476506700295216,8476853,10,8
2019020019,423,power-play,69,14,FALSE,FALSE,TRUE,TRUE,TRUE,FALSE,0.09818344174404608,8479675,10,8
2019020019,424,even-strength,65,-15,FALSE,FALSE,TRUE,TRUE,FALSE,FALSE,0.04889360709914711,8477939,10,8
2019020019,425,even-strength,67,6,FALSE,FALSE,TRUE,FALSE,FALSE,FALSE,0,8478857,10,8
2019020019,426,even-strength,76,-11,FALSE,FALSE,TRUE,TRUE,FALSE,FALSE,0.05183906570495202,8478857,10,8
2019020019,427,even-strength,57,-12,TRUE,FALSE,TRUE,FALSE,FALSE,FALSE,0,8477953,10,8
2019020019,428,even-strength,68,30,FALSE,FALSE,TRUE,TRUE,TRUE,FALSE,0.02817589713959906,8478483,10,8
2019020019,429,even-strength,67,-32,FALSE,FALSE,TRUE,TRUE,TRUE,FALSE,0.03439232172916985,8477939,10,8
2019020019,432,even-strength,66,-5,FALSE,FALSE,TRUE,TRUE,TRUE,FALSE,0.09336112810995928,8479675,10,8
2019020019,434,even-strength,36,-36,FALSE,FALSE,TRUE,TRUE,TRUE,FALSE,0.01041400314496435,8475197,10,8
2019020019,443,even-strength,64,26,FALSE,FALSE,TRUE,TRUE,TRUE,FALSE,0.0251279625697179,8477953,10,8
2019020019,445,even-strength,43,22,FALSE,FALSE,TRUE,TRUE,FALSE,FALSE,0.02388391292239563,8474162,10,8
2019020019,663,even-strength,72,-11,FALSE,FALSE,TRUE,TRUE,TRUE,FALSE,0.06555735792101769,8478483,10,8
2019020019,664,even-strength,71,-3,TRUE,FALSE,TRUE,FALSE,FALSE,FALSE,0,8475716,10,8
2019020019,665,even-strength,63,0,FALSE,TRUE,TRUE,TRUE,FALSE,FALSE,0.1829874528208114,8478483,10,8
2019020019,667,even-strength,34,-14,FALSE,FALSE,TRUE,TRUE,TRUE,FALSE,0.01545105419624434,8478857,10,8
2019020019,671,power-play,69,-12,FALSE,FALSE,TRUE,TRUE,TRUE,FALSE,0.11968494196640572,8479318,10,8
2019020019,672,power-play,82,-11,FALSE,FALSE,TRUE,TRUE,TRUE,FALSE,0.11327222152632622,8479318,10,8
2019020019,673,power-play,64,-23,FALSE,FALSE,TRUE,TRUE,TRUE,TRUE,0.05632972966082148,8477939,10,8
2019020019,678,even-strength,67,12,FALSE,FALSE,TRUE,TRUE,FALSE,FALSE,0.03900150499064668,8475166,10,8
2019020019,679,even-strength,67,-11,FALSE,FALSE,TRUE,TRUE,TRUE,FALSE,0.06111783657007411,8477953,10,8
2019020019,686,even-strength,66,-34,FALSE,FALSE,TRUE,TRUE,TRUE,FALSE,0.02099020909522238,8477341,10,8
2019020019,851,even-strength,70,-10,FALSE,FALSE,TRUE,FALSE,FALSE,FALSE,0,8477953,10,8
2019020019,852,even-strength,62,-9,FALSE,FALSE,TRUE,TRUE,TRUE,FALSE,0.03433443877881813,8479675,10,8
2019020019,861,even-strength,50,-22,FALSE,FALSE,TRUE,FALSE,FALSE,FALSE,0,8475197,10,8
2019020019,867,even-strength,45,-22,FALSE,FALSE,TRUE,FALSE,FALSE,FALSE,0,8475197,10,8
2019020019,868,even-strength,58,6,FALSE,FALSE,TRUE,FALSE,FALSE,FALSE,0,8480873,10,8
2019020019,870,even-strength,71,-12,FALSE,FALSE,TRUE,FALSE,FALSE,FALSE,0,8476853,10,8
2019020019,888,even-strength,95,-7,FALSE,FALSE,TRUE,TRUE,TRUE,FALSE,0.08074842444179893,8478483,10,8
2019020019,897,even-strength,77,-2,FALSE,FALSE,TRUE,TRUE,TRUE,FALSE,0.19556291560505,8475166,10,8
2019020019,899,even-strength,59,0,FALSE,FALSE,TRUE,FALSE,FALSE,FALSE,0,8479318,10,8
2019020019,900,even-strength,46,16,FALSE,FALSE,TRUE,TRUE,TRUE,FALSE,0.06653162527166466,8475197,10,8
2019020019,1006,even-strength,81,-2,FALSE,FALSE,TRUE,TRUE,TRUE,FALSE,0.14030413812183568,8475166,10,8
2019020019,1024,even-strength,71,11,FALSE,FALSE,TRUE,TRUE,TRUE,TRUE,0.07039232188347612,8479675,10,8
2019020019,1151,even-strength,76,15,FALSE,TRUE,TRUE,TRUE,TRUE,TRUE,0.19048893503365008,8479318,10,8
2019020048,56,even-strength,34,24,FALSE,FALSE,TRUE,TRUE,FALSE,FALSE,0.01183046967523489,8477215,17,8
2019020048,61,even-strength,45,-33,FALSE,FALSE,TRUE,TRUE,TRUE,FALSE,0.0148684959461116,8471242,17,8
2019020048,62,even-strength,70,26,FALSE,FALSE,TRUE,TRUE,TRUE,FALSE,0.05047937239667365,8471716,17,8
2019020048,63,even-strength,51,31,FALSE,FALSE,TRUE,TRUE,TRUE,FALSE,0.01435004385392862,8475747,17,8
2019020048,71,even-strength,71,12,FALSE,FALSE,TRUE,TRUE,TRUE,FALSE,0.04864106668886853,8476960,17,8
2019020048,73,even-strength,56,-20,FALSE,FALSE,TRUE,FALSE,FALSE,FALSE,0,8477511,17,8
2019020048,74,even-strength,53,-15,FALSE,FALSE,TRUE,TRUE,TRUE,FALSE,0.02848914821622166,8477946,17,8
2019020048,81,even-strength,46,-3,TRUE,FALSE,TRUE,TRUE,FALSE,FALSE,0.05997026068816148,8471716,17,8
2019020048,85,even-strength,70,-7,FALSE,FALSE,TRUE,TRUE,TRUE,FALSE,0.0742082057670141,8477479,17,8
2019020048,86,even-strength,80,-3,FALSE,TRUE,TRUE,TRUE,TRUE,FALSE,0.26031164814210844,8477511,17,8
2019020048,88,even-strength,72,2,TRUE,FALSE,TRUE,FALSE,FALSE,FALSE,0,8479395,17,8
2019020048,89,even-strength,71,5,FALSE,FALSE,TRUE,FALSE,FALSE,FALSE,0,8477215,17,8
2019020048,90,even-strength,80,11,FALSE,TRUE,TRUE,TRUE,TRUE,TRUE,0.12449638074394108,8471794,17,8
2019020048,91,even-strength,73,6,FALSE,FALSE,TRUE,TRUE,TRUE,FALSE,0.07758518836286285,8471794,17,8
2019020048,92,even-strength,61,-18,FALSE,FALSE,TRUE,TRUE,TRUE,FALSE,0.02745193835870286,8471794,17,8
2019020048,93,even-strength,5,11,FALSE,FALSE,TRUE,TRUE,TRUE,FALSE,0.00448093918210319,8476960,17,8
2019020048,94,even-strength,87,-9,FALSE,TRUE,TRUE,TRUE,FALSE,FALSE,0.11563977497793976,8471794,17,8
2019020048,96,even-strength,80,-1,FALSE,FALSE,TRUE,TRUE,TRUE,FALSE,0.15941312453243273,8481433,17,8
2019020048,97,even-strength,46,-35,TRUE,FALSE,TRUE,TRUE,FALSE,FALSE,0.02874808837828322,8479425,17,8
2019020048,253,even-strength,58,-10,FALSE,FALSE,TRUE,TRUE,FALSE,FALSE,0.05751035145192242,8477511,17,8
2019020048,255,even-strength,54,-20,FALSE,FALSE,TRUE,FALSE,FALSE,FALSE,0,8478036,17,8
2019020048,256,even-strength,30,-37,FALSE,FALSE,TRUE,TRUE,FALSE,FALSE,0.01029459051497828,8477474,17,8
2019020048,257,even-strength,66,-10,FALSE,FALSE,TRUE,FALSE,FALSE,FALSE,0,8477454,17,8
2019020048,258,even-strength,35,13,FALSE,FALSE,TRUE,TRUE,TRUE,FALSE,0.01397491141173287,8477215,17,8
2019020048,264,even-strength,84,-5,FALSE,FALSE,TRUE,TRUE,TRUE,FALSE,0.07338503479533565,8471716,17,8
2019020048,271,even-strength,29,34,FALSE,FALSE,TRUE,TRUE,FALSE,FALSE,0.00822217060696646,8477215,17,8
2019020048,272,even-strength,81,-3,FALSE,TRUE,TRUE,TRUE,TRUE,TRUE,0.26357897892629817,8477479,17,8
2019020048,273,even-strength,74,2,FALSE,FALSE,TRUE,TRUE,FALSE,FALSE,0.09281765717776136,8477946,17,8
2019020048,277,even-strength,47,13,FALSE,FALSE,TRUE,FALSE,FALSE,FALSE,0,8475747,17,8
2019020048,279,even-strength,76,8,FALSE,FALSE,TRUE,TRUE,TRUE,FALSE,0.0663937064627113,8479395,17,8
2019020048,280,even-strength,85,8,FALSE,FALSE,TRUE,TRUE,TRUE,FALSE,0.04393172733349476,8479395,17,8
2019020048,283,even-strength,83,4,FALSE,FALSE,TRUE,TRUE,TRUE,FALSE,0.11373134384415684,8477479,17,8
2019020048,295,penalty-kill,54,-13,FALSE,FALSE,TRUE,TRUE,TRUE,FALSE,0.03945655350801337,8476822,17,8
2019020048,403,penalty-kill,80,4,FALSE,FALSE,TRUE,TRUE,TRUE,FALSE,0.2950185343763837,8476822,17,8
2019020048,404,even-strength,56,27,FALSE,FALSE,TRUE,TRUE,FALSE,FALSE,0.01980270739712456,8471716,17,8
2019020048,405,even-strength,80,-7,FALSE,FALSE,TRUE,TRUE,TRUE,FALSE,0.07897346903908704,8477454,17,8
2019020048,406,even-strength,84,-6,FALSE,TRUE,TRUE,TRUE,FALSE,FALSE,0.15545048300496966,8471716,17,8
2019020048,408,even-strength,70,1,FALSE,FALSE,TRUE,FALSE,FALSE,FALSE,0,8477479,17,8
2019020048,410,even-strength,78,-1,FALSE,FALSE,TRUE,TRUE,TRUE,FALSE,0.12999437643742054,8476960,17,8
2019020048,412,even-strength,62,-14,TRUE,FALSE,TRUE,FALSE,FALSE,FALSE,0,8477474,17,8
2019020048,414,even-strength,49,40,FALSE,FALSE,TRUE,TRUE,TRUE,FALSE,0.00931880139485985,8475747,17,8
2019020048,417,even-strength,16,36,FALSE,FALSE,TRUE,TRUE,FALSE,FALSE,0.00328677724395495,8479395,17,8
2019020048,422,power-play,41,-13,FALSE,FALSE,TRUE,TRUE,TRUE,FALSE,0.04886297736785315,8477511,17,8
2019020048,425,power-play,59,-26,FALSE,FALSE,TRUE,TRUE,TRUE,FALSE,0.04299964370344596,8477946,17,8
2019020048,426,power-play,61,1,FALSE,FALSE,TRUE,FALSE,FALSE,FALSE,0,8477511,17,8
2019020048,427,power-play,51,-27,FALSE,FALSE,TRUE,TRUE,FALSE,FALSE,0.05134835281742885,8477511,17,8
2019020048,428,power-play,43,-18,FALSE,FALSE,TRUE,TRUE,TRUE,TRUE,0.04318080905933431,8477511,17,8
2019020048,435,even-strength,44,37,FALSE,FALSE,TRUE,TRUE,FALSE,FALSE,0.01113857213686046,8477479,17,8
2019020048,439,even-strength,49,19,FALSE,FALSE,TRUE,FALSE,FALSE,FALSE,0,8479395,17,8
2019020048,441,even-strength,70,-5,FALSE,FALSE,TRUE,TRUE,FALSE,FALSE,0.06920623014463155,8477479,17,8
2019020048,445,even-strength,57,2,FALSE,FALSE,TRUE,FALSE,FALSE,FALSE,0,8471794,17,8
2019020048,446,even-strength,58,4,FALSE,FALSE,TRUE,TRUE,TRUE,FALSE,0.06791368324088669,8475747,17,8
2019020048,449,even-strength,34,37,FALSE,FALSE,TRUE,TRUE,FALSE,FALSE,0.01155596202692505,8477479,17,8
2019020048,450,even-strength,70,3,FALSE,FALSE,TRUE,TRUE,TRUE,FALSE,0.08624019938029222,8477479,17,8
2019020048,603,power-play,61,12,FALSE,FALSE,TRUE,TRUE,FALSE,FALSE,0.07197799734195545,8477511,17,8
2019020048,604,power-play,70,5,FALSE,FALSE,TRUE,FALSE,FALSE,FALSE,0,8481433,17,8
2019020048,605,power-play,35,12,FALSE,FALSE,TRUE,TRUE,FALSE,FALSE,0.03506662695789678,8479395,17,8
2019020048,606,power-play,67,-2,FALSE,FALSE,TRUE,FALSE,FALSE,FALSE,0,8477946,17,8
2019020048,607,power-play,49,-29,FALSE,FALSE,TRUE,TRUE,TRUE,FALSE,0.04099320288242452,8477511,17,8
2019020048,626,even-strength,84,-15,FALSE,FALSE,TRUE,TRUE,TRUE,FALSE,0.04235581602975539,8477946,17,8
2019020048,629,even-strength,67,1,FALSE,FALSE,TRUE,FALSE,FALSE,FALSE,0,8471716,17,8
2019020048,633,even-strength,38,3,FALSE,FALSE,TRUE,TRUE,TRUE,FALSE,0.0228373991411859,8471794,17,8
2019020048,641,even-strength,67,-3,FALSE,FALSE,TRUE,FALSE,FALSE,FALSE,0,8476960,17,8
2019020048,642,even-strength,56,5,FALSE,FALSE,TRUE,TRUE,TRUE,FALSE,0.0437297206191531,8476960,17,8
2019020048,643,even-strength,31,19,FALSE,FALSE,TRUE,TRUE,FALSE,FALSE,0.01404161242652888,8471242,17,8
2019020048,647,even-strength,66,1,FALSE,FALSE,TRUE,TRUE,TRUE,FALSE,0.09803369385334522,8471794,17,8
2019020065,58,power-play,32,-17,FALSE,FALSE,TRUE,TRUE,TRUE,FALSE,0.02877792387849033,8478407,19,8
2019020065,61,power-play,65,22,FALSE,FALSE,TRUE,TRUE,FALSE,FALSE,0.05455421289819899,8474565,19,8
2019020065,86,even-strength,58,-32,FALSE,FALSE,TRUE,TRUE,FALSE,FALSE,0.01900599266407538,8476897,19,8
2019020065,87,even-strength,61,-27,TRUE,FALSE,TRUE,TRUE,TRUE,FALSE,0.04633607807506092,8475753,19,8
2019020065,88,even-strength,59,22,TRUE,TRUE,TRUE,TRUE,TRUE,FALSE,0.10011739160387892,8478407,19,8
2019020065,94,penalty-kill,40,-38,FALSE,FALSE,TRUE,TRUE,TRUE,FALSE,0.01017216273153533,8470257,19,8
2019020065,96,penalty-kill,-65,-18,FALSE,FALSE,TRUE,TRUE,TRUE,FALSE,6.408315398735095e-4,8474565,19,8
2019020065,97,even-strength,-16,40,FALSE,FALSE,TRUE,TRUE,TRUE,FALSE,0.00142308252808775,8474125,19,8
2019020065,252,even-strength,61,1,TRUE,FALSE,TRUE,TRUE,TRUE,TRUE,0.12722636832348014,8475170,19,8
2019020065,259,even-strength,78,-4,FALSE,FALSE,TRUE,TRUE,TRUE,FALSE,0.08235243586196785,8475158,19,8
2019020065,261,even-strength,86,-24,FALSE,FALSE,TRUE,TRUE,TRUE,TRUE,0.03724763173355155,8478104,19,8
2019020065,262,even-strength,67,9,FALSE,FALSE,TRUE,TRUE,TRUE,FALSE,0.08236370546821918,8477964,19,8
2019020065,264,even-strength,36,32,FALSE,FALSE,TRUE,TRUE,TRUE,FALSE,0.00823400947052257,8478407,19,8
2019020065,272,even-strength,67,32,FALSE,FALSE,TRUE,TRUE,FALSE,FALSE,0.02401737307226408,8475768,19,8
2019020065,273,even-strength,83,-10,FALSE,FALSE,TRUE,TRUE,TRUE,FALSE,0.08177840310751203,8475768,19,8
2019020065,275,even-strength,35,26,FALSE,FALSE,TRUE,TRUE,TRUE,FALSE,0.01496040411890471,8474125,19,8
2019020065,281,even-strength,9,-19,FALSE,FALSE,TRUE,TRUE,TRUE,FALSE,0.00434062190829609,8475098,19,8
2019020065,283,even-strength,78,7,FALSE,FALSE,TRUE,FALSE,FALSE,FALSE,0,8470151,19,8
2019020065,288,even-strength,86,-22,FALSE,FALSE,TRUE,TRUE,TRUE,FALSE,0.041516861010915083,8475170,19,8
2019020065,290,power-play,48,-6,FALSE,FALSE,TRUE,TRUE,TRUE,FALSE,0.04613743725331157,8478407,19,8
2019020065,292,power-play,72,9,FALSE,FALSE,TRUE,TRUE,TRUE,TRUE,0.0851698769410756,8478407,19,8
2019020065,293,even-strength,51,-16,FALSE,FALSE,TRUE,TRUE,TRUE,FALSE,0.04082170621569857,8476897,19,8
2019020065,294,even-strength,64,22,FALSE,FALSE,TRUE,FALSE,FALSE,FALSE,0,8470257,19,8
2019020065,295,even-strength,27,-39,FALSE,FALSE,TRUE,TRUE,FALSE,FALSE,0.00605964614776004,8476892,19,8
2019020065,300,even-strength,52,29,FALSE,FALSE,TRUE,TRUE,TRUE,FALSE,0.01826176585022946,8476897,19,8
2019020065,502,even-strength,34,4,FALSE,FALSE,TRUE,TRUE,FALSE,FALSE,0.0184154709275893,8477964,19,8
2019020065,512,even-strength,63,18,FALSE,FALSE,TRUE,FALSE,FALSE,FALSE,0,8475765,19,8
2019020065,516,even-strength,58,-17,FALSE,FALSE,TRUE,FALSE,FALSE,FALSE,0,8475768,19,8
2019020065,530,even-strength,61,17,FALSE,FALSE,TRUE,TRUE,TRUE,FALSE,0.0505235208988602,8475098,19,8
2019020065,533,even-strength,66,29,FALSE,FALSE,TRUE,FALSE,FALSE,FALSE,0,8476897,19,8
2019020065,534,even-strength,55,-14,FALSE,FALSE,TRUE,FALSE,FALSE,FALSE,0,8475753,19,8
2019020065,539,even-strength,77,-22,FALSE,FALSE,TRUE,TRUE,TRUE,FALSE,0.06209077016256138,8475098,19,8
2019020065,543,even-strength,56,26,FALSE,FALSE,TRUE,TRUE,TRUE,FALSE,0.02383381948559473,8475753,19,8
2019020065,549,even-strength,28,-15,FALSE,FALSE,TRUE,TRUE,TRUE,FALSE,0.01182722768084084,8474565,19,8
2019020065,651,even-strength,36,-37,FALSE,FALSE,TRUE,TRUE,TRUE,FALSE,0.01043072714631813,8474565,19,8
2019020065,654,even-strength,33,24,TRUE,FALSE,TRUE,TRUE,TRUE,FALSE,0.03249012177561466,8474125,19,8
2019020065,655,even-strength,79,-12,FALSE,FALSE,TRUE,TRUE,TRUE,FALSE,0.06670297136190816,8475158,19,8
2019020065,669,even-strength,50,-28,FALSE,FALSE,TRUE,TRUE,TRUE,FALSE,0.01883830429036421,8475753,19,8
2019020065,670,even-strength,61,33,FALSE,TRUE,TRUE,TRUE,TRUE,FALSE,0.05021204789396207,8478407,19,8
2019020065,672,even-strength,35,-28,FALSE,FALSE,TRUE,TRUE,TRUE,FALSE,0.01302955653646722,8476892,19,8
2019020065,677,even-strength,79,-12,FALSE,FALSE,TRUE,TRUE,FALSE,FALSE,0.05914846330827526,8475765,19,8
2019020086,57,even-strength,49,-22,FALSE,FALSE,TRUE,TRUE,FALSE,FALSE,0.02045978703734929,8476453,14,8
2019020086,58,even-strength,62,12,FALSE,FALSE,TRUE,TRUE,FALSE,FALSE,0.03406536703292536,8475167,14,8
2019020086,59,even-strength,74,-6,FALSE,FALSE,TRUE,FALSE,FALSE,FALSE,0,8474031,14,8
2019020086,60,even-strength,58,-3,TRUE,FALSE,TRUE,FALSE,FALSE,FALSE,0,8474034,14,8
2019020086,69,even-strength,60,-34,FALSE,FALSE,TRUE,TRUE,TRUE,FALSE,0.01853842167531996,8479410,14,8
2019020086,73,even-strength,75,12,TRUE,FALSE,TRUE,TRUE,TRUE,FALSE,0.1142193977805594,8476453,14,8
2019020086,75,even-strength,61,-5,FALSE,FALSE,TRUE,FALSE,FALSE,FALSE,0,8474031,14,8
2019020086,87,penalty-kill,62,17,FALSE,FALSE,TRUE,TRUE,FALSE,FALSE,0.0420151483867304,8476292,14,8
2019020086,90,even-strength,63,25,FALSE,FALSE,TRUE,TRUE,TRUE,FALSE,0.03219652451508432,8474151,14,8
2019020086,91,even-strength,66,-1,FALSE,FALSE,TRUE,FALSE,FALSE,FALSE,0,8474151,14,8
2019020086,92,even-strength,84,31,FALSE,FALSE,TRUE,TRUE,FALSE,FALSE,0.02037304399929905,8474034,14,8
2019020086,94,even-strength,50,39,TRUE,FALSE,TRUE,TRUE,TRUE,FALSE,0.03343316939511216,8476826,14,8
2019020086,95,even-strength,63,6,TRUE,FALSE,TRUE,FALSE,FALSE,FALSE,0,8476826,14,8
2019020086,96,even-strength,71,12,FALSE,FALSE,TRUE,TRUE,TRUE,FALSE,0.04601383699154497,8476826,14,8
2019020086,97,even-strength,31,-30,FALSE,FALSE,TRUE,TRUE,TRUE,FALSE,0.00749417213085836,8474031,14,8
2019020086,98,even-strength,-93,38,FALSE,FALSE,TRUE,TRUE,FALSE,FALSE,5.266126683188511e-5,8473986,14,8
2019020086,99,even-strength,41,-12,TRUE,TRUE,TRUE,FALSE,FALSE,FALSE,0,8470601,14,8
2019020086,301,even-strength,80,-11,FALSE,FALSE,TRUE,TRUE,FALSE,FALSE,0.07014826951957842,8470601,14,8
2019020086,302,even-strength,53,1,FALSE,FALSE,TRUE,TRUE,TRUE,TRUE,0.03955876904289251,8470601,14,8
2019020086,306,even-strength,57,-17,FALSE,FALSE,TRUE,TRUE,FALSE,FALSE,0.04089136873313238,8476453,14,8
2019020086,309,power-play,63,19,FALSE,FALSE,TRUE,TRUE,TRUE,TRUE,0.19510502223823908,8474564,14,8
2019020086,310,even-strength,86,-6,FALSE,FALSE,TRUE,TRUE,TRUE,FALSE,0.12496173342036454,8478519,14,8
2019020086,311,even-strength,66,7,FALSE,FALSE,TRUE,FALSE,FALSE,FALSE,0,8478472,14,8
2019020086,312,even-strength,59,-7,FALSE,FALSE,TRUE,TRUE,TRUE,TRUE,0.04443664039077253,8474870,14,8
2019020086,315,even-strength,32,39,TRUE,FALSE,TRUE,TRUE,TRUE,FALSE,0.01795325084457577,8475167,14,8
2019020086,327,even-strength,60,24,FALSE,FALSE,TRUE,TRUE,TRUE,FALSE,0.05719564875125667,8476292,14,8
2019020086,328,even-strength,39,26,FALSE,FALSE,TRUE,FALSE,FALSE,FALSE,0,8470601,14,8
2019020086,338,penalty-kill,75,-3,FALSE,FALSE,TRUE,TRUE,TRUE,FALSE,0.15991040001037396,8478472,14,8
2019020086,343,even-strength,63,-3,FALSE,FALSE,TRUE,TRUE,TRUE,FALSE,0.08234379256251202,8474034,14,8
2019020086,553,even-strength,29,-8,FALSE,FALSE,TRUE,TRUE,FALSE,FALSE,0.01922965700246802,8478416,14,8
2019020086,554,even-strength,80,24,FALSE,FALSE,TRUE,TRUE,FALSE,FALSE,0.03123928018706599,8477409,14,8
2019020086,563,even-strength,67,15,FALSE,FALSE,TRUE,TRUE,TRUE,FALSE,0.05509056331223872,8478010,14,8
2019020086,569,even-strength,38,-21,FALSE,FALSE,TRUE,TRUE,TRUE,FALSE,0.02480302203432739,8474870,14,8
2019020086,572,even-strength,-4,-40,FALSE,FALSE,TRUE,TRUE,TRUE,FALSE,0.00154744368434672,8474031,14,8
2019020086,583,even-strength,-50,-34,FALSE,FALSE,TRUE,TRUE,TRUE,FALSE,5.244778759849162e-4,8479410,14,8
2019020086,591,even-strength,53,15,FALSE,FALSE,TRUE,FALSE,FALSE,FALSE,0,8476292,14,8
2019020086,594,even-strength,66,5,FALSE,FALSE,TRUE,FALSE,FALSE,FALSE,0,8473986,14,8
2019020086,654,even-strength,39,0,FALSE,FALSE,TRUE,TRUE,FALSE,FALSE,0.03514159203875471,8479410,14,8
2019020086,655,even-strength,-47,-23,FALSE,FALSE,TRUE,TRUE,TRUE,FALSE,6.615395550987593e-4,8479410,14,8
2019020086,663,even-strength,86,-5,FALSE,TRUE,TRUE,TRUE,TRUE,FALSE,0.17277248045593055,8474034,14,8
2019020086,664,even-strength,82,6,FALSE,TRUE,TRUE,TRUE,TRUE,FALSE,0.2553642887617141,8477409,14,8
2019020086,665,even-strength,89,-5,FALSE,FALSE,TRUE,TRUE,TRUE,FALSE,0.1733323474255763,8474034,14,8
2019020099,60,even-strength,-21,28,FALSE,FALSE,TRUE,TRUE,TRUE,FALSE,9.738839671642858e-4,8479933,30,8
2019020099,61,even-strength,54,-22,FALSE,FALSE,TRUE,TRUE,TRUE,FALSE,0.0198864240973344,8479933,30,8
2019020099,66,penalty-kill,31,27,FALSE,FALSE,TRUE,TRUE,FALSE,FALSE,0.0083549060016941,8478413,30,8
2019020099,68,even-strength,71,-20,FALSE,FALSE,TRUE,TRUE,TRUE,FALSE,0.04935899922048776,8476463,30,8
2019020099,69,even-strength,68,26,FALSE,FALSE,TRUE,TRUE,FALSE,FALSE,0.03050944823504938,8477987,30,8
2019020099,76,even-strength,58,-1,FALSE,FALSE,TRUE,FALSE,FALSE,FALSE,0,8477942,30,8
2019020099,77,power-play,79,6,FALSE,TRUE,TRUE,FALSE,FALSE,FALSE,0,8476856,30,8
2019020099,81,even-strength,78,-33,FALSE,FALSE,TRUE,TRUE,TRUE,FALSE,0.01772941421875897,8474716,30,8
2019020099,89,power-play,45,-25,FALSE,FALSE,TRUE,TRUE,FALSE,FALSE,0.03760525480774439,8476856,30,8
2019020099,90,power-play,72,-4,FALSE,FALSE,TRUE,TRUE,TRUE,FALSE,0.11566212212651548,8477942,30,8
2019020099,93,power-play,75,11,FALSE,FALSE,TRUE,FALSE,FALSE,FALSE,0,8477987,30,8
2019020099,94,power-play,79,7,FALSE,FALSE,TRUE,FALSE,FALSE,FALSE,0,8477987,30,8
2019020099,307,penalty-kill,55,-16,FALSE,FALSE,TRUE,TRUE,TRUE,FALSE,0.04234603456302539,8478493,30,8
2019020099,315,even-strength,53,23,FALSE,FALSE,TRUE,FALSE,FALSE,FALSE,0,8476463,30,8
2019020099,318,even-strength,41,35,FALSE,FALSE,TRUE,TRUE,FALSE,FALSE,0.01107377012455904,8470600,30,8
2019020099,321,penalty-kill,53,-31,FALSE,FALSE,TRUE,TRUE,FALSE,FALSE,0.02226861248808661,8478493,30,8
2019020099,325,even-strength,49,20,TRUE,FALSE,TRUE,TRUE,TRUE,FALSE,0.09721586561717174,8479316,30,8
2019020099,328,power-play,77,10,FALSE,FALSE,TRUE,TRUE,TRUE,FALSE,0.10583037738668076,8477942,30,8
2019020099,329,power-play,35,-19,FALSE,FALSE,TRUE,TRUE,FALSE,FALSE,0.02309399659057659,8470600,30,8
2019020099,330,power-play,35,-31,FALSE,FALSE,TRUE,TRUE,TRUE,FALSE,0.02575426867127743,8477942,30,8
2019020099,505,even-strength,75,4,FALSE,FALSE,TRUE,FALSE,FALSE,FALSE,0,8476372,30,8
2019020099,511,even-strength,35,22,FALSE,FALSE,TRUE,TRUE,FALSE,FALSE,0.01451201715908214,8476372,30,8
2019020099,512,even-strength,46,5,FALSE,FALSE,TRUE,TRUE,FALSE,FALSE,0.02624494313150676,8476779,30,8
2019020099,514,even-strength,-74,-3,FALSE,FALSE,TRUE,FALSE,FALSE,FALSE,0,8479933,30,8
2019020099,518,power-play,68,-22,FALSE,FALSE,TRUE,TRUE,FALSE,FALSE,0.0571415746021429,8470595,30,8
2019020099,519,power-play,80,2,FALSE,FALSE,TRUE,FALSE,FALSE,FALSE,0,8476856,30,8
2019020099,520,power-play,71,2,FALSE,FALSE,TRUE,TRUE,TRUE,FALSE,0.08587760514041193,8470610,30,8
2019020099,521,even-strength,74,-5,TRUE,FALSE,TRUE,FALSE,FALSE,FALSE,0,8477987,30,8
2019020099,522,even-strength,60,-24,FALSE,FALSE,TRUE,FALSE,FALSE,FALSE,0,8474716,30,8
2019020099,524,even-strength,77,6,TRUE,FALSE,TRUE,FALSE,FALSE,FALSE,0,8478493,30,8
2019020099,530,even-strength,36,-22,FALSE,FALSE,TRUE,TRUE,TRUE,FALSE,0.01780884641636714,8476779,30,8
2019020099,531,even-strength,75,4,FALSE,FALSE,TRUE,FALSE,FALSE,FALSE,0,8479316,30,8
2019020099,533,even-strength,38,-30,FALSE,FALSE,TRUE,TRUE,FALSE,FALSE,0.00974309624044559,8474716,30,8
2019020099,534,even-strength,81,5,FALSE,FALSE,TRUE,FALSE,FALSE,FALSE,0,8470600,30,8
2019020099,535,even-strength,75,-16,FALSE,FALSE,TRUE,FALSE,FALSE,FALSE,0,8470600,30,8
2019020099,538,even-strength,80,0,FALSE,FALSE,TRUE,FALSE,FALSE,FALSE,0,8475220,30,8
2019020099,539,even-strength,54,7,TRUE,FALSE,TRUE,TRUE,FALSE,FALSE,0.03812417875018085,8475220,30,8
2019020099,542,even-strength,77,-14,TRUE,FALSE,TRUE,FALSE,FALSE,FALSE,0,8476856,30,8
2019020099,543,even-strength,34,28,FALSE,FALSE,TRUE,TRUE,TRUE,FALSE,0.0075429297078555,8476372,30,8
2019020099,548,even-strength,78,1,FALSE,FALSE,TRUE,FALSE,FALSE,FALSE,0,8470610,30,8
2019020099,656,even-strength,-63,13,FALSE,FALSE,TRUE,FALSE,FALSE,FALSE,0,8470595,30,8
2019020099,661,even-strength,70,32,TRUE,FALSE,TRUE,TRUE,TRUE,FALSE,0.04059213839513511,8469459,30,8
2019020099,664,even-strength,37,-25,FALSE,FALSE,TRUE,TRUE,FALSE,FALSE,0.01247194032660429,8476856,30,8
2019020099,669,even-strength,37,30,FALSE,FALSE,TRUE,TRUE,TRUE,FALSE,0.01054536953858484,8470610,30,8
2019020099,675,even-strength,53,-16,FALSE,FALSE,TRUE,FALSE,FALSE,FALSE,0,8476856,30,8
2019020099,680,even-strength,85,-5,FALSE,FALSE,TRUE,TRUE,TRUE,FALSE,0.04408365526168067,8475722,30,8
2019020099,685,even-strength,33,-17,FALSE,FALSE,TRUE,TRUE,FALSE,FALSE,0.0152838335559181,8476463,30,8
2019020099,689,even-strength,51,-18,FALSE,FALSE,TRUE,TRUE,TRUE,FALSE,0.02545570156897059,8477987,30,8
2019020099,691,power-play,60,6,FALSE,FALSE,TRUE,FALSE,FALSE,FALSE,0,8477987,30,8
2019020099,692,power-play,59,-5,FALSE,FALSE,TRUE,FALSE,FALSE,FALSE,0,8476856,30,8
2019020099,694,power-play,39,17,FALSE,FALSE,TRUE,TRUE,TRUE,FALSE,0.02931882491263904,8476856,30,8
2019020099,698,even-strength,33,35,FALSE,FALSE,TRUE,TRUE,FALSE,FALSE,0.00873607197778752,8476372,30,8
2019020099,700,even-strength,70,-9,TRUE,FALSE,TRUE,FALSE,FALSE,FALSE,0,8474716,30,8
2019020099,853,even-strength,39,-31,FALSE,FALSE,TRUE,TRUE,FALSE,FALSE,0.01306618612756652,8476779,30,8
2019020099,854,even-strength,81,2,FALSE,FALSE,TRUE,FALSE,FALSE,FALSE,0,8475722,30,8
2019020114,53,even-strength,70,11,FALSE,FALSE,TRUE,TRUE,TRUE,FALSE,0.06211930880325253,8478104,19,8
2019020114,58,even-strength,36,29,FALSE,FALSE,TRUE,TRUE,TRUE,FALSE,0.01526650746006704,8476892,19,8
2019020114,66,even-strength,85,14,FALSE,FALSE,TRUE,TRUE,TRUE,TRUE,0.04012131771531894,8475768,19,8
2019020114,68,even-strength,86,-17,FALSE,FALSE,TRUE,TRUE,FALSE,FALSE,0.06132108400917357,8477964,19,8
2019020114,69,even-strength,63,28,FALSE,FALSE,TRUE,TRUE,TRUE,FALSE,0.02881320805909388,8470257,19,8
2019020114,70,even-strength,58,-25,FALSE,FALSE,TRUE,TRUE,TRUE,FALSE,0.03245325276870434,8474565,19,8
2019020114,71,even-strength,67,-1,FALSE,FALSE,TRUE,TRUE,TRUE,FALSE,0.06720856478366787,8478407,19,8
2019020114,72,even-strength,64,-28,FALSE,FALSE,TRUE,TRUE,FALSE,FALSE,0.03300446198111382,8475765,19,8
2019020114,74,even-strength,55,-19,FALSE,FALSE,TRUE,TRUE,FALSE,FALSE,0.02835881206578946,8474145,19,8
2019020114,77,power-play,84,-14,FALSE,FALSE,TRUE,TRUE,TRUE,FALSE,0.08820648523570213,8478104,19,8
2019020114,78,power-play,38,12,FALSE,FALSE,TRUE,TRUE,TRUE,FALSE,0.04164178935301064,8478407,19,8
2019020114,82,even-strength,72,3,FALSE,FALSE,TRUE,FALSE,FALSE,FALSE,0,8475753,19,8
2019020114,89,power-play,67,-19,FALSE,FALSE,TRUE,TRUE,TRUE,FALSE,0.05934059332380566,8475098,19,8
2019020114,90,power-play,62,-6,FALSE,FALSE,TRUE,TRUE,TRUE,FALSE,0.07565898660810283,8475098,19,8
2019020114,91,power-play,82,13,FALSE,TRUE,TRUE,TRUE,TRUE,FALSE,0.1950038644533565,8475753,19,8
2019020114,99,even-strength,51,-27,FALSE,FALSE,TRUE,TRUE,TRUE,FALSE,0.01838029724931445,8474565,19,8
2019020114,231,even-strength,78,-2,FALSE,FALSE,TRUE,FALSE,FALSE,FALSE,0,8477952,19,8
2019020114,353,even-strength,55,15,FALSE,FALSE,TRUE,TRUE,TRUE,FALSE,0.03038208265812645,8470257,19,8
2019020114,355,even-strength,49,-4,FALSE,FALSE,TRUE,FALSE,FALSE,FALSE,0,8476892,19,8
2019020114,363,even-strength,78,-1,FALSE,FALSE,TRUE,TRUE,TRUE,FALSE,0.13700203154531995,8480023,19,8
2019020114,365,even-strength,57,18,FALSE,FALSE,TRUE,TRUE,TRUE,FALSE,0.03452128761055854,8480023,19,8
2019020114,375,even-strength,40,14,FALSE,FALSE,TRUE,TRUE,TRUE,FALSE,0.01952328249616637,8478407,19,8
2019020114,377,even-strength,64,-2,TRUE,FALSE,TRUE,TRUE,FALSE,FALSE,0.10019318252454355,8475765,19,8
2019020114,378,even-strength,61,13,FALSE,FALSE,TRUE,TRUE,FALSE,FALSE,0.04480077251057201,8475765,19,8
2019020114,379,even-strength,57,25,FALSE,FALSE,TRUE,TRUE,TRUE,FALSE,0.02928685824349928,8478407,19,8
2019020114,385,even-strength,40,-29,FALSE,FALSE,TRUE,TRUE,TRUE,FALSE,0.01250859802792269,8475753,19,8
2019020114,386,even-strength,92,-17,FALSE,FALSE,TRUE,TRUE,TRUE,FALSE,0.05748681168611073,8474102,19,8
2019020114,392,even-strength,48,21,FALSE,FALSE,TRUE,TRUE,TRUE,FALSE,0.0199576940484106,8476892,19,8
2019020114,394,even-strength,36,-25,FALSE,FALSE,TRUE,TRUE,TRUE,FALSE,0.01607501220183755,8474565,19,8
2019020114,398,even-strength,69,-12,FALSE,TRUE,TRUE,TRUE,TRUE,FALSE,0.13418723287771278,8474102,19,8
2019020114,400,even-strength,78,-2,FALSE,FALSE,TRUE,FALSE,FALSE,FALSE,0,8474102,19,8
2019020114,552,power-play,71,0,FALSE,FALSE,TRUE,FALSE,FALSE,FALSE,0,8478407,19,8
2019020114,554,power-play,46,23,FALSE,FALSE,TRUE,TRUE,TRUE,FALSE,0.04231371291358839,8474565,19,8
2019020114,555,power-play,68,-12,FALSE,FALSE,TRUE,FALSE,FALSE,FALSE,0,8474102,19,8
2019020114,556,power-play,37,-18,FALSE,FALSE,TRUE,TRUE,TRUE,FALSE,0.02777343553180063,8474565,19,8
2019020114,558,even-strength,46,-5,FALSE,FALSE,TRUE,TRUE,TRUE,FALSE,0.03202987722125369,8475765,19,8
2019020114,559,even-strength,44,23,FALSE,TRUE,TRUE,TRUE,TRUE,FALSE,0.03918849956057246,8474565,19,8
2019020114,568,even-strength,62,-1,FALSE,FALSE,TRUE,TRUE,TRUE,FALSE,0.06411894291887736,8475158,19,8
2019020114,570,even-strength,58,2,FALSE,FALSE,TRUE,TRUE,FALSE,FALSE,0.04872176978266721,8474565,19,8
2019020114,573,penalty-kill,76,13,FALSE,FALSE,TRUE,TRUE,TRUE,FALSE,0.04817834438151522,8475158,19,8
2019020114,575,even-strength,71,-15,FALSE,FALSE,TRUE,FALSE,FALSE,FALSE,0,8475753,19,8
2019020114,576,even-strength,41,24,FALSE,FALSE,TRUE,TRUE,TRUE,FALSE,0.01457189263267415,8476892,19,8
2019020114,579,even-strength,81,4,FALSE,FALSE,TRUE,TRUE,TRUE,FALSE,0.10335889824207634,8475768,19,8
2019020114,580,even-strength,83,-6,FALSE,FALSE,TRUE,FALSE,FALSE,FALSE,0,8475765,19,8
2019020114,582,even-strength,80,5,FALSE,FALSE,TRUE,TRUE,TRUE,FALSE,0.07657135113254823,8476897,19,8
2019020114,589,even-strength,85,-23,FALSE,FALSE,TRUE,TRUE,FALSE,FALSE,0.04699721877558886,8475158,19,8
2019020114,590,even-strength,78,-15,FALSE,TRUE,TRUE,FALSE,FALSE,FALSE,0,8475158,19,8
2019020114,594,even-strength,65,29,FALSE,FALSE,TRUE,TRUE,TRUE,FALSE,0.05126211109969,8470257,19,8
2019020114,596,even-strength,63,4,FALSE,FALSE,TRUE,FALSE,FALSE,FALSE,0,8474102,19,8
2019020114,597,even-strength,82,-10,FALSE,FALSE,TRUE,TRUE,TRUE,FALSE,0.06328634467054524,8477964,19,8
2019020114,598,even-strength,72,17,FALSE,FALSE,TRUE,TRUE,TRUE,TRUE,0.06782149178006944,8474102,19,8
2019020114,603,even-strength,70,1,FALSE,FALSE,TRUE,FALSE,FALSE,FALSE,0,8474565,19,8
2019020145,56,even-strength,34,33,FALSE,FALSE,TRUE,TRUE,FALSE,FALSE,0.00630706966335757,8466138,28,8
2019020145,57,even-strength,57,-21,FALSE,FALSE,TRUE,FALSE,FALSE,FALSE,0,8470613,28,8
2019020145,61,even-strength,32,18,FALSE,FALSE,TRUE,TRUE,TRUE,FALSE,0.01085232208720967,8479983,28,8
2019020145,67,even-strength,64,-24,FALSE,FALSE,TRUE,TRUE,TRUE,FALSE,0.02959191832591235,8476624,28,8
2019020145,73,even-strength,36,23,FALSE,FALSE,TRUE,TRUE,TRUE,FALSE,0.01628829269429234,8475169,28,8
2019020145,77,even-strength,83,11,FALSE,FALSE,TRUE,TRUE,TRUE,FALSE,0.05051236231872506,8478099,28,8
2019020145,79,even-strength,65,6,FALSE,FALSE,TRUE,FALSE,FALSE,FALSE,0,8471709,28,8
2019020145,80,even-strength,39,21,FALSE,FALSE,TRUE,TRUE,TRUE,FALSE,0.01652540720447505,8475455,28,8
2019020145,90,even-strength,53,-14,FALSE,FALSE,TRUE,FALSE,FALSE,FALSE,0,8475841,28,8
2019020145,97,penalty-kill,43,8,TRUE,FALSE,TRUE,TRUE,FALSE,FALSE,0.1408446402696182,8476881,28,8
2019020145,203,penalty-kill,32,27,FALSE,FALSE,TRUE,TRUE,TRUE,FALSE,0.01775781823997283,8475169,28,8
2019020145,205,even-strength,69,-1,FALSE,FALSE,TRUE,FALSE,FALSE,FALSE,0,8476624,28,8
2019020145,215,power-play,30,-6,FALSE,FALSE,TRUE,TRUE,TRUE,FALSE,0.02928646059890973,8474578,28,8
2019020145,216,power-play,49,-11,FALSE,FALSE,TRUE,FALSE,FALSE,FALSE,0,8474578,28,8
2019020145,217,power-play,73,-6,FALSE,FALSE,TRUE,FALSE,FALSE,FALSE,0,8474578,28,8
2019020145,218,power-play,85,-4,FALSE,TRUE,TRUE,TRUE,TRUE,TRUE,0.2650496294417015,8475169,28,8
2019020145,219,even-strength,66,-9,FALSE,FALSE,TRUE,FALSE,FALSE,FALSE,0,8475834,28,8
2019020145,224,even-strength,80,1,FALSE,FALSE,TRUE,TRUE,FALSE,FALSE,0.10768559055894476,8476881,28,8
2019020145,231,even-strength,53,0,FALSE,FALSE,TRUE,TRUE,TRUE,FALSE,0.04422570723609156,8477922,28,8
2019020145,239,power-play,81,4,FALSE,FALSE,TRUE,TRUE,TRUE,FALSE,0.11439517954136658,8476881,28,8
2019020145,241,power-play,46,25,FALSE,FALSE,TRUE,TRUE,TRUE,FALSE,0.04816364725053247,8470613,28,8
2019020145,242,power-play,79,-7,FALSE,FALSE,TRUE,TRUE,TRUE,TRUE,0.10570536136240492,8475169,28,8
2019020145,244,even-strength,-32,22,FALSE,FALSE,TRUE,TRUE,FALSE,FALSE,0.00205838839355505,8479580,28,8
2019020145,245,even-strength,59,28,FALSE,FALSE,TRUE,FALSE,FALSE,FALSE,0,8475169,28,8
2019020145,247,even-strength,84,9,FALSE,FALSE,TRUE,TRUE,TRUE,TRUE,0.06388133893707924,8478099,28,8
2019020145,248,even-strength,78,2,FALSE,FALSE,TRUE,FALSE,FALSE,FALSE,0,8474578,28,8
2019020145,250,even-strength,81,-4,FALSE,FALSE,TRUE,FALSE,FALSE,FALSE,0,8479580,28,8
2019020145,462,even-strength,34,-34,FALSE,FALSE,TRUE,TRUE,FALSE,FALSE,0.00859148636059188,8470613,28,8
2019020145,483,even-strength,59,-19,FALSE,FALSE,TRUE,TRUE,TRUE,TRUE,0.03392812305688159,8477922,28,8
2019020145,494,even-strength,31,-30,FALSE,FALSE,TRUE,TRUE,FALSE,FALSE,0.01436298004368243,8470613,28,8
2019020145,495,even-strength,35,3,FALSE,FALSE,TRUE,TRUE,TRUE,FALSE,0.02954826638957793,8471709,28,8
2019020145,500,even-strength,43,21,FALSE,FALSE,TRUE,TRUE,TRUE,FALSE,0.02078338269014505,8466139,28,8
2019020145,652,even-strength,46,9,FALSE,FALSE,TRUE,TRUE,TRUE,FALSE,0.03047975543584059,8474053,28,8
2019020145,653,even-strength,74,1,FALSE,TRUE,TRUE,TRUE,TRUE,FALSE,0.26179637434514064,8478414,28,8
2019020145,655,even-strength,61,39,FALSE,FALSE,TRUE,TRUE,TRUE,FALSE,0.01487405681742671,8466139,28,8
2019020145,657,even-strength,38,25,FALSE,FALSE,TRUE,TRUE,TRUE,FALSE,0.0170224669161561,8471709,28,8
2019020145,665,even-strength,33,15,TRUE,FALSE,TRUE,TRUE,TRUE,FALSE,0.03875095879222137,8474053,28,8
2019020145,666,even-strength,53,-6,TRUE,FALSE,TRUE,TRUE,TRUE,FALSE,0.05353678799077931,8470613,28,8
2019020145,667,even-strength,78,1,TRUE,FALSE,TRUE,TRUE,TRUE,FALSE,0.25722153268855874,8478099,28,8
2019020145,678,even-strength,42,-31,FALSE,FALSE,TRUE,FALSE,FALSE,FALSE,0,8470613,28,8
2019020145,681,even-strength,31,26,FALSE,FALSE,TRUE,TRUE,FALSE,FALSE,0.01971590593038836,8471709,28,8
2019020163,57,even-strength,38,-37,FALSE,FALSE,TRUE,TRUE,FALSE,FALSE,0.00876341936471719,8475197,10,8
2019020163,61,even-strength,55,-31,TRUE,FALSE,TRUE,TRUE,TRUE,FALSE,0.0379888010811422,8476406,10,8
2019020163,64,even-strength,70,11,TRUE,FALSE,TRUE,FALSE,FALSE,FALSE,0,8476853,10,8
2019020163,65,even-strength,73,-16,FALSE,FALSE,TRUE,FALSE,FALSE,FALSE,0,8476406,10,8
2019020163,71,even-strength,57,-35,FALSE,FALSE,TRUE,TRUE,TRUE,FALSE,0.01763399915737432,8475197,10,8
2019020163,74,even-strength,51,-32,FALSE,FALSE,TRUE,TRUE,TRUE,FALSE,0.01925404529757345,8477341,10,8
2019020163,76,even-strength,55,0,FALSE,FALSE,TRUE,FALSE,FALSE,FALSE,0,8478483,10,8
2019020163,81,even-strength,68,-11,FALSE,FALSE,TRUE,FALSE,FALSE,FALSE,0,8475197,10,8
2019020163,87,even-strength,29,36,FALSE,FALSE,TRUE,TRUE,TRUE,FALSE,0.00925501751512208,8475197,10,8
2019020163,262,even-strength,62,23,FALSE,FALSE,TRUE,TRUE,TRUE,TRUE,0.03062380980908546,8474162,10,8
2019020163,267,even-strength,63,36,FALSE,FALSE,TRUE,TRUE,FALSE,FALSE,0.0154194570934612,8481624,10,8
2019020163,268,even-strength,62,0,FALSE,FALSE,TRUE,FALSE,FALSE,FALSE,0,8481624,10,8
2019020163,269,even-strength,72,1,FALSE,FALSE,TRUE,TRUE,TRUE,FALSE,0.06040471493022695,8474162,10,8
2019020163,270,even-strength,61,9,FALSE,FALSE,TRUE,FALSE,FALSE,FALSE,0,8474162,10,8
2019020163,273,even-strength,44,16,FALSE,FALSE,TRUE,TRUE,FALSE,FALSE,0.03403340180136698,8476853,10,8
2019020163,276,even-strength,72,6,FALSE,FALSE,TRUE,FALSE,FALSE,FALSE,0,8481624,10,8
2019020163,278,even-strength,82,0,FALSE,FALSE,TRUE,TRUE,TRUE,FALSE,0.12744067896152175,8469455,10,8
2019020163,279,even-strength,29,31,FALSE,FALSE,TRUE,TRUE,TRUE,FALSE,0.01684014133922073,8475857,10,8
2019020163,280,even-strength,71,-5,FALSE,FALSE,TRUE,TRUE,TRUE,FALSE,0.08527189159263811,8479318,10,8
2019020163,281,even-strength,75,2,FALSE,TRUE,TRUE,TRUE,TRUE,TRUE,0.2482065912339121,8477341,10,8
2019020163,282,even-strength,-38,3,FALSE,FALSE,TRUE,TRUE,FALSE,FALSE,0.0013552245368681,8478483,10,8
2019020163,283,even-strength,51,-30,TRUE,TRUE,TRUE,TRUE,TRUE,FALSE,0.13770923024395287,8478483,10,8
2019020163,285,even-strength,67,-1,FALSE,FALSE,TRUE,FALSE,FALSE,FALSE,0,8476879,10,8
2019020163,292,even-strength,31,-27,FALSE,FALSE,TRUE,TRUE,TRUE,FALSE,0.01114421477790416,8476406,10,8
2019020163,296,even-strength,80,3,FALSE,FALSE,TRUE,TRUE,TRUE,FALSE,0.13167068621243247,8481624,10,8
2019020163,298,even-strength,40,28,FALSE,FALSE,TRUE,TRUE,TRUE,FALSE,0.01474966140269733,8479318,10,8
2019020163,451,even-strength,73,-18,FALSE,FALSE,TRUE,FALSE,FALSE,FALSE,0,8478857,10,8
2019020163,453,even-strength,68,7,FALSE,FALSE,TRUE,FALSE,FALSE,FALSE,0,8475857,10,8
2019020163,454,even-strength,81,1,TRUE,FALSE,TRUE,TRUE,TRUE,FALSE,0.17407798385901305,8477021,10,8
2019020163,458,even-strength,73,-13,FALSE,FALSE,TRUE,TRUE,TRUE,FALSE,0.06863442740183592,8477341,10,8
2019020163,462,even-strength,63,-15,FALSE,FALSE,TRUE,TRUE,FALSE,FALSE,0.04221116473245934,8469455,10,8
2019020163,463,even-strength,38,-17,TRUE,FALSE,TRUE,TRUE,TRUE,FALSE,0.03526326724148306,8479675,10,8
2019020163,469,power-play,69,16,FALSE,FALSE,TRUE,TRUE,TRUE,FALSE,0.08580443525271357,8478483,10,8
2019020163,471,power-play,40,34,FALSE,FALSE,TRUE,TRUE,FALSE,FALSE,0.02518738632522948,8476853,10,8
2019020163,472,power-play,42,-12,FALSE,FALSE,TRUE,TRUE,FALSE,FALSE,0.03929096091398729,8479318,10,8
2019020163,473,power-play,59,-6,FALSE,FALSE,TRUE,FALSE,FALSE,FALSE,0,8477939,10,8
2019020163,475,even-strength,80,-1,FALSE,FALSE,TRUE,TRUE,TRUE,FALSE,0.11535078330484226,8474162,10,8
2019020163,482,even-strength,73,-13,FALSE,FALSE,TRUE,TRUE,TRUE,FALSE,0.03834425767127959,8469455,10,8
2019020163,490,even-strength,55,-27,FALSE,FALSE,TRUE,TRUE,TRUE,FALSE,0.0238747071681769,8479318,10,8
2019020163,494,even-strength,32,25,FALSE,FALSE,TRUE,TRUE,TRUE,FALSE,0.01486984621016314,8475857,10,8
2019020163,498,even-strength,29,22,FALSE,FALSE,TRUE,TRUE,TRUE,FALSE,0.0130718063466975,8475197,10,8
2019020163,651,even-strength,54,-27,FALSE,FALSE,TRUE,TRUE,FALSE,FALSE,0.03820070226556438,8477939,10,8
2019020163,652,even-strength,62,-18,FALSE,FALSE,TRUE,FALSE,FALSE,FALSE,0,8475197,10,8
2019020163,654,even-strength,67,-8,FALSE,FALSE,TRUE,TRUE,TRUE,FALSE,0.04168885603973363,8477021,10,8
2019020163,667,even-strength,79,3,FALSE,FALSE,TRUE,TRUE,TRUE,FALSE,0.08982870848124942,8477939,10,8
2019020163,669,even-strength,68,16,FALSE,FALSE,TRUE,FALSE,FALSE,FALSE,0,8479675,10,8
2019020163,670,even-strength,78,2,FALSE,FALSE,TRUE,TRUE,TRUE,FALSE,0.10341803889331436,8479675,10,8
2019020163,671,even-strength,68,1,FALSE,FALSE,TRUE,FALSE,FALSE,FALSE,0,8475718,10,8
2019020163,672,even-strength,81,0,FALSE,FALSE,TRUE,TRUE,TRUE,FALSE,0.13941607093942507,8477341,10,8
2019020163,674,even-strength,80,7,FALSE,FALSE,TRUE,TRUE,FALSE,FALSE,0.12010880996142556,8477939,10,8
2019020163,678,even-strength,31,20,TRUE,FALSE,TRUE,TRUE,TRUE,FALSE,0.03582225661545781,8481624,10,8
2019020163,679,even-strength,62,11,FALSE,FALSE,TRUE,FALSE,FALSE,FALSE,0,8475718,10,8
2019020163,680,even-strength,33,-30,FALSE,FALSE,TRUE,TRUE,TRUE,FALSE,0.01050521547805236,8475197,10,8
2019020163,682,even-strength,76,-12,TRUE,FALSE,TRUE,TRUE,TRUE,FALSE,0.12411859069902977,8477341,10,8
2019020163,684,even-strength,62,-10,FALSE,FALSE,TRUE,FALSE,FALSE,FALSE,0,8478483,10,8
2019020163,689,even-strength,64,-9,FALSE,FALSE,TRUE,FALSE,FALSE,FALSE,0,8475718,10,8
2019020163,692,even-strength,68,-21,FALSE,FALSE,TRUE,TRUE,TRUE,FALSE,0.03321290355156925,8477953,10,8
2019020192,13,even-strength,42,-24,FALSE,FALSE,TRUE,TRUE,TRUE,FALSE,0.01270785502984196,8471274,53,8
2019020192,18,even-strength,89,7,FALSE,FALSE,TRUE,TRUE,TRUE,FALSE,0.04725235370957954,8478432,53,8
2019020192,49,power-play,84,-6,FALSE,FALSE,TRUE,TRUE,TRUE,FALSE,0.12015976194645114,8471262,53,8
2019020192,53,even-strength,-51,30,FALSE,FALSE,TRUE,FALSE,FALSE,FALSE,0,8475171,53,8
2019020192,55,even-strength,40,-25,FALSE,FALSE,TRUE,TRUE,TRUE,FALSE,0.01469377145466968,8473548,53,8
2019020192,56,even-strength,85,-6,TRUE,FALSE,TRUE,TRUE,TRUE,FALSE,0.09030436760070396,8477989,53,8
2019020192,58,even-strength,73,-4,FALSE,FALSE,TRUE,TRUE,TRUE,FALSE,0.0819218181396878,8480849,53,8
2019020192,63,even-strength,62,-11,FALSE,FALSE,TRUE,FALSE,FALSE,FALSE,0,8478474,53,8
2019020192,64,even-strength,80,0,FALSE,TRUE,TRUE,TRUE,TRUE,FALSE,0.22914612417815147,8471262,53,8
2019020192,75,even-strength,-77,-6,FALSE,FALSE,TRUE,TRUE,TRUE,FALSE,2.0074828968691313e-4,8480950,53,8
2019020192,85,power-play,58,-25,FALSE,FALSE,TRUE,TRUE,TRUE,FALSE,0.0484054648237525,8478856,53,8
2019020192,87,power-play,42,25,FALSE,FALSE,TRUE,TRUE,TRUE,FALSE,0.03402456901903415,8471274,53,8
2019020192,88,power-play,80,1,FALSE,FALSE,TRUE,TRUE,TRUE,FALSE,0.11246955313347788,8478856,53,8
2019020192,91,even-strength,35,-1,FALSE,FALSE,TRUE,FALSE,FALSE,FALSE,0,8480950,53,8
2019020192,94,even-strength,72,5,FALSE,FALSE,TRUE,TRUE,FALSE,FALSE,0.0674515895358984,8474613,53,8
2019020192,95,even-strength,60,4,FALSE,FALSE,TRUE,FALSE,FALSE,FALSE,0,8478474,53,8
2019020192,207,even-strength,41,-21,FALSE,FALSE,TRUE,TRUE,TRUE,FALSE,0.01970004090736704,8480950,53,8
2019020192,220,even-strength,86,-14,FALSE,FALSE,TRUE,TRUE,FALSE,FALSE,0.03369017898887822,8479343,53,8
2019020192,254,even-strength,70,8,FALSE,TRUE,TRUE,TRUE,FALSE,FALSE,0.12849019083114172,8477989,53,8
2019020192,255,even-strength,40,12,TRUE,FALSE,TRUE,TRUE,TRUE,FALSE,0.02832031836803695,8479345,53,8
2019020192,264,even-strength,48,-17,FALSE,FALSE,TRUE,FALSE,FALSE,FALSE,0,8477989,53,8
2019020192,267,even-strength,79,25,TRUE,FALSE,TRUE,TRUE,TRUE,FALSE,0.06936221840697421,8479343,53,8
2019020192,270,even-strength,72,1,FALSE,FALSE,TRUE,FALSE,FALSE,FALSE,0,8474613,53,8
2019020192,272,even-strength,62,5,FALSE,FALSE,TRUE,FALSE,FALSE,FALSE,0,8479345,53,8
2019020192,275,even-strength,61,2,FALSE,FALSE,TRUE,FALSE,FALSE,FALSE,0,8478474,53,8
2019020192,285,even-strength,60,25,FALSE,FALSE,TRUE,FALSE,FALSE,FALSE,0,8479345,53,8
2019020192,286,even-strength,41,2,FALSE,FALSE,TRUE,TRUE,FALSE,FALSE,0.02422264501983958,8471274,53,8
2019020192,287,even-strength,84,8,FALSE,TRUE,TRUE,TRUE,TRUE,FALSE,0.16518432934500915,8476994,53,8
2019020192,289,power-play,59,2,FALSE,FALSE,TRUE,TRUE,TRUE,FALSE,0.07151244941303819,8473548,53,8
2019020192,291,power-play,47,12,FALSE,FALSE,TRUE,TRUE,FALSE,FALSE,0.04258382720295263,8479345,53,8
2019020192,292,even-strength,72,17,FALSE,FALSE,TRUE,FALSE,FALSE,FALSE,0,8477989,53,8
2019020192,293,even-strength,80,-4,FALSE,FALSE,TRUE,FALSE,FALSE,FALSE,0,8477989,53,8
2019020192,295,even-strength,38,25,FALSE,FALSE,TRUE,TRUE,TRUE,FALSE,0.01176195710548042,8479345,53,8
2019020192,296,even-strength,23,6,FALSE,FALSE,TRUE,TRUE,TRUE,FALSE,0.01232471731781334,8478856,53,8
2019020192,298,even-strength,40,3,TRUE,FALSE,TRUE,TRUE,TRUE,FALSE,0.03379806450111602,8480950,53,8
2019020192,452,even-strength,40,-32,FALSE,FALSE,TRUE,TRUE,TRUE,FALSE,0.00728258522840874,8474613,53,8
2019020192,453,even-strength,81,-6,FALSE,TRUE,TRUE,TRUE,TRUE,FALSE,0.13622109063357798,8474613,53,8
2019020192,456,even-strength,63,-33,FALSE,FALSE,TRUE,TRUE,FALSE,FALSE,0.02118415730912411,8478432,53,8
2019020192,466,power-play,41,-20,FALSE,FALSE,TRUE,TRUE,FALSE,FALSE,0.0339916237562435,8474613,53,8
2019020192,468,even-strength,78,2,FALSE,FALSE,TRUE,FALSE,FALSE,FALSE,0,8480849,53,8
2019020192,469,even-strength,51,5,FALSE,FALSE,TRUE,FALSE,FALSE,FALSE,0,8480950,53,8
2019020192,475,even-strength,69,-1,FALSE,FALSE,TRUE,FALSE,FALSE,FALSE,0,8471262,53,8
2019020192,481,even-strength,60,-16,FALSE,FALSE,TRUE,TRUE,TRUE,FALSE,0.04710856587472643,8477989,53,8
2019020192,483,even-strength,72,13,TRUE,FALSE,TRUE,TRUE,FALSE,FALSE,0.11974572400701132,8478856,53,8
2019020192,494,even-strength,35,9,FALSE,FALSE,TRUE,TRUE,FALSE,FALSE,0.01691103059020544,8475171,53,8
2019020192,495,even-strength,45,12,FALSE,FALSE,TRUE,TRUE,FALSE,FALSE,0.02182929644643147,8480849,53,8
2019020192,497,even-strength,62,13,FALSE,FALSE,TRUE,TRUE,FALSE,FALSE,0.03167247351478517,8473548,53,8
2019020192,498,even-strength,72,10,FALSE,FALSE,TRUE,TRUE,TRUE,TRUE,0.06560928626649457,8479345,53,8
2019020192,499,even-strength,78,-36,FALSE,FALSE,TRUE,TRUE,TRUE,FALSE,0.02292360612408885,8478856,53,8
2019020192,631,even-strength,41,-29,FALSE,FALSE,TRUE,TRUE,TRUE,FALSE,0.01471224026258108,8471274,53,8
2019020192,651,even-strength,64,-9,FALSE,FALSE,TRUE,FALSE,FALSE,FALSE,0,8473548,53,8
2019020192,656,even-strength,36,27,FALSE,FALSE,TRUE,TRUE,TRUE,FALSE,0.0117293337586977,8479345,53,8
2019020192,658,even-strength,62,-1,FALSE,FALSE,TRUE,TRUE,TRUE,FALSE,0.05574800064419527,8479345,53,8
2019020192,660,even-strength,58,27,FALSE,FALSE,TRUE,TRUE,TRUE,FALSE,0.03460449775817334,8478474,53,8
2019020192,662,even-strength,79,16,FALSE,FALSE,TRUE,FALSE,FALSE,FALSE,0,8479345,53,8
2019020192,671,even-strength,76,0,TRUE,FALSE,TRUE,TRUE,TRUE,FALSE,0.19129598434731077,8478856,53,8
2019020192,674,even-strength,-32,22,FALSE,FALSE,TRUE,TRUE,TRUE,FALSE,0.00100687317132596,8471274,53,8
2019020192,675,even-strength,75,-1,FALSE,FALSE,TRUE,TRUE,TRUE,FALSE,0.09082600649384824,8478432,53,8
2019020192,677,even-strength,38,-9,FALSE,FALSE,TRUE,TRUE,TRUE,FALSE,0.02033022344444722,8478856,53,8
2019020192,680,even-strength,44,0,FALSE,FALSE,TRUE,FALSE,FALSE,FALSE,0,8471274,53,8
2019020192,682,even-strength,36,-27,FALSE,FALSE,TRUE,TRUE,FALSE,FALSE,0.01276018629096568,8480849,53,8
2019020192,685,even-strength,39,-24,FALSE,FALSE,TRUE,TRUE,TRUE,FALSE,0.01416528546987986,8471274,53,8
2019020192,687,even-strength,60,11,FALSE,FALSE,TRUE,FALSE,FALSE,FALSE,0,8474613,53,8
2019020212,66,penalty-kill,63,-26,FALSE,FALSE,TRUE,FALSE,FALSE,FALSE,0,8480036,25,8
2019020212,68,even-strength,59,-10,FALSE,FALSE,TRUE,FALSE,FALSE,FALSE,0,8476166,25,8
2019020212,69,even-strength,81,-13,FALSE,TRUE,TRUE,TRUE,TRUE,FALSE,0.19395449638865983,8473994,25,8
2019020212,73,even-strength,58,1,FALSE,FALSE,TRUE,TRUE,TRUE,FALSE,0.11317301533811495,8475906,25,8
2019020212,75,even-strength,70,-4,FALSE,FALSE,TRUE,TRUE,FALSE,FALSE,0.1679476771243648,8477450,25,8
2019020212,77,power-play,79,-20,FALSE,FALSE,TRUE,TRUE,TRUE,FALSE,0.08748654920477653,8471228,25,8
2019020212,79,even-strength,72,6,FALSE,FALSE,TRUE,TRUE,TRUE,FALSE,0.07882301815753812,8478449,25,8
2019020212,82,even-strength,44,-26,FALSE,FALSE,TRUE,FALSE,FALSE,FALSE,0,8475794,25,8
2019020212,83,even-strength,56,19,FALSE,TRUE,TRUE,TRUE,TRUE,FALSE,0.07249046940865314,8476467,25,8
2019020212,86,penalty-kill,-50,-4,FALSE,FALSE,TRUE,TRUE,TRUE,FALSE,0.00352607907950693,8471699,25,8
2019020212,87,even-strength,47,19,FALSE,FALSE,TRUE,TRUE,TRUE,FALSE,0.01995482817478756,8476467,25,8
2019020212,88,even-strength,35,-35,FALSE,FALSE,TRUE,TRUE,TRUE,FALSE,0.01011570808249885,8476166,25,8
2019020212,90,even-strength,76,-1,FALSE,FALSE,TRUE,TRUE,TRUE,FALSE,0.09482176339277404,8478449,25,8
2019020212,91,even-strength,78,-2,TRUE,FALSE,TRUE,FALSE,FALSE,FALSE,0,8478449,25,8
2019020212,92,even-strength,35,27,FALSE,FALSE,TRUE,TRUE,FALSE,FALSE,0.01233026082330384,8476902,25,8
2019020212,96,even-strength,40,14,FALSE,FALSE,TRUE,TRUE,FALSE,FALSE,0.02228416243564513,8480036,25,8
2019020212,98,even-strength,-42,-20,FALSE,FALSE,TRUE,TRUE,TRUE,FALSE,0.00104543855264959,8473994,25,8
2019020212,302,power-play,60,-3,FALSE,FALSE,TRUE,TRUE,TRUE,TRUE,0.07534187039368287,8471228,25,8
2019020212,303,even-strength,80,5,FALSE,FALSE,TRUE,TRUE,TRUE,FALSE,0.08244003588458707,8471699,25,8
2019020212,304,even-strength,81,-6,FALSE,FALSE,TRUE,TRUE,FALSE,FALSE,0.06695426532006502,8476889,25,8
2019020212,305,even-strength,36,23,FALSE,FALSE,TRUE,TRUE,TRUE,FALSE,0.01159538137802361,8476467,25,8
2019020212,308,penalty-kill,57,-25,FALSE,FALSE,TRUE,TRUE,FALSE,FALSE,0.04041523887355369,8470794,25,8
2019020212,313,even-strength,54,7,FALSE,FALSE,TRUE,TRUE,FALSE,FALSE,0.04882755541212254,8470621,25,8
2019020212,316,even-strength,80,-7,FALSE,FALSE,TRUE,TRUE,TRUE,FALSE,0.08183718329638405,8478495,25,8
2019020212,318,even-strength,68,11,FALSE,FALSE,TRUE,FALSE,FALSE,FALSE,0,8475906,25,8
2019020212,322,even-strength,62,9,FALSE,FALSE,TRUE,TRUE,TRUE,FALSE,0.05465527364265066,8478495,25,8
2019020212,325,even-strength,42,6,FALSE,FALSE,TRUE,TRUE,TRUE,FALSE,0.03351691632452913,8477450,25,8
2019020212,327,even-strength,36,4,FALSE,FALSE,TRUE,FALSE,FALSE,FALSE,0,8475906,25,8
2019020212,330,even-strength,66,4,FALSE,FALSE,TRUE,FALSE,FALSE,FALSE,0,8471260,25,8
2019020212,331,even-strength,71,5,TRUE,FALSE,TRUE,TRUE,TRUE,FALSE,0.1740814440182338,8471260,25,8
2019020212,340,even-strength,73,5,FALSE,FALSE,TRUE,FALSE,FALSE,FALSE,0,8478495,25,8
2019020212,343,even-strength,36,-23,FALSE,FALSE,TRUE,TRUE,TRUE,FALSE,0.01407617712884353,8476902,25,8
2019020212,348,even-strength,70,4,FALSE,FALSE,TRUE,FALSE,FALSE,FALSE,0,8480036,25,8
2019020212,349,even-strength,43,22,FALSE,FALSE,TRUE,TRUE,FALSE,FALSE,0.01621402008136498,8480036,25,8
2019020212,502,even-strength,53,4,FALSE,FALSE,TRUE,FALSE,FALSE,FALSE,0,8477810,25,8
2019020212,504,even-strength,41,-22,FALSE,FALSE,TRUE,TRUE,TRUE,FALSE,0.03301452570944428,8476166,25,8
2019020212,506,even-strength,70,4,FALSE,FALSE,TRUE,FALSE,FALSE,FALSE,0,8476166,25,8
2019020212,507,even-strength,43,5,FALSE,FALSE,TRUE,TRUE,TRUE,FALSE,0.01157444075638603,8476166,25,8
2019020212,508,even-strength,50,21,FALSE,FALSE,TRUE,FALSE,FALSE,FALSE,0,8476166,25,8
2019020212,510,even-strength,77,1,FALSE,FALSE,TRUE,FALSE,FALSE,FALSE,0,8475906,25,8
2019020212,522,even-strength,79,1,FALSE,FALSE,TRUE,TRUE,TRUE,FALSE,0.11745750656679754,8478495,25,8
2019020212,523,even-strength,50,18,FALSE,TRUE,TRUE,TRUE,TRUE,FALSE,0.07985843304236916,8478495,25,8
2019020212,524,even-strength,81,1,FALSE,TRUE,TRUE,TRUE,TRUE,FALSE,0.2971164829626962,8470794,25,8
2019020212,525,even-strength,81,3,FALSE,FALSE,TRUE,TRUE,TRUE,FALSE,0.07994989538285292,8470794,25,8
2019020212,528,even-strength,41,4,FALSE,FALSE,TRUE,TRUE,TRUE,FALSE,0.03034013312768108,8476902,25,8
2019020212,530,even-strength,81,0,FALSE,FALSE,TRUE,TRUE,TRUE,FALSE,0.13963953656918943,8473994,25,8
2019020212,532,even-strength,78,7,FALSE,FALSE,TRUE,TRUE,FALSE,FALSE,0.09919754503850824,8470621,25,8
2019020212,538,even-strength,73,3,FALSE,FALSE,TRUE,TRUE,TRUE,FALSE,0.12670982997567415,8478495,25,8
2019020212,539,even-strength,77,4,FALSE,FALSE,TRUE,TRUE,TRUE,TRUE,0.3129722921914359,8478495,25,8
2019020212,541,even-strength,80,-15,FALSE,FALSE,TRUE,TRUE,FALSE,FALSE,0.08249656996790354,8477450,25,8
2019020212,542,even-strength,22,-12,TRUE,FALSE,TRUE,TRUE,FALSE,FALSE,0.02224720676265424,8476467,25,8
2019020212,550,penalty-kill,-25,-34,FALSE,FALSE,TRUE,TRUE,TRUE,FALSE,7.765904351759404e-4,8476902,25,8
2019020212,753,even-strength,47,-19,FALSE,FALSE,TRUE,TRUE,TRUE,FALSE,0.03453372599158683,8480036,25,8
2019020212,757,even-strength,49,1,FALSE,FALSE,TRUE,FALSE,FALSE,FALSE,0,8476902,25,8
2019020212,759,even-strength,47,6,FALSE,FALSE,TRUE,TRUE,TRUE,FALSE,0.03777567568522699,8475794,25,8
2019020212,760,even-strength,82,-3,FALSE,TRUE,TRUE,TRUE,TRUE,FALSE,0.3563887158478867,8473994,25,8
2019020212,761,even-strength,54,-11,FALSE,FALSE,TRUE,FALSE,FALSE,FALSE,0,8475794,25,8
2019020212,769,even-strength,72,12,FALSE,FALSE,TRUE,TRUE,TRUE,FALSE,0.06592268748844798,8471228,25,8
2019020212,771,even-strength,48,-18,FALSE,FALSE,TRUE,TRUE,TRUE,FALSE,0.02975944051531559,8476166,25,8
2019020212,776,power-play,69,-5,FALSE,FALSE,TRUE,TRUE,TRUE,FALSE,0.12316937936726056,8475794,25,8
2019020212,778,power-play,68,10,FALSE,FALSE,TRUE,TRUE,TRUE,TRUE,0.0902334531588552,8478495,25,8
2019020212,785,even-strength,72,11,FALSE,FALSE,TRUE,TRUE,TRUE,FALSE,0.07202131137306782,8471699,25,8
2019020212,786,even-strength,76,-13,FALSE,TRUE,TRUE,TRUE,TRUE,FALSE,0.1297775684768163,8471699,25,8
2019020212,790,even-strength,-86,18,FALSE,FALSE,TRUE,TRUE,TRUE,FALSE,6.989183991278482e-5,8471699,25,8
2019020212,858,power-play,49,5,FALSE,FALSE,TRUE,FALSE,FALSE,FALSE,0,8480036,25,8
2019020224,104,even-strength,66,7,FALSE,FALSE,TRUE,TRUE,TRUE,FALSE,0.05720059958573235,8476792,6,8
2019020224,111,even-strength,49,28,FALSE,FALSE,TRUE,TRUE,TRUE,FALSE,0.0241530579468608,8476891,6,8
2019020224,113,even-strength,64,-23,FALSE,FALSE,TRUE,FALSE,FALSE,FALSE,0,8470638,6,8
2019020224,114,even-strength,68,1,FALSE,FALSE,TRUE,FALSE,FALSE,FALSE,0,8470638,6,8
2019020224,116,even-strength,44,39,TRUE,FALSE,TRUE,TRUE,FALSE,FALSE,0.02091083353611249,8476891,6,8
2019020224,118,even-strength,73,15,TRUE,FALSE,TRUE,TRUE,FALSE,FALSE,0.07929745630862886,8478498,6,8
2019020224,119,even-strength,65,6,FALSE,FALSE,TRUE,TRUE,FALSE,FALSE,0.08761020580636075,8476792,6,8
2019020224,120,even-strength,68,-15,FALSE,FALSE,TRUE,FALSE,FALSE,FALSE,0,8478498,6,8
2019020224,131,even-strength,67,-39,FALSE,FALSE,TRUE,TRUE,TRUE,FALSE,0.02063074328225271,8478498,6,8
2019020224,132,even-strength,63,-5,FALSE,FALSE,TRUE,TRUE,FALSE,FALSE,0.05066252355615023,8471276,6,8
2019020224,134,even-strength,56,-10,FALSE,FALSE,TRUE,TRUE,TRUE,FALSE,0.04574484194117381,8478075,6,8
2019020224,137,even-strength,63,-32,FALSE,TRUE,TRUE,FALSE,FALSE,FALSE,0,8478485,6,8
2019020224,141,even-strength,81,-6,FALSE,FALSE,TRUE,TRUE,TRUE,FALSE,0.11004089715238564,8478485,6,8
2019020224,143,power-play,63,30,FALSE,FALSE,TRUE,TRUE,TRUE,TRUE,0.06472991523456144,8477956,6,8
2019020224,149,even-strength,63,-7,FALSE,FALSE,TRUE,TRUE,FALSE,FALSE,0.0497382122913811,8476439,6,8
2019020224,302,even-strength,73,-29,FALSE,FALSE,TRUE,FALSE,FALSE,FALSE,0,8478046,6,8
2019020224,318,even-strength,86,18,FALSE,FALSE,TRUE,TRUE,FALSE,FALSE,0.02705123418011076,8477956,6,8
2019020224,323,even-strength,66,-1,FALSE,FALSE,TRUE,FALSE,FALSE,FALSE,0,8476792,6,8
2019020224,325,even-strength,60,13,FALSE,FALSE,TRUE,FALSE,FALSE,FALSE,0,8477956,6,8
2019020224,330,even-strength,75,-13,TRUE,FALSE,TRUE,TRUE,TRUE,TRUE,0.11303156433748092,8477365,6,8
2019020224,333,even-strength,75,21,FALSE,FALSE,TRUE,FALSE,FALSE,FALSE,0,8476374,6,8
2019020224,335,even-strength,31,22,FALSE,FALSE,TRUE,TRUE,TRUE,FALSE,0.01025162936970922,8465009,6,8
2019020224,337,even-strength,31,13,FALSE,FALSE,TRUE,TRUE,FALSE,FALSE,0.01272912378694272,8465009,6,8
2019020224,338,even-strength,68,-4,FALSE,FALSE,TRUE,FALSE,FALSE,FALSE,0,8478485,6,8
2019020224,342,even-strength,83,-9,FALSE,FALSE,TRUE,TRUE,TRUE,FALSE,0.07931266786514003,8476374,6,8
2019020224,343,even-strength,84,-8,FALSE,TRUE,TRUE,TRUE,TRUE,FALSE,0.15267098348738095,8476374,6,8
2019020224,345,even-strength,70,8,FALSE,FALSE,TRUE,FALSE,FALSE,FALSE,0,8475780,6,8
2019020224,350,even-strength,73,7,FALSE,FALSE,TRUE,FALSE,FALSE,FALSE,0,8477956,6,8
2019020224,503,even-strength,32,15,FALSE,FALSE,TRUE,TRUE,TRUE,FALSE,0.01785321202498112,8478443,6,8
2019020224,507,even-strength,67,-12,FALSE,FALSE,TRUE,FALSE,FALSE,FALSE,0,8478498,6,8
2019020224,509,even-strength,32,16,FALSE,FALSE,TRUE,TRUE,TRUE,FALSE,0.01695734851320817,8476891,6,8
2019020224,510,even-strength,63,-6,FALSE,FALSE,TRUE,TRUE,TRUE,FALSE,0.0483923857820819,8478075,6,8
2019020224,511,even-strength,83,6,FALSE,TRUE,TRUE,TRUE,TRUE,TRUE,0.20627259749921195,8478075,6,8
2019020224,515,even-strength,72,8,FALSE,FALSE,TRUE,FALSE,FALSE,FALSE,0,8479325,6,8
2019020224,516,even-strength,66,15,FALSE,FALSE,TRUE,FALSE,FALSE,FALSE,0,8470638,6,8
2019020224,520,even-strength,89,6,FALSE,FALSE,TRUE,TRUE,TRUE,FALSE,0.07426476194761135,8477956,6,8
2019020224,526,power-play,33,-19,FALSE,FALSE,TRUE,TRUE,FALSE,FALSE,0.04300836487235468,8477956,6,8
2019020224,527,even-strength,76,0,TRUE,FALSE,TRUE,FALSE,FALSE,FALSE,0,8473419,6,8
2019020224,528,power-play,89,7,FALSE,FALSE,TRUE,TRUE,TRUE,FALSE,0.12835896607224564,8477956,6,8
2019020224,529,power-play,52,-11,FALSE,FALSE,TRUE,FALSE,FALSE,FALSE,0,8470638,6,8
2019020224,530,power-play,71,0,FALSE,FALSE,TRUE,TRUE,FALSE,FALSE,0.1555986389642956,8470638,6,8
2019020224,531,power-play,56,14,FALSE,FALSE,TRUE,FALSE,FALSE,FALSE,0,8476891,6,8
2019020224,532,even-strength,47,24,FALSE,FALSE,TRUE,FALSE,FALSE,FALSE,0,8476891,6,8
2019020224,533,even-strength,88,-6,TRUE,FALSE,TRUE,TRUE,TRUE,TRUE,0.13471228838460925,8476374,6,8
2019020224,534,even-strength,71,-4,FALSE,FALSE,TRUE,TRUE,TRUE,FALSE,0.09692881966303564,8478075,6,8
2019020224,535,even-strength,65,4,FALSE,FALSE,TRUE,TRUE,TRUE,FALSE,0.06839905068255514,8477956,6,8
2019020224,536,even-strength,76,6,FALSE,FALSE,TRUE,TRUE,FALSE,FALSE,0.07553602320973682,8478498,6,8
2019020224,540,even-strength,50,1,FALSE,FALSE,TRUE,FALSE,FALSE,FALSE,0,8476792,6,8
2019020224,544,even-strength,-22,-39,TRUE,FALSE,TRUE,TRUE,TRUE,FALSE,0.00158366484474849,8477365,6,8
2019020224,545,even-strength,61,-17,FALSE,FALSE,TRUE,TRUE,TRUE,FALSE,0.03379076914600795,8476439,6,8
2019020224,546,even-strength,53,21,FALSE,FALSE,TRUE,TRUE,TRUE,FALSE,0.02629613466768928,8478075,6,8
2019020224,547,even-strength,67,-13,FALSE,FALSE,TRUE,FALSE,FALSE,FALSE,0,8478443,6,8
2019020224,702,power-play,67,-24,FALSE,FALSE,TRUE,FALSE,FALSE,FALSE,0,8475745,6,8
2019020224,704,even-strength,68,11,TRUE,FALSE,TRUE,TRUE,TRUE,FALSE,0.0953797952403602,8478075,6,8
2019020224,707,even-strength,79,-28,FALSE,FALSE,TRUE,TRUE,TRUE,FALSE,0.03022792342093292,8470638,6,8
2019020224,709,even-strength,52,29,FALSE,FALSE,TRUE,FALSE,FALSE,FALSE,0,8477956,6,8
2019020224,711,even-strength,23,-13,FALSE,FALSE,TRUE,FALSE,FALSE,FALSE,0,8470638,6,8
2019020224,724,even-strength,57,10,FALSE,FALSE,TRUE,FALSE,FALSE,FALSE,0,8477956,6,8
2019020224,725,even-strength,73,1,FALSE,TRUE,TRUE,FALSE,FALSE,FALSE,0,8476792,6,8
2019020224,727,even-strength,62,-25,FALSE,FALSE,TRUE,FALSE,FALSE,FALSE,0,8470638,6,8
2019020224,728,even-strength,44,-23,TRUE,FALSE,TRUE,TRUE,TRUE,FALSE,0.07173563417939471,8471276,6,8
2019020224,729,even-strength,74,-12,FALSE,TRUE,TRUE,FALSE,FALSE,FALSE,0,8470638,6,8
2019020240,26,even-strength,81,-5,FALSE,TRUE,TRUE,TRUE,TRUE,FALSE,0.19472950060732208,8476461,4,8
2019020240,33,even-strength,86,-5,FALSE,FALSE,TRUE,TRUE,TRUE,FALSE,0.04627786360639226,8480797,4,8
2019020240,37,even-strength,32,-6,FALSE,FALSE,TRUE,TRUE,FALSE,FALSE,0.02118131311366083,8474161,4,8
2019020240,55,even-strength,62,-1,FALSE,FALSE,TRUE,TRUE,TRUE,FALSE,0.0810104652518774,8479358,4,8
2019020240,59,even-strength,56,-19,FALSE,FALSE,TRUE,FALSE,FALSE,FALSE,0,8478439,4,8
2019020240,65,even-strength,-33,-27,FALSE,FALSE,TRUE,FALSE,FALSE,FALSE,0,8474027,4,8
2019020240,68,even-strength,40,-26,FALSE,FALSE,TRUE,TRUE,TRUE,FALSE,0.01633160796066499,8478439,4,8
2019020240,69,even-strength,36,24,FALSE,FALSE,TRUE,TRUE,TRUE,FALSE,0.0103344303970861,8478500,4,8
2019020240,70,even-strength,58,3,FALSE,FALSE,TRUE,FALSE,FALSE,FALSE,0,8477948,4,8
2019020240,73,even-strength,74,3,FALSE,FALSE,TRUE,FALSE,FALSE,FALSE,0,8474037,4,8
2019020240,77,even-strength,67,2,FALSE,FALSE,TRUE,TRUE,TRUE,FALSE,0.12514821437783352,8478439,4,8
2019020240,81,even-strength,54,16,FALSE,FALSE,TRUE,FALSE,FALSE,FALSE,0,8476906,4,8
2019020240,83,even-strength,79,-32,FALSE,FALSE,TRUE,TRUE,TRUE,FALSE,0.02268482540309483,8475763,4,8
2019020240,84,even-strength,85,-32,FALSE,FALSE,TRUE,TRUE,TRUE,FALSE,0.01780271474415624,8475763,4,8
2019020240,90,even-strength,30,28,TRUE,FALSE,TRUE,TRUE,TRUE,FALSE,0.01781383538179329,8478500,4,8
2019020240,96,even-strength,54,1,FALSE,FALSE,TRUE,FALSE,FALSE,FALSE,0,8479026,4,8
2019020240,97,even-strength,32,-26,FALSE,FALSE,TRUE,TRUE,TRUE,TRUE,0.00961966466692679,8479026,4,8
2019020240,98,even-strength,34,-16,FALSE,FALSE,TRUE,TRUE,FALSE,FALSE,0.01437304922405056,8474027,4,8
2019020240,100,even-strength,80,4,FALSE,FALSE,TRUE,TRUE,TRUE,FALSE,0.170655757942741,8476461,4,8
2019020240,202,even-strength,58,-21,FALSE,FALSE,TRUE,TRUE,FALSE,FALSE,0.06776161595779892,8480797,4,8
2019020240,205,even-strength,64,14,FALSE,FALSE,TRUE,FALSE,FALSE,FALSE,0,8475763,4,8
2019020240,206,even-strength,53,-28,FALSE,FALSE,TRUE,TRUE,FALSE,FALSE,0.02084376437181352,8474161,4,8
2019020240,207,even-strength,70,4,FALSE,FALSE,TRUE,TRUE,TRUE,FALSE,0.0682210150406706,8474161,4,8
2019020240,209,even-strength,58,35,FALSE,FALSE,TRUE,TRUE,TRUE,FALSE,0.01536462753965658,8478067,4,8
2019020240,211,even-strength,61,17,FALSE,FALSE,TRUE,TRUE,TRUE,FALSE,0.0298103651863761,8477948,4,8
2019020240,215,even-strength,62,0,FALSE,FALSE,TRUE,TRUE,FALSE,FALSE,0.06044346641656775,8473512,4,8
2019020240,217,power-play,39,15,FALSE,FALSE,TRUE,TRUE,TRUE,FALSE,0.03909345284381163,8471702,4,8
2019020240,218,power-play,42,25,FALSE,FALSE,TRUE,TRUE,FALSE,FALSE,0.03406277098354154,8474037,4,8
2019020240,221,even-strength,81,-3,FALSE,FALSE,TRUE,TRUE,TRUE,FALSE,0.09612443450867932,8474161,4,8
2019020240,222,even-strength,72,5,FALSE,TRUE,TRUE,TRUE,TRUE,TRUE,0.2446732817860251,8474037,4,8
2019020240,226,even-strength,36,-38,FALSE,FALSE,TRUE,TRUE,TRUE,FALSE,0.0066911574917096,8475752,4,8
2019020240,229,even-strength,79,-8,FALSE,FALSE,TRUE,TRUE,TRUE,FALSE,0.08720202780276136,8474037,4,8
2019020240,230,even-strength,84,17,FALSE,FALSE,TRUE,TRUE,FALSE,FALSE,0.03823577533579284,8478439,4,8
2019020240,233,power-play,59,-28,FALSE,FALSE,TRUE,TRUE,TRUE,FALSE,0.05488612647227257,8474161,4,8
2019020240,234,power-play,48,-28,FALSE,FALSE,TRUE,TRUE,TRUE,FALSE,0.0428747148411952,8478439,4,8
2019020240,236,power-play,61,-21,FALSE,FALSE,TRUE,TRUE,FALSE,FALSE,0.06437978715111717,8480797,4,8
2019020240,237,power-play,53,27,FALSE,FALSE,TRUE,TRUE,TRUE,FALSE,0.05876505220571595,8473512,4,8
2019020240,239,power-play,55,28,FALSE,FALSE,TRUE,TRUE,TRUE,FALSE,0.05890005373443539,8476906,4,8
2019020240,242,power-play,45,20,FALSE,FALSE,TRUE,TRUE,TRUE,FALSE,0.04918871768564605,8471702,4,8
2019020240,243,even-strength,75,-4,FALSE,FALSE,TRUE,TRUE,TRUE,FALSE,0.09079867417783773,8478067,4,8
2019020240,244,even-strength,74,12,FALSE,FALSE,TRUE,TRUE,TRUE,FALSE,0.0537105357755019,8475763,4,8
2019020240,246,even-strength,74,5,FALSE,FALSE,TRUE,TRUE,FALSE,FALSE,0.07497696191926015,8479358,4,8
2019020240,247,even-strength,71,20,FALSE,FALSE,TRUE,TRUE,TRUE,FALSE,0.03789849600506136,8475763,4,8
2019020240,249,even-strength,31,24,FALSE,FALSE,TRUE,TRUE,FALSE,FALSE,0.00980552358523492,8476906,4,8
2019020240,303,even-strength,46,18,FALSE,FALSE,TRUE,TRUE,TRUE,FALSE,0.02486104161109912,8474161,4,8
2019020240,305,even-strength,34,-35,FALSE,FALSE,TRUE,TRUE,TRUE,FALSE,0.00713187631044681,8474027,4,8
2019020240,308,even-strength,80,-5,FALSE,TRUE,TRUE,TRUE,TRUE,FALSE,0.24394649150387887,8475763,4,8
2019020240,321,even-strength,82,0,FALSE,TRUE,TRUE,TRUE,TRUE,FALSE,0.33894095051883866,8474161,4,8
2019020240,342,even-strength,41,-36,FALSE,TRUE,TRUE,TRUE,TRUE,FALSE,0.02697832046845059,8479026,4,8
2019020240,345,even-strength,39,-37,FALSE,TRUE,TRUE,TRUE,TRUE,FALSE,0.02897407065954992,8474027,4,8
2019020240,401,even-strength,61,-36,FALSE,FALSE,TRUE,TRUE,FALSE,FALSE,0.0157126745997788,8474037,4,8
2019020240,414,power-play,56,-21,FALSE,FALSE,TRUE,FALSE,FALSE,FALSE,0,8478439,4,8
2019020240,415,power-play,66,-1,FALSE,FALSE,TRUE,FALSE,FALSE,FALSE,0,8471702,4,8
2019020240,416,power-play,65,12,TRUE,FALSE,TRUE,TRUE,TRUE,FALSE,0.08379207531369179,8476906,4,8
2019020240,419,even-strength,84,29,FALSE,FALSE,TRUE,TRUE,TRUE,FALSE,0.02818281911345661,8475763,4,8
2019020240,426,power-play,33,10,FALSE,FALSE,TRUE,TRUE,TRUE,FALSE,0.03743765761118717,8478500,4,8
2019020240,427,power-play,59,31,FALSE,FALSE,TRUE,TRUE,TRUE,FALSE,0.06791096092371303,8478067,4,8
2019020240,428,power-play,50,-31,FALSE,FALSE,TRUE,TRUE,FALSE,FALSE,0.0489686284331827,8479358,4,8
2019020240,429,power-play,65,4,FALSE,FALSE,TRUE,FALSE,FALSE,FALSE,0,8477948,4,8
2019020240,431,even-strength,75,8,FALSE,FALSE,TRUE,FALSE,FALSE,FALSE,0,8474161,4,8
2019020240,435,power-play,33,5,FALSE,FALSE,TRUE,TRUE,TRUE,FALSE,0.03229833647114632,8478500,4,8
2019020240,436,power-play,67,20,TRUE,FALSE,TRUE,FALSE,FALSE,FALSE,0,8478067,4,8
2019020240,439,even-strength,72,0,FALSE,FALSE,TRUE,TRUE,TRUE,FALSE,0.3129722921914359,8479358,4,8
2019020240,447,even-strength,87,22,FALSE,FALSE,TRUE,TRUE,TRUE,FALSE,0.03477739539426883,8474037,4,8
2019020240,449,even-strength,71,11,TRUE,FALSE,TRUE,FALSE,FALSE,FALSE,0,8478067,4,8
2019020240,488,even-strength,31,-14,FALSE,FALSE,TRUE,TRUE,TRUE,FALSE,0.01736126656342735,8479026,4,8
2019020240,627,even-strength,-74,1,FALSE,FALSE,TRUE,TRUE,TRUE,FALSE,2.711294959792843e-4,8479026,4,8
2019020240,754,even-strength,75,3,FALSE,FALSE,TRUE,TRUE,FALSE,FALSE,0.16013941279987826,8478067,4,8
2019020240,755,even-strength,54,-5,FALSE,FALSE,TRUE,TRUE,TRUE,TRUE,0.08288019804711863,8476461,4,8
2019020254,158,even-strength,22,-31,FALSE,FALSE,TRUE,TRUE,TRUE,FALSE,0.00453918749194774,8470606,26,8
2019020254,161,even-strength,77,0,FALSE,FALSE,TRUE,TRUE,FALSE,FALSE,0.11309520603884,8481481,26,8
2019020254,162,even-strength,35,-19,FALSE,FALSE,TRUE,TRUE,TRUE,FALSE,0.01313555469725956,8477018,26,8
2019020254,169,even-strength,68,7,FALSE,FALSE,TRUE,FALSE,FALSE,FALSE,0,8471685,26,8
2019020254,170,even-strength,46,-33,FALSE,FALSE,TRUE,TRUE,FALSE,FALSE,0.01064429229906167,8470604,26,8
2019020254,173,even-strength,45,-26,FALSE,FALSE,TRUE,TRUE,TRUE,FALSE,0.01685550320723897,8478020,26,8
2019020254,175,even-strength,48,17,FALSE,FALSE,TRUE,TRUE,TRUE,FALSE,0.01991594659801149,8470604,26,8
2019020254,180,even-strength,66,13,FALSE,FALSE,TRUE,TRUE,TRUE,FALSE,0.04939038208892014,8478455,26,8
2019020254,192,even-strength,63,-8,TRUE,FALSE,TRUE,FALSE,FALSE,FALSE,0,8469454,26,8
2019020254,194,power-play,35,-36,FALSE,FALSE,TRUE,TRUE,TRUE,FALSE,0.01945148547382943,8470604,26,8
2019020254,195,power-play,34,16,FALSE,FALSE,TRUE,TRUE,TRUE,FALSE,0.03202335394927586,8474166,26,8
2019020254,197,power-play,36,0,FALSE,FALSE,TRUE,TRUE,FALSE,FALSE,0.03486859294060544,8478020,26,8
2019020254,198,power-play,54,-2,FALSE,FALSE,TRUE,FALSE,FALSE,FALSE,0,8478020,26,8
2019020254,199,power-play,70,-9,FALSE,FALSE,TRUE,TRUE,TRUE,FALSE,0.07565591841127486,8469454,26,8
2019020254,200,even-strength,83,-1,FALSE,FALSE,TRUE,FALSE,FALSE,FALSE,0,8469454,26,8
2019020254,252,even-strength,73,-4,FALSE,FALSE,TRUE,FALSE,FALSE,FALSE,0,8477046,26,8
2019020254,253,even-strength,53,20,FALSE,FALSE,TRUE,FALSE,FALSE,FALSE,0,8474166,26,8
2019020254,255,even-strength,33,27,FALSE,FALSE,TRUE,TRUE,FALSE,FALSE,0.01017636345811732,8475726,26,8
2019020254,265,power-play,49,25,FALSE,FALSE,TRUE,TRUE,TRUE,FALSE,0.04363003297506129,8474563,26,8
2019020254,267,power-play,37,28,FALSE,FALSE,TRUE,TRUE,TRUE,FALSE,0.02693779169623243,8469454,26,8
2019020254,269,power-play,31,25,FALSE,FALSE,TRUE,TRUE,FALSE,FALSE,0.02991737018146085,8475726,26,8
2019020254,271,even-strength,75,-17,FALSE,FALSE,TRUE,TRUE,TRUE,FALSE,0.04826859003044204,8481481,26,8
2019020254,274,even-strength,96,-9,FALSE,FALSE,TRUE,TRUE,TRUE,FALSE,0.02741118124683218,8471685,26,8
2019020254,276,power-play,36,-34,TRUE,FALSE,TRUE,TRUE,FALSE,FALSE,0.03108752248770083,8474166,26,8
2019020254,277,power-play,50,23,FALSE,FALSE,TRUE,TRUE,TRUE,FALSE,0.04176038860641095,8480113,26,8
2019020254,278,power-play,35,-25,FALSE,FALSE,TRUE,TRUE,TRUE,FALSE,0.02270495009308052,8474563,26,8
2019020254,279,power-play,67,-25,FALSE,FALSE,TRUE,TRUE,TRUE,FALSE,0.04631694148499106,8470606,26,8
2019020254,280,power-play,68,-1,FALSE,FALSE,TRUE,TRUE,TRUE,TRUE,0.11138241065609186,8471685,26,8
2019020254,283,even-strength,39,29,FALSE,FALSE,TRUE,TRUE,TRUE,FALSE,0.01057337365267284,8474166,26,8
2019020254,285,even-strength,78,-6,FALSE,FALSE,TRUE,FALSE,FALSE,FALSE,0,8478911,26,8
2019020254,295,even-strength,70,10,FALSE,FALSE,TRUE,FALSE,FALSE,FALSE,0,8480113,26,8
2019020254,296,even-strength,43,23,FALSE,FALSE,TRUE,TRUE,TRUE,FALSE,0.014096758785234101,8469454,26,8
2019020254,508,penalty-kill,41,-20,TRUE,FALSE,TRUE,TRUE,FALSE,FALSE,0.0920301019913297,8471685,26,8
2019020254,515,penalty-kill,47,-23,FALSE,FALSE,TRUE,TRUE,TRUE,FALSE,0.04503599121556323,8475726,26,8
2019020254,531,even-strength,40,-27,FALSE,FALSE,TRUE,TRUE,TRUE,FALSE,0.01762266847761655,8474563,26,8
2019020254,533,even-strength,34,12,FALSE,FALSE,TRUE,TRUE,TRUE,FALSE,0.02110486600270113,8474166,26,8
2019020254,547,even-strength,37,-26,FALSE,FALSE,TRUE,TRUE,FALSE,FALSE,0.01177902727311986,8474563,26,8
2019020254,549,even-strength,38,28,FALSE,FALSE,TRUE,TRUE,TRUE,FALSE,0.0104125425364411,8474166,26,8
2019020254,702,even-strength,1,-38,FALSE,FALSE,TRUE,TRUE,TRUE,FALSE,0.00181428715590402,8475726,26,8
2019020254,704,even-strength,37,-18,FALSE,FALSE,TRUE,TRUE,TRUE,FALSE,0.01804479724509736,8474563,26,8
2019020254,705,even-strength,36,-22,FALSE,FALSE,TRUE,TRUE,TRUE,FALSE,0.01498792538480962,8480336,26,8
2019020254,714,even-strength,40,27,FALSE,FALSE,TRUE,TRUE,TRUE,FALSE,0.01546839331107913,8477018,26,8
2019020254,718,even-strength,60,-35,FALSE,FALSE,TRUE,TRUE,TRUE,FALSE,0.02482047245519131,8470604,26,8
2019020254,719,even-strength,63,1,FALSE,FALSE,TRUE,TRUE,TRUE,FALSE,0.05688223867757323,8471685,26,8
2019020254,720,even-strength,74,0,FALSE,FALSE,TRUE,TRUE,TRUE,TRUE,0.1265569384379057,8481481,26,8
2019020254,723,even-strength,60,7,TRUE,FALSE,TRUE,TRUE,TRUE,FALSE,0.11221703309537422,8481481,26,8
2019020254,726,even-strength,76,-9,TRUE,FALSE,TRUE,FALSE,FALSE,FALSE,0,8474166,26,8
2019020254,727,even-strength,73,-5,FALSE,FALSE,TRUE,FALSE,FALSE,FALSE,0,8474563,26,8
2019020254,733,even-strength,69,1,FALSE,FALSE,TRUE,FALSE,FALSE,FALSE,0,8478911,26,8
2019020254,734,even-strength,-68,0,FALSE,FALSE,TRUE,TRUE,TRUE,FALSE,3.087854395902721e-4,8478911,26,8
2019020254,736,even-strength,48,29,FALSE,FALSE,TRUE,TRUE,TRUE,FALSE,0.03284606674993565,8481481,26,8
2019020254,739,even-strength,58,15,FALSE,FALSE,TRUE,TRUE,TRUE,FALSE,0.05865203957256623,8478455,26,8
2019020254,740,even-strength,34,26,FALSE,FALSE,TRUE,TRUE,FALSE,FALSE,0.02121948764467018,8481481,26,8
2019020254,741,even-strength,67,6,FALSE,FALSE,TRUE,FALSE,FALSE,FALSE,0,8470604,26,8
2019020273,61,even-strength,81,17,TRUE,FALSE,TRUE,TRUE,TRUE,FALSE,0.076853412367077,8480762,29,8
2019020273,67,power-play,88,27,FALSE,FALSE,TRUE,TRUE,TRUE,FALSE,0.04974528033357434,8479400,29,8
2019020273,68,power-play,66,10,FALSE,FALSE,TRUE,TRUE,TRUE,FALSE,0.06638477372591316,8478460,29,8
2019020273,72,even-strength,59,10,FALSE,FALSE,TRUE,TRUE,TRUE,FALSE,0.04494916931771971,8476432,29,8
2019020273,74,even-strength,29,34,FALSE,FALSE,TRUE,TRUE,TRUE,FALSE,0.00874600972117988,8477495,29,8
2019020273,79,power-play,69,25,FALSE,FALSE,TRUE,TRUE,TRUE,FALSE,0.08690874106173023,8479400,29,8
2019020273,81,power-play,71,-14,FALSE,FALSE,TRUE,TRUE,TRUE,FALSE,0.07505437993445853,8474715,29,8
2019020273,82,power-play,36,32,FALSE,FALSE,TRUE,TRUE,TRUE,FALSE,0.03340994321084778,8480205,29,8
2019020273,83,power-play,70,-6,FALSE,FALSE,TRUE,TRUE,TRUE,FALSE,0.09971325240377985,8476981,29,8
2019020273,84,power-play,59,-34,FALSE,FALSE,TRUE,TRUE,TRUE,FALSE,0.02963033076365055,8474715,29,8
2019020273,85,even-strength,70,-6,FALSE,FALSE,TRUE,FALSE,FALSE,FALSE,0,8480205,29,8
2019020273,97,even-strength,65,-27,FALSE,FALSE,TRUE,TRUE,FALSE,FALSE,0.02972292930021977,8479400,29,8
2019020273,98,even-strength,79,22,FALSE,FALSE,TRUE,TRUE,TRUE,FALSE,0.03719644936546793,8480762,29,8
2019020273,99,even-strength,59,17,FALSE,FALSE,TRUE,TRUE,TRUE,FALSE,0.03175591180407402,8478460,29,8
2019020273,251,even-strength,80,1,FALSE,FALSE,TRUE,TRUE,TRUE,FALSE,0.11142334192873418,8476432,29,8
2019020273,259,even-strength,47,-31,FALSE,FALSE,TRUE,TRUE,TRUE,FALSE,0.01321077549182102,8478460,29,8
2019020273,260,even-strength,69,0,FALSE,TRUE,TRUE,TRUE,TRUE,TRUE,0.21812409661121665,8480762,29,8
2019020273,265,even-strength,61,-11,FALSE,FALSE,TRUE,TRUE,TRUE,FALSE,0.03803832369711171,8474679,29,8
2019020273,266,even-strength,64,-7,FALSE,FALSE,TRUE,TRUE,TRUE,FALSE,0.07156448559453446,8477416,29,8
2019020273,268,even-strength,64,-7,FALSE,FALSE,TRUE,TRUE,TRUE,FALSE,0.0901208662017302,8478567,29,8
2019020273,271,even-strength,76,7,FALSE,FALSE,TRUE,FALSE,FALSE,FALSE,0,8475233,29,8
2019020273,272,even-strength,21,-35,FALSE,FALSE,TRUE,TRUE,FALSE,FALSE,0.00690177020524317,8480762,29,8
2019020273,276,penalty-kill,73,4,FALSE,FALSE,TRUE,TRUE,TRUE,FALSE,0.09253073506262874,8476981,29,8
2019020273,277,penalty-kill,79,-1,FALSE,FALSE,TRUE,TRUE,FALSE,FALSE,0.17149313561589383,8476981,29,8
2019020273,280,penalty-kill,27,32,FALSE,FALSE,TRUE,TRUE,TRUE,FALSE,0.02379822712174043,8476850,29,8
2019020273,288,even-strength,76,9,FALSE,FALSE,TRUE,FALSE,FALSE,FALSE,0,8480074,29,8
2019020273,289,even-strength,28,-17,FALSE,FALSE,TRUE,TRUE,TRUE,FALSE,0.0099426397372365,8478460,29,8
2019020273,299,even-strength,56,-31,FALSE,FALSE,TRUE,TRUE,TRUE,FALSE,0.0229637693265653,8480074,29,8
2019020273,458,even-strength,75,-3,TRUE,FALSE,TRUE,TRUE,TRUE,FALSE,0.167487106895221,8477947,29,8
2019020273,460,even-strength,39,-17,TRUE,FALSE,TRUE,TRUE,TRUE,FALSE,0.05239490244012795,8480205,29,8
2019020273,468,penalty-kill,17,28,FALSE,FALSE,TRUE,TRUE,TRUE,FALSE,0.00601663216580629,8478460,29,8
2019020273,469,even-strength,38,16,FALSE,FALSE,TRUE,TRUE,FALSE,FALSE,0.02038773600636792,8477416,29,8
2019020273,472,even-strength,81,33,FALSE,FALSE,TRUE,TRUE,TRUE,FALSE,0.02079572363875421,8476432,29,8
2019020273,485,even-strength,56,12,TRUE,FALSE,TRUE,TRUE,TRUE,FALSE,0.0796129016864227,8476981,29,8
2019020273,487,even-strength,70,1,FALSE,FALSE,TRUE,TRUE,FALSE,FALSE,0.08287127929763063,8477416,29,8
2019020273,489,even-strength,71,-1,FALSE,FALSE,TRUE,FALSE,FALSE,FALSE,0,8479400,29,8
2019020273,491,even-strength,32,-23,FALSE,FALSE,TRUE,TRUE,FALSE,FALSE,0.01344985905227072,8478460,29,8
2019020273,493,even-strength,71,4,FALSE,FALSE,TRUE,FALSE,FALSE,FALSE,0,8474715,29,8
2019020273,495,even-strength,21,11,FALSE,FALSE,TRUE,TRUE,TRUE,FALSE,0.00753162711350892,8476432,29,8
2019020273,499,even-strength,69,3,FALSE,FALSE,TRUE,FALSE,FALSE,FALSE,0,8480762,29,8
2019020273,500,even-strength,33,-11,FALSE,FALSE,TRUE,TRUE,FALSE,FALSE,0.01240663152348908,8480205,29,8
2019020273,604,even-strength,31,-13,FALSE,FALSE,TRUE,TRUE,FALSE,FALSE,0.01328841521450075,8478567,29,8
2019020273,605,even-strength,72,-9,FALSE,FALSE,TRUE,FALSE,FALSE,FALSE,0,8480205,29,8
2019020273,607,even-strength,70,2,FALSE,FALSE,TRUE,TRUE,TRUE,FALSE,0.10078087502563098,8477505,29,8
2019020273,609,even-strength,31,-24,FALSE,FALSE,TRUE,TRUE,TRUE,FALSE,0.01105627873939019,8475233,29,8
2019020273,617,even-strength,60,-6,FALSE,FALSE,TRUE,FALSE,FALSE,FALSE,0,8477416,29,8
2019020273,619,even-strength,73,9,FALSE,FALSE,TRUE,TRUE,TRUE,FALSE,0.07701388561990262,8477505,29,8
2019020273,623,even-strength,59,12,FALSE,FALSE,TRUE,TRUE,TRUE,TRUE,0.04170206784361571,8478460,29,8
2019020273,629,even-strength,45,32,FALSE,FALSE,TRUE,FALSE,FALSE,FALSE,0,8476850,29,8
2019020273,638,power-play,65,8,FALSE,FALSE,TRUE,FALSE,FALSE,FALSE,0,8478460,29,8
2019020273,639,power-play,54,-15,FALSE,FALSE,TRUE,TRUE,TRUE,FALSE,0.06657819503991903,8477495,29,8
2019020273,640,power-play,56,-3,FALSE,TRUE,TRUE,TRUE,TRUE,FALSE,0.17532988336455352,8477495,29,8
2019020273,642,power-play,54,-21,FALSE,FALSE,TRUE,TRUE,TRUE,FALSE,0.06557218174599735,8477505,29,8
2019020296,10,even-strength,83,12,TRUE,FALSE,TRUE,TRUE,TRUE,FALSE,0.06382775788265366,8471214,15,8
2019020296,11,even-strength,40,19,FALSE,FALSE,TRUE,TRUE,FALSE,FALSE,0.01289637015083619,8479482,15,8
2019020296,12,even-strength,58,21,TRUE,FALSE,TRUE,TRUE,TRUE,FALSE,0.05462335615854387,8471214,15,8
2019020296,14,even-strength,69,22,FALSE,FALSE,TRUE,TRUE,TRUE,FALSE,0.02753073741217539,8477944,15,8
2019020296,18,even-strength,76,4,FALSE,FALSE,TRUE,FALSE,FALSE,FALSE,0,8476894,15,8
2019020296,21,even-strength,34,-20,FALSE,FALSE,TRUE,TRUE,TRUE,FALSE,0.01449960142861526,8475462,15,8
2019020296,22,even-strength,79,-4,FALSE,FALSE,TRUE,TRUE,TRUE,FALSE,0.08312158485338651,8471214,15,8
2019020296,29,even-strength,83,-12,FALSE,FALSE,TRUE,FALSE,FALSE,FALSE,0,8476905,15,8
2019020296,30,even-strength,80,-10,FALSE,FALSE,TRUE,TRUE,FALSE,FALSE,0.07491533257575209,8474590,15,8
2019020296,31,even-strength,61,15,FALSE,FALSE,TRUE,FALSE,FALSE,FALSE,0,8471214,15,8
2019020296,32,even-strength,72,23,FALSE,FALSE,TRUE,TRUE,FALSE,FALSE,0.03103149291155156,8475744,15,8
2019020296,33,even-strength,71,-19,FALSE,FALSE,TRUE,TRUE,TRUE,FALSE,0.05186574837476086,8474590,15,8
2019020296,46,even-strength,74,-29,FALSE,FALSE,TRUE,TRUE,TRUE,FALSE,0.03530592634379097,8473563,15,8
2019020296,49,even-strength,0,1,FALSE,FALSE,TRUE,TRUE,TRUE,FALSE,0.00372788923650548,8476880,15,8
2019020296,202,even-strength,38,1,FALSE,FALSE,TRUE,TRUE,TRUE,FALSE,0.02501401385000201,8474189,15,8
2019020296,205,even-strength,83,7,FALSE,FALSE,TRUE,FALSE,FALSE,FALSE,0,8477343,15,8
2019020296,225,even-strength,64,36,FALSE,FALSE,TRUE,TRUE,FALSE,FALSE,0.01480083454033484,8473563,15,8
2019020296,227,even-strength,56,2,FALSE,FALSE,TRUE,FALSE,FALSE,FALSE,0,8475200,15,8
2019020296,229,even-strength,55,19,TRUE,FALSE,TRUE,FALSE,FALSE,FALSE,0,8478399,15,8
2019020296,230,even-strength,45,-16,FALSE,FALSE,TRUE,FALSE,FALSE,FALSE,0,8477343,15,8
2019020296,233,even-strength,55,-16,FALSE,FALSE,TRUE,TRUE,TRUE,FALSE,0.03353197769866036,8471214,15,8
2019020296,234,even-strength,55,-20,FALSE,FALSE,TRUE,TRUE,TRUE,FALSE,0.03578627389064227,8474590,15,8
2019020296,236,even-strength,36,-22,FALSE,FALSE,TRUE,TRUE,TRUE,FALSE,0.01172378789505177,8475462,15,8
2019020296,239,even-strength,64,16,FALSE,FALSE,TRUE,TRUE,TRUE,FALSE,0.0442742294261626,8478399,15,8
2019020296,240,even-strength,55,1,FALSE,FALSE,TRUE,FALSE,FALSE,FALSE,0,8475744,15,8
2019020296,247,even-strength,72,31,FALSE,FALSE,TRUE,TRUE,TRUE,FALSE,0.02065699429412266,8474189,15,8
2019020296,405,even-strength,64,29,FALSE,FALSE,TRUE,TRUE,TRUE,FALSE,0.02179576122458331,8475744,15,8
2019020296,409,even-strength,55,26,FALSE,FALSE,TRUE,FALSE,FALSE,FALSE,0,8473563,15,8
2019020296,410,even-strength,76,-7,FALSE,FALSE,TRUE,TRUE,TRUE,FALSE,0.07144717035674152,8477903,15,8
2019020296,418,even-strength,56,-3,FALSE,FALSE,TRUE,TRUE,FALSE,FALSE,0.04665759729823015,8471698,15,8
2019020296,421,even-strength,55,-8,FALSE,FALSE,TRUE,TRUE,FALSE,FALSE,0.03436631348347397,8471214,15,8
2019020296,424,even-strength,80,25,FALSE,FALSE,TRUE,TRUE,FALSE,FALSE,0.02681231593224334,8476880,15,8
2019020296,431,even-strength,37,30,TRUE,FALSE,TRUE,TRUE,TRUE,FALSE,0.02110152778981483,8474189,15,8
2019020296,433,even-strength,-77,-14,FALSE,FALSE,TRUE,FALSE,FALSE,FALSE,0,8475324,15,8
2019020296,437,even-strength,70,21,FALSE,FALSE,TRUE,TRUE,FALSE,FALSE,0.03446758360023681,8477903,15,8
2019020296,438,even-strength,65,-32,FALSE,TRUE,TRUE,TRUE,TRUE,FALSE,0.05451442900637103,8474590,15,8
2019020296,607,even-strength,56,3,FALSE,FALSE,TRUE,TRUE,TRUE,FALSE,0.03863135623446403,8474189,15,8
2019020296,609,even-strength,71,-7,FALSE,FALSE,TRUE,TRUE,TRUE,FALSE,0.06506819288837114,8476894,15,8
2019020296,610,even-strength,70,-6,FALSE,FALSE,TRUE,TRUE,FALSE,FALSE,0.04500696192112765,8471698,15,8
2019020296,612,power-play,81,-2,FALSE,FALSE,TRUE,TRUE,TRUE,FALSE,0.1573656293420005,8473563,15,8
2019020296,614,power-play,53,24,FALSE,FALSE,TRUE,TRUE,TRUE,TRUE,0.06584383530108635,8471214,15,8
2019020296,623,even-strength,33,9,FALSE,FALSE,TRUE,TRUE,TRUE,FALSE,0.0143182837766232,8475462,15,8
2019020296,631,even-strength,63,1,FALSE,FALSE,TRUE,FALSE,FALSE,FALSE,0,8473563,15,8
2019020296,632,even-strength,35,-25,FALSE,FALSE,TRUE,TRUE,TRUE,FALSE,0.01356693612610692,8471214,15,8
2019020296,635,even-strength,52,16,FALSE,FALSE,TRUE,TRUE,FALSE,FALSE,0.03111838554904565,8477944,15,8
2019020296,636,even-strength,72,5,FALSE,FALSE,TRUE,FALSE,FALSE,FALSE,0,8478399,15,8
2019020296,637,even-strength,52,-24,FALSE,FALSE,TRUE,FALSE,FALSE,FALSE,0,8475209,15,8
2019020296,642,even-strength,56,-17,FALSE,FALSE,TRUE,TRUE,FALSE,FALSE,0.0473564062876306,8471214,15,8
2019020296,644,even-strength,82,7,FALSE,FALSE,TRUE,TRUE,TRUE,TRUE,0.07421620214559994,8475744,15,8
2019020296,645,even-strength,82,33,FALSE,FALSE,TRUE,TRUE,TRUE,FALSE,0.03106313705949501,8474189,15,8
2019020296,646,even-strength,68,-6,FALSE,FALSE,TRUE,FALSE,FALSE,FALSE,0,8475200,15,8
2019020296,647,even-strength,65,-36,FALSE,FALSE,TRUE,TRUE,TRUE,FALSE,0.03259994564807728,8474189,15,8
2019020296,758,power-play,81,1,FALSE,TRUE,TRUE,TRUE,TRUE,FALSE,0.2657647171913422,8471698,15,8
2019020322,55,even-strength,73,-2,FALSE,FALSE,TRUE,TRUE,TRUE,FALSE,0.12397722656721732,8476981,29,8
2019020322,56,even-strength,79,-9,FALSE,FALSE,TRUE,TRUE,TRUE,TRUE,0.1093705384782723,8480762,29,8
2019020322,62,even-strength,23,-31,FALSE,FALSE,TRUE,TRUE,TRUE,FALSE,0.00578160332061341,8477495,29,8
2019020322,64,even-strength,81,-9,TRUE,FALSE,TRUE,TRUE,TRUE,FALSE,0.08010077437241873,8480074,29,8
2019020322,65,even-strength,64,5,FALSE,FALSE,TRUE,FALSE,FALSE,FALSE,0,8478460,29,8
2019020322,66,even-strength,68,8,FALSE,TRUE,TRUE,TRUE,TRUE,FALSE,0.1520350886014583,8474715,29,8
2019020322,70,even-strength,41,0,FALSE,FALSE,TRUE,TRUE,FALSE,FALSE,0.02504277853405007,8480762,29,8
2019020322,75,even-strength,-81,15,FALSE,FALSE,TRUE,FALSE,FALSE,FALSE,0,8478882,29,8
2019020322,76,even-strength,68,-32,FALSE,FALSE,TRUE,TRUE,TRUE,FALSE,0.02161361298575768,8476981,29,8
2019020322,77,even-strength,52,-14,FALSE,FALSE,TRUE,TRUE,FALSE,FALSE,0.04432382781550356,8474715,29,8
2019020322,79,even-strength,69,-27,FALSE,FALSE,TRUE,TRUE,TRUE,FALSE,0.032952801262466,8479400,29,8
2019020322,85,even-strength,52,28,FALSE,FALSE,TRUE,TRUE,TRUE,FALSE,0.02749870342377036,8474715,29,8
2019020322,98,even-strength,35,-31,FALSE,FALSE,TRUE,TRUE,FALSE,FALSE,0.00852529885328153,8477495,29,8
2019020322,99,even-strength,35,-19,FALSE,FALSE,TRUE,TRUE,TRUE,FALSE,0.01586641926550445,8477495,29,8
2019020322,100,even-strength,59,-8,FALSE,FALSE,TRUE,TRUE,TRUE,FALSE,0.03047581942079151,8477495,29,8
2019020322,302,even-strength,60,-29,FALSE,FALSE,TRUE,TRUE,TRUE,FALSE,0.03161763178188885,8479400,29,8
2019020322,305,even-strength,79,-11,FALSE,FALSE,TRUE,FALSE,FALSE,FALSE,0,8475233,29,8
2019020322,310,even-strength,49,-34,FALSE,FALSE,TRUE,TRUE,TRUE,FALSE,0.01319088659837478,8474715,29,8
2019020322,311,even-strength,52,35,FALSE,FALSE,TRUE,TRUE,TRUE,FALSE,0.01475876453635166,8478460,29,8
2019020322,315,even-strength,49,-3,TRUE,FALSE,TRUE,TRUE,FALSE,FALSE,0.07002758715890603,8480205,29,8
2019020322,340,even-strength,55,33,TRUE,FALSE,TRUE,TRUE,TRUE,FALSE,0.02376052401380284,8478460,29,8
2019020322,347,even-strength,53,35,FALSE,FALSE,TRUE,TRUE,TRUE,FALSE,0.01288340974414532,8477505,29,8
2019020322,350,even-strength,47,-28,FALSE,FALSE,TRUE,FALSE,FALSE,FALSE,0,8477495,29,8
2019020322,401,even-strength,53,-7,FALSE,FALSE,TRUE,TRUE,TRUE,FALSE,0.04213261935158,8480205,29,8
2019020322,403,even-strength,85,-12,FALSE,FALSE,TRUE,TRUE,FALSE,FALSE,0.05871561234445686,8479400,29,8
2019020322,404,even-strength,70,-1,FALSE,TRUE,TRUE,TRUE,TRUE,TRUE,0.23863981588673672,8479400,29,8
2019020322,409,power-play,54,-33,FALSE,FALSE,TRUE,TRUE,TRUE,FALSE,0.04419320515559998,8477505,29,8
2019020322,410,power-play,65,-26,FALSE,FALSE,TRUE,TRUE,TRUE,FALSE,0.04937984247533723,8477416,29,8
2019020322,412,power-play,75,-14,FALSE,FALSE,TRUE,FALSE,FALSE,FALSE,0,8479400,29,8
2019020322,413,power-play,64,-25,FALSE,FALSE,TRUE,TRUE,FALSE,FALSE,0.047518556812111,8474679,29,8
2019020322,414,even-strength,65,-3,FALSE,FALSE,TRUE,FALSE,FALSE,FALSE,0,8478460,29,8
2019020322,416,even-strength,62,20,FALSE,FALSE,TRUE,TRUE,TRUE,FALSE,0.04325222556749425,8480074,29,8
2019020322,422,penalty-kill,79,-7,TRUE,FALSE,TRUE,FALSE,FALSE,FALSE,0,8477505,29,8
2019020322,444,even-strength,72,2,FALSE,FALSE,TRUE,TRUE,TRUE,TRUE,0.08796739639635806,8480205,29,8
2019020322,449,even-strength,75,14,FALSE,FALSE,TRUE,TRUE,TRUE,FALSE,0.06313353759326562,8480762,29,8
2019020322,606,power-play,74,5,FALSE,FALSE,TRUE,TRUE,TRUE,TRUE,0.13345666494613856,8476432,29,8
2019020322,619,even-strength,73,-17,FALSE,FALSE,TRUE,TRUE,TRUE,TRUE,0.09063671213133122,8479400,29,8
2019020322,623,even-strength,72,-16,FALSE,FALSE,TRUE,TRUE,TRUE,FALSE,0.05748817977171991,8474062,29,8
2019020322,625,even-strength,37,32,FALSE,FALSE,TRUE,TRUE,TRUE,FALSE,0.02461677369356991,8477495,29,8
2019020331,54,even-strength,44,-28,FALSE,FALSE,TRUE,TRUE,FALSE,FALSE,0.01741390311793797,8476419,9,8
2019020331,56,power-play,75,5,FALSE,FALSE,TRUE,FALSE,FALSE,FALSE,0,8476480,9,8
2019020331,57,power-play,43,20,FALSE,FALSE,TRUE,TRUE,TRUE,FALSE,0.04534181038649992,8476480,9,8
2019020331,60,power-play,66,29,FALSE,FALSE,TRUE,TRUE,FALSE,FALSE,0.0525583972317487,8480801,9,8
2019020331,61,power-play,63,-2,FALSE,FALSE,TRUE,FALSE,FALSE,FALSE,0,8476331,9,8
2019020331,67,even-strength,65,18,FALSE,FALSE,TRUE,TRUE,TRUE,FALSE,0.05534187975554968,8477015,9,8
2019020331,95,even-strength,82,-9,FALSE,FALSE,TRUE,TRUE,TRUE,FALSE,0.06602215937053742,8476919,9,8
2019020331,96,even-strength,35,-37,FALSE,FALSE,TRUE,TRUE,FALSE,FALSE,0.00887335545437462,8474597,9,8
2019020331,264,even-strength,78,-7,FALSE,FALSE,TRUE,TRUE,TRUE,FALSE,0.08709886999504024,8477407,9,8
2019020331,270,even-strength,63,-39,FALSE,FALSE,TRUE,TRUE,TRUE,FALSE,0.01313567891974306,8476419,9,8
2019020331,277,even-strength,42,-19,FALSE,FALSE,TRUE,FALSE,FALSE,FALSE,0,8479458,9,8
2019020331,278,even-strength,50,-10,FALSE,FALSE,TRUE,FALSE,FALSE,FALSE,0,8479458,9,8
2019020331,282,even-strength,67,-3,FALSE,FALSE,TRUE,TRUE,TRUE,FALSE,0.08945928960955413,8477407,9,8
2019020331,284,even-strength,70,-26,FALSE,FALSE,TRUE,TRUE,TRUE,FALSE,0.03756043430080673,8474589,9,8
2019020331,287,even-strength,66,-15,FALSE,FALSE,TRUE,TRUE,TRUE,FALSE,0.06658794664464705,8480314,9,8
2019020331,291,even-strength,66,-7,TRUE,FALSE,TRUE,FALSE,FALSE,FALSE,0,8474697,9,8
2019020331,292,even-strength,70,-3,FALSE,FALSE,TRUE,FALSE,FALSE,FALSE,0,8477407,9,8
2019020331,297,even-strength,52,37,TRUE,FALSE,TRUE,TRUE,FALSE,FALSE,0.02681770243253692,8476919,9,8
2019020331,298,even-strength,83,-2,TRUE,FALSE,TRUE,TRUE,TRUE,TRUE,0.13022989660506537,8476419,9,8
2019020331,453,even-strength,65,-38,FALSE,FALSE,TRUE,TRUE,TRUE,FALSE,0.02326206092342912,8478400,9,8
2019020331,456,even-strength,80,23,FALSE,FALSE,TRUE,TRUE,FALSE,FALSE,0.02913994352623238,8479366,9,8
2019020331,458,even-strength,46,25,TRUE,FALSE,TRUE,FALSE,FALSE,FALSE,0,8474697,9,8
2019020331,464,even-strength,38,31,FALSE,FALSE,TRUE,TRUE,TRUE,FALSE,0.01080304363784746,8480801,9,8
2019020331,468,even-strength,67,0,FALSE,FALSE,TRUE,FALSE,FALSE,FALSE,0,8479366,9,8
2019020331,469,even-strength,34,-15,FALSE,FALSE,TRUE,TRUE,TRUE,FALSE,0.0128725690933057,8476331,9,8
2019020331,470,even-strength,82,11,FALSE,FALSE,TRUE,TRUE,FALSE,FALSE,0.06169184248443121,8480801,9,8
2019020331,472,even-strength,-71,-38,FALSE,FALSE,TRUE,TRUE,TRUE,FALSE,2.191156474232468e-4,8476419,9,8
2019020331,475,even-strength,75,1,FALSE,FALSE,TRUE,TRUE,TRUE,FALSE,0.15830925773884513,8474589,9,8
2019020331,481,even-strength,-93,-19,FALSE,FALSE,TRUE,TRUE,TRUE,FALSE,9.512781976011316e-5,8477407,9,8
2019020331,483,even-strength,68,-27,FALSE,FALSE,TRUE,TRUE,FALSE,FALSE,0.032188750801415963,8477426,9,8
2019020331,484,even-strength,62,-19,FALSE,FALSE,TRUE,TRUE,TRUE,FALSE,0.02965509068571801,8476331,9,8
2019020331,485,even-strength,70,7,FALSE,FALSE,TRUE,TRUE,FALSE,FALSE,0.06213307793074212,8474589,9,8
2019020331,486,even-strength,56,20,TRUE,FALSE,TRUE,FALSE,FALSE,FALSE,0,8468493,9,8
2019020331,488,even-strength,23,2,FALSE,FALSE,TRUE,TRUE,TRUE,FALSE,0.0121294160476007,8480314,9,8
2019020331,491,even-strength,52,-21,FALSE,FALSE,TRUE,TRUE,TRUE,FALSE,0.03086579888781608,8474589,9,8
2019020331,493,even-strength,32,-26,FALSE,FALSE,TRUE,TRUE,FALSE,FALSE,0.01280544198692442,8474597,9,8
2019020331,495,even-strength,38,-22,TRUE,FALSE,TRUE,FALSE,FALSE,FALSE,0,8479458,9,8
2019020331,652,even-strength,74,0,FALSE,FALSE,TRUE,TRUE,TRUE,FALSE,0.1223839387558646,8477426,9,8
2019020331,653,even-strength,41,37,FALSE,FALSE,TRUE,TRUE,TRUE,FALSE,0.00818520025637832,8478469,9,8
2019020331,659,even-strength,65,28,FALSE,FALSE,TRUE,FALSE,FALSE,FALSE,0,8477015,9,8
2019020331,662,power-play,68,3,FALSE,FALSE,TRUE,TRUE,FALSE,FALSE,0.09218578906156603,8476419,9,8
2019020331,663,power-play,77,-7,FALSE,FALSE,TRUE,FALSE,FALSE,FALSE,0,8477407,9,8
2019020331,664,power-play,74,-8,FALSE,TRUE,TRUE,TRUE,FALSE,FALSE,0.24001777097227972,8477407,9,8
2019020331,665,power-play,61,16,FALSE,FALSE,TRUE,TRUE,TRUE,FALSE,0.06412077594471276,8478469,9,8
2019020331,666,power-play,69,-10,FALSE,FALSE,TRUE,FALSE,FALSE,FALSE,0,8474589,9,8
2019020331,669,even-strength,75,9,FALSE,FALSE,TRUE,TRUE,FALSE,FALSE,0.07694969066618815,8477426,9,8
2019020331,671,even-strength,50,-1,FALSE,FALSE,TRUE,FALSE,FALSE,FALSE,0,8476331,9,8
2019020331,673,even-strength,52,-28,FALSE,FALSE,TRUE,TRUE,TRUE,FALSE,0.02064020754271309,8477015,9,8
2019020331,675,even-strength,83,-4,FALSE,FALSE,TRUE,FALSE,FALSE,FALSE,0,8477407,9,8
2019020331,676,even-strength,70,-2,TRUE,FALSE,TRUE,TRUE,TRUE,FALSE,0.15469180551471387,8477407,9,8
2019020331,688,even-strength,78,-3,FALSE,FALSE,TRUE,TRUE,TRUE,TRUE,0.13989301712732205,8480801,9,8
2019020352,53,even-strength,71,11,FALSE,FALSE,TRUE,FALSE,FALSE,FALSE,0,8476458,3,8
2019020352,55,even-strength,53,3,FALSE,FALSE,TRUE,TRUE,FALSE,FALSE,0.03943135232342321,8476885,3,8
2019020352,56,even-strength,69,2,FALSE,FALSE,TRUE,TRUE,FALSE,FALSE,0.07554947077512701,8476869,3,8
2019020352,57,even-strength,84,-17,FALSE,FALSE,TRUE,TRUE,TRUE,FALSE,0.0408061914286457,8475184,3,8
2019020352,78,even-strength,67,1,FALSE,FALSE,TRUE,FALSE,FALSE,FALSE,0,8481554,3,8
2019020352,79,even-strength,58,6,FALSE,FALSE,TRUE,FALSE,FALSE,FALSE,0,8479333,3,8
2019020352,81,even-strength,76,-38,FALSE,FALSE,TRUE,TRUE,TRUE,FALSE,0.01566736088403796,8480078,3,8
2019020352,82,even-strength,69,7,FALSE,TRUE,TRUE,TRUE,TRUE,FALSE,0.14681747585195903,8477402,3,8
2019020352,86,even-strength,82,-6,FALSE,FALSE,TRUE,TRUE,TRUE,FALSE,0.10045771568780176,8480078,3,8
2019020352,87,even-strength,73,6,FALSE,FALSE,TRUE,TRUE,TRUE,FALSE,0.06165744170142128,8474230,3,8
2019020352,88,even-strength,44,-34,FALSE,FALSE,TRUE,TRUE,TRUE,FALSE,0.01026948164394829,8474090,3,8
2019020352,90,even-strength,42,17,FALSE,FALSE,TRUE,TRUE,TRUE,FALSE,0.02053382939588058,8477962,3,8
2019020352,93,even-strength,58,12,FALSE,FALSE,TRUE,FALSE,FALSE,FALSE,0,8475184,3,8
2019020352,94,even-strength,80,-6,FALSE,FALSE,TRUE,FALSE,FALSE,FALSE,0,8477402,3,8
2019020352,95,even-strength,58,38,TRUE,FALSE,TRUE,TRUE,TRUE,FALSE,0.02916951470896197,8479333,3,8
2019020352,96,even-strength,30,2,TRUE,FALSE,TRUE,TRUE,FALSE,FALSE,0.02438580171123788,8477962,3,8
2019020352,97,even-strength,79,-3,FALSE,FALSE,TRUE,TRUE,TRUE,FALSE,0.14299997716229337,8474090,3,8
2019020352,252,even-strength,32,-35,FALSE,FALSE,TRUE,TRUE,TRUE,FALSE,0.01140615138569025,8479323,3,8
2019020352,253,even-strength,83,-5,FALSE,TRUE,TRUE,TRUE,TRUE,FALSE,0.18871718252564176,8480078,3,8
2019020352,259,even-strength,52,-28,TRUE,FALSE,TRUE,FALSE,FALSE,FALSE,0,8476885,3,8
2019020352,263,even-strength,86,-27,FALSE,FALSE,TRUE,TRUE,TRUE,FALSE,0.02066305911096809,8477950,3,8
2019020352,276,even-strength,76,-12,FALSE,FALSE,TRUE,TRUE,TRUE,FALSE,0.0563246094457123,8475855,3,8
2019020352,279,even-strength,98,-11,FALSE,TRUE,TRUE,TRUE,TRUE,FALSE,0.09170812535903256,8475855,3,8
2019020352,280,even-strength,64,7,FALSE,FALSE,TRUE,FALSE,FALSE,FALSE,0,8476869,3,8
2019020352,293,penalty-kill,31,22,FALSE,FALSE,TRUE,TRUE,TRUE,FALSE,0.01855548900212007,8477962,3,8
2019020352,296,even-strength,71,-23,FALSE,FALSE,TRUE,TRUE,TRUE,TRUE,0.03548844856656535,8480078,3,8
2019020352,401,even-strength,81,4,FALSE,FALSE,TRUE,TRUE,TRUE,TRUE,0.09859072247186386,8477402,3,8
2019020352,406,power-play,76,0,FALSE,FALSE,TRUE,TRUE,TRUE,FALSE,0.12209572582105294,8477962,3,8
2019020352,407,power-play,49,30,FALSE,FALSE,TRUE,TRUE,TRUE,FALSE,0.04990089561519655,8476885,3,8
2019020352,408,even-strength,71,1,FALSE,FALSE,TRUE,TRUE,TRUE,TRUE,0.0821005214295484,8477962,3,8
2019020352,416,even-strength,40,24,FALSE,FALSE,TRUE,FALSE,FALSE,FALSE,0,8477962,3,8
2019020352,417,even-strength,50,-22,FALSE,FALSE,TRUE,TRUE,TRUE,FALSE,0.01609013529626782,8477402,3,8
2019020352,420,power-play,84,-10,FALSE,FALSE,TRUE,TRUE,TRUE,FALSE,0.09493226953329932,8475184,3,8
2019020352,421,power-play,84,-9,FALSE,TRUE,TRUE,TRUE,TRUE,FALSE,0.212994483112942,8475184,3,8
2019020352,422,power-play,33,-7,FALSE,FALSE,TRUE,TRUE,FALSE,FALSE,0.02533382498162879,8477950,3,8
2019020352,423,power-play,59,14,FALSE,FALSE,TRUE,TRUE,FALSE,FALSE,0.08514193493473204,8478550,3,8
2019020352,424,power-play,83,-11,FALSE,TRUE,TRUE,TRUE,TRUE,FALSE,0.254465356747095,8481554,3,8
2019020352,425,power-play,85,-8,FALSE,TRUE,TRUE,TRUE,FALSE,FALSE,0.2479246133278632,8475184,3,8
2019020352,427,power-play,64,-10,FALSE,FALSE,TRUE,FALSE,FALSE,FALSE,0,8477950,3,8
2019020352,428,power-play,68,-5,FALSE,FALSE,TRUE,FALSE,FALSE,FALSE,0,8479323,3,8
2019020352,441,even-strength,-92,-31,FALSE,FALSE,TRUE,TRUE,TRUE,FALSE,6.77334197397258e-5,8479323,3,8
2019020352,447,even-strength,49,37,FALSE,FALSE,TRUE,TRUE,TRUE,FALSE,0.01234045258795071,8477962,3,8
2019020352,448,even-strength,33,0,FALSE,FALSE,TRUE,TRUE,TRUE,FALSE,0.02881317253178324,8476869,3,8
2019020352,601,even-strength,15,-15,FALSE,FALSE,TRUE,TRUE,TRUE,FALSE,0.00625695299861849,8479323,3,8
2019020352,609,even-strength,57,-3,FALSE,FALSE,TRUE,TRUE,TRUE,FALSE,0.05363198325775112,8479324,3,8
2019020352,613,even-strength,84,8,FALSE,FALSE,TRUE,TRUE,TRUE,TRUE,0.05415445992159242,8478550,3,8
2019020352,614,even-strength,49,-17,FALSE,FALSE,TRUE,TRUE,FALSE,FALSE,0.02949398372233934,8480078,3,8
2019020352,616,even-strength,79,-10,FALSE,FALSE,TRUE,FALSE,FALSE,FALSE,0,8476869,3,8
2019020352,619,even-strength,40,-23,FALSE,FALSE,TRUE,TRUE,FALSE,FALSE,0.02420220726884109,8476885,3,8
2019020352,622,penalty-kill,77,7,FALSE,FALSE,TRUE,TRUE,TRUE,TRUE,0.0712112466487033,8477962,3,8
2019020352,631,even-strength,35,-28,FALSE,FALSE,TRUE,TRUE,TRUE,TRUE,0.01155814538909337,8476885,3,8
2019020352,638,even-strength,-69,0,FALSE,FALSE,TRUE,FALSE,FALSE,FALSE,0,8479324,3,8
2019020352,639,even-strength,15,6,FALSE,FALSE,TRUE,TRUE,TRUE,FALSE,0.00656163563104217,8480078,3,8
2019020352,640,even-strength,76,0,TRUE,TRUE,TRUE,TRUE,TRUE,FALSE,0.39099305624066816,8480078,3,8
2019020374,58,even-strength,72,15,FALSE,FALSE,TRUE,FALSE,FALSE,FALSE,0,8476891,6,8
2019020374,59,even-strength,54,40,FALSE,FALSE,TRUE,TRUE,TRUE,FALSE,0.01226150606274087,8473419,6,8
2019020374,69,even-strength,65,-30,FALSE,FALSE,TRUE,FALSE,FALSE,FALSE,0,8477365,6,8
2019020374,74,power-play,65,20,FALSE,FALSE,TRUE,TRUE,TRUE,FALSE,0.05017169431776892,8476891,6,8
2019020374,75,power-play,83,-8,FALSE,FALSE,TRUE,TRUE,TRUE,FALSE,0.0787446783286528,8478498,6,8
2019020374,76,power-play,74,2,TRUE,FALSE,TRUE,TRUE,TRUE,TRUE,0.18386599308379575,8478498,6,8
2019020374,79,even-strength,75,-11,FALSE,FALSE,TRUE,FALSE,FALSE,FALSE,0,8477956,6,8
2019020374,83,even-strength,-82,10,TRUE,FALSE,TRUE,FALSE,FALSE,FALSE,0,8476891,6,8
2019020374,84,even-strength,83,-8,FALSE,FALSE,TRUE,TRUE,FALSE,FALSE,0.05523426340247408,8477365,6,8
2019020374,86,even-strength,49,-26,FALSE,FALSE,TRUE,FALSE,FALSE,FALSE,0,8477365,6,8
2019020374,90,even-strength,75,-9,FALSE,FALSE,TRUE,TRUE,FALSE,FALSE,0.06276705089520801,8480944,6,8
2019020374,96,power-play,81,21,FALSE,FALSE,TRUE,TRUE,TRUE,TRUE,0.1078883752105267,8477956,6,8
2019020374,253,even-strength,49,-33,FALSE,FALSE,TRUE,TRUE,FALSE,FALSE,0.01472278016763404,8477956,6,8
2019020374,254,even-strength,34,27,TRUE,FALSE,TRUE,TRUE,TRUE,FALSE,0.01704960859045596,8476792,6,8
2019020374,255,even-strength,46,25,FALSE,FALSE,TRUE,TRUE,FALSE,FALSE,0.02285235885203617,8465009,6,8
2019020374,256,even-strength,85,8,FALSE,FALSE,TRUE,TRUE,TRUE,FALSE,0.03828055701466862,8475745,6,8
2019020374,257,even-strength,80,1,TRUE,FALSE,TRUE,TRUE,TRUE,TRUE,0.2383471800669783,8473419,6,8
2019020374,260,even-strength,60,13,FALSE,FALSE,TRUE,TRUE,TRUE,TRUE,0.04060912216519453,8477956,6,8
2019020374,261,even-strength,68,-23,FALSE,FALSE,TRUE,TRUE,TRUE,FALSE,0.03301243666272996,8473419,6,8
2019020374,263,even-strength,65,-9,FALSE,FALSE,TRUE,FALSE,FALSE,FALSE,0,8477956,6,8
2019020374,264,even-strength,76,-1,TRUE,FALSE,TRUE,TRUE,TRUE,TRUE,0.28882080962712636,8478075,6,8
2019020390,61,even-strength,33,36,FALSE,FALSE,TRUE,TRUE,TRUE,FALSE,0.00684098231000079,8477425,1,8
2019020390,62,even-strength,34,35,FALSE,FALSE,TRUE,TRUE,TRUE,FALSE,0.00702991881524464,8480002,1,8
2019020390,63,even-strength,33,8,FALSE,TRUE,TRUE,TRUE,FALSE,FALSE,0.04435899900398728,8480002,1,8
2019020390,67,even-strength,43,20,FALSE,FALSE,TRUE,TRUE,TRUE,FALSE,0.02364708281667616,8480003,1,8
2019020390,71,power-play,-13,0,FALSE,FALSE,TRUE,TRUE,TRUE,FALSE,0.01409590308116,8475791,1,8
2019020390,74,power-play,72,-9,FALSE,FALSE,TRUE,FALSE,FALSE,FALSE,0,8481559,1,8
2019020390,76,even-strength,27,37,TRUE,FALSE,TRUE,TRUE,FALSE,FALSE,0.01253020813252806,8472382,1,8
2019020390,79,even-strength,80,10,FALSE,FALSE,TRUE,TRUE,TRUE,TRUE,0.06325159478810898,8476399,1,8
2019020390,84,even-strength,82,1,FALSE,FALSE,TRUE,TRUE,TRUE,TRUE,0.14026001726304566,8471233,1,8
2019020390,94,even-strength,34,-27,FALSE,FALSE,TRUE,TRUE,TRUE,FALSE,0.0093878686757208,8477355,1,8
2019020390,96,even-strength,34,-35,FALSE,FALSE,TRUE,TRUE,TRUE,FALSE,0.00838682348056599,8475222,1,8
2019020390,98,even-strength,53,-25,FALSE,FALSE,TRUE,TRUE,TRUE,FALSE,0.02441885171603786,8477038,1,8
2019020390,257,even-strength,61,2,FALSE,FALSE,TRUE,FALSE,FALSE,FALSE,0,8477425,1,8
2019020390,258,even-strength,49,21,FALSE,FALSE,TRUE,TRUE,TRUE,FALSE,0.02253747408275721,8478401,1,8
2019020390,259,even-strength,45,12,FALSE,FALSE,TRUE,TRUE,FALSE,FALSE,0.03040629068880522,8478401,1,8
2019020390,263,even-strength,54,-26,FALSE,FALSE,TRUE,TRUE,TRUE,FALSE,0.02553860612022109,8477038,1,8
2019020390,272,even-strength,79,3,FALSE,FALSE,TRUE,TRUE,FALSE,FALSE,0.1158002063081868,8480002,1,8
2019020390,282,even-strength,80,-2,FALSE,FALSE,TRUE,FALSE,FALSE,FALSE,0,8479407,1,8
2019020390,283,even-strength,73,-3,FALSE,FALSE,TRUE,FALSE,FALSE,FALSE,0,8478401,1,8
2019020390,286,even-strength,77,-1,FALSE,FALSE,TRUE,TRUE,TRUE,TRUE,0.1263186194692099,8477425,1,8
2019020390,287,even-strength,55,-30,FALSE,FALSE,TRUE,TRUE,TRUE,FALSE,0.01908930231068088,8477425,1,8
2019020390,289,even-strength,29,-29,FALSE,FALSE,TRUE,TRUE,TRUE,FALSE,0.00800950562618005,8476923,1,8
2019020390,291,even-strength,76,14,FALSE,FALSE,TRUE,FALSE,FALSE,FALSE,0,8472382,1,8
2019020390,295,even-strength,67,1,TRUE,TRUE,TRUE,TRUE,TRUE,FALSE,0.3370944054709282,8477038,1,8
2019020390,296,even-strength,67,-2,FALSE,FALSE,TRUE,FALSE,FALSE,FALSE,0,8471233,1,8
2019020390,299,even-strength,57,-33,FALSE,FALSE,TRUE,TRUE,TRUE,FALSE,0.03075982724888914,8478401,1,8
2019020390,300,even-strength,67,0,TRUE,FALSE,TRUE,TRUE,TRUE,FALSE,0.1360203311490822,8476399,1,8
2019020390,405,even-strength,74,0,FALSE,FALSE,TRUE,FALSE,FALSE,FALSE,0,8475791,1,8
2019020390,407,even-strength,81,0,FALSE,FALSE,TRUE,TRUE,TRUE,FALSE,0.22172756423394777,8475791,1,8
2019020390,415,even-strength,-35,17,FALSE,FALSE,TRUE,TRUE,TRUE,FALSE,0.00157056431007543,8476923,1,8
2019020390,417,even-strength,69,6,FALSE,FALSE,TRUE,TRUE,TRUE,FALSE,0.07748414071114713,8480002,1,8
2019020390,418,even-strength,77,0,FALSE,TRUE,TRUE,TRUE,TRUE,TRUE,0.2813576772059652,8480003,1,8
2019020390,425,even-strength,52,-28,FALSE,FALSE,TRUE,TRUE,FALSE,FALSE,0.0300802130267764,8474190,1,8
2019020390,426,even-strength,79,-12,FALSE,FALSE,TRUE,FALSE,FALSE,FALSE,0,8475791,1,8
2019020390,448,even-strength,79,-12,FALSE,FALSE,TRUE,TRUE,TRUE,FALSE,0.06279367289503104,8475151,1,8
2019020390,658,even-strength,71,-2,FALSE,FALSE,TRUE,TRUE,TRUE,FALSE,0.10086523671275342,8475791,1,8
2019020390,659,even-strength,63,-1,FALSE,TRUE,TRUE,TRUE,TRUE,FALSE,0.16344817136055617,8475791,1,8
2019020390,660,even-strength,80,-6,FALSE,TRUE,TRUE,TRUE,TRUE,FALSE,0.18331441562051565,8480002,1,8
2019020390,663,even-strength,67,-32,FALSE,FALSE,TRUE,TRUE,TRUE,FALSE,0.02502577220555029,8471233,1,8
2019020390,668,even-strength,68,12,FALSE,FALSE,TRUE,FALSE,FALSE,FALSE,0,8474190,1,8
2019020390,670,even-strength,79,27,FALSE,FALSE,TRUE,TRUE,TRUE,FALSE,0.02373146914475449,8474190,1,8
2019020390,671,even-strength,61,11,FALSE,FALSE,TRUE,FALSE,FALSE,FALSE,0,8476923,1,8
2019020390,679,even-strength,56,30,FALSE,FALSE,TRUE,TRUE,TRUE,FALSE,0.02175946332953108,8480002,1,8
2019020390,685,even-strength,55,-26,FALSE,FALSE,TRUE,TRUE,TRUE,TRUE,0.02831857059025847,8476923,1,8
2019020390,688,even-strength,30,-34,FALSE,FALSE,TRUE,TRUE,FALSE,FALSE,0.00680565253929248,8476807,1,8
2019020390,692,even-strength,72,-4,FALSE,FALSE,TRUE,TRUE,TRUE,FALSE,0.13629031635727806,8480003,1,8
2019020390,697,even-strength,31,27,FALSE,FALSE,TRUE,TRUE,TRUE,FALSE,0.00923936880536496,8475222,1,8
2019020390,751,even-strength,20,6,FALSE,FALSE,TRUE,TRUE,FALSE,FALSE,0.00830457961235315,8471233,1,8
2019020390,753,power-play,38,-20,FALSE,FALSE,TRUE,TRUE,TRUE,FALSE,0.02858352049306856,8475222,1,8
2019020390,755,power-play,62,12,FALSE,FALSE,TRUE,TRUE,FALSE,FALSE,0.07715097572217097,8475151,1,8
2019020390,756,power-play,67,10,FALSE,FALSE,TRUE,FALSE,FALSE,FALSE,0,8476923,1,8
2019020390,757,power-play,64,-28,FALSE,FALSE,TRUE,TRUE,TRUE,FALSE,0.07053978240682954,8475791,1,8
2019020390,761,even-strength,67,0,FALSE,FALSE,TRUE,FALSE,FALSE,FALSE,0,8475791,1,8
2019020390,762,even-strength,86,-15,FALSE,FALSE,TRUE,TRUE,FALSE,FALSE,0.0341563449924433,8475151,1,8
2019020390,763,even-strength,20,-27,FALSE,FALSE,TRUE,TRUE,TRUE,FALSE,0.00938172473934665,8477425,1,8
2019020417,31,even-strength,76,4,FALSE,FALSE,TRUE,FALSE,FALSE,FALSE,0,8477956,6,8
2019020417,62,even-strength,37,-27,FALSE,FALSE,TRUE,TRUE,TRUE,FALSE,0.00878416880550447,8478443,6,8
2019020417,64,even-strength,79,-4,FALSE,FALSE,TRUE,TRUE,TRUE,FALSE,0.1152554425091927,8475745,6,8
2019020417,68,even-strength,48,35,FALSE,FALSE,TRUE,TRUE,TRUE,FALSE,0.01383977283944768,8476374,6,8
2019020417,69,even-strength,77,-20,FALSE,FALSE,TRUE,TRUE,TRUE,FALSE,0.04296500947170006,8478498,6,8
2019020417,73,even-strength,40,-2,FALSE,FALSE,TRUE,TRUE,TRUE,FALSE,0.02787660223899318,8477956,6,8
2019020417,77,even-strength,-23,14,FALSE,FALSE,TRUE,TRUE,TRUE,FALSE,0.00118882146556148,8478075,6,8
2019020417,79,even-strength,36,-30,FALSE,FALSE,TRUE,TRUE,TRUE,FALSE,0.01097974032350456,8478443,6,8
2019020417,82,even-strength,81,-9,FALSE,FALSE,TRUE,TRUE,FALSE,FALSE,0.08328663759963152,8470655,6,8
2019020417,83,even-strength,52,37,FALSE,FALSE,TRUE,TRUE,TRUE,FALSE,0.01109452380606608,8465009,6,8
2019020417,218,even-strength,76,-10,FALSE,FALSE,TRUE,FALSE,FALSE,FALSE,0,8476891,6,8
2019020417,237,even-strength,57,10,FALSE,FALSE,TRUE,FALSE,FALSE,FALSE,0,8473419,6,8
2019020417,240,even-strength,71,7,FALSE,FALSE,TRUE,FALSE,FALSE,FALSE,0,8476792,6,8
2019020417,249,even-strength,71,-7,FALSE,FALSE,TRUE,FALSE,FALSE,FALSE,0,8477956,6,8
2019020417,357,even-strength,55,-6,FALSE,FALSE,TRUE,TRUE,TRUE,FALSE,0.05976467183426461,8478498,6,8
2019020417,359,even-strength,36,-15,FALSE,FALSE,TRUE,TRUE,TRUE,FALSE,0.01481806415670224,8475807,6,8
2019020417,365,power-play,81,5,FALSE,FALSE,TRUE,TRUE,TRUE,FALSE,0.14613181302826206,8471276,6,8
2019020417,368,even-strength,39,-30,FALSE,FALSE,TRUE,TRUE,TRUE,FALSE,0.01305909472361445,8479325,6,8
2019020417,369,even-strength,39,36,FALSE,FALSE,TRUE,TRUE,TRUE,FALSE,0.0072399381576114304,8465009,6,8
2019020417,370,even-strength,45,-7,FALSE,TRUE,TRUE,TRUE,TRUE,FALSE,0.07054569491133744,8477365,6,8
2019020417,371,even-strength,72,-18,FALSE,FALSE,TRUE,TRUE,TRUE,FALSE,0.0373307200975016,8476374,6,8
2019020417,385,even-strength,52,26,FALSE,FALSE,TRUE,TRUE,TRUE,FALSE,0.02726960587191151,8475807,6,8
2019020417,397,even-strength,65,0,FALSE,FALSE,TRUE,TRUE,TRUE,FALSE,0.0837907354640133,8475780,6,8
2019020417,403,power-play,40,6,FALSE,FALSE,TRUE,TRUE,TRUE,FALSE,0.05942517359973724,8477956,6,8
2019020417,405,power-play,80,-23,FALSE,FALSE,TRUE,TRUE,TRUE,FALSE,0.0723788423012891,8471276,6,8
2019020417,406,even-strength,60,15,FALSE,FALSE,TRUE,TRUE,TRUE,FALSE,0.03349846171590819,8476891,6,8
2019020417,408,even-strength,84,6,FALSE,TRUE,TRUE,TRUE,FALSE,FALSE,0.16523607469604132,8476891,6,8
2019020417,412,even-strength,32,21,FALSE,FALSE,TRUE,TRUE,TRUE,FALSE,0.01346165240306303,8476891,6,8
2019020417,416,even-strength,37,11,FALSE,FALSE,TRUE,TRUE,TRUE,FALSE,0.0227811473125624,8476792,6,8
2019020417,419,even-strength,49,32,FALSE,FALSE,TRUE,TRUE,TRUE,FALSE,0.02115212619655147,8476374,6,8
2019020417,423,even-strength,37,15,FALSE,FALSE,TRUE,TRUE,FALSE,FALSE,0.02032719762692781,8476891,6,8
2019020417,424,even-strength,34,12,FALSE,FALSE,TRUE,TRUE,TRUE,FALSE,0.01419993297272639,8476891,6,8
2019020417,431,even-strength,71,-3,FALSE,FALSE,TRUE,TRUE,TRUE,FALSE,0.0900246520581816,8470655,6,8
2019020417,432,even-strength,69,-29,FALSE,FALSE,TRUE,TRUE,FALSE,FALSE,0.01945977882256507,8471276,6,8
2019020417,437,even-strength,65,-19,FALSE,FALSE,TRUE,TRUE,TRUE,TRUE,0.08629399824945952,8477956,6,8
2019020417,450,power-play,38,-9,FALSE,FALSE,TRUE,TRUE,FALSE,FALSE,0.03429291249537148,8479325,6,8
2019020417,463,power-play,69,-6,FALSE,FALSE,TRUE,FALSE,FALSE,FALSE,0,8473419,6,8
2019020417,482,even-strength,73,7,FALSE,FALSE,TRUE,FALSE,FALSE,FALSE,0,8476891,6,8
2019020417,490,even-strength,67,-10,FALSE,FALSE,TRUE,FALSE,FALSE,FALSE,0,8465009,6,8
2019020417,498,even-strength,65,-6,FALSE,FALSE,TRUE,FALSE,FALSE,FALSE,0,8477365,6,8
2019020417,500,even-strength,71,-8,FALSE,FALSE,TRUE,FALSE,FALSE,FALSE,0,8478075,6,8
2019020417,607,even-strength,65,-7,FALSE,FALSE,TRUE,FALSE,FALSE,FALSE,0,8478046,6,8
2019020417,612,even-strength,37,-28,FALSE,FALSE,TRUE,TRUE,TRUE,FALSE,0.02705168953765424,8478443,6,8
2019020417,616,even-strength,76,2,FALSE,FALSE,TRUE,FALSE,FALSE,FALSE,0,8476792,6,8
2019020417,651,power-play,42,-10,FALSE,FALSE,TRUE,TRUE,TRUE,FALSE,0.04449860716755621,8476891,6,8
2019020417,653,power-play,67,-10,FALSE,FALSE,TRUE,TRUE,TRUE,TRUE,0.089634422847146,8470655,6,8
2019020417,654,even-strength,84,-8,FALSE,TRUE,TRUE,TRUE,TRUE,FALSE,0.17470627216333218,8478075,6,8
2019020417,662,even-strength,70,2,FALSE,FALSE,TRUE,TRUE,TRUE,TRUE,0.08660355149261595,8478498,6,8
2019020417,663,even-strength,37,-3,FALSE,FALSE,TRUE,TRUE,TRUE,FALSE,0.02028553252858022,8470655,6,8
2019020417,668,even-strength,59,12,FALSE,FALSE,TRUE,TRUE,TRUE,FALSE,0.05577396513544211,8478498,6,8
2019020417,670,even-strength,69,-2,FALSE,FALSE,TRUE,TRUE,FALSE,FALSE,0.09774223782813692,8470655,6,8
2019020417,674,even-strength,3,-22,FALSE,FALSE,TRUE,TRUE,TRUE,FALSE,0.0058209678458417,8475780,6,8
2019020417,677,power-play,76,-2,FALSE,FALSE,TRUE,TRUE,FALSE,FALSE,0.11718741023890653,8477956,6,8
2019020425,56,even-strength,77,2,TRUE,FALSE,TRUE,FALSE,FALSE,FALSE,0,8475181,2,8
2019020425,59,even-strength,70,-11,FALSE,FALSE,TRUE,TRUE,TRUE,FALSE,0.04947730961901411,8473504,2,8
2019020425,60,even-strength,73,-1,FALSE,FALSE,TRUE,TRUE,TRUE,FALSE,0.1560406890180074,8475231,2,8
2019020425,61,even-strength,34,20,FALSE,FALSE,TRUE,TRUE,TRUE,FALSE,0.01162336407022253,8476917,2,8
2019020425,62,even-strength,55,15,FALSE,FALSE,TRUE,FALSE,FALSE,FALSE,0,8474709,2,8
2019020425,66,even-strength,80,-3,FALSE,FALSE,TRUE,FALSE,FALSE,FALSE,0,8476429,2,8
2019020425,82,power-play,46,-17,FALSE,FALSE,TRUE,TRUE,TRUE,FALSE,0.05655846624051672,8473544,2,8
2019020425,83,power-play,71,-4,FALSE,FALSE,TRUE,TRUE,TRUE,FALSE,0.10689355236810924,8475754,2,8
2019020425,86,power-play,33,-17,FALSE,FALSE,TRUE,TRUE,TRUE,FALSE,0.024617251865756008,8477506,2,8
2019020425,93,even-strength,-58,-1,FALSE,FALSE,TRUE,TRUE,TRUE,FALSE,4.77521958451894e-4,8476429,2,8
2019020425,97,even-strength,68,0,FALSE,FALSE,TRUE,FALSE,FALSE,FALSE,0,8478463,2,8
2019020425,98,even-strength,71,-3,FALSE,FALSE,TRUE,FALSE,FALSE,FALSE,0,8473544,2,8
2019020425,303,even-strength,57,-8,FALSE,FALSE,TRUE,FALSE,FALSE,FALSE,0,8470187,2,8
2019020425,304,even-strength,74,4,FALSE,FALSE,TRUE,FALSE,FALSE,FALSE,0,8478463,2,8
2019020425,307,even-strength,51,-14,FALSE,FALSE,TRUE,FALSE,FALSE,FALSE,0,8476429,2,8
2019020425,316,even-strength,12,30,FALSE,FALSE,TRUE,TRUE,TRUE,FALSE,0.00515079456206069,8473463,2,8
2019020425,328,even-strength,78,0,FALSE,FALSE,TRUE,FALSE,FALSE,FALSE,0,8478463,2,8
2019020425,330,even-strength,73,-13,FALSE,FALSE,TRUE,FALSE,FALSE,FALSE,0,8476429,2,8
2019020425,339,even-strength,36,25,FALSE,FALSE,TRUE,TRUE,FALSE,FALSE,0.01849915353464913,8476917,2,8
2019020425,348,even-strength,77,-5,FALSE,FALSE,TRUE,FALSE,FALSE,FALSE,0,8470187,2,8
2019020425,451,even-strength,-82,26,FALSE,FALSE,TRUE,TRUE,TRUE,FALSE,1.82911684931031e-4,8473544,2,8
2019020425,455,even-strength,62,-2,FALSE,FALSE,TRUE,TRUE,FALSE,FALSE,0.06620893786107644,8477936,2,8
2019020425,460,even-strength,17,23,FALSE,FALSE,TRUE,TRUE,FALSE,FALSE,0.00905130730120192,8475181,2,8
2019020425,461,even-strength,73,0,FALSE,FALSE,TRUE,FALSE,FALSE,FALSE,0,8475231,2,8
2019020425,462,even-strength,79,0,FALSE,FALSE,TRUE,FALSE,FALSE,FALSE,0,8474709,2,8
2019020425,464,even-strength,53,17,FALSE,FALSE,TRUE,FALSE,FALSE,FALSE,0,8476917,2,8
2019020425,465,even-strength,55,-22,FALSE,FALSE,TRUE,FALSE,FALSE,FALSE,0,8477506,2,8
2019020425,467,power-play,68,-16,FALSE,FALSE,TRUE,FALSE,FALSE,FALSE,0,8473544,2,8
2019020425,468,power-play,80,-4,FALSE,FALSE,TRUE,TRUE,TRUE,FALSE,0.08789209681925553,8475754,2,8
2019020425,470,power-play,53,5,FALSE,FALSE,TRUE,FALSE,FALSE,FALSE,0,8477506,2,8
2019020425,471,power-play,37,-15,FALSE,FALSE,TRUE,TRUE,TRUE,FALSE,0.02988257927096497,8477506,2,8
2019020425,472,even-strength,33,-16,FALSE,FALSE,TRUE,TRUE,FALSE,FALSE,0.0180101747063565,8477506,2,8
2019020425,473,power-play,79,-6,FALSE,TRUE,TRUE,TRUE,TRUE,FALSE,0.22771611191951224,8475754,2,8
2019020425,475,power-play,80,2,FALSE,FALSE,TRUE,FALSE,FALSE,FALSE,0,8475314,2,8
2019020425,476,power-play,78,1,FALSE,FALSE,TRUE,TRUE,TRUE,FALSE,0.10575805356685768,8475314,2,8
2019020425,480,power-play,70,22,TRUE,FALSE,TRUE,TRUE,TRUE,FALSE,0.10004553445372898,8473544,2,8
2019020425,489,even-strength,77,-1,FALSE,FALSE,TRUE,FALSE,FALSE,FALSE,0,8474586,2,8
2019020425,490,even-strength,35,2,FALSE,TRUE,TRUE,TRUE,TRUE,TRUE,0.06628706833512783,8476429,2,8
2019020425,491,even-strength,60,-12,FALSE,FALSE,TRUE,TRUE,TRUE,FALSE,0.04947122043127017,8474586,2,8
2019020425,495,even-strength,75,-22,FALSE,FALSE,TRUE,TRUE,FALSE,FALSE,0.03096740158550889,8475231,2,8
2019020425,497,even-strength,76,-24,FALSE,FALSE,TRUE,TRUE,FALSE,FALSE,0.03900113482872573,8476917,2,8
2019020425,498,even-strength,34,-37,FALSE,FALSE,TRUE,TRUE,TRUE,FALSE,0.00928521387730233,8476429,2,8
2019020425,659,even-strength,56,25,FALSE,FALSE,TRUE,TRUE,TRUE,FALSE,0.01893081632517398,8475754,2,8
2019020425,661,even-strength,78,0,FALSE,FALSE,TRUE,TRUE,TRUE,FALSE,0.1676842198370488,8475754,2,8
2019020425,662,even-strength,77,-4,FALSE,TRUE,TRUE,TRUE,FALSE,FALSE,0.19126042693987644,8473544,2,8
2019020425,664,even-strength,85,-3,FALSE,FALSE,TRUE,FALSE,FALSE,FALSE,0,8475754,2,8
2019020425,667,even-strength,20,-38,FALSE,FALSE,TRUE,TRUE,TRUE,FALSE,0.00386695675013644,8470187,2,8
2019020425,668,even-strength,79,-4,FALSE,FALSE,TRUE,TRUE,TRUE,FALSE,0.0797131832089054,8474709,2,8
2019020425,674,even-strength,77,-5,FALSE,FALSE,TRUE,FALSE,FALSE,FALSE,0,8476917,2,8
2019020425,677,even-strength,67,20,FALSE,FALSE,TRUE,FALSE,FALSE,FALSE,0,8478038,2,8
2019020425,678,even-strength,81,0,FALSE,FALSE,TRUE,TRUE,TRUE,TRUE,0.12662511170985288,8478445,2,8
2019020425,680,even-strength,71,0,FALSE,FALSE,TRUE,TRUE,FALSE,FALSE,0.08742937465922004,8475314,2,8
2019020425,681,even-strength,63,-5,FALSE,FALSE,TRUE,TRUE,TRUE,FALSE,0.05202611141988889,8474573,2,8
2019020425,683,even-strength,75,-12,FALSE,FALSE,TRUE,FALSE,FALSE,FALSE,0,8474586,2,8
2019020448,56,even-strength,44,-26,TRUE,FALSE,TRUE,TRUE,FALSE,FALSE,0.03788097526647706,8475184,3,8
2019020448,57,even-strength,85,18,TRUE,TRUE,TRUE,TRUE,FALSE,FALSE,0.14928466932775958,8477402,3,8
2019020448,61,even-strength,50,-31,FALSE,FALSE,TRUE,TRUE,TRUE,FALSE,0.02048736696654215,8476885,3,8
2019020448,62,even-strength,58,0,FALSE,FALSE,TRUE,FALSE,FALSE,FALSE,0,8476869,3,8
2019020448,63,even-strength,41,5,TRUE,FALSE,TRUE,TRUE,TRUE,FALSE,0.04354445741453669,8476869,3,8
2019020448,65,even-strength,61,1,FALSE,FALSE,TRUE,FALSE,FALSE,FALSE,0,8477962,3,8
2019020448,66,even-strength,83,17,FALSE,TRUE,TRUE,TRUE,TRUE,FALSE,0.10352761881737672,8476459,3,8
2019020448,68,even-strength,51,-19,FALSE,FALSE,TRUE,FALSE,FALSE,FALSE,0,8481554,3,8
2019020448,73,even-strength,33,-29,FALSE,FALSE,TRUE,TRUE,FALSE,FALSE,0.01145946477167638,8476885,3,8
2019020448,74,even-strength,78,7,FALSE,FALSE,TRUE,TRUE,FALSE,FALSE,0.06252125255482509,8475184,3,8
2019020448,78,even-strength,80,-1,FALSE,FALSE,TRUE,FALSE,FALSE,FALSE,0,8476458,3,8
2019020448,80,even-strength,73,-17,FALSE,FALSE,TRUE,TRUE,FALSE,FALSE,0.03189910659583379,8476459,3,8
2019020448,83,even-strength,58,18,FALSE,FALSE,TRUE,FALSE,FALSE,FALSE,0,8476885,3,8
2019020448,87,even-strength,74,-20,FALSE,FALSE,TRUE,TRUE,FALSE,FALSE,0.06089074366241587,8476869,3,8
2019020448,88,even-strength,79,-2,FALSE,TRUE,TRUE,TRUE,TRUE,FALSE,0.2787048133068412,8476885,3,8
2019020448,89,even-strength,78,-1,FALSE,FALSE,TRUE,FALSE,FALSE,FALSE,0,8481554,3,8
2019020448,93,even-strength,66,6,FALSE,TRUE,TRUE,TRUE,TRUE,FALSE,0.16598485801573795,8476869,3,8
2019020448,94,even-strength,79,7,FALSE,FALSE,TRUE,TRUE,TRUE,FALSE,0.0663707990081178,8475855,3,8
2019020448,100,even-strength,45,-6,FALSE,FALSE,TRUE,TRUE,TRUE,FALSE,0.03816569934184986,8476458,3,8
2019020448,251,even-strength,82,-4,FALSE,FALSE,TRUE,TRUE,TRUE,FALSE,0.08193494775752616,8475855,3,8
2019020448,255,even-strength,-5,-30,TRUE,FALSE,TRUE,TRUE,TRUE,FALSE,0.00263953180054349,8479323,3,8
2019020448,259,even-strength,85,-5,FALSE,FALSE,TRUE,TRUE,TRUE,TRUE,0.06404280156697868,8474090,3,8
2019020448,264,even-strength,51,-21,FALSE,FALSE,TRUE,FALSE,FALSE,FALSE,0,8471686,3,8
2019020448,265,even-strength,82,2,FALSE,FALSE,TRUE,TRUE,TRUE,FALSE,0.12428929689370229,8475184,3,8
2019020448,271,even-strength,19,26,FALSE,FALSE,TRUE,TRUE,TRUE,FALSE,0.00606809143397262,8476869,3,8
2019020448,275,even-strength,83,33,FALSE,FALSE,TRUE,TRUE,TRUE,FALSE,0.02145516343868736,8475184,3,8
2019020448,276,even-strength,64,-12,FALSE,FALSE,TRUE,FALSE,FALSE,FALSE,0,8475184,3,8
2019020448,282,penalty-kill,80,7,FALSE,FALSE,TRUE,TRUE,TRUE,FALSE,0.14949296205439827,8476459,3,8
2019020448,285,even-strength,-57,-38,FALSE,FALSE,TRUE,TRUE,TRUE,FALSE,4.37186925633649e-4,8476885,3,8
2019020448,288,power-play,56,-21,FALSE,FALSE,TRUE,TRUE,TRUE,FALSE,0.05821200179411014,8476459,3,8
2019020448,290,power-play,85,-11,FALSE,FALSE,TRUE,TRUE,TRUE,FALSE,0.08223500035224196,8481554,3,8
2019020448,291,power-play,77,12,FALSE,FALSE,TRUE,TRUE,FALSE,FALSE,0.08946368534649453,8477950,3,8
2019020448,294,even-strength,73,8,TRUE,FALSE,TRUE,FALSE,FALSE,FALSE,0,8474090,3,8
2019020448,299,power-play,51,-19,FALSE,FALSE,TRUE,TRUE,TRUE,FALSE,0.05213941137805199,8476458,3,8
2019020448,300,power-play,47,-14,FALSE,FALSE,TRUE,TRUE,TRUE,FALSE,0.03804894685683315,8479323,3,8
2019020448,401,power-play,79,0,FALSE,TRUE,TRUE,TRUE,TRUE,FALSE,0.28598825470305933,8480078,3,8
2019020448,403,power-play,75,16,FALSE,FALSE,TRUE,FALSE,FALSE,FALSE,0,8479323,3,8
2019020448,404,power-play,82,-7,FALSE,FALSE,TRUE,TRUE,FALSE,FALSE,0.1009635375487903,8475184,3,8
2019020448,405,power-play,51,23,FALSE,FALSE,TRUE,TRUE,TRUE,FALSE,0.06244966267663276,8478550,3,8
2019020448,406,penalty-kill,86,-4,FALSE,TRUE,TRUE,FALSE,FALSE,FALSE,0,8476885,3,8
2019020448,407,power-play,86,-5,FALSE,TRUE,TRUE,TRUE,TRUE,FALSE,0.2839227091850504,8480078,3,8
2019020448,413,even-strength,56,4,TRUE,FALSE,TRUE,TRUE,TRUE,FALSE,0.09045299054261276,8475735,3,8
2019020448,415,even-strength,74,0,FALSE,FALSE,TRUE,FALSE,FALSE,FALSE,0,8478550,3,8
2019020448,416,even-strength,39,-30,FALSE,FALSE,TRUE,FALSE,FALSE,FALSE,0,8476885,3,8
2019020448,420,even-strength,70,23,FALSE,FALSE,TRUE,FALSE,FALSE,FALSE,0,8479353,3,8
2019020448,421,even-strength,61,23,FALSE,FALSE,TRUE,TRUE,FALSE,FALSE,0.02577195344813409,8478550,3,8
2019020448,425,even-strength,70,3,FALSE,FALSE,TRUE,TRUE,TRUE,FALSE,0.11399254729892956,8475184,3,8
2019020448,426,even-strength,38,-28,FALSE,FALSE,TRUE,TRUE,TRUE,FALSE,0.01274938526439036,8476885,3,8
2019020448,427,even-strength,44,28,FALSE,TRUE,TRUE,FALSE,FALSE,FALSE,0,8476869,3,8
2019020448,429,even-strength,50,-3,FALSE,FALSE,TRUE,FALSE,FALSE,FALSE,0,8476885,3,8
2019020448,432,even-strength,37,-34,TRUE,FALSE,TRUE,TRUE,TRUE,FALSE,0.01448909317080029,8477950,3,8
2019020448,434,even-strength,56,26,FALSE,FALSE,TRUE,TRUE,TRUE,FALSE,0.02327487606549793,8479324,3,8
2019020448,436,even-strength,65,25,FALSE,FALSE,TRUE,TRUE,TRUE,FALSE,0.02706608338553139,8480078,3,8
2019020448,441,even-strength,57,33,FALSE,FALSE,TRUE,TRUE,TRUE,FALSE,0.02018288902075692,8479324,3,8
2019020448,443,even-strength,82,-1,FALSE,FALSE,TRUE,TRUE,FALSE,FALSE,0.12637517823847913,8476458,3,8
2019020448,444,even-strength,33,-36,FALSE,FALSE,TRUE,TRUE,TRUE,FALSE,0.01201488648617867,8477950,3,8
2019020448,445,even-strength,72,-2,FALSE,FALSE,TRUE,FALSE,FALSE,FALSE,0,8476885,3,8
2019020448,449,even-strength,37,-26,FALSE,FALSE,TRUE,TRUE,FALSE,FALSE,0.01188658910481443,8476885,3,8
2019020448,659,even-strength,61,-29,FALSE,FALSE,TRUE,TRUE,FALSE,FALSE,0.02831116077409626,8481554,3,8
2019020448,660,even-strength,82,-8,FALSE,FALSE,TRUE,FALSE,FALSE,FALSE,0,8481554,3,8
2019020474,53,even-strength,48,26,FALSE,FALSE,TRUE,TRUE,TRUE,FALSE,0.02031021994030331,8479944,5,8
2019020474,56,even-strength,71,-12,FALSE,FALSE,TRUE,TRUE,FALSE,FALSE,0.04610667334236285,8480946,5,8
2019020474,61,even-strength,79,5,FALSE,FALSE,TRUE,TRUE,TRUE,TRUE,0.09519301539012225,8477404,5,8
2019020474,62,even-strength,23,-35,FALSE,FALSE,TRUE,TRUE,TRUE,FALSE,0.00530142792826141,8476474,5,8
2019020474,63,even-strength,58,17,FALSE,FALSE,TRUE,TRUE,TRUE,FALSE,0.04278972075116108,8476851,5,8
2019020474,66,even-strength,33,4,FALSE,FALSE,TRUE,TRUE,FALSE,FALSE,0.03593391933504778,8471677,5,8
2019020474,67,even-strength,45,-26,FALSE,TRUE,TRUE,TRUE,TRUE,FALSE,0.06809188206090305,8474602,5,8
2019020474,80,power-play,77,-8,FALSE,FALSE,TRUE,TRUE,FALSE,FALSE,0.10313213210605768,8475810,5,8
2019020474,81,power-play,75,-4,FALSE,FALSE,TRUE,FALSE,FALSE,FALSE,0,8477969,5,8
2019020474,82,power-play,45,-20,FALSE,FALSE,TRUE,TRUE,FALSE,FALSE,0.03925518029043846,8477969,5,8
2019020474,83,even-strength,35,-7,FALSE,FALSE,TRUE,TRUE,TRUE,FALSE,0.02452670087884618,8478507,5,8
2019020474,85,even-strength,50,18,FALSE,FALSE,TRUE,FALSE,FALSE,FALSE,0,8471677,5,8
2019020474,88,even-strength,61,16,FALSE,FALSE,TRUE,TRUE,TRUE,FALSE,0.04089134970424461,8479944,5,8
2019020474,92,even-strength,76,16,FALSE,FALSE,TRUE,TRUE,TRUE,FALSE,0.04598826259996163,8480946,5,8
2019020474,93,even-strength,40,25,TRUE,FALSE,TRUE,TRUE,FALSE,FALSE,0.02658765905306265,8477969,5,8
2019020474,95,even-strength,68,-34,TRUE,FALSE,TRUE,TRUE,TRUE,FALSE,0.04729547739486932,8475810,5,8
2019020474,96,even-strength,80,21,FALSE,FALSE,TRUE,TRUE,TRUE,FALSE,0.03352583995662701,8471215,5,8
2019020474,97,even-strength,46,-26,TRUE,FALSE,TRUE,FALSE,FALSE,FALSE,0,8477244,5,8
2019020474,303,even-strength,77,13,FALSE,FALSE,TRUE,FALSE,FALSE,FALSE,0,8471724,5,8
2019020474,306,even-strength,60,-15,FALSE,FALSE,TRUE,FALSE,FALSE,FALSE,0,8477955,5,8
2019020474,309,even-strength,72,9,FALSE,FALSE,TRUE,FALSE,FALSE,FALSE,0,8477955,5,8
2019020474,310,even-strength,13,30,FALSE,FALSE,TRUE,TRUE,TRUE,FALSE,0.00403173660030253,8480946,5,8
2019020474,313,even-strength,34,22,FALSE,FALSE,TRUE,TRUE,TRUE,FALSE,0.01264951099008538,8477969,5,8
2019020474,315,even-strength,59,9,FALSE,FALSE,TRUE,TRUE,TRUE,FALSE,0.07186347421002921,8479944,5,8
2019020474,316,even-strength,50,-17,TRUE,FALSE,TRUE,TRUE,TRUE,FALSE,0.04902106334327689,8474602,5,8
2019020474,323,even-strength,44,-28,FALSE,FALSE,TRUE,TRUE,FALSE,FALSE,0.01960693540585063,8471215,5,8
2019020474,324,even-strength,45,9,FALSE,FALSE,TRUE,TRUE,TRUE,FALSE,0.03576566776557631,8475810,5,8
2019020474,341,even-strength,14,-30,FALSE,FALSE,TRUE,TRUE,TRUE,FALSE,0.0040223221959638,8478507,5,8
2019020474,342,even-strength,37,-32,FALSE,FALSE,TRUE,TRUE,TRUE,FALSE,0.00948660955648683,8477244,5,8
2019020474,344,even-strength,37,24,FALSE,FALSE,TRUE,TRUE,TRUE,FALSE,0.01132642992343904,8471677,5,8
2019020474,350,even-strength,86,19,FALSE,FALSE,TRUE,TRUE,TRUE,FALSE,0.03362245227320152,8475810,5,8
2019020474,609,even-strength,76,13,FALSE,TRUE,TRUE,FALSE,FALSE,FALSE,0,8477969,5,8
2019020474,651,even-strength,35,27,FALSE,FALSE,TRUE,TRUE,TRUE,FALSE,0.01166795990499824,8471677,5,8
2019020474,652,even-strength,58,-15,FALSE,FALSE,TRUE,TRUE,TRUE,FALSE,0.07842737349693778,8478043,5,8
2019020474,654,even-strength,66,11,FALSE,FALSE,TRUE,FALSE,FALSE,FALSE,0,8477404,5,8
2019020474,662,even-strength,80,11,FALSE,FALSE,TRUE,FALSE,FALSE,FALSE,0,8476927,5,8
2019020474,663,even-strength,54,23,FALSE,FALSE,TRUE,FALSE,FALSE,FALSE,0,8471677,5,8
2019020474,664,even-strength,46,-30,FALSE,FALSE,TRUE,TRUE,TRUE,FALSE,0.02129479515309475,8476927,5,8
2019020474,666,even-strength,51,-20,FALSE,FALSE,TRUE,TRUE,TRUE,FALSE,0.02334179205547698,8478866,5,8
2019020474,670,even-strength,38,-24,FALSE,FALSE,TRUE,TRUE,FALSE,FALSE,0.01392629458939507,8476474,5,8
2019020474,672,even-strength,43,-2,FALSE,FALSE,TRUE,TRUE,FALSE,FALSE,0.03458900976916505,8471724,5,8
2019020474,673,even-strength,48,-1,FALSE,FALSE,TRUE,TRUE,TRUE,FALSE,0.03652903888670429,8471724,5,8
2019020474,674,even-strength,81,-27,FALSE,TRUE,TRUE,TRUE,TRUE,FALSE,0.07564205380095444,8471215,5,8
2019020474,676,even-strength,37,-26,FALSE,FALSE,TRUE,TRUE,TRUE,FALSE,0.01107488835144666,8477244,5,8
2019020474,680,even-strength,68,5,FALSE,FALSE,TRUE,TRUE,TRUE,FALSE,0.07871615737256338,8475810,5,8
2019020474,681,even-strength,62,-9,FALSE,FALSE,TRUE,TRUE,TRUE,FALSE,0.05425709570819072,8478507,5,8
2019020474,684,even-strength,68,9,FALSE,FALSE,TRUE,FALSE,FALSE,FALSE,0,8480946,5,8
2019020474,685,even-strength,78,10,FALSE,FALSE,TRUE,FALSE,FALSE,FALSE,0,8471677,5,8
2019020474,686,even-strength,55,-16,TRUE,FALSE,TRUE,FALSE,FALSE,FALSE,0,8471724,5,8
2019020474,690,even-strength,41,12,FALSE,FALSE,TRUE,TRUE,FALSE,FALSE,0.03119568914856697,8471724,5,8
2019020474,691,even-strength,47,-13,FALSE,FALSE,TRUE,TRUE,FALSE,FALSE,0.02735062370073526,8471215,5,8
2019020474,692,even-strength,76,-5,FALSE,FALSE,TRUE,TRUE,TRUE,FALSE,0.0761668305056897,8475810,5,8
2019020474,694,even-strength,84,-7,TRUE,FALSE,TRUE,TRUE,TRUE,FALSE,0.10667227733352806,8478507,5,8
2019020474,695,even-strength,71,15,FALSE,FALSE,TRUE,TRUE,TRUE,FALSE,0.05197609160084235,8476851,5,8
2019020474,752,even-strength,76,-12,FALSE,FALSE,TRUE,TRUE,FALSE,FALSE,0.05240861638892241,8476851,5,8
2019020474,753,even-strength,82,-7,TRUE,FALSE,TRUE,TRUE,TRUE,FALSE,0.194441910853803,8477955,5,8
2019020474,754,even-strength,62,3,FALSE,FALSE,TRUE,TRUE,TRUE,FALSE,0.05864727723935232,8478507,5,8
2019020474,755,even-strength,71,2,FALSE,FALSE,TRUE,TRUE,TRUE,FALSE,0.08894561138878783,8479944,5,8
2019020506,61,even-strength,57,16,FALSE,FALSE,TRUE,TRUE,TRUE,FALSE,0.0310977779807906,8470144,17,8
2019020506,63,even-strength,76,0,FALSE,FALSE,TRUE,TRUE,TRUE,TRUE,0.1460488323893449,8477479,17,8
2019020506,64,even-strength,76,0,FALSE,FALSE,TRUE,TRUE,TRUE,FALSE,0.13201274286661335,8476960,17,8
2019020506,66,even-strength,50,5,FALSE,FALSE,TRUE,FALSE,FALSE,FALSE,0,8470110,17,8
2019020506,67,even-strength,34,0,FALSE,FALSE,TRUE,TRUE,FALSE,FALSE,0.02388686505006772,8473415,17,8
2019020506,70,even-strength,67,32,FALSE,FALSE,TRUE,TRUE,TRUE,FALSE,0.02140654950933878,8477454,17,8
2019020506,73,power-play,58,5,FALSE,FALSE,TRUE,TRUE,FALSE,FALSE,0.08060263490289622,8477946,17,8
2019020506,79,power-play,74,-10,FALSE,FALSE,TRUE,TRUE,FALSE,FALSE,0.08679944897910169,8476960,17,8
2019020506,80,power-play,82,-4,FALSE,FALSE,TRUE,FALSE,FALSE,FALSE,0,8480821,17,8
2019020506,81,power-play,66,-11,FALSE,FALSE,TRUE,TRUE,FALSE,FALSE,0.07177805302682252,8480821,17,8
2019020506,82,power-play,63,-12,FALSE,FALSE,TRUE,TRUE,TRUE,FALSE,0.06657032859780665,8480821,17,8
2019020506,83,power-play,76,4,FALSE,TRUE,TRUE,TRUE,FALSE,FALSE,0.24432595324621847,8470144,17,8
2019020506,85,even-strength,55,21,FALSE,FALSE,TRUE,TRUE,TRUE,FALSE,0.03651390519200664,8471716,17,8
2019020506,88,even-strength,79,1,FALSE,FALSE,TRUE,FALSE,FALSE,FALSE,0,8477946,17,8
2019020506,92,even-strength,48,10,FALSE,FALSE,TRUE,TRUE,TRUE,FALSE,0.04190122775864997,8476960,17,8
2019020506,94,even-strength,62,14,FALSE,FALSE,TRUE,FALSE,FALSE,FALSE,0,8470110,17,8
2019020506,265,even-strength,74,1,FALSE,FALSE,TRUE,FALSE,FALSE,FALSE,0,8470110,17,8
2019020506,266,even-strength,80,0,FALSE,FALSE,TRUE,TRUE,FALSE,FALSE,0.11897883706504796,8480821,17,8
2019020506,268,even-strength,80,-5,TRUE,FALSE,TRUE,FALSE,FALSE,FALSE,0,8476960,17,8
2019020506,269,even-strength,46,-27,TRUE,TRUE,TRUE,TRUE,TRUE,FALSE,0.05498159759093489,8477474,17,8
2019020506,275,even-strength,57,-9,TRUE,FALSE,TRUE,TRUE,TRUE,FALSE,0.10247015967239724,8471794,17,8
2019020506,277,even-strength,58,-22,FALSE,FALSE,TRUE,TRUE,TRUE,FALSE,0.02768806281733412,8476960,17,8
2019020506,278,even-strength,48,30,FALSE,FALSE,TRUE,TRUE,TRUE,FALSE,0.02528426662216298,8470110,17,8
2019020506,293,power-play,80,-2,FALSE,FALSE,TRUE,TRUE,TRUE,FALSE,0.13646279577038486,8470144,17,8
2019020506,295,power-play,69,-22,FALSE,FALSE,TRUE,TRUE,FALSE,FALSE,0.0655492819882705,8477479,17,8
2019020506,452,even-strength,73,-14,FALSE,FALSE,TRUE,TRUE,FALSE,FALSE,0.04725261439963957,8477946,17,8
2019020506,453,even-strength,71,4,FALSE,FALSE,TRUE,FALSE,FALSE,FALSE,0,8477946,17,8
2019020506,478,even-strength,47,-28,FALSE,FALSE,TRUE,TRUE,TRUE,FALSE,0.02446960504895972,8477511,17,8
2019020506,481,even-strength,39,30,FALSE,FALSE,TRUE,TRUE,TRUE,FALSE,0.01120187335692803,8473415,17,8
2019020506,485,power-play,68,-11,FALSE,FALSE,TRUE,FALSE,FALSE,FALSE,0,8477511,17,8
2019020506,489,power-play,33,22,FALSE,FALSE,TRUE,TRUE,TRUE,TRUE,0.02808444804999535,8471242,17,8
2019020506,491,even-strength,69,-29,FALSE,FALSE,TRUE,TRUE,TRUE,FALSE,0.02412835842616647,8471242,17,8
2019020506,493,even-strength,15,25,FALSE,FALSE,TRUE,TRUE,TRUE,FALSE,0.00540508187755756,8477946,17,8
2019020506,494,even-strength,11,-31,FALSE,FALSE,TRUE,TRUE,FALSE,FALSE,0.0057809000907372,8471242,17,8
2019020506,499,even-strength,61,12,FALSE,FALSE,TRUE,FALSE,FALSE,FALSE,0,8475747,17,8
2019020506,651,even-strength,56,18,FALSE,FALSE,TRUE,FALSE,FALSE,FALSE,0,8476960,17,8
2019020506,657,even-strength,62,-12,FALSE,FALSE,TRUE,FALSE,FALSE,FALSE,0,8477479,17,8
2019020506,663,even-strength,65,34,FALSE,FALSE,TRUE,TRUE,TRUE,FALSE,0.01800720864787628,8470110,17,8
2019020506,669,power-play,57,-24,FALSE,FALSE,TRUE,TRUE,TRUE,FALSE,0.05301385435022554,8477946,17,8
2019020506,672,power-play,73,20,FALSE,FALSE,TRUE,TRUE,TRUE,FALSE,0.06607972557161906,8475747,17,8
2019020532,15,even-strength,45,20,FALSE,FALSE,TRUE,FALSE,FALSE,FALSE,0,8480800,23,8
2019020532,19,even-strength,47,-17,FALSE,FALSE,TRUE,FALSE,FALSE,FALSE,0,8479442,23,8
2019020532,38,power-play,71,13,FALSE,FALSE,TRUE,FALSE,FALSE,FALSE,0,8477500,23,8
2019020532,42,even-strength,54,-6,FALSE,FALSE,TRUE,FALSE,FALSE,FALSE,0,8474574,23,8
2019020532,54,even-strength,19,10,TRUE,FALSE,TRUE,TRUE,TRUE,FALSE,0.01213768792221187,8475690,23,8
2019020532,59,even-strength,86,-7,FALSE,FALSE,TRUE,TRUE,TRUE,FALSE,0.07816101064544452,8477353,23,8
2019020532,65,even-strength,55,-24,TRUE,FALSE,TRUE,TRUE,FALSE,FALSE,0.04516758153310452,8477937,23,8
2019020532,66,even-strength,82,10,FALSE,FALSE,TRUE,TRUE,TRUE,FALSE,0.05424222023623572,8476468,23,8
2019020532,67,even-strength,70,8,FALSE,FALSE,TRUE,TRUE,TRUE,FALSE,0.06594949156104445,8476468,23,8
2019020532,73,power-play,63,-14,FALSE,FALSE,TRUE,TRUE,TRUE,FALSE,0.0696392889119701,8478444,23,8
2019020532,74,power-play,31,-2,FALSE,FALSE,TRUE,TRUE,TRUE,FALSE,0.03748694748345011,8480800,23,8
2019020532,78,even-strength,32,36,FALSE,FALSE,TRUE,TRUE,TRUE,FALSE,0.01351314347333975,8480147,23,8
2019020532,79,even-strength,55,-25,FALSE,FALSE,TRUE,TRUE,TRUE,FALSE,0.02682085123908839,8475690,23,8
2019020532,82,even-strength,68,10,FALSE,FALSE,TRUE,TRUE,FALSE,FALSE,0.05062723985448357,8480012,23,8
2019020532,84,even-strength,76,22,FALSE,FALSE,TRUE,TRUE,TRUE,FALSE,0.04063504498174213,8476410,23,8
2019020532,86,even-strength,42,40,FALSE,FALSE,TRUE,TRUE,TRUE,FALSE,0.0107896429752537,8474818,23,8
2019020532,88,even-strength,68,24,FALSE,FALSE,TRUE,TRUE,TRUE,FALSE,0.03356163920460464,8480012,23,8
2019020532,94,even-strength,21,-2,TRUE,FALSE,TRUE,TRUE,TRUE,FALSE,0.02463423531084138,8478444,23,8
2019020532,95,even-strength,73,-38,FALSE,FALSE,TRUE,TRUE,TRUE,FALSE,0.01460222026709641,8477937,23,8
2019020532,98,power-play,66,23,FALSE,FALSE,TRUE,TRUE,TRUE,TRUE,0.05220380250890743,8478874,23,8
2019020532,216,even-strength,80,0,FALSE,FALSE,TRUE,FALSE,FALSE,FALSE,0,8476468,23,8
2019020532,247,even-strength,73,1,FALSE,FALSE,TRUE,FALSE,FALSE,FALSE,0,8476871,23,8
2019020532,250,even-strength,61,12,FALSE,FALSE,TRUE,FALSE,FALSE,FALSE,0,8474818,23,8
2019020532,355,even-strength,88,-36,FALSE,FALSE,TRUE,TRUE,TRUE,FALSE,0.0173937819238789,8477937,23,8
2019020532,356,even-strength,71,-3,FALSE,TRUE,TRUE,TRUE,TRUE,FALSE,0.1814901924049827,8476468,23,8
2019020532,357,even-strength,62,-37,FALSE,FALSE,TRUE,TRUE,FALSE,FALSE,0.01359472190218564,8477937,23,8
2019020532,359,even-strength,41,-37,FALSE,FALSE,TRUE,TRUE,FALSE,FALSE,0.01073998967615457,8474574,23,8
2019020532,361,even-strength,35,33,FALSE,FALSE,TRUE,TRUE,TRUE,FALSE,0.0119961879507134,8480800,23,8
2019020532,365,even-strength,42,27,FALSE,FALSE,TRUE,TRUE,TRUE,FALSE,0.01305565367220707,8480800,23,8
2019020532,374,even-strength,81,2,FALSE,FALSE,TRUE,TRUE,TRUE,FALSE,0.14016116763338096,8476468,23,8
2019020532,390,even-strength,54,-32,FALSE,FALSE,TRUE,TRUE,TRUE,FALSE,0.03039757599989857,8474574,23,8
2019020532,392,even-strength,48,-31,FALSE,FALSE,TRUE,TRUE,TRUE,FALSE,0.01871517693971351,8479442,23,8
2019020532,400,even-strength,41,-35,FALSE,FALSE,TRUE,TRUE,TRUE,FALSE,0.00895347608034565,8479442,23,8
2019020532,518,even-strength,71,-6,FALSE,FALSE,TRUE,FALSE,FALSE,FALSE,0,8474574,23,8
2019020532,531,even-strength,65,10,FALSE,FALSE,TRUE,FALSE,FALSE,FALSE,0,8480012,23,8
2019020532,552,even-strength,66,-9,FALSE,FALSE,TRUE,TRUE,TRUE,FALSE,0.08223204271635053,8480012,23,8
2019020532,553,even-strength,75,-11,FALSE,FALSE,TRUE,TRUE,TRUE,FALSE,0.04293342998939982,8480012,23,8
2019020532,556,even-strength,36,-26,FALSE,FALSE,TRUE,TRUE,TRUE,FALSE,0.01632881245187574,8474574,23,8
2019020532,557,even-strength,86,-12,FALSE,TRUE,TRUE,TRUE,TRUE,FALSE,0.104194435431036,8478444,23,8
2019020532,558,even-strength,80,34,FALSE,FALSE,TRUE,TRUE,TRUE,FALSE,0.01500010982627445,8480147,23,8
2019020532,559,even-strength,52,-6,FALSE,FALSE,TRUE,TRUE,TRUE,FALSE,0.03936654020907851,8474574,23,8
2019020532,561,even-strength,88,-21,FALSE,FALSE,TRUE,TRUE,TRUE,FALSE,0.02498909373839769,8474091,23,8
2019020532,562,even-strength,78,12,FALSE,FALSE,TRUE,TRUE,FALSE,FALSE,0.04694427693952756,8477353,23,8
2019020532,582,even-strength,18,32,FALSE,FALSE,TRUE,TRUE,TRUE,FALSE,0.00559065255637989,8480147,23,8
2019020532,585,even-strength,42,36,FALSE,FALSE,TRUE,TRUE,TRUE,FALSE,0.01628978677429365,8474091,23,8
2019020532,586,even-strength,36,2,FALSE,FALSE,TRUE,TRUE,TRUE,FALSE,0.04465236081678388,8475690,23,8
2019020532,588,even-strength,3,38,FALSE,FALSE,TRUE,TRUE,TRUE,FALSE,0.00200559203647262,8476468,23,8
2019020532,591,even-strength,76,8,TRUE,FALSE,TRUE,TRUE,FALSE,FALSE,0.1372700626528868,8476410,23,8
2019020532,593,even-strength,75,-15,FALSE,FALSE,TRUE,TRUE,TRUE,FALSE,0.08997087315803977,8480012,23,8
2019020532,594,even-strength,34,-26,FALSE,FALSE,TRUE,TRUE,TRUE,FALSE,0.01187954795907675,8479442,23,8
2019020532,596,even-strength,79,-2,FALSE,FALSE,TRUE,TRUE,FALSE,FALSE,0.09928197749757708,8480012,23,8
2019020532,709,even-strength,60,16,FALSE,FALSE,TRUE,FALSE,FALSE,FALSE,0,8477353,23,8
2019020532,718,power-play,60,1,FALSE,FALSE,TRUE,FALSE,FALSE,FALSE,0,8480012,23,8
2019020532,724,even-strength,76,-3,FALSE,FALSE,TRUE,FALSE,FALSE,FALSE,0,8476410,23,8
2019020532,729,even-strength,75,2,FALSE,FALSE,TRUE,FALSE,FALSE,FALSE,0,8478444,23,8
2019020532,730,even-strength,67,12,FALSE,FALSE,TRUE,FALSE,FALSE,FALSE,0,8478444,23,8
2019020532,731,even-strength,66,1,FALSE,FALSE,TRUE,FALSE,FALSE,FALSE,0,8480800,23,8
2019020532,752,even-strength,1,2,FALSE,FALSE,TRUE,TRUE,TRUE,FALSE,0.00292845868850147,8477353,23,8
2019020532,754,even-strength,78,17,FALSE,FALSE,TRUE,TRUE,FALSE,FALSE,0.04261915219068795,8476468,23,8
2019020532,756,even-strength,54,38,FALSE,FALSE,TRUE,TRUE,TRUE,FALSE,0.05809166362399401,8476871,23,8
2019020532,759,even-strength,32,7,FALSE,FALSE,TRUE,TRUE,TRUE,FALSE,0.03251946200649681,8480800,23,8
2019020532,760,even-strength,73,0,FALSE,FALSE,TRUE,TRUE,TRUE,FALSE,0.08263670279474998,8476410,23,8
2019020532,761,even-strength,77,-6,FALSE,FALSE,TRUE,TRUE,FALSE,FALSE,0.0893969213492094,8476410,23,8
2019020545,60,even-strength,72,34,FALSE,FALSE,TRUE,TRUE,TRUE,FALSE,0.01954281421385768,8477497,20,8
2019020545,62,even-strength,78,2,FALSE,FALSE,TRUE,FALSE,FALSE,FALSE,0,8478430,20,8
2019020545,66,even-strength,55,-4,FALSE,FALSE,TRUE,TRUE,FALSE,FALSE,0.04192699867024482,8477935,20,8
2019020545,67,even-strength,57,-4,TRUE,FALSE,TRUE,TRUE,TRUE,FALSE,0.11441261078083076,8478233,20,8
2019020545,69,even-strength,39,19,FALSE,FALSE,TRUE,TRUE,TRUE,FALSE,0.01533269004010615,8470966,20,8
2019020545,71,even-strength,69,9,FALSE,FALSE,TRUE,TRUE,TRUE,FALSE,0.08070375229105674,8477497,20,8
2019020545,75,even-strength,47,-13,FALSE,FALSE,TRUE,TRUE,TRUE,FALSE,0.0229732418410711,8474612,20,8
2019020545,78,even-strength,80,-10,FALSE,FALSE,TRUE,TRUE,TRUE,TRUE,0.1135293639061422,8479314,20,8
2019020545,83,even-strength,73,10,FALSE,FALSE,TRUE,FALSE,FALSE,FALSE,0,8477935,20,8
2019020545,84,even-strength,66,7,FALSE,FALSE,TRUE,FALSE,FALSE,FALSE,0,8470966,20,8
2019020545,87,even-strength,85,27,FALSE,FALSE,TRUE,TRUE,TRUE,FALSE,0.02693759892158454,8473473,20,8
2019020545,89,even-strength,47,-11,FALSE,FALSE,TRUE,TRUE,TRUE,FALSE,0.04915367584498233,8473564,20,8
2019020545,91,even-strength,70,-1,FALSE,FALSE,TRUE,TRUE,FALSE,FALSE,0.13947744611717422,8477496,20,8
2019020545,253,even-strength,34,-1,FALSE,FALSE,TRUE,TRUE,FALSE,FALSE,0.0246505649128769,8478396,20,8
2019020545,255,even-strength,22,-4,FALSE,FALSE,TRUE,TRUE,TRUE,FALSE,0.00770541412811628,8478396,20,8
2019020545,265,power-play,50,4,FALSE,FALSE,TRUE,FALSE,FALSE,FALSE,0,8470966,20,8
2019020545,266,power-play,63,1,FALSE,FALSE,TRUE,FALSE,FALSE,FALSE,0,8470966,20,8
2019020545,267,power-play,53,-16,FALSE,FALSE,TRUE,TRUE,FALSE,FALSE,0.05564559759334968,8479314,20,8
2019020545,268,power-play,87,4,FALSE,TRUE,TRUE,TRUE,TRUE,TRUE,0.27786829214555847,8477496,20,8
2019020545,274,even-strength,82,6,FALSE,FALSE,TRUE,TRUE,FALSE,FALSE,0.0982189364912251,8476356,20,8
2019020545,280,even-strength,79,-7,FALSE,FALSE,TRUE,FALSE,FALSE,FALSE,0,8478585,20,8
2019020545,281,even-strength,42,21,FALSE,FALSE,TRUE,TRUE,TRUE,FALSE,0.01647580592958185,8470966,20,8
2019020545,282,even-strength,83,4,FALSE,FALSE,TRUE,TRUE,TRUE,FALSE,0.08259714358743221,8477935,20,8
2019020545,283,even-strength,63,5,FALSE,FALSE,TRUE,FALSE,FALSE,FALSE,0,8470966,20,8
2019020545,284,even-strength,47,-19,FALSE,FALSE,TRUE,TRUE,TRUE,FALSE,0.02985673513091905,8474612,20,8
2019020545,297,even-strength,77,0,FALSE,FALSE,TRUE,TRUE,TRUE,FALSE,0.15496005326057424,8479314,20,8
2019020545,299,even-strength,46,-25,FALSE,FALSE,TRUE,TRUE,TRUE,FALSE,0.03306090032242237,8474612,20,8
2019020545,300,even-strength,65,18,FALSE,FALSE,TRUE,TRUE,FALSE,FALSE,0.03413792810748962,8476346,20,8
2019020545,458,even-strength,40,21,FALSE,FALSE,TRUE,TRUE,FALSE,FALSE,0.01810961191423578,8478396,20,8
2019020545,459,even-strength,42,-28,FALSE,FALSE,TRUE,TRUE,FALSE,FALSE,0.01636688228627786,8474612,20,8
2019020545,461,even-strength,58,11,TRUE,FALSE,TRUE,TRUE,FALSE,FALSE,0.07948014027435445,8477496,20,8
2019020545,462,even-strength,77,-6,FALSE,FALSE,TRUE,TRUE,TRUE,FALSE,0.09191340880484754,8478233,20,8
2019020545,464,even-strength,78,-6,FALSE,FALSE,TRUE,TRUE,FALSE,FALSE,0.13809743759475782,8478233,20,8
2019020545,469,penalty-kill,60,-10,FALSE,FALSE,TRUE,TRUE,FALSE,FALSE,0.07431539499030938,8474150,20,8
2019020545,474,even-strength,69,19,FALSE,FALSE,TRUE,TRUE,TRUE,FALSE,0.03851374237711104,8478233,20,8
2019020545,494,even-strength,84,-10,FALSE,FALSE,TRUE,FALSE,FALSE,FALSE,0,8476356,20,8
2019020545,495,even-strength,82,-1,TRUE,FALSE,TRUE,TRUE,TRUE,FALSE,0.2877224818236801,8476356,20,8
2019020545,497,even-strength,54,17,FALSE,FALSE,TRUE,TRUE,FALSE,FALSE,0.02757332037924604,8477497,20,8
2019020545,498,even-strength,33,-27,FALSE,FALSE,TRUE,TRUE,TRUE,FALSE,0.01106475205194347,8474673,20,8
2019020545,500,even-strength,79,-1,FALSE,FALSE,TRUE,TRUE,TRUE,FALSE,0.12012867039779034,8478585,20,8
2019020545,654,even-strength,55,3,FALSE,FALSE,TRUE,FALSE,FALSE,FALSE,0,8470966,20,8
2019020545,657,even-strength,51,6,FALSE,FALSE,TRUE,TRUE,TRUE,TRUE,0.07303470311885961,8478430,20,8
2019020545,663,even-strength,56,-19,FALSE,FALSE,TRUE,TRUE,TRUE,FALSE,0.04005830905693625,8473564,20,8
2019020545,664,even-strength,54,24,FALSE,FALSE,TRUE,FALSE,FALSE,FALSE,0,8478396,20,8
2019020545,666,even-strength,74,7,FALSE,FALSE,TRUE,TRUE,FALSE,FALSE,0.06675588795882469,8478585,20,8
2019020545,667,even-strength,61,-8,FALSE,FALSE,TRUE,TRUE,TRUE,FALSE,0.061233886260964,8478233,20,8
2019020545,668,even-strength,62,6,FALSE,FALSE,TRUE,FALSE,FALSE,FALSE,0,8478233,20,8
2019020545,678,even-strength,63,1,FALSE,FALSE,TRUE,FALSE,FALSE,FALSE,0,8476346,20,8
2019020545,680,even-strength,33,-19,FALSE,FALSE,TRUE,TRUE,FALSE,FALSE,0.01504062588455964,8474673,20,8
2019020545,681,even-strength,83,6,FALSE,FALSE,TRUE,TRUE,FALSE,FALSE,0.08234595166505115,8477497,20,8
2019020545,682,even-strength,75,1,FALSE,FALSE,TRUE,FALSE,FALSE,FALSE,0,8470966,20,8
2019020545,687,even-strength,65,7,FALSE,FALSE,TRUE,FALSE,FALSE,FALSE,0,8473564,20,8
2019020545,688,even-strength,78,-4,FALSE,FALSE,TRUE,TRUE,FALSE,FALSE,0.07800550072965229,8476356,20,8
2019020545,690,even-strength,67,-2,FALSE,FALSE,TRUE,TRUE,TRUE,FALSE,0.10411925432708814,8474673,20,8
2019020545,692,even-strength,75,-5,FALSE,FALSE,TRUE,FALSE,FALSE,FALSE,0,8474150,20,8
2019020545,723,even-strength,40,0,FALSE,FALSE,TRUE,TRUE,FALSE,FALSE,0.02902212619782967,8474150,20,8
2019020545,731,even-strength,79,-3,FALSE,FALSE,TRUE,TRUE,TRUE,FALSE,0.13304196220068296,8474150,20,8
2019020545,854,even-strength,49,15,FALSE,FALSE,TRUE,TRUE,TRUE,FALSE,0.0608273124547623,8470966,20,8
2019020545,861,even-strength,75,-7,FALSE,FALSE,TRUE,TRUE,TRUE,FALSE,0.1066166424007695,8477496,20,8
2019020561,57,even-strength,81,7,TRUE,FALSE,TRUE,TRUE,TRUE,TRUE,0.13985932106873433,8477934,22,8
2019020561,59,even-strength,23,-8,FALSE,FALSE,TRUE,TRUE,TRUE,FALSE,0.01250285714561013,8476440,22,8
2019020561,60,even-strength,35,26,FALSE,FALSE,TRUE,TRUE,TRUE,FALSE,0.01750748846848703,8476472,22,8
2019020561,61,even-strength,72,7,FALSE,FALSE,TRUE,FALSE,FALSE,FALSE,0,8471707,22,8
2019020561,62,even-strength,80,1,FALSE,FALSE,TRUE,FALSE,FALSE,FALSE,0,8477498,22,8
2019020561,64,even-strength,44,-27,FALSE,FALSE,TRUE,TRUE,TRUE,FALSE,0.02190711366038147,8478452,22,8
2019020561,68,power-play,53,7,FALSE,FALSE,TRUE,FALSE,FALSE,FALSE,0,8476472,22,8
2019020561,72,even-strength,69,4,FALSE,FALSE,TRUE,FALSE,FALSE,FALSE,0,8476440,22,8
2019020561,75,even-strength,77,-18,FALSE,FALSE,TRUE,TRUE,TRUE,FALSE,0.06094933524658608,8475178,22,8
2019020561,79,even-strength,80,-6,FALSE,FALSE,TRUE,TRUE,TRUE,FALSE,0.0838691481505629,8475772,22,8
2019020561,80,even-strength,44,-18,FALSE,FALSE,TRUE,TRUE,FALSE,FALSE,0.01869383298724644,8478451,22,8
2019020561,81,even-strength,78,-13,FALSE,FALSE,TRUE,TRUE,TRUE,FALSE,0.05722468036135219,8476326,22,8
2019020561,82,even-strength,79,1,FALSE,FALSE,TRUE,TRUE,TRUE,TRUE,0.17558348880123767,8476326,22,8
2019020561,86,power-play,60,13,FALSE,FALSE,TRUE,TRUE,TRUE,FALSE,0.07159435785451239,8478402,22,8
2019020561,88,power-play,79,5,FALSE,TRUE,TRUE,TRUE,TRUE,FALSE,0.2737502602483673,8475163,22,8
2019020561,89,power-play,70,-16,FALSE,FALSE,TRUE,TRUE,TRUE,FALSE,0.06957795808236368,8478402,22,8
2019020561,90,power-play,83,-4,FALSE,FALSE,TRUE,FALSE,FALSE,FALSE,0,8477934,22,8
2019020561,92,power-play,83,19,FALSE,FALSE,TRUE,TRUE,TRUE,FALSE,0.0835564568343527,8478402,22,8
2019020561,94,even-strength,82,-4,FALSE,FALSE,TRUE,TRUE,TRUE,FALSE,0.11115768171360046,8471707,22,8
2019020561,100,even-strength,79,-5,FALSE,FALSE,TRUE,TRUE,FALSE,FALSE,0.08502212311173829,8471707,22,8
2019020561,301,even-strength,68,7,FALSE,FALSE,TRUE,FALSE,FALSE,FALSE,0,8471729,22,8
2019020561,302,even-strength,63,2,FALSE,TRUE,TRUE,TRUE,TRUE,FALSE,0.21512100096797832,8475163,22,8
2019020561,304,even-strength,36,-10,FALSE,FALSE,TRUE,TRUE,TRUE,FALSE,0.02770216418757676,8478451,22,8
2019020561,317,even-strength,69,-10,FALSE,FALSE,TRUE,FALSE,FALSE,FALSE,0,8476326,22,8
2019020561,318,even-strength,79,-12,FALSE,FALSE,TRUE,FALSE,FALSE,FALSE,0,8475772,22,8
2019020561,321,even-strength,80,-6,FALSE,FALSE,TRUE,FALSE,FALSE,FALSE,0,8478452,22,8
2019020561,325,even-strength,55,-24,FALSE,FALSE,TRUE,FALSE,FALSE,FALSE,0,8477498,22,8
2019020561,332,even-strength,36,-21,FALSE,FALSE,TRUE,TRUE,TRUE,FALSE,0.01964069194206209,8478451,22,8
2019020561,338,even-strength,76,-12,FALSE,FALSE,TRUE,TRUE,TRUE,FALSE,0.05677140663625261,8481813,22,8
2019020561,348,power-play,83,4,FALSE,FALSE,TRUE,TRUE,TRUE,TRUE,0.14901733632558758,8478402,22,8
2019020561,503,even-strength,36,26,FALSE,FALSE,TRUE,TRUE,FALSE,FALSE,0.01334704502570378,8476472,22,8
2019020561,516,even-strength,66,20,FALSE,FALSE,TRUE,TRUE,FALSE,FALSE,0.03542517479587716,8477934,22,8
2019020561,526,even-strength,66,5,FALSE,FALSE,TRUE,TRUE,FALSE,FALSE,0.07416987750149263,8476454,22,8
2019020561,528,even-strength,51,-33,FALSE,FALSE,TRUE,TRUE,TRUE,FALSE,0.02281316942574045,8476457,22,8
2019020561,530,even-strength,74,-10,FALSE,FALSE,TRUE,FALSE,FALSE,FALSE,0,8475772,22,8
2019020561,532,power-play,63,19,FALSE,FALSE,TRUE,TRUE,TRUE,FALSE,0.0925010892530382,8478402,22,8
2019020561,533,power-play,37,17,FALSE,FALSE,TRUE,TRUE,TRUE,FALSE,0.03287815669625069,8476472,22,8
2019020561,535,power-play,61,-26,FALSE,FALSE,TRUE,TRUE,FALSE,FALSE,0.06906812942936634,8477934,22,8
2019020561,538,even-strength,64,2,FALSE,FALSE,TRUE,TRUE,TRUE,FALSE,0.1407384948730704,8476454,22,8
2019020561,540,even-strength,81,4,FALSE,FALSE,TRUE,TRUE,TRUE,TRUE,0.15462332260252515,8475772,22,8
2019020561,545,even-strength,70,8,FALSE,FALSE,TRUE,FALSE,FALSE,FALSE,0,8481638,22,8
2019020561,546,even-strength,75,-21,FALSE,FALSE,TRUE,TRUE,TRUE,FALSE,0.05088296732655597,8476454,22,8
2019020561,548,power-play,67,-4,FALSE,FALSE,TRUE,TRUE,FALSE,FALSE,0.1605797062479361,8477934,22,8
2019020561,549,power-play,69,0,FALSE,FALSE,TRUE,TRUE,TRUE,FALSE,0.1349138162645847,8475163,22,8
2019020561,550,power-play,66,4,FALSE,FALSE,TRUE,TRUE,TRUE,FALSE,0.10805398451578284,8476454,22,8
2019020561,753,even-strength,48,-22,FALSE,FALSE,TRUE,FALSE,FALSE,FALSE,0,8476457,22,8
2019020577,53,even-strength,72,-8,FALSE,FALSE,TRUE,TRUE,TRUE,FALSE,0.07268454732970964,8471218,52,8
2019020577,54,even-strength,79,-5,FALSE,TRUE,TRUE,TRUE,TRUE,FALSE,0.20904009298491916,8471218,52,8
2019020577,57,even-strength,38,-34,FALSE,FALSE,TRUE,TRUE,FALSE,FALSE,0.01176130571091364,8480145,52,8
2019020577,60,even-strength,36,-15,FALSE,FALSE,TRUE,TRUE,TRUE,FALSE,0.0140502465292141,8476470,52,8
2019020577,61,even-strength,74,-2,FALSE,TRUE,TRUE,TRUE,TRUE,FALSE,0.22139244025330324,8478891,52,8
2019020577,64,even-strength,66,-7,FALSE,FALSE,TRUE,FALSE,FALSE,FALSE,0,8476400,52,8
2019020577,72,even-strength,47,-19,FALSE,FALSE,TRUE,TRUE,TRUE,FALSE,0.0259115121676034,8479339,52,8
2019020577,75,even-strength,81,-12,FALSE,FALSE,TRUE,TRUE,TRUE,FALSE,0.05827269038274638,8476406,52,8
2019020577,76,even-strength,72,-7,FALSE,FALSE,TRUE,FALSE,FALSE,FALSE,0,8477359,52,8
2019020577,78,even-strength,70,-2,FALSE,FALSE,TRUE,FALSE,FALSE,FALSE,0,8476460,52,8
2019020577,79,even-strength,34,-26,FALSE,FALSE,TRUE,TRUE,TRUE,FALSE,0.00916533827335725,8480145,52,8
2019020577,80,even-strength,77,0,TRUE,FALSE,TRUE,TRUE,FALSE,FALSE,0.2209493911113747,8476460,52,8
2019020577,82,even-strength,39,9,FALSE,FALSE,TRUE,TRUE,TRUE,FALSE,0.03117253681623891,8479339,52,8
2019020577,83,even-strength,35,22,FALSE,FALSE,TRUE,TRUE,FALSE,FALSE,0.0111245917131753,8477504,52,8
2019020577,89,even-strength,62,0,FALSE,FALSE,TRUE,TRUE,TRUE,FALSE,0.07722508665181653,8477940,52,8
2019020577,91,even-strength,50,28,FALSE,FALSE,TRUE,TRUE,TRUE,FALSE,0.01889766140943531,8478398,52,8
2019020577,99,power-play,76,-1,FALSE,FALSE,TRUE,TRUE,TRUE,FALSE,0.1573988642825465,8476460,52,8
2019020577,201,power-play,46,-24,FALSE,FALSE,TRUE,TRUE,FALSE,FALSE,0.03781399084119233,8471218,52,8
2019020577,202,power-play,63,0,FALSE,FALSE,TRUE,TRUE,TRUE,FALSE,0.1010802160596892,8476460,52,8
2019020577,203,power-play,81,-1,FALSE,TRUE,TRUE,TRUE,TRUE,FALSE,0.31336303854541275,8478398,52,8
2019020577,205,power-play,66,21,FALSE,FALSE,TRUE,TRUE,FALSE,FALSE,0.07759128816587628,8479339,52,8
2019020577,206,power-play,37,10,FALSE,FALSE,TRUE,TRUE,TRUE,FALSE,0.03514167656791515,8480145,52,8
2019020577,207,power-play,82,-8,FALSE,TRUE,TRUE,TRUE,TRUE,TRUE,0.25416921045512814,8478398,52,8
2019020577,212,even-strength,63,-9,FALSE,FALSE,TRUE,FALSE,FALSE,FALSE,0,8477359,52,8
2019020577,226,power-play,83,-4,FALSE,TRUE,TRUE,FALSE,FALSE,FALSE,0,8476460,52,8
2019020577,238,even-strength,70,-37,FALSE,FALSE,TRUE,TRUE,TRUE,FALSE,0.018251759638167,8478891,52,8
2019020577,245,even-strength,52,2,FALSE,FALSE,TRUE,TRUE,TRUE,FALSE,0.04795242497891906,8477940,52,8
2019020577,401,even-strength,64,-30,FALSE,FALSE,TRUE,TRUE,FALSE,FALSE,0.02318570082688816,8478891,52,8
2019020577,405,even-strength,78,-3,FALSE,FALSE,TRUE,TRUE,TRUE,FALSE,0.11039809390022816,8476460,52,8
2019020577,418,power-play,60,-9,FALSE,FALSE,TRUE,TRUE,FALSE,FALSE,0.05430312194846901,8476460,52,8
2019020577,419,power-play,56,25,FALSE,FALSE,TRUE,TRUE,TRUE,FALSE,0.06535855552195459,8479339,52,8
2019020577,428,even-strength,51,-16,FALSE,FALSE,TRUE,FALSE,FALSE,FALSE,0,8480145,52,8
2019020577,435,even-strength,84,-4,FALSE,FALSE,TRUE,TRUE,TRUE,FALSE,0.0835382250453024,8478398,52,8
2019020577,440,even-strength,52,-18,FALSE,FALSE,TRUE,TRUE,TRUE,TRUE,0.02906558345010439,8479339,52,8
2019020577,442,even-strength,36,-30,FALSE,FALSE,TRUE,TRUE,FALSE,FALSE,0.01117519464212316,8477359,52,8
2019020577,450,even-strength,36,-18,FALSE,FALSE,TRUE,TRUE,TRUE,FALSE,0.01943116688514683,8480145,52,8
2019020577,601,even-strength,73,-13,FALSE,FALSE,TRUE,FALSE,FALSE,FALSE,0,8478398,52,8
2019020577,613,even-strength,51,18,FALSE,FALSE,TRUE,FALSE,FALSE,FALSE,0,8479339,52,8
2019020577,624,even-strength,66,-23,FALSE,FALSE,TRUE,TRUE,TRUE,FALSE,0.03265967689063338,8476460,52,8
2019020577,626,even-strength,41,-19,FALSE,FALSE,TRUE,TRUE,FALSE,FALSE,0.028999823153716,8477940,52,8
2019020577,627,even-strength,72,6,FALSE,FALSE,TRUE,FALSE,FALSE,FALSE,0,8477359,52,8
2019020577,629,even-strength,70,11,FALSE,FALSE,TRUE,TRUE,TRUE,FALSE,0.07402316687122738,8476392,52,8
2019020577,633,even-strength,65,-5,FALSE,FALSE,TRUE,TRUE,FALSE,FALSE,0.06339239480131843,8478458,52,8
2019020577,634,even-strength,85,18,FALSE,TRUE,TRUE,TRUE,TRUE,FALSE,0.13531098893424157,8471218,52,8
2019020577,701,even-strength,34,-6,FALSE,FALSE,TRUE,TRUE,TRUE,FALSE,0.02987447824817973,8480145,52,8
2019020577,702,even-strength,53,25,FALSE,FALSE,TRUE,TRUE,TRUE,FALSE,0.02790825185786265,8477940,52,8
2019020577,706,even-strength,54,1,FALSE,FALSE,TRUE,TRUE,TRUE,FALSE,0.05682704214632293,8476392,52,8
2019020577,708,even-strength,72,-7,FALSE,FALSE,TRUE,FALSE,FALSE,FALSE,0,8477359,52,8
2019020577,712,even-strength,56,-13,TRUE,FALSE,TRUE,TRUE,TRUE,FALSE,0.04831933552525239,8478891,52,8
2019020594,20,even-strength,64,19,FALSE,FALSE,TRUE,FALSE,FALSE,FALSE,0,8476453,14,8
2019020594,34,even-strength,57,-16,FALSE,FALSE,TRUE,TRUE,FALSE,FALSE,0.0378331240689942,8476453,14,8
2019020594,44,even-strength,48,-16,FALSE,FALSE,TRUE,TRUE,TRUE,FALSE,0.03026292457686773,8474870,14,8
2019020594,46,even-strength,84,10,FALSE,FALSE,TRUE,TRUE,TRUE,FALSE,0.0489555685519964,8480172,14,8
2019020594,49,even-strength,68,10,FALSE,FALSE,TRUE,TRUE,TRUE,FALSE,0.04827034036846414,8474031,14,8
2019020594,50,even-strength,72,1,FALSE,FALSE,TRUE,FALSE,FALSE,FALSE,0,8478010,14,8
2019020594,64,even-strength,70,3,FALSE,FALSE,TRUE,TRUE,FALSE,FALSE,0.05843322787426323,8478010,14,8
2019020594,86,even-strength,43,25,FALSE,FALSE,TRUE,TRUE,TRUE,FALSE,0.01741843573601628,8475167,14,8
2019020594,93,even-strength,77,3,FALSE,FALSE,TRUE,TRUE,TRUE,TRUE,0.11335773200118812,8473986,14,8
2019020594,202,even-strength,56,8,FALSE,FALSE,TRUE,TRUE,TRUE,FALSE,0.03450610022176057,8478010,14,8
2019020594,203,even-strength,68,-11,FALSE,FALSE,TRUE,TRUE,TRUE,FALSE,0.04320066601332686,8478477,14,8
2019020594,206,even-strength,73,-2,FALSE,FALSE,TRUE,FALSE,FALSE,FALSE,0,8478519,14,8
2019020594,210,even-strength,45,-1,FALSE,FALSE,TRUE,TRUE,TRUE,FALSE,0.03504465261966467,8474031,14,8
2019020594,213,even-strength,66,1,FALSE,FALSE,TRUE,TRUE,TRUE,FALSE,0.1133468305776804,8476975,14,8
2019020594,216,even-strength,77,11,FALSE,FALSE,TRUE,TRUE,TRUE,FALSE,0.0771812958795181,8475167,14,8
2019020594,225,even-strength,60,6,FALSE,FALSE,TRUE,TRUE,FALSE,FALSE,0.04874290379274382,8474564,14,8
2019020594,231,even-strength,40,-26,FALSE,FALSE,TRUE,TRUE,FALSE,FALSE,0.01961533804706374,8478416,14,8
2019020594,234,even-strength,74,4,FALSE,FALSE,TRUE,FALSE,FALSE,FALSE,0,8478519,14,8
2019020594,235,even-strength,55,5,FALSE,FALSE,TRUE,TRUE,FALSE,FALSE,0.05531257639342699,8478519,14,8
2019020594,236,even-strength,77,0,FALSE,FALSE,TRUE,TRUE,TRUE,FALSE,0.214222485099458,8478477,14,8
2019020594,240,even-strength,75,2,FALSE,FALSE,TRUE,TRUE,TRUE,FALSE,0.09432448211110116,8476453,14,8
2019020594,242,even-strength,72,8,FALSE,FALSE,TRUE,FALSE,FALSE,FALSE,0,8475167,14,8
2019020594,245,even-strength,52,-23,FALSE,FALSE,TRUE,TRUE,FALSE,FALSE,0.04667288454274351,8478477,14,8
2019020594,247,even-strength,74,4,FALSE,FALSE,TRUE,FALSE,FALSE,FALSE,0,8476975,14,8
2019020594,301,even-strength,80,-1,FALSE,TRUE,TRUE,TRUE,TRUE,TRUE,0.3696103437843655,8474564,14,8
2019020594,304,even-strength,74,5,FALSE,TRUE,TRUE,TRUE,TRUE,TRUE,0.21382239353026605,8478477,14,8
2019020594,311,even-strength,71,0,FALSE,FALSE,TRUE,FALSE,FALSE,FALSE,0,8476453,14,8
2019020594,318,even-strength,56,-12,FALSE,FALSE,TRUE,TRUE,TRUE,TRUE,0.0501996057129873,8473986,14,8
2019020594,340,even-strength,68,2,FALSE,TRUE,TRUE,TRUE,TRUE,TRUE,0.17175665404117707,8478519,14,8
2019020594,402,even-strength,51,-16,FALSE,FALSE,TRUE,TRUE,TRUE,FALSE,0.0352277006103354,8478472,14,8
2019020594,405,even-strength,75,0,FALSE,FALSE,TRUE,FALSE,FALSE,FALSE,0,8478472,14,8
2019020594,413,even-strength,69,-4,FALSE,FALSE,TRUE,TRUE,FALSE,FALSE,0.09441758084561984,8474564,14,8
2019020594,416,even-strength,64,12,FALSE,FALSE,TRUE,TRUE,FALSE,FALSE,0.0612064684431466,8475167,14,8
2019020594,418,power-play,54,-24,FALSE,FALSE,TRUE,TRUE,TRUE,FALSE,0.04810015428847762,8473986,14,8
2019020594,420,power-play,59,-16,FALSE,FALSE,TRUE,TRUE,TRUE,FALSE,0.06321401636131992,8473986,14,8
2019020594,421,power-play,65,14,FALSE,FALSE,TRUE,TRUE,TRUE,FALSE,0.10637531973215957,8474564,14,8
2019020594,424,power-play,74,-3,FALSE,FALSE,TRUE,FALSE,FALSE,FALSE,0,8474031,14,8
2019020594,428,even-strength,75,2,TRUE,FALSE,TRUE,FALSE,FALSE,FALSE,0,8478477,14,8
2019020594,429,even-strength,76,-3,FALSE,FALSE,TRUE,FALSE,FALSE,FALSE,0,8474151,14,8
2019020594,431,even-strength,62,-2,FALSE,FALSE,TRUE,TRUE,TRUE,FALSE,0.08955032410114593,8478010,14,8
2019020594,447,even-strength,43,-22,FALSE,FALSE,TRUE,TRUE,FALSE,FALSE,0.01843763708593406,8478519,14,8
2019020594,448,even-strength,55,-13,FALSE,FALSE,TRUE,TRUE,TRUE,FALSE,0.05707301271042912,8478519,14,8
2019020594,602,even-strength,53,-17,FALSE,FALSE,TRUE,FALSE,FALSE,FALSE,0,8480172,14,8
2019020594,604,even-strength,64,-7,FALSE,FALSE,TRUE,TRUE,FALSE,FALSE,0.09217710675051566,8476826,14,8
2019020594,605,even-strength,79,1,FALSE,FALSE,TRUE,FALSE,FALSE,FALSE,0,8474151,14,8
2019020594,609,even-strength,-40,9,TRUE,FALSE,TRUE,TRUE,TRUE,FALSE,0.00206303928522961,8476292,14,8
2019020594,613,even-strength,58,-11,TRUE,FALSE,TRUE,TRUE,TRUE,FALSE,0.09424648865857888,8480172,14,8
2019020594,615,even-strength,74,-5,FALSE,FALSE,TRUE,TRUE,TRUE,FALSE,0.10040623200182332,8478010,14,8
2019020594,616,even-strength,59,22,FALSE,FALSE,TRUE,TRUE,TRUE,FALSE,0.03189722998464545,8476826,14,8
2019020594,617,even-strength,32,17,FALSE,FALSE,TRUE,TRUE,TRUE,FALSE,0.01631011154353953,8476826,14,8
2019020594,624,even-strength,38,13,FALSE,FALSE,TRUE,TRUE,TRUE,FALSE,0.02375017079066854,8479410,14,8
2019020594,629,even-strength,69,-5,FALSE,FALSE,TRUE,TRUE,TRUE,FALSE,0.09067852697885571,8476826,14,8
2019020594,751,even-strength,40,10,FALSE,TRUE,TRUE,TRUE,TRUE,FALSE,0.07388439928985505,8475167,14,8
2019020608,55,even-strength,85,-9,FALSE,FALSE,TRUE,TRUE,TRUE,FALSE,0.07550464121898359,8474149,13,8
2019020608,69,even-strength,36,23,TRUE,FALSE,TRUE,TRUE,FALSE,FALSE,0.02440332900200022,8476875,13,8
2019020608,70,even-strength,79,-7,TRUE,TRUE,TRUE,TRUE,TRUE,TRUE,0.21588331630777025,8478569,13,8
2019020608,74,even-strength,39,29,TRUE,FALSE,TRUE,TRUE,TRUE,FALSE,0.03545799132733136,8476952,13,8
2019020608,76,even-strength,38,-33,FALSE,FALSE,TRUE,TRUE,TRUE,FALSE,0.01406289575313251,8471873,13,8
2019020608,78,even-strength,65,-12,FALSE,FALSE,TRUE,FALSE,FALSE,FALSE,0,8478366,13,8
2019020608,79,even-strength,81,0,FALSE,FALSE,TRUE,FALSE,FALSE,FALSE,0,8476875,13,8
2019020608,80,even-strength,74,9,FALSE,FALSE,TRUE,TRUE,TRUE,TRUE,0.07679412570906897,8477493,13,8
2019020608,82,even-strength,33,-4,FALSE,FALSE,TRUE,FALSE,FALSE,FALSE,0,8477932,13,8
2019020608,90,power-play,68,-12,FALSE,FALSE,TRUE,FALSE,FALSE,FALSE,0,8474884,13,8
2019020608,91,power-play,43,-24,FALSE,FALSE,TRUE,TRUE,FALSE,FALSE,0.04622896368407586,8477493,13,8
2019020608,92,power-play,45,-20,FALSE,FALSE,TRUE,TRUE,TRUE,FALSE,0.03991737187261974,8474884,13,8
2019020608,95,penalty-kill,47,19,FALSE,FALSE,TRUE,TRUE,FALSE,FALSE,0.02713990539958885,8477493,13,8
2019020608,99,even-strength,78,-9,FALSE,FALSE,TRUE,FALSE,FALSE,FALSE,0,8476389,13,8
2019020608,301,power-play,73,-10,FALSE,FALSE,TRUE,FALSE,FALSE,FALSE,0,8474884,13,8
2019020608,302,power-play,61,-21,FALSE,TRUE,TRUE,TRUE,TRUE,FALSE,0.1922726088297368,8474884,13,8
2019020608,308,power-play,30,2,FALSE,FALSE,TRUE,TRUE,FALSE,FALSE,0.02708609876157441,8471735,13,8
2019020608,309,power-play,37,-19,FALSE,FALSE,TRUE,TRUE,TRUE,FALSE,0.0298703574948091,8471735,13,8
2019020608,311,power-play,78,-9,FALSE,FALSE,TRUE,FALSE,FALSE,FALSE,0,8474149,13,8
2019020608,312,power-play,47,-27,FALSE,FALSE,TRUE,TRUE,TRUE,FALSE,0.04068176877540747,8474884,13,8
2019020608,316,even-strength,47,-14,FALSE,FALSE,TRUE,TRUE,TRUE,FALSE,0.02442113776613731,8479388,13,8
2019020608,318,penalty-kill,-82,-23,FALSE,FALSE,TRUE,TRUE,TRUE,FALSE,2.5309372920699944e-4,8478569,13,8
2019020608,320,even-strength,28,31,FALSE,FALSE,TRUE,TRUE,FALSE,FALSE,0.04331484643454866,8471735,13,8
2019020608,326,even-strength,85,0,FALSE,FALSE,TRUE,TRUE,TRUE,FALSE,0.16041962588941222,8474149,13,8
2019020608,327,even-strength,79,1,FALSE,FALSE,TRUE,TRUE,TRUE,FALSE,0.14412972626875106,8474149,13,8
2019020608,328,even-strength,85,-10,FALSE,FALSE,TRUE,TRUE,TRUE,FALSE,0.03818623039097624,8477493,13,8
2019020608,329,even-strength,80,-7,FALSE,FALSE,TRUE,TRUE,TRUE,TRUE,0.086933818358477,8477493,13,8
2019020608,331,even-strength,77,0,FALSE,FALSE,TRUE,FALSE,FALSE,FALSE,0,8471735,13,8
2019020608,332,even-strength,60,19,FALSE,FALSE,TRUE,FALSE,FALSE,FALSE,0,8471735,13,8
2019020608,333,even-strength,69,4,FALSE,FALSE,TRUE,FALSE,FALSE,FALSE,0,8471735,13,8
2019020608,346,power-play,52,21,FALSE,FALSE,TRUE,TRUE,TRUE,FALSE,0.05382931952810133,8476456,13,8
2019020608,347,power-play,60,-15,FALSE,FALSE,TRUE,FALSE,FALSE,FALSE,0,8474149,13,8
2019020608,348,even-strength,67,7,FALSE,FALSE,TRUE,FALSE,FALSE,FALSE,0,8471735,13,8
2019020608,349,even-strength,45,-32,TRUE,FALSE,TRUE,TRUE,TRUE,FALSE,0.03242321645415211,8475796,13,8
2019020608,505,even-strength,31,30,FALSE,FALSE,TRUE,TRUE,TRUE,FALSE,0.00858898191364667,8479388,13,8
2019020608,511,even-strength,91,20,FALSE,FALSE,TRUE,TRUE,TRUE,TRUE,0.07016943856682288,8476456,13,8
2019020608,513,even-strength,50,16,FALSE,FALSE,TRUE,TRUE,TRUE,TRUE,0.02723774932308751,8476456,13,8
2019020608,518,even-strength,74,-4,FALSE,FALSE,TRUE,FALSE,FALSE,FALSE,0,8476952,13,8
2019020608,519,even-strength,73,23,FALSE,TRUE,TRUE,TRUE,TRUE,FALSE,0.10968108862813623,8474098,13,8
2019020608,538,even-strength,38,32,FALSE,FALSE,TRUE,TRUE,TRUE,TRUE,0.00927335096855929,8476875,13,8
2019020608,661,even-strength,72,-5,FALSE,FALSE,TRUE,TRUE,TRUE,FALSE,0.14158552479709938,8476456,13,8
2019020608,665,even-strength,45,-20,FALSE,FALSE,TRUE,TRUE,TRUE,FALSE,0.02302856015351528,8476389,13,8
2019020608,667,even-strength,29,-16,FALSE,FALSE,TRUE,TRUE,TRUE,FALSE,0.01701307764743184,8477384,13,8
2019020608,673,even-strength,39,27,FALSE,FALSE,TRUE,TRUE,TRUE,FALSE,0.01414740010427183,8476456,13,8
2019020608,674,even-strength,76,9,FALSE,FALSE,TRUE,FALSE,FALSE,FALSE,0,8477493,13,8
2019020608,675,even-strength,75,-17,FALSE,FALSE,TRUE,TRUE,TRUE,FALSE,0.0649407513788338,8474149,13,8
2019020608,676,even-strength,82,-3,FALSE,TRUE,TRUE,TRUE,TRUE,FALSE,0.22955221704765708,8477493,13,8
2019020608,678,even-strength,73,-15,FALSE,FALSE,TRUE,FALSE,FALSE,FALSE,0,8477384,13,8
2019020608,679,even-strength,30,-28,FALSE,FALSE,TRUE,TRUE,FALSE,FALSE,0.01136866112174787,8477384,13,8
2019020608,682,even-strength,39,16,FALSE,FALSE,TRUE,TRUE,TRUE,FALSE,0.02042413157735072,8470619,13,8
2019020608,683,even-strength,41,-23,FALSE,FALSE,TRUE,TRUE,FALSE,FALSE,0.01493333003397926,8475796,13,8
2019020608,684,even-strength,47,23,FALSE,FALSE,TRUE,FALSE,FALSE,FALSE,0,8476875,13,8
2019020608,689,even-strength,34,10,TRUE,FALSE,TRUE,TRUE,FALSE,FALSE,0.03587094076537824,8478569,13,8
2019020608,690,even-strength,55,22,FALSE,FALSE,TRUE,TRUE,TRUE,FALSE,0.02983284336777027,8478569,13,8
2019020608,691,even-strength,75,9,FALSE,FALSE,TRUE,FALSE,FALSE,FALSE,0,8474884,13,8
2019020608,698,even-strength,58,-14,TRUE,FALSE,TRUE,TRUE,TRUE,FALSE,0.0822686407626885,8476389,13,8
2019020608,700,even-strength,54,13,FALSE,FALSE,TRUE,FALSE,FALSE,FALSE,0,8476875,13,8
2019020608,801,even-strength,84,29,FALSE,FALSE,TRUE,TRUE,TRUE,FALSE,0.02462856678098128,8474149,13,8
2019020608,802,even-strength,33,-11,FALSE,FALSE,TRUE,TRUE,TRUE,FALSE,0.01817522598494067,8477932,13,8
2019020608,803,even-strength,86,-13,FALSE,TRUE,TRUE,TRUE,TRUE,FALSE,0.13690202886752256,8476456,13,8
2019020608,804,even-strength,87,-9,FALSE,FALSE,TRUE,TRUE,FALSE,FALSE,0.0838836334601021,8476456,13,8
2019020629,53,even-strength,40,-19,FALSE,FALSE,TRUE,TRUE,FALSE,FALSE,0.01571852115438827,8478416,14,8
2019020629,54,even-strength,68,0,FALSE,FALSE,TRUE,TRUE,TRUE,TRUE,0.06583772222447806,8474564,14,8
2019020629,55,even-strength,38,-20,FALSE,FALSE,TRUE,TRUE,TRUE,FALSE,0.01537546400779246,8478010,14,8
2019020629,56,even-strength,32,27,FALSE,FALSE,TRUE,TRUE,FALSE,FALSE,0.01567210782243603,8476453,14,8
2019020629,62,even-strength,54,-8,FALSE,FALSE,TRUE,FALSE,FALSE,FALSE,0,8478416,14,8
2019020629,66,even-strength,67,-2,FALSE,FALSE,TRUE,TRUE,TRUE,FALSE,0.05471849720756087,8474564,14,8
2019020629,68,even-strength,76,8,FALSE,FALSE,TRUE,FALSE,FALSE,FALSE,0,8474564,14,8
2019020629,73,even-strength,-66,38,FALSE,FALSE,TRUE,TRUE,TRUE,FALSE,2.0993804951636015e-4,8474151,14,8
2019020629,74,even-strength,83,-11,TRUE,FALSE,TRUE,TRUE,TRUE,TRUE,0.12020839618227556,8476453,14,8
2019020629,75,even-strength,81,3,FALSE,FALSE,TRUE,TRUE,TRUE,FALSE,0.08643804150404058,8478010,14,8
2019020629,85,even-strength,59,19,FALSE,FALSE,TRUE,TRUE,TRUE,FALSE,0.03846439157014457,8474564,14,8
2019020629,88,even-strength,36,30,TRUE,FALSE,TRUE,TRUE,TRUE,FALSE,0.01545780143001615,8476453,14,8
2019020629,89,even-strength,78,2,FALSE,FALSE,TRUE,FALSE,FALSE,FALSE,0,8476975,14,8
2019020629,92,even-strength,54,20,FALSE,FALSE,TRUE,FALSE,FALSE,FALSE,0,8474151,14,8
2019020629,96,even-strength,4,36,FALSE,FALSE,TRUE,TRUE,TRUE,FALSE,0.00201384090581381,8474151,14,8
2019020629,306,even-strength,80,6,TRUE,FALSE,TRUE,TRUE,TRUE,FALSE,0.0948288094462936,8476826,14,8
2019020629,309,even-strength,78,0,FALSE,FALSE,TRUE,TRUE,TRUE,FALSE,0.12592797250319474,8478519,14,8
2019020629,310,even-strength,79,0,FALSE,FALSE,TRUE,TRUE,TRUE,FALSE,0.11008537945314983,8473986,14,8
2019020629,312,even-strength,73,15,FALSE,FALSE,TRUE,TRUE,FALSE,FALSE,0.03887404228141435,8477409,14,8
2019020629,318,even-strength,35,-32,FALSE,FALSE,TRUE,TRUE,TRUE,FALSE,0.01070661601076844,8474034,14,8
2019020629,320,even-strength,31,-30,FALSE,FALSE,TRUE,TRUE,TRUE,FALSE,0.00948350293053918,8470601,14,8
2019020629,322,even-strength,67,-6,FALSE,FALSE,TRUE,TRUE,TRUE,FALSE,0.04483046512805822,8474034,14,8
2019020629,329,even-strength,80,1,FALSE,FALSE,TRUE,FALSE,FALSE,FALSE,0,8478519,14,8
2019020629,338,even-strength,19,38,FALSE,FALSE,TRUE,TRUE,FALSE,FALSE,0.00366148084185415,8476453,14,8
2019020629,345,even-strength,51,-13,FALSE,FALSE,TRUE,TRUE,FALSE,FALSE,0.02818214508694886,8474870,14,8
2019020629,347,even-strength,56,35,FALSE,FALSE,TRUE,TRUE,FALSE,FALSE,0.03186614554020539,8475167,14,8
2019020629,348,even-strength,69,-1,FALSE,FALSE,TRUE,FALSE,FALSE,FALSE,0,8474870,14,8
2019020629,350,even-strength,55,4,FALSE,FALSE,TRUE,TRUE,TRUE,FALSE,0.07257858056897629,8476826,14,8
2019020629,510,even-strength,46,32,FALSE,FALSE,TRUE,TRUE,FALSE,FALSE,0.01961852890697227,8474564,14,8
2019020629,513,even-strength,55,9,TRUE,FALSE,TRUE,TRUE,TRUE,FALSE,0.09270040706025236,8476826,14,8
2019020629,517,even-strength,83,-2,TRUE,FALSE,TRUE,FALSE,FALSE,FALSE,0,8474870,14,8
2019020629,520,even-strength,35,-33,FALSE,FALSE,TRUE,TRUE,FALSE,FALSE,0.01655418625122045,8479410,14,8
2019020629,525,even-strength,40,21,TRUE,FALSE,TRUE,TRUE,TRUE,FALSE,0.03743669183212694,8474151,14,8
2019020629,527,even-strength,78,4,FALSE,FALSE,TRUE,TRUE,TRUE,FALSE,0.11941702419107698,8474151,14,8
2019020629,528,even-strength,78,1,FALSE,TRUE,TRUE,TRUE,TRUE,FALSE,0.2898850007463217,8476975,14,8
2019020629,530,even-strength,68,21,FALSE,FALSE,TRUE,TRUE,FALSE,FALSE,0.02982547342597829,8476292,14,8
2019020629,535,even-strength,51,-24,FALSE,FALSE,TRUE,FALSE,FALSE,FALSE,0,8476292,14,8
2019020629,538,even-strength,73,0,FALSE,TRUE,TRUE,TRUE,TRUE,FALSE,0.258137891501867,8476975,14,8
2019020629,539,even-strength,80,-2,FALSE,TRUE,TRUE,TRUE,TRUE,FALSE,0.29534461275642376,8476975,14,8
2019020629,701,penalty-kill,-63,10,FALSE,FALSE,TRUE,TRUE,TRUE,FALSE,0.00147162820214712,8479410,14,8
2019020647,53,even-strength,50,14,FALSE,FALSE,TRUE,TRUE,TRUE,FALSE,0.0403997107717074,8471887,5,8
2019020647,54,even-strength,51,-37,FALSE,FALSE,TRUE,TRUE,FALSE,FALSE,0.01213516671330402,8479944,5,8
2019020647,55,even-strength,79,6,FALSE,FALSE,TRUE,TRUE,TRUE,FALSE,0.07166612143123416,8479944,5,8
2019020647,58,even-strength,56,-23,FALSE,FALSE,TRUE,FALSE,FALSE,FALSE,0,8480946,5,8
2019020647,59,even-strength,98,-8,FALSE,TRUE,TRUE,TRUE,TRUE,FALSE,0.07370918973733687,8480946,5,8
2019020647,61,even-strength,53,-4,FALSE,FALSE,TRUE,FALSE,FALSE,FALSE,0,8476851,5,8
2019020647,64,even-strength,56,-23,FALSE,FALSE,TRUE,TRUE,FALSE,FALSE,0.02600881107839911,8471724,5,8
2019020647,71,even-strength,53,-27,FALSE,FALSE,TRUE,FALSE,FALSE,FALSE,0,8475810,5,8
2019020647,72,even-strength,47,-15,FALSE,FALSE,TRUE,TRUE,FALSE,FALSE,0.01806999134529436,8471724,5,8
2019020647,75,even-strength,90,-11,FALSE,FALSE,TRUE,TRUE,FALSE,FALSE,0.06109385226432889,8476927,5,8
2019020647,76,even-strength,77,-2,TRUE,FALSE,TRUE,TRUE,TRUE,TRUE,0.22389004189282255,8479944,5,8
2019020647,87,power-play,81,7,FALSE,FALSE,TRUE,TRUE,FALSE,FALSE,0.12689558633116466,8471887,5,8
2019020647,88,power-play,76,-1,FALSE,FALSE,TRUE,TRUE,FALSE,FALSE,0.2042204141095837,8471887,5,8
2019020647,89,power-play,61,28,FALSE,FALSE,TRUE,TRUE,TRUE,FALSE,0.0489902202888799,8471215,5,8
2019020647,90,power-play,78,0,FALSE,TRUE,TRUE,TRUE,TRUE,FALSE,0.28029149755878824,8471887,5,8
2019020647,92,even-strength,5,14,FALSE,FALSE,TRUE,TRUE,TRUE,FALSE,0.0324446531558228,8477955,5,8
2019020647,96,even-strength,75,-1,FALSE,FALSE,TRUE,FALSE,FALSE,FALSE,0,8471724,5,8
2019020647,97,even-strength,71,5,FALSE,FALSE,TRUE,TRUE,FALSE,FALSE,0.07772422731329731,8475810,5,8
2019020647,98,even-strength,74,2,TRUE,FALSE,TRUE,TRUE,FALSE,FALSE,0.13115444652517033,8479944,5,8
2019020647,99,even-strength,73,-25,FALSE,FALSE,TRUE,TRUE,TRUE,FALSE,0.03298785991374733,8476927,5,8
2019020647,251,even-strength,73,0,FALSE,FALSE,TRUE,TRUE,TRUE,FALSE,0.1251591422574002,8477955,5,8
2019020647,252,even-strength,82,12,FALSE,TRUE,TRUE,TRUE,TRUE,FALSE,0.16771086997437215,8477955,5,8
2019020647,255,power-play,76,1,FALSE,FALSE,TRUE,FALSE,FALSE,FALSE,0,8471724,5,8
2019020647,257,power-play,21,5,FALSE,FALSE,TRUE,TRUE,TRUE,FALSE,0.04309977228306369,8471215,5,8
2019020647,269,even-strength,51,-20,FALSE,FALSE,TRUE,FALSE,FALSE,FALSE,0,8477244,5,8
2019020647,278,penalty-kill,70,-11,FALSE,FALSE,TRUE,TRUE,TRUE,FALSE,0.09627145340141594,8479293,5,8
2019020647,282,even-strength,80,-7,FALSE,FALSE,TRUE,TRUE,TRUE,FALSE,0.1416046926001211,8475810,5,8
2019020647,284,even-strength,79,-4,TRUE,FALSE,TRUE,FALSE,FALSE,FALSE,0,8471677,5,8
2019020647,287,even-strength,62,-16,FALSE,FALSE,TRUE,FALSE,FALSE,FALSE,0,8471215,5,8
2019020647,288,power-play,79,-4,FALSE,FALSE,TRUE,TRUE,TRUE,FALSE,0.11396043716686892,8471887,5,8
2019020647,289,power-play,50,32,FALSE,FALSE,TRUE,TRUE,FALSE,FALSE,0.04827244216177145,8477955,5,8
2019020647,290,power-play,83,6,FALSE,FALSE,TRUE,TRUE,FALSE,FALSE,0.1081199565007082,8471887,5,8
2019020647,291,even-strength,60,-6,FALSE,FALSE,TRUE,TRUE,TRUE,FALSE,0.05702893105316339,8477969,5,8
2019020647,293,even-strength,30,-40,FALSE,FALSE,TRUE,TRUE,TRUE,FALSE,0.00616172838904147,8478507,5,8
2019020647,297,even-strength,86,14,TRUE,FALSE,TRUE,TRUE,FALSE,FALSE,0.05172007642382518,8477010,5,8
2019020647,298,even-strength,47,-16,FALSE,FALSE,TRUE,FALSE,FALSE,FALSE,0,8477244,5,8
2019020647,512,even-strength,77,19,FALSE,FALSE,TRUE,TRUE,TRUE,FALSE,0.03648475225319349,8477244,5,8
2019020647,513,even-strength,75,-16,FALSE,FALSE,TRUE,TRUE,TRUE,FALSE,0.03799829872451611,8471215,5,8
2019020647,514,even-strength,61,-19,FALSE,TRUE,TRUE,FALSE,FALSE,FALSE,0,8480945,5,8
2019020647,516,even-strength,83,17,FALSE,FALSE,TRUE,TRUE,TRUE,FALSE,0.03934662737744278,8479944,5,8
2019020647,517,even-strength,34,-12,FALSE,FALSE,TRUE,TRUE,TRUE,FALSE,0.02043816828303036,8477244,5,8
2019020647,518,even-strength,71,-18,FALSE,TRUE,TRUE,FALSE,FALSE,FALSE,0,8480946,5,8
2019020647,519,even-strength,71,24,FALSE,FALSE,TRUE,FALSE,FALSE,FALSE,0,8478866,5,8
2019020647,522,even-strength,84,-9,TRUE,FALSE,TRUE,TRUE,TRUE,FALSE,0.0964839530406678,8471215,5,8
2019020647,527,even-strength,31,28,FALSE,FALSE,TRUE,TRUE,FALSE,FALSE,0.01000828037976717,8471677,5,8
2019020647,528,even-strength,77,1,FALSE,FALSE,TRUE,FALSE,FALSE,FALSE,0,8475810,5,8
2019020647,531,even-strength,75,38,FALSE,FALSE,TRUE,TRUE,TRUE,FALSE,0.02094699219433104,8476974,5,8
2019020647,533,even-strength,55,15,FALSE,FALSE,TRUE,TRUE,TRUE,FALSE,0.03094043073878076,8480946,5,8
2019020647,535,even-strength,68,20,FALSE,FALSE,TRUE,TRUE,TRUE,FALSE,0.03489156291015971,8477955,5,8
2019020647,542,even-strength,74,3,TRUE,FALSE,TRUE,TRUE,TRUE,FALSE,0.21102611576500072,8480946,5,8
2019020647,543,even-strength,70,-1,TRUE,FALSE,TRUE,TRUE,FALSE,FALSE,0.15729483888480156,8471215,5,8
2019020647,544,even-strength,83,-13,TRUE,TRUE,TRUE,TRUE,TRUE,TRUE,0.2272657852811125,8475810,5,8
2019020647,548,even-strength,75,3,FALSE,FALSE,TRUE,TRUE,TRUE,FALSE,0.10158638998888608,8471887,5,8
2019020647,550,even-strength,33,-5,FALSE,FALSE,TRUE,TRUE,TRUE,FALSE,0.02139909261636775,8471677,5,8
2019020647,701,even-strength,94,18,FALSE,FALSE,TRUE,TRUE,TRUE,FALSE,0.04272267672116135,8471215,5,8
2019020647,703,power-play,70,2,FALSE,FALSE,TRUE,FALSE,FALSE,FALSE,0,8471724,5,8
2019020647,705,power-play,73,-5,FALSE,FALSE,TRUE,TRUE,TRUE,FALSE,0.12473253247304134,8476851,5,8
2019020647,712,even-strength,72,0,FALSE,FALSE,TRUE,FALSE,FALSE,FALSE,0,8479944,5,8
2019020647,713,even-strength,62,-16,FALSE,FALSE,TRUE,TRUE,FALSE,FALSE,0.03765276421663156,8471724,5,8
2019020647,716,even-strength,32,-9,FALSE,FALSE,TRUE,TRUE,TRUE,FALSE,0.01663018551417302,8471724,5,8
2019020647,720,even-strength,85,-10,FALSE,FALSE,TRUE,TRUE,FALSE,FALSE,0.07001056055653114,8471215,5,8
2019020647,721,even-strength,75,2,TRUE,FALSE,TRUE,TRUE,TRUE,FALSE,0.15563884855387417,8475810,5,8
2019020647,723,even-strength,76,-4,FALSE,FALSE,TRUE,FALSE,FALSE,FALSE,0,8478507,5,8
2019020647,727,even-strength,14,-6,FALSE,FALSE,TRUE,TRUE,TRUE,FALSE,0.00668070678351235,8477955,5,8
2019020647,728,even-strength,56,0,FALSE,FALSE,TRUE,TRUE,FALSE,FALSE,0.07219447033831962,8479293,5,8
2019020647,730,even-strength,58,2,FALSE,FALSE,TRUE,TRUE,TRUE,FALSE,0.06217024512363174,8471887,5,8
2019020647,731,even-strength,9,35,FALSE,FALSE,TRUE,TRUE,TRUE,FALSE,0.0031873236451098,8479944,5,8
2019020647,735,even-strength,67,10,FALSE,FALSE,TRUE,FALSE,FALSE,FALSE,0,8471215,5,8
2019020647,738,even-strength,61,-29,FALSE,FALSE,TRUE,TRUE,FALSE,FALSE,0.04774130645108935,8479293,5,8
2019020647,739,even-strength,81,5,FALSE,FALSE,TRUE,TRUE,TRUE,FALSE,0.14674196868394143,8476927,5,8
2019020647,740,even-strength,82,6,FALSE,TRUE,TRUE,TRUE,TRUE,TRUE,0.25156182733715665,8479293,5,8
2019020660,54,even-strength,88,-24,FALSE,FALSE,TRUE,TRUE,TRUE,FALSE,0.02887743967343514,8476392,52,8
2019020660,55,even-strength,30,-26,FALSE,FALSE,TRUE,TRUE,TRUE,FALSE,0.00754965405334536,8474579,52,8
2019020660,60,even-strength,56,4,FALSE,FALSE,TRUE,TRUE,TRUE,FALSE,0.04937437107789022,8477940,52,8
2019020660,62,even-strength,63,-25,TRUE,FALSE,TRUE,TRUE,TRUE,FALSE,0.05922659078642185,8477940,52,8
2019020660,63,even-strength,32,33,FALSE,FALSE,TRUE,TRUE,TRUE,FALSE,0.00666328520131768,8475868,52,8
2019020660,66,even-strength,64,8,FALSE,FALSE,TRUE,FALSE,FALSE,FALSE,0,8475868,52,8
2019020660,71,even-strength,52,-27,FALSE,FALSE,TRUE,TRUE,TRUE,FALSE,0.02706100953595565,8478458,52,8
2019020660,76,even-strength,61,0,TRUE,FALSE,TRUE,TRUE,FALSE,FALSE,0.13956547134109315,8477940,52,8
2019020660,85,even-strength,33,35,FALSE,FALSE,TRUE,TRUE,TRUE,FALSE,0.0078193606536671,8477940,52,8
2019020660,88,even-strength,37,-1,TRUE,FALSE,TRUE,TRUE,TRUE,FALSE,0.05255604215604093,8480145,52,8
2019020660,99,power-play,80,0,FALSE,FALSE,TRUE,TRUE,TRUE,FALSE,0.14160885744843688,8478398,52,8
2019020660,253,power-play,81,-8,FALSE,FALSE,TRUE,TRUE,FALSE,FALSE,0.08869732229760993,8473618,52,8
2019020660,254,power-play,32,6,FALSE,FALSE,TRUE,TRUE,TRUE,FALSE,0.03510663415880854,8477504,52,8
2019020660,255,even-strength,62,21,FALSE,FALSE,TRUE,TRUE,TRUE,FALSE,0.05043308489180585,8478398,52,8
2019020660,262,even-strength,70,13,FALSE,FALSE,TRUE,FALSE,FALSE,FALSE,0,8477940,52,8
2019020660,272,even-strength,31,-34,FALSE,FALSE,TRUE,TRUE,FALSE,FALSE,0.01367173768249147,8477359,52,8
2019020660,273,even-strength,32,29,FALSE,FALSE,TRUE,TRUE,TRUE,TRUE,0.01036237458928653,8477504,52,8
2019020660,278,penalty-kill,73,-9,FALSE,FALSE,TRUE,TRUE,TRUE,TRUE,0.06249568921196281,8477940,52,8
2019020660,279,even-strength,67,-41,FALSE,FALSE,TRUE,TRUE,TRUE,FALSE,0.01343444940506592,8480145,52,8
2019020660,290,even-strength,75,-3,FALSE,FALSE,TRUE,TRUE,TRUE,FALSE,0.1026018461857952,8477429,52,8
2019020660,292,even-strength,71,-18,FALSE,FALSE,TRUE,FALSE,FALSE,FALSE,0,8479339,52,8
2019020660,299,even-strength,40,-29,FALSE,FALSE,TRUE,TRUE,TRUE,FALSE,0.0112406660907462,8474579,52,8
2019020660,451,even-strength,33,-25,FALSE,FALSE,TRUE,TRUE,FALSE,FALSE,0.01067604985016874,8477359,52,8
2019020660,455,even-strength,77,-15,FALSE,FALSE,TRUE,FALSE,FALSE,FALSE,0,8479339,52,8
2019020660,456,even-strength,66,-27,FALSE,FALSE,TRUE,TRUE,TRUE,FALSE,0.02808688094761258,8477940,52,8
2019020660,457,even-strength,44,-31,TRUE,FALSE,TRUE,TRUE,TRUE,FALSE,0.03048367832773655,8471218,52,8
2019020660,458,even-strength,74,2,FALSE,FALSE,TRUE,FALSE,FALSE,FALSE,0,8476392,52,8
2019020660,462,even-strength,74,4,FALSE,FALSE,TRUE,TRUE,TRUE,FALSE,0.1419071173241188,8478398,52,8
2019020660,463,even-strength,78,10,FALSE,FALSE,TRUE,TRUE,TRUE,FALSE,0.0455141004358669,8476392,52,8
2019020660,464,even-strength,33,20,FALSE,FALSE,TRUE,TRUE,TRUE,FALSE,0.01326177510383734,8473618,52,8
2019020660,468,even-strength,64,-5,FALSE,FALSE,TRUE,FALSE,FALSE,FALSE,0,8477359,52,8
2019020660,469,even-strength,69,-9,FALSE,FALSE,TRUE,FALSE,FALSE,FALSE,0,8477504,52,8
2019020660,472,even-strength,35,-19,FALSE,FALSE,TRUE,TRUE,FALSE,FALSE,0.01693572542689622,8480145,52,8
2019020660,477,even-strength,55,-15,FALSE,FALSE,TRUE,FALSE,FALSE,FALSE,0,8479339,52,8
2019020660,479,even-strength,35,35,FALSE,FALSE,TRUE,TRUE,TRUE,FALSE,0.01138494925902377,8474579,52,8
2019020660,480,even-strength,71,-5,FALSE,FALSE,TRUE,TRUE,TRUE,FALSE,0.07361894465330875,8479339,52,8
2019020660,482,even-strength,73,-4,FALSE,FALSE,TRUE,TRUE,TRUE,FALSE,0.09307471205660156,8478458,52,8
2019020660,494,even-strength,77,0,TRUE,FALSE,TRUE,TRUE,TRUE,TRUE,0.27165865670604916,8477429,52,8
2019020660,652,even-strength,35,32,FALSE,FALSE,TRUE,TRUE,TRUE,FALSE,0.01301213921193575,8477504,52,8
2019020660,654,even-strength,59,-1,FALSE,FALSE,TRUE,TRUE,TRUE,FALSE,0.06384599598591206,8479339,52,8
2019020679,68,even-strength,60,9,TRUE,FALSE,TRUE,TRUE,FALSE,FALSE,0.09521280519387876,8475163,22,8
2019020679,77,even-strength,28,-28,FALSE,FALSE,TRUE,TRUE,TRUE,FALSE,0.00692529863963699,8476457,22,8
2019020679,80,power-play,68,7,FALSE,FALSE,TRUE,TRUE,FALSE,FALSE,0.09362996943450318,8476454,22,8
2019020679,81,power-play,74,-9,FALSE,FALSE,TRUE,TRUE,TRUE,FALSE,0.11500294024893058,8477934,22,8
2019020679,82,power-play,78,-1,FALSE,FALSE,TRUE,TRUE,TRUE,FALSE,0.155386768594509,8477934,22,8
2019020679,83,even-strength,54,-12,FALSE,FALSE,TRUE,TRUE,TRUE,FALSE,0.03519453779389379,8477934,22,8
2019020679,87,even-strength,80,7,FALSE,FALSE,TRUE,TRUE,FALSE,FALSE,0.09375539266534837,8481638,22,8
2019020679,88,even-strength,60,-8,FALSE,FALSE,TRUE,FALSE,FALSE,FALSE,0,8481813,22,8
2019020679,94,even-strength,53,-31,TRUE,FALSE,TRUE,TRUE,TRUE,FALSE,0.02754098658417562,8475178,22,8
2019020679,100,even-strength,75,10,FALSE,FALSE,TRUE,TRUE,TRUE,FALSE,0.07060589353039426,8471707,22,8
2019020679,260,even-strength,73,7,FALSE,FALSE,TRUE,FALSE,FALSE,FALSE,0,8477498,22,8
2019020679,261,even-strength,67,2,FALSE,FALSE,TRUE,FALSE,FALSE,FALSE,0,8471707,22,8
2019020679,262,even-strength,30,-19,FALSE,FALSE,TRUE,TRUE,TRUE,FALSE,0.01056069783575232,8476457,22,8
2019020679,263,even-strength,73,-11,TRUE,FALSE,TRUE,TRUE,TRUE,FALSE,0.08772377343104416,8479977,22,8
2019020679,265,even-strength,32,-32,FALSE,FALSE,TRUE,TRUE,TRUE,FALSE,0.00993796364522345,8476457,22,8
2019020679,267,even-strength,74,-8,FALSE,FALSE,TRUE,TRUE,FALSE,FALSE,0.06067941420471333,8481638,22,8
2019020679,268,even-strength,75,-14,FALSE,FALSE,TRUE,FALSE,FALSE,FALSE,0,8481638,22,8
2019020679,269,even-strength,30,0,FALSE,FALSE,TRUE,TRUE,TRUE,FALSE,0.01974216330509953,8477498,22,8
2019020679,276,even-strength,71,18,FALSE,FALSE,TRUE,TRUE,TRUE,FALSE,0.04099234010088832,8481638,22,8
2019020679,278,even-strength,68,3,FALSE,FALSE,TRUE,TRUE,TRUE,TRUE,0.07133207130476957,8475772,22,8
2019020679,284,even-strength,66,9,FALSE,FALSE,TRUE,TRUE,TRUE,FALSE,0.06314958455265723,8476326,22,8
2019020679,286,even-strength,79,-16,FALSE,FALSE,TRUE,FALSE,FALSE,FALSE,0,8475772,22,8
2019020679,291,even-strength,15,33,FALSE,FALSE,TRUE,TRUE,TRUE,FALSE,0.00419768350046906,8475163,22,8
2019020679,451,even-strength,36,28,FALSE,FALSE,TRUE,TRUE,FALSE,FALSE,0.01310380162072436,8476472,22,8
2019020679,456,even-strength,71,-16,FALSE,FALSE,TRUE,FALSE,FALSE,FALSE,0,8475163,22,8
2019020679,458,even-strength,53,26,FALSE,FALSE,TRUE,TRUE,TRUE,FALSE,0.02795466726896948,8476472,22,8
2019020679,461,even-strength,60,21,FALSE,FALSE,TRUE,FALSE,FALSE,FALSE,0,8477498,22,8
2019020679,463,even-strength,83,-7,FALSE,FALSE,TRUE,TRUE,TRUE,FALSE,0.08227444446447424,8478402,22,8
2019020679,701,even-strength,32,25,FALSE,FALSE,TRUE,TRUE,TRUE,FALSE,0.0101210655178133,8477498,22,8
2019020679,703,even-strength,78,13,FALSE,FALSE,TRUE,TRUE,TRUE,FALSE,0.06043931645741956,8477934,22,8
2019020679,704,even-strength,46,26,FALSE,FALSE,TRUE,TRUE,FALSE,FALSE,0.03012675506508538,8471707,22,8
2019020679,706,power-play,63,0,FALSE,FALSE,TRUE,TRUE,TRUE,TRUE,0.11807945509063066,8476454,22,8
2019020679,707,even-strength,44,17,FALSE,FALSE,TRUE,TRUE,TRUE,FALSE,0.02508722934560909,8475772,22,8
2019020679,708,even-strength,67,39,FALSE,FALSE,TRUE,TRUE,FALSE,FALSE,0.022347750728191,8475772,22,8
2019020679,709,even-strength,63,-1,FALSE,FALSE,TRUE,FALSE,FALSE,FALSE,0,8475772,22,8
2019020679,711,even-strength,84,-13,FALSE,FALSE,TRUE,FALSE,FALSE,FALSE,0,8476915,22,8
2019020679,715,even-strength,71,-24,FALSE,FALSE,TRUE,TRUE,FALSE,FALSE,0.04595147349213596,8471707,22,8
2019020679,719,even-strength,75,-7,FALSE,FALSE,TRUE,TRUE,FALSE,FALSE,0.0709583818246694,8476454,22,8
2019020679,720,even-strength,75,-2,FALSE,FALSE,TRUE,TRUE,FALSE,FALSE,0.106491276619859,8476454,22,8
2019020679,721,even-strength,84,-5,FALSE,FALSE,TRUE,TRUE,TRUE,FALSE,0.07607827393663094,8481638,22,8
2019020679,727,even-strength,59,-36,FALSE,FALSE,TRUE,TRUE,FALSE,FALSE,0.02275696887846324,8475163,22,8
2019020679,728,even-strength,77,0,FALSE,FALSE,TRUE,TRUE,TRUE,TRUE,0.11685369763537612,8475163,22,8
2019020679,735,penalty-kill,74,-17,FALSE,FALSE,TRUE,TRUE,FALSE,FALSE,0.05346075847721605,8476326,22,8
2019020679,744,even-strength,78,3,FALSE,FALSE,TRUE,TRUE,TRUE,FALSE,0.10424410040028408,8481638,22,8
2019020679,745,even-strength,75,1,FALSE,FALSE,TRUE,TRUE,TRUE,FALSE,0.10757176899021134,8475772,22,8
2019020679,746,even-strength,35,39,FALSE,FALSE,TRUE,TRUE,TRUE,FALSE,0.00670772567034276,8477498,22,8
2019020693,10,even-strength,60,-31,FALSE,FALSE,TRUE,TRUE,TRUE,FALSE,0.01852549374038882,8476331,9,8
2019020693,25,even-strength,88,-3,FALSE,FALSE,TRUE,TRUE,TRUE,FALSE,0.04144089376506979,8474589,9,8
2019020693,30,even-strength,49,35,FALSE,FALSE,TRUE,TRUE,TRUE,FALSE,0.01556589536441443,8480801,9,8
2019020693,33,even-strength,34,-27,FALSE,FALSE,TRUE,TRUE,TRUE,FALSE,0.01208829432376834,8476331,9,8
2019020693,173,even-strength,66,14,FALSE,FALSE,TRUE,FALSE,FALSE,FALSE,0,8476422,9,8
2019020693,174,penalty-kill,61,-19,FALSE,FALSE,TRUE,TRUE,FALSE,FALSE,0.08005479373357992,8476919,9,8
2019020693,189,even-strength,66,-7,FALSE,FALSE,TRUE,TRUE,FALSE,FALSE,0.0516947836925773,8473573,9,8
2019020693,194,even-strength,75,7,FALSE,FALSE,TRUE,FALSE,FALSE,FALSE,0,8480801,9,8
2019020693,197,even-strength,79,10,FALSE,FALSE,TRUE,FALSE,FALSE,FALSE,0,8473573,9,8
2019020693,251,power-play,51,23,FALSE,FALSE,TRUE,TRUE,TRUE,FALSE,0.04560197631542797,8477407,9,8
2019020693,253,power-play,85,-7,FALSE,FALSE,TRUE,TRUE,TRUE,FALSE,0.1074081621354046,8480801,9,8
2019020693,257,even-strength,87,-8,FALSE,FALSE,TRUE,TRUE,TRUE,FALSE,0.08388109435600574,8476919,9,8
2019020693,272,even-strength,66,-6,FALSE,FALSE,TRUE,TRUE,TRUE,FALSE,0.0799351922591425,8476919,9,8
2019020693,291,even-strength,51,16,FALSE,FALSE,TRUE,TRUE,TRUE,FALSE,0.03313484119800666,8478488,9,8
2019020693,298,even-strength,60,20,FALSE,FALSE,TRUE,TRUE,TRUE,FALSE,0.03090241619816784,8478870,9,8
2019020693,402,even-strength,53,-5,FALSE,FALSE,TRUE,TRUE,FALSE,FALSE,0.06620731318436666,8477015,9,8
2019020693,407,penalty-kill,59,-22,FALSE,FALSE,TRUE,TRUE,FALSE,FALSE,0.04033682405570357,8477015,9,8
2019020693,410,even-strength,38,8,FALSE,FALSE,TRUE,TRUE,FALSE,FALSE,0.0267586430653637,8476422,9,8
2019020693,411,even-strength,73,34,FALSE,TRUE,TRUE,TRUE,FALSE,FALSE,0.04685688607539323,8478488,9,8
2019020693,413,even-strength,79,-5,FALSE,FALSE,TRUE,FALSE,FALSE,FALSE,0,8476919,9,8
2019020693,414,even-strength,54,16,FALSE,TRUE,TRUE,TRUE,FALSE,FALSE,0.06826320138038118,8478469,9,8
2019020693,418,even-strength,36,-34,FALSE,FALSE,TRUE,TRUE,FALSE,FALSE,0.00990269525424207,8476331,9,8
2019020693,419,even-strength,79,10,FALSE,TRUE,TRUE,FALSE,FALSE,FALSE,0,8476422,9,8
2019020693,424,even-strength,34,25,FALSE,FALSE,TRUE,TRUE,FALSE,FALSE,0.00971472837433231,8473573,9,8
2019020693,429,even-strength,66,28,FALSE,FALSE,TRUE,TRUE,FALSE,FALSE,0.02660221211916758,8478488,9,8
2019020693,432,power-play,59,-2,FALSE,FALSE,TRUE,TRUE,FALSE,FALSE,0.09292150314936522,8476419,9,8
2019020693,433,power-play,76,-17,FALSE,FALSE,TRUE,FALSE,FALSE,FALSE,0,8480208,9,8
2019020693,435,power-play,81,-5,FALSE,FALSE,TRUE,TRUE,FALSE,FALSE,0.11906892789373034,8473573,9,8
2019020693,437,power-play,60,-11,FALSE,FALSE,TRUE,FALSE,FALSE,FALSE,0,8473573,9,8
2019020693,441,even-strength,35,20,FALSE,FALSE,TRUE,TRUE,TRUE,FALSE,0.01974134514481507,8476422,9,8
2019020693,442,even-strength,79,4,FALSE,TRUE,TRUE,FALSE,FALSE,FALSE,0,8476419,9,8
2019020693,443,even-strength,80,1,FALSE,FALSE,TRUE,FALSE,FALSE,FALSE,0,8476419,9,8
2019020693,444,even-strength,81,5,FALSE,FALSE,TRUE,FALSE,FALSE,FALSE,0,8476419,9,8
2019020693,445,even-strength,79,-9,FALSE,FALSE,TRUE,FALSE,FALSE,FALSE,0,8477407,9,8
2019020693,455,even-strength,45,-1,FALSE,FALSE,TRUE,TRUE,TRUE,FALSE,0.03238674516123163,8478469,9,8
2019020693,456,even-strength,37,-31,FALSE,FALSE,TRUE,TRUE,TRUE,FALSE,0.01095740827368491,8476422,9,8
2019020693,457,even-strength,78,35,FALSE,TRUE,TRUE,TRUE,TRUE,FALSE,0.05034595174982902,8478469,9,8
2019020693,468,penalty-kill,77,0,FALSE,FALSE,TRUE,TRUE,TRUE,FALSE,0.2686336641210957,8476919,9,8
2019020693,470,penalty-kill,53,9,FALSE,FALSE,TRUE,TRUE,TRUE,FALSE,0.07297712414871642,8477407,9,8
2019020693,475,even-strength,-80,5,FALSE,FALSE,TRUE,FALSE,FALSE,FALSE,0,8478469,9,8
2019020693,478,even-strength,86,-24,FALSE,TRUE,TRUE,TRUE,TRUE,FALSE,0.0967510723777386,8476331,9,8
2019020693,479,even-strength,64,0,FALSE,TRUE,TRUE,TRUE,TRUE,FALSE,0.15736966292143034,8473573,9,8
2019020693,483,even-strength,52,-30,FALSE,FALSE,TRUE,TRUE,TRUE,FALSE,0.01602833678060386,8476331,9,8
2019020693,487,even-strength,60,-23,FALSE,FALSE,TRUE,TRUE,TRUE,FALSE,0.03319623875072759,8478400,9,8
2019020693,488,even-strength,45,32,FALSE,FALSE,TRUE,TRUE,TRUE,FALSE,0.01658492965129123,8480801,9,8
2019020693,490,even-strength,71,24,FALSE,FALSE,TRUE,TRUE,TRUE,FALSE,0.03747574794851695,8476419,9,8
2019020693,491,even-strength,80,4,FALSE,TRUE,TRUE,TRUE,TRUE,FALSE,0.24887786199491083,8480801,9,8
2019020693,493,even-strength,40,-2,FALSE,FALSE,TRUE,TRUE,TRUE,FALSE,0.02610991829611104,8476422,9,8
2019020693,495,even-strength,63,26,FALSE,FALSE,TRUE,TRUE,TRUE,FALSE,0.02757160496728718,8477015,9,8
2019020693,663,even-strength,67,25,TRUE,FALSE,TRUE,TRUE,TRUE,FALSE,0.10763751059524182,8476422,9,8
2019020693,665,even-strength,50,-3,FALSE,FALSE,TRUE,TRUE,TRUE,FALSE,0.07089615006777293,8476419,9,8
2019020693,677,power-play,59,28,FALSE,FALSE,TRUE,TRUE,TRUE,FALSE,0.06668436135328586,8477407,9,8
2019020693,678,power-play,34,-3,FALSE,FALSE,TRUE,TRUE,TRUE,FALSE,0.04037663214578492,8478469,9,8
2019020693,679,power-play,73,32,FALSE,FALSE,TRUE,TRUE,TRUE,FALSE,0.05929124135538689,8473573,9,8
2019020693,685,power-play,82,1,FALSE,FALSE,TRUE,TRUE,TRUE,FALSE,0.16520860766021506,8480801,9,8
2019020693,690,power-play,80,16,FALSE,FALSE,TRUE,TRUE,TRUE,FALSE,0.09938272087662098,8474589,9,8
2019020693,691,power-play,52,23,FALSE,TRUE,TRUE,TRUE,TRUE,FALSE,0.12348501175831594,8474589,9,8
2019020693,693,even-strength,32,-19,FALSE,FALSE,TRUE,TRUE,TRUE,FALSE,0.01144240551781564,8468493,9,8
2019020693,694,even-strength,54,-1,FALSE,FALSE,TRUE,TRUE,TRUE,FALSE,0.03416849889580549,8468493,9,8
2019020693,699,even-strength,71,1,FALSE,FALSE,TRUE,TRUE,TRUE,TRUE,0.13678095819963268,8480208,9,8
2019020693,802,even-strength,57,11,FALSE,FALSE,TRUE,TRUE,TRUE,FALSE,0.03904364733870236,8478870,9,8
2019020693,804,even-strength,58,-18,FALSE,FALSE,TRUE,TRUE,TRUE,FALSE,0.04117173125199296,8477015,9,8
2019020693,806,even-strength,40,-16,FALSE,FALSE,TRUE,TRUE,TRUE,FALSE,0.01695416736378853,8477015,9,8
2019020693,815,power-play,53,-12,FALSE,FALSE,TRUE,TRUE,TRUE,FALSE,0.09282363460820953,8476419,9,8
2019020693,825,even-strength,78,12,FALSE,FALSE,TRUE,TRUE,TRUE,FALSE,0.12678371471995095,8480801,9,8
2019020693,829,even-strength,40,11,FALSE,FALSE,TRUE,TRUE,TRUE,FALSE,0.08446003828219686,8476422,9,8
2019020709,58,even-strength,47,-19,FALSE,FALSE,TRUE,TRUE,TRUE,FALSE,0.01782331026744206,8478585,20,8
2019020709,71,even-strength,61,0,FALSE,FALSE,TRUE,TRUE,FALSE,FALSE,0.06820039030479835,8479314,20,8
2019020709,81,even-strength,63,0,TRUE,FALSE,TRUE,TRUE,TRUE,FALSE,0.1279303264362664,8476346,20,8
2019020709,82,even-strength,76,7,FALSE,FALSE,TRUE,FALSE,FALSE,FALSE,0,8477497,20,8
2019020709,83,even-strength,32,22,FALSE,FALSE,TRUE,TRUE,FALSE,FALSE,0.01063405046447723,8478396,20,8
2019020709,84,even-strength,63,-13,FALSE,FALSE,TRUE,FALSE,FALSE,FALSE,0,8478585,20,8
2019020709,96,even-strength,71,-3,FALSE,FALSE,TRUE,FALSE,FALSE,FALSE,0,8474612,20,8
2019020709,98,even-strength,40,-10,FALSE,FALSE,TRUE,TRUE,TRUE,FALSE,0.02859585323104363,8477496,20,8
2019020709,203,even-strength,40,1,FALSE,FALSE,TRUE,TRUE,TRUE,FALSE,0.02376081191311217,8470966,20,8
2019020709,206,even-strength,-97,-6,FALSE,FALSE,TRUE,TRUE,TRUE,FALSE,7.419557589745355e-5,8478397,20,8
2019020709,208,even-strength,53,-17,FALSE,FALSE,TRUE,FALSE,FALSE,FALSE,0,8478397,20,8
2019020709,209,even-strength,43,-28,FALSE,FALSE,TRUE,TRUE,TRUE,FALSE,0.01525600051852769,8473473,20,8
2019020709,211,even-strength,74,14,FALSE,FALSE,TRUE,TRUE,FALSE,FALSE,0.07362279817071876,8479346,20,8
2019020709,214,even-strength,50,30,FALSE,FALSE,TRUE,FALSE,FALSE,FALSE,0,8470966,20,8
2019020709,216,even-strength,32,38,FALSE,FALSE,TRUE,TRUE,TRUE,FALSE,0.00782895048131035,8478430,20,8
2019020709,221,even-strength,83,-7,FALSE,FALSE,TRUE,TRUE,TRUE,FALSE,0.07252300978571882,8477935,20,8
2019020709,222,even-strength,46,-8,FALSE,FALSE,TRUE,FALSE,FALSE,FALSE,0,8470966,20,8
2019020709,223,even-strength,62,-2,FALSE,TRUE,TRUE,TRUE,TRUE,FALSE,0.150448845630452,8476346,20,8
2019020709,227,even-strength,76,-16,FALSE,FALSE,TRUE,FALSE,FALSE,FALSE,0,8473473,20,8
2019020709,234,even-strength,65,7,FALSE,FALSE,TRUE,TRUE,FALSE,FALSE,0.09206566527156568,8479314,20,8
2019020709,239,even-strength,42,10,FALSE,FALSE,TRUE,TRUE,FALSE,FALSE,0.04204246367377048,8478430,20,8
2019020709,241,even-strength,70,-7,FALSE,FALSE,TRUE,TRUE,FALSE,FALSE,0.08299481098221753,8477496,20,8
2019020709,242,even-strength,56,15,FALSE,FALSE,TRUE,TRUE,FALSE,FALSE,0.03129074021055825,8479314,20,8
2019020709,249,even-strength,73,-1,FALSE,FALSE,TRUE,TRUE,TRUE,FALSE,0.08787495532196124,8476356,20,8
2019020709,406,even-strength,65,9,FALSE,FALSE,TRUE,TRUE,TRUE,FALSE,0.06541697235748846,8476346,20,8
2019020709,408,power-play,34,-32,FALSE,FALSE,TRUE,TRUE,TRUE,FALSE,0.02116140803947449,8476346,20,8
2019020709,410,power-play,33,1,FALSE,FALSE,TRUE,TRUE,TRUE,FALSE,0.03287424439009312,8470966,20,8
2019020709,412,power-play,73,-9,FALSE,FALSE,TRUE,FALSE,FALSE,FALSE,0,8479314,20,8
2019020709,413,even-strength,64,0,FALSE,FALSE,TRUE,TRUE,TRUE,FALSE,0.09746764529501983,8476356,20,8
2019020709,416,even-strength,65,7,FALSE,FALSE,TRUE,TRUE,TRUE,FALSE,0.07610739839125,8478233,20,8
2019020709,419,even-strength,30,38,TRUE,FALSE,TRUE,TRUE,TRUE,FALSE,0.01453428711428828,8478430,20,8
2019020709,425,even-strength,69,-3,FALSE,FALSE,TRUE,TRUE,FALSE,FALSE,0.09690577825907444,8474150,20,8
2019020709,428,power-play,77,-26,FALSE,FALSE,TRUE,TRUE,TRUE,FALSE,0.07047634827677236,8477496,20,8
2019020709,429,power-play,64,32,FALSE,FALSE,TRUE,TRUE,TRUE,FALSE,0.06208425339479221,8476346,20,8
2019020709,433,even-strength,18,15,FALSE,FALSE,TRUE,TRUE,TRUE,FALSE,0.00660824019548552,8477496,20,8
2019020709,435,even-strength,61,14,FALSE,FALSE,TRUE,TRUE,TRUE,FALSE,0.05413166722772379,8477935,20,8
2019020709,436,even-strength,95,10,FALSE,TRUE,TRUE,TRUE,TRUE,FALSE,0.123907202258656,8477935,20,8
2019020709,437,even-strength,87,-13,FALSE,FALSE,TRUE,FALSE,FALSE,FALSE,0,8479346,20,8
2019020709,438,even-strength,33,-37,TRUE,FALSE,TRUE,TRUE,TRUE,FALSE,0.02051323831695365,8474612,20,8
2019020709,441,even-strength,40,-20,FALSE,FALSE,TRUE,TRUE,TRUE,FALSE,0.0171263862701408,8477496,20,8
2019020709,442,even-strength,54,-2,TRUE,FALSE,TRUE,FALSE,FALSE,FALSE,0,8478430,20,8
2019020709,449,even-strength,72,-1,FALSE,FALSE,TRUE,FALSE,FALSE,FALSE,0,8478397,20,8
2019020709,450,even-strength,69,-1,FALSE,FALSE,TRUE,FALSE,FALSE,FALSE,0,8474673,20,8
2019020709,601,even-strength,64,10,FALSE,FALSE,TRUE,TRUE,TRUE,FALSE,0.04284037314076619,8477496,20,8
2019020709,602,even-strength,49,0,FALSE,FALSE,TRUE,TRUE,TRUE,FALSE,0.03595898868269424,8474612,20,8
2019020709,605,even-strength,61,-11,FALSE,FALSE,TRUE,TRUE,TRUE,FALSE,0.0371955336617966,8477935,20,8
2019020709,607,even-strength,51,-21,FALSE,FALSE,TRUE,FALSE,FALSE,FALSE,0,8474673,20,8
2019020709,609,even-strength,71,8,FALSE,FALSE,TRUE,FALSE,FALSE,FALSE,0,8470966,20,8
2019020709,610,even-strength,34,33,FALSE,FALSE,TRUE,TRUE,TRUE,FALSE,0.00758341678481563,8477935,20,8
2019020709,613,even-strength,44,-15,FALSE,FALSE,TRUE,TRUE,TRUE,FALSE,0.02999167370210828,8477935,20,8
2019020709,615,even-strength,71,-28,FALSE,FALSE,TRUE,FALSE,FALSE,FALSE,0,8477496,20,8
2019020709,617,even-strength,46,-34,FALSE,FALSE,TRUE,TRUE,TRUE,FALSE,0.02040631301217926,8474150,20,8
2019020709,618,even-strength,54,16,FALSE,FALSE,TRUE,FALSE,FALSE,FALSE,0,8474612,20,8
2019020709,619,even-strength,60,-13,FALSE,FALSE,TRUE,TRUE,TRUE,FALSE,0.04467390468169643,8474673,20,8
2019020709,621,even-strength,73,15,FALSE,FALSE,TRUE,FALSE,FALSE,FALSE,0,8470966,20,8
2019020709,622,even-strength,42,2,FALSE,FALSE,TRUE,TRUE,FALSE,FALSE,0.03226141591714557,8474612,20,8
2019020709,623,even-strength,55,-8,TRUE,FALSE,TRUE,TRUE,TRUE,FALSE,0.06913609684693428,8479314,20,8
2019020709,624,even-strength,86,-8,FALSE,FALSE,TRUE,TRUE,FALSE,FALSE,0.07713781059251956,8479314,20,8
2019020731,56,even-strength,76,0,FALSE,FALSE,TRUE,TRUE,TRUE,FALSE,0.09880275977366997,8474037,4,8
2019020731,62,even-strength,22,-36,FALSE,FALSE,TRUE,TRUE,TRUE,FALSE,0.00418605481669357,8478017,4,8
2019020731,63,even-strength,35,-23,TRUE,FALSE,TRUE,TRUE,TRUE,FALSE,0.02310018429473256,8479026,4,8
2019020731,64,even-strength,77,-7,FALSE,FALSE,TRUE,FALSE,FALSE,FALSE,0,8479026,4,8
2019020731,66,even-strength,72,21,FALSE,FALSE,TRUE,TRUE,FALSE,FALSE,0.02908202722247672,8477979,4,8
2019020731,68,penalty-kill,-40,18,FALSE,FALSE,TRUE,TRUE,TRUE,FALSE,0.00145933791324505,8473512,4,8
2019020731,71,even-strength,50,24,TRUE,FALSE,TRUE,TRUE,FALSE,FALSE,0.04900892377017984,8480797,4,8
2019020731,77,even-strength,51,10,FALSE,FALSE,TRUE,FALSE,FALSE,FALSE,0,8476872,4,8
2019020731,87,even-strength,34,6,FALSE,FALSE,TRUE,TRUE,FALSE,FALSE,0.02488783200979854,8474037,4,8
2019020731,88,even-strength,36,-30,FALSE,FALSE,TRUE,TRUE,TRUE,FALSE,0.01026887132740667,8471702,4,8
2019020731,92,even-strength,71,14,FALSE,FALSE,TRUE,TRUE,FALSE,FALSE,0.0393171029621549,8478500,4,8
2019020731,93,even-strength,35,5,FALSE,FALSE,TRUE,TRUE,TRUE,FALSE,0.02299105379564953,8471702,4,8
2019020731,97,even-strength,51,28,FALSE,FALSE,TRUE,TRUE,TRUE,FALSE,0.01884919212919133,8474037,4,8
2019020731,99,even-strength,88,11,FALSE,FALSE,TRUE,TRUE,TRUE,FALSE,0.05470570941212884,8479382,4,8
2019020731,100,even-strength,70,2,FALSE,FALSE,TRUE,TRUE,TRUE,FALSE,0.06772747461288789,8479382,4,8
2019020731,201,even-strength,58,-1,FALSE,TRUE,TRUE,TRUE,TRUE,FALSE,0.17270566481469754,8473512,4,8
2019020731,202,even-strength,62,0,FALSE,FALSE,TRUE,FALSE,FALSE,FALSE,0,8471702,4,8
2019020731,238,even-strength,82,8,FALSE,TRUE,TRUE,TRUE,FALSE,FALSE,0.1842468965007722,8478439,4,8
2019020731,301,even-strength,65,2,FALSE,TRUE,TRUE,TRUE,TRUE,TRUE,0.16916697905119893,8480797,4,8
2019020731,305,even-strength,70,10,FALSE,FALSE,TRUE,TRUE,TRUE,FALSE,0.07485369742909254,8471702,4,8
2019020731,308,even-strength,40,-2,TRUE,FALSE,TRUE,TRUE,TRUE,FALSE,0.05381341573522914,8474161,4,8
2019020731,312,penalty-kill,85,7,FALSE,FALSE,TRUE,TRUE,TRUE,FALSE,0.06035737069205537,8476872,4,8
2019020731,317,even-strength,76,9,FALSE,FALSE,TRUE,TRUE,TRUE,FALSE,0.1389449751866291,8476461,4,8
2019020731,319,even-strength,62,20,FALSE,FALSE,TRUE,TRUE,FALSE,FALSE,0.03700274665718838,8478500,4,8
2019020731,320,even-strength,27,10,FALSE,FALSE,TRUE,TRUE,TRUE,FALSE,0.01733497058198576,8475763,4,8
2019020731,322,power-play,43,23,FALSE,FALSE,TRUE,TRUE,TRUE,FALSE,0.04291323067592602,8475763,4,8
2019020731,323,power-play,-22,1,FALSE,FALSE,TRUE,TRUE,TRUE,FALSE,0.00799980400309221,8476461,4,8
2019020731,325,even-strength,62,35,FALSE,FALSE,TRUE,TRUE,TRUE,FALSE,0.01597716979739533,8477948,4,8
2019020731,334,even-strength,85,-13,FALSE,FALSE,TRUE,TRUE,FALSE,FALSE,0.04565188261745132,8475763,4,8
2019020731,336,even-strength,63,8,FALSE,FALSE,TRUE,TRUE,TRUE,FALSE,0.06802481578312167,8476461,4,8
2019020731,341,even-strength,79,-5,FALSE,FALSE,TRUE,TRUE,FALSE,FALSE,0.1025034643567384,8474161,4,8
2019020731,342,even-strength,2,2,FALSE,FALSE,TRUE,TRUE,TRUE,FALSE,0.00371695836198792,8474037,4,8
2019020731,343,even-strength,71,-28,FALSE,FALSE,TRUE,TRUE,TRUE,FALSE,0.02916741355790318,8479026,4,8
2019020731,347,even-strength,74,40,FALSE,FALSE,TRUE,TRUE,TRUE,FALSE,0.0161242195179991,8474161,4,8
2019020731,348,even-strength,81,7,FALSE,FALSE,TRUE,TRUE,TRUE,FALSE,0.05778563305935987,8478500,4,8
2019020731,401,even-strength,85,-6,FALSE,FALSE,TRUE,TRUE,TRUE,FALSE,0.07395576900174233,8476461,4,8
2019020731,409,even-strength,38,-14,FALSE,FALSE,TRUE,TRUE,TRUE,FALSE,0.01594237717892551,8471702,4,8
2019020731,410,even-strength,64,-28,FALSE,TRUE,TRUE,TRUE,TRUE,FALSE,0.08585150653920645,8474161,4,8
2019020731,416,power-play,51,-23,FALSE,FALSE,TRUE,TRUE,TRUE,FALSE,0.05331319129428427,8475763,4,8
2019020731,421,even-strength,61,-12,FALSE,FALSE,TRUE,TRUE,TRUE,FALSE,0.05544879777559194,8474037,4,8
2019020731,423,even-strength,61,5,FALSE,FALSE,TRUE,TRUE,TRUE,FALSE,0.04863574905948924,8477462,4,8
2019020731,437,even-strength,53,-20,TRUE,FALSE,TRUE,FALSE,FALSE,FALSE,0,8479026,4,8
2019020731,454,power-play,82,-7,FALSE,FALSE,TRUE,FALSE,FALSE,FALSE,0,8474037,4,8
2019020731,456,power-play,68,2,FALSE,FALSE,TRUE,TRUE,TRUE,FALSE,0.10608407789657057,8480797,4,8
2019020731,474,power-play,37,-23,FALSE,FALSE,TRUE,TRUE,FALSE,FALSE,0.03500354288109191,8473512,4,8
2019020731,475,power-play,69,3,FALSE,FALSE,TRUE,TRUE,FALSE,FALSE,0.1164487928150761,8474037,4,8
2019020731,476,power-play,80,-8,FALSE,FALSE,TRUE,TRUE,TRUE,FALSE,0.15099539891789787,8474037,4,8
2019020731,477,power-play,32,-2,FALSE,FALSE,TRUE,TRUE,FALSE,FALSE,0.02978629128143249,8478500,4,8
2019020731,478,power-play,60,19,FALSE,FALSE,TRUE,TRUE,FALSE,FALSE,0.06336888139117297,8475763,4,8
2019020731,486,even-strength,51,14,FALSE,FALSE,TRUE,TRUE,TRUE,FALSE,0.03902378343335312,8478439,4,8
2019020731,489,power-play,75,0,FALSE,FALSE,TRUE,TRUE,TRUE,FALSE,0.1290877399407927,8474037,4,8
2019020731,490,power-play,60,19,FALSE,FALSE,TRUE,TRUE,TRUE,FALSE,0.05391815407099366,8477948,4,8
2019020731,491,power-play,66,-8,FALSE,FALSE,TRUE,FALSE,FALSE,FALSE,0,8474161,4,8
2019020731,493,even-strength,42,-6,FALSE,FALSE,TRUE,TRUE,TRUE,FALSE,0.0201173695499542,8479026,4,8
2019020731,494,even-strength,36,15,FALSE,FALSE,TRUE,TRUE,TRUE,FALSE,0.01619693789344967,8477462,4,8
2019020731,496,even-strength,74,-9,FALSE,FALSE,TRUE,TRUE,TRUE,FALSE,0.05778360562054573,8474037,4,8
2019020731,499,even-strength,88,-23,FALSE,FALSE,TRUE,TRUE,TRUE,FALSE,0.03259349996805673,8476461,4,8
2019020731,603,power-play,79,3,FALSE,FALSE,TRUE,TRUE,TRUE,FALSE,0.11845760441711094,8475763,4,8
2019020731,615,power-play,75,-1,FALSE,TRUE,TRUE,TRUE,TRUE,FALSE,0.2120551002421969,8474037,4,8
2019020731,651,even-strength,31,-34,TRUE,FALSE,TRUE,TRUE,FALSE,FALSE,0.01177262215298801,8479026,4,8
2019020748,56,even-strength,61,23,FALSE,FALSE,TRUE,FALSE,FALSE,FALSE,0,8476905,54,8
2019020748,58,even-strength,74,13,FALSE,FALSE,TRUE,FALSE,FALSE,FALSE,0,8471669,54,8
2019020748,61,even-strength,56,-17,TRUE,FALSE,TRUE,TRUE,TRUE,FALSE,0.06651928757135975,8474207,54,8
2019020748,68,penalty-kill,35,31,FALSE,FALSE,TRUE,TRUE,TRUE,FALSE,0.01007230790108934,8477220,54,8
2019020748,72,even-strength,32,-23,FALSE,FALSE,TRUE,TRUE,TRUE,FALSE,0.01399694444353075,8477478,54,8
2019020748,75,even-strength,56,8,FALSE,FALSE,TRUE,TRUE,FALSE,FALSE,0.0468882277298668,8476905,54,8
2019020748,76,even-strength,62,-21,TRUE,FALSE,TRUE,TRUE,TRUE,FALSE,0.03995079046957661,8474157,54,8
2019020748,78,even-strength,76,24,FALSE,FALSE,TRUE,TRUE,FALSE,FALSE,0.02192003207073302,8471669,54,8
2019020748,81,even-strength,81,-2,FALSE,FALSE,TRUE,TRUE,TRUE,FALSE,0.09543977538436609,8477949,54,8
2019020748,83,even-strength,72,5,FALSE,FALSE,TRUE,TRUE,FALSE,FALSE,0.06835662438701082,8477478,54,8
2019020748,84,even-strength,77,0,FALSE,FALSE,TRUE,TRUE,TRUE,FALSE,0.1422443723168953,8477949,54,8
2019020748,90,even-strength,32,33,FALSE,FALSE,TRUE,TRUE,FALSE,FALSE,0.00851117726622986,8475188,54,8
2019020748,92,power-play,64,-17,FALSE,FALSE,TRUE,FALSE,FALSE,FALSE,0,8474157,54,8
2019020748,97,power-play,-2,40,FALSE,FALSE,TRUE,TRUE,TRUE,FALSE,0.01651682004275695,8474157,54,8
2019020748,100,even-strength,76,-15,FALSE,FALSE,TRUE,TRUE,TRUE,FALSE,0.05189793148562682,8474157,54,8
2019020748,247,power-play,73,-11,FALSE,FALSE,TRUE,FALSE,FALSE,FALSE,0,8474157,54,8
2019020748,308,even-strength,63,5,FALSE,FALSE,TRUE,FALSE,FALSE,FALSE,0,8475188,54,8
2019020748,312,even-strength,72,4,FALSE,FALSE,TRUE,FALSE,FALSE,FALSE,0,8479980,54,8
2019020748,314,even-strength,57,36,FALSE,FALSE,TRUE,TRUE,TRUE,FALSE,0.02208892321630851,8474157,54,8
2019020748,316,even-strength,56,-2,FALSE,FALSE,TRUE,FALSE,FALSE,FALSE,0,8479980,54,8
2019020748,317,even-strength,36,-35,FALSE,FALSE,TRUE,TRUE,FALSE,FALSE,0.00632810344196661,8468674,54,8
2019020748,320,even-strength,72,-7,FALSE,FALSE,TRUE,TRUE,TRUE,FALSE,0.05700299640817594,8475913,54,8
2019020748,321,even-strength,70,-34,FALSE,FALSE,TRUE,FALSE,FALSE,FALSE,0,8477220,54,8
2019020748,326,even-strength,49,3,TRUE,FALSE,TRUE,TRUE,TRUE,FALSE,0.07834787980947772,8476905,54,8
2019020748,328,even-strength,72,-22,FALSE,FALSE,TRUE,FALSE,FALSE,FALSE,0,8476539,54,8
2019020748,329,even-strength,70,-8,FALSE,TRUE,TRUE,TRUE,TRUE,TRUE,0.13315424617413407,8476539,54,8
2019020748,330,even-strength,29,33,FALSE,FALSE,TRUE,TRUE,TRUE,FALSE,0.0068710077166938,8475188,54,8
2019020748,333,even-strength,-33,-34,FALSE,FALSE,TRUE,TRUE,TRUE,FALSE,0.00114351404053262,8475913,54,8
2019020748,335,even-strength,75,2,FALSE,FALSE,TRUE,TRUE,TRUE,FALSE,0.06545339927366511,8475236,54,8
2019020748,338,even-strength,74,-11,FALSE,FALSE,TRUE,FALSE,FALSE,FALSE,0,8477949,54,8
2019020748,339,even-strength,58,3,FALSE,FALSE,TRUE,TRUE,FALSE,FALSE,0.05681719771672931,8477949,54,8
2019020748,340,even-strength,49,-28,FALSE,FALSE,TRUE,TRUE,FALSE,FALSE,0.01615529480346714,8468674,54,8
2019020748,342,even-strength,58,-33,FALSE,FALSE,TRUE,TRUE,TRUE,FALSE,0.02242694826184469,8476539,54,8
2019020748,343,even-strength,77,11,FALSE,FALSE,TRUE,FALSE,FALSE,FALSE,0,8474207,54,8
2019020748,344,even-strength,76,4,FALSE,FALSE,TRUE,FALSE,FALSE,FALSE,0,8479980,54,8
2019020748,345,even-strength,74,1,TRUE,TRUE,TRUE,TRUE,TRUE,FALSE,0.33188878442314085,8471669,54,8
2019020748,346,even-strength,72,0,TRUE,TRUE,TRUE,TRUE,TRUE,TRUE,0.30001512679463294,8471669,54,8
2019020748,347,even-strength,78,1,FALSE,TRUE,TRUE,FALSE,FALSE,FALSE,0,8471669,54,8
2019020748,551,even-strength,77,-1,FALSE,FALSE,TRUE,TRUE,FALSE,FALSE,0.10604265636342278,8475191,54,8
2019020748,552,even-strength,73,17,FALSE,FALSE,TRUE,TRUE,TRUE,FALSE,0.04305918169898299,8477447,54,8
2019020748,560,even-strength,32,35,TRUE,FALSE,TRUE,TRUE,TRUE,FALSE,0.01787619658338907,8475188,54,8
2019020748,561,even-strength,67,12,FALSE,FALSE,TRUE,FALSE,FALSE,FALSE,0,8477447,54,8
2019020748,564,even-strength,69,2,FALSE,FALSE,TRUE,TRUE,TRUE,FALSE,0.11617768725738174,8475191,54,8
2019020748,565,even-strength,71,-3,FALSE,FALSE,TRUE,FALSE,FALSE,FALSE,0,8477447,54,8
2019020748,569,even-strength,81,-14,FALSE,FALSE,TRUE,TRUE,TRUE,FALSE,0.0696329388855774,8475236,54,8
2019020748,572,even-strength,67,-17,FALSE,FALSE,TRUE,TRUE,TRUE,FALSE,0.06530557885966255,8478462,54,8
2019020748,574,even-strength,38,-35,TRUE,FALSE,TRUE,TRUE,TRUE,FALSE,0.0173976724473218,8478462,54,8
2019020748,577,even-strength,8,0,FALSE,FALSE,TRUE,TRUE,TRUE,FALSE,0.00622660455875821,8474157,54,8
2019020748,580,even-strength,68,7,FALSE,FALSE,TRUE,FALSE,FALSE,FALSE,0,8479980,54,8
2019020748,581,even-strength,74,7,FALSE,FALSE,TRUE,FALSE,FALSE,FALSE,0,8475188,54,8
2019020748,585,power-play,70,18,FALSE,FALSE,TRUE,FALSE,FALSE,FALSE,0,8476539,54,8
2019020748,587,power-play,62,4,FALSE,FALSE,TRUE,TRUE,TRUE,FALSE,0.07469403095229506,8479980,54,8
2019020748,588,power-play,65,11,FALSE,FALSE,TRUE,TRUE,FALSE,FALSE,0.0553065582492501,8474157,54,8
2019020748,591,power-play,31,28,FALSE,FALSE,TRUE,TRUE,TRUE,FALSE,0.02389747234393701,8477447,54,8
2019020748,593,even-strength,69,-25,FALSE,FALSE,TRUE,TRUE,TRUE,FALSE,0.03148542239850335,8477478,54,8
2019020748,597,even-strength,68,-21,FALSE,FALSE,TRUE,TRUE,TRUE,FALSE,0.03346810508024454,8476539,54,8
2019020748,600,even-strength,63,8,FALSE,FALSE,TRUE,FALSE,FALSE,FALSE,0,8474207,54,8
2019020748,851,even-strength,35,-27,TRUE,FALSE,TRUE,TRUE,TRUE,FALSE,0.03143560369906822,8477220,54,8
2019020748,852,even-strength,67,-13,FALSE,FALSE,TRUE,FALSE,FALSE,FALSE,0,8477478,54,8
2019020748,857,even-strength,44,27,FALSE,FALSE,TRUE,TRUE,TRUE,FALSE,0.01410935372919186,8474207,54,8
2019020748,859,even-strength,38,6,TRUE,FALSE,TRUE,TRUE,TRUE,TRUE,0.05377739649754748,8474157,54,8
2019020748,861,even-strength,31,7,FALSE,FALSE,TRUE,TRUE,FALSE,FALSE,0.02789114705548385,8477447,54,8
2019020748,865,even-strength,32,-19,FALSE,FALSE,TRUE,TRUE,FALSE,FALSE,0.02938887218973774,8474157,54,8
2019020748,866,even-strength,79,2,TRUE,FALSE,TRUE,TRUE,TRUE,TRUE,0.14480050912271714,8475191,54,8
2019020748,877,even-strength,71,25,FALSE,FALSE,TRUE,TRUE,FALSE,FALSE,0.06919801838063079,8477447,54,8
2019020748,880,even-strength,61,-21,FALSE,FALSE,TRUE,TRUE,TRUE,FALSE,0.07325864957445614,8477447,54,8
2019020768,56,even-strength,73,10,TRUE,FALSE,TRUE,TRUE,TRUE,FALSE,0.13600680019759953,8477944,15,8
2019020768,61,even-strength,68,-2,FALSE,FALSE,TRUE,TRUE,TRUE,FALSE,0.07204994847065838,8474176,15,8
2019020768,64,power-play,54,4,FALSE,FALSE,TRUE,TRUE,FALSE,FALSE,0.0664411830764934,8476880,15,8
2019020768,72,penalty-kill,-61,12,FALSE,FALSE,TRUE,TRUE,TRUE,FALSE,0.00105792937240092,8475462,15,8
2019020768,73,penalty-kill,59,19,FALSE,FALSE,TRUE,TRUE,TRUE,FALSE,0.06441327925901683,8474176,15,8
2019020768,74,penalty-kill,46,22,TRUE,TRUE,TRUE,TRUE,TRUE,FALSE,0.23977862520322932,8474189,15,8
2019020768,76,even-strength,65,-5,FALSE,FALSE,TRUE,TRUE,TRUE,FALSE,0.09009612161037972,8473563,15,8
2019020768,78,even-strength,73,-10,FALSE,FALSE,TRUE,FALSE,FALSE,FALSE,0,8477944,15,8
2019020768,81,even-strength,-10,-29,FALSE,FALSE,TRUE,TRUE,TRUE,FALSE,0.00144553919701367,8475324,15,8
2019020768,85,even-strength,65,19,FALSE,FALSE,TRUE,TRUE,FALSE,FALSE,0.04856666008398897,8474189,15,8
2019020768,87,even-strength,70,-11,FALSE,FALSE,TRUE,FALSE,FALSE,FALSE,0,8474590,15,8
2019020768,96,even-strength,69,20,TRUE,FALSE,TRUE,TRUE,TRUE,FALSE,0.06572922494308824,8475343,15,8
2019020768,98,even-strength,30,-32,FALSE,FALSE,TRUE,TRUE,TRUE,FALSE,0.00759829640903132,8475462,15,8
2019020768,99,even-strength,67,-22,FALSE,FALSE,TRUE,TRUE,TRUE,FALSE,0.02450423808340777,8474176,15,8
2019020768,252,even-strength,66,19,FALSE,FALSE,TRUE,FALSE,FALSE,FALSE,0,8475200,15,8
2019020768,255,even-strength,71,2,FALSE,FALSE,TRUE,TRUE,TRUE,FALSE,0.08813391277422879,8475744,15,8
2019020768,257,power-play,72,-17,FALSE,FALSE,TRUE,TRUE,FALSE,FALSE,0.0609381972097552,8476880,15,8
2019020768,258,power-play,33,14,FALSE,FALSE,TRUE,TRUE,TRUE,FALSE,0.0348363478370207,8474590,15,8
2019020768,259,power-play,78,-1,FALSE,FALSE,TRUE,TRUE,TRUE,TRUE,0.13446868775980053,8476880,15,8
2019020768,266,power-play,77,-1,FALSE,FALSE,TRUE,TRUE,TRUE,FALSE,0.15577964386719642,8477944,15,8
2019020768,267,power-play,57,-22,FALSE,FALSE,TRUE,TRUE,TRUE,FALSE,0.04378270374579347,8473563,15,8
2019020768,269,power-play,59,-13,FALSE,FALSE,TRUE,TRUE,TRUE,FALSE,0.07882965612424613,8476880,15,8
2019020768,271,power-play,85,12,FALSE,FALSE,TRUE,TRUE,FALSE,FALSE,0.09311746470743824,8476894,15,8
2019020768,272,even-strength,84,-8,FALSE,TRUE,TRUE,TRUE,TRUE,TRUE,0.1465178193692338,8476329,15,8
2019020768,273,even-strength,70,-21,FALSE,FALSE,TRUE,TRUE,TRUE,FALSE,0.03530155496979419,8477903,15,8
2019020768,274,even-strength,68,-7,FALSE,FALSE,TRUE,FALSE,FALSE,FALSE,0,8475324,15,8
2019020768,276,penalty-kill,81,-1,FALSE,FALSE,TRUE,TRUE,FALSE,FALSE,0.12365070358965752,8474176,15,8
2019020768,287,even-strength,80,2,FALSE,FALSE,TRUE,TRUE,TRUE,FALSE,0.15209997804713288,8477903,15,8
2019020768,288,even-strength,78,3,FALSE,FALSE,TRUE,TRUE,TRUE,FALSE,0.0980929765382854,8477903,15,8
2019020768,289,even-strength,85,-10,FALSE,TRUE,TRUE,TRUE,TRUE,FALSE,0.1523935556733024,8475209,15,8
2019020768,292,even-strength,84,-6,FALSE,TRUE,TRUE,TRUE,TRUE,FALSE,0.19922614681272569,8474189,15,8
2019020768,293,even-strength,-67,-22,FALSE,FALSE,TRUE,FALSE,FALSE,FALSE,0,8478399,15,8
2019020768,456,even-strength,66,-7,FALSE,FALSE,TRUE,FALSE,FALSE,FALSE,0,8475462,15,8
2019020768,460,even-strength,81,-8,FALSE,FALSE,TRUE,TRUE,TRUE,TRUE,0.11809906215809828,8477944,15,8
2019020768,463,even-strength,61,-13,FALSE,FALSE,TRUE,TRUE,TRUE,FALSE,0.04544854496345674,8474189,15,8
2019020768,466,even-strength,68,-19,FALSE,FALSE,TRUE,FALSE,FALSE,FALSE,0,8476880,15,8
2019020768,467,even-strength,-9,-33,TRUE,FALSE,TRUE,TRUE,TRUE,FALSE,0.00304198926818193,8478399,15,8
2019020768,468,even-strength,82,11,FALSE,FALSE,TRUE,TRUE,FALSE,FALSE,0.05124915097430837,8476894,15,8
2019020768,470,even-strength,39,0,FALSE,FALSE,TRUE,TRUE,TRUE,FALSE,0.02545653172401545,8479482,15,8
2019020768,471,even-strength,57,-17,FALSE,FALSE,TRUE,TRUE,FALSE,FALSE,0.06239412748126286,8474590,15,8
2019020768,472,even-strength,73,7,FALSE,FALSE,TRUE,FALSE,FALSE,FALSE,0,8475324,15,8
2019020768,473,even-strength,71,-20,FALSE,FALSE,TRUE,TRUE,TRUE,FALSE,0.03760755708975127,8474176,15,8
2019020768,476,even-strength,66,-15,FALSE,FALSE,TRUE,TRUE,TRUE,FALSE,0.04029247177826649,8474189,15,8
2019020768,481,even-strength,73,9,FALSE,FALSE,TRUE,FALSE,FALSE,FALSE,0,8475744,15,8
2019020768,486,even-strength,68,-10,FALSE,FALSE,TRUE,FALSE,FALSE,FALSE,0,8477903,15,8
2019020768,488,even-strength,53,-2,TRUE,FALSE,TRUE,TRUE,TRUE,FALSE,0.06168969605788414,8474189,15,8
2019020768,498,even-strength,32,30,FALSE,FALSE,TRUE,TRUE,TRUE,FALSE,0.0127884828547252,8479482,15,8
2019020768,499,even-strength,67,13,FALSE,FALSE,TRUE,FALSE,FALSE,FALSE,0,8479482,15,8
2019020768,653,even-strength,80,5,FALSE,FALSE,TRUE,TRUE,TRUE,FALSE,0.07682144993931506,8476880,15,8
2019020768,655,even-strength,65,-5,FALSE,FALSE,TRUE,FALSE,FALSE,FALSE,0,8474590,15,8
2019020768,656,even-strength,81,-9,FALSE,FALSE,TRUE,TRUE,TRUE,FALSE,0.13936631326613283,8474176,15,8
2019020768,658,even-strength,33,-10,FALSE,FALSE,TRUE,TRUE,FALSE,FALSE,0.02072450946241307,8475462,15,8
2019020768,659,even-strength,67,1,TRUE,FALSE,TRUE,FALSE,FALSE,FALSE,0,8473563,15,8
2019020768,660,even-strength,58,12,TRUE,TRUE,TRUE,TRUE,TRUE,FALSE,0.2056346152140088,8476880,15,8
2019020768,665,even-strength,38,28,FALSE,FALSE,TRUE,TRUE,TRUE,FALSE,0.01482866993064338,8474176,15,8
2019020768,667,even-strength,72,0,FALSE,FALSE,TRUE,FALSE,FALSE,FALSE,0,8475324,15,8
2019020768,673,even-strength,79,4,FALSE,FALSE,TRUE,TRUE,TRUE,FALSE,0.08021625002194854,8475209,15,8
2019020768,675,even-strength,83,6,TRUE,FALSE,TRUE,TRUE,TRUE,FALSE,0.15213012011705362,8474189,15,8
2019020768,676,even-strength,29,-28,FALSE,FALSE,TRUE,TRUE,TRUE,FALSE,0.0105706898588521,8474590,15,8
2019020768,677,even-strength,61,-18,FALSE,FALSE,TRUE,FALSE,FALSE,FALSE,0,8474590,15,8
2019020768,678,even-strength,-5,23,FALSE,FALSE,TRUE,TRUE,TRUE,FALSE,0.00173334545377649,8474590,15,8
2019020768,681,even-strength,81,2,FALSE,TRUE,TRUE,TRUE,TRUE,FALSE,0.2348086202441692,8476880,15,8
2019020782,153,even-strength,43,-12,FALSE,FALSE,TRUE,TRUE,FALSE,FALSE,0.02099233648104028,8476878,7,8
2019020782,156,even-strength,38,-8,FALSE,FALSE,TRUE,TRUE,TRUE,FALSE,0.01839180030670389,8476525,7,8
2019020782,157,even-strength,54,30,FALSE,FALSE,TRUE,TRUE,TRUE,FALSE,0.01669925329213604,8476918,7,8
2019020782,159,even-strength,52,-2,FALSE,FALSE,TRUE,TRUE,TRUE,FALSE,0.04001540283640307,8478403,7,8
2019020782,161,even-strength,77,-7,FALSE,FALSE,TRUE,TRUE,TRUE,FALSE,0.05422099741592715,8475149,7,8
2019020782,163,even-strength,35,-21,FALSE,FALSE,TRUE,TRUE,FALSE,FALSE,0.01480172416657293,8477499,7,8
2019020782,165,even-strength,64,25,FALSE,FALSE,TRUE,TRUE,TRUE,FALSE,0.02775910270219573,8476878,7,8
2019020782,168,power-play,34,-7,FALSE,FALSE,TRUE,TRUE,TRUE,FALSE,0.03000594225805403,8480839,7,8
2019020782,169,power-play,58,23,FALSE,FALSE,TRUE,TRUE,TRUE,TRUE,0.0559712449900953,8478403,7,8
2019020782,171,even-strength,82,-5,FALSE,FALSE,TRUE,TRUE,TRUE,FALSE,0.11732168913210264,8473564,7,8
2019020782,174,even-strength,81,-6,FALSE,FALSE,TRUE,TRUE,TRUE,FALSE,0.08812818400747723,8478542,7,8
2019020782,183,even-strength,42,-26,FALSE,FALSE,TRUE,TRUE,TRUE,FALSE,0.01999109994661889,8475149,7,8
2019020782,186,even-strength,72,-19,TRUE,FALSE,TRUE,TRUE,FALSE,FALSE,0.05081367069203484,8475784,7,8
2019020782,190,even-strength,63,-3,FALSE,FALSE,TRUE,TRUE,TRUE,FALSE,0.1037598172914124,8478403,7,8
2019020782,413,even-strength,79,-18,FALSE,FALSE,TRUE,TRUE,FALSE,FALSE,0.03813408639810936,8478403,7,8
2019020782,424,even-strength,69,-26,FALSE,FALSE,TRUE,TRUE,TRUE,FALSE,0.03230774340074454,8476878,7,8
2019020782,437,even-strength,32,-24,FALSE,FALSE,TRUE,TRUE,FALSE,FALSE,0.02279720763580216,8480035,7,8
2019020782,439,even-strength,35,-25,FALSE,FALSE,TRUE,TRUE,TRUE,FALSE,0.01865819424955494,8477499,7,8
2019020782,442,even-strength,72,14,FALSE,FALSE,TRUE,TRUE,FALSE,FALSE,0.06018402272418614,8477508,7,8
2019020782,444,even-strength,54,-6,FALSE,FALSE,TRUE,FALSE,FALSE,FALSE,0,8476525,7,8
2019020782,445,even-strength,54,31,FALSE,FALSE,TRUE,TRUE,TRUE,FALSE,0.0170274871888375,8476931,7,8
2019020782,447,even-strength,62,26,FALSE,TRUE,TRUE,TRUE,FALSE,FALSE,0.06121484677850189,8476931,7,8
2019020782,448,even-strength,40,26,FALSE,TRUE,TRUE,TRUE,FALSE,FALSE,0.03708936543663176,8476931,7,8
2019020782,552,even-strength,65,0,FALSE,FALSE,TRUE,TRUE,FALSE,FALSE,0.07575965942171552,8476931,7,8
2019020782,558,even-strength,68,15,FALSE,FALSE,TRUE,TRUE,FALSE,FALSE,0.0514724845143412,8477839,7,8
2019020782,561,power-play,71,6,FALSE,FALSE,TRUE,FALSE,FALSE,FALSE,0,8477499,7,8
2019020782,562,power-play,76,-3,FALSE,FALSE,TRUE,FALSE,FALSE,FALSE,0,8476525,7,8
2019020782,563,power-play,68,-2,FALSE,TRUE,TRUE,FALSE,FALSE,FALSE,0,8477839,7,8
2019020782,564,even-strength,68,-3,FALSE,FALSE,TRUE,FALSE,FALSE,FALSE,0,8476931,7,8
2019020782,565,even-strength,40,-1,FALSE,TRUE,TRUE,FALSE,FALSE,FALSE,0,8476931,7,8
2019020782,570,even-strength,33,-31,FALSE,FALSE,TRUE,TRUE,FALSE,FALSE,0.01230116111218057,8477499,7,8
2019020782,575,even-strength,35,30,FALSE,FALSE,TRUE,TRUE,FALSE,FALSE,0.0131346130540298,8480839,7,8
2019020782,576,even-strength,70,6,FALSE,FALSE,TRUE,FALSE,FALSE,FALSE,0,8480839,7,8
2019020782,578,even-strength,49,20,TRUE,FALSE,TRUE,TRUE,TRUE,FALSE,0.04137431416322952,8480839,7,8
2019020782,589,even-strength,78,-3,FALSE,FALSE,TRUE,FALSE,FALSE,FALSE,0,8475784,7,8
2019020782,591,even-strength,63,-5,FALSE,FALSE,TRUE,TRUE,TRUE,FALSE,0.09497671532201732,8475784,7,8
2019020782,592,even-strength,86,-5,FALSE,TRUE,TRUE,TRUE,TRUE,FALSE,0.1857024488203774,8476918,7,8
2019020782,595,even-strength,69,4,FALSE,FALSE,TRUE,FALSE,FALSE,FALSE,0,8475784,7,8
2019020782,597,power-play,41,1,FALSE,FALSE,TRUE,TRUE,TRUE,FALSE,0.05175530283643551,8480839,7,8
2019020782,599,even-strength,61,-33,FALSE,FALSE,TRUE,TRUE,TRUE,FALSE,0.01834191015092471,8477986,7,8
2019020782,600,even-strength,71,8,FALSE,FALSE,TRUE,FALSE,FALSE,FALSE,0,8477839,7,8
2019020782,681,even-strength,82,-13,FALSE,FALSE,TRUE,TRUE,TRUE,FALSE,0.05925150161813149,8477839,7,8
2019020782,754,even-strength,36,-6,FALSE,FALSE,TRUE,TRUE,FALSE,FALSE,0.02486375020744524,8477499,7,8
2019020782,758,even-strength,35,34,FALSE,FALSE,TRUE,TRUE,TRUE,FALSE,0.02166537340328571,8476525,7,8
2019020794,57,even-strength,68,41,FALSE,FALSE,TRUE,TRUE,TRUE,FALSE,0.01327008305020766,8478366,13,8
2019020794,58,even-strength,32,-32,FALSE,TRUE,TRUE,TRUE,TRUE,FALSE,0.03545113908328904,8477932,13,8
2019020794,67,even-strength,44,37,FALSE,FALSE,TRUE,TRUE,FALSE,FALSE,0.01081322431614903,8471735,13,8
2019020794,71,even-strength,47,29,FALSE,FALSE,TRUE,FALSE,FALSE,FALSE,0,8470619,13,8
2019020794,72,even-strength,31,39,FALSE,FALSE,TRUE,TRUE,TRUE,FALSE,0.00721631290770524,8479388,13,8
2019020794,75,even-strength,31,-39,FALSE,FALSE,TRUE,TRUE,TRUE,FALSE,0.00819438651289841,8471873,13,8
2019020794,88,power-play,32,1,FALSE,FALSE,TRUE,TRUE,TRUE,FALSE,0.0369852416855401,8471735,13,8
2019020794,90,power-play,67,0,TRUE,FALSE,TRUE,TRUE,TRUE,FALSE,0.1358151868206535,8476456,13,8
2019020794,93,power-play,30,-23,FALSE,FALSE,TRUE,TRUE,TRUE,FALSE,0.01953486252540439,8477932,13,8
2019020794,97,even-strength,47,-19,FALSE,FALSE,TRUE,TRUE,TRUE,FALSE,0.02266117042635898,8474149,13,8
2019020794,201,even-strength,80,-5,FALSE,FALSE,TRUE,FALSE,FALSE,FALSE,0,8475796,13,8
2019020794,205,even-strength,73,-16,FALSE,FALSE,TRUE,FALSE,FALSE,FALSE,0,8476875,13,8
2019020794,233,even-strength,51,-2,FALSE,FALSE,TRUE,FALSE,FALSE,FALSE,0,8474149,13,8
2019020794,234,even-strength,84,-22,FALSE,FALSE,TRUE,TRUE,FALSE,FALSE,0.0429639574254623,8470619,13,8
2019020794,235,even-strength,73,3,FALSE,FALSE,TRUE,TRUE,FALSE,FALSE,0.0740624828344855,8470619,13,8
2019020794,236,even-strength,65,39,FALSE,FALSE,TRUE,TRUE,FALSE,FALSE,0.01444451454607195,8474884,13,8
2019020794,238,even-strength,74,-6,FALSE,FALSE,TRUE,TRUE,TRUE,FALSE,0.07167935130898313,8478366,13,8
2019020794,239,even-strength,75,29,FALSE,FALSE,TRUE,TRUE,TRUE,FALSE,0.04108926891846026,8474884,13,8
2019020794,501,even-strength,69,-1,FALSE,FALSE,TRUE,TRUE,TRUE,FALSE,0.10458167309020326,8474884,13,8
2019020794,507,even-strength,31,-36,FALSE,FALSE,TRUE,TRUE,TRUE,FALSE,0.00667416223056652,8471873,13,8
2019020794,526,even-strength,71,-7,FALSE,FALSE,TRUE,FALSE,FALSE,FALSE,0,8476875,13,8
2019020794,528,power-play,67,-11,FALSE,FALSE,TRUE,FALSE,FALSE,FALSE,0,8474884,13,8
2019020794,529,power-play,60,15,FALSE,FALSE,TRUE,TRUE,FALSE,FALSE,0.07537700795054637,8476456,13,8
2019020794,530,power-play,32,-29,FALSE,FALSE,TRUE,TRUE,TRUE,FALSE,0.04458271429099555,8471735,13,8
2019020794,533,power-play,77,3,FALSE,FALSE,TRUE,TRUE,TRUE,FALSE,0.1367923485905211,8476389,13,8
2019020794,534,power-play,85,7,TRUE,FALSE,TRUE,TRUE,TRUE,FALSE,0.1653558362079825,8476875,13,8
2019020794,539,even-strength,61,36,FALSE,FALSE,TRUE,TRUE,TRUE,FALSE,0.0169803884151237,8476952,13,8
2019020794,541,even-strength,59,-36,FALSE,FALSE,TRUE,TRUE,TRUE,FALSE,0.0169667614336038,8474098,13,8
2019020794,542,even-strength,83,-36,FALSE,FALSE,TRUE,TRUE,TRUE,FALSE,0.02948330782290461,8477932,13,8
2019020794,549,even-strength,51,-1,FALSE,FALSE,TRUE,FALSE,FALSE,FALSE,0,8475796,13,8
2019020794,550,even-strength,69,13,FALSE,FALSE,TRUE,FALSE,FALSE,FALSE,0,8476389,13,8
2019020794,652,power-play,56,-20,FALSE,FALSE,TRUE,FALSE,FALSE,FALSE,0,8474884,13,8
2019020794,653,power-play,63,-25,FALSE,FALSE,TRUE,TRUE,FALSE,FALSE,0.07234910980146889,8474884,13,8
2019020794,654,power-play,71,0,FALSE,FALSE,TRUE,FALSE,FALSE,FALSE,0,8471735,13,8
2019020794,656,power-play,34,1,FALSE,FALSE,TRUE,TRUE,TRUE,FALSE,0.04495027726499555,8471735,13,8
2019020794,658,power-play,63,-26,FALSE,FALSE,TRUE,TRUE,TRUE,FALSE,0.08155934734039437,8474884,13,8
2019020794,660,power-play,57,17,FALSE,FALSE,TRUE,TRUE,TRUE,FALSE,0.05635197602307477,8476456,13,8
2019020794,662,power-play,58,-25,FALSE,FALSE,TRUE,TRUE,TRUE,FALSE,0.04626129649150191,8474884,13,8
2019020794,663,power-play,42,2,FALSE,FALSE,TRUE,TRUE,TRUE,FALSE,0.05310066950328537,8471735,13,8
2019020794,667,power-play,32,-27,FALSE,FALSE,TRUE,TRUE,TRUE,FALSE,0.01850378801185962,8471735,13,8
2019020794,672,power-play,61,-2,FALSE,FALSE,TRUE,FALSE,FALSE,FALSE,0,8475792,13,8
2019020794,673,power-play,33,9,FALSE,FALSE,TRUE,TRUE,TRUE,FALSE,0.03884052950438754,8477932,13,8
2019020794,674,even-strength,74,0,FALSE,FALSE,TRUE,TRUE,FALSE,FALSE,0.08187397213494377,8470619,13,8
2019020794,675,even-strength,57,-3,FALSE,FALSE,TRUE,TRUE,TRUE,FALSE,0.05538369607616261,8475792,13,8
2019020794,677,even-strength,31,-7,FALSE,FALSE,TRUE,TRUE,TRUE,FALSE,0.01659200802526955,8474098,13,8
2019020794,678,power-play,84,9,FALSE,TRUE,TRUE,TRUE,TRUE,FALSE,0.18103846757780265,8474149,13,8
2019020794,681,even-strength,-4,-2,FALSE,FALSE,TRUE,TRUE,TRUE,FALSE,0.00339901928664191,8474884,13,8
2019020807,53,even-strength,69,-1,FALSE,FALSE,TRUE,FALSE,FALSE,FALSE,0,8477416,29,8
2019020807,54,even-strength,59,-40,FALSE,FALSE,TRUE,TRUE,TRUE,FALSE,0.01316731615443755,8477495,29,8
2019020807,56,even-strength,82,5,FALSE,FALSE,TRUE,FALSE,FALSE,FALSE,0,8480205,29,8
2019020807,59,even-strength,82,3,FALSE,FALSE,TRUE,TRUE,FALSE,FALSE,0.1004582958958654,8473422,29,8
2019020807,65,even-strength,80,1,FALSE,FALSE,TRUE,FALSE,FALSE,FALSE,0,8480762,29,8
2019020807,70,even-strength,69,-1,FALSE,FALSE,TRUE,FALSE,FALSE,FALSE,0,8475233,29,8
2019020807,74,even-strength,61,-5,FALSE,FALSE,TRUE,TRUE,TRUE,FALSE,0.05627881108026447,8480762,29,8
2019020807,80,even-strength,47,13,FALSE,FALSE,TRUE,TRUE,TRUE,FALSE,0.03121563277276118,8474679,29,8
2019020807,82,even-strength,68,-1,FALSE,FALSE,TRUE,TRUE,FALSE,FALSE,0.08006301908525178,8476432,29,8
2019020807,83,even-strength,94,16,FALSE,TRUE,TRUE,TRUE,TRUE,FALSE,0.15718987375608937,8480205,29,8
2019020807,85,even-strength,51,-26,FALSE,FALSE,TRUE,TRUE,TRUE,FALSE,0.01995585449253469,8477495,29,8
2019020807,89,even-strength,57,23,FALSE,FALSE,TRUE,TRUE,TRUE,TRUE,0.03672073081768234,8478882,29,8
2019020807,92,even-strength,72,-7,FALSE,FALSE,TRUE,FALSE,FALSE,FALSE,0,8477505,29,8
2019020807,93,even-strength,82,-1,FALSE,FALSE,TRUE,FALSE,FALSE,FALSE,0,8478460,29,8
2019020807,96,even-strength,3,-6,FALSE,FALSE,TRUE,TRUE,TRUE,FALSE,0.00307620773772678,8477947,29,8
2019020807,99,power-play,82,-1,FALSE,FALSE,TRUE,TRUE,TRUE,FALSE,0.1332913586924429,8474715,29,8
2019020807,351,power-play,81,-2,FALSE,FALSE,TRUE,TRUE,TRUE,FALSE,0.10620279014985808,8473422,29,8
2019020807,354,even-strength,79,0,FALSE,FALSE,TRUE,FALSE,FALSE,FALSE,0,8474715,29,8
2019020807,355,even-strength,43,-17,FALSE,FALSE,TRUE,TRUE,TRUE,FALSE,0.02775715228537218,8475233,29,8
2019020807,357,even-strength,76,0,FALSE,FALSE,TRUE,FALSE,FALSE,FALSE,0,8474062,29,8
2019020807,358,even-strength,76,-4,FALSE,FALSE,TRUE,FALSE,FALSE,FALSE,0,8479400,29,8
2019020807,374,even-strength,77,1,FALSE,FALSE,TRUE,TRUE,TRUE,TRUE,0.11618678880962284,8479400,29,8
2019020807,386,even-strength,73,6,TRUE,FALSE,TRUE,TRUE,FALSE,FALSE,0.1621118643299823,8471804,29,8
2019020807,389,power-play,75,1,FALSE,FALSE,TRUE,FALSE,FALSE,FALSE,0,8477505,29,8
2019020807,391,power-play,81,1,FALSE,FALSE,TRUE,FALSE,FALSE,FALSE,0,8476432,29,8
2019020807,392,power-play,69,9,FALSE,FALSE,TRUE,TRUE,TRUE,FALSE,0.0957377736834343,8477416,29,8
2019020807,399,even-strength,51,-7,FALSE,FALSE,TRUE,TRUE,TRUE,FALSE,0.0556987316847494,8478460,29,8
2019020807,455,even-strength,81,-12,FALSE,FALSE,TRUE,TRUE,TRUE,FALSE,0.05782679981958091,8474715,29,8
2019020807,462,even-strength,47,-26,FALSE,FALSE,TRUE,TRUE,TRUE,FALSE,0.01521927636602253,8471804,29,8
2019020807,466,even-strength,56,22,FALSE,FALSE,TRUE,TRUE,TRUE,FALSE,0.03272487058969147,8473422,29,8
2019020807,467,even-strength,35,-16,FALSE,FALSE,TRUE,TRUE,TRUE,FALSE,0.01650423048037481,8478460,29,8
2019020807,468,even-strength,86,5,FALSE,FALSE,TRUE,TRUE,TRUE,TRUE,0.03978819913365084,8479400,29,8
2019020807,475,penalty-kill,-90,34,FALSE,FALSE,TRUE,TRUE,TRUE,FALSE,1.9740180470037143e-4,8478460,29,8
2019020807,480,even-strength,37,25,FALSE,FALSE,TRUE,TRUE,FALSE,FALSE,0.01139613448402052,8474679,29,8
2019020807,484,even-strength,56,24,FALSE,FALSE,TRUE,TRUE,TRUE,FALSE,0.03210522850238006,8480762,29,8
2019020807,486,even-strength,68,5,FALSE,FALSE,TRUE,TRUE,FALSE,FALSE,0.06860519267697596,8471804,29,8
2019020807,491,even-strength,52,-17,FALSE,FALSE,TRUE,TRUE,TRUE,FALSE,0.03748081298778261,8478460,29,8
2019020807,497,even-strength,47,-27,FALSE,FALSE,TRUE,TRUE,TRUE,FALSE,0.02068923097091007,8477947,29,8
2019020807,499,even-strength,52,-22,FALSE,FALSE,TRUE,TRUE,TRUE,FALSE,0.02116771898672695,8471804,29,8
2019020807,652,even-strength,78,0,FALSE,FALSE,TRUE,FALSE,FALSE,FALSE,0,8474679,29,8
2019020807,653,even-strength,77,2,FALSE,FALSE,TRUE,FALSE,FALSE,FALSE,0,8475233,29,8
2019020807,655,even-strength,61,-23,FALSE,FALSE,TRUE,TRUE,FALSE,FALSE,0.03264988114048622,8478906,29,8
2019020807,656,even-strength,55,31,TRUE,FALSE,TRUE,TRUE,TRUE,FALSE,0.03828142536305771,8476449,29,8
2019020807,661,penalty-kill,-62,-10,FALSE,FALSE,TRUE,TRUE,TRUE,FALSE,0.00115628930072157,8474679,29,8
2019020807,662,penalty-kill,63,-5,FALSE,FALSE,TRUE,TRUE,TRUE,FALSE,0.07011775141286945,8476432,29,8
2019020828,55,power-play,69,-1,FALSE,FALSE,TRUE,FALSE,FALSE,FALSE,0,8478131,24,8
2019020828,56,power-play,43,-24,FALSE,FALSE,TRUE,TRUE,FALSE,FALSE,0.02571619974947556,8478873,24,8
2019020828,57,power-play,35,18,FALSE,FALSE,TRUE,TRUE,TRUE,FALSE,0.04057600903015587,8476854,24,8
2019020828,60,power-play,67,-17,FALSE,FALSE,TRUE,TRUE,TRUE,FALSE,0.0744131887285671,8479351,24,8
2019020828,61,power-play,70,-3,FALSE,TRUE,TRUE,TRUE,TRUE,FALSE,0.17552987645925555,8479351,24,8
2019020828,62,power-play,53,-22,FALSE,TRUE,TRUE,TRUE,TRUE,FALSE,0.10325261940772422,8475164,24,8
2019020828,64,even-strength,33,-10,FALSE,FALSE,TRUE,TRUE,FALSE,FALSE,0.01923382332887133,8475790,24,8
2019020828,69,even-strength,37,25,TRUE,FALSE,TRUE,TRUE,TRUE,FALSE,0.02246930506071636,8475764,24,8
2019020828,70,even-strength,90,-10,FALSE,FALSE,TRUE,TRUE,FALSE,FALSE,0.03921445513236314,8479368,24,8
2019020828,71,even-strength,34,25,FALSE,FALSE,TRUE,TRUE,TRUE,FALSE,0.01681254490513185,8476312,24,8
2019020828,73,even-strength,30,38,FALSE,FALSE,TRUE,TRUE,TRUE,FALSE,0.0072727225185124,8475764,24,8
2019020828,74,even-strength,32,-18,FALSE,FALSE,TRUE,TRUE,FALSE,FALSE,0.01528093381514184,8475790,24,8
2019020828,77,even-strength,38,27,FALSE,FALSE,TRUE,TRUE,TRUE,FALSE,0.01603334503371745,8474683,24,8
2019020828,78,even-strength,35,39,FALSE,FALSE,TRUE,TRUE,TRUE,FALSE,0.00584735855801943,8476854,24,8
2019020828,83,power-play,72,-1,FALSE,FALSE,TRUE,TRUE,FALSE,FALSE,0.11117504675411788,8474641,24,8
2019020828,85,power-play,80,-11,FALSE,FALSE,TRUE,TRUE,TRUE,FALSE,0.09627624007081335,8478131,24,8
2019020828,87,power-play,33,24,FALSE,FALSE,TRUE,TRUE,TRUE,FALSE,0.02897021053426493,8475764,24,8
2019020828,88,power-play,73,7,FALSE,FALSE,TRUE,TRUE,TRUE,FALSE,0.09782735064561396,8476483,24,8
2019020828,89,power-play,34,-15,FALSE,FALSE,TRUE,TRUE,TRUE,FALSE,0.03881475739389893,8470612,24,8
2019020828,94,even-strength,58,-4,TRUE,FALSE,TRUE,FALSE,FALSE,FALSE,0,8478131,24,8
2019020828,98,even-strength,66,3,TRUE,FALSE,TRUE,FALSE,FALSE,FALSE,0,8474641,24,8
2019020828,100,even-strength,65,2,FALSE,FALSE,TRUE,FALSE,FALSE,FALSE,0,8476312,24,8
2019020828,253,even-strength,53,-20,FALSE,FALSE,TRUE,TRUE,TRUE,FALSE,0.03156500804520637,8478131,24,8
2019020828,264,even-strength,-68,8,FALSE,FALSE,TRUE,TRUE,TRUE,FALSE,3.053079783264109e-4,8475790,24,8
2019020828,267,even-strength,36,24,FALSE,FALSE,TRUE,TRUE,TRUE,FALSE,0.01181508385680145,8478491,24,8
2019020828,269,even-strength,30,-37,FALSE,FALSE,TRUE,TRUE,TRUE,FALSE,0.00679635008842509,8476312,24,8
2019020828,271,even-strength,81,21,FALSE,FALSE,TRUE,TRUE,FALSE,FALSE,0.030389269887794,8474683,24,8
2019020828,273,even-strength,71,-13,FALSE,FALSE,TRUE,TRUE,FALSE,FALSE,0.09781263056343388,8479368,24,8
2019020828,283,penalty-kill,78,22,FALSE,FALSE,TRUE,TRUE,FALSE,FALSE,0.06531550586711435,8474641,24,8
2019020828,286,even-strength,67,15,FALSE,FALSE,TRUE,TRUE,FALSE,FALSE,0.05350704251004673,8474683,24,8
2019020828,288,even-strength,36,-3,TRUE,FALSE,TRUE,TRUE,TRUE,FALSE,0.05546198110197346,8475790,24,8
2019020828,291,even-strength,84,22,FALSE,FALSE,TRUE,TRUE,FALSE,FALSE,0.0291099197379479,8474641,24,8
2019020828,292,even-strength,33,-6,FALSE,FALSE,TRUE,TRUE,TRUE,FALSE,0.02827540618485142,8473560,24,8
2019020828,293,even-strength,29,-28,FALSE,FALSE,TRUE,TRUE,FALSE,FALSE,0.01594872900197133,8473560,24,8
2019020828,294,even-strength,65,-9,FALSE,FALSE,TRUE,TRUE,TRUE,TRUE,0.0668680455265836,8475164,24,8
2019020828,295,even-strength,30,39,FALSE,FALSE,TRUE,TRUE,TRUE,FALSE,0.00506096749890532,8475764,24,8
2019020828,453,even-strength,70,16,FALSE,FALSE,TRUE,FALSE,FALSE,FALSE,0,8477941,24,8
2019020828,457,even-strength,69,-3,FALSE,FALSE,TRUE,FALSE,FALSE,FALSE,0,8474683,24,8
2019020828,458,even-strength,61,10,TRUE,FALSE,TRUE,FALSE,FALSE,FALSE,0,8478491,24,8
2019020828,459,even-strength,56,4,TRUE,FALSE,TRUE,TRUE,TRUE,FALSE,0.06873863625518703,8478131,24,8
2019020828,466,even-strength,78,-1,FALSE,FALSE,TRUE,TRUE,TRUE,FALSE,0.10910008346550094,8474683,24,8
2019020828,467,even-strength,45,-25,FALSE,TRUE,TRUE,TRUE,TRUE,FALSE,0.06085786004301814,8476483,24,8
2019020828,469,even-strength,69,2,TRUE,FALSE,TRUE,TRUE,TRUE,FALSE,0.20794864569902183,8475164,24,8
2019020828,471,even-strength,50,14,FALSE,FALSE,TRUE,FALSE,FALSE,FALSE,0,8475764,24,8
2019020828,474,even-strength,66,21,FALSE,FALSE,TRUE,TRUE,FALSE,FALSE,0.03541286412029788,8474641,24,8
2019020828,475,even-strength,70,-14,TRUE,FALSE,TRUE,FALSE,FALSE,FALSE,0,8476312,24,8
2019020828,481,even-strength,73,7,FALSE,FALSE,TRUE,TRUE,TRUE,TRUE,0.10994869720056084,8474683,24,8
2019020828,482,even-strength,4,-34,FALSE,FALSE,TRUE,TRUE,TRUE,FALSE,0.00213181846995331,8476312,24,8
2019020828,486,even-strength,60,0,FALSE,FALSE,TRUE,TRUE,TRUE,FALSE,0.06313405766129421,8474641,24,8
2019020828,490,even-strength,41,-31,TRUE,FALSE,TRUE,TRUE,TRUE,FALSE,0.03021592752541349,8475790,24,8
2019020828,491,even-strength,68,3,FALSE,FALSE,TRUE,TRUE,TRUE,FALSE,0.06492140289812537,8475235,24,8
2019020828,652,penalty-kill,61,3,FALSE,FALSE,TRUE,TRUE,FALSE,FALSE,0.03082624661124649,8477240,24,8
2019020828,660,even-strength,73,-17,FALSE,FALSE,TRUE,TRUE,TRUE,FALSE,0.05332137918236761,8479368,24,8
2019020828,662,even-strength,63,24,FALSE,FALSE,TRUE,TRUE,TRUE,FALSE,0.03343303796226186,8479351,24,8
2019020828,667,even-strength,54,22,FALSE,FALSE,TRUE,TRUE,TRUE,FALSE,0.03979619882335651,8478131,24,8
2019020828,671,even-strength,79,-16,FALSE,FALSE,TRUE,TRUE,TRUE,FALSE,0.05823698635986615,8475164,24,8
2019020828,672,even-strength,98,-6,TRUE,TRUE,TRUE,TRUE,TRUE,FALSE,0.14694932672177097,8475164,24,8
2019020828,674,even-strength,62,-32,FALSE,FALSE,TRUE,TRUE,TRUE,FALSE,0.0172535383851579,8478131,24,8
2019020828,676,even-strength,31,36,TRUE,FALSE,TRUE,TRUE,TRUE,FALSE,0.02027643979249856,8476854,24,8
2019020845,57,even-strength,64,-8,FALSE,FALSE,TRUE,FALSE,FALSE,FALSE,0,8475786,10,8
2019020845,58,even-strength,39,21,FALSE,FALSE,TRUE,TRUE,FALSE,FALSE,0.01093765759557176,8475197,10,8
2019020845,59,even-strength,67,-36,FALSE,FALSE,TRUE,TRUE,FALSE,FALSE,0.02394492565529522,8469455,10,8
2019020845,60,even-strength,66,19,FALSE,FALSE,TRUE,FALSE,FALSE,FALSE,0,8480873,10,8
2019020845,62,even-strength,58,-3,FALSE,FALSE,TRUE,TRUE,TRUE,FALSE,0.05639552687800375,8479318,10,8
2019020845,64,even-strength,78,-7,FALSE,FALSE,TRUE,TRUE,TRUE,FALSE,0.07575200451401184,8479318,10,8
2019020845,66,even-strength,-68,27,FALSE,FALSE,TRUE,TRUE,TRUE,FALSE,2.334444895921199e-4,8474162,10,8
2019020845,67,even-strength,75,-13,FALSE,FALSE,TRUE,FALSE,FALSE,FALSE,0,8480043,10,8
2019020845,73,even-strength,72,-11,FALSE,FALSE,TRUE,FALSE,FALSE,FALSE,0,8475166,10,8
2019020845,75,even-strength,92,-20,TRUE,FALSE,TRUE,TRUE,TRUE,FALSE,0.10122738876783506,8469455,10,8
2019020845,77,even-strength,65,-12,FALSE,FALSE,TRUE,FALSE,FALSE,FALSE,0,8475786,10,8
2019020845,78,even-strength,67,-25,FALSE,FALSE,TRUE,TRUE,TRUE,FALSE,0.02127808199771637,8469455,10,8
2019020845,80,even-strength,68,11,FALSE,FALSE,TRUE,FALSE,FALSE,FALSE,0,8478408,10,8
2019020845,82,even-strength,80,-1,FALSE,FALSE,TRUE,FALSE,FALSE,FALSE,0,8479318,10,8
2019020845,86,even-strength,67,-20,FALSE,FALSE,TRUE,TRUE,TRUE,FALSE,0.03740134673866531,8475197,10,8
2019020845,90,even-strength,37,-21,FALSE,FALSE,TRUE,TRUE,FALSE,FALSE,0.0166285115901187,8475718,10,8
2019020845,91,even-strength,51,37,FALSE,TRUE,TRUE,TRUE,TRUE,FALSE,0.03554922247360361,8474162,10,8
2019020845,95,even-strength,51,30,FALSE,FALSE,TRUE,TRUE,FALSE,FALSE,0.01704685810726027,8479318,10,8
2019020845,96,even-strength,81,4,FALSE,TRUE,TRUE,TRUE,FALSE,FALSE,0.28855193948958746,8477021,10,8
2019020845,351,even-strength,59,-16,FALSE,FALSE,TRUE,TRUE,FALSE,FALSE,0.06342564331158543,8475718,10,8
2019020845,353,even-strength,68,12,FALSE,FALSE,TRUE,TRUE,TRUE,FALSE,0.03999769483493234,8477021,10,8
2019020845,354,even-strength,36,-22,FALSE,FALSE,TRUE,TRUE,TRUE,FALSE,0.01039626700496164,8475197,10,8
2019020845,357,power-play,68,2,FALSE,FALSE,TRUE,FALSE,FALSE,FALSE,0,8475197,10,8
2019020845,358,power-play,61,-24,FALSE,FALSE,TRUE,TRUE,FALSE,FALSE,0.05382415941480436,8479318,10,8
2019020845,359,power-play,60,0,FALSE,FALSE,TRUE,TRUE,TRUE,FALSE,0.08958025537342179,8475166,10,8
2019020845,360,power-play,66,-16,FALSE,FALSE,TRUE,TRUE,TRUE,FALSE,0.06855631293577376,8479318,10,8
2019020845,362,even-strength,68,-38,TRUE,FALSE,TRUE,TRUE,TRUE,FALSE,0.02844119516898375,8475718,10,8
2019020845,367,even-strength,39,-29,FALSE,FALSE,TRUE,TRUE,TRUE,FALSE,0.01210636468350548,8478857,10,8
2019020845,370,even-strength,76,1,FALSE,FALSE,TRUE,TRUE,TRUE,FALSE,0.10603718764231096,8475160,10,8
2019020845,371,even-strength,75,-11,FALSE,FALSE,TRUE,FALSE,FALSE,FALSE,0,8478483,10,8
2019020845,372,even-strength,73,-1,FALSE,FALSE,TRUE,TRUE,FALSE,FALSE,0.07247639780394956,8479318,10,8
2019020845,373,even-strength,-37,4,FALSE,FALSE,TRUE,TRUE,TRUE,FALSE,0.00111419903588662,8474162,10,8
2019020845,378,even-strength,74,-1,FALSE,FALSE,TRUE,FALSE,FALSE,FALSE,0,8475197,10,8
2019020845,380,penalty-kill,68,2,FALSE,FALSE,TRUE,TRUE,TRUE,FALSE,0.1080728736287577,8478483,10,8
2019020845,381,penalty-kill,-27,37,FALSE,FALSE,TRUE,TRUE,FALSE,FALSE,0.00183249992376299,8478115,10,8
2019020845,386,even-strength,81,8,FALSE,FALSE,TRUE,TRUE,TRUE,FALSE,0.06876592430433737,8475166,10,8
2019020845,387,even-strength,68,3,FALSE,FALSE,TRUE,FALSE,FALSE,FALSE,0,8469455,10,8
2019020845,389,even-strength,72,22,TRUE,FALSE,TRUE,TRUE,TRUE,FALSE,0.08012340153443535,8478115,10,8
2019020845,391,even-strength,72,7,FALSE,FALSE,TRUE,TRUE,FALSE,FALSE,0.06726657557028938,8475166,10,8
2019020845,393,power-play,73,9,FALSE,FALSE,TRUE,FALSE,FALSE,FALSE,0,8478483,10,8
2019020845,394,even-strength,76,-6,FALSE,FALSE,TRUE,TRUE,TRUE,FALSE,0.08553897839984949,8469455,10,8
2019020845,395,even-strength,81,2,FALSE,FALSE,TRUE,TRUE,TRUE,FALSE,0.09396818887944249,8469455,10,8
2019020845,396,even-strength,43,34,FALSE,FALSE,TRUE,TRUE,TRUE,FALSE,0.00774828296440015,8474162,10,8
2019020845,400,even-strength,70,-9,FALSE,FALSE,TRUE,FALSE,FALSE,FALSE,0,8474162,10,8
2019020845,607,even-strength,69,-15,FALSE,FALSE,TRUE,TRUE,TRUE,TRUE,0.04978941591141894,8475166,10,8
2019020845,616,even-strength,76,-8,FALSE,FALSE,TRUE,TRUE,FALSE,FALSE,0.1027509781106844,8479318,10,8
2019020845,621,even-strength,62,-1,FALSE,FALSE,TRUE,FALSE,FALSE,FALSE,0,8477021,10,8
2019020845,622,even-strength,61,-4,FALSE,FALSE,TRUE,FALSE,FALSE,FALSE,0,8475786,10,8
2019020845,623,even-strength,66,-6,FALSE,TRUE,TRUE,FALSE,FALSE,FALSE,0,8475786,10,8
2019020845,647,even-strength,73,13,FALSE,FALSE,TRUE,FALSE,FALSE,FALSE,0,8477341,10,8
2019020845,650,even-strength,59,-22,FALSE,FALSE,TRUE,TRUE,FALSE,FALSE,0.04730854833495804,8469455,10,8
2019020845,812,even-strength,56,-27,FALSE,FALSE,TRUE,TRUE,TRUE,FALSE,0.05501139001320952,8475197,10,8
2019020860,59,even-strength,61,6,FALSE,FALSE,TRUE,TRUE,TRUE,FALSE,0.05529468570527608,8471274,53,8
2019020860,61,even-strength,59,-19,FALSE,FALSE,TRUE,FALSE,FALSE,FALSE,0,8471274,53,8
2019020860,66,even-strength,53,-14,FALSE,FALSE,TRUE,TRUE,TRUE,FALSE,0.03332319827625238,8476994,53,8
2019020860,67,even-strength,68,-6,FALSE,FALSE,TRUE,FALSE,FALSE,FALSE,0,8471262,53,8
2019020860,68,even-strength,33,31,FALSE,FALSE,TRUE,TRUE,TRUE,FALSE,0.01046380701968373,8479345,53,8
2019020860,72,even-strength,59,-4,FALSE,FALSE,TRUE,TRUE,TRUE,TRUE,0.05669165494902942,8474613,53,8
2019020860,73,even-strength,69,-5,FALSE,FALSE,TRUE,TRUE,TRUE,FALSE,0.07263056416204994,8479345,53,8
2019020860,76,power-play,51,-12,FALSE,FALSE,TRUE,TRUE,TRUE,FALSE,0.04967687210036602,8478856,53,8
2019020860,79,power-play,76,-5,FALSE,FALSE,TRUE,TRUE,FALSE,FALSE,0.10248636047635594,8479345,53,8
2019020860,80,power-play,53,20,FALSE,FALSE,TRUE,TRUE,TRUE,FALSE,0.06079000753893741,8479343,53,8
2019020860,84,even-strength,-74,-8,FALSE,FALSE,TRUE,FALSE,FALSE,FALSE,0,8471262,53,8
2019020860,87,even-strength,64,-22,FALSE,FALSE,TRUE,TRUE,TRUE,FALSE,0.03658334862141198,8475791,53,8
2019020860,92,even-strength,81,0,FALSE,FALSE,TRUE,TRUE,TRUE,FALSE,0.1640527801236805,8475791,53,8
2019020860,95,power-play,53,14,FALSE,FALSE,TRUE,TRUE,FALSE,FALSE,0.05461052344229356,8479345,53,8
2019020860,96,power-play,67,1,FALSE,FALSE,TRUE,TRUE,TRUE,FALSE,0.13341897137592404,8479343,53,8
2019020860,98,power-play,45,9,TRUE,FALSE,TRUE,TRUE,FALSE,FALSE,0.07757141433785904,8479345,53,8
2019020860,254,even-strength,35,21,FALSE,FALSE,TRUE,TRUE,TRUE,FALSE,0.01475129755429962,8479345,53,8
2019020860,256,even-strength,33,0,FALSE,FALSE,TRUE,TRUE,FALSE,FALSE,0.02240098666438602,8471274,53,8
2019020860,257,even-strength,32,29,FALSE,FALSE,TRUE,TRUE,FALSE,FALSE,0.01226093579412863,8479345,53,8
2019020860,265,penalty-kill,55,-12,FALSE,FALSE,TRUE,TRUE,FALSE,FALSE,0.03085140276743434,8470755,53,8
2019020860,266,penalty-kill,-47,-37,TRUE,FALSE,TRUE,TRUE,TRUE,FALSE,6.499787277023652e-4,8474613,53,8
2019020860,275,even-strength,61,-13,TRUE,FALSE,TRUE,TRUE,TRUE,FALSE,0.0561467723780007,8478856,53,8
2019020860,276,even-strength,71,-2,FALSE,FALSE,TRUE,TRUE,TRUE,FALSE,0.07467947057326159,8479343,53,8
2019020860,278,even-strength,65,-8,FALSE,FALSE,TRUE,FALSE,FALSE,FALSE,0,8479343,53,8
2019020860,286,power-play,53,-23,FALSE,FALSE,TRUE,TRUE,TRUE,FALSE,0.04655223059460537,8477951,53,8
2019020860,287,power-play,80,2,FALSE,FALSE,TRUE,FALSE,FALSE,FALSE,0,8475791,53,8
2019020860,288,power-play,56,-14,FALSE,FALSE,TRUE,TRUE,FALSE,FALSE,0.0657001402981642,8477951,53,8
2019020860,289,power-play,78,0,FALSE,FALSE,TRUE,FALSE,FALSE,FALSE,0,8477989,53,8
2019020860,290,power-play,74,-1,FALSE,FALSE,TRUE,TRUE,TRUE,FALSE,0.1252574946273495,8478856,53,8
2019020860,291,power-play,78,1,FALSE,TRUE,TRUE,TRUE,TRUE,FALSE,0.32556903630206097,8477989,53,8
2019020860,292,even-strength,80,-1,FALSE,TRUE,TRUE,TRUE,TRUE,FALSE,0.3733450421547839,8477989,53,8
2019020860,293,power-play,68,6,FALSE,FALSE,TRUE,TRUE,TRUE,FALSE,0.08346430381753775,8478856,53,8
2019020860,295,power-play,44,-25,FALSE,FALSE,TRUE,TRUE,TRUE,FALSE,0.03002907992415966,8479343,53,8
2019020860,297,power-play,72,-5,FALSE,FALSE,TRUE,FALSE,FALSE,FALSE,0,8479345,53,8
2019020860,299,even-strength,50,25,FALSE,FALSE,TRUE,TRUE,FALSE,FALSE,0.04086410122809422,8475791,53,8
2019020860,300,even-strength,59,35,FALSE,FALSE,TRUE,TRUE,TRUE,FALSE,0.02299759595825584,8477851,53,8
2019020860,452,even-strength,56,34,FALSE,FALSE,TRUE,TRUE,TRUE,FALSE,0.01497067297576345,8476994,53,8
2019020860,456,even-strength,65,-20,FALSE,FALSE,TRUE,TRUE,TRUE,FALSE,0.03571636974237154,8475791,53,8
2019020860,458,even-strength,78,4,FALSE,FALSE,TRUE,FALSE,FALSE,FALSE,0,8471262,53,8
2019020860,459,even-strength,36,-34,TRUE,FALSE,TRUE,TRUE,FALSE,FALSE,0.028178493554994,8480950,53,8
2019020860,460,even-strength,76,-3,FALSE,FALSE,TRUE,FALSE,FALSE,FALSE,0,8477951,53,8
2019020860,461,even-strength,33,-25,FALSE,FALSE,TRUE,TRUE,FALSE,FALSE,0.01445667640550036,8480950,53,8
2019020860,463,even-strength,77,-22,FALSE,FALSE,TRUE,TRUE,TRUE,FALSE,0.02475401993915747,8470755,53,8
2019020860,464,even-strength,56,20,FALSE,FALSE,TRUE,TRUE,TRUE,FALSE,0.02074222530647835,8475171,53,8
2019020860,465,even-strength,65,0,TRUE,FALSE,TRUE,TRUE,TRUE,TRUE,0.1663881858409524,8475791,53,8
2019020860,466,even-strength,37,6,FALSE,FALSE,TRUE,FALSE,FALSE,FALSE,0,8471274,53,8
2019020860,471,even-strength,53,-21,FALSE,FALSE,TRUE,TRUE,TRUE,FALSE,0.02302362099953342,8478856,53,8
2019020860,473,even-strength,38,-23,FALSE,FALSE,TRUE,TRUE,TRUE,FALSE,0.01401410550336589,8475791,53,8
2019020860,474,even-strength,70,38,FALSE,FALSE,TRUE,TRUE,FALSE,FALSE,0.01496365265015502,8478856,53,8
2019020860,478,even-strength,37,-37,FALSE,FALSE,TRUE,TRUE,TRUE,FALSE,0.01337894741238651,8474613,53,8
2019020860,487,even-strength,31,-30,FALSE,FALSE,TRUE,TRUE,FALSE,FALSE,0.0099214163406776,8475791,53,8
2019020860,489,even-strength,57,-31,FALSE,FALSE,TRUE,TRUE,TRUE,FALSE,0.02227607980966745,8476994,53,8
2019020860,494,even-strength,50,-21,TRUE,FALSE,TRUE,FALSE,FALSE,FALSE,0,8473548,53,8
2019020860,495,even-strength,36,0,FALSE,FALSE,TRUE,FALSE,FALSE,FALSE,0,8471769,53,8
2019020860,497,even-strength,56,-24,FALSE,FALSE,TRUE,FALSE,FALSE,FALSE,0,8471274,53,8
2019020860,655,power-play,42,-23,FALSE,FALSE,TRUE,TRUE,TRUE,FALSE,0.03716531501476044,8477951,53,8
2019020860,657,power-play,62,8,FALSE,FALSE,TRUE,FALSE,FALSE,FALSE,0,8475791,53,8
2019020860,668,even-strength,46,37,FALSE,FALSE,TRUE,TRUE,TRUE,FALSE,0.01181289017785689,8478432,53,8
2019020860,670,power-play,43,23,FALSE,FALSE,TRUE,TRUE,TRUE,FALSE,0.03578166963879661,8475791,53,8
2019020860,671,power-play,41,-4,FALSE,FALSE,TRUE,TRUE,TRUE,TRUE,0.03766940232472737,8479345,53,8
2019020877,13,even-strength,38,-26,FALSE,FALSE,TRUE,TRUE,TRUE,FALSE,0.01472516648050846,8475186,6,8
2019020877,44,even-strength,63,-1,FALSE,FALSE,TRUE,FALSE,FALSE,FALSE,0,8475780,6,8
2019020877,46,even-strength,72,12,FALSE,FALSE,TRUE,FALSE,FALSE,FALSE,0,8478498,6,8
2019020877,57,even-strength,34,34,FALSE,FALSE,TRUE,TRUE,TRUE,FALSE,0.00868138350449533,8476891,6,8
2019020877,59,even-strength,74,18,FALSE,FALSE,TRUE,TRUE,TRUE,FALSE,0.03403349975000087,8475745,6,8
2019020877,62,even-strength,60,-19,FALSE,FALSE,TRUE,TRUE,TRUE,FALSE,0.04127834979117081,8478075,6,8
2019020877,65,even-strength,39,-31,FALSE,FALSE,TRUE,TRUE,FALSE,FALSE,0.02417020742712598,8478443,6,8
2019020877,72,even-strength,78,-15,FALSE,FALSE,TRUE,TRUE,TRUE,FALSE,0.05156393647863645,8478498,6,8
2019020877,75,even-strength,75,-8,TRUE,FALSE,TRUE,TRUE,TRUE,TRUE,0.14331554196631494,8477956,6,8
2019020877,77,even-strength,35,-27,FALSE,FALSE,TRUE,TRUE,FALSE,FALSE,0.01412535669664533,8479325,6,8
2019020877,81,even-strength,40,31,FALSE,FALSE,TRUE,TRUE,TRUE,FALSE,0.01394685594972376,8475745,6,8
2019020877,85,power-play,73,0,FALSE,FALSE,TRUE,TRUE,FALSE,FALSE,0.13707386308084732,8470638,6,8
2019020877,86,power-play,41,22,FALSE,FALSE,TRUE,TRUE,TRUE,FALSE,0.03581719551488275,8471276,6,8
2019020877,87,power-play,37,-8,FALSE,FALSE,TRUE,TRUE,TRUE,FALSE,0.04011748692694908,8476891,6,8
2019020877,91,even-strength,84,21,FALSE,FALSE,TRUE,TRUE,FALSE,FALSE,0.02641962718774296,8480901,6,8
2019020877,99,even-strength,82,-14,FALSE,FALSE,TRUE,TRUE,TRUE,FALSE,0.04381841382039601,8480901,6,8
2019020877,100,even-strength,6,35,FALSE,FALSE,TRUE,TRUE,TRUE,FALSE,0.00186290612741499,8480901,6,8
2019020877,212,even-strength,48,-32,FALSE,FALSE,TRUE,TRUE,TRUE,FALSE,0.01940811646119858,8477956,6,8
2019020877,213,even-strength,66,24,FALSE,FALSE,TRUE,TRUE,TRUE,FALSE,0.02431496774934481,8476792,6,8
2019020877,216,even-strength,50,33,FALSE,FALSE,TRUE,TRUE,TRUE,FALSE,0.01500592951665911,8480901,6,8
2019020877,219,even-strength,-43,36,FALSE,FALSE,TRUE,TRUE,TRUE,FALSE,5.519144703918298e-4,8476891,6,8
2019020877,222,even-strength,0,25,FALSE,FALSE,TRUE,TRUE,TRUE,FALSE,0.00392069778041005,8480901,6,8
2019020877,225,even-strength,77,-9,TRUE,FALSE,TRUE,TRUE,TRUE,TRUE,0.14439841959307334,8477956,6,8
2019020877,232,even-strength,46,13,FALSE,FALSE,TRUE,TRUE,TRUE,FALSE,0.02551533621752406,8478075,6,8
2019020877,241,even-strength,80,18,TRUE,FALSE,TRUE,TRUE,TRUE,FALSE,0.070065065522495,8476374,6,8
2019020877,243,even-strength,41,16,FALSE,FALSE,TRUE,TRUE,TRUE,FALSE,0.02170291978966047,8476891,6,8
2019020877,244,even-strength,85,-32,FALSE,FALSE,TRUE,TRUE,TRUE,FALSE,0.0299592181262465,8479325,6,8
2019020877,246,even-strength,34,19,FALSE,FALSE,TRUE,TRUE,TRUE,FALSE,0.01326664802401884,8479325,6,8
2019020877,428,even-strength,47,13,FALSE,FALSE,TRUE,FALSE,FALSE,FALSE,0,8476792,6,8
2019020877,432,even-strength,61,7,FALSE,FALSE,TRUE,FALSE,FALSE,FALSE,0,8476792,6,8
2019020877,448,power-play,57,11,FALSE,FALSE,TRUE,FALSE,FALSE,FALSE,0,8477956,6,8
2019020877,452,power-play,62,-23,FALSE,FALSE,TRUE,TRUE,TRUE,FALSE,0.06432873633640547,8473419,6,8
2019020877,453,power-play,75,-23,FALSE,FALSE,TRUE,TRUE,TRUE,FALSE,0.0853641164057552,8473419,6,8
2019020877,454,power-play,69,17,FALSE,TRUE,TRUE,TRUE,TRUE,TRUE,0.189577987332233,8477956,6,8
2019020877,463,even-strength,40,13,TRUE,FALSE,TRUE,TRUE,TRUE,FALSE,0.04310621702785164,8476792,6,8
2019020877,464,even-strength,71,3,FALSE,FALSE,TRUE,TRUE,FALSE,FALSE,0.07011048360558401,8471276,6,8
2019020877,466,even-strength,73,-6,FALSE,FALSE,TRUE,TRUE,FALSE,FALSE,0.10406286735274424,8470638,6,8
2019020877,472,even-strength,32,7,FALSE,FALSE,TRUE,TRUE,TRUE,FALSE,0.02065745612432164,8476792,6,8
2019020877,477,even-strength,79,0,FALSE,FALSE,TRUE,TRUE,TRUE,FALSE,0.13757176007879082,8475186,6,8
2019020877,478,even-strength,58,-1,FALSE,FALSE,TRUE,TRUE,TRUE,FALSE,0.04892746459942487,8476792,6,8
2019020877,494,power-play,74,-6,FALSE,FALSE,TRUE,TRUE,TRUE,FALSE,0.10708697630699976,8477956,6,8
2019020877,495,power-play,59,24,FALSE,FALSE,TRUE,TRUE,TRUE,FALSE,0.13860152539836187,8477956,6,8
2019020877,496,even-strength,69,1,FALSE,FALSE,TRUE,TRUE,TRUE,FALSE,0.08341117071306403,8471276,6,8
2019020877,497,even-strength,69,2,FALSE,FALSE,TRUE,TRUE,TRUE,FALSE,0.1083857562683826,8478046,6,8
2019020877,500,even-strength,79,2,FALSE,FALSE,TRUE,TRUE,TRUE,FALSE,0.1346698703546367,8475780,6,8
2019020877,757,even-strength,38,-21,TRUE,FALSE,TRUE,TRUE,TRUE,FALSE,0.03019955024316721,8475186,6,8
2019020877,760,even-strength,69,-20,FALSE,FALSE,TRUE,TRUE,TRUE,FALSE,0.06410121338375158,8477956,6,8
2019020877,762,even-strength,36,26,FALSE,FALSE,TRUE,TRUE,TRUE,FALSE,0.01619760724316876,8476891,6,8
2019020877,770,even-strength,63,-16,FALSE,FALSE,TRUE,TRUE,FALSE,FALSE,0.06615330349582293,8478498,6,8
2019020891,53,even-strength,65,9,FALSE,FALSE,TRUE,FALSE,FALSE,FALSE,0,8477955,5,8
2019020891,58,even-strength,71,-10,FALSE,FALSE,TRUE,FALSE,FALSE,FALSE,0,8478866,5,8
2019020891,60,even-strength,57,15,FALSE,FALSE,TRUE,TRUE,TRUE,FALSE,0.06970360316368801,8477955,5,8
2019020891,61,even-strength,38,29,FALSE,FALSE,TRUE,TRUE,TRUE,FALSE,0.01223054107756794,8477969,5,8
2019020891,62,even-strength,72,17,FALSE,FALSE,TRUE,TRUE,TRUE,FALSE,0.0683195613070606,8479944,5,8
2019020891,64,penalty-kill,83,-5,FALSE,FALSE,TRUE,TRUE,TRUE,FALSE,0.07948375384316649,8479293,5,8
2019020891,70,even-strength,47,11,FALSE,FALSE,TRUE,TRUE,TRUE,FALSE,0.03191299323795898,8477955,5,8
2019020891,72,even-strength,65,-1,FALSE,FALSE,TRUE,TRUE,FALSE,FALSE,0.05984015460808793,8471215,5,8
2019020891,73,even-strength,82,-12,FALSE,TRUE,TRUE,TRUE,TRUE,FALSE,0.14515439220711718,8471887,5,8
2019020891,78,even-strength,75,-5,FALSE,FALSE,TRUE,FALSE,FALSE,FALSE,0,8480945,5,8
2019020891,82,even-strength,77,18,FALSE,FALSE,TRUE,TRUE,FALSE,FALSE,0.03419569362648442,8475722,5,8
2019020891,84,even-strength,76,-2,FALSE,FALSE,TRUE,TRUE,FALSE,FALSE,0.10842145691780145,8475810,5,8
2019020891,87,even-strength,79,18,FALSE,FALSE,TRUE,FALSE,FALSE,FALSE,0,8475461,5,8
2019020891,91,even-strength,68,22,FALSE,FALSE,TRUE,TRUE,TRUE,FALSE,0.03262452331337211,8471675,5,8
2019020891,93,even-strength,65,-18,FALSE,FALSE,TRUE,TRUE,TRUE,FALSE,0.04493937636706219,8477244,5,8
2019020891,99,even-strength,68,10,FALSE,FALSE,TRUE,TRUE,TRUE,FALSE,0.06471179563689194,8477955,5,8
2019020891,360,even-strength,38,11,FALSE,FALSE,TRUE,TRUE,FALSE,FALSE,0.03321820745474291,8477955,5,8
2019020891,363,even-strength,78,-3,FALSE,FALSE,TRUE,TRUE,TRUE,FALSE,0.1344352471910761,8471675,5,8
2019020891,365,power-play,76,3,FALSE,FALSE,TRUE,TRUE,FALSE,FALSE,0.11986813101908522,8475722,5,8
2019020891,368,power-play,36,4,FALSE,FALSE,TRUE,TRUE,TRUE,FALSE,0.05346291976938863,8471215,5,8
2019020891,369,power-play,47,-21,FALSE,FALSE,TRUE,TRUE,FALSE,FALSE,0.04726029593442408,8471724,5,8
2019020891,370,power-play,71,-13,FALSE,FALSE,TRUE,TRUE,TRUE,TRUE,0.09450904066157512,8471724,5,8
2019020891,372,even-strength,66,-5,FALSE,FALSE,TRUE,TRUE,TRUE,FALSE,0.06554503404097481,8471887,5,8
2019020891,379,even-strength,61,9,FALSE,FALSE,TRUE,FALSE,FALSE,FALSE,0,8471215,5,8
2019020891,380,even-strength,57,24,FALSE,TRUE,TRUE,TRUE,TRUE,FALSE,0.09788071795239048,8480945,5,8
2019020891,382,power-play,88,-16,FALSE,FALSE,TRUE,TRUE,TRUE,FALSE,0.08831433087734965,8471675,5,8
2019020891,383,power-play,53,-18,FALSE,FALSE,TRUE,FALSE,FALSE,FALSE,0,8471215,5,8
2019020891,385,power-play,76,8,FALSE,FALSE,TRUE,TRUE,TRUE,FALSE,0.11042996209428682,8475810,5,8
2019020891,386,power-play,52,-22,FALSE,FALSE,TRUE,TRUE,FALSE,FALSE,0.06200144120530047,8471215,5,8
2019020891,387,even-strength,71,-1,FALSE,FALSE,TRUE,TRUE,FALSE,FALSE,0.16782170335466465,8479944,5,8
2019020891,392,even-strength,67,18,FALSE,FALSE,TRUE,FALSE,FALSE,FALSE,0,8476927,5,8
2019020891,394,penalty-kill,62,-4,TRUE,FALSE,TRUE,TRUE,TRUE,FALSE,0.24785745468057407,8476927,5,8
2019020891,397,even-strength,71,-13,FALSE,FALSE,TRUE,TRUE,TRUE,TRUE,0.09598067846116642,8475722,5,8
2019020891,399,penalty-kill,-40,-24,FALSE,FALSE,TRUE,TRUE,TRUE,FALSE,8.560519154340025e-4,8479293,5,8
2019020891,552,even-strength,68,6,FALSE,FALSE,TRUE,FALSE,FALSE,FALSE,0,8475722,5,8
2019020891,553,even-strength,74,0,FALSE,FALSE,TRUE,TRUE,TRUE,TRUE,0.10690143396981176,8475722,5,8
2019020891,560,even-strength,63,7,FALSE,FALSE,TRUE,TRUE,TRUE,FALSE,0.07254994772963484,8479944,5,8
2019020891,561,even-strength,44,-23,FALSE,FALSE,TRUE,TRUE,FALSE,FALSE,0.01989603243506608,8477244,5,8
2019020891,562,even-strength,71,-7,FALSE,FALSE,TRUE,TRUE,FALSE,FALSE,0.09985226457964332,8478866,5,8
2019020891,563,even-strength,60,-4,FALSE,FALSE,TRUE,TRUE,TRUE,FALSE,0.07966399251624064,8477955,5,8
2019020891,565,even-strength,55,27,FALSE,FALSE,TRUE,TRUE,TRUE,FALSE,0.02285032734860418,8478043,5,8
2019020891,566,even-strength,50,12,TRUE,FALSE,TRUE,FALSE,FALSE,FALSE,0,8477969,5,8
2019020891,573,even-strength,78,6,FALSE,FALSE,TRUE,TRUE,TRUE,FALSE,0.10716751039875154,8477955,5,8
2019020891,583,even-strength,46,14,FALSE,FALSE,TRUE,TRUE,FALSE,FALSE,0.02852094773119937,8475810,5,8
2019020891,586,even-strength,41,-11,FALSE,FALSE,TRUE,TRUE,TRUE,FALSE,0.03174064384626714,8478043,5,8
2019020891,588,even-strength,59,-12,FALSE,FALSE,TRUE,TRUE,FALSE,FALSE,0.08286120142721914,8475810,5,8
2019020891,593,power-play,75,0,FALSE,FALSE,TRUE,FALSE,FALSE,FALSE,0,8474602,5,8
2019020891,595,power-play,43,-7,FALSE,FALSE,TRUE,TRUE,TRUE,FALSE,0.04582124812369229,8471887,5,8
2019020891,753,even-strength,38,-10,FALSE,FALSE,TRUE,TRUE,FALSE,FALSE,0.02612170612689071,8474602,5,8
2019020891,754,even-strength,43,-20,TRUE,FALSE,TRUE,TRUE,TRUE,FALSE,0.04572676508045605,8479293,5,8
2019020900,54,even-strength,80,-5,FALSE,FALSE,TRUE,TRUE,TRUE,FALSE,0.10704870005513452,8471260,25,8
2019020900,55,even-strength,49,-28,FALSE,FALSE,TRUE,FALSE,FALSE,FALSE,0,8475906,25,8
2019020900,69,even-strength,34,31,FALSE,FALSE,TRUE,TRUE,TRUE,FALSE,0.01247390335129295,8480027,25,8
2019020900,76,even-strength,53,-11,FALSE,FALSE,TRUE,FALSE,FALSE,FALSE,0,8475794,25,8
2019020900,83,even-strength,46,5,FALSE,FALSE,TRUE,TRUE,TRUE,FALSE,0.03720651978697436,8477406,25,8
2019020900,85,even-strength,59,3,FALSE,FALSE,TRUE,FALSE,FALSE,FALSE,0,8476902,25,8
2019020900,86,even-strength,72,10,FALSE,FALSE,TRUE,FALSE,FALSE,FALSE,0,8476467,25,8
2019020900,87,even-strength,47,-11,FALSE,FALSE,TRUE,TRUE,TRUE,FALSE,0.03810453376160221,8475794,25,8
2019020900,88,even-strength,47,-14,FALSE,FALSE,TRUE,FALSE,FALSE,FALSE,0,8470621,25,8
2019020900,91,even-strength,76,1,FALSE,FALSE,TRUE,TRUE,FALSE,FALSE,0.09957898716509622,8473994,25,8
2019020900,94,even-strength,74,-8,FALSE,FALSE,TRUE,TRUE,TRUE,FALSE,0.10419244366037496,8473994,25,8
2019020900,95,even-strength,82,-1,FALSE,TRUE,TRUE,TRUE,TRUE,FALSE,0.3115098609006017,8473994,25,8
2019020900,99,even-strength,-67,5,FALSE,FALSE,TRUE,TRUE,TRUE,FALSE,3.2814170134315586e-4,8471284,25,8
2019020900,201,even-strength,40,14,FALSE,FALSE,TRUE,TRUE,TRUE,FALSE,0.0244839618549159,8478449,25,8
2019020900,212,even-strength,80,1,FALSE,FALSE,TRUE,FALSE,FALSE,FALSE,0,8473994,25,8
2019020900,214,even-strength,38,22,FALSE,FALSE,TRUE,TRUE,TRUE,FALSE,0.01860639363151588,8475730,25,8
2019020900,224,even-strength,34,30,FALSE,FALSE,TRUE,TRUE,FALSE,FALSE,0.00889662380015659,8476467,25,8
2019020900,225,even-strength,35,-39,FALSE,FALSE,TRUE,TRUE,TRUE,FALSE,0.01426188219949316,8478449,25,8
2019020900,226,even-strength,34,-38,FALSE,FALSE,TRUE,TRUE,FALSE,FALSE,0.00796377270450555,8471284,25,8
2019020900,227,even-strength,33,-29,FALSE,FALSE,TRUE,TRUE,TRUE,FALSE,0.01178144463304351,8471284,25,8
2019020900,230,even-strength,78,5,TRUE,FALSE,TRUE,TRUE,TRUE,TRUE,0.1633959542166221,8477406,25,8
2019020900,235,power-play,35,-9,FALSE,FALSE,TRUE,TRUE,TRUE,FALSE,0.04967362513148746,8480027,25,8
2019020900,236,power-play,79,1,FALSE,FALSE,TRUE,TRUE,FALSE,FALSE,0.15551681485724514,8470794,25,8
2019020900,237,power-play,39,22,FALSE,FALSE,TRUE,TRUE,TRUE,FALSE,0.04335040650513651,8475794,25,8
2019020900,239,power-play,47,-19,FALSE,FALSE,TRUE,TRUE,TRUE,FALSE,0.04205733111470535,8470794,25,8
2019020900,249,power-play,77,7,FALSE,FALSE,TRUE,TRUE,FALSE,FALSE,0.1034270260965611,8470621,25,8
2019020900,551,power-play,73,8,TRUE,FALSE,TRUE,TRUE,FALSE,FALSE,0.1760996597009285,8478449,25,8
2019020900,552,power-play,76,-1,FALSE,FALSE,TRUE,FALSE,FALSE,FALSE,0,8470794,25,8
2019020900,553,power-play,75,1,TRUE,FALSE,TRUE,FALSE,FALSE,FALSE,0,8480036,25,8
2019020900,554,power-play,76,-24,FALSE,FALSE,TRUE,TRUE,FALSE,FALSE,0.08226613834015122,8478495,25,8
2019020900,555,power-play,47,27,FALSE,FALSE,TRUE,TRUE,TRUE,TRUE,0.0523539149109838,8475794,25,8
2019020900,559,even-strength,81,-3,FALSE,FALSE,TRUE,FALSE,FALSE,FALSE,0,8470621,25,8
2019020900,560,even-strength,75,-9,FALSE,FALSE,TRUE,FALSE,FALSE,FALSE,0,8470621,25,8
2019020900,561,even-strength,59,-21,FALSE,FALSE,TRUE,FALSE,FALSE,FALSE,0,8475730,25,8
2019020900,563,even-strength,77,-6,FALSE,FALSE,TRUE,TRUE,TRUE,FALSE,0.07162899473812301,8470621,25,8
2019020900,565,even-strength,-52,-40,FALSE,FALSE,TRUE,TRUE,TRUE,FALSE,5.114536771716854e-4,8475906,25,8
2019020900,567,even-strength,77,-2,TRUE,FALSE,TRUE,TRUE,TRUE,FALSE,0.22628229814821504,8470794,25,8
2019020900,569,even-strength,37,-35,FALSE,FALSE,TRUE,TRUE,FALSE,FALSE,0.01239271713378962,8480036,25,8
2019020900,574,even-strength,71,-8,TRUE,FALSE,TRUE,FALSE,FALSE,FALSE,0,8475730,25,8
2019020900,576,even-strength,61,4,FALSE,FALSE,TRUE,TRUE,TRUE,FALSE,0.04808044681291285,8477406,25,8
2019020900,579,even-strength,70,-14,TRUE,FALSE,TRUE,FALSE,FALSE,FALSE,0,8475906,25,8
2019020900,580,even-strength,55,-27,FALSE,FALSE,TRUE,FALSE,FALSE,FALSE,0,8480027,25,8
2019020900,581,even-strength,77,-10,TRUE,FALSE,TRUE,FALSE,FALSE,FALSE,0,8477406,25,8
2019020900,584,even-strength,80,30,FALSE,FALSE,TRUE,TRUE,TRUE,FALSE,0.02163895407157761,8478449,25,8
2019020900,585,even-strength,51,26,FALSE,FALSE,TRUE,FALSE,FALSE,FALSE,0,8480036,25,8
2019020900,586,even-strength,70,-1,FALSE,FALSE,TRUE,FALSE,FALSE,FALSE,0,8475730,25,8
2019020900,587,even-strength,74,4,FALSE,FALSE,TRUE,FALSE,FALSE,FALSE,0,8480036,25,8
2019020900,588,even-strength,50,24,FALSE,FALSE,TRUE,TRUE,FALSE,FALSE,0.01785126624035738,8480036,25,8
2019020900,592,even-strength,40,-36,FALSE,FALSE,TRUE,TRUE,TRUE,TRUE,0.00861585731756929,8471260,25,8
2019020900,594,even-strength,81,-6,FALSE,FALSE,TRUE,TRUE,FALSE,FALSE,0.1100898000365109,8470621,25,8
2019020900,595,even-strength,82,-6,FALSE,FALSE,TRUE,TRUE,TRUE,FALSE,0.0855313834741354,8480027,25,8
2019020900,598,even-strength,54,-32,FALSE,FALSE,TRUE,FALSE,FALSE,FALSE,0,8478495,25,8
2019020900,600,even-strength,73,-4,FALSE,FALSE,TRUE,FALSE,FALSE,FALSE,0,8477406,25,8
2019020900,701,even-strength,64,9,FALSE,FALSE,TRUE,TRUE,TRUE,FALSE,0.04852112872492641,8470794,25,8
2019020900,702,even-strength,53,0,FALSE,TRUE,TRUE,TRUE,FALSE,FALSE,0.10246426665663168,8477406,25,8
2019020900,703,even-strength,57,-15,FALSE,FALSE,TRUE,TRUE,FALSE,FALSE,0.03289759929716122,8477406,25,8
2019020900,705,even-strength,59,5,FALSE,FALSE,TRUE,FALSE,FALSE,FALSE,0,8476902,25,8
2019020900,723,even-strength,76,20,FALSE,FALSE,TRUE,TRUE,FALSE,FALSE,0.08019185772990715,8480036,25,8
2019020900,729,even-strength,67,25,FALSE,FALSE,TRUE,TRUE,TRUE,FALSE,0.05953762041870787,8480036,25,8
2019020900,731,even-strength,79,5,FALSE,FALSE,TRUE,TRUE,TRUE,TRUE,0.122613362619815,8475794,25,8
2019020923,60,even-strength,80,3,FALSE,FALSE,TRUE,TRUE,FALSE,FALSE,0.11107227270511968,8477946,17,8
2019020923,64,even-strength,74,-4,FALSE,FALSE,TRUE,TRUE,TRUE,FALSE,0.10831375659414544,8476960,17,8
2019020923,65,even-strength,65,15,FALSE,FALSE,TRUE,FALSE,FALSE,FALSE,0,8470110,17,8
2019020923,76,even-strength,52,-28,FALSE,FALSE,TRUE,FALSE,FALSE,FALSE,0,8471242,17,8
2019020923,80,even-strength,66,39,FALSE,FALSE,TRUE,TRUE,TRUE,FALSE,0.02293444345583059,8477511,17,8
2019020923,83,even-strength,42,-23,FALSE,FALSE,TRUE,TRUE,TRUE,FALSE,0.0217062847306904,8477474,17,8
2019020923,90,even-strength,45,-27,FALSE,FALSE,TRUE,TRUE,TRUE,FALSE,0.01632630664918464,8480184,17,8
2019020923,97,even-strength,62,27,FALSE,FALSE,TRUE,FALSE,FALSE,FALSE,0,8476822,17,8
2019020923,98,even-strength,67,-24,FALSE,FALSE,TRUE,TRUE,TRUE,TRUE,0.02940071514662513,8477952,17,8
2019020923,301,even-strength,77,-13,FALSE,FALSE,TRUE,TRUE,FALSE,FALSE,0.07123047920639457,8476960,17,8
2019020923,303,even-strength,63,-12,FALSE,FALSE,TRUE,FALSE,FALSE,FALSE,0,8475747,17,8
2019020923,307,even-strength,-6,-34,FALSE,FALSE,TRUE,TRUE,TRUE,FALSE,0.00176451402090011,8471242,17,8
2019020923,309,even-strength,79,0,FALSE,FALSE,TRUE,TRUE,TRUE,FALSE,0.13924975872667203,8477952,17,8
2019020923,322,even-strength,80,-6,FALSE,FALSE,TRUE,FALSE,FALSE,FALSE,0,8471242,17,8
2019020923,324,even-strength,86,-4,FALSE,FALSE,TRUE,TRUE,TRUE,FALSE,0.0789604097190095,8477511,17,8
2019020923,326,even-strength,82,27,FALSE,FALSE,TRUE,TRUE,FALSE,FALSE,0.02898031342623027,8470110,17,8
2019020923,327,even-strength,59,17,FALSE,FALSE,TRUE,FALSE,FALSE,FALSE,0,8470110,17,8
2019020923,328,even-strength,34,27,FALSE,FALSE,TRUE,FALSE,FALSE,FALSE,0,8475747,17,8
2019020923,333,even-strength,80,-3,FALSE,FALSE,TRUE,FALSE,FALSE,FALSE,0,8473415,17,8
2019020923,334,even-strength,77,4,FALSE,FALSE,TRUE,TRUE,TRUE,FALSE,0.07887226020732026,8477511,17,8
2019020923,343,even-strength,-25,37,FALSE,FALSE,TRUE,TRUE,TRUE,FALSE,6.091035801898421e-4,8470110,17,8
2019020923,345,even-strength,41,21,FALSE,FALSE,TRUE,TRUE,FALSE,FALSE,0.01627951878573932,8470110,17,8
2019020923,346,even-strength,71,2,FALSE,FALSE,TRUE,TRUE,TRUE,FALSE,0.07112385362145751,8470047,17,8
2019020923,348,even-strength,33,29,FALSE,FALSE,TRUE,TRUE,FALSE,FALSE,0.00875580944458488,8477474,17,8
2019020923,350,even-strength,64,31,FALSE,FALSE,TRUE,TRUE,TRUE,FALSE,0.03354161398830994,8475747,17,8
2019020923,504,even-strength,79,2,FALSE,FALSE,TRUE,FALSE,FALSE,FALSE,0,8477479,17,8
2019020923,505,even-strength,81,-12,FALSE,FALSE,TRUE,TRUE,TRUE,FALSE,0.1000144583365599,8477952,17,8
2019020923,507,power-play,45,-14,FALSE,FALSE,TRUE,TRUE,FALSE,FALSE,0.05477460090779434,8477511,17,8
2019020923,509,power-play,42,10,FALSE,FALSE,TRUE,TRUE,TRUE,FALSE,0.05781864141312266,8477511,17,8
2019020923,510,power-play,82,-1,FALSE,TRUE,TRUE,TRUE,TRUE,FALSE,0.2619119942320454,8476822,17,8
2019020923,514,power-play,70,-9,FALSE,FALSE,TRUE,FALSE,FALSE,FALSE,0,8477511,17,8
2019020923,515,power-play,76,0,FALSE,FALSE,TRUE,TRUE,TRUE,FALSE,0.216473118795598,8477946,17,8
2019020923,517,power-play,37,25,FALSE,FALSE,TRUE,TRUE,FALSE,FALSE,0.0486540360410726,8477474,17,8
2019020923,518,even-strength,76,0,FALSE,FALSE,TRUE,FALSE,FALSE,FALSE,0,8470144,17,8
2019020923,519,even-strength,88,-5,FALSE,FALSE,TRUE,TRUE,TRUE,FALSE,0.02912831171297851,8471794,17,8
2019020923,522,even-strength,78,-6,FALSE,FALSE,TRUE,FALSE,FALSE,FALSE,0,8476960,17,8
2019020923,525,even-strength,81,-3,FALSE,FALSE,TRUE,TRUE,TRUE,TRUE,0.1036701597073989,8476960,17,8
2019020923,535,even-strength,36,24,FALSE,FALSE,TRUE,TRUE,TRUE,FALSE,0.02096419092453347,8475747,17,8
2019020923,537,even-strength,65,-4,FALSE,FALSE,TRUE,FALSE,FALSE,FALSE,0,8471794,17,8
2019020923,541,even-strength,72,-2,FALSE,FALSE,TRUE,TRUE,TRUE,TRUE,0.10027267548862324,8471242,17,8
2019020923,545,even-strength,69,10,FALSE,FALSE,TRUE,TRUE,TRUE,FALSE,0.07806391403908453,8476960,17,8
2019020923,546,even-strength,44,24,FALSE,FALSE,TRUE,TRUE,FALSE,FALSE,0.0189046107247474,8473415,17,8
2019020923,548,even-strength,80,-6,FALSE,FALSE,TRUE,TRUE,TRUE,FALSE,0.08455259958089471,8477511,17,8
2019020923,653,even-strength,53,12,FALSE,FALSE,TRUE,TRUE,TRUE,FALSE,0.04684507913956536,8477946,17,8
2019020923,655,even-strength,71,-12,FALSE,FALSE,TRUE,TRUE,TRUE,TRUE,0.06201289791968522,8476960,17,8
2019020923,662,power-play,54,17,FALSE,FALSE,TRUE,TRUE,TRUE,FALSE,0.07986221639519991,8477946,17,8
2019020923,663,power-play,75,7,FALSE,FALSE,TRUE,FALSE,FALSE,FALSE,0,8477474,17,8
2019020923,664,power-play,84,-5,FALSE,FALSE,TRUE,TRUE,FALSE,FALSE,0.14194596895219905,8477479,17,8
2019020935,13,even-strength,68,-19,FALSE,FALSE,TRUE,FALSE,FALSE,FALSE,0,8475744,15,8
2019020935,14,even-strength,41,25,FALSE,FALSE,TRUE,FALSE,FALSE,FALSE,0,8479482,15,8
2019020935,15,even-strength,55,18,FALSE,TRUE,TRUE,TRUE,TRUE,FALSE,0.06919581249189126,8474189,15,8
2019020935,20,even-strength,83,-30,FALSE,FALSE,TRUE,TRUE,TRUE,FALSE,0.0370788956047903,8476880,15,8
2019020935,21,even-strength,75,-4,FALSE,FALSE,TRUE,TRUE,FALSE,FALSE,0.11067370815695034,8471698,15,8
2019020935,22,even-strength,50,36,FALSE,FALSE,TRUE,TRUE,TRUE,FALSE,0.01214494966288067,8479482,15,8
2019020935,23,even-strength,76,-6,FALSE,FALSE,TRUE,FALSE,FALSE,FALSE,0,8475209,15,8
2019020935,26,even-strength,74,-7,FALSE,FALSE,TRUE,TRUE,TRUE,FALSE,0.08851405149814102,8476329,15,8
2019020935,27,even-strength,64,25,FALSE,FALSE,TRUE,FALSE,FALSE,FALSE,0,8476329,15,8
2019020935,28,even-strength,57,3,FALSE,FALSE,TRUE,TRUE,TRUE,FALSE,0.0677300244403053,8473563,15,8
2019020935,30,even-strength,52,20,FALSE,FALSE,TRUE,TRUE,TRUE,TRUE,0.02247637571207017,8471214,15,8
2019020935,37,even-strength,39,-4,FALSE,FALSE,TRUE,TRUE,TRUE,FALSE,0.04306028588242341,8475209,15,8
2019020935,42,even-strength,76,-2,FALSE,FALSE,TRUE,TRUE,FALSE,FALSE,0.11795327042571582,8471214,15,8
2019020935,43,even-strength,76,-2,FALSE,FALSE,TRUE,FALSE,FALSE,FALSE,0,8474176,15,8
2019020935,44,even-strength,75,13,FALSE,FALSE,TRUE,FALSE,FALSE,FALSE,0,8474590,15,8
2019020935,47,even-strength,77,-4,FALSE,FALSE,TRUE,TRUE,TRUE,FALSE,0.14336527157986304,8474176,15,8
2019020935,49,even-strength,64,-36,FALSE,FALSE,TRUE,TRUE,TRUE,FALSE,0.01788858066243285,8471214,15,8
2019020935,205,even-strength,73,17,FALSE,FALSE,TRUE,FALSE,FALSE,FALSE,0,8475209,15,8
2019020935,234,even-strength,38,-6,FALSE,FALSE,TRUE,TRUE,TRUE,FALSE,0.02069753124254252,8475324,15,8
2019020935,240,even-strength,75,1,FALSE,FALSE,TRUE,TRUE,TRUE,FALSE,0.12096376831456766,8476880,15,8
2019020935,246,even-strength,40,-8,FALSE,FALSE,TRUE,TRUE,FALSE,FALSE,0.02656959421053615,8475324,15,8
2019020935,247,even-strength,71,20,TRUE,TRUE,TRUE,TRUE,TRUE,FALSE,0.13931758969772595,8477903,15,8
2019020935,249,even-strength,-56,15,FALSE,FALSE,TRUE,TRUE,TRUE,FALSE,5.007036413870984e-4,8475455,15,8
2019020935,451,even-strength,45,4,FALSE,FALSE,TRUE,FALSE,FALSE,FALSE,0,8479482,15,8
2019020935,453,even-strength,68,-20,TRUE,FALSE,TRUE,TRUE,FALSE,FALSE,0.11227687963805798,8477944,15,8
2019020935,460,even-strength,36,-10,FALSE,FALSE,TRUE,TRUE,TRUE,FALSE,0.03823753051525024,8471214,15,8
2019020935,464,even-strength,76,6,FALSE,FALSE,TRUE,TRUE,TRUE,FALSE,0.07325066684217026,8475744,15,8
2019020935,465,even-strength,86,-4,FALSE,FALSE,TRUE,TRUE,TRUE,TRUE,0.05017495573072912,8474189,15,8
2019020935,468,even-strength,48,-19,FALSE,FALSE,TRUE,TRUE,TRUE,FALSE,0.02450234533816476,8474590,15,8
2019020935,470,even-strength,72,-14,FALSE,FALSE,TRUE,TRUE,TRUE,FALSE,0.05470231569506371,8476880,15,8
2019020935,477,even-strength,79,-5,FALSE,FALSE,TRUE,TRUE,TRUE,FALSE,0.08748411827480095,8471698,15,8
2019020935,478,even-strength,74,-2,FALSE,FALSE,TRUE,TRUE,TRUE,FALSE,0.15487772173990577,8477944,15,8
2019020935,479,even-strength,73,9,FALSE,FALSE,TRUE,FALSE,FALSE,FALSE,0,8471698,15,8
2019020935,481,even-strength,61,14,FALSE,FALSE,TRUE,TRUE,TRUE,FALSE,0.05262723017670552,8479482,15,8
2019020935,494,even-strength,66,-13,FALSE,FALSE,TRUE,TRUE,FALSE,FALSE,0.05706299994079264,8477944,15,8
2019020935,498,even-strength,20,37,FALSE,FALSE,TRUE,TRUE,TRUE,FALSE,0.00343251578582319,8471214,15,8
2019020935,500,even-strength,76,-21,FALSE,FALSE,TRUE,TRUE,TRUE,FALSE,0.04408583501080797,8471698,15,8
2019020935,652,even-strength,33,-23,TRUE,FALSE,TRUE,TRUE,TRUE,FALSE,0.01485600026597621,8474590,15,8
2019020935,654,even-strength,51,13,FALSE,FALSE,TRUE,FALSE,FALSE,FALSE,0,8475455,15,8
2019020935,657,even-strength,80,-3,FALSE,FALSE,TRUE,TRUE,TRUE,FALSE,0.10187233411459432,8471214,15,8
2019020935,658,even-strength,24,-6,FALSE,FALSE,TRUE,TRUE,TRUE,FALSE,0.00701251097523503,8477903,15,8
2019020935,667,even-strength,38,-31,FALSE,FALSE,TRUE,TRUE,TRUE,FALSE,0.01041484688008592,8476880,15,8
2019020935,673,even-strength,74,15,FALSE,FALSE,TRUE,TRUE,TRUE,FALSE,0.06157680096115888,8477944,15,8
2019020935,676,even-strength,53,-29,FALSE,FALSE,TRUE,FALSE,FALSE,FALSE,0,8476880,15,8
2019020935,683,even-strength,83,-5,FALSE,FALSE,TRUE,TRUE,TRUE,FALSE,0.0948856483173037,8473563,15,8
2019020935,684,even-strength,7,18,FALSE,FALSE,TRUE,TRUE,TRUE,FALSE,0.0247385916094285,8471214,15,8
2019020935,685,even-strength,60,25,FALSE,FALSE,TRUE,FALSE,FALSE,FALSE,0,8471214,15,8
2019020935,686,even-strength,87,-16,FALSE,FALSE,TRUE,TRUE,FALSE,FALSE,0.0689318575465168,8475744,15,8
2019020935,687,even-strength,60,-18,FALSE,FALSE,TRUE,FALSE,FALSE,FALSE,0,8471214,15,8
2019020935,688,even-strength,71,11,FALSE,FALSE,TRUE,FALSE,FALSE,FALSE,0,8474590,15,8
2019020935,689,even-strength,85,-2,FALSE,TRUE,TRUE,TRUE,TRUE,TRUE,0.26754137380051746,8476880,15,8
2019020935,902,even-strength,82,-4,FALSE,FALSE,TRUE,TRUE,TRUE,FALSE,0.15199769328942986,8476880,15,8
2019020952,27,even-strength,79,2,FALSE,FALSE,TRUE,TRUE,TRUE,FALSE,0.16067391193493208,8477015,9,8
2019020952,29,even-strength,-86,-8,FALSE,FALSE,TRUE,TRUE,TRUE,FALSE,5.689680103838486e-5,8468493,9,8
2019020952,35,even-strength,33,-2,FALSE,FALSE,TRUE,TRUE,TRUE,FALSE,0.02871528442747003,8478469,9,8
2019020952,59,even-strength,64,22,FALSE,FALSE,TRUE,TRUE,FALSE,FALSE,0.02367087728346019,8479458,9,8
2019020952,70,even-strength,43,31,FALSE,TRUE,TRUE,TRUE,FALSE,FALSE,0.05400010918551214,8480801,9,8
2019020952,83,even-strength,80,-5,FALSE,FALSE,TRUE,TRUE,FALSE,FALSE,0.07533685562585035,8480801,9,8
2019020952,84,even-strength,36,30,FALSE,FALSE,TRUE,TRUE,FALSE,FALSE,0.01297321656363088,8476422,9,8
2019020952,87,even-strength,66,-13,FALSE,FALSE,TRUE,TRUE,FALSE,FALSE,0.04908304317885963,8476419,9,8
2019020952,88,even-strength,78,4,FALSE,FALSE,TRUE,TRUE,FALSE,FALSE,0.09136190408028094,8476919,9,8
2019020952,89,even-strength,80,8,FALSE,FALSE,TRUE,FALSE,FALSE,FALSE,0,8476422,9,8
2019020952,91,even-strength,58,14,FALSE,FALSE,TRUE,FALSE,FALSE,FALSE,0,8477971,9,8
2019020952,96,even-strength,70,22,FALSE,FALSE,TRUE,FALSE,FALSE,FALSE,0,8468493,9,8
2019020952,99,even-strength,80,-4,FALSE,FALSE,TRUE,TRUE,FALSE,FALSE,0.1508240779686466,8480801,9,8
2019020952,211,even-strength,35,31,FALSE,FALSE,TRUE,TRUE,TRUE,FALSE,0.01001242625570402,8476422,9,8
2019020952,221,power-play,47,33,FALSE,FALSE,TRUE,TRUE,TRUE,FALSE,0.03367306692735997,8477407,9,8
2019020952,256,even-strength,79,-3,FALSE,FALSE,TRUE,TRUE,TRUE,FALSE,0.08780323582031263,8480064,9,8
2019020952,263,penalty-kill,76,-2,FALSE,FALSE,TRUE,TRUE,TRUE,FALSE,0.24462204992256173,8476419,9,8
2019020952,266,even-strength,80,0,FALSE,TRUE,TRUE,TRUE,TRUE,FALSE,0.2445975244677767,8480801,9,8
2019020952,272,even-strength,32,34,FALSE,FALSE,TRUE,TRUE,TRUE,FALSE,0.01010800419721702,8476422,9,8
2019020952,283,even-strength,63,-30,FALSE,FALSE,TRUE,TRUE,TRUE,FALSE,0.01934005260444023,8477426,9,8
2019020952,288,even-strength,79,3,FALSE,FALSE,TRUE,TRUE,TRUE,FALSE,0.1529949914881876,8477407,9,8
2019020952,406,even-strength,40,-30,FALSE,FALSE,TRUE,TRUE,FALSE,FALSE,0.02087175435100251,8479458,9,8
2019020952,407,even-strength,32,1,FALSE,FALSE,TRUE,TRUE,FALSE,FALSE,0.02101823191970488,8468493,9,8
2019020952,413,even-strength,72,15,FALSE,FALSE,TRUE,FALSE,FALSE,FALSE,0,8480801,9,8
2019020952,417,even-strength,36,-36,FALSE,FALSE,TRUE,TRUE,FALSE,FALSE,0.00851231137540287,8478868,9,8
2019020952,423,even-strength,76,6,FALSE,FALSE,TRUE,FALSE,FALSE,FALSE,0,8476919,9,8
2019020952,425,even-strength,67,-25,FALSE,FALSE,TRUE,FALSE,FALSE,FALSE,0,8480208,9,8
2019020952,426,even-strength,67,-18,FALSE,FALSE,TRUE,FALSE,FALSE,FALSE,0,8478868,9,8
2019020952,429,even-strength,73,16,FALSE,FALSE,TRUE,TRUE,FALSE,FALSE,0.0715368668117934,8478400,9,8
2019020952,432,even-strength,72,8,TRUE,FALSE,TRUE,FALSE,FALSE,FALSE,0,8473573,9,8
2019020952,433,even-strength,86,7,FALSE,FALSE,TRUE,FALSE,FALSE,FALSE,0,8480801,9,8
2019020952,434,power-play,72,6,FALSE,FALSE,TRUE,FALSE,FALSE,FALSE,0,8476422,9,8
2019020952,437,even-strength,83,-2,FALSE,FALSE,TRUE,FALSE,FALSE,FALSE,0,8477149,9,8
2019020952,445,even-strength,61,-13,FALSE,FALSE,TRUE,FALSE,FALSE,FALSE,0,8477407,9,8
2019020952,448,even-strength,64,-14,FALSE,FALSE,TRUE,FALSE,FALSE,FALSE,0,8480801,9,8
2019020952,450,even-strength,59,-18,FALSE,FALSE,TRUE,FALSE,FALSE,FALSE,0,8479458,9,8
2019020952,462,penalty-kill,-42,-35,FALSE,FALSE,TRUE,TRUE,TRUE,FALSE,0.00181140332551294,8468493,9,8
2019020952,464,penalty-kill,73,3,TRUE,FALSE,TRUE,TRUE,TRUE,FALSE,0.28666848431829123,8477407,9,8
2019020952,475,power-play,80,-4,FALSE,FALSE,TRUE,TRUE,TRUE,FALSE,0.11096415874819358,8477015,9,8
2019020952,484,even-strength,49,-14,FALSE,FALSE,TRUE,TRUE,TRUE,FALSE,0.02949371161834437,8480064,9,8
2019020952,490,even-strength,56,21,FALSE,FALSE,TRUE,TRUE,TRUE,FALSE,0.0298877905044756,8480064,9,8
2019020952,492,even-strength,89,-8,FALSE,FALSE,TRUE,TRUE,TRUE,FALSE,0.04389107001958842,8476422,9,8
2019020952,496,even-strength,70,-20,FALSE,FALSE,TRUE,TRUE,TRUE,FALSE,0.03892168246708291,8477407,9,8
2019020952,499,even-strength,51,22,FALSE,FALSE,TRUE,TRUE,TRUE,FALSE,0.02793883529589939,8480801,9,8
2019020952,609,even-strength,60,-19,FALSE,FALSE,TRUE,TRUE,TRUE,FALSE,0.03990737871243347,8480801,9,8
2019020952,624,even-strength,80,4,FALSE,FALSE,TRUE,TRUE,TRUE,FALSE,0.18899272007145676,8477015,9,8
2019020952,627,even-strength,76,15,FALSE,FALSE,TRUE,TRUE,TRUE,FALSE,0.10635960869665126,8480064,9,8
2019020952,639,power-play,34,-6,FALSE,FALSE,TRUE,TRUE,TRUE,FALSE,0.04020834210704828,8476422,9,8
2019020952,645,even-strength,41,26,FALSE,FALSE,TRUE,TRUE,TRUE,FALSE,0.02603180373765675,8477971,9,8
2019020952,648,even-strength,31,-27,FALSE,FALSE,TRUE,TRUE,TRUE,FALSE,0.00763936627306697,8479458,9,8
2019020952,808,even-strength,58,-30,FALSE,FALSE,TRUE,TRUE,TRUE,FALSE,0.02747785977731175,8478400,9,8
2019020952,812,even-strength,64,-40,FALSE,FALSE,TRUE,TRUE,TRUE,FALSE,0.02132877340190664,8473573,9,8
2019020952,820,even-strength,90,-10,FALSE,FALSE,TRUE,TRUE,TRUE,FALSE,0.05682097380373804,8477407,9,8
2019020952,822,even-strength,38,39,FALSE,FALSE,TRUE,TRUE,TRUE,FALSE,0.00758501882057403,8477426,9,8
2019020952,833,even-strength,44,-32,FALSE,FALSE,TRUE,TRUE,TRUE,FALSE,0.03468790573125546,8478868,9,8
2019020969,56,even-strength,65,-1,FALSE,FALSE,TRUE,FALSE,FALSE,FALSE,0,8477353,23,8
2019020969,57,even-strength,70,-3,FALSE,FALSE,TRUE,FALSE,FALSE,FALSE,0,8476871,23,8
2019020969,58,even-strength,73,-1,FALSE,FALSE,TRUE,FALSE,FALSE,FALSE,0,8477500,23,8
2019020969,65,even-strength,61,15,FALSE,FALSE,TRUE,TRUE,TRUE,FALSE,0.04106979980857085,8476468,23,8
2019020969,67,even-strength,54,-21,FALSE,FALSE,TRUE,TRUE,TRUE,FALSE,0.02934805698613941,8476871,23,8
2019020969,76,even-strength,41,-30,TRUE,FALSE,TRUE,TRUE,TRUE,FALSE,0.02549757830838391,8479442,23,8
2019020969,77,even-strength,83,-14,FALSE,FALSE,TRUE,TRUE,TRUE,FALSE,0.08077044217132602,8476871,23,8
2019020969,78,even-strength,72,-2,FALSE,FALSE,TRUE,TRUE,FALSE,FALSE,0.07462233105532452,8476871,23,8
2019020969,79,even-strength,77,-7,TRUE,FALSE,TRUE,TRUE,TRUE,FALSE,0.15644228233940236,8477500,23,8
2019020969,81,even-strength,37,19,TRUE,FALSE,TRUE,TRUE,FALSE,FALSE,0.02131878094121521,8480800,23,8
2019020969,82,even-strength,32,36,FALSE,FALSE,TRUE,TRUE,TRUE,FALSE,0.00569998837784884,8480147,23,8
2019020969,85,even-strength,66,30,FALSE,FALSE,TRUE,FALSE,FALSE,FALSE,0,8471303,23,8
2019020969,90,even-strength,34,-29,FALSE,FALSE,TRUE,TRUE,TRUE,FALSE,0.01085444014789361,8475690,23,8
2019020969,93,even-strength,65,-16,FALSE,FALSE,TRUE,TRUE,TRUE,FALSE,0.05716788593979403,8476468,23,8
2019020969,94,even-strength,38,4,FALSE,FALSE,TRUE,TRUE,FALSE,FALSE,0.02042176458353671,8475726,23,8
2019020969,95,even-strength,30,34,FALSE,FALSE,TRUE,TRUE,TRUE,FALSE,0.00506803916987272,8471303,23,8
2019020969,97,even-strength,73,-9,TRUE,FALSE,TRUE,TRUE,FALSE,FALSE,0.11446899672728136,8477500,23,8
2019020969,99,power-play,58,11,FALSE,FALSE,TRUE,TRUE,TRUE,TRUE,0.05875154909173989,8477500,23,8
2019020969,301,even-strength,81,2,FALSE,FALSE,TRUE,TRUE,TRUE,FALSE,0.09252164168240017,8475726,23,8
2019020969,305,even-strength,29,37,FALSE,FALSE,TRUE,TRUE,TRUE,FALSE,0.01225364522542842,8480147,23,8
2019020969,306,even-strength,34,-31,FALSE,FALSE,TRUE,TRUE,TRUE,FALSE,0.00880250811283982,8474574,23,8
2019020969,308,even-strength,50,-32,FALSE,FALSE,TRUE,TRUE,FALSE,FALSE,0.02057861727291598,8474574,23,8
2019020969,313,even-strength,48,-36,FALSE,FALSE,TRUE,TRUE,TRUE,FALSE,0.0191550458130574,8477937,23,8
2019020969,315,even-strength,68,-1,FALSE,FALSE,TRUE,TRUE,FALSE,FALSE,0.06909828066031544,8476468,23,8
2019020969,329,even-strength,79,0,FALSE,FALSE,TRUE,TRUE,TRUE,FALSE,0.1281075029662039,8480012,23,8
2019020969,330,even-strength,80,0,FALSE,TRUE,TRUE,TRUE,TRUE,FALSE,0.32087962647614665,8477937,23,8
2019020969,340,even-strength,31,28,FALSE,FALSE,TRUE,TRUE,TRUE,TRUE,0.01343962874318321,8471303,23,8
2019020969,342,even-strength,77,16,FALSE,FALSE,TRUE,FALSE,FALSE,FALSE,0,8474091,23,8
2019020969,653,even-strength,75,-3,FALSE,FALSE,TRUE,FALSE,FALSE,FALSE,0,8476871,23,8
2019020969,663,even-strength,-71,-31,FALSE,FALSE,TRUE,TRUE,TRUE,FALSE,2.2123332526030023e-4,8471303,23,8
2019020969,667,even-strength,-21,37,FALSE,FALSE,TRUE,TRUE,TRUE,FALSE,8.622662839008581e-4,8480800,23,8
2019020969,670,even-strength,30,35,FALSE,FALSE,TRUE,TRUE,TRUE,FALSE,0.00755336921835572,8480147,23,8
2019020969,672,power-play,67,18,FALSE,FALSE,TRUE,FALSE,FALSE,FALSE,0,8477500,23,8
2019020969,674,power-play,56,7,FALSE,FALSE,TRUE,TRUE,FALSE,FALSE,0.09319744633633664,8480012,23,8
2019020969,676,power-play,83,5,FALSE,FALSE,TRUE,TRUE,TRUE,FALSE,0.11029472672076612,8476871,23,8
2019020969,678,power-play,80,-11,FALSE,FALSE,TRUE,TRUE,TRUE,TRUE,0.0908397552344173,8477937,23,8
2019020969,680,even-strength,26,-14,FALSE,FALSE,TRUE,TRUE,FALSE,FALSE,0.01784066391962725,8474574,23,8
2019020969,681,even-strength,55,36,TRUE,FALSE,TRUE,TRUE,TRUE,FALSE,0.02169768975222327,8470626,23,8
2019020969,688,even-strength,80,-15,FALSE,FALSE,TRUE,TRUE,TRUE,FALSE,0.05837439380622854,8474291,23,8
2019020969,689,even-strength,72,14,FALSE,FALSE,TRUE,FALSE,FALSE,FALSE,0,8480800,23,8
2019020969,691,even-strength,65,-2,FALSE,FALSE,TRUE,FALSE,FALSE,FALSE,0,8480012,23,8
2019020969,692,even-strength,77,-19,FALSE,FALSE,TRUE,TRUE,TRUE,FALSE,0.03371042552861994,8470626,23,8
2019020969,697,even-strength,33,27,FALSE,FALSE,TRUE,TRUE,TRUE,FALSE,0.01108168122001157,8480800,23,8
2019020969,801,even-strength,72,-12,FALSE,FALSE,TRUE,FALSE,FALSE,FALSE,0,8474574,23,8
2019020969,805,even-strength,78,7,FALSE,FALSE,TRUE,TRUE,FALSE,FALSE,0.06210702082664935,8474291,23,8
2019020969,806,even-strength,59,-29,FALSE,FALSE,TRUE,TRUE,TRUE,FALSE,0.03165801575886211,8476468,23,8
2019020969,808,even-strength,72,-7,FALSE,FALSE,TRUE,TRUE,FALSE,FALSE,0.10149694878383496,8480012,23,8
2019020969,813,even-strength,48,1,FALSE,FALSE,TRUE,TRUE,TRUE,FALSE,0.05010976934535783,8477937,23,8
2019020969,816,even-strength,64,-7,FALSE,FALSE,TRUE,FALSE,FALSE,FALSE,0,8475726,23,8
2019020969,817,even-strength,51,-6,FALSE,FALSE,TRUE,TRUE,TRUE,FALSE,0.07330770104689988,8475726,23,8
2019020969,821,even-strength,69,-12,FALSE,FALSE,TRUE,TRUE,TRUE,FALSE,0.07825691146910194,8476468,23,8
2019020969,822,even-strength,69,4,FALSE,FALSE,TRUE,TRUE,TRUE,FALSE,0.1850429143446427,8480800,23,8
2019020969,823,even-strength,79,1,FALSE,FALSE,TRUE,TRUE,TRUE,FALSE,0.16734871227687304,8480800,23,8
2019020969,824,even-strength,56,-11,FALSE,FALSE,TRUE,TRUE,TRUE,FALSE,0.09857862185926934,8475726,23,8
2019020969,825,even-strength,79,8,FALSE,FALSE,TRUE,TRUE,TRUE,TRUE,0.09567644659625492,8475726,23,8
2019020985,54,power-play,79,-14,FALSE,FALSE,TRUE,TRUE,TRUE,FALSE,0.12645292887500856,8476458,3,8
2019020985,55,power-play,83,-7,FALSE,FALSE,TRUE,FALSE,FALSE,FALSE,0,8477962,3,8
2019020985,56,power-play,34,-27,FALSE,FALSE,TRUE,TRUE,TRUE,FALSE,0.02119478283279007,8476885,3,8
2019020985,62,even-strength,76,-18,FALSE,FALSE,TRUE,FALSE,FALSE,FALSE,0,8476459,3,8
2019020985,74,even-strength,47,-28,FALSE,FALSE,TRUE,TRUE,TRUE,FALSE,0.0207215506924642,8481554,3,8
2019020985,79,penalty-kill,60,-33,FALSE,FALSE,TRUE,TRUE,TRUE,FALSE,0.02587484518279708,8476459,3,8
2019020985,82,even-strength,59,23,TRUE,FALSE,TRUE,TRUE,TRUE,FALSE,0.04954642480175011,8480078,3,8
2019020985,83,even-strength,68,-6,FALSE,FALSE,TRUE,TRUE,TRUE,FALSE,0.06406952861849527,8475184,3,8
2019020985,84,even-strength,6,2,FALSE,FALSE,TRUE,TRUE,TRUE,FALSE,0.00339534175394708,8475184,3,8
2019020985,86,even-strength,76,1,FALSE,FALSE,TRUE,TRUE,TRUE,FALSE,0.10954146678830144,8475735,3,8
2019020985,87,even-strength,73,-7,FALSE,FALSE,TRUE,TRUE,FALSE,FALSE,0.04835870915204766,8475735,3,8
2019020985,93,even-strength,57,36,FALSE,FALSE,TRUE,TRUE,TRUE,FALSE,0.01315621944823787,8471686,3,8
2019020985,212,even-strength,60,-4,FALSE,FALSE,TRUE,TRUE,TRUE,FALSE,0.05533968887069266,8476458,3,8
2019020985,406,even-strength,63,1,FALSE,FALSE,TRUE,FALSE,FALSE,FALSE,0,8477950,3,8
2019020985,408,even-strength,56,13,FALSE,FALSE,TRUE,TRUE,TRUE,FALSE,0.05988189496401758,8477962,3,8
2019020985,410,even-strength,31,-35,FALSE,FALSE,TRUE,TRUE,TRUE,FALSE,0.00792546709597529,8477950,3,8
2019020985,417,even-strength,64,-16,FALSE,FALSE,TRUE,FALSE,FALSE,FALSE,0,8474090,3,8
2019020985,418,even-strength,38,-4,FALSE,FALSE,TRUE,TRUE,TRUE,FALSE,0.01716742683077825,8476459,3,8
2019020985,420,even-strength,69,11,FALSE,FALSE,TRUE,FALSE,FALSE,FALSE,0,8476858,3,8
2019020985,422,even-strength,33,17,FALSE,FALSE,TRUE,TRUE,TRUE,FALSE,0.01915055875439132,8477950,3,8
2019020985,424,even-strength,48,25,FALSE,FALSE,TRUE,FALSE,FALSE,FALSE,0,8474090,3,8
2019020985,425,even-strength,31,-27,FALSE,FALSE,TRUE,TRUE,TRUE,FALSE,0.01121421870453335,8476885,3,8
2019020985,427,even-strength,68,-11,FALSE,FALSE,TRUE,FALSE,FALSE,FALSE,0,8478550,3,8
2019020985,438,even-strength,86,11,FALSE,FALSE,TRUE,TRUE,TRUE,FALSE,0.05876421889811696,8479328,3,8
2019020985,439,even-strength,54,23,FALSE,FALSE,TRUE,FALSE,FALSE,FALSE,0,8475735,3,8
2019020985,444,even-strength,73,15,FALSE,FALSE,TRUE,TRUE,FALSE,FALSE,0.04752692270827903,8476458,3,8
2019020985,447,even-strength,59,18,FALSE,FALSE,TRUE,TRUE,TRUE,FALSE,0.0406501880223486,8475184,3,8
2019020985,448,even-strength,71,-10,FALSE,FALSE,TRUE,FALSE,FALSE,FALSE,0,8476885,3,8
2019020985,560,even-strength,44,9,FALSE,FALSE,TRUE,TRUE,FALSE,FALSE,0.03300579347135543,8479328,3,8
2019020985,571,even-strength,79,2,FALSE,FALSE,TRUE,TRUE,TRUE,TRUE,0.13771220620328997,8476858,3,8
2019020985,573,even-strength,33,-28,FALSE,FALSE,TRUE,TRUE,TRUE,FALSE,0.01212515707103509,8479323,3,8
2019020985,575,even-strength,35,11,FALSE,FALSE,TRUE,TRUE,TRUE,FALSE,0.02743260643659229,8479323,3,8
2019020985,580,even-strength,35,-12,FALSE,FALSE,TRUE,TRUE,FALSE,FALSE,0.01432755567832916,8479323,3,8
2019020985,583,even-strength,66,-18,FALSE,FALSE,TRUE,TRUE,TRUE,FALSE,0.04090989313702311,8481554,3,8
2019020985,585,even-strength,83,-10,FALSE,FALSE,TRUE,TRUE,TRUE,FALSE,0.0565782524971667,8481554,3,8
2019020985,586,even-strength,65,3,FALSE,FALSE,TRUE,FALSE,FALSE,FALSE,0,8477962,3,8
2019020985,589,even-strength,63,-2,FALSE,FALSE,TRUE,FALSE,FALSE,FALSE,0,8476459,3,8
2019020985,590,even-strength,78,27,FALSE,FALSE,TRUE,TRUE,FALSE,FALSE,0.04853401286047531,8476459,3,8
2019020985,599,even-strength,70,27,FALSE,FALSE,TRUE,TRUE,TRUE,FALSE,0.04220021719492504,8476459,3,8
2019020985,600,even-strength,73,19,FALSE,FALSE,TRUE,TRUE,TRUE,FALSE,0.03422221280064579,8475855,3,8
2019020985,653,even-strength,70,1,FALSE,FALSE,TRUE,TRUE,TRUE,FALSE,0.08040251517900947,8479323,3,8
2019020985,655,power-play,50,28,FALSE,FALSE,TRUE,TRUE,FALSE,FALSE,0.05541781800547792,8478550,3,8
2019020985,656,power-play,34,25,FALSE,FALSE,TRUE,TRUE,FALSE,FALSE,0.038749735972231,8476459,3,8
2019020985,657,power-play,72,6,FALSE,FALSE,TRUE,TRUE,TRUE,FALSE,0.12670137919066285,8480078,3,8
2019020985,658,even-strength,81,-10,FALSE,FALSE,TRUE,TRUE,TRUE,FALSE,0.05717753364654147,8479323,3,8
2019020985,660,even-strength,68,-19,FALSE,FALSE,TRUE,TRUE,TRUE,TRUE,0.04053105894972557,8476459,3,8
2019020985,662,even-strength,78,-10,TRUE,FALSE,TRUE,TRUE,FALSE,FALSE,0.07457977597814318,8476459,3,8
2019020985,664,even-strength,72,1,FALSE,FALSE,TRUE,TRUE,TRUE,FALSE,0.13268577806813783,8476858,3,8
2019020985,665,even-strength,82,-10,FALSE,FALSE,TRUE,TRUE,TRUE,FALSE,0.05755565678923068,8475184,3,8
2019020985,666,even-strength,77,-9,FALSE,FALSE,TRUE,TRUE,TRUE,FALSE,0.0660891988705785,8476458,3,8
2019020985,667,even-strength,41,-35,FALSE,FALSE,TRUE,TRUE,TRUE,TRUE,0.01744049148346131,8479323,3,8
2019020985,674,power-play,77,-20,FALSE,FALSE,TRUE,TRUE,TRUE,FALSE,0.07424226472346375,8476458,3,8
2019020985,675,power-play,64,4,FALSE,FALSE,TRUE,TRUE,TRUE,TRUE,0.11630347278759268,8476458,3,8
2019021020,29,even-strength,84,16,FALSE,FALSE,TRUE,TRUE,TRUE,FALSE,0.03230065710489502,8476419,2,8
2019021020,49,even-strength,20,-30,FALSE,FALSE,TRUE,TRUE,TRUE,FALSE,0.00505660843585644,8473463,2,8
2019021020,55,even-strength,78,-9,FALSE,FALSE,TRUE,TRUE,FALSE,FALSE,0.0431863700662518,8474586,2,8
2019021020,56,even-strength,73,-2,FALSE,FALSE,TRUE,FALSE,FALSE,FALSE,0,8475754,2,8
2019021020,61,even-strength,82,-3,FALSE,FALSE,TRUE,TRUE,TRUE,FALSE,0.14516625719748644,8478445,2,8
2019021020,64,even-strength,48,-20,FALSE,FALSE,TRUE,FALSE,FALSE,FALSE,0,8477506,2,8
2019021020,70,even-strength,83,-23,FALSE,FALSE,TRUE,TRUE,FALSE,FALSE,0.03680582868342488,8478445,2,8
2019021020,71,even-strength,80,7,FALSE,FALSE,TRUE,TRUE,TRUE,FALSE,0.15232647333979202,8477936,2,8
2019021020,75,even-strength,14,-10,FALSE,FALSE,TRUE,TRUE,TRUE,FALSE,0.00696218900517824,8474573,2,8
2019021020,79,even-strength,80,-2,FALSE,FALSE,TRUE,TRUE,FALSE,FALSE,0.16114997787702723,8475314,2,8
2019021020,82,even-strength,71,31,FALSE,FALSE,TRUE,TRUE,TRUE,FALSE,0.0237339483036835,8477936,2,8
2019021020,86,even-strength,46,16,FALSE,FALSE,TRUE,TRUE,FALSE,FALSE,0.02082450941980404,8475181,2,8
2019021020,93,even-strength,80,0,FALSE,FALSE,TRUE,TRUE,TRUE,FALSE,0.12499936238425652,8474573,2,8
2019021020,94,even-strength,47,-20,FALSE,FALSE,TRUE,FALSE,FALSE,FALSE,0,8477506,2,8
2019021020,231,even-strength,21,26,FALSE,FALSE,TRUE,TRUE,TRUE,FALSE,0.00471153247336089,8477936,2,8
2019021020,249,even-strength,64,2,FALSE,FALSE,TRUE,TRUE,FALSE,FALSE,0.05720418493983627,8477936,2,8
2019021020,301,even-strength,68,-11,TRUE,FALSE,TRUE,FALSE,FALSE,FALSE,0,8476429,2,8
2019021020,302,even-strength,32,-40,FALSE,FALSE,TRUE,TRUE,TRUE,FALSE,0.00604878055861858,8478445,2,8
2019021020,305,even-strength,72,-1,FALSE,FALSE,TRUE,FALSE,FALSE,FALSE,0,8476429,2,8
2019021020,309,even-strength,43,21,FALSE,FALSE,TRUE,FALSE,FALSE,FALSE,0,8472382,2,8
2019021020,312,even-strength,62,-1,FALSE,FALSE,TRUE,TRUE,TRUE,FALSE,0.074355262033093,8477936,2,8
2019021020,319,even-strength,63,-11,FALSE,FALSE,TRUE,TRUE,TRUE,FALSE,0.03463047813150771,8476419,2,8
2019021020,322,even-strength,59,-36,FALSE,FALSE,TRUE,TRUE,TRUE,FALSE,0.01662567428806356,8477506,2,8
2019021020,323,even-strength,84,5,FALSE,FALSE,TRUE,TRUE,FALSE,FALSE,0.04503292340287985,8473504,2,8
2019021020,331,even-strength,84,-10,FALSE,FALSE,TRUE,FALSE,FALSE,FALSE,0,8476419,2,8
2019021020,334,even-strength,74,-1,TRUE,FALSE,TRUE,FALSE,FALSE,FALSE,0,8477506,2,8
2019021020,335,even-strength,76,-16,FALSE,FALSE,TRUE,TRUE,FALSE,FALSE,0.07818203329249747,8474586,2,8
2019021020,337,even-strength,39,-15,FALSE,FALSE,TRUE,TRUE,TRUE,FALSE,0.01843302851199482,8470187,2,8
2019021020,339,even-strength,43,1,FALSE,FALSE,TRUE,TRUE,TRUE,FALSE,0.0360901278378738,8477506,2,8
2019021020,343,power-play,70,6,FALSE,FALSE,TRUE,FALSE,FALSE,FALSE,0,8474586,2,8
2019021020,490,power-play,30,3,FALSE,FALSE,TRUE,TRUE,FALSE,FALSE,0.0519601649953829,8477506,2,8
2019021020,604,even-strength,41,-25,FALSE,FALSE,TRUE,TRUE,TRUE,FALSE,0.01750780055611815,8477506,2,8
2019021020,605,even-strength,57,-13,FALSE,FALSE,TRUE,TRUE,FALSE,FALSE,0.03722535506791236,8477506,2,8
2019021020,606,even-strength,81,1,TRUE,FALSE,TRUE,TRUE,TRUE,TRUE,0.2949692211205381,8475754,2,8
2019021020,611,even-strength,44,-29,FALSE,FALSE,TRUE,TRUE,TRUE,FALSE,0.02393204144773872,8470187,2,8
2019021020,630,power-play,51,-19,FALSE,FALSE,TRUE,TRUE,TRUE,TRUE,0.06340973232131474,8477506,2,8
2019021020,631,power-play,72,-9,FALSE,FALSE,TRUE,TRUE,TRUE,FALSE,0.12539070265572863,8476419,2,8
2019021020,632,power-play,83,5,FALSE,FALSE,TRUE,TRUE,FALSE,FALSE,0.15197538896374757,8474586,2,8
2019021020,634,power-play,82,0,FALSE,FALSE,TRUE,TRUE,TRUE,FALSE,0.15024855984713653,8478463,2,8
2019021020,635,even-strength,80,-2,FALSE,TRUE,TRUE,TRUE,TRUE,FALSE,0.34917710325420065,8478463,2,8
2019021020,636,even-strength,82,0,FALSE,FALSE,TRUE,TRUE,TRUE,FALSE,0.17968830677681755,8478463,2,8
2019021020,639,even-strength,78,1,FALSE,FALSE,TRUE,TRUE,FALSE,FALSE,0.16203147341561808,8474709,2,8
2019021020,640,even-strength,53,15,FALSE,FALSE,TRUE,TRUE,FALSE,FALSE,0.04176033486784222,8475181,2,8
2019021020,641,even-strength,75,20,FALSE,FALSE,TRUE,TRUE,FALSE,FALSE,0.03082463676528556,8474586,2,8
2019021034,53,even-strength,78,0,FALSE,FALSE,TRUE,FALSE,FALSE,FALSE,0,8478519,14,8
2019021034,56,even-strength,45,1,FALSE,FALSE,TRUE,TRUE,TRUE,TRUE,0.03219843074353224,8475167,14,8
2019021034,57,even-strength,42,-28,FALSE,FALSE,TRUE,TRUE,TRUE,FALSE,0.00927224381918424,8474567,14,8
2019021034,59,even-strength,49,-23,FALSE,FALSE,TRUE,TRUE,TRUE,FALSE,0.02251713648493582,8474031,14,8
2019021034,60,even-strength,28,-21,FALSE,FALSE,TRUE,TRUE,TRUE,FALSE,0.00867502481756826,8474031,14,8
2019021034,68,even-strength,58,-13,TRUE,FALSE,TRUE,TRUE,TRUE,FALSE,0.08717570247868962,8478010,14,8
2019021034,71,even-strength,71,-1,FALSE,FALSE,TRUE,TRUE,FALSE,FALSE,0.0956592566029604,8478010,14,8
2019021034,72,even-strength,6,3,FALSE,FALSE,TRUE,TRUE,TRUE,FALSE,0.00350401587000384,8473986,14,8
2019021034,75,even-strength,62,5,FALSE,FALSE,TRUE,FALSE,FALSE,FALSE,0,8476624,14,8
2019021034,77,even-strength,51,7,FALSE,FALSE,TRUE,TRUE,FALSE,FALSE,0.04381838377902962,8476826,14,8
2019021034,78,even-strength,34,-16,FALSE,FALSE,TRUE,TRUE,TRUE,FALSE,0.02563218999034143,8476292,14,8
2019021034,83,even-strength,47,-4,FALSE,FALSE,TRUE,TRUE,TRUE,TRUE,0.03527090418376663,8473986,14,8
2019021034,87,even-strength,79,-1,FALSE,FALSE,TRUE,TRUE,TRUE,FALSE,0.1420068475980884,8474034,14,8
2019021034,89,even-strength,40,-20,FALSE,FALSE,TRUE,TRUE,FALSE,FALSE,0.01654117400758521,8478416,14,8
2019021034,94,even-strength,34,-18,FALSE,FALSE,TRUE,TRUE,TRUE,FALSE,0.02034591733243826,8470601,14,8
2019021034,97,even-strength,70,1,FALSE,FALSE,TRUE,TRUE,TRUE,FALSE,0.12818645947688473,8474870,14,8
2019021034,100,even-strength,32,-14,FALSE,FALSE,TRUE,FALSE,FALSE,FALSE,0,8478416,14,8
2019021034,252,even-strength,81,-1,FALSE,FALSE,TRUE,TRUE,TRUE,FALSE,0.150366519425531,8476399,14,8
2019021034,253,even-strength,66,2,FALSE,FALSE,TRUE,TRUE,FALSE,FALSE,0.05609847254805895,8476624,14,8
2019021034,256,even-strength,47,-25,FALSE,FALSE,TRUE,FALSE,FALSE,FALSE,0,8474031,14,8
2019021034,260,even-strength,55,-13,FALSE,FALSE,TRUE,TRUE,FALSE,FALSE,0.026006239494451,8474567,14,8
2019021034,262,even-strength,68,25,FALSE,FALSE,TRUE,TRUE,TRUE,FALSE,0.02496835179197601,8476975,14,8
2019021034,263,even-strength,79,-3,FALSE,FALSE,TRUE,TRUE,FALSE,FALSE,0.1585530569409139,8478010,14,8
2019021034,266,even-strength,56,-20,FALSE,FALSE,TRUE,TRUE,FALSE,FALSE,0.04670578952369603,8474567,14,8
2019021034,268,even-strength,51,-27,FALSE,FALSE,TRUE,TRUE,TRUE,FALSE,0.0218859355476737,8474567,14,8
2019021034,269,even-strength,74,10,FALSE,FALSE,TRUE,TRUE,FALSE,FALSE,0.05613938001734071,8474870,14,8
2019021034,278,even-strength,11,14,FALSE,FALSE,TRUE,TRUE,TRUE,FALSE,0.00520302213744637,8475167,14,8
2019021034,288,even-strength,71,-11,FALSE,FALSE,TRUE,TRUE,TRUE,FALSE,0.07075378914569844,8476624,14,8
2019021034,296,penalty-kill,42,18,FALSE,FALSE,TRUE,TRUE,TRUE,FALSE,0.04761815074906417,8476624,14,8
2019021034,297,even-strength,78,-1,FALSE,FALSE,TRUE,TRUE,TRUE,TRUE,0.11054543148361425,8476453,14,8
2019021034,298,even-strength,63,-17,FALSE,FALSE,TRUE,TRUE,FALSE,FALSE,0.02935362696885001,8476826,14,8
2019021034,552,power-play,33,8,FALSE,FALSE,TRUE,TRUE,TRUE,FALSE,0.0391724778156756,8475167,14,8
2019021034,556,even-strength,78,0,FALSE,FALSE,TRUE,FALSE,FALSE,FALSE,0,8475167,14,8
2019021034,559,even-strength,80,13,FALSE,FALSE,TRUE,TRUE,TRUE,FALSE,0.05873502825906943,8476624,14,8
2019021034,560,even-strength,77,-1,FALSE,TRUE,TRUE,TRUE,TRUE,FALSE,0.23127673075902583,8476624,14,8
2019021034,565,even-strength,68,-9,FALSE,FALSE,TRUE,TRUE,FALSE,FALSE,0.08053668001925787,8476453,14,8
2019021034,594,power-play,41,-17,FALSE,FALSE,TRUE,TRUE,TRUE,FALSE,0.04113225562510305,8476453,14,8
2019021034,596,power-play,38,2,FALSE,FALSE,TRUE,TRUE,TRUE,TRUE,0.0534779329633305,8475167,14,8
2019021071,53,even-strength,62,1,FALSE,FALSE,TRUE,TRUE,TRUE,FALSE,0.06356322910806834,8475714,18,8
2019021071,56,power-play,37,14,FALSE,FALSE,TRUE,TRUE,TRUE,FALSE,0.02928273217888643,8474600,18,8
2019021071,57,power-play,52,-23,FALSE,FALSE,TRUE,TRUE,TRUE,FALSE,0.05150664233837913,8478042,18,8
2019021071,58,power-play,58,8,FALSE,FALSE,TRUE,FALSE,FALSE,FALSE,0,8475714,18,8
2019021071,59,power-play,34,1,FALSE,FALSE,TRUE,TRUE,TRUE,FALSE,0.02890576492290585,8475176,18,8
2019021071,60,power-play,62,-2,FALSE,FALSE,TRUE,FALSE,FALSE,FALSE,0,8475176,18,8
2019021071,62,even-strength,51,-36,FALSE,FALSE,TRUE,TRUE,FALSE,FALSE,0.01107030954521256,8474009,18,8
2019021071,69,power-play,76,7,FALSE,FALSE,TRUE,FALSE,FALSE,FALSE,0,8476887,18,8
2019021071,70,power-play,80,6,FALSE,FALSE,TRUE,TRUE,TRUE,FALSE,0.14723941299252905,8475225,18,8
2019021071,72,even-strength,35,-13,FALSE,FALSE,TRUE,TRUE,TRUE,FALSE,0.01527619644382346,8475218,18,8
2019021071,73,even-strength,47,-18,FALSE,FALSE,TRUE,TRUE,TRUE,FALSE,0.01741494214036125,8476428,18,8
2019021071,80,even-strength,59,-15,FALSE,FALSE,TRUE,TRUE,TRUE,FALSE,0.04342267692590251,8476887,18,8
2019021071,84,even-strength,30,30,FALSE,FALSE,TRUE,TRUE,TRUE,FALSE,0.00906385803692304,8479371,18,8
2019021071,88,even-strength,41,25,TRUE,FALSE,TRUE,TRUE,TRUE,FALSE,0.03440668430469541,8474600,18,8
2019021071,96,even-strength,67,-2,FALSE,FALSE,TRUE,TRUE,TRUE,FALSE,0.06850772073533427,8478042,18,8
2019021071,99,even-strength,75,-13,FALSE,FALSE,TRUE,TRUE,TRUE,FALSE,0.06155381640383295,8475225,18,8
2019021071,251,even-strength,38,-31,FALSE,FALSE,TRUE,TRUE,FALSE,FALSE,0.00983298883128384,8479371,18,8
2019021071,258,even-strength,75,-8,TRUE,FALSE,TRUE,TRUE,TRUE,FALSE,0.1351279741453277,8475225,18,8
2019021071,260,even-strength,36,27,FALSE,FALSE,TRUE,TRUE,TRUE,FALSE,0.01035962069093686,8475176,18,8
2019021071,264,even-strength,66,-6,TRUE,FALSE,TRUE,TRUE,TRUE,FALSE,0.08262807782574291,8478042,18,8
2019021071,265,even-strength,79,-2,TRUE,TRUE,TRUE,TRUE,TRUE,FALSE,0.3260513450139577,8478042,18,8
2019021071,266,even-strength,62,-13,FALSE,FALSE,TRUE,TRUE,TRUE,TRUE,0.06097957294747902,8475793,18,8
2019021071,275,even-strength,-12,35,FALSE,FALSE,TRUE,TRUE,TRUE,FALSE,0.00114700271841049,8474600,18,8
2019021071,277,even-strength,59,-18,FALSE,FALSE,TRUE,TRUE,TRUE,TRUE,0.03040275475764638,8475714,18,8
2019021071,279,even-strength,56,10,FALSE,FALSE,TRUE,TRUE,TRUE,FALSE,0.0380686845345248,8475218,18,8
2019021071,281,even-strength,33,32,FALSE,FALSE,TRUE,TRUE,TRUE,FALSE,0.0110983341906884,8475797,18,8
2019021071,283,penalty-kill,-84,-22,FALSE,FALSE,TRUE,TRUE,TRUE,FALSE,6.524573855156078e-4,8475176,18,8
2019021071,293,even-strength,60,-4,FALSE,FALSE,TRUE,TRUE,FALSE,FALSE,0.06959119079652021,8475168,18,8
2019021071,294,even-strength,57,16,TRUE,FALSE,TRUE,TRUE,TRUE,FALSE,0.05582761384375648,8476887,18,8
2019021071,299,power-play,31,-33,FALSE,FALSE,TRUE,TRUE,FALSE,FALSE,0.02692478310464191,8476887,18,8
2019021071,300,power-play,74,-4,TRUE,FALSE,TRUE,TRUE,FALSE,FALSE,0.14516597054286162,8475225,18,8
2019021071,451,power-play,58,-18,FALSE,FALSE,TRUE,TRUE,TRUE,TRUE,0.06221214429330526,8476887,18,8
2019021071,453,even-strength,86,7,FALSE,FALSE,TRUE,TRUE,TRUE,FALSE,0.03698070534955901,8478042,18,8
2019021071,461,even-strength,80,0,FALSE,FALSE,TRUE,FALSE,FALSE,FALSE,0,8475218,18,8
2019021071,462,even-strength,60,15,FALSE,FALSE,TRUE,TRUE,TRUE,FALSE,0.02631447670649805,8474068,18,8
2019021071,470,even-strength,50,16,FALSE,FALSE,TRUE,FALSE,FALSE,FALSE,0,8476925,18,8
2019021071,471,even-strength,71,3,FALSE,FALSE,TRUE,TRUE,TRUE,FALSE,0.05887551779800917,8475793,18,8
2019021071,472,even-strength,65,0,FALSE,FALSE,TRUE,TRUE,TRUE,FALSE,0.05918118717451154,8478042,18,8
2019021071,473,even-strength,35,-32,FALSE,FALSE,TRUE,TRUE,TRUE,FALSE,0.00741294633540547,8473560,18,8
2019021071,476,even-strength,73,2,FALSE,FALSE,TRUE,FALSE,FALSE,FALSE,0,8478508,18,8
2019021071,479,even-strength,64,-13,FALSE,FALSE,TRUE,TRUE,TRUE,TRUE,0.04502654771108366,8476887,18,8
2019021071,480,even-strength,54,-26,TRUE,FALSE,TRUE,TRUE,TRUE,FALSE,0.05065609631240392,8476887,18,8
2019021071,482,even-strength,77,-10,FALSE,FALSE,TRUE,FALSE,FALSE,FALSE,0,8475176,18,8
2019021071,483,even-strength,39,16,FALSE,FALSE,TRUE,TRUE,FALSE,FALSE,0.01463731257422003,8474600,18,8
2019021071,484,even-strength,34,-30,FALSE,FALSE,TRUE,TRUE,FALSE,FALSE,0.00916375703866583,8475793,18,8
2019021071,486,power-play,47,-22,FALSE,FALSE,TRUE,TRUE,TRUE,FALSE,0.03669850137883146,8474600,18,8
2019021071,488,power-play,80,-6,FALSE,FALSE,TRUE,FALSE,FALSE,FALSE,0,8475225,18,8
2019021071,498,even-strength,51,9,FALSE,FALSE,TRUE,TRUE,TRUE,FALSE,0.04268489829299148,8475798,18,8
2019021071,499,even-strength,77,1,FALSE,FALSE,TRUE,TRUE,FALSE,FALSE,0.08933332326328518,8476887,18,8
2019021071,602,even-strength,51,23,FALSE,FALSE,TRUE,TRUE,TRUE,FALSE,0.0215008756417973,8475793,18,8
2019021071,603,even-strength,32,14,FALSE,FALSE,TRUE,TRUE,FALSE,FALSE,0.01638370361700223,8474600,18,8
2019021071,604,even-strength,69,-5,FALSE,FALSE,TRUE,TRUE,TRUE,FALSE,0.06920055369736994,8476925,18,8
2019021071,617,even-strength,39,28,FALSE,FALSE,TRUE,TRUE,FALSE,FALSE,0.02522494076867823,8478508,18,8
2019021071,618,even-strength,50,14,FALSE,FALSE,TRUE,TRUE,TRUE,FALSE,0.03718892958984985,8478508,18,8
2019030021,105,even-strength,49,-25,FALSE,FALSE,TRUE,TRUE,FALSE,FALSE,0.02622720001263402,8475810,5,8
2019030021,106,even-strength,61,9,FALSE,FALSE,TRUE,TRUE,TRUE,FALSE,0.04483901014293354,8471215,5,8
2019030021,107,even-strength,64,2,FALSE,FALSE,TRUE,TRUE,TRUE,FALSE,0.05647047310932886,8471215,5,8
2019030021,108,even-strength,70,1,FALSE,FALSE,TRUE,FALSE,FALSE,FALSE,0,8477969,5,8
2019030021,110,even-strength,51,27,FALSE,FALSE,TRUE,TRUE,TRUE,FALSE,0.02219960126781518,8479293,5,8
2019030021,111,even-strength,62,-5,FALSE,FALSE,TRUE,TRUE,TRUE,FALSE,0.04851082441383254,8471724,5,8
2019030021,112,even-strength,83,5,TRUE,FALSE,TRUE,TRUE,TRUE,FALSE,0.0915499265428108,8479944,5,8
2019030021,113,even-strength,79,0,FALSE,TRUE,TRUE,FALSE,FALSE,FALSE,0,8476927,5,8
2019030021,114,even-strength,81,-3,FALSE,FALSE,TRUE,TRUE,TRUE,FALSE,0.1664402728189342,8471675,5,8
2019030021,115,even-strength,76,-3,FALSE,FALSE,TRUE,TRUE,TRUE,FALSE,0.08192153975383822,8471675,5,8
2019030021,116,even-strength,66,-18,TRUE,FALSE,TRUE,TRUE,TRUE,FALSE,0.04970656103570412,8471215,5,8
2019030021,117,even-strength,73,-1,TRUE,TRUE,TRUE,TRUE,TRUE,FALSE,0.2806491417369942,8475810,5,8
2019030021,119,even-strength,70,-19,FALSE,FALSE,TRUE,TRUE,FALSE,FALSE,0.03758881283681802,8471677,5,8
2019030021,120,even-strength,71,5,FALSE,FALSE,TRUE,FALSE,FALSE,FALSE,0,8477955,5,8
2019030021,122,even-strength,54,34,FALSE,FALSE,TRUE,TRUE,TRUE,FALSE,0.01336671322286994,8476927,5,8
2019030021,127,even-strength,37,-23,FALSE,FALSE,TRUE,TRUE,FALSE,FALSE,0.02920930126906454,8471887,5,8
2019030021,131,even-strength,62,-5,FALSE,FALSE,TRUE,TRUE,TRUE,FALSE,0.04172284895416085,8471724,5,8
2019030021,132,even-strength,22,22,TRUE,FALSE,TRUE,TRUE,TRUE,FALSE,0.0068587001502926,8471724,5,8
2019030021,136,even-strength,45,31,FALSE,FALSE,TRUE,TRUE,TRUE,FALSE,0.01215128911502947,8476927,5,8
2019030021,137,even-strength,22,-29,FALSE,FALSE,TRUE,TRUE,TRUE,FALSE,0.0033421258996829,8475208,5,8
2019030021,145,power-play,70,1,FALSE,FALSE,TRUE,FALSE,FALSE,FALSE,0,8471215,5,8
2019030021,146,power-play,78,-3,FALSE,FALSE,TRUE,FALSE,FALSE,FALSE,0,8471724,5,8
2019030021,147,power-play,42,12,FALSE,FALSE,TRUE,TRUE,TRUE,FALSE,0.04826913696840015,8471724,5,8
2019030021,148,power-play,78,-11,FALSE,FALSE,TRUE,FALSE,FALSE,FALSE,0,8477955,5,8
2019030021,149,power-play,47,-29,FALSE,FALSE,TRUE,TRUE,FALSE,FALSE,0.02676901829505145,8477955,5,8
2019030021,150,power-play,41,-26,FALSE,FALSE,TRUE,TRUE,TRUE,FALSE,0.02184823130873005,8474602,5,8
2019030021,302,even-strength,36,-21,FALSE,FALSE,TRUE,TRUE,TRUE,FALSE,0.01497090049558595,8475208,5,8
2019030021,305,even-strength,40,39,FALSE,FALSE,TRUE,TRUE,TRUE,FALSE,0.00834708498724575,8479944,5,8
2019030021,306,power-play,79,0,FALSE,TRUE,TRUE,TRUE,FALSE,FALSE,0.3042437393405379,8477404,5,8
2019030021,310,even-strength,36,-23,FALSE,FALSE,TRUE,TRUE,TRUE,FALSE,0.00984567478573164,8471724,5,8
2019030021,311,even-strength,79,0,FALSE,FALSE,TRUE,TRUE,FALSE,FALSE,0.1038965085290474,8471675,5,8
2019030021,315,even-strength,76,-3,FALSE,FALSE,TRUE,FALSE,FALSE,FALSE,0,8471724,5,8
2019030021,323,even-strength,84,-7,FALSE,FALSE,TRUE,TRUE,TRUE,FALSE,0.08888625210400689,8475722,5,8
2019030021,324,even-strength,81,-2,FALSE,FALSE,TRUE,FALSE,FALSE,FALSE,0,8475722,5,8
2019030021,326,even-strength,33,-9,FALSE,FALSE,TRUE,TRUE,FALSE,FALSE,0.01694854510741735,8471215,5,8
2019030021,335,even-strength,51,-18,FALSE,FALSE,TRUE,TRUE,TRUE,FALSE,0.02973776055196863,8471215,5,8
2019030021,336,even-strength,52,-20,FALSE,FALSE,TRUE,TRUE,TRUE,FALSE,0.02058323991272025,8471887,5,8
2019030021,338,even-strength,35,-27,FALSE,FALSE,TRUE,TRUE,FALSE,FALSE,0.00986220255705809,8475208,5,8
2019030021,340,even-strength,46,-24,FALSE,FALSE,TRUE,FALSE,FALSE,FALSE,0,8466139,5,8
2019030021,341,even-strength,76,-2,FALSE,FALSE,TRUE,TRUE,FALSE,FALSE,0.10207833330247253,8471675,5,8
2019030021,342,even-strength,81,-6,FALSE,TRUE,TRUE,FALSE,FALSE,FALSE,0,8477839,5,8
2019030021,343,even-strength,73,-12,FALSE,FALSE,TRUE,TRUE,FALSE,FALSE,0.03924160991379705,8471675,5,8
2019030021,344,even-strength,86,-11,FALSE,TRUE,TRUE,TRUE,TRUE,TRUE,0.10748365686366256,8471675,5,8
2019030021,345,even-strength,46,-26,FALSE,FALSE,TRUE,TRUE,FALSE,FALSE,0.01411532971818874,8471724,5,8
2019030021,348,power-play,79,-1,FALSE,FALSE,TRUE,FALSE,FALSE,FALSE,0,8471724,5,8
2019030021,349,power-play,55,22,FALSE,FALSE,TRUE,TRUE,TRUE,FALSE,0.05109282841369216,8475722,5,8
2019030021,551,power-play,58,0,FALSE,FALSE,TRUE,TRUE,TRUE,FALSE,0.1016752122711917,8477404,5,8
2019030021,554,power-play,82,-1,FALSE,FALSE,TRUE,TRUE,TRUE,TRUE,0.1443011642436726,8475810,5,8
2019030021,555,even-strength,90,-6,FALSE,FALSE,TRUE,TRUE,FALSE,FALSE,0.06129683477318357,8466139,5,8
2019030021,557,even-strength,79,0,FALSE,FALSE,TRUE,FALSE,FALSE,FALSE,0,8474602,5,8
2019030021,558,even-strength,72,3,FALSE,FALSE,TRUE,FALSE,FALSE,FALSE,0,8479293,5,8
2019030021,559,even-strength,74,-2,FALSE,FALSE,TRUE,FALSE,FALSE,FALSE,0,8471675,5,8
2019030021,565,power-play,79,4,FALSE,FALSE,TRUE,TRUE,FALSE,FALSE,0.11984150681767591,8477404,5,8
2019030021,566,power-play,37,22,FALSE,FALSE,TRUE,TRUE,FALSE,FALSE,0.03773609548653751,8471215,5,8
2019030021,567,even-strength,83,-8,FALSE,FALSE,TRUE,FALSE,FALSE,FALSE,0,8479293,5,8
2019030021,753,even-strength,47,4,FALSE,FALSE,TRUE,TRUE,FALSE,FALSE,0.023699772667170792,8471724,5,8
2019030021,755,power-play,52,20,FALSE,FALSE,TRUE,TRUE,FALSE,FALSE,0.0658566472790209,8471675,5,8
2019030021,756,power-play,64,-1,FALSE,FALSE,TRUE,FALSE,FALSE,FALSE,0,8475722,5,8
2019030021,760,power-play,52,-25,FALSE,FALSE,TRUE,TRUE,FALSE,FALSE,0.08251208047459772,8471215,5,8
2019030021,761,power-play,52,-21,FALSE,FALSE,TRUE,TRUE,FALSE,FALSE,0.08008357039974816,8471215,5,8
2019030021,762,power-play,55,-16,FALSE,FALSE,TRUE,TRUE,TRUE,FALSE,0.08489192518570246,8471215,5,8
2019030021,763,power-play,79,-1,FALSE,FALSE,TRUE,FALSE,FALSE,FALSE,0,8471215,5,8
2019030021,764,power-play,30,-16,FALSE,FALSE,TRUE,TRUE,TRUE,FALSE,0.03803827664048095,8471215,5,8
2019030021,770,power-play,81,2,FALSE,FALSE,TRUE,TRUE,TRUE,FALSE,0.14172123209922177,8475722,5,8
2019030021,774,power-play,72,0,FALSE,FALSE,TRUE,TRUE,FALSE,FALSE,0.1030123524374397,8471215,5,8
2019030021,775,power-play,78,-1,FALSE,FALSE,TRUE,FALSE,FALSE,FALSE,0,8477955,5,8
2019030021,776,power-play,75,-6,FALSE,FALSE,TRUE,FALSE,FALSE,FALSE,0,8479944,5,8
2019030021,781,even-strength,50,28,FALSE,FALSE,TRUE,FALSE,FALSE,FALSE,0,8479944,5,8
2019030021,785,even-strength,66,17,FALSE,FALSE,TRUE,FALSE,FALSE,FALSE,0,8475208,5,8
2019030021,786,even-strength,81,2,FALSE,FALSE,TRUE,TRUE,TRUE,FALSE,0.15101992577205212,8471215,5,8
2019030021,788,even-strength,80,-3,FALSE,FALSE,TRUE,FALSE,FALSE,FALSE,0,8471724,5,8
2019030021,789,even-strength,77,0,TRUE,FALSE,TRUE,TRUE,TRUE,FALSE,0.12793830620665125,8471724,5,8
2019030021,793,even-strength,80,-1,FALSE,FALSE,TRUE,TRUE,TRUE,FALSE,0.13521280545477768,8477839,5,8
2019030021,794,even-strength,77,5,FALSE,TRUE,TRUE,TRUE,TRUE,FALSE,0.26888078611647276,8471675,5,8
2019030021,795,even-strength,0,1,FALSE,FALSE,TRUE,TRUE,FALSE,FALSE,0.3129722921914359,8477839,5,8
2019030021,952,even-strength,59,22,FALSE,FALSE,TRUE,TRUE,TRUE,FALSE,0.02533971957234204,8475722,5,8
2019030021,1052,even-strength,76,0,FALSE,FALSE,TRUE,FALSE,FALSE,FALSE,0,8477839,5,8
2019030021,1053,even-strength,62,-27,FALSE,FALSE,TRUE,TRUE,FALSE,FALSE,0.01762686096602581,8477839,5,8
2019030021,1059,even-strength,53,-25,FALSE,FALSE,TRUE,TRUE,FALSE,FALSE,0.02331660741609328,8471887,5,8
2019030021,1067,power-play,35,27,FALSE,FALSE,TRUE,TRUE,FALSE,FALSE,0.02910455795589819,8474602,5,8
2019030021,1069,power-play,32,22,FALSE,FALSE,TRUE,TRUE,FALSE,FALSE,0.02829523972802068,8474602,5,8
2019030021,1070,power-play,46,-22,FALSE,FALSE,TRUE,TRUE,FALSE,FALSE,0.05525897260063112,8471215,5,8
2019030021,1071,power-play,54,1,FALSE,FALSE,TRUE,TRUE,TRUE,FALSE,0.10081007109009513,8471215,5,8
2019030021,1073,power-play,68,-18,FALSE,FALSE,TRUE,TRUE,TRUE,FALSE,0.09052673736586274,8477404,5,8
2019030021,1078,even-strength,81,0,FALSE,FALSE,TRUE,TRUE,TRUE,FALSE,0.1571666302043173,8479944,5,8
2019030021,1079,even-strength,-13,-35,FALSE,FALSE,TRUE,TRUE,TRUE,FALSE,0.00101067476294941,8478507,5,8
2019030021,1089,even-strength,39,25,FALSE,FALSE,TRUE,TRUE,FALSE,FALSE,0.01437911154921025,8479293,5,8
2019030021,1091,even-strength,78,5,FALSE,FALSE,TRUE,FALSE,FALSE,FALSE,0,8471887,5,8
2019030021,1097,even-strength,48,-21,FALSE,FALSE,TRUE,TRUE,TRUE,FALSE,0.02247805815627803,8474602,5,8
2019030021,1102,even-strength,44,-13,FALSE,FALSE,TRUE,TRUE,TRUE,FALSE,0.02008927582152526,8475208,5,8
2019030021,1104,even-strength,56,-21,FALSE,FALSE,TRUE,TRUE,FALSE,FALSE,0.02428646258315447,8478507,5,8
2019030021,1105,even-strength,51,-13,FALSE,FALSE,TRUE,TRUE,TRUE,FALSE,0.02600190997472905,8471675,5,8
2019030021,1106,even-strength,74,-3,FALSE,FALSE,TRUE,FALSE,FALSE,FALSE,0,8477839,5,8
2019030021,1107,even-strength,73,1,FALSE,FALSE,TRUE,FALSE,FALSE,FALSE,0,8477969,5,8
2019030021,1108,even-strength,75,-1,FALSE,FALSE,TRUE,FALSE,FALSE,FALSE,0,8477404,5,8
2019030021,1109,even-strength,42,20,FALSE,FALSE,TRUE,TRUE,FALSE,FALSE,0.01448813163200527,8475722,5,8
2019030022,54,even-strength,37,16,FALSE,FALSE,TRUE,TRUE,TRUE,FALSE,0.01437583208039702,8471215,5,8
2019030022,56,even-strength,61,30,FALSE,FALSE,TRUE,TRUE,FALSE,FALSE,0.02008821272365201,8477969,5,8
2019030022,63,even-strength,77,-3,FALSE,FALSE,TRUE,FALSE,FALSE,FALSE,0,8477404,5,8
2019030022,66,even-strength,71,0,FALSE,FALSE,TRUE,TRUE,FALSE,FALSE,0.0870598822900828,8475722,5,8
2019030022,68,even-strength,72,12,FALSE,FALSE,TRUE,TRUE,TRUE,TRUE,0.04773131896099705,8471675,5,8
2019030022,69,even-strength,54,-29,FALSE,FALSE,TRUE,TRUE,TRUE,FALSE,0.01968352826738176,8471887,5,8
2019030022,71,even-strength,69,-4,FALSE,FALSE,TRUE,FALSE,FALSE,FALSE,0,8475208,5,8
2019030022,72,even-strength,52,-4,TRUE,FALSE,TRUE,FALSE,FALSE,FALSE,0,8466139,5,8
2019030022,74,power-play,41,-18,FALSE,FALSE,TRUE,TRUE,TRUE,FALSE,0.05242291887185873,8471215,5,8
2019030022,76,power-play,57,14,FALSE,FALSE,TRUE,TRUE,TRUE,FALSE,0.0737832468045475,8471215,5,8
2019030022,77,power-play,73,-10,FALSE,FALSE,TRUE,TRUE,FALSE,FALSE,0.10174377270062246,8477404,5,8
2019030022,78,power-play,62,3,FALSE,FALSE,TRUE,TRUE,TRUE,FALSE,0.10704875399694495,8471215,5,8
2019030022,79,power-play,37,0,FALSE,FALSE,TRUE,TRUE,TRUE,FALSE,0.03321928589922721,8478507,5,8
2019030022,80,power-play,36,-15,FALSE,FALSE,TRUE,TRUE,TRUE,FALSE,0.0282132891697061,8478507,5,8
2019030022,84,even-strength,57,-13,FALSE,FALSE,TRUE,TRUE,TRUE,FALSE,0.0332553366983549,8471675,5,8
2019030022,89,even-strength,79,0,FALSE,FALSE,TRUE,TRUE,TRUE,FALSE,0.16189853412636668,8466139,5,8
2019030022,91,even-strength,31,14,FALSE,FALSE,TRUE,TRUE,TRUE,FALSE,0.05550563428350723,8474602,5,8
2019030022,96,even-strength,56,10,FALSE,FALSE,TRUE,TRUE,TRUE,FALSE,0.08149638835039649,8471215,5,8
2019030022,98,penalty-kill,53,-22,FALSE,FALSE,TRUE,FALSE,FALSE,FALSE,0,8475722,5,8
2019030022,100,power-play,46,-2,FALSE,FALSE,TRUE,TRUE,TRUE,FALSE,0.0584985009563963,8471675,5,8
2019030022,251,power-play,37,17,FALSE,FALSE,TRUE,TRUE,TRUE,FALSE,0.02905989970648494,8478507,5,8
2019030022,254,even-strength,61,-29,FALSE,FALSE,TRUE,TRUE,FALSE,FALSE,0.02564068254910303,8471724,5,8
2019030022,267,even-strength,81,5,FALSE,FALSE,TRUE,TRUE,FALSE,FALSE,0.12727558031992717,8471675,5,8
2019030022,268,even-strength,77,-2,FALSE,FALSE,TRUE,FALSE,FALSE,FALSE,0,8477955,5,8
2019030022,271,even-strength,45,31,FALSE,FALSE,TRUE,TRUE,TRUE,FALSE,0.00940247079508342,8471677,5,8
2019030022,273,even-strength,34,-24,FALSE,FALSE,TRUE,TRUE,TRUE,FALSE,0.01240040325113376,8478507,5,8
2019030022,275,even-strength,68,-7,FALSE,FALSE,TRUE,TRUE,FALSE,FALSE,0.08236684383222206,8477839,5,8
2019030022,276,even-strength,81,7,FALSE,FALSE,TRUE,FALSE,FALSE,FALSE,0,8471887,5,8
2019030022,281,even-strength,55,-7,FALSE,FALSE,TRUE,TRUE,FALSE,FALSE,0.04293294642256269,8475810,5,8
2019030022,283,even-strength,37,-22,FALSE,FALSE,TRUE,TRUE,TRUE,FALSE,0.01302881758497475,8477839,5,8
2019030022,285,even-strength,55,18,FALSE,FALSE,TRUE,FALSE,FALSE,FALSE,0,8477969,5,8
2019030022,287,power-play,80,-11,FALSE,FALSE,TRUE,TRUE,FALSE,FALSE,0.07717738815474134,8471675,5,8
2019030022,288,power-play,37,-1,FALSE,FALSE,TRUE,TRUE,FALSE,FALSE,0.05729695429256198,8471215,5,8
2019030022,289,power-play,81,-3,FALSE,TRUE,TRUE,TRUE,TRUE,FALSE,0.1904349298084228,8471724,5,8
2019030022,290,power-play,80,1,FALSE,TRUE,TRUE,TRUE,TRUE,FALSE,0.31674009112183205,8477404,5,8
2019030022,292,power-play,80,-17,FALSE,FALSE,TRUE,TRUE,TRUE,FALSE,0.07456845717672482,8475810,5,8
2019030022,293,power-play,86,-7,FALSE,TRUE,TRUE,TRUE,TRUE,FALSE,0.2894293164161839,8471724,5,8
2019030022,294,power-play,78,10,FALSE,TRUE,TRUE,TRUE,TRUE,FALSE,0.2735061055378923,8471675,5,8
2019030022,300,power-play,34,-1,FALSE,FALSE,TRUE,TRUE,FALSE,FALSE,0.0397210128747928,8474602,5,8
2019030022,414,even-strength,75,3,FALSE,TRUE,TRUE,TRUE,FALSE,FALSE,0.23337869437874637,8475810,5,8
2019030022,501,power-play,34,21,FALSE,FALSE,TRUE,TRUE,TRUE,FALSE,0.03619560658688012,8474602,5,8
2019030022,502,power-play,35,2,TRUE,FALSE,TRUE,TRUE,FALSE,FALSE,0.07319856377083485,8471724,5,8
2019030022,503,power-play,37,21,FALSE,FALSE,TRUE,TRUE,TRUE,FALSE,0.03398738152070139,8478507,5,8
2019030022,505,power-play,34,-13,FALSE,FALSE,TRUE,TRUE,FALSE,FALSE,0.05176629259967508,8471724,5,8
2019030022,506,even-strength,49,0,FALSE,FALSE,TRUE,TRUE,TRUE,FALSE,0.03533544683740577,8479944,5,8
2019030022,510,even-strength,70,0,TRUE,FALSE,TRUE,TRUE,TRUE,FALSE,0.1393385483580677,8479944,5,8
2019030022,512,even-strength,74,7,FALSE,FALSE,TRUE,FALSE,FALSE,FALSE,0,8471887,5,8
2019030022,513,even-strength,47,17,FALSE,FALSE,TRUE,FALSE,FALSE,FALSE,0,8477969,5,8
2019030022,516,even-strength,36,-22,FALSE,FALSE,TRUE,TRUE,FALSE,FALSE,0.01512219546114646,8474602,5,8
2019030022,519,even-strength,42,-1,FALSE,FALSE,TRUE,TRUE,TRUE,FALSE,0.01469465779635024,8471215,5,8
2019030022,520,even-strength,74,9,FALSE,FALSE,TRUE,TRUE,TRUE,FALSE,0.05642934448331902,8475722,5,8
2019030022,521,even-strength,67,6,FALSE,FALSE,TRUE,TRUE,TRUE,FALSE,0.05997695667298895,8475810,5,8
2019030022,522,even-strength,67,5,TRUE,FALSE,TRUE,FALSE,FALSE,FALSE,0,8475208,5,8
2019030022,538,even-strength,60,11,FALSE,FALSE,TRUE,FALSE,FALSE,FALSE,0,8475208,5,8
2019030022,540,even-strength,53,-35,FALSE,TRUE,TRUE,TRUE,FALSE,FALSE,0.03975289334622392,8471887,5,8
2019030022,542,even-strength,64,-7,TRUE,FALSE,TRUE,TRUE,TRUE,FALSE,0.14908526771302336,8477839,5,8
2019030022,543,even-strength,55,-4,FALSE,FALSE,TRUE,TRUE,TRUE,FALSE,0.07756449567703512,8471215,5,8
2019030022,544,even-strength,32,-24,FALSE,FALSE,TRUE,TRUE,TRUE,FALSE,0.01119026235916088,8478507,5,8
2019030022,545,even-strength,34,19,FALSE,FALSE,TRUE,TRUE,FALSE,FALSE,0.01143597878569874,8477969,5,8
2019030022,701,even-strength,7,-1,FALSE,FALSE,TRUE,TRUE,TRUE,FALSE,0.00375588998542773,8471724,5,8
2019030022,702,even-strength,55,12,FALSE,FALSE,TRUE,FALSE,FALSE,FALSE,0,8477969,5,8
2019030022,706,even-strength,44,-14,FALSE,FALSE,TRUE,FALSE,FALSE,FALSE,0,8478507,5,8
2019030022,707,even-strength,58,13,FALSE,FALSE,TRUE,FALSE,FALSE,FALSE,0,8477969,5,8
2019030022,711,even-strength,82,13,FALSE,FALSE,TRUE,TRUE,TRUE,FALSE,0.03800003487221045,8466139,5,8
2019030022,718,even-strength,72,3,FALSE,FALSE,TRUE,TRUE,TRUE,TRUE,0.0883286399729871,8475722,5,8
2019030022,719,even-strength,61,-31,FALSE,FALSE,TRUE,TRUE,TRUE,FALSE,0.01733562348234032,8477839,5,8
2019030022,721,even-strength,34,-29,FALSE,FALSE,TRUE,TRUE,TRUE,FALSE,0.01518178894695654,8474602,5,8
2019030023,107,even-strength,72,2,TRUE,FALSE,TRUE,TRUE,FALSE,FALSE,0.12390015139449896,8479944,5,8
2019030023,109,even-strength,69,11,FALSE,FALSE,TRUE,FALSE,FALSE,FALSE,0,8471677,5,8
2019030023,112,even-strength,32,-10,FALSE,FALSE,TRUE,TRUE,FALSE,FALSE,0.01307663272232494,8475208,5,8
2019030023,126,even-strength,75,-19,FALSE,FALSE,TRUE,TRUE,TRUE,FALSE,0.0374863218672522,8477404,5,8
2019030023,127,even-strength,76,-9,FALSE,FALSE,TRUE,TRUE,TRUE,FALSE,0.05086076506916287,8477404,5,8
2019030023,128,even-strength,84,-8,FALSE,FALSE,TRUE,TRUE,TRUE,FALSE,0.04601504605218355,8477404,5,8
2019030023,134,power-play,83,21,FALSE,FALSE,TRUE,TRUE,TRUE,TRUE,0.07406864574700074,8471887,5,8
2019030023,137,power-play,80,-6,FALSE,FALSE,TRUE,TRUE,TRUE,FALSE,0.0868606174794854,8475722,5,8
2019030023,138,power-play,82,-9,FALSE,FALSE,TRUE,TRUE,TRUE,FALSE,0.07048437467217025,8475722,5,8
2019030023,139,power-play,32,1,FALSE,FALSE,TRUE,TRUE,TRUE,FALSE,0.03136583735013354,8478507,5,8
2019030023,140,power-play,65,-11,FALSE,TRUE,TRUE,TRUE,TRUE,TRUE,0.20396407350463913,8475722,5,8
2019030023,142,even-strength,49,-23,FALSE,FALSE,TRUE,TRUE,TRUE,FALSE,0.02637569444314065,8474602,5,8
2019030023,145,even-strength,64,-3,FALSE,FALSE,TRUE,FALSE,FALSE,FALSE,0,8471724,5,8
2019030023,146,even-strength,36,20,FALSE,FALSE,TRUE,TRUE,TRUE,FALSE,0.01043880021674883,8477969,5,8
2019030023,149,even-strength,83,-10,FALSE,FALSE,TRUE,TRUE,TRUE,FALSE,0.04061789358754556,8471675,5,8
2019030023,306,even-strength,69,8,FALSE,FALSE,TRUE,FALSE,FALSE,FALSE,0,8475722,5,8
2019030023,307,even-strength,22,1,FALSE,FALSE,TRUE,TRUE,TRUE,FALSE,0.00719986516610697,8475722,5,8
2019030023,313,even-strength,49,1,FALSE,FALSE,TRUE,TRUE,FALSE,FALSE,0.03598067839582641,8475810,5,8
2019030023,314,even-strength,12,-11,FALSE,FALSE,TRUE,TRUE,TRUE,FALSE,0.00517957763525632,8471215,5,8
2019030023,316,even-strength,77,-14,FALSE,FALSE,TRUE,TRUE,TRUE,FALSE,0.06244544580307431,8476927,5,8
2019030023,319,even-strength,70,3,FALSE,TRUE,TRUE,FALSE,FALSE,FALSE,0,8477839,5,8
2019030023,320,even-strength,63,2,FALSE,FALSE,TRUE,FALSE,FALSE,FALSE,0,8474602,5,8
2019030023,322,even-strength,70,7,FALSE,TRUE,TRUE,FALSE,FALSE,FALSE,0,8477839,5,8
2019030023,326,even-strength,32,21,FALSE,FALSE,TRUE,TRUE,FALSE,FALSE,0.01506271151618421,8477969,5,8
2019030023,327,even-strength,50,20,FALSE,FALSE,TRUE,TRUE,TRUE,FALSE,0.02549125592488127,8477969,5,8
2019030023,329,even-strength,75,-2,FALSE,FALSE,TRUE,FALSE,FALSE,FALSE,0,8477839,5,8
2019030023,330,even-strength,74,-2,FALSE,TRUE,TRUE,TRUE,TRUE,FALSE,0.2628447491795056,8477404,5,8
2019030023,332,even-strength,54,-33,FALSE,FALSE,TRUE,TRUE,TRUE,FALSE,0.016331083514233,8471887,5,8
2019030023,334,even-strength,77,9,FALSE,FALSE,TRUE,TRUE,TRUE,FALSE,0.07868304329927375,8479944,5,8
2019030023,335,even-strength,79,-1,FALSE,TRUE,TRUE,TRUE,TRUE,TRUE,0.26712676262701046,8476927,5,8
2019030023,338,even-strength,80,-7,FALSE,FALSE,TRUE,TRUE,TRUE,FALSE,0.10378730069871202,8475722,5,8
2019030023,347,even-strength,58,-7,FALSE,FALSE,TRUE,TRUE,TRUE,FALSE,0.08089899926458619,8477404,5,8
2019030023,348,even-strength,72,-5,TRUE,TRUE,TRUE,TRUE,TRUE,FALSE,0.26631297827074474,8477404,5,8
2019030023,503,even-strength,32,-23,FALSE,FALSE,TRUE,TRUE,TRUE,FALSE,0.01139463609617117,8478507,5,8
2019030023,508,even-strength,71,23,FALSE,FALSE,TRUE,TRUE,TRUE,FALSE,0.02940965844811152,8477969,5,8
2019030023,509,even-strength,63,10,FALSE,FALSE,TRUE,FALSE,FALSE,FALSE,0,8477969,5,8
2019030023,510,even-strength,59,-12,FALSE,FALSE,TRUE,TRUE,FALSE,FALSE,0.05383156880723213,8471887,5,8
2019030023,512,even-strength,76,-4,FALSE,FALSE,TRUE,TRUE,TRUE,FALSE,0.08256253320022987,8475810,5,8
2019030023,514,even-strength,74,-5,FALSE,FALSE,TRUE,FALSE,FALSE,FALSE,0,8471215,5,8
2019030023,516,even-strength,56,-11,FALSE,FALSE,TRUE,FALSE,FALSE,FALSE,0,8471215,5,8
2019030023,539,even-strength,80,4,FALSE,FALSE,TRUE,TRUE,FALSE,FALSE,0.08559433880614271,8477404,5,8
2019030023,542,even-strength,69,-22,FALSE,FALSE,TRUE,FALSE,FALSE,FALSE,0,8466139,5,8
2019030023,543,even-strength,38,36,FALSE,FALSE,TRUE,TRUE,TRUE,FALSE,0.01048151825343978,8471677,5,8
2019030023,545,even-strength,54,-22,FALSE,FALSE,TRUE,FALSE,FALSE,FALSE,0,8479293,5,8
2019030023,705,even-strength,60,-15,FALSE,FALSE,TRUE,TRUE,TRUE,FALSE,0.04384811296997772,8477404,5,8
2019030023,707,even-strength,84,-8,FALSE,FALSE,TRUE,TRUE,TRUE,FALSE,0.06586324198001171,8471887,5,8
2019030023,710,even-strength,81,-11,FALSE,FALSE,TRUE,TRUE,TRUE,FALSE,0.07334568962846698,8471724,5,8
2019030023,711,even-strength,83,-8,FALSE,TRUE,TRUE,TRUE,TRUE,FALSE,0.12922374963219596,8471724,5,8
2019030023,721,even-strength,51,1,FALSE,FALSE,TRUE,TRUE,TRUE,FALSE,0.04030813152444872,8471215,5,8
2019030023,728,even-strength,75,-3,FALSE,FALSE,TRUE,FALSE,FALSE,FALSE,0,8471215,5,8
2019030023,729,even-strength,53,-18,FALSE,FALSE,TRUE,TRUE,FALSE,FALSE,0.02156888153352276,8475810,5,8
2019030023,730,even-strength,7,1,FALSE,FALSE,TRUE,TRUE,TRUE,FALSE,0.00710623705740148,8471887,5,8
2019030023,732,power-play,80,10,FALSE,FALSE,TRUE,FALSE,FALSE,FALSE,0,8477404,5,8
2019030023,734,power-play,55,-21,FALSE,FALSE,TRUE,TRUE,TRUE,FALSE,0.06212794808478786,8471675,5,8
2019030023,736,power-play,63,-5,FALSE,FALSE,TRUE,FALSE,FALSE,FALSE,0,8471215,5,8
2019030023,737,even-strength,42,-5,FALSE,FALSE,TRUE,TRUE,FALSE,FALSE,0.04400985633931904,8471724,5,8
2019030023,738,even-strength,69,8,FALSE,FALSE,TRUE,FALSE,FALSE,FALSE,0,8474602,5,8
2019030024,54,even-strength,56,-2,FALSE,FALSE,TRUE,FALSE,FALSE,FALSE,0,8471215,5,8
2019030024,55,even-strength,36,-31,TRUE,FALSE,TRUE,TRUE,TRUE,FALSE,0.01262341261509257,8474602,5,8
2019030024,57,even-strength,45,2,FALSE,FALSE,TRUE,FALSE,FALSE,FALSE,0,8474602,5,8
2019030024,59,even-strength,48,-21,FALSE,FALSE,TRUE,TRUE,TRUE,FALSE,0.02331691784112619,8471675,5,8
2019030024,62,even-strength,83,-14,FALSE,FALSE,TRUE,TRUE,TRUE,FALSE,0.04056663155883155,8477839,5,8
2019030024,63,even-strength,50,17,FALSE,FALSE,TRUE,TRUE,TRUE,FALSE,0.02572583066142359,8475208,5,8
2019030024,66,even-strength,85,6,FALSE,TRUE,TRUE,TRUE,FALSE,FALSE,0.16766247035709148,8477404,5,8
2019030024,67,even-strength,86,17,FALSE,FALSE,TRUE,TRUE,FALSE,FALSE,0.03296492946129382,8471675,5,8
2019030024,68,even-strength,77,12,FALSE,FALSE,TRUE,FALSE,FALSE,FALSE,0,8479293,5,8
2019030024,69,even-strength,78,-26,FALSE,FALSE,TRUE,TRUE,FALSE,FALSE,0.02582047090256745,8471887,5,8
2019030024,71,even-strength,79,-10,FALSE,FALSE,TRUE,FALSE,FALSE,FALSE,0,8477404,5,8
2019030024,72,even-strength,73,11,FALSE,FALSE,TRUE,TRUE,TRUE,FALSE,0.0582313025720419,8479944,5,8
2019030024,75,even-strength,44,31,FALSE,FALSE,TRUE,FALSE,FALSE,FALSE,0,8479944,5,8
2019030024,79,even-strength,69,17,FALSE,FALSE,TRUE,FALSE,FALSE,FALSE,0,8479293,5,8
2019030024,80,even-strength,56,21,FALSE,FALSE,TRUE,FALSE,FALSE,FALSE,0,8478507,5,8
2019030024,85,even-strength,26,-14,FALSE,FALSE,TRUE,TRUE,TRUE,FALSE,0.01383332150190313,8471724,5,8
2019030024,92,penalty-kill,45,-17,TRUE,FALSE,TRUE,TRUE,TRUE,FALSE,0.05871779846670746,8475810,5,8
2019030024,94,even-strength,46,-23,FALSE,FALSE,TRUE,FALSE,FALSE,FALSE,0,8477404,5,8
2019030024,96,even-strength,71,-25,FALSE,FALSE,TRUE,TRUE,TRUE,FALSE,0.03309183118609164,8471887,5,8
2019030024,98,even-strength,50,-31,FALSE,FALSE,TRUE,TRUE,FALSE,FALSE,0.01488739640011136,8471215,5,8
2019030024,354,even-strength,78,15,FALSE,FALSE,TRUE,FALSE,FALSE,FALSE,0,8471887,5,8
2019030024,360,even-strength,73,-15,FALSE,FALSE,TRUE,FALSE,FALSE,FALSE,0,8471887,5,8
2019030024,372,even-strength,55,-29,FALSE,FALSE,TRUE,TRUE,TRUE,FALSE,0.0171624891149961,8471215,5,8
2019030024,374,even-strength,56,14,FALSE,FALSE,TRUE,FALSE,FALSE,FALSE,0,8477404,5,8
2019030024,385,even-strength,83,-9,FALSE,FALSE,TRUE,TRUE,TRUE,FALSE,0.08211396039442292,8471675,5,8
2019030024,395,even-strength,36,18,FALSE,FALSE,TRUE,TRUE,TRUE,FALSE,0.0171833471906115,8475208,5,8
2019030024,396,even-strength,82,-6,FALSE,FALSE,TRUE,TRUE,TRUE,FALSE,0.07292833783022605,8477404,5,8
2019030024,397,even-strength,82,5,FALSE,FALSE,TRUE,FALSE,FALSE,FALSE,0,8475208,5,8
2019030024,502,even-strength,63,-7,FALSE,FALSE,TRUE,FALSE,FALSE,FALSE,0,8474602,5,8
2019030024,503,even-strength,83,20,FALSE,FALSE,TRUE,TRUE,TRUE,FALSE,0.04912025342576411,8477839,5,8
2019030024,515,even-strength,52,-34,FALSE,FALSE,TRUE,TRUE,TRUE,FALSE,0.0203073277284213,8475722,5,8
2019030024,516,even-strength,45,-36,FALSE,FALSE,TRUE,TRUE,FALSE,FALSE,0.00846480489592777,8471724,5,8
2019030024,517,even-strength,58,13,FALSE,FALSE,TRUE,TRUE,TRUE,FALSE,0.03683664961977691,8471215,5,8
2019030024,519,even-strength,77,-15,FALSE,FALSE,TRUE,TRUE,TRUE,FALSE,0.0503829622196723,8477404,5,8
2019030024,521,even-strength,59,0,FALSE,FALSE,TRUE,FALSE,FALSE,FALSE,0,8478507,5,8
2019030024,522,even-strength,43,1,FALSE,FALSE,TRUE,TRUE,FALSE,FALSE,0.06373191465639669,8477404,5,8
2019030024,525,power-play,40,19,FALSE,FALSE,TRUE,TRUE,TRUE,FALSE,0.04180144094776373,8471215,5,8
2019030024,527,power-play,62,12,FALSE,FALSE,TRUE,TRUE,FALSE,FALSE,0.09802786038295784,8471675,5,8
2019030024,529,even-strength,35,29,FALSE,FALSE,TRUE,TRUE,TRUE,FALSE,0.01421668957754189,8477955,5,8
2019030024,531,even-strength,72,26,FALSE,FALSE,TRUE,TRUE,TRUE,FALSE,0.0263692269271681,8471887,5,8
2019030024,532,even-strength,68,-2,FALSE,FALSE,TRUE,TRUE,FALSE,FALSE,0.0730583166571847,8475722,5,8
2019030024,533,even-strength,32,-29,FALSE,FALSE,TRUE,TRUE,FALSE,FALSE,0.02212847996073137,8478507,5,8
2019030024,539,even-strength,87,-9,FALSE,FALSE,TRUE,TRUE,TRUE,FALSE,0.02626602102473051,8479293,5,8
2019030024,546,even-strength,35,31,FALSE,FALSE,TRUE,TRUE,TRUE,FALSE,0.0139309636150307,8478507,5,8
2019030024,550,even-strength,66,-1,FALSE,FALSE,TRUE,FALSE,FALSE,FALSE,0,8471675,5,8
2019030024,753,even-strength,71,18,FALSE,FALSE,TRUE,TRUE,TRUE,FALSE,0.0657926525438852,8471215,5,8
2019030024,756,even-strength,76,-6,FALSE,FALSE,TRUE,FALSE,FALSE,FALSE,0,8471724,5,8
2019030111,57,even-strength,43,-33,FALSE,FALSE,TRUE,TRUE,FALSE,FALSE,0.01186368282312445,8479026,4,8
2019030111,58,even-strength,69,-20,FALSE,FALSE,TRUE,FALSE,FALSE,FALSE,0,8474683,4,8
2019030111,60,even-strength,56,5,FALSE,FALSE,TRUE,TRUE,TRUE,FALSE,0.0552815697688109,8476461,4,8
2019030111,61,even-strength,66,3,FALSE,TRUE,TRUE,FALSE,FALSE,FALSE,0,8476461,4,8
2019030111,64,even-strength,43,13,TRUE,FALSE,TRUE,TRUE,FALSE,FALSE,0.04547783044285024,8476872,4,8
2019030111,68,even-strength,72,6,FALSE,FALSE,TRUE,FALSE,FALSE,FALSE,0,8470775,4,8
2019030111,69,even-strength,61,-38,FALSE,FALSE,TRUE,TRUE,TRUE,FALSE,0.01403432025125692,8479026,4,8
2019030111,71,even-strength,35,-37,FALSE,FALSE,TRUE,TRUE,FALSE,FALSE,0.00681058768592463,8471702,4,8
2019030111,72,even-strength,52,14,FALSE,TRUE,TRUE,TRUE,TRUE,FALSE,0.09617242562127656,8478500,4,8
2019030111,75,even-strength,49,32,TRUE,FALSE,TRUE,TRUE,TRUE,FALSE,0.02906148588672767,8477948,4,8
2019030111,77,even-strength,-5,-4,FALSE,FALSE,TRUE,TRUE,TRUE,FALSE,0.00233371518859689,8470775,4,8
2019030111,79,even-strength,70,-11,FALSE,FALSE,TRUE,FALSE,FALSE,FALSE,0,8474027,4,8
2019030111,82,power-play,59,-5,FALSE,FALSE,TRUE,TRUE,FALSE,FALSE,0.0688426752137044,8476461,4,8
2019030111,83,power-play,71,5,FALSE,FALSE,TRUE,FALSE,FALSE,FALSE,0,8478439,4,8
2019030111,84,power-play,43,10,FALSE,FALSE,TRUE,TRUE,TRUE,TRUE,0.05463445581803917,8474161,4,8
2019030111,86,even-strength,55,-8,FALSE,FALSE,TRUE,TRUE,TRUE,FALSE,0.05263971228052011,8474037,4,8
2019030111,87,even-strength,65,-7,TRUE,FALSE,TRUE,FALSE,FALSE,FALSE,0,8474683,4,8
2019030111,88,even-strength,8,-19,FALSE,FALSE,TRUE,TRUE,TRUE,FALSE,0.00622578256015697,8473512,4,8
2019030111,94,even-strength,78,-6,TRUE,FALSE,TRUE,TRUE,FALSE,FALSE,0.08489852232893208,8470775,4,8
2019030111,95,even-strength,50,30,FALSE,FALSE,TRUE,TRUE,TRUE,FALSE,0.02006547505212498,8476906,4,8
2019030111,253,even-strength,44,33,TRUE,FALSE,TRUE,TRUE,TRUE,FALSE,0.01571796823473613,8474037,4,8
2019030111,254,even-strength,78,6,FALSE,FALSE,TRUE,TRUE,TRUE,FALSE,0.1204672645207488,8474683,4,8
2019030111,266,even-strength,67,8,FALSE,FALSE,TRUE,FALSE,FALSE,FALSE,0,8477948,4,8
2019030111,274,even-strength,84,-7,FALSE,FALSE,TRUE,TRUE,TRUE,FALSE,0.06617255131501974,8476872,4,8
2019030111,276,even-strength,60,10,FALSE,FALSE,TRUE,TRUE,FALSE,FALSE,0.04161434806279471,8473512,4,8
2019030111,277,even-strength,61,-8,FALSE,FALSE,TRUE,FALSE,FALSE,FALSE,0,8473512,4,8
2019030111,280,even-strength,55,14,FALSE,FALSE,TRUE,FALSE,FALSE,FALSE,0,8476872,4,8
2019030111,282,even-strength,35,36,TRUE,FALSE,TRUE,TRUE,TRUE,FALSE,0.01179187944673847,8477948,4,8
2019030111,297,even-strength,62,-1,FALSE,FALSE,TRUE,FALSE,FALSE,FALSE,0,8475763,4,8
2019030111,298,even-strength,66,0,FALSE,FALSE,TRUE,TRUE,TRUE,FALSE,0.09701451280478476,8476872,4,8
2019030111,551,even-strength,37,36,FALSE,FALSE,TRUE,TRUE,TRUE,FALSE,0.0092303479999493,8478500,4,8
2019030111,561,even-strength,77,5,FALSE,TRUE,TRUE,TRUE,TRUE,TRUE,0.2107669194855776,8480797,4,8
2019030111,562,even-strength,79,4,FALSE,FALSE,TRUE,TRUE,TRUE,FALSE,0.09952472823822076,8480797,4,8
2019030111,567,even-strength,44,19,FALSE,FALSE,TRUE,TRUE,TRUE,FALSE,0.02343282062267022,8470775,4,8
2019030111,570,even-strength,74,6,FALSE,FALSE,TRUE,FALSE,FALSE,FALSE,0,8476461,4,8
2019030111,583,even-strength,59,-13,FALSE,FALSE,TRUE,TRUE,TRUE,FALSE,0.04201080055570645,8475763,4,8
2019030111,585,even-strength,40,-28,FALSE,FALSE,TRUE,TRUE,TRUE,FALSE,0.01693427433588959,8476906,4,8
2019030111,588,even-strength,55,0,FALSE,FALSE,TRUE,FALSE,FALSE,FALSE,0,8477948,4,8
2019030111,591,even-strength,-83,8,FALSE,FALSE,TRUE,TRUE,TRUE,FALSE,1.0967811138195374e-4,8479026,4,8
2019030111,592,even-strength,38,-21,FALSE,FALSE,TRUE,TRUE,TRUE,FALSE,0.01541299599253346,8476461,4,8
2019030111,594,even-strength,47,-1,FALSE,FALSE,TRUE,TRUE,TRUE,FALSE,0.08683350806338572,8476461,4,8
2019030111,596,power-play,65,28,FALSE,FALSE,TRUE,TRUE,TRUE,FALSE,0.07544441650427122,8473512,4,8
2019030111,598,power-play,78,0,FALSE,FALSE,TRUE,TRUE,TRUE,FALSE,0.1716077196660371,8476461,4,8
2019030111,600,power-play,55,18,FALSE,FALSE,TRUE,TRUE,FALSE,FALSE,0.08570566154275659,8478500,4,8
2019030111,751,power-play,42,-5,FALSE,FALSE,TRUE,TRUE,FALSE,FALSE,0.05832598887521197,8478500,4,8
2019030111,752,power-play,59,-11,FALSE,FALSE,TRUE,FALSE,FALSE,FALSE,0,8475763,4,8
2019030111,755,even-strength,56,29,FALSE,FALSE,TRUE,TRUE,TRUE,FALSE,0.00882954991376831,8476872,4,8
2019030111,756,even-strength,81,6,FALSE,FALSE,TRUE,TRUE,TRUE,FALSE,0.06812688198629474,8470775,4,8
2019030111,759,even-strength,51,19,FALSE,FALSE,TRUE,FALSE,FALSE,FALSE,0,8477948,4,8
2019030111,760,even-strength,73,-15,FALSE,FALSE,TRUE,FALSE,FALSE,FALSE,0,8476461,4,8
2019030111,761,even-strength,43,-2,FALSE,FALSE,TRUE,TRUE,TRUE,FALSE,0.03078917023105832,8476872,4,8
2019030111,763,power-play,64,22,FALSE,FALSE,TRUE,TRUE,TRUE,FALSE,0.06721405935518546,8474037,4,8
2019030111,764,power-play,77,4,FALSE,TRUE,TRUE,FALSE,FALSE,FALSE,0,8471702,4,8
2019030111,766,even-strength,85,7,TRUE,FALSE,TRUE,TRUE,FALSE,FALSE,0.08419675114611322,8470775,4,8
2019030111,770,even-strength,29,18,FALSE,FALSE,TRUE,TRUE,FALSE,FALSE,0.00880309585235665,8473512,4,8
2019030111,776,even-strength,87,6,FALSE,FALSE,TRUE,TRUE,TRUE,FALSE,0.07871774164046842,8478439,4,8
2019030111,779,even-strength,83,-12,FALSE,FALSE,TRUE,TRUE,TRUE,FALSE,0.04608935477898422,8474037,4,8
2019030112,53,even-strength,54,21,FALSE,FALSE,TRUE,TRUE,FALSE,FALSE,0.02382022863709629,8476872,4,8
2019030112,66,penalty-kill,56,21,FALSE,FALSE,TRUE,TRUE,FALSE,FALSE,0.03921507343510095,8475763,4,8
2019030112,80,even-strength,32,-24,FALSE,FALSE,TRUE,TRUE,FALSE,FALSE,0.01629382996626023,8474027,4,8
2019030112,83,even-strength,45,10,FALSE,FALSE,TRUE,FALSE,FALSE,FALSE,0,8477948,4,8
2019030112,90,even-strength,60,-7,FALSE,FALSE,TRUE,TRUE,FALSE,FALSE,0.05701497329087382,8475763,4,8
2019030112,95,power-play,47,16,FALSE,FALSE,TRUE,TRUE,TRUE,FALSE,0.04370387816282571,8473512,4,8
2019030112,96,power-play,68,-24,FALSE,FALSE,TRUE,TRUE,FALSE,FALSE,0.05550116106184676,8478439,4,8
2019030112,97,power-play,79,5,FALSE,FALSE,TRUE,TRUE,FALSE,FALSE,0.10620025809819904,8474161,4,8
2019030112,98,power-play,86,5,FALSE,TRUE,TRUE,TRUE,TRUE,FALSE,0.1958577406952959,8474161,4,8
2019030112,99,even-strength,67,-5,FALSE,TRUE,TRUE,TRUE,FALSE,FALSE,0.1805314441901797,8478500,4,8
2019030112,301,even-strength,64,7,FALSE,FALSE,TRUE,TRUE,TRUE,FALSE,0.07931784724198035,8474037,4,8
2019030112,302,power-play,64,3,FALSE,FALSE,TRUE,TRUE,TRUE,FALSE,0.08552168772549394,8476461,4,8
2019030112,303,even-strength,39,22,FALSE,FALSE,TRUE,TRUE,TRUE,FALSE,0.01255659754366357,8478500,4,8
2019030112,308,even-strength,67,-26,FALSE,FALSE,TRUE,TRUE,TRUE,FALSE,0.02915035742281725,8478439,4,8
2019030112,309,even-strength,55,20,FALSE,TRUE,TRUE,TRUE,FALSE,FALSE,0.06530974218296358,8476872,4,8
2019030112,311,even-strength,64,11,FALSE,FALSE,TRUE,FALSE,FALSE,FALSE,0,8480797,4,8
2019030112,324,even-strength,52,23,FALSE,FALSE,TRUE,TRUE,TRUE,FALSE,0.02502678884601348,8478439,4,8
2019030112,329,power-play,61,-14,FALSE,FALSE,TRUE,TRUE,TRUE,FALSE,0.0780054964922414,8478439,4,8
2019030112,330,power-play,36,6,FALSE,FALSE,TRUE,TRUE,TRUE,FALSE,0.03740739438669462,8478500,4,8
2019030112,333,power-play,37,1,FALSE,FALSE,TRUE,TRUE,TRUE,FALSE,0.06676895448257864,8478500,4,8
2019030112,335,power-play,68,-22,FALSE,FALSE,TRUE,TRUE,TRUE,FALSE,0.11833747057621297,8474161,4,8
2019030112,336,power-play,36,-9,FALSE,FALSE,TRUE,TRUE,FALSE,FALSE,0.05907283808529048,8478500,4,8
2019030112,337,power-play,39,-5,FALSE,FALSE,TRUE,TRUE,TRUE,FALSE,0.06567179249215736,8478500,4,8
2019030112,338,power-play,56,13,FALSE,FALSE,TRUE,FALSE,FALSE,FALSE,0,8473512,4,8
2019030112,339,power-play,38,-4,FALSE,FALSE,TRUE,TRUE,TRUE,FALSE,0.09190788508937618,8478500,4,8
2019030112,344,even-strength,58,12,FALSE,FALSE,TRUE,TRUE,TRUE,FALSE,0.03675317294251054,8474683,4,8
2019030112,346,even-strength,38,23,FALSE,FALSE,TRUE,TRUE,TRUE,FALSE,0.0147164001054771,8477948,4,8
2019030112,350,even-strength,51,-17,FALSE,FALSE,TRUE,FALSE,FALSE,FALSE,0,8473512,4,8
2019030112,554,even-strength,44,8,FALSE,FALSE,TRUE,TRUE,FALSE,FALSE,0.04008533374438095,8474161,4,8
2019030112,557,even-strength,39,0,FALSE,FALSE,TRUE,TRUE,TRUE,FALSE,0.04387595449746746,8476906,4,8
2019030112,558,even-strength,80,5,FALSE,FALSE,TRUE,TRUE,FALSE,FALSE,0.0627232090994954,8476872,4,8
2019030112,559,even-strength,73,-8,FALSE,FALSE,TRUE,TRUE,FALSE,FALSE,0.05482080102615888,8475763,4,8
2019030112,560,even-strength,87,-8,TRUE,FALSE,TRUE,TRUE,TRUE,FALSE,0.07269427746898524,8475763,4,8
2019030112,561,even-strength,77,0,FALSE,TRUE,TRUE,TRUE,FALSE,FALSE,0.1942385670740347,8476872,4,8
2019030112,565,even-strength,67,12,FALSE,FALSE,TRUE,TRUE,TRUE,FALSE,0.04849166807810211,8474037,4,8
2019030112,566,even-strength,53,-22,FALSE,TRUE,TRUE,TRUE,TRUE,FALSE,0.0590693758545148,8476906,4,8
2019030112,570,even-strength,42,-6,FALSE,FALSE,TRUE,TRUE,FALSE,FALSE,0.02100752177739313,8478500,4,8
2019030112,577,even-strength,33,-10,FALSE,FALSE,TRUE,TRUE,FALSE,FALSE,0.0104356379592683,8476872,4,8
2019030112,580,power-play,60,22,FALSE,FALSE,TRUE,TRUE,TRUE,FALSE,0.0503537366362363,8473512,4,8
2019030112,581,power-play,60,0,FALSE,FALSE,TRUE,FALSE,FALSE,FALSE,0,8478500,4,8
2019030112,582,power-play,44,24,FALSE,FALSE,TRUE,TRUE,FALSE,FALSE,0.03302923726789691,8473512,4,8
2019030112,584,power-play,82,21,FALSE,FALSE,TRUE,TRUE,TRUE,FALSE,0.09089457488383644,8477979,4,8
2019030112,585,even-strength,74,2,FALSE,TRUE,TRUE,FALSE,FALSE,FALSE,0,8474027,4,8
2019030112,588,even-strength,57,-4,FALSE,FALSE,TRUE,FALSE,FALSE,FALSE,0,8479026,4,8
2019030112,589,even-strength,50,6,FALSE,FALSE,TRUE,TRUE,FALSE,FALSE,0.02197578480354023,8476906,4,8
2019030112,590,even-strength,73,-16,FALSE,FALSE,TRUE,TRUE,TRUE,FALSE,0.03166908736774568,8474683,4,8
2019030112,591,even-strength,76,2,FALSE,FALSE,TRUE,FALSE,FALSE,FALSE,0,8474037,4,8
2019030112,595,even-strength,52,-22,FALSE,FALSE,TRUE,TRUE,FALSE,FALSE,0.0189477432415487,8478439,4,8
2019030112,596,even-strength,65,20,FALSE,FALSE,TRUE,TRUE,TRUE,FALSE,0.02600798824259911,8476906,4,8
2019030112,600,penalty-kill,86,-3,FALSE,FALSE,TRUE,FALSE,FALSE,FALSE,0,8477948,4,8
2019030112,653,even-strength,35,-7,FALSE,FALSE,TRUE,TRUE,TRUE,FALSE,0.01477314211896693,8479026,4,8
2019030112,658,even-strength,36,-4,FALSE,FALSE,TRUE,TRUE,FALSE,FALSE,0.02447086442189877,8474037,4,8
2019030112,666,even-strength,42,-23,FALSE,FALSE,TRUE,TRUE,TRUE,FALSE,0.01965752205804023,8477979,4,8
2019030112,667,even-strength,42,-24,FALSE,FALSE,TRUE,TRUE,FALSE,FALSE,0.01266581065734613,8474027,4,8
2019030112,668,even-strength,43,22,FALSE,FALSE,TRUE,TRUE,TRUE,FALSE,0.01856521312773384,8477948,4,8
2019030112,670,even-strength,81,17,FALSE,FALSE,TRUE,TRUE,FALSE,FALSE,0.02528642598716771,8478500,4,8
2019030112,671,even-strength,39,-23,FALSE,FALSE,TRUE,TRUE,TRUE,FALSE,0.01314857047991246,8479026,4,8
2019030112,673,even-strength,41,4,FALSE,FALSE,TRUE,FALSE,FALSE,FALSE,0,8474037,4,8
2019030112,674,even-strength,69,23,FALSE,FALSE,TRUE,TRUE,TRUE,FALSE,0.02439749540150486,8474037,4,8
2019030112,676,even-strength,52,0,FALSE,FALSE,TRUE,FALSE,FALSE,FALSE,0,8474161,4,8
2019030112,678,even-strength,67,26,FALSE,FALSE,TRUE,TRUE,FALSE,FALSE,0.07766521494380922,8474161,4,8
2019030112,679,even-strength,80,11,FALSE,FALSE,TRUE,TRUE,FALSE,FALSE,0.08746674785734529,8474161,4,8
2019030112,681,power-play,65,-17,FALSE,TRUE,TRUE,TRUE,TRUE,FALSE,0.17245701880729145,8476906,4,8
2019030112,682,power-play,42,-4,FALSE,FALSE,TRUE,TRUE,FALSE,FALSE,0.04552586186620039,8478500,4,8
2019030112,684,power-play,35,25,TRUE,FALSE,TRUE,TRUE,TRUE,FALSE,0.04015800282801381,8477979,4,8
2019030113,55,even-strength,80,15,FALSE,FALSE,TRUE,TRUE,TRUE,FALSE,0.05547558902878105,8475763,4,8
2019030113,62,even-strength,63,-28,FALSE,FALSE,TRUE,TRUE,TRUE,FALSE,0.03018555839032857,8478439,4,8
2019030113,63,even-strength,75,-5,FALSE,TRUE,TRUE,TRUE,FALSE,FALSE,0.17119836006177178,8478439,4,8
2019030113,64,even-strength,44,28,FALSE,FALSE,TRUE,TRUE,FALSE,FALSE,0.01299409667100173,8478500,4,8
2019030113,65,even-strength,49,40,FALSE,FALSE,TRUE,TRUE,TRUE,FALSE,0.00995588076518073,8477948,4,8
2019030113,67,even-strength,82,4,FALSE,FALSE,TRUE,TRUE,TRUE,TRUE,0.08151588523847894,8474161,4,8
2019030113,75,even-strength,53,23,FALSE,FALSE,TRUE,TRUE,FALSE,FALSE,0.01991432154481984,8474161,4,8
2019030113,81,power-play,46,-23,FALSE,FALSE,TRUE,TRUE,FALSE,FALSE,0.03255058101709206,8478439,4,8
2019030113,84,power-play,77,-2,FALSE,FALSE,TRUE,TRUE,TRUE,FALSE,0.13951667246069693,8474161,4,8
2019030113,85,power-play,63,-1,FALSE,FALSE,TRUE,FALSE,FALSE,FALSE,0,8478439,4,8
2019030113,87,power-play,71,-2,FALSE,FALSE,TRUE,TRUE,FALSE,FALSE,0.11316060485632204,8477979,4,8
2019030113,88,power-play,41,29,FALSE,FALSE,TRUE,TRUE,TRUE,FALSE,0.03208628056642729,8477948,4,8
2019030113,89,even-strength,79,38,FALSE,TRUE,TRUE,TRUE,TRUE,FALSE,0.04718069271221492,8475763,4,8
2019030113,90,even-strength,40,-37,TRUE,FALSE,TRUE,TRUE,FALSE,FALSE,0.02363649947700762,8471702,4,8
2019030113,302,even-strength,74,-2,FALSE,FALSE,TRUE,FALSE,FALSE,FALSE,0,8476872,4,8
2019030113,304,power-play,34,9,FALSE,FALSE,TRUE,TRUE,TRUE,FALSE,0.02959376944934851,8478500,4,8
2019030113,305,power-play,55,32,FALSE,FALSE,TRUE,TRUE,FALSE,FALSE,0.04660898603821221,8473512,4,8
2019030113,306,power-play,79,3,FALSE,FALSE,TRUE,FALSE,FALSE,FALSE,0,8478439,4,8
2019030113,307,power-play,71,19,FALSE,FALSE,TRUE,FALSE,FALSE,FALSE,0,8476461,4,8
2019030113,314,even-strength,51,-15,FALSE,FALSE,TRUE,TRUE,FALSE,FALSE,0.03037680885223187,8479026,4,8
2019030113,315,even-strength,60,17,FALSE,FALSE,TRUE,TRUE,TRUE,FALSE,0.03913211500458201,8479026,4,8
2019030113,328,even-strength,78,5,FALSE,FALSE,TRUE,TRUE,TRUE,FALSE,0.07245087676542146,8475763,4,8
2019030113,329,even-strength,70,15,FALSE,FALSE,TRUE,FALSE,FALSE,FALSE,0,8475763,4,8
2019030113,330,even-strength,36,-33,FALSE,FALSE,TRUE,TRUE,TRUE,FALSE,0.00759790340508422,8471702,4,8
2019030113,338,even-strength,82,-5,FALSE,FALSE,TRUE,TRUE,FALSE,FALSE,0.08168817788724944,8476461,4,8
2019030113,340,even-strength,31,26,FALSE,FALSE,TRUE,TRUE,FALSE,FALSE,0.01155150711403442,8477462,4,8
2019030113,343,penalty-kill,78,-15,FALSE,FALSE,TRUE,FALSE,FALSE,FALSE,0,8474683,4,8
2019030113,453,power-play,74,-5,FALSE,FALSE,TRUE,FALSE,FALSE,FALSE,0,8473512,4,8
2019030113,459,even-strength,72,-28,TRUE,FALSE,TRUE,TRUE,TRUE,FALSE,0.06698678838679292,8478439,4,8
2019030113,460,even-strength,80,36,FALSE,FALSE,TRUE,TRUE,TRUE,FALSE,0.01992927256516729,8477462,4,8
2019030113,466,even-strength,78,-1,FALSE,FALSE,TRUE,FALSE,FALSE,FALSE,0,8477290,4,8
2019030113,467,even-strength,57,-41,FALSE,FALSE,TRUE,TRUE,TRUE,FALSE,0.02421594326463283,8479026,4,8
2019030113,472,even-strength,37,39,FALSE,FALSE,TRUE,TRUE,FALSE,FALSE,0.00818353385444977,8477948,4,8
2019030113,487,even-strength,77,19,FALSE,FALSE,TRUE,TRUE,TRUE,FALSE,0.03667000637845424,8479026,4,8
2019030113,492,even-strength,76,14,FALSE,FALSE,TRUE,TRUE,FALSE,FALSE,0.0368282110492473,8478500,4,8
2019030113,496,even-strength,64,4,FALSE,FALSE,TRUE,TRUE,FALSE,FALSE,0.07280510431815866,8476461,4,8
2019030113,500,power-play,79,3,TRUE,FALSE,TRUE,TRUE,FALSE,FALSE,0.20644697195103048,8476461,4,8
2019030113,652,even-strength,45,20,FALSE,FALSE,TRUE,FALSE,FALSE,FALSE,0,8474683,4,8
2019030113,653,even-strength,78,-2,FALSE,FALSE,TRUE,TRUE,TRUE,FALSE,0.11949254864413962,8477290,4,8
2019030113,655,even-strength,62,-4,FALSE,FALSE,TRUE,FALSE,FALSE,FALSE,0,8475752,4,8
2019030113,656,even-strength,64,33,FALSE,FALSE,TRUE,TRUE,FALSE,FALSE,0.01549215837064981,8475752,4,8
2019030113,657,even-strength,52,-17,FALSE,TRUE,TRUE,TRUE,TRUE,FALSE,0.0732408101280635,8474027,4,8
2019030113,659,even-strength,60,26,TRUE,FALSE,TRUE,TRUE,TRUE,FALSE,0.04529204100755367,8470775,4,8
2019030113,663,even-strength,57,5,FALSE,FALSE,TRUE,TRUE,TRUE,FALSE,0.07534457186844384,8474161,4,8
2019030113,668,even-strength,57,19,FALSE,FALSE,TRUE,TRUE,FALSE,FALSE,0.02605024485020736,8478439,4,8
2019030113,669,even-strength,65,22,FALSE,FALSE,TRUE,TRUE,TRUE,FALSE,0.02836090334885144,8474161,4,8
2019030114,56,even-strength,69,15,FALSE,FALSE,TRUE,FALSE,FALSE,FALSE,0,8474161,4,8
2019030114,58,even-strength,37,36,FALSE,FALSE,TRUE,TRUE,TRUE,FALSE,0.00905259713614805,8477462,4,8
2019030114,60,even-strength,62,14,FALSE,FALSE,TRUE,FALSE,FALSE,FALSE,0,8477462,4,8
2019030114,61,even-strength,78,9,FALSE,FALSE,TRUE,FALSE,FALSE,FALSE,0,8475752,4,8
2019030114,63,even-strength,62,-38,FALSE,FALSE,TRUE,TRUE,TRUE,FALSE,0.01345530237058374,8474027,4,8
2019030114,64,even-strength,56,-19,FALSE,FALSE,TRUE,TRUE,TRUE,FALSE,0.03050403766330235,8475752,4,8
2019030114,65,even-strength,30,8,FALSE,FALSE,TRUE,TRUE,FALSE,FALSE,0.013506076788207,8479026,4,8
2019030114,66,even-strength,32,-24,FALSE,FALSE,TRUE,TRUE,FALSE,FALSE,0.01152633285054516,8479026,4,8
2019030114,69,even-strength,64,-20,FALSE,FALSE,TRUE,TRUE,TRUE,FALSE,0.04261897674124143,8475763,4,8
2019030114,71,even-strength,64,-9,FALSE,FALSE,TRUE,FALSE,FALSE,FALSE,0,8471702,4,8
2019030114,72,even-strength,55,-14,FALSE,FALSE,TRUE,TRUE,TRUE,TRUE,0.025766507047994842,8477290,4,8
2019030114,73,even-strength,92,-11,FALSE,FALSE,TRUE,TRUE,FALSE,FALSE,0.03286720282073267,8474683,4,8
2019030114,76,power-play,39,13,FALSE,FALSE,TRUE,TRUE,FALSE,FALSE,0.04389634679740237,8478500,4,8
2019030114,78,power-play,78,4,FALSE,FALSE,TRUE,TRUE,FALSE,FALSE,0.13147170383103365,8476461,4,8
2019030114,80,even-strength,35,28,FALSE,FALSE,TRUE,TRUE,FALSE,FALSE,0.01456054929313135,8476872,4,8
2019030114,82,even-strength,55,-26,FALSE,FALSE,TRUE,TRUE,TRUE,FALSE,0.01952887282673339,8473512,4,8
2019030114,84,even-strength,33,-24,FALSE,FALSE,TRUE,TRUE,TRUE,FALSE,0.01326605973373388,8471702,4,8
2019030114,91,even-strength,66,-26,FALSE,FALSE,TRUE,TRUE,TRUE,FALSE,0.03304402628418865,8480797,4,8
2019030114,92,even-strength,20,7,FALSE,FALSE,TRUE,TRUE,TRUE,FALSE,0.00506625861591986,8477462,4,8
2019030114,94,even-strength,60,11,FALSE,FALSE,TRUE,FALSE,FALSE,FALSE,0,8475763,4,8
2019030114,96,even-strength,33,18,FALSE,FALSE,TRUE,TRUE,TRUE,FALSE,0.0114795238273959,8474161,4,8
2019030114,258,even-strength,72,7,FALSE,FALSE,TRUE,FALSE,FALSE,FALSE,0,8477462,4,8
2019030114,261,even-strength,85,-24,FALSE,FALSE,TRUE,TRUE,FALSE,FALSE,0.05036434768878013,8474161,4,8
2019030114,262,even-strength,57,-38,FALSE,FALSE,TRUE,TRUE,TRUE,FALSE,0.0165009752385028,8474161,4,8
2019030114,263,even-strength,72,-8,TRUE,FALSE,TRUE,FALSE,FALSE,FALSE,0,8471702,4,8
2019030114,264,even-strength,86,29,TRUE,TRUE,TRUE,TRUE,FALSE,FALSE,0.08105807652367883,8478500,4,8
2019030114,265,even-strength,67,-24,FALSE,FALSE,TRUE,TRUE,FALSE,FALSE,0.03221883820833647,8473512,4,8
2019030114,280,even-strength,45,-34,TRUE,FALSE,TRUE,TRUE,FALSE,FALSE,0.02091056005921116,8470775,4,8
2019030114,285,even-strength,77,10,FALSE,FALSE,TRUE,TRUE,TRUE,FALSE,0.0675032637161511,8480797,4,8
2019030114,290,even-strength,68,-14,FALSE,FALSE,TRUE,FALSE,FALSE,FALSE,0,8477948,4,8
2019030114,293,even-strength,65,23,FALSE,FALSE,TRUE,TRUE,FALSE,FALSE,0.03250614982472789,8479382,4,8
2019030114,296,even-strength,61,-36,FALSE,FALSE,TRUE,TRUE,TRUE,TRUE,0.01438912332490334,8479026,4,8
2019030114,298,even-strength,59,-35,FALSE,FALSE,TRUE,TRUE,TRUE,FALSE,0.02239343556025016,8474683,4,8
2019030114,554,even-strength,53,29,TRUE,FALSE,TRUE,TRUE,TRUE,FALSE,0.03700114262672936,8475752,4,8
2019030114,565,even-strength,68,-10,FALSE,FALSE,TRUE,FALSE,FALSE,FALSE,0,8478439,4,8
2019030114,576,even-strength,35,-22,FALSE,FALSE,TRUE,TRUE,TRUE,FALSE,0.02546740761558274,8474027,4,8
2019030114,580,even-strength,53,-6,FALSE,FALSE,TRUE,TRUE,TRUE,FALSE,0.04303380883643666,8474683,4,8
2019030114,585,even-strength,31,-15,FALSE,FALSE,TRUE,TRUE,TRUE,FALSE,0.01405565316308016,8479026,4,8
2019030114,586,even-strength,80,-4,FALSE,FALSE,TRUE,FALSE,FALSE,FALSE,0,8471702,4,8
2019030114,590,even-strength,79,2,FALSE,FALSE,TRUE,FALSE,FALSE,FALSE,0,8478439,4,8
2019030114,591,even-strength,40,-23,FALSE,FALSE,TRUE,TRUE,FALSE,FALSE,0.01647349873111749,8478439,4,8
2019030114,595,even-strength,76,1,FALSE,FALSE,TRUE,FALSE,FALSE,FALSE,0,8477948,4,8
2019030114,597,even-strength,62,39,TRUE,FALSE,TRUE,TRUE,FALSE,FALSE,0.03040887276390856,8474161,4,8
2019030114,598,even-strength,77,9,FALSE,FALSE,TRUE,TRUE,FALSE,FALSE,0.05148372733640145,8474161,4,8
2019030114,600,power-play,61,28,FALSE,FALSE,TRUE,TRUE,TRUE,FALSE,0.05791341692411387,8473512,4,8
2019030114,752,power-play,84,-27,FALSE,FALSE,TRUE,TRUE,TRUE,FALSE,0.07011630666005497,8474161,4,8
2019030114,753,power-play,63,27,FALSE,FALSE,TRUE,TRUE,FALSE,FALSE,0.07708330485894264,8473512,4,8
2019030114,755,power-play,33,-27,FALSE,FALSE,TRUE,TRUE,TRUE,FALSE,0.02282816008351367,8471702,4,8
2019030114,765,even-strength,69,-21,FALSE,FALSE,TRUE,TRUE,FALSE,FALSE,0.04288347169597116,8473512,4,8
2019030114,767,power-play,65,4,FALSE,FALSE,TRUE,FALSE,FALSE,FALSE,0,8478500,4,8
2019030114,768,power-play,76,5,FALSE,FALSE,TRUE,TRUE,TRUE,FALSE,0.12018671602405669,8476461,4,8
2019030114,769,power-play,78,-5,FALSE,FALSE,TRUE,TRUE,FALSE,FALSE,0.11140013620408049,8474683,4,8
2019030115,56,even-strength,19,-2,FALSE,FALSE,TRUE,TRUE,TRUE,FALSE,0.00828097562704902,8475763,4,8
2019030115,59,power-play,67,20,FALSE,FALSE,TRUE,TRUE,TRUE,FALSE,0.0623484883434982,8473512,4,8
2019030115,60,power-play,66,1,FALSE,FALSE,TRUE,TRUE,FALSE,FALSE,0.1016022595462762,8480797,4,8
2019030115,61,power-play,75,-10,FALSE,FALSE,TRUE,FALSE,FALSE,FALSE,0,8474161,4,8
2019030115,63,power-play,52,23,FALSE,FALSE,TRUE,TRUE,FALSE,FALSE,0.0520775740996524,8473512,4,8
2019030115,64,even-strength,34,-26,TRUE,FALSE,TRUE,TRUE,TRUE,FALSE,0.02724886405706532,8479026,4,8
2019030115,67,even-strength,57,-15,FALSE,FALSE,TRUE,TRUE,TRUE,FALSE,0.04299592348896922,8479382,4,8
2019030115,73,even-strength,68,0,FALSE,FALSE,TRUE,TRUE,TRUE,FALSE,0.08500375774471632,8477290,4,8
2019030115,79,even-strength,37,18,FALSE,FALSE,TRUE,TRUE,TRUE,FALSE,0.02376693912556209,8475763,4,8
2019030115,80,even-strength,69,-18,FALSE,FALSE,TRUE,TRUE,FALSE,FALSE,0.03763980383133644,8478439,4,8
2019030115,83,power-play,79,2,FALSE,FALSE,TRUE,TRUE,TRUE,FALSE,0.1497448866408332,8480797,4,8
2019030115,84,power-play,74,2,FALSE,FALSE,TRUE,FALSE,FALSE,FALSE,0,8478500,4,8
2019030115,85,power-play,70,0,FALSE,TRUE,TRUE,TRUE,TRUE,FALSE,0.2224685158226332,8474161,4,8
2019030115,87,power-play,62,6,FALSE,FALSE,TRUE,FALSE,FALSE,FALSE,0,8473512,4,8
2019030115,90,even-strength,54,9,FALSE,FALSE,TRUE,TRUE,TRUE,FALSE,0.13213958653715863,8475763,4,8
2019030115,94,penalty-kill,-92,-20,FALSE,FALSE,TRUE,TRUE,TRUE,FALSE,2.566143445638092e-4,8471702,4,8
2019030115,97,penalty-kill,71,-1,FALSE,FALSE,TRUE,TRUE,TRUE,FALSE,0.29359313887808164,8475763,4,8
2019030115,98,penalty-kill,72,4,FALSE,TRUE,TRUE,FALSE,FALSE,FALSE,0,8476872,4,8
2019030115,301,even-strength,67,-16,FALSE,FALSE,TRUE,FALSE,FALSE,FALSE,0,8474161,4,8
2019030115,302,even-strength,63,5,FALSE,FALSE,TRUE,TRUE,TRUE,FALSE,0.0429531335557967,8477290,4,8
2019030115,305,even-strength,58,13,FALSE,FALSE,TRUE,FALSE,FALSE,FALSE,0,8477948,4,8
2019030115,306,even-strength,76,7,FALSE,FALSE,TRUE,FALSE,FALSE,FALSE,0,8476872,4,8
2019030115,319,even-strength,76,1,FALSE,FALSE,TRUE,FALSE,FALSE,FALSE,0,8477948,4,8
2019030115,321,power-play,86,-6,FALSE,FALSE,TRUE,TRUE,FALSE,FALSE,0.08681430224544985,8476461,4,8
2019030115,322,power-play,60,21,FALSE,FALSE,TRUE,TRUE,TRUE,FALSE,0.06580535911907832,8473512,4,8
2019030115,323,power-play,59,-22,FALSE,FALSE,TRUE,TRUE,TRUE,TRUE,0.05957119466558855,8474161,4,8
2019030115,324,power-play,46,16,FALSE,FALSE,TRUE,FALSE,FALSE,FALSE,0,8477948,4,8
2019030115,325,power-play,63,5,FALSE,FALSE,TRUE,FALSE,FALSE,FALSE,0,8475763,4,8
2019030115,326,power-play,64,-4,FALSE,FALSE,TRUE,FALSE,FALSE,FALSE,0,8471702,4,8
2019030115,327,power-play,75,8,FALSE,TRUE,TRUE,TRUE,TRUE,FALSE,0.24753978708106655,8478439,4,8
2019030115,329,power-play,80,-4,TRUE,FALSE,TRUE,FALSE,FALSE,FALSE,0,8474161,4,8
2019030115,330,power-play,78,3,TRUE,TRUE,TRUE,FALSE,FALSE,FALSE,0,8480797,4,8
2019030115,333,power-play,42,-4,FALSE,FALSE,TRUE,TRUE,FALSE,FALSE,0.0468061012932541,8477948,4,8
2019030115,335,power-play,68,10,FALSE,FALSE,TRUE,TRUE,FALSE,FALSE,0.13818864027151945,8476461,4,8
2019030115,336,power-play,71,-4,FALSE,FALSE,TRUE,TRUE,FALSE,FALSE,0.10716423860118462,8480797,4,8
2019030115,337,power-play,79,-19,FALSE,FALSE,TRUE,TRUE,TRUE,TRUE,0.07271632807430434,8474161,4,8
2019030115,342,even-strength,79,-3,FALSE,FALSE,TRUE,FALSE,FALSE,FALSE,0,8479026,4,8
2019030115,455,even-strength,79,37,FALSE,FALSE,TRUE,TRUE,TRUE,FALSE,0.01704555016870117,8475763,4,8
2019030115,457,even-strength,66,-27,FALSE,FALSE,TRUE,TRUE,TRUE,FALSE,0.02937657947564907,8476461,4,8
2019030115,458,even-strength,35,3,FALSE,FALSE,TRUE,TRUE,FALSE,FALSE,0.01829663484487601,8477948,4,8
2019030115,459,even-strength,76,5,FALSE,TRUE,TRUE,TRUE,TRUE,FALSE,0.3194708614396823,8476461,4,8
2019030115,464,even-strength,65,-23,FALSE,FALSE,TRUE,FALSE,FALSE,FALSE,0,8470775,4,8
2019030115,472,even-strength,72,-21,FALSE,FALSE,TRUE,TRUE,FALSE,FALSE,0.04027289583456882,8478439,4,8
2019030115,479,even-strength,-9,32,FALSE,FALSE,TRUE,TRUE,TRUE,FALSE,0.00127184284753249,8478439,4,8
2019030115,480,even-strength,43,-26,FALSE,FALSE,TRUE,TRUE,TRUE,FALSE,0.02531780068155444,8474027,4,8
2019030115,492,even-strength,77,8,FALSE,FALSE,TRUE,TRUE,TRUE,FALSE,0.06128140034058305,8477290,4,8
2019030115,494,even-strength,74,-8,FALSE,FALSE,TRUE,FALSE,FALSE,FALSE,0,8474027,4,8
2019030115,495,even-strength,69,21,FALSE,FALSE,TRUE,TRUE,FALSE,FALSE,0.02898214081637708,8478439,4,8
2019030115,498,even-strength,77,4,FALSE,FALSE,TRUE,TRUE,FALSE,FALSE,0.10175809472344584,8478439,4,8
2019030115,499,even-strength,55,19,TRUE,FALSE,TRUE,TRUE,FALSE,FALSE,0.04074542976167756,8480797,4,8
2019030115,601,even-strength,74,7,FALSE,FALSE,TRUE,FALSE,FALSE,FALSE,0,8478500,4,8
2019030115,602,even-strength,74,-10,FALSE,FALSE,TRUE,FALSE,FALSE,FALSE,0,8471702,4,8
2019030115,603,even-strength,68,1,FALSE,FALSE,TRUE,FALSE,FALSE,FALSE,0,8474161,4,8
2019030115,604,even-strength,72,-2,FALSE,TRUE,TRUE,FALSE,FALSE,FALSE,0,8477462,4,8
2019030115,606,power-play,69,21,FALSE,FALSE,TRUE,TRUE,FALSE,FALSE,0.06993657355131232,8473512,4,8
2019030115,607,power-play,54,15,FALSE,FALSE,TRUE,TRUE,TRUE,FALSE,0.05441863446234812,8473512,4,8
2019030115,608,power-play,63,15,FALSE,FALSE,TRUE,TRUE,TRUE,FALSE,0.06497050312630569,8473512,4,8
2019030115,614,even-strength,75,4,FALSE,FALSE,TRUE,TRUE,TRUE,FALSE,0.11491330612253536,8475763,4,8
2019030115,616,power-play,71,2,FALSE,FALSE,TRUE,TRUE,TRUE,TRUE,0.11437469696606664,8480797,4,8
2019030115,618,even-strength,56,-18,FALSE,FALSE,TRUE,FALSE,FALSE,FALSE,0,8479026,4,8
2019030115,619,even-strength,19,-4,FALSE,FALSE,TRUE,TRUE,TRUE,FALSE,0.00617551053121405,8475763,4,8
2019030115,621,even-strength,77,23,FALSE,FALSE,TRUE,TRUE,FALSE,FALSE,0.04430796719374641,8477290,4,8
2019030115,622,even-strength,45,17,FALSE,FALSE,TRUE,FALSE,FALSE,FALSE,0,8477948,4,8
2019030115,623,even-strength,85,7,FALSE,FALSE,TRUE,TRUE,TRUE,FALSE,0.03280929377582891,8477290,4,8
2019030115,630,penalty-kill,-57,-34,FALSE,FALSE,TRUE,TRUE,TRUE,FALSE,3.0325930593825504e-4,8475752,4,8
2019030115,631,even-strength,53,24,FALSE,FALSE,TRUE,TRUE,FALSE,FALSE,0.01823188861011917,8478439,4,8
2019030115,632,even-strength,68,-10,FALSE,FALSE,TRUE,FALSE,FALSE,FALSE,0,8476461,4,8
2019030116,54,even-strength,36,28,FALSE,FALSE,TRUE,TRUE,TRUE,TRUE,0.00837702666539165,8478500,4,8
2019030116,56,even-strength,65,-10,FALSE,FALSE,TRUE,FALSE,FALSE,FALSE,0,8479026,4,8
2019030116,62,even-strength,68,-11,FALSE,FALSE,TRUE,TRUE,TRUE,FALSE,0.06711137052787708,8476872,4,8
2019030116,65,power-play,68,15,FALSE,FALSE,TRUE,FALSE,FALSE,FALSE,0,8473512,4,8
2019030116,66,power-play,80,1,FALSE,FALSE,TRUE,FALSE,FALSE,FALSE,0,8478500,4,8
2019030116,67,even-strength,54,26,TRUE,FALSE,TRUE,TRUE,FALSE,FALSE,0.02389211855370225,8475763,4,8
2019030116,68,even-strength,83,18,FALSE,FALSE,TRUE,TRUE,TRUE,TRUE,0.03254845734112256,8475763,4,8
2019030116,82,even-strength,61,40,TRUE,FALSE,TRUE,TRUE,FALSE,FALSE,0.02867966215751849,8476461,4,8
2019030116,85,even-strength,55,-15,FALSE,FALSE,TRUE,TRUE,FALSE,FALSE,0.04205003278220044,8473512,4,8
2019030116,87,power-play,60,40,FALSE,FALSE,TRUE,TRUE,TRUE,FALSE,0.04099000901801175,8473512,4,8
2019030116,94,power-play,69,3,FALSE,FALSE,TRUE,TRUE,TRUE,FALSE,0.1204267390018715,8474037,4,8
2019030116,95,power-play,82,-11,FALSE,FALSE,TRUE,TRUE,TRUE,FALSE,0.08896903271358371,8476906,4,8
2019030116,96,even-strength,57,27,FALSE,FALSE,TRUE,TRUE,FALSE,FALSE,0.0173464815346937,8475752,4,8
2019030116,304,even-strength,64,7,FALSE,FALSE,TRUE,TRUE,FALSE,FALSE,0.06334181958303223,8478439,4,8
2019030116,307,even-strength,35,12,FALSE,FALSE,TRUE,TRUE,FALSE,FALSE,0.01429815509305213,8477462,4,8
2019030116,308,even-strength,63,0,TRUE,FALSE,TRUE,FALSE,FALSE,FALSE,0,8473512,4,8
2019030116,317,even-strength,85,-6,FALSE,FALSE,TRUE,TRUE,TRUE,TRUE,0.05871189375052911,8477290,4,8
2019030116,330,even-strength,53,-39,TRUE,FALSE,TRUE,TRUE,FALSE,FALSE,0.02879775900418445,8478439,4,8
2019030116,338,power-play,85,-18,FALSE,FALSE,TRUE,TRUE,TRUE,FALSE,0.08310842938656274,8476461,4,8
2019030116,340,power-play,64,10,FALSE,FALSE,TRUE,FALSE,FALSE,FALSE,0,8476461,4,8
2019030116,341,power-play,59,18,FALSE,FALSE,TRUE,TRUE,TRUE,FALSE,0.07041070359256862,8473512,4,8
2019030116,342,power-play,60,-13,FALSE,FALSE,TRUE,FALSE,FALSE,FALSE,0,8474161,4,8
2019030116,348,even-strength,83,-6,FALSE,FALSE,TRUE,TRUE,TRUE,FALSE,0.09556353952554152,8474683,4,8
2019030116,554,even-strength,66,18,FALSE,FALSE,TRUE,TRUE,TRUE,FALSE,0.06459115533645883,8476461,4,8
2019030116,555,even-strength,80,-1,FALSE,TRUE,TRUE,TRUE,TRUE,FALSE,0.37487699830552645,8476872,4,8
2019030116,561,even-strength,37,-33,FALSE,FALSE,TRUE,TRUE,TRUE,FALSE,0.00932976119544377,8479026,4,8
2019030116,562,even-strength,49,40,FALSE,FALSE,TRUE,TRUE,TRUE,FALSE,0.01192951925994312,8474683,4,8
2019030116,563,even-strength,49,40,FALSE,FALSE,TRUE,TRUE,TRUE,FALSE,0.01197866286391322,8474161,4,8
2019030116,569,even-strength,57,18,FALSE,FALSE,TRUE,TRUE,FALSE,FALSE,0.0323355455131051,8476872,4,8
2019030116,571,even-strength,56,23,FALSE,FALSE,TRUE,FALSE,FALSE,FALSE,0,8477948,4,8
2019030116,572,even-strength,77,-4,FALSE,FALSE,TRUE,FALSE,FALSE,FALSE,0,8473512,4,8
2019030116,574,even-strength,50,11,TRUE,FALSE,TRUE,TRUE,TRUE,FALSE,0.07015920518345839,8475752,4,8
2019030116,578,even-strength,79,-15,FALSE,FALSE,TRUE,TRUE,FALSE,FALSE,0.06953821041535997,8478439,4,8
2019030116,757,even-strength,3,-37,FALSE,FALSE,TRUE,TRUE,TRUE,FALSE,0.00250004561597409,8474027,4,8
