gameId,eventId,strengthState,xCoordNorm,yCoordNorm,isRush,isRebound,isCorsi,isFenwick,isShot,isGoal,xG,shooterPlayerId
2015020004,36,even-strength,55,-34,FALSE,FALSE,TRUE,TRUE,TRUE,FALSE,0.030127634778724512,8469555
2015020004,40,even-strength,31,-37,TRUE,FALSE,TRUE,TRUE,TRUE,FALSE,0.009442401161066696,8470121
2015020004,58,even-strength,79,-4,FALSE,FALSE,TRUE,TRUE,TRUE,TRUE,0.08242169926390361,8476406
2015020004,60,even-strength,70,15,FALSE,FALSE,TRUE,FALSE,FALSE,FALSE,0,8474162
2015020004,62,even-strength,75,22,FALSE,FALSE,TRUE,FALSE,FALSE,FALSE,0,8475726
2015020004,71,even-strength,84,20,FALSE,FALSE,TRUE,TRUE,FALSE,FALSE,0.05486926080772232,8469555
2015020004,73,even-strength,16,20,FALSE,FALSE,TRUE,TRUE,TRUE,FALSE,0.005450834186470857,8474162
2015020004,78,even-strength,64,18,FALSE,FALSE,TRUE,TRUE,TRUE,FALSE,0.04164781158026521,8474166
2015020004,83,even-strength,48,20,FALSE,FALSE,TRUE,TRUE,FALSE,FALSE,0.02657579423329872,8470606
2015020004,86,even-strength,54,-7,FALSE,FALSE,TRUE,FALSE,FALSE,FALSE,0,8470604
2015020004,88,power-play,63,-1,FALSE,FALSE,TRUE,FALSE,FALSE,FALSE,0,8470604
2015020004,89,power-play,35,8,FALSE,FALSE,TRUE,TRUE,TRUE,FALSE,0.039973197813937544,8469555
2015020004,93,even-strength,65,1,FALSE,FALSE,TRUE,TRUE,TRUE,FALSE,0.04603605035662039,8471685
2015020004,94,even-strength,97,-19,FALSE,FALSE,TRUE,FALSE,FALSE,FALSE,0,8470606
2015020004,96,even-strength,86,16,FALSE,FALSE,TRUE,TRUE,TRUE,FALSE,0.036347155434851126,8475726
2015020004,122,penalty-kill,76,-7,FALSE,FALSE,TRUE,FALSE,FALSE,FALSE,0,8476871
2015020004,265,penalty-kill,57,20,FALSE,FALSE,TRUE,TRUE,TRUE,FALSE,0.015794282766126256,8473453
2015020004,273,power-play,42,5,FALSE,FALSE,TRUE,FALSE,FALSE,FALSE,0,8474162
2015020004,274,even-strength,84,6,FALSE,FALSE,TRUE,TRUE,TRUE,FALSE,0.029550169662462464,8476406
2015020004,275,even-strength,58,3,FALSE,FALSE,TRUE,TRUE,FALSE,FALSE,0.033748047043936136,8475160
2015020004,276,even-strength,68,-37,FALSE,FALSE,TRUE,TRUE,FALSE,FALSE,0.01355380860192672,8473453
2015020004,277,even-strength,67,7,FALSE,FALSE,TRUE,FALSE,FALSE,FALSE,0,8474162
2015020004,299,power-play,60,9,FALSE,FALSE,TRUE,FALSE,FALSE,FALSE,0,8473473
2015020004,300,power-play,69,0,FALSE,FALSE,TRUE,FALSE,FALSE,FALSE,0,8474162
2015020004,501,power-play,76,-11,FALSE,FALSE,TRUE,TRUE,FALSE,FALSE,0.0695506100879961,8471685
2015020004,502,power-play,77,10,FALSE,FALSE,TRUE,TRUE,TRUE,FALSE,0.0919305183072294,8468483
2015020004,504,even-strength,34,33,FALSE,FALSE,TRUE,TRUE,TRUE,FALSE,0.006304471878637487,8471240
2015020004,510,even-strength,63,13,FALSE,FALSE,TRUE,FALSE,FALSE,FALSE,0,8476871
2015020004,515,power-play,56,-18,FALSE,FALSE,TRUE,TRUE,TRUE,FALSE,0.056831508295847426,8471685
2015020004,516,power-play,73,-10,FALSE,FALSE,TRUE,TRUE,TRUE,FALSE,0.061615115630033204,8475726
2015020004,525,even-strength,81,22,FALSE,FALSE,TRUE,TRUE,TRUE,FALSE,0.03128434212206363,8475325
2015020004,531,even-strength,35,13,FALSE,FALSE,TRUE,TRUE,FALSE,FALSE,0.014188022451812872,8474563
2015020004,532,even-strength,63,4,FALSE,FALSE,TRUE,FALSE,FALSE,FALSE,0,8470604
2015020004,534,even-strength,31,-26,FALSE,FALSE,TRUE,TRUE,FALSE,FALSE,0.011033700712295196,8470121
2015020004,623,even-strength,82,20,FALSE,FALSE,TRUE,FALSE,FALSE,FALSE,0,8475160
2015020004,626,even-strength,70,39,FALSE,TRUE,TRUE,TRUE,TRUE,FALSE,0.0470970956516901,8473473
2015020004,711,penalty-kill,69,-14,FALSE,FALSE,TRUE,TRUE,TRUE,FALSE,0.09270398748302103,8470604
2015020004,713,even-strength,33,25,FALSE,TRUE,TRUE,TRUE,FALSE,FALSE,0.02970619235622204,8474166
2015020004,715,even-strength,70,2,FALSE,FALSE,TRUE,TRUE,FALSE,FALSE,0.08345626974016161,8475325
2015020004,716,even-strength,38,27,FALSE,FALSE,TRUE,TRUE,FALSE,FALSE,0.00885584885978841,8474166
2015020004,719,even-strength,30,-15,FALSE,FALSE,TRUE,TRUE,TRUE,FALSE,0.01015870392441544,8470606
2015020004,722,power-play,47,-21,FALSE,FALSE,TRUE,TRUE,TRUE,FALSE,0.06154748244372055,8474563
2015020004,724,power-play,53,-26,FALSE,FALSE,TRUE,TRUE,TRUE,FALSE,0.060877521817760974,8469555
2015020004,726,power-play,73,11,FALSE,FALSE,TRUE,TRUE,FALSE,FALSE,0.0759274304121058,8471685
2015020030,7,even-strength,61,-12,TRUE,FALSE,TRUE,FALSE,FALSE,FALSE,0,8470612
2015020030,8,even-strength,58,19,FALSE,FALSE,TRUE,FALSE,FALSE,FALSE,0,8470612
2015020030,9,even-strength,40,2,FALSE,FALSE,TRUE,FALSE,FALSE,FALSE,0,8469598
2015020030,13,even-strength,60,-28,FALSE,FALSE,TRUE,TRUE,TRUE,FALSE,0.022247770007265764,8471390
2015020030,15,even-strength,74,-27,FALSE,FALSE,TRUE,TRUE,FALSE,FALSE,0.03937417667928226,8470886
2015020030,16,even-strength,77,-3,FALSE,FALSE,TRUE,FALSE,FALSE,FALSE,0,8469598
2015020030,18,even-strength,66,-26,FALSE,FALSE,TRUE,TRUE,TRUE,FALSE,0.03496344604830695,8475164
2015020030,20,even-strength,42,23,FALSE,FALSE,TRUE,TRUE,FALSE,FALSE,0.012295477217255484,8470621
2015020030,23,power-play,72,1,FALSE,FALSE,TRUE,TRUE,TRUE,FALSE,0.13734955939397364,8470616
2015020030,24,power-play,86,-2,FALSE,TRUE,TRUE,TRUE,TRUE,FALSE,0.4234289916424515,8474034
2015020030,27,power-play,59,19,FALSE,FALSE,TRUE,TRUE,TRUE,FALSE,0.041514063873695585,8475764
2015020030,34,even-strength,51,-5,FALSE,FALSE,TRUE,TRUE,TRUE,FALSE,0.033542582699607214,8470612
2015020030,36,even-strength,74,-21,FALSE,FALSE,TRUE,TRUE,TRUE,FALSE,0.04291198466055499,8473485
2015020030,38,even-strength,59,-22,FALSE,FALSE,TRUE,FALSE,FALSE,FALSE,0,8476854
2015020030,45,even-strength,60,26,FALSE,FALSE,TRUE,TRUE,FALSE,FALSE,0.025958101956503634,8470612
2015020030,47,even-strength,54,-21,FALSE,FALSE,TRUE,TRUE,TRUE,FALSE,0.02986811898601325,8474176
2015020030,202,even-strength,51,-4,FALSE,FALSE,TRUE,TRUE,TRUE,FALSE,0.05993246411223247,8478137
2015020030,203,even-strength,72,-10,FALSE,FALSE,TRUE,FALSE,FALSE,FALSE,0,8478137
2015020030,205,even-strength,47,-1,FALSE,FALSE,TRUE,FALSE,FALSE,FALSE,0,8469598
2015020030,212,even-strength,69,13,FALSE,FALSE,TRUE,FALSE,FALSE,FALSE,0,8476483
2015020030,240,even-strength,77,17,FALSE,FALSE,TRUE,TRUE,TRUE,FALSE,0.03636910518534589,8475164
2015020030,241,even-strength,83,-1,FALSE,TRUE,TRUE,TRUE,TRUE,FALSE,0.3812628989660663,8470616
2015020030,242,even-strength,60,-28,FALSE,FALSE,TRUE,TRUE,TRUE,FALSE,0.019578189815081252,8471699
2015020030,245,even-strength,73,6,FALSE,FALSE,TRUE,FALSE,FALSE,FALSE,0,8475764
2015020030,246,even-strength,73,-7,FALSE,FALSE,TRUE,TRUE,FALSE,FALSE,0.08684712611312133,8476483
2015020030,247,even-strength,34,-1,FALSE,FALSE,TRUE,TRUE,TRUE,FALSE,0.018795897687785106,8470886
2015020030,406,even-strength,61,-2,FALSE,FALSE,TRUE,FALSE,FALSE,FALSE,0,8471390
2015020030,407,even-strength,67,7,FALSE,TRUE,TRUE,FALSE,FALSE,FALSE,0,8471390
2015020030,410,even-strength,31,1,FALSE,FALSE,TRUE,TRUE,TRUE,FALSE,0.019260064814631085,8475764
2015020030,411,even-strength,80,-4,FALSE,TRUE,TRUE,TRUE,TRUE,FALSE,0.28363074214444195,8470621
2015020030,413,even-strength,81,-28,FALSE,FALSE,TRUE,TRUE,TRUE,FALSE,0.03104395658679909,8475222
2015020030,422,even-strength,70,37,FALSE,FALSE,TRUE,TRUE,TRUE,FALSE,0.019203496252863588,8478137
2015020030,424,even-strength,81,-22,FALSE,FALSE,TRUE,TRUE,TRUE,FALSE,0.031141403040284992,8467423
2015020030,425,even-strength,86,-5,FALSE,TRUE,TRUE,TRUE,TRUE,FALSE,0.22457815849278553,8467423
2015020030,427,even-strength,61,-18,FALSE,FALSE,TRUE,FALSE,FALSE,FALSE,0,8476854
2015020030,431,even-strength,66,-9,FALSE,FALSE,TRUE,FALSE,FALSE,FALSE,0,8475164
2015020030,436,even-strength,55,11,FALSE,FALSE,TRUE,FALSE,FALSE,FALSE,0,8470886
2015020030,439,even-strength,47,25,FALSE,FALSE,TRUE,TRUE,TRUE,FALSE,0.015931447082749746,8475164
2015020030,441,even-strength,79,2,FALSE,FALSE,TRUE,TRUE,FALSE,FALSE,0.15004409461539583,8471699
2015020030,442,even-strength,57,-21,FALSE,FALSE,TRUE,TRUE,TRUE,FALSE,0.02265101025234813,8476483
2015020030,443,even-strength,54,6,FALSE,FALSE,TRUE,TRUE,FALSE,FALSE,0.042499190918145684,8475155
2015020030,444,even-strength,45,-24,FALSE,FALSE,TRUE,TRUE,TRUE,FALSE,0.012929403014701317,8475764
2015020030,445,even-strength,84,-8,FALSE,TRUE,TRUE,TRUE,TRUE,FALSE,0.15263954291965476,8478137
2015020030,449,even-strength,43,-31,FALSE,FALSE,TRUE,TRUE,TRUE,FALSE,0.011768388761909939,8473485
2015020030,450,even-strength,-2,-24,FALSE,FALSE,TRUE,TRUE,FALSE,FALSE,0.002881111172739581,8470612
2015020030,615,even-strength,39,-22,FALSE,FALSE,TRUE,TRUE,FALSE,FALSE,0.012333875268078822,8473485
2015020030,616,even-strength,75,2,FALSE,FALSE,TRUE,FALSE,FALSE,FALSE,0,8475164
2015020030,620,even-strength,82,-3,FALSE,FALSE,TRUE,TRUE,TRUE,FALSE,0.10542716092611305,8476483
2015020030,625,even-strength,69,4,FALSE,FALSE,TRUE,TRUE,FALSE,FALSE,0.08890871754322421,8470621
2015020030,631,even-strength,83,20,FALSE,FALSE,TRUE,TRUE,FALSE,FALSE,0.037141418182095626,8476483
2015020030,633,even-strength,55,-30,FALSE,FALSE,TRUE,TRUE,FALSE,FALSE,0.018333510768451453,8474176
2015020030,634,even-strength,36,9,FALSE,FALSE,TRUE,TRUE,TRUE,FALSE,0.014247152103143682,8470612
2015020030,636,even-strength,65,-2,FALSE,FALSE,TRUE,FALSE,FALSE,FALSE,0,8469598
2015020030,646,even-strength,67,17,FALSE,FALSE,TRUE,TRUE,TRUE,FALSE,0.051959986922555164,8475164
2015020030,648,even-strength,74,4,FALSE,FALSE,TRUE,TRUE,FALSE,FALSE,0.07473514425090029,8470616
2015020030,753,even-strength,78,5,FALSE,FALSE,TRUE,TRUE,FALSE,FALSE,0.07016012371495117,8476854
2015020030,754,even-strength,77,7,FALSE,FALSE,TRUE,FALSE,FALSE,FALSE,0,8476483
2015020040,9,even-strength,29,21,TRUE,FALSE,TRUE,TRUE,FALSE,FALSE,0.026003811219717825,8477220
2015020040,10,even-strength,72,10,FALSE,FALSE,TRUE,FALSE,FALSE,FALSE,0,8475816
2015020040,15,even-strength,82,-8,FALSE,FALSE,TRUE,TRUE,FALSE,FALSE,0.04204882988241355,8475744
2015020040,16,even-strength,52,-4,FALSE,FALSE,TRUE,TRUE,TRUE,FALSE,0.060068098745427866,8466251
2015020040,19,penalty-kill,-77,-36,FALSE,FALSE,TRUE,TRUE,TRUE,FALSE,6.719701292898897e-4,8474590
2015020040,31,even-strength,60,9,FALSE,FALSE,TRUE,FALSE,FALSE,FALSE,0,8468498
2015020040,34,even-strength,78,-3,FALSE,FALSE,TRUE,TRUE,TRUE,FALSE,0.10229447625997466,8476880
2015020040,36,even-strength,77,-30,FALSE,FALSE,TRUE,TRUE,TRUE,FALSE,0.025869910663489707,8468508
2015020040,37,even-strength,73,-2,FALSE,FALSE,TRUE,TRUE,TRUE,FALSE,0.10948323528576023,8475149
2015020040,77,even-strength,36,-32,FALSE,FALSE,TRUE,TRUE,TRUE,FALSE,0.009212399270206896,8474590
2015020040,201,even-strength,50,24,FALSE,FALSE,TRUE,TRUE,TRUE,FALSE,0.017381467054695898,8469639
2015020040,202,even-strength,85,11,FALSE,FALSE,TRUE,TRUE,TRUE,FALSE,0.04187074154320176,8469639
2015020040,219,even-strength,82,-18,FALSE,FALSE,TRUE,FALSE,FALSE,FALSE,0,8471698
2015020040,230,even-strength,6,38,FALSE,FALSE,TRUE,TRUE,TRUE,FALSE,0.0022209038541023615,8477444
2015020040,239,even-strength,85,-15,FALSE,FALSE,TRUE,FALSE,FALSE,FALSE,0,8471698
2015020040,240,even-strength,65,2,FALSE,FALSE,TRUE,TRUE,TRUE,FALSE,0.08408853031484431,8471698
2015020040,241,even-strength,73,2,FALSE,FALSE,TRUE,FALSE,FALSE,FALSE,0,8474590
2015020040,242,even-strength,55,-31,TRUE,FALSE,TRUE,TRUE,TRUE,FALSE,0.030145872164961694,8466251
2015020040,244,even-strength,71,-36,FALSE,FALSE,TRUE,TRUE,TRUE,FALSE,0.015424117321608727,8466251
2015020040,245,even-strength,49,25,FALSE,TRUE,TRUE,TRUE,TRUE,FALSE,0.06063286521190395,8473991
2015020040,246,even-strength,76,5,FALSE,FALSE,TRUE,FALSE,FALSE,FALSE,0,8466251
2015020040,248,even-strength,49,35,FALSE,FALSE,TRUE,TRUE,FALSE,FALSE,0.0112177890724531,8473991
2015020040,402,even-strength,-81,-10,FALSE,FALSE,TRUE,FALSE,FALSE,FALSE,0,8475200
2015020040,405,even-strength,85,24,FALSE,FALSE,TRUE,TRUE,FALSE,FALSE,0.018959407094230822,8474291
2015020040,406,even-strength,71,2,FALSE,FALSE,TRUE,TRUE,FALSE,FALSE,0.11391967206277992,8474291
2015020040,407,even-strength,71,-5,FALSE,FALSE,TRUE,FALSE,FALSE,FALSE,0,8466251
2015020040,410,even-strength,34,-23,FALSE,FALSE,TRUE,TRUE,TRUE,FALSE,0.010240993316600019,8474590
2015020040,412,even-strength,53,-20,FALSE,FALSE,TRUE,TRUE,TRUE,FALSE,0.02125933952494826,8471698
2015020040,413,even-strength,45,28,FALSE,FALSE,TRUE,TRUE,TRUE,FALSE,0.012547405875825047,8474590
2015020040,414,even-strength,85,21,FALSE,FALSE,TRUE,TRUE,TRUE,FALSE,0.028384489679860157,8471698
2015020040,416,power-play,71,16,FALSE,FALSE,TRUE,FALSE,FALSE,FALSE,0,8475816
2015020040,418,power-play,61,18,FALSE,FALSE,TRUE,FALSE,FALSE,FALSE,0,8475200
2015020040,422,even-strength,85,23,FALSE,FALSE,TRUE,TRUE,FALSE,FALSE,0.0226989680377882,8469639
2015020040,424,even-strength,34,7,FALSE,FALSE,TRUE,TRUE,FALSE,FALSE,0.02432461001214047,8477220
2015020040,425,even-strength,54,-8,FALSE,FALSE,TRUE,TRUE,TRUE,FALSE,0.03654729277738206,8469639
2015020040,427,even-strength,45,-39,FALSE,FALSE,TRUE,TRUE,TRUE,FALSE,0.008998793144574246,8471698
2015020040,429,even-strength,34,-21,FALSE,FALSE,TRUE,TRUE,FALSE,FALSE,0.009216084743310959,8471702
2015020040,430,even-strength,21,0,FALSE,FALSE,TRUE,TRUE,TRUE,FALSE,0.004897273350598922,8475247
2015020040,442,even-strength,58,-34,FALSE,FALSE,TRUE,TRUE,TRUE,FALSE,0.011021942270902545,8469639
2015020040,444,power-play,60,27,FALSE,FALSE,TRUE,TRUE,FALSE,FALSE,0.04749158623495027,8471702
2015020040,446,power-play,42,-21,FALSE,FALSE,TRUE,TRUE,FALSE,FALSE,0.034937461411815945,8474590
2015020040,452,penalty-kill,71,0,FALSE,FALSE,TRUE,TRUE,TRUE,FALSE,0.125590247280835,8466251
2015020040,454,penalty-kill,-80,25,FALSE,FALSE,TRUE,TRUE,TRUE,FALSE,0.0015577788751129174,8469639
2015020040,455,penalty-kill,73,20,FALSE,FALSE,TRUE,TRUE,TRUE,FALSE,0.050319545189700464,8466251
2015020040,456,penalty-kill,76,-3,FALSE,TRUE,TRUE,TRUE,TRUE,FALSE,0.42743073379109,8466251
2015020040,461,even-strength,31,28,TRUE,FALSE,TRUE,TRUE,TRUE,FALSE,0.017593787930348763,8477220
2015020040,464,power-play,53,12,FALSE,FALSE,TRUE,TRUE,FALSE,FALSE,0.06889289114230147,8471702
2015020040,465,power-play,36,-19,FALSE,FALSE,TRUE,TRUE,FALSE,FALSE,0.039275845908027567,8474590
2015020040,466,power-play,87,-26,FALSE,FALSE,TRUE,TRUE,TRUE,FALSE,0.05272204901530031,8475744
2015020040,467,power-play,73,7,FALSE,FALSE,TRUE,TRUE,FALSE,FALSE,0.09278315756409279,8471698
2015020040,468,power-play,83,-6,FALSE,FALSE,TRUE,TRUE,FALSE,FALSE,0.10107133577457073,8475744
2015020040,469,power-play,69,-2,FALSE,FALSE,TRUE,TRUE,FALSE,FALSE,0.08551256213293607,8475816
2015020040,470,even-strength,59,-14,FALSE,FALSE,TRUE,FALSE,FALSE,FALSE,0,8475149
2015020040,472,power-play,47,-31,FALSE,FALSE,TRUE,TRUE,TRUE,FALSE,0.028525950790056816,8475200
2015020040,474,power-play,48,8,FALSE,FALSE,TRUE,TRUE,TRUE,FALSE,0.05203176796919825,8471702
2015020040,475,power-play,55,-10,FALSE,FALSE,TRUE,TRUE,TRUE,FALSE,0.07365809597034473,8471698
2015020040,476,even-strength,63,-12,FALSE,FALSE,TRUE,FALSE,FALSE,FALSE,0,8474590
2015020040,478,even-strength,84,-11,FALSE,FALSE,TRUE,FALSE,FALSE,FALSE,0,8474291
2015020040,480,even-strength,46,29,FALSE,FALSE,TRUE,FALSE,FALSE,FALSE,0,8466251
2015020040,482,even-strength,63,-3,FALSE,FALSE,TRUE,FALSE,FALSE,FALSE,0,8477444
2015020040,483,even-strength,47,16,FALSE,FALSE,TRUE,TRUE,FALSE,FALSE,0.032660830725332476,8474590
2015020040,485,even-strength,32,-31,FALSE,FALSE,TRUE,TRUE,FALSE,FALSE,0.014480673611267094,8477220
2015020040,486,even-strength,64,11,FALSE,FALSE,TRUE,FALSE,FALSE,FALSE,0,8471702
2015020040,490,even-strength,50,-2,FALSE,FALSE,TRUE,FALSE,FALSE,FALSE,0,8474590
2015020040,491,even-strength,74,8,FALSE,FALSE,TRUE,TRUE,FALSE,FALSE,0.08932738882376161,8468508
2015020040,492,even-strength,34,1,FALSE,FALSE,TRUE,TRUE,FALSE,FALSE,0.02978654206819941,8474590
2015020040,493,even-strength,84,-10,FALSE,TRUE,TRUE,TRUE,FALSE,FALSE,0.1961664441424999,8475744
2015020040,494,even-strength,79,-9,FALSE,FALSE,TRUE,FALSE,FALSE,FALSE,0,8475149
2015020040,497,even-strength,62,-15,FALSE,FALSE,TRUE,FALSE,FALSE,FALSE,0,8477444
2015020040,500,even-strength,60,-14,FALSE,FALSE,TRUE,FALSE,FALSE,FALSE,0,8475200
2015020040,502,even-strength,84,8,FALSE,FALSE,TRUE,TRUE,TRUE,FALSE,0.10246064520713638,8468508
2015020040,503,even-strength,72,-2,FALSE,FALSE,TRUE,TRUE,FALSE,FALSE,0.09344921724080389,8471698
2015020058,7,even-strength,60,7,FALSE,FALSE,TRUE,TRUE,TRUE,FALSE,0.04656020908243589,8476423
2015020058,8,even-strength,80,14,FALSE,FALSE,TRUE,TRUE,TRUE,FALSE,0.03264613989873612,8469462
2015020058,22,even-strength,42,21,FALSE,FALSE,TRUE,TRUE,FALSE,FALSE,0.03730754890718994,8472382
2015020058,31,even-strength,51,21,FALSE,FALSE,TRUE,TRUE,TRUE,FALSE,0.028954841024096616,8474641
2015020058,32,even-strength,83,-20,FALSE,FALSE,TRUE,TRUE,FALSE,FALSE,0.03976831016692397,8469500
2015020058,33,even-strength,73,19,FALSE,FALSE,TRUE,TRUE,FALSE,FALSE,0.04293590100069923,8469547
2015020058,34,even-strength,73,-4,FALSE,FALSE,TRUE,FALSE,FALSE,FALSE,0,8476772
2015020058,36,even-strength,40,-18,FALSE,FALSE,TRUE,TRUE,FALSE,FALSE,0.019691874517090074,8475186
2015020058,37,even-strength,46,-19,FALSE,FALSE,TRUE,TRUE,FALSE,FALSE,0.03526446443047948,8470740
2015020058,38,even-strength,60,27,FALSE,FALSE,TRUE,TRUE,TRUE,FALSE,0.027960394728922366,8474641
2015020058,43,even-strength,54,-7,FALSE,FALSE,TRUE,TRUE,TRUE,FALSE,0.045468696171775964,8469500
2015020058,352,even-strength,64,0,FALSE,FALSE,TRUE,TRUE,TRUE,FALSE,0.08201107234114853,8476423
2015020058,353,even-strength,38,-25,FALSE,FALSE,TRUE,TRUE,TRUE,FALSE,0.008770442064244332,8476923
2015020058,359,even-strength,68,-8,FALSE,FALSE,TRUE,FALSE,FALSE,FALSE,0,8469462
2015020058,365,even-strength,70,12,FALSE,FALSE,TRUE,FALSE,FALSE,FALSE,0,8470740
2015020058,366,even-strength,60,7,FALSE,FALSE,TRUE,TRUE,TRUE,FALSE,0.050382609725275335,8474641
2015020058,367,even-strength,66,0,FALSE,FALSE,TRUE,FALSE,FALSE,FALSE,0,8469500
2015020058,370,even-strength,35,7,FALSE,FALSE,TRUE,TRUE,TRUE,FALSE,0.032119632616778554,8475186
2015020058,373,even-strength,58,15,FALSE,FALSE,TRUE,TRUE,TRUE,FALSE,0.06455345367026269,8469462
2015020058,375,even-strength,59,13,FALSE,FALSE,TRUE,TRUE,TRUE,FALSE,0.04104626456952533,8470740
2015020058,378,even-strength,82,-8,FALSE,TRUE,TRUE,TRUE,TRUE,FALSE,0.16732906327514277,8469500
2015020058,382,even-strength,65,-18,FALSE,FALSE,TRUE,TRUE,TRUE,FALSE,0.04494173818037936,8469462
2015020058,392,power-play,48,12,FALSE,FALSE,TRUE,TRUE,TRUE,FALSE,0.0714307530864702,8475151
2015020058,393,even-strength,46,-31,FALSE,FALSE,TRUE,TRUE,FALSE,FALSE,0.014017600733407142,8475186
2015020058,394,even-strength,67,-1,TRUE,FALSE,TRUE,FALSE,FALSE,FALSE,0,8470740
2015020058,395,even-strength,54,-36,FALSE,FALSE,TRUE,TRUE,TRUE,FALSE,0.013696099274201852,8472410
2015020058,396,even-strength,80,-1,FALSE,FALSE,TRUE,TRUE,TRUE,FALSE,0.09607901411884982,8476423
2015020058,454,penalty-kill,68,14,TRUE,FALSE,TRUE,TRUE,TRUE,FALSE,0.1298675404719851,8472410
2015020058,462,even-strength,39,-25,FALSE,FALSE,TRUE,TRUE,TRUE,FALSE,0.013874767462026323,8476457
2015020058,464,even-strength,43,27,FALSE,FALSE,TRUE,TRUE,TRUE,FALSE,0.01743445969028646,8475151
2015020058,465,even-strength,52,23,FALSE,FALSE,TRUE,TRUE,TRUE,FALSE,0.021022737636682283,8475185
2015020058,470,power-play,61,16,TRUE,FALSE,TRUE,TRUE,TRUE,FALSE,0.08177386261507083,8475151
2015020058,472,power-play,43,-18,FALSE,FALSE,TRUE,TRUE,FALSE,FALSE,0.0466628534619618,8476923
2015020058,473,power-play,51,-11,FALSE,FALSE,TRUE,TRUE,TRUE,FALSE,0.07278002418994899,8476923
2015020058,478,even-strength,48,19,FALSE,FALSE,TRUE,TRUE,TRUE,FALSE,0.02419050758884674,8469462
2015020058,484,even-strength,50,-1,FALSE,FALSE,TRUE,TRUE,TRUE,FALSE,0.04871388121678153,8473673
2015020058,486,even-strength,37,10,FALSE,FALSE,TRUE,TRUE,FALSE,FALSE,0.017945798044403723,8472382
2015020058,490,even-strength,51,21,FALSE,FALSE,TRUE,TRUE,FALSE,FALSE,0.020230021828962243,8476423
2015020058,494,power-play,66,-5,FALSE,FALSE,TRUE,TRUE,TRUE,FALSE,0.10557677890017715,8469547
2015020058,496,power-play,54,19,FALSE,FALSE,TRUE,TRUE,TRUE,FALSE,0.05916784330427878,8475151
2015020058,497,power-play,82,-9,FALSE,FALSE,TRUE,TRUE,TRUE,FALSE,0.06996287957507043,8474641
2015020058,498,power-play,44,-3,FALSE,FALSE,TRUE,TRUE,TRUE,TRUE,0.051754902511819675,8474641
2015020058,706,even-strength,49,-22,FALSE,FALSE,TRUE,TRUE,TRUE,FALSE,0.04726273599521752,8469500
2015020058,709,even-strength,61,16,FALSE,FALSE,TRUE,TRUE,TRUE,FALSE,0.11699988641063236,8474641
2015020058,710,even-strength,49,6,FALSE,FALSE,TRUE,TRUE,FALSE,FALSE,0.16036949909806214,8475151
2015020058,712,even-strength,78,11,FALSE,FALSE,TRUE,TRUE,TRUE,FALSE,0.0992573461762436,8475185
2015020058,714,even-strength,69,4,FALSE,FALSE,TRUE,TRUE,TRUE,FALSE,0.12598278591877976,8474641
2015020080,54,even-strength,78,30,FALSE,FALSE,TRUE,TRUE,FALSE,FALSE,0.02199424284375929,8475692
2015020080,55,even-strength,72,-14,FALSE,FALSE,TRUE,FALSE,FALSE,FALSE,0,8470630
2015020080,60,even-strength,79,24,FALSE,FALSE,TRUE,TRUE,TRUE,FALSE,0.033040113014668644,8470041
2015020080,61,even-strength,80,-20,TRUE,FALSE,TRUE,TRUE,FALSE,FALSE,0.05073463893051221,8475692
2015020080,67,even-strength,78,-31,FALSE,FALSE,TRUE,TRUE,TRUE,FALSE,0.026526097634555674,8468526
2015020080,73,even-strength,84,-7,FALSE,FALSE,TRUE,TRUE,TRUE,FALSE,0.08344668557036963,8475184
2015020080,75,even-strength,45,12,FALSE,FALSE,TRUE,TRUE,TRUE,FALSE,0.029664868840600506,8474151
2015020080,79,even-strength,42,20,FALSE,FALSE,TRUE,TRUE,TRUE,TRUE,0.018301586264602963,8471686
2015020080,87,even-strength,74,12,FALSE,FALSE,TRUE,TRUE,TRUE,FALSE,0.09164452066055673,8470041
2015020080,90,even-strength,62,38,FALSE,FALSE,TRUE,TRUE,TRUE,FALSE,0.016340320575516612,8475184
2015020080,93,even-strength,40,10,FALSE,FALSE,TRUE,TRUE,TRUE,FALSE,0.035717018076999216,8470630
2015020080,94,even-strength,78,2,FALSE,FALSE,TRUE,FALSE,FALSE,FALSE,0,8474613
2015020080,95,even-strength,55,14,FALSE,FALSE,TRUE,TRUE,TRUE,FALSE,0.034981911149251116,8470041
2015020080,97,even-strength,70,9,FALSE,FALSE,TRUE,TRUE,TRUE,FALSE,0.06250327408539966,8468575
2015020080,98,even-strength,87,23,FALSE,FALSE,TRUE,TRUE,TRUE,FALSE,0.03657575255944421,8468575
2015020080,99,even-strength,54,30,FALSE,FALSE,TRUE,TRUE,FALSE,FALSE,0.01485463256231073,8473537
2015020080,353,even-strength,52,21,FALSE,FALSE,TRUE,TRUE,TRUE,FALSE,0.023144648142978574,8475184
2015020080,355,even-strength,53,14,FALSE,FALSE,TRUE,FALSE,FALSE,FALSE,0,8470041
2015020080,356,even-strength,40,-4,FALSE,FALSE,TRUE,TRUE,TRUE,FALSE,0.021795887947943356,8471958
2015020080,364,penalty-kill,73,-7,FALSE,FALSE,TRUE,TRUE,TRUE,FALSE,0.06261267292764697,8468575
2015020080,365,penalty-kill,78,-21,FALSE,FALSE,TRUE,TRUE,FALSE,FALSE,0.06809443004667678,8474613
2015020080,366,penalty-kill,81,5,FALSE,FALSE,TRUE,TRUE,TRUE,FALSE,0.1736521179235391,8474613
2015020080,372,penalty-kill,67,27,FALSE,FALSE,TRUE,TRUE,TRUE,FALSE,0.03003928288684098,8473537
2015020080,380,even-strength,58,-37,FALSE,FALSE,TRUE,TRUE,FALSE,FALSE,0.01368014614217019,8470041
2015020080,382,even-strength,79,-2,FALSE,FALSE,TRUE,TRUE,TRUE,FALSE,0.17251766477999714,8473544
2015020080,384,even-strength,75,-9,TRUE,FALSE,TRUE,FALSE,FALSE,FALSE,0,8475715
2015020080,385,even-strength,67,-10,FALSE,FALSE,TRUE,FALSE,FALSE,FALSE,0,8475715
2015020080,388,power-play,70,-25,FALSE,FALSE,TRUE,TRUE,TRUE,TRUE,0.05534499190397043,8475692
2015020080,392,even-strength,78,-9,FALSE,FALSE,TRUE,TRUE,TRUE,FALSE,0.0647946806122165,8475855
2015020080,395,even-strength,59,28,FALSE,FALSE,TRUE,TRUE,FALSE,FALSE,0.030104332752434897,8468526
2015020080,398,even-strength,45,-25,FALSE,FALSE,TRUE,TRUE,TRUE,FALSE,0.020864556408324134,8468575
2015020080,399,even-strength,74,-7,FALSE,FALSE,TRUE,FALSE,FALSE,FALSE,0,8475184
2015020080,400,even-strength,42,20,FALSE,FALSE,TRUE,TRUE,TRUE,FALSE,0.025599604019120363,8471735
2015020080,451,even-strength,78,13,FALSE,FALSE,TRUE,FALSE,FALSE,FALSE,0,8473544
2015020080,452,even-strength,77,-7,TRUE,FALSE,TRUE,TRUE,TRUE,FALSE,0.23480259043952767,8470041
2015020080,453,even-strength,60,-18,FALSE,FALSE,TRUE,TRUE,FALSE,FALSE,0.028060044637453874,8475692
2015020080,461,even-strength,74,-16,FALSE,FALSE,TRUE,TRUE,TRUE,FALSE,0.062294426879091834,8468575
2015020080,464,even-strength,31,13,FALSE,FALSE,TRUE,TRUE,TRUE,FALSE,0.026204299912778655,8471735
2015020080,465,even-strength,87,22,FALSE,FALSE,TRUE,TRUE,TRUE,FALSE,0.031415096254915925,8475855
2015020080,467,even-strength,75,8,FALSE,FALSE,TRUE,FALSE,FALSE,FALSE,0,8471686
2015020080,468,even-strength,53,22,FALSE,FALSE,TRUE,FALSE,FALSE,FALSE,0,8471735
2015020080,473,even-strength,81,-16,FALSE,FALSE,TRUE,TRUE,FALSE,FALSE,0.06825778766266932,8470041
2015020080,476,even-strength,80,-2,FALSE,FALSE,TRUE,TRUE,TRUE,TRUE,0.14335073818446395,8475855
2015020080,486,even-strength,80,-11,FALSE,FALSE,TRUE,FALSE,FALSE,FALSE,0,8475715
2015020080,487,even-strength,83,8,FALSE,FALSE,TRUE,TRUE,TRUE,FALSE,0.0801649384030356,8475715
2015020080,489,even-strength,78,33,FALSE,FALSE,TRUE,TRUE,FALSE,FALSE,0.035422445310660265,8474151
2015020080,490,even-strength,60,10,FALSE,FALSE,TRUE,TRUE,FALSE,FALSE,0.08921892959877131,8470041
2015020080,491,even-strength,75,18,FALSE,FALSE,TRUE,TRUE,FALSE,FALSE,0.04702607871198078,8475184
2015020080,495,even-strength,67,-13,FALSE,FALSE,TRUE,TRUE,TRUE,TRUE,0.07250361632864016,8473537
2015020080,497,even-strength,78,-15,FALSE,FALSE,TRUE,TRUE,FALSE,FALSE,0.0629959122353781,8474613
2015020099,14,even-strength,57,23,FALSE,FALSE,TRUE,TRUE,FALSE,FALSE,0.028134966115107594,8468483
2015020099,15,even-strength,72,6,FALSE,FALSE,TRUE,TRUE,TRUE,FALSE,0.055323190594889105,8470606
2015020099,17,even-strength,60,-18,FALSE,FALSE,TRUE,FALSE,FALSE,FALSE,0,8470604
2015020099,18,even-strength,40,32,FALSE,FALSE,TRUE,TRUE,FALSE,FALSE,0.01014259940100965,8475188
2015020099,19,even-strength,74,-21,FALSE,FALSE,TRUE,TRUE,TRUE,FALSE,0.032804408677386106,8470604
2015020099,21,even-strength,32,-14,FALSE,FALSE,TRUE,TRUE,FALSE,FALSE,0.01207769538424694,8474166
2015020099,24,even-strength,40,-5,TRUE,FALSE,TRUE,TRUE,FALSE,FALSE,0.0334124764635255,8475726
2015020099,25,even-strength,73,38,FALSE,FALSE,TRUE,TRUE,TRUE,FALSE,0.01860979838490798,8469555
2015020099,26,even-strength,76,5,FALSE,FALSE,TRUE,TRUE,FALSE,FALSE,0.13079395718543874,8475726
2015020099,34,even-strength,37,-23,FALSE,FALSE,TRUE,TRUE,TRUE,FALSE,0.011262939986322322,8470606
2015020099,35,even-strength,70,23,FALSE,FALSE,TRUE,FALSE,FALSE,FALSE,0,8468483
2015020099,41,even-strength,40,-3,FALSE,FALSE,TRUE,TRUE,FALSE,FALSE,0.03983225436729219,8471685
2015020099,42,even-strength,51,-23,FALSE,FALSE,TRUE,TRUE,TRUE,FALSE,0.01903771195691247,8474563
2015020099,45,even-strength,87,4,FALSE,FALSE,TRUE,TRUE,TRUE,TRUE,0.07148790420384801,8475726
2015020099,254,penalty-kill,51,19,FALSE,FALSE,TRUE,FALSE,FALSE,FALSE,0,8474162
2015020099,258,even-strength,71,-28,FALSE,FALSE,TRUE,TRUE,TRUE,FALSE,0.026764950922415705,8473453
2015020099,274,power-play,69,-5,FALSE,FALSE,TRUE,TRUE,TRUE,TRUE,0.103745769203975,8473473
2015020099,289,even-strength,37,15,FALSE,FALSE,TRUE,TRUE,TRUE,FALSE,0.017110426723465223,8470606
2015020099,292,even-strength,37,15,FALSE,FALSE,TRUE,FALSE,FALSE,FALSE,0,8475188
2015020099,294,even-strength,54,-28,FALSE,FALSE,TRUE,FALSE,FALSE,FALSE,0,8476406
2015020099,295,even-strength,53,6,FALSE,FALSE,TRUE,FALSE,FALSE,FALSE,0,8469555
2015020099,299,even-strength,64,-20,FALSE,FALSE,TRUE,TRUE,TRUE,TRUE,0.05072157522512818,8470604
2015020099,454,even-strength,85,5,FALSE,FALSE,TRUE,TRUE,TRUE,FALSE,0.1037273118544379,8476871
2015020099,455,even-strength,52,18,FALSE,FALSE,TRUE,FALSE,FALSE,FALSE,0,8469555
2015020099,456,even-strength,75,15,FALSE,FALSE,TRUE,TRUE,FALSE,FALSE,0.04568329962901203,8473453
2015020099,457,even-strength,78,0,TRUE,FALSE,TRUE,TRUE,TRUE,FALSE,0.23564343915838176,8476871
2015020099,458,even-strength,32,30,FALSE,FALSE,TRUE,TRUE,TRUE,FALSE,0.01355575521773192,8474162
2015020099,459,even-strength,67,-8,FALSE,FALSE,TRUE,FALSE,FALSE,FALSE,0,8470604
2015020099,460,even-strength,37,13,FALSE,FALSE,TRUE,TRUE,FALSE,FALSE,0.018273216707042367,8474162
2015020099,462,power-play,81,-16,FALSE,FALSE,TRUE,TRUE,TRUE,FALSE,0.07328268260730689,8470604
2015020099,463,power-play,34,-7,FALSE,FALSE,TRUE,TRUE,FALSE,FALSE,0.035810102326550027,8469555
2015020099,464,power-play,54,-25,FALSE,FALSE,TRUE,TRUE,TRUE,FALSE,0.05788415034464987,8476406
2015020099,465,power-play,62,27,FALSE,TRUE,TRUE,TRUE,FALSE,FALSE,0.23415038610770114,8476871
2015020099,466,even-strength,76,-21,FALSE,FALSE,TRUE,TRUE,TRUE,FALSE,0.0435776343437856,8473453
2015020099,468,even-strength,36,13,FALSE,FALSE,TRUE,FALSE,FALSE,FALSE,0,8475188
2015020099,471,even-strength,45,-32,FALSE,FALSE,TRUE,FALSE,FALSE,FALSE,0,8474563
2015020099,472,even-strength,38,-21,FALSE,FALSE,TRUE,TRUE,FALSE,FALSE,0.016577704858531068,8474563
2015020099,479,even-strength,52,-29,FALSE,FALSE,TRUE,TRUE,TRUE,FALSE,0.01716562783467057,8473453
2015020099,481,power-play,51,-10,FALSE,FALSE,TRUE,FALSE,FALSE,FALSE,0,8469555
2015020099,484,even-strength,50,-25,FALSE,FALSE,TRUE,FALSE,FALSE,FALSE,0,8473453
2015020099,486,even-strength,66,-12,FALSE,FALSE,TRUE,TRUE,TRUE,FALSE,0.05601655707124205,8473453
2015020099,493,even-strength,37,27,FALSE,FALSE,TRUE,TRUE,TRUE,FALSE,0.00996661323988404,8474162
2015020099,494,even-strength,57,20,FALSE,FALSE,TRUE,TRUE,FALSE,FALSE,0.024494884853547748,8475726
2015020099,614,even-strength,64,-15,FALSE,FALSE,TRUE,TRUE,TRUE,FALSE,0.04838087608726306,8470606
2015020099,615,even-strength,58,13,FALSE,FALSE,TRUE,FALSE,FALSE,FALSE,0,8470606
2015020099,618,even-strength,79,5,FALSE,FALSE,TRUE,TRUE,TRUE,FALSE,0.07907463282942022,8475726
2015020099,619,even-strength,36,-1,FALSE,FALSE,TRUE,FALSE,FALSE,FALSE,0,8473571
2015020099,621,even-strength,69,5,FALSE,FALSE,TRUE,TRUE,TRUE,FALSE,0.08602604306577831,8468483
2015020099,622,even-strength,54,21,FALSE,FALSE,TRUE,TRUE,TRUE,FALSE,0.02002561025108778,8475160
2015020099,635,even-strength,71,5,FALSE,FALSE,TRUE,FALSE,FALSE,FALSE,0,8475726
2015020099,639,even-strength,85,-9,FALSE,FALSE,TRUE,TRUE,TRUE,FALSE,0.051564030804058865,8473453
2015020099,641,even-strength,44,-21,FALSE,FALSE,TRUE,TRUE,TRUE,FALSE,0.02845182063896638,8474563
2015020099,643,power-play,55,1,FALSE,FALSE,TRUE,TRUE,TRUE,TRUE,0.07315805366597583,8470604
2015020099,753,even-strength,46,-31,FALSE,FALSE,TRUE,TRUE,FALSE,FALSE,0.03715494644401558,8474166
2015020099,756,even-strength,70,-14,TRUE,FALSE,TRUE,TRUE,TRUE,FALSE,0.12669195232258398,8471685
2015020099,757,even-strength,50,29,FALSE,TRUE,TRUE,FALSE,FALSE,FALSE,0,8475188
2015020099,758,even-strength,38,29,FALSE,FALSE,TRUE,TRUE,TRUE,FALSE,0.07495350528740616,8476871
2015020099,761,even-strength,50,21,FALSE,FALSE,TRUE,FALSE,FALSE,FALSE,0,8469555
2015020099,768,even-strength,56,16,FALSE,FALSE,TRUE,TRUE,TRUE,FALSE,0.056193004947499965,8476871
2015020099,769,even-strength,63,-13,FALSE,FALSE,TRUE,FALSE,FALSE,FALSE,0,8473571
2015020117,7,even-strength,61,-22,FALSE,FALSE,TRUE,TRUE,TRUE,FALSE,0.025697964089948195,8475753
2015020117,14,even-strength,43,-22,FALSE,FALSE,TRUE,FALSE,FALSE,FALSE,0,8475753
2015020117,15,even-strength,40,-24,FALSE,FALSE,TRUE,TRUE,FALSE,FALSE,0.015007198390725847,8475753
2015020117,20,even-strength,45,-21,TRUE,FALSE,TRUE,FALSE,FALSE,FALSE,0,8476465
2015020117,21,even-strength,53,17,FALSE,FALSE,TRUE,FALSE,FALSE,FALSE,0,8477496
2015020117,23,even-strength,79,0,FALSE,FALSE,TRUE,TRUE,TRUE,FALSE,0.2157574054442499,8476934
2015020117,28,power-play,78,1,FALSE,FALSE,TRUE,TRUE,TRUE,FALSE,0.09227229060938535,8468639
2015020117,29,power-play,69,15,FALSE,FALSE,TRUE,FALSE,FALSE,FALSE,0,8476437
2015020117,30,power-play,29,3,FALSE,FALSE,TRUE,TRUE,TRUE,FALSE,0.032158693165404185,8475753
2015020117,31,power-play,40,-3,FALSE,FALSE,TRUE,FALSE,FALSE,FALSE,0,8475753
2015020117,32,even-strength,77,-5,FALSE,FALSE,TRUE,FALSE,FALSE,FALSE,0,8474062
2015020117,34,power-play,33,-22,FALSE,FALSE,TRUE,TRUE,TRUE,FALSE,0.026028074130452935,8476437
2015020117,35,power-play,49,-20,FALSE,FALSE,TRUE,TRUE,FALSE,FALSE,0.04716738127507142,8477496
2015020117,36,power-play,31,22,FALSE,FALSE,TRUE,TRUE,TRUE,FALSE,0.03555468098038472,8476465
2015020117,37,power-play,59,25,FALSE,FALSE,TRUE,FALSE,FALSE,FALSE,0,8474052
2015020117,38,even-strength,73,-12,FALSE,FALSE,TRUE,FALSE,FALSE,FALSE,0,8473533
2015020117,41,even-strength,81,-11,TRUE,FALSE,TRUE,TRUE,TRUE,FALSE,0.07032094118019713,8470595
2015020117,48,even-strength,59,28,FALSE,FALSE,TRUE,TRUE,FALSE,FALSE,0.0276442124660535,8475784
2015020117,49,even-strength,74,15,FALSE,FALSE,TRUE,TRUE,FALSE,FALSE,0.03904410427422639,8471346
2015020117,50,even-strength,78,16,FALSE,FALSE,TRUE,FALSE,FALSE,FALSE,0,8475784
2015020117,212,power-play,52,15,FALSE,FALSE,TRUE,TRUE,TRUE,FALSE,0.05420182284407459,8475753
2015020117,213,power-play,55,6,FALSE,FALSE,TRUE,TRUE,TRUE,TRUE,0.0642823771639336,8475753
2015020117,216,even-strength,72,22,FALSE,FALSE,TRUE,TRUE,TRUE,FALSE,0.04191491855122466,8471804
2015020117,226,even-strength,61,-21,FALSE,FALSE,TRUE,FALSE,FALSE,FALSE,0,8475784
2015020117,227,even-strength,70,-18,FALSE,FALSE,TRUE,FALSE,FALSE,FALSE,0,8476465
2015020117,228,even-strength,44,-30,FALSE,FALSE,TRUE,TRUE,TRUE,FALSE,0.01557999325479974,8475753
2015020117,233,even-strength,46,-33,FALSE,FALSE,TRUE,TRUE,TRUE,FALSE,0.011634061019450121,8474062
2015020117,234,even-strength,55,13,FALSE,FALSE,TRUE,TRUE,FALSE,FALSE,0.030788020181594464,8474062
2015020117,235,even-strength,87,8,FALSE,FALSE,TRUE,TRUE,TRUE,TRUE,0.018895853893461288,8474062
2015020117,237,even-strength,80,3,FALSE,FALSE,TRUE,FALSE,FALSE,FALSE,0,8475784
2015020117,239,even-strength,75,-12,FALSE,FALSE,TRUE,FALSE,FALSE,FALSE,0,8470595
2015020117,240,even-strength,84,-7,FALSE,FALSE,TRUE,TRUE,TRUE,FALSE,0.053229649852159666,8476437
2015020117,242,even-strength,35,-18,FALSE,FALSE,TRUE,FALSE,FALSE,FALSE,0,8475753
2015020117,244,even-strength,54,9,FALSE,FALSE,TRUE,FALSE,FALSE,FALSE,0,8473533
2015020117,245,even-strength,85,-15,FALSE,FALSE,TRUE,TRUE,TRUE,FALSE,0.04408779120483231,8475784
2015020117,246,even-strength,85,-7,FALSE,TRUE,TRUE,TRUE,TRUE,FALSE,0.19994096834163658,8475784
2015020117,248,even-strength,67,-11,TRUE,FALSE,TRUE,FALSE,FALSE,FALSE,0,8478396
2015020117,250,even-strength,71,22,FALSE,FALSE,TRUE,FALSE,FALSE,FALSE,0,8471804
2015020117,451,even-strength,82,-7,TRUE,FALSE,TRUE,TRUE,TRUE,FALSE,0.07915479712192905,8473533
2015020117,455,even-strength,5,-5,FALSE,FALSE,TRUE,TRUE,TRUE,FALSE,0.005480175787799737,8468493
2015020117,456,even-strength,84,-8,FALSE,FALSE,TRUE,TRUE,TRUE,FALSE,0.07872511047741433,8475784
2015020117,467,even-strength,71,-12,FALSE,FALSE,TRUE,FALSE,FALSE,FALSE,0,8475784
2015020117,468,even-strength,57,27,FALSE,FALSE,TRUE,TRUE,TRUE,FALSE,0.026614839189456715,8469508
2015020117,470,even-strength,88,-9,TRUE,FALSE,TRUE,TRUE,TRUE,FALSE,0.04608684539592916,8470595
2015020117,488,even-strength,50,27,FALSE,FALSE,TRUE,TRUE,TRUE,FALSE,0.017244590939828917,8468639
2015020117,489,even-strength,57,16,FALSE,FALSE,TRUE,FALSE,FALSE,FALSE,0,8475784
2015020117,490,even-strength,78,10,FALSE,FALSE,TRUE,TRUE,TRUE,FALSE,0.06030909008710936,8474062
2015020117,491,even-strength,78,-17,FALSE,TRUE,TRUE,TRUE,TRUE,FALSE,0.17923468058254224,8475784
2015020117,494,even-strength,79,0,FALSE,FALSE,TRUE,TRUE,TRUE,FALSE,0.21190476259888397,8470595
2015020117,497,even-strength,59,-34,FALSE,FALSE,TRUE,TRUE,FALSE,FALSE,0.020210057992446465,8471346
2015020117,498,even-strength,74,-17,FALSE,FALSE,TRUE,TRUE,TRUE,FALSE,0.051252880013205146,8476465
2015020117,499,even-strength,59,3,FALSE,FALSE,TRUE,TRUE,TRUE,FALSE,0.08822425334809143,8474052
2015020117,601,even-strength,66,13,FALSE,FALSE,TRUE,TRUE,TRUE,FALSE,0.04648498817387406,8476437
2015020117,602,even-strength,43,-8,FALSE,FALSE,TRUE,FALSE,FALSE,FALSE,0,8477488
2015020117,603,even-strength,50,21,FALSE,FALSE,TRUE,FALSE,FALSE,FALSE,0,8475784
2015020117,604,even-strength,43,-18,FALSE,FALSE,TRUE,FALSE,FALSE,FALSE,0,8475753
2015020117,605,even-strength,66,-12,FALSE,TRUE,TRUE,FALSE,FALSE,FALSE,0,8475753
2015020117,607,even-strength,61,-20,FALSE,FALSE,TRUE,TRUE,TRUE,FALSE,0.04270161486351224,8474052
2015020117,608,even-strength,57,5,FALSE,FALSE,TRUE,TRUE,FALSE,FALSE,0.05145034672342356,8473533
2015020117,609,even-strength,82,7,FALSE,FALSE,TRUE,FALSE,FALSE,FALSE,0,8474052
2015020117,610,even-strength,82,-16,FALSE,FALSE,TRUE,TRUE,TRUE,FALSE,0.0535364525417698,8470595
2015020117,611,even-strength,79,2,FALSE,FALSE,TRUE,TRUE,TRUE,FALSE,0.11533279411596499,8477496
2015020117,612,even-strength,68,4,FALSE,FALSE,TRUE,TRUE,TRUE,FALSE,0.05784881590676445,8477496
2015020117,613,even-strength,84,5,FALSE,TRUE,TRUE,TRUE,TRUE,FALSE,0.24811938480025014,8476437
2015020117,618,even-strength,64,16,FALSE,FALSE,TRUE,TRUE,TRUE,FALSE,0.04040401150616598,8471804
2015020136,9,even-strength,87,-18,FALSE,FALSE,TRUE,TRUE,TRUE,FALSE,0.03716470611697625,8467371
2015020136,10,even-strength,65,-19,FALSE,FALSE,TRUE,FALSE,FALSE,FALSE,0,8475225
2015020136,11,even-strength,64,12,FALSE,TRUE,TRUE,FALSE,FALSE,FALSE,0,8467890
2015020136,12,even-strength,55,15,TRUE,FALSE,TRUE,TRUE,TRUE,TRUE,0.06544379314374524,8470180
2015020136,15,even-strength,75,11,FALSE,FALSE,TRUE,TRUE,TRUE,FALSE,0.07746842931345538,8476887
2015020136,17,even-strength,54,35,FALSE,FALSE,TRUE,TRUE,TRUE,FALSE,0.019692959755239135,8474600
2015020136,22,even-strength,40,-28,FALSE,FALSE,TRUE,TRUE,FALSE,FALSE,0.017115409261890317,8475176
2015020136,28,even-strength,42,23,FALSE,FALSE,TRUE,FALSE,FALSE,FALSE,0,8474600
2015020136,32,even-strength,52,8,FALSE,FALSE,TRUE,TRUE,TRUE,FALSE,0.06567693168976792,8475218
2015020136,35,even-strength,83,2,FALSE,TRUE,TRUE,TRUE,TRUE,FALSE,0.2956829426549947,8471707
2015020136,36,even-strength,83,8,FALSE,FALSE,TRUE,FALSE,FALSE,FALSE,0,8476887
2015020136,46,penalty-kill,70,-25,FALSE,FALSE,TRUE,TRUE,TRUE,FALSE,0.027291364647071877,8468700
2015020136,302,even-strength,66,4,FALSE,FALSE,TRUE,FALSE,FALSE,FALSE,0,8467370
2015020136,315,even-strength,80,24,FALSE,FALSE,TRUE,TRUE,FALSE,FALSE,0.03170344726723733,8474569
2015020136,316,even-strength,73,-12,FALSE,FALSE,TRUE,FALSE,FALSE,FALSE,0,8475176
2015020136,317,even-strength,63,-8,FALSE,FALSE,TRUE,TRUE,TRUE,FALSE,0.07131684435751112,8475714
2015020136,322,even-strength,59,-6,FALSE,FALSE,TRUE,FALSE,FALSE,FALSE,0,8470642
2015020136,324,even-strength,66,15,FALSE,FALSE,TRUE,TRUE,TRUE,FALSE,0.07564081405633553,8476887
2015020136,326,even-strength,29,-25,FALSE,FALSE,TRUE,TRUE,TRUE,FALSE,0.013358109294597183,8474570
2015020136,327,even-strength,55,-18,TRUE,FALSE,TRUE,FALSE,FALSE,FALSE,0,8475176
2015020136,329,even-strength,54,19,FALSE,FALSE,TRUE,TRUE,TRUE,FALSE,0.0404319823661925,8475225
2015020136,331,even-strength,35,11,FALSE,FALSE,TRUE,TRUE,TRUE,FALSE,0.018142693183396945,8474600
2015020136,336,even-strength,57,-21,FALSE,FALSE,TRUE,FALSE,FALSE,FALSE,0,8474570
2015020136,337,even-strength,68,-10,FALSE,TRUE,TRUE,FALSE,FALSE,FALSE,0,8474570
2015020136,338,even-strength,66,-7,FALSE,FALSE,TRUE,FALSE,FALSE,FALSE,0,8475766
2015020136,339,even-strength,57,1,FALSE,FALSE,TRUE,FALSE,FALSE,FALSE,0,8471707
2015020136,340,even-strength,49,-31,FALSE,FALSE,TRUE,TRUE,FALSE,FALSE,0.013563945341475342,8470642
2015020136,341,even-strength,48,19,FALSE,FALSE,TRUE,TRUE,TRUE,FALSE,0.024775902558147933,8471707
2015020136,342,even-strength,55,-2,FALSE,FALSE,TRUE,FALSE,FALSE,FALSE,0,8467370
2015020136,343,even-strength,63,-13,FALSE,FALSE,TRUE,FALSE,FALSE,FALSE,0,8476887
2015020136,344,even-strength,37,23,FALSE,FALSE,TRUE,TRUE,FALSE,FALSE,0.014377138406588257,8470642
2015020136,345,even-strength,80,-24,FALSE,FALSE,TRUE,TRUE,FALSE,FALSE,0.07172185142895664,8471707
2015020136,347,power-play,39,18,FALSE,FALSE,TRUE,TRUE,TRUE,FALSE,0.04130955220731309,8475176
2015020136,348,power-play,70,2,FALSE,FALSE,TRUE,TRUE,FALSE,FALSE,0.14424349047905427,8474569
2015020136,455,even-strength,62,21,FALSE,FALSE,TRUE,TRUE,TRUE,FALSE,0.023644700712624745,8467370
2015020136,461,even-strength,52,12,FALSE,FALSE,TRUE,FALSE,FALSE,FALSE,0,8474600
2015020136,465,even-strength,51,-3,FALSE,FALSE,TRUE,TRUE,TRUE,FALSE,0.08611287901339576,8467370
2015020136,467,even-strength,54,16,FALSE,FALSE,TRUE,FALSE,FALSE,FALSE,0,8475225
2015020136,468,even-strength,33,6,FALSE,FALSE,TRUE,TRUE,FALSE,FALSE,0.04214143474321068,8474600
2015020136,481,even-strength,80,17,FALSE,FALSE,TRUE,FALSE,FALSE,FALSE,0,8474569
2015020136,482,even-strength,66,-16,TRUE,FALSE,TRUE,TRUE,TRUE,FALSE,0.09977232050487464,8471707
2015020136,484,even-strength,71,31,FALSE,FALSE,TRUE,TRUE,TRUE,FALSE,0.023190755781836016,8474600
2015020136,485,even-strength,57,-18,FALSE,FALSE,TRUE,FALSE,FALSE,FALSE,0,8474570
2015020136,486,even-strength,45,-1,FALSE,FALSE,TRUE,FALSE,FALSE,FALSE,0,8477495
2015020136,488,even-strength,87,-8,FALSE,FALSE,TRUE,TRUE,FALSE,FALSE,0.050055876563581285,8475225
2015020136,489,even-strength,34,-10,FALSE,FALSE,TRUE,TRUE,TRUE,FALSE,0.015548873898602041,8474569
2015020136,491,even-strength,51,15,FALSE,FALSE,TRUE,FALSE,FALSE,FALSE,0,8470642
2015020136,492,even-strength,79,2,FALSE,FALSE,TRUE,TRUE,FALSE,FALSE,0.10903992451962077,8471707
2015020136,494,even-strength,32,-13,FALSE,FALSE,TRUE,TRUE,FALSE,FALSE,0.016781443662535936,8470642
2015020136,495,even-strength,66,10,FALSE,FALSE,TRUE,FALSE,FALSE,FALSE,0,8474569
2015020136,496,even-strength,64,-13,FALSE,FALSE,TRUE,TRUE,TRUE,TRUE,0.04196538555662736,8475714
2015020136,652,even-strength,83,-11,FALSE,FALSE,TRUE,TRUE,TRUE,FALSE,0.06641329221793128,8474569
2015020136,653,even-strength,87,-5,FALSE,TRUE,TRUE,TRUE,TRUE,FALSE,0.20596802530063327,8474569
2015020136,658,even-strength,66,5,FALSE,FALSE,TRUE,FALSE,FALSE,FALSE,0,8471707
2015020136,666,power-play,67,13,FALSE,FALSE,TRUE,FALSE,FALSE,FALSE,0,8475225
2015020136,668,power-play,65,20,FALSE,FALSE,TRUE,TRUE,FALSE,FALSE,0.05547746778809305,8475225
2015020136,669,power-play,76,14,FALSE,FALSE,TRUE,TRUE,TRUE,FALSE,0.07589634234937737,8477495
2015020136,671,power-play,71,-20,FALSE,FALSE,TRUE,FALSE,FALSE,FALSE,0,8475218
2015020136,672,power-play,37,3,FALSE,FALSE,TRUE,TRUE,TRUE,FALSE,0.04527120703875523,8470642
2015020136,678,even-strength,32,-12,FALSE,FALSE,TRUE,TRUE,FALSE,FALSE,0.015351424287972619,8470642
2015020136,680,even-strength,59,17,FALSE,FALSE,TRUE,FALSE,FALSE,FALSE,0,8474600
2015020164,8,even-strength,34,-23,FALSE,FALSE,TRUE,FALSE,FALSE,FALSE,0,8471260
2015020164,25,even-strength,55,17,FALSE,FALSE,TRUE,FALSE,FALSE,FALSE,0,8476455
2015020164,36,power-play,69,1,FALSE,FALSE,TRUE,FALSE,FALSE,FALSE,0,8462042
2015020164,46,even-strength,61,-24,FALSE,FALSE,TRUE,FALSE,FALSE,FALSE,0,8462042
2015020164,54,even-strength,73,-16,TRUE,FALSE,TRUE,TRUE,FALSE,FALSE,0.08021634568377575,8476455
2015020164,55,even-strength,48,8,FALSE,FALSE,TRUE,TRUE,TRUE,FALSE,0.036249780214431114,8476455
2015020164,61,power-play,85,-15,FALSE,FALSE,TRUE,TRUE,TRUE,FALSE,0.05852863650735675,8475168
2015020164,62,power-play,52,11,FALSE,FALSE,TRUE,TRUE,TRUE,FALSE,0.058554835864199656,8477492
2015020164,64,power-play,71,-20,FALSE,FALSE,TRUE,TRUE,TRUE,TRUE,0.0716319362115039,8462042
2015020164,65,even-strength,3,25,FALSE,FALSE,TRUE,TRUE,TRUE,FALSE,0.0022621851806221968,8467400
2015020164,67,even-strength,43,35,FALSE,FALSE,TRUE,TRUE,TRUE,FALSE,0.010798055345564968,8476455
2015020164,86,even-strength,41,15,FALSE,FALSE,TRUE,TRUE,TRUE,FALSE,0.058820234788271177,8467400
2015020164,89,power-play,39,14,FALSE,FALSE,TRUE,TRUE,TRUE,FALSE,0.0674812196847943,8473446
2015020164,92,even-strength,82,23,FALSE,FALSE,TRUE,TRUE,TRUE,FALSE,0.0268120399196435,8475168
2015020164,95,even-strength,69,33,FALSE,FALSE,TRUE,TRUE,TRUE,FALSE,0.021197043496370343,8475168
2015020164,99,even-strength,49,-5,FALSE,FALSE,TRUE,TRUE,TRUE,FALSE,0.035409208850235845,8476455
2015020164,209,even-strength,47,18,FALSE,FALSE,TRUE,TRUE,TRUE,FALSE,0.02600245334310011,8471657
2015020164,211,even-strength,82,-17,FALSE,FALSE,TRUE,TRUE,TRUE,FALSE,0.0596300135968792,8474207
2015020164,219,power-play,83,-11,FALSE,FALSE,TRUE,TRUE,TRUE,FALSE,0.07081123144600612,8476455
2015020164,220,power-play,79,12,FALSE,TRUE,TRUE,TRUE,TRUE,TRUE,0.18762644607786522,8467400
2015020164,222,even-strength,37,19,FALSE,FALSE,TRUE,TRUE,TRUE,FALSE,0.01643133455294923,8470750
2015020164,223,even-strength,67,21,FALSE,FALSE,TRUE,TRUE,FALSE,FALSE,0.04337044001566365,8477492
2015020164,226,even-strength,36,-3,FALSE,FALSE,TRUE,TRUE,FALSE,FALSE,0.03738748868207813,8471262
2015020164,235,even-strength,34,-35,FALSE,FALSE,TRUE,TRUE,TRUE,FALSE,0.010356650645255205,8475197
2015020164,236,even-strength,-10,12,FALSE,FALSE,TRUE,TRUE,FALSE,FALSE,0.0019317812159428951,8474207
2015020164,242,even-strength,45,-27,FALSE,FALSE,TRUE,TRUE,TRUE,FALSE,0.016197392493710362,8477492
2015020164,244,even-strength,68,7,FALSE,FALSE,TRUE,TRUE,TRUE,FALSE,0.06616025404265764,8470750
2015020164,250,even-strength,45,27,FALSE,FALSE,TRUE,TRUE,TRUE,FALSE,0.012241388269993802,8477492
2015020164,260,even-strength,-72,-39,FALSE,FALSE,TRUE,FALSE,FALSE,FALSE,0,8470317
2015020164,265,even-strength,35,31,FALSE,FALSE,TRUE,TRUE,FALSE,FALSE,0.012279295722442166,8467331
2015020164,521,even-strength,80,-2,FALSE,FALSE,TRUE,FALSE,FALSE,FALSE,0,8475197
2015020164,523,even-strength,69,20,FALSE,FALSE,TRUE,TRUE,FALSE,FALSE,0.036543901420753484,8476455
2015020164,524,even-strength,87,-5,FALSE,FALSE,TRUE,TRUE,TRUE,FALSE,0.06142170318619093,8471262
2015020164,525,even-strength,85,-6,FALSE,TRUE,TRUE,TRUE,TRUE,FALSE,0.2540752739750394,8471262
2015020164,527,even-strength,75,11,FALSE,FALSE,TRUE,FALSE,FALSE,FALSE,0,8471260
2015020164,533,even-strength,64,15,FALSE,FALSE,TRUE,TRUE,TRUE,FALSE,0.047349805250764064,8475168
2015020164,551,even-strength,84,5,FALSE,TRUE,TRUE,TRUE,TRUE,FALSE,0.21956385119084354,8467338
2015020164,553,even-strength,73,16,FALSE,FALSE,TRUE,TRUE,TRUE,FALSE,0.03772576928504928,8462042
2015020164,554,even-strength,64,-8,FALSE,FALSE,TRUE,FALSE,FALSE,FALSE,0,8471262
2015020164,577,even-strength,78,3,FALSE,FALSE,TRUE,TRUE,TRUE,TRUE,0.08464676225261149,8471657
2015020164,706,even-strength,71,20,FALSE,FALSE,TRUE,TRUE,FALSE,FALSE,0.05116538958751552,8471262
2015020180,11,even-strength,82,9,FALSE,FALSE,TRUE,TRUE,FALSE,FALSE,0.08168822273633684,8476432
2015020180,12,even-strength,45,-22,FALSE,FALSE,TRUE,FALSE,FALSE,FALSE,0,8475246
2015020180,15,power-play,76,1,FALSE,FALSE,TRUE,FALSE,FALSE,FALSE,0,8475233
2015020180,17,power-play,69,29,FALSE,FALSE,TRUE,TRUE,TRUE,FALSE,0.07188338122836312,8476438
2015020180,18,power-play,72,-12,FALSE,FALSE,TRUE,FALSE,FALSE,FALSE,0,8471273
2015020180,19,power-play,76,9,TRUE,FALSE,TRUE,FALSE,FALSE,FALSE,0,8475246
2015020180,21,power-play,73,2,FALSE,FALSE,TRUE,TRUE,FALSE,FALSE,0.12809909845590262,8476850
2015020180,23,power-play,49,29,FALSE,FALSE,TRUE,TRUE,TRUE,FALSE,0.05189223636453647,8475793
2015020180,25,power-play,86,6,FALSE,FALSE,TRUE,TRUE,TRUE,FALSE,0.0781556953128543,8476432
2015020180,27,power-play,80,-14,FALSE,FALSE,TRUE,TRUE,TRUE,FALSE,0.09035740446603317,8475233
2015020180,28,power-play,67,9,FALSE,FALSE,TRUE,FALSE,FALSE,FALSE,0,8471677
2015020180,31,power-play,43,11,FALSE,FALSE,TRUE,TRUE,TRUE,FALSE,0.0437696213239794,8471273
2015020180,32,power-play,85,4,FALSE,TRUE,TRUE,TRUE,TRUE,TRUE,0.24394103893295407,8476438
2015020180,39,even-strength,66,-3,FALSE,FALSE,TRUE,FALSE,FALSE,FALSE,0,8474597
2015020180,40,even-strength,48,31,FALSE,FALSE,TRUE,TRUE,TRUE,FALSE,0.021061454002546547,8475246
2015020180,41,even-strength,66,32,FALSE,FALSE,TRUE,TRUE,FALSE,FALSE,0.01685438900371063,8475246
2015020180,42,even-strength,63,17,FALSE,FALSE,TRUE,TRUE,TRUE,FALSE,0.043157744145589705,8476448
2015020180,44,even-strength,82,2,FALSE,FALSE,TRUE,TRUE,TRUE,FALSE,0.10420001336893334,8468486
2015020180,45,even-strength,63,28,FALSE,FALSE,TRUE,TRUE,TRUE,FALSE,0.014954351790448807,8468486
2015020180,48,even-strength,73,29,FALSE,FALSE,TRUE,FALSE,FALSE,FALSE,0,8474685
2015020180,50,even-strength,42,33,FALSE,FALSE,TRUE,TRUE,FALSE,FALSE,0.009959199312814016,8475246
2015020180,202,even-strength,88,-4,FALSE,FALSE,TRUE,TRUE,TRUE,FALSE,0.0363364951278844,8476438
2015020180,203,even-strength,43,-22,FALSE,FALSE,TRUE,TRUE,TRUE,FALSE,0.01893299764654039,8475233
2015020180,207,even-strength,62,12,FALSE,FALSE,TRUE,FALSE,FALSE,FALSE,0,8476438
2015020180,212,even-strength,73,31,TRUE,FALSE,TRUE,TRUE,TRUE,FALSE,0.05371863046363526,8476448
2015020180,216,even-strength,56,27,FALSE,FALSE,TRUE,FALSE,FALSE,FALSE,0,8476432
2015020180,223,even-strength,53,29,FALSE,FALSE,TRUE,FALSE,FALSE,FALSE,0,8473422
2015020180,235,even-strength,85,-4,FALSE,FALSE,TRUE,TRUE,TRUE,FALSE,0.09734112352172024,8476438
2015020180,239,even-strength,63,14,FALSE,FALSE,TRUE,FALSE,FALSE,FALSE,0,8475246
2015020180,240,even-strength,37,24,FALSE,FALSE,TRUE,TRUE,TRUE,FALSE,0.01202207443935507,8475246
2015020180,242,even-strength,58,-12,FALSE,FALSE,TRUE,FALSE,FALSE,FALSE,0,8475793
2015020180,250,penalty-kill,43,34,FALSE,FALSE,TRUE,TRUE,FALSE,FALSE,0.03467482758772496,8470169
2015020180,404,penalty-kill,66,-4,FALSE,FALSE,TRUE,TRUE,FALSE,FALSE,0.15740985218227568,8476448
2015020180,405,even-strength,65,38,FALSE,FALSE,TRUE,FALSE,FALSE,FALSE,0,8471677
2015020180,406,even-strength,66,39,FALSE,FALSE,TRUE,TRUE,TRUE,FALSE,0.013376061994569536,8476432
2015020180,408,even-strength,68,15,FALSE,FALSE,TRUE,TRUE,TRUE,FALSE,0.04658861428986369,8476432
2015020180,416,even-strength,73,19,FALSE,FALSE,TRUE,TRUE,TRUE,TRUE,0.04041405195835265,8468486
2015020180,434,even-strength,75,-29,FALSE,FALSE,TRUE,TRUE,TRUE,FALSE,0.03546228149471052,8476432
2015020180,444,even-strength,76,-8,TRUE,FALSE,TRUE,TRUE,TRUE,TRUE,0.20734088939346632,8476432
2015020180,447,even-strength,40,1,FALSE,FALSE,TRUE,TRUE,TRUE,TRUE,0.027524604947096888,8476850
2015020210,7,even-strength,40,-19,TRUE,FALSE,TRUE,FALSE,FALSE,FALSE,0,8475222
2015020210,8,even-strength,73,15,FALSE,FALSE,TRUE,TRUE,TRUE,FALSE,0.05376339377408349,8474176
2015020210,10,even-strength,69,2,FALSE,FALSE,TRUE,FALSE,FALSE,FALSE,0,8475764
2015020210,12,even-strength,86,-11,FALSE,FALSE,TRUE,TRUE,TRUE,FALSE,0.04561421459080705,8474034
2015020210,14,even-strength,86,5,FALSE,FALSE,TRUE,TRUE,TRUE,FALSE,0.036566074533283636,8471390
2015020210,15,even-strength,56,-15,FALSE,FALSE,TRUE,TRUE,TRUE,FALSE,0.027016273373554077,8470886
2015020210,16,even-strength,84,9,FALSE,FALSE,TRUE,TRUE,TRUE,FALSE,0.04174059393016073,8471390
2015020210,22,even-strength,59,4,FALSE,FALSE,TRUE,TRUE,TRUE,TRUE,0.08193022147638289,8470621
2015020210,24,even-strength,84,1,FALSE,FALSE,TRUE,TRUE,TRUE,FALSE,0.1914150162134597,8475164
2015020210,30,even-strength,61,-21,FALSE,FALSE,TRUE,FALSE,FALSE,FALSE,0,8471699
2015020210,32,even-strength,66,-32,FALSE,FALSE,TRUE,TRUE,FALSE,FALSE,0.0193518709270684,8470621
2015020210,34,even-strength,49,8,FALSE,FALSE,TRUE,FALSE,FALSE,FALSE,0,8475764
2015020210,38,even-strength,55,23,TRUE,FALSE,TRUE,TRUE,TRUE,FALSE,0.06795153877433566,8475164
2015020210,39,even-strength,81,-5,FALSE,TRUE,TRUE,TRUE,TRUE,FALSE,0.2621279144336908,8470616
2015020210,42,even-strength,82,3,FALSE,FALSE,TRUE,TRUE,TRUE,FALSE,0.08924111393724274,8473485
2015020210,43,even-strength,89,20,FALSE,TRUE,TRUE,TRUE,TRUE,FALSE,0.25814983743553427,8473485
2015020210,211,even-strength,60,0,FALSE,FALSE,TRUE,FALSE,FALSE,FALSE,0,8469598
2015020210,212,even-strength,67,-18,FALSE,FALSE,TRUE,FALSE,FALSE,FALSE,0,8469598
2015020210,221,even-strength,50,39,TRUE,FALSE,TRUE,TRUE,FALSE,FALSE,0.03723928689573595,8474034
2015020210,222,even-strength,60,31,FALSE,FALSE,TRUE,TRUE,TRUE,FALSE,0.015196581158026348,8470621
2015020210,226,even-strength,52,-22,FALSE,FALSE,TRUE,TRUE,FALSE,FALSE,0.04202444279491384,8476384
2015020210,227,even-strength,64,-30,FALSE,FALSE,TRUE,TRUE,TRUE,FALSE,0.03329797398617231,8475164
2015020210,229,even-strength,69,0,FALSE,FALSE,TRUE,FALSE,FALSE,FALSE,0,8474176
2015020210,231,even-strength,61,-3,FALSE,FALSE,TRUE,FALSE,FALSE,FALSE,0,8475780
2015020210,235,even-strength,62,18,FALSE,FALSE,TRUE,FALSE,FALSE,FALSE,0,8476384
2015020210,238,even-strength,35,14,FALSE,FALSE,TRUE,TRUE,FALSE,FALSE,0.01843215178016284,8469598
2015020210,243,power-play,64,-12,FALSE,FALSE,TRUE,FALSE,FALSE,FALSE,0,8476312
2015020210,244,even-strength,48,36,FALSE,FALSE,TRUE,TRUE,FALSE,FALSE,0.013239190141276643,8470886
2015020210,245,even-strength,29,-30,FALSE,FALSE,TRUE,TRUE,FALSE,FALSE,0.009981957974584385,8475222
2015020210,248,even-strength,50,28,FALSE,FALSE,TRUE,TRUE,FALSE,FALSE,0.015069275617255266,8473485
2015020210,250,even-strength,60,-14,FALSE,FALSE,TRUE,TRUE,TRUE,FALSE,0.04331038044440585,8469598
2015020210,406,power-play,82,-1,FALSE,FALSE,TRUE,TRUE,TRUE,FALSE,0.14215515137971,8470612
2015020210,408,power-play,58,10,FALSE,FALSE,TRUE,FALSE,FALSE,FALSE,0,8476854
2015020210,419,even-strength,55,-28,FALSE,FALSE,TRUE,TRUE,TRUE,FALSE,0.024755384879888487,8470616
2015020210,421,even-strength,64,-15,FALSE,FALSE,TRUE,FALSE,FALSE,FALSE,0,8470621
2015020210,427,even-strength,39,23,FALSE,FALSE,TRUE,TRUE,FALSE,FALSE,0.030198006592476904,8476854
2015020210,429,even-strength,37,18,FALSE,FALSE,TRUE,TRUE,TRUE,FALSE,0.018529285547026174,8475764
2015020210,440,even-strength,73,-23,FALSE,FALSE,TRUE,FALSE,FALSE,FALSE,0,8470621
2015020210,657,even-strength,54,-20,FALSE,FALSE,TRUE,TRUE,FALSE,FALSE,0.023479969105028742,8475164
2015020210,658,even-strength,87,-10,FALSE,FALSE,TRUE,TRUE,FALSE,FALSE,0.048101551466202326,8474176
2015020210,659,even-strength,50,-1,FALSE,FALSE,TRUE,TRUE,FALSE,FALSE,0.03924076432790438,8470612
2015020210,660,even-strength,65,-1,FALSE,FALSE,TRUE,TRUE,FALSE,FALSE,0.06508708841937531,8470621
2015020210,661,even-strength,65,18,FALSE,FALSE,TRUE,FALSE,FALSE,FALSE,0,8470612
2015020227,7,even-strength,55,23,FALSE,FALSE,TRUE,TRUE,TRUE,FALSE,0.0253139143432295,8475754
2015020227,8,even-strength,79,-8,FALSE,TRUE,TRUE,TRUE,TRUE,TRUE,0.21327373443527592,8475166
2015020227,10,even-strength,40,32,FALSE,FALSE,TRUE,FALSE,FALSE,FALSE,0,8475177
2015020227,11,even-strength,60,5,FALSE,FALSE,TRUE,FALSE,FALSE,FALSE,0,8471362
2015020227,15,even-strength,45,6,FALSE,FALSE,TRUE,TRUE,TRUE,TRUE,0.029758789534885456,8471362
2015020244,53,even-strength,73,-21,FALSE,FALSE,TRUE,FALSE,FALSE,FALSE,0,8474679
2015020244,55,even-strength,61,11,FALSE,FALSE,TRUE,TRUE,TRUE,FALSE,0.05847246655657495,8468083
2015020244,59,even-strength,65,-26,FALSE,FALSE,TRUE,TRUE,TRUE,TRUE,0.040010616397393645,8475193
2015020244,66,penalty-kill,75,41,FALSE,FALSE,TRUE,TRUE,TRUE,FALSE,0.018291519011320947,8471794
2015020244,74,power-play,51,-27,FALSE,FALSE,TRUE,TRUE,TRUE,FALSE,0.04366963297654335,8467514
2015020244,75,power-play,59,-2,FALSE,FALSE,TRUE,FALSE,FALSE,FALSE,0,8471242
2015020244,76,power-play,79,-9,FALSE,FALSE,TRUE,FALSE,FALSE,FALSE,0,8475800
2015020244,77,power-play,76,-1,FALSE,FALSE,TRUE,TRUE,TRUE,FALSE,0.11891292255625291,8475772
2015020244,78,even-strength,43,-3,FALSE,FALSE,TRUE,FALSE,FALSE,FALSE,0,8477946
2015020244,80,even-strength,79,4,FALSE,FALSE,TRUE,TRUE,FALSE,FALSE,0.1326435109147391,8476960
2015020244,81,even-strength,-35,16,FALSE,FALSE,TRUE,TRUE,TRUE,FALSE,6.708629151720662e-4,8470318
2015020244,83,even-strength,66,-22,FALSE,FALSE,TRUE,FALSE,FALSE,FALSE,0,8477946
2015020244,84,even-strength,68,0,FALSE,FALSE,TRUE,TRUE,TRUE,FALSE,0.12915334567375666,8475193
2015020244,85,even-strength,84,-8,FALSE,FALSE,TRUE,FALSE,FALSE,FALSE,0,8475800
2015020244,87,even-strength,75,3,FALSE,FALSE,TRUE,TRUE,FALSE,FALSE,0.10055909651002971,8468083
2015020244,88,even-strength,80,-3,FALSE,FALSE,TRUE,TRUE,TRUE,FALSE,0.09267354421962823,8467514
2015020244,89,even-strength,48,8,FALSE,FALSE,TRUE,TRUE,FALSE,FALSE,0.031249687732109507,8471693
2015020244,95,even-strength,68,19,FALSE,FALSE,TRUE,TRUE,TRUE,FALSE,0.04628515465442849,8471693
2015020244,96,even-strength,-10,39,FALSE,FALSE,TRUE,TRUE,TRUE,FALSE,0.0010859541391543286,8471794
2015020244,201,even-strength,83,26,FALSE,FALSE,TRUE,TRUE,TRUE,FALSE,0.02723095952558822,8476960
2015020244,205,even-strength,33,36,FALSE,FALSE,TRUE,TRUE,TRUE,FALSE,0.007174156953429452,8471693
2015020244,206,even-strength,55,40,FALSE,FALSE,TRUE,TRUE,TRUE,FALSE,0.010122237568022016,8471693
2015020244,207,even-strength,40,-18,FALSE,FALSE,TRUE,TRUE,FALSE,FALSE,0.019105492439322448,8476289
2015020244,208,even-strength,49,-10,FALSE,FALSE,TRUE,FALSE,FALSE,FALSE,0,8477946
2015020244,209,even-strength,11,-38,FALSE,FALSE,TRUE,TRUE,TRUE,FALSE,0.001928906766106335,8476960
2015020244,213,even-strength,56,-10,FALSE,FALSE,TRUE,TRUE,TRUE,FALSE,0.047230686249149084,8471242
2015020244,215,even-strength,47,-14,FALSE,FALSE,TRUE,TRUE,TRUE,FALSE,0.02248831581703203,8474679
2015020244,219,even-strength,67,19,FALSE,FALSE,TRUE,TRUE,TRUE,FALSE,0.030515575734664676,8467514
2015020244,220,even-strength,87,-5,FALSE,FALSE,TRUE,TRUE,TRUE,FALSE,0.030591341089254633,8477946
2015020244,222,even-strength,69,-11,FALSE,FALSE,TRUE,FALSE,FALSE,FALSE,0,8471693
2015020244,229,even-strength,77,33,FALSE,FALSE,TRUE,TRUE,TRUE,FALSE,0.024597263296936324,8471794
2015020244,233,even-strength,70,3,FALSE,FALSE,TRUE,TRUE,FALSE,FALSE,0.08872025544837109,8477946
2015020244,234,even-strength,75,-3,FALSE,FALSE,TRUE,FALSE,FALSE,FALSE,0,8468083
2015020244,235,even-strength,70,5,FALSE,FALSE,TRUE,TRUE,TRUE,FALSE,0.08055678652347195,8467514
2015020244,237,even-strength,73,-6,FALSE,FALSE,TRUE,FALSE,FALSE,FALSE,0,8475800
2015020244,239,even-strength,84,-5,FALSE,FALSE,TRUE,TRUE,TRUE,FALSE,0.06909250782098483,8476822
2015020244,241,even-strength,82,26,FALSE,FALSE,TRUE,TRUE,TRUE,FALSE,0.024315846747875503,8468509
2015020244,245,even-strength,81,-20,FALSE,FALSE,TRUE,TRUE,FALSE,FALSE,0.044635932451929726,8477946
2015020244,501,even-strength,37,0,FALSE,FALSE,TRUE,TRUE,TRUE,FALSE,0.01954798240166455,8471242
2015020244,505,even-strength,79,14,FALSE,FALSE,TRUE,FALSE,FALSE,FALSE,0,8476822
2015020244,506,even-strength,78,7,FALSE,FALSE,TRUE,TRUE,TRUE,FALSE,0.05507018632150101,8476960
2015020244,507,even-strength,66,-15,FALSE,FALSE,TRUE,TRUE,FALSE,FALSE,0.06013484178589729,8475193
2015020244,510,even-strength,77,2,FALSE,FALSE,TRUE,TRUE,TRUE,FALSE,0.1110648144072215,8475772
2015020244,512,even-strength,64,-18,FALSE,FALSE,TRUE,FALSE,FALSE,FALSE,0,8471242
2015020244,515,even-strength,19,19,FALSE,FALSE,TRUE,TRUE,TRUE,FALSE,0.004482019150137002,8468083
2015020244,516,even-strength,61,-8,FALSE,FALSE,TRUE,FALSE,FALSE,FALSE,0,8474679
2015020244,518,even-strength,78,0,FALSE,FALSE,TRUE,FALSE,FALSE,FALSE,0,8477215
2015020244,519,even-strength,58,38,FALSE,FALSE,TRUE,TRUE,TRUE,FALSE,0.012048791260300559,8471716
2015020244,521,even-strength,47,-13,FALSE,FALSE,TRUE,FALSE,FALSE,FALSE,0,8471242
2015020244,523,even-strength,51,-4,FALSE,FALSE,TRUE,FALSE,FALSE,FALSE,0,8471693
2015020244,525,even-strength,44,27,FALSE,FALSE,TRUE,TRUE,TRUE,TRUE,0.03598403173763892,8475800
2015020244,603,even-strength,77,8,TRUE,FALSE,TRUE,TRUE,FALSE,FALSE,0.06114415918592296,8467514
2015020244,604,even-strength,39,33,FALSE,FALSE,TRUE,TRUE,FALSE,FALSE,0.006448578707322104,8471693
2015020248,53,even-strength,48,36,TRUE,FALSE,TRUE,TRUE,TRUE,FALSE,0.024063665923592777,8475158
2015020248,67,even-strength,79,10,FALSE,FALSE,TRUE,FALSE,FALSE,FALSE,0,8470852
2015020248,68,even-strength,52,35,FALSE,FALSE,TRUE,TRUE,TRUE,FALSE,0.009551514210736061,8467330
2015020248,69,even-strength,50,-18,FALSE,FALSE,TRUE,FALSE,FALSE,FALSE,0,8471742
2015020248,71,even-strength,75,1,FALSE,FALSE,TRUE,TRUE,FALSE,FALSE,0.11697947926322416,8470852
2015020248,75,power-play,84,-14,FALSE,FALSE,TRUE,TRUE,TRUE,FALSE,0.1364031902674698,8474589
2015020248,77,power-play,84,-9,FALSE,FALSE,TRUE,TRUE,TRUE,FALSE,0.14063923114990412,8475158
2015020248,78,power-play,81,-5,FALSE,TRUE,TRUE,TRUE,TRUE,FALSE,0.4073156529904281,8475158
2015020248,79,even-strength,61,-29,FALSE,FALSE,TRUE,TRUE,FALSE,FALSE,0.01576089865562524,8475220
2015020248,86,even-strength,69,12,FALSE,FALSE,TRUE,FALSE,FALSE,FALSE,0,8470852
2015020248,90,even-strength,59,36,FALSE,FALSE,TRUE,TRUE,TRUE,FALSE,0.01643688374784383,8476931
2015020248,93,even-strength,47,7,TRUE,FALSE,TRUE,TRUE,TRUE,FALSE,0.07746445340410955,8467407
2015020248,95,even-strength,44,0,FALSE,FALSE,TRUE,FALSE,FALSE,FALSE,0,8476878
2015020248,97,power-play,76,1,FALSE,FALSE,TRUE,TRUE,FALSE,FALSE,0.10936479454014869,8477933
2015020248,98,power-play,69,8,FALSE,FALSE,TRUE,TRUE,TRUE,FALSE,0.08011556203699666,8474589
2015020248,204,even-strength,59,6,FALSE,FALSE,TRUE,TRUE,TRUE,FALSE,0.0631427506228637,8477933
2015020248,205,even-strength,69,-6,FALSE,FALSE,TRUE,TRUE,TRUE,FALSE,0.060308059230325825,8473465
2015020248,207,even-strength,62,-37,FALSE,FALSE,TRUE,TRUE,TRUE,FALSE,0.015144265745977631,8477499
2015020248,210,even-strength,73,27,FALSE,FALSE,TRUE,FALSE,FALSE,FALSE,0,8475235
2015020248,212,even-strength,66,-1,FALSE,FALSE,TRUE,FALSE,FALSE,FALSE,0,8470852
2015020248,213,even-strength,69,7,FALSE,FALSE,TRUE,FALSE,FALSE,FALSE,0,8469470
2015020248,221,penalty-kill,49,-17,FALSE,FALSE,TRUE,TRUE,FALSE,FALSE,0.030345258197885264,8478403
2015020248,228,even-strength,77,-9,TRUE,FALSE,TRUE,TRUE,FALSE,FALSE,0.1088034412189959,8475158
2015020248,237,even-strength,77,8,FALSE,FALSE,TRUE,FALSE,FALSE,FALSE,0,8467407
2015020248,239,even-strength,82,3,FALSE,FALSE,TRUE,TRUE,TRUE,FALSE,0.12397866787912556,8473465
2015020248,240,even-strength,80,1,FALSE,TRUE,TRUE,TRUE,TRUE,FALSE,0.3311353320973216,8473465
2015020248,244,even-strength,32,-24,FALSE,FALSE,TRUE,TRUE,TRUE,FALSE,0.014176739408405057,8477499
2015020248,246,even-strength,48,9,FALSE,FALSE,TRUE,FALSE,FALSE,FALSE,0,8470324
2015020248,247,even-strength,67,6,FALSE,FALSE,TRUE,TRUE,TRUE,FALSE,0.06107972914877244,8475158
2015020248,249,even-strength,48,15,FALSE,FALSE,TRUE,TRUE,TRUE,FALSE,0.030001748856831916,8476878
2015020248,250,even-strength,81,0,FALSE,FALSE,TRUE,TRUE,TRUE,FALSE,0.17121524857874013,8476878
2015020248,502,even-strength,35,22,FALSE,FALSE,TRUE,TRUE,FALSE,FALSE,0.01038186458092542,8470324
2015020248,505,even-strength,49,20,FALSE,FALSE,TRUE,FALSE,FALSE,FALSE,0,8470324
2015020248,510,even-strength,39,-28,FALSE,FALSE,TRUE,TRUE,TRUE,FALSE,0.017829773941144864,8475796
2015020248,512,even-strength,35,-30,FALSE,FALSE,TRUE,TRUE,TRUE,FALSE,0.010793335292887934,8477499
2015020248,513,even-strength,35,34,FALSE,FALSE,TRUE,TRUE,FALSE,FALSE,0.011028142299172077,8470324
2015020248,514,even-strength,83,-7,TRUE,FALSE,TRUE,TRUE,TRUE,FALSE,0.11675967622695158,8470852
2015020248,515,even-strength,80,-3,FALSE,FALSE,TRUE,TRUE,TRUE,FALSE,0.099638105032799,8475158
2015020248,526,even-strength,61,-29,FALSE,FALSE,TRUE,TRUE,TRUE,TRUE,0.0263070337050824,8475158
2015020248,528,even-strength,86,-8,FALSE,FALSE,TRUE,TRUE,TRUE,FALSE,0.05127796279486134,8470852
2015020248,531,even-strength,85,-7,FALSE,TRUE,TRUE,TRUE,TRUE,FALSE,0.19493617579687866,8470852
2015020248,536,even-strength,78,1,FALSE,FALSE,TRUE,TRUE,TRUE,FALSE,0.1230913468735702,8476878
2015020248,537,even-strength,79,-11,FALSE,FALSE,TRUE,TRUE,FALSE,FALSE,0.06854045433249281,8477499
2015020248,539,even-strength,38,31,FALSE,FALSE,TRUE,TRUE,FALSE,FALSE,0.012129925533832762,8476931
2015020248,540,even-strength,69,0,FALSE,FALSE,TRUE,TRUE,TRUE,FALSE,0.1110418662488595,8477933
2015020248,541,even-strength,65,8,FALSE,FALSE,TRUE,TRUE,TRUE,FALSE,0.06697204085856966,8476878
2015020248,656,even-strength,55,-14,FALSE,FALSE,TRUE,TRUE,TRUE,FALSE,0.03234878217196459,8474589
2015020248,657,even-strength,78,22,FALSE,TRUE,TRUE,TRUE,TRUE,FALSE,0.11105646089179233,8475728
2015020248,661,even-strength,61,1,TRUE,FALSE,TRUE,FALSE,FALSE,FALSE,0,8475158
2015020248,663,even-strength,82,7,FALSE,FALSE,TRUE,TRUE,TRUE,FALSE,0.08553488431901202,8478403
2015020248,668,even-strength,45,19,FALSE,FALSE,TRUE,TRUE,TRUE,FALSE,0.0750089895930692,8476878
2015020267,29,power-play,39,-28,FALSE,FALSE,TRUE,FALSE,FALSE,FALSE,0,8475902
2015020267,41,even-strength,47,-24,FALSE,FALSE,TRUE,FALSE,FALSE,FALSE,0,8476191
2015020267,58,even-strength,34,24,FALSE,FALSE,TRUE,TRUE,FALSE,FALSE,0.023794594522775152,8469619
2015020267,60,even-strength,67,19,FALSE,FALSE,TRUE,TRUE,FALSE,FALSE,0.03753924009124609,8476792
2015020267,66,even-strength,44,-23,FALSE,FALSE,TRUE,TRUE,TRUE,FALSE,0.022007763014867787,8476191
2015020267,72,even-strength,33,-28,FALSE,FALSE,TRUE,TRUE,FALSE,FALSE,0.0094846159806105,8471717
2015020267,76,even-strength,73,-1,FALSE,FALSE,TRUE,TRUE,TRUE,TRUE,0.11206568529233996,8475292
2015020267,78,even-strength,52,-28,FALSE,FALSE,TRUE,TRUE,TRUE,FALSE,0.01506183298592513,8475902
2015020267,82,power-play,45,20,FALSE,FALSE,TRUE,TRUE,TRUE,FALSE,0.04817925231134593,8465009
2015020267,83,power-play,79,-14,FALSE,TRUE,TRUE,TRUE,TRUE,TRUE,0.2099338420964287,8473419
2015020267,92,even-strength,47,3,FALSE,FALSE,TRUE,TRUE,TRUE,FALSE,0.03368173948391288,8474625
2015020267,93,even-strength,58,0,FALSE,FALSE,TRUE,TRUE,TRUE,FALSE,0.06408917115734017,8476792
2015020267,100,even-strength,57,3,FALSE,FALSE,TRUE,TRUE,TRUE,FALSE,0.05488295813209439,8470638
2015020267,202,even-strength,83,-8,FALSE,FALSE,TRUE,FALSE,FALSE,FALSE,0,8475792
2015020267,203,even-strength,62,-36,FALSE,FALSE,TRUE,FALSE,FALSE,FALSE,0,8475792
2015020267,246,even-strength,73,-2,FALSE,FALSE,TRUE,FALSE,FALSE,FALSE,0,8473492
2015020267,247,even-strength,66,-1,FALSE,FALSE,TRUE,FALSE,FALSE,FALSE,0,8475792
2015020267,255,even-strength,38,-28,FALSE,FALSE,TRUE,TRUE,TRUE,FALSE,0.017831647056161044,8471717
2015020267,259,even-strength,47,-15,FALSE,TRUE,TRUE,TRUE,TRUE,FALSE,0.06073198170361193,8465009
2015020267,260,even-strength,75,16,FALSE,FALSE,TRUE,TRUE,TRUE,TRUE,0.056715588704042565,8470626
2015020267,266,even-strength,51,12,TRUE,FALSE,TRUE,TRUE,TRUE,FALSE,0.06643314291141271,8478366
2015020267,270,even-strength,80,-12,FALSE,FALSE,TRUE,TRUE,TRUE,FALSE,0.07140434942216378,8474625
2015020267,291,even-strength,46,20,FALSE,FALSE,TRUE,TRUE,FALSE,FALSE,0.016942537453698763,8478366
2015020267,293,even-strength,75,-7,FALSE,FALSE,TRUE,FALSE,FALSE,FALSE,0,8475902
2015020267,299,penalty-kill,62,28,FALSE,FALSE,TRUE,TRUE,FALSE,FALSE,0.03527906801819125,8470626
2015020267,455,even-strength,50,-27,TRUE,FALSE,TRUE,TRUE,TRUE,FALSE,0.03841389023576631,8473492
2015020267,456,even-strength,43,25,FALSE,FALSE,TRUE,TRUE,TRUE,FALSE,0.015209124810752098,8469619
2015020267,458,even-strength,59,27,FALSE,FALSE,TRUE,TRUE,TRUE,FALSE,0.02369769460650471,8473492
2015020267,459,even-strength,43,-28,FALSE,FALSE,TRUE,TRUE,TRUE,FALSE,0.013255218145118252,8474625
2015020267,463,even-strength,53,29,FALSE,FALSE,TRUE,TRUE,FALSE,FALSE,0.015740108698377192,8476792
2015020267,465,even-strength,33,3,FALSE,FALSE,TRUE,TRUE,TRUE,FALSE,0.019870761167291785,8475902
2015020267,475,even-strength,59,25,FALSE,FALSE,TRUE,TRUE,TRUE,FALSE,0.02458134034128374,8474625
2015020267,478,even-strength,48,11,FALSE,FALSE,TRUE,TRUE,TRUE,FALSE,0.03201039610427577,8478366
2015020267,485,even-strength,49,26,FALSE,FALSE,TRUE,TRUE,TRUE,FALSE,0.017554587947917623,8469619
2015020267,491,power-play,54,-12,FALSE,FALSE,TRUE,TRUE,TRUE,TRUE,0.08338912782474811,8470638
2015020267,494,even-strength,45,-18,FALSE,FALSE,TRUE,TRUE,TRUE,FALSE,0.020016355811445695,8475902
2015020267,498,even-strength,55,13,FALSE,FALSE,TRUE,TRUE,FALSE,FALSE,0.060989186954977855,8470626
2015020267,545,power-play,68,-4,FALSE,FALSE,TRUE,FALSE,FALSE,FALSE,0,8471276
2015020267,604,even-strength,45,7,FALSE,FALSE,TRUE,TRUE,FALSE,FALSE,0.034856515699795636,8473492
2015020267,609,power-play,40,27,FALSE,FALSE,TRUE,TRUE,TRUE,FALSE,0.04387071038298857,8476792
2015020267,610,power-play,53,12,FALSE,TRUE,TRUE,TRUE,FALSE,FALSE,0.14098451908540596,8470626
2015020267,613,power-play,72,0,FALSE,FALSE,TRUE,TRUE,TRUE,FALSE,0.06672402550263355,8470626
2015020267,614,power-play,64,-2,FALSE,FALSE,TRUE,TRUE,TRUE,FALSE,0.15094908738639432,8470638
2015020267,617,even-strength,22,24,FALSE,FALSE,TRUE,TRUE,TRUE,FALSE,0.0068032367552995935,8465009
2015020267,623,even-strength,53,-11,FALSE,FALSE,TRUE,TRUE,TRUE,FALSE,0.03295420815336215,8473419
2015020267,628,penalty-kill,46,16,FALSE,FALSE,TRUE,TRUE,FALSE,FALSE,0.025513900220025698,8471276
2015020267,629,even-strength,76,-1,FALSE,FALSE,TRUE,TRUE,TRUE,FALSE,0.07120297662030724,8475727
2015020267,701,even-strength,74,-11,FALSE,FALSE,TRUE,FALSE,FALSE,FALSE,0,8471276
2015020267,707,penalty-kill,55,-7,FALSE,FALSE,TRUE,FALSE,FALSE,FALSE,0,8475902
2015020267,708,penalty-kill,69,-3,FALSE,FALSE,TRUE,FALSE,FALSE,FALSE,0,8475902
2015020267,709,even-strength,44,4,FALSE,TRUE,TRUE,FALSE,FALSE,FALSE,0,8476792
2015020279,40,even-strength,65,-11,FALSE,FALSE,TRUE,FALSE,FALSE,FALSE,0,8474568
2015020279,64,even-strength,47,38,FALSE,FALSE,TRUE,TRUE,TRUE,FALSE,0.014576284964344257,8476872
2015020279,66,even-strength,75,11,FALSE,FALSE,TRUE,FALSE,FALSE,FALSE,0,8474190
2015020279,67,even-strength,65,26,FALSE,FALSE,TRUE,TRUE,TRUE,FALSE,0.03828298506591722,8475170
2015020279,68,even-strength,66,-21,FALSE,FALSE,TRUE,FALSE,FALSE,FALSE,0,8474161
2015020279,70,even-strength,40,21,FALSE,FALSE,TRUE,TRUE,FALSE,FALSE,0.013315757024070491,8475430
2015020279,71,even-strength,39,25,FALSE,FALSE,TRUE,TRUE,TRUE,FALSE,0.014598856999353814,8475430
2015020279,73,even-strength,32,-14,FALSE,FALSE,TRUE,TRUE,FALSE,FALSE,0.014935131060585253,8476906
2015020279,74,even-strength,48,-23,FALSE,FALSE,TRUE,TRUE,FALSE,FALSE,0.02031461959078781,8476461
2015020279,77,even-strength,63,-10,FALSE,FALSE,TRUE,FALSE,FALSE,FALSE,0,8474568
2015020279,91,even-strength,65,1,FALSE,FALSE,TRUE,TRUE,FALSE,FALSE,0.07581361119545864,8473512
2015020279,92,even-strength,77,4,FALSE,FALSE,TRUE,TRUE,TRUE,FALSE,0.08370771329525968,8477290
2015020279,97,even-strength,45,35,FALSE,FALSE,TRUE,TRUE,TRUE,FALSE,0.012840233043920757,8476906
2015020279,99,even-strength,77,6,FALSE,FALSE,TRUE,TRUE,TRUE,FALSE,0.08752211748815715,8477290
2015020279,214,even-strength,85,20,FALSE,TRUE,TRUE,TRUE,TRUE,FALSE,0.1139437640862087,8474190
2015020279,224,even-strength,58,-1,FALSE,FALSE,TRUE,TRUE,TRUE,FALSE,0.05691067449493165,8476177
2015020279,230,even-strength,83,-14,FALSE,FALSE,TRUE,TRUE,FALSE,FALSE,0.05433398358179594,8477930
2015020279,247,power-play,59,22,FALSE,FALSE,TRUE,TRUE,TRUE,FALSE,0.05668916931433165,8473512
2015020279,355,even-strength,66,35,FALSE,FALSE,TRUE,TRUE,TRUE,FALSE,0.024818869163913883,8474190
2015020279,356,even-strength,83,39,FALSE,FALSE,TRUE,TRUE,TRUE,FALSE,0.014052962326132408,8476461
2015020279,358,even-strength,66,-6,FALSE,FALSE,TRUE,TRUE,TRUE,FALSE,0.07335702739957022,8477930
2015020279,374,even-strength,71,-1,FALSE,FALSE,TRUE,FALSE,FALSE,FALSE,0,8474584
2015020279,375,even-strength,53,10,FALSE,FALSE,TRUE,TRUE,FALSE,FALSE,0.0356595822646182,8476955
2015020279,376,even-strength,86,-5,FALSE,FALSE,TRUE,TRUE,TRUE,FALSE,0.0292946906712478,8476461
2015020279,378,even-strength,85,10,FALSE,FALSE,TRUE,FALSE,FALSE,FALSE,0,8474190
2015020279,380,even-strength,58,-3,FALSE,FALSE,TRUE,FALSE,FALSE,FALSE,0,8475462
2015020279,382,even-strength,81,20,TRUE,FALSE,TRUE,FALSE,FALSE,FALSE,0,8476177
2015020279,385,power-play,77,-2,FALSE,FALSE,TRUE,TRUE,FALSE,FALSE,0.1312472853591354,8474190
2015020279,386,power-play,58,12,FALSE,FALSE,TRUE,TRUE,TRUE,FALSE,0.07541017643496087,8475170
2015020279,388,power-play,55,-27,FALSE,FALSE,TRUE,TRUE,TRUE,FALSE,0.04543030152570695,8474161
2015020279,390,even-strength,57,24,FALSE,FALSE,TRUE,TRUE,TRUE,FALSE,0.026152223645539555,8477930
2015020279,392,even-strength,22,-14,FALSE,FALSE,TRUE,TRUE,TRUE,FALSE,0.006707413047570786,8473512
2015020279,397,even-strength,37,10,FALSE,FALSE,TRUE,FALSE,FALSE,FALSE,0,8475462
2015020279,398,even-strength,73,-1,FALSE,FALSE,TRUE,FALSE,FALSE,FALSE,0,8473512
2015020279,400,even-strength,84,4,FALSE,FALSE,TRUE,TRUE,TRUE,FALSE,0.035664652098324215,8474190
2015020279,407,even-strength,32,16,FALSE,FALSE,TRUE,TRUE,FALSE,FALSE,0.013260724385585614,8475462
2015020279,410,even-strength,75,2,FALSE,FALSE,TRUE,FALSE,FALSE,FALSE,0,8468513
2015020279,501,even-strength,83,3,FALSE,TRUE,TRUE,TRUE,TRUE,FALSE,0.15503568995096276,8476461
2015020279,504,even-strength,59,5,FALSE,FALSE,TRUE,TRUE,TRUE,FALSE,0.042311870707985616,8476461
2015020279,512,even-strength,31,-2,FALSE,FALSE,TRUE,TRUE,TRUE,FALSE,0.020387425927761507,8468513
2015020279,516,even-strength,20,34,FALSE,FALSE,TRUE,TRUE,FALSE,FALSE,0.0047179368385021955,8474584
2015020279,517,even-strength,75,0,FALSE,FALSE,TRUE,FALSE,FALSE,FALSE,0,8475462
2015020279,518,even-strength,48,10,FALSE,FALSE,TRUE,TRUE,FALSE,FALSE,0.03839021253638594,8476461
2015020279,529,even-strength,80,39,FALSE,FALSE,TRUE,TRUE,TRUE,FALSE,0.021834319042230967,8476872
2015020279,531,even-strength,14,-35,FALSE,FALSE,TRUE,TRUE,TRUE,FALSE,0.00374501459244447,8474190
2015020279,533,even-strength,72,1,FALSE,FALSE,TRUE,FALSE,FALSE,FALSE,0,8475430
2015020279,535,even-strength,81,-40,FALSE,FALSE,TRUE,TRUE,TRUE,FALSE,0.018721390614685723,8475462
2015020279,537,even-strength,44,-2,FALSE,FALSE,TRUE,FALSE,FALSE,FALSE,0,8474584
2015020279,539,even-strength,37,36,FALSE,FALSE,TRUE,TRUE,TRUE,FALSE,0.010682744213333463,8475430
2015020279,540,even-strength,80,-8,FALSE,FALSE,TRUE,FALSE,FALSE,FALSE,0,8474040
2015020279,547,even-strength,77,2,FALSE,FALSE,TRUE,FALSE,FALSE,FALSE,0,8474584
2015020279,550,power-play,38,9,FALSE,FALSE,TRUE,TRUE,TRUE,FALSE,0.03337672425994901,8476906
2015020279,617,even-strength,63,-28,FALSE,TRUE,TRUE,TRUE,FALSE,FALSE,0.07633267365893173,8476461
2015020279,644,even-strength,55,29,FALSE,FALSE,TRUE,TRUE,TRUE,FALSE,0.026771561685801287,8474584
2015020279,651,power-play,81,33,FALSE,FALSE,TRUE,TRUE,TRUE,FALSE,0.05865015339048301,8476461
2015020279,652,even-strength,80,7,FALSE,FALSE,TRUE,FALSE,FALSE,FALSE,0,8474584
2015020279,653,even-strength,80,-2,FALSE,TRUE,TRUE,FALSE,FALSE,FALSE,0,8474584
2015020279,654,even-strength,41,-32,FALSE,FALSE,TRUE,TRUE,TRUE,FALSE,0.012208914073386729,8474568
2015020279,661,even-strength,54,19,FALSE,FALSE,TRUE,FALSE,FALSE,FALSE,0,8475170
2015020279,662,even-strength,78,1,FALSE,FALSE,TRUE,TRUE,TRUE,FALSE,0.11337657765459559,8474161
2015020279,664,even-strength,70,-24,FALSE,FALSE,TRUE,FALSE,FALSE,FALSE,0,8477930
2015020279,667,even-strength,31,6,FALSE,FALSE,TRUE,TRUE,TRUE,FALSE,0.019453651652681796,8468513
2015020279,669,even-strength,45,-30,FALSE,FALSE,TRUE,FALSE,FALSE,FALSE,0,8474568
2015020279,673,penalty-kill,-13,16,TRUE,FALSE,TRUE,TRUE,TRUE,FALSE,0.008848366992540132,8477930
2015020279,678,even-strength,56,15,FALSE,FALSE,TRUE,TRUE,TRUE,FALSE,0.09109072737349032,8474190
2015020279,680,even-strength,63,10,FALSE,FALSE,TRUE,TRUE,TRUE,FALSE,0.12904678360349925,8474161
2015020279,682,even-strength,61,-7,FALSE,FALSE,TRUE,FALSE,FALSE,FALSE,0,8476906
2015020297,53,even-strength,51,17,FALSE,FALSE,TRUE,TRUE,TRUE,FALSE,0.02759652486580002,8471887
2015020297,55,even-strength,37,31,FALSE,FALSE,TRUE,TRUE,TRUE,FALSE,0.008632210623989545,8475208
2015020297,57,even-strength,51,25,FALSE,FALSE,TRUE,FALSE,FALSE,FALSE,0,8471724
2015020297,59,even-strength,45,-32,FALSE,FALSE,TRUE,FALSE,FALSE,FALSE,0,8473933
2015020297,60,even-strength,71,-15,FALSE,TRUE,TRUE,TRUE,FALSE,FALSE,0.11973276023695538,8466393
2015020297,61,even-strength,83,-10,FALSE,TRUE,TRUE,TRUE,TRUE,FALSE,0.15994796003822043,8466393
2015020297,62,even-strength,82,-9,FALSE,TRUE,TRUE,TRUE,TRUE,FALSE,0.18264180286235623,8466393
2015020297,65,even-strength,55,-38,FALSE,FALSE,TRUE,TRUE,TRUE,FALSE,0.012770560153509582,8474013
2015020297,67,even-strength,70,27,FALSE,FALSE,TRUE,FALSE,FALSE,FALSE,0,8478928
2015020297,70,even-strength,35,-34,FALSE,FALSE,TRUE,TRUE,FALSE,FALSE,0.008848246404367594,8473933
2015020297,74,power-play,54,22,FALSE,FALSE,TRUE,TRUE,TRUE,FALSE,0.05367930646404685,8470543
2015020297,76,power-play,33,5,FALSE,FALSE,TRUE,TRUE,FALSE,FALSE,0.02747762964101319,8475208
2015020297,77,power-play,34,-6,FALSE,FALSE,TRUE,TRUE,TRUE,FALSE,0.02877253043093013,8475208
2015020297,78,power-play,69,4,FALSE,FALSE,TRUE,FALSE,FALSE,FALSE,0,8474009
2015020297,81,even-strength,38,-15,FALSE,FALSE,TRUE,TRUE,TRUE,FALSE,0.01428067129606266,8473933
2015020297,90,even-strength,84,15,FALSE,FALSE,TRUE,TRUE,TRUE,FALSE,0.03461783386880197,8475761
2015020297,201,power-play,75,2,FALSE,FALSE,TRUE,FALSE,FALSE,FALSE,0,8471215
2015020297,203,even-strength,84,-8,FALSE,FALSE,TRUE,FALSE,FALSE,FALSE,0,8474102
2015020297,205,even-strength,46,-31,FALSE,FALSE,TRUE,TRUE,TRUE,FALSE,0.02788869929812423,8471724
2015020297,206,even-strength,68,5,FALSE,FALSE,TRUE,FALSE,FALSE,FALSE,0,8473548
2015020297,209,even-strength,63,11,FALSE,FALSE,TRUE,FALSE,FALSE,FALSE,0,8466393
2015020297,217,even-strength,73,6,FALSE,FALSE,TRUE,TRUE,TRUE,FALSE,0.0713105599583153,8471887
2015020297,218,even-strength,73,-11,FALSE,FALSE,TRUE,FALSE,FALSE,FALSE,0,8471887
2015020297,220,even-strength,34,2,FALSE,FALSE,TRUE,TRUE,TRUE,FALSE,0.02145991451895773,8471724
2015020297,228,even-strength,57,-17,FALSE,FALSE,TRUE,TRUE,TRUE,FALSE,0.02709247107858277,8473548
2015020297,231,even-strength,71,13,FALSE,FALSE,TRUE,FALSE,FALSE,FALSE,0,8474009
2015020297,232,even-strength,-77,15,FALSE,FALSE,TRUE,FALSE,FALSE,FALSE,0,8474013
2015020297,233,even-strength,63,-11,FALSE,FALSE,TRUE,FALSE,FALSE,FALSE,0,8470611
2015020297,244,even-strength,46,28,FALSE,FALSE,TRUE,TRUE,TRUE,FALSE,0.015654013910462217,8466393
2015020297,245,even-strength,75,-2,FALSE,TRUE,TRUE,TRUE,TRUE,FALSE,0.23390227509132358,8473548
2015020297,246,even-strength,80,-2,FALSE,FALSE,TRUE,TRUE,TRUE,FALSE,0.17819913835230963,8473548
2015020297,403,power-play,32,4,FALSE,FALSE,TRUE,TRUE,TRUE,FALSE,0.04365578941694586,8471724
2015020297,404,power-play,74,-2,FALSE,FALSE,TRUE,TRUE,FALSE,FALSE,0.15466239705048368,8471887
2015020297,406,power-play,76,-2,FALSE,FALSE,TRUE,FALSE,FALSE,FALSE,0,8475208
2015020297,407,power-play,79,4,FALSE,TRUE,TRUE,TRUE,TRUE,TRUE,0.2516550545245249,8473548
2015020297,408,power-play,80,-26,FALSE,FALSE,TRUE,TRUE,TRUE,FALSE,0.05228855228403067,8471675
2015020297,410,power-play,58,33,FALSE,FALSE,TRUE,TRUE,TRUE,FALSE,0.05107749822147585,8473548
2015020297,411,power-play,62,-8,FALSE,FALSE,TRUE,TRUE,TRUE,FALSE,0.07004285676273415,8471724
2015020297,412,power-play,81,7,FALSE,FALSE,TRUE,TRUE,TRUE,FALSE,0.08475883565259883,8475761
2015020297,414,even-strength,66,-12,FALSE,FALSE,TRUE,TRUE,TRUE,FALSE,0.0415838490930314,8478928
2015020297,417,even-strength,59,37,FALSE,FALSE,TRUE,TRUE,TRUE,FALSE,0.013203190094192463,8475208
2015020297,421,even-strength,48,21,FALSE,FALSE,TRUE,FALSE,FALSE,FALSE,0,8475208
2015020297,422,even-strength,52,11,FALSE,FALSE,TRUE,FALSE,FALSE,FALSE,0,8474102
2015020297,423,even-strength,52,7,FALSE,FALSE,TRUE,TRUE,TRUE,FALSE,0.03530266360199484,8470543
2015020297,425,even-strength,66,-15,FALSE,FALSE,TRUE,TRUE,TRUE,FALSE,0.036291529087491156,8470611
2015020297,431,power-play,79,5,FALSE,FALSE,TRUE,TRUE,FALSE,FALSE,0.11956298358590244,8471887
2015020297,432,power-play,55,-7,FALSE,FALSE,TRUE,TRUE,FALSE,FALSE,0.0647544472817354,8471215
2015020297,433,power-play,67,8,FALSE,FALSE,TRUE,TRUE,TRUE,FALSE,0.09609370833563442,8473548
2015020297,434,even-strength,42,-9,FALSE,FALSE,TRUE,FALSE,FALSE,FALSE,0,8475208
2015020297,442,even-strength,34,-18,FALSE,FALSE,TRUE,TRUE,TRUE,FALSE,0.014214268531656221,8473933
2015020297,443,even-strength,79,-4,FALSE,FALSE,TRUE,TRUE,TRUE,FALSE,0.08169986538850695,8471887
2015020297,444,even-strength,79,-8,FALSE,FALSE,TRUE,TRUE,TRUE,FALSE,0.057951264530683666,8474013
2015020297,445,even-strength,40,0,FALSE,FALSE,TRUE,FALSE,FALSE,FALSE,0,8476431
2015020297,446,even-strength,76,3,FALSE,FALSE,TRUE,FALSE,FALSE,FALSE,0,8474009
2015020297,448,even-strength,62,17,FALSE,FALSE,TRUE,TRUE,TRUE,FALSE,0.04169647146026424,8471724
2015020297,605,even-strength,51,-9,FALSE,FALSE,TRUE,FALSE,FALSE,FALSE,0,8466393
2015020297,609,even-strength,37,-9,FALSE,FALSE,TRUE,TRUE,TRUE,FALSE,0.023421567808626715,8471724
2015020297,611,even-strength,31,-13,FALSE,FALSE,TRUE,TRUE,FALSE,FALSE,0.012480124894125647,8473933
2015020297,615,even-strength,51,17,FALSE,FALSE,TRUE,TRUE,TRUE,FALSE,0.027963691067824096,8470543
2015020297,622,power-play,69,13,FALSE,FALSE,TRUE,FALSE,FALSE,FALSE,0,8473548
2015020297,631,even-strength,38,10,FALSE,FALSE,TRUE,TRUE,TRUE,FALSE,0.015128932337888215,8476431
2015020297,632,even-strength,80,6,FALSE,FALSE,TRUE,TRUE,TRUE,FALSE,0.07460185557851404,8471887
2015020297,635,even-strength,85,17,FALSE,FALSE,TRUE,TRUE,TRUE,FALSE,0.06820271410661959,8471887
2015020297,638,even-strength,80,0,FALSE,FALSE,TRUE,FALSE,FALSE,FALSE,0,8475761
2015020297,639,even-strength,79,4,FALSE,FALSE,TRUE,FALSE,FALSE,FALSE,0,8475761
2015020297,640,even-strength,38,1,FALSE,TRUE,TRUE,TRUE,TRUE,FALSE,0.11981607738857446,8470543
2015020297,642,even-strength,53,-4,FALSE,FALSE,TRUE,TRUE,TRUE,FALSE,0.06642623743648877,8471215
2015020297,643,even-strength,84,-7,FALSE,TRUE,TRUE,TRUE,TRUE,FALSE,0.18499460747445604,8474102
2015020329,8,even-strength,75,25,FALSE,FALSE,TRUE,TRUE,TRUE,FALSE,0.03971328711752882,8474141
2015020329,10,even-strength,60,21,FALSE,FALSE,TRUE,TRUE,FALSE,FALSE,0.02601894363229029,8466148
2015020329,11,even-strength,81,3,TRUE,FALSE,TRUE,TRUE,TRUE,FALSE,0.17055284190921646,8466148
2015020329,15,even-strength,63,31,FALSE,FALSE,TRUE,TRUE,FALSE,FALSE,0.019002936962368985,8476381
2015020329,16,even-strength,75,-7,FALSE,FALSE,TRUE,TRUE,FALSE,FALSE,0.07967804456680397,8473604
2015020329,18,power-play,61,-18,FALSE,FALSE,TRUE,TRUE,TRUE,FALSE,0.050736113893565575,8477845
2015020329,19,power-play,80,-6,FALSE,TRUE,TRUE,TRUE,TRUE,FALSE,0.24876375691649047,8476381
2015020329,20,power-play,58,-12,FALSE,FALSE,TRUE,FALSE,FALSE,FALSE,0,8477845
2015020329,24,even-strength,39,-8,FALSE,FALSE,TRUE,TRUE,FALSE,FALSE,0.030542787088498006,8470607
2015020329,25,even-strength,50,3,FALSE,FALSE,TRUE,TRUE,FALSE,FALSE,0.07805253611324756,8478550
2015020329,26,even-strength,59,17,FALSE,FALSE,TRUE,TRUE,FALSE,FALSE,0.037573443252027994,8477448
2015020329,28,even-strength,56,-26,FALSE,FALSE,TRUE,TRUE,TRUE,FALSE,0.023341762313987345,8466148
2015020329,30,even-strength,76,-2,FALSE,FALSE,TRUE,FALSE,FALSE,FALSE,0,8470281
2015020329,31,even-strength,39,17,FALSE,FALSE,TRUE,TRUE,TRUE,TRUE,0.020383501801638636,8470607
2015020329,33,even-strength,65,-20,FALSE,FALSE,TRUE,TRUE,TRUE,FALSE,0.054873768432604664,8466148
2015020329,35,even-strength,71,1,FALSE,FALSE,TRUE,TRUE,FALSE,FALSE,0.09863671755971029,8476116
2015020329,36,even-strength,65,-2,FALSE,FALSE,TRUE,FALSE,FALSE,FALSE,0,8478550
2015020329,37,even-strength,78,18,FALSE,FALSE,TRUE,TRUE,TRUE,FALSE,0.04116996999926839,8474141
2015020329,39,even-strength,59,-1,FALSE,FALSE,TRUE,TRUE,FALSE,FALSE,0.06544266417090838,8473573
2015020329,40,even-strength,40,-19,FALSE,FALSE,TRUE,TRUE,FALSE,FALSE,0.029840191403846247,8470607
2015020329,43,even-strength,59,7,FALSE,FALSE,TRUE,TRUE,TRUE,FALSE,0.048579537367917286,8476116
2015020329,204,even-strength,66,13,FALSE,FALSE,TRUE,TRUE,TRUE,TRUE,0.043355050749258536,8473604
2015020329,206,even-strength,61,13,FALSE,FALSE,TRUE,TRUE,TRUE,FALSE,0.05111465299160967,8477448
2015020329,219,power-play,65,20,FALSE,FALSE,TRUE,TRUE,FALSE,FALSE,0.07414544759425666,8478550
2015020329,221,power-play,55,-13,FALSE,FALSE,TRUE,TRUE,FALSE,FALSE,0.0511690701083976,8466148
2015020329,232,even-strength,42,-14,FALSE,FALSE,TRUE,TRUE,TRUE,FALSE,0.02789308341689375,8474141
2015020329,233,even-strength,63,-7,FALSE,FALSE,TRUE,FALSE,FALSE,FALSE,0,8470110
2015020329,234,even-strength,61,-11,FALSE,TRUE,TRUE,FALSE,FALSE,FALSE,0,8471956
2015020329,244,even-strength,80,-8,FALSE,FALSE,TRUE,FALSE,FALSE,FALSE,0,8473573
2015020329,247,power-play,53,0,FALSE,FALSE,TRUE,FALSE,FALSE,FALSE,0,8470607
2015020329,249,power-play,53,9,FALSE,FALSE,TRUE,FALSE,FALSE,FALSE,0,8470281
2015020329,401,power-play,57,21,FALSE,FALSE,TRUE,TRUE,TRUE,FALSE,0.06122589057539037,8466148
2015020329,402,power-play,52,-15,FALSE,FALSE,TRUE,FALSE,FALSE,FALSE,0,8477845
2015020329,403,power-play,45,-1,FALSE,FALSE,TRUE,TRUE,FALSE,FALSE,0.05384175075632964,8470110
2015020329,404,power-play,67,-17,FALSE,TRUE,TRUE,TRUE,TRUE,FALSE,0.21178355071198768,8477845
2015020329,406,even-strength,54,-1,FALSE,FALSE,TRUE,FALSE,FALSE,FALSE,0,8478550
2015020329,407,even-strength,58,38,FALSE,TRUE,TRUE,TRUE,TRUE,TRUE,0.05134893022795612,8470281
2015020329,410,even-strength,68,3,FALSE,FALSE,TRUE,FALSE,FALSE,FALSE,0,8471769
2015020329,412,even-strength,62,14,TRUE,FALSE,TRUE,TRUE,FALSE,FALSE,0.09494007851109036,8474850
2015020329,413,even-strength,68,8,TRUE,FALSE,TRUE,TRUE,FALSE,FALSE,0.10541797510518265,8473573
2015020329,414,even-strength,46,0,FALSE,FALSE,TRUE,TRUE,TRUE,FALSE,0.03184381642920332,8474141
2015020329,420,even-strength,54,16,FALSE,FALSE,TRUE,FALSE,FALSE,FALSE,0,8470281
2015020329,421,even-strength,56,-31,FALSE,FALSE,TRUE,TRUE,TRUE,FALSE,0.021410854845524106,8475323
2015020329,448,penalty-kill,61,2,FALSE,FALSE,TRUE,FALSE,FALSE,FALSE,0,8466148
2015020329,450,even-strength,68,9,TRUE,FALSE,TRUE,TRUE,FALSE,FALSE,0.11264568179810597,8476381
2015020329,601,even-strength,65,-8,FALSE,FALSE,TRUE,FALSE,FALSE,FALSE,0,8470607
2015020329,603,even-strength,68,8,FALSE,FALSE,TRUE,TRUE,TRUE,FALSE,0.07453025630877425,8478528
2015020329,604,even-strength,77,0,FALSE,TRUE,TRUE,TRUE,TRUE,FALSE,0.29875661282465854,8471956
2015020329,606,even-strength,69,-16,FALSE,FALSE,TRUE,FALSE,FALSE,FALSE,0,8470607
2015020329,609,even-strength,39,11,FALSE,FALSE,TRUE,TRUE,TRUE,FALSE,0.02034675873708577,8478528
2015020329,610,even-strength,67,23,FALSE,TRUE,TRUE,FALSE,FALSE,FALSE,0,8478528
2015020329,612,even-strength,52,-9,FALSE,FALSE,TRUE,FALSE,FALSE,FALSE,0,8471769
2015020329,617,even-strength,69,0,FALSE,FALSE,TRUE,FALSE,FALSE,FALSE,0,8477448
2015020329,618,even-strength,43,1,FALSE,FALSE,TRUE,TRUE,FALSE,FALSE,0.02472586585094331,8470110
2015020329,619,even-strength,78,-2,FALSE,FALSE,TRUE,TRUE,TRUE,FALSE,0.10535858041932272,8478528
2015020329,620,even-strength,83,-1,FALSE,TRUE,TRUE,TRUE,TRUE,TRUE,0.3460648841700458,8471956
2015020329,622,even-strength,81,-12,FALSE,FALSE,TRUE,TRUE,FALSE,FALSE,0.04715847975289989,8474141
2015020329,627,even-strength,81,-1,FALSE,FALSE,TRUE,TRUE,FALSE,FALSE,0.2068724756560594,8476116
2015020329,633,even-strength,76,19,FALSE,FALSE,TRUE,TRUE,TRUE,FALSE,0.04713434895974647,8473604
2015020329,634,even-strength,86,-6,TRUE,FALSE,TRUE,FALSE,FALSE,FALSE,0,8473604
2015020329,635,even-strength,67,-11,FALSE,FALSE,TRUE,TRUE,FALSE,FALSE,0.06385248555490992,8476381
2015020329,636,even-strength,59,15,FALSE,FALSE,TRUE,TRUE,FALSE,FALSE,0.036433930205509946,8474141
2015020329,637,even-strength,25,-23,FALSE,FALSE,TRUE,TRUE,TRUE,FALSE,0.008873618201222434,8478550
2015020329,638,even-strength,47,8,FALSE,FALSE,TRUE,TRUE,TRUE,FALSE,0.04316826960921746,8478550
2015020352,9,even-strength,69,-8,FALSE,FALSE,TRUE,TRUE,TRUE,FALSE,0.033656353661655,8476462
2015020352,15,even-strength,37,7,FALSE,FALSE,TRUE,TRUE,TRUE,FALSE,0.031604026936346015,8469770
2015020352,18,even-strength,80,-5,FALSE,FALSE,TRUE,FALSE,FALSE,FALSE,0,8477935
2015020352,19,even-strength,56,12,FALSE,FALSE,TRUE,TRUE,TRUE,FALSE,0.05179517082379337,8473564
2015020352,24,even-strength,57,39,FALSE,FALSE,TRUE,FALSE,FALSE,FALSE,0,8470162
2015020352,25,even-strength,56,27,FALSE,FALSE,TRUE,TRUE,FALSE,FALSE,0.022985750990901416,8470162
2015020352,30,even-strength,33,35,FALSE,FALSE,TRUE,TRUE,TRUE,FALSE,0.006684224355792527,8469770
2015020352,32,even-strength,32,33,FALSE,FALSE,TRUE,FALSE,FALSE,FALSE,0,8470966
2015020352,41,even-strength,58,37,FALSE,FALSE,TRUE,TRUE,TRUE,FALSE,0.012040214112776454,8473564
2015020352,43,even-strength,78,-2,FALSE,FALSE,TRUE,FALSE,FALSE,FALSE,0,8476462
2015020352,44,even-strength,80,-8,TRUE,FALSE,TRUE,TRUE,TRUE,FALSE,0.09584532414677474,8474577
2015020352,48,even-strength,55,-33,TRUE,FALSE,TRUE,FALSE,FALSE,FALSE,0,8470877
2015020352,49,even-strength,21,-25,FALSE,FALSE,TRUE,TRUE,TRUE,FALSE,0.004409874391858404,8476462
2015020352,254,even-strength,69,12,FALSE,FALSE,TRUE,TRUE,FALSE,FALSE,0.08502710381743167,8476346
2015020352,258,even-strength,60,-22,FALSE,FALSE,TRUE,TRUE,TRUE,FALSE,0.02428587547326515,8476440
2015020352,259,even-strength,77,-3,FALSE,FALSE,TRUE,TRUE,TRUE,FALSE,0.10041947158025522,8475907
2015020352,260,even-strength,58,35,FALSE,FALSE,TRUE,FALSE,FALSE,FALSE,0,8470966
2015020352,263,even-strength,70,-10,FALSE,FALSE,TRUE,TRUE,TRUE,FALSE,0.04949125754502908,8470877
2015020352,264,even-strength,70,21,FALSE,FALSE,TRUE,FALSE,FALSE,FALSE,0,8470966
2015020352,275,even-strength,65,7,FALSE,FALSE,TRUE,FALSE,FALSE,FALSE,0,8470162
2015020352,277,even-strength,72,-4,FALSE,FALSE,TRUE,FALSE,FALSE,FALSE,0,8474150
2015020352,278,even-strength,70,18,FALSE,FALSE,TRUE,TRUE,FALSE,FALSE,0.04455643580086724,8474150
2015020352,280,power-play,31,18,FALSE,FALSE,TRUE,TRUE,TRUE,FALSE,0.02622549060651978,8469770
2015020352,282,power-play,60,5,FALSE,FALSE,TRUE,FALSE,FALSE,FALSE,0,8469770
2015020352,283,power-play,39,-29,FALSE,FALSE,TRUE,TRUE,TRUE,FALSE,0.031166396885377576,8476462
2015020352,284,power-play,79,-6,FALSE,FALSE,TRUE,TRUE,TRUE,FALSE,0.0917206266568448,8474577
2015020352,286,power-play,69,27,FALSE,FALSE,TRUE,FALSE,FALSE,FALSE,0,8476462
2015020352,287,power-play,61,10,FALSE,FALSE,TRUE,FALSE,FALSE,FALSE,0,8470966
2015020352,295,even-strength,68,-6,FALSE,FALSE,TRUE,TRUE,TRUE,FALSE,0.07782313094502308,8470877
2015020352,403,penalty-kill,65,8,FALSE,FALSE,TRUE,TRUE,TRUE,FALSE,0.20921005065955287,8476440
2015020352,412,even-strength,58,23,FALSE,FALSE,TRUE,TRUE,FALSE,FALSE,0.01994344142775975,8474577
2015020352,414,even-strength,67,-25,FALSE,FALSE,TRUE,FALSE,FALSE,FALSE,0,8470162
2015020352,415,even-strength,56,-24,FALSE,FALSE,TRUE,FALSE,FALSE,FALSE,0,8470966
2015020352,417,even-strength,50,-27,FALSE,FALSE,TRUE,FALSE,FALSE,FALSE,0,8476462
2015020352,420,even-strength,83,-11,FALSE,FALSE,TRUE,FALSE,FALSE,FALSE,0,8470201
2015020352,422,even-strength,81,-21,FALSE,FALSE,TRUE,FALSE,FALSE,FALSE,0,8477591
2015020352,423,even-strength,44,8,FALSE,FALSE,TRUE,TRUE,TRUE,FALSE,0.029672198675475294,8470966
2015020352,424,even-strength,67,-29,FALSE,FALSE,TRUE,TRUE,FALSE,FALSE,0.02505874493887101,8473564
2015020352,426,even-strength,42,30,TRUE,FALSE,TRUE,FALSE,FALSE,FALSE,0,8470966
2015020352,428,even-strength,38,-33,FALSE,FALSE,TRUE,TRUE,FALSE,FALSE,0.015191772801682747,8476462
2015020352,430,even-strength,72,-12,FALSE,FALSE,TRUE,FALSE,FALSE,FALSE,0,8468674
2015020352,436,even-strength,62,13,FALSE,FALSE,TRUE,TRUE,TRUE,FALSE,0.05512877498238608,8470966
2015020352,445,even-strength,33,-34,FALSE,FALSE,TRUE,TRUE,TRUE,FALSE,0.00700261456118706,8468674
2015020352,446,even-strength,52,-15,FALSE,FALSE,TRUE,TRUE,TRUE,FALSE,0.02634448426922361,8473564
2015020352,449,even-strength,41,-12,FALSE,FALSE,TRUE,FALSE,FALSE,FALSE,0,8476462
2015020352,450,even-strength,73,6,FALSE,FALSE,TRUE,TRUE,FALSE,FALSE,0.07110359224577141,8470201
2015020352,601,even-strength,81,0,FALSE,FALSE,TRUE,FALSE,FALSE,FALSE,0,8476346
2015020352,602,even-strength,58,25,FALSE,FALSE,TRUE,TRUE,FALSE,FALSE,0.013240339818860043,8477935
2015020352,603,even-strength,62,-25,FALSE,FALSE,TRUE,TRUE,TRUE,FALSE,0.027457211514053035,8473564
2015020352,606,even-strength,32,-25,FALSE,FALSE,TRUE,TRUE,FALSE,FALSE,0.011372070624994889,8471729
2015020352,607,even-strength,65,36,FALSE,FALSE,TRUE,TRUE,TRUE,FALSE,0.017031722596563173,8477497
2015020352,609,even-strength,62,-20,FALSE,FALSE,TRUE,FALSE,FALSE,FALSE,0,8476440
2015020352,610,even-strength,64,3,FALSE,FALSE,TRUE,FALSE,FALSE,FALSE,0,8474150
2015020352,614,even-strength,65,10,FALSE,FALSE,TRUE,FALSE,FALSE,FALSE,0,8475907
2015020352,615,even-strength,63,2,FALSE,FALSE,TRUE,TRUE,TRUE,TRUE,0.05926304933448169,8476440
2015020352,617,even-strength,68,5,FALSE,FALSE,TRUE,TRUE,FALSE,FALSE,0.060240042818010694,8476440
2015020352,620,even-strength,57,37,FALSE,FALSE,TRUE,TRUE,FALSE,FALSE,0.012082094447136097,8474150
2015020352,623,even-strength,53,3,FALSE,FALSE,TRUE,FALSE,FALSE,FALSE,0,8470966
2015020352,624,even-strength,85,-6,FALSE,FALSE,TRUE,TRUE,TRUE,FALSE,0.07441826144723952,8477935
2015020352,626,power-play,76,10,FALSE,FALSE,TRUE,TRUE,FALSE,FALSE,0.07262946381281979,8474673
2015020352,627,power-play,66,-19,FALSE,FALSE,TRUE,TRUE,FALSE,FALSE,0.06196593940148602,8476346
2015020352,628,power-play,67,-14,FALSE,FALSE,TRUE,TRUE,TRUE,FALSE,0.05372204595954605,8474673
2015020352,629,power-play,57,19,FALSE,FALSE,TRUE,FALSE,FALSE,FALSE,0,8474673
2015020352,633,even-strength,73,9,FALSE,FALSE,TRUE,TRUE,FALSE,FALSE,0.09355638800808881,8475907
2015020352,634,even-strength,68,12,FALSE,FALSE,TRUE,TRUE,TRUE,FALSE,0.06453754599312221,8475907
2015020352,639,even-strength,41,33,FALSE,FALSE,TRUE,TRUE,TRUE,FALSE,0.014186169432739829,8470201
2015020352,642,even-strength,85,-7,TRUE,FALSE,TRUE,TRUE,TRUE,TRUE,0.11612352531494366,8475907
2015020368,9,even-strength,51,-31,FALSE,FALSE,TRUE,TRUE,TRUE,FALSE,0.015497315288864708,8466393
2015020368,18,even-strength,90,22,FALSE,FALSE,TRUE,TRUE,TRUE,TRUE,0.10252646572461958,8473548
2015020368,24,power-play,81,-3,TRUE,FALSE,TRUE,TRUE,FALSE,FALSE,0.19692232674675472,8471675
2015020368,25,power-play,87,8,FALSE,FALSE,TRUE,TRUE,TRUE,FALSE,0.08852631342739661,8471215
2015020368,26,power-play,88,13,FALSE,FALSE,TRUE,TRUE,FALSE,FALSE,0.06571842684434515,8471215
2015020368,27,power-play,63,17,FALSE,FALSE,TRUE,TRUE,TRUE,FALSE,0.08406524376536616,8473548
2015020368,34,even-strength,84,19,FALSE,FALSE,TRUE,TRUE,FALSE,FALSE,0.06205780353743289,8470543
2015020368,35,even-strength,60,-10,FALSE,FALSE,TRUE,TRUE,TRUE,FALSE,0.03662897235601015,8470611
2015020368,36,even-strength,76,0,FALSE,FALSE,TRUE,TRUE,TRUE,FALSE,0.11896951475479413,8470611
2015020368,38,even-strength,73,7,FALSE,FALSE,TRUE,TRUE,FALSE,FALSE,0.06775296815523085,8474102
2015020368,44,even-strength,74,15,FALSE,FALSE,TRUE,TRUE,TRUE,FALSE,0.04186340519310513,8475761
2015020368,45,even-strength,44,31,FALSE,FALSE,TRUE,TRUE,FALSE,FALSE,0.014056741964517873,8474013
2015020368,46,even-strength,84,7,FALSE,FALSE,TRUE,FALSE,FALSE,FALSE,0,8475761
2015020368,47,even-strength,42,-24,FALSE,FALSE,TRUE,TRUE,TRUE,FALSE,0.018670678097687535,8475761
2015020368,48,even-strength,69,3,FALSE,TRUE,TRUE,TRUE,TRUE,FALSE,0.21849692013446378,8471887
2015020368,201,even-strength,86,8,FALSE,TRUE,TRUE,TRUE,FALSE,FALSE,0.22424622749446885,8474009
2015020368,207,even-strength,81,-13,FALSE,FALSE,TRUE,FALSE,FALSE,FALSE,0,8464989
2015020368,208,even-strength,78,0,FALSE,FALSE,TRUE,TRUE,TRUE,FALSE,0.10019852765557213,8464989
2015020368,210,even-strength,67,6,FALSE,FALSE,TRUE,TRUE,TRUE,FALSE,0.07100755537287697,8466393
2015020368,212,even-strength,34,34,FALSE,FALSE,TRUE,TRUE,TRUE,FALSE,0.008976866853265722,8471724
2015020368,217,even-strength,68,38,FALSE,FALSE,TRUE,TRUE,TRUE,FALSE,0.022826958638858866,8471215
2015020368,221,even-strength,60,7,FALSE,FALSE,TRUE,FALSE,FALSE,FALSE,0,8466393
2015020368,222,even-strength,81,8,FALSE,FALSE,TRUE,TRUE,FALSE,FALSE,0.053680256513017596,8470543
2015020368,238,even-strength,61,4,FALSE,FALSE,TRUE,FALSE,FALSE,FALSE,0,8478928
2015020368,239,even-strength,71,15,FALSE,FALSE,TRUE,FALSE,FALSE,FALSE,0,8475208
2015020368,240,even-strength,52,17,FALSE,FALSE,TRUE,TRUE,TRUE,FALSE,0.038755478550813856,8475208
2015020368,241,even-strength,85,4,FALSE,TRUE,TRUE,TRUE,TRUE,TRUE,0.27019629257712613,8464989
2015020368,245,even-strength,57,20,FALSE,FALSE,TRUE,TRUE,TRUE,FALSE,0.03181182365427672,8471887
2015020368,246,even-strength,82,-2,FALSE,FALSE,TRUE,TRUE,TRUE,TRUE,0.08408973544651202,8471215
2015020368,249,even-strength,83,7,FALSE,FALSE,TRUE,TRUE,TRUE,FALSE,0.09921197663798313,8478928
2015020368,401,even-strength,68,31,FALSE,FALSE,TRUE,TRUE,TRUE,FALSE,0.023361357152981245,8475208
2015020368,405,even-strength,75,6,FALSE,FALSE,TRUE,FALSE,FALSE,FALSE,0,8471887
2015020368,431,even-strength,24,-34,FALSE,FALSE,TRUE,TRUE,TRUE,FALSE,0.035471053738248444,8473933
2015020368,447,even-strength,86,18,FALSE,FALSE,TRUE,TRUE,TRUE,FALSE,0.02679853974277788,8474013
2015020368,449,even-strength,33,3,FALSE,FALSE,TRUE,TRUE,FALSE,FALSE,0.022528624175021487,8474660
2015020368,606,even-strength,71,17,FALSE,FALSE,TRUE,TRUE,TRUE,FALSE,0.05163850697248487,8473548
2015020368,610,power-play,70,13,FALSE,FALSE,TRUE,FALSE,FALSE,FALSE,0,8473548
2015020368,612,power-play,38,32,FALSE,FALSE,TRUE,TRUE,FALSE,FALSE,0.03558887008920551,8474660
2015020368,613,power-play,55,-1,FALSE,FALSE,TRUE,TRUE,FALSE,FALSE,0.11531293096836705,8474102
2015020368,614,power-play,45,28,FALSE,FALSE,TRUE,TRUE,TRUE,FALSE,0.06769022902151495,8475761
2015020368,615,power-play,79,1,FALSE,TRUE,TRUE,TRUE,TRUE,TRUE,0.30449647341212643,8474102
2015020368,618,even-strength,81,-14,FALSE,FALSE,TRUE,TRUE,FALSE,FALSE,0.06345321702426056,8478928
2015020368,619,even-strength,40,2,FALSE,FALSE,TRUE,TRUE,FALSE,FALSE,0.035683676951135154,8474660
2015020368,624,penalty-kill,31,11,FALSE,FALSE,TRUE,TRUE,TRUE,FALSE,0.05205726562339561,8464989
2015020368,631,even-strength,55,-24,FALSE,FALSE,TRUE,TRUE,TRUE,FALSE,0.02856863829386595,8471724
2015020368,632,even-strength,86,6,FALSE,FALSE,TRUE,TRUE,TRUE,FALSE,0.07123790852820788,8474009
2015020368,648,even-strength,67,-37,FALSE,FALSE,TRUE,TRUE,TRUE,FALSE,0.018727702167140904,8471675
2015020387,61,even-strength,44,26,FALSE,FALSE,TRUE,TRUE,TRUE,FALSE,0.021558976900041937,8471390
2015020387,64,even-strength,65,38,FALSE,FALSE,TRUE,TRUE,TRUE,FALSE,0.019383369393009765,8476854
2015020387,66,power-play,79,-3,FALSE,FALSE,TRUE,FALSE,FALSE,FALSE,0,8475222
2015020387,68,power-play,51,-1,FALSE,FALSE,TRUE,TRUE,FALSE,FALSE,0.058785078037787306,8475222
2015020387,70,power-play,80,-3,FALSE,FALSE,TRUE,FALSE,FALSE,FALSE,0,8476854
2015020387,82,even-strength,41,-29,FALSE,FALSE,TRUE,TRUE,TRUE,FALSE,0.019825402959617263,8469598
2015020387,90,power-play,59,-16,FALSE,TRUE,TRUE,TRUE,TRUE,FALSE,0.17864148375346797,8476483
2015020387,91,power-play,69,-17,FALSE,FALSE,TRUE,TRUE,TRUE,FALSE,0.06682863395646256,8476483
2015020387,251,power-play,64,-13,FALSE,FALSE,TRUE,TRUE,TRUE,FALSE,0.051346751697339994,8475764
2015020387,252,power-play,57,7,FALSE,FALSE,TRUE,TRUE,FALSE,FALSE,0.07950685600324515,8470612
2015020387,253,power-play,57,-11,FALSE,FALSE,TRUE,TRUE,TRUE,FALSE,0.056538910783796276,8475764
2015020387,254,power-play,50,18,FALSE,FALSE,TRUE,TRUE,FALSE,FALSE,0.049762272297582136,8475222
2015020387,255,power-play,78,-1,FALSE,FALSE,TRUE,TRUE,FALSE,FALSE,0.16029439487915287,8470621
2015020387,259,even-strength,73,-2,FALSE,FALSE,TRUE,TRUE,TRUE,FALSE,0.12706635645279246,8467423
2015020387,260,even-strength,78,-1,FALSE,FALSE,TRUE,TRUE,TRUE,FALSE,0.13146342934181154,8476483
2015020387,265,even-strength,76,7,FALSE,FALSE,TRUE,TRUE,TRUE,FALSE,0.0856314839473161,8470775
2015020387,268,even-strength,46,38,FALSE,FALSE,TRUE,TRUE,FALSE,FALSE,0.010319963560767292,8476854
2015020387,284,even-strength,61,20,FALSE,FALSE,TRUE,TRUE,TRUE,FALSE,0.03254884896847874,8467423
2015020387,286,even-strength,74,-4,FALSE,FALSE,TRUE,FALSE,FALSE,FALSE,0,8470621
2015020387,287,even-strength,82,12,TRUE,FALSE,TRUE,TRUE,TRUE,FALSE,0.09398805279219541,8476483
2015020387,296,even-strength,58,-19,FALSE,FALSE,TRUE,TRUE,TRUE,FALSE,0.050299252859867846,8475164
2015020387,299,even-strength,72,-3,FALSE,FALSE,TRUE,TRUE,FALSE,FALSE,0.08701277947253616,8477941
2015020387,300,even-strength,85,-33,FALSE,FALSE,TRUE,TRUE,TRUE,FALSE,0.019691380564868875,8475222
2015020387,407,even-strength,32,30,FALSE,FALSE,TRUE,TRUE,FALSE,FALSE,0.010393492290164607,8476483
2015020387,416,penalty-kill,44,-18,FALSE,FALSE,TRUE,TRUE,FALSE,FALSE,0.07951178064558038,8474176
2015020387,420,even-strength,85,-29,FALSE,FALSE,TRUE,TRUE,TRUE,FALSE,0.009915196346474076,8470621
2015020387,424,even-strength,82,0,FALSE,FALSE,TRUE,TRUE,TRUE,FALSE,0.07832578538367492,8474176
2015020387,426,even-strength,39,35,FALSE,FALSE,TRUE,TRUE,FALSE,FALSE,0.010591852749256874,8475764
2015020387,427,even-strength,77,3,FALSE,FALSE,TRUE,FALSE,FALSE,FALSE,0,8469598
2015020387,434,even-strength,76,-5,FALSE,FALSE,TRUE,FALSE,FALSE,FALSE,0,8476312
2015020387,439,even-strength,83,9,FALSE,FALSE,TRUE,FALSE,FALSE,FALSE,0,8477941
2015020387,440,even-strength,50,-1,FALSE,FALSE,TRUE,TRUE,FALSE,FALSE,0.04816171770852776,8476854
2015020387,443,even-strength,77,2,FALSE,FALSE,TRUE,TRUE,TRUE,FALSE,0.10347074401268504,8475222
2015020387,444,even-strength,70,16,FALSE,FALSE,TRUE,FALSE,FALSE,FALSE,0,8473485
2015020387,445,even-strength,82,0,FALSE,FALSE,TRUE,FALSE,FALSE,FALSE,0,8469598
2015020387,446,even-strength,68,-16,FALSE,FALSE,TRUE,TRUE,TRUE,TRUE,0.03391540434011036,8471390
2015020387,449,even-strength,81,2,FALSE,FALSE,TRUE,FALSE,FALSE,FALSE,0,8470616
2015020387,450,even-strength,84,29,FALSE,FALSE,TRUE,TRUE,FALSE,FALSE,0.025732284350118793,8475164
2015020387,601,even-strength,79,9,FALSE,FALSE,TRUE,TRUE,TRUE,FALSE,0.06455094310049177,8475222
2015020387,606,even-strength,57,33,FALSE,FALSE,TRUE,TRUE,FALSE,FALSE,0.01815243398538621,8467423
2015020387,607,even-strength,68,-25,FALSE,FALSE,TRUE,TRUE,FALSE,FALSE,0.03791843441830879,8474176
2015020387,608,even-strength,74,4,FALSE,FALSE,TRUE,TRUE,TRUE,FALSE,0.12641474893263963,8474176
2015020387,613,even-strength,57,-20,FALSE,FALSE,TRUE,TRUE,TRUE,FALSE,0.04537333351421499,8470621
2015020387,616,even-strength,45,31,FALSE,FALSE,TRUE,TRUE,FALSE,FALSE,0.015101939381426888,8470616
2015020387,617,even-strength,81,1,FALSE,FALSE,TRUE,FALSE,FALSE,FALSE,0,8475764
2015020387,618,even-strength,81,7,FALSE,FALSE,TRUE,FALSE,FALSE,FALSE,0,8475764
2015020387,620,even-strength,56,33,FALSE,FALSE,TRUE,TRUE,FALSE,FALSE,0.022316753038222326,8476483
2015020387,621,even-strength,82,-4,FALSE,FALSE,TRUE,TRUE,TRUE,FALSE,0.09948007552168384,8470621
2015020387,623,even-strength,85,8,FALSE,FALSE,TRUE,FALSE,FALSE,FALSE,0,8474176
2015020387,625,even-strength,80,11,FALSE,FALSE,TRUE,FALSE,FALSE,FALSE,0,8470621
2015020387,627,even-strength,81,4,FALSE,FALSE,TRUE,FALSE,FALSE,FALSE,0,8470612
2015020387,628,even-strength,54,20,FALSE,TRUE,TRUE,TRUE,TRUE,FALSE,0.10969693582559482,8470621
2015020387,631,even-strength,81,-2,FALSE,TRUE,TRUE,TRUE,FALSE,FALSE,0.32564511350888503,8470621
2015020387,632,power-play,81,1,FALSE,FALSE,TRUE,FALSE,FALSE,FALSE,0,8475222
2015020387,633,power-play,57,10,FALSE,FALSE,TRUE,TRUE,TRUE,FALSE,0.056072969449663564,8475222
2015020387,634,power-play,74,21,FALSE,FALSE,TRUE,TRUE,FALSE,FALSE,0.07026952459274667,8470621
2015020387,636,even-strength,79,7,FALSE,FALSE,TRUE,TRUE,TRUE,FALSE,0.08772614431558304,8470616
2015020387,637,even-strength,84,5,FALSE,FALSE,TRUE,TRUE,TRUE,FALSE,0.08023215488793645,8470616
2015020416,7,even-strength,66,9,FALSE,FALSE,TRUE,TRUE,TRUE,TRUE,0.08518225043254747,8476440
2015020416,8,even-strength,37,26,FALSE,FALSE,TRUE,TRUE,TRUE,FALSE,0.012837815074951964,8471664
2015020416,10,even-strength,55,20,FALSE,FALSE,TRUE,TRUE,TRUE,FALSE,0.02771565110126105,8470162
2015020416,11,even-strength,71,14,FALSE,FALSE,TRUE,FALSE,FALSE,FALSE,0,8470201
2015020416,19,even-strength,48,21,FALSE,FALSE,TRUE,TRUE,FALSE,FALSE,0.03528862456666588,8474673
2015020416,20,even-strength,31,5,FALSE,FALSE,TRUE,TRUE,TRUE,FALSE,0.03067941485120789,8470966
2015020416,23,even-strength,69,2,TRUE,FALSE,TRUE,TRUE,TRUE,FALSE,0.17828607432182011,8476440
2015020416,25,power-play,72,33,FALSE,FALSE,TRUE,TRUE,TRUE,FALSE,0.04888131549432765,8476346
2015020416,27,power-play,76,1,FALSE,FALSE,TRUE,TRUE,TRUE,TRUE,0.11255077725879672,8477497
2015020416,31,even-strength,73,7,FALSE,FALSE,TRUE,FALSE,FALSE,FALSE,0,8476346
2015020416,43,even-strength,74,-5,FALSE,FALSE,TRUE,FALSE,FALSE,FALSE,0,8476462
2015020416,47,even-strength,48,-33,FALSE,FALSE,TRUE,TRUE,TRUE,FALSE,0.012019144052212997,8469770
2015020416,48,even-strength,68,-8,FALSE,FALSE,TRUE,FALSE,FALSE,FALSE,0,8471664
2015020416,49,even-strength,78,11,FALSE,FALSE,TRUE,FALSE,FALSE,FALSE,0,8473564
2015020416,260,even-strength,54,27,FALSE,FALSE,TRUE,TRUE,TRUE,FALSE,0.02335665168470053,8473564
2015020416,262,even-strength,51,17,FALSE,FALSE,TRUE,FALSE,FALSE,FALSE,0,8474673
2015020416,269,power-play,63,13,FALSE,FALSE,TRUE,FALSE,FALSE,FALSE,0,8469770
2015020416,278,even-strength,54,-1,FALSE,FALSE,TRUE,TRUE,TRUE,FALSE,0.07527813330036613,8476462
2015020416,280,even-strength,61,-6,FALSE,FALSE,TRUE,TRUE,TRUE,FALSE,0.06642618621575051,8477935
2015020416,283,even-strength,66,-2,FALSE,FALSE,TRUE,TRUE,TRUE,FALSE,0.05575371967800684,8474150
2015020416,285,even-strength,72,-2,FALSE,TRUE,TRUE,TRUE,TRUE,FALSE,0.2384237345533888,8474150
2015020416,286,even-strength,86,4,FALSE,TRUE,TRUE,TRUE,TRUE,TRUE,0.22375936562148172,8473564
2015020419,59,even-strength,60,-10,FALSE,FALSE,TRUE,TRUE,TRUE,FALSE,0.05563057239448559,8473962
2015020419,60,even-strength,85,6,FALSE,FALSE,TRUE,FALSE,FALSE,FALSE,0,8476472
2015020419,62,even-strength,79,-13,FALSE,FALSE,TRUE,TRUE,FALSE,FALSE,0.05169961026515817,8476915
2015020419,70,even-strength,70,-20,FALSE,FALSE,TRUE,TRUE,TRUE,FALSE,0.0608296345860977,8474586
2015020419,77,power-play,49,-14,FALSE,FALSE,TRUE,FALSE,FALSE,FALSE,0,8471284
2015020419,78,power-play,70,7,FALSE,FALSE,TRUE,TRUE,TRUE,FALSE,0.10243201065335288,8476336
2015020419,79,power-play,82,-16,FALSE,TRUE,TRUE,TRUE,TRUE,FALSE,0.2202002937599619,8474586
2015020419,83,even-strength,70,18,FALSE,FALSE,TRUE,FALSE,FALSE,FALSE,0,8476454
2015020419,86,even-strength,64,-3,TRUE,FALSE,TRUE,FALSE,FALSE,FALSE,0,8476472
2015020419,89,even-strength,77,-22,FALSE,FALSE,TRUE,TRUE,TRUE,FALSE,0.03785159121292433,8475791
2015020419,90,even-strength,70,-20,FALSE,FALSE,TRUE,FALSE,FALSE,FALSE,0,8476454
2015020419,95,even-strength,85,15,FALSE,FALSE,TRUE,TRUE,TRUE,FALSE,0.0360191014346923,8475165
2015020419,259,even-strength,81,26,FALSE,FALSE,TRUE,TRUE,TRUE,FALSE,0.030134233088990204,8477498
2015020419,264,even-strength,58,-5,FALSE,FALSE,TRUE,TRUE,TRUE,TRUE,0.06929794333709954,8477934
2015020419,277,even-strength,58,-16,FALSE,FALSE,TRUE,FALSE,FALSE,FALSE,0,8476454
2015020419,278,even-strength,46,3,TRUE,FALSE,TRUE,TRUE,TRUE,FALSE,0.09899045319446577,8473914
2015020419,280,even-strength,59,7,FALSE,FALSE,TRUE,FALSE,FALSE,FALSE,0,8473468
2015020419,281,even-strength,33,-26,FALSE,FALSE,TRUE,FALSE,FALSE,FALSE,0,8477498
2015020419,284,even-strength,76,-10,FALSE,FALSE,TRUE,TRUE,FALSE,FALSE,0.0777372079597992,8477934
2015020419,286,even-strength,41,-15,FALSE,FALSE,TRUE,TRUE,TRUE,FALSE,0.016957091084620634,8473468
2015020419,288,even-strength,63,32,FALSE,FALSE,TRUE,TRUE,TRUE,FALSE,0.018437035884567254,8476472
2015020419,290,even-strength,34,18,FALSE,FALSE,TRUE,TRUE,TRUE,FALSE,0.01391710639127609,8476472
2015020419,291,even-strength,82,-6,FALSE,FALSE,TRUE,TRUE,TRUE,FALSE,0.0840371803960217,8476454
2015020419,296,even-strength,44,-19,FALSE,FALSE,TRUE,TRUE,TRUE,FALSE,0.02546124569088834,8476915
2015020419,553,even-strength,61,-21,FALSE,FALSE,TRUE,TRUE,FALSE,FALSE,0.05468743641583232,8474586
2015020419,555,even-strength,33,-7,FALSE,FALSE,TRUE,TRUE,FALSE,FALSE,0.02104561340121702,8475869
2015020419,557,even-strength,57,-18,FALSE,FALSE,TRUE,FALSE,FALSE,FALSE,0,8473962
2015020419,560,even-strength,81,-18,FALSE,FALSE,TRUE,TRUE,TRUE,FALSE,0.056010524460592154,8475165
2015020419,564,even-strength,84,-26,FALSE,FALSE,TRUE,TRUE,TRUE,FALSE,0.030844234918651545,8471284
2015020419,565,even-strength,81,-5,FALSE,FALSE,TRUE,FALSE,FALSE,FALSE,0,8477498
2015020419,567,even-strength,54,23,FALSE,FALSE,TRUE,TRUE,FALSE,FALSE,0.02801161798428467,8476454
2015020419,570,even-strength,62,-5,FALSE,FALSE,TRUE,FALSE,FALSE,FALSE,0,8477498
2015020419,573,even-strength,67,-6,FALSE,FALSE,TRUE,TRUE,TRUE,TRUE,0.059013530628111224,8474586
2015020419,591,even-strength,73,13,FALSE,FALSE,TRUE,TRUE,FALSE,FALSE,0.06791359845974447,8476454
2015020419,592,even-strength,83,0,FALSE,FALSE,TRUE,TRUE,TRUE,TRUE,0.1507638148631221,8476454
2015020419,600,even-strength,83,7,TRUE,FALSE,TRUE,TRUE,TRUE,FALSE,0.1471576468820367,8474586
2015020419,754,even-strength,65,1,FALSE,FALSE,TRUE,FALSE,FALSE,FALSE,0,8475791
2015020419,756,even-strength,72,-16,FALSE,FALSE,TRUE,FALSE,FALSE,FALSE,0,8476336
2015020419,758,even-strength,66,-12,FALSE,FALSE,TRUE,FALSE,FALSE,FALSE,0,8475791
2015020419,761,even-strength,53,-20,FALSE,FALSE,TRUE,TRUE,FALSE,FALSE,0.0794200870960897,8476454
2015020419,763,even-strength,38,10,FALSE,FALSE,TRUE,TRUE,FALSE,FALSE,0.09529023481003242,8475791
2015020419,764,even-strength,81,-1,FALSE,FALSE,TRUE,TRUE,TRUE,TRUE,0.12331574393267915,8475791
2015020444,13,even-strength,62,-12,FALSE,FALSE,TRUE,FALSE,FALSE,FALSE,0,8476235
2015020444,18,even-strength,54,24,FALSE,FALSE,TRUE,TRUE,TRUE,FALSE,0.030271376113074056,8470600
2015020444,20,even-strength,21,-15,FALSE,FALSE,TRUE,TRUE,TRUE,FALSE,0.006707955653130341,8476235
2015020444,21,even-strength,82,-32,TRUE,TRUE,TRUE,TRUE,TRUE,FALSE,0.09661400889543748,8476235
2015020444,23,even-strength,70,-10,FALSE,FALSE,TRUE,FALSE,FALSE,FALSE,0,8475722
2015020444,28,penalty-kill,14,15,FALSE,FALSE,TRUE,TRUE,FALSE,FALSE,0.01001398789597398,8470600
2015020444,31,even-strength,75,5,FALSE,FALSE,TRUE,FALSE,FALSE,FALSE,0,8470600
2015020444,33,even-strength,75,10,FALSE,FALSE,TRUE,TRUE,FALSE,FALSE,0.06932137715210221,8470598
2015020444,34,even-strength,69,-26,FALSE,FALSE,TRUE,TRUE,TRUE,FALSE,0.02944230191998316,8474716
2015020444,35,even-strength,77,2,FALSE,FALSE,TRUE,FALSE,FALSE,FALSE,0,8469459
2015020444,37,even-strength,70,19,FALSE,FALSE,TRUE,TRUE,TRUE,FALSE,0.04393743079634935,8475722
2015020444,41,even-strength,78,0,FALSE,FALSE,TRUE,TRUE,TRUE,FALSE,0.11227827317644373,8470598
2015020444,49,even-strength,67,23,FALSE,FALSE,TRUE,FALSE,FALSE,FALSE,0,8474618
2015020444,50,even-strength,82,-7,FALSE,FALSE,TRUE,TRUE,TRUE,FALSE,0.09799489715403818,8475287
2015020444,251,even-strength,44,7,TRUE,FALSE,TRUE,TRUE,FALSE,FALSE,0.0540701509044086,8470598
2015020444,252,even-strength,42,-14,FALSE,FALSE,TRUE,TRUE,FALSE,FALSE,0.018828047503630815,8470598
2015020444,253,even-strength,69,1,FALSE,FALSE,TRUE,TRUE,TRUE,FALSE,0.07999860284950779,8469459
2015020444,268,penalty-kill,37,22,FALSE,FALSE,TRUE,TRUE,TRUE,FALSE,0.02278448758919823,8470600
2015020444,278,even-strength,74,11,FALSE,FALSE,TRUE,TRUE,TRUE,FALSE,0.06659901367830076,8470600
2015020444,279,even-strength,32,-11,FALSE,FALSE,TRUE,TRUE,FALSE,FALSE,0.01844906978077536,8474716
2015020444,280,even-strength,57,-30,FALSE,FALSE,TRUE,TRUE,TRUE,FALSE,0.01575238542916112,8470610
2015020444,281,even-strength,61,-1,FALSE,FALSE,TRUE,FALSE,FALSE,FALSE,0,8469506
2015020444,282,even-strength,64,-7,TRUE,FALSE,TRUE,TRUE,FALSE,FALSE,0.12244626542483238,8470610
2015020444,283,even-strength,75,-1,FALSE,FALSE,TRUE,TRUE,TRUE,FALSE,0.12427665021122095,8475287
2015020444,284,even-strength,81,-4,FALSE,FALSE,TRUE,TRUE,TRUE,FALSE,0.056066294633565585,8475799
2015020444,296,even-strength,75,-3,FALSE,FALSE,TRUE,TRUE,TRUE,FALSE,0.1271102267125936,8475798
2015020444,297,even-strength,70,0,FALSE,FALSE,TRUE,FALSE,FALSE,FALSE,0,8476463
2015020444,300,even-strength,50,10,FALSE,FALSE,TRUE,FALSE,FALSE,FALSE,0,8476463
2015020444,451,even-strength,73,7,FALSE,TRUE,TRUE,FALSE,FALSE,FALSE,0,8469459
2015020444,452,even-strength,60,1,FALSE,FALSE,TRUE,FALSE,FALSE,FALSE,0,8476463
2015020444,454,even-strength,60,-10,FALSE,FALSE,TRUE,FALSE,FALSE,FALSE,0,8469459
2015020444,461,power-play,75,5,FALSE,FALSE,TRUE,FALSE,FALSE,FALSE,0,8475799
2015020444,463,power-play,71,2,FALSE,FALSE,TRUE,FALSE,FALSE,FALSE,0,8476856
2015020444,464,power-play,38,5,FALSE,FALSE,TRUE,TRUE,TRUE,FALSE,0.03861593980390469,8476856
2015020444,466,power-play,60,-20,FALSE,FALSE,TRUE,TRUE,TRUE,FALSE,0.04452142691353217,8474716
2015020444,468,power-play,50,5,FALSE,FALSE,TRUE,FALSE,FALSE,FALSE,0,8476856
2015020444,476,even-strength,67,-13,FALSE,FALSE,TRUE,TRUE,TRUE,FALSE,0.08288762805307608,8469506
2015020444,478,even-strength,59,-10,FALSE,FALSE,TRUE,TRUE,TRUE,FALSE,0.054046443274720544,8475722
2015020444,479,even-strength,32,30,FALSE,FALSE,TRUE,TRUE,TRUE,FALSE,0.011093954088365084,8476463
2015020444,482,even-strength,66,29,FALSE,FALSE,TRUE,TRUE,TRUE,FALSE,0.0437243618605871,8470600
2015020444,485,even-strength,82,1,TRUE,FALSE,TRUE,TRUE,TRUE,FALSE,0.202669531015518,8470598
2015020444,487,even-strength,78,-8,FALSE,FALSE,TRUE,TRUE,TRUE,FALSE,0.0892179893050776,8469506
2015020444,488,even-strength,80,1,FALSE,TRUE,TRUE,TRUE,TRUE,FALSE,0.3633091340521016,8470610
2015020444,489,even-strength,85,6,FALSE,TRUE,TRUE,TRUE,TRUE,TRUE,0.20896469428793385,8470610
2015020444,493,even-strength,81,-19,FALSE,FALSE,TRUE,TRUE,TRUE,FALSE,0.050600938860832737,8475745
2015020444,500,even-strength,43,7,FALSE,FALSE,TRUE,TRUE,FALSE,FALSE,0.026267481728587345,8469459
2015020444,605,even-strength,68,18,FALSE,FALSE,TRUE,TRUE,TRUE,FALSE,0.06702332200257374,8470610
2015020444,608,even-strength,62,6,FALSE,FALSE,TRUE,FALSE,FALSE,FALSE,0,8470600
2015020444,609,even-strength,74,23,FALSE,FALSE,TRUE,TRUE,TRUE,FALSE,0.045776558927363195,8473646
2015020444,613,even-strength,69,22,FALSE,FALSE,TRUE,TRUE,TRUE,FALSE,0.03671282999974321,8469459
2015020444,617,even-strength,62,-20,FALSE,FALSE,TRUE,FALSE,FALSE,FALSE,0,8475745
2015020444,625,even-strength,57,32,FALSE,FALSE,TRUE,TRUE,TRUE,FALSE,0.014996015468851185,8469506
2015020444,627,even-strength,64,29,FALSE,FALSE,TRUE,FALSE,FALSE,FALSE,0,8474618
2015020458,57,even-strength,60,-12,FALSE,FALSE,TRUE,FALSE,FALSE,FALSE,0,8470104
2015020458,59,even-strength,64,24,TRUE,FALSE,TRUE,TRUE,TRUE,FALSE,0.038838412331375964,8474668
2015020458,61,even-strength,32,-9,FALSE,FALSE,TRUE,TRUE,TRUE,FALSE,0.017250768313430906,8470104
2015020458,63,even-strength,81,-24,FALSE,FALSE,TRUE,FALSE,FALSE,FALSE,0,8467496
2015020458,64,even-strength,73,-17,FALSE,FALSE,TRUE,TRUE,TRUE,FALSE,0.04985606214767247,8470039
2015020458,66,power-play,37,23,FALSE,FALSE,TRUE,TRUE,FALSE,FALSE,0.039013234939924986,8474056
2015020458,67,power-play,68,-1,FALSE,FALSE,TRUE,FALSE,FALSE,FALSE,0,8474056
2015020458,68,power-play,69,0,FALSE,TRUE,TRUE,FALSE,FALSE,FALSE,0,8467496
2015020458,69,power-play,48,-16,FALSE,TRUE,TRUE,TRUE,TRUE,FALSE,0.12904475109903565,8474056
2015020458,70,power-play,73,-27,FALSE,FALSE,TRUE,TRUE,TRUE,FALSE,0.049716472354007446,8474157
2015020458,74,even-strength,59,-27,FALSE,FALSE,TRUE,FALSE,FALSE,FALSE,0,8474056
2015020458,75,even-strength,36,-23,FALSE,FALSE,TRUE,TRUE,TRUE,FALSE,0.011469517387744684,8474056
2015020458,80,even-strength,69,-27,FALSE,FALSE,TRUE,FALSE,FALSE,FALSE,0,8477901
2015020458,81,even-strength,80,38,FALSE,FALSE,TRUE,TRUE,TRUE,FALSE,0.018490482122513467,8476470
2015020458,82,even-strength,60,-39,TRUE,FALSE,TRUE,TRUE,TRUE,FALSE,0.028159983980530764,8476808
2015020458,84,even-strength,50,-31,FALSE,FALSE,TRUE,FALSE,FALSE,FALSE,0,8467496
2015020458,85,even-strength,71,-3,FALSE,FALSE,TRUE,FALSE,FALSE,FALSE,0,8470104
2015020458,86,even-strength,37,29,FALSE,FALSE,TRUE,TRUE,TRUE,FALSE,0.010685924278074202,8470104
2015020458,87,even-strength,50,9,FALSE,FALSE,TRUE,TRUE,FALSE,FALSE,0.03756528502486174,8474157
2015020458,89,even-strength,53,27,FALSE,FALSE,TRUE,TRUE,TRUE,FALSE,0.01911681570632897,8477901
2015020458,92,even-strength,45,-1,FALSE,FALSE,TRUE,FALSE,FALSE,FALSE,0,8471296
2015020458,97,even-strength,73,-3,FALSE,FALSE,TRUE,FALSE,FALSE,FALSE,0,8471296
2015020458,310,even-strength,83,-7,TRUE,FALSE,TRUE,TRUE,TRUE,FALSE,0.1168647815374735,8474668
2015020458,311,even-strength,61,7,FALSE,FALSE,TRUE,FALSE,FALSE,FALSE,0,8476851
2015020458,315,even-strength,36,-30,FALSE,FALSE,TRUE,TRUE,FALSE,FALSE,0.018883921968750283,8473507
2015020458,316,even-strength,32,31,FALSE,FALSE,TRUE,TRUE,FALSE,FALSE,0.00791414171079255,8471296
2015020458,321,even-strength,85,-8,FALSE,FALSE,TRUE,FALSE,FALSE,FALSE,0,8477901
2015020458,324,even-strength,75,1,FALSE,FALSE,TRUE,FALSE,FALSE,FALSE,0,8474038
2015020458,334,even-strength,57,14,FALSE,FALSE,TRUE,TRUE,TRUE,FALSE,0.04072268680388402,8471296
2015020458,335,even-strength,88,20,FALSE,TRUE,TRUE,TRUE,TRUE,FALSE,0.07631467557669312,8471296
2015020458,336,even-strength,66,12,TRUE,FALSE,TRUE,FALSE,FALSE,FALSE,0,8476851
2015020458,338,even-strength,72,-38,FALSE,FALSE,TRUE,TRUE,TRUE,FALSE,0.01569013546077362,8477901
2015020458,340,even-strength,84,12,FALSE,FALSE,TRUE,TRUE,TRUE,FALSE,0.041823662757274165,8473507
2015020458,350,even-strength,87,-7,TRUE,FALSE,TRUE,FALSE,FALSE,FALSE,0,8477901
2015020458,501,even-strength,36,25,FALSE,FALSE,TRUE,TRUE,TRUE,FALSE,0.009699422148567054,8476808
2015020458,502,even-strength,46,-6,FALSE,TRUE,TRUE,TRUE,FALSE,FALSE,0.07538595944006701,8474056
2015020458,505,even-strength,73,7,TRUE,FALSE,TRUE,TRUE,FALSE,FALSE,0.1264360056433239,8474189
2015020458,506,even-strength,70,-10,FALSE,FALSE,TRUE,TRUE,TRUE,TRUE,0.056516923559627265,8474668
2015020458,509,even-strength,66,-27,FALSE,FALSE,TRUE,FALSE,FALSE,FALSE,0,8476470
2015020458,510,even-strength,69,-25,FALSE,FALSE,TRUE,TRUE,TRUE,FALSE,0.040216435416232134,8477901
2015020458,513,even-strength,64,1,FALSE,FALSE,TRUE,FALSE,FALSE,FALSE,0,8473507
2015020458,515,even-strength,78,0,FALSE,TRUE,TRUE,FALSE,FALSE,FALSE,0,8477901
2015020458,518,even-strength,61,28,FALSE,FALSE,TRUE,FALSE,FALSE,FALSE,0,8471976
2015020458,519,even-strength,65,14,FALSE,FALSE,TRUE,FALSE,FALSE,FALSE,0,8471976
2015020458,522,power-play,68,7,FALSE,FALSE,TRUE,FALSE,FALSE,FALSE,0,8474056
2015020458,523,power-play,48,-12,FALSE,FALSE,TRUE,TRUE,FALSE,FALSE,0.047898956246827086,8476470
2015020458,524,power-play,57,0,FALSE,FALSE,TRUE,FALSE,FALSE,FALSE,0,8474056
2015020458,525,power-play,73,18,FALSE,TRUE,TRUE,TRUE,FALSE,FALSE,0.1956728857587759,8474157
2015020458,526,power-play,34,16,FALSE,FALSE,TRUE,TRUE,FALSE,FALSE,0.03400399694899854,8474056
2015020458,527,power-play,67,10,FALSE,FALSE,TRUE,TRUE,TRUE,FALSE,0.07263765263995682,8471976
2015020458,529,power-play,37,-24,FALSE,FALSE,TRUE,TRUE,FALSE,FALSE,0.02856169003651767,8473507
2015020458,530,even-strength,56,5,FALSE,FALSE,TRUE,FALSE,FALSE,FALSE,0,8474668
2015020458,531,even-strength,54,-6,TRUE,FALSE,TRUE,TRUE,FALSE,FALSE,0.09099217726307529,8470039
2015020458,532,even-strength,31,-18,FALSE,FALSE,TRUE,TRUE,TRUE,FALSE,0.010281700369148657,8474056
2015020458,533,even-strength,60,35,FALSE,FALSE,TRUE,TRUE,TRUE,FALSE,0.0190931450814746,8476470
2015020458,535,even-strength,85,7,FALSE,TRUE,TRUE,TRUE,TRUE,FALSE,0.18262556588790557,8476851
2015020458,540,even-strength,50,24,FALSE,FALSE,TRUE,TRUE,TRUE,FALSE,0.01784684307902646,8474157
2015020458,545,even-strength,80,16,FALSE,FALSE,TRUE,FALSE,FALSE,FALSE,0,8474038
2015020458,550,even-strength,42,-8,FALSE,FALSE,TRUE,TRUE,TRUE,FALSE,0.03476144392761638,8476470
2015020458,701,even-strength,63,3,FALSE,FALSE,TRUE,FALSE,FALSE,FALSE,0,8476808
2015020458,704,even-strength,30,-13,FALSE,FALSE,TRUE,TRUE,FALSE,FALSE,0.011278225894773019,8473507
2015020458,705,even-strength,70,10,FALSE,FALSE,TRUE,TRUE,FALSE,FALSE,0.06128087937246434,8474038
2015020458,706,even-strength,42,-1,FALSE,FALSE,TRUE,FALSE,FALSE,FALSE,0,8467496
2015020458,710,even-strength,69,12,FALSE,FALSE,TRUE,TRUE,TRUE,FALSE,0.059026328903601225,8474157
2015020458,711,even-strength,84,8,TRUE,FALSE,TRUE,TRUE,TRUE,FALSE,0.07869903871066165,8469521
2015020458,712,even-strength,52,-22,FALSE,FALSE,TRUE,FALSE,FALSE,FALSE,0,8474056
2015020458,714,even-strength,51,25,TRUE,FALSE,TRUE,TRUE,TRUE,FALSE,0.0697575870244037,8474157
2015020458,716,even-strength,70,1,FALSE,FALSE,TRUE,FALSE,FALSE,FALSE,0,8474056
2015020469,27,even-strength,58,12,FALSE,FALSE,TRUE,TRUE,TRUE,FALSE,0.04808190212592797,8474037
2015020469,29,even-strength,69,6,FALSE,FALSE,TRUE,FALSE,FALSE,FALSE,0,8471436
2015020469,31,even-strength,74,-8,FALSE,FALSE,TRUE,TRUE,TRUE,FALSE,0.10559766239306986,8470207
2015020469,33,even-strength,51,19,FALSE,FALSE,TRUE,TRUE,TRUE,FALSE,0.03557833068123302,8475180
2015020469,35,even-strength,61,13,FALSE,FALSE,TRUE,FALSE,FALSE,FALSE,0,8474037
2015020469,40,even-strength,64,4,TRUE,FALSE,TRUE,TRUE,TRUE,FALSE,0.11905349118337888,8473463
2015020469,44,even-strength,69,-15,FALSE,FALSE,TRUE,TRUE,TRUE,FALSE,0.060042517137800795,8471476
2015020469,47,even-strength,66,14,FALSE,FALSE,TRUE,FALSE,FALSE,FALSE,0,8475098
2015020469,48,even-strength,52,16,FALSE,FALSE,TRUE,TRUE,FALSE,FALSE,0.02703166973193631,8474581
2015020469,205,even-strength,66,-26,FALSE,FALSE,TRUE,TRUE,TRUE,FALSE,0.019231861379382566,8475098
2015020469,215,even-strength,49,18,FALSE,FALSE,TRUE,TRUE,FALSE,FALSE,0.025379447333815367,8474581
2015020469,216,even-strength,61,0,TRUE,FALSE,TRUE,TRUE,TRUE,TRUE,0.15560776599449927,8475180
2015020469,218,even-strength,46,-27,FALSE,FALSE,TRUE,TRUE,FALSE,FALSE,0.02164754374732765,8470602
2015020469,219,even-strength,35,-2,FALSE,FALSE,TRUE,TRUE,TRUE,FALSE,0.019102473667478484,8471436
2015020469,222,even-strength,82,-8,FALSE,FALSE,TRUE,TRUE,TRUE,FALSE,0.09907953651985925,8474037
2015020469,223,even-strength,48,23,FALSE,FALSE,TRUE,TRUE,FALSE,FALSE,0.01903725865515235,8474581
2015020469,228,even-strength,84,29,FALSE,FALSE,TRUE,TRUE,FALSE,FALSE,0.024673131338161985,8469707
2015020469,240,even-strength,67,18,FALSE,FALSE,TRUE,TRUE,FALSE,FALSE,0.048279563038176855,8471476
2015020469,241,even-strength,31,35,FALSE,FALSE,TRUE,TRUE,TRUE,FALSE,0.006992145967564991,8476853
2015020469,243,even-strength,86,-3,FALSE,FALSE,TRUE,TRUE,TRUE,FALSE,0.09793093168825218,8470207
2015020469,244,even-strength,31,33,FALSE,FALSE,TRUE,TRUE,TRUE,FALSE,0.006800852205222731,8474037
2015020469,246,even-strength,31,25,TRUE,FALSE,TRUE,TRUE,FALSE,FALSE,0.016667600042423715,8474037
2015020469,247,even-strength,70,-2,FALSE,FALSE,TRUE,FALSE,FALSE,FALSE,0,8471436
2015020469,249,even-strength,33,29,FALSE,FALSE,TRUE,TRUE,TRUE,FALSE,0.008980823569287553,8476302
2015020469,402,even-strength,75,0,FALSE,FALSE,TRUE,TRUE,TRUE,FALSE,0.11553227039182472,8473574
2015020469,406,even-strength,63,18,FALSE,FALSE,TRUE,FALSE,FALSE,FALSE,0,8469707
2015020469,407,even-strength,67,0,FALSE,FALSE,TRUE,TRUE,TRUE,FALSE,0.09218240030360156,8475098
2015020469,410,even-strength,83,6,FALSE,TRUE,TRUE,TRUE,TRUE,TRUE,0.21323015279689206,8473463
2015020469,411,even-strength,76,-3,FALSE,FALSE,TRUE,FALSE,FALSE,FALSE,0,8475172
2015020469,413,even-strength,88,5,FALSE,FALSE,TRUE,TRUE,TRUE,FALSE,0.01817785704558935,8475278
2015020469,415,power-play,32,28,FALSE,FALSE,TRUE,TRUE,FALSE,FALSE,0.028986706942095368,8470602
2015020469,416,power-play,83,-2,FALSE,FALSE,TRUE,TRUE,TRUE,FALSE,0.15850533199051545,8474037
2015020469,418,power-play,72,4,FALSE,FALSE,TRUE,FALSE,FALSE,FALSE,0,8474581
2015020469,420,power-play,51,19,FALSE,FALSE,TRUE,TRUE,TRUE,FALSE,0.04384821727710739,8476853
2015020469,423,power-play,31,-5,FALSE,FALSE,TRUE,TRUE,TRUE,FALSE,0.03968113335443244,8470602
2015020469,424,power-play,50,10,FALSE,FALSE,TRUE,FALSE,FALSE,FALSE,0,8469707
2015020469,429,even-strength,63,-11,FALSE,FALSE,TRUE,FALSE,FALSE,FALSE,0,8476853
2015020469,430,penalty-kill,66,-3,FALSE,FALSE,TRUE,FALSE,FALSE,FALSE,0,8475278
2015020469,431,even-strength,46,-14,TRUE,FALSE,TRUE,TRUE,FALSE,FALSE,0.06968163657506785,8470207
2015020469,433,even-strength,57,-6,FALSE,FALSE,TRUE,FALSE,FALSE,FALSE,0,8474581
2015020469,434,even-strength,47,22,FALSE,FALSE,TRUE,FALSE,FALSE,FALSE,0,8470602
2015020469,435,even-strength,73,10,FALSE,TRUE,TRUE,TRUE,FALSE,FALSE,0.23377813993414948,8475172
2015020469,436,even-strength,53,-12,FALSE,FALSE,TRUE,TRUE,FALSE,FALSE,0.041146229297558144,8470207
2015020469,441,even-strength,38,27,TRUE,FALSE,TRUE,FALSE,FALSE,FALSE,0,8475180
2015020469,445,even-strength,37,-1,FALSE,FALSE,TRUE,TRUE,FALSE,FALSE,0.03109506717385558,8471392
2015020469,446,even-strength,47,-7,FALSE,FALSE,TRUE,TRUE,FALSE,FALSE,0.02522792315038446,8475172
2015020469,447,even-strength,38,30,FALSE,FALSE,TRUE,TRUE,TRUE,FALSE,0.019509404073658407,8473546
2015020469,448,even-strength,69,-3,FALSE,FALSE,TRUE,FALSE,FALSE,FALSE,0,8476853
2015020469,602,even-strength,85,-5,FALSE,FALSE,TRUE,TRUE,TRUE,TRUE,0.12418393074480852,8474037
2015020469,604,even-strength,79,-7,FALSE,FALSE,TRUE,TRUE,FALSE,FALSE,0.08001043990610865,8470207
2015020469,613,even-strength,70,15,FALSE,FALSE,TRUE,TRUE,TRUE,FALSE,0.04751919957858962,8475172
2015020469,626,even-strength,53,17,FALSE,FALSE,TRUE,FALSE,FALSE,FALSE,0,8475172
2015020469,627,even-strength,58,-10,FALSE,FALSE,TRUE,TRUE,TRUE,FALSE,0.058886214752821034,8475180
2015020469,628,even-strength,75,-1,FALSE,FALSE,TRUE,FALSE,FALSE,FALSE,0,8473546
2015020469,629,even-strength,75,-1,FALSE,TRUE,TRUE,TRUE,TRUE,TRUE,0.38151838492931056,8473546
2015020469,637,even-strength,35,-12,FALSE,FALSE,TRUE,TRUE,FALSE,FALSE,0.023187081454102077,8475098
2015020469,643,even-strength,45,7,FALSE,FALSE,TRUE,TRUE,TRUE,FALSE,0.03828600141876263,8470207
2015020469,646,even-strength,59,1,FALSE,FALSE,TRUE,TRUE,TRUE,FALSE,0.09171523453636493,8475172
2015020469,751,even-strength,62,-11,FALSE,FALSE,TRUE,TRUE,TRUE,FALSE,0.055777971661165514,8475172
2015020469,752,even-strength,77,-15,FALSE,FALSE,TRUE,FALSE,FALSE,FALSE,0,8476302
2015020469,757,even-strength,83,5,FALSE,FALSE,TRUE,TRUE,TRUE,FALSE,0.09262631159400177,8471392
2015020469,761,power-play,69,-11,FALSE,FALSE,TRUE,FALSE,FALSE,FALSE,0,8474037
2015020469,762,power-play,71,6,FALSE,FALSE,TRUE,TRUE,TRUE,FALSE,0.11394778196332074,8474037
2015020469,779,even-strength,32,16,FALSE,FALSE,TRUE,TRUE,FALSE,FALSE,0.015058851007280116,8476853
2015020469,780,even-strength,71,3,FALSE,FALSE,TRUE,TRUE,TRUE,FALSE,0.10377313822283447,8474037
2015020469,792,even-strength,40,18,FALSE,FALSE,TRUE,TRUE,FALSE,FALSE,0.12221589621782562,8476853
2015020498,9,even-strength,35,-23,FALSE,FALSE,TRUE,TRUE,FALSE,FALSE,0.012541149989822883,8477845
2015020498,10,even-strength,75,6,FALSE,FALSE,TRUE,TRUE,TRUE,FALSE,0.07025937338818075,8471956
2015020498,11,even-strength,79,0,TRUE,FALSE,TRUE,TRUE,TRUE,TRUE,0.24120961344930017,8473573
2015020498,14,even-strength,43,-4,FALSE,FALSE,TRUE,TRUE,FALSE,FALSE,0.029457701733411938,8474141
2015020498,27,even-strength,75,16,FALSE,FALSE,TRUE,TRUE,TRUE,FALSE,0.05123394197848547,8473604
2015020498,29,even-strength,81,15,FALSE,FALSE,TRUE,TRUE,TRUE,FALSE,0.06268134383145492,8474141
2015020498,34,even-strength,39,-27,FALSE,FALSE,TRUE,TRUE,TRUE,FALSE,0.012266911232478871,8470607
2015020498,48,even-strength,46,0,FALSE,FALSE,TRUE,TRUE,TRUE,FALSE,0.04127242173896053,8474141
2015020498,49,even-strength,75,-23,FALSE,FALSE,TRUE,TRUE,TRUE,FALSE,0.05166323839267472,8476381
2015020498,50,even-strength,74,20,TRUE,FALSE,TRUE,TRUE,TRUE,FALSE,0.07669709323021273,8474141
2015020498,251,even-strength,36,-31,FALSE,FALSE,TRUE,TRUE,TRUE,FALSE,0.01146045737196006,8470281
2015020498,252,even-strength,78,-1,FALSE,TRUE,TRUE,TRUE,TRUE,FALSE,0.28685198669317596,8477929
2015020498,253,even-strength,85,-6,FALSE,TRUE,TRUE,TRUE,TRUE,TRUE,0.20475053678957636,8474141
2015020498,276,even-strength,68,25,FALSE,FALSE,TRUE,TRUE,FALSE,FALSE,0.032557187359410336,8476381
2015020498,277,even-strength,72,18,TRUE,FALSE,TRUE,FALSE,FALSE,FALSE,0,8476882
2015020498,284,even-strength,44,6,FALSE,FALSE,TRUE,FALSE,FALSE,FALSE,0,8470281
2015020498,287,even-strength,60,2,FALSE,FALSE,TRUE,FALSE,FALSE,FALSE,0,8470281
2015020498,288,even-strength,68,3,FALSE,FALSE,TRUE,TRUE,TRUE,FALSE,0.09945895063623267,8471769
2015020498,289,even-strength,41,12,FALSE,FALSE,TRUE,FALSE,FALSE,FALSE,0,8471769
2015020498,290,even-strength,34,23,FALSE,FALSE,TRUE,TRUE,TRUE,FALSE,0.012966834198612475,8471769
2015020498,291,even-strength,73,-16,FALSE,FALSE,TRUE,TRUE,TRUE,FALSE,0.07056598394592371,8470607
2015020498,292,even-strength,77,10,FALSE,TRUE,TRUE,TRUE,TRUE,FALSE,0.2186102377357842,8476381
2015020498,295,even-strength,55,23,FALSE,FALSE,TRUE,TRUE,TRUE,FALSE,0.019226748976862582,8476116
2015020498,299,even-strength,52,-31,FALSE,FALSE,TRUE,TRUE,TRUE,FALSE,0.021493446767913284,8470607
2015020498,403,even-strength,81,-23,FALSE,FALSE,TRUE,TRUE,TRUE,FALSE,0.03900958150159204,8476381
2015020498,404,even-strength,75,-1,FALSE,FALSE,TRUE,FALSE,FALSE,FALSE,0,8470281
2015020498,408,even-strength,77,-18,FALSE,FALSE,TRUE,TRUE,TRUE,FALSE,0.042767227839762056,8476479
2015020498,410,even-strength,76,-1,FALSE,FALSE,TRUE,TRUE,TRUE,FALSE,0.1104795479908275,8477929
2015020498,416,even-strength,75,14,FALSE,FALSE,TRUE,FALSE,FALSE,FALSE,0,8471956
2015020498,418,even-strength,77,5,TRUE,FALSE,TRUE,FALSE,FALSE,FALSE,0,8474850
2015020498,419,even-strength,73,5,FALSE,FALSE,TRUE,FALSE,FALSE,FALSE,0,8467452
2015020498,420,even-strength,54,-19,FALSE,FALSE,TRUE,FALSE,FALSE,FALSE,0,8465058
2015020498,425,even-strength,63,33,FALSE,FALSE,TRUE,TRUE,TRUE,FALSE,0.01767145132824727,8474141
2015020498,429,even-strength,85,-9,FALSE,FALSE,TRUE,TRUE,FALSE,FALSE,0.04099838690902582,8476381
2015020498,430,even-strength,36,4,FALSE,FALSE,TRUE,TRUE,TRUE,FALSE,0.018965256448568526,8470607
2015020498,432,even-strength,54,-28,FALSE,FALSE,TRUE,TRUE,TRUE,FALSE,0.016560044999087933,8476116
2015020498,434,even-strength,36,-22,FALSE,FALSE,TRUE,TRUE,FALSE,FALSE,0.011823927909484517,8470607
2015020498,436,even-strength,69,-13,TRUE,FALSE,TRUE,FALSE,FALSE,FALSE,0,8474141
2015020498,441,even-strength,67,-25,FALSE,FALSE,TRUE,FALSE,FALSE,FALSE,0,8476381
2015020498,443,even-strength,69,-24,FALSE,FALSE,TRUE,TRUE,FALSE,FALSE,0.026465501207969713,8477929
2015020498,449,power-play,85,-5,FALSE,FALSE,TRUE,TRUE,TRUE,FALSE,0.0822134986371842,8473604
2015020498,612,power-play,72,18,FALSE,FALSE,TRUE,TRUE,TRUE,FALSE,0.08552811226908998,8478550
2015020498,613,even-strength,51,-14,FALSE,FALSE,TRUE,FALSE,FALSE,FALSE,0,8465058
2015020498,616,even-strength,38,-1,FALSE,FALSE,TRUE,FALSE,FALSE,FALSE,0,8477845
2015020498,627,even-strength,66,14,FALSE,FALSE,TRUE,FALSE,FALSE,FALSE,0,8476381
2015020498,635,even-strength,78,0,FALSE,FALSE,TRUE,TRUE,TRUE,TRUE,0.1682965817797374,8476381
2015020498,641,even-strength,76,4,FALSE,FALSE,TRUE,TRUE,TRUE,FALSE,0.1432618057629465,8476116
2015020498,643,even-strength,56,-35,FALSE,FALSE,TRUE,TRUE,FALSE,FALSE,0.02201384511021851,8474141
2015020498,644,power-play,62,2,FALSE,FALSE,TRUE,TRUE,FALSE,FALSE,0.09013287790667622,8478550
2015020498,757,even-strength,79,-29,FALSE,FALSE,TRUE,TRUE,TRUE,FALSE,0.029071877670835335,8471956
2015020498,762,even-strength,73,-16,FALSE,FALSE,TRUE,TRUE,TRUE,FALSE,0.05997422316261659,8473604
2015020498,771,even-strength,78,-6,FALSE,FALSE,TRUE,TRUE,TRUE,FALSE,0.07781839054461628,8474141
2015020498,772,even-strength,84,-4,FALSE,TRUE,TRUE,TRUE,TRUE,FALSE,0.32860023451342446,8474141
2015020498,774,even-strength,69,11,FALSE,FALSE,TRUE,TRUE,FALSE,FALSE,0.1347583846250928,8473573
2015020498,775,even-strength,68,8,FALSE,FALSE,TRUE,TRUE,FALSE,FALSE,0.06528360591844677,8473604
2015020498,776,even-strength,78,-5,FALSE,FALSE,TRUE,TRUE,TRUE,TRUE,0.06539478986426105,8473604
2015020516,32,power-play,73,10,FALSE,FALSE,TRUE,TRUE,TRUE,FALSE,0.08333891004812773,8468483
2015020516,33,power-play,80,2,FALSE,TRUE,TRUE,TRUE,TRUE,FALSE,0.2691633753453166,8471685
2015020516,37,even-strength,83,4,FALSE,TRUE,TRUE,TRUE,TRUE,FALSE,0.23161319605929093,8470604
2015020516,38,even-strength,83,-39,FALSE,TRUE,TRUE,TRUE,TRUE,FALSE,0.057457519335920214,8473453
2015020516,53,even-strength,63,20,FALSE,FALSE,TRUE,TRUE,TRUE,FALSE,0.0295082771045009,8468483
2015020516,54,even-strength,56,8,FALSE,FALSE,TRUE,FALSE,FALSE,FALSE,0,8476871
2015020516,56,even-strength,62,5,FALSE,FALSE,TRUE,TRUE,TRUE,TRUE,0.06693593981310235,8475726
2015020516,58,even-strength,34,12,TRUE,FALSE,TRUE,TRUE,FALSE,FALSE,0.03921369396635341,8469555
2015020516,63,even-strength,18,-9,FALSE,FALSE,TRUE,TRUE,TRUE,FALSE,0.00503692476986987,8470604
2015020516,65,even-strength,34,-29,FALSE,FALSE,TRUE,TRUE,TRUE,FALSE,0.014780326213772368,8474166
2015020516,67,even-strength,84,-6,FALSE,FALSE,TRUE,TRUE,TRUE,TRUE,0.07108599099365887,8473453
2015020516,68,even-strength,36,15,TRUE,FALSE,TRUE,TRUE,FALSE,FALSE,0.02518726664724851,8476406
2015020516,70,even-strength,19,23,FALSE,FALSE,TRUE,TRUE,TRUE,FALSE,0.005008786037137104,8476406
2015020516,72,even-strength,58,30,FALSE,FALSE,TRUE,TRUE,TRUE,FALSE,0.033168669729509236,8473473
2015020516,76,even-strength,55,16,FALSE,FALSE,TRUE,TRUE,TRUE,FALSE,0.035304933406439816,8474162
2015020516,81,even-strength,35,24,FALSE,FALSE,TRUE,TRUE,FALSE,FALSE,0.010853741404939558,8475188
2015020516,83,even-strength,79,2,FALSE,FALSE,TRUE,TRUE,TRUE,FALSE,0.114470248442717,8473453
2015020516,84,even-strength,63,22,FALSE,FALSE,TRUE,TRUE,TRUE,FALSE,0.02756987444246209,8476871
2015020516,86,even-strength,28,23,FALSE,FALSE,TRUE,TRUE,FALSE,FALSE,0.010304756959704234,8469555
2015020516,91,power-play,41,-1,FALSE,FALSE,TRUE,TRUE,TRUE,FALSE,0.05194173578972869,8470604
2015020516,93,power-play,39,18,FALSE,FALSE,TRUE,TRUE,TRUE,FALSE,0.032841548558021995,8474166
2015020516,96,power-play,51,-29,FALSE,FALSE,TRUE,TRUE,TRUE,FALSE,0.037351022920515356,8474563
2015020516,97,even-strength,56,21,FALSE,FALSE,TRUE,TRUE,TRUE,FALSE,0.025839493125246252,8470606
2015020516,98,even-strength,49,17,FALSE,FALSE,TRUE,TRUE,FALSE,FALSE,0.022713223461664364,8470606
2015020516,99,even-strength,64,-34,TRUE,FALSE,TRUE,TRUE,FALSE,FALSE,0.02504179440645703,8475325
2015020516,100,even-strength,77,-4,FALSE,FALSE,TRUE,TRUE,FALSE,FALSE,0.08361316212834316,8470604
2015020516,262,even-strength,85,5,FALSE,FALSE,TRUE,TRUE,TRUE,FALSE,0.07358746046078345,8473453
2015020516,263,even-strength,84,5,FALSE,TRUE,TRUE,TRUE,TRUE,FALSE,0.20147492990775762,8473453
2015020516,268,even-strength,79,5,FALSE,FALSE,TRUE,TRUE,TRUE,FALSE,0.1105968817551513,8476406
2015020516,273,even-strength,58,33,FALSE,FALSE,TRUE,TRUE,FALSE,FALSE,0.02271961082747615,8473473
2015020516,278,penalty-kill,64,35,FALSE,FALSE,TRUE,FALSE,FALSE,FALSE,0,8474162
2015020516,280,penalty-kill,46,25,FALSE,FALSE,TRUE,TRUE,FALSE,FALSE,0.0038175515413221097,8469555
2015020516,281,even-strength,67,38,FALSE,FALSE,TRUE,TRUE,TRUE,FALSE,0.012377794470746615,8470604
2015020516,286,even-strength,46,-22,FALSE,FALSE,TRUE,TRUE,FALSE,FALSE,0.020613145525837314,8476404
2015020516,289,penalty-kill,-73,-2,FALSE,FALSE,TRUE,FALSE,FALSE,FALSE,0,8470604
2015020516,292,even-strength,40,-14,FALSE,FALSE,TRUE,TRUE,TRUE,FALSE,0.03196914970537568,8474166
2015020516,294,power-play,49,18,FALSE,FALSE,TRUE,TRUE,FALSE,FALSE,0.05163277968870188,8468483
2015020516,295,power-play,42,21,FALSE,FALSE,TRUE,TRUE,FALSE,FALSE,0.045563672929296514,8471685
2015020516,297,power-play,78,8,FALSE,FALSE,TRUE,TRUE,FALSE,FALSE,0.08289544037973379,8473453
2015020516,298,power-play,73,-7,FALSE,FALSE,TRUE,FALSE,FALSE,FALSE,0,8474563
2015020516,409,power-play,61,10,FALSE,FALSE,TRUE,FALSE,FALSE,FALSE,0,8474166
2015020516,448,even-strength,73,-22,FALSE,TRUE,TRUE,TRUE,FALSE,FALSE,0.13435851091224282,8473571
2015020516,467,even-strength,66,3,FALSE,FALSE,TRUE,TRUE,FALSE,FALSE,0.06017289023902483,8476406
2015020516,469,even-strength,75,-4,FALSE,FALSE,TRUE,TRUE,TRUE,FALSE,0.07545753748604433,8475726
2015020516,502,even-strength,45,0,FALSE,FALSE,TRUE,TRUE,FALSE,FALSE,0.041021054951801555,8468483
2015020516,506,even-strength,39,-28,FALSE,FALSE,TRUE,FALSE,FALSE,FALSE,0,8474563
2015020516,508,power-play,52,20,FALSE,FALSE,TRUE,TRUE,FALSE,FALSE,0.058359383790209864,8474563
2015020516,509,power-play,57,-17,FALSE,FALSE,TRUE,TRUE,TRUE,FALSE,0.06521592256968899,8471685
2015020516,510,power-play,67,-6,FALSE,FALSE,TRUE,FALSE,FALSE,FALSE,0,8471685
2015020516,513,even-strength,76,15,FALSE,FALSE,TRUE,FALSE,FALSE,FALSE,0,8474162
2015020516,515,even-strength,78,-7,FALSE,FALSE,TRUE,TRUE,TRUE,TRUE,0.0863448823153269,8475726
2015020516,518,even-strength,53,29,FALSE,FALSE,TRUE,TRUE,TRUE,FALSE,0.019721267730900827,8471685
2015020516,520,even-strength,76,3,FALSE,FALSE,TRUE,FALSE,FALSE,FALSE,0,8470606
2015020516,548,even-strength,66,-10,FALSE,FALSE,TRUE,TRUE,TRUE,FALSE,0.06215443606531474,8473473
2015020516,550,even-strength,57,3,FALSE,FALSE,TRUE,TRUE,TRUE,FALSE,0.07498672209771032,8476871
2015020516,701,even-strength,36,24,FALSE,FALSE,TRUE,TRUE,TRUE,FALSE,0.014044143103482917,8476404
2015020516,702,even-strength,63,-14,TRUE,FALSE,TRUE,TRUE,FALSE,FALSE,0.08278955961246703,8473453
2015020516,704,even-strength,72,5,FALSE,FALSE,TRUE,TRUE,TRUE,FALSE,0.08780870924894071,8468483
2015020516,705,even-strength,32,-31,FALSE,FALSE,TRUE,TRUE,TRUE,FALSE,0.008448703057559669,8474166
2015020516,706,even-strength,74,9,FALSE,FALSE,TRUE,TRUE,FALSE,FALSE,0.06939423402181764,8471685
2015020516,708,even-strength,65,-22,FALSE,FALSE,TRUE,TRUE,TRUE,FALSE,0.033049216963470886,8470604
2015020516,711,even-strength,72,-5,FALSE,FALSE,TRUE,FALSE,FALSE,FALSE,0,8471685
2015020516,713,even-strength,31,-28,FALSE,FALSE,TRUE,TRUE,TRUE,FALSE,0.009968896540312973,8474166
2015020516,715,even-strength,77,-1,FALSE,FALSE,TRUE,TRUE,TRUE,FALSE,0.1202881514527139,8476406
2015020516,716,even-strength,77,-2,FALSE,FALSE,TRUE,TRUE,FALSE,FALSE,0.09774308422151298,8475188
2015020516,718,even-strength,42,-26,FALSE,FALSE,TRUE,FALSE,FALSE,FALSE,0,8474162
2015020516,720,even-strength,71,8,FALSE,FALSE,TRUE,TRUE,FALSE,FALSE,0.06861270516146982,8468483
2015020516,721,even-strength,25,35,FALSE,FALSE,TRUE,TRUE,TRUE,FALSE,0.0040001992059070825,8474166
2015020516,727,even-strength,67,6,FALSE,FALSE,TRUE,FALSE,FALSE,FALSE,0,8471685
2015020540,13,even-strength,60,-1,FALSE,FALSE,TRUE,FALSE,FALSE,FALSE,0,8470750
2015020540,14,even-strength,59,-11,FALSE,FALSE,TRUE,FALSE,FALSE,FALSE,0,8470750
2015020540,25,power-play,71,5,FALSE,FALSE,TRUE,TRUE,TRUE,FALSE,0.11415152377300772,8462042
2015020540,29,power-play,78,-1,FALSE,FALSE,TRUE,FALSE,FALSE,FALSE,0,8462042
2015020540,30,power-play,72,-8,FALSE,FALSE,TRUE,TRUE,TRUE,TRUE,0.08861855829059744,8477492
2015020540,37,even-strength,68,0,FALSE,FALSE,TRUE,TRUE,TRUE,FALSE,0.07526077935145885,8471262
2015020540,39,power-play,33,-18,FALSE,FALSE,TRUE,TRUE,TRUE,FALSE,0.03326490729790919,8475197
2015020540,40,power-play,81,0,FALSE,FALSE,TRUE,TRUE,TRUE,FALSE,0.1306253347320401,8475168
2015020540,41,power-play,39,-11,FALSE,FALSE,TRUE,TRUE,TRUE,FALSE,0.04572536049037373,8471260
2015020540,43,power-play,74,-5,FALSE,FALSE,TRUE,TRUE,TRUE,TRUE,0.09027122706132722,8471262
2015020540,49,even-strength,58,34,FALSE,FALSE,TRUE,TRUE,TRUE,FALSE,0.023336621803126945,8476455
2015020540,203,even-strength,82,-12,FALSE,FALSE,TRUE,TRUE,TRUE,FALSE,0.06643669492201693,8475168
2015020540,220,even-strength,83,11,FALSE,FALSE,TRUE,TRUE,TRUE,FALSE,0.0661210774770114,8473446
2015020540,221,even-strength,68,3,FALSE,FALSE,TRUE,TRUE,TRUE,FALSE,0.0763911058698589,8476888
2015020540,222,even-strength,78,1,FALSE,TRUE,TRUE,TRUE,TRUE,FALSE,0.28446463420303897,8471681
2015020540,226,even-strength,60,-20,FALSE,FALSE,TRUE,TRUE,FALSE,FALSE,0.04272922280466094,8475168
2015020540,237,even-strength,57,15,FALSE,FALSE,TRUE,TRUE,TRUE,FALSE,0.04240508044049852,8467338
2015020540,238,even-strength,63,-21,FALSE,FALSE,TRUE,TRUE,TRUE,FALSE,0.041173970513726316,8474743
2015020540,248,even-strength,61,-21,FALSE,FALSE,TRUE,TRUE,FALSE,FALSE,0.034361750314166856,8474743
2015020540,249,even-strength,72,10,FALSE,FALSE,TRUE,TRUE,TRUE,FALSE,0.074722587919063,8470750
2015020540,250,even-strength,84,9,FALSE,FALSE,TRUE,TRUE,TRUE,TRUE,0.04358608137770835,8475168
2015020540,417,even-strength,71,23,FALSE,FALSE,TRUE,TRUE,TRUE,FALSE,0.03402545537616272,8475168
2015020540,420,even-strength,51,-32,TRUE,FALSE,TRUE,TRUE,TRUE,FALSE,0.033460402376304536,8477492
2015020540,607,power-play,52,19,FALSE,FALSE,TRUE,TRUE,TRUE,FALSE,0.06946302311924807,8471262
2015020540,608,power-play,75,0,FALSE,FALSE,TRUE,FALSE,FALSE,FALSE,0,8477492
2015020540,610,power-play,34,30,TRUE,FALSE,TRUE,TRUE,TRUE,FALSE,0.056414407826276915,8467400
2015020540,612,power-play,64,15,FALSE,FALSE,TRUE,FALSE,FALSE,FALSE,0,8473446
2015020540,613,power-play,57,28,TRUE,FALSE,TRUE,TRUE,TRUE,FALSE,0.17365344560515344,8471260
2015020540,615,power-play,76,2,FALSE,FALSE,TRUE,TRUE,TRUE,TRUE,0.16617993057183558,8471260
2015020540,620,power-play,73,22,FALSE,FALSE,TRUE,TRUE,TRUE,TRUE,0.08058202913920494,8477492
2015020540,622,even-strength,54,1,FALSE,FALSE,TRUE,FALSE,FALSE,FALSE,0,8471260
2015020540,623,even-strength,32,5,FALSE,FALSE,TRUE,TRUE,TRUE,FALSE,0.0178111637897908,8474207
2015020540,624,even-strength,74,-14,FALSE,FALSE,TRUE,TRUE,TRUE,FALSE,0.0701381113815232,8471260
2015020540,637,even-strength,67,-16,FALSE,FALSE,TRUE,TRUE,FALSE,FALSE,0.05022209076849712,8477492
2015020555,15,even-strength,40,23,TRUE,FALSE,TRUE,FALSE,FALSE,FALSE,0,8468513
2015020555,16,even-strength,52,14,FALSE,FALSE,TRUE,FALSE,FALSE,FALSE,0,8475170
2015020555,18,even-strength,34,10,FALSE,FALSE,TRUE,TRUE,FALSE,FALSE,0.015229678076865925,8468309
2015020555,19,even-strength,28,1,FALSE,FALSE,TRUE,TRUE,TRUE,FALSE,0.02046137377892447,8477930
2015020555,23,even-strength,57,18,FALSE,FALSE,TRUE,FALSE,FALSE,FALSE,0,8477290
2015020555,26,even-strength,73,12,FALSE,FALSE,TRUE,FALSE,FALSE,FALSE,0,8476906
2015020555,27,even-strength,42,21,FALSE,FALSE,TRUE,FALSE,FALSE,FALSE,0,8478563
2015020555,38,even-strength,68,14,FALSE,FALSE,TRUE,TRUE,TRUE,FALSE,0.08160472788734384,8476906
2015020555,42,even-strength,57,-20,FALSE,FALSE,TRUE,FALSE,FALSE,FALSE,0,8475462
2015020555,43,even-strength,64,-3,FALSE,FALSE,TRUE,FALSE,FALSE,FALSE,0,8474190
2015020555,44,even-strength,31,7,FALSE,FALSE,TRUE,TRUE,FALSE,FALSE,0.01651913083890593,8468513
2015020555,45,even-strength,54,-16,FALSE,FALSE,TRUE,FALSE,FALSE,FALSE,0,8475462
2015020555,50,even-strength,61,26,FALSE,FALSE,TRUE,FALSE,FALSE,FALSE,0,8473512
2015020555,352,power-play,49,28,FALSE,FALSE,TRUE,TRUE,TRUE,FALSE,0.04292024991721642,8473512
2015020555,360,power-play,66,31,FALSE,FALSE,TRUE,TRUE,TRUE,FALSE,0.05911150397384122,8475170
2015020555,362,power-play,40,-31,FALSE,FALSE,TRUE,TRUE,TRUE,FALSE,0.0356209595910428,8474161
2015020555,363,power-play,36,2,FALSE,FALSE,TRUE,TRUE,FALSE,FALSE,0.03947073784399118,8476906
2015020555,364,power-play,82,3,FALSE,TRUE,TRUE,TRUE,FALSE,FALSE,0.40286008415692703,8474190
2015020555,365,even-strength,71,13,FALSE,FALSE,TRUE,TRUE,FALSE,FALSE,0.04782988173120517,8474190
2015020555,366,even-strength,55,20,FALSE,FALSE,TRUE,FALSE,FALSE,FALSE,0,8478563
2015020555,367,even-strength,84,17,FALSE,FALSE,TRUE,TRUE,FALSE,FALSE,0.036314393753434426,8471762
2015020555,368,even-strength,57,35,FALSE,FALSE,TRUE,TRUE,TRUE,FALSE,0.013107046475221545,8477930
2015020555,369,even-strength,66,7,FALSE,FALSE,TRUE,FALSE,FALSE,FALSE,0,8476872
2015020555,370,even-strength,36,-30,FALSE,FALSE,TRUE,TRUE,FALSE,FALSE,0.009654395434694124,8475462
2015020555,372,even-strength,84,-21,FALSE,FALSE,TRUE,TRUE,TRUE,FALSE,0.04631487744448965,8474190
2015020555,373,even-strength,49,-28,FALSE,FALSE,TRUE,TRUE,FALSE,FALSE,0.02272313655242539,8478563
2015020555,374,even-strength,49,-14,FALSE,FALSE,TRUE,TRUE,FALSE,FALSE,0.020156547496434574,8475170
2015020555,377,even-strength,56,38,FALSE,FALSE,TRUE,TRUE,TRUE,FALSE,0.014744876349986188,8477930
2015020555,379,even-strength,54,33,FALSE,FALSE,TRUE,TRUE,TRUE,FALSE,0.02151940482460861,8471762
2015020555,395,even-strength,60,-11,FALSE,FALSE,TRUE,TRUE,TRUE,FALSE,0.036771620249622154,8473512
2015020555,396,even-strength,72,7,FALSE,FALSE,TRUE,TRUE,TRUE,FALSE,0.11811623198928663,8476906
2015020555,400,even-strength,68,-8,FALSE,FALSE,TRUE,FALSE,FALSE,FALSE,0,8469469
2015020555,454,even-strength,67,-22,FALSE,FALSE,TRUE,TRUE,TRUE,TRUE,0.03130568400834766,8473512
2015020555,456,even-strength,60,32,FALSE,FALSE,TRUE,TRUE,TRUE,FALSE,0.015289210356754623,8476461
2015020555,460,power-play,61,-9,FALSE,FALSE,TRUE,FALSE,FALSE,FALSE,0,8478563
2015020555,462,even-strength,61,-15,FALSE,FALSE,TRUE,FALSE,FALSE,FALSE,0,8476177
2015020555,464,even-strength,54,-5,FALSE,FALSE,TRUE,TRUE,FALSE,FALSE,0.04026025370931322,8478563
2015020555,465,even-strength,55,5,FALSE,FALSE,TRUE,TRUE,FALSE,FALSE,0.03954352631939359,8477930
2015020555,473,even-strength,59,32,FALSE,FALSE,TRUE,TRUE,TRUE,FALSE,0.021353342988354188,8477290
2015020555,474,even-strength,38,-21,FALSE,FALSE,TRUE,TRUE,TRUE,FALSE,0.01938535693611217,8475462
2015020555,477,even-strength,55,18,FALSE,FALSE,TRUE,FALSE,FALSE,FALSE,0,8468513
2015020555,481,even-strength,64,5,FALSE,FALSE,TRUE,TRUE,TRUE,FALSE,0.0810040889446305,8477290
2015020555,484,even-strength,82,-1,TRUE,FALSE,TRUE,TRUE,TRUE,TRUE,0.25796908690869,8476461
2015020555,486,even-strength,81,-2,FALSE,FALSE,TRUE,TRUE,FALSE,FALSE,0.10459400270005975,8469469
2015020555,493,even-strength,39,-24,FALSE,FALSE,TRUE,TRUE,TRUE,FALSE,0.024182859097073853,8478563
2015020555,495,even-strength,62,-20,TRUE,FALSE,TRUE,FALSE,FALSE,FALSE,0,8477290
2015020555,714,even-strength,71,-17,TRUE,FALSE,TRUE,TRUE,TRUE,FALSE,0.07132058726867961,8476461
2015020555,715,even-strength,70,-26,TRUE,FALSE,TRUE,FALSE,FALSE,FALSE,0,8474190
2015020555,717,even-strength,60,-13,FALSE,FALSE,TRUE,FALSE,FALSE,FALSE,0,8477290
2015020555,733,even-strength,63,20,FALSE,FALSE,TRUE,FALSE,FALSE,FALSE,0,8468513
2015020578,9,even-strength,63,8,FALSE,FALSE,TRUE,TRUE,FALSE,FALSE,0.051716420684764265,8473412
2015020578,10,even-strength,86,9,FALSE,FALSE,TRUE,TRUE,TRUE,FALSE,0.03582191827139213,8473412
2015020578,19,even-strength,77,-23,FALSE,FALSE,TRUE,TRUE,FALSE,FALSE,0.041388146540366454,8471218
2015020578,22,even-strength,75,-3,FALSE,FALSE,TRUE,TRUE,FALSE,FALSE,0.19168141720592122,8473618
2015020578,23,even-strength,62,-32,FALSE,FALSE,TRUE,TRUE,TRUE,FALSE,0.025668318857470028,8476469
2015020578,29,even-strength,65,26,FALSE,FALSE,TRUE,TRUE,TRUE,FALSE,0.029029241679141476,8470828
2015020578,33,even-strength,63,1,FALSE,FALSE,TRUE,TRUE,TRUE,FALSE,0.11606986964320705,8471218
2015020578,34,even-strength,69,-1,FALSE,FALSE,TRUE,FALSE,FALSE,FALSE,0,8476885
2015020578,41,penalty-kill,76,-2,TRUE,FALSE,TRUE,TRUE,TRUE,TRUE,0.21721518936961623,8471226
2015020578,44,even-strength,70,12,FALSE,FALSE,TRUE,TRUE,FALSE,FALSE,0.05726748539297891,8473412
2015020578,202,even-strength,79,15,FALSE,FALSE,TRUE,TRUE,TRUE,FALSE,0.05163501685531988,8475788
2015020578,203,even-strength,74,11,FALSE,FALSE,TRUE,TRUE,FALSE,FALSE,0.04741017812524265,8476392
2015020578,204,even-strength,77,0,FALSE,FALSE,TRUE,TRUE,TRUE,FALSE,0.1102003622983259,8471217
2015020578,205,even-strength,53,-23,TRUE,FALSE,TRUE,TRUE,FALSE,FALSE,0.04040458474312451,8474574
2015020578,206,even-strength,68,-19,FALSE,FALSE,TRUE,FALSE,FALSE,FALSE,0,8476885
2015020578,208,even-strength,76,5,FALSE,FALSE,TRUE,TRUE,FALSE,FALSE,0.11616521640766843,8473618
2015020578,216,even-strength,78,0,FALSE,FALSE,TRUE,TRUE,FALSE,FALSE,0.1978934640301268,8475788
2015020578,217,even-strength,58,20,FALSE,FALSE,TRUE,TRUE,TRUE,FALSE,0.02188497283596812,8474574
2015020578,219,even-strength,53,22,FALSE,FALSE,TRUE,TRUE,TRUE,FALSE,0.02156735518713919,8476885
2015020578,220,even-strength,54,18,FALSE,FALSE,TRUE,FALSE,FALSE,FALSE,0,8471218
2015020578,225,even-strength,84,12,FALSE,FALSE,TRUE,TRUE,TRUE,TRUE,0.04310063996510473,8476469
2015020578,228,penalty-kill,57,-10,FALSE,FALSE,TRUE,TRUE,TRUE,FALSE,0.08676741770022475,8473412
2015020578,232,even-strength,77,25,FALSE,FALSE,TRUE,TRUE,TRUE,FALSE,0.030326041286708273,8474574
2015020578,233,even-strength,81,10,FALSE,TRUE,TRUE,FALSE,FALSE,FALSE,0,8474574
2015020578,235,even-strength,75,-27,FALSE,FALSE,TRUE,TRUE,TRUE,FALSE,0.06877861494130312,8477940
2015020578,236,even-strength,56,32,FALSE,TRUE,TRUE,TRUE,TRUE,FALSE,0.16570910943015146,8470614
2015020578,238,power-play,49,7,FALSE,FALSE,TRUE,FALSE,FALSE,FALSE,0,8476885
2015020578,239,even-strength,69,-8,FALSE,FALSE,TRUE,FALSE,FALSE,FALSE,0,8475788
2015020578,242,even-strength,51,-22,FALSE,FALSE,TRUE,FALSE,FALSE,FALSE,0,8474574
2015020578,243,even-strength,60,4,FALSE,FALSE,TRUE,FALSE,FALSE,FALSE,0,8476392
2015020578,244,even-strength,69,1,FALSE,FALSE,TRUE,FALSE,FALSE,FALSE,0,8473412
2015020578,249,even-strength,51,21,FALSE,FALSE,TRUE,TRUE,TRUE,FALSE,0.023529424993146628,8477940
2015020578,401,even-strength,62,6,FALSE,FALSE,TRUE,FALSE,FALSE,FALSE,0,8471217
2015020578,409,penalty-kill,73,19,FALSE,FALSE,TRUE,TRUE,TRUE,FALSE,0.07854089440540417,8473412
2015020578,413,penalty-kill,19,0,FALSE,FALSE,TRUE,TRUE,TRUE,FALSE,0.01976229345623041,8473618
2015020578,415,even-strength,76,0,FALSE,FALSE,TRUE,TRUE,TRUE,FALSE,0.10381063309865728,8469501
2015020578,417,power-play,47,5,FALSE,FALSE,TRUE,FALSE,FALSE,FALSE,0,8470834
2015020578,418,power-play,53,-24,FALSE,FALSE,TRUE,TRUE,TRUE,TRUE,0.04599011946606861,8473618
2015020578,423,power-play,67,13,FALSE,FALSE,TRUE,FALSE,FALSE,FALSE,0,8471217
2015020578,424,power-play,49,-23,FALSE,FALSE,TRUE,TRUE,FALSE,FALSE,0.05270239033741287,8471217
2015020578,427,even-strength,42,-36,FALSE,FALSE,TRUE,TRUE,FALSE,FALSE,0.013357317160688472,8474094
2015020578,430,even-strength,61,-8,FALSE,FALSE,TRUE,TRUE,TRUE,FALSE,0.043890555939015176,8471217
2015020607,7,even-strength,87,-4,FALSE,FALSE,TRUE,TRUE,TRUE,FALSE,0.07659859155599098,8471794
2015020607,9,even-strength,86,-32,FALSE,FALSE,TRUE,TRUE,TRUE,FALSE,0.025810270607474307,8474679
2015020607,12,even-strength,80,-30,FALSE,FALSE,TRUE,TRUE,TRUE,FALSE,0.01819440276475597,8476822
2015020607,13,even-strength,73,-11,FALSE,FALSE,TRUE,FALSE,FALSE,FALSE,0,8470318
2015020607,17,even-strength,80,-27,FALSE,FALSE,TRUE,TRUE,FALSE,FALSE,0.020635375411977283,8475772
2015020607,19,even-strength,64,7,TRUE,FALSE,TRUE,FALSE,FALSE,FALSE,0,8467514
2015020607,26,even-strength,69,-7,FALSE,FALSE,TRUE,TRUE,TRUE,FALSE,0.08393726041062398,8476430
2015020607,31,even-strength,59,12,FALSE,FALSE,TRUE,TRUE,TRUE,TRUE,0.05354516772297873,8477215
2015020607,33,even-strength,80,11,FALSE,FALSE,TRUE,TRUE,TRUE,FALSE,0.059689227773148626,8475772
2015020607,34,even-strength,79,36,FALSE,FALSE,TRUE,TRUE,TRUE,FALSE,0.0215048429843771,8477946
2015020607,36,even-strength,39,17,FALSE,FALSE,TRUE,TRUE,TRUE,FALSE,0.01742901079841979,8468509
2015020607,43,even-strength,73,-4,FALSE,FALSE,TRUE,FALSE,FALSE,FALSE,0,8467389
2015020607,44,even-strength,83,-21,FALSE,FALSE,TRUE,TRUE,TRUE,FALSE,0.028389935373011044,8477946
2015020607,45,even-strength,79,19,FALSE,FALSE,TRUE,TRUE,TRUE,FALSE,0.05029711908348312,8477946
2015020607,48,even-strength,71,-9,FALSE,FALSE,TRUE,TRUE,FALSE,FALSE,0.0867725541077676,8476430
2015020607,49,even-strength,75,-7,FALSE,FALSE,TRUE,FALSE,FALSE,FALSE,0,8467514
2015020607,308,even-strength,31,32,FALSE,FALSE,TRUE,TRUE,TRUE,FALSE,0.005953006695305267,8471242
2015020607,312,even-strength,55,21,FALSE,FALSE,TRUE,TRUE,TRUE,FALSE,0.02171137403795697,8477946
2015020607,316,even-strength,45,1,FALSE,FALSE,TRUE,FALSE,FALSE,FALSE,0,8476289
2015020607,320,penalty-kill,78,-25,FALSE,FALSE,TRUE,TRUE,FALSE,FALSE,0.03718731650667668,8471794
2015020607,331,even-strength,83,-10,FALSE,FALSE,TRUE,TRUE,FALSE,FALSE,0.053281423289903616,8475193
2015020607,332,even-strength,82,-8,FALSE,FALSE,TRUE,FALSE,FALSE,FALSE,0,8468083
2015020607,333,even-strength,68,36,FALSE,FALSE,TRUE,TRUE,TRUE,FALSE,0.01575910386572222,8477946
2015020607,348,even-strength,71,6,FALSE,FALSE,TRUE,FALSE,FALSE,FALSE,0,8477946
2015020607,451,even-strength,33,-27,FALSE,FALSE,TRUE,TRUE,TRUE,FALSE,0.010797374194235928,8471716
2015020607,453,even-strength,60,14,FALSE,FALSE,TRUE,TRUE,TRUE,FALSE,0.05454811442421355,8475193
2015020607,454,even-strength,64,-11,FALSE,TRUE,TRUE,TRUE,TRUE,FALSE,0.1414294421024087,8467514
2015020607,465,even-strength,52,1,TRUE,FALSE,TRUE,TRUE,TRUE,FALSE,0.09537745453542704,8467514
2015020607,467,even-strength,64,25,FALSE,FALSE,TRUE,FALSE,FALSE,FALSE,0,8468083
2015020607,469,power-play,64,16,FALSE,FALSE,TRUE,TRUE,FALSE,FALSE,0.058083808555981026,8477946
2015020607,470,power-play,31,-25,FALSE,FALSE,TRUE,TRUE,TRUE,FALSE,0.02667170009043765,8471242
2015020607,478,even-strength,55,-8,FALSE,FALSE,TRUE,TRUE,TRUE,FALSE,0.041096220461241145,8477946
2015020607,483,even-strength,69,-6,FALSE,FALSE,TRUE,FALSE,FALSE,FALSE,0,8476430
2015020607,485,even-strength,79,-8,FALSE,FALSE,TRUE,FALSE,FALSE,FALSE,0,8471794
2015020607,486,even-strength,43,-1,FALSE,FALSE,TRUE,TRUE,TRUE,FALSE,0.031282315806863054,8477215
2015020607,487,even-strength,69,4,FALSE,FALSE,TRUE,FALSE,FALSE,FALSE,0,8475193
2015020607,495,even-strength,88,31,FALSE,FALSE,TRUE,TRUE,FALSE,FALSE,0.019422947527417442,8476822
2015020607,496,even-strength,85,-17,FALSE,FALSE,TRUE,FALSE,FALSE,FALSE,0,8471716
2015020607,499,even-strength,37,-1,FALSE,FALSE,TRUE,TRUE,FALSE,FALSE,0.028165158386458194,8474090
2015020607,500,even-strength,37,-28,FALSE,FALSE,TRUE,TRUE,TRUE,FALSE,0.010306568828291077,8471242
2015020607,703,even-strength,36,0,FALSE,FALSE,TRUE,TRUE,TRUE,FALSE,0.02693396577465656,8477215
2015020607,713,even-strength,75,7,FALSE,FALSE,TRUE,FALSE,FALSE,FALSE,0,8471794
2015020607,715,even-strength,57,-1,FALSE,TRUE,TRUE,TRUE,TRUE,TRUE,0.21615524321499197,8471716
2015020607,716,even-strength,82,-37,FALSE,FALSE,TRUE,TRUE,TRUE,FALSE,0.014201964348052057,8467514
2015020607,726,power-play,38,-3,FALSE,FALSE,TRUE,TRUE,TRUE,FALSE,0.05254705682444776,8468509
2015020607,729,power-play,45,-22,FALSE,FALSE,TRUE,TRUE,FALSE,FALSE,0.05253962856738449,8468509
2015020619,8,even-strength,69,7,TRUE,FALSE,TRUE,TRUE,TRUE,FALSE,0.14589326674533887,8469707
2015020619,10,even-strength,51,12,FALSE,FALSE,TRUE,FALSE,FALSE,FALSE,0,8475180
2015020619,11,even-strength,32,29,FALSE,FALSE,TRUE,TRUE,FALSE,FALSE,0.009700482041044263,8470602
2015020619,16,even-strength,55,-17,FALSE,FALSE,TRUE,TRUE,TRUE,FALSE,0.031322593253905996,8469707
2015020619,19,even-strength,82,-5,FALSE,FALSE,TRUE,TRUE,TRUE,FALSE,0.10800444141635379,8470207
2015020619,20,even-strength,82,-5,FALSE,TRUE,TRUE,TRUE,TRUE,FALSE,0.24640839264699735,8470207
2015020619,33,even-strength,49,7,FALSE,FALSE,TRUE,TRUE,TRUE,FALSE,0.032443266400230424,8469707
2015020619,38,even-strength,52,18,FALSE,FALSE,TRUE,TRUE,TRUE,FALSE,0.032540207523086576,8476853
2015020619,39,even-strength,37,-29,FALSE,FALSE,TRUE,FALSE,FALSE,FALSE,0,8476302
2015020619,40,even-strength,73,27,FALSE,FALSE,TRUE,TRUE,TRUE,FALSE,0.027722545610932785,8475180
2015020619,41,even-strength,39,-36,FALSE,FALSE,TRUE,TRUE,FALSE,FALSE,0.00987713723486758,8474581
2015020619,42,even-strength,33,-28,FALSE,FALSE,TRUE,TRUE,FALSE,FALSE,0.009767151606830705,8476302
2015020619,45,even-strength,78,0,FALSE,FALSE,TRUE,TRUE,TRUE,FALSE,0.1369076681143786,8469707
2015020619,47,even-strength,23,31,FALSE,FALSE,TRUE,TRUE,TRUE,FALSE,0.005008455660137963,8473546
2015020619,49,even-strength,60,16,FALSE,FALSE,TRUE,TRUE,TRUE,FALSE,0.03510514405888521,8469707
2015020619,50,even-strength,67,12,FALSE,FALSE,TRUE,FALSE,FALSE,FALSE,0,8474037
2015020619,203,even-strength,54,9,FALSE,FALSE,TRUE,TRUE,TRUE,FALSE,0.04296442503931506,8475278
2015020619,204,even-strength,88,-7,TRUE,FALSE,TRUE,TRUE,TRUE,FALSE,0.04147582605926626,8475172
2015020619,221,even-strength,54,-6,FALSE,FALSE,TRUE,TRUE,TRUE,FALSE,0.048207546630983145,8473546
2015020619,222,even-strength,72,14,FALSE,FALSE,TRUE,FALSE,FALSE,FALSE,0,8475172
2015020619,225,even-strength,48,-28,FALSE,FALSE,TRUE,FALSE,FALSE,FALSE,0,8471392
2015020619,226,even-strength,75,-11,FALSE,FALSE,TRUE,TRUE,TRUE,FALSE,0.0697956719218076,8476853
2015020619,239,even-strength,73,3,FALSE,FALSE,TRUE,TRUE,FALSE,FALSE,0.08536813689051975,8475180
2015020619,241,even-strength,75,16,FALSE,FALSE,TRUE,FALSE,FALSE,FALSE,0,8475172
2015020619,242,even-strength,69,-2,FALSE,FALSE,TRUE,FALSE,FALSE,FALSE,0,8473574
2015020619,243,even-strength,63,16,FALSE,FALSE,TRUE,FALSE,FALSE,FALSE,0,8474581
2015020619,247,power-play,84,-4,FALSE,FALSE,TRUE,TRUE,TRUE,FALSE,0.09188912282091526,8474037
2015020619,248,power-play,81,-4,FALSE,FALSE,TRUE,TRUE,TRUE,FALSE,0.09000416031308715,8474037
2015020619,249,power-play,43,-21,FALSE,FALSE,TRUE,TRUE,FALSE,FALSE,0.03234244661948669,8470602
2015020619,250,power-play,79,0,FALSE,TRUE,TRUE,TRUE,TRUE,FALSE,0.3592392507865553,8474037
2015020619,451,power-play,63,23,FALSE,TRUE,TRUE,TRUE,FALSE,FALSE,0.2000191623472184,8469707
2015020619,452,even-strength,64,-4,FALSE,FALSE,TRUE,TRUE,TRUE,FALSE,0.062288243261855086,8470602
2015020619,454,even-strength,55,-14,FALSE,FALSE,TRUE,TRUE,TRUE,FALSE,0.05557341923383111,8475278
2015020619,460,penalty-kill,64,13,FALSE,FALSE,TRUE,TRUE,TRUE,FALSE,0.06086620666032862,8473546
2015020619,463,even-strength,80,14,FALSE,FALSE,TRUE,FALSE,FALSE,FALSE,0,8474581
2015020619,467,even-strength,66,23,FALSE,FALSE,TRUE,FALSE,FALSE,FALSE,0,8474037
2015020619,468,even-strength,31,8,FALSE,FALSE,TRUE,TRUE,FALSE,FALSE,0.010658835329531099,8476853
2015020619,469,even-strength,74,25,FALSE,FALSE,TRUE,FALSE,FALSE,FALSE,0,8476853
2015020619,479,even-strength,63,19,FALSE,FALSE,TRUE,FALSE,FALSE,FALSE,0,8475098
2015020619,480,even-strength,66,5,FALSE,FALSE,TRUE,FALSE,FALSE,FALSE,0,8475278
2015020619,488,power-play,32,19,FALSE,TRUE,TRUE,TRUE,TRUE,FALSE,0.10380081346186563,8470602
2015020619,489,power-play,79,-8,FALSE,TRUE,TRUE,TRUE,FALSE,FALSE,0.2717361918279594,8475098
2015020619,496,power-play,76,-3,FALSE,FALSE,TRUE,FALSE,FALSE,FALSE,0,8468504
2015020619,497,power-play,81,10,FALSE,FALSE,TRUE,TRUE,FALSE,FALSE,0.06874725999891736,8470602
2015020619,498,power-play,72,5,FALSE,TRUE,TRUE,TRUE,TRUE,FALSE,0.24637222724892688,8469707
2015020619,499,power-play,76,15,FALSE,FALSE,TRUE,TRUE,TRUE,FALSE,0.09897213045557234,8469707
2015020619,500,power-play,38,32,FALSE,FALSE,TRUE,TRUE,TRUE,FALSE,0.028415886252787802,8470602
2015020619,652,power-play,75,-18,FALSE,FALSE,TRUE,TRUE,TRUE,FALSE,0.06600267218359995,8475180
2015020619,653,power-play,52,34,FALSE,FALSE,TRUE,TRUE,FALSE,FALSE,0.02730630518494989,8474581
2015020619,654,power-play,88,-18,FALSE,FALSE,TRUE,TRUE,TRUE,FALSE,0.06623739645787996,8470207
2015020619,655,power-play,71,16,FALSE,FALSE,TRUE,FALSE,FALSE,FALSE,0,8475172
2015020619,665,even-strength,34,34,FALSE,FALSE,TRUE,TRUE,FALSE,FALSE,0.011645596513880672,8470602
2015020619,683,even-strength,43,-18,FALSE,FALSE,TRUE,FALSE,FALSE,FALSE,0,8476853
2015020619,690,even-strength,51,28,FALSE,FALSE,TRUE,TRUE,TRUE,FALSE,0.01822762440540384,8474037
2015020619,691,even-strength,69,20,FALSE,FALSE,TRUE,TRUE,FALSE,FALSE,0.027664622845384693,8469707
2015020619,692,even-strength,63,-18,FALSE,FALSE,TRUE,TRUE,TRUE,FALSE,0.026587135679417354,8475098
2015020619,693,even-strength,31,-20,FALSE,FALSE,TRUE,TRUE,FALSE,FALSE,0.007199350609767514,8476853
2015020619,695,power-play,69,-8,FALSE,FALSE,TRUE,FALSE,FALSE,FALSE,0,8475098
2015020619,697,power-play,40,30,FALSE,FALSE,TRUE,TRUE,FALSE,FALSE,0.027973303373169972,8474581
2015020619,698,power-play,75,-11,FALSE,FALSE,TRUE,TRUE,FALSE,FALSE,0.07021387490273018,8473463
2015020631,8,even-strength,70,-8,FALSE,FALSE,TRUE,FALSE,FALSE,FALSE,0,8476346
2015020631,10,even-strength,83,-1,FALSE,FALSE,TRUE,FALSE,FALSE,FALSE,0,8474150
2015020631,11,even-strength,82,35,FALSE,FALSE,TRUE,TRUE,TRUE,FALSE,0.01574685976180884,8477935
2015020631,13,even-strength,37,-27,FALSE,FALSE,TRUE,TRUE,TRUE,FALSE,0.011397652779408357,8469770
2015020631,21,even-strength,37,-25,FALSE,FALSE,TRUE,TRUE,TRUE,FALSE,0.013968372594096648,8469770
2015020631,26,even-strength,34,32,FALSE,FALSE,TRUE,TRUE,TRUE,FALSE,0.00744029787596268,8474150
2015020631,30,even-strength,34,22,FALSE,FALSE,TRUE,TRUE,TRUE,FALSE,0.009913865406490332,8471729
2015020631,32,even-strength,81,25,FALSE,FALSE,TRUE,FALSE,FALSE,FALSE,0,8474577
2015020631,34,even-strength,80,-10,FALSE,TRUE,TRUE,TRUE,TRUE,FALSE,0.1710363520619797,8474150
2015020631,37,even-strength,78,0,FALSE,FALSE,TRUE,TRUE,TRUE,FALSE,0.15223626429270426,8474150
2015020631,38,even-strength,74,2,FALSE,FALSE,TRUE,TRUE,TRUE,FALSE,0.0964763416636972,8470877
2015020631,39,even-strength,63,27,FALSE,FALSE,TRUE,TRUE,TRUE,FALSE,0.019018977601605515,8474150
2015020631,42,even-strength,35,-1,FALSE,FALSE,TRUE,TRUE,FALSE,FALSE,0.015514623127384643,8475650
2015020631,43,even-strength,44,13,FALSE,FALSE,TRUE,FALSE,FALSE,FALSE,0,8469770
2015020631,46,even-strength,81,0,FALSE,FALSE,TRUE,FALSE,FALSE,FALSE,0,8470966
2015020631,47,even-strength,78,18,FALSE,TRUE,TRUE,TRUE,FALSE,FALSE,0.161207546581646,8476346
2015020631,49,even-strength,52,-10,FALSE,FALSE,TRUE,TRUE,TRUE,TRUE,0.05243378104781176,8477497
2015020631,205,even-strength,56,8,FALSE,FALSE,TRUE,TRUE,FALSE,FALSE,0.036291691882067566,8471729
2015020631,206,even-strength,55,-25,FALSE,FALSE,TRUE,FALSE,FALSE,FALSE,0,8474150
2015020631,207,even-strength,65,-2,FALSE,FALSE,TRUE,FALSE,FALSE,FALSE,0,8474673
2015020631,210,even-strength,42,17,FALSE,FALSE,TRUE,TRUE,TRUE,FALSE,0.02432804454594741,8471729
2015020631,212,even-strength,64,-34,FALSE,FALSE,TRUE,TRUE,TRUE,FALSE,0.01801306745731207,8476462
2015020631,213,even-strength,72,1,FALSE,FALSE,TRUE,TRUE,FALSE,FALSE,0.1095843180197175,8477497
2015020631,214,even-strength,67,11,FALSE,FALSE,TRUE,FALSE,FALSE,FALSE,0,8476440
2015020631,236,even-strength,63,12,FALSE,FALSE,TRUE,TRUE,TRUE,FALSE,0.04471263972547314,8477497
2015020631,242,even-strength,37,-20,FALSE,FALSE,TRUE,TRUE,TRUE,FALSE,0.015499432266099088,8474673
2015020631,244,even-strength,66,24,FALSE,FALSE,TRUE,TRUE,TRUE,FALSE,0.031592885463117226,8477591
2015020631,246,power-play,84,4,FALSE,FALSE,TRUE,TRUE,FALSE,FALSE,0.10569225986975045,8475907
2015020631,248,power-play,77,1,FALSE,FALSE,TRUE,FALSE,FALSE,FALSE,0,8469770
2015020631,250,power-play,67,-1,FALSE,FALSE,TRUE,TRUE,TRUE,TRUE,0.13701530574880336,8469770
2015020631,451,power-play,71,3,FALSE,FALSE,TRUE,TRUE,TRUE,TRUE,0.08432317357957286,8477935
2015020631,452,even-strength,81,-3,FALSE,FALSE,TRUE,TRUE,FALSE,FALSE,0.0966386503699768,8470877
2015020631,453,even-strength,76,1,TRUE,FALSE,TRUE,TRUE,TRUE,FALSE,0.23551395850450393,8477497
2015020631,454,even-strength,74,-11,FALSE,FALSE,TRUE,FALSE,FALSE,FALSE,0,8474577
2015020631,459,even-strength,74,14,FALSE,FALSE,TRUE,TRUE,TRUE,FALSE,0.0467429990381724,8477935
2015020631,463,even-strength,75,30,FALSE,FALSE,TRUE,TRUE,FALSE,FALSE,0.034492132692846754,8474642
2015020631,466,even-strength,66,7,FALSE,FALSE,TRUE,TRUE,TRUE,FALSE,0.07824389219571015,8474673
2015020631,476,even-strength,69,-7,FALSE,FALSE,TRUE,FALSE,FALSE,FALSE,0,8476440
2015020631,479,even-strength,36,23,FALSE,FALSE,TRUE,TRUE,TRUE,FALSE,0.016923811775388105,8476462
2015020631,480,even-strength,82,3,FALSE,FALSE,TRUE,FALSE,FALSE,FALSE,0,8471729
2015020631,483,even-strength,45,13,FALSE,FALSE,TRUE,TRUE,TRUE,FALSE,0.032480252077698044,8468674
2015020631,487,even-strength,76,-8,FALSE,FALSE,TRUE,TRUE,TRUE,FALSE,0.08105420317187427,8476346
2015020631,494,even-strength,62,-31,FALSE,FALSE,TRUE,TRUE,FALSE,FALSE,0.020776817644690422,8476346
2015020631,495,even-strength,60,-2,FALSE,FALSE,TRUE,TRUE,TRUE,FALSE,0.12520902171346746,8477497
2015020631,497,even-strength,81,10,FALSE,FALSE,TRUE,TRUE,TRUE,FALSE,0.05790932235212836,8474577
2015020631,651,even-strength,80,1,FALSE,FALSE,TRUE,FALSE,FALSE,FALSE,0,8474150
2015020631,652,even-strength,32,-35,TRUE,FALSE,TRUE,TRUE,TRUE,FALSE,0.015468970488197979,8469770
2015020631,656,even-strength,63,-14,FALSE,FALSE,TRUE,TRUE,FALSE,FALSE,0.0545953661010881,8477935
2015020631,657,even-strength,69,10,FALSE,FALSE,TRUE,TRUE,FALSE,FALSE,0.06595787545318171,8477935
2015020631,658,even-strength,83,-14,FALSE,FALSE,TRUE,FALSE,FALSE,FALSE,0,8474673
2015020631,661,even-strength,78,-3,FALSE,FALSE,TRUE,TRUE,TRUE,FALSE,0.15146602518814864,8476346
2015020631,663,even-strength,58,-24,FALSE,FALSE,TRUE,TRUE,TRUE,FALSE,0.02561741331223247,8476346
2015020631,664,even-strength,65,-21,FALSE,FALSE,TRUE,FALSE,FALSE,FALSE,0,8476346
2015020631,666,power-play,35,29,FALSE,FALSE,TRUE,TRUE,TRUE,FALSE,0.03242444951868882,8470966
2015020631,667,power-play,81,-7,FALSE,TRUE,TRUE,TRUE,TRUE,FALSE,0.17934832062602105,8474150
2015020631,668,power-play,85,-5,FALSE,FALSE,TRUE,TRUE,TRUE,FALSE,0.07412334501574343,8474150
2015020631,670,power-play,84,-3,FALSE,FALSE,TRUE,TRUE,TRUE,TRUE,0.09377232205487335,8475907
2015020631,673,even-strength,84,19,FALSE,FALSE,TRUE,TRUE,TRUE,FALSE,0.058637380910758756,8475907
2015020631,674,even-strength,82,1,FALSE,TRUE,TRUE,TRUE,TRUE,FALSE,0.2198129017678322,8477497
2015020631,676,even-strength,42,24,FALSE,FALSE,TRUE,FALSE,FALSE,FALSE,0,8470966
2015020631,677,even-strength,34,32,FALSE,FALSE,TRUE,TRUE,TRUE,FALSE,0.021791846658088254,8474673
2015020631,680,even-strength,74,16,FALSE,FALSE,TRUE,FALSE,FALSE,FALSE,0,8477935
2015020631,683,even-strength,61,5,FALSE,FALSE,TRUE,FALSE,FALSE,FALSE,0,8470966
2015020653,8,even-strength,49,4,FALSE,FALSE,TRUE,FALSE,FALSE,FALSE,0,8471284
2015020653,10,power-play,63,-9,FALSE,FALSE,TRUE,FALSE,FALSE,FALSE,0,8471284
2015020653,11,power-play,72,-23,FALSE,FALSE,TRUE,FALSE,FALSE,FALSE,0,8474586
2015020653,12,even-strength,60,-22,FALSE,FALSE,TRUE,TRUE,TRUE,FALSE,0.02816692648304336,8471816
2015020653,13,even-strength,86,-6,FALSE,FALSE,TRUE,TRUE,TRUE,FALSE,0.0991512036982357,8477498
2015020653,22,even-strength,69,7,FALSE,FALSE,TRUE,TRUE,FALSE,FALSE,0.04977247196025875,8474602
2015020653,23,even-strength,57,-24,TRUE,FALSE,TRUE,TRUE,TRUE,FALSE,0.048977557233709765,8474602
2015020653,24,even-strength,85,-8,FALSE,FALSE,TRUE,TRUE,FALSE,FALSE,0.06870486425954844,8475165
2015020653,25,even-strength,57,-24,FALSE,FALSE,TRUE,FALSE,FALSE,FALSE,0,8471816
2015020653,26,even-strength,46,-22,TRUE,FALSE,TRUE,TRUE,TRUE,FALSE,0.024657481196179644,8471816
2015020653,27,even-strength,81,3,FALSE,FALSE,TRUE,TRUE,FALSE,FALSE,0.1572525591600283,8475791
2015020653,31,even-strength,74,-18,FALSE,FALSE,TRUE,FALSE,FALSE,FALSE,0,8475165
2015020653,33,even-strength,30,30,FALSE,FALSE,TRUE,TRUE,TRUE,FALSE,0.010147624933215728,8475791
2015020653,34,even-strength,45,0,FALSE,FALSE,TRUE,FALSE,FALSE,FALSE,0,8474602
2015020653,35,even-strength,60,6,FALSE,FALSE,TRUE,TRUE,TRUE,FALSE,0.050560447714304305,8471678
2015020653,37,even-strength,55,-1,FALSE,FALSE,TRUE,FALSE,FALSE,FALSE,0,8473468
2015020653,38,even-strength,63,23,FALSE,FALSE,TRUE,TRUE,FALSE,FALSE,0.032040571402804544,8473962
2015020653,48,even-strength,68,20,FALSE,FALSE,TRUE,FALSE,FALSE,FALSE,0,8476454
2015020653,355,even-strength,44,22,FALSE,FALSE,TRUE,TRUE,FALSE,FALSE,0.013844257811721088,8475869
2015020653,361,even-strength,66,-20,FALSE,FALSE,TRUE,TRUE,TRUE,FALSE,0.041296889939047406,8475791
2015020653,372,even-strength,79,6,FALSE,FALSE,TRUE,TRUE,TRUE,TRUE,0.10246803574994609,8476855
2015020653,383,even-strength,67,-38,FALSE,FALSE,TRUE,TRUE,TRUE,FALSE,0.019130832301874276,8475178
2015020653,384,even-strength,54,15,FALSE,FALSE,TRUE,FALSE,FALSE,FALSE,0,8471284
2015020653,385,even-strength,81,-3,FALSE,FALSE,TRUE,TRUE,TRUE,FALSE,0.14052269561136937,8476336
2015020653,386,even-strength,43,26,FALSE,FALSE,TRUE,TRUE,FALSE,FALSE,0.014587042336398365,8471284
2015020653,387,even-strength,46,-5,FALSE,FALSE,TRUE,TRUE,FALSE,FALSE,0.03293291065922461,8474602
2015020653,389,even-strength,41,23,FALSE,FALSE,TRUE,TRUE,TRUE,FALSE,0.016722356515143037,8477498
2015020653,393,even-strength,63,0,FALSE,FALSE,TRUE,TRUE,TRUE,FALSE,0.10276010107801609,8476855
2015020653,394,even-strength,82,20,FALSE,TRUE,TRUE,FALSE,FALSE,FALSE,0,8476855
2015020653,396,even-strength,61,-22,FALSE,FALSE,TRUE,FALSE,FALSE,FALSE,0,8473468
2015020653,398,even-strength,33,24,FALSE,FALSE,TRUE,TRUE,TRUE,FALSE,0.01082098788164507,8471284
2015020653,506,even-strength,61,1,FALSE,FALSE,TRUE,FALSE,FALSE,FALSE,0,8476855
2015020653,526,even-strength,43,-25,FALSE,FALSE,TRUE,FALSE,FALSE,FALSE,0,8475178
2015020653,527,even-strength,39,20,TRUE,FALSE,TRUE,TRUE,FALSE,FALSE,0.02966364394158584,8477498
2015020653,528,even-strength,70,27,FALSE,FALSE,TRUE,TRUE,TRUE,FALSE,0.03690857482282386,8475791
2015020653,530,even-strength,44,17,FALSE,FALSE,TRUE,TRUE,TRUE,FALSE,0.02819284885818969,8471284
2015020653,531,even-strength,70,9,FALSE,FALSE,TRUE,TRUE,TRUE,FALSE,0.08476502943432389,8473962
2015020653,532,even-strength,51,0,FALSE,FALSE,TRUE,TRUE,FALSE,FALSE,0.056229724029129596,8476855
2015020653,537,even-strength,77,-16,FALSE,FALSE,TRUE,TRUE,TRUE,FALSE,0.0544350236747459,8476855
2015020653,540,even-strength,54,16,FALSE,FALSE,TRUE,TRUE,FALSE,FALSE,0.04316562745087011,8471284
2015020653,543,even-strength,60,8,FALSE,FALSE,TRUE,FALSE,FALSE,FALSE,0,8474602
2015020653,544,even-strength,35,18,FALSE,FALSE,TRUE,TRUE,TRUE,FALSE,0.011513489631544282,8477498
2015020653,546,even-strength,33,14,FALSE,FALSE,TRUE,TRUE,TRUE,FALSE,0.015024161801297382,8475869
2015020653,549,even-strength,59,7,FALSE,FALSE,TRUE,FALSE,FALSE,FALSE,0,8476855
2015020653,550,even-strength,66,-15,FALSE,FALSE,TRUE,FALSE,FALSE,FALSE,0,8474602
2015020653,602,even-strength,30,-21,FALSE,FALSE,TRUE,TRUE,TRUE,FALSE,0.017634544034998485,8473468
2015020653,614,even-strength,53,-30,FALSE,FALSE,TRUE,TRUE,TRUE,FALSE,0.015383112693488922,8474602
2015020653,624,even-strength,50,1,FALSE,FALSE,TRUE,FALSE,FALSE,FALSE,0,8471284
2015020653,629,even-strength,79,-5,FALSE,FALSE,TRUE,TRUE,TRUE,FALSE,0.08258030984603129,8476454
2015020653,630,even-strength,78,4,FALSE,FALSE,TRUE,TRUE,TRUE,FALSE,0.13833716531337142,8473962
2015020653,634,even-strength,81,4,FALSE,FALSE,TRUE,TRUE,TRUE,FALSE,0.04423340092439727,8471284
2015020653,636,even-strength,69,-19,FALSE,FALSE,TRUE,TRUE,TRUE,FALSE,0.05518567071857659,8474586
2015020669,9,even-strength,63,35,FALSE,FALSE,TRUE,TRUE,TRUE,FALSE,0.016740411010713965,8477501
2015020669,10,even-strength,49,23,FALSE,FALSE,TRUE,FALSE,FALSE,FALSE,0,8469455
2015020669,11,even-strength,60,1,FALSE,FALSE,TRUE,TRUE,TRUE,FALSE,0.05822927035614359,8469544
2015020669,13,even-strength,87,10,FALSE,FALSE,TRUE,TRUE,TRUE,FALSE,0.03459801407270641,8469466
2015020669,15,even-strength,68,-3,FALSE,FALSE,TRUE,FALSE,FALSE,FALSE,0,8471274
2015020669,20,even-strength,34,-33,FALSE,FALSE,TRUE,TRUE,FALSE,FALSE,0.014746393546366927,8474218
2015020669,21,even-strength,74,0,FALSE,FALSE,TRUE,TRUE,FALSE,FALSE,0.10439097655486587,8469455
2015020669,27,even-strength,67,-24,FALSE,FALSE,TRUE,TRUE,TRUE,FALSE,0.027466523177486817,8469544
2015020669,31,even-strength,84,-11,FALSE,FALSE,TRUE,FALSE,FALSE,FALSE,0,8474098
2015020669,32,even-strength,65,37,FALSE,FALSE,TRUE,TRUE,TRUE,FALSE,0.01956888670614971,8477406
2015020669,33,even-strength,47,28,FALSE,FALSE,TRUE,FALSE,FALSE,FALSE,0,8469466
2015020669,34,even-strength,51,-15,TRUE,FALSE,TRUE,TRUE,TRUE,FALSE,0.0816894958901802,8477501
2015020669,35,even-strength,55,19,FALSE,FALSE,TRUE,TRUE,TRUE,FALSE,0.02774925880265816,8475906
2015020669,40,even-strength,71,2,FALSE,FALSE,TRUE,TRUE,TRUE,FALSE,0.09869842568770108,8468635
2015020669,41,even-strength,87,31,FALSE,FALSE,TRUE,TRUE,TRUE,FALSE,0.018140608371957245,8477406
2015020669,42,even-strength,83,5,FALSE,FALSE,TRUE,TRUE,TRUE,TRUE,0.0902433307549545,8469466
2015020669,44,even-strength,42,7,FALSE,FALSE,TRUE,FALSE,FALSE,FALSE,0,8469544
2015020669,706,even-strength,73,-38,FALSE,FALSE,TRUE,TRUE,FALSE,FALSE,0.014861120517164648,8475747
2015020669,710,even-strength,78,-6,FALSE,FALSE,TRUE,TRUE,TRUE,FALSE,0.1113162231934373,8469466
2015020669,712,even-strength,78,-1,FALSE,FALSE,TRUE,TRUE,TRUE,FALSE,0.1150975071598709,8469455
2015020669,715,power-play,39,12,FALSE,FALSE,TRUE,FALSE,FALSE,FALSE,0,8475794
2015020669,716,power-play,45,-23,FALSE,FALSE,TRUE,TRUE,TRUE,FALSE,0.05433548721897908,8469544
2015020669,717,power-play,67,-10,FALSE,FALSE,TRUE,FALSE,FALSE,FALSE,0,8469544
2015020669,719,power-play,63,-8,FALSE,FALSE,TRUE,FALSE,FALSE,FALSE,0,8469466
2015020669,720,power-play,52,-11,FALSE,FALSE,TRUE,FALSE,FALSE,FALSE,0,8475906
2015020669,721,power-play,62,3,FALSE,FALSE,TRUE,FALSE,FALSE,FALSE,0,8475906
2015020669,739,even-strength,77,7,FALSE,FALSE,TRUE,FALSE,FALSE,FALSE,0,8471274
2015020669,741,even-strength,57,22,FALSE,FALSE,TRUE,FALSE,FALSE,FALSE,0,8469466
2015020669,742,even-strength,77,1,TRUE,FALSE,TRUE,TRUE,FALSE,FALSE,0.22809954540178778,8469466
2015020669,743,even-strength,64,9,FALSE,FALSE,TRUE,TRUE,TRUE,FALSE,0.07910821329419435,8473994
2015020669,746,even-strength,55,27,FALSE,FALSE,TRUE,TRUE,TRUE,FALSE,0.019180637040498886,8475794
2015020669,857,even-strength,31,30,TRUE,FALSE,TRUE,TRUE,TRUE,FALSE,0.013938511954186153,8469665
2015020669,863,even-strength,58,26,FALSE,FALSE,TRUE,TRUE,TRUE,FALSE,0.029673619534195696,8474849
2015020669,865,even-strength,68,-31,FALSE,FALSE,TRUE,TRUE,TRUE,FALSE,0.020410669508984125,8469455
2015020669,866,even-strength,63,-39,FALSE,FALSE,TRUE,TRUE,TRUE,FALSE,0.014212292908279713,8469544
2015020669,871,penalty-kill,52,2,FALSE,FALSE,TRUE,TRUE,TRUE,FALSE,0.04337315409875564,8475236
2015020669,876,even-strength,72,18,FALSE,FALSE,TRUE,FALSE,FALSE,FALSE,0,8477406
2015020669,877,even-strength,56,23,FALSE,FALSE,TRUE,TRUE,TRUE,FALSE,0.02837957005506376,8475236
2015020669,879,even-strength,53,29,FALSE,FALSE,TRUE,FALSE,FALSE,FALSE,0,8475794
2015020669,891,even-strength,65,-1,FALSE,FALSE,TRUE,FALSE,FALSE,FALSE,0,8475906
2015020669,1004,even-strength,77,8,FALSE,FALSE,TRUE,TRUE,TRUE,FALSE,0.07150446574294922,8475794
2015020669,1005,even-strength,54,0,TRUE,FALSE,TRUE,TRUE,TRUE,TRUE,0.11963173789396464,8475794
2015020669,1008,even-strength,56,12,FALSE,FALSE,TRUE,FALSE,FALSE,FALSE,0,8471274
2015020669,1009,even-strength,79,8,FALSE,FALSE,TRUE,TRUE,TRUE,FALSE,0.09995376449762185,8469544
2015020669,1010,even-strength,45,-29,FALSE,FALSE,TRUE,TRUE,FALSE,FALSE,0.015059378095590869,8477501
2015020669,1012,power-play,48,17,FALSE,FALSE,TRUE,FALSE,FALSE,FALSE,0,8475794
2015020669,1013,power-play,37,-12,FALSE,FALSE,TRUE,TRUE,TRUE,FALSE,0.05073189133777469,8474218
2015020669,1014,power-play,54,-13,FALSE,FALSE,TRUE,TRUE,FALSE,FALSE,0.08469687901860548,8469544
2015020669,1016,power-play,86,-6,FALSE,FALSE,TRUE,TRUE,TRUE,FALSE,0.09634351618632768,8473994
2015020669,1017,power-play,61,22,FALSE,FALSE,TRUE,FALSE,FALSE,FALSE,0,8475794
2015020669,1018,power-play,75,8,FALSE,FALSE,TRUE,TRUE,TRUE,FALSE,0.11008323222714234,8473994
2015020669,1019,power-play,72,-3,FALSE,FALSE,TRUE,TRUE,TRUE,FALSE,0.1194858561337043,8469759
2015020669,1021,power-play,49,14,FALSE,FALSE,TRUE,TRUE,TRUE,FALSE,0.053008071333784164,8475906
2015020669,1026,even-strength,33,30,FALSE,FALSE,TRUE,TRUE,TRUE,FALSE,0.010475626148476904,8469665
2015020669,1028,even-strength,46,19,TRUE,FALSE,TRUE,TRUE,TRUE,FALSE,0.03368218448998147,8473994
2015020669,1030,even-strength,87,-9,FALSE,FALSE,TRUE,TRUE,TRUE,FALSE,0.06965815122002335,8473994
2015020669,1040,even-strength,49,-21,FALSE,FALSE,TRUE,TRUE,TRUE,TRUE,0.03284700073788562,8469455
2015020669,1048,even-strength,80,-18,FALSE,FALSE,TRUE,FALSE,FALSE,FALSE,0,8469455
2015020669,1049,even-strength,40,6,FALSE,FALSE,TRUE,TRUE,FALSE,FALSE,0.04773455320092545,8475794
2015020669,1051,even-strength,85,-15,FALSE,FALSE,TRUE,FALSE,FALSE,FALSE,0,8477406
2015020669,1053,even-strength,39,33,TRUE,FALSE,TRUE,TRUE,FALSE,FALSE,0.022451871203384037,8469544
2015020669,1055,even-strength,55,-23,FALSE,FALSE,TRUE,TRUE,TRUE,FALSE,0.033191000257658754,8469544
2015020669,1072,even-strength,76,-2,FALSE,FALSE,TRUE,TRUE,TRUE,FALSE,0.07784170263399011,8475906
2015020701,56,even-strength,39,-27,FALSE,FALSE,TRUE,TRUE,FALSE,FALSE,0.012928607161483759,8474628
2015020701,58,even-strength,76,7,FALSE,FALSE,TRUE,TRUE,TRUE,FALSE,0.07212344389539728,8477503
2015020701,73,even-strength,66,-2,FALSE,FALSE,TRUE,TRUE,TRUE,FALSE,0.10987137727993986,8476921
2015020701,74,even-strength,38,-7,FALSE,FALSE,TRUE,TRUE,FALSE,FALSE,0.015362505377363112,8474628
2015020701,85,even-strength,48,20,FALSE,FALSE,TRUE,TRUE,FALSE,FALSE,0.021100216972023866,8476356
2015020701,86,even-strength,40,-27,FALSE,FALSE,TRUE,TRUE,TRUE,FALSE,0.010780156372024572,8469760
2015020701,87,even-strength,48,-25,FALSE,FALSE,TRUE,TRUE,TRUE,FALSE,0.014217590944826976,8469760
2015020701,88,even-strength,63,14,FALSE,FALSE,TRUE,FALSE,FALSE,FALSE,0,8474571
2015020701,95,even-strength,37,4,FALSE,FALSE,TRUE,TRUE,TRUE,FALSE,0.017413372832916496,8468535
2015020701,97,even-strength,49,15,FALSE,FALSE,TRUE,FALSE,FALSE,FALSE,0,8475171
2015020701,98,even-strength,39,24,FALSE,FALSE,TRUE,TRUE,TRUE,FALSE,0.009572671641953152,8475171
2015020701,99,even-strength,84,28,FALSE,FALSE,TRUE,TRUE,TRUE,FALSE,0.018222702060699134,8462038
2015020701,343,even-strength,39,25,FALSE,FALSE,TRUE,TRUE,TRUE,FALSE,0.009738926996149345,8474628
2015020701,365,even-strength,64,-3,FALSE,FALSE,TRUE,TRUE,TRUE,FALSE,0.0724227836183322,8476403
2015020701,368,even-strength,83,24,FALSE,FALSE,TRUE,TRUE,TRUE,FALSE,0.026912183626501267,8476921
2015020701,369,even-strength,78,1,FALSE,FALSE,TRUE,TRUE,TRUE,FALSE,0.07595346570925522,8462038
2015020701,371,even-strength,78,-1,FALSE,FALSE,TRUE,TRUE,TRUE,FALSE,0.16239218383012757,8476473
2015020701,374,even-strength,35,26,FALSE,FALSE,TRUE,TRUE,FALSE,FALSE,0.00950948668446935,8475171
2015020701,376,even-strength,61,-25,TRUE,FALSE,TRUE,FALSE,FALSE,FALSE,0,8468535
2015020701,377,even-strength,82,16,FALSE,FALSE,TRUE,TRUE,TRUE,FALSE,0.03696057875016118,8470159
2015020701,379,even-strength,43,-8,FALSE,FALSE,TRUE,TRUE,FALSE,FALSE,0.024692654149582802,8477503
2015020701,382,even-strength,61,-14,FALSE,FALSE,TRUE,FALSE,FALSE,FALSE,0,8462038
2015020701,388,even-strength,69,-6,FALSE,FALSE,TRUE,FALSE,FALSE,FALSE,0,8476473
2015020701,391,even-strength,33,18,FALSE,FALSE,TRUE,TRUE,FALSE,FALSE,0.012048723634147386,8476403
2015020701,393,even-strength,42,-17,FALSE,FALSE,TRUE,TRUE,TRUE,FALSE,0.01842114384203974,8474628
2015020701,394,even-strength,77,8,FALSE,FALSE,TRUE,FALSE,FALSE,FALSE,0,8477407
2015020701,395,even-strength,64,7,FALSE,FALSE,TRUE,TRUE,TRUE,FALSE,0.04363087014932266,8476356
2015020701,397,even-strength,66,-11,FALSE,FALSE,TRUE,FALSE,FALSE,FALSE,0,8476356
2015020701,398,even-strength,63,-8,FALSE,FALSE,TRUE,FALSE,FALSE,FALSE,0,8468535
2015020701,523,even-strength,36,25,FALSE,FALSE,TRUE,TRUE,FALSE,FALSE,0.011681857667108895,8471269
2015020701,556,even-strength,35,18,FALSE,FALSE,TRUE,TRUE,FALSE,FALSE,0.01246787687478103,8476921
2015020701,560,power-play,64,-5,FALSE,FALSE,TRUE,FALSE,FALSE,FALSE,0,8462038
2015020701,561,power-play,51,-27,FALSE,FALSE,TRUE,TRUE,FALSE,FALSE,0.02941254610508788,8475171
2015020701,564,power-play,75,-1,FALSE,FALSE,TRUE,TRUE,FALSE,FALSE,0.11711458526846631,8471691
2015020701,565,even-strength,41,15,FALSE,FALSE,TRUE,TRUE,FALSE,FALSE,0.017875698420565418,8471269
2015020701,574,even-strength,46,-27,FALSE,FALSE,TRUE,TRUE,FALSE,FALSE,0.019783990741977453,8471691
2015020701,575,even-strength,76,-1,TRUE,FALSE,TRUE,FALSE,FALSE,FALSE,0,8475171
2015020701,576,even-strength,57,27,FALSE,FALSE,TRUE,TRUE,TRUE,FALSE,0.030424999298203945,8470755
2015020701,579,even-strength,47,10,FALSE,FALSE,TRUE,TRUE,TRUE,FALSE,0.021983332046364306,8475171
2015020701,580,even-strength,55,16,FALSE,FALSE,TRUE,TRUE,TRUE,FALSE,0.029456861175525064,8475171
2015020701,584,even-strength,40,6,FALSE,FALSE,TRUE,TRUE,TRUE,FALSE,0.020256939957023497,8475171
2015020701,585,even-strength,83,8,FALSE,TRUE,TRUE,TRUE,TRUE,TRUE,0.15779917767674784,8470755
2015020701,587,even-strength,52,14,FALSE,FALSE,TRUE,TRUE,TRUE,FALSE,0.025295860584496434,8476473
2015020701,588,even-strength,79,5,FALSE,FALSE,TRUE,TRUE,TRUE,FALSE,0.0922774888864675,8470755
2015020701,591,even-strength,70,-13,FALSE,FALSE,TRUE,FALSE,FALSE,FALSE,0,8474628
2015020701,592,even-strength,81,-10,FALSE,FALSE,TRUE,TRUE,FALSE,FALSE,0.04651536021801053,8471691
2015020701,594,even-strength,8,-37,FALSE,FALSE,TRUE,TRUE,TRUE,FALSE,0.0028240462030370292,8474628
2015020701,597,even-strength,82,-7,FALSE,FALSE,TRUE,FALSE,FALSE,FALSE,0,8476921
2015020701,701,penalty-kill,59,-18,FALSE,FALSE,TRUE,FALSE,FALSE,FALSE,0,8476473
2015020701,702,penalty-kill,46,11,FALSE,FALSE,TRUE,TRUE,FALSE,FALSE,0.051337551880841374,8470755
2015020701,703,penalty-kill,79,-13,FALSE,FALSE,TRUE,TRUE,FALSE,FALSE,0.07642171907800001,8470755
2015020701,705,penalty-kill,50,-29,FALSE,FALSE,TRUE,TRUE,FALSE,FALSE,0.018370585520533014,8469760
2015020701,706,penalty-kill,56,34,FALSE,FALSE,TRUE,TRUE,TRUE,FALSE,0.016114693390992214,8469760
2015020701,713,even-strength,79,-1,FALSE,FALSE,TRUE,FALSE,FALSE,FALSE,0,8471691
2015020710,8,even-strength,52,31,FALSE,FALSE,TRUE,TRUE,TRUE,FALSE,0.01987489085718471,8470610
2015020710,9,even-strength,67,7,FALSE,FALSE,TRUE,FALSE,FALSE,FALSE,0,8475798
2015020710,14,even-strength,52,-8,FALSE,FALSE,TRUE,FALSE,FALSE,FALSE,0,8470598
2015020710,15,even-strength,47,-4,FALSE,FALSE,TRUE,FALSE,FALSE,FALSE,0,8470598
2015020710,16,even-strength,46,-9,FALSE,TRUE,TRUE,FALSE,FALSE,FALSE,0,8470598
2015020710,17,even-strength,36,-21,FALSE,FALSE,TRUE,TRUE,FALSE,FALSE,0.01377855421005045,8476856
2015020710,22,even-strength,56,28,FALSE,FALSE,TRUE,TRUE,TRUE,FALSE,0.019847140390999645,8470600
2015020710,29,even-strength,39,-18,TRUE,FALSE,TRUE,FALSE,FALSE,FALSE,0,8476856
2015020710,36,power-play,53,3,FALSE,FALSE,TRUE,FALSE,FALSE,FALSE,0,8470600
2015020710,37,power-play,69,-1,FALSE,FALSE,TRUE,TRUE,FALSE,FALSE,0.1213373901404398,8470598
2015020710,38,power-play,57,13,FALSE,FALSE,TRUE,TRUE,TRUE,FALSE,0.06854620749260146,8476856
2015020710,39,even-strength,58,12,TRUE,FALSE,TRUE,TRUE,TRUE,FALSE,0.10793467403063813,8476856
2015020710,41,even-strength,84,-3,FALSE,TRUE,TRUE,TRUE,TRUE,TRUE,0.3289394301365419,8470871
2015020710,43,even-strength,82,1,FALSE,FALSE,TRUE,FALSE,FALSE,FALSE,0,8474618
2015020710,202,power-play,57,20,FALSE,FALSE,TRUE,FALSE,FALSE,FALSE,0,8469506
2015020710,203,power-play,82,1,FALSE,TRUE,TRUE,TRUE,TRUE,FALSE,0.34004316478529567,8470598
2015020710,204,power-play,82,2,FALSE,TRUE,TRUE,TRUE,TRUE,FALSE,0.36338480877615054,8470598
2015020710,206,even-strength,84,4,FALSE,FALSE,TRUE,TRUE,TRUE,FALSE,0.07810220234490063,8468526
2015020710,209,even-strength,46,-2,FALSE,FALSE,TRUE,FALSE,FALSE,FALSE,0,8476463
2015020710,211,even-strength,36,33,FALSE,FALSE,TRUE,TRUE,FALSE,FALSE,0.009343899196224532,8470600
2015020710,213,power-play,73,-21,FALSE,FALSE,TRUE,TRUE,TRUE,FALSE,0.06096681173094609,8475745
2015020710,214,power-play,84,-2,FALSE,TRUE,TRUE,TRUE,TRUE,TRUE,0.4165370362894259,8475745
2015020710,215,power-play,38,21,FALSE,FALSE,TRUE,TRUE,FALSE,FALSE,0.040715332307327635,8474716
2015020710,226,even-strength,34,-35,FALSE,FALSE,TRUE,TRUE,TRUE,FALSE,0.00905299809850624,8476463
2015020710,230,even-strength,52,3,TRUE,FALSE,TRUE,TRUE,TRUE,FALSE,0.16058100556670923,8469506
2015020710,238,even-strength,35,-1,FALSE,FALSE,TRUE,TRUE,TRUE,FALSE,0.027806949991214202,8470600
2015020710,239,even-strength,34,11,TRUE,FALSE,TRUE,TRUE,TRUE,FALSE,0.030260147605038028,8470600
2015020710,242,even-strength,48,16,FALSE,FALSE,TRUE,FALSE,FALSE,FALSE,0,8470598
2015020710,402,even-strength,28,-20,FALSE,FALSE,TRUE,TRUE,TRUE,FALSE,0.012362734772878576,8475287
2015020710,405,even-strength,69,-7,FALSE,FALSE,TRUE,TRUE,TRUE,FALSE,0.07234009959630473,8468526
2015020710,414,even-strength,62,-23,FALSE,FALSE,TRUE,TRUE,TRUE,FALSE,0.052596191680429,8475287
2015020710,422,even-strength,64,34,FALSE,FALSE,TRUE,TRUE,FALSE,FALSE,0.023763832050226377,8470610
2015020710,423,even-strength,72,-18,FALSE,FALSE,TRUE,FALSE,FALSE,FALSE,0,8476856
2015020710,425,even-strength,35,21,FALSE,FALSE,TRUE,TRUE,FALSE,FALSE,0.020355077790140595,8476856
2015020710,432,even-strength,78,0,FALSE,FALSE,TRUE,TRUE,TRUE,FALSE,0.12373461440188346,8470610
2015020710,441,even-strength,73,-25,FALSE,FALSE,TRUE,FALSE,FALSE,FALSE,0,8469506
2015020710,601,power-play,32,25,FALSE,FALSE,TRUE,TRUE,TRUE,FALSE,0.03217932780785185,8470600
2015020710,603,power-play,79,4,FALSE,FALSE,TRUE,TRUE,TRUE,FALSE,0.1434554867580245,8470598
2015020710,606,power-play,55,-20,FALSE,FALSE,TRUE,TRUE,FALSE,FALSE,0.0550679241174984,8475745
2015020710,616,even-strength,55,21,FALSE,FALSE,TRUE,FALSE,FALSE,FALSE,0,8475798
2015020710,626,even-strength,65,2,FALSE,FALSE,TRUE,TRUE,FALSE,FALSE,0.06368883251231165,8475745
2015020710,627,even-strength,54,-18,FALSE,FALSE,TRUE,TRUE,TRUE,FALSE,0.026611031900313747,8470610
2015020710,628,even-strength,54,-12,FALSE,FALSE,TRUE,FALSE,FALSE,FALSE,0,8475722
2015020710,634,even-strength,60,35,FALSE,FALSE,TRUE,TRUE,TRUE,FALSE,0.02333031673841016,8475799
2015020710,637,even-strength,42,-19,FALSE,FALSE,TRUE,FALSE,FALSE,FALSE,0,8476856
2015020710,639,even-strength,39,0,FALSE,FALSE,TRUE,TRUE,TRUE,FALSE,0.036313446233211,8476463
2015020710,640,even-strength,67,1,FALSE,TRUE,TRUE,TRUE,TRUE,TRUE,0.2111188974280023,8468526
2015020710,648,even-strength,73,-26,FALSE,FALSE,TRUE,TRUE,TRUE,FALSE,0.0377985388571408,8475287
2015020710,650,even-strength,60,-14,FALSE,FALSE,TRUE,FALSE,FALSE,FALSE,0,8476463
2015020710,705,even-strength,50,31,FALSE,FALSE,TRUE,TRUE,TRUE,FALSE,0.04038167565670632,8470600
2015020710,707,even-strength,75,-18,TRUE,FALSE,TRUE,TRUE,TRUE,FALSE,0.09232098796044218,8470610
2015020710,708,even-strength,78,1,TRUE,TRUE,TRUE,TRUE,TRUE,FALSE,0.3333869066002996,8469459
2015020724,8,even-strength,77,-3,FALSE,FALSE,TRUE,TRUE,TRUE,FALSE,0.10992841354928992,8476871
2015020724,9,even-strength,61,11,FALSE,FALSE,TRUE,TRUE,FALSE,FALSE,0.029271964304381504,8473453
2015020724,10,even-strength,53,25,FALSE,FALSE,TRUE,TRUE,TRUE,FALSE,0.020538899934692847,8469555
2015020724,11,even-strength,63,23,FALSE,FALSE,TRUE,TRUE,FALSE,FALSE,0.03415382862029282,8475325
2015020724,12,even-strength,48,31,FALSE,TRUE,TRUE,TRUE,FALSE,FALSE,0.06156167389723879,8474162
2015020724,13,even-strength,73,5,FALSE,FALSE,TRUE,TRUE,FALSE,FALSE,0.12260669283521763,8476406
2015020724,14,even-strength,69,-23,FALSE,FALSE,TRUE,TRUE,TRUE,FALSE,0.028822637782616154,8475325
2015020724,16,even-strength,42,14,FALSE,FALSE,TRUE,TRUE,TRUE,FALSE,0.01741857030773107,8470604
2015020724,18,even-strength,72,20,FALSE,FALSE,TRUE,FALSE,FALSE,FALSE,0,8476871
2015020724,19,even-strength,71,-40,FALSE,FALSE,TRUE,TRUE,TRUE,FALSE,0.014710170371331183,8476406
2015020724,22,even-strength,55,-20,FALSE,FALSE,TRUE,TRUE,TRUE,FALSE,0.028780739315880707,8470606
2015020724,24,even-strength,38,32,FALSE,FALSE,TRUE,TRUE,TRUE,FALSE,0.010298085008294211,8474162
2015020724,25,even-strength,35,20,FALSE,FALSE,TRUE,TRUE,FALSE,FALSE,0.01429710249946814,8474162
2015020724,31,even-strength,37,-25,FALSE,FALSE,TRUE,TRUE,FALSE,FALSE,0.014481101785874766,8474563
2015020724,35,even-strength,56,35,FALSE,FALSE,TRUE,FALSE,FALSE,FALSE,0,8476406
2015020724,39,even-strength,33,8,FALSE,FALSE,TRUE,TRUE,FALSE,FALSE,0.01853079355633314,8475188
2015020724,40,even-strength,62,7,FALSE,FALSE,TRUE,FALSE,FALSE,FALSE,0,8471685
2015020724,41,even-strength,52,2,FALSE,FALSE,TRUE,TRUE,TRUE,FALSE,0.043014337408209584,8473453
2015020724,44,even-strength,46,7,FALSE,FALSE,TRUE,TRUE,FALSE,FALSE,0.033744699452246583,8474166
2015020724,46,power-play,64,1,FALSE,FALSE,TRUE,TRUE,TRUE,FALSE,0.07123312227661756,8471685
2015020724,47,power-play,69,15,FALSE,FALSE,TRUE,FALSE,FALSE,FALSE,0,8475726
2015020724,204,penalty-kill,58,24,FALSE,FALSE,TRUE,TRUE,TRUE,FALSE,0.016147025729534588,8471685
2015020724,209,even-strength,40,-21,FALSE,FALSE,TRUE,TRUE,FALSE,FALSE,0.01573701993427378,8474568
2015020724,219,even-strength,78,0,FALSE,FALSE,TRUE,TRUE,TRUE,FALSE,0.12631666987163212,8470604
2015020724,223,even-strength,32,18,FALSE,FALSE,TRUE,TRUE,FALSE,FALSE,0.014253129890130167,8475188
2015020724,225,power-play,32,-27,FALSE,FALSE,TRUE,FALSE,FALSE,FALSE,0,8474563
2015020724,226,power-play,34,24,FALSE,FALSE,TRUE,TRUE,FALSE,FALSE,0.032318388260379916,8474166
2015020724,235,even-strength,36,-37,FALSE,FALSE,TRUE,TRUE,TRUE,FALSE,0.007130439848519985,8474568
2015020724,239,even-strength,26,35,FALSE,FALSE,TRUE,TRUE,FALSE,FALSE,0.00533037641403802,8474162
2015020724,249,penalty-kill,32,-7,FALSE,FALSE,TRUE,TRUE,TRUE,FALSE,0.021972163492325763,8474166
2015020724,401,penalty-kill,63,0,FALSE,FALSE,TRUE,TRUE,TRUE,FALSE,0.1003010452014015,8470606
2015020724,404,even-strength,45,6,FALSE,FALSE,TRUE,TRUE,TRUE,FALSE,0.03363520248807135,8474162
2015020724,406,even-strength,83,-3,FALSE,FALSE,TRUE,TRUE,TRUE,FALSE,0.09473217792197383,8475726
2015020724,407,even-strength,83,1,FALSE,FALSE,TRUE,TRUE,TRUE,FALSE,0.11954511680668738,8471685
2015020724,409,even-strength,32,-13,FALSE,FALSE,TRUE,TRUE,FALSE,FALSE,0.01277472254282072,8474563
2015020724,410,even-strength,61,2,FALSE,FALSE,TRUE,TRUE,FALSE,FALSE,0.049596491346231154,8471685
2015020724,422,even-strength,23,-29,FALSE,FALSE,TRUE,TRUE,TRUE,FALSE,0.004213825730440723,8474568
2015020724,428,even-strength,32,14,FALSE,FALSE,TRUE,TRUE,FALSE,FALSE,0.018272019017403423,8474162
2015020724,429,even-strength,80,1,FALSE,FALSE,TRUE,TRUE,TRUE,FALSE,0.13435576829227666,8470604
2015020724,430,power-play,81,-10,FALSE,FALSE,TRUE,TRUE,TRUE,FALSE,0.08967234833260081,8470604
2015020724,436,even-strength,83,-5,FALSE,TRUE,TRUE,TRUE,TRUE,FALSE,0.1975239617717364,8470604
2015020724,602,power-play,64,8,FALSE,FALSE,TRUE,FALSE,FALSE,FALSE,0,8474162
2015020724,603,power-play,59,11,FALSE,FALSE,TRUE,TRUE,TRUE,FALSE,0.07692167201879921,8471685
2015020724,604,power-play,49,-16,FALSE,FALSE,TRUE,TRUE,TRUE,TRUE,0.037320341429696716,8474563
2015020724,614,even-strength,53,1,FALSE,FALSE,TRUE,FALSE,FALSE,FALSE,0,8474563
2015020724,622,even-strength,60,-16,FALSE,FALSE,TRUE,FALSE,FALSE,FALSE,0,8473453
2015020724,625,even-strength,45,-17,FALSE,FALSE,TRUE,FALSE,FALSE,FALSE,0,8474166
2015020724,626,even-strength,43,26,FALSE,FALSE,TRUE,FALSE,FALSE,FALSE,0,8474162
2015020724,628,even-strength,79,-20,FALSE,TRUE,TRUE,TRUE,TRUE,FALSE,0.11555177507000904,8475726
2015020724,629,even-strength,62,-1,FALSE,FALSE,TRUE,TRUE,FALSE,FALSE,0.08385376053623125,8468483
2015020724,635,even-strength,37,33,FALSE,FALSE,TRUE,TRUE,TRUE,FALSE,0.021804722184478948,8474166
2015020724,636,even-strength,63,31,FALSE,FALSE,TRUE,FALSE,FALSE,FALSE,0,8474166
2015020724,637,even-strength,38,21,TRUE,FALSE,TRUE,FALSE,FALSE,FALSE,0,8470604
2015020724,639,power-play,60,-24,FALSE,FALSE,TRUE,TRUE,TRUE,FALSE,0.042422233259252234,8474166
2015020724,641,power-play,86,7,FALSE,FALSE,TRUE,FALSE,FALSE,FALSE,0,8468483
2015020724,643,even-strength,40,-17,FALSE,FALSE,TRUE,FALSE,FALSE,FALSE,0,8467329
2015020724,644,even-strength,32,33,FALSE,FALSE,TRUE,TRUE,TRUE,FALSE,0.0068537260981237375,8474162
2015020724,646,even-strength,40,26,FALSE,FALSE,TRUE,FALSE,FALSE,FALSE,0,8474162
2015020724,648,even-strength,33,38,FALSE,FALSE,TRUE,TRUE,TRUE,FALSE,0.005101370126342932,8474162
2015020724,649,even-strength,48,-19,FALSE,FALSE,TRUE,FALSE,FALSE,FALSE,0,8474162
2015020724,802,even-strength,39,-8,FALSE,FALSE,TRUE,TRUE,TRUE,FALSE,0.029772462282780066,8474563
2015020724,803,even-strength,80,0,FALSE,FALSE,TRUE,TRUE,TRUE,TRUE,0.11071734396091194,8467329
2015020724,807,even-strength,35,-2,FALSE,FALSE,TRUE,TRUE,TRUE,FALSE,0.020328625845497494,8474568
2015020724,817,even-strength,58,-31,FALSE,FALSE,TRUE,FALSE,FALSE,FALSE,0,8471685
2015020724,822,even-strength,39,10,FALSE,TRUE,TRUE,TRUE,FALSE,FALSE,0.31019329624620967,8476871
2015020724,823,even-strength,82,-7,FALSE,FALSE,TRUE,TRUE,FALSE,FALSE,0.030622228050151676,8474166
2015020724,824,even-strength,53,25,FALSE,FALSE,TRUE,TRUE,TRUE,TRUE,0.08878501327832003,8468483
2015020739,8,even-strength,-81,0,FALSE,FALSE,TRUE,FALSE,FALSE,FALSE,0,8474207
2015020739,13,even-strength,63,-24,FALSE,FALSE,TRUE,FALSE,FALSE,FALSE,0,8462042
2015020739,14,even-strength,32,20,FALSE,FALSE,TRUE,TRUE,TRUE,FALSE,0.018806052667070937,8475197
2015020739,15,even-strength,42,7,TRUE,FALSE,TRUE,TRUE,TRUE,FALSE,0.04615049440298799,8471262
2015020739,17,even-strength,59,16,FALSE,FALSE,TRUE,FALSE,FALSE,FALSE,0,8467338
2015020739,25,even-strength,63,32,FALSE,FALSE,TRUE,TRUE,TRUE,FALSE,0.020660023482898995,8477492
2015020739,28,even-strength,71,-22,FALSE,FALSE,TRUE,TRUE,FALSE,FALSE,0.03367835882011167,8473446
2015020739,32,even-strength,75,-4,TRUE,FALSE,TRUE,FALSE,FALSE,FALSE,0,8475780
2015020739,38,even-strength,86,-9,FALSE,FALSE,TRUE,TRUE,TRUE,FALSE,0.0443345919770265,8471681
2015020739,39,even-strength,55,-21,FALSE,FALSE,TRUE,TRUE,TRUE,FALSE,0.032931841587485355,8478561
2015020739,44,even-strength,68,-13,FALSE,FALSE,TRUE,TRUE,FALSE,FALSE,0.04952328677571002,8471262
2015020739,256,even-strength,65,-21,FALSE,FALSE,TRUE,FALSE,FALSE,FALSE,0,8477492
2015020739,259,even-strength,31,29,FALSE,FALSE,TRUE,TRUE,TRUE,FALSE,0.008698745222458922,8474207
2015020739,271,even-strength,62,23,TRUE,FALSE,TRUE,FALSE,FALSE,FALSE,0,8475168
2015020739,277,even-strength,52,23,FALSE,FALSE,TRUE,FALSE,FALSE,FALSE,0,8478561
2015020739,278,even-strength,55,-18,FALSE,FALSE,TRUE,FALSE,FALSE,FALSE,0,8473446
2015020739,279,even-strength,69,-25,FALSE,TRUE,TRUE,TRUE,TRUE,FALSE,0.07151335298477968,8475780
2015020739,281,even-strength,34,12,FALSE,FALSE,TRUE,TRUE,FALSE,FALSE,0.0170750400970883,8475197
2015020739,288,even-strength,54,-21,FALSE,FALSE,TRUE,FALSE,FALSE,FALSE,0,8473446
2015020739,291,power-play,53,3,FALSE,FALSE,TRUE,FALSE,FALSE,FALSE,0,8475197
2015020739,292,power-play,58,-12,FALSE,FALSE,TRUE,FALSE,FALSE,FALSE,0,8475197
2015020739,293,power-play,73,-16,FALSE,FALSE,TRUE,FALSE,FALSE,FALSE,0,8476455
2015020739,294,even-strength,80,23,FALSE,FALSE,TRUE,TRUE,TRUE,FALSE,0.03057592617029394,8470750
2015020739,295,even-strength,54,0,TRUE,FALSE,TRUE,TRUE,TRUE,FALSE,0.09748622325512005,8462042
2015020739,404,even-strength,66,-28,FALSE,FALSE,TRUE,TRUE,FALSE,FALSE,0.02116675800296437,8475780
2015020739,407,even-strength,39,-29,FALSE,FALSE,TRUE,TRUE,FALSE,FALSE,0.00968115411341045,8474743
2015020739,409,penalty-kill,62,-26,FALSE,FALSE,TRUE,TRUE,TRUE,FALSE,0.04160476579236168,8471260
2015020739,421,even-strength,80,-1,FALSE,FALSE,TRUE,TRUE,FALSE,FALSE,0.1028864937717859,8475780
2015020739,422,even-strength,77,-3,FALSE,FALSE,TRUE,FALSE,FALSE,FALSE,0,8475780
2015020739,427,even-strength,50,6,FALSE,FALSE,TRUE,TRUE,TRUE,FALSE,0.02123255123862036,8467400
2015020739,429,even-strength,54,-6,FALSE,FALSE,TRUE,FALSE,FALSE,FALSE,0,8467400
2015020739,437,even-strength,81,-2,FALSE,FALSE,TRUE,TRUE,FALSE,FALSE,0.09177723885779737,8475168
2015020739,439,power-play,57,12,FALSE,FALSE,TRUE,FALSE,FALSE,FALSE,0,8467400
2015020739,440,power-play,49,20,FALSE,FALSE,TRUE,TRUE,TRUE,FALSE,0.05677249247878675,8477492
2015020739,441,power-play,83,-2,FALSE,FALSE,TRUE,TRUE,TRUE,FALSE,0.09437608039938691,8475168
2015020739,443,power-play,64,-13,FALSE,FALSE,TRUE,FALSE,FALSE,FALSE,0,8475168
2015020739,445,even-strength,70,25,FALSE,FALSE,TRUE,TRUE,TRUE,FALSE,0.036123173056418344,8474207
2015020739,446,even-strength,48,-6,FALSE,FALSE,TRUE,TRUE,FALSE,FALSE,0.05481305290734885,8471260
2015020739,449,even-strength,64,11,FALSE,FALSE,TRUE,TRUE,FALSE,FALSE,0.09591534014088748,8467338
2015020739,603,power-play,63,-14,FALSE,FALSE,TRUE,FALSE,FALSE,FALSE,0,8470750
2015020739,605,power-play,53,1,FALSE,FALSE,TRUE,FALSE,FALSE,FALSE,0,8475197
2015020739,606,even-strength,59,13,FALSE,FALSE,TRUE,FALSE,FALSE,FALSE,0,8475197
2015020739,609,even-strength,61,0,FALSE,FALSE,TRUE,FALSE,FALSE,FALSE,0,8475197
2015020739,612,even-strength,49,11,FALSE,FALSE,TRUE,TRUE,TRUE,FALSE,0.027425066386209118,8470750
2015020739,613,even-strength,46,-17,FALSE,FALSE,TRUE,TRUE,TRUE,FALSE,0.021262152052445384,8474207
2015020739,614,even-strength,42,17,FALSE,FALSE,TRUE,TRUE,TRUE,FALSE,0.01838246246822994,8475780
2015020739,615,even-strength,64,3,FALSE,FALSE,TRUE,FALSE,FALSE,FALSE,0,8475197
2015020739,620,power-play,68,-20,FALSE,FALSE,TRUE,TRUE,TRUE,FALSE,0.06285286183250745,8467338
2015020739,621,power-play,51,-2,FALSE,FALSE,TRUE,TRUE,TRUE,TRUE,0.052205530993004956,8477492
2015020739,623,even-strength,85,-5,TRUE,FALSE,TRUE,TRUE,TRUE,FALSE,0.1552427816635394,8478561
2015020739,626,even-strength,40,-10,TRUE,FALSE,TRUE,TRUE,FALSE,FALSE,0.030741657025208317,8467400
2015020739,627,even-strength,77,-21,FALSE,FALSE,TRUE,TRUE,FALSE,FALSE,0.04078785050834429,8471657
2015020739,628,even-strength,55,-16,FALSE,FALSE,TRUE,TRUE,FALSE,FALSE,0.01925712801296381,8470750
2015020739,630,even-strength,65,17,FALSE,FALSE,TRUE,TRUE,FALSE,FALSE,0.038322457885368554,8471681
2015020739,633,even-strength,63,-31,FALSE,FALSE,TRUE,TRUE,TRUE,FALSE,0.017483242744426513,8475780
2015020739,634,even-strength,48,-32,FALSE,FALSE,TRUE,FALSE,FALSE,FALSE,0,8462042
2015020739,640,even-strength,55,38,TRUE,FALSE,TRUE,TRUE,TRUE,FALSE,0.021567706234751058,8478561
2015020755,106,even-strength,39,-27,FALSE,FALSE,TRUE,TRUE,FALSE,FALSE,0.01075864109402169,8469598
2015020755,108,even-strength,83,-7,FALSE,FALSE,TRUE,TRUE,FALSE,FALSE,0.11524195465356761,8476483
2015020755,109,even-strength,42,-10,FALSE,FALSE,TRUE,TRUE,FALSE,FALSE,0.02023397404523315,8476483
2015020755,111,even-strength,80,3,FALSE,FALSE,TRUE,TRUE,FALSE,FALSE,0.12321701673520473,8475164
2015020755,115,even-strength,60,22,FALSE,FALSE,TRUE,FALSE,FALSE,FALSE,0,8474102
2015020755,116,even-strength,67,11,FALSE,FALSE,TRUE,FALSE,FALSE,FALSE,0,8469598
2015020755,118,even-strength,81,17,FALSE,FALSE,TRUE,TRUE,FALSE,FALSE,0.05205138825934627,8470775
2015020755,130,even-strength,43,-28,TRUE,FALSE,TRUE,TRUE,TRUE,FALSE,0.03021491596469839,8469598
2015020755,132,even-strength,69,-29,FALSE,FALSE,TRUE,TRUE,TRUE,FALSE,0.022659446473146168,8473485
2015020755,143,even-strength,52,-21,FALSE,FALSE,TRUE,TRUE,FALSE,FALSE,0.017571550439859387,8476116
2015020755,144,even-strength,75,28,FALSE,TRUE,TRUE,TRUE,TRUE,FALSE,0.07069592862390059,8471390
2015020755,146,even-strength,45,29,FALSE,FALSE,TRUE,TRUE,TRUE,FALSE,0.011873755427781782,8470621
2015020755,252,even-strength,73,11,FALSE,FALSE,TRUE,TRUE,TRUE,FALSE,0.04811139874892341,8470612
2015020755,253,even-strength,78,-3,FALSE,FALSE,TRUE,FALSE,FALSE,FALSE,0,8470612
2015020755,266,even-strength,91,-29,FALSE,FALSE,TRUE,TRUE,FALSE,FALSE,0.08354108368945369,8474102
2015020755,267,even-strength,65,22,FALSE,TRUE,TRUE,TRUE,TRUE,FALSE,0.10982687456121124,8476854
2015020755,269,even-strength,67,-24,FALSE,FALSE,TRUE,TRUE,TRUE,TRUE,0.03409231993162671,8476483
2015020755,277,even-strength,68,-24,FALSE,FALSE,TRUE,TRUE,TRUE,FALSE,0.039674848547239204,8474102
2015020755,278,even-strength,71,7,FALSE,FALSE,TRUE,TRUE,TRUE,FALSE,0.08920134874200475,8474102
2015020755,280,even-strength,66,-3,FALSE,FALSE,TRUE,TRUE,TRUE,FALSE,0.08080060268538675,8475222
2015020755,281,even-strength,75,4,FALSE,FALSE,TRUE,FALSE,FALSE,FALSE,0,8475164
2015020755,283,even-strength,61,-18,FALSE,FALSE,TRUE,FALSE,FALSE,FALSE,0,8471699
2015020755,288,even-strength,44,23,FALSE,FALSE,TRUE,TRUE,FALSE,FALSE,0.024791408563900195,8474102
2015020755,289,even-strength,53,-22,FALSE,FALSE,TRUE,TRUE,FALSE,FALSE,0.028096558035635124,8474102
2015020755,454,penalty-kill,81,0,FALSE,FALSE,TRUE,TRUE,TRUE,FALSE,0.17520447786219623,8476312
2015020755,455,penalty-kill,61,16,TRUE,FALSE,TRUE,TRUE,TRUE,TRUE,0.08650686054387963,8476854
2015020755,459,even-strength,60,-25,FALSE,FALSE,TRUE,TRUE,TRUE,FALSE,0.03472261925998258,8470775
2015020755,464,even-strength,70,-19,FALSE,FALSE,TRUE,FALSE,FALSE,FALSE,0,8475164
2015020755,486,even-strength,88,21,FALSE,FALSE,TRUE,TRUE,FALSE,FALSE,0.030023528012260655,8473485
2015020755,487,even-strength,67,-14,FALSE,FALSE,TRUE,FALSE,FALSE,FALSE,0,8470612
2015020755,488,even-strength,58,10,FALSE,FALSE,TRUE,TRUE,TRUE,FALSE,0.050074609656912315,8473485
2015020755,489,even-strength,53,-17,FALSE,TRUE,TRUE,TRUE,TRUE,TRUE,0.10324903527509201,8476116
2015020755,495,power-play,81,-12,FALSE,FALSE,TRUE,TRUE,TRUE,FALSE,0.07394034691493469,8476854
2015020755,499,power-play,45,-25,FALSE,FALSE,TRUE,TRUE,TRUE,FALSE,0.04372939481983204,8476854
2015020755,500,power-play,69,-3,FALSE,FALSE,TRUE,FALSE,FALSE,FALSE,0,8469598
2015020755,502,power-play,62,11,FALSE,FALSE,TRUE,TRUE,FALSE,FALSE,0.1484706591971591,8470621
2015020755,506,even-strength,48,-5,FALSE,FALSE,TRUE,FALSE,FALSE,FALSE,0,8476854
2015020755,508,even-strength,66,13,TRUE,FALSE,TRUE,FALSE,FALSE,FALSE,0,8475164
2015020755,512,even-strength,64,11,FALSE,FALSE,TRUE,TRUE,TRUE,FALSE,0.04869646695361769,8473485
2015020755,526,even-strength,42,7,FALSE,FALSE,TRUE,TRUE,TRUE,FALSE,0.022986281535620417,8474034
2015020755,527,even-strength,57,26,FALSE,FALSE,TRUE,TRUE,TRUE,FALSE,0.028779523261438855,8474034
2015020755,540,power-play,80,-4,FALSE,FALSE,TRUE,TRUE,TRUE,FALSE,0.13144127317661194,8470616
2015020755,541,power-play,81,-5,FALSE,TRUE,TRUE,TRUE,FALSE,FALSE,0.330796344176797,8470616
2015020755,543,power-play,50,4,FALSE,FALSE,TRUE,TRUE,TRUE,FALSE,0.1747423513065729,8470621
2015020755,544,power-play,85,-12,FALSE,FALSE,TRUE,TRUE,FALSE,FALSE,0.10169989619426333,8470616
2015020755,545,power-play,79,1,FALSE,FALSE,TRUE,TRUE,FALSE,FALSE,0.17246718069302627,8470612
2015020755,549,even-strength,82,7,FALSE,FALSE,TRUE,TRUE,TRUE,FALSE,0.0807383976443013,8475164
2015020755,550,even-strength,49,-28,FALSE,FALSE,TRUE,TRUE,TRUE,FALSE,0.015769512956318135,8470775
2015020755,752,even-strength,39,-16,FALSE,FALSE,TRUE,TRUE,FALSE,FALSE,0.01658606090895807,8475222
2015020755,755,even-strength,79,-2,FALSE,FALSE,TRUE,TRUE,FALSE,FALSE,0.1556086040346453,8470616
2015020755,759,even-strength,63,-7,FALSE,FALSE,TRUE,FALSE,FALSE,FALSE,0,8476116
2015020755,761,even-strength,54,-5,FALSE,FALSE,TRUE,FALSE,FALSE,FALSE,0,8476312
2015020755,762,even-strength,81,28,FALSE,FALSE,TRUE,TRUE,TRUE,FALSE,0.02228225228120289,8470616
2015020755,764,even-strength,75,4,FALSE,FALSE,TRUE,FALSE,FALSE,FALSE,0,8473485
2015020755,765,even-strength,55,15,FALSE,FALSE,TRUE,TRUE,FALSE,FALSE,0.02446745132371819,8470612
2015020765,55,even-strength,82,8,FALSE,FALSE,TRUE,TRUE,TRUE,FALSE,0.07796493243089642,8475765
2015020765,57,power-play,36,12,FALSE,FALSE,TRUE,TRUE,FALSE,FALSE,0.033023160716178494,8474031
2015020765,58,power-play,71,-14,FALSE,FALSE,TRUE,FALSE,FALSE,FALSE,0,8474565
2015020765,59,power-play,49,23,FALSE,FALSE,TRUE,TRUE,TRUE,FALSE,0.052725868387730995,8476892
2015020765,60,power-play,64,-1,FALSE,FALSE,TRUE,FALSE,FALSE,FALSE,0,8476892
2015020765,65,even-strength,66,-19,FALSE,FALSE,TRUE,FALSE,FALSE,FALSE,0,8470257
2015020765,66,even-strength,71,-17,FALSE,TRUE,TRUE,TRUE,TRUE,FALSE,0.12352086021226066,8470257
2015020765,67,even-strength,63,-17,FALSE,FALSE,TRUE,TRUE,FALSE,FALSE,0.03902160863207277,8474565
2015020765,68,even-strength,45,17,FALSE,FALSE,TRUE,TRUE,TRUE,FALSE,0.016997611846635594,8470151
2015020765,73,even-strength,52,15,FALSE,FALSE,TRUE,FALSE,FALSE,FALSE,0,8476441
2015020765,76,even-strength,49,22,FALSE,FALSE,TRUE,TRUE,TRUE,FALSE,0.023435293096270664,8470151
2015020765,79,even-strength,76,-4,FALSE,FALSE,TRUE,FALSE,FALSE,FALSE,0,8474031
2015020765,87,even-strength,68,-3,FALSE,FALSE,TRUE,TRUE,TRUE,FALSE,0.07229029844412073,8475175
2015020765,89,even-strength,67,-1,FALSE,FALSE,TRUE,FALSE,FALSE,FALSE,0,8476441
2015020765,91,even-strength,53,0,TRUE,FALSE,TRUE,TRUE,FALSE,FALSE,0.09003804673638552,8473534
2015020765,92,even-strength,79,-10,FALSE,FALSE,TRUE,TRUE,TRUE,FALSE,0.049607469759850274,8470257
2015020765,93,even-strength,76,4,FALSE,FALSE,TRUE,TRUE,TRUE,FALSE,0.09617771238444937,8470257
2015020765,95,power-play,80,4,FALSE,FALSE,TRUE,TRUE,FALSE,FALSE,0.1461334723970115,8471426
2015020765,96,power-play,48,-21,FALSE,FALSE,TRUE,TRUE,TRUE,FALSE,0.044268679640012375,8474031
2015020765,97,power-play,35,24,FALSE,FALSE,TRUE,TRUE,TRUE,FALSE,0.041589525978261314,8470257
2015020765,98,power-play,82,4,FALSE,TRUE,TRUE,TRUE,TRUE,FALSE,0.29908496947613156,8471426
2015020765,201,even-strength,72,10,FALSE,FALSE,TRUE,FALSE,FALSE,FALSE,0,8474125
2015020765,202,penalty-kill,66,-13,FALSE,FALSE,TRUE,TRUE,TRUE,FALSE,0.04531928825476091,8471669
2015020765,212,even-strength,40,28,FALSE,FALSE,TRUE,TRUE,TRUE,FALSE,0.01134785675556205,8470151
2015020765,218,even-strength,70,-9,FALSE,FALSE,TRUE,TRUE,FALSE,FALSE,0.08376986340459339,8476892
2015020765,221,even-strength,70,-17,FALSE,FALSE,TRUE,TRUE,TRUE,FALSE,0.03775860050162236,8475175
2015020765,226,even-strength,74,-8,FALSE,FALSE,TRUE,FALSE,FALSE,FALSE,0,8474565
2015020765,229,even-strength,50,20,FALSE,FALSE,TRUE,TRUE,TRUE,FALSE,0.020644530681058083,8476441
2015020765,230,even-strength,76,5,FALSE,FALSE,TRUE,FALSE,FALSE,FALSE,0,8474125
2015020765,232,even-strength,45,-18,TRUE,FALSE,TRUE,FALSE,FALSE,FALSE,0,8476892
2015020765,233,even-strength,78,4,FALSE,FALSE,TRUE,TRUE,FALSE,FALSE,0.09245504578620202,8471669
2015020765,236,even-strength,70,22,FALSE,FALSE,TRUE,TRUE,FALSE,FALSE,0.029968227791945974,8477952
2015020765,249,even-strength,71,-1,FALSE,FALSE,TRUE,FALSE,FALSE,FALSE,0,8474031
2015020765,402,even-strength,26,-35,TRUE,FALSE,TRUE,TRUE,TRUE,FALSE,0.008812272024925249,8474031
2015020765,404,even-strength,48,9,FALSE,FALSE,TRUE,FALSE,FALSE,FALSE,0,8474125
2015020765,407,even-strength,78,8,FALSE,FALSE,TRUE,FALSE,FALSE,FALSE,0,8475765
2015020765,410,even-strength,60,19,FALSE,FALSE,TRUE,TRUE,FALSE,FALSE,0.0322983006375359,8474125
2015020765,411,even-strength,37,-27,FALSE,FALSE,TRUE,TRUE,TRUE,FALSE,0.011655719054256141,8476892
2015020765,412,even-strength,72,5,FALSE,FALSE,TRUE,FALSE,FALSE,FALSE,0,8476441
2015020765,414,even-strength,82,-8,FALSE,FALSE,TRUE,TRUE,TRUE,FALSE,0.06771447146015121,8475765
2015020765,415,even-strength,39,25,FALSE,FALSE,TRUE,TRUE,TRUE,TRUE,0.01418165370455622,8470151
2015020765,417,even-strength,71,-18,FALSE,FALSE,TRUE,FALSE,FALSE,FALSE,0,8476892
2015020765,420,even-strength,77,-2,FALSE,FALSE,TRUE,FALSE,FALSE,FALSE,0,8470655
2015020765,423,even-strength,78,-25,FALSE,FALSE,TRUE,TRUE,FALSE,FALSE,0.029160231449128833,8473534
2015020765,429,even-strength,56,23,FALSE,FALSE,TRUE,TRUE,TRUE,FALSE,0.01980366286359847,8470105
2015020765,431,even-strength,75,-14,FALSE,FALSE,TRUE,FALSE,FALSE,FALSE,0,8474627
2015020765,433,even-strength,63,-3,FALSE,FALSE,TRUE,TRUE,TRUE,FALSE,0.061501099937582904,8475765
2015020765,435,even-strength,73,7,FALSE,FALSE,TRUE,TRUE,FALSE,FALSE,0.0733819775030069,8473534
2015020765,436,even-strength,63,5,FALSE,FALSE,TRUE,FALSE,FALSE,FALSE,0,8474031
2015020765,437,even-strength,58,17,FALSE,FALSE,TRUE,TRUE,TRUE,FALSE,0.023441932263117318,8476436
2015020765,446,even-strength,56,21,FALSE,FALSE,TRUE,TRUE,TRUE,FALSE,0.031266850734934994,8470257
2015020765,604,even-strength,51,-13,FALSE,FALSE,TRUE,FALSE,FALSE,FALSE,0,8470151
2015020765,607,even-strength,80,-24,FALSE,FALSE,TRUE,TRUE,TRUE,FALSE,0.031158262953589436,8470655
2015020765,608,even-strength,75,-6,FALSE,FALSE,TRUE,FALSE,FALSE,FALSE,0,8476892
2015020765,611,even-strength,75,-6,FALSE,FALSE,TRUE,FALSE,FALSE,FALSE,0,8474031
2015020765,613,even-strength,81,-26,FALSE,FALSE,TRUE,TRUE,FALSE,FALSE,0.04365203663119673,8474565
2015020765,618,even-strength,76,-23,FALSE,FALSE,TRUE,TRUE,TRUE,FALSE,0.049235205662669125,8474565
2015020765,619,even-strength,74,6,FALSE,FALSE,TRUE,FALSE,FALSE,FALSE,0,8470105
2015020765,620,even-strength,44,-21,FALSE,FALSE,TRUE,TRUE,FALSE,FALSE,0.025454505665434196,8474031
2015020765,622,even-strength,37,25,FALSE,TRUE,TRUE,TRUE,TRUE,FALSE,0.10626821987716903,8476892
2015020765,624,even-strength,75,-16,FALSE,FALSE,TRUE,FALSE,FALSE,FALSE,0,8475765
2015020765,625,even-strength,62,18,FALSE,FALSE,TRUE,FALSE,FALSE,FALSE,0,8470257
2015020765,626,even-strength,69,28,FALSE,FALSE,TRUE,TRUE,FALSE,FALSE,0.03953254478239613,8474031
2015020765,627,even-strength,71,5,FALSE,FALSE,TRUE,FALSE,FALSE,FALSE,0,8474031
2015020765,628,even-strength,43,23,FALSE,FALSE,TRUE,TRUE,TRUE,FALSE,0.03135118526226049,8474031
2015020765,630,even-strength,64,-9,FALSE,FALSE,TRUE,FALSE,FALSE,FALSE,0,8471669
2015020783,7,even-strength,83,-8,FALSE,FALSE,TRUE,TRUE,TRUE,FALSE,0.08947467380260928,8475714
2015020783,16,even-strength,48,-16,FALSE,FALSE,TRUE,FALSE,FALSE,FALSE,0,8467890
2015020783,19,even-strength,42,-25,FALSE,FALSE,TRUE,FALSE,FALSE,FALSE,0,8475225
2015020783,24,even-strength,41,-34,FALSE,FALSE,TRUE,TRUE,FALSE,FALSE,0.011313735578366492,8475868
2015020783,34,even-strength,54,14,FALSE,FALSE,TRUE,FALSE,FALSE,FALSE,0,8475218
2015020783,36,even-strength,59,-29,FALSE,FALSE,TRUE,TRUE,TRUE,FALSE,0.02073006666675978,8471707
2015020783,40,even-strength,75,-3,FALSE,FALSE,TRUE,FALSE,FALSE,FALSE,0,8474600
2015020783,42,even-strength,61,-11,FALSE,FALSE,TRUE,FALSE,FALSE,FALSE,0,8476887
2015020783,44,even-strength,51,-35,FALSE,FALSE,TRUE,TRUE,FALSE,FALSE,0.018094648255380874,8478042
2015020783,46,even-strength,59,9,TRUE,FALSE,TRUE,TRUE,TRUE,TRUE,0.07969109091051868,8471707
2015020783,49,even-strength,69,-3,FALSE,FALSE,TRUE,TRUE,TRUE,FALSE,0.09387917373890549,8475714
2015020783,201,even-strength,57,17,FALSE,FALSE,TRUE,TRUE,TRUE,FALSE,0.03890681968237387,8475766
2015020783,206,even-strength,60,-21,FALSE,FALSE,TRUE,TRUE,TRUE,FALSE,0.04057855360546987,8478042
2015020783,210,even-strength,73,-8,FALSE,FALSE,TRUE,TRUE,TRUE,FALSE,0.10032389595848859,8475793
2015020783,222,even-strength,54,-34,FALSE,FALSE,TRUE,TRUE,FALSE,FALSE,0.025119429460361543,8476887
2015020783,223,even-strength,76,-2,TRUE,FALSE,TRUE,TRUE,TRUE,FALSE,0.33889923148974377,8475225
2015020783,224,even-strength,48,27,FALSE,FALSE,TRUE,TRUE,TRUE,FALSE,0.014067747657145115,8476447
2015020783,235,even-strength,46,-23,FALSE,FALSE,TRUE,TRUE,TRUE,FALSE,0.028379494488666144,8470642
2015020783,238,even-strength,62,1,TRUE,FALSE,TRUE,TRUE,TRUE,TRUE,0.13330952295302276,8475714
2015020783,240,even-strength,42,26,FALSE,FALSE,TRUE,FALSE,FALSE,FALSE,0,8476887
2015020783,241,even-strength,40,18,TRUE,FALSE,TRUE,TRUE,FALSE,FALSE,0.04344249524243582,8474600
2015020783,242,even-strength,71,16,FALSE,FALSE,TRUE,FALSE,FALSE,FALSE,0,8471707
2015020783,246,even-strength,44,14,FALSE,FALSE,TRUE,FALSE,FALSE,FALSE,0,8474600
2015020783,248,even-strength,80,3,FALSE,FALSE,TRUE,TRUE,TRUE,FALSE,0.08723691074111702,8467371
2015020783,405,even-strength,35,-29,FALSE,FALSE,TRUE,TRUE,FALSE,FALSE,0.010292345667506628,8470642
2015020783,417,even-strength,67,-21,FALSE,FALSE,TRUE,TRUE,TRUE,TRUE,0.05048332591917453,8478042
2015020783,430,power-play,35,-4,FALSE,FALSE,TRUE,TRUE,TRUE,FALSE,0.03473153374249009,8474600
2015020783,440,power-play,45,25,FALSE,FALSE,TRUE,TRUE,TRUE,FALSE,0.05756368062218622,8474600
2015020783,441,power-play,46,27,FALSE,FALSE,TRUE,TRUE,TRUE,FALSE,0.05883390527424201,8475176
2015020783,443,even-strength,85,6,FALSE,FALSE,TRUE,TRUE,TRUE,FALSE,0.04180257462433535,8475225
2015020783,447,even-strength,85,7,FALSE,TRUE,TRUE,TRUE,TRUE,FALSE,0.13547316196394338,8475225
2015020783,448,even-strength,82,6,FALSE,FALSE,TRUE,TRUE,TRUE,FALSE,0.09070567603157073,8471760
2015020783,571,even-strength,88,-5,FALSE,TRUE,TRUE,TRUE,TRUE,FALSE,0.15529351519683599,8467371
2015020783,581,even-strength,85,6,FALSE,TRUE,TRUE,TRUE,TRUE,FALSE,0.2696109006000392,8476887
2015020783,603,penalty-kill,43,-14,FALSE,FALSE,TRUE,TRUE,TRUE,FALSE,0.04271405526267688,8467370
2015020783,608,penalty-kill,56,-20,FALSE,FALSE,TRUE,TRUE,TRUE,TRUE,0.15757956044624424,8476887
2015020783,613,even-strength,81,4,FALSE,FALSE,TRUE,TRUE,TRUE,TRUE,0.13891979149072228,8478042
2015020783,616,even-strength,37,-28,FALSE,FALSE,TRUE,TRUE,TRUE,FALSE,0.014073813969498283,8470642
2015020783,617,even-strength,44,23,FALSE,FALSE,TRUE,FALSE,FALSE,FALSE,0,8474600
2015020783,619,even-strength,63,-21,FALSE,FALSE,TRUE,TRUE,TRUE,FALSE,0.04186868899618221,8476447
2015020783,633,even-strength,15,-17,FALSE,FALSE,TRUE,TRUE,TRUE,FALSE,0.004823594417724309,8475793
2015020783,641,even-strength,87,29,FALSE,FALSE,TRUE,FALSE,FALSE,FALSE,0,8468700
2015020783,644,even-strength,51,-14,FALSE,FALSE,TRUE,TRUE,TRUE,FALSE,0.031100884367310153,8471707
2015020783,646,even-strength,31,0,FALSE,FALSE,TRUE,TRUE,FALSE,FALSE,0.017906411146952485,8475868
2015020783,649,even-strength,69,27,FALSE,FALSE,TRUE,TRUE,TRUE,FALSE,0.04321973431305512,8478042
2015020783,751,even-strength,61,-14,FALSE,FALSE,TRUE,FALSE,FALSE,FALSE,0,8475225
2015020783,752,even-strength,82,-11,FALSE,FALSE,TRUE,TRUE,FALSE,FALSE,0.0467053805575277,8467370
2015020803,7,even-strength,11,36,FALSE,FALSE,TRUE,TRUE,TRUE,FALSE,0.0027640061548409147,8470281
2015020803,8,even-strength,83,-7,FALSE,FALSE,TRUE,TRUE,TRUE,FALSE,0.07767166332157054,8473604
2015020803,10,even-strength,51,-12,FALSE,FALSE,TRUE,FALSE,FALSE,FALSE,0,8470607
2015020803,23,even-strength,74,3,FALSE,FALSE,TRUE,TRUE,FALSE,FALSE,0.09666193139968332,8471956
2015020803,29,even-strength,82,-2,FALSE,FALSE,TRUE,TRUE,FALSE,FALSE,0.06845493444924364,8473604
2015020803,33,even-strength,66,-11,FALSE,FALSE,TRUE,TRUE,TRUE,FALSE,0.050382558884462296,8476882
2015020803,37,power-play,66,-8,FALSE,FALSE,TRUE,FALSE,FALSE,FALSE,0,8473604
2015020803,40,power-play,46,-4,FALSE,FALSE,TRUE,TRUE,TRUE,FALSE,0.04769263869783975,8470607
2015020803,41,even-strength,65,4,FALSE,FALSE,TRUE,TRUE,TRUE,FALSE,0.062088093953586915,8475209
2015020803,43,even-strength,60,35,FALSE,FALSE,TRUE,TRUE,TRUE,FALSE,0.014551624585561189,8476381
2015020803,47,power-play,72,-3,FALSE,TRUE,TRUE,TRUE,TRUE,FALSE,0.2542867172255561,8476381
2015020803,203,even-strength,72,7,FALSE,FALSE,TRUE,FALSE,FALSE,FALSE,0,8470281
2015020803,204,even-strength,62,-24,FALSE,FALSE,TRUE,TRUE,TRUE,FALSE,0.02414131198181844,8475209
2015020803,207,even-strength,84,-4,FALSE,FALSE,TRUE,TRUE,TRUE,FALSE,0.03696868085463347,8478137
2015020803,214,even-strength,82,8,FALSE,FALSE,TRUE,TRUE,TRUE,FALSE,0.06129122941269613,8478137
2015020803,217,power-play,47,19,FALSE,FALSE,TRUE,FALSE,FALSE,FALSE,0,8470607
2015020803,218,power-play,47,20,FALSE,FALSE,TRUE,FALSE,FALSE,FALSE,0,8470281
2015020803,230,even-strength,66,2,FALSE,FALSE,TRUE,FALSE,FALSE,FALSE,0,8471769
2015020803,231,even-strength,72,4,FALSE,FALSE,TRUE,FALSE,FALSE,FALSE,0,8473573
2015020803,239,even-strength,82,21,FALSE,FALSE,TRUE,TRUE,FALSE,FALSE,0.04173377159530376,8470607
2015020803,240,even-strength,54,-3,FALSE,FALSE,TRUE,TRUE,TRUE,FALSE,0.05316173887747743,8471956
2015020803,245,even-strength,77,-29,FALSE,FALSE,TRUE,TRUE,TRUE,FALSE,0.02892399328520588,8478137
2015020803,246,even-strength,83,-6,FALSE,FALSE,TRUE,TRUE,TRUE,FALSE,0.08772968365737017,8474850
2015020803,415,even-strength,52,-5,FALSE,FALSE,TRUE,FALSE,FALSE,FALSE,0,8465058
2015020803,416,even-strength,67,-10,TRUE,FALSE,TRUE,TRUE,TRUE,FALSE,0.094715188786682,8476882
2015020803,417,even-strength,68,26,FALSE,FALSE,TRUE,TRUE,FALSE,FALSE,0.024895989458282003,8476381
2015020803,418,even-strength,34,31,FALSE,FALSE,TRUE,TRUE,FALSE,FALSE,0.008944302029956084,8470281
2015020803,419,even-strength,83,-3,FALSE,FALSE,TRUE,TRUE,TRUE,FALSE,0.10596174360830193,8466148
2015020803,423,even-strength,44,-28,FALSE,FALSE,TRUE,TRUE,FALSE,FALSE,0.011891356255792873,8474141
2015020803,425,even-strength,42,18,FALSE,FALSE,TRUE,TRUE,TRUE,FALSE,0.023862421564040108,8476979
2015020803,426,even-strength,87,-19,FALSE,FALSE,TRUE,TRUE,TRUE,FALSE,0.026464465292525878,8475209
2015020803,428,even-strength,76,16,FALSE,FALSE,TRUE,TRUE,TRUE,FALSE,0.041453697282755,8473604
2015020803,429,even-strength,37,18,FALSE,FALSE,TRUE,TRUE,TRUE,FALSE,0.011602660617713676,8476979
2015020803,431,even-strength,61,21,FALSE,FALSE,TRUE,TRUE,TRUE,FALSE,0.03196615389440289,8476882
2015020803,437,even-strength,82,0,FALSE,FALSE,TRUE,TRUE,TRUE,FALSE,0.13704253848576373,8466148
2015020803,440,even-strength,36,24,FALSE,FALSE,TRUE,TRUE,FALSE,FALSE,0.012295874337569738,8470281
2015020803,443,power-play,55,-19,FALSE,FALSE,TRUE,TRUE,TRUE,FALSE,0.05037602156067794,8466148
2015020803,444,power-play,64,-30,FALSE,FALSE,TRUE,TRUE,FALSE,FALSE,0.049323085485773736,8466148
2015020803,448,power-play,78,3,FALSE,TRUE,TRUE,FALSE,FALSE,FALSE,0,8476979
2015020803,453,power-play,52,-3,FALSE,FALSE,TRUE,TRUE,TRUE,FALSE,0.07112865607159216,8474141
2015020803,454,power-play,48,13,FALSE,FALSE,TRUE,FALSE,FALSE,FALSE,0,8470607
2015020803,455,even-strength,29,-14,FALSE,FALSE,TRUE,TRUE,TRUE,FALSE,0.01540372323420888,8476979
2015020803,458,even-strength,34,31,FALSE,FALSE,TRUE,TRUE,TRUE,FALSE,0.012121921110656282,8470281
2015020803,459,even-strength,41,7,FALSE,FALSE,TRUE,FALSE,FALSE,FALSE,0,8470281
2015020803,460,even-strength,76,-26,FALSE,FALSE,TRUE,TRUE,TRUE,FALSE,0.024081757143613207,8478137
2015020803,463,even-strength,69,22,FALSE,FALSE,TRUE,FALSE,FALSE,FALSE,0,8476381
2015020803,465,even-strength,34,10,FALSE,FALSE,TRUE,TRUE,FALSE,FALSE,0.01931487221977705,8471769
2015020803,471,even-strength,37,-6,FALSE,FALSE,TRUE,FALSE,FALSE,FALSE,0,8465058
2015020803,482,even-strength,85,21,FALSE,FALSE,TRUE,TRUE,TRUE,FALSE,0.035219528785148134,8466148
2015020803,485,even-strength,86,25,FALSE,FALSE,TRUE,TRUE,TRUE,FALSE,0.023782031542188622,8476882
2015020803,487,even-strength,74,34,FALSE,FALSE,TRUE,TRUE,TRUE,FALSE,0.0257292042444903,8466148
2015020803,489,even-strength,82,-14,FALSE,FALSE,TRUE,TRUE,TRUE,FALSE,0.059945345569560375,8476381
2015020803,493,even-strength,80,-28,FALSE,FALSE,TRUE,TRUE,TRUE,FALSE,0.023010757940214722,8474141
2015020803,494,even-strength,43,-12,FALSE,FALSE,TRUE,TRUE,TRUE,FALSE,0.03605723375999799,8477845
2015020803,498,even-strength,65,-19,FALSE,FALSE,TRUE,TRUE,FALSE,FALSE,0.0495693118939491,8474141
2015020803,499,even-strength,63,-24,FALSE,FALSE,TRUE,TRUE,TRUE,FALSE,0.04354080138710637,8474141
2015020803,500,even-strength,73,-14,FALSE,FALSE,TRUE,FALSE,FALSE,FALSE,0,8474141
2015020834,14,even-strength,-3,4,FALSE,FALSE,TRUE,TRUE,FALSE,FALSE,0.002085000886614588,8474571
2015020834,15,even-strength,60,-12,FALSE,FALSE,TRUE,FALSE,FALSE,FALSE,0,8474628
2015020834,16,even-strength,54,1,FALSE,TRUE,TRUE,TRUE,TRUE,FALSE,0.13644094801077156,8468535
2015020834,17,even-strength,47,27,FALSE,FALSE,TRUE,FALSE,FALSE,FALSE,0,8475246
2015020834,31,even-strength,66,9,FALSE,FALSE,TRUE,TRUE,TRUE,FALSE,0.07524442269850666,8476356
2015020834,34,power-play,37,-28,FALSE,FALSE,TRUE,TRUE,TRUE,FALSE,0.02430564459981514,8475171
2015020834,35,power-play,64,11,FALSE,FALSE,TRUE,FALSE,FALSE,FALSE,0,8474628
2015020834,36,even-strength,53,23,FALSE,FALSE,TRUE,TRUE,TRUE,FALSE,0.023130109654545133,8470755
2015020834,40,even-strength,78,-22,FALSE,FALSE,TRUE,FALSE,FALSE,FALSE,0,8476356
2015020834,41,even-strength,50,23,FALSE,FALSE,TRUE,FALSE,FALSE,FALSE,0,8471269
2015020834,48,even-strength,87,-10,FALSE,FALSE,TRUE,TRUE,TRUE,FALSE,0.03959218347198163,8476356
2015020834,252,penalty-kill,-16,-6,FALSE,FALSE,TRUE,TRUE,TRUE,FALSE,0.002891149958875292,8476403
2015020834,256,even-strength,62,-14,FALSE,FALSE,TRUE,FALSE,FALSE,FALSE,0,8476473
2015020834,257,even-strength,37,33,FALSE,FALSE,TRUE,TRUE,TRUE,FALSE,0.008171815566034833,8475171
2015020834,262,power-play,52,-14,FALSE,FALSE,TRUE,TRUE,TRUE,FALSE,0.050607632511939546,8474628
2015020834,263,power-play,85,-5,FALSE,TRUE,TRUE,TRUE,TRUE,FALSE,0.23156097732618813,8477503
2015020834,264,power-play,85,-7,FALSE,TRUE,TRUE,TRUE,TRUE,FALSE,0.2124603002669407,8477503
2015020834,266,power-play,56,24,FALSE,FALSE,TRUE,FALSE,FALSE,FALSE,0,8474628
2015020834,267,power-play,33,-4,FALSE,FALSE,TRUE,TRUE,FALSE,FALSE,0.0423285646110778,8474628
2015020834,276,power-play,83,6,FALSE,FALSE,TRUE,TRUE,TRUE,FALSE,0.10451063571772132,8462038
2015020834,277,power-play,78,13,FALSE,FALSE,TRUE,FALSE,FALSE,FALSE,0,8475171
2015020834,278,power-play,56,-14,FALSE,FALSE,TRUE,TRUE,TRUE,FALSE,0.07080950491470449,8476473
2015020834,279,power-play,62,14,FALSE,FALSE,TRUE,FALSE,FALSE,FALSE,0,8477503
2015020834,280,even-strength,67,-1,FALSE,FALSE,TRUE,TRUE,FALSE,FALSE,0.08332098431608617,8477407
2015020834,281,even-strength,60,12,FALSE,FALSE,TRUE,TRUE,TRUE,TRUE,0.034658792539352674,8471691
2015020834,288,even-strength,66,7,FALSE,FALSE,TRUE,TRUE,TRUE,FALSE,0.051233541156971485,8471691
2015020834,290,even-strength,31,31,FALSE,FALSE,TRUE,TRUE,TRUE,FALSE,0.008794167377790534,8471269
2015020834,292,penalty-kill,79,0,FALSE,FALSE,TRUE,TRUE,TRUE,FALSE,0.14898923991101276,8476921
2015020834,409,even-strength,50,-1,FALSE,FALSE,TRUE,FALSE,FALSE,FALSE,0,8477407
2015020834,416,even-strength,87,19,FALSE,FALSE,TRUE,TRUE,TRUE,FALSE,0.02828712238957091,8476356
2015020834,417,even-strength,56,-39,FALSE,FALSE,TRUE,TRUE,TRUE,FALSE,0.011702575465593926,8462038
2015020834,419,even-strength,66,40,FALSE,TRUE,TRUE,TRUE,TRUE,FALSE,0.06090801765027772,8476356
2015020834,426,even-strength,-10,-25,FALSE,FALSE,TRUE,TRUE,FALSE,FALSE,0.0022846606321863115,8475246
2015020834,431,even-strength,91,22,FALSE,FALSE,TRUE,TRUE,TRUE,FALSE,0.1025440045055613,8477503
2015020834,433,even-strength,52,9,FALSE,FALSE,TRUE,FALSE,FALSE,FALSE,0,8475246
2015020834,434,even-strength,81,10,FALSE,FALSE,TRUE,TRUE,TRUE,FALSE,0.045179132754823846,8468535
2015020834,435,even-strength,37,-31,FALSE,FALSE,TRUE,TRUE,TRUE,FALSE,0.009450554117823941,8476473
2015020834,437,even-strength,74,-3,FALSE,FALSE,TRUE,TRUE,FALSE,FALSE,0.10740041310235196,8470755
2015020834,447,even-strength,77,-14,FALSE,FALSE,TRUE,FALSE,FALSE,FALSE,0,8476473
2015020834,613,even-strength,50,3,FALSE,FALSE,TRUE,FALSE,FALSE,FALSE,0,8474571
2015020834,614,even-strength,57,10,FALSE,FALSE,TRUE,FALSE,FALSE,FALSE,0,8475171
2015020834,616,power-play,71,0,FALSE,FALSE,TRUE,TRUE,TRUE,FALSE,0.09095303267277258,8471691
2015020834,618,power-play,69,0,FALSE,FALSE,TRUE,FALSE,FALSE,FALSE,0,8474571
2015020834,619,power-play,74,3,FALSE,FALSE,TRUE,FALSE,FALSE,FALSE,0,8475171
2015020834,620,power-play,66,-6,FALSE,FALSE,TRUE,FALSE,FALSE,FALSE,0,8476473
2015020834,637,even-strength,53,-16,FALSE,FALSE,TRUE,FALSE,FALSE,FALSE,0,8462038
2015020834,638,even-strength,51,22,FALSE,FALSE,TRUE,FALSE,FALSE,FALSE,0,8477503
2015020834,640,even-strength,41,21,FALSE,FALSE,TRUE,TRUE,FALSE,FALSE,0.015818717486455976,8477503
2015020834,641,even-strength,72,-1,FALSE,FALSE,TRUE,FALSE,FALSE,FALSE,0,8475246
2015020834,642,even-strength,56,31,TRUE,FALSE,TRUE,TRUE,FALSE,FALSE,0.04679305066516419,8475171
2015020834,643,even-strength,81,-23,FALSE,FALSE,TRUE,TRUE,FALSE,FALSE,0.032137652253478824,8468535
2015020834,647,even-strength,58,-14,FALSE,FALSE,TRUE,FALSE,FALSE,FALSE,0,8477715
2015020852,11,even-strength,55,-18,TRUE,FALSE,TRUE,TRUE,TRUE,FALSE,0.06329627221687739,8476453
2015020852,16,even-strength,63,-8,FALSE,FALSE,TRUE,FALSE,FALSE,FALSE,0,8471339
2015020852,18,even-strength,31,-5,FALSE,FALSE,TRUE,TRUE,FALSE,FALSE,0.013208112855502446,8470601
2015020852,19,even-strength,84,23,TRUE,FALSE,TRUE,TRUE,TRUE,FALSE,0.06284282010136859,8474564
2015020852,20,even-strength,54,7,FALSE,FALSE,TRUE,FALSE,FALSE,FALSE,0,8470601
2015020852,21,even-strength,54,5,FALSE,FALSE,TRUE,FALSE,FALSE,FALSE,0,8475167
2015020852,22,even-strength,52,-27,FALSE,FALSE,TRUE,TRUE,TRUE,FALSE,0.015312119747054136,8476453
2015020852,23,even-strength,74,3,FALSE,FALSE,TRUE,TRUE,TRUE,FALSE,0.10097410273285616,8473986
2015020852,25,even-strength,68,7,FALSE,FALSE,TRUE,TRUE,TRUE,FALSE,0.041653998337689,8470619
2015020852,26,even-strength,57,-16,TRUE,FALSE,TRUE,TRUE,TRUE,FALSE,0.06501478389601908,8476539
2015020852,30,even-strength,79,12,FALSE,TRUE,TRUE,FALSE,FALSE,FALSE,0,8471339
2015020852,31,even-strength,73,6,FALSE,FALSE,TRUE,TRUE,FALSE,FALSE,0.10490816105561931,8474870
2015020852,33,even-strength,-56,0,FALSE,FALSE,TRUE,TRUE,TRUE,FALSE,2.664402716210489e-4,8475167
2015020852,41,even-strength,50,-24,FALSE,FALSE,TRUE,FALSE,FALSE,FALSE,0,8476453
2015020852,45,even-strength,61,1,FALSE,FALSE,TRUE,FALSE,FALSE,FALSE,0,8476539
2015020852,49,even-strength,35,16,FALSE,FALSE,TRUE,TRUE,FALSE,FALSE,0.017301943733873143,8476886
2015020852,208,even-strength,82,-5,FALSE,FALSE,TRUE,TRUE,TRUE,TRUE,0.11391550240121642,8471339
2015020852,210,even-strength,69,7,FALSE,FALSE,TRUE,FALSE,FALSE,FALSE,0,8476453
2015020852,217,even-strength,42,-8,FALSE,FALSE,TRUE,TRUE,TRUE,FALSE,0.027897609357842433,8471873
2015020852,221,even-strength,57,-22,FALSE,FALSE,TRUE,TRUE,TRUE,FALSE,0.0404126055930989,8476806
2015020852,222,even-strength,75,-10,FALSE,FALSE,TRUE,TRUE,FALSE,FALSE,0.07118514856308436,8476806
2015020852,228,even-strength,62,1,FALSE,FALSE,TRUE,FALSE,FALSE,FALSE,0,8476292
2015020852,229,even-strength,72,-9,FALSE,FALSE,TRUE,TRUE,FALSE,FALSE,0.06107961792846956,8476292
2015020852,231,even-strength,49,-35,FALSE,FALSE,TRUE,TRUE,TRUE,FALSE,0.016492320371018096,8476806
2015020852,236,even-strength,67,10,FALSE,FALSE,TRUE,TRUE,TRUE,FALSE,0.05962311004013035,8473986
2015020852,237,even-strength,72,-5,FALSE,FALSE,TRUE,TRUE,FALSE,FALSE,0.07260824738066356,8471339
2015020852,240,even-strength,34,10,FALSE,FALSE,TRUE,TRUE,TRUE,FALSE,0.016615850966080373,8476886
2015020852,242,even-strength,73,-5,FALSE,FALSE,TRUE,TRUE,TRUE,FALSE,0.07886637024632116,8476453
2015020852,243,even-strength,74,6,FALSE,FALSE,TRUE,TRUE,TRUE,FALSE,0.0697683932874612,8476453
2015020852,246,even-strength,60,25,FALSE,FALSE,TRUE,TRUE,TRUE,FALSE,0.02813594368126943,8473986
2015020852,247,even-strength,77,5,FALSE,TRUE,TRUE,TRUE,TRUE,FALSE,0.25305518151854883,8471339
2015020852,250,even-strength,62,-5,FALSE,FALSE,TRUE,TRUE,TRUE,TRUE,0.05809783778944155,8476975
2015020852,402,even-strength,54,8,FALSE,FALSE,TRUE,TRUE,TRUE,FALSE,0.03863697183249001,8476292
2015020852,404,even-strength,32,-25,FALSE,FALSE,TRUE,TRUE,FALSE,FALSE,0.009553683935263211,8470601
2015020852,405,even-strength,40,-24,FALSE,FALSE,TRUE,TRUE,TRUE,FALSE,0.011718991312189949,8476292
2015020852,409,even-strength,70,-31,FALSE,FALSE,TRUE,TRUE,FALSE,FALSE,0.02077438252735846,8470619
2015020852,419,even-strength,56,18,FALSE,FALSE,TRUE,TRUE,TRUE,FALSE,0.04593951083122383,8473986
2015020852,420,even-strength,53,7,FALSE,FALSE,TRUE,FALSE,FALSE,FALSE,0,8470640
2015020852,430,even-strength,37,21,FALSE,FALSE,TRUE,TRUE,FALSE,FALSE,0.016461214030885636,8475167
2015020852,431,even-strength,37,-18,FALSE,FALSE,TRUE,TRUE,TRUE,FALSE,0.016929330842139236,8471873
2015020852,436,power-play,65,-1,FALSE,FALSE,TRUE,TRUE,TRUE,FALSE,0.0838856997960347,8474564
2015020852,437,power-play,38,-1,FALSE,FALSE,TRUE,TRUE,TRUE,FALSE,0.04087413622177105,8475167
2015020852,438,power-play,88,-24,FALSE,FALSE,TRUE,TRUE,FALSE,FALSE,0.05584670129559638,8476292
2015020852,441,even-strength,45,-26,FALSE,FALSE,TRUE,TRUE,FALSE,FALSE,0.01832261727023575,8476292
2015020852,442,even-strength,33,-17,FALSE,FALSE,TRUE,TRUE,TRUE,FALSE,0.012673064554812694,8470601
2015020852,449,even-strength,51,2,FALSE,FALSE,TRUE,TRUE,TRUE,FALSE,0.04418186015689116,8474870
2015020852,450,even-strength,59,-1,FALSE,FALSE,TRUE,TRUE,FALSE,FALSE,0.0656504614636828,8476292
2015020852,601,even-strength,47,-5,FALSE,TRUE,TRUE,TRUE,FALSE,FALSE,0.08791339950030519,8474870
2015020852,602,even-strength,79,-10,FALSE,FALSE,TRUE,FALSE,FALSE,FALSE,0,8474870
2015020852,604,even-strength,51,-26,FALSE,FALSE,TRUE,FALSE,FALSE,FALSE,0,8470619
2015020852,605,even-strength,40,13,FALSE,FALSE,TRUE,TRUE,FALSE,FALSE,0.02187554066984612,8470601
2015020852,616,even-strength,66,-18,FALSE,FALSE,TRUE,FALSE,FALSE,FALSE,0,8474564
2015020852,619,even-strength,42,3,FALSE,FALSE,TRUE,TRUE,FALSE,FALSE,0.033684127423250915,8471339
2015020852,626,even-strength,52,-5,FALSE,FALSE,TRUE,TRUE,TRUE,FALSE,0.04611968950267603,8474870
2015020852,632,even-strength,79,-23,FALSE,FALSE,TRUE,TRUE,TRUE,FALSE,0.039162427609538995,8474870
2015020852,633,even-strength,75,-31,FALSE,FALSE,TRUE,TRUE,FALSE,FALSE,0.0336814535966018,8474870
2015020852,634,even-strength,39,12,FALSE,FALSE,TRUE,TRUE,TRUE,FALSE,0.04319333390623106,8474564
2015020852,638,power-play,63,-20,FALSE,FALSE,TRUE,TRUE,TRUE,FALSE,0.05912184326612537,8476453
2015020863,67,even-strength,68,-1,FALSE,FALSE,TRUE,TRUE,TRUE,FALSE,0.0976881779609272,8475756
2015020863,68,even-strength,38,-29,FALSE,FALSE,TRUE,TRUE,TRUE,FALSE,0.015182091001682559,8477932
2015020863,73,even-strength,74,-17,FALSE,FALSE,TRUE,TRUE,TRUE,FALSE,0.04587320698274748,8469638
2015020863,75,even-strength,75,34,FALSE,FALSE,TRUE,TRUE,FALSE,FALSE,0.01757218368413601,8474000
2015020863,86,even-strength,52,-4,FALSE,FALSE,TRUE,TRUE,TRUE,FALSE,0.04442944208978454,8469638
2015020863,90,even-strength,69,-13,FALSE,FALSE,TRUE,TRUE,TRUE,FALSE,0.05726284867247757,8469638
2015020863,91,even-strength,84,14,TRUE,FALSE,TRUE,TRUE,TRUE,FALSE,0.08684194392824902,8475760
2015020863,92,even-strength,74,2,FALSE,FALSE,TRUE,TRUE,TRUE,FALSE,0.1288625517517244,8476456
2015020863,93,even-strength,74,-4,FALSE,TRUE,TRUE,TRUE,TRUE,FALSE,0.28031292614585007,8476456
2015020863,95,even-strength,37,33,FALSE,FALSE,TRUE,TRUE,FALSE,FALSE,0.0076624378172568145,8474000
2015020863,96,even-strength,51,-13,FALSE,FALSE,TRUE,FALSE,FALSE,FALSE,0,8475191
2015020863,100,even-strength,72,-10,FALSE,FALSE,TRUE,FALSE,FALSE,FALSE,0,8475191
2015020863,204,power-play,78,-12,FALSE,FALSE,TRUE,TRUE,TRUE,FALSE,0.0824743044530495,8476400
2015020863,205,power-play,35,-7,FALSE,FALSE,TRUE,TRUE,TRUE,FALSE,0.03587992740796278,8466285
2015020863,207,power-play,82,34,FALSE,FALSE,TRUE,TRUE,TRUE,FALSE,0.05117957945114801,8475179
2015020863,212,even-strength,45,-1,FALSE,FALSE,TRUE,FALSE,FALSE,FALSE,0,8448208
2015020863,217,even-strength,78,11,FALSE,FALSE,TRUE,TRUE,FALSE,FALSE,0.05270147723410512,8475756
2015020863,219,even-strength,32,-27,FALSE,FALSE,TRUE,TRUE,TRUE,FALSE,0.009406494111290797,8477932
2015020863,221,even-strength,58,22,FALSE,FALSE,TRUE,TRUE,FALSE,FALSE,0.029923874656202026,8448208
2015020863,228,even-strength,82,-7,FALSE,FALSE,TRUE,TRUE,TRUE,FALSE,0.04153223217236941,8475735
2015020863,232,penalty-kill,61,-6,FALSE,FALSE,TRUE,FALSE,FALSE,FALSE,0,8477932
2015020863,235,even-strength,72,-7,FALSE,FALSE,TRUE,TRUE,FALSE,FALSE,0.11233996880038082,8476389
2015020863,247,even-strength,64,9,FALSE,FALSE,TRUE,FALSE,FALSE,FALSE,0,8466285
2015020863,506,even-strength,84,-5,FALSE,FALSE,TRUE,TRUE,TRUE,FALSE,0.021778099991792692,8475735
2015020863,508,penalty-kill,49,24,FALSE,FALSE,TRUE,TRUE,TRUE,FALSE,0.029915783747389364,8468001
2015020863,515,even-strength,69,6,FALSE,FALSE,TRUE,FALSE,FALSE,FALSE,0,8476389
2015020863,516,even-strength,72,-7,FALSE,TRUE,TRUE,TRUE,TRUE,TRUE,0.1753755768250344,8448208
2015020863,519,even-strength,70,32,FALSE,FALSE,TRUE,TRUE,TRUE,FALSE,0.024262814495684543,8475735
2015020863,524,even-strength,45,-26,FALSE,FALSE,TRUE,TRUE,FALSE,FALSE,0.020894803183717163,8474000
2015020863,534,even-strength,71,16,FALSE,FALSE,TRUE,FALSE,FALSE,FALSE,0,8474000
2015020863,539,even-strength,80,8,FALSE,FALSE,TRUE,FALSE,FALSE,FALSE,0,8476389
2015020863,544,even-strength,81,8,FALSE,FALSE,TRUE,TRUE,TRUE,FALSE,0.11991840996398662,8476389
2015020863,703,even-strength,73,-13,FALSE,FALSE,TRUE,TRUE,TRUE,FALSE,0.15650806851305385,8476389
2015020863,707,even-strength,55,1,FALSE,FALSE,TRUE,TRUE,TRUE,FALSE,0.07441192566104685,8475191
2015020870,5,even-strength,37,37,FALSE,FALSE,TRUE,TRUE,TRUE,FALSE,0.0073972214130675375,8470595
2015020870,6,even-strength,29,-21,FALSE,FALSE,TRUE,TRUE,TRUE,FALSE,0.011050293958624589,8474661
2015020870,8,even-strength,25,26,FALSE,FALSE,TRUE,TRUE,TRUE,FALSE,0.00562412097130995,8468639
2015020870,10,even-strength,75,15,FALSE,FALSE,TRUE,FALSE,FALSE,FALSE,0,8476958
2015020870,15,even-strength,34,28,FALSE,FALSE,TRUE,TRUE,TRUE,FALSE,0.01656020070418081,8476958
2015020870,16,even-strength,78,-1,FALSE,TRUE,TRUE,TRUE,TRUE,FALSE,0.32795653870311386,8475784
2015020870,17,even-strength,78,-4,FALSE,FALSE,TRUE,TRUE,FALSE,FALSE,0.10153898890439687,8469508
2015020870,18,even-strength,66,0,FALSE,FALSE,TRUE,TRUE,TRUE,TRUE,0.07644543067228385,8474052
2015020870,20,even-strength,85,-7,FALSE,FALSE,TRUE,TRUE,TRUE,FALSE,0.07578055754735105,8476437
2015020870,21,even-strength,49,-20,TRUE,FALSE,TRUE,FALSE,FALSE,FALSE,0,8478396
2015020870,24,even-strength,61,-10,FALSE,FALSE,TRUE,FALSE,FALSE,FALSE,0,8475250
2015020870,26,even-strength,63,-15,FALSE,FALSE,TRUE,TRUE,FALSE,FALSE,0.04981079301182552,8476958
2015020870,31,even-strength,53,-31,FALSE,FALSE,TRUE,TRUE,FALSE,FALSE,0.02085886184282612,8470595
2015020870,34,even-strength,74,2,FALSE,FALSE,TRUE,FALSE,FALSE,FALSE,0,8475250
2015020870,35,even-strength,58,24,FALSE,FALSE,TRUE,TRUE,TRUE,FALSE,0.025937667583489615,8478396
2015020870,38,even-strength,68,2,FALSE,FALSE,TRUE,FALSE,FALSE,FALSE,0,8473533
2015020870,301,even-strength,41,-23,FALSE,FALSE,TRUE,TRUE,TRUE,FALSE,0.03550605326306697,8477488
2015020870,302,even-strength,72,33,FALSE,FALSE,TRUE,TRUE,TRUE,FALSE,0.043004942648184906,8468639
2015020870,303,even-strength,54,23,FALSE,FALSE,TRUE,FALSE,FALSE,FALSE,0,8476858
2015020870,306,even-strength,52,40,FALSE,FALSE,TRUE,TRUE,TRUE,FALSE,0.0181219432684135,8475807
2015020870,308,even-strength,79,1,FALSE,FALSE,TRUE,TRUE,TRUE,FALSE,0.11772876249352729,8474062
2015020870,309,power-play,34,6,FALSE,FALSE,TRUE,TRUE,TRUE,FALSE,0.036303033316066706,8478396
2015020870,310,power-play,68,-15,FALSE,FALSE,TRUE,TRUE,TRUE,FALSE,0.08501596767227221,8476437
2015020870,311,power-play,64,15,FALSE,FALSE,TRUE,TRUE,TRUE,FALSE,0.08504084510820241,8474062
2015020870,312,even-strength,46,26,FALSE,FALSE,TRUE,TRUE,TRUE,FALSE,0.02577923223850174,8468493
2015020870,313,even-strength,70,-3,FALSE,FALSE,TRUE,TRUE,FALSE,FALSE,0.11055170904783476,8469508
2015020870,314,even-strength,77,20,FALSE,FALSE,TRUE,TRUE,TRUE,FALSE,0.04577797475878379,8476437
2015020870,315,even-strength,38,29,FALSE,FALSE,TRUE,TRUE,TRUE,FALSE,0.013212112842432556,8478396
2015020870,316,even-strength,82,9,FALSE,TRUE,TRUE,TRUE,TRUE,FALSE,0.23512690225413402,8469508
2015020870,317,even-strength,42,27,FALSE,FALSE,TRUE,FALSE,FALSE,FALSE,0,8478396
2015020870,320,even-strength,48,2,FALSE,FALSE,TRUE,TRUE,TRUE,TRUE,0.044583989641761475,8475807
2015020870,321,even-strength,25,1,FALSE,FALSE,TRUE,TRUE,TRUE,FALSE,0.010599680617021852,8468493
2015020870,323,even-strength,0,1,FALSE,FALSE,TRUE,TRUE,TRUE,FALSE,0.0027071698004113745,8468493
2015020870,324,even-strength,48,8,TRUE,FALSE,TRUE,TRUE,TRUE,FALSE,0.05347193534970235,8478396
2015020870,325,even-strength,78,11,FALSE,FALSE,TRUE,FALSE,FALSE,FALSE,0,8474052
2015020870,328,even-strength,51,-22,FALSE,FALSE,TRUE,TRUE,TRUE,FALSE,0.026380587886641556,8477488
2015020870,330,even-strength,41,-21,FALSE,FALSE,TRUE,FALSE,FALSE,FALSE,0,8474661
2015020870,332,even-strength,63,39,FALSE,FALSE,TRUE,TRUE,TRUE,FALSE,0.018333346423738118,8474052
2015020870,335,even-strength,84,-8,FALSE,FALSE,TRUE,FALSE,FALSE,FALSE,0,8470595
2015020870,337,power-play,59,-15,FALSE,FALSE,TRUE,FALSE,FALSE,FALSE,0,8470595
2015020870,338,power-play,79,-12,FALSE,FALSE,TRUE,TRUE,TRUE,FALSE,0.08984404126046228,8470595
2015020870,340,power-play,69,-22,FALSE,FALSE,TRUE,TRUE,TRUE,FALSE,0.04663888986033341,8471346
2015020870,346,power-play,82,-5,FALSE,FALSE,TRUE,TRUE,TRUE,FALSE,0.08604022472109782,8470595
2015020870,347,power-play,88,-7,FALSE,TRUE,TRUE,TRUE,TRUE,TRUE,0.2246348752360595,8475784
2015020870,348,even-strength,82,-40,FALSE,FALSE,TRUE,TRUE,FALSE,FALSE,0.021819681148736142,8471346
2015020870,542,even-strength,63,-12,FALSE,TRUE,TRUE,TRUE,FALSE,FALSE,0.15809821536905913,8478396
2015020870,556,even-strength,41,-33,FALSE,FALSE,TRUE,TRUE,FALSE,FALSE,0.017431094676828893,8475250
2015020870,560,even-strength,40,20,FALSE,FALSE,TRUE,TRUE,TRUE,FALSE,0.018385698090296533,8471346
2015020870,565,even-strength,80,1,FALSE,FALSE,TRUE,TRUE,TRUE,FALSE,0.1761685459863324,8470595
2015020870,566,even-strength,84,-4,FALSE,TRUE,TRUE,TRUE,TRUE,FALSE,0.22117910366337418,8471346
2015020870,579,even-strength,48,-7,TRUE,FALSE,TRUE,TRUE,FALSE,FALSE,0.06110396372453897,8474661
2015020870,582,even-strength,78,9,FALSE,FALSE,TRUE,TRUE,TRUE,FALSE,0.1036216697268277,8474052
2015020870,585,even-strength,77,0,FALSE,FALSE,TRUE,FALSE,FALSE,FALSE,0,8468493
2015020870,586,even-strength,76,-23,FALSE,FALSE,TRUE,TRUE,FALSE,FALSE,0.03599372323678359,8473533
2015020870,587,even-strength,77,-4,FALSE,FALSE,TRUE,TRUE,TRUE,TRUE,0.11252828958475711,8475784
2015020870,596,even-strength,9,36,FALSE,FALSE,TRUE,TRUE,TRUE,FALSE,0.0034274046115134625,8478396
2015020870,598,even-strength,85,25,FALSE,FALSE,TRUE,TRUE,TRUE,FALSE,0.04529310483863446,8475784
2015020870,599,even-strength,75,-20,FALSE,FALSE,TRUE,FALSE,FALSE,FALSE,0,8475784
2015020870,600,even-strength,85,4,FALSE,FALSE,TRUE,FALSE,FALSE,FALSE,0,8476437
2015020892,60,even-strength,80,-30,FALSE,FALSE,TRUE,TRUE,FALSE,FALSE,0.02246062951490212,8470803
2015020892,67,even-strength,39,20,FALSE,FALSE,TRUE,TRUE,TRUE,FALSE,0.012775061706192022,8476441
2015020892,76,even-strength,53,20,TRUE,FALSE,TRUE,FALSE,FALSE,FALSE,0,8476441
2015020892,78,even-strength,56,34,FALSE,FALSE,TRUE,TRUE,FALSE,FALSE,0.013364637467999973,8470151
2015020892,79,even-strength,69,-8,FALSE,FALSE,TRUE,TRUE,TRUE,FALSE,0.06250218610669071,8475765
2015020892,100,even-strength,40,25,FALSE,FALSE,TRUE,TRUE,TRUE,FALSE,0.009357154789883141,8470655
2015020892,202,even-strength,63,35,FALSE,FALSE,TRUE,TRUE,TRUE,FALSE,0.012491823004092566,8470151
2015020892,205,power-play,66,3,FALSE,FALSE,TRUE,TRUE,TRUE,FALSE,0.07119940091996582,8475768
2015020892,206,power-play,86,-7,FALSE,TRUE,TRUE,TRUE,TRUE,TRUE,0.2677560452743143,8470655
2015020892,209,even-strength,65,10,FALSE,FALSE,TRUE,TRUE,TRUE,FALSE,0.047920321915006545,8475175
2015020892,210,even-strength,68,23,FALSE,FALSE,TRUE,TRUE,FALSE,FALSE,0.027527766872894856,8477952
2015020892,212,even-strength,73,-19,FALSE,FALSE,TRUE,FALSE,FALSE,FALSE,0,8475765
2015020892,213,even-strength,80,-9,FALSE,FALSE,TRUE,FALSE,FALSE,FALSE,0,8474627
2015020892,215,even-strength,72,5,FALSE,FALSE,TRUE,FALSE,FALSE,FALSE,0,8474125
2015020892,218,even-strength,78,8,FALSE,FALSE,TRUE,FALSE,FALSE,FALSE,0,8471669
2015020892,224,even-strength,86,13,FALSE,FALSE,TRUE,TRUE,TRUE,FALSE,0.04590061945596147,8476892
2015020892,225,even-strength,66,-12,FALSE,FALSE,TRUE,TRUE,TRUE,FALSE,0.0524806068918951,8474031
2015020892,227,even-strength,76,10,FALSE,FALSE,TRUE,TRUE,TRUE,FALSE,0.05870963263866686,8471426
2015020892,228,even-strength,42,-27,FALSE,FALSE,TRUE,TRUE,FALSE,FALSE,0.015680627044751233,8476441
2015020892,229,even-strength,73,1,TRUE,FALSE,TRUE,FALSE,FALSE,FALSE,0,8474145
2015020892,230,even-strength,54,-3,TRUE,TRUE,TRUE,TRUE,FALSE,FALSE,0.20129490443155382,8474145
2015020892,246,penalty-kill,20,-32,TRUE,FALSE,TRUE,TRUE,TRUE,FALSE,0.02856407171915958,8473534
2015020892,250,power-play,70,-7,FALSE,FALSE,TRUE,TRUE,TRUE,TRUE,0.07440985083073302,8475765
2015020892,404,even-strength,4,28,FALSE,FALSE,TRUE,TRUE,TRUE,FALSE,0.0030873745613267333,8475768
2015020892,406,even-strength,72,3,FALSE,FALSE,TRUE,TRUE,TRUE,FALSE,0.09519286076872222,8470655
2015020892,408,even-strength,86,27,FALSE,FALSE,TRUE,TRUE,TRUE,FALSE,0.021052103607020756,8473534
2015020892,409,even-strength,57,-15,FALSE,FALSE,TRUE,FALSE,FALSE,FALSE,0,8476892
2015020892,410,even-strength,77,-8,FALSE,FALSE,TRUE,TRUE,TRUE,FALSE,0.04508841573595147,8476892
2015020892,411,even-strength,79,-7,FALSE,TRUE,TRUE,TRUE,TRUE,FALSE,0.1603551092644162,8476892
2015020892,412,even-strength,43,-1,FALSE,FALSE,TRUE,FALSE,FALSE,FALSE,0,8470151
2015020892,413,even-strength,77,5,FALSE,FALSE,TRUE,FALSE,FALSE,FALSE,0,8475765
2015020892,415,even-strength,63,-1,FALSE,FALSE,TRUE,FALSE,FALSE,FALSE,0,8470151
2015020892,416,even-strength,40,-27,FALSE,FALSE,TRUE,TRUE,TRUE,FALSE,0.011627809234736658,8474145
2015020892,417,even-strength,54,-31,FALSE,TRUE,TRUE,TRUE,TRUE,FALSE,0.0426202531283288,8474145
2015020892,419,even-strength,54,-3,FALSE,FALSE,TRUE,TRUE,FALSE,FALSE,0.050681729202720766,8476892
2015020892,420,even-strength,70,-16,FALSE,FALSE,TRUE,FALSE,FALSE,FALSE,0,8476892
2015020892,421,even-strength,74,-10,FALSE,FALSE,TRUE,TRUE,TRUE,FALSE,0.04125679599121304,8470151
2015020892,423,power-play,75,11,FALSE,FALSE,TRUE,FALSE,FALSE,FALSE,0,8475765
2015020892,428,even-strength,76,8,FALSE,FALSE,TRUE,FALSE,FALSE,FALSE,0,8475765
2015020892,437,even-strength,81,-11,FALSE,FALSE,TRUE,TRUE,TRUE,FALSE,0.05730821201195352,8470803
2015020892,438,even-strength,84,-7,FALSE,TRUE,TRUE,TRUE,TRUE,FALSE,0.19126640094198102,8475768
2015020892,443,even-strength,73,-5,FALSE,FALSE,TRUE,TRUE,FALSE,FALSE,0.07879382938591632,8471669
2015020892,450,even-strength,35,-2,FALSE,FALSE,TRUE,TRUE,TRUE,TRUE,0.021287140130644682,8470151
2015020892,606,even-strength,37,-2,FALSE,FALSE,TRUE,TRUE,FALSE,FALSE,0.024358700603594102,8474145
2015020892,608,even-strength,77,12,FALSE,FALSE,TRUE,TRUE,FALSE,FALSE,0.07080712229336598,8475765
2015020892,609,even-strength,25,-33,FALSE,FALSE,TRUE,TRUE,TRUE,FALSE,0.004418985886174514,8470655
2015020892,610,even-strength,82,-7,FALSE,FALSE,TRUE,TRUE,TRUE,FALSE,0.07544342717716288,8475765
2015020892,611,even-strength,86,-8,FALSE,FALSE,TRUE,TRUE,TRUE,FALSE,0.050681061053429476,8477952
2015020892,612,even-strength,58,-2,FALSE,FALSE,TRUE,TRUE,FALSE,FALSE,0.05970869053292621,8471426
2015020892,613,even-strength,50,12,FALSE,FALSE,TRUE,TRUE,TRUE,FALSE,0.027775443850268484,8475765
2015020892,615,even-strength,54,1,FALSE,FALSE,TRUE,TRUE,TRUE,FALSE,0.04842554365374014,8475768
2015020892,616,even-strength,45,19,FALSE,FALSE,TRUE,TRUE,FALSE,FALSE,0.041632820568433336,8470655
2015020904,5,even-strength,77,-18,FALSE,FALSE,TRUE,FALSE,FALSE,FALSE,0,8473574
2015020904,23,even-strength,86,-9,FALSE,FALSE,TRUE,FALSE,FALSE,FALSE,0,8467338
2015020904,37,even-strength,41,5,FALSE,FALSE,TRUE,FALSE,FALSE,FALSE,0,8475197
2015020904,54,even-strength,11,36,FALSE,FALSE,TRUE,TRUE,TRUE,FALSE,0.0027073201382839217,8477492
2015020904,59,even-strength,54,-9,TRUE,FALSE,TRUE,TRUE,TRUE,FALSE,0.05386257771460146,8471657
2015020904,62,even-strength,39,-20,FALSE,FALSE,TRUE,FALSE,FALSE,FALSE,0,8473550
2015020904,64,even-strength,69,-31,FALSE,FALSE,TRUE,TRUE,FALSE,FALSE,0.01959393694911269,8477492
2015020904,66,even-strength,55,-27,FALSE,FALSE,TRUE,TRUE,TRUE,FALSE,0.018005587118527698,8475168
2015020904,71,penalty-kill,49,-26,FALSE,FALSE,TRUE,FALSE,FALSE,FALSE,0,8473446
2015020904,75,even-strength,55,3,FALSE,FALSE,TRUE,TRUE,TRUE,FALSE,0.052123547018746025,8477492
2015020904,76,even-strength,49,-5,FALSE,FALSE,TRUE,TRUE,TRUE,FALSE,0.03045164845579066,8477492
2015020904,77,even-strength,59,-3,FALSE,TRUE,TRUE,FALSE,FALSE,FALSE,0,8477492
2015020904,79,even-strength,63,-7,FALSE,FALSE,TRUE,TRUE,TRUE,FALSE,0.04974304491370362,8476888
2015020904,80,even-strength,61,3,FALSE,FALSE,TRUE,FALSE,FALSE,FALSE,0,8475168
2015020904,81,even-strength,77,5,FALSE,FALSE,TRUE,TRUE,TRUE,FALSE,0.09285195988846566,8476455
2015020904,86,even-strength,19,26,FALSE,FALSE,TRUE,TRUE,TRUE,FALSE,0.003988473596134446,8476455
2015020904,88,even-strength,80,-6,FALSE,FALSE,TRUE,TRUE,TRUE,FALSE,0.06702388164643815,8471262
2015020904,89,even-strength,78,2,FALSE,TRUE,TRUE,TRUE,TRUE,TRUE,0.2741162634400514,8473574
2015020904,94,even-strength,34,-8,FALSE,TRUE,TRUE,TRUE,FALSE,FALSE,0.05810504471346907,8475197
2015020904,96,even-strength,34,15,FALSE,FALSE,TRUE,TRUE,TRUE,FALSE,0.014904108184581766,8477492
2015020904,203,even-strength,51,20,FALSE,FALSE,TRUE,FALSE,FALSE,FALSE,0,8471260
2015020904,208,even-strength,75,13,FALSE,TRUE,TRUE,TRUE,FALSE,FALSE,0.14679692612639006,8477453
2015020904,213,even-strength,51,-13,FALSE,FALSE,TRUE,TRUE,TRUE,FALSE,0.02786475364335909,8476455
2015020904,214,even-strength,55,-10,FALSE,FALSE,TRUE,TRUE,TRUE,FALSE,0.04072929734117151,8477492
2015020904,217,even-strength,0,-37,FALSE,FALSE,TRUE,TRUE,TRUE,FALSE,0.001274714112956342,8473446
2015020904,225,even-strength,34,9,FALSE,FALSE,TRUE,TRUE,TRUE,FALSE,0.016238217326201634,8477492
2015020904,227,even-strength,70,-17,FALSE,FALSE,TRUE,FALSE,FALSE,FALSE,0,8473446
2015020904,229,even-strength,67,-3,FALSE,FALSE,TRUE,FALSE,FALSE,FALSE,0,8475197
2015020904,230,even-strength,83,18,FALSE,FALSE,TRUE,TRUE,FALSE,FALSE,0.03030615350337695,8471681
2015020904,232,even-strength,34,-33,FALSE,FALSE,TRUE,TRUE,TRUE,FALSE,0.009226416039774515,8475197
2015020904,240,even-strength,65,18,FALSE,TRUE,TRUE,TRUE,TRUE,FALSE,0.12362646828242661,8476455
2015020904,243,even-strength,56,-10,FALSE,FALSE,TRUE,TRUE,TRUE,FALSE,0.041781767314840006,8470750
2015020904,245,power-play,50,35,FALSE,FALSE,TRUE,TRUE,TRUE,FALSE,0.03894402143202236,8471260
2015020904,247,power-play,53,17,FALSE,FALSE,TRUE,TRUE,FALSE,FALSE,0.050138221143619835,8462042
2015020904,248,power-play,84,-10,FALSE,FALSE,TRUE,TRUE,TRUE,FALSE,0.06873019136376946,8471262
2015020904,250,even-strength,51,-13,FALSE,FALSE,TRUE,TRUE,TRUE,FALSE,0.02712139014828817,8477492
2015020904,259,even-strength,68,-7,FALSE,FALSE,TRUE,FALSE,FALSE,FALSE,0,8475197
2015020904,261,even-strength,57,32,FALSE,FALSE,TRUE,TRUE,FALSE,FALSE,0.017423664910288374,8475168
2015020904,263,even-strength,42,25,FALSE,FALSE,TRUE,TRUE,FALSE,FALSE,0.011999178317734545,8473446
2015020904,269,even-strength,61,36,FALSE,FALSE,TRUE,TRUE,TRUE,FALSE,0.018896187087471632,8476888
2015020904,271,even-strength,56,-29,FALSE,FALSE,TRUE,FALSE,FALSE,FALSE,0,8473446
2015020904,285,even-strength,85,7,FALSE,FALSE,TRUE,TRUE,TRUE,FALSE,0.04758020895868195,8477492
2015020904,294,even-strength,48,1,FALSE,FALSE,TRUE,TRUE,TRUE,FALSE,0.03992763371425942,8473446
2015020904,401,even-strength,76,2,FALSE,FALSE,TRUE,FALSE,FALSE,FALSE,0,8477492
2015020904,504,even-strength,8,31,FALSE,FALSE,TRUE,TRUE,TRUE,FALSE,0.0028856424282874184,8467400
2015020904,506,even-strength,49,23,FALSE,FALSE,TRUE,TRUE,FALSE,FALSE,0.017369504199271343,8467400
2015020904,510,even-strength,80,-12,FALSE,FALSE,TRUE,TRUE,TRUE,FALSE,0.03968641287223484,8476888
2015020904,515,even-strength,80,-25,FALSE,FALSE,TRUE,TRUE,TRUE,FALSE,0.040202697272269626,8475197
2015020904,516,even-strength,62,23,FALSE,FALSE,TRUE,TRUE,TRUE,FALSE,0.03156061722788935,8473574
2015020904,517,even-strength,88,-9,FALSE,FALSE,TRUE,TRUE,TRUE,FALSE,0.0233660463097485,8473574
2015020904,525,even-strength,16,-30,FALSE,FALSE,TRUE,TRUE,TRUE,FALSE,0.004833275417194108,8475197
2015020904,527,power-play,42,30,FALSE,FALSE,TRUE,TRUE,TRUE,TRUE,0.05409879500541953,8462042
2015020904,530,even-strength,33,-4,FALSE,FALSE,TRUE,TRUE,TRUE,FALSE,0.025397796617429358,8475197
2015020904,531,even-strength,43,-29,FALSE,FALSE,TRUE,FALSE,FALSE,FALSE,0,8471657
2015020904,538,even-strength,78,-7,FALSE,FALSE,TRUE,TRUE,TRUE,FALSE,0.09728158244210496,8476455
2015020904,539,even-strength,78,-5,FALSE,TRUE,TRUE,TRUE,TRUE,TRUE,0.2612331000992237,8476455
2015020904,550,even-strength,79,19,FALSE,FALSE,TRUE,TRUE,TRUE,FALSE,0.043329005975943705,8475168
2015020904,641,even-strength,55,19,FALSE,FALSE,TRUE,TRUE,TRUE,FALSE,0.030638135228371336,8474207
2015020904,759,even-strength,80,25,FALSE,FALSE,TRUE,TRUE,FALSE,FALSE,0.025208256276352762,8477492
2015020904,762,even-strength,43,25,FALSE,FALSE,TRUE,TRUE,TRUE,FALSE,0.07259103235340084,8475168
2015020904,765,even-strength,86,-14,FALSE,FALSE,TRUE,TRUE,TRUE,FALSE,0.04485634415551628,8473446
2015020904,770,even-strength,75,19,FALSE,FALSE,TRUE,TRUE,TRUE,FALSE,0.050039043759474273,8475197
2015020904,771,even-strength,54,14,FALSE,FALSE,TRUE,TRUE,TRUE,FALSE,0.12777799663329206,8471260
2015020904,808,even-strength,82,-2,FALSE,TRUE,TRUE,TRUE,TRUE,FALSE,0.40341472878359497,8473446
2015020920,11,even-strength,80,-20,FALSE,FALSE,TRUE,FALSE,FALSE,FALSE,0,8475169
2015020920,12,even-strength,46,16,TRUE,FALSE,TRUE,TRUE,FALSE,FALSE,0.035811922539074295,8469470
2015020920,13,even-strength,49,19,FALSE,FALSE,TRUE,TRUE,TRUE,FALSE,0.021324256624938948,8470852
2015020920,14,even-strength,46,32,TRUE,FALSE,TRUE,TRUE,FALSE,FALSE,0.01653371047331003,8475235
2015020920,21,even-strength,46,12,FALSE,FALSE,TRUE,TRUE,FALSE,FALSE,0.027818155901008695,8473465
2015020920,22,even-strength,78,5,FALSE,FALSE,TRUE,TRUE,TRUE,FALSE,0.12635276287228758,8477473
2015020920,23,even-strength,51,21,FALSE,FALSE,TRUE,TRUE,FALSE,FALSE,0.020623092172771463,8467330
2015020920,25,even-strength,76,3,FALSE,FALSE,TRUE,TRUE,TRUE,FALSE,0.11075467628570332,8475220
2015020920,26,even-strength,32,31,FALSE,FALSE,TRUE,TRUE,TRUE,FALSE,0.006229102842469402,8475220
2015020920,27,even-strength,72,3,FALSE,FALSE,TRUE,FALSE,FALSE,FALSE,0,8477933
2015020920,33,even-strength,64,-26,FALSE,FALSE,TRUE,TRUE,FALSE,FALSE,0.030017874544391906,8475169
2015020920,39,even-strength,45,-26,FALSE,FALSE,TRUE,TRUE,TRUE,FALSE,0.014975228147535942,8467407
2015020920,40,even-strength,36,33,FALSE,FALSE,TRUE,TRUE,TRUE,FALSE,0.011184261706205595,8475728
2015020920,41,even-strength,51,-27,FALSE,FALSE,TRUE,TRUE,FALSE,FALSE,0.017975299075664645,8475220
2015020920,43,even-strength,47,-1,FALSE,FALSE,TRUE,TRUE,TRUE,FALSE,0.028924345026434293,8478403
2015020920,204,even-strength,48,9,FALSE,FALSE,TRUE,FALSE,FALSE,FALSE,0,8467407
2015020920,206,even-strength,59,3,TRUE,FALSE,TRUE,FALSE,FALSE,FALSE,0,8467407
2015020920,208,even-strength,51,-33,FALSE,FALSE,TRUE,TRUE,TRUE,FALSE,0.014502737436079221,8477473
2015020920,217,even-strength,57,22,FALSE,FALSE,TRUE,TRUE,TRUE,FALSE,0.034362960417484045,8475796
2015020920,219,even-strength,34,-26,FALSE,FALSE,TRUE,TRUE,FALSE,FALSE,0.011033206077529027,8477499
2015020920,226,even-strength,67,28,FALSE,FALSE,TRUE,TRUE,TRUE,FALSE,0.02477944817770463,8475235
2015020920,229,even-strength,61,14,TRUE,FALSE,TRUE,FALSE,FALSE,FALSE,0,8475169
2015020920,230,even-strength,82,27,TRUE,TRUE,TRUE,TRUE,TRUE,FALSE,0.11963477966708959,8477933
2015020920,232,even-strength,49,0,FALSE,FALSE,TRUE,TRUE,FALSE,FALSE,0.03730731618269398,8475796
2015020920,240,even-strength,47,30,FALSE,FALSE,TRUE,FALSE,FALSE,FALSE,0,8470324
2015020920,241,even-strength,57,-13,FALSE,FALSE,TRUE,FALSE,FALSE,FALSE,0,8477499
2015020920,242,even-strength,80,-17,FALSE,FALSE,TRUE,TRUE,TRUE,FALSE,0.029396099232351862,8467407
2015020920,244,even-strength,57,-6,FALSE,FALSE,TRUE,FALSE,FALSE,FALSE,0,8475796
2015020920,501,even-strength,76,-15,TRUE,TRUE,TRUE,TRUE,TRUE,TRUE,0.23240791705345173,8475728
2015020920,503,even-strength,-55,8,FALSE,FALSE,TRUE,TRUE,TRUE,FALSE,3.3684485064183154e-4,8475728
2015020920,504,even-strength,43,-31,FALSE,FALSE,TRUE,TRUE,TRUE,FALSE,0.008150391839005774,8477499
2015020920,505,even-strength,37,10,FALSE,FALSE,TRUE,TRUE,FALSE,FALSE,0.021238451524931885,8470324
2015020920,522,even-strength,52,33,FALSE,FALSE,TRUE,TRUE,TRUE,FALSE,0.01917426566160463,8475220
2015020920,530,even-strength,36,-28,FALSE,FALSE,TRUE,TRUE,FALSE,FALSE,0.011731745463529824,8474567
2015020920,531,even-strength,34,27,FALSE,FALSE,TRUE,TRUE,TRUE,FALSE,0.008733584100609596,8476931
2015020920,538,even-strength,49,10,FALSE,FALSE,TRUE,TRUE,TRUE,FALSE,0.03500309772059559,8476878
2015020920,601,even-strength,77,25,FALSE,FALSE,TRUE,TRUE,TRUE,FALSE,0.055007978523152166,8476878
2015020920,602,even-strength,72,-15,FALSE,FALSE,TRUE,TRUE,TRUE,TRUE,0.0460766015746782,8474567
2015020920,604,even-strength,72,-2,TRUE,FALSE,TRUE,TRUE,TRUE,FALSE,0.14767307037872418,8476878
2015020920,606,even-strength,60,-15,FALSE,FALSE,TRUE,FALSE,FALSE,FALSE,0,8476878
2015020920,607,even-strength,61,-15,FALSE,TRUE,TRUE,FALSE,FALSE,FALSE,0,8475235
2015020934,11,even-strength,63,-33,FALSE,FALSE,TRUE,FALSE,FALSE,FALSE,0,8473432
2015020934,48,even-strength,73,14,FALSE,FALSE,TRUE,FALSE,FALSE,FALSE,0,8471490
2015020934,54,even-strength,68,25,FALSE,FALSE,TRUE,TRUE,TRUE,FALSE,0.029138181780307606,8467875
2015020934,56,even-strength,70,-1,FALSE,FALSE,TRUE,TRUE,FALSE,FALSE,0.0734783780855608,8473432
2015020934,57,even-strength,85,33,FALSE,FALSE,TRUE,TRUE,TRUE,FALSE,0.017506124598864144,8467875
2015020934,60,even-strength,77,23,FALSE,FALSE,TRUE,TRUE,TRUE,FALSE,0.041944173536192744,8471498
2015020934,63,even-strength,75,8,FALSE,FALSE,TRUE,TRUE,FALSE,FALSE,0.09369186565129023,8475770
2015020934,64,even-strength,80,4,FALSE,FALSE,TRUE,TRUE,FALSE,FALSE,0.09487981778446596,8467875
2015020934,69,even-strength,69,16,FALSE,FALSE,TRUE,TRUE,FALSE,FALSE,0.05938391762695178,8476466
2015020934,77,even-strength,88,33,FALSE,FALSE,TRUE,TRUE,TRUE,FALSE,0.02506737422454255,8476440
2015020934,78,even-strength,78,21,FALSE,FALSE,TRUE,TRUE,FALSE,FALSE,0.04641531972403014,8475770
2015020934,79,even-strength,79,0,FALSE,FALSE,TRUE,TRUE,TRUE,FALSE,0.11491441257453613,8473432
2015020934,80,even-strength,79,1,FALSE,FALSE,TRUE,TRUE,TRUE,FALSE,0.10044353670941919,8473432
2015020934,87,even-strength,58,35,FALSE,FALSE,TRUE,TRUE,FALSE,FALSE,0.02540212141368226,8469465
2015020934,92,even-strength,80,-38,FALSE,FALSE,TRUE,TRUE,TRUE,FALSE,0.024962253711884926,8473415
2015020934,95,even-strength,4,20,FALSE,FALSE,TRUE,TRUE,TRUE,FALSE,0.002382148357393333,8474579
2015020934,96,even-strength,70,-15,FALSE,FALSE,TRUE,TRUE,TRUE,FALSE,0.04678324801130079,8475223
2015020934,302,even-strength,52,26,FALSE,FALSE,TRUE,TRUE,TRUE,FALSE,0.018627960818566547,8473415
2015020934,303,even-strength,72,21,FALSE,FALSE,TRUE,TRUE,TRUE,FALSE,0.03402208087673951,8467875
2015020934,304,even-strength,70,-15,FALSE,TRUE,TRUE,TRUE,FALSE,FALSE,0.11627995679133825,8467876
2015020934,307,power-play,82,-7,FALSE,FALSE,TRUE,TRUE,TRUE,FALSE,0.08740918813605987,8476466
2015020934,308,power-play,50,22,FALSE,FALSE,TRUE,TRUE,TRUE,FALSE,0.05411484510948003,8476466
2015020934,309,power-play,59,-35,FALSE,FALSE,TRUE,TRUE,TRUE,FALSE,0.046304111644021685,8467876
2015020934,310,power-play,32,25,FALSE,FALSE,TRUE,TRUE,FALSE,FALSE,0.03395979578434714,8477018
2015020934,311,even-strength,83,-7,FALSE,FALSE,TRUE,TRUE,TRUE,FALSE,0.07835056685443258,8467875
2015020934,312,even-strength,82,-4,FALSE,TRUE,TRUE,TRUE,TRUE,TRUE,0.2754148471063679,8467875
2015020934,315,even-strength,46,34,FALSE,FALSE,TRUE,TRUE,TRUE,FALSE,0.012047602520428032,8477018
2015020934,318,penalty-kill,52,-38,FALSE,FALSE,TRUE,TRUE,FALSE,FALSE,0.04197289468806875,8471498
2015020934,327,even-strength,35,3,FALSE,FALSE,TRUE,TRUE,FALSE,FALSE,0.023516600374333008,8471498
2015020934,333,even-strength,80,0,FALSE,FALSE,TRUE,TRUE,TRUE,FALSE,0.10187572245246639,8477937
2015020934,338,even-strength,54,34,FALSE,FALSE,TRUE,TRUE,FALSE,FALSE,0.021363367042393104,8467876
2015020934,340,even-strength,34,-32,FALSE,FALSE,TRUE,TRUE,TRUE,FALSE,0.010802834104114183,8473415
2015020934,343,even-strength,72,-2,FALSE,FALSE,TRUE,TRUE,TRUE,FALSE,0.10864137671995101,8471490
2015020934,349,even-strength,67,0,TRUE,FALSE,TRUE,TRUE,TRUE,FALSE,0.13913265834600555,8475770
2015020934,350,even-strength,58,-36,FALSE,FALSE,TRUE,TRUE,TRUE,FALSE,0.009057405474464104,8471490
2015020934,366,penalty-kill,66,12,FALSE,FALSE,TRUE,FALSE,FALSE,FALSE,0,8476440
2015020934,392,even-strength,79,2,FALSE,FALSE,TRUE,FALSE,FALSE,FALSE,0,8469465
2015020934,400,even-strength,72,24,FALSE,FALSE,TRUE,FALSE,FALSE,FALSE,0,8470358
2015020934,551,even-strength,84,-7,FALSE,TRUE,TRUE,TRUE,FALSE,FALSE,0.21178910260015427,8473432
2015020934,553,even-strength,42,21,FALSE,FALSE,TRUE,TRUE,FALSE,FALSE,0.018141042234996577,8471490
2015020934,559,even-strength,50,25,FALSE,FALSE,TRUE,TRUE,TRUE,FALSE,0.026202202726889636,8467875
2015020934,561,even-strength,52,14,FALSE,FALSE,TRUE,TRUE,TRUE,FALSE,0.026703343898528284,8475770
2015020934,601,even-strength,68,8,FALSE,FALSE,TRUE,FALSE,FALSE,FALSE,0,8477018
2015020934,603,even-strength,64,-21,FALSE,FALSE,TRUE,FALSE,FALSE,FALSE,0,8470358
2015020934,604,even-strength,75,10,FALSE,FALSE,TRUE,FALSE,FALSE,FALSE,0,8475770
2015020934,605,even-strength,71,2,FALSE,FALSE,TRUE,FALSE,FALSE,FALSE,0,8475770
2015020934,606,even-strength,61,-8,FALSE,FALSE,TRUE,FALSE,FALSE,FALSE,0,8473415
2015020934,610,even-strength,46,23,FALSE,FALSE,TRUE,FALSE,FALSE,FALSE,0,8469465
2015020934,642,even-strength,84,-6,FALSE,FALSE,TRUE,FALSE,FALSE,FALSE,0,8467876
2015020934,643,even-strength,77,-6,FALSE,FALSE,TRUE,FALSE,FALSE,FALSE,0,8467875
2015020942,16,even-strength,79,-10,FALSE,FALSE,TRUE,TRUE,FALSE,FALSE,0.046956811335390154,8477446
2015020942,18,even-strength,32,-33,FALSE,FALSE,TRUE,TRUE,TRUE,FALSE,0.008800287949333345,8474688
2015020942,21,even-strength,63,-25,FALSE,FALSE,TRUE,TRUE,TRUE,FALSE,0.04482143171517958,8477446
2015020942,24,even-strength,60,-23,FALSE,TRUE,TRUE,FALSE,FALSE,FALSE,0,8475848
2015020942,25,even-strength,88,-37,FALSE,TRUE,TRUE,TRUE,TRUE,TRUE,0.051567022994716105,8475848
2015020942,28,even-strength,60,32,FALSE,FALSE,TRUE,TRUE,TRUE,FALSE,0.019162365691800635,8474157
2015020942,34,even-strength,65,-22,FALSE,FALSE,TRUE,TRUE,FALSE,FALSE,0.028733492444336716,8474157
2015020942,35,even-strength,57,16,FALSE,FALSE,TRUE,TRUE,FALSE,FALSE,0.043165030126241094,8477455
2015020942,38,penalty-kill,80,-9,FALSE,FALSE,TRUE,TRUE,TRUE,FALSE,0.09881303363160034,8474038
2015020942,44,even-strength,86,6,FALSE,FALSE,TRUE,TRUE,TRUE,FALSE,0.06375520954030804,8477446
2015020942,207,even-strength,80,2,FALSE,FALSE,TRUE,TRUE,TRUE,FALSE,0.16244149650168155,8476851
2015020942,220,power-play,54,-29,FALSE,FALSE,TRUE,TRUE,FALSE,FALSE,0.04607776140559637,8474157
2015020942,223,power-play,51,26,FALSE,FALSE,TRUE,TRUE,FALSE,FALSE,0.037302388307171565,8474717
2015020942,224,even-strength,35,-34,TRUE,FALSE,TRUE,TRUE,TRUE,FALSE,0.01844755415179462,8474056
2015020942,231,even-strength,71,29,FALSE,FALSE,TRUE,TRUE,TRUE,FALSE,0.019842797347205638,8474157
2015020942,232,even-strength,34,23,FALSE,FALSE,TRUE,TRUE,FALSE,FALSE,0.010317437603708271,8473658
2015020942,234,even-strength,42,-27,FALSE,FALSE,TRUE,TRUE,FALSE,FALSE,0.010479087684924303,8476851
2015020942,235,even-strength,76,12,FALSE,FALSE,TRUE,TRUE,TRUE,FALSE,0.04562240007601171,8474189
2015020942,240,even-strength,64,-16,TRUE,FALSE,TRUE,TRUE,TRUE,FALSE,0.06394888251132139,8477413
2015020942,241,even-strength,71,0,FALSE,FALSE,TRUE,FALSE,FALSE,FALSE,0,8474056
2015020942,242,even-strength,65,-24,FALSE,FALSE,TRUE,TRUE,TRUE,FALSE,0.03023652407166547,8469521
2015020942,243,even-strength,65,9,FALSE,FALSE,TRUE,TRUE,TRUE,FALSE,0.07725451856509517,8471296
2015020942,244,even-strength,72,-1,FALSE,FALSE,TRUE,FALSE,FALSE,FALSE,0,8475848
2015020942,245,even-strength,71,-10,FALSE,FALSE,TRUE,FALSE,FALSE,FALSE,0,8471296
2015020942,246,even-strength,73,-20,FALSE,FALSE,TRUE,FALSE,FALSE,FALSE,0,8471338
2015020942,247,even-strength,43,20,TRUE,FALSE,TRUE,TRUE,FALSE,FALSE,0.04634858286200634,8467496
2015020942,248,even-strength,71,-5,FALSE,FALSE,TRUE,TRUE,FALSE,FALSE,0.08184893709401109,8474189
2015020942,249,even-strength,68,0,FALSE,FALSE,TRUE,FALSE,FALSE,FALSE,0,8474189
2015020942,402,even-strength,56,-39,FALSE,FALSE,TRUE,TRUE,FALSE,FALSE,0.01638399598899719,8471371
2015020942,408,even-strength,72,1,FALSE,FALSE,TRUE,TRUE,TRUE,TRUE,0.1135288943564385,8471338
2015020942,412,even-strength,66,7,FALSE,FALSE,TRUE,TRUE,TRUE,FALSE,0.06505369305133786,8477413
2015020942,430,even-strength,75,-2,FALSE,FALSE,TRUE,TRUE,FALSE,FALSE,0.08319531809596026,8477413
2015020942,431,even-strength,75,-16,FALSE,FALSE,TRUE,TRUE,TRUE,FALSE,0.05315244560063734,8476851
2015020942,433,even-strength,77,-9,FALSE,FALSE,TRUE,TRUE,TRUE,FALSE,0.06205652577018729,8469521
2015020942,608,even-strength,40,23,FALSE,FALSE,TRUE,TRUE,FALSE,FALSE,0.013747929614100943,8471296
2015020942,611,even-strength,74,20,TRUE,FALSE,TRUE,FALSE,FALSE,FALSE,0,8476479
2015020942,615,even-strength,55,-17,FALSE,FALSE,TRUE,FALSE,FALSE,FALSE,0,8474717
2015020942,616,even-strength,57,27,FALSE,FALSE,TRUE,TRUE,FALSE,FALSE,0.021184904673539885,8477455
2015020942,617,even-strength,33,-33,FALSE,FALSE,TRUE,TRUE,FALSE,FALSE,0.01034885862263597,8474688
2015020942,618,even-strength,55,-7,FALSE,FALSE,TRUE,FALSE,FALSE,FALSE,0,8477413
2015020942,619,even-strength,59,-1,FALSE,FALSE,TRUE,FALSE,FALSE,FALSE,0,8477413
2015020942,620,even-strength,66,-4,FALSE,FALSE,TRUE,TRUE,TRUE,FALSE,0.06158382893897073,8474189
2015020942,623,even-strength,82,20,FALSE,FALSE,TRUE,TRUE,TRUE,FALSE,0.03293285261066839,8475848
2015020942,641,even-strength,76,-32,FALSE,FALSE,TRUE,TRUE,FALSE,FALSE,0.03386041795999662,8475848
2015020942,642,even-strength,70,34,FALSE,FALSE,TRUE,FALSE,FALSE,FALSE,0,8474157
2015020942,645,even-strength,43,30,FALSE,FALSE,TRUE,FALSE,FALSE,FALSE,0,8474056
2015020942,647,power-play,56,20,FALSE,FALSE,TRUE,FALSE,FALSE,FALSE,0,8474056
2015020942,648,power-play,55,32,FALSE,FALSE,TRUE,TRUE,TRUE,FALSE,0.051145100423314924,8477413
2015020942,650,power-play,51,14,FALSE,FALSE,TRUE,FALSE,FALSE,FALSE,0,8477413
2015020942,754,power-play,63,21,FALSE,FALSE,TRUE,FALSE,FALSE,FALSE,0,8471296
2015020942,755,even-strength,58,39,FALSE,FALSE,TRUE,TRUE,TRUE,FALSE,0.015602384571069753,8476851
2015020942,757,even-strength,48,-2,FALSE,FALSE,TRUE,FALSE,FALSE,FALSE,0,8473658
2015020942,758,even-strength,39,34,FALSE,FALSE,TRUE,TRUE,TRUE,FALSE,0.009571699205254377,8473658
2015020942,763,power-play,60,-26,FALSE,FALSE,TRUE,FALSE,FALSE,FALSE,0,8467496
2015020942,765,power-play,60,36,FALSE,FALSE,TRUE,TRUE,TRUE,FALSE,0.03931180925621657,8474157
2015020964,42,even-strength,79,5,FALSE,FALSE,TRUE,FALSE,FALSE,FALSE,0,8477937
2015020964,58,even-strength,57,29,FALSE,FALSE,TRUE,TRUE,TRUE,FALSE,0.01588179933244949,8477500
2015020964,60,even-strength,40,18,FALSE,FALSE,TRUE,TRUE,TRUE,FALSE,0.019667160239194674,8467875
2015020964,62,even-strength,65,18,FALSE,FALSE,TRUE,TRUE,TRUE,FALSE,0.032827468938276025,8467875
2015020964,63,even-strength,67,29,FALSE,FALSE,TRUE,TRUE,FALSE,FALSE,0.02787271553863996,8473432
2015020964,64,even-strength,59,-16,TRUE,FALSE,TRUE,TRUE,TRUE,FALSE,0.0635683629595115,8470358
2015020964,65,even-strength,68,14,FALSE,FALSE,TRUE,TRUE,TRUE,FALSE,0.06029309994210916,8476867
2015020964,68,power-play,54,22,FALSE,FALSE,TRUE,TRUE,TRUE,FALSE,0.0468877046811499,8476466
2015020964,69,power-play,76,-32,FALSE,FALSE,TRUE,TRUE,TRUE,FALSE,0.046395336076098165,8467876
2015020964,70,power-play,37,22,FALSE,FALSE,TRUE,TRUE,TRUE,FALSE,0.0326197364988107,8469465
2015020964,72,even-strength,81,17,FALSE,FALSE,TRUE,TRUE,TRUE,FALSE,0.03778360265371892,8477937
2015020964,73,even-strength,90,-8,FALSE,TRUE,TRUE,TRUE,TRUE,TRUE,0.2928381785902983,8477937
2015020964,78,even-strength,69,5,FALSE,FALSE,TRUE,TRUE,FALSE,FALSE,0.06292192339287014,8477937
2015020964,79,even-strength,39,26,FALSE,FALSE,TRUE,TRUE,TRUE,FALSE,0.01125193893576335,8469465
2015020964,81,even-strength,42,21,FALSE,FALSE,TRUE,TRUE,TRUE,FALSE,0.017923766487912638,8473415
2015020964,82,even-strength,77,-26,FALSE,TRUE,TRUE,TRUE,TRUE,FALSE,0.09919647547690162,8476867
2015020964,83,even-strength,77,-20,FALSE,FALSE,TRUE,TRUE,FALSE,FALSE,0.04974626295048084,8476440
2015020964,88,penalty-kill,60,-15,FALSE,FALSE,TRUE,TRUE,FALSE,FALSE,0.02734422921866552,8470358
2015020964,92,even-strength,38,23,FALSE,FALSE,TRUE,TRUE,TRUE,FALSE,0.007284026807115534,8469465
2015020964,93,even-strength,78,1,FALSE,FALSE,TRUE,TRUE,TRUE,TRUE,0.1029995388378668,8476466
2015020964,262,even-strength,61,-16,FALSE,FALSE,TRUE,TRUE,TRUE,FALSE,0.04876570698171763,8475690
2015020964,263,even-strength,39,31,FALSE,FALSE,TRUE,TRUE,TRUE,FALSE,0.01206686654548161,8473415
2015020964,267,even-strength,41,-20,FALSE,FALSE,TRUE,TRUE,FALSE,FALSE,0.0184002732348178,8477937
2015020964,268,even-strength,60,-30,TRUE,FALSE,TRUE,TRUE,TRUE,FALSE,0.030196378792310817,8467875
2015020964,270,even-strength,41,19,FALSE,FALSE,TRUE,TRUE,TRUE,FALSE,0.032570231033269795,8474579
2015020964,275,penalty-kill,73,-21,FALSE,FALSE,TRUE,TRUE,FALSE,FALSE,0.07227835944151145,8475770
2015020964,287,even-strength,87,7,TRUE,FALSE,TRUE,TRUE,TRUE,FALSE,0.032641697813775766,8467875
2015020964,288,even-strength,32,-26,FALSE,FALSE,TRUE,TRUE,TRUE,FALSE,0.006845747252580741,8475690
2015020964,294,even-strength,36,-23,FALSE,FALSE,TRUE,TRUE,TRUE,FALSE,0.01104687583828882,8473415
2015020964,353,even-strength,63,11,FALSE,FALSE,TRUE,FALSE,FALSE,FALSE,0,8467875
2015020964,363,even-strength,39,12,FALSE,FALSE,TRUE,FALSE,FALSE,FALSE,0,8474749
2015020964,385,even-strength,42,-23,FALSE,FALSE,TRUE,FALSE,FALSE,FALSE,0,8475690
2015020964,506,even-strength,78,-4,FALSE,FALSE,TRUE,TRUE,TRUE,FALSE,0.08153521396647834,8477500
2015020964,520,even-strength,66,-14,FALSE,FALSE,TRUE,TRUE,TRUE,FALSE,0.04928419615519005,8473432
2015020964,531,even-strength,55,23,FALSE,FALSE,TRUE,TRUE,TRUE,FALSE,0.023320581510273324,8476466
2015020964,535,even-strength,83,-10,FALSE,FALSE,TRUE,TRUE,TRUE,FALSE,0.0450011659177133,8476867
2015020964,539,even-strength,69,-6,FALSE,FALSE,TRUE,TRUE,TRUE,FALSE,0.0609678352196449,8473432
2015020964,544,even-strength,34,-25,FALSE,FALSE,TRUE,TRUE,TRUE,FALSE,0.012146913942363684,8474579
2015020964,547,even-strength,34,-13,FALSE,FALSE,TRUE,TRUE,FALSE,FALSE,0.02522520301636937,8477018
2015020964,550,even-strength,81,5,FALSE,FALSE,TRUE,TRUE,TRUE,FALSE,0.08401050829269965,8467875
2015020964,560,even-strength,75,-20,FALSE,FALSE,TRUE,FALSE,FALSE,FALSE,0,8476440
2015020964,561,even-strength,79,8,FALSE,FALSE,TRUE,FALSE,FALSE,FALSE,0,8474749
2015020964,580,even-strength,76,2,FALSE,FALSE,TRUE,FALSE,FALSE,FALSE,0,8477955
2015020964,598,even-strength,68,-9,FALSE,FALSE,TRUE,FALSE,FALSE,FALSE,0,8475223
2015020964,599,even-strength,77,-3,FALSE,FALSE,TRUE,FALSE,FALSE,FALSE,0,8473415
2015020964,600,even-strength,65,-11,FALSE,TRUE,TRUE,FALSE,FALSE,FALSE,0,8475223
2015020964,703,even-strength,40,26,FALSE,FALSE,TRUE,FALSE,FALSE,FALSE,0,8469465
2015020964,707,even-strength,61,-17,FALSE,FALSE,TRUE,FALSE,FALSE,FALSE,0,8473415
2015020964,710,even-strength,65,0,FALSE,FALSE,TRUE,FALSE,FALSE,FALSE,0,8475690
2015020964,713,even-strength,64,7,FALSE,FALSE,TRUE,FALSE,FALSE,FALSE,0,8469465
2015020964,719,even-strength,73,-10,FALSE,FALSE,TRUE,FALSE,FALSE,FALSE,0,8467876
2015020964,723,even-strength,66,9,FALSE,FALSE,TRUE,FALSE,FALSE,FALSE,0,8477018
2015020964,724,even-strength,63,-18,FALSE,FALSE,TRUE,FALSE,FALSE,FALSE,0,8467876
2015020964,851,even-strength,75,-11,FALSE,FALSE,TRUE,TRUE,TRUE,FALSE,0.0750223364676159,8467876
2015020964,1001,even-strength,42,31,FALSE,FALSE,TRUE,FALSE,FALSE,FALSE,0,8477018
2015020990,58,even-strength,53,-25,FALSE,FALSE,TRUE,TRUE,TRUE,FALSE,0.018608869645123725,8476462
2015020990,62,even-strength,46,-27,FALSE,FALSE,TRUE,FALSE,FALSE,FALSE,0,8477591
2015020990,68,even-strength,55,28,FALSE,FALSE,TRUE,FALSE,FALSE,FALSE,0,8474673
2015020990,72,even-strength,85,18,FALSE,FALSE,TRUE,TRUE,TRUE,FALSE,0.042429324600219004,8477591
2015020990,75,power-play,73,0,FALSE,FALSE,TRUE,TRUE,FALSE,FALSE,0.1009438388589192,8474577
2015020990,79,even-strength,39,35,FALSE,FALSE,TRUE,TRUE,TRUE,FALSE,0.027544968601276306,8474673
2015020990,83,even-strength,81,-4,TRUE,FALSE,TRUE,TRUE,FALSE,FALSE,0.17418415950928154,8475907
2015020990,84,even-strength,62,-29,FALSE,FALSE,TRUE,FALSE,FALSE,FALSE,0,8474150
2015020990,87,even-strength,68,13,FALSE,FALSE,TRUE,TRUE,FALSE,FALSE,0.0614861536151789,8473564
2015020990,89,even-strength,67,36,FALSE,FALSE,TRUE,TRUE,FALSE,FALSE,0.013960158586153954,8470162
2015020990,90,even-strength,51,-1,FALSE,FALSE,TRUE,FALSE,FALSE,FALSE,0,8468674
2015020990,91,even-strength,65,36,FALSE,FALSE,TRUE,TRUE,TRUE,FALSE,0.013799816424297836,8477935
2015020990,96,power-play,75,-1,FALSE,FALSE,TRUE,TRUE,TRUE,FALSE,0.107473827403427,8477497
2015020990,97,power-play,40,-22,FALSE,FALSE,TRUE,TRUE,TRUE,FALSE,0.01786963328644602,8470966
2015020990,98,power-play,63,15,FALSE,FALSE,TRUE,TRUE,TRUE,FALSE,0.06119283534710074,8477497
2015020990,100,power-play,40,21,FALSE,FALSE,TRUE,TRUE,FALSE,FALSE,0.03225756265229865,8470966
2015020990,220,even-strength,67,-16,FALSE,FALSE,TRUE,FALSE,FALSE,FALSE,0,8474673
2015020990,226,even-strength,41,-37,FALSE,FALSE,TRUE,TRUE,TRUE,FALSE,0.007050559364419762,8476462
2015020990,252,power-play,86,8,FALSE,FALSE,TRUE,TRUE,TRUE,FALSE,0.0632073193716385,8477935
2015020990,253,power-play,65,-5,FALSE,FALSE,TRUE,TRUE,FALSE,FALSE,0.08428351400676454,8477935
2015020990,254,power-play,43,0,FALSE,FALSE,TRUE,TRUE,TRUE,FALSE,0.049322255685282604,8477497
2015020990,255,power-play,76,8,FALSE,TRUE,TRUE,TRUE,TRUE,FALSE,0.225883194838658,8476462
2015020990,259,even-strength,78,-9,FALSE,FALSE,TRUE,FALSE,FALSE,FALSE,0,8474150
2015020990,261,even-strength,12,34,FALSE,FALSE,TRUE,TRUE,TRUE,FALSE,0.002870970361615549,8470966
2015020990,271,even-strength,77,-3,FALSE,FALSE,TRUE,TRUE,TRUE,FALSE,0.1025131064599091,8475650
2015020990,272,even-strength,48,-7,FALSE,FALSE,TRUE,TRUE,TRUE,FALSE,0.02378606805227189,8470162
2015020990,273,even-strength,72,0,FALSE,TRUE,TRUE,TRUE,TRUE,FALSE,0.2513860170717547,8470162
2015020990,274,even-strength,71,-2,FALSE,FALSE,TRUE,TRUE,TRUE,FALSE,0.077800969833153,8474150
2015020990,275,even-strength,75,-2,FALSE,FALSE,TRUE,FALSE,FALSE,FALSE,0,8475907
2015020990,277,power-play,53,-15,FALSE,FALSE,TRUE,TRUE,TRUE,FALSE,0.05477724729133541,8476462
2015020990,278,power-play,51,-1,FALSE,FALSE,TRUE,FALSE,FALSE,FALSE,0,8470966
2015020990,281,even-strength,57,10,TRUE,FALSE,TRUE,FALSE,FALSE,FALSE,0,8470966
2015020990,282,even-strength,46,24,FALSE,FALSE,TRUE,TRUE,FALSE,FALSE,0.011603783281468575,8470162
2015020990,284,even-strength,76,5,FALSE,FALSE,TRUE,TRUE,TRUE,FALSE,0.07631911006684883,8477903
2015020990,285,even-strength,81,-1,FALSE,FALSE,TRUE,TRUE,TRUE,FALSE,0.1462261746696759,8475907
2015020990,286,even-strength,43,12,FALSE,TRUE,TRUE,FALSE,FALSE,FALSE,0,8474673
2015020990,288,power-play,75,-1,FALSE,FALSE,TRUE,TRUE,FALSE,FALSE,0.11032605464430402,8474577
2015020990,290,power-play,41,16,FALSE,FALSE,TRUE,TRUE,TRUE,FALSE,0.041489916943461574,8470966
2015020990,291,power-play,42,-37,FALSE,FALSE,TRUE,TRUE,FALSE,FALSE,0.02751474081932838,8476462
2015020990,292,power-play,54,-14,FALSE,FALSE,TRUE,TRUE,TRUE,FALSE,0.05142912631880257,8476462
2015020990,293,power-play,53,-14,FALSE,FALSE,TRUE,FALSE,FALSE,FALSE,0,8476462
2015020990,294,power-play,68,8,FALSE,FALSE,TRUE,TRUE,FALSE,FALSE,0.0815806604337594,8477497
2015020990,295,power-play,41,-1,FALSE,FALSE,TRUE,TRUE,FALSE,FALSE,0.051597194433140856,8470966
2015020990,296,power-play,74,14,FALSE,FALSE,TRUE,TRUE,TRUE,FALSE,0.08282252414803658,8476346
2015020990,300,even-strength,53,28,FALSE,FALSE,TRUE,TRUE,TRUE,FALSE,0.030225601268166334,8474642
2015020990,451,even-strength,63,-17,FALSE,FALSE,TRUE,TRUE,TRUE,FALSE,0.04151130265188333,8477935
2015020990,454,even-strength,73,3,FALSE,FALSE,TRUE,TRUE,TRUE,FALSE,0.10983497831098887,8473564
2015020990,455,even-strength,78,6,FALSE,TRUE,TRUE,TRUE,TRUE,FALSE,0.23102766783835735,8473564
2015020990,457,even-strength,57,23,FALSE,FALSE,TRUE,FALSE,FALSE,FALSE,0,8474642
2015020990,461,even-strength,68,-7,FALSE,FALSE,TRUE,FALSE,FALSE,FALSE,0,8477935
2015020990,462,even-strength,60,-11,FALSE,FALSE,TRUE,FALSE,FALSE,FALSE,0,8476279
2015020990,467,even-strength,50,22,FALSE,FALSE,TRUE,TRUE,TRUE,FALSE,0.02889426618875092,8474673
2015020990,472,power-play,76,3,FALSE,FALSE,TRUE,TRUE,TRUE,FALSE,0.12210578436402343,8474577
2015020990,473,power-play,73,-2,FALSE,TRUE,TRUE,TRUE,TRUE,FALSE,0.25633267745161575,8477497
2015020990,474,power-play,47,-28,FALSE,FALSE,TRUE,TRUE,TRUE,FALSE,0.038722343580796084,8476462
2015020990,486,even-strength,77,0,FALSE,FALSE,TRUE,TRUE,TRUE,FALSE,0.14519938300179852,8477935
2015020990,488,even-strength,86,-10,FALSE,FALSE,TRUE,TRUE,TRUE,FALSE,0.058016239014389646,8473564
2015020990,494,even-strength,58,8,FALSE,FALSE,TRUE,FALSE,FALSE,FALSE,0,8470966
2015020990,496,even-strength,43,24,FALSE,FALSE,TRUE,TRUE,FALSE,FALSE,0.016855245099443222,8476452
2015020990,497,even-strength,74,-28,FALSE,FALSE,TRUE,TRUE,TRUE,FALSE,0.023223849247857635,8475907
2015020990,498,even-strength,55,-36,FALSE,FALSE,TRUE,TRUE,TRUE,FALSE,0.016334864021320734,8477591
2015020990,500,even-strength,50,-33,FALSE,FALSE,TRUE,TRUE,TRUE,FALSE,0.02090613066674266,8468674
2015020990,652,even-strength,81,10,FALSE,FALSE,TRUE,TRUE,TRUE,FALSE,0.056648103112973,8474577
2015020990,655,even-strength,72,0,FALSE,FALSE,TRUE,TRUE,TRUE,FALSE,0.1120368621823298,8475907
2015020990,658,even-strength,38,25,FALSE,FALSE,TRUE,TRUE,TRUE,FALSE,0.013761052987220232,8476462
2015020990,659,even-strength,82,9,FALSE,FALSE,TRUE,TRUE,FALSE,FALSE,0.07633517075483638,8474642
2015020990,660,even-strength,51,31,FALSE,FALSE,TRUE,FALSE,FALSE,FALSE,0,8476279
2015020990,662,even-strength,34,14,FALSE,FALSE,TRUE,TRUE,TRUE,FALSE,0.014416834393972561,8470966
2015020990,663,even-strength,49,30,FALSE,FALSE,TRUE,TRUE,TRUE,FALSE,0.015741174939669155,8475650
2015020990,665,even-strength,46,-36,FALSE,FALSE,TRUE,TRUE,TRUE,FALSE,0.013596283027274789,8476462
2015020990,672,even-strength,76,11,FALSE,FALSE,TRUE,TRUE,TRUE,FALSE,0.061598865821897074,8477903
2015020990,677,even-strength,81,12,FALSE,FALSE,TRUE,TRUE,TRUE,FALSE,0.07494682629886079,8476346
2015020990,679,even-strength,59,20,FALSE,FALSE,TRUE,FALSE,FALSE,FALSE,0,8476452
2015020990,681,even-strength,46,-36,FALSE,FALSE,TRUE,TRUE,FALSE,FALSE,0.014021749718406478,8476346
2015020990,682,even-strength,69,-20,FALSE,FALSE,TRUE,TRUE,TRUE,FALSE,0.05696839970904206,8476346
2015020990,683,even-strength,33,-14,FALSE,FALSE,TRUE,TRUE,FALSE,FALSE,0.012824668445650967,8476279
2015020990,684,even-strength,49,27,FALSE,FALSE,TRUE,FALSE,FALSE,FALSE,0,8473564
2015020990,686,even-strength,65,32,FALSE,FALSE,TRUE,TRUE,TRUE,FALSE,0.025047279793182095,8473564
2015020990,688,power-play,41,9,FALSE,FALSE,TRUE,TRUE,TRUE,FALSE,0.04223257286848011,8470966
2015020990,689,power-play,74,-14,FALSE,TRUE,TRUE,TRUE,TRUE,FALSE,0.14521830050966036,8476346
2015020990,692,power-play,43,8,FALSE,FALSE,TRUE,FALSE,FALSE,FALSE,0,8470966
2015020990,693,power-play,67,4,TRUE,FALSE,TRUE,TRUE,TRUE,TRUE,0.16026186459203834,8474577
2015021012,13,even-strength,68,12,FALSE,FALSE,TRUE,FALSE,FALSE,FALSE,0,8474641
2015021012,14,even-strength,75,1,FALSE,FALSE,TRUE,FALSE,FALSE,FALSE,0,8475758
2015021012,18,even-strength,22,-22,FALSE,FALSE,TRUE,TRUE,TRUE,FALSE,0.0061972020537703395,8474660
2015021012,21,even-strength,30,23,TRUE,FALSE,TRUE,TRUE,TRUE,FALSE,0.019970408939539715,8472382
2015021012,24,even-strength,41,26,FALSE,FALSE,TRUE,FALSE,FALSE,FALSE,0,8475186
2015021012,28,even-strength,53,10,FALSE,FALSE,TRUE,TRUE,TRUE,FALSE,0.04485444484588298,8471311
2015021012,29,even-strength,48,16,FALSE,FALSE,TRUE,TRUE,TRUE,FALSE,0.022927092708190707,8471311
2015021012,34,even-strength,64,29,FALSE,FALSE,TRUE,TRUE,FALSE,FALSE,0.02336765184074679,8477010
2015021012,44,even-strength,35,-2,FALSE,FALSE,TRUE,TRUE,FALSE,FALSE,0.03712270624193919,8474660
2015021012,76,even-strength,74,-33,FALSE,TRUE,TRUE,FALSE,FALSE,FALSE,0,8475151
2015021012,253,power-play,44,-14,FALSE,FALSE,TRUE,TRUE,TRUE,FALSE,0.03659653453209809,8476423
2015021012,254,power-play,33,-2,FALSE,FALSE,TRUE,TRUE,TRUE,FALSE,0.033934583775638925,8475186
2015021012,255,power-play,53,23,FALSE,FALSE,TRUE,TRUE,FALSE,FALSE,0.05279100913042777,8475151
2015021012,258,even-strength,57,4,FALSE,FALSE,TRUE,FALSE,FALSE,FALSE,0,8472382
2015021012,259,even-strength,32,10,FALSE,FALSE,TRUE,TRUE,TRUE,FALSE,0.01231706948793729,8472382
2015021012,269,even-strength,54,3,FALSE,FALSE,TRUE,TRUE,TRUE,FALSE,0.05243021876601249,8471311
2015021012,270,even-strength,58,29,FALSE,FALSE,TRUE,TRUE,TRUE,FALSE,0.023013224852847534,8475186
2015021012,271,even-strength,66,-3,FALSE,FALSE,TRUE,FALSE,FALSE,FALSE,0,8476423
2015021012,273,even-strength,56,14,FALSE,FALSE,TRUE,TRUE,TRUE,TRUE,0.06304500409729598,8475758
2015021012,275,even-strength,48,10,FALSE,FALSE,TRUE,FALSE,FALSE,FALSE,0,8475186
2015021012,278,even-strength,59,-18,FALSE,FALSE,TRUE,FALSE,FALSE,FALSE,0,8474641
2015021012,279,even-strength,48,-24,FALSE,FALSE,TRUE,FALSE,FALSE,FALSE,0,8474660
2015021012,295,even-strength,83,20,FALSE,FALSE,TRUE,TRUE,FALSE,FALSE,0.04168192974246934,8475758
2015021012,296,even-strength,62,-27,FALSE,FALSE,TRUE,TRUE,FALSE,FALSE,0.027219207019254302,8476457
2015021012,297,even-strength,67,-15,FALSE,FALSE,TRUE,FALSE,FALSE,FALSE,0,8476457
2015021012,300,even-strength,77,1,FALSE,TRUE,TRUE,FALSE,FALSE,FALSE,0,8475758
2015021012,423,even-strength,66,-21,FALSE,FALSE,TRUE,FALSE,FALSE,FALSE,0,8478566
2015021012,433,even-strength,54,5,FALSE,FALSE,TRUE,FALSE,FALSE,FALSE,0,8472382
2015021012,434,even-strength,50,20,FALSE,FALSE,TRUE,TRUE,FALSE,FALSE,0.017849986553876263,8475151
2015021012,435,even-strength,78,2,FALSE,FALSE,TRUE,TRUE,TRUE,TRUE,0.10981748175825988,8471233
2015021012,444,even-strength,70,-23,FALSE,FALSE,TRUE,TRUE,TRUE,FALSE,0.02787041495202977,8478566
2015021012,448,even-strength,45,-1,FALSE,FALSE,TRUE,TRUE,TRUE,FALSE,0.03561057102842617,8476423
2015021012,450,even-strength,46,-5,FALSE,FALSE,TRUE,FALSE,FALSE,FALSE,0,8478566
2015021012,603,even-strength,70,5,FALSE,FALSE,TRUE,FALSE,FALSE,FALSE,0,8475151
2015021012,604,even-strength,86,-5,FALSE,TRUE,TRUE,TRUE,TRUE,FALSE,0.2311100965290006,8475151
2015021012,605,even-strength,79,3,FALSE,TRUE,TRUE,TRUE,TRUE,FALSE,0.2876292781786901,8475151
2015021029,8,even-strength,22,30,TRUE,FALSE,TRUE,TRUE,TRUE,FALSE,0.00677742938460381,8468498
2015021029,13,even-strength,72,27,FALSE,FALSE,TRUE,TRUE,TRUE,FALSE,0.026624692115678115,8470617
2015021029,16,even-strength,57,35,FALSE,FALSE,TRUE,TRUE,TRUE,FALSE,0.02190470012531376,8473563
2015021029,18,even-strength,64,21,FALSE,FALSE,TRUE,FALSE,FALSE,FALSE,0,8471214
2015021029,25,even-strength,64,20,FALSE,FALSE,TRUE,FALSE,FALSE,FALSE,0,8475149
2015021029,29,penalty-kill,-68,-31,FALSE,FALSE,TRUE,TRUE,TRUE,FALSE,0.003212186939707585,8474291
2015021029,32,even-strength,50,36,FALSE,FALSE,TRUE,TRUE,TRUE,FALSE,0.015264693936779681,8468508
2015021029,42,even-strength,56,-21,FALSE,FALSE,TRUE,TRUE,TRUE,FALSE,0.02759701621600051,8468508
2015021029,43,even-strength,82,-8,FALSE,FALSE,TRUE,TRUE,TRUE,FALSE,0.05885381707837052,8477220
2015021029,44,even-strength,59,36,FALSE,FALSE,TRUE,TRUE,FALSE,FALSE,0.01535468608505927,8468508
2015021029,45,even-strength,60,-38,FALSE,FALSE,TRUE,TRUE,FALSE,FALSE,0.014365223169062845,8473563
2015021029,47,even-strength,48,-20,FALSE,FALSE,TRUE,TRUE,FALSE,FALSE,0.025802756098890822,8474291
2015021029,48,even-strength,52,-18,FALSE,FALSE,TRUE,TRUE,FALSE,FALSE,0.016967991922611055,8474291
2015021029,210,even-strength,60,13,FALSE,FALSE,TRUE,FALSE,FALSE,FALSE,0,8477444
2015021029,211,even-strength,57,14,FALSE,FALSE,TRUE,TRUE,TRUE,FALSE,0.03291602483617862,8477444
2015021029,215,even-strength,73,-19,FALSE,FALSE,TRUE,FALSE,FALSE,FALSE,0,8476880
2015021029,222,even-strength,84,-6,FALSE,FALSE,TRUE,TRUE,TRUE,FALSE,0.05703189616156948,8470617
2015021029,231,power-play,58,-4,FALSE,FALSE,TRUE,FALSE,FALSE,FALSE,0,8471214
2015021029,232,power-play,81,24,FALSE,FALSE,TRUE,TRUE,TRUE,TRUE,0.14350300773049943,8471698
2015021029,234,power-play,73,-12,FALSE,FALSE,TRUE,TRUE,TRUE,FALSE,0.1171390434772093,8468508
2015021029,235,even-strength,47,20,FALSE,FALSE,TRUE,FALSE,FALSE,FALSE,0,8476880
2015021029,239,power-play,79,7,FALSE,FALSE,TRUE,TRUE,TRUE,FALSE,0.1153157091766677,8471214
2015021029,242,power-play,31,-20,FALSE,FALSE,TRUE,TRUE,FALSE,FALSE,0.031840804506695033,8471702
2015021029,243,even-strength,64,-3,FALSE,FALSE,TRUE,TRUE,TRUE,FALSE,0.10692940197442886,8476880
2015021029,244,even-strength,68,9,FALSE,FALSE,TRUE,FALSE,FALSE,FALSE,0,8473991
2015021029,246,even-strength,59,15,FALSE,FALSE,TRUE,TRUE,TRUE,FALSE,0.03566081071846542,8475744
2015021029,451,even-strength,80,-7,FALSE,FALSE,TRUE,TRUE,TRUE,FALSE,0.09310855478258802,8471702
2015021029,453,even-strength,65,21,FALSE,FALSE,TRUE,FALSE,FALSE,FALSE,0,8471214
2015021029,456,even-strength,78,8,FALSE,FALSE,TRUE,FALSE,FALSE,FALSE,0,8471214
2015021029,457,even-strength,78,4,FALSE,FALSE,TRUE,TRUE,TRUE,FALSE,0.08959009935638368,8471698
2015021029,460,even-strength,68,21,FALSE,FALSE,TRUE,FALSE,FALSE,FALSE,0,8475200
2015021029,462,even-strength,76,1,FALSE,FALSE,TRUE,TRUE,TRUE,TRUE,0.14457710814989433,8468508
2015021029,465,even-strength,66,-27,FALSE,FALSE,TRUE,FALSE,FALSE,FALSE,0,8476880
2015021029,466,even-strength,67,2,FALSE,FALSE,TRUE,FALSE,FALSE,FALSE,0,8470617
2015021029,467,even-strength,47,-34,FALSE,FALSE,TRUE,TRUE,TRUE,FALSE,0.014159127334032358,8473991
2015021029,468,even-strength,31,-4,FALSE,FALSE,TRUE,TRUE,FALSE,FALSE,0.021932806295624704,8475200
2015021029,471,even-strength,78,0,FALSE,FALSE,TRUE,TRUE,TRUE,FALSE,0.14648475318128765,8477220
2015021029,475,even-strength,81,7,FALSE,FALSE,TRUE,TRUE,TRUE,FALSE,0.06990750337645096,8474291
2015021029,482,even-strength,75,3,FALSE,FALSE,TRUE,TRUE,TRUE,FALSE,0.3491910436256408,8474291
2015021029,496,even-strength,87,-29,FALSE,FALSE,TRUE,TRUE,TRUE,FALSE,0.019583555738923834,8468508
2015021029,610,even-strength,52,9,FALSE,FALSE,TRUE,FALSE,FALSE,FALSE,0,8471698
2015021029,612,even-strength,55,8,FALSE,FALSE,TRUE,FALSE,FALSE,FALSE,0,8473991
2015021029,613,even-strength,66,4,FALSE,FALSE,TRUE,FALSE,FALSE,FALSE,0,8471476
2015021029,616,even-strength,64,20,FALSE,FALSE,TRUE,FALSE,FALSE,FALSE,0,8466251
2015021029,618,even-strength,73,7,FALSE,FALSE,TRUE,TRUE,TRUE,FALSE,0.05653972463217329,8474291
2015021029,619,even-strength,35,2,FALSE,FALSE,TRUE,FALSE,FALSE,FALSE,0,8468498
2015021029,622,even-strength,65,-10,FALSE,FALSE,TRUE,TRUE,TRUE,FALSE,0.05942796020093089,8468508
2015021029,626,even-strength,76,7,FALSE,FALSE,TRUE,TRUE,FALSE,FALSE,0.08628889309635088,8468508
2015021029,633,even-strength,71,-3,FALSE,FALSE,TRUE,FALSE,FALSE,FALSE,0,8468508
2015021029,634,even-strength,48,30,FALSE,FALSE,TRUE,TRUE,FALSE,FALSE,0.061293225128580424,8471214
2015021029,635,even-strength,7,-31,FALSE,FALSE,TRUE,TRUE,TRUE,FALSE,0.015442987064083667,8471214
2015021059,50,even-strength,50,-29,FALSE,FALSE,TRUE,TRUE,TRUE,FALSE,0.019781795350100283,8476356
2015021059,56,penalty-kill,61,7,FALSE,FALSE,TRUE,FALSE,FALSE,FALSE,0,8476356
2015021059,62,even-strength,61,-1,FALSE,FALSE,TRUE,FALSE,FALSE,FALSE,0,8470755
2015021059,63,even-strength,73,12,FALSE,FALSE,TRUE,TRUE,TRUE,FALSE,0.04363525113549068,8471269
2015021059,65,even-strength,61,13,FALSE,FALSE,TRUE,TRUE,TRUE,FALSE,0.054188939116329576,8477407
2015021059,69,even-strength,74,1,FALSE,FALSE,TRUE,FALSE,FALSE,FALSE,0,8477503
2015021059,70,even-strength,67,16,FALSE,FALSE,TRUE,TRUE,FALSE,FALSE,0.03300394874907401,8470755
2015021059,73,even-strength,46,-27,FALSE,FALSE,TRUE,TRUE,TRUE,FALSE,0.013935820329741702,8474628
2015021059,80,even-strength,38,-26,FALSE,FALSE,TRUE,TRUE,TRUE,TRUE,0.017244403635054036,8474628
2015021059,84,even-strength,37,-32,FALSE,FALSE,TRUE,TRUE,TRUE,FALSE,0.00899299858100159,8471691
2015021059,88,even-strength,66,2,FALSE,FALSE,TRUE,FALSE,FALSE,FALSE,0,8468535
2015021059,90,even-strength,46,18,FALSE,FALSE,TRUE,FALSE,FALSE,FALSE,0,8477407
2015021059,91,even-strength,79,7,FALSE,FALSE,TRUE,TRUE,TRUE,FALSE,0.06701073272718887,8470159
2015021059,95,even-strength,63,12,FALSE,FALSE,TRUE,FALSE,FALSE,FALSE,0,8471269
2015021059,96,even-strength,35,24,FALSE,FALSE,TRUE,TRUE,FALSE,FALSE,0.012916092671698475,8475246
2015021059,98,even-strength,68,-14,FALSE,FALSE,TRUE,FALSE,FALSE,FALSE,0,8476473
2015021059,304,even-strength,73,14,FALSE,FALSE,TRUE,TRUE,FALSE,FALSE,0.043970041124245816,8470755
2015021059,305,even-strength,58,14,FALSE,FALSE,TRUE,TRUE,TRUE,FALSE,0.03605929481951553,8477503
2015021059,307,even-strength,65,12,FALSE,TRUE,TRUE,TRUE,TRUE,FALSE,0.1713412581287111,8476356
2015021059,308,even-strength,73,15,FALSE,FALSE,TRUE,TRUE,FALSE,FALSE,0.03778091257523366,8471691
2015021059,309,even-strength,61,-13,FALSE,FALSE,TRUE,TRUE,TRUE,FALSE,0.06863158890354744,8471691
2015021059,310,even-strength,56,-5,FALSE,FALSE,TRUE,FALSE,FALSE,FALSE,0,8474628
2015021059,321,even-strength,42,-24,FALSE,FALSE,TRUE,TRUE,FALSE,FALSE,0.014282869927418531,8469760
2015021059,333,even-strength,20,-24,FALSE,FALSE,TRUE,TRUE,TRUE,FALSE,0.007185979722265259,8474588
2015021059,339,power-play,44,21,FALSE,FALSE,TRUE,TRUE,TRUE,FALSE,0.0367798447887958,8475246
2015021059,341,power-play,62,12,FALSE,FALSE,TRUE,FALSE,FALSE,FALSE,0,8477503
2015021059,350,even-strength,57,17,FALSE,FALSE,TRUE,FALSE,FALSE,FALSE,0,8467338
2015021059,505,even-strength,75,-4,FALSE,FALSE,TRUE,TRUE,TRUE,FALSE,0.08204340641157815,8467338
2015021059,506,even-strength,39,-32,FALSE,FALSE,TRUE,TRUE,TRUE,FALSE,0.006942506003967721,8468535
2015021059,515,even-strength,43,27,FALSE,FALSE,TRUE,TRUE,FALSE,FALSE,0.017283004925960816,8476921
2015021059,518,even-strength,52,-4,FALSE,FALSE,TRUE,TRUE,FALSE,FALSE,0.04338272503951034,8476473
2015021059,521,even-strength,75,-11,FALSE,FALSE,TRUE,TRUE,FALSE,FALSE,0.06295286559003456,8476921
2015021059,523,even-strength,80,-9,FALSE,FALSE,TRUE,TRUE,TRUE,FALSE,0.07830036536189028,8470755
2015021059,524,even-strength,81,-5,FALSE,TRUE,TRUE,TRUE,TRUE,FALSE,0.24658603467360496,8470755
2015021059,527,even-strength,17,-25,FALSE,FALSE,TRUE,TRUE,TRUE,FALSE,0.005344759153288619,8469760
2015021059,529,even-strength,34,-31,FALSE,FALSE,TRUE,TRUE,TRUE,FALSE,0.009342099954064651,8476403
2015021059,532,even-strength,63,-16,FALSE,FALSE,TRUE,FALSE,FALSE,FALSE,0,8476473
2015021059,535,even-strength,64,-11,FALSE,FALSE,TRUE,FALSE,FALSE,FALSE,0,8474628
2015021059,541,even-strength,43,27,FALSE,FALSE,TRUE,FALSE,FALSE,FALSE,0,8475246
2015021059,556,even-strength,72,-2,FALSE,FALSE,TRUE,TRUE,TRUE,FALSE,0.09053860907470596,8476356
2015021059,557,even-strength,76,-3,TRUE,TRUE,TRUE,FALSE,FALSE,FALSE,0,8476473
2015021059,651,even-strength,72,-4,FALSE,FALSE,TRUE,FALSE,FALSE,FALSE,0,8476356
2015021059,652,even-strength,41,23,FALSE,FALSE,TRUE,TRUE,TRUE,FALSE,0.02012765022067311,8475246
2015021059,654,even-strength,-71,-2,FALSE,FALSE,TRUE,FALSE,FALSE,FALSE,0,8475246
2015021059,666,even-strength,42,18,FALSE,FALSE,TRUE,TRUE,FALSE,FALSE,0.02692309816188637,8475246
2015021059,673,even-strength,88,-30,FALSE,FALSE,TRUE,TRUE,TRUE,TRUE,0.016421035056861485,8462038
2015021069,10,even-strength,52,-38,FALSE,FALSE,TRUE,TRUE,FALSE,FALSE,0.00890649148847079,8471686
2015021069,11,even-strength,62,10,FALSE,FALSE,TRUE,TRUE,TRUE,FALSE,0.0371716273832772,8470854
2015021069,13,even-strength,76,-1,FALSE,FALSE,TRUE,TRUE,TRUE,FALSE,0.09018836583795602,8468575
2015021069,21,power-play,69,10,FALSE,FALSE,TRUE,FALSE,FALSE,FALSE,0,8475692
2015021069,22,power-play,57,15,FALSE,FALSE,TRUE,TRUE,TRUE,FALSE,0.07037594263573714,8473544
2015021069,23,power-play,34,-22,FALSE,FALSE,TRUE,TRUE,TRUE,FALSE,0.03258719447200029,8471735
2015021069,34,even-strength,75,18,TRUE,FALSE,TRUE,FALSE,FALSE,FALSE,0,8475184
2015021069,36,even-strength,26,0,FALSE,FALSE,TRUE,TRUE,TRUE,FALSE,0.010514580443643992,8474613
2015021069,43,even-strength,83,21,FALSE,FALSE,TRUE,TRUE,TRUE,FALSE,0.03440914280006671,8470041
2015021069,44,even-strength,75,0,FALSE,FALSE,TRUE,TRUE,FALSE,FALSE,0.12646359786442493,8471735
2015021069,45,even-strength,70,-5,FALSE,FALSE,TRUE,TRUE,FALSE,FALSE,0.058299615314459714,8470041
2015021069,201,even-strength,75,-9,FALSE,FALSE,TRUE,TRUE,FALSE,FALSE,0.07010324319493416,8476468
2015021069,209,even-strength,15,-1,FALSE,FALSE,TRUE,TRUE,TRUE,FALSE,0.009547321426292126,8470595
2015021069,211,even-strength,73,4,FALSE,FALSE,TRUE,TRUE,TRUE,FALSE,0.09984756518117385,8470630
2015021069,212,even-strength,62,9,FALSE,FALSE,TRUE,TRUE,TRUE,FALSE,0.04298953439346203,8468575
2015021069,213,even-strength,77,1,FALSE,FALSE,TRUE,TRUE,TRUE,FALSE,0.10743612599379891,8470854
2015021069,215,even-strength,79,-16,FALSE,FALSE,TRUE,TRUE,TRUE,FALSE,0.04938089688227812,8475855
2015021069,216,even-strength,42,-21,FALSE,FALSE,TRUE,FALSE,FALSE,FALSE,0,8471735
2015021069,233,even-strength,78,-3,TRUE,FALSE,TRUE,TRUE,FALSE,FALSE,0.17067758555551926,8470595
2015021069,241,even-strength,31,6,FALSE,FALSE,TRUE,TRUE,FALSE,FALSE,0.03203289937549232,8470630
2015021069,244,even-strength,87,8,FALSE,FALSE,TRUE,TRUE,TRUE,FALSE,0.05878163645260426,8473544
2015021069,249,even-strength,70,-15,TRUE,FALSE,TRUE,TRUE,TRUE,FALSE,0.05451705273321003,8474613
2015021069,407,even-strength,34,-35,FALSE,FALSE,TRUE,TRUE,TRUE,FALSE,0.006544801071741918,8467096
2015021069,408,even-strength,89,-7,FALSE,FALSE,TRUE,TRUE,TRUE,FALSE,0.14517420412038093,8475692
2015021069,411,even-strength,36,30,FALSE,FALSE,TRUE,FALSE,FALSE,FALSE,0,8470630
2015021069,419,even-strength,44,22,FALSE,FALSE,TRUE,TRUE,TRUE,FALSE,0.02029298722317618,8471686
2015021069,420,even-strength,63,7,FALSE,FALSE,TRUE,TRUE,FALSE,FALSE,0.06013654254645338,8471686
2015021069,421,even-strength,75,3,FALSE,FALSE,TRUE,TRUE,FALSE,FALSE,0.08175954690934407,8474613
2015021069,422,even-strength,70,-2,FALSE,FALSE,TRUE,FALSE,FALSE,FALSE,0,8471686
2015021069,423,even-strength,45,7,FALSE,FALSE,TRUE,FALSE,FALSE,FALSE,0,8475184
2015021069,426,even-strength,78,2,FALSE,FALSE,TRUE,FALSE,FALSE,FALSE,0,8471735
2015021069,431,even-strength,77,-10,TRUE,FALSE,TRUE,TRUE,TRUE,FALSE,0.09267967877201609,8470041
2015021069,433,even-strength,81,-7,FALSE,FALSE,TRUE,FALSE,FALSE,FALSE,0,8473537
2015021069,434,even-strength,83,20,FALSE,FALSE,TRUE,TRUE,TRUE,FALSE,0.0394696935276019,8471735
2015021069,441,even-strength,80,4,FALSE,FALSE,TRUE,TRUE,TRUE,TRUE,0.1092631751275619,8467096
2015021069,443,even-strength,75,25,FALSE,FALSE,TRUE,FALSE,FALSE,FALSE,0,8474613
2015021069,444,even-strength,80,-17,FALSE,FALSE,TRUE,TRUE,TRUE,FALSE,0.047434133992243055,8470854
2015021069,445,even-strength,71,-22,FALSE,FALSE,TRUE,TRUE,FALSE,FALSE,0.029617905166615246,8468575
2015021069,614,even-strength,64,12,FALSE,FALSE,TRUE,TRUE,TRUE,FALSE,0.0471357183327477,8470595
2015021069,631,even-strength,67,26,FALSE,FALSE,TRUE,FALSE,FALSE,FALSE,0,8475692
2015021069,636,even-strength,84,10,FALSE,FALSE,TRUE,TRUE,TRUE,FALSE,0.044158657807118376,8475855
2015021069,638,even-strength,71,33,FALSE,FALSE,TRUE,TRUE,FALSE,FALSE,0.018543167341585145,8475692
2015021069,640,even-strength,39,22,FALSE,FALSE,TRUE,FALSE,FALSE,FALSE,0,8474151
2015021069,644,power-play,30,24,FALSE,FALSE,TRUE,TRUE,TRUE,FALSE,0.0317160650872986,8471735
2015021069,645,power-play,53,-10,FALSE,FALSE,TRUE,TRUE,TRUE,FALSE,0.0704035332892652,8475692
2015021069,647,power-play,30,7,FALSE,FALSE,TRUE,TRUE,FALSE,FALSE,0.03865329910679824,8467096
2015021069,703,even-strength,71,25,FALSE,FALSE,TRUE,TRUE,FALSE,FALSE,0.0419225796714689,8475184
2015021069,704,even-strength,25,-32,FALSE,FALSE,TRUE,TRUE,FALSE,FALSE,0.004092985632368907,8470041
2015021069,709,even-strength,85,18,FALSE,FALSE,TRUE,FALSE,FALSE,FALSE,0,8475763
2015021069,712,even-strength,30,-28,FALSE,FALSE,TRUE,TRUE,TRUE,FALSE,0.007012657255613201,8474613
2015021069,715,even-strength,69,25,FALSE,FALSE,TRUE,FALSE,FALSE,FALSE,0,8473537
2015021069,716,even-strength,67,28,FALSE,FALSE,TRUE,FALSE,FALSE,FALSE,0,8470041
2015021069,718,even-strength,32,31,TRUE,FALSE,TRUE,TRUE,TRUE,FALSE,0.01571317351162326,8475763
2015021069,721,even-strength,81,-8,TRUE,FALSE,TRUE,FALSE,FALSE,FALSE,0,8471958
2015021069,722,even-strength,82,-17,FALSE,FALSE,TRUE,FALSE,FALSE,FALSE,0,8470854
2015021069,723,even-strength,70,-1,FALSE,FALSE,TRUE,FALSE,FALSE,FALSE,0,8473537
2015021098,9,even-strength,26,2,FALSE,FALSE,TRUE,TRUE,TRUE,FALSE,0.014746390385459284,8474125
2015021098,16,even-strength,71,9,FALSE,FALSE,TRUE,TRUE,TRUE,FALSE,0.07421793802934644,8470151
2015021098,20,even-strength,57,-20,FALSE,FALSE,TRUE,TRUE,TRUE,FALSE,0.04431826019284585,8470105
2015021098,22,even-strength,65,-7,FALSE,FALSE,TRUE,FALSE,FALSE,FALSE,0,8474627
2015021098,23,even-strength,41,34,FALSE,FALSE,TRUE,TRUE,TRUE,FALSE,0.012856746739769945,8474031
2015021098,29,even-strength,47,32,FALSE,FALSE,TRUE,TRUE,TRUE,FALSE,0.015292376964132335,8470655
2015021098,30,even-strength,63,-7,TRUE,FALSE,TRUE,FALSE,FALSE,FALSE,0,8470655
2015021098,33,even-strength,55,0,FALSE,FALSE,TRUE,TRUE,TRUE,FALSE,0.0870732112539771,8475765
2015021098,36,even-strength,42,19,FALSE,FALSE,TRUE,TRUE,FALSE,FALSE,0.02020706763006576,8476441
2015021098,37,even-strength,65,-9,FALSE,TRUE,TRUE,TRUE,FALSE,FALSE,0.16544244120967272,8475768
2015021098,38,even-strength,63,-17,FALSE,FALSE,TRUE,TRUE,FALSE,FALSE,0.037479353261367504,8471426
2015021098,39,even-strength,66,-1,FALSE,FALSE,TRUE,TRUE,FALSE,FALSE,0.05994557960308165,8471669
2015021098,41,even-strength,43,22,FALSE,FALSE,TRUE,FALSE,FALSE,FALSE,0,8470151
2015021098,43,even-strength,75,6,FALSE,FALSE,TRUE,FALSE,FALSE,FALSE,0,8470151
2015021098,251,even-strength,72,3,FALSE,FALSE,TRUE,FALSE,FALSE,FALSE,0,8473534
2015021098,267,penalty-kill,-35,20,FALSE,FALSE,TRUE,TRUE,TRUE,FALSE,0.0019390819244787532,8470151
2015021098,274,even-strength,51,17,FALSE,FALSE,TRUE,FALSE,FALSE,FALSE,0,8470105
2015021098,281,even-strength,49,23,FALSE,FALSE,TRUE,TRUE,TRUE,FALSE,0.03256944195667539,8470151
2015021098,286,even-strength,52,13,FALSE,FALSE,TRUE,FALSE,FALSE,FALSE,0,8474565
2015021098,401,even-strength,53,-20,FALSE,FALSE,TRUE,TRUE,TRUE,FALSE,0.030029383821236853,8474031
2015021098,403,even-strength,54,-17,FALSE,FALSE,TRUE,FALSE,FALSE,FALSE,0,8475765
2015021098,406,power-play,78,4,FALSE,FALSE,TRUE,TRUE,TRUE,FALSE,0.08337453672173442,8474565
2015021098,407,power-play,68,-16,FALSE,FALSE,TRUE,FALSE,FALSE,FALSE,0,8476892
2015021098,408,power-play,75,-8,FALSE,FALSE,TRUE,TRUE,TRUE,FALSE,0.08367450437724096,8476892
2015021098,409,power-play,78,-8,FALSE,TRUE,TRUE,TRUE,TRUE,FALSE,0.24655671730376164,8476892
2015021098,410,even-strength,52,-35,FALSE,FALSE,TRUE,TRUE,FALSE,FALSE,0.028988850783252727,8474627
2015021098,411,even-strength,28,3,FALSE,FALSE,TRUE,TRUE,TRUE,FALSE,0.015991324079963107,8470803
2015021098,413,even-strength,81,4,FALSE,FALSE,TRUE,TRUE,TRUE,FALSE,0.1252118889578867,8471669
2015021098,414,even-strength,57,-35,FALSE,FALSE,TRUE,TRUE,TRUE,FALSE,0.013920675527371565,8473534
2015021098,425,even-strength,51,24,TRUE,FALSE,TRUE,TRUE,FALSE,FALSE,0.05132012825066843,8471426
2015021098,426,even-strength,63,-7,FALSE,FALSE,TRUE,FALSE,FALSE,FALSE,0,8473534
2015021098,427,even-strength,56,27,FALSE,FALSE,TRUE,TRUE,TRUE,FALSE,0.02716865120463506,8470105
2015021098,431,power-play,46,25,FALSE,FALSE,TRUE,TRUE,TRUE,FALSE,0.043985320995660916,8476892
2015021098,434,power-play,54,9,FALSE,FALSE,TRUE,FALSE,FALSE,FALSE,0,8474031
2015021098,436,even-strength,66,-5,FALSE,FALSE,TRUE,TRUE,TRUE,FALSE,0.11969404369788153,8471426
2015021098,440,even-strength,60,-10,FALSE,FALSE,TRUE,FALSE,FALSE,FALSE,0,8476436
2015021098,441,even-strength,43,-16,FALSE,FALSE,TRUE,TRUE,TRUE,FALSE,0.02521118762547109,8474031
2015021098,442,even-strength,48,17,FALSE,FALSE,TRUE,TRUE,TRUE,FALSE,0.02668811573791006,8477952
2015021098,443,even-strength,82,21,TRUE,FALSE,TRUE,FALSE,FALSE,FALSE,0,8477952
2015021098,446,even-strength,82,-9,FALSE,FALSE,TRUE,TRUE,TRUE,TRUE,0.09887053008933591,8477952
2015021098,448,even-strength,40,21,FALSE,FALSE,TRUE,TRUE,TRUE,FALSE,0.013270509113787965,8476441
2015021098,602,even-strength,68,18,FALSE,FALSE,TRUE,TRUE,TRUE,FALSE,0.05699255701319205,8476436
2015021098,603,even-strength,80,3,FALSE,FALSE,TRUE,TRUE,TRUE,FALSE,0.0774276244500372,8476436
2015021118,12,even-strength,70,4,FALSE,FALSE,TRUE,TRUE,TRUE,FALSE,0.08420231332138857,8474098
2015021118,17,even-strength,70,28,FALSE,FALSE,TRUE,FALSE,FALSE,FALSE,0,8477406
2015021118,18,even-strength,85,-8,FALSE,FALSE,TRUE,FALSE,FALSE,FALSE,0,8469455
2015021118,24,even-strength,47,-36,FALSE,FALSE,TRUE,TRUE,TRUE,FALSE,0.01771769848170079,8469466
2015021118,26,power-play,30,34,FALSE,FALSE,TRUE,TRUE,FALSE,FALSE,0.04310328581209046,8469544
2015021118,29,power-play,73,-1,FALSE,FALSE,TRUE,TRUE,TRUE,FALSE,0.11152645249887877,8475236
2015021118,32,even-strength,31,-36,FALSE,FALSE,TRUE,TRUE,FALSE,FALSE,0.003970466495640519,8473994
2015021118,43,even-strength,55,27,FALSE,FALSE,TRUE,FALSE,FALSE,FALSE,0,8477406
2015021118,301,even-strength,31,-14,TRUE,FALSE,TRUE,TRUE,TRUE,TRUE,0.02710691670108019,8477406
2015021118,305,even-strength,70,-15,FALSE,FALSE,TRUE,FALSE,FALSE,FALSE,0,8475730
2015021118,309,even-strength,69,1,FALSE,FALSE,TRUE,TRUE,FALSE,FALSE,0.07984694516740051,8469455
2015021118,313,even-strength,75,-4,FALSE,FALSE,TRUE,TRUE,TRUE,FALSE,0.10104366642847283,8469544
2015021118,314,even-strength,75,9,FALSE,FALSE,TRUE,FALSE,FALSE,FALSE,0,8475747
2015021118,322,even-strength,74,26,FALSE,FALSE,TRUE,TRUE,TRUE,FALSE,0.028086280098038506,8474098
2015021118,323,even-strength,76,-5,FALSE,FALSE,TRUE,TRUE,TRUE,FALSE,0.1328181064072612,8474098
2015021118,328,even-strength,82,-27,FALSE,FALSE,TRUE,TRUE,FALSE,FALSE,0.04762280047785072,8469544
2015021118,331,even-strength,31,9,FALSE,FALSE,TRUE,TRUE,TRUE,FALSE,0.029661565768388076,8471274
2015021118,338,even-strength,64,-1,FALSE,FALSE,TRUE,FALSE,FALSE,FALSE,0,8475236
2015021118,339,even-strength,70,2,FALSE,FALSE,TRUE,TRUE,TRUE,TRUE,0.052088612418665144,8477406
2015021118,341,even-strength,82,-10,FALSE,FALSE,TRUE,TRUE,FALSE,FALSE,0.08465378923680802,8469759
2015021118,502,even-strength,29,8,FALSE,FALSE,TRUE,TRUE,FALSE,FALSE,0.014455442284224723,8475906
2015021118,503,even-strength,42,-35,FALSE,FALSE,TRUE,TRUE,TRUE,FALSE,0.011909482912210185,8469455
2015021118,505,even-strength,30,5,FALSE,FALSE,TRUE,TRUE,TRUE,FALSE,0.011246811531854637,8469466
2015021118,511,even-strength,77,-29,FALSE,FALSE,TRUE,FALSE,FALSE,FALSE,0,8469455
2015021118,519,power-play,79,4,FALSE,FALSE,TRUE,TRUE,TRUE,FALSE,0.10521332764287732,8470622
2015021118,520,power-play,58,33,FALSE,FALSE,TRUE,TRUE,TRUE,TRUE,0.06363895758486725,8469544
2015021118,522,even-strength,36,-29,FALSE,FALSE,TRUE,TRUE,TRUE,FALSE,0.009131118438159759,8476889
2015021118,523,even-strength,46,37,FALSE,FALSE,TRUE,TRUE,FALSE,FALSE,0.012472968684919284,8471274
2015021118,651,power-play,70,10,FALSE,FALSE,TRUE,TRUE,TRUE,FALSE,0.13342527853058841,8473994
2015021118,665,even-strength,54,-15,FALSE,FALSE,TRUE,FALSE,FALSE,FALSE,0,8470622
2015021118,673,even-strength,62,-16,FALSE,FALSE,TRUE,TRUE,TRUE,FALSE,0.05130018649850473,8475236
2015021118,695,even-strength,67,-14,FALSE,FALSE,TRUE,TRUE,FALSE,FALSE,0.09166295578546038,8474849
2015021139,7,even-strength,76,-3,FALSE,FALSE,TRUE,FALSE,FALSE,FALSE,0,8474563
2015021139,8,even-strength,73,-8,FALSE,FALSE,TRUE,FALSE,FALSE,FALSE,0,8473473
2015021139,13,even-strength,56,27,FALSE,FALSE,TRUE,TRUE,TRUE,FALSE,0.028883893263963394,8476404
2015021139,15,even-strength,70,17,TRUE,FALSE,TRUE,TRUE,TRUE,FALSE,0.08004601132045921,8471685
2015021139,17,even-strength,41,3,FALSE,FALSE,TRUE,TRUE,TRUE,FALSE,0.042609560238907114,8476871
2015021139,19,even-strength,49,-29,FALSE,FALSE,TRUE,FALSE,FALSE,FALSE,0,8474166
2015021139,20,even-strength,84,-7,FALSE,FALSE,TRUE,TRUE,TRUE,FALSE,0.06768198672617058,8473453
2015021139,22,power-play,70,-1,FALSE,FALSE,TRUE,TRUE,TRUE,FALSE,0.12763828759898987,8470604
2015021139,23,power-play,55,-29,FALSE,FALSE,TRUE,TRUE,TRUE,FALSE,0.050235610550440644,8474563
2015021139,24,power-play,66,-27,FALSE,FALSE,TRUE,TRUE,TRUE,TRUE,0.05339743614399749,8467329
2015021139,28,even-strength,57,-20,FALSE,FALSE,TRUE,TRUE,TRUE,FALSE,0.036833429529062246,8473453
2015021139,31,even-strength,74,-2,FALSE,FALSE,TRUE,FALSE,FALSE,FALSE,0,8474166
2015021139,32,even-strength,69,-5,TRUE,FALSE,TRUE,TRUE,TRUE,FALSE,0.1331353315014435,8475726
2015021139,41,power-play,70,7,FALSE,FALSE,TRUE,FALSE,FALSE,FALSE,0,8467329
2015021139,49,even-strength,59,33,FALSE,FALSE,TRUE,FALSE,FALSE,FALSE,0,8476871
2015021139,50,even-strength,51,25,TRUE,FALSE,TRUE,TRUE,FALSE,FALSE,0.023829104343964323,8476404
2015021139,352,even-strength,80,-27,FALSE,FALSE,TRUE,FALSE,FALSE,FALSE,0,8470604
2015021139,373,even-strength,80,8,FALSE,FALSE,TRUE,TRUE,TRUE,FALSE,0.055863017822788005,8473453
2015021139,374,even-strength,68,-7,FALSE,FALSE,TRUE,TRUE,FALSE,FALSE,0.04991388054120648,8467329
2015021139,376,even-strength,79,1,TRUE,FALSE,TRUE,TRUE,TRUE,FALSE,0.21622467418198937,8475160
2015021139,381,even-strength,14,36,FALSE,FALSE,TRUE,TRUE,TRUE,FALSE,0.0033138435006204634,8474162
2015021139,382,even-strength,84,-8,FALSE,FALSE,TRUE,TRUE,TRUE,FALSE,0.0701196308680884,8473453
2015021139,387,even-strength,82,-7,FALSE,FALSE,TRUE,FALSE,FALSE,FALSE,0,8476871
2015021139,389,power-play,67,20,FALSE,FALSE,TRUE,TRUE,TRUE,FALSE,0.0683530082147618,8470604
2015021139,392,power-play,46,14,FALSE,FALSE,TRUE,TRUE,TRUE,FALSE,0.0451276585830328,8475188
2015021139,393,power-play,73,5,FALSE,FALSE,TRUE,FALSE,FALSE,FALSE,0,8474166
2015021139,395,even-strength,69,14,TRUE,FALSE,TRUE,FALSE,FALSE,FALSE,0,8467329
2015021139,396,even-strength,75,-12,FALSE,FALSE,TRUE,FALSE,FALSE,FALSE,0,8474563
2015021139,399,even-strength,67,-34,TRUE,FALSE,TRUE,TRUE,TRUE,FALSE,0.03679155765920418,8470606
2015021139,452,even-strength,30,28,TRUE,FALSE,TRUE,TRUE,FALSE,FALSE,0.012693289128727228,8467452
2015021139,456,even-strength,64,14,FALSE,FALSE,TRUE,FALSE,FALSE,FALSE,0,8474162
2015021139,459,even-strength,79,-9,FALSE,FALSE,TRUE,TRUE,TRUE,FALSE,0.08915245008163734,8470604
2015021139,460,even-strength,81,8,FALSE,FALSE,TRUE,TRUE,TRUE,FALSE,0.07943773391450251,8475726
2015021139,461,even-strength,68,-34,FALSE,FALSE,TRUE,TRUE,FALSE,FALSE,0.01786831907235066,8473473
2015021139,462,even-strength,60,-14,FALSE,FALSE,TRUE,TRUE,TRUE,TRUE,0.034051442691131265,8467329
2015021139,467,even-strength,63,6,FALSE,FALSE,TRUE,TRUE,FALSE,FALSE,0.06391559437238135,8475726
2015021139,468,even-strength,62,-13,FALSE,FALSE,TRUE,TRUE,TRUE,FALSE,0.0418124269553976,8470604
2015021139,471,even-strength,67,19,TRUE,FALSE,TRUE,TRUE,TRUE,FALSE,0.09569822318318169,8473453
2015021139,472,even-strength,29,30,TRUE,FALSE,TRUE,TRUE,TRUE,FALSE,0.009776428334671437,8475188
2015021139,473,even-strength,45,25,FALSE,FALSE,TRUE,FALSE,FALSE,FALSE,0,8474162
2015021139,474,even-strength,65,21,FALSE,FALSE,TRUE,FALSE,FALSE,FALSE,0,8473473
2015021139,475,even-strength,46,-27,FALSE,FALSE,TRUE,TRUE,TRUE,FALSE,0.015654642248682366,8475726
2015021139,477,even-strength,68,32,FALSE,FALSE,TRUE,TRUE,TRUE,FALSE,0.020689831022072384,8470604
2015021139,488,even-strength,69,-21,FALSE,FALSE,TRUE,FALSE,FALSE,FALSE,0,8474100
2015021139,489,even-strength,61,-18,FALSE,FALSE,TRUE,TRUE,FALSE,FALSE,0.04523144037111514,8475726
2015021139,490,even-strength,67,1,FALSE,FALSE,TRUE,FALSE,FALSE,FALSE,0,8474162
2015021139,491,even-strength,32,32,FALSE,FALSE,TRUE,TRUE,FALSE,FALSE,0.00656580647334828,8474166
2015021139,493,even-strength,51,-18,FALSE,FALSE,TRUE,TRUE,TRUE,FALSE,0.02906704038629717,8476871
2015021139,654,even-strength,64,38,FALSE,FALSE,TRUE,TRUE,TRUE,FALSE,0.020784369636186968,8475160
2015021139,658,even-strength,70,-1,FALSE,FALSE,TRUE,FALSE,FALSE,FALSE,0,8471685
2015021139,659,even-strength,68,-8,TRUE,FALSE,TRUE,TRUE,TRUE,FALSE,0.1428233109553407,8474563
2015021139,660,even-strength,77,3,FALSE,FALSE,TRUE,FALSE,FALSE,FALSE,0,8471685
2015021139,661,even-strength,35,33,FALSE,FALSE,TRUE,TRUE,TRUE,FALSE,0.009499798363966886,8475188
2015021139,662,even-strength,70,9,FALSE,FALSE,TRUE,FALSE,FALSE,FALSE,0,8475188
2015021139,664,even-strength,34,-28,FALSE,FALSE,TRUE,TRUE,TRUE,FALSE,0.012145120803488072,8474568
2015021139,665,even-strength,33,37,TRUE,FALSE,TRUE,TRUE,TRUE,FALSE,0.016604229355028137,8467452
2015021139,666,even-strength,62,-17,FALSE,FALSE,TRUE,TRUE,FALSE,FALSE,0.03974667909859024,8475726
2015021139,667,even-strength,60,-10,FALSE,FALSE,TRUE,FALSE,FALSE,FALSE,0,8470604
2015021139,668,even-strength,65,-15,FALSE,FALSE,TRUE,FALSE,FALSE,FALSE,0,8474568
2015021139,670,even-strength,73,15,FALSE,FALSE,TRUE,FALSE,FALSE,FALSE,0,8476404
2015021139,671,even-strength,70,19,FALSE,FALSE,TRUE,FALSE,FALSE,FALSE,0,8474162
2015021139,678,even-strength,82,-25,FALSE,FALSE,TRUE,FALSE,FALSE,FALSE,0,8470604
2015021139,679,even-strength,33,-30,FALSE,FALSE,TRUE,TRUE,TRUE,FALSE,0.007447362163012924,8474568
2015021139,680,even-strength,71,19,FALSE,FALSE,TRUE,FALSE,FALSE,FALSE,0,8475160
2015021139,681,even-strength,48,14,FALSE,FALSE,TRUE,TRUE,FALSE,FALSE,0.024018182072491664,8475160
2015021139,682,even-strength,71,0,FALSE,FALSE,TRUE,TRUE,FALSE,FALSE,0.07729075357540514,8475160
2015021139,686,even-strength,84,-6,FALSE,FALSE,TRUE,FALSE,FALSE,FALSE,0,8473473
2015021139,687,even-strength,55,-5,FALSE,FALSE,TRUE,TRUE,TRUE,FALSE,0.033253812187115095,8470604
2015021139,689,even-strength,49,-22,FALSE,FALSE,TRUE,FALSE,FALSE,FALSE,0,8474162
2015021139,700,even-strength,75,-3,FALSE,FALSE,TRUE,FALSE,FALSE,FALSE,0,8475160
2015021161,8,even-strength,57,5,FALSE,FALSE,TRUE,FALSE,FALSE,FALSE,0,8475770
2015021161,9,even-strength,47,36,FALSE,FALSE,TRUE,TRUE,TRUE,FALSE,0.009009360042749716,8477018
2015021161,11,even-strength,55,-31,FALSE,FALSE,TRUE,TRUE,TRUE,FALSE,0.02055614016129066,8471498
2015021161,12,even-strength,73,12,FALSE,TRUE,TRUE,TRUE,TRUE,TRUE,0.21408513089561598,8467875
2015021161,15,even-strength,55,-26,FALSE,FALSE,TRUE,FALSE,FALSE,FALSE,0,8470358
2015021161,18,even-strength,52,30,TRUE,FALSE,TRUE,TRUE,FALSE,FALSE,0.048326640597055076,8467875
2015021161,20,even-strength,63,1,FALSE,FALSE,TRUE,TRUE,FALSE,FALSE,0.07089532144375961,8477997
2015021161,21,even-strength,58,11,FALSE,FALSE,TRUE,TRUE,TRUE,FALSE,0.03892618020897489,8470358
2015021161,22,even-strength,47,-21,FALSE,FALSE,TRUE,TRUE,FALSE,FALSE,0.03966912005578649,8477018
2015021161,27,even-strength,48,22,FALSE,FALSE,TRUE,FALSE,FALSE,FALSE,0,8469465
2015021161,28,even-strength,52,-13,FALSE,FALSE,TRUE,FALSE,FALSE,FALSE,0,8475770
2015021161,39,even-strength,55,25,FALSE,FALSE,TRUE,TRUE,TRUE,FALSE,0.023406759780342536,8470358
2015021161,40,even-strength,37,33,FALSE,FALSE,TRUE,TRUE,FALSE,FALSE,0.011193446919342877,8474749
2015021161,42,even-strength,49,25,FALSE,FALSE,TRUE,FALSE,FALSE,FALSE,0,8477955
2015021161,44,even-strength,80,0,TRUE,FALSE,TRUE,TRUE,TRUE,TRUE,0.231041479835289,8477500
2015021161,48,power-play,86,21,FALSE,FALSE,TRUE,TRUE,TRUE,FALSE,0.05882621773600419,8476466
2015021161,49,power-play,40,3,FALSE,FALSE,TRUE,TRUE,FALSE,FALSE,0.04094777787057645,8469465
2015021161,50,power-play,37,-7,FALSE,FALSE,TRUE,TRUE,TRUE,FALSE,0.051718738955427335,8469465
2015021161,203,power-play,39,20,FALSE,FALSE,TRUE,TRUE,TRUE,FALSE,0.034954950255807665,8477018
2015021161,204,power-play,39,33,FALSE,FALSE,TRUE,TRUE,FALSE,FALSE,0.03243751136115604,8477018
2015021161,216,even-strength,51,33,FALSE,FALSE,TRUE,TRUE,TRUE,FALSE,0.016124066528427555,8474749
2015021161,236,even-strength,44,6,FALSE,FALSE,TRUE,TRUE,TRUE,FALSE,0.02732729346399199,8476440
2015021161,239,penalty-kill,80,4,FALSE,FALSE,TRUE,TRUE,TRUE,FALSE,0.2488306232541582,8470358
2015021161,240,penalty-kill,93,15,FALSE,TRUE,TRUE,TRUE,TRUE,FALSE,0.1435865486469373,8476867
2015021161,244,even-strength,38,-33,FALSE,FALSE,TRUE,FALSE,FALSE,FALSE,0,8467876
2015021161,250,power-play,72,0,FALSE,FALSE,TRUE,TRUE,TRUE,FALSE,0.10322964486471078,8467875
2015021161,401,power-play,75,0,FALSE,TRUE,TRUE,TRUE,TRUE,FALSE,0.33728349807195557,8467876
2015021161,402,power-play,73,3,FALSE,FALSE,TRUE,TRUE,FALSE,FALSE,0.11571870185102338,8470358
2015021161,403,power-play,78,-21,FALSE,FALSE,TRUE,TRUE,TRUE,FALSE,0.07913262479264674,8467876
2015021161,404,power-play,79,0,FALSE,FALSE,TRUE,TRUE,TRUE,FALSE,0.15553317257038918,8475223
2015021161,406,power-play,73,-1,FALSE,FALSE,TRUE,TRUE,FALSE,FALSE,0.1117963528357058,8476440
2015021161,410,even-strength,74,-3,FALSE,FALSE,TRUE,TRUE,TRUE,FALSE,0.14027765638065967,8475770
2015021161,411,even-strength,55,4,FALSE,FALSE,TRUE,FALSE,FALSE,FALSE,0,8474749
2015021161,412,even-strength,74,-5,FALSE,FALSE,TRUE,TRUE,FALSE,FALSE,0.07636155258024208,8475770
2015021161,422,even-strength,75,-1,FALSE,FALSE,TRUE,FALSE,FALSE,FALSE,0,8477018
2015021161,423,even-strength,87,35,FALSE,FALSE,TRUE,TRUE,TRUE,FALSE,0.01873563800483386,8476867
2015021161,427,even-strength,74,9,FALSE,FALSE,TRUE,FALSE,FALSE,FALSE,0,8474749
2015021161,428,even-strength,63,3,FALSE,FALSE,TRUE,FALSE,FALSE,FALSE,0,8477500
2015021161,433,even-strength,31,12,FALSE,FALSE,TRUE,TRUE,FALSE,FALSE,0.03532037796263317,8477018
2015021161,437,even-strength,41,-14,FALSE,FALSE,TRUE,FALSE,FALSE,FALSE,0,8477997
2015021161,446,power-play,73,1,FALSE,FALSE,TRUE,TRUE,FALSE,FALSE,0.18331360309692815,8473415
2015021161,448,even-strength,77,5,FALSE,FALSE,TRUE,FALSE,FALSE,FALSE,0,8470274
2015021161,449,even-strength,73,14,FALSE,FALSE,TRUE,FALSE,FALSE,FALSE,0,8477955
2015021161,601,even-strength,17,37,FALSE,FALSE,TRUE,TRUE,TRUE,FALSE,0.006559716025660581,8467876
2015021161,603,even-strength,54,20,FALSE,FALSE,TRUE,FALSE,FALSE,FALSE,0,8470274
2015021161,604,even-strength,67,-21,FALSE,FALSE,TRUE,FALSE,FALSE,FALSE,0,8475770
2015021161,606,even-strength,69,37,FALSE,FALSE,TRUE,FALSE,FALSE,FALSE,0,8474749
2015021161,607,even-strength,47,-26,FALSE,FALSE,TRUE,FALSE,FALSE,FALSE,0,8473415
2015021161,609,even-strength,50,21,FALSE,FALSE,TRUE,FALSE,FALSE,FALSE,0,8477018
2015021161,610,even-strength,75,1,FALSE,FALSE,TRUE,TRUE,TRUE,FALSE,0.21492275417329507,8477500
2015021161,614,even-strength,43,2,TRUE,FALSE,TRUE,TRUE,TRUE,FALSE,0.0620389331050619,8467875
2015021161,616,even-strength,62,7,FALSE,FALSE,TRUE,TRUE,TRUE,FALSE,0.0519636036198557,8476440
2015021161,635,even-strength,65,-16,FALSE,FALSE,TRUE,TRUE,TRUE,TRUE,0.05648925184686207,8471498
2015021161,638,even-strength,37,33,FALSE,FALSE,TRUE,TRUE,FALSE,FALSE,0.011277788335984033,8474749
2015021161,640,even-strength,89,-10,FALSE,FALSE,TRUE,TRUE,TRUE,FALSE,0.0730878199716044,8477500
2015021214,14,even-strength,29,-6,TRUE,FALSE,TRUE,TRUE,TRUE,FALSE,0.01789128205714027,8474074
2015021214,16,even-strength,49,-19,FALSE,FALSE,TRUE,FALSE,FALSE,FALSE,0,8470834
2015021214,17,even-strength,54,15,FALSE,FALSE,TRUE,FALSE,FALSE,FALSE,0,8470614
2015021214,18,even-strength,58,-8,FALSE,FALSE,TRUE,FALSE,FALSE,FALSE,0,8469501
2015021214,19,even-strength,61,-4,FALSE,FALSE,TRUE,TRUE,FALSE,FALSE,0.049486457523457546,8479293
2015021214,21,even-strength,87,25,FALSE,FALSE,TRUE,TRUE,FALSE,FALSE,0.027645284228207057,8475788
2015021214,23,even-strength,77,-11,FALSE,FALSE,TRUE,TRUE,TRUE,FALSE,0.10891927351499718,8477940
2015021214,24,even-strength,78,-12,FALSE,FALSE,TRUE,TRUE,TRUE,FALSE,0.06039708412245057,8469501
2015021214,26,even-strength,79,-6,FALSE,FALSE,TRUE,FALSE,FALSE,FALSE,0,8476392
2015021214,32,even-strength,85,-14,FALSE,FALSE,TRUE,TRUE,TRUE,FALSE,0.0594839006328242,8477429
2015021214,33,even-strength,87,6,FALSE,FALSE,TRUE,FALSE,FALSE,FALSE,0,8476469
2015021214,38,even-strength,51,1,FALSE,FALSE,TRUE,TRUE,TRUE,FALSE,0.029040371694016357,8477448
2015021214,40,even-strength,71,2,FALSE,FALSE,TRUE,TRUE,TRUE,FALSE,0.1041822848638808,8475788
2015021214,41,even-strength,71,-7,FALSE,FALSE,TRUE,FALSE,FALSE,FALSE,0,8477429
2015021214,211,even-strength,34,33,FALSE,FALSE,TRUE,TRUE,TRUE,FALSE,0.007059122807389952,8470614
2015021214,213,even-strength,81,-8,FALSE,FALSE,TRUE,FALSE,FALSE,FALSE,0,8479293
2015021214,214,even-strength,77,1,FALSE,FALSE,TRUE,TRUE,TRUE,FALSE,0.12481890296315275,8476392
2015021214,218,power-play,71,-29,FALSE,FALSE,TRUE,TRUE,TRUE,FALSE,0.04367963422672127,8476885
2015021214,220,power-play,75,-35,FALSE,FALSE,TRUE,TRUE,FALSE,FALSE,0.03782548998333324,8475788
2015021214,222,power-play,34,25,FALSE,FALSE,TRUE,TRUE,TRUE,FALSE,0.03280145158593275,8470834
2015021214,225,even-strength,41,-11,FALSE,FALSE,TRUE,FALSE,FALSE,FALSE,0,8476885
2015021214,232,even-strength,73,3,FALSE,FALSE,TRUE,TRUE,TRUE,FALSE,0.17508906414118328,8477940
2015021214,235,even-strength,53,24,FALSE,FALSE,TRUE,FALSE,FALSE,FALSE,0,8475815
2015021214,237,power-play,87,14,FALSE,FALSE,TRUE,TRUE,TRUE,TRUE,0.07108654353704646,8476460
2015021214,250,even-strength,51,-2,FALSE,FALSE,TRUE,FALSE,FALSE,FALSE,0,8475279
2015021214,403,penalty-kill,68,5,TRUE,FALSE,TRUE,FALSE,FALSE,FALSE,0,8470834
2015021214,409,even-strength,51,-22,FALSE,FALSE,TRUE,TRUE,FALSE,FALSE,0.020017920036662428,8476460
2015021214,411,even-strength,35,31,FALSE,FALSE,TRUE,TRUE,TRUE,FALSE,0.009741580034662042,8475815
2015021214,414,even-strength,79,1,FALSE,FALSE,TRUE,TRUE,TRUE,TRUE,0.15196639507985135,8477429
2015021214,416,even-strength,79,1,FALSE,FALSE,TRUE,TRUE,TRUE,TRUE,0.1826078436941684,8471218
2015021214,418,even-strength,84,18,FALSE,FALSE,TRUE,TRUE,TRUE,FALSE,0.03285455690865779,8471218
2015021214,429,even-strength,77,0,FALSE,FALSE,TRUE,TRUE,FALSE,FALSE,0.16874101346801554,8471218
2015021214,430,even-strength,64,12,FALSE,FALSE,TRUE,TRUE,FALSE,FALSE,0.03887902745707329,8476460
2015021214,435,even-strength,39,34,FALSE,FALSE,TRUE,TRUE,TRUE,FALSE,0.014211726514224211,8475815
2015021214,437,even-strength,68,-9,FALSE,FALSE,TRUE,TRUE,TRUE,FALSE,0.06156015897354706,8475788
2015021214,438,even-strength,63,21,TRUE,FALSE,TRUE,FALSE,FALSE,FALSE,0,8475815
2015021214,439,even-strength,80,-3,FALSE,FALSE,TRUE,TRUE,TRUE,FALSE,0.13205416674840134,8476460
2015021214,444,even-strength,61,33,FALSE,FALSE,TRUE,TRUE,TRUE,FALSE,0.0236781315196901,8475788
2015021214,449,even-strength,83,7,FALSE,FALSE,TRUE,FALSE,FALSE,FALSE,0,8471218
2015021214,601,even-strength,67,8,TRUE,FALSE,TRUE,TRUE,FALSE,FALSE,0.12151257413446294,8476392
2015021214,602,even-strength,74,1,FALSE,FALSE,TRUE,FALSE,FALSE,FALSE,0,8469501
2015021214,603,even-strength,59,5,FALSE,FALSE,TRUE,TRUE,TRUE,FALSE,0.056774886333104964,8471226
2015021214,606,even-strength,84,-8,FALSE,FALSE,TRUE,TRUE,TRUE,FALSE,0.06107880539573998,8477429
2015021214,607,even-strength,32,-27,FALSE,FALSE,TRUE,TRUE,TRUE,FALSE,0.009766476075082593,8470834
2015021214,609,power-play,52,-24,TRUE,FALSE,TRUE,TRUE,TRUE,FALSE,0.06799265747069418,8477940
2015021214,610,power-play,80,0,TRUE,TRUE,TRUE,TRUE,TRUE,TRUE,0.42077811543477867,8476460
2015021214,614,even-strength,87,-24,FALSE,FALSE,TRUE,TRUE,FALSE,FALSE,0.05212484269135649,8477940
2015021214,616,even-strength,75,29,FALSE,FALSE,TRUE,FALSE,FALSE,FALSE,0,8479293
2015021214,631,even-strength,74,1,FALSE,FALSE,TRUE,TRUE,TRUE,TRUE,0.13442357463357563,8470834
2015021230,7,even-strength,84,37,FALSE,FALSE,TRUE,TRUE,TRUE,FALSE,0.013488882760130761,8477503
2015021230,9,even-strength,76,-11,FALSE,FALSE,TRUE,FALSE,FALSE,FALSE,0,8476921
2015021230,10,even-strength,72,33,FALSE,FALSE,TRUE,TRUE,TRUE,FALSE,0.02035116377785478,8471231
2015021230,11,even-strength,79,0,FALSE,TRUE,TRUE,TRUE,TRUE,FALSE,0.3336967368041421,8470159
2015021230,19,power-play,49,5,FALSE,FALSE,TRUE,TRUE,TRUE,FALSE,0.049342973751675054,8475171
2015021230,20,power-play,81,5,FALSE,FALSE,TRUE,TRUE,FALSE,FALSE,0.10451929422185303,8476921
2015021230,22,power-play,41,29,FALSE,FALSE,TRUE,TRUE,TRUE,FALSE,0.031398487706983245,8475246
2015021230,27,even-strength,55,28,FALSE,FALSE,TRUE,TRUE,TRUE,FALSE,0.021354691178895126,8468535
2015021230,204,penalty-kill,60,1,FALSE,FALSE,TRUE,FALSE,FALSE,FALSE,0,8470755
2015021230,205,penalty-kill,53,1,FALSE,FALSE,TRUE,TRUE,TRUE,FALSE,0.06278814381815466,8477503
2015021230,206,penalty-kill,25,15,FALSE,FALSE,TRUE,TRUE,TRUE,FALSE,0.006201676987181484,8475246
2015021230,208,even-strength,45,12,FALSE,FALSE,TRUE,TRUE,TRUE,FALSE,0.024126355309105445,8475171
2015021230,209,even-strength,67,31,FALSE,FALSE,TRUE,TRUE,TRUE,FALSE,0.015713455563040813,8470755
2015021230,220,even-strength,58,20,FALSE,FALSE,TRUE,FALSE,FALSE,FALSE,0,8475171
2015021230,227,even-strength,35,-28,FALSE,FALSE,TRUE,TRUE,TRUE,FALSE,0.012839365761208232,8476473
2015021230,228,even-strength,42,-25,TRUE,FALSE,TRUE,FALSE,FALSE,FALSE,0,8477460
2015021230,229,even-strength,40,16,FALSE,FALSE,TRUE,TRUE,FALSE,FALSE,0.022449740812472044,8475171
2015021230,230,even-strength,61,29,FALSE,FALSE,TRUE,FALSE,FALSE,FALSE,0,8475171
2015021230,234,even-strength,-21,-27,FALSE,FALSE,TRUE,TRUE,TRUE,FALSE,7.258389331395741e-4,8469760
2015021230,238,power-play,49,-18,FALSE,FALSE,TRUE,TRUE,FALSE,FALSE,0.04201581330031379,8475171
2015021230,239,power-play,57,1,FALSE,FALSE,TRUE,FALSE,FALSE,FALSE,0,8467338
2015021230,240,power-play,82,0,FALSE,FALSE,TRUE,TRUE,TRUE,FALSE,0.16874650767063398,8477407
2015021230,241,even-strength,57,8,TRUE,FALSE,TRUE,FALSE,FALSE,FALSE,0,8477460
2015021230,248,even-strength,42,1,FALSE,FALSE,TRUE,TRUE,TRUE,FALSE,0.0473041154363664,8475171
2015021230,249,even-strength,56,3,FALSE,FALSE,TRUE,TRUE,FALSE,FALSE,0.058896929900655204,8468535
2015021230,250,even-strength,34,-28,FALSE,FALSE,TRUE,TRUE,TRUE,FALSE,0.01001664565629014,8476403
2015021230,404,even-strength,52,-2,FALSE,FALSE,TRUE,FALSE,FALSE,FALSE,0,8470755
2015021230,413,even-strength,69,24,FALSE,FALSE,TRUE,TRUE,TRUE,FALSE,0.03440781768656344,8467338
2015021230,415,even-strength,34,31,FALSE,FALSE,TRUE,TRUE,FALSE,FALSE,0.006995327370710475,8471269
2015021230,416,even-strength,63,8,FALSE,FALSE,TRUE,FALSE,FALSE,FALSE,0,8477460
2015021230,417,even-strength,-11,-19,FALSE,FALSE,TRUE,TRUE,TRUE,FALSE,0.0011391508093183153,8476403
2015021230,430,even-strength,67,-12,TRUE,FALSE,TRUE,TRUE,FALSE,FALSE,0.09651529817796403,8477503
2015021230,435,even-strength,56,-5,FALSE,FALSE,TRUE,FALSE,FALSE,FALSE,0,8476921
2015021230,437,even-strength,31,-33,FALSE,FALSE,TRUE,TRUE,FALSE,FALSE,0.00816353002331631,8469760
2015021230,438,even-strength,-55,-26,FALSE,FALSE,TRUE,TRUE,FALSE,FALSE,2.2582818511142287e-4,8462038
2015021230,439,even-strength,61,-22,FALSE,FALSE,TRUE,FALSE,FALSE,FALSE,0,8470755
2015021230,441,even-strength,68,-3,FALSE,FALSE,TRUE,TRUE,TRUE,FALSE,0.11815225083833426,8467338
2015021230,607,even-strength,64,23,TRUE,FALSE,TRUE,TRUE,FALSE,FALSE,0.07878190949240625,8467338
2015021230,616,even-strength,79,25,FALSE,FALSE,TRUE,TRUE,TRUE,FALSE,0.04238274467133786,8475171
2015021230,618,power-play,71,2,FALSE,FALSE,TRUE,TRUE,FALSE,FALSE,0.13316570864461041,8470755
2015021230,619,power-play,76,1,FALSE,TRUE,TRUE,TRUE,FALSE,FALSE,0.3135418891852808,8477407
2015021230,620,even-strength,60,17,FALSE,FALSE,TRUE,TRUE,TRUE,FALSE,0.0419576620431212,8476473
2015021230,625,power-play,64,11,FALSE,FALSE,TRUE,FALSE,FALSE,FALSE,0,8468535
2015021230,627,power-play,69,1,FALSE,FALSE,TRUE,TRUE,FALSE,FALSE,0.1143171344150307,8470755
2015021230,628,even-strength,49,8,FALSE,FALSE,TRUE,FALSE,FALSE,FALSE,0,8475171
2015030181,38,even-strength,-77,11,FALSE,FALSE,TRUE,FALSE,FALSE,FALSE,0,8474568
2015030181,56,even-strength,75,-39,FALSE,FALSE,TRUE,TRUE,TRUE,FALSE,0.028428081931028255,8471346
2015030181,57,even-strength,33,25,TRUE,FALSE,TRUE,TRUE,FALSE,FALSE,0.012260773121809603,8475188
2015030181,58,even-strength,55,28,TRUE,FALSE,TRUE,FALSE,FALSE,FALSE,0,8474162
2015030181,59,even-strength,87,10,FALSE,FALSE,TRUE,TRUE,TRUE,TRUE,0.05379051327539074,8474162
2015030181,61,even-strength,35,27,FALSE,FALSE,TRUE,TRUE,FALSE,FALSE,0.012800585254896472,8475188
2015030181,62,even-strength,69,4,FALSE,FALSE,TRUE,FALSE,FALSE,FALSE,0,8471685
2015030181,72,even-strength,64,11,TRUE,FALSE,TRUE,TRUE,FALSE,FALSE,0.12349109784486656,8476404
2015030181,73,even-strength,78,-30,FALSE,FALSE,TRUE,TRUE,FALSE,FALSE,0.021621004086487556,8473453
2015030181,86,even-strength,75,-7,FALSE,FALSE,TRUE,FALSE,FALSE,FALSE,0,8473473
2015030181,88,even-strength,81,-20,FALSE,FALSE,TRUE,TRUE,TRUE,FALSE,0.02298691624381415,8467329
2015030181,89,even-strength,38,9,FALSE,FALSE,TRUE,TRUE,TRUE,FALSE,0.01998954311346136,8474162
2015030181,92,even-strength,53,-21,FALSE,FALSE,TRUE,TRUE,TRUE,FALSE,0.022277542145248352,8475726
2015030181,99,even-strength,54,-22,FALSE,FALSE,TRUE,TRUE,FALSE,FALSE,0.022732330036720757,8476871
2015030181,111,even-strength,48,17,FALSE,FALSE,TRUE,FALSE,FALSE,FALSE,0,8475188
2015030181,138,penalty-kill,56,-5,TRUE,FALSE,TRUE,TRUE,TRUE,FALSE,0.12820504892828563,8473453
2015030181,305,even-strength,75,3,FALSE,FALSE,TRUE,TRUE,FALSE,FALSE,0.07980908537008709,8470604
2015030181,306,even-strength,70,6,FALSE,FALSE,TRUE,FALSE,FALSE,FALSE,0,8475726
2015030181,309,even-strength,49,21,FALSE,FALSE,TRUE,TRUE,TRUE,FALSE,0.023302743414441673,8475726
2015030181,315,power-play,78,5,TRUE,FALSE,TRUE,TRUE,TRUE,FALSE,0.17257273068498943,8470604
2015030181,316,power-play,72,-6,FALSE,FALSE,TRUE,TRUE,FALSE,FALSE,0.12083683834940204,8470604
2015030181,318,power-play,82,-6,FALSE,FALSE,TRUE,TRUE,FALSE,FALSE,0.10213219381529262,8473473
2015030181,319,power-play,79,-5,FALSE,FALSE,TRUE,TRUE,FALSE,FALSE,0.11379354997887195,8473473
2015030181,321,power-play,79,1,FALSE,FALSE,TRUE,TRUE,TRUE,FALSE,0.1214738563902402,8471346
2015030181,323,power-play,44,28,FALSE,FALSE,TRUE,FALSE,FALSE,FALSE,0,8467329
2015030181,324,even-strength,74,22,FALSE,FALSE,TRUE,FALSE,FALSE,FALSE,0,8470606
2015030181,332,power-play,94,12,FALSE,FALSE,TRUE,TRUE,TRUE,TRUE,0.11251187948219904,8470604
2015030181,350,even-strength,48,4,FALSE,FALSE,TRUE,FALSE,FALSE,FALSE,0,8473473
2015030181,454,even-strength,79,-1,FALSE,TRUE,TRUE,FALSE,FALSE,FALSE,0,8474563
2015030181,467,even-strength,39,-29,FALSE,FALSE,TRUE,TRUE,FALSE,FALSE,0.009199985016857579,8474568
2015030181,471,even-strength,68,6,FALSE,TRUE,TRUE,TRUE,FALSE,FALSE,0.229127969761302,8470604
2015030181,473,even-strength,83,16,FALSE,TRUE,TRUE,TRUE,TRUE,FALSE,0.1710770078632065,8473473
2015030181,552,power-play,58,21,TRUE,FALSE,TRUE,TRUE,TRUE,FALSE,0.06755042177938891,8474563
2015030181,553,power-play,78,3,FALSE,FALSE,TRUE,TRUE,TRUE,FALSE,0.10524857200149941,8471346
2015030181,561,penalty-kill,66,-7,FALSE,FALSE,TRUE,TRUE,TRUE,TRUE,0.04939990873103501,8473453
2015030181,565,even-strength,79,-30,FALSE,FALSE,TRUE,FALSE,FALSE,FALSE,0,8467329
2015030181,570,even-strength,60,11,FALSE,FALSE,TRUE,TRUE,TRUE,FALSE,0.055666668541711845,8471685
2015030181,576,even-strength,35,-34,FALSE,FALSE,TRUE,TRUE,FALSE,FALSE,0.006648821223162381,8474563
2015030181,578,even-strength,34,-33,FALSE,FALSE,TRUE,TRUE,FALSE,FALSE,0.008100910919819989,8475160
2015030181,580,even-strength,32,22,FALSE,FALSE,TRUE,TRUE,FALSE,FALSE,0.012776979567172733,8474162
2015030181,582,even-strength,68,-11,FALSE,FALSE,TRUE,TRUE,FALSE,FALSE,0.06199971598494574,8475726
2015030181,583,even-strength,49,35,FALSE,FALSE,TRUE,TRUE,TRUE,FALSE,0.024467651199194983,8475188
2015030181,586,even-strength,70,-14,FALSE,FALSE,TRUE,FALSE,FALSE,FALSE,0,8476871
2015030181,589,even-strength,75,-1,FALSE,FALSE,TRUE,FALSE,FALSE,FALSE,0,8474162
2015030181,597,even-strength,76,25,FALSE,FALSE,TRUE,TRUE,TRUE,FALSE,0.034929413407613144,8473473
2015030181,598,even-strength,79,-26,FALSE,FALSE,TRUE,TRUE,TRUE,FALSE,0.032372915258472176,8474563
2015030181,600,even-strength,81,-2,FALSE,FALSE,TRUE,TRUE,TRUE,FALSE,0.11247335547228472,8476404
2015030181,701,even-strength,82,3,FALSE,TRUE,TRUE,TRUE,TRUE,FALSE,0.3123438010900507,8476404
2015030181,706,even-strength,79,-23,FALSE,FALSE,TRUE,FALSE,FALSE,FALSE,0,8470604
2015030181,708,even-strength,74,-4,FALSE,FALSE,TRUE,TRUE,TRUE,FALSE,0.09604457736792317,8474100
2015030181,709,even-strength,48,25,FALSE,FALSE,TRUE,TRUE,TRUE,FALSE,0.01453323805877377,8474162
2015030181,713,even-strength,80,-8,FALSE,FALSE,TRUE,TRUE,FALSE,FALSE,0.09179797634403437,8475160
2015030181,715,even-strength,50,-30,FALSE,FALSE,TRUE,TRUE,FALSE,FALSE,0.03537988242023799,8470604
2015030181,716,even-strength,40,-30,FALSE,FALSE,TRUE,TRUE,TRUE,FALSE,0.025787204408153,8474563
2015030181,717,even-strength,65,-1,FALSE,FALSE,TRUE,FALSE,FALSE,FALSE,0,8475726
2015030181,718,even-strength,54,3,FALSE,FALSE,TRUE,TRUE,FALSE,FALSE,0.06655677321185421,8475726
2015030181,719,even-strength,51,-7,FALSE,FALSE,TRUE,TRUE,FALSE,FALSE,0.06220719681291402,8475726
2015030181,721,even-strength,56,37,FALSE,TRUE,TRUE,TRUE,TRUE,FALSE,0.12689297045370232,8474162
2015030182,14,even-strength,85,-9,FALSE,FALSE,TRUE,TRUE,TRUE,FALSE,0.01889681605065661,8474100
2015030182,54,even-strength,81,22,FALSE,FALSE,TRUE,TRUE,TRUE,FALSE,0.030822985363409588,8475726
2015030182,56,even-strength,37,28,FALSE,FALSE,TRUE,FALSE,FALSE,FALSE,0,8467452
2015030182,59,even-strength,75,-3,FALSE,FALSE,TRUE,FALSE,FALSE,FALSE,0,8474162
2015030182,61,even-strength,51,-18,FALSE,FALSE,TRUE,FALSE,FALSE,FALSE,0,8474563
2015030182,67,power-play,73,-4,FALSE,FALSE,TRUE,TRUE,FALSE,FALSE,0.10247701911885605,8473473
2015030182,69,power-play,64,17,FALSE,FALSE,TRUE,FALSE,FALSE,FALSE,0,8474162
2015030182,70,power-play,42,22,TRUE,FALSE,TRUE,TRUE,FALSE,FALSE,0.061333339306090806,8473571
2015030182,72,power-play,42,-12,FALSE,FALSE,TRUE,TRUE,FALSE,FALSE,0.04009397080951937,8473571
2015030182,74,power-play,49,29,FALSE,FALSE,TRUE,TRUE,TRUE,FALSE,0.032392956781129655,8474162
2015030182,75,even-strength,69,16,FALSE,FALSE,TRUE,TRUE,TRUE,FALSE,0.041053027839760864,8468483
2015030182,77,even-strength,75,-2,FALSE,FALSE,TRUE,TRUE,FALSE,FALSE,0.08765351648867958,8470604
2015030182,90,even-strength,35,-29,FALSE,FALSE,TRUE,TRUE,FALSE,FALSE,0.009969658111663124,8474563
2015030182,91,even-strength,52,20,FALSE,FALSE,TRUE,TRUE,TRUE,FALSE,0.02058588493773104,8470604
2015030182,92,even-strength,52,8,FALSE,FALSE,TRUE,FALSE,FALSE,FALSE,0,8475726
2015030182,95,even-strength,58,-36,FALSE,FALSE,TRUE,TRUE,FALSE,FALSE,0.011864123195564902,8470604
2015030182,96,even-strength,83,7,FALSE,FALSE,TRUE,FALSE,FALSE,FALSE,0,8476871
2015030182,99,even-strength,75,1,FALSE,FALSE,TRUE,TRUE,FALSE,FALSE,0.11462075938526155,8473473
2015030182,109,even-strength,47,-16,FALSE,TRUE,TRUE,FALSE,FALSE,FALSE,0,8474568
2015030182,145,power-play,76,-7,FALSE,FALSE,TRUE,TRUE,TRUE,FALSE,0.08480629998724151,8470604
2015030182,269,even-strength,55,-15,FALSE,FALSE,TRUE,FALSE,FALSE,FALSE,0,8470604
2015030182,273,even-strength,74,0,FALSE,FALSE,TRUE,TRUE,TRUE,FALSE,0.09090442621014336,8470604
2015030182,274,even-strength,70,-21,TRUE,FALSE,TRUE,TRUE,TRUE,FALSE,0.06321334816263792,8470606
2015030182,275,even-strength,56,-22,FALSE,FALSE,TRUE,FALSE,FALSE,FALSE,0,8473571
2015030182,277,even-strength,49,-28,FALSE,FALSE,TRUE,FALSE,FALSE,FALSE,0,8473571
2015030182,288,even-strength,51,0,FALSE,FALSE,TRUE,FALSE,FALSE,FALSE,0,8474563
2015030182,291,even-strength,55,-14,FALSE,FALSE,TRUE,FALSE,FALSE,FALSE,0,8476406
2015030182,293,even-strength,63,-20,FALSE,FALSE,TRUE,TRUE,FALSE,FALSE,0.023203862950253788,8468483
2015030182,295,power-play,65,-3,FALSE,FALSE,TRUE,FALSE,FALSE,FALSE,0,8475188
2015030182,296,power-play,43,20,FALSE,FALSE,TRUE,TRUE,FALSE,FALSE,0.04120010952997977,8474563
2015030182,298,power-play,45,21,FALSE,FALSE,TRUE,TRUE,FALSE,FALSE,0.04276969005636011,8474563
2015030182,299,power-play,73,-1,FALSE,FALSE,TRUE,FALSE,FALSE,FALSE,0,8475188
2015030182,300,even-strength,80,9,FALSE,FALSE,TRUE,TRUE,FALSE,FALSE,0.053874207012919895,8476406
2015030182,320,even-strength,81,11,FALSE,TRUE,TRUE,FALSE,FALSE,FALSE,0,8475726
2015030182,343,power-play,55,-10,FALSE,FALSE,TRUE,TRUE,TRUE,FALSE,0.057910721623635544,8471346
2015030182,347,even-strength,79,-3,FALSE,FALSE,TRUE,TRUE,FALSE,FALSE,0.07549439851158143,8474100
2015030182,348,even-strength,39,-12,FALSE,FALSE,TRUE,TRUE,TRUE,FALSE,0.016844931264074332,8473571
2015030182,505,power-play,87,-7,FALSE,TRUE,TRUE,TRUE,FALSE,FALSE,0.1670765287002857,8473473
2015030182,512,even-strength,83,-3,FALSE,TRUE,TRUE,TRUE,TRUE,FALSE,0.22926917350201742,8470604
2015030182,529,even-strength,80,32,FALSE,FALSE,TRUE,TRUE,FALSE,FALSE,0.01588581711579231,8470606
2015030182,531,even-strength,37,-31,FALSE,FALSE,TRUE,FALSE,FALSE,FALSE,0,8474563
2015030182,547,power-play,82,2,FALSE,FALSE,TRUE,FALSE,FALSE,FALSE,0,8474162
2015030182,602,even-strength,57,-15,FALSE,FALSE,TRUE,TRUE,TRUE,FALSE,0.024734132270799965,8468483
2015030182,605,even-strength,57,9,FALSE,FALSE,TRUE,TRUE,TRUE,FALSE,0.03482840927427664,8468483
2015030182,609,even-strength,70,27,FALSE,FALSE,TRUE,TRUE,FALSE,FALSE,0.020421181353132558,8475726
2015030182,616,power-play,59,-29,FALSE,FALSE,TRUE,TRUE,FALSE,FALSE,0.03139428023587782,8471685
2015030182,617,power-play,39,24,FALSE,FALSE,TRUE,TRUE,TRUE,FALSE,0.03141711016668532,8474162
2015030182,618,power-play,81,-4,FALSE,TRUE,TRUE,TRUE,TRUE,FALSE,0.22804630709467436,8473473
2015030182,619,power-play,37,27,FALSE,FALSE,TRUE,TRUE,FALSE,FALSE,0.03153344444210634,8474563
2015030182,621,power-play,45,-12,FALSE,FALSE,TRUE,FALSE,FALSE,FALSE,0,8473571
2015030182,624,even-strength,83,-2,FALSE,FALSE,TRUE,TRUE,FALSE,FALSE,0.15700327142725184,8468483
2015030182,625,even-strength,70,-29,FALSE,FALSE,TRUE,TRUE,TRUE,FALSE,0.015747094052669212,8474100
2015030182,627,even-strength,73,-35,FALSE,FALSE,TRUE,TRUE,TRUE,FALSE,0.02140674520557864,8475726
2015030182,629,even-strength,40,-1,FALSE,FALSE,TRUE,TRUE,TRUE,FALSE,0.025633397477294286,8470604
2015030182,632,even-strength,72,-23,FALSE,FALSE,TRUE,FALSE,FALSE,FALSE,0,8470606
2015030182,633,even-strength,76,16,FALSE,FALSE,TRUE,FALSE,FALSE,FALSE,0,8467329
2015030182,635,even-strength,58,-11,FALSE,FALSE,TRUE,TRUE,FALSE,FALSE,0.03804552327296984,8476406
2015030182,641,even-strength,32,7,FALSE,FALSE,TRUE,TRUE,TRUE,FALSE,0.014095771416843495,8475188
2015030182,643,even-strength,72,2,FALSE,FALSE,TRUE,TRUE,FALSE,FALSE,0.07905717308009023,8473453
2015030182,645,even-strength,65,6,TRUE,FALSE,TRUE,FALSE,FALSE,FALSE,0,8471685
2015030182,647,even-strength,39,-13,FALSE,FALSE,TRUE,TRUE,FALSE,FALSE,0.018062531390719373,8475188
2015030182,701,even-strength,38,-35,TRUE,FALSE,TRUE,TRUE,TRUE,FALSE,0.016516617772657623,8474568
2015030182,703,even-strength,53,14,FALSE,FALSE,TRUE,FALSE,FALSE,FALSE,0,8475188
2015030182,706,even-strength,36,-29,FALSE,FALSE,TRUE,TRUE,FALSE,FALSE,0.009796969012393159,8470604
2015030182,709,even-strength,77,-35,FALSE,FALSE,TRUE,TRUE,TRUE,FALSE,0.015942996051866238,8470606
2015030182,711,even-strength,66,-20,FALSE,FALSE,TRUE,TRUE,TRUE,FALSE,0.028270765253140887,8468483
2015030182,713,power-play,74,-3,FALSE,FALSE,TRUE,FALSE,FALSE,FALSE,0,8474563
2015030182,715,even-strength,67,12,FALSE,FALSE,TRUE,FALSE,FALSE,FALSE,0,8474563
2015030182,717,even-strength,42,16,TRUE,FALSE,TRUE,TRUE,TRUE,FALSE,0.0327438591554833,8474162
2015030182,719,even-strength,67,8,FALSE,FALSE,TRUE,TRUE,FALSE,FALSE,0.06737825714117802,8468483
2015030182,721,even-strength,71,1,FALSE,FALSE,TRUE,TRUE,TRUE,FALSE,0.07256732722162348,8470604
2015030182,724,power-play,70,5,FALSE,TRUE,TRUE,FALSE,FALSE,FALSE,0,8474162
2015030182,725,power-play,83,-7,FALSE,TRUE,TRUE,TRUE,TRUE,TRUE,0.19313606770252081,8467329
2015030182,728,even-strength,61,7,FALSE,FALSE,TRUE,TRUE,FALSE,FALSE,0.05391250261519001,8476871
2015030182,731,even-strength,72,12,TRUE,FALSE,TRUE,FALSE,FALSE,FALSE,0,8467329
2015030182,734,even-strength,39,19,TRUE,FALSE,TRUE,TRUE,TRUE,FALSE,0.03888824493077692,8474162
2015030182,735,even-strength,77,8,FALSE,FALSE,TRUE,FALSE,FALSE,FALSE,0,8471685
2015030182,738,power-play,77,5,FALSE,FALSE,TRUE,TRUE,TRUE,FALSE,0.0728456252751498,8476871
2015030182,854,even-strength,72,-5,FALSE,TRUE,TRUE,FALSE,FALSE,FALSE,0,8474563
2015030183,12,even-strength,37,-10,FALSE,FALSE,TRUE,TRUE,TRUE,FALSE,0.01652167693962821,8474563
2015030183,13,even-strength,77,-5,FALSE,TRUE,TRUE,FALSE,FALSE,FALSE,0,8473453
2015030183,20,even-strength,70,-12,FALSE,FALSE,TRUE,FALSE,FALSE,FALSE,0,8473571
2015030183,30,penalty-kill,66,15,FALSE,FALSE,TRUE,TRUE,TRUE,FALSE,0.03584045741914123,8475726
2015030183,36,power-play,37,8,FALSE,FALSE,TRUE,TRUE,TRUE,FALSE,0.04751099559160484,8474162
2015030183,37,power-play,84,-4,FALSE,TRUE,TRUE,TRUE,TRUE,TRUE,0.298610242242499,8471685
2015030183,39,even-strength,34,32,FALSE,FALSE,TRUE,TRUE,TRUE,FALSE,0.005877609820654878,8474162
2015030183,44,even-strength,80,-19,FALSE,FALSE,TRUE,FALSE,FALSE,FALSE,0,8470604
2015030183,45,even-strength,47,18,FALSE,FALSE,TRUE,FALSE,FALSE,FALSE,0,8467452
2015030183,47,power-play,45,-16,FALSE,FALSE,TRUE,TRUE,FALSE,FALSE,0.041772418549991065,8474563
2015030183,49,power-play,70,-6,FALSE,FALSE,TRUE,TRUE,TRUE,FALSE,0.09638945955464531,8470604
2015030183,50,power-play,83,3,FALSE,FALSE,TRUE,TRUE,TRUE,FALSE,0.10861229123903084,8471685
2015030183,251,power-play,62,1,FALSE,FALSE,TRUE,TRUE,TRUE,FALSE,0.1155616983002413,8471685
2015030183,252,power-play,75,8,FALSE,TRUE,TRUE,TRUE,TRUE,FALSE,0.25727291904287597,8471685
2015030183,253,power-play,66,1,FALSE,TRUE,TRUE,FALSE,FALSE,FALSE,0,8474162
2015030183,256,power-play,56,-20,FALSE,FALSE,TRUE,TRUE,TRUE,FALSE,0.0492597949105017,8467329
2015030183,257,power-play,68,-7,FALSE,FALSE,TRUE,FALSE,FALSE,FALSE,0,8475726
2015030183,258,even-strength,4,-24,FALSE,FALSE,TRUE,TRUE,TRUE,FALSE,0.0025351359991804163,8474563
2015030183,261,even-strength,72,-3,FALSE,FALSE,TRUE,FALSE,FALSE,FALSE,0,8470606
2015030183,266,even-strength,32,-24,FALSE,FALSE,TRUE,TRUE,FALSE,FALSE,0.007564108185953206,8470606
2015030183,267,even-strength,27,25,FALSE,FALSE,TRUE,TRUE,TRUE,FALSE,0.006708023577919517,8475188
2015030183,269,even-strength,52,-24,FALSE,FALSE,TRUE,TRUE,TRUE,FALSE,0.018914948048057108,8473453
2015030183,270,even-strength,70,-14,FALSE,FALSE,TRUE,FALSE,FALSE,FALSE,0,8474563
2015030183,273,even-strength,-14,18,FALSE,FALSE,TRUE,TRUE,FALSE,FALSE,0.0021552516405902882,8476871
2015030183,294,penalty-kill,50,-7,FALSE,FALSE,TRUE,TRUE,FALSE,FALSE,0.04277036328991014,8471685
2015030183,299,even-strength,70,-36,FALSE,FALSE,TRUE,TRUE,TRUE,FALSE,0.01253069829744224,8467329
2015030183,300,even-strength,66,-11,FALSE,FALSE,TRUE,TRUE,FALSE,FALSE,0.03749982346018582,8467329
2015030183,453,even-strength,57,-16,FALSE,FALSE,TRUE,TRUE,FALSE,FALSE,0.026230537500095078,8468483
2015030183,454,even-strength,42,19,FALSE,FALSE,TRUE,TRUE,TRUE,FALSE,0.016458475961764817,8474162
2015030183,460,even-strength,59,8,FALSE,FALSE,TRUE,FALSE,FALSE,FALSE,0,8474162
2015030183,469,even-strength,57,-12,FALSE,FALSE,TRUE,TRUE,FALSE,FALSE,0.03859026081846206,8468483
2015030183,476,even-strength,52,14,FALSE,FALSE,TRUE,TRUE,FALSE,FALSE,0.02650305076114305,8467329
2015030183,477,even-strength,80,12,FALSE,FALSE,TRUE,TRUE,FALSE,FALSE,0.04992806454530141,8471346
2015030183,479,even-strength,51,-2,TRUE,FALSE,TRUE,TRUE,FALSE,FALSE,0.0689808853471105,8475726
2015030183,480,even-strength,76,7,FALSE,FALSE,TRUE,TRUE,TRUE,FALSE,0.05995847053211239,8470604
2015030183,482,even-strength,85,20,FALSE,FALSE,TRUE,TRUE,TRUE,FALSE,0.033064291435999586,8474100
2015030183,485,power-play,74,-3,FALSE,FALSE,TRUE,FALSE,FALSE,FALSE,0,8471685
2015030183,486,power-play,82,-5,FALSE,FALSE,TRUE,TRUE,TRUE,FALSE,0.09671926648632022,8473473
2015030183,487,power-play,55,15,FALSE,FALSE,TRUE,FALSE,FALSE,FALSE,0,8474563
2015030183,488,power-play,64,-4,FALSE,FALSE,TRUE,TRUE,FALSE,FALSE,0.07070389062099396,8474162
2015030183,489,power-play,52,16,FALSE,FALSE,TRUE,TRUE,TRUE,FALSE,0.06510357936933395,8473473
2015030183,490,power-play,74,5,FALSE,FALSE,TRUE,TRUE,FALSE,FALSE,0.10807272449567819,8470604
2015030183,498,even-strength,60,-14,FALSE,FALSE,TRUE,TRUE,FALSE,FALSE,0.03343488545693273,8468483
2015030183,653,even-strength,71,4,FALSE,FALSE,TRUE,TRUE,FALSE,FALSE,0.08516668425267747,8470604
2015030183,658,even-strength,69,-16,FALSE,FALSE,TRUE,TRUE,TRUE,FALSE,0.040256722169787755,8471685
2015030183,659,even-strength,62,11,FALSE,TRUE,TRUE,TRUE,FALSE,FALSE,0.15173622668378944,8474100
2015030183,660,even-strength,76,-7,FALSE,TRUE,TRUE,FALSE,FALSE,FALSE,0,8474563
2015030183,661,even-strength,66,-9,FALSE,FALSE,TRUE,FALSE,FALSE,FALSE,0,8474568
2015030183,662,even-strength,10,-23,FALSE,FALSE,TRUE,TRUE,FALSE,FALSE,0.004486282866291145,8476871
2015030183,664,even-strength,60,-1,TRUE,FALSE,TRUE,FALSE,FALSE,FALSE,0,8473453
2015030183,668,even-strength,66,15,FALSE,FALSE,TRUE,FALSE,FALSE,FALSE,0,8474162
2015030183,693,even-strength,62,-10,FALSE,FALSE,TRUE,FALSE,FALSE,FALSE,0,8475726
2015030183,698,even-strength,66,6,FALSE,FALSE,TRUE,FALSE,FALSE,FALSE,0,8474162
2015030183,700,even-strength,50,-5,FALSE,FALSE,TRUE,TRUE,TRUE,FALSE,0.03263864269455066,8474568
2015030183,858,even-strength,35,-18,FALSE,FALSE,TRUE,TRUE,TRUE,FALSE,0.05493387864522457,8474162
2015030183,866,even-strength,61,7,FALSE,FALSE,TRUE,FALSE,FALSE,FALSE,0,8468483
2015030183,870,even-strength,35,28,FALSE,FALSE,TRUE,TRUE,TRUE,FALSE,0.01449825441386192,8475188
2015030183,879,even-strength,80,6,TRUE,FALSE,TRUE,TRUE,TRUE,TRUE,0.15056870661959865,8476871
2015030184,8,even-strength,45,27,FALSE,FALSE,TRUE,FALSE,FALSE,FALSE,0,8474162
2015030184,9,even-strength,57,15,FALSE,FALSE,TRUE,FALSE,FALSE,FALSE,0,8475726
2015030184,16,even-strength,55,16,FALSE,FALSE,TRUE,TRUE,TRUE,FALSE,0.03630204286347682,8473473
2015030184,17,even-strength,59,14,FALSE,FALSE,TRUE,FALSE,FALSE,FALSE,0,8474162
2015030184,18,even-strength,75,-7,FALSE,FALSE,TRUE,FALSE,FALSE,FALSE,0,8475726
2015030184,19,even-strength,37,-28,FALSE,FALSE,TRUE,TRUE,TRUE,FALSE,0.007909707688705895,8474568
2015030184,21,even-strength,44,-30,FALSE,FALSE,TRUE,TRUE,TRUE,FALSE,0.012479407651537997,8474568
2015030184,23,even-strength,81,6,FALSE,FALSE,TRUE,TRUE,TRUE,FALSE,0.0745552716491398,8468483
2015030184,25,even-strength,41,-33,FALSE,FALSE,TRUE,TRUE,FALSE,FALSE,0.0118326911676377,8474563
2015030184,26,even-strength,84,-7,FALSE,FALSE,TRUE,TRUE,TRUE,FALSE,0.06092218792746772,8473453
2015030184,27,even-strength,84,-7,FALSE,FALSE,TRUE,TRUE,FALSE,FALSE,0.053557329043955854,8473453
2015030184,28,even-strength,35,36,FALSE,FALSE,TRUE,TRUE,FALSE,FALSE,0.007084954129645287,8467452
2015030184,29,even-strength,73,-28,FALSE,FALSE,TRUE,FALSE,FALSE,FALSE,0,8470604
2015030184,30,even-strength,71,38,FALSE,FALSE,TRUE,TRUE,TRUE,FALSE,0.01659699110547017,8474162
2015030184,33,even-strength,35,-5,FALSE,FALSE,TRUE,TRUE,TRUE,FALSE,0.019071866484199396,8475188
2015030184,41,even-strength,66,20,FALSE,FALSE,TRUE,FALSE,FALSE,FALSE,0,8475726
2015030184,42,even-strength,56,27,FALSE,TRUE,TRUE,TRUE,TRUE,FALSE,0.05306503766172725,8471685
2015030184,44,even-strength,8,-33,FALSE,FALSE,TRUE,TRUE,FALSE,FALSE,0.0020611506472528037,8474568
2015030184,46,even-strength,35,1,FALSE,FALSE,TRUE,TRUE,FALSE,FALSE,0.013768081716480056,8474563
2015030184,205,even-strength,51,-1,FALSE,FALSE,TRUE,FALSE,FALSE,FALSE,0,8470606
2015030184,227,even-strength,81,-17,FALSE,FALSE,TRUE,FALSE,FALSE,FALSE,0,8473473
2015030184,228,even-strength,84,5,FALSE,TRUE,TRUE,TRUE,TRUE,FALSE,0.1164581699113115,8470604
2015030184,237,power-play,32,-34,FALSE,FALSE,TRUE,TRUE,FALSE,FALSE,0.025529369903666537,8474563
2015030184,238,power-play,60,1,FALSE,FALSE,TRUE,TRUE,FALSE,FALSE,0.11096465936897561,8471685
2015030184,239,power-play,45,0,FALSE,FALSE,TRUE,TRUE,TRUE,FALSE,0.053499543919873896,8474162
2015030184,241,power-play,67,-2,FALSE,FALSE,TRUE,FALSE,FALSE,FALSE,0,8474563
2015030184,242,power-play,64,3,FALSE,FALSE,TRUE,FALSE,FALSE,FALSE,0,8474162
2015030184,243,power-play,70,-20,FALSE,FALSE,TRUE,TRUE,TRUE,FALSE,0.07654498922338479,8475726
2015030184,244,power-play,39,-4,FALSE,FALSE,TRUE,TRUE,TRUE,FALSE,0.030038004131300432,8474563
2015030184,247,power-play,35,12,FALSE,FALSE,TRUE,TRUE,FALSE,FALSE,0.03319284587033579,8474162
2015030184,248,power-play,35,10,FALSE,FALSE,TRUE,TRUE,TRUE,FALSE,0.044746585383716994,8474563
2015030184,249,power-play,56,-14,FALSE,FALSE,TRUE,FALSE,FALSE,FALSE,0,8467329
2015030184,250,power-play,68,-3,FALSE,FALSE,TRUE,FALSE,FALSE,FALSE,0,8475188
2015030184,413,even-strength,34,-31,FALSE,FALSE,TRUE,TRUE,TRUE,FALSE,0.009773976530230823,8473571
2015030184,418,even-strength,46,-40,FALSE,FALSE,TRUE,TRUE,FALSE,FALSE,0.01218864283333981,8473453
2015030184,420,even-strength,-78,0,FALSE,FALSE,TRUE,TRUE,FALSE,FALSE,6.945328719152497e-5,8474563
2015030184,421,even-strength,76,1,FALSE,FALSE,TRUE,TRUE,TRUE,FALSE,0.07925096772077038,8470606
2015030184,422,even-strength,51,16,FALSE,FALSE,TRUE,FALSE,FALSE,FALSE,0,8467452
2015030184,423,even-strength,64,5,FALSE,FALSE,TRUE,FALSE,FALSE,FALSE,0,8474563
2015030184,431,even-strength,21,3,FALSE,FALSE,TRUE,TRUE,TRUE,FALSE,0.007924063940268919,8473453
2015030184,444,even-strength,61,35,FALSE,FALSE,TRUE,TRUE,TRUE,FALSE,0.02233365549859605,8476871
2015030184,445,even-strength,77,6,FALSE,TRUE,TRUE,FALSE,FALSE,FALSE,0,8467329
2015030184,446,even-strength,35,33,FALSE,FALSE,TRUE,FALSE,FALSE,FALSE,0,8475188
2015030184,602,even-strength,84,0,FALSE,FALSE,TRUE,TRUE,TRUE,TRUE,0.17460156441198216,8473453
2015030184,604,even-strength,34,32,FALSE,FALSE,TRUE,FALSE,FALSE,FALSE,0,8474162
2015030184,605,even-strength,68,35,FALSE,FALSE,TRUE,TRUE,TRUE,FALSE,0.014448020569743227,8474162
2015030184,607,even-strength,56,-10,FALSE,FALSE,TRUE,FALSE,FALSE,FALSE,0,8467452
2015030184,608,even-strength,72,-6,TRUE,FALSE,TRUE,TRUE,FALSE,FALSE,0.09702229205379638,8474100
2015030184,609,even-strength,40,28,FALSE,FALSE,TRUE,TRUE,TRUE,FALSE,0.012792866067828099,8467452
2015030184,611,even-strength,72,4,FALSE,FALSE,TRUE,FALSE,FALSE,FALSE,0,8475160
2015030184,613,even-strength,40,15,TRUE,FALSE,TRUE,TRUE,TRUE,TRUE,0.03574637717157228,8474568
2015030184,616,even-strength,39,-23,TRUE,FALSE,TRUE,FALSE,FALSE,FALSE,0,8474568
2015030184,617,even-strength,68,31,FALSE,FALSE,TRUE,TRUE,TRUE,FALSE,0.020917067126548936,8468483
2015030184,619,even-strength,38,20,FALSE,FALSE,TRUE,TRUE,TRUE,FALSE,0.010847531288955136,8474162
2015030184,621,even-strength,55,36,FALSE,FALSE,TRUE,TRUE,FALSE,FALSE,0.010732745055866183,8474162
2015030184,622,even-strength,34,-34,FALSE,FALSE,TRUE,TRUE,FALSE,FALSE,0.010213390717169923,8474568
2015030184,625,even-strength,70,10,FALSE,FALSE,TRUE,TRUE,TRUE,FALSE,0.057181432487312014,8475726
2015030184,627,even-strength,66,18,FALSE,FALSE,TRUE,FALSE,FALSE,FALSE,0,8474162
2015030184,630,even-strength,88,38,FALSE,FALSE,TRUE,TRUE,TRUE,FALSE,0.017338174099732213,8474100
2015030184,632,even-strength,34,12,FALSE,FALSE,TRUE,TRUE,TRUE,FALSE,0.013382644179313367,8474563
2015030184,633,even-strength,58,31,FALSE,FALSE,TRUE,TRUE,TRUE,FALSE,0.016651951202208186,8468483
2015030184,636,even-strength,65,-23,FALSE,FALSE,TRUE,FALSE,FALSE,FALSE,0,8476871
2015030184,642,even-strength,71,24,FALSE,FALSE,TRUE,TRUE,TRUE,FALSE,0.032625688971879535,8467452
2015030184,647,even-strength,39,-16,FALSE,FALSE,TRUE,FALSE,FALSE,FALSE,0,8474563
2015030184,649,even-strength,59,-3,FALSE,FALSE,TRUE,FALSE,FALSE,FALSE,0,8474563
2015030184,650,even-strength,69,-7,FALSE,FALSE,TRUE,FALSE,FALSE,FALSE,0,8474162
2015030185,23,even-strength,78,5,FALSE,FALSE,TRUE,FALSE,FALSE,FALSE,0,8475188
2015030185,25,even-strength,75,12,FALSE,TRUE,TRUE,TRUE,FALSE,FALSE,0.13464202464361436,8474100
2015030185,42,even-strength,76,-4,FALSE,TRUE,TRUE,FALSE,FALSE,FALSE,0,8474568
2015030185,55,even-strength,57,-2,FALSE,FALSE,TRUE,TRUE,FALSE,FALSE,0.03998326306811586,8475726
2015030185,60,even-strength,80,-2,FALSE,FALSE,TRUE,TRUE,TRUE,FALSE,0.08221749040939473,8467329
2015030185,61,even-strength,71,3,TRUE,FALSE,TRUE,TRUE,FALSE,FALSE,0.12142027110607961,8475160
2015030185,62,even-strength,45,7,FALSE,FALSE,TRUE,FALSE,FALSE,FALSE,0,8467452
2015030185,63,even-strength,44,25,FALSE,FALSE,TRUE,FALSE,FALSE,FALSE,0,8474162
2015030185,78,even-strength,24,31,FALSE,FALSE,TRUE,TRUE,TRUE,FALSE,0.003858288273032313,8471685
2015030185,82,even-strength,33,-25,FALSE,FALSE,TRUE,TRUE,FALSE,FALSE,0.012993197120331737,8473571
2015030185,86,even-strength,73,8,FALSE,FALSE,TRUE,FALSE,FALSE,FALSE,0,8467452
2015030185,87,even-strength,75,3,FALSE,FALSE,TRUE,TRUE,FALSE,FALSE,0.073774069107203,8474100
2015030185,88,even-strength,80,-21,FALSE,FALSE,TRUE,FALSE,FALSE,FALSE,0,8470604
2015030185,91,even-strength,60,26,FALSE,FALSE,TRUE,FALSE,FALSE,FALSE,0,8476871
2015030185,93,even-strength,65,40,FALSE,FALSE,TRUE,TRUE,TRUE,FALSE,0.012708151340996907,8475188
2015030185,95,even-strength,55,-21,FALSE,FALSE,TRUE,TRUE,FALSE,FALSE,0.024357991948202738,8475188
2015030185,96,even-strength,32,19,FALSE,FALSE,TRUE,TRUE,TRUE,FALSE,0.01233891702887012,8474162
2015030185,131,even-strength,51,0,FALSE,FALSE,TRUE,FALSE,FALSE,FALSE,0,8474563
2015030185,134,even-strength,43,-16,FALSE,FALSE,TRUE,FALSE,FALSE,FALSE,0,8473473
2015030185,253,even-strength,69,24,FALSE,FALSE,TRUE,FALSE,FALSE,FALSE,0,8468483
2015030185,258,even-strength,48,-17,FALSE,FALSE,TRUE,FALSE,FALSE,FALSE,0,8474568
2015030185,263,even-strength,38,-14,FALSE,FALSE,TRUE,TRUE,FALSE,FALSE,0.015312651845510568,8474563
2015030185,265,even-strength,41,-31,FALSE,FALSE,TRUE,TRUE,FALSE,FALSE,0.010113941648603533,8475726
2015030185,270,even-strength,79,4,TRUE,FALSE,TRUE,TRUE,TRUE,FALSE,0.12090220003816032,8467329
2015030185,271,even-strength,78,-1,TRUE,TRUE,TRUE,FALSE,FALSE,FALSE,0,8467329
2015030185,276,even-strength,40,26,TRUE,FALSE,TRUE,TRUE,TRUE,FALSE,0.02832935472357012,8467452
2015030185,277,even-strength,72,7,FALSE,FALSE,TRUE,TRUE,FALSE,FALSE,0.07414026803303407,8467329
2015030185,280,even-strength,76,5,FALSE,FALSE,TRUE,FALSE,FALSE,FALSE,0,8474162
2015030185,281,even-strength,61,-11,FALSE,FALSE,TRUE,FALSE,FALSE,FALSE,0,8475726
2015030185,283,even-strength,51,19,FALSE,FALSE,TRUE,FALSE,FALSE,FALSE,0,8475188
2015030185,285,even-strength,73,-13,FALSE,FALSE,TRUE,TRUE,TRUE,FALSE,0.0541931231657132,8476871
2015030185,287,even-strength,82,-6,FALSE,FALSE,TRUE,TRUE,TRUE,TRUE,0.06801070601813437,8471685
2015030185,288,even-strength,53,35,FALSE,FALSE,TRUE,TRUE,TRUE,FALSE,0.011286355500789219,8474100
2015030185,290,even-strength,69,-14,FALSE,FALSE,TRUE,FALSE,FALSE,FALSE,0,8475160
2015030185,293,even-strength,31,-35,TRUE,FALSE,TRUE,TRUE,TRUE,FALSE,0.018613893528643476,8474563
2015030185,294,even-strength,60,4,TRUE,FALSE,TRUE,FALSE,FALSE,FALSE,0,8470604
2015030185,299,even-strength,34,36,TRUE,FALSE,TRUE,TRUE,FALSE,FALSE,0.011342943858484897,8474162
2015030185,355,even-strength,58,-1,FALSE,TRUE,TRUE,FALSE,FALSE,FALSE,0,8474563
2015030185,356,even-strength,74,-6,FALSE,TRUE,TRUE,TRUE,TRUE,FALSE,0.15710631152866786,8467329
2015030185,357,even-strength,75,-11,FALSE,FALSE,TRUE,TRUE,TRUE,FALSE,0.050819137693080406,8471685
2015030185,400,even-strength,55,-1,FALSE,FALSE,TRUE,TRUE,FALSE,FALSE,0.03462535569954179,8475160
2015030185,501,even-strength,73,-3,TRUE,FALSE,TRUE,TRUE,TRUE,TRUE,0.19346315839969985,8470604
2015030185,502,even-strength,68,37,FALSE,FALSE,TRUE,TRUE,TRUE,FALSE,0.018122565182985804,8476871
2015030185,505,even-strength,80,35,FALSE,FALSE,TRUE,TRUE,TRUE,FALSE,0.021746624529586953,8474100
2015030185,507,even-strength,62,-25,FALSE,FALSE,TRUE,FALSE,FALSE,FALSE,0,8470606
2015030185,513,even-strength,57,18,FALSE,FALSE,TRUE,FALSE,FALSE,FALSE,0,8473473
2015030185,514,even-strength,48,-21,FALSE,FALSE,TRUE,TRUE,TRUE,FALSE,0.02121650470300593,8475726
2015030185,519,even-strength,40,-20,FALSE,FALSE,TRUE,TRUE,FALSE,FALSE,0.01673997329700365,8474568
2015030185,526,penalty-kill,56,-17,FALSE,FALSE,TRUE,TRUE,TRUE,FALSE,0.05484533538923886,8467329
2015030185,529,even-strength,73,7,FALSE,FALSE,TRUE,FALSE,FALSE,FALSE,0,8471685
2015030185,532,even-strength,81,-3,FALSE,TRUE,TRUE,TRUE,TRUE,FALSE,0.27816416568421604,8476871
2015030185,538,even-strength,81,3,FALSE,FALSE,TRUE,FALSE,FALSE,FALSE,0,8476871
2015030185,540,even-strength,72,-8,FALSE,FALSE,TRUE,FALSE,FALSE,FALSE,0,8474568
2015030185,541,even-strength,69,-26,FALSE,FALSE,TRUE,TRUE,FALSE,FALSE,0.024998159273140676,8470604
2015030185,543,even-strength,47,16,FALSE,FALSE,TRUE,TRUE,FALSE,FALSE,0.029665318438632203,8475188
2015030185,545,even-strength,80,8,FALSE,FALSE,TRUE,TRUE,FALSE,FALSE,0.05895460634314972,8467329
2015030185,546,even-strength,86,8,FALSE,FALSE,TRUE,TRUE,TRUE,FALSE,0.044358241574695034,8470604
2015030185,547,even-strength,82,1,FALSE,FALSE,TRUE,FALSE,FALSE,FALSE,0,8475188
2015030185,548,even-strength,73,2,FALSE,FALSE,TRUE,FALSE,FALSE,FALSE,0,8474162
2015030185,550,even-strength,45,-27,FALSE,FALSE,TRUE,FALSE,FALSE,FALSE,0,8474568
2015030185,601,even-strength,81,5,FALSE,TRUE,TRUE,TRUE,TRUE,TRUE,0.32228330214626366,8471346
2015030185,619,even-strength,82,-2,TRUE,FALSE,TRUE,FALSE,FALSE,FALSE,0,8476871
2015030185,639,even-strength,82,7,FALSE,FALSE,TRUE,FALSE,FALSE,FALSE,0,8475188
2015030185,703,even-strength,68,2,FALSE,FALSE,TRUE,TRUE,TRUE,FALSE,0.08769550717936013,8475726
2015030185,704,even-strength,83,-6,FALSE,FALSE,TRUE,TRUE,TRUE,FALSE,0.07656571991758164,8468483
2015030185,712,even-strength,41,21,FALSE,FALSE,TRUE,TRUE,FALSE,FALSE,0.0325541953373328,8475188
2015030185,713,even-strength,79,-4,FALSE,FALSE,TRUE,TRUE,FALSE,FALSE,0.10880431046964058,8471685
2015030185,714,even-strength,81,-12,FALSE,FALSE,TRUE,TRUE,FALSE,FALSE,0.05865746689095064,8467329
2015030185,715,even-strength,74,3,FALSE,FALSE,TRUE,FALSE,FALSE,FALSE,0,8474162
2015030241,7,even-strength,62,34,FALSE,FALSE,TRUE,TRUE,TRUE,FALSE,0.020037817976050313,8467370
2015030241,8,even-strength,34,27,FALSE,FALSE,TRUE,TRUE,TRUE,FALSE,0.007542617688235455,8467370
2015030241,10,even-strength,67,-1,FALSE,FALSE,TRUE,FALSE,FALSE,FALSE,0,8471707
2015030241,13,even-strength,61,-5,FALSE,FALSE,TRUE,FALSE,FALSE,FALSE,0,8471707
2015030241,14,even-strength,32,-3,FALSE,FALSE,TRUE,TRUE,TRUE,FALSE,0.01294859573725679,8470642
2015030241,22,even-strength,52,-5,FALSE,FALSE,TRUE,FALSE,FALSE,FALSE,0,8471707
2015030241,27,even-strength,60,16,FALSE,FALSE,TRUE,TRUE,TRUE,FALSE,0.03966181064057041,8471707
2015030241,29,even-strength,55,-18,FALSE,FALSE,TRUE,TRUE,FALSE,FALSE,0.028652000849725943,8474600
2015030241,31,even-strength,82,-22,TRUE,FALSE,TRUE,TRUE,TRUE,FALSE,0.08193869912844176,8476887
2015030241,34,power-play,83,-5,FALSE,FALSE,TRUE,TRUE,TRUE,FALSE,0.08161353959517341,8471707
2015030241,35,power-play,48,0,FALSE,FALSE,TRUE,TRUE,TRUE,FALSE,0.0440608360904261,8475218
2015030241,36,power-play,78,-3,FALSE,FALSE,TRUE,FALSE,FALSE,FALSE,0,8467371
2015030241,38,even-strength,67,10,FALSE,FALSE,TRUE,FALSE,FALSE,FALSE,0,8470642
2015030241,39,even-strength,35,-18,TRUE,FALSE,TRUE,TRUE,FALSE,FALSE,0.025604233693954623,8474600
2015030241,40,even-strength,79,-24,FALSE,FALSE,TRUE,TRUE,TRUE,FALSE,0.021300487756792937,8475714
2015030241,41,even-strength,86,4,FALSE,TRUE,TRUE,TRUE,TRUE,FALSE,0.11993522851058122,8478042
2015030241,47,even-strength,49,7,FALSE,FALSE,TRUE,TRUE,TRUE,FALSE,0.032472574314763254,8467371
2015030241,48,even-strength,54,-22,FALSE,FALSE,TRUE,TRUE,FALSE,FALSE,0.02000851583415726,8476887
2015030241,50,even-strength,55,-29,FALSE,FALSE,TRUE,FALSE,FALSE,FALSE,0,8470642
2015030241,201,even-strength,54,20,TRUE,FALSE,TRUE,FALSE,FALSE,FALSE,0,8474569
2015030241,212,even-strength,76,-23,FALSE,FALSE,TRUE,TRUE,TRUE,FALSE,0.03749280704899423,8471707
2015030241,213,even-strength,43,8,FALSE,FALSE,TRUE,TRUE,TRUE,FALSE,0.02271913403877404,8471707
2015030241,226,even-strength,75,-3,FALSE,FALSE,TRUE,FALSE,FALSE,FALSE,0,8475176
2015030241,227,even-strength,85,2,FALSE,TRUE,TRUE,TRUE,TRUE,FALSE,0.14198869999771555,8468700
2015030241,229,even-strength,35,21,FALSE,FALSE,TRUE,TRUE,TRUE,FALSE,0.01021634388581797,8467890
2015030241,235,power-play,76,20,FALSE,FALSE,TRUE,TRUE,TRUE,FALSE,0.061498628417199476,8474600
2015030241,236,power-play,67,-14,FALSE,FALSE,TRUE,FALSE,FALSE,FALSE,0,8476887
2015030241,238,power-play,60,-14,FALSE,FALSE,TRUE,TRUE,FALSE,FALSE,0.07856894590864175,8475793
2015030241,239,power-play,62,15,FALSE,FALSE,TRUE,TRUE,TRUE,TRUE,0.0857018864128457,8467370
2015030241,454,even-strength,63,21,FALSE,FALSE,TRUE,TRUE,FALSE,FALSE,0.03301962812817645,8475714
2015030241,460,even-strength,63,-12,FALSE,FALSE,TRUE,TRUE,FALSE,FALSE,0.05118524706473435,8476925
2015030241,461,even-strength,78,14,FALSE,FALSE,TRUE,TRUE,TRUE,FALSE,0.05992456057858941,8476925
2015030241,463,even-strength,48,18,FALSE,FALSE,TRUE,TRUE,TRUE,FALSE,0.020482524501692363,8476887
2015030241,464,even-strength,37,-5,FALSE,FALSE,TRUE,TRUE,TRUE,FALSE,0.018605245033776398,8474600
2015030241,466,even-strength,43,-25,FALSE,FALSE,TRUE,TRUE,TRUE,FALSE,0.01400342919059026,8475176
2015030241,485,even-strength,52,16,FALSE,FALSE,TRUE,FALSE,FALSE,FALSE,0,8474600
2015030241,494,even-strength,62,-17,FALSE,FALSE,TRUE,TRUE,TRUE,FALSE,0.04879871833669847,8474569
2015030241,496,even-strength,48,-1,TRUE,FALSE,TRUE,TRUE,TRUE,FALSE,0.07656472343596733,8467371
2015030241,497,even-strength,72,9,TRUE,TRUE,TRUE,FALSE,FALSE,FALSE,0,8475218
2015030241,514,even-strength,81,7,FALSE,FALSE,TRUE,TRUE,TRUE,FALSE,0.09478826979468231,8474569
2015030241,515,even-strength,75,17,FALSE,FALSE,TRUE,TRUE,FALSE,FALSE,0.04011144797200028,8476887
2015030241,522,even-strength,75,-38,TRUE,FALSE,TRUE,TRUE,TRUE,FALSE,0.03219370116430305,8478042
2015030241,530,even-strength,60,1,FALSE,FALSE,TRUE,FALSE,FALSE,FALSE,0,8474600
2015030241,536,even-strength,73,17,FALSE,FALSE,TRUE,TRUE,TRUE,FALSE,0.052583554326972384,8476887
2015030241,538,even-strength,82,1,FALSE,FALSE,TRUE,TRUE,TRUE,FALSE,0.13058180424876942,8475218
2015030241,541,even-strength,42,10,FALSE,FALSE,TRUE,TRUE,TRUE,FALSE,0.02169079059408105,8474600
2015030241,542,even-strength,76,11,FALSE,TRUE,TRUE,TRUE,TRUE,FALSE,0.16621117158573773,8471707
2015030241,543,even-strength,79,11,FALSE,TRUE,TRUE,TRUE,TRUE,FALSE,0.1424098764289225,8471707
2015030241,546,even-strength,28,4,FALSE,FALSE,TRUE,TRUE,TRUE,FALSE,0.011018151569172666,8475176
2015030241,755,even-strength,40,-26,FALSE,FALSE,TRUE,TRUE,FALSE,FALSE,0.0322933836778665,8468700
2015030241,756,even-strength,61,21,FALSE,FALSE,TRUE,TRUE,FALSE,FALSE,0.0629636271002378,8471707
2015030241,757,even-strength,36,11,FALSE,FALSE,TRUE,FALSE,FALSE,FALSE,0,8474600
2015030241,758,even-strength,81,-3,FALSE,TRUE,TRUE,TRUE,TRUE,TRUE,0.30462687457589926,8475793
2015030241,764,even-strength,66,-15,FALSE,FALSE,TRUE,FALSE,FALSE,FALSE,0,8474600
2015030241,765,even-strength,48,8,FALSE,FALSE,TRUE,FALSE,FALSE,FALSE,0,8470642
2015030242,11,even-strength,49,-20,FALSE,FALSE,TRUE,FALSE,FALSE,FALSE,0,8475793
2015030242,18,even-strength,40,33,FALSE,FALSE,TRUE,TRUE,TRUE,FALSE,0.009315627587789544,8475218
2015030242,19,even-strength,83,1,FALSE,FALSE,TRUE,TRUE,TRUE,FALSE,0.1150253824538656,8475225
2015030242,20,even-strength,34,18,FALSE,FALSE,TRUE,TRUE,TRUE,FALSE,0.023712426761184652,8475225
2015030242,24,even-strength,51,-26,TRUE,FALSE,TRUE,TRUE,FALSE,FALSE,0.020634837917278097,8467370
2015030242,36,even-strength,55,-21,FALSE,FALSE,TRUE,TRUE,TRUE,FALSE,0.023790742465370968,8474569
2015030242,37,even-strength,44,33,TRUE,FALSE,TRUE,TRUE,TRUE,FALSE,0.013095843632911405,8475868
2015030242,39,even-strength,47,25,FALSE,FALSE,TRUE,FALSE,FALSE,FALSE,0,8475218
2015030242,46,even-strength,63,-11,FALSE,FALSE,TRUE,FALSE,FALSE,FALSE,0,8474569
2015030242,47,even-strength,63,21,FALSE,TRUE,TRUE,FALSE,FALSE,FALSE,0,8475176
2015030242,253,even-strength,70,13,FALSE,FALSE,TRUE,TRUE,FALSE,FALSE,0.071464069040648,8476925
2015030242,256,power-play,39,29,FALSE,FALSE,TRUE,TRUE,TRUE,FALSE,0.03230743931975647,8475176
2015030242,257,power-play,45,14,TRUE,FALSE,TRUE,TRUE,FALSE,FALSE,0.06576958135537586,8474600
2015030242,258,power-play,36,1,FALSE,FALSE,TRUE,TRUE,TRUE,FALSE,0.045537164555513196,8470642
2015030242,260,power-play,65,-12,FALSE,FALSE,TRUE,TRUE,TRUE,FALSE,0.08010389573710229,8475225
2015030242,261,even-strength,66,12,FALSE,FALSE,TRUE,FALSE,FALSE,FALSE,0,8471707
2015030242,262,even-strength,62,-13,FALSE,FALSE,TRUE,TRUE,FALSE,FALSE,0.05213078232023409,8471707
2015030242,267,even-strength,84,9,FALSE,FALSE,TRUE,TRUE,TRUE,FALSE,0.06366360124828975,8474569
2015030242,269,even-strength,78,-37,FALSE,FALSE,TRUE,TRUE,TRUE,FALSE,0.01834057684422726,8478042
2015030242,280,even-strength,57,13,FALSE,FALSE,TRUE,TRUE,TRUE,FALSE,0.04818787042583108,8476887
2015030242,284,even-strength,24,-27,FALSE,FALSE,TRUE,TRUE,TRUE,FALSE,0.009077253793532759,8478042
2015030242,285,even-strength,31,28,FALSE,FALSE,TRUE,TRUE,TRUE,FALSE,0.009089761956190413,8474569
2015030242,286,even-strength,42,22,FALSE,TRUE,TRUE,FALSE,FALSE,FALSE,0,8467890
2015030242,288,even-strength,78,10,FALSE,FALSE,TRUE,TRUE,TRUE,FALSE,0.05004133159867461,8475793
2015030242,289,even-strength,60,30,FALSE,FALSE,TRUE,TRUE,FALSE,FALSE,0.00916241725688759,8474569
2015030242,294,even-strength,83,-6,FALSE,FALSE,TRUE,FALSE,FALSE,FALSE,0,8471707
2015030242,296,even-strength,84,7,FALSE,FALSE,TRUE,TRUE,TRUE,FALSE,0.05934541757552276,8475225
2015030242,298,even-strength,84,-5,FALSE,FALSE,TRUE,TRUE,TRUE,FALSE,0.10405361535383219,8478042
2015030242,299,even-strength,67,-38,FALSE,FALSE,TRUE,TRUE,TRUE,FALSE,0.013883271403784439,8467370
2015030242,455,even-strength,58,-29,TRUE,FALSE,TRUE,TRUE,TRUE,FALSE,0.03338938364912511,8476887
2015030242,458,even-strength,35,-7,FALSE,FALSE,TRUE,TRUE,FALSE,FALSE,0.018277952651657638,8470642
2015030242,459,even-strength,64,23,FALSE,FALSE,TRUE,TRUE,TRUE,FALSE,0.026768197229349845,8475793
2015030242,460,even-strength,81,12,FALSE,FALSE,TRUE,FALSE,FALSE,FALSE,0,8476887
2015030242,462,even-strength,60,18,FALSE,FALSE,TRUE,FALSE,FALSE,FALSE,0,8471707
2015030242,464,even-strength,59,-17,FALSE,FALSE,TRUE,FALSE,FALSE,FALSE,0,8467371
2015030242,465,even-strength,79,-13,FALSE,FALSE,TRUE,FALSE,FALSE,FALSE,0,8475225
2015030242,468,even-strength,54,0,TRUE,FALSE,TRUE,FALSE,FALSE,FALSE,0,8471707
2015030242,469,even-strength,84,29,FALSE,FALSE,TRUE,TRUE,FALSE,FALSE,0.017181073329132927,8476447
2015030242,477,even-strength,80,1,FALSE,FALSE,TRUE,TRUE,TRUE,FALSE,0.133642041833071,8474600
2015030242,479,even-strength,58,33,FALSE,FALSE,TRUE,TRUE,TRUE,FALSE,0.014825119741842757,8467371
2015030242,481,even-strength,35,30,FALSE,FALSE,TRUE,TRUE,TRUE,FALSE,0.009424388116021183,8475218
2015030242,482,even-strength,51,17,FALSE,FALSE,TRUE,TRUE,FALSE,FALSE,0.042384881937645426,8468700
2015030242,490,even-strength,61,33,FALSE,FALSE,TRUE,TRUE,TRUE,FALSE,0.018349864374724478,8471707
2015030242,492,power-play,49,25,FALSE,FALSE,TRUE,TRUE,TRUE,FALSE,0.04795538951711332,8476887
2015030242,494,power-play,80,7,FALSE,FALSE,TRUE,FALSE,FALSE,FALSE,0,8476887
2015030242,496,power-play,45,18,FALSE,FALSE,TRUE,TRUE,FALSE,FALSE,0.034967027824288795,8475176
2015030242,499,even-strength,74,20,FALSE,FALSE,TRUE,FALSE,FALSE,FALSE,0,8474569
2015030242,505,even-strength,55,1,FALSE,FALSE,TRUE,TRUE,TRUE,FALSE,0.03774625765249208,8475225
2015030242,512,power-play,57,-19,FALSE,TRUE,TRUE,TRUE,TRUE,FALSE,0.14566377196150632,8474600
2015030242,516,even-strength,44,-12,FALSE,FALSE,TRUE,TRUE,TRUE,FALSE,0.03219845099902276,8475176
2015030242,518,even-strength,44,26,FALSE,FALSE,TRUE,FALSE,FALSE,FALSE,0,8474569
2015030242,519,even-strength,57,-12,FALSE,FALSE,TRUE,FALSE,FALSE,FALSE,0,8478042
2015030242,528,even-strength,63,-29,FALSE,FALSE,TRUE,TRUE,TRUE,FALSE,0.020352211301492666,8475225
2015030242,531,even-strength,64,-23,FALSE,FALSE,TRUE,TRUE,TRUE,FALSE,0.022719581824045074,8474569
2015030242,532,even-strength,72,30,FALSE,FALSE,TRUE,TRUE,FALSE,FALSE,0.02527710131937015,8478042
2015030242,534,power-play,83,-15,FALSE,FALSE,TRUE,TRUE,TRUE,FALSE,0.07865338701308561,8475225
2015030242,535,power-play,79,3,FALSE,FALSE,TRUE,FALSE,FALSE,FALSE,0,8470642
2015030242,537,power-play,72,-2,FALSE,FALSE,TRUE,FALSE,FALSE,FALSE,0,8475176
2015030242,540,even-strength,64,-18,TRUE,FALSE,TRUE,FALSE,FALSE,FALSE,0,8475714
2015030242,541,even-strength,63,6,FALSE,FALSE,TRUE,TRUE,TRUE,FALSE,0.057805969523576056,8475218
2015030242,542,even-strength,64,9,FALSE,FALSE,TRUE,FALSE,FALSE,FALSE,0,8475218
2015030242,544,even-strength,56,0,FALSE,FALSE,TRUE,FALSE,FALSE,FALSE,0,8467370
2015030242,549,even-strength,38,17,FALSE,FALSE,TRUE,TRUE,FALSE,FALSE,0.013556332185784276,8474600
2015030242,550,even-strength,44,2,FALSE,FALSE,TRUE,TRUE,TRUE,TRUE,0.02950272463034907,8475218
2015030242,554,even-strength,88,6,FALSE,FALSE,TRUE,TRUE,TRUE,FALSE,0.05265298614039264,8476925
2015030242,557,even-strength,54,-27,FALSE,FALSE,TRUE,FALSE,FALSE,FALSE,0,8476887
2015030242,558,even-strength,40,29,FALSE,FALSE,TRUE,FALSE,FALSE,FALSE,0,8474600
2015030242,559,even-strength,77,6,FALSE,FALSE,TRUE,FALSE,FALSE,FALSE,0,8475218
2015030242,560,even-strength,47,8,FALSE,FALSE,TRUE,TRUE,TRUE,FALSE,0.02655501086216869,8475218
2015030242,571,even-strength,80,10,FALSE,FALSE,TRUE,TRUE,TRUE,FALSE,0.06611851513968177,8474569
2015030242,572,even-strength,81,4,FALSE,TRUE,TRUE,TRUE,TRUE,FALSE,0.2403289539338609,8467370
2015030242,573,even-strength,74,3,FALSE,TRUE,TRUE,FALSE,FALSE,FALSE,0,8474600
2015030242,574,even-strength,64,4,FALSE,TRUE,TRUE,TRUE,TRUE,FALSE,0.17538304959746578,8474600
2015030242,576,even-strength,82,1,FALSE,TRUE,TRUE,TRUE,TRUE,TRUE,0.30717458927020447,8475793
2015030242,582,even-strength,86,7,FALSE,FALSE,TRUE,TRUE,TRUE,FALSE,0.11367573364798461,8475793
2015030243,9,even-strength,61,-27,FALSE,FALSE,TRUE,TRUE,TRUE,FALSE,0.018161625130211613,8476887
2015030243,12,power-play,51,-33,FALSE,FALSE,TRUE,TRUE,FALSE,FALSE,0.028232114189497042,8474600
2015030243,13,power-play,55,33,FALSE,FALSE,TRUE,TRUE,FALSE,FALSE,0.05611696393634717,8476887
2015030243,14,power-play,46,28,FALSE,FALSE,TRUE,TRUE,TRUE,FALSE,0.04245807081384149,8475225
2015030243,15,power-play,65,26,FALSE,FALSE,TRUE,TRUE,TRUE,FALSE,0.054011908600088365,8476887
2015030243,16,even-strength,39,-20,FALSE,FALSE,TRUE,FALSE,FALSE,FALSE,0,8475218
2015030243,22,even-strength,47,-24,FALSE,FALSE,TRUE,FALSE,FALSE,FALSE,0,8475176
2015030243,27,even-strength,64,29,FALSE,FALSE,TRUE,TRUE,TRUE,FALSE,0.028872941067958454,8471707
2015030243,29,even-strength,51,21,FALSE,FALSE,TRUE,TRUE,FALSE,FALSE,0.02129555077834891,8476887
2015030243,32,even-strength,48,31,FALSE,FALSE,TRUE,FALSE,FALSE,FALSE,0,8468700
2015030243,34,even-strength,45,12,FALSE,FALSE,TRUE,FALSE,FALSE,FALSE,0,8478042
2015030243,37,even-strength,74,10,FALSE,FALSE,TRUE,FALSE,FALSE,FALSE,0,8475218
2015030243,39,even-strength,78,-1,FALSE,FALSE,TRUE,TRUE,TRUE,FALSE,0.10874837044253154,8467370
2015030243,40,even-strength,75,-3,FALSE,FALSE,TRUE,TRUE,FALSE,FALSE,0.07692702734355554,8467370
2015030243,48,even-strength,61,-16,TRUE,FALSE,TRUE,TRUE,TRUE,FALSE,0.08150251573184446,8476887
2015030243,202,even-strength,37,33,FALSE,FALSE,TRUE,FALSE,FALSE,FALSE,0,8474600
2015030243,206,even-strength,55,-2,TRUE,FALSE,TRUE,TRUE,FALSE,FALSE,0.10559888148630511,8475868
2015030243,208,even-strength,50,-1,FALSE,FALSE,TRUE,TRUE,FALSE,FALSE,0.04258370812162846,8471707
2015030243,209,even-strength,80,8,FALSE,FALSE,TRUE,FALSE,FALSE,FALSE,0,8467890
2015030243,212,even-strength,50,3,FALSE,FALSE,TRUE,TRUE,TRUE,FALSE,0.042270328443687624,8467370
2015030243,214,even-strength,38,-31,FALSE,FALSE,TRUE,FALSE,FALSE,FALSE,0,8470642
2015030243,215,even-strength,66,0,FALSE,FALSE,TRUE,FALSE,FALSE,FALSE,0,8475793
2015030243,217,even-strength,40,-28,FALSE,FALSE,TRUE,FALSE,FALSE,FALSE,0,8470642
2015030243,233,power-play,65,12,FALSE,FALSE,TRUE,TRUE,FALSE,FALSE,0.07853655993172468,8467370
2015030243,234,power-play,66,-2,FALSE,FALSE,TRUE,FALSE,FALSE,FALSE,0,8467370
2015030243,235,power-play,62,15,FALSE,FALSE,TRUE,TRUE,TRUE,FALSE,0.03919799606031426,8474600
2015030243,236,power-play,45,5,FALSE,FALSE,TRUE,TRUE,FALSE,FALSE,0.04373622184624336,8470642
2015030243,237,power-play,58,-4,FALSE,FALSE,TRUE,FALSE,FALSE,FALSE,0,8474600
2015030243,238,power-play,81,-36,FALSE,FALSE,TRUE,TRUE,TRUE,TRUE,0.04426881915808426,8471707
2015030243,244,even-strength,45,-36,FALSE,FALSE,TRUE,TRUE,FALSE,FALSE,0.012906944960453302,8475225
2015030243,245,even-strength,64,3,FALSE,FALSE,TRUE,TRUE,TRUE,FALSE,0.07635554552184515,8474600
2015030243,247,even-strength,60,17,FALSE,FALSE,TRUE,FALSE,FALSE,FALSE,0,8475714
2015030243,249,even-strength,46,15,FALSE,FALSE,TRUE,FALSE,FALSE,FALSE,0,8476887
2015030243,250,even-strength,54,-37,FALSE,TRUE,TRUE,TRUE,TRUE,FALSE,0.03932678710542899,8475793
2015030243,453,even-strength,56,10,FALSE,FALSE,TRUE,FALSE,FALSE,FALSE,0,8470642
2015030243,456,power-play,78,-3,FALSE,FALSE,TRUE,TRUE,FALSE,FALSE,0.1017077233910807,8468700
2015030243,459,even-strength,47,6,FALSE,FALSE,TRUE,TRUE,TRUE,TRUE,0.0663697945681602,8470642
2015030243,467,penalty-kill,62,-9,FALSE,FALSE,TRUE,TRUE,TRUE,FALSE,0.05396865712114739,8476447
2015030243,484,even-strength,60,30,FALSE,FALSE,TRUE,FALSE,FALSE,FALSE,0,8476887
2015030243,491,even-strength,41,29,FALSE,FALSE,TRUE,TRUE,FALSE,FALSE,0.012075616754133715,8475218
2015030243,498,even-strength,75,-7,FALSE,FALSE,TRUE,FALSE,FALSE,FALSE,0,8467370
2015030243,500,even-strength,70,17,FALSE,FALSE,TRUE,TRUE,TRUE,FALSE,0.05083949341901841,8467370
2015030243,501,even-strength,85,-11,FALSE,TRUE,TRUE,TRUE,TRUE,TRUE,0.12384412462233299,8474569
2015030243,502,even-strength,68,-12,FALSE,FALSE,TRUE,TRUE,TRUE,FALSE,0.06314161233279673,8475176
2015030243,509,even-strength,79,5,FALSE,FALSE,TRUE,TRUE,TRUE,FALSE,0.09136089321500618,8467370
2015030243,510,even-strength,53,-18,FALSE,FALSE,TRUE,TRUE,TRUE,FALSE,0.02892325824257452,8471707
2015030243,525,even-strength,45,26,TRUE,FALSE,TRUE,TRUE,TRUE,FALSE,0.026316465902184467,8475218
2015030243,528,even-strength,77,4,FALSE,FALSE,TRUE,TRUE,FALSE,FALSE,0.09682776678244456,8475225
2015030243,530,power-play,77,6,FALSE,FALSE,TRUE,FALSE,FALSE,FALSE,0,8475176
2015030243,531,power-play,55,20,FALSE,FALSE,TRUE,TRUE,TRUE,FALSE,0.05866986681723401,8467370
2015030243,532,power-play,34,7,FALSE,FALSE,TRUE,TRUE,TRUE,FALSE,0.03598262064404817,8475218
2015030243,533,power-play,52,4,FALSE,FALSE,TRUE,TRUE,TRUE,FALSE,0.0733642633750195,8467370
2015030243,535,power-play,68,-5,FALSE,FALSE,TRUE,TRUE,TRUE,FALSE,0.07652674713778103,8475225
2015030243,536,power-play,79,5,TRUE,FALSE,TRUE,TRUE,TRUE,FALSE,0.12323554740540184,8475225
2015030243,537,power-play,61,-21,FALSE,FALSE,TRUE,TRUE,TRUE,TRUE,0.06491869811969896,8476887
2015030243,538,even-strength,72,7,FALSE,FALSE,TRUE,FALSE,FALSE,FALSE,0,8475225
2015030243,539,even-strength,52,22,FALSE,FALSE,TRUE,TRUE,FALSE,FALSE,0.017984447561537307,8476887
2015030244,8,even-strength,68,0,FALSE,FALSE,TRUE,FALSE,FALSE,FALSE,0,8475176
2015030244,9,even-strength,86,7,FALSE,TRUE,TRUE,TRUE,TRUE,TRUE,0.11971233149973025,8474569
2015030244,10,even-strength,79,2,FALSE,FALSE,TRUE,FALSE,FALSE,FALSE,0,8475218
2015030244,17,even-strength,62,1,FALSE,FALSE,TRUE,FALSE,FALSE,FALSE,0,8467370
2015030244,18,even-strength,69,0,FALSE,FALSE,TRUE,TRUE,TRUE,FALSE,0.07134750712714097,8471707
2015030244,19,even-strength,85,-27,FALSE,FALSE,TRUE,FALSE,FALSE,FALSE,0,8478042
2015030244,21,even-strength,75,33,FALSE,FALSE,TRUE,TRUE,TRUE,FALSE,0.028421668861040937,8476887
2015030244,26,even-strength,59,18,FALSE,FALSE,TRUE,TRUE,TRUE,FALSE,0.03642533585915296,8471707
2015030244,27,even-strength,76,-10,FALSE,TRUE,TRUE,TRUE,TRUE,TRUE,0.18699411625928208,8467370
2015030244,30,even-strength,74,-7,FALSE,FALSE,TRUE,FALSE,FALSE,FALSE,0,8475868
2015030244,33,even-strength,76,10,FALSE,FALSE,TRUE,FALSE,FALSE,FALSE,0,8471707
2015030244,35,even-strength,79,-30,FALSE,FALSE,TRUE,TRUE,FALSE,FALSE,0.017973659481137078,8476887
2015030244,41,even-strength,61,30,FALSE,FALSE,TRUE,TRUE,TRUE,FALSE,0.020504866716866958,8467890
2015030244,44,even-strength,25,-26,FALSE,FALSE,TRUE,TRUE,TRUE,FALSE,0.006625114610897976,8475225
2015030244,45,even-strength,69,-33,TRUE,FALSE,TRUE,FALSE,FALSE,FALSE,0,8476925
2015030244,50,power-play,61,-23,FALSE,FALSE,TRUE,TRUE,FALSE,FALSE,0.043406061724321765,8475218
2015030244,202,power-play,84,-6,FALSE,TRUE,TRUE,FALSE,FALSE,FALSE,0,8475225
2015030244,203,power-play,68,6,TRUE,FALSE,TRUE,TRUE,FALSE,FALSE,0.08443265130725423,8474600
2015030244,204,power-play,80,-2,FALSE,FALSE,TRUE,FALSE,FALSE,FALSE,0,8470642
2015030244,205,even-strength,68,19,FALSE,FALSE,TRUE,TRUE,TRUE,FALSE,0.051708332858346515,8471707
2015030244,207,even-strength,32,-3,FALSE,FALSE,TRUE,TRUE,FALSE,FALSE,0.017972717931721827,8470642
2015030244,210,even-strength,88,-10,FALSE,TRUE,TRUE,TRUE,TRUE,FALSE,0.08569296142572075,8468700
2015030244,211,even-strength,87,-6,FALSE,TRUE,TRUE,TRUE,TRUE,FALSE,0.16536556115360238,8476925
2015030244,213,even-strength,63,-14,FALSE,FALSE,TRUE,FALSE,FALSE,FALSE,0,8471707
2015030244,225,even-strength,42,-20,FALSE,FALSE,TRUE,TRUE,TRUE,FALSE,0.014572398843432572,8475225
2015030244,230,even-strength,64,17,TRUE,FALSE,TRUE,TRUE,FALSE,FALSE,0.05506764674851828,8467370
2015030244,237,even-strength,75,23,FALSE,FALSE,TRUE,FALSE,FALSE,FALSE,0,8475218
2015030244,240,even-strength,57,-17,TRUE,FALSE,TRUE,TRUE,TRUE,FALSE,0.05111079950928586,8478042
2015030244,243,even-strength,67,-1,FALSE,FALSE,TRUE,TRUE,TRUE,FALSE,0.09119409764384305,8475225
2015030244,247,even-strength,89,21,FALSE,FALSE,TRUE,TRUE,FALSE,FALSE,0.14521924157837354,8471707
2015030244,401,even-strength,85,-12,FALSE,FALSE,TRUE,TRUE,TRUE,FALSE,0.035720418496468606,8468700
2015030244,407,even-strength,87,-6,FALSE,FALSE,TRUE,TRUE,TRUE,FALSE,0.04429482170422128,8467370
2015030244,415,even-strength,32,20,FALSE,FALSE,TRUE,TRUE,TRUE,FALSE,0.01670301637967033,8475176
2015030244,417,even-strength,60,15,FALSE,FALSE,TRUE,FALSE,FALSE,FALSE,0,8471707
2015030244,420,even-strength,86,7,FALSE,FALSE,TRUE,FALSE,FALSE,FALSE,0,8476887
2015030244,425,even-strength,69,-16,FALSE,FALSE,TRUE,TRUE,TRUE,FALSE,0.03933733996985631,8474600
2015030244,427,power-play,39,27,FALSE,FALSE,TRUE,TRUE,TRUE,FALSE,0.03812288789296717,8470642
2015030244,437,power-play,82,10,FALSE,FALSE,TRUE,TRUE,TRUE,FALSE,0.08565162899697569,8467370
2015030244,439,power-play,73,-13,FALSE,FALSE,TRUE,FALSE,FALSE,FALSE,0,8474600
2015030244,440,power-play,61,23,FALSE,FALSE,TRUE,TRUE,FALSE,FALSE,0.07800670515544193,8476887
2015030244,441,power-play,67,29,FALSE,FALSE,TRUE,TRUE,TRUE,FALSE,0.08387292003038366,8476887
2015030244,442,power-play,59,-18,FALSE,FALSE,TRUE,TRUE,FALSE,FALSE,0.06799349613064408,8475225
2015030244,444,power-play,62,-18,FALSE,FALSE,TRUE,FALSE,FALSE,FALSE,0,8475176
2015030244,445,power-play,64,18,FALSE,FALSE,TRUE,TRUE,TRUE,FALSE,0.08233631181336223,8471707
2015030244,609,even-strength,65,-8,FALSE,FALSE,TRUE,FALSE,FALSE,FALSE,0,8471707
2015030244,610,even-strength,35,8,FALSE,FALSE,TRUE,TRUE,FALSE,FALSE,0.021181355480491614,8475218
2015030244,611,even-strength,69,15,FALSE,FALSE,TRUE,TRUE,TRUE,FALSE,0.0449829144718757,8476447
2015030244,612,even-strength,40,-16,FALSE,FALSE,TRUE,TRUE,FALSE,FALSE,0.016977047390132425,8475868
2015030244,613,even-strength,42,-10,FALSE,FALSE,TRUE,TRUE,TRUE,FALSE,0.016899821408109788,8475225
2015030244,614,even-strength,46,-28,FALSE,FALSE,TRUE,FALSE,FALSE,FALSE,0,8470642
2015030244,615,even-strength,87,-10,FALSE,FALSE,TRUE,FALSE,FALSE,FALSE,0,8474600
2015030244,616,even-strength,84,28,FALSE,FALSE,TRUE,TRUE,FALSE,FALSE,0.02406985051831415,8475176
2015030244,617,even-strength,76,19,FALSE,FALSE,TRUE,TRUE,TRUE,FALSE,0.03662822707064572,8475218
2015030244,619,even-strength,43,-23,FALSE,FALSE,TRUE,TRUE,TRUE,FALSE,0.01881535659068558,8474600
2015030244,621,even-strength,54,3,FALSE,FALSE,TRUE,FALSE,FALSE,FALSE,0,8478042
2015030244,622,even-strength,19,-7,FALSE,FALSE,TRUE,TRUE,FALSE,FALSE,0.006457364155703545,8471707
2015030244,628,even-strength,72,-1,FALSE,FALSE,TRUE,FALSE,FALSE,FALSE,0,8467370
2015030244,629,even-strength,70,11,FALSE,TRUE,TRUE,TRUE,TRUE,TRUE,0.19579630454112873,8471707
2015030244,630,even-strength,65,-10,FALSE,TRUE,TRUE,TRUE,FALSE,FALSE,0.133575591994571,8471707
2015030244,631,even-strength,77,23,FALSE,FALSE,TRUE,TRUE,FALSE,FALSE,0.043142092906249714,8475218
2015030244,632,even-strength,85,-8,FALSE,FALSE,TRUE,TRUE,FALSE,FALSE,0.06664507490749988,8478042
2015030244,637,even-strength,48,12,FALSE,FALSE,TRUE,TRUE,TRUE,FALSE,0.024766179502500107,8474600
2015030244,641,even-strength,82,-3,FALSE,TRUE,TRUE,FALSE,FALSE,FALSE,0,8475176
2015030244,647,even-strength,50,-8,FALSE,FALSE,TRUE,FALSE,FALSE,FALSE,0,8475868
2015030244,648,even-strength,88,1,FALSE,FALSE,TRUE,TRUE,TRUE,FALSE,0.056718421154398416,8478042
2015030244,650,even-strength,54,3,FALSE,FALSE,TRUE,TRUE,TRUE,FALSE,0.03656583187367496,8478042
2015030244,801,even-strength,73,18,FALSE,FALSE,TRUE,FALSE,FALSE,FALSE,0,8474600
2015030244,802,even-strength,77,36,FALSE,FALSE,TRUE,TRUE,TRUE,FALSE,0.01593063727862527,8467370
2015030244,806,even-strength,61,18,FALSE,FALSE,TRUE,FALSE,FALSE,FALSE,0,8478042
2015030244,807,even-strength,82,8,FALSE,FALSE,TRUE,TRUE,FALSE,FALSE,0.07684517875856084,8475793
2015030244,810,even-strength,58,-22,FALSE,FALSE,TRUE,FALSE,FALSE,FALSE,0,8471707
2015030244,817,even-strength,72,35,FALSE,FALSE,TRUE,TRUE,TRUE,FALSE,0.021186419561444188,8474600
2015030244,821,even-strength,71,-12,FALSE,FALSE,TRUE,TRUE,FALSE,FALSE,0.05936445820195581,8471707
2015030244,823,power-play,45,0,FALSE,FALSE,TRUE,FALSE,FALSE,FALSE,0,8471707
2015030244,824,power-play,47,23,FALSE,FALSE,TRUE,FALSE,FALSE,FALSE,0,8474600
2015030244,825,power-play,75,-29,FALSE,FALSE,TRUE,TRUE,TRUE,FALSE,0.3443487347911967,8475225
2015030244,826,power-play,40,10,FALSE,FALSE,TRUE,TRUE,TRUE,FALSE,0.264204821661423,8474600
2015030244,827,power-play,48,-14,FALSE,FALSE,TRUE,TRUE,TRUE,FALSE,0.3558981783920088,8470642
2015030244,828,power-play,72,-16,FALSE,FALSE,TRUE,TRUE,TRUE,FALSE,0.3319703611103596,8476887
2015030244,843,even-strength,84,17,FALSE,FALSE,TRUE,TRUE,TRUE,FALSE,0.05668488926230426,8471707
2015030244,844,even-strength,82,42,FALSE,FALSE,TRUE,TRUE,TRUE,FALSE,0.0182924362165233,8471707
2015030244,850,even-strength,79,-21,FALSE,FALSE,TRUE,TRUE,TRUE,FALSE,0.06191515264220513,8478042
2015030244,957,even-strength,56,-4,FALSE,FALSE,TRUE,FALSE,FALSE,FALSE,0,8475225
2015030244,958,even-strength,41,-19,FALSE,FALSE,TRUE,TRUE,FALSE,FALSE,0.01545314886196989,8478042
2015030244,970,even-strength,39,-28,FALSE,FALSE,TRUE,FALSE,FALSE,FALSE,0,8475225
2015030244,971,even-strength,53,-4,FALSE,FALSE,TRUE,TRUE,FALSE,FALSE,0.08066347376847391,8478042
2015030244,972,even-strength,65,-29,FALSE,FALSE,TRUE,TRUE,FALSE,FALSE,0.016371838460501432,8475868
2015030244,974,power-play,57,13,FALSE,FALSE,TRUE,TRUE,TRUE,FALSE,0.35464539969252296,8471707
2015030244,977,even-strength,80,11,FALSE,FALSE,TRUE,FALSE,FALSE,FALSE,0,8475218
2015030244,980,even-strength,55,1,FALSE,FALSE,TRUE,TRUE,FALSE,FALSE,0.06525837220012279,8476447
2015030244,981,even-strength,68,23,FALSE,FALSE,TRUE,FALSE,FALSE,FALSE,0,8467890
2015030244,984,even-strength,43,-23,FALSE,FALSE,TRUE,FALSE,FALSE,FALSE,0,8475176
2015030244,985,even-strength,75,-32,FALSE,FALSE,TRUE,TRUE,TRUE,FALSE,0.02634528094640767,8475176
2015030244,995,even-strength,69,-2,FALSE,FALSE,TRUE,TRUE,FALSE,FALSE,0.10931994369109195,8474600
2015030244,996,even-strength,66,-30,FALSE,FALSE,TRUE,TRUE,TRUE,FALSE,0.019948665239312383,8475225
2015030244,998,even-strength,88,18,FALSE,FALSE,TRUE,TRUE,FALSE,FALSE,0.04235428145876893,8476887
2015030244,1053,even-strength,81,0,FALSE,FALSE,TRUE,FALSE,FALSE,FALSE,0,8468700
2015030244,1065,even-strength,49,-8,TRUE,FALSE,TRUE,TRUE,TRUE,FALSE,0.07548543873959145,8478042
2015030244,1094,even-strength,67,-2,FALSE,FALSE,TRUE,FALSE,FALSE,FALSE,0,8475176
2015030244,1100,even-strength,80,-1,FALSE,FALSE,TRUE,TRUE,TRUE,FALSE,0.2208658825455903,8474569
2015030244,1209,even-strength,39,-1,FALSE,FALSE,TRUE,TRUE,TRUE,FALSE,0.0337116593145877,8475218
2015030244,1210,even-strength,81,1,FALSE,TRUE,TRUE,TRUE,TRUE,TRUE,0.36076121921115695,8467370
2015030245,7,even-strength,57,-25,FALSE,FALSE,TRUE,TRUE,TRUE,FALSE,0.018400780739359204,8476925
2015030245,12,even-strength,55,12,TRUE,FALSE,TRUE,TRUE,FALSE,FALSE,0.06981719291732336,8476887
2015030245,27,even-strength,42,-6,FALSE,FALSE,TRUE,FALSE,FALSE,FALSE,0,8475176
2015030245,34,even-strength,56,-21,FALSE,FALSE,TRUE,TRUE,TRUE,FALSE,0.04033754269421099,8476887
2015030245,35,even-strength,32,-20,TRUE,FALSE,TRUE,TRUE,FALSE,FALSE,0.03675419658492229,8475176
2015030245,39,even-strength,54,-5,FALSE,FALSE,TRUE,TRUE,TRUE,FALSE,0.0394408447430078,8474600
2015030245,41,even-strength,37,-15,FALSE,FALSE,TRUE,TRUE,TRUE,FALSE,0.012686408606948914,8475868
2015030245,43,even-strength,51,-11,FALSE,FALSE,TRUE,FALSE,FALSE,FALSE,0,8475868
2015030245,47,even-strength,68,20,FALSE,FALSE,TRUE,TRUE,TRUE,FALSE,0.031225251037586638,8471707
2015030245,49,even-strength,38,20,FALSE,FALSE,TRUE,TRUE,FALSE,FALSE,0.010512111750471743,8470642
2015030245,50,even-strength,64,-14,FALSE,FALSE,TRUE,TRUE,TRUE,FALSE,0.04326871201209983,8476887
2015030245,205,even-strength,62,24,FALSE,FALSE,TRUE,TRUE,TRUE,FALSE,0.030591344672493068,8474600
2015030245,206,even-strength,75,3,FALSE,FALSE,TRUE,FALSE,FALSE,FALSE,0,8475793
2015030245,210,even-strength,61,-11,FALSE,FALSE,TRUE,FALSE,FALSE,FALSE,0,8467371
2015030245,211,even-strength,65,28,FALSE,TRUE,TRUE,TRUE,TRUE,FALSE,0.06993338611538294,8478042
2015030245,213,even-strength,81,-6,FALSE,FALSE,TRUE,TRUE,TRUE,TRUE,0.06798406719459493,8467370
2015030245,215,even-strength,55,0,FALSE,FALSE,TRUE,FALSE,FALSE,FALSE,0,8475225
2015030245,217,even-strength,49,33,FALSE,FALSE,TRUE,TRUE,TRUE,FALSE,0.011581166770296497,8474600
2015030245,218,even-strength,79,1,FALSE,FALSE,TRUE,TRUE,TRUE,FALSE,0.09745926107198163,8475225
2015030245,242,even-strength,70,15,TRUE,FALSE,TRUE,TRUE,TRUE,FALSE,0.07161547794901447,8475225
2015030245,243,even-strength,70,-13,FALSE,FALSE,TRUE,TRUE,FALSE,FALSE,0.03447891326141029,8475793
2015030245,249,even-strength,55,16,FALSE,FALSE,TRUE,FALSE,FALSE,FALSE,0,8470642
2015030245,405,even-strength,59,8,FALSE,FALSE,TRUE,FALSE,FALSE,FALSE,0,8474569
2015030245,408,even-strength,65,-33,FALSE,FALSE,TRUE,TRUE,FALSE,FALSE,0.01997373200758956,8478042
2015030245,409,even-strength,69,32,FALSE,FALSE,TRUE,TRUE,FALSE,FALSE,0.019066979174183082,8467890
2015030245,410,even-strength,77,-14,FALSE,FALSE,TRUE,FALSE,FALSE,FALSE,0,8478042
2015030245,411,even-strength,85,5,FALSE,FALSE,TRUE,TRUE,TRUE,FALSE,0.05745240742684106,8467370
2015030245,415,power-play,37,-4,FALSE,FALSE,TRUE,TRUE,TRUE,FALSE,0.03103623098415076,8474600
2015030245,417,power-play,42,0,FALSE,FALSE,TRUE,TRUE,TRUE,FALSE,0.04559482377624615,8470642
2015030245,427,even-strength,35,-10,FALSE,FALSE,TRUE,TRUE,FALSE,FALSE,0.011825913368871148,8474600
2015030245,429,even-strength,58,-31,FALSE,FALSE,TRUE,TRUE,TRUE,FALSE,0.017592565034766066,8475225
2015030245,431,even-strength,37,-13,FALSE,FALSE,TRUE,TRUE,FALSE,FALSE,0.0191598738641969,8475868
2015030245,432,even-strength,48,-2,FALSE,FALSE,TRUE,FALSE,FALSE,FALSE,0,8475714
2015030245,433,even-strength,61,18,FALSE,FALSE,TRUE,FALSE,FALSE,FALSE,0,8476447
2015030245,434,even-strength,61,18,FALSE,FALSE,TRUE,TRUE,FALSE,FALSE,0.024991071567864027,8470642
2015030245,438,even-strength,65,2,TRUE,FALSE,TRUE,FALSE,FALSE,FALSE,0,8476887
2015030245,439,even-strength,81,-3,FALSE,TRUE,TRUE,FALSE,FALSE,FALSE,0,8476887
2015030245,440,even-strength,67,-3,TRUE,TRUE,TRUE,FALSE,FALSE,FALSE,0,8474600
2015030245,604,even-strength,66,12,FALSE,FALSE,TRUE,TRUE,FALSE,FALSE,0.05212774506874109,8467370
2015030245,606,even-strength,37,-16,FALSE,FALSE,TRUE,TRUE,FALSE,FALSE,0.03195542905901903,8470642
2015030245,608,power-play,48,26,FALSE,FALSE,TRUE,TRUE,TRUE,FALSE,0.03654746020469006,8474600
2015030245,609,power-play,75,-25,FALSE,FALSE,TRUE,TRUE,TRUE,FALSE,0.06929075618855446,8467370
2015030245,610,power-play,63,16,FALSE,FALSE,TRUE,TRUE,FALSE,FALSE,0.07094515683439619,8471707
2015030245,611,power-play,59,-21,FALSE,FALSE,TRUE,TRUE,TRUE,FALSE,0.05689013761079429,8476887
2015030245,612,even-strength,61,-5,FALSE,FALSE,TRUE,FALSE,FALSE,FALSE,0,8475176
2015030245,614,even-strength,47,18,FALSE,FALSE,TRUE,TRUE,TRUE,FALSE,0.0243017165980947,8471707
2015030245,615,even-strength,74,-5,TRUE,FALSE,TRUE,FALSE,FALSE,FALSE,0,8475218
2015030245,617,even-strength,35,29,TRUE,FALSE,TRUE,TRUE,TRUE,FALSE,0.014235426637462708,8474600
2015030245,618,even-strength,18,23,FALSE,FALSE,TRUE,TRUE,FALSE,FALSE,0.0069795833421850435,8467890
2015030245,625,even-strength,62,-18,TRUE,FALSE,TRUE,FALSE,FALSE,FALSE,0,8475176
2015030245,628,even-strength,70,-19,FALSE,FALSE,TRUE,TRUE,FALSE,FALSE,0.050785772302958096,8475868
2015030245,629,even-strength,38,32,FALSE,FALSE,TRUE,TRUE,FALSE,FALSE,0.0113279894675715,8474600
2015030245,630,even-strength,66,26,FALSE,FALSE,TRUE,TRUE,TRUE,FALSE,0.022503057605541305,8468700
2015030245,631,even-strength,84,34,FALSE,TRUE,TRUE,TRUE,TRUE,FALSE,0.05900730831328294,8476447
2015030245,633,even-strength,68,-5,FALSE,FALSE,TRUE,FALSE,FALSE,FALSE,0,8478042
2015030245,634,even-strength,38,11,FALSE,FALSE,TRUE,TRUE,FALSE,FALSE,0.019312571475645753,8475218
2015030245,645,penalty-kill,-45,25,FALSE,FALSE,TRUE,TRUE,TRUE,FALSE,0.001370066996378183,8467890
2015030245,647,penalty-kill,-50,5,FALSE,FALSE,TRUE,TRUE,TRUE,FALSE,0.002866022069162298,8468700
2015030245,650,even-strength,57,16,FALSE,FALSE,TRUE,FALSE,FALSE,FALSE,0,8467890
2015030245,801,even-strength,-61,-5,FALSE,FALSE,TRUE,TRUE,FALSE,FALSE,1.9793372614112682e-4,8475868
2015030246,8,even-strength,51,-4,FALSE,FALSE,TRUE,TRUE,FALSE,FALSE,0.043671540796726076,8475714
2015030246,13,even-strength,81,3,FALSE,FALSE,TRUE,FALSE,FALSE,FALSE,0,8475793
2015030246,15,even-strength,38,21,FALSE,FALSE,TRUE,TRUE,FALSE,FALSE,0.015942480041216726,8474600
2015030246,22,even-strength,77,-5,FALSE,FALSE,TRUE,FALSE,FALSE,FALSE,0,8476447
2015030246,30,even-strength,79,-16,FALSE,FALSE,TRUE,TRUE,TRUE,FALSE,0.036050385255453156,8478042
2015030246,32,even-strength,78,-5,FALSE,FALSE,TRUE,FALSE,FALSE,FALSE,0,8470642
2015030246,38,even-strength,33,23,TRUE,FALSE,TRUE,TRUE,TRUE,FALSE,0.013804621326745568,8475218
2015030246,47,even-strength,81,1,TRUE,FALSE,TRUE,TRUE,TRUE,TRUE,0.2387147128272427,8474600
2015030246,255,even-strength,64,13,FALSE,FALSE,TRUE,FALSE,FALSE,FALSE,0,8476887
2015030246,256,even-strength,82,-3,FALSE,FALSE,TRUE,TRUE,FALSE,FALSE,0.10223256305252595,8478042
2015030246,257,even-strength,78,16,FALSE,FALSE,TRUE,FALSE,FALSE,FALSE,0,8476887
2015030246,258,even-strength,81,11,FALSE,FALSE,TRUE,TRUE,TRUE,FALSE,0.04651400662125907,8475793
2015030246,261,even-strength,69,-20,FALSE,FALSE,TRUE,TRUE,TRUE,FALSE,0.03219905895504657,8470642
2015030246,270,even-strength,60,38,FALSE,FALSE,TRUE,TRUE,TRUE,FALSE,0.03597661495051716,8474569
2015030246,271,even-strength,54,0,FALSE,FALSE,TRUE,TRUE,FALSE,FALSE,0.06733558035440201,8470642
2015030246,273,even-strength,81,-3,FALSE,FALSE,TRUE,TRUE,TRUE,TRUE,0.10762672911886148,8475793
2015030246,275,even-strength,72,22,FALSE,FALSE,TRUE,TRUE,FALSE,FALSE,0.07119440063902317,8476887
2015030246,276,even-strength,70,-25,FALSE,FALSE,TRUE,TRUE,FALSE,FALSE,0.04451287913469638,8478042
2015030246,279,even-strength,70,-8,FALSE,FALSE,TRUE,TRUE,TRUE,FALSE,0.06195468685011748,8474569
2015030246,281,even-strength,80,-5,FALSE,FALSE,TRUE,FALSE,FALSE,FALSE,0,8475793
2015030246,283,even-strength,66,37,FALSE,FALSE,TRUE,TRUE,FALSE,FALSE,0.017053731115697367,8476447
2015030246,289,even-strength,53,-8,TRUE,FALSE,TRUE,TRUE,TRUE,FALSE,0.04764024456456974,8467370
2015030246,292,even-strength,70,39,FALSE,FALSE,TRUE,TRUE,FALSE,FALSE,0.020214617798109964,8475793
2015030246,293,even-strength,74,-34,FALSE,FALSE,TRUE,TRUE,TRUE,FALSE,0.02656191188650277,8476887
2015030246,294,even-strength,22,-28,FALSE,FALSE,TRUE,TRUE,TRUE,FALSE,0.0045120715299535544,8475176
2015030246,299,even-strength,69,-18,FALSE,FALSE,TRUE,TRUE,TRUE,FALSE,0.03471050379573074,8475225
2015030246,405,even-strength,69,-11,FALSE,FALSE,TRUE,TRUE,FALSE,FALSE,0.04891162909623811,8467370
2015030246,406,even-strength,76,4,FALSE,FALSE,TRUE,FALSE,FALSE,FALSE,0,8475218
2015030246,408,even-strength,81,15,FALSE,FALSE,TRUE,FALSE,FALSE,FALSE,0,8475793
2015030246,410,even-strength,57,22,FALSE,FALSE,TRUE,TRUE,TRUE,FALSE,0.036781668027494066,8475225
2015030246,412,even-strength,31,1,FALSE,FALSE,TRUE,TRUE,TRUE,FALSE,0.013600599794626066,8475868
2015030246,413,even-strength,85,-13,FALSE,FALSE,TRUE,TRUE,FALSE,FALSE,0.03452585174295684,8467890
2015030246,414,even-strength,76,-7,FALSE,FALSE,TRUE,FALSE,FALSE,FALSE,0,8475225
2015030246,415,even-strength,64,0,FALSE,FALSE,TRUE,TRUE,TRUE,FALSE,0.06308270130221738,8474569
2015030246,416,even-strength,39,38,FALSE,FALSE,TRUE,TRUE,TRUE,FALSE,0.006588242048585414,8475218
2015030246,417,even-strength,61,-14,FALSE,FALSE,TRUE,TRUE,TRUE,FALSE,0.055629491885104465,8476887
2015030246,418,even-strength,78,-9,FALSE,FALSE,TRUE,TRUE,TRUE,FALSE,0.08137138358845328,8468700
2015030246,419,even-strength,57,-15,FALSE,FALSE,TRUE,TRUE,FALSE,FALSE,0.026309340743309678,8468700
2015030246,420,even-strength,80,11,FALSE,FALSE,TRUE,FALSE,FALSE,FALSE,0,8475868
2015030246,421,even-strength,79,0,FALSE,FALSE,TRUE,FALSE,FALSE,FALSE,0,8475218
2015030246,426,even-strength,82,6,FALSE,TRUE,TRUE,TRUE,TRUE,FALSE,0.20564069357557888,8475868
2015030246,433,even-strength,81,0,FALSE,FALSE,TRUE,FALSE,FALSE,FALSE,0,8475793
2015030246,437,even-strength,51,-22,FALSE,FALSE,TRUE,TRUE,TRUE,FALSE,0.02190896450260002,8476447
2015030246,439,power-play,53,-2,FALSE,FALSE,TRUE,TRUE,TRUE,FALSE,0.050968798195031584,8475218
2015030246,441,power-play,60,20,FALSE,FALSE,TRUE,TRUE,FALSE,FALSE,0.05890716632278821,8474600
2015030246,442,even-strength,74,-27,TRUE,FALSE,TRUE,FALSE,FALSE,FALSE,0,8475714
2015030246,443,even-strength,78,9,FALSE,FALSE,TRUE,FALSE,FALSE,FALSE,0,8475218
2015030246,444,even-strength,77,13,FALSE,FALSE,TRUE,FALSE,FALSE,FALSE,0,8475225
2015030246,448,even-strength,80,25,FALSE,FALSE,TRUE,FALSE,FALSE,FALSE,0,8474600
2015030246,449,even-strength,71,-27,FALSE,FALSE,TRUE,TRUE,FALSE,FALSE,0.03358303718123902,8470642
2015030246,603,even-strength,64,10,FALSE,FALSE,TRUE,FALSE,FALSE,FALSE,0,8475714
2015030246,604,even-strength,87,11,FALSE,FALSE,TRUE,TRUE,TRUE,FALSE,0.036334028004805154,8476447
2015030246,610,even-strength,78,24,FALSE,FALSE,TRUE,TRUE,FALSE,FALSE,0.02892049160677398,8476887
2015030246,611,even-strength,68,-8,FALSE,FALSE,TRUE,TRUE,FALSE,FALSE,0.049219340186257135,8467371
2015030246,613,even-strength,82,6,FALSE,FALSE,TRUE,TRUE,TRUE,TRUE,0.0867635616995082,8474569
2015030246,615,even-strength,69,-14,TRUE,FALSE,TRUE,TRUE,TRUE,FALSE,0.08788615896587172,8475714
2015030246,616,even-strength,34,-18,FALSE,FALSE,TRUE,TRUE,FALSE,FALSE,0.012155926775533395,8470642
2015030246,617,even-strength,41,-23,FALSE,FALSE,TRUE,TRUE,FALSE,FALSE,0.015178036207954482,8470642
2015030246,618,even-strength,55,8,FALSE,FALSE,TRUE,TRUE,TRUE,FALSE,0.043012453433109873,8474569
2015030246,619,even-strength,78,-1,FALSE,FALSE,TRUE,FALSE,FALSE,FALSE,0,8470642
2015030246,620,even-strength,76,30,FALSE,FALSE,TRUE,TRUE,TRUE,FALSE,0.02666142351433143,8476887
2015030246,622,even-strength,54,17,FALSE,FALSE,TRUE,TRUE,FALSE,FALSE,0.027719274921874478,8476887
2015030246,623,even-strength,90,-11,FALSE,FALSE,TRUE,FALSE,FALSE,FALSE,0,8475225
2015030246,625,even-strength,63,-23,FALSE,FALSE,TRUE,TRUE,TRUE,FALSE,0.026094732199927747,8471707
2015030246,626,even-strength,49,-10,FALSE,FALSE,TRUE,FALSE,FALSE,FALSE,0,8475176
2015030246,627,even-strength,84,-1,FALSE,FALSE,TRUE,TRUE,TRUE,FALSE,0.11241979019051201,8471707
2015030246,628,even-strength,84,5,FALSE,FALSE,TRUE,TRUE,FALSE,FALSE,0.08168393985884535,8471707
2015030246,629,even-strength,79,0,FALSE,FALSE,TRUE,FALSE,FALSE,FALSE,0,8475218
2015030246,630,even-strength,55,22,FALSE,FALSE,TRUE,TRUE,FALSE,FALSE,0.02221509278657028,8474569
2015030246,631,even-strength,39,-27,FALSE,FALSE,TRUE,FALSE,FALSE,FALSE,0,8470642
2015030246,633,even-strength,55,7,FALSE,FALSE,TRUE,TRUE,TRUE,FALSE,0.04700360087846815,8467370
2015030246,634,even-strength,62,2,FALSE,FALSE,TRUE,FALSE,FALSE,FALSE,0,8474600
2015030246,637,even-strength,81,30,FALSE,FALSE,TRUE,TRUE,TRUE,FALSE,0.01911742672413118,8468700
2015030246,645,even-strength,26,33,FALSE,FALSE,TRUE,TRUE,TRUE,FALSE,0.006163101814896935,8474600
2015030246,648,even-strength,67,14,FALSE,FALSE,TRUE,FALSE,FALSE,FALSE,0,8471707
2015030246,804,even-strength,67,15,FALSE,FALSE,TRUE,TRUE,TRUE,TRUE,0.05286250793544871,8478042
2015030247,9,even-strength,37,31,FALSE,FALSE,TRUE,TRUE,FALSE,FALSE,0.009188647548768747,8474600
2015030247,10,even-strength,77,9,FALSE,TRUE,TRUE,FALSE,FALSE,FALSE,0,8471707
2015030247,18,even-strength,48,-8,TRUE,FALSE,TRUE,FALSE,FALSE,FALSE,0,8478042
2015030247,23,even-strength,60,29,FALSE,FALSE,TRUE,FALSE,FALSE,FALSE,0,8471707
2015030247,24,even-strength,52,-13,FALSE,FALSE,TRUE,FALSE,FALSE,FALSE,0,8471707
2015030247,32,even-strength,83,29,FALSE,FALSE,TRUE,TRUE,TRUE,FALSE,0.02216460017888627,8467370
2015030247,40,even-strength,75,-7,FALSE,FALSE,TRUE,TRUE,FALSE,FALSE,0.07049015439404702,8475793
2015030247,41,even-strength,78,13,FALSE,FALSE,TRUE,FALSE,FALSE,FALSE,0,8478042
2015030247,42,even-strength,81,18,FALSE,FALSE,TRUE,TRUE,TRUE,FALSE,0.03405227490217048,8476887
2015030247,46,even-strength,72,1,FALSE,FALSE,TRUE,FALSE,FALSE,FALSE,0,8476925
2015030247,254,even-strength,81,36,FALSE,FALSE,TRUE,TRUE,FALSE,FALSE,0.021487129721086507,8471707
2015030247,255,even-strength,74,7,FALSE,FALSE,TRUE,TRUE,FALSE,FALSE,0.06617727998804736,8474569
2015030247,262,even-strength,82,-27,FALSE,FALSE,TRUE,TRUE,FALSE,FALSE,0.029525890889972303,8471707
2015030247,263,even-strength,62,-23,FALSE,FALSE,TRUE,FALSE,FALSE,FALSE,0,8471707
2015030247,266,even-strength,64,34,TRUE,FALSE,TRUE,TRUE,TRUE,FALSE,0.03092675177324935,8475218
2015030247,284,penalty-kill,-71,28,FALSE,FALSE,TRUE,TRUE,TRUE,FALSE,5.122490672137854e-4,8475218
2015030247,290,even-strength,85,18,FALSE,FALSE,TRUE,TRUE,FALSE,FALSE,0.03993706902914429,8476887
2015030247,292,even-strength,58,27,FALSE,FALSE,TRUE,FALSE,FALSE,FALSE,0,8475714
2015030247,293,even-strength,61,-25,FALSE,FALSE,TRUE,FALSE,FALSE,FALSE,0,8476887
2015030247,294,even-strength,41,-34,FALSE,FALSE,TRUE,TRUE,TRUE,FALSE,0.011757515826242973,8470642
2015030247,295,even-strength,53,21,FALSE,TRUE,TRUE,FALSE,FALSE,FALSE,0,8475868
2015030247,296,even-strength,59,-6,FALSE,TRUE,TRUE,TRUE,TRUE,FALSE,0.12662080506482343,8471707
2015030247,297,even-strength,60,-24,FALSE,FALSE,TRUE,FALSE,FALSE,FALSE,0,8471707
2015030247,299,even-strength,43,-39,FALSE,FALSE,TRUE,TRUE,FALSE,FALSE,0.011966800658500623,8478042
2015030247,300,even-strength,69,-10,FALSE,FALSE,TRUE,FALSE,FALSE,FALSE,0,8470642
2015030247,457,even-strength,50,-36,FALSE,FALSE,TRUE,TRUE,FALSE,FALSE,0.019068575473182265,8478042
2015030247,458,even-strength,59,28,FALSE,FALSE,TRUE,FALSE,FALSE,FALSE,0,8474569
2015030247,459,even-strength,49,-2,TRUE,FALSE,TRUE,TRUE,FALSE,FALSE,0.08919465406718388,8476447
2015030247,460,even-strength,37,23,FALSE,FALSE,TRUE,TRUE,TRUE,FALSE,0.011816942752668784,8475218
2015030247,466,even-strength,51,-18,FALSE,FALSE,TRUE,TRUE,TRUE,FALSE,0.01897482377756308,8475793
2015030247,467,even-strength,56,3,FALSE,FALSE,TRUE,TRUE,FALSE,FALSE,0.05489537209561324,8476887
2015030247,468,even-strength,50,-10,FALSE,FALSE,TRUE,FALSE,FALSE,FALSE,0,8471707
2015030247,472,even-strength,51,0,FALSE,FALSE,TRUE,FALSE,FALSE,FALSE,0,8476447
2015030247,473,even-strength,60,2,FALSE,FALSE,TRUE,TRUE,FALSE,FALSE,0.03754921609127248,8476447
2015030247,477,even-strength,63,-14,FALSE,FALSE,TRUE,FALSE,FALSE,FALSE,0,8476447
2015030247,479,even-strength,64,-39,FALSE,FALSE,TRUE,TRUE,FALSE,FALSE,0.015853509727114724,8475793
2015030247,480,even-strength,71,-10,FALSE,FALSE,TRUE,FALSE,FALSE,FALSE,0,8475793
2015030247,485,even-strength,60,19,FALSE,FALSE,TRUE,FALSE,FALSE,FALSE,0,8475714
2015030247,486,even-strength,40,28,FALSE,FALSE,TRUE,FALSE,FALSE,FALSE,0,8475218
2015030247,604,even-strength,85,36,FALSE,FALSE,TRUE,TRUE,FALSE,FALSE,0.016826264403668575,8475793
2015030247,605,even-strength,61,40,FALSE,FALSE,TRUE,TRUE,FALSE,FALSE,0.01242393629904696,8471707
2015030247,607,even-strength,55,-25,FALSE,FALSE,TRUE,TRUE,TRUE,FALSE,0.020848159739198343,8470642
2015030247,611,even-strength,58,-33,FALSE,FALSE,TRUE,TRUE,FALSE,FALSE,0.014041504728385501,8471707
2015030247,615,even-strength,37,33,FALSE,FALSE,TRUE,FALSE,FALSE,FALSE,0,8467890
2015030247,617,even-strength,35,-24,FALSE,TRUE,TRUE,TRUE,FALSE,FALSE,0.03168318061953608,8475176
2015030247,619,even-strength,76,-3,TRUE,FALSE,TRUE,TRUE,TRUE,FALSE,0.1716295168191764,8478042
2015030247,622,even-strength,34,-7,FALSE,FALSE,TRUE,TRUE,TRUE,FALSE,0.01518627348701932,8475176
2015030247,623,even-strength,44,24,FALSE,FALSE,TRUE,FALSE,FALSE,FALSE,0,8475225
2015030247,624,even-strength,74,-10,FALSE,FALSE,TRUE,TRUE,FALSE,FALSE,0.0498463303365444,8475225
2015030247,626,even-strength,66,18,FALSE,FALSE,TRUE,TRUE,TRUE,FALSE,0.03752374788761092,8471707
2015030247,633,even-strength,83,-9,FALSE,FALSE,TRUE,TRUE,TRUE,FALSE,0.04911899745575695,8476925
2015030247,634,even-strength,37,-30,FALSE,FALSE,TRUE,TRUE,TRUE,FALSE,0.011026512887279669,8475176
2015030247,635,even-strength,32,34,FALSE,FALSE,TRUE,TRUE,TRUE,FALSE,0.006382333670142461,8474600
2015030247,638,even-strength,33,33,FALSE,FALSE,TRUE,TRUE,TRUE,FALSE,0.006806312350306017,8474600
2015030247,640,power-play,68,7,FALSE,FALSE,TRUE,TRUE,TRUE,FALSE,0.08302690702997209,8471707
2015030247,641,power-play,61,18,FALSE,FALSE,TRUE,FALSE,FALSE,FALSE,0,8475218
2015030247,642,power-play,48,-28,FALSE,FALSE,TRUE,TRUE,TRUE,FALSE,0.027958908195535204,8474600
2015030247,644,even-strength,83,-21,FALSE,FALSE,TRUE,TRUE,TRUE,FALSE,0.0360967252363934,8475868
2015030247,646,even-strength,35,-11,FALSE,FALSE,TRUE,TRUE,TRUE,FALSE,0.02772602200741395,8474600
2015030247,648,even-strength,36,-32,FALSE,FALSE,TRUE,TRUE,FALSE,FALSE,0.007656339352131557,8470642
2015030321,55,even-strength,71,25,FALSE,FALSE,TRUE,TRUE,TRUE,FALSE,0.02619196008377978,8475765
2015030321,56,even-strength,74,5,FALSE,FALSE,TRUE,FALSE,FALSE,FALSE,0,8475765
2015030321,57,even-strength,69,35,FALSE,FALSE,TRUE,TRUE,TRUE,FALSE,0.013551700358852906,8468505
2015030321,61,even-strength,78,-12,TRUE,FALSE,TRUE,FALSE,FALSE,FALSE,0,8470257
2015030321,63,even-strength,49,-21,FALSE,FALSE,TRUE,FALSE,FALSE,FALSE,0,8476892
2015030321,71,even-strength,82,8,FALSE,FALSE,TRUE,FALSE,FALSE,FALSE,0,8470257
2015030321,73,even-strength,34,24,FALSE,FALSE,TRUE,TRUE,TRUE,FALSE,0.01012561366852018,8476441
2015030321,74,even-strength,75,7,FALSE,TRUE,TRUE,TRUE,TRUE,FALSE,0.17655413562463584,8474627
2015030321,77,even-strength,74,10,TRUE,FALSE,TRUE,TRUE,FALSE,FALSE,0.14954034530210283,8477952
2015030321,79,even-strength,48,0,FALSE,FALSE,TRUE,TRUE,TRUE,FALSE,0.02735454982742255,8473534
2015030321,80,even-strength,78,-13,FALSE,FALSE,TRUE,TRUE,TRUE,FALSE,0.037166612727364816,8473534
2015030321,83,even-strength,17,-10,FALSE,FALSE,TRUE,TRUE,FALSE,FALSE,0.007390635027313116,8476892
2015030321,85,even-strength,73,30,FALSE,FALSE,TRUE,TRUE,TRUE,FALSE,0.021775342800431693,8470151
2015030321,88,even-strength,73,9,FALSE,FALSE,TRUE,FALSE,FALSE,FALSE,0,8475768
2015030321,94,even-strength,63,-10,FALSE,FALSE,TRUE,TRUE,TRUE,FALSE,0.043136817178551036,8474627
2015030321,95,even-strength,66,35,FALSE,FALSE,TRUE,TRUE,TRUE,FALSE,0.013497107317889749,8475768
2015030321,99,power-play,76,1,FALSE,FALSE,TRUE,TRUE,TRUE,TRUE,0.13713733068462655,8470655
2015030321,203,even-strength,62,18,FALSE,FALSE,TRUE,TRUE,TRUE,FALSE,0.028254954468410334,8476441
2015030321,222,even-strength,61,29,FALSE,FALSE,TRUE,TRUE,FALSE,FALSE,0.02144502592407423,8470151
2015030321,223,even-strength,59,-29,FALSE,FALSE,TRUE,TRUE,FALSE,FALSE,0.019279025087628826,8471669
2015030321,227,even-strength,76,23,TRUE,FALSE,TRUE,TRUE,TRUE,FALSE,0.0584129938128971,8470655
2015030321,231,even-strength,55,31,TRUE,FALSE,TRUE,TRUE,TRUE,TRUE,0.04457258337686081,8474627
2015030321,233,even-strength,78,-1,FALSE,FALSE,TRUE,FALSE,FALSE,FALSE,0,8474565
2015030321,242,even-strength,61,0,FALSE,FALSE,TRUE,FALSE,FALSE,FALSE,0,8475765
2015030321,246,even-strength,51,-21,FALSE,FALSE,TRUE,TRUE,TRUE,FALSE,0.022442136224501214,8470655
2015030321,401,even-strength,66,29,FALSE,FALSE,TRUE,TRUE,TRUE,FALSE,0.02963870599911588,8475765
2015030321,404,even-strength,36,-16,FALSE,FALSE,TRUE,FALSE,FALSE,FALSE,0,8476892
2015030321,406,even-strength,44,-15,FALSE,FALSE,TRUE,FALSE,FALSE,FALSE,0,8474031
2015030321,415,even-strength,-43,-39,FALSE,FALSE,TRUE,TRUE,TRUE,FALSE,3.0931624631418033e-4,8476892
2015030321,417,even-strength,68,-23,FALSE,FALSE,TRUE,FALSE,FALSE,FALSE,0,8475765
2015030321,430,even-strength,67,20,FALSE,FALSE,TRUE,FALSE,FALSE,FALSE,0,8477952
2015030321,431,even-strength,40,1,FALSE,FALSE,TRUE,TRUE,FALSE,FALSE,0.03113892581038986,8474031
2015030321,436,even-strength,48,20,FALSE,FALSE,TRUE,FALSE,FALSE,FALSE,0,8474031
2015030321,444,even-strength,59,10,FALSE,FALSE,TRUE,FALSE,FALSE,FALSE,0,8475765
2015030321,446,even-strength,72,8,FALSE,FALSE,TRUE,TRUE,TRUE,FALSE,0.1114629497268551,8471669
2015030321,447,even-strength,52,21,FALSE,FALSE,TRUE,TRUE,TRUE,FALSE,0.02882761537480089,8476892
2015030321,602,penalty-kill,69,12,FALSE,FALSE,TRUE,TRUE,TRUE,FALSE,0.07674800262089633,8470655
2015030321,609,power-play,69,28,FALSE,FALSE,TRUE,TRUE,TRUE,FALSE,0.05433684747353757,8474031
2015030321,610,power-play,74,-16,FALSE,FALSE,TRUE,TRUE,TRUE,FALSE,0.07903399944004205,8470257
2015030321,612,even-strength,84,-8,FALSE,FALSE,TRUE,TRUE,TRUE,FALSE,0.09258112136435731,8470655
2015030321,613,even-strength,76,-20,FALSE,FALSE,TRUE,TRUE,TRUE,FALSE,0.04004585028253692,8475768
2015030322,56,even-strength,75,0,FALSE,FALSE,TRUE,TRUE,TRUE,FALSE,0.1469227055470826,8475765
2015030322,62,even-strength,78,-24,FALSE,FALSE,TRUE,TRUE,TRUE,FALSE,0.02619650553186541,8470655
2015030322,65,even-strength,47,29,FALSE,FALSE,TRUE,TRUE,TRUE,FALSE,0.012960859905746172,8474125
2015030322,68,even-strength,76,-12,FALSE,FALSE,TRUE,FALSE,FALSE,FALSE,0,8476892
2015030322,71,even-strength,50,-17,FALSE,FALSE,TRUE,FALSE,FALSE,FALSE,0,8476892
2015030322,72,even-strength,63,-33,FALSE,FALSE,TRUE,TRUE,TRUE,FALSE,0.017312474943473256,8470105
2015030322,86,power-play,43,-1,FALSE,FALSE,TRUE,TRUE,TRUE,FALSE,0.04272331965321123,8474031
2015030322,87,power-play,79,21,FALSE,FALSE,TRUE,TRUE,TRUE,FALSE,0.062092026470607825,8475765
2015030322,88,power-play,84,11,FALSE,FALSE,TRUE,TRUE,TRUE,FALSE,0.059344235385773325,8475765
2015030322,89,power-play,74,18,FALSE,FALSE,TRUE,TRUE,TRUE,FALSE,0.04311191689447241,8477952
2015030322,91,even-strength,69,18,TRUE,FALSE,TRUE,TRUE,FALSE,FALSE,0.06029988313971174,8473534
2015030322,92,even-strength,74,-2,FALSE,FALSE,TRUE,TRUE,FALSE,FALSE,0.07800398164328075,8473534
2015030322,304,even-strength,12,33,FALSE,FALSE,TRUE,TRUE,TRUE,FALSE,0.002080294876756485,8470151
2015030322,315,even-strength,79,14,FALSE,FALSE,TRUE,TRUE,TRUE,FALSE,0.06272595382548699,8473534
2015030322,323,power-play,78,13,FALSE,FALSE,TRUE,FALSE,FALSE,FALSE,0,8475765
2015030322,324,power-play,39,2,FALSE,FALSE,TRUE,TRUE,TRUE,FALSE,0.04935315029854318,8476892
2015030322,325,power-play,78,-2,FALSE,TRUE,TRUE,TRUE,TRUE,FALSE,0.3033636992425554,8475768
2015030322,341,even-strength,39,24,FALSE,FALSE,TRUE,TRUE,TRUE,FALSE,0.010822706959286879,8476441
2015030322,343,even-strength,63,4,FALSE,FALSE,TRUE,FALSE,FALSE,FALSE,0,8475765
2015030322,344,even-strength,65,-26,FALSE,FALSE,TRUE,FALSE,FALSE,FALSE,0,8474031
2015030322,346,even-strength,41,25,FALSE,FALSE,TRUE,FALSE,FALSE,FALSE,0,8475765
2015030322,349,even-strength,64,-29,FALSE,FALSE,TRUE,TRUE,FALSE,FALSE,0.022746844927849712,8470105
2015030322,553,even-strength,61,20,FALSE,FALSE,TRUE,TRUE,TRUE,FALSE,0.03504515359403514,8474565
2015030322,555,even-strength,67,-20,FALSE,FALSE,TRUE,TRUE,FALSE,FALSE,0.03199515227030371,8471426
2015030322,558,even-strength,-6,-35,FALSE,FALSE,TRUE,TRUE,TRUE,FALSE,0.0013459479716868424,8475765
2015030322,565,power-play,62,13,FALSE,FALSE,TRUE,TRUE,TRUE,FALSE,0.05363058942533488,8475765
2015030322,568,power-play,52,18,TRUE,FALSE,TRUE,TRUE,TRUE,FALSE,0.06087983122410263,8474031
2015030322,569,power-play,72,-8,FALSE,FALSE,TRUE,TRUE,TRUE,FALSE,0.1205941092043318,8471426
2015030322,570,power-play,50,26,FALSE,TRUE,TRUE,TRUE,TRUE,FALSE,0.19479399600380015,8470257
2015030322,571,power-play,39,-10,FALSE,FALSE,TRUE,TRUE,FALSE,FALSE,0.04310901397398294,8474031
2015030322,573,even-strength,77,7,FALSE,FALSE,TRUE,TRUE,TRUE,FALSE,0.11904032289879841,8475768
2015030322,578,even-strength,53,35,FALSE,FALSE,TRUE,TRUE,TRUE,FALSE,0.012375553366609041,8476441
2015030322,579,even-strength,12,-32,FALSE,FALSE,TRUE,TRUE,TRUE,FALSE,0.003039270834849108,8474565
2015030322,581,even-strength,44,2,FALSE,FALSE,TRUE,FALSE,FALSE,FALSE,0,8476892
2015030322,584,even-strength,57,-33,FALSE,FALSE,TRUE,TRUE,TRUE,FALSE,0.01620787403147325,8474031
2015030322,585,even-strength,70,7,TRUE,FALSE,TRUE,FALSE,FALSE,FALSE,0,8471669
2015030322,587,even-strength,37,-16,FALSE,FALSE,TRUE,TRUE,FALSE,FALSE,0.01222659607679652,8474031
2015030322,588,even-strength,75,-2,FALSE,FALSE,TRUE,TRUE,FALSE,FALSE,0.06845749862129091,8473534
2015030322,589,even-strength,72,5,FALSE,FALSE,TRUE,FALSE,FALSE,FALSE,0,8470151
2015030322,594,even-strength,51,-23,FALSE,FALSE,TRUE,TRUE,TRUE,FALSE,0.017884771346207553,8474031
2015030322,595,even-strength,77,9,FALSE,FALSE,TRUE,FALSE,FALSE,FALSE,0,8470655
2015030322,597,power-play,75,5,FALSE,FALSE,TRUE,TRUE,TRUE,FALSE,0.0861744082053222,8471426
2015030322,598,power-play,72,0,FALSE,TRUE,TRUE,TRUE,FALSE,FALSE,0.29320800720033324,8471426
2015030322,600,power-play,60,14,FALSE,FALSE,TRUE,TRUE,TRUE,FALSE,0.06856491855314745,8475765
2015030322,753,power-play,45,16,FALSE,FALSE,TRUE,TRUE,FALSE,FALSE,0.048704230076794655,8470257
2015030322,754,power-play,76,-12,FALSE,FALSE,TRUE,FALSE,FALSE,FALSE,0,8475765
2015030322,756,even-strength,68,5,FALSE,FALSE,TRUE,FALSE,FALSE,FALSE,0,8476892
2015030322,757,even-strength,69,-3,FALSE,FALSE,TRUE,FALSE,FALSE,FALSE,0,8470257
2015030322,758,even-strength,60,-25,FALSE,FALSE,TRUE,TRUE,FALSE,FALSE,0.04573548521462299,8470655
2015030323,7,even-strength,39,-20,FALSE,FALSE,TRUE,TRUE,TRUE,FALSE,0.013281218967021696,8470655
2015030323,12,even-strength,87,-5,FALSE,FALSE,TRUE,TRUE,TRUE,FALSE,0.02999403250753898,8476436
2015030323,14,even-strength,77,23,FALSE,FALSE,TRUE,TRUE,TRUE,FALSE,0.046983788228263546,8475768
2015030323,15,even-strength,63,-15,TRUE,FALSE,TRUE,TRUE,FALSE,FALSE,0.06584983890031126,8470803
2015030323,17,even-strength,25,23,FALSE,FALSE,TRUE,TRUE,FALSE,FALSE,0.006246076096221495,8470151
2015030323,19,even-strength,75,3,FALSE,TRUE,TRUE,TRUE,TRUE,FALSE,0.2585741575610523,8470655
2015030323,20,even-strength,82,-2,FALSE,FALSE,TRUE,TRUE,FALSE,FALSE,0.1815921961180728,8474627
2015030323,22,even-strength,57,15,FALSE,FALSE,TRUE,FALSE,FALSE,FALSE,0,8473534
2015030323,29,even-strength,45,22,FALSE,FALSE,TRUE,TRUE,TRUE,FALSE,0.01643834328154327,8475765
2015030323,40,even-strength,65,33,TRUE,FALSE,TRUE,TRUE,TRUE,FALSE,0.033594822452272945,8473534
2015030323,41,even-strength,83,-2,FALSE,TRUE,TRUE,TRUE,FALSE,FALSE,0.31786032646404294,8470655
2015030323,43,even-strength,56,15,FALSE,FALSE,TRUE,FALSE,FALSE,FALSE,0,8470151
2015030323,44,even-strength,68,9,FALSE,FALSE,TRUE,FALSE,FALSE,FALSE,0,8476436
2015030323,45,even-strength,37,-18,TRUE,FALSE,TRUE,TRUE,FALSE,FALSE,0.022537490108835226,8476892
2015030323,47,even-strength,15,24,FALSE,FALSE,TRUE,TRUE,TRUE,FALSE,0.005361056678521651,8474627
2015030323,351,even-strength,49,-16,FALSE,FALSE,TRUE,TRUE,TRUE,FALSE,0.027537916194636768,8471426
2015030323,363,even-strength,52,-17,FALSE,FALSE,TRUE,FALSE,FALSE,FALSE,0,8474565
2015030323,364,even-strength,22,33,TRUE,FALSE,TRUE,TRUE,TRUE,FALSE,0.006176954249845889,8470257
2015030323,384,even-strength,49,-7,FALSE,FALSE,TRUE,TRUE,TRUE,FALSE,0.04113338093887345,8474565
2015030323,385,even-strength,46,24,FALSE,TRUE,TRUE,TRUE,FALSE,FALSE,0.055122674303654466,8475765
2015030323,386,even-strength,71,-5,FALSE,FALSE,TRUE,FALSE,FALSE,FALSE,0,8474565
2015030323,393,even-strength,33,-29,FALSE,FALSE,TRUE,TRUE,TRUE,FALSE,0.006740764281328121,8474565
2015030323,394,even-strength,82,-3,FALSE,TRUE,TRUE,TRUE,TRUE,FALSE,0.2542455996019751,8470803
2015030323,502,even-strength,70,-19,FALSE,FALSE,TRUE,FALSE,FALSE,FALSE,0,8476892
2015030323,504,even-strength,43,-23,FALSE,FALSE,TRUE,FALSE,FALSE,FALSE,0,8474565
2015030323,505,even-strength,64,-34,FALSE,FALSE,TRUE,TRUE,TRUE,FALSE,0.014795471228004765,8470655
2015030323,507,power-play,49,0,FALSE,FALSE,TRUE,FALSE,FALSE,FALSE,0,8470257
2015030323,509,power-play,73,1,FALSE,FALSE,TRUE,FALSE,FALSE,FALSE,0,8474031
2015030323,510,power-play,46,20,FALSE,FALSE,TRUE,TRUE,TRUE,FALSE,0.04244314004385661,8476892
2015030323,512,even-strength,30,-24,FALSE,FALSE,TRUE,TRUE,FALSE,FALSE,0.011877676780581747,8476892
2015030323,513,even-strength,82,31,FALSE,FALSE,TRUE,TRUE,FALSE,FALSE,0.01998072400845062,8473534
2015030323,514,even-strength,61,29,FALSE,FALSE,TRUE,FALSE,FALSE,FALSE,0,8470257
2015030323,515,even-strength,54,-3,FALSE,FALSE,TRUE,FALSE,FALSE,FALSE,0,8475765
2015030323,516,even-strength,82,-7,FALSE,FALSE,TRUE,TRUE,FALSE,FALSE,0.0704265141715507,8470257
2015030323,517,even-strength,95,-8,FALSE,FALSE,TRUE,TRUE,TRUE,FALSE,0.07084933002647435,8474031
2015030323,526,even-strength,2,-21,FALSE,FALSE,TRUE,TRUE,TRUE,FALSE,0.002182254362432333,8476892
2015030323,528,even-strength,70,33,FALSE,FALSE,TRUE,TRUE,TRUE,FALSE,0.020383690084573546,8474145
2015030323,529,even-strength,76,-20,FALSE,FALSE,TRUE,FALSE,FALSE,FALSE,0,8474145
2015030323,530,even-strength,83,-1,TRUE,FALSE,TRUE,TRUE,TRUE,FALSE,0.1599611001702553,8471669
2015030323,531,even-strength,63,-1,FALSE,FALSE,TRUE,FALSE,FALSE,FALSE,0,8471669
2015030323,532,even-strength,52,-18,FALSE,FALSE,TRUE,FALSE,FALSE,FALSE,0,8474031
2015030323,533,even-strength,54,20,FALSE,FALSE,TRUE,FALSE,FALSE,FALSE,0,8474627
2015030323,536,even-strength,37,-11,FALSE,FALSE,TRUE,TRUE,TRUE,FALSE,0.017593730037869713,8474565
2015030323,546,even-strength,64,36,FALSE,FALSE,TRUE,TRUE,TRUE,FALSE,0.012464052732989622,8470803
2015030323,547,even-strength,65,-2,FALSE,FALSE,TRUE,FALSE,FALSE,FALSE,0,8474145
2015030323,548,even-strength,71,-3,FALSE,FALSE,TRUE,TRUE,FALSE,FALSE,0.06260753946275671,8475175
2015030323,549,even-strength,72,-3,FALSE,TRUE,TRUE,FALSE,FALSE,FALSE,0,8476436
2015030323,550,even-strength,72,-3,TRUE,FALSE,TRUE,TRUE,FALSE,FALSE,0.12048192103982193,8471426
2015030323,553,even-strength,67,-5,FALSE,FALSE,TRUE,FALSE,FALSE,FALSE,0,8476892
2015030323,561,even-strength,72,17,FALSE,FALSE,TRUE,FALSE,FALSE,FALSE,0,8470151
2015030323,564,even-strength,63,-11,TRUE,FALSE,TRUE,FALSE,FALSE,FALSE,0,8475765
2015030323,565,even-strength,61,11,FALSE,FALSE,TRUE,FALSE,FALSE,FALSE,0,8470257
2015030323,566,even-strength,72,-1,FALSE,FALSE,TRUE,TRUE,FALSE,FALSE,0.09867372359836106,8476436
2015030323,568,even-strength,68,-2,FALSE,FALSE,TRUE,FALSE,FALSE,FALSE,0,8474565
2015030323,569,even-strength,73,-3,FALSE,FALSE,TRUE,FALSE,FALSE,FALSE,0,8474565
2015030323,571,even-strength,71,-3,FALSE,FALSE,TRUE,FALSE,FALSE,FALSE,0,8476436
2015030323,572,even-strength,78,-8,FALSE,FALSE,TRUE,FALSE,FALSE,FALSE,0,8475768
2015030323,575,even-strength,45,-8,FALSE,FALSE,TRUE,FALSE,FALSE,FALSE,0,8470257
2015030323,578,penalty-kill,82,-3,FALSE,FALSE,TRUE,TRUE,TRUE,FALSE,0.025491378412596615,8476892
2015030323,580,penalty-kill,30,28,FALSE,FALSE,TRUE,TRUE,TRUE,FALSE,0.043202621305393735,8475765
2015030324,9,even-strength,84,-37,FALSE,FALSE,TRUE,TRUE,FALSE,FALSE,0.014259138926203969,8470655
2015030324,17,even-strength,58,-24,FALSE,FALSE,TRUE,TRUE,TRUE,FALSE,0.01965720430585179,8475175
2015030324,20,even-strength,81,-40,FALSE,FALSE,TRUE,TRUE,FALSE,FALSE,0.016586507552300015,8475768
2015030324,21,even-strength,33,-2,FALSE,FALSE,TRUE,TRUE,TRUE,FALSE,0.021930289107428932,8474565
2015030324,26,even-strength,-1,-25,FALSE,FALSE,TRUE,TRUE,TRUE,FALSE,0.0023429546455021174,8476892
2015030324,28,even-strength,52,-20,FALSE,FALSE,TRUE,FALSE,FALSE,FALSE,0,8474565
2015030324,29,even-strength,65,16,FALSE,FALSE,TRUE,TRUE,TRUE,FALSE,0.04178107643848758,8475768
2015030324,31,power-play,52,-27,FALSE,FALSE,TRUE,TRUE,TRUE,FALSE,0.04962556700508017,8470257
2015030324,32,power-play,55,7,FALSE,FALSE,TRUE,FALSE,FALSE,FALSE,0,8474031
2015030324,33,power-play,57,31,FALSE,FALSE,TRUE,TRUE,FALSE,FALSE,0.047762167267307594,8470257
2015030324,34,power-play,69,11,FALSE,FALSE,TRUE,FALSE,FALSE,FALSE,0,8471426
2015030324,35,power-play,73,-3,FALSE,FALSE,TRUE,TRUE,TRUE,TRUE,0.12016611454594148,8471426
2015030324,40,even-strength,56,35,FALSE,FALSE,TRUE,TRUE,TRUE,FALSE,0.016541582083171184,8471669
2015030324,42,even-strength,69,9,TRUE,FALSE,TRUE,TRUE,TRUE,FALSE,0.13660733096281283,8477952
2015030324,43,even-strength,77,-14,FALSE,FALSE,TRUE,FALSE,FALSE,FALSE,0,8475765
2015030324,47,even-strength,31,-27,FALSE,FALSE,TRUE,TRUE,TRUE,FALSE,0.008767837957321433,8476441
2015030324,49,even-strength,78,5,TRUE,FALSE,TRUE,TRUE,TRUE,FALSE,0.1999671969076264,8477952
2015030324,50,even-strength,79,2,TRUE,TRUE,TRUE,TRUE,TRUE,TRUE,0.46916415629415,8474627
2015030324,205,even-strength,51,-14,FALSE,FALSE,TRUE,FALSE,FALSE,FALSE,0,8474031
2015030324,208,even-strength,-55,1,FALSE,FALSE,TRUE,TRUE,FALSE,FALSE,2.5227154011779563e-4,8475768
2015030324,211,even-strength,77,-8,FALSE,FALSE,TRUE,TRUE,TRUE,FALSE,0.0853442683596978,8471426
2015030324,215,even-strength,1,19,FALSE,FALSE,TRUE,TRUE,TRUE,FALSE,0.002329043458350298,8476441
2015030324,219,even-strength,78,-10,FALSE,FALSE,TRUE,TRUE,FALSE,FALSE,0.07841130274500557,8475765
2015030324,230,power-play,59,-3,FALSE,FALSE,TRUE,FALSE,FALSE,FALSE,0,8475765
2015030324,232,power-play,64,-1,FALSE,FALSE,TRUE,TRUE,TRUE,FALSE,0.18389817117489918,8475765
2015030324,233,power-play,76,-5,FALSE,FALSE,TRUE,TRUE,TRUE,FALSE,0.11128156458680682,8475768
2015030324,236,even-strength,84,-15,FALSE,FALSE,TRUE,TRUE,FALSE,FALSE,0.04054351570862119,8475768
2015030324,238,penalty-kill,66,-12,FALSE,FALSE,TRUE,FALSE,FALSE,FALSE,0,8470257
2015030324,239,penalty-kill,70,-6,FALSE,FALSE,TRUE,TRUE,TRUE,TRUE,0.15669543181108844,8470803
2015030324,245,even-strength,75,2,FALSE,FALSE,TRUE,FALSE,FALSE,FALSE,0,8474125
2015030324,250,even-strength,80,-16,FALSE,FALSE,TRUE,TRUE,TRUE,FALSE,0.05690571666128681,8474565
2015030324,402,even-strength,83,-8,TRUE,FALSE,TRUE,TRUE,TRUE,FALSE,0.09492968529362293,8476436
2015030324,403,even-strength,77,10,TRUE,TRUE,TRUE,TRUE,TRUE,TRUE,0.31875816799254003,8470803
2015030325,54,even-strength,56,-31,FALSE,FALSE,TRUE,TRUE,FALSE,FALSE,0.02545882251498024,8471426
2015030325,55,even-strength,58,1,FALSE,FALSE,TRUE,TRUE,TRUE,FALSE,0.05171765359727258,8474627
2015030325,56,even-strength,13,-31,FALSE,FALSE,TRUE,TRUE,TRUE,FALSE,0.0022817688477775534,8470655
2015030325,57,even-strength,71,-11,FALSE,FALSE,TRUE,FALSE,FALSE,FALSE,0,8476892
2015030325,58,even-strength,63,0,FALSE,FALSE,TRUE,TRUE,TRUE,FALSE,0.05295235841451846,8476436
2015030325,59,even-strength,71,-8,FALSE,FALSE,TRUE,FALSE,FALSE,FALSE,0,8470257
2015030325,68,even-strength,71,-1,FALSE,FALSE,TRUE,FALSE,FALSE,FALSE,0,8475765
2015030325,73,even-strength,43,-3,FALSE,FALSE,TRUE,TRUE,TRUE,FALSE,0.029122787757431264,8474031
2015030325,74,even-strength,76,5,FALSE,FALSE,TRUE,TRUE,TRUE,TRUE,0.09325278077981071,8475768
2015030325,77,even-strength,52,30,FALSE,FALSE,TRUE,TRUE,TRUE,FALSE,0.01861985861195749,8470257
2015030325,89,even-strength,69,-4,FALSE,FALSE,TRUE,FALSE,FALSE,FALSE,0,8471669
2015030325,92,even-strength,58,-3,TRUE,FALSE,TRUE,TRUE,TRUE,FALSE,0.07259874149764288,8471669
2015030325,93,even-strength,76,6,TRUE,TRUE,TRUE,TRUE,TRUE,TRUE,0.3032856687958342,8471426
2015030325,99,even-strength,34,10,FALSE,FALSE,TRUE,TRUE,FALSE,FALSE,0.017413046708700208,8470151
2015030325,100,even-strength,51,13,FALSE,FALSE,TRUE,FALSE,FALSE,FALSE,0,8470151
2015030325,251,even-strength,42,-27,FALSE,FALSE,TRUE,TRUE,TRUE,FALSE,0.014195497997176431,8474565
2015030325,269,penalty-kill,62,20,FALSE,FALSE,TRUE,TRUE,TRUE,FALSE,0.03724272318278007,8471426
2015030325,276,even-strength,61,-6,FALSE,FALSE,TRUE,FALSE,FALSE,FALSE,0,8475765
2015030325,278,even-strength,38,33,FALSE,FALSE,TRUE,TRUE,FALSE,FALSE,0.009686141287839367,8470151
2015030325,280,even-strength,68,4,FALSE,FALSE,TRUE,TRUE,TRUE,FALSE,0.09737980802552383,8473534
2015030325,284,even-strength,72,3,FALSE,FALSE,TRUE,TRUE,TRUE,FALSE,0.09362709665831807,8477952
2015030325,286,even-strength,31,27,FALSE,FALSE,TRUE,FALSE,FALSE,FALSE,0,8470151
2015030325,289,power-play,38,1,FALSE,FALSE,TRUE,TRUE,TRUE,TRUE,0.04757258185226887,8477952
2015030325,298,even-strength,55,19,FALSE,FALSE,TRUE,FALSE,FALSE,FALSE,0,8473534
2015030325,300,even-strength,70,14,FALSE,FALSE,TRUE,FALSE,FALSE,FALSE,0,8474627
2015030325,601,even-strength,53,-19,FALSE,FALSE,TRUE,FALSE,FALSE,FALSE,0,8475765
2015030325,602,even-strength,38,-23,FALSE,FALSE,TRUE,FALSE,FALSE,FALSE,0,8476892
2015030325,612,even-strength,56,11,FALSE,FALSE,TRUE,TRUE,TRUE,FALSE,0.02885905340643672,8474627
2015030325,615,even-strength,29,-13,FALSE,FALSE,TRUE,FALSE,FALSE,FALSE,0,8476892
2015030325,629,even-strength,46,0,FALSE,FALSE,TRUE,TRUE,TRUE,FALSE,0.03796873522243792,8470655
2015030325,631,even-strength,56,-14,FALSE,FALSE,TRUE,FALSE,FALSE,FALSE,0,8474565
2015030325,632,even-strength,39,25,FALSE,FALSE,TRUE,TRUE,FALSE,FALSE,0.012834777710266514,8474565
2015030325,638,even-strength,72,-22,FALSE,FALSE,TRUE,TRUE,TRUE,FALSE,0.03977905020113064,8476892
2015030325,639,even-strength,82,-7,FALSE,TRUE,TRUE,TRUE,TRUE,FALSE,0.24081363419819093,8471669
2015030325,641,even-strength,59,-32,FALSE,FALSE,TRUE,TRUE,TRUE,FALSE,0.07703853395429353,8476892
2015030325,642,even-strength,81,5,FALSE,FALSE,TRUE,FALSE,FALSE,FALSE,0,8471669
2015030325,751,even-strength,63,-24,FALSE,FALSE,TRUE,TRUE,FALSE,FALSE,0.02323347153005825,8470655
2015030325,754,even-strength,53,-15,FALSE,FALSE,TRUE,FALSE,FALSE,FALSE,0,8476892
2015030325,756,even-strength,57,24,FALSE,FALSE,TRUE,TRUE,TRUE,FALSE,0.01592223253423094,8475175
2015030325,757,even-strength,39,0,FALSE,FALSE,TRUE,FALSE,FALSE,FALSE,0,8476892
2015030325,758,even-strength,68,3,TRUE,FALSE,TRUE,TRUE,TRUE,FALSE,0.0781165837548926,8473534
2015030325,759,even-strength,41,3,FALSE,FALSE,TRUE,TRUE,TRUE,FALSE,0.022277375152663714,8475765
2015030326,13,even-strength,54,-4,FALSE,FALSE,TRUE,TRUE,FALSE,FALSE,0.05481779306880828,8475765
2015030326,14,even-strength,72,-3,FALSE,FALSE,TRUE,FALSE,FALSE,FALSE,0,8474627
2015030326,17,even-strength,51,-16,FALSE,FALSE,TRUE,FALSE,FALSE,FALSE,0,8474565
2015030326,18,even-strength,42,29,FALSE,FALSE,TRUE,TRUE,TRUE,FALSE,0.01486757606725686,8476441
2015030326,21,even-strength,37,15,FALSE,FALSE,TRUE,TRUE,TRUE,FALSE,0.0160841704658471,8470151
2015030326,22,even-strength,49,-1,FALSE,FALSE,TRUE,TRUE,TRUE,FALSE,0.038995001929713294,8470257
2015030326,33,even-strength,51,-32,FALSE,FALSE,TRUE,TRUE,TRUE,FALSE,0.016750207701134112,8470655
2015030326,34,even-strength,37,-23,FALSE,FALSE,TRUE,FALSE,FALSE,FALSE,0,8474565
2015030326,36,even-strength,44,-23,FALSE,FALSE,TRUE,FALSE,FALSE,FALSE,0,8474031
2015030326,40,even-strength,53,11,FALSE,FALSE,TRUE,TRUE,TRUE,FALSE,0.03945858898018926,8470803
2015030326,44,even-strength,38,-18,FALSE,FALSE,TRUE,TRUE,FALSE,FALSE,0.0168003439705431,8471426
2015030326,203,even-strength,58,15,FALSE,FALSE,TRUE,FALSE,FALSE,FALSE,0,8470151
2015030326,204,even-strength,76,-3,FALSE,FALSE,TRUE,TRUE,FALSE,FALSE,0.08937539663254082,8470257
2015030326,218,even-strength,54,32,TRUE,FALSE,TRUE,FALSE,FALSE,FALSE,0,8477952
2015030326,220,even-strength,55,18,FALSE,FALSE,TRUE,FALSE,FALSE,FALSE,0,8475765
2015030326,223,even-strength,49,1,FALSE,FALSE,TRUE,TRUE,FALSE,FALSE,0.05138087940295948,8470257
2015030326,226,even-strength,-30,-29,FALSE,FALSE,TRUE,TRUE,TRUE,FALSE,6.114137197815831e-4,8470655
2015030326,231,even-strength,58,-17,FALSE,FALSE,TRUE,FALSE,FALSE,FALSE,0,8474031
2015030326,232,even-strength,57,-10,TRUE,FALSE,TRUE,FALSE,FALSE,FALSE,0,8474031
2015030326,233,even-strength,35,30,FALSE,TRUE,TRUE,TRUE,TRUE,FALSE,0.034994913373253986,8476441
2015030326,234,even-strength,81,6,FALSE,TRUE,TRUE,TRUE,FALSE,FALSE,0.16867074509381552,8470803
2015030326,238,penalty-kill,81,-4,FALSE,FALSE,TRUE,TRUE,FALSE,FALSE,0.17253337893700674,8470655
2015030326,239,penalty-kill,20,-28,FALSE,FALSE,TRUE,TRUE,TRUE,FALSE,0.005773564877898306,8474565
2015030326,240,penalty-kill,53,27,TRUE,TRUE,TRUE,TRUE,TRUE,FALSE,0.12184879131493619,8475768
2015030326,247,even-strength,63,-12,FALSE,FALSE,TRUE,TRUE,TRUE,FALSE,0.05467087980026759,8474627
2015030326,248,even-strength,52,8,FALSE,FALSE,TRUE,FALSE,FALSE,FALSE,0,8474125
2015030326,551,even-strength,22,23,FALSE,FALSE,TRUE,FALSE,FALSE,FALSE,0,8473534
2015030326,552,even-strength,45,5,FALSE,FALSE,TRUE,FALSE,FALSE,FALSE,0,8476892
2015030326,553,even-strength,81,-18,FALSE,FALSE,TRUE,TRUE,TRUE,FALSE,0.03063987001845693,8476892
2015030326,556,even-strength,47,27,FALSE,FALSE,TRUE,TRUE,TRUE,FALSE,0.011437913830441815,8474125
2015030326,558,even-strength,52,-6,FALSE,FALSE,TRUE,TRUE,TRUE,FALSE,0.03628236188522437,8470655
2015030326,560,even-strength,63,-23,FALSE,FALSE,TRUE,TRUE,TRUE,FALSE,0.041708966132822885,8471669
2015030326,562,even-strength,40,7,FALSE,FALSE,TRUE,TRUE,TRUE,FALSE,0.018341316487960536,8470151
2015030326,565,even-strength,14,-8,TRUE,FALSE,TRUE,FALSE,FALSE,FALSE,0,8476892
2015030326,567,even-strength,54,-33,FALSE,FALSE,TRUE,TRUE,TRUE,FALSE,0.014478511507453332,8471426
2015030326,592,even-strength,80,-6,FALSE,FALSE,TRUE,TRUE,FALSE,FALSE,0.06739789715210856,8470257
2015030326,593,even-strength,76,-23,FALSE,FALSE,TRUE,TRUE,FALSE,FALSE,0.023551820159925796,8471426
2015030326,594,even-strength,37,-8,FALSE,FALSE,TRUE,TRUE,TRUE,FALSE,0.019621176041559347,8474125
2015030326,599,even-strength,23,-22,FALSE,FALSE,TRUE,TRUE,TRUE,FALSE,0.006366352271106909,8470655
2015030326,600,even-strength,70,2,FALSE,FALSE,TRUE,FALSE,FALSE,FALSE,0,8475765
2015030326,707,even-strength,64,-5,FALSE,FALSE,TRUE,FALSE,FALSE,FALSE,0,8471426
2015030326,709,even-strength,66,1,FALSE,FALSE,TRUE,FALSE,FALSE,FALSE,0,8475765
2015030326,710,even-strength,74,11,FALSE,TRUE,TRUE,TRUE,TRUE,TRUE,0.13918697014828138,8475765
2015030326,711,even-strength,60,-9,FALSE,TRUE,TRUE,TRUE,TRUE,FALSE,0.10489408631890572,8476892
2015030326,719,even-strength,39,17,FALSE,FALSE,TRUE,TRUE,TRUE,FALSE,0.01752004693516045,8471426
2015030326,720,even-strength,41,-22,FALSE,FALSE,TRUE,TRUE,FALSE,FALSE,0.013931509672091273,8474565
2015030326,723,even-strength,87,9,FALSE,FALSE,TRUE,TRUE,TRUE,TRUE,0.08947395231014738,8475765
2015030326,725,even-strength,64,-16,FALSE,FALSE,TRUE,TRUE,TRUE,FALSE,0.07495042741453668,8474565
2015030326,726,even-strength,63,-10,FALSE,FALSE,TRUE,FALSE,FALSE,FALSE,0,8474565
2015030326,727,even-strength,76,12,FALSE,FALSE,TRUE,TRUE,TRUE,FALSE,0.11041338020799009,8474565
2015030326,730,even-strength,63,-7,FALSE,FALSE,TRUE,TRUE,FALSE,FALSE,0.08481656835648851,8471426
2015030326,733,even-strength,70,12,TRUE,FALSE,TRUE,FALSE,FALSE,FALSE,0,8470257
2015030326,734,even-strength,66,-24,FALSE,FALSE,TRUE,TRUE,TRUE,FALSE,0.05327415028123227,8475765
2015030326,739,even-strength,86,-25,FALSE,FALSE,TRUE,TRUE,TRUE,FALSE,0.01651785043986125,8470105
2015030411,104,even-strength,45,-8,FALSE,FALSE,TRUE,TRUE,FALSE,FALSE,0.02108299827050417,8473933
2015030411,107,even-strength,50,14,FALSE,FALSE,TRUE,TRUE,TRUE,FALSE,0.020581729744157774,8464989
2015030411,109,even-strength,57,4,TRUE,FALSE,TRUE,FALSE,FALSE,FALSE,0,8477839
2015030411,113,even-strength,63,10,FALSE,FALSE,TRUE,FALSE,FALSE,FALSE,0,8474009
2015030411,114,even-strength,82,30,FALSE,FALSE,TRUE,TRUE,FALSE,FALSE,0.020246022346544244,8474176
2015030411,121,even-strength,78,1,FALSE,FALSE,TRUE,TRUE,TRUE,FALSE,0.1288001938752547,8471887
2015030411,122,even-strength,84,-8,FALSE,FALSE,TRUE,TRUE,TRUE,FALSE,0.0655720212003955,8471675
2015030411,128,power-play,35,-7,FALSE,FALSE,TRUE,TRUE,FALSE,FALSE,0.03671352808467452,8471215
2015030411,129,power-play,79,14,FALSE,FALSE,TRUE,TRUE,TRUE,FALSE,0.07829924557139033,8471675
2015030411,131,power-play,80,2,FALSE,FALSE,TRUE,TRUE,TRUE,FALSE,0.1278484693415623,8471887
2015030411,132,power-play,40,-9,FALSE,FALSE,TRUE,TRUE,FALSE,FALSE,0.040305035722267776,8475208
2015030411,134,power-play,77,-15,FALSE,FALSE,TRUE,TRUE,TRUE,FALSE,0.05939830636890898,8474009
2015030411,135,power-play,32,26,FALSE,TRUE,TRUE,TRUE,TRUE,FALSE,0.10434238944232294,8474602
2015030411,136,even-strength,66,-16,FALSE,FALSE,TRUE,TRUE,FALSE,FALSE,0.045415572727189234,8474009
2015030411,138,even-strength,82,14,TRUE,FALSE,TRUE,TRUE,TRUE,FALSE,0.05574986318352819,8471724
2015030411,140,even-strength,70,-10,TRUE,FALSE,TRUE,FALSE,FALSE,FALSE,0,8474176
2015030411,143,even-strength,81,5,FALSE,TRUE,TRUE,TRUE,TRUE,TRUE,0.2004043613674891,8475810
2015030411,144,even-strength,74,2,FALSE,FALSE,TRUE,FALSE,FALSE,FALSE,0,8474602
2015030411,146,even-strength,73,-7,FALSE,FALSE,TRUE,TRUE,TRUE,TRUE,0.08044173236705252,8477839
2015030411,251,even-strength,71,19,FALSE,FALSE,TRUE,FALSE,FALSE,FALSE,0,8475208
2015030411,252,even-strength,36,-22,FALSE,FALSE,TRUE,TRUE,TRUE,FALSE,0.014207929075369084,8471724
2015030411,254,even-strength,60,5,FALSE,FALSE,TRUE,TRUE,TRUE,FALSE,0.07437287821584596,8471724
2015030411,256,even-strength,63,14,FALSE,FALSE,TRUE,TRUE,TRUE,FALSE,0.040951608281686,8473548
2015030411,257,even-strength,72,-12,FALSE,FALSE,TRUE,TRUE,TRUE,FALSE,0.056567366508909776,8474009
2015030411,259,even-strength,79,1,FALSE,FALSE,TRUE,FALSE,FALSE,FALSE,0,8473548
2015030411,262,even-strength,63,19,FALSE,FALSE,TRUE,TRUE,TRUE,FALSE,0.0456176967628363,8470543
2015030411,263,even-strength,69,-9,FALSE,FALSE,TRUE,FALSE,FALSE,FALSE,0,8471724
2015030411,283,even-strength,72,-8,FALSE,FALSE,TRUE,FALSE,FALSE,FALSE,0,8475810
2015030411,289,even-strength,54,20,FALSE,FALSE,TRUE,TRUE,TRUE,FALSE,0.02033814140079383,8473548
2015030411,296,even-strength,66,5,FALSE,FALSE,TRUE,TRUE,TRUE,FALSE,0.10294676220592726,8471215
2015030411,298,even-strength,36,12,FALSE,FALSE,TRUE,TRUE,TRUE,FALSE,0.01633915344963952,8471215
2015030411,454,even-strength,79,8,FALSE,FALSE,TRUE,FALSE,FALSE,FALSE,0,8473548
2015030411,455,even-strength,58,-3,FALSE,FALSE,TRUE,TRUE,TRUE,FALSE,0.06798157822774982,8474176
2015030411,462,even-strength,79,-31,FALSE,FALSE,TRUE,TRUE,FALSE,FALSE,0.03787304397239141,8475810
2015030411,463,even-strength,58,-7,FALSE,FALSE,TRUE,TRUE,TRUE,FALSE,0.03653922107851395,8474602
2015030411,464,even-strength,35,23,TRUE,FALSE,TRUE,TRUE,TRUE,FALSE,0.020662209153114196,8470543
2015030411,466,even-strength,78,-1,FALSE,FALSE,TRUE,TRUE,TRUE,FALSE,0.1348748205094693,8474009
2015030411,469,even-strength,66,-17,FALSE,FALSE,TRUE,FALSE,FALSE,FALSE,0,8474176
2015030411,482,power-play,72,20,FALSE,FALSE,TRUE,TRUE,TRUE,FALSE,0.07421150290819427,8473548
2015030411,483,power-play,60,13,FALSE,FALSE,TRUE,FALSE,FALSE,FALSE,0,8471724
2015030411,486,even-strength,69,32,TRUE,FALSE,TRUE,TRUE,FALSE,FALSE,0.05141816802582116,8473548
2015030411,488,even-strength,56,-10,TRUE,FALSE,TRUE,TRUE,FALSE,FALSE,0.06051807679381878,8470611
2015030411,491,even-strength,68,4,FALSE,FALSE,TRUE,FALSE,FALSE,FALSE,0,8475208
2015030411,493,power-play,66,-11,FALSE,FALSE,TRUE,FALSE,FALSE,FALSE,0,8471675
2015030411,494,power-play,37,-21,FALSE,FALSE,TRUE,TRUE,FALSE,FALSE,0.03433862337163455,8471724
2015030411,496,even-strength,76,3,FALSE,FALSE,TRUE,FALSE,FALSE,FALSE,0,8475208
2015030411,497,even-strength,81,-3,FALSE,TRUE,TRUE,TRUE,TRUE,FALSE,0.33637422510342285,8470543
2015030411,498,even-strength,78,1,FALSE,FALSE,TRUE,TRUE,TRUE,FALSE,0.13836970371067128,8477839
2015030411,653,even-strength,52,-31,FALSE,FALSE,TRUE,TRUE,TRUE,FALSE,0.023838017242085795,8471887
2015030411,656,even-strength,62,14,FALSE,FALSE,TRUE,FALSE,FALSE,FALSE,0,8471215
2015030411,657,even-strength,34,-27,FALSE,FALSE,TRUE,TRUE,TRUE,FALSE,0.011163117594986617,8473933
2015030411,658,even-strength,56,-31,FALSE,FALSE,TRUE,TRUE,TRUE,FALSE,0.014743260351766247,8473548
2015030411,659,even-strength,77,2,FALSE,TRUE,TRUE,TRUE,TRUE,FALSE,0.3470421923464503,8474009
2015030411,661,even-strength,65,20,FALSE,FALSE,TRUE,TRUE,TRUE,FALSE,0.03014817500730085,8474009
2015030411,664,even-strength,41,10,FALSE,FALSE,TRUE,TRUE,TRUE,FALSE,0.017881690819074324,8473933
2015030411,666,even-strength,78,6,FALSE,FALSE,TRUE,TRUE,TRUE,FALSE,0.07839613363295385,8471887
2015030411,668,even-strength,35,31,FALSE,FALSE,TRUE,TRUE,FALSE,FALSE,0.006762145843087119,8474013
2015030411,669,even-strength,86,-8,FALSE,FALSE,TRUE,TRUE,TRUE,FALSE,0.055183397303353615,8471887
2015030411,670,even-strength,80,2,FALSE,TRUE,TRUE,TRUE,TRUE,FALSE,0.33238385462288567,8471675
2015030411,675,even-strength,79,-1,FALSE,FALSE,TRUE,TRUE,TRUE,FALSE,0.1596750990000666,8471887
2015030411,676,even-strength,73,31,FALSE,FALSE,TRUE,TRUE,TRUE,FALSE,0.02133210248526717,8471675
2015030411,680,even-strength,53,18,FALSE,FALSE,TRUE,TRUE,TRUE,FALSE,0.025478003397019916,8470611
2015030411,682,even-strength,84,9,FALSE,FALSE,TRUE,TRUE,TRUE,FALSE,0.0607127979400595,8473548
2015030411,687,even-strength,52,-14,FALSE,FALSE,TRUE,TRUE,FALSE,FALSE,0.03460317494728429,8470543
2015030411,688,even-strength,35,-30,FALSE,FALSE,TRUE,TRUE,TRUE,FALSE,0.008810214062118871,8471724
2015030411,691,even-strength,72,34,FALSE,FALSE,TRUE,TRUE,TRUE,FALSE,0.024497299664963355,8474176
2015030411,692,even-strength,78,5,FALSE,FALSE,TRUE,TRUE,TRUE,TRUE,0.0768662648662574,8474009
2015030412,56,even-strength,51,2,FALSE,FALSE,TRUE,TRUE,TRUE,FALSE,0.05742443020272896,8464989
2015030412,57,even-strength,54,-17,TRUE,FALSE,TRUE,FALSE,FALSE,FALSE,0,8471887
2015030412,60,even-strength,59,21,FALSE,FALSE,TRUE,TRUE,FALSE,FALSE,0.031240539976149805,8473548
2015030412,62,even-strength,84,-11,FALSE,FALSE,TRUE,TRUE,FALSE,FALSE,0.03971688478580459,8471215
2015030412,63,even-strength,60,23,FALSE,FALSE,TRUE,FALSE,FALSE,FALSE,0,8471215
2015030412,65,even-strength,78,1,TRUE,FALSE,TRUE,TRUE,TRUE,FALSE,0.13440137385412337,8477839
2015030412,67,even-strength,76,-25,FALSE,FALSE,TRUE,TRUE,TRUE,FALSE,0.03093562877776891,8470543
2015030412,74,even-strength,55,12,FALSE,FALSE,TRUE,TRUE,TRUE,FALSE,0.027437726228817974,8473548
2015030412,75,even-strength,86,29,FALSE,FALSE,TRUE,TRUE,TRUE,FALSE,0.01630321726930018,8473548
2015030412,76,even-strength,63,1,TRUE,FALSE,TRUE,FALSE,FALSE,FALSE,0,8471215
2015030412,78,even-strength,52,24,FALSE,FALSE,TRUE,TRUE,FALSE,FALSE,0.021661624222393074,8470543
2015030412,79,even-strength,62,-4,FALSE,FALSE,TRUE,TRUE,TRUE,FALSE,0.05751387485779012,8470543
2015030412,80,even-strength,42,-29,FALSE,FALSE,TRUE,TRUE,TRUE,FALSE,0.010021170116350018,8473548
2015030412,82,even-strength,86,-6,FALSE,FALSE,TRUE,TRUE,TRUE,FALSE,0.05646048770297944,8471887
2015030412,83,even-strength,81,15,FALSE,FALSE,TRUE,TRUE,TRUE,FALSE,0.05366970792572096,8471887
2015030412,87,power-play,41,-7,FALSE,FALSE,TRUE,TRUE,FALSE,FALSE,0.029864315934662888,8474602
2015030412,88,power-play,40,27,FALSE,FALSE,TRUE,TRUE,TRUE,FALSE,0.03493869014297658,8475208
2015030412,90,power-play,62,-3,FALSE,FALSE,TRUE,FALSE,FALSE,FALSE,0,8474602
2015030412,98,even-strength,66,-15,FALSE,FALSE,TRUE,FALSE,FALSE,FALSE,0,8471675
2015030412,99,even-strength,69,-5,FALSE,FALSE,TRUE,FALSE,FALSE,FALSE,0,8471675
2015030412,258,even-strength,74,-16,FALSE,FALSE,TRUE,FALSE,FALSE,FALSE,0,8471724
2015030412,259,even-strength,-18,-3,FALSE,FALSE,TRUE,TRUE,TRUE,FALSE,0.0012904324891770877,8471215
2015030412,267,even-strength,70,6,FALSE,FALSE,TRUE,FALSE,FALSE,FALSE,0,8470611
2015030412,270,even-strength,78,23,FALSE,FALSE,TRUE,TRUE,TRUE,FALSE,0.029941889015419804,8475832
2015030412,271,even-strength,77,24,FALSE,FALSE,TRUE,TRUE,TRUE,FALSE,0.02266576920448955,8464989
2015030412,275,even-strength,84,23,FALSE,FALSE,TRUE,TRUE,TRUE,FALSE,0.028445329436486425,8471724
2015030412,277,even-strength,61,31,FALSE,FALSE,TRUE,TRUE,TRUE,FALSE,0.01860483073692014,8464989
2015030412,278,even-strength,91,14,FALSE,FALSE,TRUE,TRUE,TRUE,FALSE,0.0976489135836726,8471887
2015030412,280,even-strength,41,18,FALSE,FALSE,TRUE,FALSE,FALSE,FALSE,0,8475208
2015030412,284,even-strength,81,-1,FALSE,FALSE,TRUE,TRUE,TRUE,TRUE,0.16849488880501604,8473548
2015030412,286,even-strength,9,-28,FALSE,FALSE,TRUE,TRUE,FALSE,FALSE,0.0031730575837225876,8474602
2015030412,289,power-play,58,-17,FALSE,FALSE,TRUE,TRUE,TRUE,FALSE,0.04610182546446328,8471215
2015030412,290,power-play,43,-28,FALSE,FALSE,TRUE,TRUE,TRUE,FALSE,0.03181952030000787,8471215
2015030412,291,power-play,66,12,FALSE,FALSE,TRUE,TRUE,FALSE,FALSE,0.10799582054600686,8473548
2015030412,292,power-play,60,1,FALSE,FALSE,TRUE,FALSE,FALSE,FALSE,0,8471724
2015030412,293,even-strength,44,-24,FALSE,FALSE,TRUE,TRUE,TRUE,FALSE,0.017781831106920384,8474602
2015030412,502,even-strength,53,21,FALSE,FALSE,TRUE,TRUE,TRUE,FALSE,0.020197663418988477,8471887
2015030412,503,even-strength,69,-7,FALSE,FALSE,TRUE,TRUE,TRUE,FALSE,0.07877930350022012,8474176
2015030412,506,even-strength,72,-10,FALSE,FALSE,TRUE,TRUE,TRUE,FALSE,0.05416521121696857,8471215
2015030412,509,even-strength,45,7,FALSE,FALSE,TRUE,FALSE,FALSE,FALSE,0,8471724
2015030412,512,even-strength,72,5,FALSE,FALSE,TRUE,FALSE,FALSE,FALSE,0,8474013
2015030412,513,even-strength,35,-10,FALSE,FALSE,TRUE,TRUE,FALSE,FALSE,0.015133593402819305,8474602
2015030412,524,even-strength,55,-32,FALSE,FALSE,TRUE,TRUE,FALSE,FALSE,0.021729390679032207,8473548
2015030412,536,even-strength,45,23,FALSE,FALSE,TRUE,FALSE,FALSE,FALSE,0,8476874
2015030412,539,even-strength,70,-10,FALSE,FALSE,TRUE,FALSE,FALSE,FALSE,0,8477839
2015030412,540,even-strength,79,-5,FALSE,FALSE,TRUE,FALSE,FALSE,FALSE,0,8477839
2015030412,544,even-strength,63,13,FALSE,FALSE,TRUE,FALSE,FALSE,FALSE,0,8471675
2015030412,546,even-strength,58,14,FALSE,FALSE,TRUE,TRUE,FALSE,FALSE,0.04518483567154505,8473548
2015030412,549,even-strength,46,-20,FALSE,FALSE,TRUE,TRUE,TRUE,FALSE,0.02072343258302963,8470543
2015030412,550,even-strength,57,22,FALSE,FALSE,TRUE,TRUE,TRUE,FALSE,0.024916944450439082,8471724
2015030412,652,even-strength,80,-4,FALSE,FALSE,TRUE,TRUE,TRUE,FALSE,0.11224689354049974,8471675
2015030412,659,even-strength,59,22,FALSE,FALSE,TRUE,TRUE,TRUE,FALSE,0.02660824921875444,8464989
2015030412,663,even-strength,37,-23,FALSE,FALSE,TRUE,TRUE,TRUE,FALSE,0.011638433295110356,8471724
2015030412,664,even-strength,39,25,FALSE,FALSE,TRUE,TRUE,FALSE,FALSE,0.014102199378895928,8475208
2015030412,666,even-strength,37,-25,FALSE,FALSE,TRUE,TRUE,FALSE,FALSE,0.012123416504716959,8471724
2015030412,670,even-strength,35,-18,FALSE,FALSE,TRUE,TRUE,FALSE,FALSE,0.011117154690472829,8474602
2015030412,673,even-strength,54,14,FALSE,FALSE,TRUE,TRUE,TRUE,FALSE,0.028531023676228146,8473548
2015030412,683,even-strength,77,-7,FALSE,FALSE,TRUE,FALSE,FALSE,FALSE,0,8475208
2015030412,690,even-strength,58,10,FALSE,FALSE,TRUE,TRUE,TRUE,TRUE,0.05308568825599922,8477839
2015030413,13,even-strength,80,12,FALSE,FALSE,TRUE,TRUE,TRUE,FALSE,0.040474990687629275,8464989
2015030413,14,even-strength,45,21,FALSE,FALSE,TRUE,TRUE,TRUE,FALSE,0.02201938041774466,8474602
2015030413,16,power-play,82,-30,FALSE,FALSE,TRUE,TRUE,TRUE,FALSE,0.07557932838628789,8473548
2015030413,18,power-play,54,-20,FALSE,FALSE,TRUE,FALSE,FALSE,FALSE,0,8476874
2015030413,19,even-strength,67,10,FALSE,FALSE,TRUE,TRUE,FALSE,FALSE,0.04947270940329348,8470611
2015030413,20,even-strength,39,-20,TRUE,TRUE,TRUE,TRUE,TRUE,TRUE,0.09248352681338047,8473933
2015030413,22,even-strength,81,-29,FALSE,FALSE,TRUE,TRUE,TRUE,FALSE,0.019316839949799165,8474176
2015030413,23,even-strength,80,35,FALSE,FALSE,TRUE,TRUE,FALSE,FALSE,0.02158364723965151,8470543
2015030413,25,even-strength,46,-23,FALSE,FALSE,TRUE,TRUE,TRUE,FALSE,0.016722769013362577,8474602
2015030413,26,even-strength,71,11,FALSE,TRUE,TRUE,FALSE,FALSE,FALSE,0,8474013
2015030413,27,even-strength,72,-22,TRUE,FALSE,TRUE,FALSE,FALSE,FALSE,0,8471724
2015030413,30,even-strength,83,-15,FALSE,FALSE,TRUE,TRUE,TRUE,FALSE,0.05136499103688407,8474009
2015030413,35,even-strength,38,-18,FALSE,FALSE,TRUE,TRUE,FALSE,FALSE,0.017917327472720988,8474013
2015030413,39,even-strength,57,32,FALSE,FALSE,TRUE,TRUE,TRUE,FALSE,0.025701996813323916,8470611
2015030413,43,even-strength,69,-1,FALSE,FALSE,TRUE,TRUE,TRUE,FALSE,0.11691466435773672,8473548
2015030413,45,even-strength,65,-37,TRUE,FALSE,TRUE,TRUE,FALSE,FALSE,0.018224538986968557,8475810
2015030413,47,even-strength,59,-21,FALSE,FALSE,TRUE,TRUE,TRUE,FALSE,0.02248914827352964,8470611
2015030413,255,even-strength,68,12,FALSE,FALSE,TRUE,FALSE,FALSE,FALSE,0,8471215
2015030413,256,even-strength,66,-23,FALSE,FALSE,TRUE,TRUE,TRUE,FALSE,0.033566256057288246,8474602
2015030413,258,even-strength,57,10,FALSE,FALSE,TRUE,FALSE,FALSE,FALSE,0,8471724
2015030413,259,even-strength,36,14,FALSE,FALSE,TRUE,TRUE,TRUE,FALSE,0.02327525633814613,8476874
2015030413,269,even-strength,69,0,FALSE,FALSE,TRUE,TRUE,FALSE,FALSE,0.07795506391884899,8471675
2015030413,271,even-strength,31,24,FALSE,FALSE,TRUE,TRUE,TRUE,FALSE,0.010691154564092184,8475208
2015030413,272,even-strength,59,-32,FALSE,FALSE,TRUE,TRUE,TRUE,FALSE,0.01794437081713294,8471724
2015030413,280,even-strength,69,-2,FALSE,FALSE,TRUE,FALSE,FALSE,FALSE,0,8474009
2015030413,283,even-strength,33,27,TRUE,FALSE,TRUE,TRUE,TRUE,FALSE,0.014610054569490959,8475832
2015030413,294,even-strength,55,-5,FALSE,FALSE,TRUE,TRUE,TRUE,FALSE,0.048191606044402036,8470543
2015030413,296,even-strength,60,-7,TRUE,FALSE,TRUE,FALSE,FALSE,FALSE,0,8474176
2015030413,297,even-strength,51,-4,TRUE,TRUE,TRUE,TRUE,FALSE,FALSE,0.15715917062083812,8474176
2015030413,451,even-strength,71,-16,FALSE,FALSE,TRUE,FALSE,FALSE,FALSE,0,8470611
2015030413,452,even-strength,71,-14,FALSE,FALSE,TRUE,FALSE,FALSE,FALSE,0,8464989
2015030413,453,even-strength,56,-8,FALSE,FALSE,TRUE,FALSE,FALSE,FALSE,0,8471215
2015030413,461,penalty-kill,61,7,FALSE,FALSE,TRUE,TRUE,FALSE,FALSE,0.053203951479951474,8474009
2015030413,469,even-strength,80,-7,FALSE,FALSE,TRUE,TRUE,TRUE,FALSE,0.0753668574645287,8471887
2015030413,472,even-strength,76,-23,FALSE,FALSE,TRUE,TRUE,TRUE,FALSE,0.029095140501109874,8473548
2015030413,478,even-strength,68,7,FALSE,FALSE,TRUE,TRUE,TRUE,FALSE,0.06317321021465432,8475810
2015030413,479,even-strength,81,10,FALSE,TRUE,TRUE,FALSE,FALSE,FALSE,0,8470543
2015030413,481,even-strength,36,20,FALSE,FALSE,TRUE,TRUE,FALSE,FALSE,0.012184637194325039,8471724
2015030413,483,even-strength,71,-1,FALSE,FALSE,TRUE,TRUE,TRUE,TRUE,0.0833603719713689,8471887
2015030413,494,even-strength,89,6,FALSE,FALSE,TRUE,TRUE,TRUE,FALSE,0.19478536752671338,8471887
2015030413,495,even-strength,71,3,FALSE,TRUE,TRUE,FALSE,FALSE,FALSE,0,8477839
2015030413,496,even-strength,25,-17,FALSE,FALSE,TRUE,TRUE,TRUE,FALSE,0.010275773805518149,8473933
2015030413,498,even-strength,32,32,FALSE,FALSE,TRUE,TRUE,TRUE,FALSE,0.009972290659676687,8476874
2015030413,500,even-strength,70,6,FALSE,FALSE,TRUE,FALSE,FALSE,FALSE,0,8464989
2015030413,624,even-strength,59,31,TRUE,FALSE,TRUE,TRUE,TRUE,FALSE,0.02889338963364653,8474176
2015030413,626,even-strength,37,14,FALSE,FALSE,TRUE,TRUE,TRUE,FALSE,0.02999932508819234,8474013
2015030413,628,even-strength,72,18,TRUE,FALSE,TRUE,TRUE,TRUE,FALSE,0.08940164805338187,8471215
2015030413,629,even-strength,58,3,FALSE,FALSE,TRUE,FALSE,FALSE,FALSE,0,8470543
2015030413,639,even-strength,62,-19,FALSE,FALSE,TRUE,TRUE,TRUE,FALSE,0.038682935748471044,8471675
2015030413,640,even-strength,84,29,FALSE,FALSE,TRUE,TRUE,TRUE,FALSE,0.019131886475843345,8471215
2015030413,642,even-strength,60,-20,FALSE,FALSE,TRUE,FALSE,FALSE,FALSE,0,8474176
2015030413,643,even-strength,51,23,FALSE,FALSE,TRUE,TRUE,TRUE,FALSE,0.018695416226497397,8473548
2015030413,647,even-strength,67,3,FALSE,FALSE,TRUE,FALSE,FALSE,FALSE,0,8464989
2015030413,650,even-strength,80,29,FALSE,FALSE,TRUE,TRUE,TRUE,FALSE,0.02931835441603959,8476874
2015030413,802,even-strength,61,-7,FALSE,FALSE,TRUE,FALSE,FALSE,FALSE,0,8470543
2015030413,805,even-strength,39,-1,FALSE,FALSE,TRUE,TRUE,TRUE,FALSE,0.03423834777614405,8475208
2015030413,807,even-strength,67,-19,TRUE,FALSE,TRUE,FALSE,FALSE,FALSE,0,8471675
2015030413,808,even-strength,50,-14,TRUE,FALSE,TRUE,TRUE,TRUE,FALSE,0.061031116465457,8471724
2015030413,809,even-strength,78,1,TRUE,TRUE,TRUE,TRUE,TRUE,FALSE,0.42700693071840917,8474176
2015030413,811,even-strength,50,-12,FALSE,FALSE,TRUE,FALSE,FALSE,FALSE,0,8471215
2015030413,820,even-strength,65,-5,FALSE,FALSE,TRUE,FALSE,FALSE,FALSE,0,8471724
2015030413,828,even-strength,47,10,FALSE,FALSE,TRUE,TRUE,TRUE,FALSE,0.05157886158194006,8470543
2015030413,830,even-strength,66,25,FALSE,FALSE,TRUE,TRUE,TRUE,FALSE,0.03600879390757087,8474176
2015030413,831,even-strength,49,17,FALSE,FALSE,TRUE,TRUE,FALSE,FALSE,0.02695583587281093,8475208
2015030413,832,even-strength,71,1,FALSE,FALSE,TRUE,TRUE,TRUE,FALSE,0.09574120242781958,8474009
2015030413,834,even-strength,39,-5,FALSE,FALSE,TRUE,TRUE,TRUE,FALSE,0.033010190141536756,8470543
2015030413,835,even-strength,62,-14,FALSE,FALSE,TRUE,FALSE,FALSE,FALSE,0,8471675
2015030413,836,even-strength,34,-23,FALSE,FALSE,TRUE,TRUE,TRUE,FALSE,0.017414341058856024,8471724
2015030413,837,even-strength,63,-4,FALSE,TRUE,TRUE,TRUE,FALSE,FALSE,0.2562582081491848,8474009
2015030413,844,even-strength,74,-1,TRUE,FALSE,TRUE,TRUE,FALSE,FALSE,0.18186405213924237,8471215
2015030413,848,even-strength,82,25,FALSE,FALSE,TRUE,TRUE,TRUE,FALSE,0.03206487638025082,8474013
2015030413,951,even-strength,42,25,FALSE,FALSE,TRUE,TRUE,TRUE,FALSE,0.014322239870430494,8474602
2015030413,952,even-strength,91,25,FALSE,FALSE,TRUE,TRUE,TRUE,FALSE,0.08690576443852671,8471675
2015030413,953,even-strength,81,1,FALSE,FALSE,TRUE,TRUE,TRUE,FALSE,0.15283871757497064,8471675
2015030413,954,even-strength,70,21,FALSE,FALSE,TRUE,FALSE,FALSE,FALSE,0,8473548
2015030413,955,even-strength,52,-2,FALSE,FALSE,TRUE,TRUE,FALSE,FALSE,0.06211412578465123,8471724
2015030414,7,even-strength,72,-2,FALSE,FALSE,TRUE,FALSE,FALSE,FALSE,0,8475208
2015030414,12,even-strength,67,-27,FALSE,FALSE,TRUE,TRUE,FALSE,FALSE,0.018404552982603954,8470611
2015030414,13,even-strength,51,-16,FALSE,FALSE,TRUE,FALSE,FALSE,FALSE,0,8471887
2015030414,16,even-strength,50,-25,FALSE,FALSE,TRUE,FALSE,FALSE,FALSE,0,8473548
2015030414,22,even-strength,69,-6,TRUE,FALSE,TRUE,FALSE,FALSE,FALSE,0,8471675
2015030414,23,even-strength,52,12,FALSE,FALSE,TRUE,TRUE,TRUE,FALSE,0.051434144583614026,8475208
2015030414,25,even-strength,82,10,FALSE,FALSE,TRUE,TRUE,FALSE,FALSE,0.054112978841493325,8476874
2015030414,26,even-strength,49,-17,FALSE,FALSE,TRUE,FALSE,FALSE,FALSE,0,8471215
2015030414,27,even-strength,70,-25,FALSE,FALSE,TRUE,TRUE,TRUE,FALSE,0.02698157038990365,8473548
2015030414,28,even-strength,60,23,FALSE,TRUE,TRUE,TRUE,TRUE,TRUE,0.09360597989051603,8474013
2015030414,31,even-strength,72,10,FALSE,FALSE,TRUE,FALSE,FALSE,FALSE,0,8474013
2015030414,36,even-strength,77,32,FALSE,FALSE,TRUE,TRUE,TRUE,FALSE,0.022091678413044845,8477839
2015030414,38,power-play,52,-27,FALSE,FALSE,TRUE,TRUE,TRUE,FALSE,0.04375272460998126,8471724
2015030414,39,power-play,64,24,FALSE,FALSE,TRUE,TRUE,FALSE,FALSE,0.0479814442126878,8471724
2015030414,40,power-play,58,1,FALSE,FALSE,TRUE,TRUE,TRUE,FALSE,0.08067926707834179,8471215
2015030414,47,even-strength,63,7,FALSE,FALSE,TRUE,TRUE,FALSE,FALSE,0.04355238421524522,8471675
2015030414,371,even-strength,59,-27,TRUE,FALSE,TRUE,FALSE,FALSE,FALSE,0,8474176
2015030414,374,power-play,80,1,FALSE,FALSE,TRUE,TRUE,TRUE,TRUE,0.13354632776583666,8471215
2015030414,376,even-strength,53,-34,FALSE,FALSE,TRUE,TRUE,TRUE,FALSE,0.013239768335731428,8473548
2015030414,378,even-strength,66,-21,FALSE,FALSE,TRUE,FALSE,FALSE,FALSE,0,8473548
2015030414,379,even-strength,54,1,FALSE,FALSE,TRUE,TRUE,FALSE,FALSE,0.06655422012096421,8474602
2015030414,384,even-strength,47,-25,FALSE,FALSE,TRUE,TRUE,FALSE,FALSE,0.020896200156233335,8470611
2015030414,385,even-strength,64,15,FALSE,FALSE,TRUE,FALSE,FALSE,FALSE,0,8470611
2015030414,386,even-strength,75,-10,FALSE,TRUE,TRUE,FALSE,FALSE,FALSE,0,8475832
2015030414,387,even-strength,61,-37,FALSE,TRUE,TRUE,TRUE,TRUE,FALSE,0.04679734178959161,8470611
2015030414,390,even-strength,65,-10,FALSE,FALSE,TRUE,FALSE,FALSE,FALSE,0,8471887
2015030414,392,even-strength,51,24,FALSE,FALSE,TRUE,TRUE,TRUE,FALSE,0.027361128558453046,8473548
2015030414,394,even-strength,43,22,FALSE,FALSE,TRUE,FALSE,FALSE,FALSE,0,8475208
2015030414,395,even-strength,45,-19,FALSE,FALSE,TRUE,FALSE,FALSE,FALSE,0,8473933
2015030414,397,even-strength,57,-3,FALSE,FALSE,TRUE,TRUE,FALSE,FALSE,0.0877179127823917,8477839
2015030414,398,even-strength,51,13,FALSE,FALSE,TRUE,FALSE,FALSE,FALSE,0,8473548
2015030414,506,even-strength,45,17,FALSE,FALSE,TRUE,TRUE,TRUE,FALSE,0.022238549931296862,8473548
2015030414,508,even-strength,55,-25,FALSE,FALSE,TRUE,FALSE,FALSE,FALSE,0,8474602
2015030414,510,even-strength,69,-11,FALSE,FALSE,TRUE,TRUE,TRUE,FALSE,0.058103730843497944,8474176
2015030414,518,even-strength,67,-8,FALSE,FALSE,TRUE,FALSE,FALSE,FALSE,0,8473548
2015030414,525,penalty-kill,56,-35,FALSE,FALSE,TRUE,TRUE,TRUE,FALSE,0.004972876810781132,8473933
2015030414,537,even-strength,4,14,FALSE,FALSE,TRUE,TRUE,TRUE,FALSE,0.004006523923324489,8471675
2015030414,542,even-strength,79,-8,FALSE,TRUE,TRUE,TRUE,TRUE,FALSE,0.2503523818143017,8475810
2015030414,543,even-strength,38,1,FALSE,FALSE,TRUE,TRUE,FALSE,FALSE,0.026560605446546155,8474602
2015030414,544,even-strength,64,-38,TRUE,FALSE,TRUE,TRUE,FALSE,FALSE,0.048674052016845645,8474176
2015030414,545,even-strength,66,12,FALSE,FALSE,TRUE,FALSE,FALSE,FALSE,0,8473548
2015030414,546,even-strength,51,21,FALSE,FALSE,TRUE,FALSE,FALSE,FALSE,0,8475208
2015030414,703,even-strength,62,-27,FALSE,FALSE,TRUE,TRUE,TRUE,FALSE,0.022379144942412943,8471724
2015030414,717,even-strength,67,-10,FALSE,FALSE,TRUE,FALSE,FALSE,FALSE,0,8471724
2015030414,721,even-strength,45,26,TRUE,FALSE,TRUE,FALSE,FALSE,FALSE,0,8474602
2015030414,724,even-strength,65,23,FALSE,FALSE,TRUE,TRUE,TRUE,FALSE,0.04491038853821857,8474176
2015030414,728,even-strength,-1,-27,FALSE,FALSE,TRUE,TRUE,TRUE,FALSE,0.0013773287877343824,8470611
2015030414,732,even-strength,73,7,FALSE,FALSE,TRUE,TRUE,TRUE,FALSE,0.09511681247464152,8464989
2015030414,734,even-strength,63,-3,FALSE,FALSE,TRUE,TRUE,TRUE,TRUE,0.08108756753413421,8470611
2015030415,33,even-strength,84,-7,FALSE,FALSE,TRUE,FALSE,FALSE,FALSE,0,8474009
2015030415,34,even-strength,60,5,FALSE,TRUE,TRUE,FALSE,FALSE,FALSE,0,8473548
2015030415,58,even-strength,53,14,TRUE,FALSE,TRUE,FALSE,FALSE,FALSE,0,8470543
2015030415,66,even-strength,66,-3,FALSE,FALSE,TRUE,TRUE,TRUE,FALSE,0.06934093512852352,8473548
2015030415,68,even-strength,40,28,FALSE,FALSE,TRUE,TRUE,TRUE,FALSE,0.01111993506899176,8474176
2015030415,70,even-strength,62,-14,FALSE,FALSE,TRUE,TRUE,FALSE,FALSE,0.039098027095741235,8471675
2015030415,71,even-strength,40,32,FALSE,TRUE,TRUE,TRUE,FALSE,FALSE,0.03170527072967243,8474013
2015030415,73,power-play,56,2,FALSE,FALSE,TRUE,FALSE,FALSE,FALSE,0,8471724
2015030415,74,power-play,81,-11,FALSE,FALSE,TRUE,TRUE,TRUE,TRUE,0.08126913492090275,8471215
2015030415,77,even-strength,79,1,TRUE,FALSE,TRUE,TRUE,TRUE,TRUE,0.23972518556028208,8474176
2015030415,83,even-strength,64,-13,FALSE,FALSE,TRUE,TRUE,TRUE,FALSE,0.07460215691921175,8475810
2015030415,86,even-strength,64,18,TRUE,FALSE,TRUE,TRUE,TRUE,FALSE,0.09231037563119543,8477839
2015030415,87,even-strength,47,16,FALSE,FALSE,TRUE,TRUE,TRUE,FALSE,0.03361986624081886,8474176
2015030415,88,even-strength,61,-31,FALSE,FALSE,TRUE,TRUE,TRUE,FALSE,0.017255853359925095,8471724
2015030415,89,even-strength,80,3,FALSE,FALSE,TRUE,TRUE,TRUE,FALSE,0.13185389462667318,8473548
2015030415,90,even-strength,41,10,FALSE,FALSE,TRUE,TRUE,FALSE,FALSE,0.022915143717908815,8473548
2015030415,92,power-play,54,13,FALSE,FALSE,TRUE,TRUE,FALSE,FALSE,0.063487215832591,8470543
2015030415,94,power-play,80,-9,FALSE,FALSE,TRUE,TRUE,TRUE,FALSE,0.09490564397899215,8471887
2015030415,95,even-strength,35,22,FALSE,FALSE,TRUE,TRUE,FALSE,FALSE,0.012034811137757572,8474602
2015030415,97,even-strength,80,-3,FALSE,FALSE,TRUE,TRUE,TRUE,FALSE,0.11198008428827788,8475832
2015030415,201,even-strength,55,-16,TRUE,FALSE,TRUE,TRUE,TRUE,FALSE,0.06576354318397107,8470611
2015030415,206,even-strength,52,-9,FALSE,FALSE,TRUE,TRUE,FALSE,FALSE,0.025545143519627285,8471675
2015030415,208,even-strength,74,35,FALSE,FALSE,TRUE,TRUE,TRUE,FALSE,0.02001917372665577,8474176
2015030415,212,even-strength,65,7,FALSE,FALSE,TRUE,TRUE,TRUE,FALSE,0.06390210194800292,8474009
2015030415,216,even-strength,77,-7,FALSE,FALSE,TRUE,TRUE,TRUE,FALSE,0.07013973268392817,8470543
2015030415,220,even-strength,61,-16,FALSE,FALSE,TRUE,FALSE,FALSE,FALSE,0,8471887
2015030415,222,even-strength,78,-8,FALSE,FALSE,TRUE,TRUE,FALSE,FALSE,0.07200890272750095,8471215
2015030415,224,even-strength,39,3,FALSE,FALSE,TRUE,TRUE,FALSE,FALSE,0.023958125165374204,8473548
2015030415,225,even-strength,66,28,FALSE,FALSE,TRUE,TRUE,TRUE,FALSE,0.01964885497004358,8474176
2015030415,226,even-strength,61,-27,FALSE,FALSE,TRUE,TRUE,TRUE,FALSE,0.02692666993771374,8471887
2015030415,228,even-strength,84,-32,FALSE,FALSE,TRUE,TRUE,FALSE,FALSE,0.020096095032061265,8475810
2015030415,229,even-strength,45,-23,FALSE,FALSE,TRUE,TRUE,TRUE,FALSE,0.017788648284575097,8471215
2015030415,231,even-strength,49,-19,FALSE,FALSE,TRUE,TRUE,FALSE,FALSE,0.025771207847812658,8471724
2015030415,232,even-strength,72,10,FALSE,FALSE,TRUE,TRUE,TRUE,FALSE,0.06764404197437958,8477839
2015030415,233,even-strength,79,5,FALSE,FALSE,TRUE,TRUE,TRUE,FALSE,0.07159691915544426,8471675
2015030415,235,even-strength,49,-23,FALSE,FALSE,TRUE,FALSE,FALSE,FALSE,0,8474013
2015030415,247,even-strength,69,13,FALSE,FALSE,TRUE,TRUE,TRUE,FALSE,0.04729404446291655,8477839
2015030415,249,even-strength,74,0,FALSE,FALSE,TRUE,TRUE,FALSE,FALSE,0.09316219631044029,8471887
2015030415,250,even-strength,46,2,FALSE,FALSE,TRUE,TRUE,TRUE,FALSE,0.025203868026961736,8477839
2015030415,502,power-play,55,-14,FALSE,FALSE,TRUE,FALSE,FALSE,FALSE,0,8471724
2015030415,503,power-play,60,7,FALSE,TRUE,TRUE,TRUE,TRUE,FALSE,0.23909065140287383,8473548
2015030415,504,power-play,63,-14,FALSE,FALSE,TRUE,FALSE,FALSE,FALSE,0,8471215
2015030415,506,even-strength,80,-2,FALSE,FALSE,TRUE,TRUE,TRUE,FALSE,0.1375708000539757,8475810
2015030415,508,power-play,35,3,FALSE,FALSE,TRUE,TRUE,TRUE,FALSE,0.03583478741535219,8471215
2015030415,509,power-play,56,22,FALSE,FALSE,TRUE,TRUE,TRUE,FALSE,0.05073250487241039,8474009
2015030415,512,even-strength,64,11,FALSE,FALSE,TRUE,FALSE,FALSE,FALSE,0,8474013
2015030415,513,even-strength,74,27,FALSE,FALSE,TRUE,TRUE,TRUE,FALSE,0.026146079687287768,8476874
2015030415,514,even-strength,80,3,FALSE,FALSE,TRUE,TRUE,TRUE,FALSE,0.1127688754912076,8470543
2015030415,515,even-strength,79,31,FALSE,TRUE,TRUE,TRUE,TRUE,FALSE,0.07140514572578893,8476874
2015030415,517,even-strength,54,10,FALSE,FALSE,TRUE,TRUE,FALSE,FALSE,0.03526994826902984,8473548
2015030415,518,even-strength,58,19,FALSE,FALSE,TRUE,FALSE,FALSE,FALSE,0,8473548
2015030415,519,even-strength,76,-6,FALSE,TRUE,TRUE,TRUE,TRUE,FALSE,0.19338773447569843,8474009
2015030415,521,even-strength,80,-3,FALSE,FALSE,TRUE,TRUE,TRUE,FALSE,0.09504858480052149,8471887
2015030415,523,even-strength,77,-3,FALSE,FALSE,TRUE,TRUE,TRUE,FALSE,0.11853823687126126,8471887
2015030415,531,even-strength,60,22,FALSE,FALSE,TRUE,FALSE,FALSE,FALSE,0,8470543
2015030415,533,even-strength,48,-18,FALSE,FALSE,TRUE,FALSE,FALSE,FALSE,0,8474013
2015030415,538,even-strength,63,-25,FALSE,FALSE,TRUE,FALSE,FALSE,FALSE,0,8471887
2015030415,539,even-strength,34,4,FALSE,FALSE,TRUE,TRUE,TRUE,FALSE,0.01730851353310025,8473933
2015030415,541,even-strength,67,26,FALSE,FALSE,TRUE,TRUE,TRUE,FALSE,0.03284015324330084,8473548
2015030415,543,even-strength,79,1,FALSE,FALSE,TRUE,TRUE,TRUE,FALSE,0.1327679561081716,8471887
2015030415,544,even-strength,84,-12,FALSE,FALSE,TRUE,TRUE,TRUE,FALSE,0.04715959746352531,8471887
2015030415,545,even-strength,81,6,FALSE,FALSE,TRUE,TRUE,TRUE,FALSE,0.09652622299811663,8477839
2015030415,547,even-strength,79,14,FALSE,FALSE,TRUE,TRUE,TRUE,FALSE,0.03666536654666977,8471215
2015030415,654,even-strength,55,27,FALSE,FALSE,TRUE,FALSE,FALSE,FALSE,0,8474013
2015030415,659,even-strength,63,-8,FALSE,FALSE,TRUE,FALSE,FALSE,FALSE,0,8475810
2015030415,660,even-strength,67,15,FALSE,FALSE,TRUE,FALSE,FALSE,FALSE,0,8471724
2015030415,662,even-strength,46,17,FALSE,FALSE,TRUE,TRUE,TRUE,FALSE,0.020360388687507863,8471724
2015030415,666,even-strength,75,13,FALSE,FALSE,TRUE,TRUE,TRUE,FALSE,0.04905169856692361,8471215
2015030415,668,even-strength,38,-35,FALSE,FALSE,TRUE,TRUE,TRUE,FALSE,0.011291304901632089,8474176
2015030415,669,even-strength,73,26,FALSE,FALSE,TRUE,TRUE,TRUE,FALSE,0.03209735116691664,8471675
2015030415,670,even-strength,36,8,FALSE,FALSE,TRUE,TRUE,FALSE,FALSE,0.021434711621230063,8476874
2015030415,674,even-strength,78,-5,FALSE,FALSE,TRUE,TRUE,TRUE,FALSE,0.08433678787245752,8475810
2015030415,677,even-strength,42,3,FALSE,FALSE,TRUE,FALSE,FALSE,FALSE,0,8471724
2015030415,678,even-strength,34,-23,FALSE,FALSE,TRUE,TRUE,TRUE,FALSE,0.008796654595030333,8471887
2015030415,682,even-strength,11,15,FALSE,FALSE,TRUE,TRUE,TRUE,FALSE,0.0030901419245947456,8474009
2015030415,685,even-strength,68,0,FALSE,FALSE,TRUE,TRUE,TRUE,FALSE,0.06126642974920595,8471215
2015030416,8,even-strength,34,31,FALSE,FALSE,TRUE,TRUE,TRUE,FALSE,0.010891945707402009,8476874
2015030416,13,even-strength,77,-8,FALSE,FALSE,TRUE,FALSE,FALSE,FALSE,0,8477839
2015030416,14,even-strength,44,24,FALSE,FALSE,TRUE,FALSE,FALSE,FALSE,0,8475208
2015030416,15,even-strength,60,21,FALSE,FALSE,TRUE,TRUE,TRUE,FALSE,0.02933330987035142,8471215
2015030416,17,even-strength,43,24,FALSE,FALSE,TRUE,TRUE,FALSE,FALSE,0.0169291347449713,8471724
2015030416,21,even-strength,49,0,TRUE,FALSE,TRUE,TRUE,FALSE,FALSE,0.05796495839013711,8471675
2015030416,23,power-play,35,13,FALSE,FALSE,TRUE,TRUE,TRUE,TRUE,0.039136638478427105,8475208
2015030416,27,even-strength,65,0,FALSE,FALSE,TRUE,FALSE,FALSE,FALSE,0,8470543
2015030416,32,even-strength,54,5,FALSE,FALSE,TRUE,TRUE,FALSE,FALSE,0.0397654257610024,8475810
2015030416,40,even-strength,74,-12,FALSE,FALSE,TRUE,TRUE,FALSE,FALSE,0.09984008871616554,8470543
2015030416,43,even-strength,61,3,TRUE,FALSE,TRUE,TRUE,TRUE,FALSE,0.12641026844851466,8471675
2015030416,44,even-strength,86,-9,FALSE,TRUE,TRUE,TRUE,TRUE,FALSE,0.1415929565612951,8471675
2015030416,46,even-strength,72,-2,FALSE,TRUE,TRUE,TRUE,TRUE,FALSE,0.28932816533409017,8477839
2015030416,47,even-strength,66,-3,FALSE,TRUE,TRUE,FALSE,FALSE,FALSE,0,8473548
2015030416,49,even-strength,60,12,TRUE,FALSE,TRUE,FALSE,FALSE,FALSE,0,8470611
2015030416,50,even-strength,71,-35,TRUE,FALSE,TRUE,TRUE,TRUE,FALSE,0.028327953915873786,8471724
2015030416,351,even-strength,73,0,TRUE,FALSE,TRUE,FALSE,FALSE,FALSE,0,8473548
2015030416,354,even-strength,81,-1,FALSE,FALSE,TRUE,TRUE,TRUE,FALSE,0.14744857791854296,8473548
2015030416,355,even-strength,70,-2,TRUE,FALSE,TRUE,TRUE,TRUE,FALSE,0.1263199272782295,8474009
2015030416,356,even-strength,73,1,FALSE,TRUE,TRUE,FALSE,FALSE,FALSE,0,8473933
2015030416,358,even-strength,58,-20,FALSE,FALSE,TRUE,FALSE,FALSE,FALSE,0,8471887
2015030416,367,even-strength,55,20,FALSE,FALSE,TRUE,FALSE,FALSE,FALSE,0,8475810
2015030416,374,even-strength,76,1,TRUE,FALSE,TRUE,TRUE,TRUE,FALSE,0.18146942980160688,8474009
2015030416,391,even-strength,69,1,FALSE,FALSE,TRUE,FALSE,FALSE,FALSE,0,8475832
2015030416,392,even-strength,75,2,FALSE,FALSE,TRUE,TRUE,TRUE,FALSE,0.15024044192553135,8475810
2015030416,397,even-strength,75,-9,FALSE,FALSE,TRUE,TRUE,FALSE,FALSE,0.05363590235901267,8471675
2015030416,399,even-strength,62,15,FALSE,FALSE,TRUE,FALSE,FALSE,FALSE,0,8474013
2015030416,505,even-strength,70,7,FALSE,FALSE,TRUE,FALSE,FALSE,FALSE,0,8471675
2015030416,506,even-strength,76,-1,FALSE,FALSE,TRUE,FALSE,FALSE,FALSE,0,8475208
2015030416,507,even-strength,93,16,FALSE,FALSE,TRUE,TRUE,TRUE,FALSE,0.12353275534195211,8471724
2015030416,508,even-strength,80,-4,FALSE,TRUE,TRUE,TRUE,TRUE,TRUE,0.34896776811945096,8471724
2015030416,519,even-strength,50,-2,FALSE,FALSE,TRUE,TRUE,TRUE,FALSE,0.04538804830256781,8471887
2015030416,520,even-strength,51,-25,FALSE,FALSE,TRUE,TRUE,TRUE,FALSE,0.025050124639345778,8473548
2015030416,522,even-strength,58,8,FALSE,FALSE,TRUE,FALSE,FALSE,FALSE,0,8471887
2015030416,523,even-strength,37,21,FALSE,FALSE,TRUE,TRUE,FALSE,FALSE,0.011823446242576162,8471724
2015030416,529,even-strength,82,-4,FALSE,FALSE,TRUE,TRUE,TRUE,FALSE,0.1298529549881769,8471215
2015030416,530,even-strength,40,7,FALSE,FALSE,TRUE,TRUE,FALSE,FALSE,0.022695712588394916,8470543
2015030416,532,even-strength,81,-5,FALSE,TRUE,TRUE,TRUE,FALSE,FALSE,0.2597373017836593,8475208
2015030416,536,even-strength,79,5,FALSE,FALSE,TRUE,TRUE,TRUE,FALSE,0.07893239499369165,8471675
2015030416,537,even-strength,84,3,FALSE,TRUE,TRUE,TRUE,TRUE,FALSE,0.22141112040449962,8471887
2015030416,540,even-strength,77,-13,FALSE,FALSE,TRUE,FALSE,FALSE,FALSE,0,8474176
2015030416,542,even-strength,76,-37,FALSE,FALSE,TRUE,TRUE,FALSE,FALSE,0.020186376091758315,8473548
2015030416,543,even-strength,72,16,FALSE,TRUE,TRUE,TRUE,TRUE,FALSE,0.15504205563000226,8474176
2015030416,545,even-strength,49,17,FALSE,FALSE,TRUE,FALSE,FALSE,FALSE,0,8476874
2015030416,547,even-strength,63,-12,FALSE,FALSE,TRUE,FALSE,FALSE,FALSE,0,8471215
2015030416,548,even-strength,46,15,FALSE,FALSE,TRUE,FALSE,FALSE,FALSE,0,8471215
2015030416,549,even-strength,77,-7,FALSE,FALSE,TRUE,FALSE,FALSE,FALSE,0,8471675
2015030416,601,even-strength,71,-13,FALSE,FALSE,TRUE,TRUE,TRUE,FALSE,0.04833703941695115,8464989
2015030416,611,even-strength,64,13,FALSE,FALSE,TRUE,FALSE,FALSE,FALSE,0,8475208
2015030416,612,even-strength,65,-17,FALSE,FALSE,TRUE,FALSE,FALSE,FALSE,0,8473548
2015030416,615,even-strength,70,-13,FALSE,FALSE,TRUE,TRUE,FALSE,FALSE,0.04547975511150285,8471675
2015030416,616,even-strength,45,4,FALSE,FALSE,TRUE,TRUE,TRUE,FALSE,0.02372564048519725,8471675
2015030416,617,even-strength,60,8,FALSE,FALSE,TRUE,FALSE,FALSE,FALSE,0,8473548
2015030416,618,even-strength,54,4,FALSE,FALSE,TRUE,TRUE,FALSE,FALSE,0.03606742808938315,8473548
2015030416,619,even-strength,79,5,FALSE,FALSE,TRUE,TRUE,TRUE,FALSE,0.13470968774365888,8474009
2015030416,622,even-strength,59,-35,FALSE,FALSE,TRUE,TRUE,TRUE,FALSE,0.012149052741727851,8470611
2015030416,623,even-strength,77,-3,FALSE,FALSE,TRUE,FALSE,FALSE,FALSE,0,8471215
2015030416,624,even-strength,57,28,FALSE,FALSE,TRUE,TRUE,FALSE,FALSE,0.020700358628552837,8471215
2015030416,633,even-strength,48,5,FALSE,FALSE,TRUE,TRUE,TRUE,FALSE,0.04316392869276463,8475208
2015030416,634,even-strength,65,9,FALSE,FALSE,TRUE,FALSE,FALSE,FALSE,0,8477839
2015030416,639,power-play,54,1,FALSE,FALSE,TRUE,FALSE,FALSE,FALSE,0,8471215
2015030416,641,even-strength,73,8,FALSE,FALSE,TRUE,FALSE,FALSE,FALSE,0,8471675
2015030416,643,even-strength,81,5,FALSE,FALSE,TRUE,TRUE,TRUE,FALSE,0.1297335290360185,8473548
2015030416,646,even-strength,58,-11,FALSE,FALSE,TRUE,FALSE,FALSE,FALSE,0,8473933
2015030416,648,even-strength,76,-17,FALSE,FALSE,TRUE,TRUE,TRUE,FALSE,0.057953171059407206,8474176
