gameId,eventId,strengthState,xCoordNorm,yCoordNorm,isRush,isRebound,isCorsi,isFenwick,isShot,isGoal,xG,shooterPlayerId,shooterTeamId,goalieTeamId
2023020039,61,even-strength,84,-19,FALSE,FALSE,TRUE,TRUE,TRUE,FALSE,0.0344926118850708,8482679,20,15
2023020039,63,even-strength,91,-6,FALSE,TRUE,TRUE,TRUE,TRUE,FALSE,0.05481338500976562,8474150,20,15
2023020039,66,even-strength,80,-30,FALSE,FALSE,TRUE,TRUE,TRUE,FALSE,0.02637940645217895,8477346,20,15
2023020039,68,even-strength,19,37,TRUE,FALSE,TRUE,TRUE,TRUE,FALSE,0.00178045034408569,8477507,20,15
2023020039,72,even-strength,33,-5,FALSE,FALSE,TRUE,TRUE,TRUE,FALSE,0.01793068647384643,8481068,20,15
2023020039,83,even-strength,38,23,FALSE,FALSE,TRUE,TRUE,TRUE,FALSE,0.02695775032043457,8477507,20,15
2023020039,92,even-strength,76,-7,TRUE,FALSE,TRUE,TRUE,TRUE,FALSE,0.07462966442108154,8474150,20,15
2023020039,93,even-strength,82,-26,FALSE,FALSE,TRUE,TRUE,TRUE,FALSE,0.02051275968551635,8475690,20,15
2023020039,94,even-strength,41,-21,FALSE,FALSE,TRUE,TRUE,TRUE,FALSE,0.02634185552597046,8476399,20,15
2023020039,154,even-strength,50,-3,FALSE,FALSE,TRUE,FALSE,FALSE,FALSE,0,8475172,20,15
2023020039,155,even-strength,35,27,FALSE,FALSE,TRUE,TRUE,TRUE,FALSE,0.0110788345336914,8478396,20,15
2023020039,161,even-strength,72,-3,FALSE,FALSE,TRUE,FALSE,FALSE,FALSE,0,8482652,20,15
2023020039,198,even-strength,42,0,FALSE,FALSE,TRUE,TRUE,TRUE,FALSE,0.02978265285491943,8477507,20,15
2023020039,201,even-strength,34,-22,FALSE,FALSE,TRUE,TRUE,TRUE,FALSE,0.00719517469406127,8475690,20,15
2023020039,202,even-strength,53,5,FALSE,FALSE,TRUE,TRUE,TRUE,TRUE,0.07618099451065063,8480008,20,15
2023020039,203,even-strength,36,22,FALSE,FALSE,TRUE,TRUE,TRUE,FALSE,0.0100029706954956,8479346,20,15
2023020039,207,even-strength,45,-12,FALSE,FALSE,TRUE,TRUE,TRUE,FALSE,0.04307645559310913,8482679,20,15
2023020039,208,even-strength,79,-15,FALSE,FALSE,TRUE,FALSE,FALSE,FALSE,0,8481068,20,15
2023020039,210,even-strength,36,20,FALSE,FALSE,TRUE,TRUE,FALSE,FALSE,0.0324220061302185,8477507,20,15
2023020039,212,even-strength,78,3,FALSE,FALSE,TRUE,TRUE,TRUE,FALSE,0.1922227144241333,8477496,20,15
2023020039,214,even-strength,82,1,FALSE,FALSE,TRUE,TRUE,TRUE,FALSE,0.1056591272354126,8476456,20,15
2023020039,215,even-strength,61,13,FALSE,FALSE,TRUE,TRUE,FALSE,FALSE,0.00279134511947631,8475172,20,15
2023020039,218,even-strength,76,8,FALSE,FALSE,TRUE,TRUE,TRUE,FALSE,0.40963172912597656,8476399,20,15
2023020039,233,even-strength,54,-6,FALSE,FALSE,TRUE,FALSE,FALSE,FALSE,0,8477346,20,15
2023020039,263,even-strength,70,7,FALSE,FALSE,TRUE,FALSE,FALSE,FALSE,0,8478502,20,15
2023020039,290,power-play,72,-12,FALSE,FALSE,TRUE,FALSE,FALSE,FALSE,0,8477496,20,15
2023020039,352,even-strength,73,-1,FALSE,FALSE,TRUE,TRUE,TRUE,FALSE,0.08422189950942993,8474150,20,15
2023020039,353,even-strength,55,-27,FALSE,FALSE,TRUE,FALSE,FALSE,FALSE,0,8481068,20,15
2023020039,354,power-play,31,-11,FALSE,FALSE,TRUE,TRUE,TRUE,FALSE,0.03626543283462524,8478396,20,15
2023020039,355,even-strength,86,6,FALSE,FALSE,TRUE,TRUE,FALSE,FALSE,0.01926624774932861,8482652,20,15
2023020039,357,even-strength,47,-27,FALSE,FALSE,TRUE,TRUE,FALSE,FALSE,0.01503318548202514,8482652,20,15
2023020039,358,even-strength,56,-35,FALSE,FALSE,TRUE,FALSE,FALSE,FALSE,0,8478397,20,15
2023020039,428,power-play,54,-4,FALSE,FALSE,TRUE,FALSE,FALSE,FALSE,0,8478397,20,15
2023020039,436,power-play,86,3,FALSE,FALSE,TRUE,TRUE,FALSE,FALSE,0.2522236108779907,8479346,20,15
2023020039,440,power-play,34,2,FALSE,FALSE,TRUE,FALSE,FALSE,FALSE,0,8478396,20,15
2023020039,441,power-play,69,13,FALSE,FALSE,TRUE,TRUE,FALSE,FALSE,0.15590828657150269,8479346,20,15
2023020039,443,power-play,80,5,TRUE,FALSE,TRUE,TRUE,TRUE,TRUE,0.11187630891799928,8479346,20,15
2023020039,505,penalty-kill,-87,-29,FALSE,FALSE,TRUE,TRUE,TRUE,FALSE,0.00136818429105435,8477496,20,15
2023020039,544,even-strength,53,16,FALSE,FALSE,TRUE,TRUE,TRUE,FALSE,0.07527637481689453,8479346,20,15
2023020039,574,even-strength,58,-8,FALSE,FALSE,TRUE,TRUE,FALSE,FALSE,0.09629863500595091,8475172,20,15
2023020039,584,even-strength,67,31,FALSE,FALSE,TRUE,TRUE,TRUE,FALSE,9.156465530395508e-4,8474150,20,15
2023020039,585,even-strength,83,3,FALSE,TRUE,TRUE,TRUE,TRUE,FALSE,0.01075905561447143,8476399,20,15
2023020039,590,even-strength,67,30,FALSE,FALSE,TRUE,TRUE,TRUE,FALSE,0.02299785614013672,8477496,20,15
2023020039,600,even-strength,65,17,FALSE,FALSE,TRUE,FALSE,FALSE,FALSE,0,8478396,20,15
2023020039,601,even-strength,83,8,FALSE,FALSE,TRUE,TRUE,TRUE,FALSE,0.11472970247268675,8478397,20,15
2023020039,613,even-strength,62,25,FALSE,FALSE,TRUE,TRUE,FALSE,FALSE,0.02383357286453247,8476456,20,15
2023020039,620,even-strength,54,-33,FALSE,FALSE,TRUE,TRUE,TRUE,FALSE,0.0187079906463623,8475690,20,15
2023020039,645,even-strength,41,-40,FALSE,TRUE,TRUE,TRUE,FALSE,FALSE,0.00155586004257202,8477346,20,15
2023020039,646,even-strength,48,0,FALSE,FALSE,TRUE,FALSE,FALSE,FALSE,0,8481068,20,15
2023020039,677,even-strength,33,-31,FALSE,FALSE,TRUE,TRUE,TRUE,FALSE,0.01820451021194458,8477346,20,15
2023020039,715,power-play,83,10,FALSE,FALSE,TRUE,TRUE,TRUE,FALSE,0.1117904782295227,8478233,20,15
2023020039,716,power-play,46,16,FALSE,FALSE,TRUE,TRUE,TRUE,FALSE,0.05373167991638183,8476456,20,15
2023020039,721,power-play,88,7,FALSE,FALSE,TRUE,TRUE,TRUE,FALSE,0.04639267921447754,8478397,20,15
2023020039,772,even-strength,49,21,FALSE,FALSE,TRUE,TRUE,TRUE,FALSE,0.03815752267837524,8478396,20,15
2023020039,790,penalty-kill,71,11,FALSE,FALSE,TRUE,TRUE,FALSE,FALSE,0.07167089874601679,8474150,20,15
2023020039,922,even-strength,81,2,FALSE,FALSE,TRUE,TRUE,TRUE,FALSE,0.13443779945373535,8476399,20,15
2023020039,946,even-strength,90,-6,FALSE,TRUE,TRUE,TRUE,TRUE,FALSE,0.03075915575027465,8481068,20,15
2023020039,1005,even-strength,65,9,FALSE,FALSE,TRUE,FALSE,FALSE,FALSE,0,8476399,20,15
2023020039,1007,even-strength,45,29,FALSE,FALSE,TRUE,FALSE,FALSE,FALSE,0,8477507,20,15
2023020039,1008,even-strength,75,-20,FALSE,FALSE,TRUE,FALSE,FALSE,FALSE,0,8474150,20,15
2023020039,1016,even-strength,61,18,FALSE,FALSE,TRUE,TRUE,TRUE,FALSE,0.00130224227905273,8475172,20,15
2023020039,1018,even-strength,75,-4,FALSE,TRUE,TRUE,FALSE,FALSE,FALSE,0,8480008,20,15
2023020039,1027,even-strength,53,-3,FALSE,FALSE,TRUE,FALSE,FALSE,FALSE,0,8475172,20,15
2023020039,1030,even-strength,66,10,FALSE,FALSE,TRUE,FALSE,FALSE,FALSE,0,8476456,20,15
2023020039,1032,even-strength,72,13,FALSE,TRUE,TRUE,TRUE,FALSE,FALSE,0.03945308923721313,8476456,20,15
2023020039,1044,even-strength,80,-5,FALSE,FALSE,TRUE,FALSE,FALSE,FALSE,0,8476399,20,15
2023020039,1053,power-play,54,-21,FALSE,FALSE,TRUE,TRUE,FALSE,FALSE,0.08530354499816895,8482679,20,15
2023020039,1054,power-play,56,10,FALSE,FALSE,TRUE,TRUE,FALSE,FALSE,0.12217801809310912,8475172,20,15
2023020039,1055,power-play,35,-1,FALSE,FALSE,TRUE,TRUE,TRUE,FALSE,0.0584372878074646,8478397,20,15
2023020039,1099,even-strength,81,-10,TRUE,FALSE,TRUE,FALSE,FALSE,FALSE,0,8478397,20,15
2023020039,1163,power-play,33,-6,TRUE,FALSE,TRUE,TRUE,TRUE,FALSE,0.02590996026992798,8478396,20,15
2023020039,1177,even-strength,74,-16,FALSE,FALSE,TRUE,FALSE,FALSE,FALSE,0,8476399,20,15
2023020039,1178,even-strength,54,15,FALSE,FALSE,TRUE,TRUE,TRUE,FALSE,0.0676622986793518,8482679,20,15
2023020039,1206,even-strength,52,8,FALSE,FALSE,TRUE,TRUE,TRUE,FALSE,0.03735922878248551,8474150,20,15
2023020049,85,even-strength,32,-32,FALSE,FALSE,TRUE,TRUE,TRUE,FALSE,0.00329381227493286,8474612,9,15
2023020049,86,even-strength,74,-8,FALSE,FALSE,TRUE,FALSE,FALSE,FALSE,0,8474612,9,15
2023020049,87,even-strength,44,-26,FALSE,TRUE,TRUE,TRUE,FALSE,FALSE,0.00939637422561645,8474612,9,15
2023020049,152,even-strength,72,20,FALSE,FALSE,TRUE,TRUE,FALSE,FALSE,0.06291687488555908,8479345,9,15
2023020049,156,even-strength,83,-23,FALSE,FALSE,TRUE,TRUE,FALSE,FALSE,0.02763009071350097,8478469,9,15
2023020049,157,even-strength,80,-4,FALSE,FALSE,TRUE,TRUE,TRUE,TRUE,0.2434857487678528,8475765,9,15
2023020049,158,even-strength,28,4,FALSE,FALSE,TRUE,FALSE,FALSE,FALSE,0,8480064,9,15
2023020049,166,even-strength,71,20,FALSE,FALSE,TRUE,FALSE,FALSE,FALSE,0,8482092,9,15
2023020049,167,even-strength,54,30,FALSE,FALSE,TRUE,TRUE,TRUE,FALSE,0.01354861259460449,8482116,9,15
2023020049,168,even-strength,35,-26,FALSE,FALSE,TRUE,TRUE,TRUE,FALSE,0.01349955797195434,8480801,9,15
2023020049,169,even-strength,49,-18,FALSE,FALSE,TRUE,FALSE,FALSE,FALSE,0,8482092,9,15
2023020049,172,even-strength,86,-6,FALSE,TRUE,TRUE,TRUE,TRUE,TRUE,0.05334466695785522,8473512,9,15
2023020049,173,even-strength,86,-5,FALSE,FALSE,TRUE,TRUE,FALSE,FALSE,0.2189350128173828,8473512,9,15
2023020049,176,even-strength,57,38,FALSE,FALSE,TRUE,TRUE,TRUE,FALSE,0.01223313808441162,8480064,9,15
2023020049,177,even-strength,48,-25,FALSE,FALSE,TRUE,TRUE,FALSE,FALSE,0.03821563720703125,8477330,9,15
2023020049,178,even-strength,63,22,FALSE,FALSE,TRUE,TRUE,TRUE,FALSE,0.03287035226821899,8480355,9,15
2023020049,179,power-play,48,-21,FALSE,FALSE,TRUE,TRUE,FALSE,FALSE,0.07258003950119019,8478472,9,15
2023020049,218,even-strength,57,33,FALSE,FALSE,TRUE,TRUE,FALSE,FALSE,0.00182032585144042,8482116,9,15
2023020049,222,even-strength,45,-21,FALSE,FALSE,TRUE,FALSE,FALSE,FALSE,0,8479345,9,15
2023020049,247,even-strength,30,-4,FALSE,FALSE,TRUE,TRUE,FALSE,FALSE,0.03040748834609985,8478469,9,15
2023020049,273,even-strength,51,-33,FALSE,FALSE,TRUE,TRUE,TRUE,FALSE,0.0119180679321289,8478472,9,15
2023020049,279,even-strength,30,28,FALSE,FALSE,TRUE,TRUE,FALSE,FALSE,0.01325321197509765,8479345,9,15
2023020049,286,power-play,62,-5,FALSE,FALSE,TRUE,FALSE,FALSE,FALSE,0,8482105,9,15
2023020049,293,power-play,82,-5,FALSE,FALSE,TRUE,TRUE,TRUE,TRUE,0.13924771547317505,8480064,9,15
2023020049,354,even-strength,47,2,FALSE,FALSE,TRUE,TRUE,TRUE,FALSE,0.08823728561401367,8473512,9,15
2023020049,358,even-strength,33,-2,FALSE,FALSE,TRUE,TRUE,TRUE,FALSE,0.01279449462890625,8478469,9,15
2023020049,360,even-strength,43,-10,FALSE,FALSE,TRUE,FALSE,FALSE,FALSE,0,8478469,9,15
2023020049,503,even-strength,38,-20,TRUE,FALSE,TRUE,FALSE,FALSE,FALSE,0,8478469,9,15
2023020049,523,even-strength,58,20,FALSE,FALSE,TRUE,FALSE,FALSE,FALSE,0,8479345,9,15
2023020049,540,even-strength,39,11,FALSE,FALSE,TRUE,TRUE,TRUE,FALSE,0.0063481330871582,8479345,9,15
2023020049,543,even-strength,49,-30,FALSE,FALSE,TRUE,FALSE,FALSE,FALSE,0,8478469,9,15
2023020049,544,even-strength,79,9,FALSE,FALSE,TRUE,FALSE,FALSE,FALSE,0,8473512,9,15
2023020049,548,even-strength,54,3,TRUE,FALSE,TRUE,TRUE,TRUE,FALSE,0.07190388441085815,8480801,9,15
2023020049,553,even-strength,66,-1,FALSE,FALSE,TRUE,TRUE,TRUE,TRUE,0.15945619344711304,8480064,9,15
2023020049,573,even-strength,31,4,FALSE,FALSE,TRUE,TRUE,TRUE,TRUE,0.04343533515930176,8482245,9,15
2023020049,586,even-strength,47,6,FALSE,FALSE,TRUE,FALSE,FALSE,FALSE,0,8482116,9,15
2023020049,620,even-strength,53,25,FALSE,FALSE,TRUE,TRUE,TRUE,FALSE,0.03543698787689209,8480801,9,15
2023020049,633,even-strength,70,34,FALSE,FALSE,TRUE,FALSE,FALSE,FALSE,0,8482105,9,15
2023020049,673,even-strength,70,38,FALSE,FALSE,TRUE,TRUE,TRUE,FALSE,0.00614583492279052,8478469,9,15
2023020049,674,even-strength,59,21,FALSE,FALSE,TRUE,TRUE,TRUE,FALSE,0.07471078634262085,8478469,9,15
2023020049,686,power-play,68,21,FALSE,FALSE,TRUE,FALSE,FALSE,FALSE,0,8475765,9,15
2023020049,690,power-play,75,-12,FALSE,FALSE,TRUE,FALSE,FALSE,FALSE,0,8480064,9,15
2023020049,761,power-play,50,10,FALSE,FALSE,TRUE,FALSE,FALSE,FALSE,0,8478469,9,15
2023020049,762,power-play,76,22,FALSE,FALSE,TRUE,TRUE,TRUE,FALSE,0.13759171962738037,8473512,9,15
2023020049,763,power-play,61,-26,FALSE,FALSE,TRUE,TRUE,TRUE,FALSE,0.04176563024520874,8479345,9,15
2023020049,764,power-play,58,-8,FALSE,FALSE,TRUE,FALSE,FALSE,FALSE,0,8478469,9,15
2023020049,767,power-play,72,-14,FALSE,TRUE,TRUE,FALSE,FALSE,FALSE,0,8479345,9,15
2023020049,783,even-strength,67,21,FALSE,FALSE,TRUE,FALSE,FALSE,FALSE,0,8482092,9,15
2023020049,796,even-strength,64,2,FALSE,FALSE,TRUE,FALSE,FALSE,FALSE,0,8480208,9,15
2023020049,871,penalty-kill,79,-2,FALSE,FALSE,TRUE,TRUE,TRUE,FALSE,0.18387194018461347,8478472,9,15
2023020049,875,penalty-kill,81,9,FALSE,FALSE,TRUE,TRUE,FALSE,FALSE,0.08921798616520055,8478472,9,15
2023020049,893,power-play,60,22,FALSE,FALSE,TRUE,TRUE,TRUE,FALSE,0.0961039662361145,8480801,9,15
2023020049,933,even-strength,55,18,FALSE,FALSE,TRUE,TRUE,TRUE,FALSE,0.07705634832382202,8477330,9,15
2023020049,950,even-strength,48,-6,FALSE,FALSE,TRUE,TRUE,TRUE,TRUE,0.07363176345825195,8482105,9,15
2023020049,1036,even-strength,78,24,FALSE,FALSE,TRUE,TRUE,TRUE,FALSE,0.02788269519805908,8480801,9,15
2023020049,1038,even-strength,88,-4,FALSE,TRUE,TRUE,TRUE,FALSE,FALSE,0.07646894454956055,8482116,9,15
2023020049,1045,even-strength,61,25,FALSE,FALSE,TRUE,FALSE,FALSE,FALSE,0,8480064,9,15
2023020049,1046,even-strength,28,-19,FALSE,FALSE,TRUE,FALSE,FALSE,FALSE,0,8478469,9,15
2023020049,1064,power-play,76,-15,FALSE,FALSE,TRUE,FALSE,FALSE,FALSE,0,8478078,9,15
2023020049,1065,power-play,62,9,FALSE,FALSE,TRUE,TRUE,TRUE,FALSE,0.10879063606262208,8478472,9,15
2023020049,1073,power-play,76,11,FALSE,TRUE,TRUE,TRUE,FALSE,FALSE,0.2666509747505188,8480448,9,15
2023020049,1075,power-play,69,-24,FALSE,FALSE,TRUE,TRUE,TRUE,FALSE,0.04765403270721435,8480073,9,15
2023020049,1102,even-strength,36,15,FALSE,FALSE,TRUE,TRUE,TRUE,FALSE,0.02260202169418335,8480073,9,15
2023020049,1103,even-strength,65,22,FALSE,FALSE,TRUE,TRUE,TRUE,FALSE,0.13786953687667847,8480208,9,15
2023020069,72,even-strength,79,-7,TRUE,FALSE,TRUE,FALSE,FALSE,FALSE,0,8475848,8,15
2023020069,82,even-strength,60,21,FALSE,FALSE,TRUE,TRUE,FALSE,FALSE,0.02264988422393799,8479543,8,15
2023020069,93,even-strength,31,40,FALSE,FALSE,TRUE,TRUE,FALSE,FALSE,0.00410640239715576,8481093,8,15
2023020069,154,even-strength,64,2,FALSE,FALSE,TRUE,FALSE,FALSE,FALSE,0,8481618,8,15
2023020069,202,even-strength,61,-26,FALSE,FALSE,TRUE,FALSE,FALSE,FALSE,0,8475233,8,15
2023020069,204,penalty-kill,67,24,FALSE,FALSE,TRUE,FALSE,FALSE,FALSE,0,8478133,8,15
2023020069,205,even-strength,54,0,FALSE,FALSE,TRUE,FALSE,FALSE,FALSE,0,8481540,8,15
2023020069,206,even-strength,70,-29,FALSE,FALSE,TRUE,TRUE,TRUE,FALSE,0.02231335639953613,8480018,8,15
2023020069,211,power-play,82,0,FALSE,FALSE,TRUE,TRUE,TRUE,TRUE,0.13931745290756226,8477497,8,15
2023020069,213,even-strength,56,13,FALSE,FALSE,TRUE,FALSE,FALSE,FALSE,0,8475848,8,15
2023020069,214,power-play,79,-7,FALSE,FALSE,TRUE,TRUE,TRUE,FALSE,0.11357152462005617,8476981,8,15
2023020069,215,even-strength,70,3,FALSE,FALSE,TRUE,TRUE,FALSE,FALSE,0.12020599842071532,8481618,8,15
2023020069,217,even-strength,84,8,FALSE,TRUE,TRUE,FALSE,FALSE,FALSE,0,8481540,8,15
2023020069,222,even-strength,35,-25,TRUE,FALSE,TRUE,FALSE,FALSE,FALSE,0,8482111,8,15
2023020069,227,even-strength,82,1,FALSE,FALSE,TRUE,TRUE,TRUE,FALSE,0.15372735261917114,8475848,8,15
2023020069,228,even-strength,39,28,FALSE,FALSE,TRUE,TRUE,FALSE,FALSE,0.0137985348701477,8481618,8,15
2023020069,229,even-strength,83,-1,FALSE,TRUE,TRUE,TRUE,TRUE,FALSE,0.07642698287963867,8475848,8,15
2023020069,231,even-strength,63,-22,FALSE,FALSE,TRUE,FALSE,FALSE,FALSE,0,8480192,8,15
2023020069,232,even-strength,67,20,FALSE,FALSE,TRUE,TRUE,TRUE,TRUE,0.08124834495744648,8481540,8,15
2023020069,233,even-strength,64,20,FALSE,FALSE,TRUE,TRUE,TRUE,FALSE,0.00764089822769165,8476871,8,15
2023020069,272,even-strength,69,20,FALSE,FALSE,TRUE,FALSE,FALSE,FALSE,0,8481540,8,15
2023020069,273,even-strength,84,9,FALSE,TRUE,TRUE,FALSE,FALSE,FALSE,0,8481540,8,15
2023020069,283,even-strength,73,-6,FALSE,FALSE,TRUE,TRUE,FALSE,FALSE,0.0553174614906311,8477497,8,15
2023020069,313,even-strength,74,3,FALSE,FALSE,TRUE,TRUE,FALSE,FALSE,0.09181910753250122,8483515,8,15
2023020069,315,even-strength,71,-10,FALSE,FALSE,TRUE,FALSE,FALSE,FALSE,0,8481618,8,15
2023020069,320,even-strength,66,28,FALSE,FALSE,TRUE,TRUE,TRUE,FALSE,0.02450740337371826,8476875,8,15
2023020069,325,even-strength,37,10,FALSE,FALSE,TRUE,FALSE,FALSE,FALSE,0,8476875,8,15
2023020069,330,even-strength,72,0,FALSE,FALSE,TRUE,TRUE,TRUE,FALSE,0.10371416807174684,8476981,8,15
2023020069,350,power-play,37,3,FALSE,FALSE,TRUE,TRUE,TRUE,FALSE,0.05708324909210205,8476875,8,15
2023020069,415,even-strength,70,-17,FALSE,FALSE,TRUE,TRUE,TRUE,FALSE,0.14055883884429932,8476981,8,15
2023020069,429,even-strength,57,24,FALSE,FALSE,TRUE,TRUE,TRUE,FALSE,0.03941690921783447,8480018,8,15
2023020069,430,even-strength,73,0,FALSE,TRUE,TRUE,TRUE,FALSE,FALSE,6.625056266784668e-4,8481093,8,15
2023020069,432,even-strength,78,-5,FALSE,FALSE,TRUE,FALSE,FALSE,FALSE,0,8481093,8,15
2023020069,433,even-strength,78,-8,FALSE,TRUE,TRUE,TRUE,FALSE,FALSE,0.02539891004562378,8481093,8,15
2023020069,434,even-strength,44,8,FALSE,FALSE,TRUE,FALSE,FALSE,FALSE,0,8482964,8,15
2023020069,542,even-strength,57,-18,FALSE,FALSE,TRUE,TRUE,TRUE,FALSE,0.05642271041870117,8481093,8,15
2023020069,550,even-strength,66,-8,FALSE,FALSE,TRUE,TRUE,TRUE,FALSE,0.07132613658905029,8481540,8,15
2023020069,552,even-strength,36,-39,FALSE,FALSE,TRUE,TRUE,TRUE,FALSE,0.00587213039398193,8481540,8,15
2023020069,559,even-strength,71,-8,FALSE,FALSE,TRUE,TRUE,TRUE,FALSE,0.01862269639968872,8481618,8,15
2023020069,562,even-strength,65,-10,FALSE,FALSE,TRUE,TRUE,TRUE,FALSE,0.08827126026153564,8476981,8,15
2023020069,569,even-strength,84,1,FALSE,FALSE,TRUE,TRUE,TRUE,TRUE,0.22216099500656128,8475848,8,15
2023020069,574,even-strength,82,-17,FALSE,FALSE,TRUE,TRUE,FALSE,FALSE,0.04485040903091431,8481540,8,15
2023020069,575,even-strength,76,7,FALSE,FALSE,TRUE,FALSE,FALSE,FALSE,0,8482964,8,15
2023020069,610,even-strength,33,-10,FALSE,FALSE,TRUE,TRUE,TRUE,FALSE,0.05191421508789062,8480192,8,15
2023020069,612,even-strength,78,-14,FALSE,FALSE,TRUE,TRUE,TRUE,FALSE,0.2415490746498108,8481540,8,15
2023020069,622,even-strength,80,4,FALSE,FALSE,TRUE,TRUE,TRUE,FALSE,0.05295014381408691,8478133,8,15
2023020069,631,even-strength,55,10,FALSE,FALSE,TRUE,TRUE,TRUE,FALSE,0.08838415145874023,8476875,8,15
2023020069,645,even-strength,74,6,FALSE,FALSE,TRUE,TRUE,FALSE,FALSE,0.21455532312393188,8481093,8,15
2023020069,688,even-strength,75,-6,FALSE,FALSE,TRUE,TRUE,TRUE,FALSE,0.1649112105369568,8476981,8,15
2023020069,690,even-strength,84,4,FALSE,FALSE,TRUE,FALSE,FALSE,FALSE,0,8483515,8,15
2023020069,807,power-play,76,-18,TRUE,FALSE,TRUE,TRUE,FALSE,FALSE,0.08369070291519165,8476981,8,15
2023020069,838,power-play,53,22,FALSE,FALSE,TRUE,TRUE,TRUE,FALSE,0.05607783794403076,8476875,8,15
2023020069,839,power-play,58,-16,FALSE,FALSE,TRUE,FALSE,FALSE,FALSE,0,8480018,8,15
2023020069,840,power-play,81,7,FALSE,TRUE,TRUE,FALSE,FALSE,FALSE,0,8481540,8,15
2023020069,841,power-play,73,-19,FALSE,FALSE,TRUE,TRUE,FALSE,FALSE,0.1213994026184082,8480018,8,15
2023020069,842,power-play,51,-11,FALSE,FALSE,TRUE,TRUE,FALSE,FALSE,0.1035926342010498,8476981,8,15
2023020069,843,power-play,71,-20,TRUE,FALSE,TRUE,TRUE,TRUE,FALSE,0.12181419134140016,8480018,8,15
2023020069,847,power-play,56,14,FALSE,FALSE,TRUE,TRUE,FALSE,FALSE,0.04244160652160644,8482964,8,15
2023020069,866,power-play,80,20,FALSE,FALSE,TRUE,TRUE,FALSE,FALSE,0.18793076276779175,8481540,8,15
2023020069,872,power-play,60,15,FALSE,FALSE,TRUE,TRUE,FALSE,FALSE,0.13418883085250854,8480018,8,15
2023020069,874,even-strength,63,-5,FALSE,FALSE,TRUE,FALSE,FALSE,FALSE,0,8476875,8,15
2023020069,895,even-strength,54,-18,FALSE,FALSE,TRUE,TRUE,TRUE,FALSE,0.01402664184570312,8476871,8,15
2023020069,977,power-play,47,2,FALSE,FALSE,TRUE,TRUE,TRUE,FALSE,0.0604628324508667,8476875,8,15
2023020069,978,power-play,73,20,FALSE,FALSE,TRUE,TRUE,TRUE,FALSE,0.10308122634887695,8481540,8,15
2023020069,1001,even-strength,55,10,TRUE,FALSE,TRUE,TRUE,FALSE,FALSE,0.02263665199279785,8481058,8,15
2023020069,1037,even-strength,68,6,TRUE,FALSE,TRUE,FALSE,FALSE,FALSE,0,8481618,8,15
2023020083,55,even-strength,36,0,FALSE,FALSE,TRUE,TRUE,FALSE,FALSE,0.04575800895690918,8479318,10,15
2023020083,71,even-strength,39,5,FALSE,FALSE,TRUE,FALSE,FALSE,FALSE,0,8482720,10,15
2023020083,176,power-play,74,2,FALSE,FALSE,TRUE,TRUE,TRUE,FALSE,0.12940597534179688,8477939,10,15
2023020083,182,power-play,69,-18,FALSE,FALSE,TRUE,FALSE,FALSE,FALSE,0,8477503,10,15
2023020083,196,even-strength,77,10,FALSE,FALSE,TRUE,FALSE,FALSE,FALSE,0,8480995,10,15
2023020083,197,even-strength,75,-2,FALSE,FALSE,TRUE,FALSE,FALSE,FALSE,0,8479393,10,15
2023020083,203,power-play,80,4,FALSE,FALSE,TRUE,TRUE,TRUE,FALSE,0.08666813373565674,8478483,10,15
2023020083,206,even-strength,51,21,FALSE,TRUE,TRUE,FALSE,FALSE,FALSE,0,8470966,10,15
2023020083,215,even-strength,71,29,FALSE,FALSE,TRUE,FALSE,FALSE,FALSE,0,8480144,10,15
2023020083,217,even-strength,21,-10,FALSE,FALSE,TRUE,TRUE,TRUE,FALSE,0.00266247987747192,8475166,10,15
2023020083,269,even-strength,58,-10,FALSE,FALSE,TRUE,TRUE,TRUE,FALSE,0.09161031246185304,8477939,10,15
2023020083,280,power-play,52,8,FALSE,FALSE,TRUE,TRUE,FALSE,FALSE,0.1125151515007019,8479318,10,15
2023020083,292,power-play,77,-15,FALSE,FALSE,TRUE,TRUE,TRUE,TRUE,0.10025954246520996,8476853,10,15
2023020083,318,even-strength,47,38,FALSE,FALSE,TRUE,TRUE,TRUE,FALSE,0.00483983755111694,8475166,10,15
2023020083,341,even-strength,46,21,FALSE,FALSE,TRUE,FALSE,FALSE,FALSE,0,8470966,10,15
2023020083,392,even-strength,77,-6,FALSE,FALSE,TRUE,TRUE,FALSE,FALSE,0.07097405195236206,8478483,10,15
2023020083,503,even-strength,70,-30,FALSE,FALSE,TRUE,TRUE,FALSE,FALSE,0.01845932006835937,8479393,10,15
2023020083,504,even-strength,80,-4,FALSE,FALSE,TRUE,TRUE,TRUE,FALSE,0.09789377450942992,8477479,10,15
2023020083,505,even-strength,50,35,FALSE,FALSE,TRUE,FALSE,FALSE,FALSE,0,8480995,10,15
2023020083,551,even-strength,50,28,FALSE,FALSE,TRUE,TRUE,TRUE,FALSE,6.700754165649414e-4,8479393,10,15
2023020083,565,even-strength,73,-11,FALSE,FALSE,TRUE,TRUE,FALSE,FALSE,0.05806058645248413,8482720,10,15
2023020083,574,even-strength,79,8,FALSE,FALSE,TRUE,TRUE,TRUE,TRUE,0.06971907615661621,8475166,10,15
2023020083,578,even-strength,80,-9,FALSE,FALSE,TRUE,TRUE,TRUE,TRUE,0.2252911925315857,8477939,10,15
2023020083,594,even-strength,59,26,FALSE,FALSE,TRUE,FALSE,FALSE,FALSE,0,8480144,10,15
2023020083,651,even-strength,78,-6,FALSE,FALSE,TRUE,TRUE,TRUE,FALSE,0.18959015607833865,8477479,10,15
2023020083,665,even-strength,69,28,FALSE,FALSE,TRUE,TRUE,TRUE,FALSE,0.02179408073425293,8479393,10,15
2023020083,684,even-strength,53,-23,FALSE,FALSE,TRUE,FALSE,FALSE,FALSE,0,8475166,10,15
2023020083,687,even-strength,79,-7,FALSE,FALSE,TRUE,FALSE,FALSE,FALSE,0,8480043,10,15
2023020083,695,even-strength,74,13,FALSE,FALSE,TRUE,FALSE,FALSE,FALSE,0,8470966,10,15
2023020083,720,power-play,81,2,FALSE,FALSE,TRUE,TRUE,TRUE,FALSE,0.1555226445198059,8477939,10,15
2023020083,723,power-play,60,-5,FALSE,FALSE,TRUE,FALSE,FALSE,FALSE,0,8479318,10,15
2023020083,725,power-play,68,17,FALSE,FALSE,TRUE,TRUE,TRUE,TRUE,0.1422100067138672,8479318,10,15
2023020083,740,even-strength,44,26,FALSE,FALSE,TRUE,TRUE,TRUE,FALSE,0.0010378360748291,8470966,10,15
2023020083,797,even-strength,34,37,FALSE,FALSE,TRUE,TRUE,TRUE,FALSE,0.01050221920013427,8477503,10,15
2023020083,807,even-strength,48,34,FALSE,FALSE,TRUE,FALSE,FALSE,FALSE,0,8479393,10,15
2023020083,828,even-strength,76,3,FALSE,FALSE,TRUE,TRUE,FALSE,FALSE,0.12090063095092772,8477503,10,15
2023020083,904,even-strength,58,0,FALSE,FALSE,TRUE,FALSE,FALSE,FALSE,0,8476853,10,15
2023020083,1020,even-strength,75,16,FALSE,FALSE,TRUE,TRUE,TRUE,FALSE,0.101179301738739,8477503,10,15
2023020083,1048,even-strength,81,-11,FALSE,FALSE,TRUE,FALSE,FALSE,FALSE,0,8479318,10,15
2023020114,55,even-strength,56,8,TRUE,FALSE,TRUE,TRUE,TRUE,FALSE,0.06457030773162842,8478493,30,15
2023020114,63,even-strength,78,-10,FALSE,FALSE,TRUE,FALSE,FALSE,FALSE,0,8475692,30,15
2023020114,75,even-strength,62,10,FALSE,FALSE,TRUE,TRUE,TRUE,TRUE,0.1585659384727478,8482079,30,15
2023020114,89,even-strength,56,-12,FALSE,FALSE,TRUE,FALSE,FALSE,FALSE,0,8478864,30,15
2023020114,90,even-strength,37,17,FALSE,FALSE,TRUE,TRUE,FALSE,FALSE,0.0412527322769165,8476463,30,15
2023020114,97,power-play,76,-18,FALSE,FALSE,TRUE,TRUE,TRUE,FALSE,0.15188753604888916,8478864,30,15
2023020114,98,power-play,71,-9,FALSE,FALSE,TRUE,TRUE,FALSE,FALSE,0.15434330701828003,8478493,30,15
2023020114,99,power-play,82,12,FALSE,FALSE,TRUE,TRUE,FALSE,FALSE,0.15193051099777222,8478864,30,15
2023020114,100,power-play,82,-5,FALSE,TRUE,TRUE,FALSE,FALSE,FALSE,0,8475149,30,15
2023020114,185,power-play,45,21,FALSE,FALSE,TRUE,TRUE,TRUE,FALSE,0.03851914405822754,8475692,30,15
2023020114,189,power-play,77,-2,FALSE,FALSE,TRUE,FALSE,FALSE,FALSE,0,8475692,30,15
2023020114,192,power-play,73,-5,FALSE,FALSE,TRUE,TRUE,TRUE,FALSE,0.1398436427116394,8475149,30,15
2023020114,202,power-play,42,6,FALSE,FALSE,TRUE,TRUE,FALSE,FALSE,0.0505792498588562,8475220,30,15
2023020114,204,even-strength,35,-35,FALSE,FALSE,TRUE,TRUE,TRUE,FALSE,0.00292468070983886,8482079,30,15
2023020114,207,even-strength,31,14,TRUE,FALSE,TRUE,TRUE,TRUE,FALSE,0.01887351274490356,8479968,30,15
2023020114,214,even-strength,-58,-1,FALSE,FALSE,TRUE,TRUE,TRUE,FALSE,0.0047231912612915,8475692,30,15
2023020114,219,power-play,65,-19,FALSE,FALSE,TRUE,FALSE,FALSE,FALSE,0,8474034,30,15
2023020114,220,even-strength,76,4,FALSE,FALSE,TRUE,TRUE,FALSE,FALSE,0.08038699626922607,8475692,30,15
2023020114,222,even-strength,59,23,FALSE,FALSE,TRUE,FALSE,FALSE,FALSE,0,8475149,30,15
2023020114,229,even-strength,76,-3,FALSE,FALSE,TRUE,TRUE,TRUE,FALSE,0.17202260421315316,8475220,30,15
2023020114,268,even-strength,73,22,FALSE,FALSE,TRUE,TRUE,TRUE,FALSE,0.04752069711685181,8479968,30,15
2023020114,276,even-strength,80,-19,FALSE,FALSE,TRUE,TRUE,FALSE,FALSE,0.01017379760742187,8482079,30,15
2023020114,277,even-strength,82,-3,FALSE,FALSE,TRUE,TRUE,TRUE,FALSE,0.11697804927825928,8475149,30,15
2023020114,278,even-strength,81,-10,FALSE,TRUE,TRUE,TRUE,TRUE,FALSE,0.0417746901512146,8482079,30,15
2023020114,289,even-strength,68,17,FALSE,FALSE,TRUE,FALSE,FALSE,FALSE,0,8475692,30,15
2023020114,395,even-strength,52,6,TRUE,FALSE,TRUE,FALSE,FALSE,FALSE,0,8475149,30,15
2023020114,451,power-play,85,7,FALSE,TRUE,TRUE,TRUE,TRUE,FALSE,0.05704617500305176,8474034,30,15
2023020114,452,power-play,51,30,FALSE,TRUE,TRUE,TRUE,TRUE,FALSE,0.06871813535690308,8475692,30,15
2023020114,453,power-play,83,5,FALSE,TRUE,TRUE,TRUE,TRUE,FALSE,0.03513216972351074,8478493,30,15
2023020114,454,power-play,80,0,FALSE,FALSE,TRUE,FALSE,FALSE,FALSE,0,8475149,30,15
2023020114,457,power-play,53,27,FALSE,FALSE,TRUE,TRUE,TRUE,FALSE,0.07246214151382446,8474034,30,15
2023020114,458,power-play,80,5,FALSE,TRUE,TRUE,TRUE,TRUE,FALSE,0.0351303219795227,8474034,30,15
2023020114,503,even-strength,-2,22,FALSE,FALSE,TRUE,TRUE,TRUE,FALSE,0.00279194116592407,8478493,30,15
2023020114,513,even-strength,35,-34,FALSE,FALSE,TRUE,TRUE,FALSE,FALSE,0.00851809978485107,8475692,30,15
2023020114,515,even-strength,30,-41,FALSE,FALSE,TRUE,TRUE,TRUE,FALSE,0.00118744373321533,8482122,30,15
2023020114,520,even-strength,80,6,FALSE,FALSE,TRUE,FALSE,FALSE,FALSE,0,8475750,30,15
2023020114,540,even-strength,46,-15,FALSE,FALSE,TRUE,FALSE,FALSE,FALSE,0,8478493,30,15
2023020114,542,even-strength,77,2,TRUE,FALSE,TRUE,TRUE,TRUE,FALSE,0.15967679023742676,8475220,30,15
2023020114,547,even-strength,81,1,FALSE,FALSE,TRUE,TRUE,TRUE,FALSE,0.15359371900558472,8478864,30,15
2023020114,649,even-strength,62,-3,FALSE,FALSE,TRUE,FALSE,FALSE,FALSE,0,8480980,30,15
2023020114,650,even-strength,51,12,FALSE,FALSE,TRUE,FALSE,FALSE,FALSE,0,8482094,30,15
2023020114,668,even-strength,38,-21,FALSE,FALSE,TRUE,TRUE,TRUE,FALSE,0.01681351661682129,8482122,30,15
2023020114,677,penalty-kill,78,4,FALSE,FALSE,TRUE,TRUE,TRUE,FALSE,0.1747766580584076,8480980,30,15
2023020114,694,power-play,66,16,FALSE,FALSE,TRUE,FALSE,FALSE,FALSE,0,8475692,30,15
2023020114,695,power-play,79,-2,FALSE,FALSE,TRUE,FALSE,FALSE,FALSE,0,8480884,30,15
2023020114,705,power-play,67,19,FALSE,FALSE,TRUE,TRUE,TRUE,FALSE,0.07778358459472656,8477451,30,15
2023020114,708,power-play,47,15,FALSE,FALSE,TRUE,FALSE,FALSE,FALSE,0,8476463,30,15
2023020114,709,power-play,54,-7,FALSE,FALSE,TRUE,TRUE,FALSE,FALSE,0.07149451971054077,8482079,30,15
2023020114,720,power-play,59,7,FALSE,FALSE,TRUE,FALSE,FALSE,FALSE,0,8480884,30,15
2023020114,730,even-strength,68,17,FALSE,FALSE,TRUE,TRUE,FALSE,FALSE,0.0960906147956848,8480980,30,15
2023020114,773,even-strength,82,3,FALSE,FALSE,TRUE,TRUE,TRUE,TRUE,0.21988630294799805,8477451,30,15
2023020114,789,even-strength,50,18,TRUE,FALSE,TRUE,TRUE,FALSE,FALSE,0.01142925024032592,8479968,30,15
2023020114,915,even-strength,67,-18,FALSE,FALSE,TRUE,TRUE,TRUE,FALSE,0.08068037033081055,8477451,30,15
2023020114,919,even-strength,8,33,FALSE,FALSE,TRUE,TRUE,TRUE,FALSE,0.00223338603973388,8478864,30,15
2023020114,934,even-strength,73,-14,FALSE,FALSE,TRUE,TRUE,TRUE,FALSE,0.05061137676239014,8475220,30,15
2023020114,959,power-play,64,31,FALSE,FALSE,TRUE,TRUE,TRUE,FALSE,0.07134085893630981,8478864,30,15
2023020114,969,power-play,68,-15,FALSE,TRUE,TRUE,TRUE,TRUE,FALSE,0.13726675510406494,8475149,30,15
2023020114,970,power-play,39,20,FALSE,FALSE,TRUE,TRUE,TRUE,FALSE,0.03281635046005249,8476463,30,15
2023020114,972,power-play,66,-15,FALSE,FALSE,TRUE,TRUE,TRUE,FALSE,0.10046464204788208,8475149,30,15
2023020114,976,even-strength,84,3,TRUE,FALSE,TRUE,TRUE,TRUE,FALSE,0.04937726259231567,8482079,30,15
2023020114,998,even-strength,32,36,FALSE,FALSE,TRUE,TRUE,TRUE,FALSE,0.01384210586547851,8476463,30,15
2023020114,1067,penalty-kill,-66,35,FALSE,FALSE,TRUE,TRUE,TRUE,FALSE,0.00461570764954008,8477451,30,15
2023020114,1106,even-strength,76,10,FALSE,FALSE,TRUE,TRUE,TRUE,FALSE,0.12634426355361938,8474034,30,15
2023020114,1115,even-strength,68,6,TRUE,FALSE,TRUE,FALSE,FALSE,FALSE,0,8475220,30,15
2023020114,1117,even-strength,43,-16,TRUE,FALSE,TRUE,TRUE,TRUE,FALSE,0.01062381267547607,8474034,30,15
2023020114,1123,even-strength,80,0,FALSE,FALSE,TRUE,TRUE,TRUE,FALSE,0.18927877325427908,8478493,30,15
2023020114,1127,even-strength,47,7,FALSE,FALSE,TRUE,TRUE,TRUE,FALSE,0.03357780304160329,8478864,30,15
2023020114,1131,even-strength,82,-7,FALSE,FALSE,TRUE,TRUE,FALSE,FALSE,0.11564146890428216,8477451,30,15
2023020114,1137,even-strength,73,0,FALSE,FALSE,TRUE,TRUE,FALSE,FALSE,0.1509616438963651,8475692,30,15
2023020114,1139,even-strength,81,-3,FALSE,FALSE,TRUE,TRUE,TRUE,FALSE,0.23543372798211465,8478864,30,15
2023020114,1153,even-strength,72,-4,FALSE,FALSE,TRUE,TRUE,TRUE,FALSE,0.2553582434218045,8475149,30,15
2023020128,55,even-strength,53,15,TRUE,FALSE,TRUE,TRUE,TRUE,FALSE,0.02708393335342407,8476881,28,15
2023020128,84,even-strength,68,32,FALSE,FALSE,TRUE,FALSE,FALSE,FALSE,0,8471709,28,15
2023020128,90,even-strength,32,-36,FALSE,FALSE,TRUE,TRUE,FALSE,FALSE,6.985664367675781e-4,8477335,28,15
2023020128,155,even-strength,63,-38,FALSE,FALSE,TRUE,TRUE,TRUE,FALSE,0.01122742891311645,8477335,28,15
2023020128,177,even-strength,36,-28,FALSE,FALSE,TRUE,TRUE,TRUE,FALSE,0.02025705575942993,8476988,28,15
2023020128,182,even-strength,46,-13,FALSE,FALSE,TRUE,FALSE,FALSE,FALSE,0,8480172,28,15
2023020128,202,even-strength,44,33,FALSE,FALSE,TRUE,TRUE,FALSE,FALSE,0.01196414232254028,8471709,28,15
2023020128,215,even-strength,30,38,FALSE,FALSE,TRUE,TRUE,TRUE,FALSE,0.00729280710220336,8471709,28,15
2023020128,217,even-strength,50,22,FALSE,FALSE,TRUE,FALSE,FALSE,FALSE,0,8471709,28,15
2023020128,226,even-strength,28,-29,FALSE,FALSE,TRUE,TRUE,TRUE,FALSE,2.4205446243286133e-4,8478099,28,15
2023020128,228,even-strength,77,2,TRUE,FALSE,TRUE,TRUE,FALSE,FALSE,0.26981037855148315,8480188,28,15
2023020128,237,even-strength,80,-4,TRUE,FALSE,TRUE,TRUE,FALSE,FALSE,0.09828436374664308,8479316,28,15
2023020128,247,even-strength,27,1,FALSE,FALSE,TRUE,TRUE,TRUE,FALSE,0.0057266354560852,8477846,28,15
2023020128,252,even-strength,35,-5,FALSE,FALSE,TRUE,TRUE,FALSE,FALSE,0.00493109226226806,8471709,28,15
2023020128,255,even-strength,89,-4,FALSE,TRUE,TRUE,TRUE,TRUE,TRUE,0.2704319953918457,8479316,28,15
2023020128,264,even-strength,38,-27,FALSE,FALSE,TRUE,TRUE,TRUE,FALSE,0.00977498292922973,8478099,28,15
2023020128,266,even-strength,81,6,FALSE,TRUE,TRUE,TRUE,TRUE,FALSE,0.1522722840309143,8479379,28,15
2023020128,268,even-strength,79,3,FALSE,FALSE,TRUE,TRUE,TRUE,FALSE,0.2256302833557129,8479379,28,15
2023020128,277,even-strength,70,6,FALSE,FALSE,TRUE,FALSE,FALSE,FALSE,0,8476881,28,15
2023020128,278,even-strength,50,-24,FALSE,FALSE,TRUE,FALSE,FALSE,FALSE,0,8478099,28,15
2023020128,279,even-strength,72,-5,FALSE,FALSE,TRUE,FALSE,FALSE,FALSE,0,8476881,28,15
2023020128,303,even-strength,33,-36,FALSE,FALSE,TRUE,TRUE,TRUE,FALSE,0.00934720039367675,8477335,28,15
2023020128,305,even-strength,74,8,FALSE,FALSE,TRUE,FALSE,FALSE,FALSE,0,8480188,28,15
2023020128,308,even-strength,50,-28,FALSE,FALSE,TRUE,FALSE,FALSE,FALSE,0,8471709,28,15
2023020128,310,even-strength,88,7,FALSE,TRUE,TRUE,TRUE,TRUE,FALSE,0.01910924911499023,8477846,28,15
2023020128,312,even-strength,6,-38,FALSE,FALSE,TRUE,TRUE,TRUE,FALSE,8.744597434997559e-4,8480188,28,15
2023020128,313,even-strength,60,-29,FALSE,FALSE,TRUE,TRUE,FALSE,FALSE,0.0227469801902771,8480188,28,15
2023020128,315,even-strength,81,34,FALSE,FALSE,TRUE,FALSE,FALSE,FALSE,0,8477407,28,15
2023020128,405,even-strength,67,-16,FALSE,FALSE,TRUE,FALSE,FALSE,FALSE,0,8476881,28,15
2023020128,438,even-strength,44,-10,FALSE,FALSE,TRUE,TRUE,TRUE,FALSE,0.04508811235427856,8477335,28,15
2023020128,508,even-strength,87,-14,FALSE,FALSE,TRUE,TRUE,TRUE,FALSE,0.03176432847976684,8474884,28,15
2023020128,521,even-strength,88,-9,FALSE,FALSE,TRUE,FALSE,FALSE,FALSE,0,8480188,28,15
2023020128,563,penalty-kill,13,-31,TRUE,FALSE,TRUE,TRUE,TRUE,FALSE,0.00200450532474836,8477335,28,15
2023020128,566,penalty-kill,58,-27,TRUE,FALSE,TRUE,TRUE,FALSE,FALSE,0.01228810325853712,8481477,28,15
2023020128,573,penalty-kill,57,21,FALSE,FALSE,TRUE,TRUE,TRUE,FALSE,0.01845997172858397,8479316,28,15
2023020128,590,even-strength,33,-5,FALSE,FALSE,TRUE,TRUE,FALSE,FALSE,0.0042356252670288,8480172,28,15
2023020128,600,even-strength,60,-5,FALSE,FALSE,TRUE,TRUE,FALSE,FALSE,0.15149801969528198,8477407,28,15
2023020128,624,even-strength,5,25,FALSE,FALSE,TRUE,TRUE,TRUE,FALSE,0.00223898887634277,8477846,28,15
2023020128,633,even-strength,40,-9,FALSE,FALSE,TRUE,FALSE,FALSE,FALSE,0,8480188,28,15
2023020128,634,even-strength,89,6,FALSE,TRUE,TRUE,TRUE,TRUE,FALSE,0.02863329648971557,8476881,28,15
2023020128,640,even-strength,34,27,FALSE,FALSE,TRUE,TRUE,TRUE,FALSE,0.00553637742996215,8479983,28,15
2023020128,648,even-strength,76,-12,FALSE,FALSE,TRUE,TRUE,TRUE,FALSE,0.214641273021698,8475798,28,15
2023020128,752,penalty-kill,-90,-17,FALSE,FALSE,TRUE,TRUE,TRUE,FALSE,0.00123948021834313,8479983,28,15
2023020128,755,penalty-kill,55,-34,FALSE,FALSE,TRUE,FALSE,FALSE,FALSE,0,8479316,28,15
2023020128,804,even-strength,56,-4,FALSE,FALSE,TRUE,TRUE,TRUE,FALSE,0.13077276945114136,8475798,28,15
2023020128,806,even-strength,42,25,FALSE,FALSE,TRUE,TRUE,FALSE,FALSE,0.01354539394378662,8479983,28,15
2023020128,807,even-strength,73,-8,FALSE,FALSE,TRUE,FALSE,FALSE,FALSE,0,8479316,28,15
2023020128,812,even-strength,42,5,FALSE,FALSE,TRUE,TRUE,TRUE,FALSE,0.04307353496551514,8480172,28,15
2023020128,831,even-strength,34,0,FALSE,FALSE,TRUE,TRUE,TRUE,FALSE,0.00323438644409179,8479983,28,15
2023020128,842,even-strength,51,17,FALSE,FALSE,TRUE,FALSE,FALSE,FALSE,0,8480172,28,15
2023020128,849,even-strength,66,12,FALSE,FALSE,TRUE,FALSE,FALSE,FALSE,0,8478099,28,15
2023020128,850,even-strength,73,-12,FALSE,FALSE,TRUE,FALSE,FALSE,FALSE,0,8477335,28,15
2023020128,987,even-strength,53,35,FALSE,FALSE,TRUE,TRUE,TRUE,FALSE,5.385279655456543e-4,8471709,28,15
2023020128,1013,even-strength,61,-15,FALSE,FALSE,TRUE,FALSE,FALSE,FALSE,0,8476881,28,15
2023020128,1015,even-strength,69,-21,FALSE,FALSE,TRUE,TRUE,TRUE,FALSE,0.09227341413497923,8482667,28,15
2023020128,1016,even-strength,89,5,FALSE,TRUE,TRUE,TRUE,TRUE,FALSE,0.1844019889831543,8479983,28,15
2023020128,1047,even-strength,74,-9,FALSE,FALSE,TRUE,TRUE,TRUE,FALSE,0.1335163712501526,8479316,28,15
2023020128,1048,even-strength,67,-25,FALSE,FALSE,TRUE,TRUE,TRUE,FALSE,0.06874769926071167,8482667,28,15
2023020128,1049,even-strength,76,1,FALSE,FALSE,TRUE,FALSE,FALSE,FALSE,0,8479316,28,15
2023020128,1111,even-strength,46,33,FALSE,FALSE,TRUE,TRUE,TRUE,FALSE,0.00724512338638305,8477846,28,15
2023020128,1112,even-strength,60,6,FALSE,FALSE,TRUE,FALSE,FALSE,FALSE,0,8477846,28,15
2023020150,151,even-strength,31,-21,FALSE,FALSE,TRUE,TRUE,TRUE,TRUE,0.01699602603912353,8477506,2,15
2023020150,152,even-strength,61,15,FALSE,FALSE,TRUE,TRUE,FALSE,FALSE,0.02936434745788574,8475754,2,15
2023020150,157,penalty-kill,31,29,FALSE,FALSE,TRUE,TRUE,FALSE,FALSE,6.50385225275835e-4,8476419,2,15
2023020150,162,even-strength,62,-1,FALSE,FALSE,TRUE,FALSE,FALSE,FALSE,0,8475754,2,15
2023020150,173,even-strength,32,-29,FALSE,FALSE,TRUE,TRUE,TRUE,FALSE,0.02868294715881347,8476429,2,15
2023020150,177,even-strength,84,-8,FALSE,FALSE,TRUE,FALSE,FALSE,FALSE,0,8475151,2,15
2023020150,188,power-play,83,5,FALSE,FALSE,TRUE,TRUE,FALSE,FALSE,0.12528997659683228,8476419,2,15
2023020150,189,even-strength,54,38,FALSE,FALSE,TRUE,TRUE,TRUE,FALSE,0.00833970308303833,8477500,2,15
2023020150,190,even-strength,87,7,FALSE,TRUE,TRUE,TRUE,TRUE,FALSE,0.01268678903579712,8478445,2,15
2023020150,195,even-strength,82,-4,FALSE,FALSE,TRUE,TRUE,TRUE,FALSE,0.09856754541397096,8476419,2,15
2023020150,196,even-strength,82,2,FALSE,FALSE,TRUE,TRUE,TRUE,FALSE,0.22550857067108152,8475314,2,15
2023020150,200,even-strength,22,-1,FALSE,FALSE,TRUE,TRUE,TRUE,FALSE,8.332729339599609e-4,8481014,2,15
2023020150,273,even-strength,78,-5,FALSE,FALSE,TRUE,TRUE,TRUE,TRUE,0.3358526825904846,8481601,2,15
2023020150,284,even-strength,38,0,FALSE,FALSE,TRUE,TRUE,FALSE,FALSE,0.03124362230300903,8477500,2,15
2023020150,509,even-strength,63,16,FALSE,FALSE,TRUE,TRUE,FALSE,FALSE,0.08310043811798096,8475754,2,15
2023020150,524,even-strength,67,-11,FALSE,FALSE,TRUE,FALSE,FALSE,FALSE,0,8477506,2,15
2023020150,534,even-strength,63,-30,TRUE,FALSE,TRUE,TRUE,TRUE,FALSE,0.01161772012710571,8476429,2,15
2023020150,560,power-play,74,-7,FALSE,FALSE,TRUE,FALSE,FALSE,FALSE,0,8477506,2,15
2023020150,561,even-strength,83,-1,FALSE,TRUE,TRUE,TRUE,FALSE,FALSE,0.14075040817260742,8478115,2,15
2023020150,562,even-strength,82,2,FALSE,TRUE,TRUE,TRUE,TRUE,FALSE,0.24856096506118777,8478115,2,15
2023020150,673,even-strength,73,15,FALSE,FALSE,TRUE,TRUE,TRUE,TRUE,0.0985010862350464,8475754,2,15
2023020150,702,even-strength,81,-4,FALSE,FALSE,TRUE,FALSE,FALSE,FALSE,0,8478115,2,15
2023020150,704,even-strength,34,0,FALSE,FALSE,TRUE,TRUE,TRUE,FALSE,0.02610135078430175,8477506,2,15
2023020150,752,power-play,67,-15,FALSE,FALSE,TRUE,TRUE,TRUE,FALSE,0.06824499368667603,8477506,2,15
2023020150,785,even-strength,73,-7,FALSE,FALSE,TRUE,TRUE,FALSE,FALSE,0.06101179122924805,8477500,2,15
2023020150,788,even-strength,36,8,FALSE,FALSE,TRUE,TRUE,FALSE,FALSE,0.03625720739364624,8478445,2,15
2023020150,802,even-strength,53,9,FALSE,FALSE,TRUE,TRUE,TRUE,FALSE,0.0040220022201538,8475151,2,15
2023020150,805,even-strength,33,27,FALSE,FALSE,TRUE,TRUE,TRUE,FALSE,0.01948809623718261,8481014,2,15
2023020150,816,even-strength,70,4,FALSE,FALSE,TRUE,TRUE,FALSE,FALSE,0.09274685382843018,8473504,2,15
2023020150,827,even-strength,31,-26,FALSE,FALSE,TRUE,TRUE,TRUE,FALSE,8.259415626525879e-4,8476429,2,15
2023020150,842,even-strength,51,-26,TRUE,FALSE,TRUE,TRUE,TRUE,FALSE,0.01061505079269409,8480865,2,15
2023020150,850,even-strength,64,-12,FALSE,FALSE,TRUE,TRUE,TRUE,FALSE,0.03765922784805298,8475754,2,15
2023020150,857,even-strength,72,0,FALSE,FALSE,TRUE,FALSE,FALSE,FALSE,0,8478445,2,15
2023020150,858,even-strength,66,0,FALSE,FALSE,TRUE,TRUE,FALSE,FALSE,0.10376757383346558,8475314,2,15
2023020150,871,even-strength,87,-10,FALSE,FALSE,TRUE,TRUE,TRUE,FALSE,0.03586268424987793,8475231,2,15
2023020150,880,even-strength,33,-19,FALSE,FALSE,TRUE,TRUE,FALSE,FALSE,0.02386868000030517,8478115,2,15
2023020150,1045,even-strength,80,3,TRUE,FALSE,TRUE,TRUE,TRUE,FALSE,0.12666362524032593,8478115,2,15
2023020150,1046,even-strength,61,10,FALSE,FALSE,TRUE,FALSE,FALSE,FALSE,0,8481014,2,15
2023020150,1077,even-strength,29,33,FALSE,FALSE,TRUE,TRUE,TRUE,FALSE,0.01150697469711303,8481014,2,15
2023020191,87,even-strength,60,-30,FALSE,FALSE,TRUE,FALSE,FALSE,FALSE,0,8475171,13,15
2023020191,99,even-strength,68,31,FALSE,FALSE,TRUE,TRUE,TRUE,FALSE,0.01851993799209594,8476422,13,15
2023020191,211,even-strength,69,21,FALSE,FALSE,TRUE,TRUE,TRUE,TRUE,0.0606728196144104,8477493,13,15
2023020191,212,even-strength,33,31,FALSE,FALSE,TRUE,TRUE,TRUE,FALSE,0.0096481442451477,8478055,13,15
2023020191,214,even-strength,83,28,FALSE,FALSE,TRUE,TRUE,FALSE,FALSE,0.01996529102325439,8477409,13,15
2023020191,215,even-strength,75,10,FALSE,FALSE,TRUE,FALSE,FALSE,FALSE,0,8478542,13,15
2023020191,216,even-strength,67,5,FALSE,TRUE,TRUE,TRUE,FALSE,FALSE,0.15531796216964722,8477493,13,15
2023020191,217,power-play,52,30,FALSE,FALSE,TRUE,TRUE,FALSE,FALSE,0.03970414400100708,8478055,13,15
2023020191,218,even-strength,87,-6,FALSE,FALSE,TRUE,TRUE,TRUE,FALSE,0.01390933990478515,8480185,13,15
2023020191,221,even-strength,88,9,FALSE,FALSE,TRUE,TRUE,FALSE,FALSE,0.05137324333190918,8479314,13,15
2023020191,222,even-strength,76,-1,FALSE,FALSE,TRUE,FALSE,FALSE,FALSE,0,8478542,13,15
2023020191,225,even-strength,58,5,FALSE,FALSE,TRUE,FALSE,FALSE,FALSE,0,8479372,13,15
2023020191,279,even-strength,80,-3,FALSE,FALSE,TRUE,TRUE,TRUE,FALSE,0.10293221473693848,8477409,13,15
2023020191,291,even-strength,36,-37,FALSE,FALSE,TRUE,TRUE,FALSE,FALSE,1.3768672943115234e-4,8476422,13,15
2023020191,297,even-strength,49,-10,FALSE,FALSE,TRUE,TRUE,TRUE,TRUE,0.03612035512924194,8475171,13,15
2023020191,360,even-strength,31,-26,FALSE,FALSE,TRUE,TRUE,TRUE,FALSE,0.01816785335540771,8476422,13,15
2023020191,366,even-strength,60,18,FALSE,FALSE,TRUE,TRUE,TRUE,FALSE,0.01345986127853393,8477409,13,15
2023020191,380,even-strength,80,3,FALSE,FALSE,TRUE,TRUE,TRUE,FALSE,0.13249588012695312,8480185,13,15
2023020191,386,even-strength,71,6,TRUE,FALSE,TRUE,FALSE,FALSE,FALSE,0,8477493,13,15
2023020191,469,even-strength,70,-22,FALSE,FALSE,TRUE,TRUE,FALSE,FALSE,0.05144721269607544,8478542,13,15
2023020191,497,even-strength,88,22,FALSE,FALSE,TRUE,TRUE,TRUE,FALSE,0.0635722279548645,8479372,13,15
2023020191,502,even-strength,58,-10,FALSE,FALSE,TRUE,FALSE,FALSE,FALSE,0,8478904,13,15
2023020191,504,even-strength,40,-29,FALSE,FALSE,TRUE,TRUE,FALSE,FALSE,0.02879422903060913,8475179,13,15
2023020191,512,even-strength,63,1,FALSE,FALSE,TRUE,FALSE,FALSE,FALSE,0,8478542,13,15
2023020191,513,even-strength,84,-12,TRUE,FALSE,TRUE,TRUE,FALSE,FALSE,0.02354598045349121,8477933,13,15
2023020191,530,power-play,73,10,FALSE,FALSE,TRUE,TRUE,FALSE,FALSE,0.1738067865371704,8477493,13,15
2023020191,531,power-play,78,-18,FALSE,FALSE,TRUE,TRUE,TRUE,FALSE,0.12809604406356812,8479314,13,15
2023020191,535,power-play,81,-4,FALSE,TRUE,TRUE,TRUE,TRUE,FALSE,0.21837341785430908,8477933,13,15
2023020191,540,power-play,64,-3,FALSE,FALSE,TRUE,FALSE,FALSE,FALSE,0,8478055,13,15
2023020191,545,even-strength,86,1,FALSE,TRUE,TRUE,TRUE,TRUE,FALSE,0.3080452084541321,8478831,13,15
2023020191,556,even-strength,63,34,FALSE,FALSE,TRUE,FALSE,FALSE,FALSE,0,8478904,13,15
2023020191,568,even-strength,83,2,TRUE,FALSE,TRUE,FALSE,FALSE,FALSE,0,8477933,13,15
2023020191,683,even-strength,76,3,TRUE,FALSE,TRUE,TRUE,TRUE,FALSE,0.08023160696029663,8476422,13,15
2023020191,701,power-play,77,-3,FALSE,FALSE,TRUE,FALSE,FALSE,FALSE,0,8479314,13,15
2023020191,703,even-strength,82,-2,FALSE,TRUE,TRUE,TRUE,TRUE,FALSE,0.2550925016403198,8480185,13,15
2023020191,704,even-strength,88,5,FALSE,FALSE,TRUE,TRUE,TRUE,FALSE,0.07652652263641357,8477409,13,15
2023020191,819,even-strength,69,2,TRUE,FALSE,TRUE,TRUE,TRUE,FALSE,0.1692144274711609,8475179,13,15
2023020191,830,even-strength,81,-6,FALSE,FALSE,TRUE,TRUE,TRUE,TRUE,0.07380872964859009,8478542,13,15
2023020191,848,even-strength,82,5,FALSE,FALSE,TRUE,TRUE,TRUE,FALSE,0.0884891152381897,8478904,13,15
2023020191,849,even-strength,59,-14,FALSE,FALSE,TRUE,TRUE,FALSE,FALSE,0.17126315832138062,8479372,13,15
2023020191,850,even-strength,85,14,FALSE,FALSE,TRUE,FALSE,FALSE,FALSE,0,8479314,13,15
2023020191,954,even-strength,64,-14,TRUE,FALSE,TRUE,FALSE,FALSE,FALSE,0,8477933,13,15
2023020191,964,even-strength,31,-31,TRUE,FALSE,TRUE,TRUE,TRUE,FALSE,0.00483369827270507,8475179,13,15
2023020191,965,even-strength,57,-8,FALSE,FALSE,TRUE,TRUE,TRUE,FALSE,0.09949570894241332,8476393,13,15
2023020191,975,even-strength,43,14,FALSE,FALSE,TRUE,TRUE,TRUE,FALSE,0.03538316488265991,8476422,13,15
2023020191,1033,even-strength,53,-41,FALSE,FALSE,TRUE,TRUE,TRUE,FALSE,0.00513267517089843,8479367,13,15
2023020191,1078,even-strength,79,-10,FALSE,FALSE,TRUE,TRUE,TRUE,FALSE,0.09643274545669556,8480185,13,15
2023020191,1099,even-strength,86,-3,FALSE,FALSE,TRUE,TRUE,TRUE,TRUE,0.3849108551629749,8477933,13,15
2023020285,82,even-strength,42,21,FALSE,FALSE,TRUE,TRUE,TRUE,FALSE,0.01549392938613891,8473449,7,15
2023020285,93,even-strength,50,-26,FALSE,FALSE,TRUE,FALSE,FALSE,FALSE,0,8482175,7,15
2023020285,151,even-strength,62,-16,TRUE,FALSE,TRUE,FALSE,FALSE,FALSE,0,8481528,7,15
2023020285,160,even-strength,53,-27,FALSE,FALSE,TRUE,TRUE,TRUE,FALSE,0.01386624574661254,8476878,7,15
2023020285,162,even-strength,60,27,FALSE,FALSE,TRUE,TRUE,FALSE,FALSE,0.01974153518676757,8481564,7,15
2023020285,167,even-strength,76,-15,TRUE,FALSE,TRUE,FALSE,FALSE,FALSE,0,8477365,7,15
2023020285,170,even-strength,36,23,FALSE,FALSE,TRUE,TRUE,TRUE,FALSE,0.03205299377441406,8480807,7,15
2023020285,177,even-strength,66,-3,FALSE,FALSE,TRUE,FALSE,FALSE,FALSE,0,8478413,7,15
2023020285,180,power-play,75,-6,FALSE,FALSE,TRUE,FALSE,FALSE,FALSE,0,8482175,7,15
2023020285,181,power-play,41,-40,FALSE,FALSE,TRUE,TRUE,TRUE,FALSE,0.0153476595878601,8480839,7,15
2023020285,189,even-strength,83,7,FALSE,FALSE,TRUE,TRUE,FALSE,FALSE,0.19995682329733455,8480839,7,15
2023020285,202,even-strength,79,4,FALSE,FALSE,TRUE,FALSE,FALSE,FALSE,0,8484145,7,15
2023020285,229,even-strength,69,-23,FALSE,FALSE,TRUE,TRUE,FALSE,FALSE,0.01727771759033203,8482175,7,15
2023020285,231,even-strength,82,6,FALSE,TRUE,TRUE,TRUE,TRUE,FALSE,0.2425631880760193,8475784,7,15
2023020285,236,even-strength,69,14,FALSE,FALSE,TRUE,TRUE,TRUE,FALSE,0.07284235954284668,8475784,7,15
2023020285,240,even-strength,85,22,FALSE,FALSE,TRUE,TRUE,FALSE,FALSE,0.01019352674484253,8480839,7,15
2023020285,241,even-strength,33,-22,FALSE,FALSE,TRUE,TRUE,TRUE,FALSE,0.02314400672912597,8480839,7,15
2023020285,245,even-strength,66,-19,FALSE,FALSE,TRUE,FALSE,FALSE,FALSE,0,8479999,7,15
2023020285,252,even-strength,84,15,TRUE,TRUE,TRUE,TRUE,FALSE,FALSE,0.08135247230529785,8484145,7,15
2023020285,253,even-strength,57,-24,FALSE,FALSE,TRUE,FALSE,FALSE,FALSE,0,8477365,7,15
2023020285,254,even-strength,48,-17,FALSE,FALSE,TRUE,FALSE,FALSE,FALSE,0,8482175,7,15
2023020285,255,even-strength,69,-33,FALSE,FALSE,TRUE,TRUE,TRUE,FALSE,0.02294731140136718,8482175,7,15
2023020285,257,even-strength,79,-1,TRUE,FALSE,TRUE,FALSE,FALSE,FALSE,0,8480035,7,15
2023020285,259,even-strength,56,-22,FALSE,FALSE,TRUE,FALSE,FALSE,FALSE,0,8482175,7,15
2023020285,306,even-strength,64,-32,FALSE,FALSE,TRUE,TRUE,TRUE,FALSE,0.02678978443145752,8477949,7,15
2023020285,312,even-strength,59,34,FALSE,FALSE,TRUE,TRUE,FALSE,FALSE,0.0177890658378601,8473446,7,15
2023020285,313,even-strength,84,8,FALSE,FALSE,TRUE,TRUE,FALSE,FALSE,0.08105278015136719,8478109,7,15
2023020285,314,even-strength,54,-14,FALSE,FALSE,TRUE,TRUE,TRUE,TRUE,0.08169066905975342,8482175,7,15
2023020285,318,even-strength,77,-9,FALSE,FALSE,TRUE,FALSE,FALSE,FALSE,0,8480035,7,15
2023020285,337,even-strength,52,-28,FALSE,FALSE,TRUE,TRUE,FALSE,FALSE,0.01567554473876953,8482175,7,15
2023020285,406,even-strength,71,-15,FALSE,FALSE,TRUE,FALSE,FALSE,FALSE,0,8477949,7,15
2023020285,430,even-strength,82,4,FALSE,FALSE,TRUE,TRUE,TRUE,TRUE,0.08042609691619873,8484145,7,15
2023020285,447,even-strength,72,0,TRUE,FALSE,TRUE,FALSE,FALSE,FALSE,0,8476878,7,15
2023020285,448,even-strength,75,-4,FALSE,FALSE,TRUE,FALSE,FALSE,FALSE,0,8482671,7,15
2023020285,449,even-strength,75,-4,FALSE,FALSE,TRUE,FALSE,FALSE,FALSE,0,8480807,7,15
2023020285,512,penalty-kill,57,31,FALSE,FALSE,TRUE,TRUE,TRUE,FALSE,0.01950556048424814,8476878,7,15
2023020285,542,even-strength,57,-28,FALSE,FALSE,TRUE,FALSE,FALSE,FALSE,0,8477365,7,15
2023020285,557,even-strength,62,29,TRUE,FALSE,TRUE,FALSE,FALSE,FALSE,0,8480807,7,15
2023020285,609,even-strength,81,-6,TRUE,FALSE,TRUE,FALSE,FALSE,FALSE,0,8475784,7,15
2023020285,623,even-strength,68,-4,FALSE,FALSE,TRUE,FALSE,FALSE,FALSE,0,8477365,7,15
2023020285,629,even-strength,36,-16,FALSE,FALSE,TRUE,TRUE,TRUE,FALSE,0.04273313283920288,8480807,7,15
2023020285,636,even-strength,56,-6,FALSE,FALSE,TRUE,TRUE,TRUE,FALSE,0.10497504472732544,8477949,7,15
2023020285,670,even-strength,34,-28,FALSE,FALSE,TRUE,TRUE,TRUE,FALSE,0.01854842901229858,8481564,7,15
2023020285,695,even-strength,57,-18,FALSE,FALSE,TRUE,FALSE,FALSE,FALSE,0,8477949,7,15
2023020285,699,even-strength,35,1,FALSE,FALSE,TRUE,TRUE,TRUE,FALSE,0.02138972282409668,8480807,7,15
2023020285,771,power-play,77,14,FALSE,FALSE,TRUE,TRUE,FALSE,FALSE,0.13040077686309814,8477949,7,15
2023020285,779,power-play,80,-2,FALSE,FALSE,TRUE,TRUE,TRUE,FALSE,0.22472047805786133,8477949,7,15
2023020285,780,power-play,67,19,FALSE,TRUE,TRUE,TRUE,FALSE,FALSE,0.05952954292297363,8480839,7,15
2023020285,782,power-play,72,2,FALSE,FALSE,TRUE,TRUE,TRUE,FALSE,0.17671209573745728,8479999,7,15
2023020285,783,power-play,72,-19,FALSE,FALSE,TRUE,TRUE,TRUE,FALSE,0.17135292291641235,8475784,7,15
2023020285,784,power-play,54,7,FALSE,FALSE,TRUE,TRUE,TRUE,FALSE,0.13475263118743896,8480839,7,15
2023020285,785,power-play,68,22,FALSE,FALSE,TRUE,TRUE,FALSE,FALSE,0.1570519208908081,8481528,7,15
2023020285,786,power-play,80,-2,FALSE,FALSE,TRUE,FALSE,FALSE,FALSE,0,8480839,7,15
2023020285,788,power-play,62,19,FALSE,FALSE,TRUE,TRUE,TRUE,FALSE,0.113833487033844,8481528,7,15
2023020285,789,power-play,62,18,FALSE,FALSE,TRUE,TRUE,TRUE,TRUE,0.09953999519348145,8481528,7,15
2023020285,798,even-strength,74,-2,FALSE,FALSE,TRUE,FALSE,FALSE,FALSE,0,8478109,7,15
2023020285,885,even-strength,81,5,FALSE,FALSE,TRUE,TRUE,TRUE,FALSE,0.08624601364135742,8484145,7,15
2023020285,932,power-play,65,-10,FALSE,FALSE,TRUE,FALSE,FALSE,FALSE,0,8473449,7,15
2023020285,933,power-play,57,-27,FALSE,FALSE,TRUE,TRUE,TRUE,FALSE,0.05923581123352051,8478109,7,15
2023020285,946,even-strength,76,2,FALSE,FALSE,TRUE,TRUE,FALSE,FALSE,0.05626058578491211,8478413,7,15
2023020285,1061,even-strength,78,-14,FALSE,FALSE,TRUE,TRUE,FALSE,FALSE,0.11032819747924805,8473449,7,15
2023020285,1130,even-strength,37,-35,FALSE,FALSE,TRUE,TRUE,TRUE,FALSE,0.00843852758407592,8480839,7,15
2023020285,1164,even-strength,77,13,FALSE,FALSE,TRUE,TRUE,FALSE,FALSE,0.11156965267037794,8480839,7,15
2023020285,1165,even-strength,68,-15,FALSE,FALSE,TRUE,TRUE,TRUE,FALSE,0.19340859400511795,8477949,7,15
2023020285,1168,even-strength,59,11,FALSE,FALSE,TRUE,TRUE,FALSE,FALSE,0.05785364404094131,8482671,7,15
2023020285,1173,even-strength,47,-11,FALSE,FALSE,TRUE,TRUE,TRUE,FALSE,0.04794624802560612,8481528,7,15
2023020285,1174,even-strength,54,14,FALSE,FALSE,TRUE,FALSE,FALSE,FALSE,0,8481528,7,15
2023020326,119,even-strength,48,-8,FALSE,FALSE,TRUE,TRUE,TRUE,FALSE,0.05519658327102661,8480188,28,15
2023020326,124,even-strength,66,7,FALSE,TRUE,TRUE,TRUE,FALSE,FALSE,0.04862964153289795,8477473,28,15
2023020326,143,penalty-kill,65,12,FALSE,FALSE,TRUE,TRUE,TRUE,FALSE,0.1460679908336315,8475798,28,15
2023020326,150,even-strength,61,-8,FALSE,FALSE,TRUE,FALSE,FALSE,FALSE,0,8480188,28,15
2023020326,204,even-strength,53,-30,FALSE,FALSE,TRUE,FALSE,FALSE,FALSE,0,8477335,28,15
2023020326,209,even-strength,7,-2,FALSE,FALSE,TRUE,TRUE,TRUE,FALSE,1.1467933654785156e-4,8479983,28,15
2023020326,210,even-strength,59,20,FALSE,FALSE,TRUE,FALSE,FALSE,FALSE,0,8481537,28,15
2023020326,216,even-strength,68,11,FALSE,FALSE,TRUE,FALSE,FALSE,FALSE,0,8480188,28,15
2023020326,220,even-strength,77,-14,TRUE,FALSE,TRUE,TRUE,FALSE,FALSE,0.0828813910484314,8479439,28,15
2023020326,228,even-strength,55,23,FALSE,FALSE,TRUE,FALSE,FALSE,FALSE,0,8481537,28,15
2023020326,229,power-play,81,-2,FALSE,TRUE,TRUE,TRUE,FALSE,FALSE,0.06345260143280029,8480188,28,15
2023020326,252,even-strength,29,-35,FALSE,FALSE,TRUE,TRUE,TRUE,FALSE,0.00429999828338623,8480834,28,15
2023020326,254,even-strength,82,18,FALSE,FALSE,TRUE,FALSE,FALSE,FALSE,0,8474884,28,15
2023020326,265,even-strength,35,-34,FALSE,FALSE,TRUE,TRUE,FALSE,FALSE,0.01427668333053588,8482667,28,15
2023020326,275,even-strength,66,12,FALSE,FALSE,TRUE,TRUE,FALSE,FALSE,0.03791505098342895,8479439,28,15
2023020326,284,power-play,70,4,FALSE,FALSE,TRUE,FALSE,FALSE,FALSE,0,8479439,28,15
2023020326,285,power-play,62,2,FALSE,FALSE,TRUE,TRUE,TRUE,FALSE,0.08793723583221436,8482667,28,15
2023020326,286,power-play,86,-4,FALSE,TRUE,TRUE,FALSE,FALSE,FALSE,0,8474884,28,15
2023020326,290,power-play,38,19,FALSE,FALSE,TRUE,TRUE,TRUE,FALSE,0.04496937990188598,8479439,28,15
2023020326,299,power-play,58,17,FALSE,FALSE,TRUE,TRUE,TRUE,FALSE,0.07433444261550903,8479316,28,15
2023020326,302,power-play,79,2,FALSE,TRUE,TRUE,TRUE,FALSE,FALSE,0.19679254293441772,8480188,28,15
2023020326,303,even-strength,69,33,FALSE,FALSE,TRUE,FALSE,FALSE,FALSE,0,8479439,28,15
2023020326,359,even-strength,85,-7,TRUE,FALSE,TRUE,TRUE,TRUE,FALSE,0.17769873142242432,8475798,28,15
2023020326,367,even-strength,57,-22,FALSE,FALSE,TRUE,TRUE,TRUE,FALSE,0.02478063106536865,8480188,28,15
2023020326,368,even-strength,85,-16,FALSE,TRUE,TRUE,TRUE,TRUE,TRUE,0.17758303880691528,8480188,28,15
2023020326,506,even-strength,84,10,FALSE,FALSE,TRUE,TRUE,FALSE,FALSE,0.04907768964767456,8477473,28,15
2023020326,510,even-strength,30,-3,FALSE,FALSE,TRUE,TRUE,TRUE,FALSE,0.01671463251113891,8480188,28,15
2023020326,511,even-strength,30,-28,FALSE,FALSE,TRUE,TRUE,FALSE,FALSE,0.01638847589492798,8479379,28,15
2023020326,533,even-strength,60,-25,FALSE,FALSE,TRUE,TRUE,FALSE,FALSE,0.05295705795288086,8478099,28,15
2023020326,561,even-strength,76,26,FALSE,FALSE,TRUE,FALSE,FALSE,FALSE,0,8478099,28,15
2023020326,585,even-strength,85,-7,FALSE,FALSE,TRUE,TRUE,FALSE,FALSE,0.0924057960510254,8477473,28,15
2023020326,596,penalty-kill,64,8,TRUE,FALSE,TRUE,TRUE,TRUE,FALSE,0.14889539180745862,8480188,28,15
2023020326,612,even-strength,74,-18,FALSE,FALSE,TRUE,TRUE,TRUE,FALSE,0.0077638030052185,8474884,28,15
2023020326,613,even-strength,40,26,FALSE,FALSE,TRUE,TRUE,TRUE,FALSE,0.01566720008850097,8476988,28,15
2023020326,640,even-strength,37,14,FALSE,FALSE,TRUE,FALSE,FALSE,FALSE,0,8480884,28,15
2023020326,652,even-strength,29,2,FALSE,FALSE,TRUE,TRUE,TRUE,FALSE,0.00915169715881347,8474884,28,15
2023020326,665,even-strength,78,-8,FALSE,FALSE,TRUE,FALSE,FALSE,FALSE,0,8480884,28,15
2023020326,666,even-strength,70,-2,FALSE,FALSE,TRUE,TRUE,FALSE,FALSE,0.06673496961593628,8477846,28,15
2023020326,693,even-strength,34,-28,FALSE,FALSE,TRUE,TRUE,TRUE,FALSE,0.00809943675994873,8479316,28,15
2023020326,722,even-strength,48,-25,FALSE,FALSE,TRUE,TRUE,TRUE,FALSE,0.02552831172943115,8478099,28,15
2023020326,735,even-strength,68,-10,FALSE,FALSE,TRUE,FALSE,FALSE,FALSE,0,8480834,28,15
2023020326,951,even-strength,56,-5,FALSE,FALSE,TRUE,TRUE,TRUE,FALSE,0.04506677389144897,8479439,28,15
2023020326,991,power-play,85,-7,FALSE,FALSE,TRUE,TRUE,TRUE,FALSE,0.11615705490112305,8482667,28,15
2023020326,992,power-play,56,-2,FALSE,FALSE,TRUE,FALSE,FALSE,FALSE,0,8474884,28,15
2023020326,1026,even-strength,34,33,FALSE,FALSE,TRUE,TRUE,FALSE,FALSE,0.0188530683517456,8479983,28,15
2023020326,1046,power-play,72,-18,FALSE,FALSE,TRUE,TRUE,TRUE,TRUE,0.09302383661270142,8479316,28,15
2023020326,1051,even-strength,14,40,FALSE,FALSE,TRUE,TRUE,TRUE,FALSE,0.00122863054275512,8481537,28,15
2023020326,1052,even-strength,37,31,FALSE,FALSE,TRUE,TRUE,TRUE,FALSE,0.0135464072227478,8481537,28,15
2023020326,1053,even-strength,71,36,FALSE,FALSE,TRUE,FALSE,FALSE,FALSE,0,8481477,28,15
2023020326,1063,even-strength,54,20,TRUE,FALSE,TRUE,TRUE,TRUE,FALSE,0.02529042959213257,8480188,28,15
2023020352,55,even-strength,63,-41,FALSE,FALSE,TRUE,TRUE,TRUE,FALSE,0.01310878992080688,8475842,24,15
2023020352,70,even-strength,75,-2,FALSE,FALSE,TRUE,FALSE,FALSE,FALSE,0,8483482,24,15
2023020352,71,even-strength,72,-8,FALSE,TRUE,TRUE,TRUE,TRUE,TRUE,0.1004837155342102,8483482,24,15
2023020352,75,even-strength,69,-12,FALSE,FALSE,TRUE,TRUE,FALSE,FALSE,0.09156805276870728,8479368,24,15
2023020352,89,even-strength,63,18,FALSE,FALSE,TRUE,TRUE,FALSE,FALSE,0.08565300703048706,8481517,24,15
2023020352,153,even-strength,87,15,FALSE,FALSE,TRUE,TRUE,TRUE,FALSE,0.02611762285232544,8478873,24,15
2023020352,155,even-strength,82,2,FALSE,TRUE,TRUE,TRUE,TRUE,TRUE,0.30967116355895996,8481517,24,15
2023020352,159,even-strength,45,11,FALSE,FALSE,TRUE,TRUE,FALSE,FALSE,0.00981611013412475,8476934,24,15
2023020352,160,even-strength,67,24,FALSE,TRUE,TRUE,FALSE,FALSE,FALSE,0,8475764,24,15
2023020352,163,even-strength,77,14,FALSE,TRUE,TRUE,TRUE,FALSE,FALSE,0.1280198097229004,8476934,24,15
2023020352,174,even-strength,69,29,TRUE,FALSE,TRUE,TRUE,FALSE,FALSE,0.00499528646469116,8476934,24,15
2023020352,176,even-strength,52,-12,FALSE,FALSE,TRUE,TRUE,TRUE,FALSE,0.10047543048858644,8483482,24,15
2023020352,178,even-strength,52,19,FALSE,FALSE,TRUE,TRUE,TRUE,FALSE,0.02881473302841186,8473986,24,15
2023020352,179,even-strength,82,8,FALSE,TRUE,TRUE,TRUE,TRUE,FALSE,0.16454899311065674,8478873,24,15
2023020352,181,penalty-kill,-94,7,FALSE,FALSE,TRUE,TRUE,TRUE,FALSE,0.00106740325849609,8475462,24,15
2023020352,187,even-strength,83,2,FALSE,TRUE,TRUE,TRUE,TRUE,TRUE,0.2878633737564087,8478366,24,15
2023020352,209,power-play,33,23,FALSE,FALSE,TRUE,TRUE,FALSE,FALSE,0.02426958084106445,8475764,24,15
2023020352,214,power-play,37,-17,FALSE,FALSE,TRUE,TRUE,TRUE,FALSE,0.0463905930519104,8475764,24,15
2023020352,215,power-play,78,-18,FALSE,FALSE,TRUE,TRUE,TRUE,FALSE,0.13973140716552734,8478366,24,15
2023020352,216,power-play,73,-10,FALSE,FALSE,TRUE,FALSE,FALSE,FALSE,0,8474641,24,15
2023020352,226,power-play,71,-21,FALSE,FALSE,TRUE,TRUE,TRUE,FALSE,0.0833972692489624,8473986,24,15
2023020352,227,power-play,57,11,FALSE,FALSE,TRUE,FALSE,FALSE,FALSE,0,8483490,24,15
2023020352,237,even-strength,76,-6,FALSE,FALSE,TRUE,TRUE,TRUE,FALSE,0.22086411714553833,8484153,24,15
2023020352,251,even-strength,69,12,TRUE,FALSE,TRUE,TRUE,TRUE,FALSE,0.13817429542541504,8474641,24,15
2023020352,306,even-strength,85,-20,FALSE,FALSE,TRUE,TRUE,FALSE,FALSE,0.04434891852371836,8483482,24,15
2023020352,338,even-strength,37,-9,FALSE,FALSE,TRUE,FALSE,FALSE,FALSE,0,8475462,24,15
2023020352,343,even-strength,62,15,FALSE,FALSE,TRUE,TRUE,TRUE,FALSE,0.06728345155715942,8481517,24,15
2023020352,351,even-strength,77,13,FALSE,FALSE,TRUE,FALSE,FALSE,FALSE,0,8481517,24,15
2023020352,516,even-strength,71,19,FALSE,FALSE,TRUE,FALSE,FALSE,FALSE,0,8483490,24,15
2023020352,536,even-strength,40,28,TRUE,FALSE,TRUE,TRUE,TRUE,FALSE,4.293322563171386e-4,8476458,24,15
2023020352,549,power-play,80,-2,FALSE,FALSE,TRUE,FALSE,FALSE,FALSE,0,8482745,24,15
2023020352,606,power-play,65,25,FALSE,FALSE,TRUE,TRUE,TRUE,FALSE,0.06113463640213013,8478366,24,15
2023020352,609,power-play,81,-10,FALSE,FALSE,TRUE,FALSE,FALSE,FALSE,0,8478366,24,15
2023020352,610,power-play,74,-8,FALSE,FALSE,TRUE,FALSE,FALSE,FALSE,0,8478366,24,15
2023020352,612,power-play,35,3,FALSE,FALSE,TRUE,TRUE,TRUE,FALSE,0.04805290699005127,8478366,24,15
2023020352,614,even-strength,73,-28,FALSE,FALSE,TRUE,TRUE,FALSE,FALSE,0.05814307928085327,8474641,24,15
2023020352,621,even-strength,59,-21,FALSE,FALSE,TRUE,TRUE,TRUE,FALSE,0.07400989532470703,8481517,24,15
2023020352,627,even-strength,37,29,FALSE,FALSE,TRUE,TRUE,TRUE,FALSE,0.01224535703659057,8475764,24,15
2023020352,637,even-strength,64,8,FALSE,FALSE,TRUE,FALSE,FALSE,FALSE,0,8475764,24,15
2023020352,642,even-strength,57,-4,FALSE,FALSE,TRUE,FALSE,FALSE,FALSE,0,8483490,24,15
2023020352,653,even-strength,47,4,FALSE,FALSE,TRUE,TRUE,FALSE,FALSE,0.03683139573204323,8478366,24,15
2023020352,654,even-strength,45,0,FALSE,FALSE,TRUE,TRUE,TRUE,FALSE,0.05531781837620056,8483482,24,15
2023020352,662,even-strength,32,-12,FALSE,FALSE,TRUE,TRUE,FALSE,FALSE,0.03441840410232544,8483482,24,15
2023020352,675,even-strength,38,-28,FALSE,FALSE,TRUE,TRUE,TRUE,FALSE,0.02480226755142212,8475164,24,15
2023020352,753,power-play,28,23,FALSE,FALSE,TRUE,TRUE,FALSE,FALSE,0.02620661258697509,8483490,24,15
2023020352,770,even-strength,49,-39,FALSE,FALSE,TRUE,TRUE,TRUE,FALSE,4.284977912902832e-4,8483482,24,15
2023020352,785,even-strength,79,-5,FALSE,FALSE,TRUE,FALSE,FALSE,FALSE,0,8475462,24,15
2023020352,798,even-strength,72,27,FALSE,FALSE,TRUE,TRUE,TRUE,FALSE,0.02725404500961303,8478366,24,15
2023020352,805,even-strength,60,-17,FALSE,FALSE,TRUE,TRUE,TRUE,FALSE,0.07327437400817871,8478873,24,15
2023020352,808,even-strength,78,0,FALSE,FALSE,TRUE,TRUE,FALSE,FALSE,0.0780152678489685,8473986,24,15
2023020352,823,power-play,80,-1,FALSE,FALSE,TRUE,TRUE,FALSE,FALSE,0.12387901544570924,8474641,24,15
2023020352,833,power-play,84,10,FALSE,FALSE,TRUE,TRUE,TRUE,FALSE,0.07676959037780762,8478873,24,15
2023020352,834,power-play,80,2,FALSE,FALSE,TRUE,FALSE,FALSE,FALSE,0,8473986,24,15
2023020352,835,power-play,80,4,FALSE,TRUE,TRUE,TRUE,FALSE,FALSE,0.06678241491317749,8482745,24,15
2023020352,836,power-play,48,-3,FALSE,FALSE,TRUE,TRUE,FALSE,FALSE,0.0436171293258667,8483490,24,15
2023020352,843,even-strength,96,-8,FALSE,FALSE,TRUE,TRUE,TRUE,FALSE,0.04349863529205322,8476934,24,15
2023020352,933,even-strength,90,12,FALSE,FALSE,TRUE,TRUE,TRUE,FALSE,0.02645790576934814,8475842,24,15
2023020352,959,penalty-kill,-82,-34,FALSE,FALSE,TRUE,TRUE,TRUE,FALSE,0.00128260846984337,8475462,24,15
2023020352,971,even-strength,32,-34,FALSE,FALSE,TRUE,FALSE,FALSE,FALSE,0,8475462,24,15
2023020352,972,even-strength,52,-21,FALSE,FALSE,TRUE,FALSE,FALSE,FALSE,0,8475462,24,15
2023020352,974,even-strength,82,2,FALSE,FALSE,TRUE,TRUE,FALSE,FALSE,0.1209280490875244,8484153,24,15
2023020352,989,even-strength,69,-24,TRUE,FALSE,TRUE,TRUE,FALSE,FALSE,0.0137606632773567,8478873,24,15
2023020352,1004,even-strength,71,-12,FALSE,FALSE,TRUE,TRUE,TRUE,FALSE,0.1284090280532837,8473986,24,15
2023020352,1005,even-strength,82,-9,FALSE,TRUE,TRUE,FALSE,FALSE,FALSE,0,8482745,24,15
2023020352,1038,even-strength,68,-21,FALSE,FALSE,TRUE,FALSE,FALSE,FALSE,0,8481517,24,15
2023020352,1039,even-strength,78,-3,FALSE,TRUE,TRUE,TRUE,TRUE,TRUE,0.1340542435646057,8476934,24,15
2023020352,1043,even-strength,35,26,FALSE,FALSE,TRUE,TRUE,FALSE,FALSE,0.00948840379714965,8481605,24,15
2023020352,1046,even-strength,45,2,FALSE,FALSE,TRUE,FALSE,FALSE,FALSE,0,8483482,24,15
2023020352,1164,even-strength,40,1,TRUE,FALSE,TRUE,TRUE,TRUE,FALSE,0.03746068477630615,8473986,24,15
2023020352,1169,even-strength,54,0,FALSE,FALSE,TRUE,TRUE,FALSE,FALSE,0.09470736980438232,8475764,24,15
2023020368,87,even-strength,85,7,FALSE,FALSE,TRUE,TRUE,TRUE,FALSE,0.04348325729370117,8476905,54,15
2023020368,88,even-strength,40,24,FALSE,FALSE,TRUE,TRUE,FALSE,FALSE,0.01750361919403076,8475188,54,15
2023020368,89,even-strength,34,20,FALSE,FALSE,TRUE,TRUE,TRUE,FALSE,0.02850067615509033,8475188,54,15
2023020368,90,even-strength,69,5,FALSE,FALSE,TRUE,TRUE,TRUE,FALSE,0.07848864793777466,8478020,54,15
2023020368,198,power-play,57,18,FALSE,FALSE,TRUE,FALSE,FALSE,FALSE,0,8476539,54,15
2023020368,199,power-play,81,0,FALSE,TRUE,TRUE,TRUE,TRUE,FALSE,0.03037059307098388,8476448,54,15
2023020368,203,power-play,53,11,FALSE,FALSE,TRUE,TRUE,TRUE,TRUE,0.05999767780303955,8476539,54,15
2023020368,252,even-strength,91,7,FALSE,FALSE,TRUE,TRUE,TRUE,FALSE,0.04304772615432739,8478462,54,15
2023020368,258,even-strength,82,-1,FALSE,FALSE,TRUE,TRUE,TRUE,FALSE,0.0793645977973938,8475913,54,15
2023020368,263,even-strength,29,-2,FALSE,FALSE,TRUE,TRUE,TRUE,FALSE,0.03369861841201782,8474565,54,15
2023020368,264,even-strength,78,3,FALSE,FALSE,TRUE,TRUE,FALSE,FALSE,0.2217864990234375,8475913,54,15
2023020368,265,even-strength,61,-28,FALSE,FALSE,TRUE,FALSE,FALSE,FALSE,0,8474565,54,15
2023020368,266,even-strength,30,4,FALSE,FALSE,TRUE,TRUE,FALSE,FALSE,0.03456342220306396,8477018,54,15
2023020368,268,power-play,68,-5,FALSE,FALSE,TRUE,FALSE,FALSE,FALSE,0,8478403,54,15
2023020368,269,power-play,80,3,FALSE,FALSE,TRUE,TRUE,TRUE,FALSE,0.1502995491027832,8475913,54,15
2023020368,270,even-strength,89,-6,FALSE,FALSE,TRUE,TRUE,TRUE,TRUE,0.08742952346801758,8475913,54,15
2023020368,278,penalty-kill,-75,-32,FALSE,FALSE,TRUE,TRUE,FALSE,FALSE,0.00264378387400551,8478403,54,15
2023020368,282,even-strength,80,-3,FALSE,TRUE,TRUE,TRUE,FALSE,FALSE,0.2215644121170044,8476539,54,15
2023020368,354,even-strength,58,11,TRUE,FALSE,TRUE,TRUE,FALSE,FALSE,0.05166029930114746,8478462,54,15
2023020368,382,even-strength,60,-16,FALSE,FALSE,TRUE,TRUE,TRUE,FALSE,0.05467182397842407,8478462,54,15
2023020368,387,even-strength,80,-25,FALSE,FALSE,TRUE,TRUE,TRUE,FALSE,0.03225880861282348,8478020,54,15
2023020368,416,even-strength,53,1,FALSE,FALSE,TRUE,TRUE,TRUE,FALSE,0.09599536657333374,8477478,54,15
2023020368,421,even-strength,66,-9,FALSE,FALSE,TRUE,FALSE,FALSE,FALSE,0,8481527,54,15
2023020368,440,power-play,82,-10,FALSE,FALSE,TRUE,FALSE,FALSE,FALSE,0,8476539,54,15
2023020368,444,power-play,48,17,FALSE,FALSE,TRUE,TRUE,FALSE,FALSE,0.0651780366897583,8476539,54,15
2023020368,507,even-strength,62,4,FALSE,FALSE,TRUE,FALSE,FALSE,FALSE,0,8478462,54,15
2023020368,508,even-strength,81,1,FALSE,FALSE,TRUE,FALSE,FALSE,FALSE,0,8479980,54,15
2023020368,509,even-strength,29,-7,FALSE,FALSE,TRUE,TRUE,TRUE,FALSE,0.02720206975936889,8480727,54,15
2023020368,514,even-strength,56,39,FALSE,FALSE,TRUE,TRUE,TRUE,FALSE,0.0034952163696289,8477478,54,15
2023020368,515,even-strength,27,-13,FALSE,FALSE,TRUE,TRUE,TRUE,FALSE,0.02444261312484741,8481527,54,15
2023020368,527,even-strength,65,27,FALSE,FALSE,TRUE,TRUE,TRUE,FALSE,0.00103425979614257,8481032,54,15
2023020368,547,even-strength,65,11,FALSE,FALSE,TRUE,TRUE,TRUE,FALSE,0.13466495275497437,8478403,54,15
2023020368,548,even-strength,59,-15,FALSE,FALSE,TRUE,TRUE,FALSE,FALSE,0.08781224489212036,8474565,54,15
2023020368,552,even-strength,72,0,FALSE,FALSE,TRUE,TRUE,TRUE,TRUE,0.171095609664917,8478403,54,15
2023020368,556,even-strength,51,34,FALSE,FALSE,TRUE,TRUE,TRUE,FALSE,0.00498408079147338,8481032,54,15
2023020368,557,even-strength,74,-10,FALSE,TRUE,TRUE,FALSE,FALSE,FALSE,0,8480727,54,15
2023020368,573,even-strength,57,37,FALSE,FALSE,TRUE,TRUE,TRUE,FALSE,0.01251429319381713,8479980,54,15
2023020368,574,even-strength,67,13,FALSE,FALSE,TRUE,FALSE,FALSE,FALSE,0,8479980,54,15
2023020368,576,even-strength,75,-7,FALSE,FALSE,TRUE,TRUE,TRUE,FALSE,0.00543391704559326,8478462,54,15
2023020368,596,even-strength,65,26,FALSE,FALSE,TRUE,TRUE,TRUE,FALSE,0.02989518642425537,8476448,54,15
2023020368,602,even-strength,80,1,FALSE,FALSE,TRUE,TRUE,TRUE,FALSE,0.12618494033813477,8474565,54,15
2023020368,652,even-strength,88,5,FALSE,TRUE,TRUE,TRUE,FALSE,FALSE,0.01276636123657226,8478462,54,15
2023020368,721,power-play,66,-25,FALSE,FALSE,TRUE,TRUE,TRUE,FALSE,0.05678701400756836,8478403,54,15
2023020368,722,power-play,79,17,FALSE,FALSE,TRUE,TRUE,TRUE,FALSE,0.20625680685043335,8476539,54,15
2023020368,732,power-play,72,2,FALSE,FALSE,TRUE,TRUE,FALSE,FALSE,0.20881062746047976,8477964,54,15
2023020368,737,even-strength,75,-15,FALSE,FALSE,TRUE,TRUE,TRUE,FALSE,0.1491469144821167,8480727,54,15
2023020368,741,even-strength,29,-26,FALSE,FALSE,TRUE,TRUE,FALSE,FALSE,0.00796282291412353,8481527,54,15
2023020368,743,even-strength,38,25,FALSE,FALSE,TRUE,TRUE,FALSE,FALSE,0.01425117254257202,8476539,54,15
2023020368,744,even-strength,61,-16,FALSE,FALSE,TRUE,TRUE,TRUE,FALSE,0.0219394564628601,8481527,54,15
2023020368,753,even-strength,38,-9,FALSE,FALSE,TRUE,TRUE,TRUE,FALSE,0.05346697568893432,8474565,54,15
2023020368,878,even-strength,52,31,FALSE,FALSE,TRUE,TRUE,TRUE,FALSE,0.02151721715927124,8479980,54,15
2023020368,879,even-strength,43,19,FALSE,FALSE,TRUE,TRUE,FALSE,FALSE,0.01868206262588501,8479980,54,15
2023020368,982,even-strength,71,21,FALSE,FALSE,TRUE,TRUE,TRUE,FALSE,0.01050078868865966,8476448,54,15
2023020368,983,even-strength,68,0,FALSE,FALSE,TRUE,TRUE,TRUE,FALSE,0.18576419353485107,8476448,54,15
2023020368,1004,even-strength,50,11,FALSE,FALSE,TRUE,TRUE,TRUE,FALSE,0.03727853298187256,8476539,54,15
2023020368,1017,even-strength,30,28,FALSE,FALSE,TRUE,TRUE,TRUE,FALSE,0.00941622257232666,8479980,54,15
2023020368,1040,even-strength,74,5,FALSE,FALSE,TRUE,FALSE,FALSE,FALSE,0,8477018,54,15
2023020368,1041,even-strength,85,6,FALSE,TRUE,TRUE,TRUE,TRUE,FALSE,0.04336607456207275,8476539,54,15
2023020368,1051,even-strength,75,12,FALSE,FALSE,TRUE,TRUE,FALSE,FALSE,0.06154459714889526,8476448,54,15
2023020378,64,even-strength,67,-18,FALSE,FALSE,TRUE,FALSE,FALSE,FALSE,0,8475722,53,15
2023020378,77,even-strength,30,8,FALSE,FALSE,TRUE,TRUE,FALSE,FALSE,0.02687758207321167,8477951,53,15
2023020378,151,even-strength,56,-32,FALSE,FALSE,TRUE,FALSE,FALSE,FALSE,0,8480434,53,15
2023020378,152,power-play,81,5,FALSE,FALSE,TRUE,TRUE,TRUE,TRUE,0.13090646266937256,8483431,53,15
2023020378,154,even-strength,48,4,FALSE,FALSE,TRUE,TRUE,TRUE,TRUE,0.04511785507202148,8479619,53,15
2023020378,259,even-strength,29,34,FALSE,FALSE,TRUE,TRUE,FALSE,FALSE,0.00708591938018798,8479976,53,15
2023020378,265,even-strength,60,20,FALSE,FALSE,TRUE,TRUE,TRUE,FALSE,0.01179015636444091,8479343,53,15
2023020378,284,power-play,55,19,FALSE,FALSE,TRUE,TRUE,TRUE,FALSE,0.07130998373031616,8481711,53,15
2023020378,291,power-play,61,-14,FALSE,FALSE,TRUE,TRUE,TRUE,TRUE,0.10927796363830566,8477951,53,15
2023020422,170,power-play,63,2,FALSE,FALSE,TRUE,FALSE,FALSE,FALSE,0,8477495,16,15
2023020422,181,power-play,69,-2,FALSE,FALSE,TRUE,TRUE,TRUE,FALSE,0.1371227502822876,8479390,16,15
2023020422,208,even-strength,44,39,FALSE,FALSE,TRUE,TRUE,TRUE,FALSE,0.01308208703994751,8481568,16,15
2023020422,209,even-strength,36,-27,FALSE,FALSE,TRUE,TRUE,TRUE,FALSE,0.02346652746200561,8481806,16,15
2023020422,210,even-strength,32,37,FALSE,FALSE,TRUE,TRUE,TRUE,FALSE,0.00815832614898681,8473422,16,15
2023020422,247,even-strength,49,31,FALSE,FALSE,TRUE,TRUE,TRUE,FALSE,0.00580769777297973,8473422,16,15
2023020422,302,even-strength,38,-23,FALSE,FALSE,TRUE,TRUE,TRUE,FALSE,0.02627021074295044,8477495,16,15
2023020422,303,even-strength,68,34,FALSE,TRUE,TRUE,TRUE,FALSE,FALSE,0.0109870433807373,8482117,16,15
2023020422,305,even-strength,70,0,FALSE,FALSE,TRUE,TRUE,TRUE,FALSE,0.17141467332839966,8482117,16,15
2023020422,306,even-strength,67,-8,FALSE,TRUE,TRUE,TRUE,FALSE,FALSE,0.1349548697471619,8480025,16,15
2023020422,315,even-strength,66,9,FALSE,FALSE,TRUE,FALSE,FALSE,FALSE,0,8480798,16,15
2023020422,321,even-strength,55,7,FALSE,FALSE,TRUE,FALSE,FALSE,FALSE,0,8478463,16,15
2023020422,333,even-strength,44,-25,FALSE,FALSE,TRUE,TRUE,TRUE,FALSE,0.00555866956710815,8473422,16,15
2023020422,404,power-play,67,3,FALSE,TRUE,TRUE,TRUE,FALSE,FALSE,0.1737436056137085,8479390,16,15
2023020422,405,power-play,75,-12,FALSE,TRUE,TRUE,TRUE,TRUE,FALSE,0.05042773485183716,8480798,16,15
2023020422,406,even-strength,34,-5,FALSE,FALSE,TRUE,TRUE,FALSE,FALSE,0.02846682071685791,8479458,16,15
2023020422,408,even-strength,75,-4,FALSE,FALSE,TRUE,FALSE,FALSE,FALSE,0,8484144,16,15
2023020422,409,even-strength,48,25,FALSE,FALSE,TRUE,FALSE,FALSE,FALSE,0,8482192,16,15
2023020422,412,even-strength,-1,-28,FALSE,FALSE,TRUE,TRUE,TRUE,FALSE,8.296966552734375e-5,8484144,16,15
2023020422,414,even-strength,40,16,FALSE,FALSE,TRUE,TRUE,TRUE,FALSE,0.01451802253723144,8476473,16,15
2023020422,417,penalty-kill,82,-1,FALSE,FALSE,TRUE,TRUE,TRUE,FALSE,0.18286880531980737,8476473,16,15
2023020422,419,even-strength,86,-28,FALSE,FALSE,TRUE,TRUE,TRUE,FALSE,0.0243070905346702,8484144,16,15
2023020422,421,power-play,61,1,FALSE,FALSE,TRUE,TRUE,TRUE,FALSE,0.0961701273918152,8478463,16,15
2023020422,459,even-strength,57,-14,FALSE,TRUE,TRUE,TRUE,TRUE,FALSE,0.00820738077163696,8480025,16,15
2023020422,463,even-strength,66,-6,FALSE,FALSE,TRUE,TRUE,FALSE,FALSE,0.00716030597686767,8478463,16,15
2023020422,464,even-strength,37,12,FALSE,FALSE,TRUE,FALSE,FALSE,FALSE,0,8476473,16,15
2023020422,484,even-strength,29,-19,FALSE,FALSE,TRUE,TRUE,TRUE,FALSE,0.0226675271987915,8477495,16,15
2023020422,509,even-strength,39,20,FALSE,FALSE,TRUE,TRUE,TRUE,FALSE,0.02035284042358398,8480252,16,15
2023020422,514,even-strength,58,27,TRUE,FALSE,TRUE,TRUE,TRUE,FALSE,0.02059268951416015,8481147,16,15
2023020422,521,power-play,30,-2,FALSE,FALSE,TRUE,TRUE,TRUE,FALSE,0.02355813980102539,8477495,16,15
2023020422,524,power-play,61,21,FALSE,FALSE,TRUE,TRUE,FALSE,FALSE,0.07090801000595093,8477495,16,15
2023020422,533,even-strength,57,-39,FALSE,FALSE,TRUE,TRUE,FALSE,FALSE,0.00804013013839721,8479458,16,15
2023020422,535,even-strength,36,-4,FALSE,FALSE,TRUE,FALSE,FALSE,FALSE,0,8479458,16,15
2023020422,542,even-strength,79,6,FALSE,FALSE,TRUE,TRUE,TRUE,FALSE,0.02637374401092529,8477450,16,15
2023020422,547,even-strength,69,15,FALSE,FALSE,TRUE,TRUE,TRUE,FALSE,0.11758172512054443,8479315,16,15
2023020422,548,even-strength,63,-6,FALSE,FALSE,TRUE,FALSE,FALSE,FALSE,0,8482192,16,15
2023020422,551,even-strength,64,-5,FALSE,FALSE,TRUE,FALSE,FALSE,FALSE,0,8480025,16,15
2023020422,552,even-strength,59,10,TRUE,FALSE,TRUE,FALSE,FALSE,FALSE,0,8479390,16,15
2023020422,554,power-play,61,-1,FALSE,FALSE,TRUE,FALSE,FALSE,FALSE,0,8479390,16,15
2023020422,555,even-strength,51,2,FALSE,FALSE,TRUE,FALSE,FALSE,FALSE,0,8481147,16,15
2023020422,602,even-strength,81,0,FALSE,FALSE,TRUE,TRUE,TRUE,TRUE,0.13514691591262817,8480798,16,15
2023020422,606,even-strength,79,-12,FALSE,FALSE,TRUE,TRUE,TRUE,FALSE,0.14837825298309326,8484144,16,15
2023020422,610,even-strength,73,-8,FALSE,FALSE,TRUE,FALSE,FALSE,FALSE,0,8484144,16,15
2023020422,648,power-play,57,15,FALSE,FALSE,TRUE,TRUE,FALSE,FALSE,0.0849255919456482,8484144,16,15
2023020422,651,power-play,56,23,FALSE,FALSE,TRUE,TRUE,TRUE,FALSE,0.0661727786064148,8484144,16,15
2023020422,652,power-play,56,26,FALSE,FALSE,TRUE,TRUE,TRUE,FALSE,0.0691215991973877,8477495,16,15
2023020422,689,even-strength,78,22,FALSE,FALSE,TRUE,TRUE,TRUE,FALSE,0.03644406795501709,8477495,16,15
2023020422,709,even-strength,53,-32,FALSE,FALSE,TRUE,TRUE,FALSE,FALSE,0.02044218778610229,8479390,16,15
2023020422,719,even-strength,52,30,FALSE,FALSE,TRUE,TRUE,TRUE,FALSE,0.01460480690002441,8480025,16,15
2023020422,775,even-strength,63,20,TRUE,FALSE,TRUE,FALSE,FALSE,FALSE,0,8480252,16,15
2023020422,886,even-strength,30,-31,FALSE,FALSE,TRUE,TRUE,FALSE,FALSE,0.01044166088104248,8474870,16,15
2023020422,893,even-strength,35,14,FALSE,FALSE,TRUE,TRUE,TRUE,FALSE,0.00592774152755737,8476473,16,15
2023020422,897,even-strength,78,1,FALSE,FALSE,TRUE,FALSE,FALSE,FALSE,0,8481568,16,15
2023020422,971,even-strength,36,24,FALSE,FALSE,TRUE,TRUE,TRUE,FALSE,0.01514327526092529,8482192,16,15
2023020422,977,even-strength,55,22,FALSE,FALSE,TRUE,TRUE,TRUE,FALSE,0.04546588659286499,8484144,16,15
2023020422,981,even-strength,59,24,FALSE,FALSE,TRUE,TRUE,FALSE,FALSE,0.00171840190887451,8478463,16,15
2023020422,1013,even-strength,79,-9,FALSE,FALSE,TRUE,TRUE,TRUE,TRUE,0.15979461840322223,8476473,16,15
2023020422,1017,even-strength,10,15,FALSE,FALSE,TRUE,TRUE,TRUE,FALSE,0.02261133217974116,8478463,16,15
2023020422,1021,even-strength,74,7,FALSE,FALSE,TRUE,FALSE,FALSE,FALSE,0,8474870,16,15
2023020422,1023,even-strength,72,-28,FALSE,FALSE,TRUE,TRUE,TRUE,FALSE,0.05767703056335449,8479390,16,15
2023020422,1029,power-play,63,-23,FALSE,FALSE,TRUE,TRUE,FALSE,FALSE,0.04392737150192261,8484144,16,15
2023020422,1030,power-play,93,23,FALSE,FALSE,TRUE,TRUE,TRUE,FALSE,0.04659515619277954,8484144,16,15
2023020475,16,even-strength,51,22,FALSE,FALSE,TRUE,TRUE,FALSE,FALSE,0.02266168594360351,8478427,12,15
2023020475,21,power-play,81,-6,FALSE,FALSE,TRUE,FALSE,FALSE,FALSE,0,8476869,12,15
2023020475,23,power-play,70,-7,FALSE,FALSE,TRUE,FALSE,FALSE,FALSE,0,8482093,12,15
2023020475,46,even-strength,82,3,FALSE,FALSE,TRUE,FALSE,FALSE,FALSE,0,8480835,12,15
2023020475,50,even-strength,32,-33,FALSE,FALSE,TRUE,TRUE,FALSE,FALSE,0.00712561607360839,8477488,12,15
2023020475,55,even-strength,40,39,FALSE,FALSE,TRUE,TRUE,FALSE,FALSE,0.00596475601196289,8476958,12,15
2023020475,56,even-strength,39,23,TRUE,FALSE,TRUE,FALSE,FALSE,FALSE,0,8475200,12,15
2023020475,62,even-strength,81,2,FALSE,FALSE,TRUE,TRUE,TRUE,FALSE,0.1384878158569336,8480829,12,15
2023020475,70,power-play,65,-7,FALSE,FALSE,TRUE,FALSE,FALSE,FALSE,0,8476882,12,15
2023020475,73,power-play,72,21,FALSE,FALSE,TRUE,FALSE,FALSE,FALSE,0,8480039,12,15
2023020475,74,power-play,70,5,FALSE,FALSE,TRUE,TRUE,TRUE,FALSE,0.13298243284225464,8478047,12,15
2023020475,75,even-strength,78,-4,FALSE,FALSE,TRUE,FALSE,FALSE,FALSE,0,8477488,12,15
2023020475,76,even-strength,65,17,FALSE,FALSE,TRUE,TRUE,TRUE,FALSE,0.09879392385482788,8480039,12,15
2023020475,77,even-strength,84,13,TRUE,FALSE,TRUE,TRUE,FALSE,FALSE,0.0615319013595581,8476882,12,15
2023020475,80,even-strength,47,38,FALSE,FALSE,TRUE,TRUE,FALSE,FALSE,0.00479936599731445,8480835,12,15
2023020475,81,even-strength,31,-34,FALSE,FALSE,TRUE,TRUE,TRUE,FALSE,0.01342701911926269,8480829,12,15
2023020475,86,even-strength,65,22,TRUE,FALSE,TRUE,FALSE,FALSE,FALSE,0,8476921,12,15
2023020475,91,penalty-kill,-79,40,FALSE,FALSE,TRUE,TRUE,TRUE,FALSE,0.00182835901349646,8476869,12,15
2023020475,92,penalty-kill,69,14,TRUE,FALSE,TRUE,TRUE,TRUE,FALSE,0.08405615375568891,8476958,12,15
2023020475,98,even-strength,61,-23,FALSE,FALSE,TRUE,TRUE,FALSE,FALSE,0.05433279275894165,8480829,12,15
2023020475,301,even-strength,89,-6,FALSE,FALSE,TRUE,TRUE,TRUE,FALSE,0.03401434421539306,8475855,12,15
2023020475,304,even-strength,36,-3,FALSE,FALSE,TRUE,TRUE,TRUE,FALSE,0.02220338582992553,8477488,12,15
2023020475,305,even-strength,82,-5,FALSE,FALSE,TRUE,FALSE,FALSE,FALSE,0,8476869,12,15
2023020475,306,even-strength,82,-3,TRUE,TRUE,TRUE,FALSE,FALSE,FALSE,0,8476921,12,15
2023020475,307,even-strength,77,-3,TRUE,TRUE,TRUE,TRUE,TRUE,FALSE,0.01440304517745971,8475855,12,15
2023020475,415,even-strength,31,40,FALSE,FALSE,TRUE,TRUE,FALSE,FALSE,0.00477075576782226,8476958,12,15
2023020475,416,even-strength,44,12,FALSE,FALSE,TRUE,TRUE,FALSE,FALSE,0.0367889404296875,8476921,12,15
2023020475,419,even-strength,50,-27,FALSE,FALSE,TRUE,FALSE,FALSE,FALSE,0,8470613,12,15
2023020475,430,even-strength,89,-7,FALSE,FALSE,TRUE,TRUE,TRUE,FALSE,0.02620738744735717,8480829,12,15
2023020475,436,even-strength,89,-20,FALSE,FALSE,TRUE,TRUE,FALSE,FALSE,0.03498345613479614,8480829,12,15
2023020475,437,even-strength,44,20,FALSE,FALSE,TRUE,TRUE,TRUE,FALSE,0.00584983825683593,8480829,12,15
2023020475,441,even-strength,66,22,FALSE,FALSE,TRUE,TRUE,TRUE,FALSE,0.03630030155181885,8480039,12,15
2023020475,444,power-play,70,5,FALSE,FALSE,TRUE,TRUE,FALSE,FALSE,0.11494302749633788,8478427,12,15
2023020475,445,power-play,74,-2,FALSE,FALSE,TRUE,TRUE,FALSE,FALSE,0.13954758644104004,8478047,12,15
2023020475,446,power-play,48,-2,FALSE,FALSE,TRUE,TRUE,TRUE,FALSE,0.05977296829223633,8470613,12,15
2023020475,448,power-play,74,-13,FALSE,FALSE,TRUE,FALSE,FALSE,FALSE,0,8476869,12,15
2023020475,449,power-play,56,-19,FALSE,FALSE,TRUE,TRUE,FALSE,FALSE,0.06437355279922485,8476869,12,15
2023020475,450,power-play,81,0,FALSE,FALSE,TRUE,TRUE,TRUE,FALSE,0.1647588610649109,8476474,12,15
2023020475,453,even-strength,42,36,FALSE,FALSE,TRUE,TRUE,TRUE,FALSE,0.0222446322441101,8475200,12,15
2023020475,454,even-strength,32,-4,FALSE,FALSE,TRUE,TRUE,FALSE,FALSE,0.02750372886657715,8478427,12,15
2023020475,455,even-strength,68,4,FALSE,FALSE,TRUE,TRUE,TRUE,FALSE,0.2706978917121887,8478970,12,15
2023020475,457,even-strength,43,-1,FALSE,FALSE,TRUE,TRUE,TRUE,FALSE,0.01243501901626587,8480039,12,15
2023020475,459,even-strength,62,17,FALSE,FALSE,TRUE,TRUE,TRUE,FALSE,0.10675513744354248,8478047,12,15
2023020475,461,even-strength,37,29,FALSE,FALSE,TRUE,TRUE,TRUE,FALSE,0.00237268209457397,8473533,12,15
2023020475,462,even-strength,67,6,FALSE,FALSE,TRUE,TRUE,TRUE,FALSE,0.05676233768463135,8480039,12,15
2023020475,469,even-strength,55,30,FALSE,FALSE,TRUE,FALSE,FALSE,FALSE,0,8476869,12,15
2023020475,470,even-strength,67,2,FALSE,FALSE,TRUE,TRUE,TRUE,TRUE,0.1883203387260437,8478427,12,15
2023020475,472,even-strength,32,-35,FALSE,FALSE,TRUE,TRUE,FALSE,FALSE,0.00643646717071533,8478970,12,15
2023020475,473,even-strength,82,5,FALSE,TRUE,TRUE,FALSE,FALSE,FALSE,0,8475200,12,15
2023020475,474,even-strength,66,7,FALSE,FALSE,TRUE,TRUE,FALSE,FALSE,0.09618246555328368,8480835,12,15
2023020475,475,even-strength,86,-7,FALSE,FALSE,TRUE,TRUE,FALSE,FALSE,0.07374715805053711,8476474,12,15
2023020475,497,even-strength,67,-9,FALSE,FALSE,TRUE,TRUE,FALSE,FALSE,0.0315394401550293,8476921,12,15
2023020475,500,even-strength,83,-5,FALSE,FALSE,TRUE,FALSE,FALSE,FALSE,0,8470613,12,15
2023020475,651,even-strength,54,36,FALSE,FALSE,TRUE,TRUE,TRUE,FALSE,0.01961106061935424,8475200,12,15
2023020475,657,even-strength,49,-20,FALSE,FALSE,TRUE,TRUE,TRUE,FALSE,0.04325872659683227,8477950,12,15
2023020475,659,even-strength,61,-23,FALSE,FALSE,TRUE,TRUE,TRUE,FALSE,0.0711168646812439,8473533,12,15
2023020475,663,even-strength,52,-20,FALSE,FALSE,TRUE,FALSE,FALSE,FALSE,0,8478970,12,15
2023020475,666,even-strength,72,-31,FALSE,FALSE,TRUE,TRUE,TRUE,FALSE,0.01816487312316894,8478427,12,15
2023020475,673,even-strength,48,-26,FALSE,FALSE,TRUE,FALSE,FALSE,FALSE,0,8476869,12,15
2023020475,676,even-strength,3,-39,FALSE,FALSE,TRUE,TRUE,TRUE,FALSE,0.00300085544586181,8475200,12,15
2023020475,679,even-strength,57,17,FALSE,FALSE,TRUE,TRUE,FALSE,FALSE,0.07808327674865723,8476869,12,15
2023020475,684,even-strength,53,-28,FALSE,FALSE,TRUE,TRUE,TRUE,FALSE,0.01258856058120727,8480039,12,15
2023020475,689,even-strength,80,35,FALSE,FALSE,TRUE,TRUE,TRUE,FALSE,0.01268494129180908,8478427,12,15
2023020475,690,even-strength,59,-21,FALSE,FALSE,TRUE,TRUE,FALSE,FALSE,0.05448246002197265,8477488,12,15
2023020475,768,even-strength,87,6,FALSE,FALSE,TRUE,TRUE,TRUE,FALSE,0.19361821177217528,8480039,12,15
2023020496,129,power-play,35,-10,FALSE,FALSE,TRUE,TRUE,FALSE,FALSE,0.0451810359954834,8476422,2,15
2023020496,170,even-strength,79,0,FALSE,FALSE,TRUE,TRUE,TRUE,FALSE,0.16873496770858765,8475754,2,15
2023020496,175,even-strength,27,-39,FALSE,FALSE,TRUE,TRUE,TRUE,FALSE,0.00137984752655029,8480865,2,15
2023020496,184,even-strength,45,3,FALSE,FALSE,TRUE,TRUE,TRUE,FALSE,0.01324272155761718,8476422,2,15
2023020496,191,even-strength,82,4,FALSE,FALSE,TRUE,FALSE,FALSE,FALSE,0,8481601,2,15
2023020496,204,even-strength,81,0,FALSE,FALSE,TRUE,TRUE,TRUE,FALSE,0.11798012256622314,8476419,2,15
2023020496,205,even-strength,56,-11,FALSE,FALSE,TRUE,FALSE,FALSE,FALSE,0,8480789,2,15
2023020496,210,even-strength,34,-9,TRUE,FALSE,TRUE,TRUE,TRUE,FALSE,0.02321195602416992,8480222,2,15
2023020496,213,even-strength,32,-4,FALSE,FALSE,TRUE,TRUE,TRUE,FALSE,0.01971381902694702,8481014,2,15
2023020496,214,even-strength,57,-14,FALSE,FALSE,TRUE,FALSE,FALSE,FALSE,0,8475151,2,15
2023020496,215,even-strength,84,2,FALSE,TRUE,TRUE,TRUE,TRUE,FALSE,0.05219501256942749,8476419,2,15
2023020496,216,even-strength,78,-2,FALSE,FALSE,TRUE,FALSE,FALSE,FALSE,0,8480865,2,15
2023020496,282,even-strength,68,-7,TRUE,FALSE,TRUE,TRUE,TRUE,FALSE,0.04200965166091919,8475151,2,15
2023020496,303,power-play,78,15,FALSE,TRUE,TRUE,TRUE,FALSE,FALSE,0.23268181085586548,8475754,2,15
2023020496,305,even-strength,56,-7,FALSE,FALSE,TRUE,FALSE,FALSE,FALSE,0,8475231,2,15
2023020496,306,even-strength,80,7,FALSE,FALSE,TRUE,FALSE,FALSE,FALSE,0,8481014,2,15
2023020496,351,even-strength,48,-17,FALSE,FALSE,TRUE,TRUE,FALSE,FALSE,0.04274505376815796,8477500,2,15
2023020496,355,even-strength,57,20,FALSE,FALSE,TRUE,FALSE,FALSE,FALSE,0,8476419,2,15
2023020496,394,even-strength,41,-38,FALSE,FALSE,TRUE,TRUE,TRUE,FALSE,0.00729811191558837,8474145,2,15
2023020496,395,even-strength,74,-6,FALSE,TRUE,TRUE,TRUE,TRUE,FALSE,0.01160818338394165,8475231,2,15
2023020496,424,even-strength,40,-36,FALSE,FALSE,TRUE,TRUE,TRUE,FALSE,0.01012694835662841,8480222,2,15
2023020496,433,even-strength,82,2,FALSE,FALSE,TRUE,TRUE,TRUE,TRUE,0.1571720838546753,8477392,2,15
2023020496,435,even-strength,77,3,FALSE,FALSE,TRUE,FALSE,FALSE,FALSE,0,8481014,2,15
2023020496,518,even-strength,67,-17,FALSE,FALSE,TRUE,TRUE,FALSE,FALSE,0.13394695520401,8478445,2,15
2023020496,649,power-play,45,13,FALSE,FALSE,TRUE,TRUE,TRUE,FALSE,0.05764919519424438,8477500,2,15
2023020496,655,power-play,72,5,FALSE,FALSE,TRUE,TRUE,FALSE,FALSE,0.11859720945358276,8478445,2,15
2023020496,690,even-strength,30,-35,FALSE,FALSE,TRUE,TRUE,TRUE,FALSE,0.00609546899795532,8474145,2,15
2023020496,693,even-strength,37,22,FALSE,FALSE,TRUE,TRUE,TRUE,FALSE,0.02699309587478637,8481541,2,15
2023020496,700,power-play,79,6,FALSE,FALSE,TRUE,FALSE,FALSE,FALSE,0,8477500,2,15
2023020496,701,power-play,66,4,FALSE,FALSE,TRUE,FALSE,FALSE,FALSE,0,8480865,2,15
2023020496,704,power-play,57,-14,FALSE,FALSE,TRUE,TRUE,FALSE,FALSE,0.07551229000091553,8475754,2,15
2023020496,709,power-play,55,0,FALSE,FALSE,TRUE,FALSE,FALSE,FALSE,0,8480865,2,15
2023020496,710,power-play,58,-24,FALSE,FALSE,TRUE,TRUE,TRUE,FALSE,0.07235074043273926,8475754,2,15
2023020496,719,power-play,64,31,FALSE,FALSE,TRUE,TRUE,TRUE,FALSE,0.03627592325210571,8480222,2,15
2023020496,720,even-strength,83,-9,FALSE,TRUE,TRUE,FALSE,FALSE,FALSE,0,8477392,2,15
2023020496,729,even-strength,75,21,FALSE,FALSE,TRUE,FALSE,FALSE,FALSE,0,8481014,2,15
2023020496,744,even-strength,87,-7,FALSE,FALSE,TRUE,TRUE,TRUE,FALSE,0.04575192928314209,8477500,2,15
2023020496,746,even-strength,64,-22,FALSE,FALSE,TRUE,TRUE,TRUE,FALSE,0.02057713270187378,8477500,2,15
2023020496,758,even-strength,40,29,TRUE,FALSE,TRUE,TRUE,TRUE,FALSE,0.02070921659469604,8481014,2,15
2023020496,772,even-strength,64,15,FALSE,FALSE,TRUE,TRUE,TRUE,FALSE,0.14813274145126343,8475754,2,15
2023020496,776,even-strength,81,3,TRUE,TRUE,TRUE,FALSE,FALSE,FALSE,0,8478115,2,15
2023020496,778,even-strength,79,-8,FALSE,FALSE,TRUE,FALSE,FALSE,FALSE,0,8480865,2,15
2023020496,788,even-strength,41,-37,FALSE,FALSE,TRUE,TRUE,TRUE,FALSE,0.0018237829208374,8480789,2,15
2023020496,801,even-strength,80,37,FALSE,FALSE,TRUE,TRUE,FALSE,FALSE,0.01016628742218017,8475314,2,15
2023020496,857,even-strength,70,37,FALSE,FALSE,TRUE,TRUE,TRUE,FALSE,0.00228989124298095,8476419,2,15
2023020496,862,even-strength,31,36,FALSE,FALSE,TRUE,TRUE,TRUE,FALSE,0.00838321447372436,8476422,2,15
2023020496,863,even-strength,42,-20,FALSE,FALSE,TRUE,FALSE,FALSE,FALSE,0,8480222,2,15
2023020496,869,even-strength,54,14,FALSE,FALSE,TRUE,TRUE,FALSE,FALSE,0.03571027517318725,8480789,2,15
2023020496,875,even-strength,78,16,FALSE,FALSE,TRUE,TRUE,TRUE,FALSE,0.03575772047042847,8478115,2,15
2023020496,895,even-strength,86,-4,TRUE,FALSE,TRUE,TRUE,TRUE,TRUE,0.3305180072784424,8475314,2,15
2023020496,899,even-strength,30,28,FALSE,FALSE,TRUE,TRUE,TRUE,FALSE,0.00671416521072387,8481541,2,15
2023020496,959,even-strength,77,0,FALSE,FALSE,TRUE,TRUE,TRUE,FALSE,0.0364612340927124,8476419,2,15
2023020496,977,even-strength,80,-4,TRUE,FALSE,TRUE,TRUE,FALSE,FALSE,0.12146389484405518,8475314,2,15
2023020496,979,even-strength,7,-40,TRUE,FALSE,TRUE,TRUE,FALSE,FALSE,4.406571388244629e-4,8478445,2,15
2023020496,984,even-strength,66,30,FALSE,FALSE,TRUE,TRUE,TRUE,FALSE,0.01421618461608886,8475151,2,15
2023020496,985,even-strength,81,-13,FALSE,FALSE,TRUE,TRUE,TRUE,FALSE,0.06676661968231201,8475754,2,15
2023020496,998,even-strength,80,-33,FALSE,FALSE,TRUE,TRUE,TRUE,FALSE,0.00862789154052734,8480865,2,15
2023020496,1003,even-strength,39,-32,TRUE,FALSE,TRUE,TRUE,FALSE,FALSE,0.01143521070480346,8474145,2,15
2023020496,1004,even-strength,76,6,FALSE,TRUE,TRUE,FALSE,FALSE,FALSE,0,8476422,2,15
2023020496,1023,even-strength,64,37,FALSE,FALSE,TRUE,FALSE,FALSE,FALSE,0,8475231,2,15
2023020496,1030,even-strength,68,33,FALSE,FALSE,TRUE,TRUE,TRUE,FALSE,4.678964614868164e-4,8477500,2,15
2023020529,112,even-strength,-4,-29,FALSE,FALSE,TRUE,TRUE,TRUE,FALSE,0.00270229578018188,8479323,3,15
2023020529,113,even-strength,62,19,FALSE,FALSE,TRUE,TRUE,TRUE,FALSE,0.06977397203445435,8476459,3,15
2023020529,114,even-strength,75,5,FALSE,FALSE,TRUE,FALSE,FALSE,FALSE,0,8479324,3,15
2023020529,123,even-strength,57,14,FALSE,FALSE,TRUE,TRUE,TRUE,FALSE,0.05999839305877685,8477380,3,15
2023020529,167,even-strength,69,28,FALSE,FALSE,TRUE,TRUE,FALSE,FALSE,0.01206076145172119,8476389,3,15
2023020529,177,even-strength,70,-5,FALSE,FALSE,TRUE,TRUE,FALSE,FALSE,0.19904589653015137,8476459,3,15
2023020529,185,power-play,44,19,FALSE,FALSE,TRUE,TRUE,TRUE,FALSE,0.05888426303863525,8479323,3,15
2023020529,192,power-play,50,23,FALSE,FALSE,TRUE,TRUE,FALSE,FALSE,0.04216998815536499,8482109,3,15
2023020529,194,power-play,76,7,FALSE,FALSE,TRUE,TRUE,TRUE,FALSE,0.11884182691574097,8476918,3,15
2023020529,206,even-strength,87,9,FALSE,TRUE,TRUE,TRUE,TRUE,FALSE,0.05698549747467041,8476918,3,15
2023020529,208,power-play,85,11,FALSE,FALSE,TRUE,TRUE,TRUE,FALSE,0.06232744455337524,8482109,3,15
2023020529,213,even-strength,81,-5,FALSE,FALSE,TRUE,TRUE,FALSE,FALSE,0.13290876150131226,8482157,3,15
2023020529,214,even-strength,84,-6,TRUE,FALSE,TRUE,TRUE,TRUE,FALSE,0.01691597700119018,8475752,3,15
2023020529,255,even-strength,52,28,FALSE,FALSE,TRUE,FALSE,FALSE,FALSE,0,8474009,3,15
2023020529,337,even-strength,46,-27,FALSE,FALSE,TRUE,FALSE,FALSE,FALSE,0,8476885,3,15
2023020529,339,even-strength,40,32,FALSE,FALSE,TRUE,FALSE,FALSE,FALSE,0,8480817,3,15
2023020529,348,even-strength,72,14,FALSE,FALSE,TRUE,TRUE,TRUE,FALSE,0.11748582124710084,8476979,3,15
2023020529,408,even-strength,32,0,FALSE,FALSE,TRUE,TRUE,TRUE,FALSE,0.023689866065979,8474009,3,15
2023020529,442,even-strength,52,24,FALSE,FALSE,TRUE,TRUE,TRUE,FALSE,0.03024250268936157,8480817,3,15
2023020529,508,even-strength,67,-41,FALSE,FALSE,TRUE,TRUE,TRUE,FALSE,0.01284992694854736,8479323,3,15
2023020529,519,even-strength,81,8,FALSE,FALSE,TRUE,TRUE,FALSE,FALSE,0.07732456922531128,8476918,3,15
2023020529,526,power-play,84,-4,FALSE,FALSE,TRUE,TRUE,FALSE,FALSE,0.15478754043579102,8475184,3,15
2023020529,530,power-play,76,-4,FALSE,FALSE,TRUE,FALSE,FALSE,FALSE,0,8478550,3,15
2023020529,540,power-play,59,-9,FALSE,FALSE,TRUE,TRUE,TRUE,FALSE,0.06857037544250488,8471218,3,15
2023020529,546,even-strength,69,6,FALSE,FALSE,TRUE,TRUE,TRUE,TRUE,0.12921184301376343,8480817,3,15
2023020529,555,even-strength,77,26,FALSE,FALSE,TRUE,TRUE,TRUE,FALSE,0.02152842283248901,8471218,3,15
2023020529,598,power-play,30,2,FALSE,FALSE,TRUE,TRUE,FALSE,FALSE,0.05486351251602173,8478550,3,15
2023020529,603,power-play,74,-22,FALSE,FALSE,TRUE,TRUE,TRUE,TRUE,0.10338884592056274,8478550,3,15
2023020529,610,even-strength,42,1,FALSE,FALSE,TRUE,TRUE,TRUE,TRUE,0.02827483415603637,8482073,3,15
2023020529,649,even-strength,69,13,FALSE,FALSE,TRUE,FALSE,FALSE,FALSE,0,8480817,3,15
2023020529,663,even-strength,81,-19,FALSE,FALSE,TRUE,TRUE,FALSE,FALSE,0.04411900043487549,8476918,3,15
2023020529,664,even-strength,71,-9,FALSE,FALSE,TRUE,TRUE,FALSE,FALSE,0.06423228979110718,8475752,3,15
2023020529,671,even-strength,62,5,FALSE,FALSE,TRUE,TRUE,FALSE,FALSE,0.05330699682235718,8475184,3,15
2023020529,672,even-strength,76,0,FALSE,FALSE,TRUE,TRUE,TRUE,FALSE,0.2239591479301453,8475184,3,15
2023020529,673,even-strength,60,-1,FALSE,FALSE,TRUE,TRUE,FALSE,FALSE,0.13327360153198242,8471218,3,15
2023020529,683,even-strength,66,30,TRUE,FALSE,TRUE,TRUE,FALSE,FALSE,0.01772946119308471,8482073,3,15
2023020529,742,even-strength,45,-13,FALSE,FALSE,TRUE,TRUE,TRUE,FALSE,0.03690260648727417,8475752,3,15
2023020529,743,even-strength,65,16,TRUE,FALSE,TRUE,TRUE,TRUE,FALSE,0.03171372413635254,8476624,3,15
2023020529,751,even-strength,23,1,FALSE,FALSE,TRUE,TRUE,TRUE,FALSE,2.468228340148926e-4,8476918,3,15
2023020529,804,even-strength,9,-40,FALSE,FALSE,TRUE,TRUE,TRUE,FALSE,8.585453033447266e-4,8477380,3,15
2023020529,817,even-strength,45,22,FALSE,FALSE,TRUE,TRUE,TRUE,TRUE,0.02276176214218139,8480817,3,15
2023020529,821,even-strength,65,-19,FALSE,FALSE,TRUE,TRUE,TRUE,FALSE,0.08355718851089478,8479323,3,15
2023020529,840,even-strength,63,-28,FALSE,FALSE,TRUE,TRUE,TRUE,FALSE,0.00437885522842407,8477380,3,15
2023020529,858,even-strength,71,-9,FALSE,FALSE,TRUE,TRUE,TRUE,TRUE,0.1605280041694641,8482109,3,15
2023020529,883,even-strength,72,-1,FALSE,FALSE,TRUE,TRUE,TRUE,FALSE,0.14543896913528442,8475184,3,15
2023020529,896,even-strength,51,5,FALSE,FALSE,TRUE,TRUE,FALSE,FALSE,0.06966698169708252,8482109,3,15
2023020529,897,even-strength,78,-5,FALSE,FALSE,TRUE,TRUE,TRUE,FALSE,0.08722168207168579,8482109,3,15
2023020529,964,even-strength,54,16,FALSE,FALSE,TRUE,TRUE,TRUE,FALSE,0.05916595458984375,8475184,3,15
2023020529,990,even-strength,63,-7,FALSE,FALSE,TRUE,TRUE,TRUE,FALSE,0.13191676139831543,8482157,3,15
2023020529,991,even-strength,82,-9,FALSE,FALSE,TRUE,TRUE,TRUE,FALSE,0.17458027601242063,8482157,3,15
2023020550,183,even-strength,49,-7,FALSE,FALSE,TRUE,TRUE,TRUE,FALSE,0.06903719902038574,8478445,2,15
2023020550,184,even-strength,31,18,FALSE,FALSE,TRUE,TRUE,FALSE,FALSE,0.01731073856353759,8481541,2,15
2023020550,186,even-strength,74,-5,FALSE,TRUE,TRUE,FALSE,FALSE,FALSE,0,8475314,2,15
2023020550,187,even-strength,75,-4,FALSE,TRUE,TRUE,TRUE,FALSE,FALSE,0.2273240089416504,8475314,2,15
2023020550,191,even-strength,33,6,FALSE,FALSE,TRUE,TRUE,FALSE,FALSE,0.02939534187316894,8476422,2,15
2023020550,192,even-strength,29,2,FALSE,FALSE,TRUE,TRUE,TRUE,FALSE,0.02672719955444336,8480222,2,15
2023020550,204,even-strength,95,-8,FALSE,TRUE,TRUE,TRUE,TRUE,FALSE,0.01820117235183715,8477500,2,15
2023020550,207,even-strength,70,-14,FALSE,FALSE,TRUE,FALSE,FALSE,FALSE,0,8475151,2,15
2023020550,208,penalty-kill,85,10,FALSE,TRUE,TRUE,TRUE,FALSE,FALSE,0.2219035747205332,8476419,2,15
2023020550,210,even-strength,42,-11,FALSE,FALSE,TRUE,TRUE,FALSE,FALSE,0.03896456956863403,8480222,2,15
2023020550,303,even-strength,83,-2,FALSE,FALSE,TRUE,FALSE,FALSE,FALSE,0,8479328,2,15
2023020550,304,even-strength,57,-36,FALSE,FALSE,TRUE,TRUE,FALSE,FALSE,0.0090484619140625,8481601,2,15
2023020550,305,even-strength,57,37,FALSE,TRUE,TRUE,FALSE,FALSE,FALSE,0,8481541,2,15
2023020550,314,even-strength,50,-9,FALSE,FALSE,TRUE,TRUE,TRUE,FALSE,0.04130876064300537,8474709,2,15
2023020550,319,even-strength,69,16,FALSE,FALSE,TRUE,FALSE,FALSE,FALSE,0,8476422,2,15
2023020550,320,even-strength,77,0,TRUE,FALSE,TRUE,FALSE,FALSE,FALSE,0,8480222,2,15
2023020550,330,even-strength,71,-30,FALSE,FALSE,TRUE,TRUE,TRUE,FALSE,0.01283711194992065,8480865,2,15
2023020550,331,even-strength,77,5,FALSE,FALSE,TRUE,FALSE,FALSE,FALSE,0,8481014,2,15
2023020550,332,even-strength,79,5,FALSE,FALSE,TRUE,TRUE,FALSE,FALSE,0.1697186827659607,8478115,2,15
2023020550,357,even-strength,80,-4,FALSE,TRUE,TRUE,TRUE,TRUE,FALSE,0.01457923650741577,8478115,2,15
2023020550,358,even-strength,82,-4,FALSE,TRUE,TRUE,TRUE,TRUE,FALSE,0.22182536125183103,8478115,2,15
2023020550,359,even-strength,86,5,FALSE,FALSE,TRUE,TRUE,TRUE,FALSE,0.02371895313262939,8477392,2,15
2023020550,470,even-strength,66,13,FALSE,FALSE,TRUE,TRUE,TRUE,FALSE,0.0860757827758789,8481014,2,15
2023020550,471,even-strength,62,12,FALSE,FALSE,TRUE,TRUE,TRUE,FALSE,0.13355058431625366,8475314,2,15
2023020550,472,even-strength,82,-6,FALSE,FALSE,TRUE,FALSE,FALSE,FALSE,0,8480865,2,15
2023020550,473,even-strength,61,-31,FALSE,FALSE,TRUE,FALSE,FALSE,FALSE,0,8480865,2,15
2023020550,510,even-strength,83,-6,FALSE,FALSE,TRUE,FALSE,FALSE,FALSE,0,8480865,2,15
2023020550,528,even-strength,78,16,TRUE,FALSE,TRUE,TRUE,TRUE,FALSE,0.06569039821624756,8478445,2,15
2023020550,529,even-strength,35,-26,FALSE,FALSE,TRUE,TRUE,FALSE,FALSE,0.01397091150283813,8480865,2,15
2023020550,530,even-strength,29,28,FALSE,FALSE,TRUE,TRUE,FALSE,FALSE,0.01963943243026733,8481014,2,15
2023020550,535,even-strength,51,23,FALSE,FALSE,TRUE,TRUE,TRUE,FALSE,0.03195172548294067,8481014,2,15
2023020550,560,even-strength,60,18,FALSE,FALSE,TRUE,TRUE,TRUE,TRUE,0.1447601318359375,8476419,2,15
2023020550,564,even-strength,60,-29,FALSE,FALSE,TRUE,TRUE,FALSE,FALSE,0.01049184799194336,8473504,2,15
2023020550,575,even-strength,45,-19,FALSE,FALSE,TRUE,TRUE,TRUE,TRUE,0.03928148746490478,8480865,2,15
2023020550,578,even-strength,48,-34,FALSE,FALSE,TRUE,TRUE,TRUE,FALSE,0.01815760135650634,8474145,2,15
2023020550,606,penalty-kill,84,-5,FALSE,FALSE,TRUE,TRUE,TRUE,FALSE,0.1004453638145807,8481601,2,15
2023020550,616,power-play,68,-9,FALSE,FALSE,TRUE,FALSE,FALSE,FALSE,0,8477500,2,15
2023020550,620,power-play,71,-15,FALSE,FALSE,TRUE,FALSE,FALSE,FALSE,0,8475754,2,15
2023020550,621,power-play,56,13,FALSE,FALSE,TRUE,FALSE,FALSE,FALSE,0,8480865,2,15
2023020550,622,power-play,62,25,FALSE,FALSE,TRUE,TRUE,FALSE,FALSE,0.08244729042053223,8478445,2,15
2023020550,665,even-strength,9,23,FALSE,FALSE,TRUE,TRUE,TRUE,FALSE,0.00284063816070556,8476422,2,15
2023020550,670,even-strength,79,7,FALSE,FALSE,TRUE,TRUE,TRUE,FALSE,0.12375974655151369,8477500,2,15
2023020550,671,even-strength,80,2,FALSE,FALSE,TRUE,TRUE,TRUE,FALSE,0.24010366201400757,8475314,2,15
2023020550,678,even-strength,53,-5,FALSE,FALSE,TRUE,TRUE,FALSE,FALSE,0.04918426275253296,8477392,2,15
2023020550,680,even-strength,32,-36,FALSE,FALSE,TRUE,TRUE,FALSE,FALSE,0.00642293691635131,8480865,2,15
2023020550,700,even-strength,68,14,FALSE,FALSE,TRUE,FALSE,FALSE,FALSE,0,8481601,2,15
2023020550,704,even-strength,30,3,FALSE,FALSE,TRUE,TRUE,FALSE,FALSE,0.01746690273284912,8475151,2,15
2023020550,737,even-strength,84,-6,FALSE,FALSE,TRUE,FALSE,FALSE,FALSE,0,8475314,2,15
2023020550,738,even-strength,69,14,FALSE,FALSE,TRUE,TRUE,FALSE,FALSE,0.08088886737823486,8475314,2,15
2023020550,808,even-strength,59,4,FALSE,FALSE,TRUE,TRUE,TRUE,FALSE,0.09090524911880492,8476419,2,15
2023020550,809,even-strength,81,6,FALSE,TRUE,TRUE,TRUE,FALSE,FALSE,0.03257441520690918,8476419,2,15
2023020550,824,even-strength,59,33,FALSE,FALSE,TRUE,TRUE,FALSE,FALSE,0.01888221502304077,8477500,2,15
2023020550,920,power-play,55,-15,FALSE,FALSE,TRUE,TRUE,FALSE,FALSE,0.03714758157730102,8475754,2,15
2023020550,953,even-strength,59,25,FALSE,FALSE,TRUE,TRUE,TRUE,FALSE,0.01459288597106933,8476419,2,15
2023020550,954,even-strength,58,0,FALSE,TRUE,TRUE,TRUE,TRUE,TRUE,0.1627930998802185,8479328,2,15
2023020550,958,even-strength,86,4,FALSE,FALSE,TRUE,TRUE,TRUE,TRUE,0.15618211030960083,8479328,2,15
2023020550,988,even-strength,57,41,FALSE,FALSE,TRUE,TRUE,TRUE,FALSE,0.00757312774658203,8481541,2,15
2023020550,992,even-strength,77,7,FALSE,FALSE,TRUE,TRUE,TRUE,FALSE,0.01184254884719848,8475314,2,15
2023020550,1002,even-strength,81,-5,TRUE,FALSE,TRUE,TRUE,TRUE,TRUE,0.22528886795043945,8476419,2,15
2023020550,1027,power-play,60,27,FALSE,FALSE,TRUE,TRUE,TRUE,FALSE,0.06522762775421143,8478445,2,15
2023020550,1031,power-play,50,-25,FALSE,FALSE,TRUE,TRUE,TRUE,FALSE,0.03225749731063843,8481541,2,15
2023020550,1033,even-strength,32,-9,FALSE,FALSE,TRUE,TRUE,TRUE,FALSE,0.00904446840286254,8480865,2,15
2023020576,85,power-play,67,10,FALSE,FALSE,TRUE,TRUE,TRUE,FALSE,0.13624876737594604,8477404,5,15
2023020576,89,even-strength,85,-3,TRUE,TRUE,TRUE,TRUE,TRUE,FALSE,0.08743786811828613,8475810,5,15
2023020576,165,even-strength,56,23,FALSE,FALSE,TRUE,TRUE,TRUE,FALSE,0.0330623984336853,8477435,5,15
2023020576,185,even-strength,31,19,FALSE,FALSE,TRUE,TRUE,FALSE,FALSE,0.01541584730148315,8477969,5,15
2023020576,200,even-strength,33,-18,FALSE,FALSE,TRUE,TRUE,FALSE,FALSE,0.00269967317581176,8477244,5,15
2023020576,204,even-strength,74,6,FALSE,FALSE,TRUE,FALSE,FALSE,FALSE,0,8478424,5,15
2023020576,205,power-play,87,-2,FALSE,FALSE,TRUE,TRUE,TRUE,TRUE,0.33718109130859375,8471675,5,15
2023020576,209,even-strength,61,-9,FALSE,FALSE,TRUE,FALSE,FALSE,FALSE,0,8474578,5,15
2023020576,210,even-strength,81,-1,FALSE,FALSE,TRUE,TRUE,TRUE,FALSE,0.02203947305679321,8474189,5,15
2023020576,254,even-strength,68,4,FALSE,FALSE,TRUE,FALSE,FALSE,FALSE,0,8482055,5,15
2023020576,286,even-strength,69,-15,FALSE,FALSE,TRUE,TRUE,FALSE,FALSE,0.02019655704498291,8478569,5,15
2023020576,325,even-strength,75,2,FALSE,FALSE,TRUE,FALSE,FALSE,FALSE,0,8471724,5,15
2023020576,329,even-strength,66,24,FALSE,FALSE,TRUE,TRUE,FALSE,FALSE,9.554028511047364e-4,8477404,5,15
2023020576,428,even-strength,78,-8,FALSE,FALSE,TRUE,FALSE,FALSE,FALSE,0,8474578,5,15
2023020576,429,even-strength,80,-7,FALSE,TRUE,TRUE,FALSE,FALSE,FALSE,0,8478424,5,15
2023020576,430,even-strength,37,-11,FALSE,FALSE,TRUE,TRUE,TRUE,FALSE,0.01253068447113037,8474578,5,15
2023020576,431,even-strength,81,-10,TRUE,FALSE,TRUE,TRUE,TRUE,FALSE,0.16358786821365356,8478569,5,15
2023020576,437,even-strength,71,-23,FALSE,FALSE,TRUE,FALSE,FALSE,FALSE,0,8476483,5,15
2023020576,445,even-strength,82,-9,FALSE,FALSE,TRUE,TRUE,FALSE,FALSE,0.075497567653656,8475191,5,15
2023020576,446,even-strength,72,2,FALSE,FALSE,TRUE,FALSE,FALSE,FALSE,0,8475191,5,15
2023020576,454,even-strength,46,16,FALSE,FALSE,TRUE,TRUE,FALSE,FALSE,0.02534180879592895,8477969,5,15
2023020576,455,even-strength,41,26,FALSE,FALSE,TRUE,FALSE,FALSE,FALSE,0,8471724,5,15
2023020576,466,penalty-kill,-44,-41,TRUE,FALSE,TRUE,TRUE,TRUE,FALSE,0.0010887219137405,8471724,5,15
2023020576,483,even-strength,57,22,TRUE,FALSE,TRUE,TRUE,TRUE,FALSE,0.0293617844581604,8480058,5,15
2023020576,484,even-strength,48,-7,FALSE,FALSE,TRUE,TRUE,TRUE,TRUE,0.05254608392715454,8476483,5,15
2023020576,558,even-strength,62,7,FALSE,FALSE,TRUE,FALSE,FALSE,FALSE,0,8474189,5,15
2023020576,559,even-strength,58,32,FALSE,TRUE,TRUE,TRUE,FALSE,FALSE,0.0161895751953125,8477969,5,15
2023020576,561,even-strength,42,22,FALSE,FALSE,TRUE,TRUE,TRUE,FALSE,6.743669509887695e-4,8471724,5,15
2023020576,577,even-strength,39,39,FALSE,FALSE,TRUE,TRUE,TRUE,FALSE,0.0043080449104309,8477435,5,15
2023020576,614,even-strength,28,-3,FALSE,FALSE,TRUE,TRUE,FALSE,FALSE,0.05142354965209961,8474578,5,15
2023020576,622,power-play,52,1,FALSE,FALSE,TRUE,FALSE,FALSE,FALSE,0,8474578,5,15
2023020576,624,power-play,84,-7,FALSE,FALSE,TRUE,FALSE,FALSE,FALSE,0,8477404,5,15
2023020576,644,even-strength,-23,-2,FALSE,FALSE,TRUE,TRUE,TRUE,FALSE,0.00379443168640136,8478569,5,15
2023020576,708,even-strength,40,17,FALSE,FALSE,TRUE,TRUE,FALSE,FALSE,0.03095531463623047,8474578,5,15
2023020576,709,even-strength,80,-1,FALSE,FALSE,TRUE,FALSE,FALSE,FALSE,0,8474578,5,15
2023020576,711,even-strength,43,-30,FALSE,FALSE,TRUE,TRUE,TRUE,FALSE,0.00935703516006469,8474578,5,15
2023020576,712,even-strength,74,0,FALSE,TRUE,TRUE,TRUE,TRUE,FALSE,0.14033019542694092,8471215,5,15
2023020576,716,even-strength,54,0,FALSE,FALSE,TRUE,FALSE,FALSE,FALSE,0,8477404,5,15
2023020576,720,even-strength,32,4,TRUE,FALSE,TRUE,TRUE,TRUE,FALSE,0.01084697246551513,8477969,5,15
2023020576,761,even-strength,46,9,FALSE,FALSE,TRUE,FALSE,FALSE,FALSE,0,8477435,5,15
2023020576,762,even-strength,50,-41,FALSE,FALSE,TRUE,TRUE,TRUE,FALSE,0.00762587785720825,8477244,5,15
2023020576,764,even-strength,38,24,FALSE,FALSE,TRUE,TRUE,TRUE,FALSE,0.00298017263412475,8471215,5,15
2023020576,772,even-strength,84,2,FALSE,FALSE,TRUE,TRUE,TRUE,FALSE,0.33171409368515015,8477404,5,15
2023020576,773,even-strength,88,5,FALSE,TRUE,TRUE,TRUE,TRUE,TRUE,0.13725441694259644,8477404,5,15
2023020576,784,even-strength,27,-40,FALSE,FALSE,TRUE,TRUE,FALSE,FALSE,0.00225299596786499,8471724,5,15
2023020576,804,even-strength,43,-13,FALSE,FALSE,TRUE,TRUE,TRUE,FALSE,0.01353132724761962,8477244,5,15
2023020576,805,even-strength,50,25,FALSE,FALSE,TRUE,FALSE,FALSE,FALSE,0,8477435,5,15
2023020576,807,even-strength,76,21,FALSE,TRUE,TRUE,TRUE,TRUE,FALSE,0.02584993839263916,8474189,5,15
2023020576,850,even-strength,45,37,FALSE,FALSE,TRUE,TRUE,TRUE,FALSE,0.00168609619140625,8471724,5,15
2023020576,851,power-play,82,1,FALSE,TRUE,TRUE,TRUE,TRUE,FALSE,0.0808669924736023,8476483,5,15
2023020576,852,power-play,83,1,FALSE,TRUE,TRUE,TRUE,TRUE,FALSE,0.07535010576248169,8471215,5,15
2023020576,853,power-play,81,-9,FALSE,FALSE,TRUE,TRUE,FALSE,FALSE,0.11247920989990234,8471675,5,15
2023020576,854,even-strength,82,1,FALSE,TRUE,TRUE,TRUE,TRUE,FALSE,0.06072980165481567,8471215,5,15
2023020576,856,even-strength,75,1,FALSE,TRUE,TRUE,TRUE,TRUE,FALSE,0.032021164894104,8474189,5,15
2023020576,857,even-strength,48,-37,FALSE,FALSE,TRUE,TRUE,FALSE,FALSE,0.00801855325698852,8474578,5,15
2023020576,909,power-play,64,-26,FALSE,FALSE,TRUE,TRUE,FALSE,FALSE,0.07454663515090942,8471675,5,15
2023020576,912,power-play,59,31,FALSE,FALSE,TRUE,TRUE,TRUE,FALSE,0.04602611064910889,8476483,5,15
2023020576,914,power-play,72,-2,FALSE,FALSE,TRUE,FALSE,FALSE,FALSE,0,8474578,5,15
2023020576,918,power-play,84,8,FALSE,FALSE,TRUE,TRUE,FALSE,FALSE,0.1218368411064148,8477404,5,15
2023020576,920,power-play,79,-4,FALSE,FALSE,TRUE,TRUE,FALSE,FALSE,0.1573474407196045,8477404,5,15
2023020576,930,even-strength,25,-8,FALSE,FALSE,TRUE,TRUE,TRUE,FALSE,0.00610321760177612,8475191,5,15
2023020576,1002,even-strength,34,-1,FALSE,FALSE,TRUE,TRUE,TRUE,FALSE,0.05663734674453735,8471724,5,15
2023020576,1005,even-strength,72,9,FALSE,FALSE,TRUE,FALSE,FALSE,FALSE,0,8477969,5,15
2023020576,1023,power-play,85,-3,FALSE,FALSE,TRUE,TRUE,TRUE,FALSE,0.293252170085907,8477404,5,15
2023020576,1027,power-play,82,6,FALSE,FALSE,TRUE,TRUE,TRUE,FALSE,0.16817247867584229,8471215,5,15
2023020576,1031,power-play,52,11,FALSE,FALSE,TRUE,TRUE,TRUE,FALSE,0.07811778783798218,8470604,5,15
2023020576,1034,even-strength,50,8,FALSE,FALSE,TRUE,FALSE,FALSE,FALSE,0,8471724,5,15
2023020576,1055,even-strength,49,2,FALSE,FALSE,TRUE,FALSE,FALSE,FALSE,0,8477244,5,15
2023020576,1073,even-strength,63,28,FALSE,FALSE,TRUE,TRUE,FALSE,FALSE,0.03677910566329956,8475191,5,15
2023020576,1074,even-strength,72,-1,FALSE,FALSE,TRUE,FALSE,FALSE,FALSE,0,8474578,5,15
2023020576,1153,even-strength,74,1,FALSE,FALSE,TRUE,FALSE,FALSE,FALSE,0,8474578,5,15
2023020576,1157,even-strength,66,-16,FALSE,FALSE,TRUE,FALSE,FALSE,FALSE,0,8471215,5,15
2023020576,1158,even-strength,71,2,FALSE,FALSE,TRUE,TRUE,TRUE,FALSE,0.14571553468704224,8477404,5,15
2023020576,1162,even-strength,79,-3,FALSE,FALSE,TRUE,FALSE,FALSE,FALSE,0,8474578,5,15
2023020576,1164,even-strength,48,-19,TRUE,FALSE,TRUE,TRUE,TRUE,FALSE,0.0401347279548645,8471215,5,15
2023020603,135,even-strength,70,-14,FALSE,FALSE,TRUE,TRUE,TRUE,FALSE,0.09764915704727171,8473533,12,15
2023020603,138,even-strength,66,-8,FALSE,FALSE,TRUE,FALSE,FALSE,FALSE,0,8477488,12,15
2023020603,142,even-strength,39,-11,FALSE,FALSE,TRUE,TRUE,TRUE,FALSE,0.02683615684509277,8470613,12,15
2023020603,149,even-strength,61,-25,TRUE,FALSE,TRUE,TRUE,TRUE,FALSE,0.03806370496749878,8482093,12,15
2023020603,150,even-strength,51,33,TRUE,TRUE,TRUE,TRUE,TRUE,FALSE,0.0120018720626831,8475200,12,15
2023020603,156,even-strength,56,34,FALSE,FALSE,TRUE,FALSE,FALSE,FALSE,0,8480829,12,15
2023020603,157,even-strength,80,18,FALSE,FALSE,TRUE,TRUE,TRUE,FALSE,0.0360763669013977,8480835,12,15
2023020603,171,even-strength,76,-11,FALSE,FALSE,TRUE,TRUE,FALSE,FALSE,0.09778386354446413,8477962,12,15
2023020603,194,even-strength,29,4,FALSE,FALSE,TRUE,TRUE,FALSE,FALSE,0.02499747276306152,8476958,12,15
2023020603,195,even-strength,74,-5,FALSE,FALSE,TRUE,FALSE,FALSE,FALSE,0,8470613,12,15
2023020603,203,even-strength,88,-12,FALSE,FALSE,TRUE,FALSE,FALSE,FALSE,0,8482093,12,15
2023020603,206,even-strength,38,-37,FALSE,FALSE,TRUE,TRUE,FALSE,FALSE,0.01155364513397216,8470613,12,15
2023020603,207,even-strength,49,-1,FALSE,FALSE,TRUE,TRUE,FALSE,FALSE,0.03226017951965332,8476882,12,15
2023020603,208,even-strength,70,13,FALSE,FALSE,TRUE,TRUE,TRUE,FALSE,0.0789879560470581,8480835,12,15
2023020603,259,even-strength,73,-12,FALSE,FALSE,TRUE,TRUE,FALSE,FALSE,0.1303098201751709,8480830,12,15
2023020603,260,even-strength,33,0,FALSE,FALSE,TRUE,TRUE,FALSE,FALSE,0.03350669145584106,8475200,12,15
2023020603,263,even-strength,69,7,FALSE,FALSE,TRUE,TRUE,TRUE,FALSE,0.01079523563385009,8477962,12,15
2023020603,264,even-strength,83,4,FALSE,FALSE,TRUE,FALSE,FALSE,FALSE,0,8480829,12,15
2023020603,290,even-strength,64,15,FALSE,FALSE,TRUE,FALSE,FALSE,FALSE,0,8480829,12,15
2023020603,302,even-strength,83,-29,TRUE,TRUE,TRUE,TRUE,FALSE,FALSE,0.00657415390014648,8477488,12,15
2023020603,303,even-strength,82,-4,FALSE,FALSE,TRUE,FALSE,FALSE,FALSE,0,8480829,12,15
2023020603,304,even-strength,39,-31,FALSE,FALSE,TRUE,FALSE,FALSE,FALSE,0,8470613,12,15
2023020603,305,even-strength,86,-15,FALSE,FALSE,TRUE,FALSE,FALSE,FALSE,0,8476882,12,15
2023020603,306,even-strength,86,-12,FALSE,TRUE,TRUE,TRUE,TRUE,FALSE,0.00738292932510376,8480829,12,15
2023020603,307,even-strength,47,0,FALSE,FALSE,TRUE,FALSE,FALSE,FALSE,0,8480830,12,15
2023020603,310,even-strength,85,-8,FALSE,TRUE,TRUE,TRUE,TRUE,FALSE,0.03260421752929687,8480829,12,15
2023020603,311,even-strength,84,-3,FALSE,TRUE,TRUE,TRUE,TRUE,FALSE,0.04046064615249634,8480829,12,15
2023020603,312,even-strength,84,6,FALSE,TRUE,TRUE,TRUE,FALSE,FALSE,0.12601184844970703,8480830,12,15
2023020603,361,even-strength,79,-2,FALSE,FALSE,TRUE,TRUE,FALSE,FALSE,0.2826136350631714,8478427,12,15
2023020603,362,even-strength,49,-25,FALSE,FALSE,TRUE,FALSE,FALSE,FALSE,0,8470613,12,15
2023020603,363,even-strength,46,-31,FALSE,FALSE,TRUE,FALSE,FALSE,FALSE,0,8470613,12,15
2023020603,367,even-strength,78,8,FALSE,FALSE,TRUE,FALSE,FALSE,FALSE,0,8476958,12,15
2023020603,370,even-strength,31,-37,FALSE,FALSE,TRUE,TRUE,TRUE,FALSE,0.00137555599212646,8478970,12,15
2023020603,379,even-strength,58,29,FALSE,FALSE,TRUE,TRUE,FALSE,FALSE,0.02683794498443603,8476958,12,15
2023020603,380,even-strength,64,-38,FALSE,FALSE,TRUE,TRUE,FALSE,FALSE,0.00599843263626098,8470613,12,15
2023020603,381,even-strength,84,-18,FALSE,TRUE,TRUE,TRUE,TRUE,FALSE,0.07723289728164673,8476921,12,15
2023020603,382,even-strength,30,-39,FALSE,FALSE,TRUE,TRUE,TRUE,FALSE,0.00190645456314086,8470613,12,15
2023020603,386,even-strength,81,-17,FALSE,FALSE,TRUE,FALSE,FALSE,FALSE,0,8478047,12,15
2023020603,407,even-strength,75,23,FALSE,FALSE,TRUE,TRUE,FALSE,FALSE,0.03540933132171631,8478427,12,15
2023020603,408,even-strength,70,-3,FALSE,FALSE,TRUE,TRUE,TRUE,FALSE,0.1416846513748169,8478427,12,15
2023020603,427,even-strength,49,23,FALSE,FALSE,TRUE,TRUE,FALSE,FALSE,0.03000855445861816,8478970,12,15
2023020603,554,even-strength,38,-11,FALSE,FALSE,TRUE,FALSE,FALSE,FALSE,0,8470613,12,15
2023020603,555,even-strength,65,33,FALSE,FALSE,TRUE,TRUE,FALSE,FALSE,0.0146830677986145,8480835,12,15
2023020603,583,even-strength,78,-5,FALSE,FALSE,TRUE,TRUE,TRUE,TRUE,0.21509414911270144,8470613,12,15
2023020603,590,even-strength,57,-16,FALSE,FALSE,TRUE,FALSE,FALSE,FALSE,0,8477488,12,15
2023020603,615,even-strength,66,34,FALSE,TRUE,TRUE,TRUE,TRUE,FALSE,0.00882738828659057,8476958,12,15
2023020603,616,even-strength,59,-11,FALSE,FALSE,TRUE,FALSE,FALSE,FALSE,0,8476921,12,15
2023020603,624,even-strength,70,-4,FALSE,FALSE,TRUE,TRUE,TRUE,FALSE,0.06694352626800537,8480830,12,15
2023020603,655,even-strength,53,25,TRUE,FALSE,TRUE,TRUE,TRUE,FALSE,0.06504267454147339,8478970,12,15
2023020603,665,even-strength,67,6,FALSE,FALSE,TRUE,TRUE,FALSE,FALSE,0.05441766977310181,8476882,12,15
2023020603,669,even-strength,39,-25,FALSE,FALSE,TRUE,TRUE,TRUE,FALSE,4.557967185974121e-4,8470613,12,15
2023020603,685,even-strength,37,12,FALSE,FALSE,TRUE,TRUE,FALSE,FALSE,0.00843501091003418,8476882,12,15
2023020603,689,even-strength,46,23,FALSE,FALSE,TRUE,TRUE,TRUE,FALSE,0.03026354312896728,8475200,12,15
2023020603,702,even-strength,72,-9,FALSE,FALSE,TRUE,FALSE,FALSE,FALSE,0,8470613,12,15
2023020603,704,even-strength,53,15,FALSE,FALSE,TRUE,FALSE,FALSE,FALSE,0,8478427,12,15
2023020603,717,even-strength,48,-7,FALSE,FALSE,TRUE,TRUE,TRUE,FALSE,0.01422756910324096,8477488,12,15
2023020603,718,even-strength,73,17,FALSE,FALSE,TRUE,FALSE,FALSE,FALSE,0,8478970,12,15
2023020603,756,even-strength,86,-4,TRUE,FALSE,TRUE,TRUE,TRUE,TRUE,0.22500425577163696,8482093,12,15
2023020603,760,even-strength,75,-35,FALSE,FALSE,TRUE,TRUE,TRUE,FALSE,0.00988823175430297,8482093,12,15
2023020603,772,even-strength,35,-16,FALSE,FALSE,TRUE,TRUE,TRUE,FALSE,0.06956678628921509,8470613,12,15
2023020603,789,even-strength,60,38,TRUE,FALSE,TRUE,TRUE,FALSE,FALSE,0.00788116455078125,8477962,12,15
2023020603,808,even-strength,83,12,FALSE,FALSE,TRUE,TRUE,TRUE,FALSE,0.06042641401290893,8478047,12,15
2023020603,837,even-strength,62,13,FALSE,FALSE,TRUE,TRUE,TRUE,FALSE,0.11348795890808104,8476958,12,15
2023020603,845,even-strength,54,40,TRUE,FALSE,TRUE,TRUE,TRUE,FALSE,0.01073420047760009,8476921,12,15
2023020603,901,even-strength,71,3,FALSE,FALSE,TRUE,TRUE,FALSE,FALSE,0.05893903970718384,8473533,12,15
2023020603,915,power-play,72,-21,FALSE,FALSE,TRUE,TRUE,TRUE,TRUE,0.1175130009651184,8480830,12,15
2023020603,922,power-play,43,-8,FALSE,FALSE,TRUE,TRUE,FALSE,FALSE,0.06443601846694946,8470613,12,15
2023020603,923,power-play,54,21,FALSE,FALSE,TRUE,TRUE,TRUE,FALSE,0.08301359415054321,8478427,12,15
2023020603,924,power-play,68,-18,FALSE,FALSE,TRUE,TRUE,FALSE,FALSE,0.09830796718597412,8480830,12,15
2023020603,925,power-play,42,-7,FALSE,FALSE,TRUE,TRUE,TRUE,TRUE,0.06350445747375488,8470613,12,15
2023020603,943,even-strength,76,-19,FALSE,FALSE,TRUE,TRUE,FALSE,FALSE,0.06056994199752807,8478427,12,15
2023020603,945,even-strength,77,-27,FALSE,FALSE,TRUE,TRUE,TRUE,FALSE,0.02068448066711425,8480829,12,15
2023020603,946,even-strength,82,-4,FALSE,TRUE,TRUE,TRUE,TRUE,FALSE,0.01421606540679931,8478427,12,15
2023020603,1012,penalty-kill,73,19,FALSE,FALSE,TRUE,TRUE,FALSE,FALSE,0.02326279412383091,8473533,12,15
2023020603,1029,even-strength,65,-15,FALSE,FALSE,TRUE,TRUE,TRUE,TRUE,0.0431944727897644,8482102,12,15
2023020618,107,even-strength,60,-7,FALSE,FALSE,TRUE,TRUE,TRUE,FALSE,0.1688132286071777,8482155,26,15
2023020618,120,even-strength,64,-11,FALSE,FALSE,TRUE,TRUE,TRUE,FALSE,0.2003716826438904,8481481,26,15
2023020618,121,even-strength,87,9,FALSE,TRUE,TRUE,TRUE,FALSE,FALSE,0.25805604457855225,8481481,26,15
2023020618,122,even-strength,59,-11,FALSE,FALSE,TRUE,FALSE,FALSE,FALSE,0,8481560,26,15
2023020618,128,even-strength,71,-4,TRUE,FALSE,TRUE,TRUE,TRUE,FALSE,0.16683000326156616,8481481,26,15
2023020618,131,even-strength,67,-14,FALSE,FALSE,TRUE,TRUE,TRUE,FALSE,0.03756320476531982,8479336,26,15
2023020618,132,even-strength,83,10,FALSE,TRUE,TRUE,TRUE,TRUE,FALSE,0.03791451454162598,8471685,26,15
2023020618,193,even-strength,70,-23,FALSE,FALSE,TRUE,TRUE,FALSE,FALSE,0.09668827056884766,8482730,26,15
2023020618,208,power-play,75,-4,FALSE,FALSE,TRUE,TRUE,TRUE,FALSE,0.1255112886428833,8477942,26,15
2023020618,215,even-strength,84,-7,FALSE,FALSE,TRUE,FALSE,FALSE,FALSE,0,8473453,26,15
2023020618,217,even-strength,78,2,FALSE,FALSE,TRUE,FALSE,FALSE,FALSE,0,8476479,26,15
2023020618,251,even-strength,41,16,FALSE,FALSE,TRUE,TRUE,TRUE,FALSE,0.02919089794158935,8479998,26,15
2023020618,252,even-strength,55,-21,FALSE,TRUE,TRUE,TRUE,TRUE,FALSE,0.01587170362472534,8474563,26,15
2023020618,256,even-strength,80,30,TRUE,FALSE,TRUE,TRUE,FALSE,FALSE,0.01187896728515625,8477942,26,15
2023020618,263,even-strength,61,-28,FALSE,FALSE,TRUE,FALSE,FALSE,FALSE,0,8479998,26,15
2023020618,264,even-strength,83,-11,FALSE,TRUE,TRUE,TRUE,TRUE,FALSE,0.03411197662353515,8479998,26,15
2023020618,265,even-strength,33,-11,FALSE,FALSE,TRUE,TRUE,TRUE,FALSE,0.03221863508224487,8474563,26,15
2023020618,271,even-strength,59,15,FALSE,FALSE,TRUE,TRUE,FALSE,FALSE,0.08618062734603882,8479675,26,15
2023020618,356,even-strength,68,-23,FALSE,TRUE,TRUE,TRUE,FALSE,FALSE,0.03469318151473999,8482730,26,15
2023020618,357,even-strength,60,-32,FALSE,FALSE,TRUE,FALSE,FALSE,FALSE,0,8479400,26,15
2023020618,457,even-strength,53,-23,FALSE,FALSE,TRUE,TRUE,FALSE,FALSE,0.0170784592628479,8478882,26,15
2023020618,473,even-strength,81,4,FALSE,FALSE,TRUE,TRUE,TRUE,FALSE,0.10317873954772948,8481560,26,15
2023020618,477,even-strength,75,2,FALSE,FALSE,TRUE,FALSE,FALSE,FALSE,0,8474563,26,15
2023020618,490,even-strength,49,-39,FALSE,FALSE,TRUE,TRUE,TRUE,FALSE,0.01087594032287597,8478911,26,15
2023020618,501,even-strength,49,24,FALSE,FALSE,TRUE,FALSE,FALSE,FALSE,0,8478911,26,15
2023020618,514,even-strength,34,-32,FALSE,FALSE,TRUE,TRUE,FALSE,FALSE,0.00842010974884033,8478911,26,15
2023020618,518,even-strength,54,32,FALSE,FALSE,TRUE,TRUE,TRUE,FALSE,0.00476980209350585,8477960,26,15
2023020618,525,even-strength,68,39,FALSE,FALSE,TRUE,TRUE,TRUE,FALSE,0.00316637754440307,8481560,26,15
2023020618,526,even-strength,79,10,FALSE,TRUE,TRUE,TRUE,TRUE,FALSE,0.1342695951461792,8477942,26,15
2023020618,551,even-strength,2,10,FALSE,FALSE,TRUE,TRUE,TRUE,FALSE,0.0019524097442626901,8478882,26,15
2023020618,561,even-strength,74,9,TRUE,FALSE,TRUE,TRUE,TRUE,FALSE,0.22462785243988037,8477942,26,15
2023020618,562,even-strength,30,21,FALSE,FALSE,TRUE,TRUE,TRUE,FALSE,0.01469790935516357,8479998,26,15
2023020618,563,even-strength,78,0,FALSE,TRUE,TRUE,TRUE,TRUE,FALSE,0.1388435959815979,8481560,26,15
2023020618,566,even-strength,54,0,FALSE,FALSE,TRUE,TRUE,FALSE,FALSE,0.01686131954193115,8481560,26,15
2023020618,573,power-play,62,-16,FALSE,FALSE,TRUE,FALSE,FALSE,FALSE,0,8474563,26,15
2023020618,575,power-play,53,-25,FALSE,FALSE,TRUE,TRUE,TRUE,TRUE,0.06619161367416382,8477960,26,15
2023020618,590,power-play,71,3,FALSE,FALSE,TRUE,TRUE,FALSE,FALSE,0.05946826934814453,8479675,26,15
2023020618,592,power-play,81,2,FALSE,FALSE,TRUE,TRUE,FALSE,FALSE,0.1314643621444702,8479675,26,15
2023020618,595,power-play,75,-8,FALSE,FALSE,TRUE,TRUE,TRUE,FALSE,0.12092500925064088,8481560,26,15
2023020618,604,even-strength,35,-31,FALSE,FALSE,TRUE,TRUE,TRUE,FALSE,0.00733697414398193,8474563,26,15
2023020618,605,even-strength,85,-12,FALSE,TRUE,TRUE,TRUE,FALSE,FALSE,0.00230824947357177,8481481,26,15
2023020618,606,even-strength,37,-25,FALSE,FALSE,TRUE,TRUE,TRUE,FALSE,0.04545068740844726,8474563,26,15
2023020618,637,even-strength,65,37,FALSE,FALSE,TRUE,TRUE,FALSE,FALSE,1.5676021575927734e-4,8478882,26,15
2023020618,638,even-strength,74,-11,FALSE,FALSE,TRUE,TRUE,TRUE,FALSE,0.05708897113800049,8481560,26,15
2023020618,643,even-strength,54,-3,FALSE,FALSE,TRUE,TRUE,TRUE,FALSE,0.09434562921524048,8476479,26,15
2023020618,644,even-strength,76,3,FALSE,TRUE,TRUE,TRUE,TRUE,TRUE,0.45742708444595337,8477942,26,15
2023020618,648,even-strength,64,-10,FALSE,FALSE,TRUE,FALSE,FALSE,FALSE,0,8478911,26,15
2023020618,660,even-strength,63,22,FALSE,FALSE,TRUE,TRUE,TRUE,FALSE,0.08716166019439697,8479998,26,15
2023020618,693,even-strength,41,5,FALSE,FALSE,TRUE,TRUE,FALSE,FALSE,0.04261624813079834,8478911,26,15
2023020618,694,even-strength,91,5,FALSE,TRUE,TRUE,TRUE,TRUE,FALSE,0.00620120763778686,8479675,26,15
2023020618,701,even-strength,62,-26,FALSE,FALSE,TRUE,TRUE,TRUE,FALSE,0.03116536140441894,8477960,26,15
2023020618,717,even-strength,77,26,FALSE,FALSE,TRUE,TRUE,FALSE,FALSE,0.02052122354507446,8479675,26,15
2023020618,732,power-play,83,2,FALSE,FALSE,TRUE,TRUE,TRUE,TRUE,0.1556578278541565,8477942,26,15
2023020618,857,even-strength,35,-37,FALSE,FALSE,TRUE,FALSE,FALSE,FALSE,0,8479675,26,15
2023020618,877,even-strength,39,39,FALSE,FALSE,TRUE,TRUE,TRUE,FALSE,0.00768691301345825,8479336,26,15
2023020618,878,even-strength,77,10,FALSE,TRUE,TRUE,TRUE,TRUE,FALSE,0.12839597463607788,8481481,26,15
2023020618,893,even-strength,44,40,FALSE,FALSE,TRUE,TRUE,FALSE,FALSE,0.0077829360961914,8482124,26,15
2023020618,903,even-strength,51,8,TRUE,FALSE,TRUE,TRUE,FALSE,FALSE,0.00944840908050537,8482155,26,15
2023020618,919,even-strength,78,4,TRUE,FALSE,TRUE,TRUE,FALSE,FALSE,0.25951969623565674,8481481,26,15
2023020618,920,even-strength,79,-35,FALSE,TRUE,TRUE,TRUE,TRUE,FALSE,0.02174383401870727,8473453,26,15
2023020618,931,even-strength,37,-29,TRUE,FALSE,TRUE,TRUE,FALSE,FALSE,0.0065433382987976,8478911,26,15
2023020618,932,even-strength,44,-17,FALSE,FALSE,TRUE,FALSE,FALSE,FALSE,0,8478911,26,15
2023020618,946,even-strength,81,-19,FALSE,FALSE,TRUE,TRUE,FALSE,FALSE,0.03844660520553589,8481481,26,15
2023020618,962,even-strength,56,18,FALSE,FALSE,TRUE,TRUE,TRUE,FALSE,0.0057341456413269,8482155,26,15
2023020618,963,even-strength,67,8,FALSE,FALSE,TRUE,FALSE,FALSE,FALSE,0,8478882,26,15
2023020618,977,even-strength,65,35,FALSE,FALSE,TRUE,TRUE,TRUE,FALSE,0.00419366359710693,8476479,26,15
2023020618,986,even-strength,91,-7,FALSE,FALSE,TRUE,TRUE,FALSE,FALSE,0.03800797462463379,8479336,26,15
2023020618,989,even-strength,56,26,FALSE,FALSE,TRUE,FALSE,FALSE,FALSE,0,8477971,26,15
2023020618,1008,even-strength,74,-27,TRUE,FALSE,TRUE,TRUE,FALSE,FALSE,0.00342893600463867,8479675,26,15
2023020618,1019,even-strength,77,21,FALSE,FALSE,TRUE,TRUE,TRUE,FALSE,0.04454678297042847,8476479,26,15
2023020618,1029,even-strength,40,-6,TRUE,FALSE,TRUE,TRUE,FALSE,FALSE,0.00324374437332153,8479336,26,15
2023020618,1037,even-strength,3,-33,FALSE,FALSE,TRUE,TRUE,TRUE,FALSE,1.2814998626708984e-4,8482730,26,15
2023020618,1045,even-strength,71,29,FALSE,FALSE,TRUE,TRUE,TRUE,FALSE,0.00416469573974609,8482124,26,15
2023020618,1054,even-strength,50,-25,FALSE,FALSE,TRUE,TRUE,TRUE,FALSE,0.00275599956512451,8481560,26,15
2023020618,1062,even-strength,88,-12,FALSE,FALSE,TRUE,TRUE,TRUE,FALSE,0.04546070098876953,8471685,26,15
2023020618,1063,even-strength,73,24,TRUE,FALSE,TRUE,TRUE,TRUE,FALSE,0.06529176235198975,8477960,26,15
2023020645,118,even-strength,43,20,FALSE,FALSE,TRUE,FALSE,FALSE,FALSE,0,8475768,55,15
2023020645,146,even-strength,83,-8,FALSE,FALSE,TRUE,TRUE,FALSE,FALSE,0.10932618379592896,8477416,55,15
2023020645,157,even-strength,80,-3,TRUE,FALSE,TRUE,FALSE,FALSE,FALSE,0,8477416,55,15
2023020645,158,even-strength,79,1,FALSE,TRUE,TRUE,TRUE,TRUE,FALSE,0.12760424613952637,8482665,55,15
2023020645,164,even-strength,73,4,TRUE,FALSE,TRUE,TRUE,FALSE,FALSE,0.02109879255294799,8479293,55,15
2023020645,166,even-strength,82,-6,FALSE,FALSE,TRUE,TRUE,TRUE,FALSE,0.14476245641708374,8475193,55,15
2023020645,167,even-strength,83,5,FALSE,FALSE,TRUE,TRUE,TRUE,TRUE,0.11946803331375122,8476457,55,15
2023020645,217,even-strength,45,-5,FALSE,FALSE,TRUE,FALSE,FALSE,FALSE,0,8474602,55,15
2023020645,218,even-strength,31,20,FALSE,FALSE,TRUE,TRUE,FALSE,FALSE,0.01607280969619751,8475208,55,15
2023020645,219,even-strength,71,35,FALSE,FALSE,TRUE,FALSE,FALSE,FALSE,0,8477444,55,15
2023020645,230,even-strength,79,-14,FALSE,FALSE,TRUE,TRUE,FALSE,FALSE,0.04400104284286499,8474586,55,15
2023020645,231,even-strength,48,-27,FALSE,FALSE,TRUE,FALSE,FALSE,FALSE,0,8476457,55,15
2023020645,241,even-strength,79,2,FALSE,FALSE,TRUE,TRUE,FALSE,FALSE,0.02516025304794311,8476826,55,15
2023020645,246,even-strength,62,10,FALSE,FALSE,TRUE,TRUE,TRUE,FALSE,0.10302770137786864,8475768,55,15
2023020645,252,even-strength,51,23,FALSE,FALSE,TRUE,TRUE,TRUE,TRUE,0.0226902961730957,8481789,55,15
2023020645,297,even-strength,34,-7,FALSE,FALSE,TRUE,TRUE,FALSE,FALSE,0.01181578636169433,8475208,55,15
2023020645,299,even-strength,48,-5,FALSE,FALSE,TRUE,FALSE,FALSE,FALSE,0,8482665,55,15
2023020645,300,even-strength,30,-18,TRUE,FALSE,TRUE,TRUE,FALSE,FALSE,0.00802969932556152,8474602,55,15
2023020645,418,even-strength,76,-6,TRUE,FALSE,TRUE,TRUE,FALSE,FALSE,0.06361991167068481,8479293,55,15
2023020645,428,even-strength,44,21,FALSE,FALSE,TRUE,TRUE,TRUE,FALSE,0.02820008993148803,8476826,55,15
2023020645,431,even-strength,77,31,FALSE,FALSE,TRUE,TRUE,TRUE,FALSE,0.0121052861213684,8478407,55,15
2023020645,457,even-strength,52,8,FALSE,FALSE,TRUE,TRUE,TRUE,TRUE,0.07824927568435669,8477505,55,15
2023020645,462,even-strength,57,-17,FALSE,FALSE,TRUE,FALSE,FALSE,FALSE,0,8478840,55,15
2023020645,463,even-strength,71,20,FALSE,FALSE,TRUE,FALSE,FALSE,FALSE,0,8476826,55,15
2023020645,514,even-strength,46,2,FALSE,FALSE,TRUE,TRUE,TRUE,FALSE,0.10460877418518066,8478407,55,15
2023020645,531,even-strength,82,-1,FALSE,FALSE,TRUE,TRUE,TRUE,FALSE,0.15043586492538452,8476826,55,15
2023020645,536,even-strength,77,-5,FALSE,FALSE,TRUE,TRUE,FALSE,FALSE,0.11436200141906738,8476467,55,15
2023020645,548,even-strength,87,-11,TRUE,FALSE,TRUE,TRUE,FALSE,FALSE,0.00678402185440063,8477955,55,15
2023020645,549,even-strength,40,-33,FALSE,FALSE,TRUE,TRUE,TRUE,FALSE,0.02246624231338501,8478407,55,15
2023020645,560,even-strength,40,36,FALSE,FALSE,TRUE,TRUE,TRUE,FALSE,0.00810426473617553,8475208,55,15
2023020645,561,even-strength,78,0,FALSE,TRUE,TRUE,TRUE,FALSE,FALSE,0.10794401168823242,8474586,55,15
2023020645,562,even-strength,75,-13,FALSE,FALSE,TRUE,FALSE,FALSE,FALSE,0,8474602,55,15
2023020645,577,even-strength,57,8,TRUE,FALSE,TRUE,FALSE,FALSE,FALSE,0,8477416,55,15
2023020645,578,even-strength,81,13,FALSE,FALSE,TRUE,TRUE,FALSE,FALSE,0.0995553731918335,8480009,55,15
2023020645,584,even-strength,69,18,FALSE,FALSE,TRUE,TRUE,TRUE,FALSE,0.12756401300430298,8478407,55,15
2023020645,585,even-strength,84,-9,FALSE,TRUE,TRUE,FALSE,FALSE,FALSE,0,8475768,55,15
2023020645,587,even-strength,81,4,FALSE,FALSE,TRUE,FALSE,FALSE,FALSE,0,8478407,55,15
2023020645,589,even-strength,79,-3,FALSE,FALSE,TRUE,TRUE,FALSE,FALSE,0.07085078954696655,8476457,55,15
2023020645,590,even-strength,35,-8,FALSE,FALSE,TRUE,TRUE,TRUE,FALSE,0.00943249464035034,8475768,55,15
2023020645,603,even-strength,44,-28,TRUE,FALSE,TRUE,FALSE,FALSE,FALSE,0,8474602,55,15
2023020645,654,even-strength,-21,18,FALSE,FALSE,TRUE,TRUE,TRUE,FALSE,0.00298547744750976,8476467,55,15
2023020645,657,even-strength,92,-28,FALSE,FALSE,TRUE,TRUE,TRUE,FALSE,0.00976121425628662,8477416,55,15
2023020645,658,even-strength,81,3,FALSE,FALSE,TRUE,TRUE,FALSE,FALSE,0.22053462266921997,8480009,55,15
2023020645,674,even-strength,73,19,FALSE,FALSE,TRUE,TRUE,FALSE,FALSE,0.05981487035751343,8477505,55,15
2023020645,691,even-strength,79,-1,FALSE,FALSE,TRUE,FALSE,FALSE,FALSE,0,8476457,55,15
2023020645,702,even-strength,34,20,FALSE,FALSE,TRUE,TRUE,FALSE,FALSE,0.02810370922088623,8477416,55,15
2023020645,706,even-strength,54,40,FALSE,FALSE,TRUE,TRUE,FALSE,FALSE,0.00126606225967407,8475208,55,15
2023020645,724,even-strength,88,-10,FALSE,FALSE,TRUE,TRUE,FALSE,FALSE,0.07272452116012573,8475193,55,15
2023020645,730,even-strength,89,-7,FALSE,FALSE,TRUE,TRUE,TRUE,TRUE,0.03667271137237549,8474602,55,15
2023020645,749,even-strength,62,12,FALSE,FALSE,TRUE,TRUE,TRUE,FALSE,0.13444387912750244,8475193,55,15
2023020645,750,even-strength,38,27,FALSE,FALSE,TRUE,TRUE,TRUE,FALSE,0.02294695377349853,8478407,55,15
2023020645,759,even-strength,72,-11,FALSE,FALSE,TRUE,TRUE,FALSE,FALSE,0.17501449584960938,8477416,55,15
2023020645,762,even-strength,64,-34,FALSE,FALSE,TRUE,TRUE,TRUE,FALSE,0.01741939783096313,8477416,55,15
2023020645,772,even-strength,41,34,FALSE,FALSE,TRUE,TRUE,TRUE,FALSE,0.01269876956939697,8478407,55,15
2023020645,917,even-strength,53,-32,FALSE,FALSE,TRUE,TRUE,TRUE,FALSE,0.00597625970840454,8479293,55,15
2023020645,965,even-strength,16,11,FALSE,FALSE,TRUE,TRUE,TRUE,FALSE,8.713603019714355e-4,8476826,55,15
2023020645,978,even-strength,79,-3,FALSE,FALSE,TRUE,FALSE,FALSE,FALSE,0,8475768,55,15
2023020645,995,even-strength,75,-2,FALSE,FALSE,TRUE,TRUE,FALSE,FALSE,0.30240774154663086,8481789,55,15
2023020645,1021,even-strength,56,-6,FALSE,FALSE,TRUE,FALSE,FALSE,FALSE,0,8475193,55,15
2023020645,1053,even-strength,65,-10,FALSE,FALSE,TRUE,TRUE,FALSE,FALSE,0.05438727140426636,8480009,55,15
2023020645,1054,even-strength,80,4,FALSE,FALSE,TRUE,FALSE,FALSE,FALSE,0,8476826,55,15
2023020645,1055,even-strength,84,-15,FALSE,FALSE,TRUE,FALSE,FALSE,FALSE,0,8477416,55,15
2023020645,1065,even-strength,78,4,FALSE,FALSE,TRUE,TRUE,FALSE,FALSE,0.13431203365325928,8474586,55,15
2023020683,111,even-strength,75,24,FALSE,FALSE,TRUE,FALSE,FALSE,FALSE,0,8475764,24,15
2023020683,139,even-strength,78,-5,TRUE,FALSE,TRUE,TRUE,TRUE,FALSE,0.09862959384918212,8480806,24,15
2023020683,148,power-play,70,3,FALSE,FALSE,TRUE,FALSE,FALSE,FALSE,0,8481605,24,15
2023020683,149,power-play,64,-23,FALSE,FALSE,TRUE,TRUE,TRUE,FALSE,0.04512101411819458,8484153,24,15
2023020683,151,even-strength,59,-9,TRUE,FALSE,TRUE,TRUE,FALSE,FALSE,0.04356437921524048,8475164,24,15
2023020683,163,even-strength,78,-10,FALSE,FALSE,TRUE,TRUE,FALSE,FALSE,0.05736786127090454,8480184,24,15
2023020683,164,even-strength,87,27,FALSE,FALSE,TRUE,TRUE,FALSE,FALSE,0.01635688543319702,8480950,24,15
2023020683,169,even-strength,79,-3,FALSE,TRUE,TRUE,TRUE,TRUE,FALSE,0.05627620220184326,8473986,24,15
2023020683,206,power-play,72,13,FALSE,FALSE,TRUE,FALSE,FALSE,FALSE,0,8475164,24,15
2023020683,231,even-strength,67,19,FALSE,FALSE,TRUE,FALSE,FALSE,FALSE,0,8475764,24,15
2023020683,238,even-strength,81,-7,FALSE,FALSE,TRUE,FALSE,FALSE,FALSE,0,8480950,24,15
2023020683,479,even-strength,77,2,FALSE,FALSE,TRUE,FALSE,FALSE,FALSE,0,8474641,24,15
2023020683,491,even-strength,59,-30,FALSE,FALSE,TRUE,TRUE,TRUE,FALSE,0.01924406231150992,8473986,24,15
2023020683,501,even-strength,76,22,FALSE,FALSE,TRUE,FALSE,FALSE,FALSE,0,8480001,24,15
2023020683,506,even-strength,79,-2,TRUE,FALSE,TRUE,FALSE,FALSE,FALSE,0,8477462,24,15
2023020683,560,even-strength,60,-25,FALSE,FALSE,TRUE,TRUE,FALSE,FALSE,0.05053198337554931,8478873,24,15
2023020683,579,even-strength,46,-10,FALSE,FALSE,TRUE,TRUE,TRUE,FALSE,0.0554584264755249,8475842,24,15
2023020683,580,even-strength,87,-13,TRUE,FALSE,TRUE,FALSE,FALSE,FALSE,0,8475842,24,15
2023020683,587,even-strength,39,35,FALSE,FALSE,TRUE,TRUE,TRUE,FALSE,0.01374876499176025,8477462,24,15
2023020683,614,penalty-kill,-67,1,FALSE,FALSE,TRUE,TRUE,TRUE,FALSE,8.965919787192785e-4,8475764,24,15
2023020683,627,penalty-kill,81,-1,FALSE,FALSE,TRUE,TRUE,TRUE,FALSE,0.25519439953743933,8473986,24,15
2023020683,650,even-strength,51,-9,FALSE,FALSE,TRUE,TRUE,TRUE,FALSE,0.07420819997787476,8480870,24,15
2023020683,654,even-strength,66,31,FALSE,FALSE,TRUE,FALSE,FALSE,FALSE,0,8482745,24,15
2023020683,681,even-strength,63,-29,FALSE,FALSE,TRUE,TRUE,TRUE,FALSE,0.0166139006614685,8475164,24,15
2023020683,709,power-play,71,27,FALSE,FALSE,TRUE,TRUE,TRUE,FALSE,0.06166070699691772,8476458,24,15
2023020683,711,power-play,79,7,FALSE,FALSE,TRUE,FALSE,FALSE,FALSE,0,8475764,24,15
2023020683,712,power-play,50,1,FALSE,FALSE,TRUE,FALSE,FALSE,FALSE,0,8475764,24,15
2023020683,713,power-play,64,-30,FALSE,FALSE,TRUE,TRUE,FALSE,FALSE,0.05972659587860107,8478366,24,15
2023020683,719,even-strength,84,-6,FALSE,FALSE,TRUE,FALSE,FALSE,FALSE,0,8484153,24,15
2023020683,720,even-strength,37,-1,FALSE,FALSE,TRUE,TRUE,TRUE,FALSE,0.02431303262710571,8477462,24,15
2023020683,722,even-strength,75,-6,FALSE,FALSE,TRUE,TRUE,FALSE,FALSE,0.07839149236679077,8478873,24,15
2023020683,723,even-strength,71,-6,FALSE,FALSE,TRUE,FALSE,FALSE,FALSE,0,8477462,24,15
2023020683,750,even-strength,76,12,FALSE,FALSE,TRUE,TRUE,TRUE,FALSE,0.05076545476913452,8475164,24,15
2023020683,754,even-strength,72,9,FALSE,FALSE,TRUE,FALSE,FALSE,FALSE,0,8480806,24,15
2023020683,763,even-strength,82,-7,FALSE,FALSE,TRUE,FALSE,FALSE,FALSE,0,8473986,24,15
2023020683,765,even-strength,74,38,FALSE,FALSE,TRUE,TRUE,TRUE,FALSE,0.00565987825393676,8475764,24,15
2023020683,878,even-strength,48,-4,FALSE,FALSE,TRUE,FALSE,FALSE,FALSE,0,8482745,24,15
2023020683,882,even-strength,7,-25,FALSE,FALSE,TRUE,TRUE,TRUE,FALSE,0.00166600942611694,8480950,24,15
2023020683,893,even-strength,51,18,FALSE,FALSE,TRUE,TRUE,FALSE,FALSE,0.03096872568130493,8478873,24,15
2023020683,894,even-strength,43,-38,FALSE,FALSE,TRUE,TRUE,FALSE,FALSE,0.00454556941986084,8473986,24,15
2023020683,898,even-strength,53,-35,FALSE,FALSE,TRUE,TRUE,TRUE,FALSE,0.00322514772415161,8480184,24,15
2023020683,951,even-strength,39,35,FALSE,FALSE,TRUE,TRUE,FALSE,FALSE,0.00924170017242431,8480001,24,15
2023020683,959,even-strength,85,-19,FALSE,FALSE,TRUE,TRUE,TRUE,FALSE,0.03504163026809692,8478873,24,15
2023020683,965,even-strength,82,-13,FALSE,FALSE,TRUE,TRUE,FALSE,FALSE,0.03396594524383545,8478873,24,15
2023020683,966,even-strength,59,34,FALSE,FALSE,TRUE,TRUE,TRUE,FALSE,0.01372581720352172,8477462,24,15
2023020683,967,even-strength,65,-8,FALSE,FALSE,TRUE,TRUE,FALSE,FALSE,0.11461806297302246,8484153,24,15
2023020683,972,even-strength,78,4,FALSE,FALSE,TRUE,TRUE,FALSE,FALSE,0.09741675853729248,8480806,24,15
2023020683,981,even-strength,50,-31,FALSE,FALSE,TRUE,FALSE,FALSE,FALSE,0,8482745,24,15
2023020683,989,even-strength,81,-11,FALSE,FALSE,TRUE,TRUE,TRUE,FALSE,0.04957091808319092,8477527,24,15
2023020683,1013,even-strength,50,-28,FALSE,FALSE,TRUE,FALSE,FALSE,FALSE,0,8482745,24,15
2023020683,1014,even-strength,82,-9,FALSE,FALSE,TRUE,TRUE,TRUE,FALSE,0.01882314682006836,8482745,24,15
2023020683,1019,even-strength,32,24,FALSE,FALSE,TRUE,TRUE,TRUE,FALSE,0.01038545370101928,8480001,24,15
2023020683,1023,even-strength,35,23,FALSE,FALSE,TRUE,TRUE,TRUE,FALSE,6.871223449707031e-4,8475764,24,15
2023020683,1029,even-strength,32,-19,FALSE,FALSE,TRUE,TRUE,FALSE,FALSE,0.02628922462463379,8475764,24,15
2023020683,1030,even-strength,78,-1,FALSE,FALSE,TRUE,FALSE,FALSE,FALSE,0,8475842,24,15
2023020683,1031,even-strength,61,-27,FALSE,FALSE,TRUE,TRUE,FALSE,FALSE,0.0316658616065979,8478873,24,15
2023020683,1037,even-strength,49,1,TRUE,FALSE,TRUE,FALSE,FALSE,FALSE,0,8475764,24,15
2023020683,1038,even-strength,76,12,FALSE,FALSE,TRUE,FALSE,FALSE,FALSE,0,8478873,24,15
2023020683,1046,even-strength,42,1,FALSE,FALSE,TRUE,TRUE,TRUE,FALSE,0.02055096626281738,8478366,24,15
2023020683,1047,even-strength,30,-15,FALSE,FALSE,TRUE,TRUE,TRUE,FALSE,0.03132122755050659,8475164,24,15
2023020683,1052,even-strength,55,33,FALSE,FALSE,TRUE,TRUE,FALSE,FALSE,0.0449036955833435,8478873,24,15
2023020683,1053,even-strength,66,-18,FALSE,FALSE,TRUE,FALSE,FALSE,FALSE,0,8478873,24,15
2023020734,116,even-strength,40,-32,FALSE,FALSE,TRUE,FALSE,FALSE,FALSE,0,8482122,30,15
2023020734,118,even-strength,33,29,FALSE,FALSE,TRUE,TRUE,TRUE,FALSE,0.00918364524841308,8476463,30,15
2023020734,120,even-strength,42,-19,FALSE,FALSE,TRUE,TRUE,FALSE,FALSE,0.01586353778839111,8475692,30,15
2023020734,121,even-strength,86,6,FALSE,TRUE,TRUE,TRUE,TRUE,TRUE,0.36335504055023193,8482122,30,15
2023020734,150,even-strength,72,28,FALSE,FALSE,TRUE,FALSE,FALSE,FALSE,0,8481557,30,15
2023020734,154,even-strength,31,-36,FALSE,FALSE,TRUE,TRUE,FALSE,FALSE,0.00529676675796508,8478864,30,15
2023020734,198,even-strength,80,23,FALSE,FALSE,TRUE,TRUE,TRUE,FALSE,0.03318154811859131,8479520,30,15
2023020734,201,even-strength,86,-3,FALSE,TRUE,TRUE,TRUE,TRUE,TRUE,0.5707094073295593,8475220,30,15
2023020734,205,even-strength,83,3,FALSE,FALSE,TRUE,TRUE,FALSE,FALSE,0.1300247311592102,8475220,30,15
2023020734,207,power-play,82,1,FALSE,FALSE,TRUE,TRUE,TRUE,FALSE,0.15958088636398315,8477451,30,15
2023020734,209,even-strength,44,-2,FALSE,FALSE,TRUE,FALSE,FALSE,FALSE,0,8474567,30,15
2023020734,310,even-strength,39,38,FALSE,FALSE,TRUE,TRUE,TRUE,FALSE,0.01466327905654907,8476463,30,15
2023020734,322,even-strength,62,-25,TRUE,FALSE,TRUE,FALSE,FALSE,FALSE,0,8481557,30,15
2023020734,323,even-strength,69,-38,FALSE,FALSE,TRUE,TRUE,FALSE,FALSE,0.00847840309143066,8478493,30,15
2023020734,363,even-strength,82,4,FALSE,FALSE,TRUE,TRUE,TRUE,FALSE,0.11795306205749512,8479520,30,15
2023020734,364,even-strength,83,7,FALSE,TRUE,TRUE,TRUE,TRUE,FALSE,0.2825085520744324,8477919,30,15
2023020734,371,power-play,51,-14,FALSE,FALSE,TRUE,TRUE,TRUE,FALSE,0.04425984621047973,8481557,30,15
2023020734,375,power-play,32,0,FALSE,FALSE,TRUE,TRUE,FALSE,FALSE,0.04904013872146606,8482122,30,15
2023020734,396,even-strength,55,27,FALSE,FALSE,TRUE,TRUE,FALSE,FALSE,0.01487505435943603,8476463,30,15
2023020734,451,even-strength,75,-7,FALSE,FALSE,TRUE,FALSE,FALSE,FALSE,0,8474567,30,15
2023020734,541,even-strength,4,-23,FALSE,FALSE,TRUE,TRUE,FALSE,FALSE,2.880692481994629e-4,8475149,30,15
2023020734,543,even-strength,37,22,FALSE,FALSE,TRUE,FALSE,FALSE,FALSE,0,8474034,30,15
2023020734,550,even-strength,39,8,FALSE,FALSE,TRUE,TRUE,TRUE,FALSE,0.03119468688964843,8478136,30,15
2023020734,601,even-strength,68,-16,FALSE,FALSE,TRUE,FALSE,FALSE,FALSE,0,8478493,30,15
2023020734,603,even-strength,38,-39,FALSE,FALSE,TRUE,TRUE,TRUE,FALSE,0.00775593519210815,8474567,30,15
2023020734,604,even-strength,72,-15,FALSE,FALSE,TRUE,TRUE,TRUE,FALSE,0.04006016254425049,8475220,30,15
2023020734,606,even-strength,46,22,FALSE,FALSE,TRUE,TRUE,TRUE,FALSE,0.03023922443389892,8471274,30,15
2023020734,607,even-strength,84,-7,FALSE,FALSE,TRUE,TRUE,FALSE,FALSE,0.16303211450576782,8481557,30,15
2023020734,622,even-strength,7,-14,FALSE,FALSE,TRUE,TRUE,TRUE,FALSE,0.00325179100036621,8475692,30,15
2023020734,628,even-strength,63,22,FALSE,FALSE,TRUE,TRUE,TRUE,TRUE,0.06598001718521118,8475149,30,15
2023020734,645,even-strength,35,-28,FALSE,FALSE,TRUE,TRUE,TRUE,FALSE,0.02908897399902343,8477541,30,15
2023020734,653,even-strength,82,4,FALSE,FALSE,TRUE,TRUE,TRUE,FALSE,0.17187249660491943,8477451,30,15
2023020734,672,even-strength,65,7,FALSE,FALSE,TRUE,TRUE,TRUE,FALSE,0.13488894701004028,8476463,30,15
2023020734,676,even-strength,73,11,FALSE,FALSE,TRUE,FALSE,FALSE,FALSE,0,8478136,30,15
2023020734,688,even-strength,29,-22,FALSE,FALSE,TRUE,TRUE,FALSE,FALSE,0.01504886150360107,8482122,30,15
2023020734,706,power-play,83,6,FALSE,FALSE,TRUE,TRUE,TRUE,FALSE,0.14571428298950195,8481557,30,15
2023020734,711,power-play,57,-10,FALSE,FALSE,TRUE,FALSE,FALSE,FALSE,0,8478864,30,15
2023020734,712,power-play,79,1,FALSE,FALSE,TRUE,FALSE,FALSE,FALSE,0,8478493,30,15
2023020734,713,power-play,33,-8,FALSE,FALSE,TRUE,TRUE,TRUE,FALSE,0.03968477249145508,8482122,30,15
2023020734,724,even-strength,-11,11,FALSE,FALSE,TRUE,TRUE,TRUE,FALSE,0.00171804428100585,8477451,30,15
2023020734,732,even-strength,28,41,FALSE,FALSE,TRUE,TRUE,TRUE,FALSE,0.00507605075836181,8478136,30,15
2023020734,750,even-strength,58,5,FALSE,FALSE,TRUE,TRUE,TRUE,FALSE,0.11593377590179443,8475692,30,15
2023020734,763,even-strength,56,-9,FALSE,FALSE,TRUE,TRUE,TRUE,TRUE,0.10350072383880617,8478493,30,15
2023020734,788,even-strength,60,-29,FALSE,FALSE,TRUE,TRUE,FALSE,FALSE,0.01414382457733154,8478864,30,15
2023020734,859,even-strength,48,12,FALSE,FALSE,TRUE,TRUE,FALSE,FALSE,0.06386804580688477,8477541,30,15
2023020734,903,even-strength,49,-26,FALSE,FALSE,TRUE,TRUE,TRUE,FALSE,5.510449409484863e-4,8475149,30,15
2023020734,922,even-strength,65,19,FALSE,FALSE,TRUE,FALSE,FALSE,FALSE,0,8476463,30,15
2023020734,936,even-strength,79,20,FALSE,FALSE,TRUE,TRUE,TRUE,FALSE,0.03897637128829956,8478493,30,15
2023020734,943,even-strength,78,20,TRUE,FALSE,TRUE,TRUE,TRUE,FALSE,0.00421738624572753,8474034,30,15
2023020734,949,even-strength,85,-8,FALSE,FALSE,TRUE,TRUE,TRUE,FALSE,0.1343579888343811,8474034,30,15
2023020734,952,even-strength,61,-11,FALSE,FALSE,TRUE,TRUE,TRUE,TRUE,0.14558929204940796,8475149,30,15
2023020734,957,even-strength,51,17,FALSE,FALSE,TRUE,FALSE,FALSE,FALSE,0,8478136,30,15
2023020734,995,even-strength,31,30,FALSE,FALSE,TRUE,TRUE,TRUE,FALSE,0.00344300270080566,8471274,30,15
2023020789,205,even-strength,54,-9,FALSE,FALSE,TRUE,TRUE,FALSE,FALSE,0.08378660678863525,8479330,8,15
2023020789,206,even-strength,2,39,FALSE,FALSE,TRUE,TRUE,TRUE,FALSE,0.00259190797805786,8482087,8,15
2023020789,258,even-strength,36,3,FALSE,FALSE,TRUE,TRUE,FALSE,FALSE,0.02049869298934936,8476875,8,15
2023020789,270,even-strength,55,-3,FALSE,FALSE,TRUE,FALSE,FALSE,FALSE,0,8478133,8,15
2023020789,506,even-strength,39,21,FALSE,FALSE,TRUE,TRUE,TRUE,FALSE,0.00922656059265136,8481540,8,15
2023020789,508,even-strength,82,11,FALSE,TRUE,TRUE,TRUE,TRUE,FALSE,0.02491289377212524,8481540,8,15
2023020789,510,even-strength,80,-3,FALSE,FALSE,TRUE,TRUE,FALSE,FALSE,0.1104314923286438,8483515,8,15
2023020789,523,even-strength,62,-14,FALSE,FALSE,TRUE,TRUE,TRUE,FALSE,0.11673241853713988,8476981,8,15
2023020789,528,even-strength,66,-17,FALSE,FALSE,TRUE,TRUE,TRUE,FALSE,0.00272351503372192,8481540,8,15
2023020789,571,power-play,79,-7,FALSE,FALSE,TRUE,FALSE,FALSE,FALSE,0,8483515,8,15
2023020789,578,power-play,67,38,FALSE,FALSE,TRUE,TRUE,TRUE,FALSE,0.04330563545227051,8481058,8,15
2023020789,582,power-play,68,24,FALSE,FALSE,TRUE,TRUE,TRUE,FALSE,0.05719947814941406,8475233,8,15
2023020789,590,even-strength,31,-19,FALSE,FALSE,TRUE,TRUE,TRUE,FALSE,0.0112280249595642,8481593,8,15
2023020789,611,even-strength,56,-37,FALSE,FALSE,TRUE,TRUE,TRUE,FALSE,4.590749740600586e-4,8476469,8,15
2023020789,733,even-strength,69,-14,FALSE,FALSE,TRUE,TRUE,FALSE,FALSE,0.1970939040184021,8480018,8,15
2023020789,744,even-strength,84,-19,FALSE,FALSE,TRUE,TRUE,TRUE,FALSE,0.01085364818572998,8476469,8,15
2023020789,745,even-strength,66,11,FALSE,FALSE,TRUE,TRUE,FALSE,FALSE,0.05883568525314331,8476469,8,15
2023020789,753,even-strength,79,0,FALSE,FALSE,TRUE,FALSE,FALSE,FALSE,0,8476981,8,15
2023020789,774,even-strength,81,4,FALSE,FALSE,TRUE,FALSE,FALSE,FALSE,0,8478133,8,15
2023020789,795,even-strength,50,-35,FALSE,FALSE,TRUE,TRUE,TRUE,FALSE,0.00494122505187988,8475233,8,15
2023020789,803,even-strength,56,28,FALSE,FALSE,TRUE,FALSE,FALSE,FALSE,0,8478133,8,15
2023020789,819,even-strength,59,-7,TRUE,FALSE,TRUE,TRUE,TRUE,FALSE,0.15173256397247314,8483515,8,15
2023020789,820,even-strength,59,-17,FALSE,FALSE,TRUE,TRUE,FALSE,FALSE,0.08864092826843262,8481540,8,15
2023020789,831,even-strength,27,36,FALSE,FALSE,TRUE,TRUE,TRUE,FALSE,0.00769287347793579,8481593,8,15
2023020789,835,even-strength,35,9,FALSE,FALSE,TRUE,TRUE,TRUE,FALSE,0.03967577219009399,8480192,8,15
2023020789,837,even-strength,64,-28,FALSE,FALSE,TRUE,TRUE,TRUE,FALSE,0.02525973320007324,8476469,8,15
2023020789,1063,even-strength,71,12,FALSE,FALSE,TRUE,TRUE,TRUE,TRUE,0.27680823369196,8483515,8,15
2023020789,1096,power-play,65,-22,FALSE,FALSE,TRUE,TRUE,TRUE,TRUE,0.08344471454620361,8483515,8,15
2023020795,104,even-strength,69,9,FALSE,FALSE,TRUE,TRUE,TRUE,FALSE,0.10202783346176147,8477493,13,15
2023020795,158,even-strength,77,0,FALSE,FALSE,TRUE,TRUE,TRUE,FALSE,0.08196794986724854,8479981,13,15
2023020795,160,even-strength,35,-15,FALSE,FALSE,TRUE,TRUE,TRUE,FALSE,0.01534610986709594,8477986,13,15
2023020795,161,even-strength,60,6,FALSE,FALSE,TRUE,FALSE,FALSE,FALSE,0,8477493,13,15
2023020795,163,even-strength,31,16,FALSE,FALSE,TRUE,TRUE,TRUE,FALSE,0.00536692142486572,8475171,13,15
2023020795,164,even-strength,75,-8,FALSE,FALSE,TRUE,TRUE,TRUE,FALSE,0.1432669162750244,8478542,13,15
2023020795,165,even-strength,59,-15,FALSE,FALSE,TRUE,FALSE,FALSE,FALSE,0,8477986,13,15
2023020795,177,power-play,31,-23,FALSE,FALSE,TRUE,TRUE,TRUE,FALSE,0.02669048309326172,8477986,13,15
2023020795,180,power-play,47,-9,FALSE,FALSE,TRUE,FALSE,FALSE,FALSE,0,8477986,13,15
2023020795,195,power-play,43,-15,FALSE,FALSE,TRUE,TRUE,TRUE,FALSE,0.04508960247039795,8477932,13,15
2023020795,196,power-play,80,-2,FALSE,FALSE,TRUE,TRUE,TRUE,FALSE,0.11212897300720216,8482113,13,15
2023020795,197,power-play,83,-2,FALSE,TRUE,TRUE,TRUE,TRUE,FALSE,0.04804635047912598,8477932,13,15
2023020795,201,even-strength,80,-14,FALSE,FALSE,TRUE,TRUE,FALSE,FALSE,0.02413827180862426,8480185,13,15
2023020795,204,power-play,86,21,FALSE,FALSE,TRUE,TRUE,FALSE,FALSE,0.05118423700332641,8479314,13,15
2023020795,210,power-play,74,-3,FALSE,FALSE,TRUE,FALSE,FALSE,FALSE,0,8477986,13,15
2023020795,212,even-strength,33,32,FALSE,FALSE,TRUE,FALSE,FALSE,FALSE,0,8478542,13,15
2023020795,214,even-strength,50,22,FALSE,FALSE,TRUE,FALSE,FALSE,FALSE,0,8478542,13,15
2023020795,218,even-strength,66,28,FALSE,FALSE,TRUE,FALSE,FALSE,FALSE,0,8477493,13,15
2023020795,219,even-strength,61,0,FALSE,FALSE,TRUE,FALSE,FALSE,FALSE,0,8478542,13,15
2023020795,220,even-strength,68,2,FALSE,FALSE,TRUE,TRUE,FALSE,FALSE,0.00284278392791748,8477933,13,15
2023020795,223,even-strength,84,-7,FALSE,TRUE,TRUE,TRUE,TRUE,FALSE,0.11612999439239502,8478831,13,15
2023020795,224,even-strength,89,-6,FALSE,FALSE,TRUE,TRUE,FALSE,FALSE,0.0243188738822937,8479314,13,15
2023020795,264,even-strength,40,-2,FALSE,FALSE,TRUE,TRUE,TRUE,FALSE,0.0333489179611206,8477932,13,15
2023020795,270,even-strength,32,9,TRUE,FALSE,TRUE,TRUE,TRUE,FALSE,0.02010071277618408,8475179,13,15
2023020795,287,power-play,59,-15,FALSE,FALSE,TRUE,FALSE,FALSE,FALSE,0,8477935,13,15
2023020795,288,power-play,30,1,FALSE,FALSE,TRUE,TRUE,FALSE,FALSE,0.0321616530418396,8477932,13,15
2023020795,323,even-strength,78,2,FALSE,FALSE,TRUE,TRUE,FALSE,FALSE,0.2583070397377014,8477935,13,15
2023020795,324,even-strength,88,17,FALSE,FALSE,TRUE,TRUE,TRUE,FALSE,0.11221873760223389,8475179,13,15
2023020795,433,power-play,72,9,FALSE,FALSE,TRUE,FALSE,FALSE,FALSE,0,8477409,13,15
2023020795,439,power-play,36,16,FALSE,FALSE,TRUE,TRUE,TRUE,FALSE,0.04189407825469971,8477986,13,15
2023020795,443,power-play,88,-14,FALSE,FALSE,TRUE,TRUE,TRUE,FALSE,0.07017672061920166,8479314,13,15
2023020795,451,power-play,80,-2,FALSE,TRUE,TRUE,TRUE,TRUE,FALSE,0.16310304403305054,8477932,13,15
2023020795,452,even-strength,86,6,FALSE,FALSE,TRUE,TRUE,FALSE,FALSE,0.09236907958984376,8479314,13,15
2023020795,455,even-strength,90,-5,TRUE,FALSE,TRUE,TRUE,FALSE,FALSE,0.01603078842163086,8480185,13,15
2023020795,457,even-strength,80,-2,FALSE,TRUE,TRUE,FALSE,FALSE,FALSE,0,8477986,13,15
2023020795,458,even-strength,82,-2,FALSE,TRUE,TRUE,FALSE,FALSE,FALSE,0,8478831,13,15
2023020795,556,even-strength,76,19,FALSE,FALSE,TRUE,FALSE,FALSE,FALSE,0,8476393,13,15
2023020795,559,even-strength,56,12,FALSE,FALSE,TRUE,FALSE,FALSE,FALSE,0,8478831,13,15
2023020795,563,even-strength,66,29,FALSE,FALSE,TRUE,FALSE,FALSE,FALSE,0,8477933,13,15
2023020795,573,even-strength,80,-1,TRUE,FALSE,TRUE,TRUE,TRUE,TRUE,0.35813552141189575,8479314,13,15
2023020795,577,even-strength,2,-3,FALSE,FALSE,TRUE,TRUE,TRUE,FALSE,9.40859317779541e-4,8478831,13,15
2023020795,589,even-strength,36,9,FALSE,FALSE,TRUE,TRUE,TRUE,FALSE,0.0233728289604187,8477932,13,15
2023020795,653,even-strength,36,19,FALSE,FALSE,TRUE,TRUE,TRUE,FALSE,0.03439825773239136,8478859,13,15
2023020795,655,even-strength,45,2,FALSE,FALSE,TRUE,FALSE,FALSE,FALSE,0,8478859,13,15
2023020795,659,even-strength,32,-15,FALSE,FALSE,TRUE,TRUE,FALSE,FALSE,0.02316415309906006,8479066,13,15
2023020795,669,power-play,70,-8,FALSE,FALSE,TRUE,TRUE,FALSE,FALSE,0.11790961027145386,8477933,13,15
2023020795,672,power-play,27,40,FALSE,FALSE,TRUE,TRUE,FALSE,FALSE,0.0243111252784729,8477409,13,15
2023020795,676,power-play,51,-28,FALSE,FALSE,TRUE,TRUE,FALSE,FALSE,0.04902255535125732,8475171,13,15
2023020795,679,power-play,44,-9,FALSE,FALSE,TRUE,TRUE,FALSE,FALSE,0.06530416011810303,8477932,13,15
2023020795,683,even-strength,41,-35,FALSE,FALSE,TRUE,TRUE,TRUE,FALSE,0.00736796855926513,8477932,13,15
2023020795,691,even-strength,82,19,FALSE,FALSE,TRUE,FALSE,FALSE,FALSE,0,8476393,13,15
2023020795,692,even-strength,48,38,FALSE,TRUE,TRUE,TRUE,TRUE,FALSE,0.0111933946609497,8478055,13,15
2023020795,693,even-strength,26,-30,FALSE,TRUE,TRUE,TRUE,TRUE,FALSE,0.00556594133377075,8477932,13,15
2023020795,706,even-strength,79,-20,FALSE,FALSE,TRUE,TRUE,TRUE,FALSE,0.09484511613845824,8477933,13,15
2023020795,713,even-strength,66,-13,FALSE,FALSE,TRUE,TRUE,TRUE,FALSE,0.16518324613571167,8479981,13,15
2023020795,714,even-strength,28,-22,TRUE,FALSE,TRUE,TRUE,FALSE,FALSE,0.01789069175720215,8475179,13,15
2023020795,724,even-strength,83,-6,FALSE,FALSE,TRUE,TRUE,FALSE,FALSE,0.08452081680297852,8477409,13,15
2023020795,747,power-play,77,0,FALSE,FALSE,TRUE,TRUE,TRUE,TRUE,0.12303835153579712,8477933,13,15
2023020795,784,even-strength,80,-5,FALSE,FALSE,TRUE,TRUE,TRUE,FALSE,0.08183407783508301,8479314,13,15
2023020795,785,even-strength,82,-4,FALSE,TRUE,TRUE,TRUE,FALSE,FALSE,0.04673349857330322,8479314,13,15
2023020795,786,even-strength,88,4,FALSE,TRUE,TRUE,TRUE,FALSE,FALSE,0.02259302139282226,8477935,13,15
2023020795,796,even-strength,70,14,FALSE,FALSE,TRUE,TRUE,TRUE,FALSE,0.10225427150726318,8482113,13,15
2023020795,797,even-strength,79,9,FALSE,FALSE,TRUE,FALSE,FALSE,FALSE,0,8482113,13,15
2023020795,798,even-strength,78,-3,FALSE,TRUE,TRUE,TRUE,TRUE,FALSE,0.13491588830947876,8475171,13,15
2023020795,853,even-strength,56,19,FALSE,FALSE,TRUE,FALSE,FALSE,FALSE,0,8479981,13,15
2023020795,962,even-strength,44,19,FALSE,FALSE,TRUE,FALSE,FALSE,FALSE,0,8478055,13,15
2023020795,966,even-strength,79,1,FALSE,FALSE,TRUE,FALSE,FALSE,FALSE,0,8475171,13,15
2023020795,976,even-strength,66,-37,FALSE,FALSE,TRUE,FALSE,FALSE,FALSE,0,8478542,13,15
2023020795,988,even-strength,86,7,FALSE,FALSE,TRUE,TRUE,TRUE,FALSE,0.06507283449172974,8479981,13,15
2023020795,989,even-strength,70,-1,FALSE,TRUE,TRUE,TRUE,TRUE,FALSE,0.02671456336975097,8478831,13,15
2023020795,990,even-strength,75,8,FALSE,FALSE,TRUE,FALSE,FALSE,FALSE,0,8479981,13,15
2023020795,991,even-strength,81,0,FALSE,FALSE,TRUE,TRUE,TRUE,FALSE,0.12574726343154907,8478831,13,15
2023020795,992,even-strength,70,7,FALSE,FALSE,TRUE,FALSE,FALSE,FALSE,0,8478055,13,15
2023020795,993,even-strength,50,5,FALSE,FALSE,TRUE,FALSE,FALSE,FALSE,0,8477932,13,15
2023020795,994,even-strength,33,-2,FALSE,FALSE,TRUE,TRUE,FALSE,FALSE,0.02650302648544311,8478055,13,15
2023020795,999,even-strength,25,15,FALSE,FALSE,TRUE,TRUE,FALSE,FALSE,0.00873804092407226,8477493,13,15
2023020795,1003,even-strength,76,-6,FALSE,FALSE,TRUE,FALSE,FALSE,FALSE,0,8477935,13,15
2023020795,1004,even-strength,54,-12,FALSE,TRUE,TRUE,TRUE,TRUE,FALSE,0.06459438800811768,8477986,13,15
2023020795,1005,even-strength,44,30,FALSE,FALSE,TRUE,FALSE,FALSE,FALSE,0,8478859,13,15
2023020795,1010,even-strength,68,-32,FALSE,FALSE,TRUE,TRUE,TRUE,FALSE,0.00828826427459716,8477986,13,15
2023020795,1011,even-strength,80,7,FALSE,TRUE,TRUE,FALSE,FALSE,FALSE,0,8479314,13,15
2023020795,1022,even-strength,44,31,FALSE,FALSE,TRUE,TRUE,TRUE,FALSE,0.00822317600250244,8478542,13,15
2023020795,1037,even-strength,63,14,FALSE,FALSE,TRUE,TRUE,TRUE,FALSE,0.08237361907958984,8475171,13,15
2023020795,1038,even-strength,29,4,FALSE,FALSE,TRUE,TRUE,TRUE,FALSE,0.01782160997390747,8475171,13,15
2023020795,1039,even-strength,84,-8,FALSE,TRUE,TRUE,TRUE,TRUE,FALSE,0.04518240690231323,8478831,13,15
2023020795,1040,even-strength,61,4,TRUE,FALSE,TRUE,TRUE,TRUE,TRUE,0.25259536504745483,8479066,13,15
2023020795,1056,even-strength,79,0,FALSE,FALSE,TRUE,TRUE,TRUE,FALSE,0.14792031049728394,8477935,13,15
2023020818,117,even-strength,50,34,FALSE,FALSE,TRUE,TRUE,TRUE,FALSE,0.00780946016311645,8478017,23,15
2023020818,130,even-strength,33,0,FALSE,FALSE,TRUE,FALSE,FALSE,FALSE,0,8474574,23,15
2023020818,135,even-strength,88,-16,FALSE,FALSE,TRUE,TRUE,TRUE,FALSE,0.00893944501876831,8481535,23,15
2023020818,153,power-play,80,1,FALSE,FALSE,TRUE,TRUE,TRUE,FALSE,0.12293028831481934,8478057,23,15
2023020818,156,power-play,81,1,FALSE,TRUE,TRUE,TRUE,TRUE,FALSE,0.07530796527862549,8478057,23,15
2023020818,158,even-strength,73,1,FALSE,FALSE,TRUE,TRUE,FALSE,FALSE,0.32440245151519775,8478057,23,15
2023020818,169,even-strength,66,-5,FALSE,TRUE,TRUE,TRUE,TRUE,FALSE,0.07210826873779297,8478444,23,15
2023020818,214,even-strength,60,8,FALSE,FALSE,TRUE,TRUE,FALSE,FALSE,0.05035871267318725,8478444,23,15
2023020818,215,even-strength,54,-4,FALSE,FALSE,TRUE,TRUE,FALSE,FALSE,0.09582972526550292,8477496,23,15
2023020818,216,even-strength,73,19,FALSE,TRUE,TRUE,TRUE,TRUE,FALSE,0.0934845209121704,8480800,23,15
2023020818,265,even-strength,38,-37,FALSE,FALSE,TRUE,FALSE,FALSE,FALSE,0,8479425,23,15
2023020818,266,even-strength,42,-19,FALSE,FALSE,TRUE,FALSE,FALSE,FALSE,0,8479425,23,15
2023020818,282,even-strength,68,-17,FALSE,FALSE,TRUE,TRUE,TRUE,TRUE,0.0170295238494873,8478856,23,15
2023020818,307,even-strength,72,-7,FALSE,FALSE,TRUE,FALSE,FALSE,FALSE,0,8480800,23,15
2023020818,404,power-play,68,-1,FALSE,FALSE,TRUE,FALSE,FALSE,FALSE,0,8479425,23,15
2023020818,406,power-play,85,18,FALSE,FALSE,TRUE,TRUE,TRUE,FALSE,0.09319186210632324,8478856,23,15
2023020818,407,power-play,79,4,FALSE,TRUE,TRUE,TRUE,TRUE,FALSE,0.04597240686416626,8481624,23,15
2023020818,408,power-play,57,21,FALSE,FALSE,TRUE,TRUE,FALSE,FALSE,0.09146589040756226,8479425,23,15
2023020818,409,power-play,75,-2,FALSE,FALSE,TRUE,FALSE,FALSE,FALSE,0,8479425,23,15
2023020818,464,even-strength,63,-1,FALSE,FALSE,TRUE,TRUE,TRUE,FALSE,0.2581602931022644,8476468,23,15
2023020818,473,even-strength,90,8,FALSE,FALSE,TRUE,TRUE,TRUE,FALSE,0.06080466508865356,8478856,23,15
2023020818,475,even-strength,46,13,FALSE,FALSE,TRUE,TRUE,FALSE,FALSE,0.0669371485710144,8480800,23,15
2023020818,503,penalty-kill,67,-13,FALSE,FALSE,TRUE,TRUE,TRUE,FALSE,0.22961613975241385,8481624,23,15
2023020818,520,even-strength,80,-7,FALSE,FALSE,TRUE,FALSE,FALSE,FALSE,0,8480800,23,15
2023020818,523,even-strength,55,7,FALSE,FALSE,TRUE,FALSE,FALSE,FALSE,0,8480800,23,15
2023020818,524,even-strength,29,-20,TRUE,FALSE,TRUE,TRUE,TRUE,FALSE,0.01741516590118408,8476468,23,15
2023020818,525,even-strength,69,-1,FALSE,FALSE,TRUE,TRUE,FALSE,FALSE,0.1264776587486267,8477496,23,15
2023020818,526,even-strength,82,11,FALSE,FALSE,TRUE,TRUE,FALSE,FALSE,0.05243790149688721,8477496,23,15
2023020818,528,even-strength,44,1,FALSE,FALSE,TRUE,FALSE,FALSE,FALSE,0,8480800,23,15
2023020818,547,power-play,71,-16,FALSE,FALSE,TRUE,FALSE,FALSE,FALSE,0,8480012,23,15
2023020818,550,power-play,43,-15,FALSE,FALSE,TRUE,TRUE,TRUE,FALSE,0.05000382661819458,8480012,23,15
2023020818,605,power-play,71,15,FALSE,FALSE,TRUE,FALSE,FALSE,FALSE,0,8478444,23,15
2023020818,632,even-strength,84,-7,FALSE,FALSE,TRUE,TRUE,TRUE,TRUE,0.11619412899017334,8481535,23,15
2023020818,637,even-strength,52,-21,FALSE,FALSE,TRUE,TRUE,TRUE,FALSE,0.01159113645553588,8477496,23,15
2023020818,664,even-strength,43,32,FALSE,FALSE,TRUE,FALSE,FALSE,FALSE,0,8480800,23,15
2023020818,669,even-strength,70,-18,FALSE,FALSE,TRUE,TRUE,TRUE,FALSE,0.01391530036926269,8481535,23,15
2023020818,678,even-strength,68,-15,FALSE,FALSE,TRUE,TRUE,TRUE,FALSE,0.0948648452758789,8477496,23,15
2023020818,683,even-strength,40,-15,FALSE,FALSE,TRUE,FALSE,FALSE,FALSE,0,8478454,23,15
2023020818,802,even-strength,-87,-30,FALSE,FALSE,TRUE,TRUE,TRUE,FALSE,0.00103175640106201,8479425,23,15
2023020818,806,even-strength,35,-7,FALSE,FALSE,TRUE,TRUE,TRUE,FALSE,0.02096712589263916,8479425,23,15
2023020818,839,even-strength,50,-25,FALSE,TRUE,TRUE,TRUE,FALSE,FALSE,0.00465750694274902,8481624,23,15
2023020818,866,even-strength,58,23,FALSE,FALSE,TRUE,TRUE,TRUE,FALSE,0.00154089927673339,8478856,23,15
2023020818,868,even-strength,51,22,TRUE,FALSE,TRUE,TRUE,FALSE,FALSE,0.067874014377594,8479425,23,15
2023020818,896,even-strength,68,23,FALSE,FALSE,TRUE,FALSE,FALSE,FALSE,0,8478856,23,15
2023020818,897,even-strength,71,-13,FALSE,TRUE,TRUE,FALSE,FALSE,FALSE,0,8478057,23,15
2023020818,898,even-strength,63,1,FALSE,FALSE,TRUE,TRUE,TRUE,FALSE,0.14567065238952637,8478856,23,15
2023020818,900,even-strength,45,-23,FALSE,FALSE,TRUE,FALSE,FALSE,FALSE,0,8474574,23,15
2023020818,902,even-strength,49,11,FALSE,FALSE,TRUE,FALSE,FALSE,FALSE,0,8478454,23,15
2023020818,912,even-strength,70,-18,FALSE,FALSE,TRUE,TRUE,TRUE,FALSE,0.01326203346252441,8474013,23,15
2023020818,914,even-strength,82,-1,FALSE,FALSE,TRUE,FALSE,FALSE,FALSE,0,8481535,23,15
2023020818,925,even-strength,81,11,TRUE,FALSE,TRUE,FALSE,FALSE,FALSE,0,8476858,23,15
2023020818,938,even-strength,71,14,FALSE,FALSE,TRUE,TRUE,FALSE,FALSE,0.1441112756729126,8476468,23,15
2023020818,941,even-strength,42,31,FALSE,FALSE,TRUE,FALSE,FALSE,FALSE,0,8478444,23,15
2023020818,989,even-strength,71,18,FALSE,FALSE,TRUE,TRUE,TRUE,FALSE,0.02881056070327758,8480012,23,15
2023020818,997,even-strength,79,0,FALSE,FALSE,TRUE,FALSE,FALSE,FALSE,0,8478057,23,15
2023020818,1009,even-strength,60,21,FALSE,FALSE,TRUE,TRUE,TRUE,FALSE,0.04458129405975342,8474013,23,15
2023020818,1023,power-play,83,1,FALSE,FALSE,TRUE,TRUE,TRUE,FALSE,0.1783478856086731,8477496,23,15
2023020818,1028,power-play,74,0,FALSE,FALSE,TRUE,FALSE,FALSE,FALSE,0,8480012,23,15
2023020818,1104,even-strength,52,3,FALSE,FALSE,TRUE,FALSE,FALSE,FALSE,0,8478454,23,15
2023020818,1105,even-strength,87,6,FALSE,FALSE,TRUE,FALSE,FALSE,FALSE,0,8476927,23,15
2023020818,1106,even-strength,85,22,TRUE,TRUE,TRUE,TRUE,FALSE,FALSE,0.03219407796859741,8478057,23,15
2023020818,1113,even-strength,79,-7,FALSE,FALSE,TRUE,FALSE,FALSE,FALSE,0,8477496,23,15
2023020818,1119,even-strength,53,28,FALSE,FALSE,TRUE,TRUE,TRUE,FALSE,0.0276779839667308,8478856,23,15
2023020818,1146,even-strength,80,1,FALSE,FALSE,TRUE,TRUE,TRUE,FALSE,0.26961390935695256,8478444,23,15
2023020818,1159,even-strength,58,-10,FALSE,FALSE,TRUE,FALSE,FALSE,FALSE,0,8480012,23,15
2023020818,1160,even-strength,67,-11,TRUE,FALSE,TRUE,TRUE,TRUE,TRUE,0.15217600167959788,8476468,23,15
2023020857,138,even-strength,60,-15,FALSE,FALSE,TRUE,TRUE,TRUE,FALSE,0.06096416711807251,8481540,8,15
2023020857,151,even-strength,88,5,FALSE,FALSE,TRUE,TRUE,TRUE,FALSE,0.06371355056762695,8480018,8,15
2023020857,152,even-strength,84,4,FALSE,TRUE,TRUE,TRUE,FALSE,FALSE,0.03458517789840698,8481540,8,15
2023020857,153,even-strength,88,4,FALSE,TRUE,TRUE,TRUE,TRUE,FALSE,0.09483581781387328,8483515,8,15
2023020857,156,even-strength,86,6,FALSE,TRUE,TRUE,TRUE,TRUE,FALSE,0.01655304431915283,8481540,8,15
2023020857,157,even-strength,55,24,FALSE,FALSE,TRUE,FALSE,FALSE,FALSE,0,8481540,8,15
2023020857,158,power-play,73,1,FALSE,FALSE,TRUE,FALSE,FALSE,FALSE,0,8481540,8,15
2023020857,164,even-strength,80,4,FALSE,TRUE,TRUE,TRUE,FALSE,FALSE,0.37973105907440186,8481618,8,15
2023020857,169,even-strength,80,-1,FALSE,TRUE,TRUE,FALSE,FALSE,FALSE,0,8483515,8,15
2023020857,171,even-strength,85,-5,FALSE,TRUE,TRUE,TRUE,TRUE,FALSE,0.07719910144805908,8480018,8,15
2023020857,172,even-strength,59,22,FALSE,FALSE,TRUE,FALSE,FALSE,FALSE,0,8481540,8,15
2023020857,173,even-strength,12,27,FALSE,FALSE,TRUE,TRUE,TRUE,FALSE,0.00145447254180908,8483515,8,15
2023020857,175,even-strength,96,5,FALSE,TRUE,TRUE,TRUE,TRUE,FALSE,0.03318792581558227,8480018,8,15
2023020857,178,power-play,66,-24,FALSE,FALSE,TRUE,TRUE,TRUE,FALSE,0.06656891107559204,8483515,8,15
2023020857,180,power-play,81,-5,FALSE,FALSE,TRUE,FALSE,FALSE,FALSE,0,8483515,8,15
2023020857,201,even-strength,38,25,FALSE,FALSE,TRUE,TRUE,TRUE,TRUE,0.03275907039642334,8482964,8,15
2023020857,204,even-strength,10,37,FALSE,FALSE,TRUE,TRUE,TRUE,FALSE,0.00136971473693847,8482964,8,15
2023020857,220,even-strength,75,-11,FALSE,FALSE,TRUE,TRUE,TRUE,FALSE,0.15646153688430786,8483515,8,15
2023020857,259,even-strength,52,-40,FALSE,FALSE,TRUE,TRUE,FALSE,FALSE,0.00500178337097168,8480018,8,15
2023020857,263,even-strength,53,-4,FALSE,FALSE,TRUE,FALSE,FALSE,FALSE,0,8482964,8,15
2023020857,265,even-strength,43,-25,FALSE,FALSE,TRUE,TRUE,TRUE,FALSE,0.00496459007263183,8482964,8,15
2023020857,267,even-strength,47,-22,FALSE,FALSE,TRUE,TRUE,TRUE,FALSE,0.04653149843215942,8480192,8,15
2023020857,282,even-strength,44,29,FALSE,FALSE,TRUE,TRUE,TRUE,FALSE,0.01278948783874511,8481593,8,15
2023020857,284,even-strength,37,2,FALSE,FALSE,TRUE,FALSE,FALSE,FALSE,0,8481593,8,15
2023020857,292,power-play,65,-13,FALSE,FALSE,TRUE,FALSE,FALSE,FALSE,0,8483515,8,15
2023020857,353,power-play,28,4,FALSE,FALSE,TRUE,TRUE,FALSE,FALSE,0.04820579290390014,8482964,8,15
2023020857,365,even-strength,57,12,FALSE,FALSE,TRUE,TRUE,FALSE,FALSE,0.13481265306472778,8479543,8,15
2023020857,377,even-strength,58,28,FALSE,FALSE,TRUE,TRUE,FALSE,FALSE,0.02840280532836914,8480018,8,15
2023020857,381,even-strength,65,21,FALSE,FALSE,TRUE,TRUE,TRUE,FALSE,0.14592885971069336,8482087,8,15
2023020857,382,even-strength,81,5,FALSE,FALSE,TRUE,FALSE,FALSE,FALSE,0,8482087,8,15
2023020857,485,even-strength,69,-21,FALSE,FALSE,TRUE,TRUE,TRUE,FALSE,0.04752534627914429,8481618,8,15
2023020857,509,even-strength,72,-19,FALSE,FALSE,TRUE,FALSE,FALSE,FALSE,0,8481540,8,15
2023020857,537,even-strength,79,-10,FALSE,FALSE,TRUE,TRUE,TRUE,FALSE,0.1414358615875244,8476469,8,15
2023020857,538,even-strength,89,-3,FALSE,TRUE,TRUE,TRUE,FALSE,FALSE,0.1069907546043396,8476469,8,15
2023020857,539,even-strength,51,12,FALSE,FALSE,TRUE,FALSE,FALSE,FALSE,0,8476469,8,15
2023020857,555,even-strength,56,0,FALSE,FALSE,TRUE,TRUE,TRUE,FALSE,0.10469764471054076,8481540,8,15
2023020857,562,even-strength,45,28,FALSE,FALSE,TRUE,FALSE,FALSE,FALSE,0,8479543,8,15
2023020857,568,even-strength,83,18,FALSE,FALSE,TRUE,TRUE,FALSE,FALSE,0.00874775648117065,8475848,8,15
2023020857,579,even-strength,73,9,FALSE,TRUE,TRUE,TRUE,TRUE,FALSE,0.01108139753341674,8483515,8,15
2023020857,596,even-strength,79,-3,FALSE,FALSE,TRUE,TRUE,FALSE,FALSE,0.08783268928527832,8479330,8,15
2023020857,623,even-strength,75,-8,FALSE,FALSE,TRUE,TRUE,TRUE,TRUE,0.21247106790542605,8481618,8,15
2023020857,632,even-strength,29,36,TRUE,FALSE,TRUE,TRUE,FALSE,FALSE,0.00647675991058349,8482964,8,15
2023020857,644,even-strength,83,24,FALSE,FALSE,TRUE,TRUE,TRUE,FALSE,0.04744470119476318,8481540,8,15
2023020857,771,even-strength,48,28,FALSE,FALSE,TRUE,FALSE,FALSE,FALSE,0,8476875,8,15
2023020857,772,even-strength,33,7,FALSE,FALSE,TRUE,FALSE,FALSE,FALSE,0,8476875,8,15
2023020857,783,even-strength,47,10,TRUE,FALSE,TRUE,FALSE,FALSE,FALSE,0,8482964,8,15
2023020857,797,even-strength,51,34,FALSE,FALSE,TRUE,TRUE,TRUE,FALSE,0.00485569238662719,8476981,8,15
2023020857,958,even-strength,62,-29,FALSE,FALSE,TRUE,TRUE,TRUE,FALSE,0.04063093662261963,8481540,8,15
2023020857,960,even-strength,91,16,FALSE,TRUE,TRUE,TRUE,TRUE,FALSE,0.11816567182540894,8481540,8,15
2023020857,961,even-strength,78,4,FALSE,TRUE,TRUE,TRUE,FALSE,FALSE,0.03929764032363891,8483515,8,15
2023020857,979,even-strength,91,31,FALSE,FALSE,TRUE,TRUE,FALSE,FALSE,0.0075768232345581,8478133,8,15
2023020857,1002,power-play,59,18,FALSE,FALSE,TRUE,TRUE,TRUE,TRUE,0.08945459127426147,8480018,8,15
2023020857,1012,even-strength,67,6,FALSE,FALSE,TRUE,FALSE,FALSE,FALSE,0,8481540,8,15
2023020857,1056,even-strength,49,-11,FALSE,FALSE,TRUE,TRUE,FALSE,FALSE,0.04301738739013672,8476875,8,15
2023020857,1068,even-strength,53,-30,FALSE,FALSE,TRUE,TRUE,TRUE,FALSE,0.01149612665176391,8476469,8,15
2023020857,1072,even-strength,82,-4,FALSE,FALSE,TRUE,FALSE,FALSE,FALSE,0,8482087,8,15
2023020857,1091,even-strength,62,31,FALSE,FALSE,TRUE,TRUE,TRUE,FALSE,0.03315216302871704,8476875,8,15
2023020857,1095,even-strength,34,-10,FALSE,FALSE,TRUE,TRUE,FALSE,FALSE,0.03314512968063354,8476875,8,15
2023020857,1096,even-strength,64,-24,FALSE,FALSE,TRUE,TRUE,TRUE,FALSE,0.04895108938217163,8483515,8,15
2023020857,1097,even-strength,80,-3,FALSE,FALSE,TRUE,FALSE,FALSE,FALSE,0,8483515,8,15
2023020857,1104,power-play,33,-7,FALSE,FALSE,TRUE,TRUE,FALSE,FALSE,0.03542655706405639,8476875,8,15
2023020857,1112,power-play,86,18,FALSE,FALSE,TRUE,TRUE,TRUE,FALSE,0.05013459920883179,8476469,8,15
2023020857,1113,power-play,30,12,FALSE,FALSE,TRUE,TRUE,TRUE,FALSE,0.04715979099273681,8476875,8,15
2023020857,1114,power-play,60,-21,FALSE,FALSE,TRUE,TRUE,TRUE,FALSE,0.05992478132247925,8483515,8,15
2023020923,113,even-strength,84,-3,TRUE,FALSE,TRUE,TRUE,TRUE,FALSE,0.02570295333862304,8480801,9,15
2023020923,139,even-strength,80,-12,FALSE,FALSE,TRUE,FALSE,FALSE,FALSE,0,8478469,9,15
2023020923,142,even-strength,50,19,FALSE,FALSE,TRUE,FALSE,FALSE,FALSE,0,8473512,9,15
2023020923,187,even-strength,55,31,TRUE,FALSE,TRUE,TRUE,TRUE,FALSE,0.00513821840286254,8480801,9,15
2023020923,217,even-strength,59,11,TRUE,FALSE,TRUE,TRUE,TRUE,FALSE,0.08089911937713623,8482116,9,15
2023020923,219,even-strength,48,12,FALSE,FALSE,TRUE,TRUE,TRUE,FALSE,0.00461113452911376,8478469,9,15
2023020923,220,even-strength,79,12,FALSE,TRUE,TRUE,TRUE,TRUE,FALSE,0.08333075046539307,8482116,9,15
2023020923,229,even-strength,85,-13,FALSE,FALSE,TRUE,TRUE,TRUE,TRUE,0.07518166303634644,8480208,9,15
2023020923,301,even-strength,61,31,FALSE,FALSE,TRUE,FALSE,FALSE,FALSE,0,8475765,9,15
2023020923,303,even-strength,70,-7,TRUE,FALSE,TRUE,FALSE,FALSE,FALSE,0,8480879,9,15
2023020923,313,even-strength,73,-7,FALSE,FALSE,TRUE,FALSE,FALSE,FALSE,0,8480064,9,15
2023020923,315,even-strength,37,-13,FALSE,FALSE,TRUE,TRUE,FALSE,FALSE,0.0012444257736206,8479345,9,15
2023020923,407,even-strength,57,16,FALSE,FALSE,TRUE,TRUE,FALSE,FALSE,0.0523601770401001,8475765,9,15
2023020923,408,even-strength,48,-25,FALSE,TRUE,TRUE,FALSE,FALSE,FALSE,0,8474612,9,15
2023020923,409,even-strength,76,-3,FALSE,TRUE,TRUE,TRUE,TRUE,TRUE,0.18486660718917847,8481596,9,15
2023020923,439,even-strength,63,39,FALSE,FALSE,TRUE,TRUE,TRUE,FALSE,0.00483131408691406,8479345,9,15
2023020923,470,penalty-kill,-87,-8,FALSE,FALSE,TRUE,TRUE,TRUE,FALSE,0.00196905521080956,8474612,9,15
2023020923,554,even-strength,71,19,FALSE,FALSE,TRUE,TRUE,TRUE,TRUE,0.10606151819229126,8480801,9,15
2023020923,587,even-strength,58,3,FALSE,FALSE,TRUE,FALSE,FALSE,FALSE,0,8482105,9,15
2023020923,588,even-strength,33,-27,FALSE,TRUE,TRUE,TRUE,FALSE,FALSE,0.00308382511138916,8480879,9,15
2023020923,589,even-strength,47,-39,FALSE,FALSE,TRUE,TRUE,TRUE,FALSE,0.00918340682983398,8480879,9,15
2023020923,592,even-strength,62,-21,FALSE,FALSE,TRUE,FALSE,FALSE,FALSE,0,8475765,9,15
2023020923,613,power-play,67,16,FALSE,FALSE,TRUE,FALSE,FALSE,FALSE,0,8482116,9,15
2023020923,614,power-play,80,0,FALSE,TRUE,TRUE,FALSE,FALSE,FALSE,0,8482105,9,15
2023020923,615,power-play,76,5,TRUE,TRUE,TRUE,TRUE,FALSE,FALSE,0.05512464046478271,8481596,9,15
2023020923,622,power-play,60,11,FALSE,FALSE,TRUE,FALSE,FALSE,FALSE,0,8475765,9,15
2023020923,623,power-play,75,13,FALSE,FALSE,TRUE,TRUE,TRUE,FALSE,0.15103882551193237,8475765,9,15
2023020923,628,even-strength,67,-7,FALSE,FALSE,TRUE,FALSE,FALSE,FALSE,0,8481596,9,15
2023020923,649,even-strength,68,-15,FALSE,FALSE,TRUE,TRUE,FALSE,FALSE,0.08778148889541626,8480064,9,15
2023020923,668,even-strength,44,-6,FALSE,FALSE,TRUE,FALSE,FALSE,FALSE,0,8474612,9,15
2023020923,696,even-strength,61,16,FALSE,FALSE,TRUE,FALSE,FALSE,FALSE,0,8480355,9,15
2023020923,700,even-strength,37,5,FALSE,FALSE,TRUE,FALSE,FALSE,FALSE,0,8482116,9,15
2023020923,701,even-strength,77,-38,FALSE,FALSE,TRUE,TRUE,FALSE,FALSE,0.00691336393356323,8478469,9,15
2023020923,702,even-strength,60,0,FALSE,FALSE,TRUE,FALSE,FALSE,FALSE,0,8480073,9,15
2023020923,703,even-strength,77,5,FALSE,FALSE,TRUE,TRUE,TRUE,FALSE,0.06615972518920898,8478472,9,15
2023020923,704,even-strength,78,3,FALSE,FALSE,TRUE,FALSE,FALSE,FALSE,0,8478469,9,15
2023020923,705,even-strength,46,7,FALSE,FALSE,TRUE,FALSE,FALSE,FALSE,0,8478469,9,15
2023020923,718,penalty-kill,76,0,FALSE,FALSE,TRUE,FALSE,FALSE,FALSE,0,8482092,9,15
2023020923,735,even-strength,64,15,FALSE,FALSE,TRUE,TRUE,TRUE,FALSE,0.09605109691619872,8479345,9,15
2023020923,742,even-strength,47,-25,FALSE,FALSE,TRUE,TRUE,TRUE,FALSE,0.00128734111785888,8474612,9,15
2023020923,743,even-strength,63,28,FALSE,FALSE,TRUE,FALSE,FALSE,FALSE,0,8479345,9,15
2023020923,745,even-strength,27,-11,TRUE,FALSE,TRUE,TRUE,FALSE,FALSE,0.01162284612655639,8474612,9,15
2023020923,815,even-strength,35,10,TRUE,FALSE,TRUE,FALSE,FALSE,FALSE,0,8479345,9,15
2023020923,834,even-strength,-60,-41,FALSE,FALSE,TRUE,TRUE,TRUE,FALSE,0.00155597925186157,8473512,9,15
2023020923,915,even-strength,48,-25,FALSE,FALSE,TRUE,FALSE,FALSE,FALSE,0,8478469,9,15
2023020923,933,even-strength,66,15,FALSE,FALSE,TRUE,FALSE,FALSE,FALSE,0,8475765,9,15
2023020923,937,even-strength,66,-13,FALSE,FALSE,TRUE,FALSE,FALSE,FALSE,0,8480801,9,15
2023020923,939,even-strength,72,4,FALSE,TRUE,TRUE,TRUE,TRUE,FALSE,0.01263493299484253,8475765,9,15
2023020923,977,even-strength,31,6,FALSE,FALSE,TRUE,TRUE,TRUE,FALSE,0.02367645502090454,8479345,9,15
2023020923,978,even-strength,52,9,FALSE,FALSE,TRUE,TRUE,TRUE,FALSE,0.06638562679290771,8478472,9,15
2023020923,1003,even-strength,84,-3,FALSE,TRUE,TRUE,FALSE,FALSE,FALSE,0,8475765,9,15
2023020923,1125,even-strength,48,17,FALSE,FALSE,TRUE,FALSE,FALSE,FALSE,0,8482105,9,15
2023020923,1147,even-strength,74,-11,FALSE,FALSE,TRUE,TRUE,FALSE,FALSE,0.05053412914276123,8480801,9,15
2023020923,1161,even-strength,73,-3,FALSE,FALSE,TRUE,FALSE,FALSE,FALSE,0,8478472,9,15
2023020923,1173,even-strength,77,-33,FALSE,FALSE,TRUE,TRUE,TRUE,FALSE,0.00701534748077392,8480355,9,15
2023020923,1183,even-strength,64,10,FALSE,FALSE,TRUE,FALSE,FALSE,FALSE,0,8475765,9,15
2023020923,1184,even-strength,83,0,FALSE,TRUE,TRUE,FALSE,FALSE,FALSE,0,8481596,9,15
2023020923,1185,even-strength,37,35,FALSE,FALSE,TRUE,TRUE,TRUE,FALSE,0.00541538000106811,8482105,9,15
2023020923,1186,even-strength,65,25,FALSE,FALSE,TRUE,FALSE,FALSE,FALSE,0,8475765,9,15
2023021043,103,even-strength,82,7,FALSE,FALSE,TRUE,TRUE,TRUE,FALSE,0.1369307041168213,8475786,22,15
2023021043,107,even-strength,30,-18,FALSE,FALSE,TRUE,TRUE,TRUE,FALSE,0.04056918621063232,8479576,22,15
2023021043,120,power-play,59,0,FALSE,FALSE,TRUE,FALSE,FALSE,FALSE,0,8480803,22,15
2023021043,140,power-play,54,-16,FALSE,FALSE,TRUE,TRUE,TRUE,FALSE,0.0543898344039917,8477934,22,15
2023021043,144,power-play,69,-13,FALSE,FALSE,TRUE,TRUE,TRUE,FALSE,0.13951891660690308,8477934,22,15
2023021043,146,power-play,77,-22,FALSE,FALSE,TRUE,TRUE,FALSE,FALSE,0.1165803074836731,8477934,22,15
2023021043,147,power-play,77,-20,FALSE,FALSE,TRUE,TRUE,TRUE,FALSE,0.12566149234771729,8477934,22,15
2023021043,153,even-strength,84,-5,FALSE,FALSE,TRUE,FALSE,FALSE,FALSE,0,8475786,22,15
2023021043,155,power-play,82,-22,FALSE,FALSE,TRUE,TRUE,TRUE,TRUE,0.11684882640838624,8477934,22,15
2023021043,159,even-strength,79,2,FALSE,FALSE,TRUE,FALSE,FALSE,FALSE,0,8470621,22,15
2023021043,163,even-strength,88,-7,FALSE,TRUE,TRUE,TRUE,TRUE,FALSE,0.01634198427200317,8477406,22,15
2023021043,164,even-strength,86,-8,FALSE,FALSE,TRUE,TRUE,TRUE,FALSE,0.10643094778060912,8477406,22,15
2023021043,167,even-strength,52,-18,TRUE,FALSE,TRUE,TRUE,FALSE,FALSE,0.00995540618896484,8475169,22,15
2023021043,168,even-strength,37,7,FALSE,FALSE,TRUE,TRUE,TRUE,FALSE,0.02222871780395507,8477498,22,15
2023021043,214,even-strength,28,39,FALSE,FALSE,TRUE,TRUE,FALSE,FALSE,0.00473725795745849,8477498,22,15
2023021043,226,power-play,64,10,FALSE,FALSE,TRUE,TRUE,TRUE,TRUE,0.102500319480896,8478402,22,15
2023021043,232,even-strength,72,-24,FALSE,FALSE,TRUE,FALSE,FALSE,FALSE,0,8474641,22,15
2023021043,267,even-strength,81,0,FALSE,FALSE,TRUE,TRUE,TRUE,FALSE,0.20866352319717407,8475786,22,15
2023021043,268,even-strength,84,-3,FALSE,TRUE,TRUE,TRUE,TRUE,TRUE,0.3232805132865906,8475786,22,15
2023021043,272,even-strength,74,2,FALSE,FALSE,TRUE,FALSE,FALSE,FALSE,0,8479442,22,15
2023021043,273,even-strength,80,1,FALSE,FALSE,TRUE,FALSE,FALSE,FALSE,0,8475169,22,15
2023021043,291,even-strength,4,38,FALSE,FALSE,TRUE,TRUE,TRUE,FALSE,5.6862831115722656e-5,8477406,22,15
2023021043,301,power-play,80,6,FALSE,FALSE,TRUE,FALSE,FALSE,FALSE,0,8475169,22,15
2023021043,302,power-play,81,0,FALSE,FALSE,TRUE,TRUE,FALSE,FALSE,0.15017175674438477,8475786,22,15
2023021043,304,even-strength,69,-21,TRUE,FALSE,TRUE,FALSE,FALSE,FALSE,0,8477015,22,15
2023021043,307,even-strength,80,0,FALSE,FALSE,TRUE,FALSE,FALSE,FALSE,0,8477498,22,15
2023021043,435,even-strength,31,29,TRUE,FALSE,TRUE,TRUE,FALSE,FALSE,0.00644958019256591,8477498,22,15
2023021043,519,even-strength,30,35,FALSE,FALSE,TRUE,TRUE,FALSE,FALSE,0.00638085603713989,8480803,22,15
2023021043,532,penalty-kill,68,4,FALSE,FALSE,TRUE,TRUE,TRUE,FALSE,0.1272005080388806,8477406,22,15
2023021043,554,even-strength,81,2,FALSE,FALSE,TRUE,TRUE,TRUE,FALSE,0.17067331075668335,8475786,22,15
2023021043,555,even-strength,82,-10,FALSE,FALSE,TRUE,TRUE,TRUE,FALSE,0.224298357963562,8477934,22,15
2023021043,567,even-strength,37,-29,FALSE,FALSE,TRUE,FALSE,FALSE,FALSE,0,8476879,22,15
2023021043,580,even-strength,45,-30,FALSE,FALSE,TRUE,TRUE,TRUE,FALSE,0.03437483310699463,8479576,22,15
2023021043,585,even-strength,48,-3,FALSE,FALSE,TRUE,FALSE,FALSE,FALSE,0,8480803,22,15
2023021043,611,even-strength,64,36,FALSE,FALSE,TRUE,FALSE,FALSE,FALSE,0,8475169,22,15
2023021043,632,even-strength,83,3,FALSE,FALSE,TRUE,TRUE,TRUE,FALSE,0.2591407895088196,8470621,22,15
2023021043,653,even-strength,70,-11,TRUE,FALSE,TRUE,TRUE,TRUE,TRUE,0.13193148374557495,8475786,22,15
2023021043,665,even-strength,88,-10,TRUE,FALSE,TRUE,TRUE,TRUE,FALSE,0.09470510482788086,8476879,22,15
2023021043,675,even-strength,-11,-34,FALSE,FALSE,TRUE,TRUE,TRUE,FALSE,0.00192022323608398,8470621,22,15
2023021043,695,power-play,54,3,FALSE,FALSE,TRUE,FALSE,FALSE,FALSE,0,8480803,22,15
2023021043,696,power-play,78,-3,FALSE,FALSE,TRUE,TRUE,TRUE,TRUE,0.13703584671020508,8475786,22,15
2023021043,780,even-strength,81,26,FALSE,FALSE,TRUE,TRUE,TRUE,FALSE,0.02908146381378174,8477934,22,15
2023021043,787,penalty-kill,-86,27,FALSE,FALSE,TRUE,TRUE,TRUE,FALSE,0.00304198191516521,8477498,22,15
2023021043,862,even-strength,48,16,FALSE,FALSE,TRUE,TRUE,TRUE,FALSE,0.04965054988861084,8476967,22,15
2023021043,886,even-strength,82,16,TRUE,FALSE,TRUE,FALSE,FALSE,FALSE,0,8480802,22,15
2023021043,903,even-strength,7,38,FALSE,FALSE,TRUE,TRUE,TRUE,FALSE,7.331371307373047e-5,8478402,22,15
2023021043,915,even-strength,56,14,FALSE,FALSE,TRUE,TRUE,TRUE,FALSE,0.10189718008041382,8477998,22,15
2023021043,916,even-strength,64,14,FALSE,FALSE,TRUE,TRUE,TRUE,FALSE,0.1464354395866394,8477934,22,15
2023021043,917,even-strength,68,-5,FALSE,FALSE,TRUE,TRUE,TRUE,TRUE,0.25439131259918213,8477998,22,15
2023021043,922,even-strength,79,1,FALSE,FALSE,TRUE,TRUE,TRUE,TRUE,0.11794209480285645,8477015,22,15
2023021043,928,even-strength,50,0,FALSE,FALSE,TRUE,TRUE,TRUE,FALSE,0.08930730819702148,8477406,22,15
2023021043,929,even-strength,50,33,FALSE,FALSE,TRUE,FALSE,FALSE,FALSE,0,8475842,22,15
2023021043,950,even-strength,77,-15,FALSE,FALSE,TRUE,TRUE,TRUE,FALSE,0.04246598482131958,8480802,22,15
2023021043,972,even-strength,56,-22,FALSE,FALSE,TRUE,TRUE,TRUE,FALSE,0.05012297630310058,8476454,22,15
2023021043,981,even-strength,52,36,FALSE,FALSE,TRUE,TRUE,TRUE,FALSE,0.00837701559066772,8476967,22,15
2023021043,985,even-strength,67,15,FALSE,FALSE,TRUE,TRUE,TRUE,FALSE,0.12307906150817872,8477998,22,15
2023021043,1004,even-strength,79,3,FALSE,FALSE,TRUE,TRUE,TRUE,FALSE,0.09538531303405762,8470621,22,15
2023021043,1007,even-strength,30,-1,FALSE,FALSE,TRUE,TRUE,TRUE,FALSE,0.00508087873458862,8479442,22,15
2023021109,63,even-strength,57,-25,FALSE,FALSE,TRUE,TRUE,FALSE,FALSE,0.03134292364120483,8477488,12,15
2023021109,64,even-strength,25,40,FALSE,TRUE,TRUE,TRUE,TRUE,FALSE,0.00312280654907226,8476869,12,15
2023021109,68,even-strength,43,-14,TRUE,FALSE,TRUE,TRUE,TRUE,FALSE,0.01058918237686157,8482093,12,15
2023021109,74,even-strength,77,12,FALSE,FALSE,TRUE,FALSE,FALSE,FALSE,0,8475200,12,15
2023021109,75,even-strength,29,-11,FALSE,FALSE,TRUE,TRUE,TRUE,FALSE,0.01301366090774536,8478970,12,15
2023021109,82,even-strength,54,-14,TRUE,FALSE,TRUE,TRUE,FALSE,FALSE,0.02288413047790527,8476882,12,15
2023021109,153,even-strength,35,-35,FALSE,FALSE,TRUE,TRUE,FALSE,FALSE,0.0010387897491455,8470613,12,15
2023021109,156,even-strength,41,-33,FALSE,FALSE,TRUE,FALSE,FALSE,FALSE,0,8480039,12,15
2023021109,158,even-strength,85,-38,FALSE,FALSE,TRUE,TRUE,FALSE,FALSE,0.00708556175231933,8476882,12,15
2023021109,201,even-strength,47,-13,FALSE,FALSE,TRUE,TRUE,TRUE,FALSE,0.00999772548675537,8478427,12,15
2023021109,218,power-play,78,5,FALSE,FALSE,TRUE,FALSE,FALSE,FALSE,0,8477404,12,15
2023021109,227,power-play,53,40,FALSE,FALSE,TRUE,TRUE,TRUE,FALSE,0.03698700666427612,8476882,12,15
2023021109,243,even-strength,75,19,FALSE,FALSE,TRUE,TRUE,TRUE,FALSE,0.03978317975997925,8477404,12,15
2023021109,244,even-strength,71,-2,FALSE,TRUE,TRUE,TRUE,TRUE,TRUE,0.39869797229766846,8478427,12,15
2023021109,401,penalty-kill,73,-17,FALSE,FALSE,TRUE,TRUE,FALSE,FALSE,0.10292795134621135,8478427,12,15
2023021109,415,even-strength,77,2,FALSE,FALSE,TRUE,FALSE,FALSE,FALSE,0,8475200,12,15
2023021109,425,even-strength,31,40,FALSE,FALSE,TRUE,TRUE,TRUE,FALSE,0.00571662187576293,8476869,12,15
2023021109,426,even-strength,87,19,TRUE,TRUE,TRUE,TRUE,TRUE,FALSE,0.01022154092788696,8477404,12,15
2023021109,458,even-strength,63,-1,FALSE,FALSE,TRUE,FALSE,FALSE,FALSE,0,8475744,12,15
2023021109,460,even-strength,47,23,FALSE,FALSE,TRUE,TRUE,FALSE,FALSE,0.00127056061068981,8476958,12,15
2023021109,461,even-strength,45,11,FALSE,FALSE,TRUE,TRUE,FALSE,FALSE,0.0163217126049661,8476958,12,15
2023021109,577,even-strength,68,14,FALSE,FALSE,TRUE,FALSE,FALSE,FALSE,0,8477488,12,15
2023021109,587,even-strength,69,17,FALSE,FALSE,TRUE,TRUE,TRUE,TRUE,0.10886496305465698,8476958,12,15
2023021109,605,even-strength,30,-35,FALSE,FALSE,TRUE,TRUE,TRUE,FALSE,0.00640410184860229,8477488,12,15
2023021109,606,even-strength,35,29,TRUE,FALSE,TRUE,TRUE,FALSE,FALSE,0.00344502925872802,8476869,12,15
2023021109,616,even-strength,84,8,FALSE,FALSE,TRUE,TRUE,TRUE,FALSE,0.1381213665008545,8480039,12,15
2023021109,617,even-strength,44,-7,FALSE,FALSE,TRUE,TRUE,FALSE,FALSE,0.0303499698638916,8475200,12,15
2023021109,618,even-strength,55,-17,FALSE,FALSE,TRUE,TRUE,FALSE,FALSE,0.03106021881103515,8478970,12,15
2023021109,644,even-strength,73,28,FALSE,FALSE,TRUE,FALSE,FALSE,FALSE,0,8476869,12,15
2023021109,650,even-strength,66,-6,FALSE,FALSE,TRUE,TRUE,TRUE,FALSE,0.03912413120269775,8476882,12,15
2023021109,661,even-strength,66,30,FALSE,FALSE,TRUE,TRUE,FALSE,FALSE,0.01500159502029419,8477962,12,15
2023021109,662,even-strength,95,-27,FALSE,FALSE,TRUE,TRUE,TRUE,FALSE,0.01403164863586425,8476474,12,15
2023021109,679,even-strength,64,-35,FALSE,FALSE,TRUE,TRUE,TRUE,FALSE,3.113746643066406e-4,8480830,12,15
2023021109,685,even-strength,79,-8,FALSE,FALSE,TRUE,FALSE,FALSE,FALSE,0,8480829,12,15
2023021109,700,even-strength,55,15,FALSE,FALSE,TRUE,TRUE,FALSE,FALSE,0.07457828521728516,8480830,12,15
2023021109,707,even-strength,72,-22,FALSE,FALSE,TRUE,FALSE,FALSE,FALSE,0,8476882,12,15
2023021109,715,even-strength,47,23,FALSE,FALSE,TRUE,FALSE,FALSE,FALSE,0,8480829,12,15
2023021109,720,even-strength,28,-30,TRUE,FALSE,TRUE,TRUE,TRUE,FALSE,0.01138275861740112,8470613,12,15
2023021109,725,even-strength,76,-4,TRUE,FALSE,TRUE,FALSE,FALSE,FALSE,0,8477488,12,15
2023021109,740,penalty-kill,-71,-36,FALSE,FALSE,TRUE,TRUE,TRUE,FALSE,9.528304985565628e-4,8470613,12,15
2023021109,814,even-strength,76,14,FALSE,FALSE,TRUE,TRUE,TRUE,TRUE,0.1955634355545044,8478427,12,15
2023021109,849,even-strength,67,-13,FALSE,FALSE,TRUE,FALSE,FALSE,FALSE,0,8475744,12,15
2023021109,850,even-strength,77,-3,FALSE,TRUE,TRUE,TRUE,TRUE,FALSE,0.0679405182532961,8475744,12,15
2023021109,901,even-strength,83,5,FALSE,TRUE,TRUE,FALSE,FALSE,FALSE,0,8476869,12,15
2023021109,905,even-strength,81,-17,FALSE,FALSE,TRUE,TRUE,TRUE,FALSE,0.09543659189247268,8480039,12,15
2023021109,906,even-strength,86,-9,FALSE,TRUE,TRUE,TRUE,FALSE,FALSE,0.02478316796802962,8475744,12,15
2023021109,918,even-strength,68,1,FALSE,TRUE,TRUE,TRUE,TRUE,FALSE,0.03667804829477553,8480830,12,15
2023021109,922,even-strength,37,0,FALSE,FALSE,TRUE,TRUE,TRUE,TRUE,0.02404130322007224,8476869,12,15
2023021189,164,even-strength,88,-15,FALSE,FALSE,TRUE,FALSE,FALSE,FALSE,0,8482097,7,15
2023021189,828,even-strength,83,-25,FALSE,FALSE,TRUE,TRUE,TRUE,FALSE,0.02049672603607177,8475784,7,15
2023021189,837,even-strength,80,-20,FALSE,FALSE,TRUE,TRUE,TRUE,FALSE,0.02527469396591186,8482097,7,15
2023021189,857,even-strength,66,-20,FALSE,FALSE,TRUE,FALSE,FALSE,FALSE,0,8480035,7,15
2023021189,881,even-strength,77,0,FALSE,FALSE,TRUE,TRUE,FALSE,FALSE,0.1740226149559021,8475784,7,15
2023021189,888,even-strength,41,-29,FALSE,FALSE,TRUE,TRUE,TRUE,FALSE,0.00903302431106567,8480035,7,15
2023021189,890,even-strength,45,-14,FALSE,FALSE,TRUE,TRUE,TRUE,FALSE,0.01045238971710205,8481528,7,15
2023021189,907,even-strength,35,29,FALSE,FALSE,TRUE,TRUE,FALSE,FALSE,0.00920367240905761,8477949,7,15
2023021189,935,even-strength,32,-28,FALSE,FALSE,TRUE,TRUE,FALSE,FALSE,0.01313626766204834,8477365,7,15
2023021212,9,even-strength,87,-5,FALSE,TRUE,TRUE,TRUE,TRUE,FALSE,0.04561817646026611,8475744,12,15
2023021212,10,even-strength,60,39,FALSE,FALSE,TRUE,TRUE,FALSE,FALSE,0.00151711702346801,8480829,12,15
2023021212,12,even-strength,52,-22,FALSE,FALSE,TRUE,TRUE,TRUE,FALSE,0.00877821445465087,8480039,12,15
2023021212,23,even-strength,81,0,TRUE,FALSE,TRUE,TRUE,FALSE,FALSE,0.03557169437408447,8477404,12,15
2023021212,26,even-strength,82,2,FALSE,FALSE,TRUE,TRUE,FALSE,FALSE,0.11022776365280151,8476921,12,15
2023021212,29,even-strength,71,-9,FALSE,FALSE,TRUE,FALSE,FALSE,FALSE,0,8477488,12,15
2023021212,30,power-play,83,-5,FALSE,TRUE,TRUE,FALSE,FALSE,FALSE,0,8476882,12,15
2023021212,103,even-strength,50,-18,FALSE,FALSE,TRUE,FALSE,FALSE,FALSE,0,8477488,12,15
2023021212,142,even-strength,45,37,FALSE,FALSE,TRUE,TRUE,TRUE,FALSE,5.29944896697998e-4,8476958,12,15
2023021212,209,even-strength,84,3,FALSE,FALSE,TRUE,TRUE,TRUE,FALSE,0.13939058780670166,8480039,12,15
2023021212,238,even-strength,29,-2,FALSE,FALSE,TRUE,TRUE,TRUE,FALSE,0.02706688642501831,8475200,12,15
2023021212,242,even-strength,34,-37,FALSE,FALSE,TRUE,TRUE,FALSE,FALSE,0.00110316276550292,8478970,12,15
2023021212,265,even-strength,73,-13,FALSE,FALSE,TRUE,TRUE,TRUE,FALSE,0.05812472105026245,8475744,12,15
2023021212,279,penalty-kill,55,-31,FALSE,FALSE,TRUE,TRUE,TRUE,FALSE,0.00429567846101691,8476882,12,15
2023021212,298,even-strength,82,-3,FALSE,FALSE,TRUE,FALSE,FALSE,FALSE,0,8477488,12,15
2023021212,299,even-strength,41,-37,TRUE,FALSE,TRUE,TRUE,TRUE,FALSE,0.00428724288940429,8480829,12,15
2023021212,353,even-strength,50,-18,FALSE,FALSE,TRUE,FALSE,FALSE,FALSE,0,8477488,12,15
2023021212,356,even-strength,26,-39,FALSE,FALSE,TRUE,TRUE,TRUE,FALSE,0.00519943237304687,8470613,12,15
2023021212,358,even-strength,40,-37,FALSE,FALSE,TRUE,TRUE,TRUE,FALSE,0.00101631879806518,8470613,12,15
2023021212,359,even-strength,33,-38,FALSE,FALSE,TRUE,TRUE,TRUE,FALSE,0.00759947299957275,8470613,12,15
2023021212,362,even-strength,70,6,FALSE,FALSE,TRUE,FALSE,FALSE,FALSE,0,8476869,12,15
2023021212,366,even-strength,30,38,FALSE,FALSE,TRUE,TRUE,FALSE,FALSE,0.00502431392669677,8475200,12,15
2023021212,367,even-strength,74,1,TRUE,FALSE,TRUE,TRUE,FALSE,FALSE,0.03086620569229126,8476474,12,15
2023021212,384,even-strength,76,-10,FALSE,FALSE,TRUE,TRUE,TRUE,FALSE,0.03123879432678222,8476882,12,15
2023021212,385,even-strength,52,0,FALSE,FALSE,TRUE,TRUE,TRUE,FALSE,0.10825932025909424,8470613,12,15
2023021212,387,even-strength,60,16,FALSE,FALSE,TRUE,TRUE,TRUE,FALSE,0.0642501711845398,8476882,12,15
2023021212,406,even-strength,84,-3,FALSE,FALSE,TRUE,TRUE,TRUE,FALSE,0.36830705404281616,8480835,12,15
2023021212,410,even-strength,31,37,FALSE,FALSE,TRUE,TRUE,TRUE,FALSE,0.0071500539779663,8476869,12,15
2023021212,418,even-strength,-64,-34,FALSE,FALSE,TRUE,TRUE,TRUE,FALSE,4.5186281204223633e-4,8470613,12,15
2023021212,422,even-strength,30,-35,FALSE,FALSE,TRUE,TRUE,FALSE,FALSE,0.00481212139129638,8477488,12,15
2023021212,425,even-strength,66,7,TRUE,FALSE,TRUE,FALSE,FALSE,FALSE,0,8473533,12,15
2023021212,434,even-strength,43,36,FALSE,FALSE,TRUE,TRUE,TRUE,FALSE,0.0165746808052063,8476958,12,15
2023021212,435,even-strength,51,-29,FALSE,TRUE,TRUE,FALSE,FALSE,FALSE,0,8470613,12,15
2023021212,436,even-strength,78,-9,FALSE,FALSE,TRUE,FALSE,FALSE,FALSE,0,8477404,12,15
2023021212,437,even-strength,62,-21,FALSE,TRUE,TRUE,TRUE,TRUE,FALSE,0.03401529788970947,8477404,12,15
2023021212,445,even-strength,81,7,FALSE,FALSE,TRUE,FALSE,FALSE,FALSE,0,8480039,12,15
2023021212,446,even-strength,84,6,FALSE,TRUE,TRUE,FALSE,FALSE,FALSE,0,8476882,12,15
2023021212,453,power-play,54,-28,FALSE,FALSE,TRUE,TRUE,TRUE,FALSE,0.05581116676330566,8476882,12,15
2023021212,457,power-play,30,3,FALSE,FALSE,TRUE,TRUE,TRUE,FALSE,0.05039095878601074,8476869,12,15
2023021212,462,power-play,83,5,FALSE,FALSE,TRUE,TRUE,FALSE,FALSE,0.11532926559448242,8476474,12,15
2023021212,463,power-play,36,18,FALSE,FALSE,TRUE,TRUE,TRUE,FALSE,0.03637897968292236,8476869,12,15
2023021212,475,even-strength,68,-36,FALSE,FALSE,TRUE,FALSE,FALSE,FALSE,0,8470613,12,15
2023021212,481,even-strength,61,-16,FALSE,FALSE,TRUE,TRUE,FALSE,FALSE,0.065235435962677,8478970,12,15
2023021212,486,even-strength,66,13,FALSE,FALSE,TRUE,FALSE,FALSE,FALSE,0,8480039,12,15
2023021212,492,even-strength,54,26,FALSE,FALSE,TRUE,FALSE,FALSE,FALSE,0,8470613,12,15
2023021212,494,even-strength,53,38,FALSE,FALSE,TRUE,TRUE,FALSE,FALSE,0.00911176204681396,8480835,12,15
2023021212,499,even-strength,55,-1,FALSE,FALSE,TRUE,FALSE,FALSE,FALSE,0,8470613,12,15
2023021212,551,even-strength,86,10,FALSE,TRUE,TRUE,TRUE,FALSE,FALSE,0.0757373571395874,8480039,12,15
2023021212,552,even-strength,87,-5,FALSE,TRUE,TRUE,TRUE,TRUE,FALSE,0.02870011329650879,8480835,12,15
2023021212,556,power-play,53,5,TRUE,TRUE,TRUE,TRUE,TRUE,FALSE,0.0917389988899231,8477404,12,15
2023021212,655,even-strength,54,5,FALSE,FALSE,TRUE,TRUE,TRUE,FALSE,0.02277565002441406,8476958,12,15
2023021212,658,even-strength,66,17,FALSE,FALSE,TRUE,TRUE,TRUE,FALSE,0.14320653676986694,8475200,12,15
2023021212,664,even-strength,49,21,FALSE,FALSE,TRUE,TRUE,FALSE,FALSE,0.0183756947517395,8475200,12,15
2023021212,671,even-strength,87,17,TRUE,FALSE,TRUE,TRUE,FALSE,FALSE,0.03071177005767822,8480835,12,15
2023021212,688,even-strength,82,25,FALSE,FALSE,TRUE,TRUE,FALSE,FALSE,0.0047696828842163,8476921,12,15
2023021212,689,even-strength,69,-36,FALSE,FALSE,TRUE,TRUE,TRUE,FALSE,0.00883710384368896,8478970,12,15
2023021212,701,power-play,79,3,FALSE,FALSE,TRUE,FALSE,FALSE,FALSE,0,8477404,12,15
2023021212,702,power-play,81,5,FALSE,TRUE,TRUE,FALSE,FALSE,FALSE,0,8477404,12,15
2023021212,705,power-play,76,7,FALSE,FALSE,TRUE,TRUE,TRUE,FALSE,0.1997864246368408,8478427,12,15
2023021212,722,even-strength,11,2,FALSE,FALSE,TRUE,TRUE,TRUE,FALSE,0.0030674934387207,8476921,12,15
2023021212,725,even-strength,76,1,FALSE,FALSE,TRUE,TRUE,TRUE,TRUE,0.0840042233467102,8477404,12,15
2023021212,755,penalty-kill,50,-30,FALSE,FALSE,TRUE,TRUE,FALSE,FALSE,0.00747253166258203,8476869,12,15
2023021212,761,penalty-kill,78,-4,FALSE,FALSE,TRUE,TRUE,TRUE,FALSE,0.16113112788846737,8478427,12,15
2023021212,778,even-strength,42,17,FALSE,FALSE,TRUE,TRUE,TRUE,FALSE,0.0068291425704956,8476869,12,15
2023021212,782,even-strength,44,-7,FALSE,FALSE,TRUE,TRUE,FALSE,FALSE,0.04515647888183594,8482093,12,15
2023021212,786,even-strength,42,27,FALSE,FALSE,TRUE,FALSE,FALSE,FALSE,0,8476869,12,15
2023021212,851,even-strength,23,34,FALSE,FALSE,TRUE,TRUE,FALSE,FALSE,0.00319397449493408,8480835,12,15
2023021212,855,even-strength,47,35,FALSE,FALSE,TRUE,TRUE,FALSE,FALSE,0.00916820764541626,8476958,12,15
2023021212,858,even-strength,31,20,FALSE,FALSE,TRUE,TRUE,TRUE,FALSE,0.00517892837524414,8476958,12,15
2023021212,859,even-strength,78,38,FALSE,TRUE,TRUE,TRUE,FALSE,FALSE,0.01972275972366333,8475744,12,15
2023021212,860,even-strength,82,-14,FALSE,FALSE,TRUE,TRUE,FALSE,FALSE,0.04753118753433227,8475744,12,15
2023021212,861,even-strength,28,-1,FALSE,FALSE,TRUE,TRUE,FALSE,FALSE,0.03619366884231567,8476958,12,15
2023021212,867,even-strength,46,-2,FALSE,FALSE,TRUE,TRUE,TRUE,FALSE,0.01465833187103271,8480039,12,15
2023021212,873,even-strength,28,-27,FALSE,FALSE,TRUE,TRUE,TRUE,FALSE,0.0486912727355957,8478970,12,15
2023021212,879,even-strength,52,24,FALSE,FALSE,TRUE,TRUE,FALSE,FALSE,0.03905355930328369,8475200,12,15
2023021212,894,even-strength,51,-8,FALSE,FALSE,TRUE,TRUE,TRUE,FALSE,0.03653216361999512,8476958,12,15
2023021212,905,even-strength,71,-27,FALSE,FALSE,TRUE,TRUE,TRUE,FALSE,0.03218019008636474,8477488,12,15
2023021212,921,even-strength,40,-35,FALSE,FALSE,TRUE,FALSE,FALSE,FALSE,0,8478970,12,15
2023021212,922,even-strength,70,-20,FALSE,TRUE,TRUE,FALSE,FALSE,FALSE,0,8473533,12,15
2023021212,937,even-strength,70,-10,FALSE,FALSE,TRUE,TRUE,TRUE,FALSE,0.05141782760620117,8475855,12,15
2023021212,971,power-play,57,23,FALSE,FALSE,TRUE,TRUE,TRUE,TRUE,0.07212263345718384,8480039,12,15
2023021212,1054,even-strength,60,4,FALSE,FALSE,TRUE,FALSE,FALSE,FALSE,0,8476869,12,15
2023021212,1071,even-strength,85,21,FALSE,FALSE,TRUE,TRUE,TRUE,FALSE,0.02170139551162719,8475200,12,15
2023021212,1082,even-strength,44,40,FALSE,FALSE,TRUE,TRUE,TRUE,FALSE,0.00605541467666626,8476958,12,15
2023021212,1093,even-strength,59,12,FALSE,FALSE,TRUE,TRUE,TRUE,FALSE,0.13016200065612793,8476882,12,15
2023021212,1101,power-play,46,-15,FALSE,FALSE,TRUE,TRUE,TRUE,FALSE,0.04979926347732544,8470613,12,15
2023021212,1102,power-play,81,18,FALSE,TRUE,TRUE,TRUE,TRUE,TRUE,0.24664831161499023,8478427,12,15
