gameId,eventId,strengthState,xCoordNorm,yCoordNorm,isRush,isRebound,isCorsi,isFenwick,isShot,isGoal,xG,shooterPlayerId
2020020015,57,even-strength,62,21,FALSE,FALSE,TRUE,TRUE,TRUE,FALSE,0.02628451941381265,8474031
2020020015,62,even-strength,78,2,FALSE,FALSE,TRUE,FALSE,FALSE,FALSE,0,8478873
2020020015,63,even-strength,75,0,FALSE,FALSE,TRUE,TRUE,TRUE,TRUE,0.21865911160695048,8480031
2020020015,72,penalty-kill,65,40,FALSE,FALSE,TRUE,TRUE,TRUE,FALSE,0.02411231711631981,8475235
2020020015,73,even-strength,82,-5,FALSE,FALSE,TRUE,TRUE,TRUE,TRUE,0.09819721872657784,8480031
2020020015,76,even-strength,40,7,TRUE,FALSE,TRUE,TRUE,TRUE,FALSE,0.0607141028143094,8475164
2020020015,78,even-strength,53,21,FALSE,FALSE,TRUE,FALSE,FALSE,FALSE,0,8476854
2020020015,83,even-strength,39,-26,FALSE,FALSE,TRUE,TRUE,FALSE,FALSE,0.018219467262587663,8476312
2020020015,85,even-strength,52,-20,FALSE,FALSE,TRUE,FALSE,FALSE,FALSE,0,8474683
2020020015,87,even-strength,43,-20,TRUE,FALSE,TRUE,FALSE,FALSE,FALSE,0,8476312
2020020015,88,even-strength,34,35,FALSE,FALSE,TRUE,TRUE,FALSE,FALSE,0.007673586273826551,8476854
2020020015,92,even-strength,48,25,FALSE,FALSE,TRUE,TRUE,TRUE,FALSE,0.018960389991777193,8476483
2020020015,93,even-strength,50,22,FALSE,FALSE,TRUE,FALSE,FALSE,FALSE,0,8478491
2020020015,95,even-strength,53,-1,FALSE,FALSE,TRUE,TRUE,TRUE,FALSE,0.04661109166915883,8478046
2020020015,97,even-strength,49,-25,FALSE,FALSE,TRUE,TRUE,FALSE,FALSE,0.025937569589829255,8476483
2020020015,99,even-strength,53,-13,FALSE,FALSE,TRUE,FALSE,FALSE,FALSE,0,8476312
2020020015,235,power-play,77,4,FALSE,FALSE,TRUE,FALSE,FALSE,FALSE,0,8474031
2020020015,236,power-play,61,2,FALSE,FALSE,TRUE,FALSE,FALSE,FALSE,0,8474641
2020020015,237,power-play,65,0,FALSE,FALSE,TRUE,FALSE,FALSE,FALSE,0,8478046
2020020015,239,even-strength,75,15,FALSE,FALSE,TRUE,FALSE,FALSE,FALSE,0,8478873
2020020015,302,even-strength,71,4,FALSE,FALSE,TRUE,TRUE,TRUE,FALSE,0.10955458075642947,8475235
2020020015,304,even-strength,66,4,FALSE,FALSE,TRUE,FALSE,FALSE,FALSE,0,8475764
2020020015,306,power-play,34,-24,FALSE,FALSE,TRUE,TRUE,TRUE,FALSE,0.0239271190034912,8475764
2020020015,314,even-strength,84,13,FALSE,FALSE,TRUE,TRUE,TRUE,FALSE,0.05382925124074516,8478046
2020020015,321,even-strength,67,20,FALSE,FALSE,TRUE,TRUE,TRUE,FALSE,0.0523784651187084,8476483
2020020015,322,even-strength,81,4,FALSE,FALSE,TRUE,FALSE,FALSE,FALSE,0,8475164
2020020015,330,even-strength,60,1,FALSE,FALSE,TRUE,TRUE,FALSE,FALSE,0.1176973348740939,8478046
2020020015,331,even-strength,-45,-21,FALSE,FALSE,TRUE,FALSE,FALSE,FALSE,0,8478491
2020020015,333,even-strength,80,-18,FALSE,FALSE,TRUE,TRUE,FALSE,FALSE,0.046265385620947716,8480806
2020020015,335,even-strength,17,-24,FALSE,FALSE,TRUE,TRUE,TRUE,FALSE,0.00632036681417999,8474683
2020020015,338,even-strength,64,-2,FALSE,FALSE,TRUE,TRUE,TRUE,FALSE,0.06296012533568017,8478873
2020020015,340,even-strength,85,-16,FALSE,FALSE,TRUE,TRUE,FALSE,FALSE,0.045834413755164456,8476483
2020020015,341,even-strength,68,20,FALSE,FALSE,TRUE,TRUE,TRUE,FALSE,0.037057056854864226,8474641
2020020015,342,even-strength,73,-5,FALSE,FALSE,TRUE,FALSE,FALSE,FALSE,0,8476312
2020020015,343,even-strength,87,-11,FALSE,FALSE,TRUE,FALSE,FALSE,FALSE,0,8475235
2020020015,344,even-strength,83,0,FALSE,FALSE,TRUE,TRUE,TRUE,FALSE,0.1508726103561189,8477240
2020020015,345,even-strength,79,-26,FALSE,FALSE,TRUE,FALSE,FALSE,FALSE,0,8477240
2020020015,654,even-strength,5,-21,FALSE,FALSE,TRUE,TRUE,TRUE,FALSE,0.0029551577309150415,8474031
2020020015,656,even-strength,49,-1,FALSE,FALSE,TRUE,FALSE,FALSE,FALSE,0,8474031
2020020015,660,even-strength,68,-16,FALSE,FALSE,TRUE,TRUE,TRUE,FALSE,0.040007148332054654,8474683
2020020015,661,even-strength,75,-16,TRUE,FALSE,TRUE,TRUE,FALSE,FALSE,0.0647555643801596,8474683
2020020015,662,even-strength,62,-4,FALSE,FALSE,TRUE,FALSE,FALSE,FALSE,0,8475825
2020020015,674,even-strength,44,20,FALSE,FALSE,TRUE,TRUE,TRUE,FALSE,0.029343267474893908,8479351
2020020015,675,even-strength,72,24,FALSE,FALSE,TRUE,TRUE,FALSE,FALSE,0.03309999917190088,8480031
2020020015,677,even-strength,77,-4,FALSE,FALSE,TRUE,TRUE,TRUE,FALSE,0.09605302105624101,8475235
2020020015,680,even-strength,88,-19,FALSE,FALSE,TRUE,TRUE,TRUE,FALSE,0.03479599768731917,8478873
2020020015,681,even-strength,58,16,FALSE,FALSE,TRUE,FALSE,FALSE,FALSE,0,8478491
2020020015,691,even-strength,66,1,FALSE,FALSE,TRUE,FALSE,FALSE,FALSE,0,8475164
2020020015,692,even-strength,79,-5,FALSE,TRUE,TRUE,FALSE,FALSE,FALSE,0,8476483
2020020015,700,even-strength,39,-1,FALSE,FALSE,TRUE,TRUE,TRUE,FALSE,0.033879690145220256,8474031
2020020015,801,even-strength,44,-18,FALSE,FALSE,TRUE,TRUE,FALSE,FALSE,0.024135159762778458,8474031
2020020015,802,even-strength,64,-30,FALSE,FALSE,TRUE,TRUE,TRUE,FALSE,0.04095236030468948,8478046
2020020015,804,even-strength,37,-7,FALSE,FALSE,TRUE,TRUE,FALSE,FALSE,0.03550198594274679,8470612
2020020015,805,even-strength,76,-4,FALSE,FALSE,TRUE,TRUE,FALSE,FALSE,0.09239770849356221,8479351
2020020044,53,even-strength,56,14,FALSE,FALSE,TRUE,FALSE,FALSE,FALSE,0,8479345
2020020044,54,even-strength,55,24,FALSE,FALSE,TRUE,TRUE,FALSE,FALSE,0.03268128460060664,8479465
2020020044,57,even-strength,61,14,FALSE,FALSE,TRUE,FALSE,FALSE,FALSE,0,8477951
2020020044,58,even-strength,84,-17,FALSE,FALSE,TRUE,TRUE,TRUE,FALSE,0.03082896415341742,8478856
2020020044,59,even-strength,59,-10,FALSE,FALSE,TRUE,FALSE,FALSE,FALSE,0,8474218
2020020044,65,even-strength,51,-13,FALSE,FALSE,TRUE,TRUE,TRUE,FALSE,0.05850393160658544,8477951
2020020044,66,even-strength,74,21,FALSE,FALSE,TRUE,TRUE,TRUE,FALSE,0.03151058586960209,8478856
2020020044,74,penalty-kill,53,-15,FALSE,FALSE,TRUE,TRUE,TRUE,FALSE,0.07345920478172888,8477989
2020020044,75,penalty-kill,53,-12,FALSE,FALSE,TRUE,TRUE,TRUE,TRUE,0.09970890891404453,8475752
2020020044,91,even-strength,-2,-17,FALSE,FALSE,TRUE,TRUE,TRUE,FALSE,0.0034930953608594767,8471274
2020020044,92,even-strength,63,22,FALSE,FALSE,TRUE,TRUE,TRUE,FALSE,0.0331409091622734,8477989
2020020044,100,even-strength,66,1,FALSE,FALSE,TRUE,FALSE,FALSE,FALSE,0,8478476
2020020044,230,penalty-kill,80,-6,FALSE,FALSE,TRUE,TRUE,TRUE,FALSE,0.1283862438837531,8479343
2020020044,235,power-play,81,-12,FALSE,FALSE,TRUE,FALSE,FALSE,FALSE,0,8479343
2020020044,238,even-strength,67,-4,FALSE,FALSE,TRUE,TRUE,TRUE,FALSE,0.06882973250497255,8473544
2020020044,354,even-strength,83,-9,FALSE,FALSE,TRUE,TRUE,TRUE,FALSE,0.07855069337227617,8480849
2020020044,355,even-strength,79,-7,FALSE,FALSE,TRUE,TRUE,TRUE,FALSE,0.056189331392332974,8478856
2020020044,358,even-strength,54,20,FALSE,FALSE,TRUE,TRUE,TRUE,FALSE,0.033598664015390994,8479465
2020020044,360,even-strength,58,-4,FALSE,FALSE,TRUE,FALSE,FALSE,FALSE,0,8478476
2020020044,361,even-strength,79,2,FALSE,FALSE,TRUE,FALSE,FALSE,FALSE,0,8473548
2020020044,362,even-strength,40,-17,FALSE,FALSE,TRUE,TRUE,TRUE,FALSE,0.020891473426425063,8478476
2020020044,364,power-play,67,-1,FALSE,FALSE,TRUE,TRUE,TRUE,FALSE,0.08594346137313039,8477951
2020020044,366,even-strength,52,-4,FALSE,FALSE,TRUE,TRUE,FALSE,FALSE,0.07020630405972064,8477989
2020020044,369,penalty-kill,56,20,FALSE,FALSE,TRUE,TRUE,TRUE,FALSE,0.018043708840886925,8475728
2020020044,370,penalty-kill,57,25,FALSE,FALSE,TRUE,TRUE,TRUE,FALSE,0.0011595267922511988,8479465
2020020044,373,even-strength,84,-20,FALSE,FALSE,TRUE,TRUE,TRUE,FALSE,0.03281278973849003,8480849
2020020044,376,power-play,69,22,FALSE,FALSE,TRUE,TRUE,TRUE,FALSE,0.13348165180465996,8473548
2020020044,377,power-play,70,21,FALSE,FALSE,TRUE,TRUE,TRUE,FALSE,0.06005412256310443,8473548
2020020044,378,power-play,51,-24,FALSE,FALSE,TRUE,TRUE,FALSE,FALSE,0.03463381517422212,8479345
2020020044,379,power-play,70,22,FALSE,FALSE,TRUE,TRUE,TRUE,FALSE,0.09042343861653329,8473548
2020020044,380,even-strength,48,19,FALSE,FALSE,TRUE,TRUE,FALSE,FALSE,0.018887078049809727,8477851
2020020044,382,even-strength,45,16,FALSE,FALSE,TRUE,FALSE,FALSE,FALSE,0,8477851
2020020044,384,even-strength,70,5,FALSE,FALSE,TRUE,FALSE,FALSE,FALSE,0,8473548
2020020044,397,power-play,42,-5,FALSE,FALSE,TRUE,TRUE,TRUE,FALSE,0.03805226718958525,8478476
2020020044,399,power-play,55,-25,FALSE,FALSE,TRUE,TRUE,TRUE,FALSE,0.051674587633302335,8477951
2020020044,400,power-play,82,-4,FALSE,FALSE,TRUE,FALSE,FALSE,FALSE,0,8480849
2020020044,501,power-play,68,-19,FALSE,FALSE,TRUE,TRUE,TRUE,TRUE,0.06209571713478703,8477951
2020020044,504,even-strength,48,17,FALSE,FALSE,TRUE,TRUE,FALSE,FALSE,0.027371450300082808,8478856
2020020044,505,even-strength,65,-13,FALSE,FALSE,TRUE,TRUE,TRUE,FALSE,0.06830981941027502,8478856
2020020044,506,even-strength,80,13,FALSE,FALSE,TRUE,TRUE,FALSE,FALSE,0.04156080100542024,8478856
2020020044,509,even-strength,80,0,FALSE,FALSE,TRUE,TRUE,TRUE,FALSE,0.11391126385737166,8475728
2020020044,519,even-strength,19,31,FALSE,FALSE,TRUE,TRUE,TRUE,FALSE,0.005814655160340605,8479343
2020020044,522,even-strength,51,10,FALSE,FALSE,TRUE,FALSE,FALSE,FALSE,0,8479345
2020020044,527,even-strength,23,-21,TRUE,FALSE,TRUE,TRUE,TRUE,FALSE,0.01870447532435312,8479343
2020020044,854,even-strength,49,23,FALSE,FALSE,TRUE,FALSE,FALSE,FALSE,0,8478476
2020020044,857,even-strength,67,6,FALSE,FALSE,TRUE,FALSE,FALSE,FALSE,0,8473548
2020020044,861,even-strength,58,14,FALSE,FALSE,TRUE,FALSE,FALSE,FALSE,0,8478432
2020020044,867,even-strength,33,18,FALSE,FALSE,TRUE,TRUE,FALSE,FALSE,0.01790742670121932,8479345
2020020044,875,even-strength,66,-4,FALSE,FALSE,TRUE,FALSE,FALSE,FALSE,0,8478856
2020020044,877,even-strength,62,12,FALSE,FALSE,TRUE,TRUE,TRUE,FALSE,0.04769295181660283,8479343
2020020044,894,even-strength,56,5,FALSE,FALSE,TRUE,FALSE,FALSE,FALSE,0,8474218
2020020044,895,even-strength,72,21,FALSE,FALSE,TRUE,TRUE,TRUE,FALSE,0.029821127069361818,8477951
2020020044,897,even-strength,60,16,FALSE,FALSE,TRUE,TRUE,TRUE,FALSE,0.04971730279621256,8477951
2020020044,900,even-strength,33,21,FALSE,FALSE,TRUE,TRUE,FALSE,FALSE,0.014175060946678607,8478476
2020020044,1052,even-strength,78,-7,FALSE,FALSE,TRUE,FALSE,FALSE,FALSE,0,8475752
2020020044,1053,even-strength,72,-2,FALSE,FALSE,TRUE,FALSE,FALSE,FALSE,0,8479465
2020020044,1056,power-play,52,-23,FALSE,FALSE,TRUE,TRUE,TRUE,FALSE,0.04501949389476319,8479345
2020020044,1057,power-play,51,-2,FALSE,FALSE,TRUE,TRUE,TRUE,FALSE,0.07755198902507575,8479345
2020020044,1058,power-play,78,-4,FALSE,FALSE,TRUE,TRUE,FALSE,FALSE,0.10984160215918885,8478856
2020020044,1106,power-play,72,-5,FALSE,FALSE,TRUE,FALSE,FALSE,FALSE,0,8473544
2020020044,1108,power-play,67,-15,FALSE,FALSE,TRUE,FALSE,FALSE,FALSE,0,8474218
2020020073,18,even-strength,61,-14,FALSE,FALSE,TRUE,FALSE,FALSE,FALSE,0,8475728
2020020073,30,even-strength,-79,-7,FALSE,FALSE,TRUE,FALSE,FALSE,FALSE,0,8471274
2020020073,53,even-strength,65,-17,FALSE,FALSE,TRUE,TRUE,FALSE,FALSE,0.043311910317608934,8478474
2020020073,55,even-strength,77,12,FALSE,FALSE,TRUE,FALSE,FALSE,FALSE,0,8473544
2020020073,58,even-strength,67,1,FALSE,FALSE,TRUE,FALSE,FALSE,FALSE,0,8471274
2020020073,60,power-play,57,-22,FALSE,FALSE,TRUE,TRUE,TRUE,FALSE,0.04495286727572464,8478856
2020020073,61,power-play,79,6,TRUE,TRUE,TRUE,TRUE,TRUE,TRUE,0.35549590904999095,8477989
2020020073,67,even-strength,70,-3,FALSE,FALSE,TRUE,FALSE,FALSE,FALSE,0,8471274
2020020073,71,even-strength,-42,31,FALSE,FALSE,TRUE,FALSE,FALSE,FALSE,0,8471274
2020020073,72,even-strength,40,-4,FALSE,FALSE,TRUE,TRUE,TRUE,FALSE,0.022473367489353302,8473548
2020020073,76,even-strength,83,-11,FALSE,FALSE,TRUE,TRUE,FALSE,FALSE,0.06026322027598843,8478474
2020020073,77,even-strength,78,-1,FALSE,FALSE,TRUE,TRUE,TRUE,FALSE,0.19341163044404544,8473548
2020020073,87,even-strength,35,28,FALSE,FALSE,TRUE,TRUE,TRUE,FALSE,0.011476586051574006,8477851
2020020073,92,even-strength,76,-18,FALSE,FALSE,TRUE,TRUE,TRUE,FALSE,0.054865930173080876,8478856
2020020073,95,power-play,38,27,FALSE,FALSE,TRUE,TRUE,TRUE,FALSE,0.04322961662136053,8473544
2020020073,96,power-play,70,6,FALSE,FALSE,TRUE,FALSE,FALSE,FALSE,0,8473544
2020020073,97,power-play,61,-16,FALSE,FALSE,TRUE,TRUE,TRUE,FALSE,0.06184034484468048,8477951
2020020073,98,power-play,63,1,FALSE,FALSE,TRUE,FALSE,FALSE,FALSE,0,8479345
2020020073,99,power-play,49,31,FALSE,FALSE,TRUE,TRUE,TRUE,FALSE,0.05122136054064499,8473544
2020020073,100,power-play,61,-2,FALSE,FALSE,TRUE,FALSE,FALSE,FALSE,0,8481599
2020020073,204,power-play,56,-11,FALSE,FALSE,TRUE,TRUE,TRUE,FALSE,0.054967580904088174,8478856
2020020073,208,even-strength,57,-9,TRUE,FALSE,TRUE,TRUE,FALSE,FALSE,0.10082255734244931,8478856
2020020073,215,even-strength,81,-7,FALSE,FALSE,TRUE,FALSE,FALSE,FALSE,0,8481599
2020020073,217,even-strength,80,1,FALSE,FALSE,TRUE,TRUE,TRUE,FALSE,0.17496017751274814,8479343
2020020073,220,even-strength,71,13,FALSE,FALSE,TRUE,TRUE,TRUE,FALSE,0.05831751052766658,8478856
2020020073,223,even-strength,63,-27,FALSE,FALSE,TRUE,TRUE,TRUE,FALSE,0.03532200152796605,8479343
2020020073,226,even-strength,48,-6,FALSE,FALSE,TRUE,TRUE,TRUE,FALSE,0.03153567788771119,8475752
2020020073,234,even-strength,63,23,TRUE,FALSE,TRUE,TRUE,TRUE,TRUE,0.05753695896195719,8473544
2020020073,237,even-strength,60,24,FALSE,FALSE,TRUE,TRUE,TRUE,FALSE,0.035195242004159674,8475728
2020020073,240,even-strength,54,-13,FALSE,FALSE,TRUE,FALSE,FALSE,FALSE,0,8471769
2020020073,241,even-strength,39,-26,FALSE,FALSE,TRUE,TRUE,TRUE,FALSE,0.013810545913140262,8471769
2020020073,242,even-strength,71,1,FALSE,FALSE,TRUE,FALSE,FALSE,FALSE,0,8471769
2020020073,243,even-strength,41,-3,FALSE,FALSE,TRUE,FALSE,FALSE,FALSE,0,8479343
2020020073,245,even-strength,71,-7,FALSE,FALSE,TRUE,FALSE,FALSE,FALSE,0,8481599
2020020073,247,even-strength,43,2,FALSE,FALSE,TRUE,TRUE,FALSE,FALSE,0.02676271999490212,8471274
2020020073,248,even-strength,77,-10,FALSE,TRUE,TRUE,TRUE,TRUE,TRUE,0.18382563259843032,8477951
2020020073,270,even-strength,77,9,FALSE,FALSE,TRUE,FALSE,FALSE,FALSE,0,8475752
2020020073,279,even-strength,1,-3,FALSE,FALSE,TRUE,TRUE,TRUE,FALSE,0.004245903125449646,8477951
2020020073,288,even-strength,60,32,FALSE,FALSE,TRUE,TRUE,FALSE,FALSE,0.01831733240446848,8475728
2020020073,455,penalty-kill,-80,29,FALSE,FALSE,TRUE,TRUE,TRUE,FALSE,3.473218176776411e-4,8478474
2020020073,460,even-strength,76,-1,FALSE,FALSE,TRUE,TRUE,TRUE,FALSE,0.1683277036328538,8477951
2020020073,471,even-strength,73,18,FALSE,FALSE,TRUE,TRUE,FALSE,FALSE,0.051139988840859886,8478474
2020020073,472,even-strength,67,-16,FALSE,FALSE,TRUE,FALSE,FALSE,FALSE,0,8479465
2020020073,473,even-strength,75,9,FALSE,FALSE,TRUE,TRUE,TRUE,TRUE,0.052216042648058236,8478856
2020020073,482,even-strength,70,4,FALSE,FALSE,TRUE,FALSE,FALSE,FALSE,0,8479465
2020020073,486,even-strength,35,-27,FALSE,FALSE,TRUE,TRUE,TRUE,FALSE,0.01908688050456879,8477851
2020020073,488,power-play,68,-8,FALSE,FALSE,TRUE,FALSE,FALSE,FALSE,0,8477951
2020020073,490,power-play,65,10,FALSE,FALSE,TRUE,FALSE,FALSE,FALSE,0,8481599
2020020073,578,power-play,76,-10,FALSE,FALSE,TRUE,FALSE,FALSE,FALSE,0,8477951
2020020073,653,even-strength,55,-4,TRUE,FALSE,TRUE,TRUE,TRUE,FALSE,0.10157901137431583,8477989
2020020073,655,even-strength,-62,-18,FALSE,FALSE,TRUE,FALSE,FALSE,FALSE,0,8475728
2020020073,658,even-strength,40,-22,FALSE,FALSE,TRUE,TRUE,TRUE,FALSE,0.02228971633628827,8480849
2020020073,660,even-strength,74,-8,TRUE,FALSE,TRUE,TRUE,FALSE,FALSE,0.17374084242738755,8478474
2020020073,662,power-play,79,10,TRUE,FALSE,TRUE,TRUE,FALSE,FALSE,0.12914497191538227,8478856
2020020106,10,even-strength,75,0,FALSE,FALSE,TRUE,TRUE,TRUE,FALSE,0.09524771019269795,8476897
2020020106,11,even-strength,81,4,FALSE,TRUE,TRUE,TRUE,FALSE,FALSE,0.21907160897576486,8477964
2020020106,45,even-strength,76,-8,FALSE,TRUE,TRUE,TRUE,TRUE,FALSE,0.18797643072642778,8475768
2020020106,52,even-strength,-35,32,FALSE,FALSE,TRUE,TRUE,TRUE,FALSE,8.096880098439566e-4,8475753
2020020106,53,even-strength,40,-9,FALSE,FALSE,TRUE,TRUE,TRUE,FALSE,0.024563812529778434,8476792
2020020106,59,even-strength,72,2,FALSE,FALSE,TRUE,FALSE,FALSE,FALSE,0,8475768
2020020106,65,even-strength,71,-15,TRUE,FALSE,TRUE,TRUE,TRUE,TRUE,0.09542388851424603,8474102
2020020106,67,even-strength,78,7,FALSE,FALSE,TRUE,FALSE,FALSE,FALSE,0,8476892
2020020106,68,even-strength,74,10,FALSE,FALSE,TRUE,TRUE,FALSE,FALSE,0.04816062793936247,8480023
2020020106,71,even-strength,61,18,FALSE,FALSE,TRUE,TRUE,TRUE,FALSE,0.036264019993219626,8475753
2020020106,76,power-play,59,-18,FALSE,FALSE,TRUE,TRUE,TRUE,TRUE,0.07647899049941223,8474102
2020020106,80,even-strength,47,23,FALSE,FALSE,TRUE,TRUE,TRUE,TRUE,0.03552800151526847,8475768
2020020106,93,even-strength,34,-19,FALSE,FALSE,TRUE,TRUE,FALSE,FALSE,0.01316312095278859,8476892
2020020106,94,even-strength,68,-1,FALSE,FALSE,TRUE,FALSE,FALSE,FALSE,0,8474618
2020020106,228,power-play,59,20,FALSE,FALSE,TRUE,FALSE,FALSE,FALSE,0,8474102
2020020106,311,even-strength,79,0,FALSE,FALSE,TRUE,TRUE,FALSE,FALSE,0.14766289293938026,8479385
2020020106,312,even-strength,83,3,FALSE,FALSE,TRUE,TRUE,TRUE,FALSE,0.11188611807888721,8479385
2020020106,314,even-strength,72,16,FALSE,FALSE,TRUE,FALSE,FALSE,FALSE,0,8479385
2020020106,317,even-strength,65,3,FALSE,FALSE,TRUE,FALSE,FALSE,FALSE,0,8474884
2020020106,319,even-strength,70,17,TRUE,FALSE,TRUE,FALSE,FALSE,FALSE,0,8477964
2020020106,327,power-play,63,-4,FALSE,FALSE,TRUE,TRUE,TRUE,FALSE,0.08179125499496658,8474102
2020020106,334,even-strength,37,-30,FALSE,FALSE,TRUE,TRUE,FALSE,FALSE,0.013413749862937354,8474125
2020020106,335,even-strength,85,-8,FALSE,FALSE,TRUE,TRUE,TRUE,FALSE,0.04926449297800085,8475158
2020020106,336,even-strength,61,26,FALSE,FALSE,TRUE,TRUE,TRUE,FALSE,0.02223369744957917,8477482
2020020106,341,even-strength,76,-1,FALSE,FALSE,TRUE,TRUE,TRUE,TRUE,0.15301256299907576,8479385
2020020106,345,even-strength,72,5,FALSE,FALSE,TRUE,FALSE,FALSE,FALSE,0,8475170
2020020106,346,even-strength,66,-18,FALSE,FALSE,TRUE,TRUE,TRUE,FALSE,0.03417430376022999,8475158
2020020106,347,even-strength,65,-17,FALSE,FALSE,TRUE,FALSE,FALSE,FALSE,0,8474102
2020020106,501,power-play,77,5,FALSE,FALSE,TRUE,TRUE,FALSE,FALSE,0.12680863181286,8475768
2020020106,502,power-play,68,-12,FALSE,FALSE,TRUE,TRUE,TRUE,FALSE,0.09187849675672023,8479385
2020020106,504,even-strength,70,17,FALSE,FALSE,TRUE,TRUE,FALSE,FALSE,0.039964494866951035,8480023
2020020106,509,even-strength,70,-23,FALSE,FALSE,TRUE,TRUE,TRUE,FALSE,0.06952251104680203,8474102
2020020106,512,even-strength,89,-5,FALSE,FALSE,TRUE,TRUE,TRUE,FALSE,0.05900927168044996,8478859
2020020106,538,power-play,52,2,FALSE,FALSE,TRUE,TRUE,TRUE,FALSE,0.09625698807955496,8475158
2020020106,542,power-play,40,-6,FALSE,FALSE,TRUE,TRUE,FALSE,FALSE,0.04791314393026898,8476792
2020020106,544,even-strength,74,-7,FALSE,FALSE,TRUE,FALSE,FALSE,FALSE,0,8477482
2020020106,555,power-play,76,-2,FALSE,FALSE,TRUE,FALSE,FALSE,FALSE,0,8475158
2020020106,764,even-strength,52,-25,TRUE,FALSE,TRUE,FALSE,FALSE,FALSE,0,8474102
2020020106,766,even-strength,38,-16,FALSE,FALSE,TRUE,TRUE,TRUE,FALSE,0.02512429528169724,8474884
2020020106,769,even-strength,54,-1,FALSE,FALSE,TRUE,TRUE,TRUE,FALSE,0.061900060596669866,8479385
2020020106,773,even-strength,72,9,FALSE,FALSE,TRUE,FALSE,FALSE,FALSE,0,8479385
2020020106,774,even-strength,40,29,FALSE,FALSE,TRUE,TRUE,TRUE,FALSE,0.02013081392347385,8477482
2020020106,776,even-strength,67,23,FALSE,FALSE,TRUE,TRUE,FALSE,FALSE,0.08451154837878941,8475753
2020020106,777,even-strength,56,-1,FALSE,FALSE,TRUE,TRUE,TRUE,FALSE,0.12866800928449962,8479385
2020020106,779,even-strength,75,16,FALSE,FALSE,TRUE,TRUE,TRUE,FALSE,0.12743920278329926,8476892
2020020106,782,even-strength,67,-1,FALSE,FALSE,TRUE,TRUE,TRUE,FALSE,0.17004634758193313,8474102
2020020106,783,even-strength,66,6,FALSE,FALSE,TRUE,FALSE,FALSE,FALSE,0,8476792
2020020106,787,even-strength,57,-11,FALSE,FALSE,TRUE,TRUE,TRUE,FALSE,0.08523771227884443,8476892
2020020122,13,power-play,87,9,FALSE,FALSE,TRUE,TRUE,TRUE,FALSE,0.07746469965247987,8475768
2020020122,14,power-play,69,-21,FALSE,FALSE,TRUE,TRUE,FALSE,FALSE,0.07350974492088576,8480023
2020020122,16,power-play,66,1,FALSE,FALSE,TRUE,FALSE,FALSE,FALSE,0,8474102
2020020122,18,power-play,67,16,FALSE,FALSE,TRUE,FALSE,FALSE,FALSE,0,8478013
2020020122,19,even-strength,73,1,FALSE,FALSE,TRUE,FALSE,FALSE,FALSE,0,8475765
2020020122,20,even-strength,74,3,FALSE,FALSE,TRUE,FALSE,FALSE,FALSE,0,8474618
2020020122,23,even-strength,72,-7,FALSE,FALSE,TRUE,FALSE,FALSE,FALSE,0,8475765
2020020122,36,even-strength,57,2,FALSE,FALSE,TRUE,FALSE,FALSE,FALSE,0,8477482
2020020122,44,even-strength,32,23,FALSE,FALSE,TRUE,TRUE,TRUE,FALSE,0.025088762188279472,8475768
2020020122,46,even-strength,45,23,FALSE,FALSE,TRUE,TRUE,TRUE,FALSE,0.021198609765088326,8474618
2020020122,47,even-strength,56,24,FALSE,FALSE,TRUE,TRUE,TRUE,FALSE,0.023722033373986703,8477482
2020020122,49,even-strength,76,2,FALSE,FALSE,TRUE,TRUE,TRUE,FALSE,0.14796902296474382,8478407
2020020122,207,even-strength,50,-19,FALSE,FALSE,TRUE,FALSE,FALSE,FALSE,0,8475753
2020020122,209,even-strength,70,21,FALSE,TRUE,TRUE,TRUE,TRUE,TRUE,0.06331826377089693,8478407
2020020122,259,even-strength,72,7,FALSE,FALSE,TRUE,FALSE,FALSE,FALSE,0,8477482
2020020122,261,even-strength,43,22,FALSE,FALSE,TRUE,TRUE,TRUE,FALSE,0.030061281672145262,8474618
2020020122,264,even-strength,86,-23,FALSE,FALSE,TRUE,TRUE,FALSE,FALSE,0.02427989163705111,8474145
2020020122,265,even-strength,41,-24,FALSE,FALSE,TRUE,TRUE,FALSE,FALSE,0.014889551081065162,8474145
2020020122,272,penalty-kill,74,-1,FALSE,FALSE,TRUE,TRUE,FALSE,FALSE,0.1330990996300011,8475158
2020020122,288,even-strength,91,-5,FALSE,FALSE,TRUE,TRUE,TRUE,FALSE,0.034312340958373065,8478057
2020020122,290,even-strength,61,18,FALSE,FALSE,TRUE,FALSE,FALSE,FALSE,0,8475170
2020020122,291,even-strength,88,4,FALSE,TRUE,TRUE,TRUE,TRUE,FALSE,0.14377911343441532,8475170
2020020122,292,even-strength,87,-6,FALSE,FALSE,TRUE,TRUE,TRUE,FALSE,0.05485494306517552,8475765
2020020122,460,even-strength,68,1,FALSE,FALSE,TRUE,TRUE,FALSE,FALSE,0.07334452542814408,8480023
2020020122,463,even-strength,68,-22,FALSE,FALSE,TRUE,FALSE,FALSE,FALSE,0,8475765
2020020122,464,even-strength,67,-1,FALSE,FALSE,TRUE,TRUE,TRUE,FALSE,0.06922725432233756,8475765
2020020122,467,power-play,76,-3,FALSE,FALSE,TRUE,FALSE,FALSE,FALSE,0,8478407
2020020122,468,even-strength,82,-37,FALSE,FALSE,TRUE,TRUE,TRUE,FALSE,0.019630199099719324,8475160
2020020122,474,even-strength,26,26,FALSE,FALSE,TRUE,TRUE,TRUE,FALSE,0.0075713308365901195,8478013
2020020122,492,even-strength,78,2,FALSE,FALSE,TRUE,TRUE,TRUE,FALSE,0.14687887445091666,8475765
2020020122,493,even-strength,31,-19,FALSE,FALSE,TRUE,TRUE,TRUE,FALSE,0.013411918044255162,8475753
2020020122,496,even-strength,77,-10,FALSE,FALSE,TRUE,FALSE,FALSE,FALSE,0,8480023
2020020122,497,even-strength,76,-21,FALSE,FALSE,TRUE,FALSE,FALSE,FALSE,0,8475753
2020020122,651,even-strength,86,7,FALSE,FALSE,TRUE,FALSE,FALSE,FALSE,0,8480023
2020020122,655,even-strength,82,17,FALSE,FALSE,TRUE,TRUE,FALSE,FALSE,0.041979227157633345,8477455
2020020122,657,even-strength,40,-14,FALSE,FALSE,TRUE,FALSE,FALSE,FALSE,0,8478407
2020020122,662,even-strength,69,-8,FALSE,FALSE,TRUE,FALSE,FALSE,FALSE,0,8475753
2020020122,663,even-strength,79,-10,FALSE,FALSE,TRUE,FALSE,FALSE,FALSE,0,8475753
2020020122,675,even-strength,32,35,FALSE,FALSE,TRUE,TRUE,TRUE,FALSE,0.007811425848132875,8478407
2020020122,677,even-strength,67,-7,FALSE,FALSE,TRUE,FALSE,FALSE,FALSE,0,8475753
2020020194,39,even-strength,84,-4,FALSE,TRUE,TRUE,TRUE,TRUE,FALSE,0.21357467444497652,8479336
2020020194,40,even-strength,82,-3,FALSE,FALSE,TRUE,FALSE,FALSE,FALSE,0,8480014
2020020194,53,even-strength,65,-18,FALSE,FALSE,TRUE,TRUE,TRUE,TRUE,0.06207645123022014,8471685
2020020194,70,even-strength,68,-31,FALSE,FALSE,TRUE,TRUE,TRUE,TRUE,0.025516382153592743,8477960
2020020194,75,even-strength,69,-15,FALSE,FALSE,TRUE,TRUE,TRUE,FALSE,0.050825482086324494,8478020
2020020194,76,even-strength,83,2,FALSE,TRUE,TRUE,TRUE,TRUE,FALSE,0.3050677178660967,8478455
2020020194,78,power-play,84,4,FALSE,TRUE,TRUE,TRUE,TRUE,FALSE,0.18556740405453187,8477960
2020020194,83,power-play,78,5,FALSE,FALSE,TRUE,TRUE,TRUE,FALSE,0.11409947281310193,8470604
2020020194,84,power-play,67,-19,FALSE,FALSE,TRUE,TRUE,TRUE,FALSE,0.06760735164798552,8470604
2020020194,91,power-play,87,4,FALSE,FALSE,TRUE,TRUE,TRUE,FALSE,0.08556805073964555,8477960
2020020194,93,even-strength,68,-22,FALSE,FALSE,TRUE,TRUE,TRUE,FALSE,0.0353974464050255,8477960
2020020194,94,even-strength,85,-22,FALSE,TRUE,TRUE,TRUE,TRUE,FALSE,0.07796429933641962,8477960
2020020194,96,even-strength,47,13,FALSE,FALSE,TRUE,FALSE,FALSE,FALSE,0,8477073
2020020194,97,even-strength,69,17,FALSE,FALSE,TRUE,TRUE,FALSE,FALSE,0.042059616280937066,8471685
2020020194,100,even-strength,12,22,FALSE,FALSE,TRUE,TRUE,TRUE,FALSE,0.003565263051080648,8470604
2020020194,237,power-play,82,-8,FALSE,FALSE,TRUE,FALSE,FALSE,FALSE,0,8477960
2020020194,353,even-strength,62,-21,FALSE,FALSE,TRUE,TRUE,FALSE,FALSE,0.031690819943761994,8470606
2020020194,357,even-strength,31,-4,FALSE,FALSE,TRUE,TRUE,FALSE,FALSE,0.014865349308547033,8474563
2020020194,361,even-strength,82,-3,FALSE,FALSE,TRUE,TRUE,TRUE,FALSE,0.10844144822427346,8470606
2020020194,362,even-strength,75,19,FALSE,FALSE,TRUE,TRUE,TRUE,FALSE,0.04100485669790859,8480113
2020020194,367,penalty-kill,81,6,FALSE,FALSE,TRUE,TRUE,FALSE,FALSE,0.13943533234518843,8470604
2020020194,373,even-strength,65,-10,FALSE,FALSE,TRUE,TRUE,FALSE,FALSE,0.05130298439090214,8480014
2020020194,376,power-play,43,-25,FALSE,FALSE,TRUE,TRUE,TRUE,FALSE,0.03953441669689533,8477960
2020020194,378,power-play,67,1,FALSE,FALSE,TRUE,TRUE,TRUE,FALSE,0.08857080654719342,8470604
2020020194,380,power-play,36,17,FALSE,FALSE,TRUE,TRUE,FALSE,FALSE,0.03178452550054543,8474563
2020020194,382,even-strength,6,-16,FALSE,FALSE,TRUE,TRUE,TRUE,FALSE,0.004179768778744812,8471685
2020020194,384,even-strength,51,23,FALSE,FALSE,TRUE,TRUE,FALSE,FALSE,0.025717725884936583,8479675
2020020194,385,even-strength,66,-5,FALSE,TRUE,TRUE,TRUE,TRUE,TRUE,0.19337709356551203,8479994
2020020194,387,even-strength,61,14,FALSE,FALSE,TRUE,FALSE,FALSE,FALSE,0,8479998
2020020194,388,even-strength,51,-28,FALSE,FALSE,TRUE,TRUE,TRUE,FALSE,0.029883586759694256,8470606
2020020194,398,even-strength,51,-29,FALSE,FALSE,TRUE,TRUE,FALSE,FALSE,0.015245197068860107,8471685
2020020194,448,power-play,61,-20,FALSE,FALSE,TRUE,FALSE,FALSE,FALSE,0,8479348
2020020194,551,even-strength,35,-24,FALSE,FALSE,TRUE,TRUE,TRUE,FALSE,0.014634178801654128,8479348
2020020194,553,even-strength,77,-12,FALSE,FALSE,TRUE,FALSE,FALSE,FALSE,0,8479675
2020020194,555,even-strength,30,-16,FALSE,FALSE,TRUE,TRUE,FALSE,FALSE,0.018592469892377304,8480467
2020020194,556,even-strength,59,-23,FALSE,FALSE,TRUE,TRUE,TRUE,FALSE,0.030945322040634604,8470606
2020020194,559,even-strength,36,-17,FALSE,FALSE,TRUE,TRUE,TRUE,FALSE,0.014770750765418459,8479998
2020020194,561,even-strength,68,20,TRUE,FALSE,TRUE,TRUE,FALSE,FALSE,0.06727401274880185,8479994
2020020194,570,even-strength,87,20,FALSE,FALSE,TRUE,TRUE,FALSE,FALSE,0.03840527868153304,8479336
2020020194,580,even-strength,77,8,FALSE,FALSE,TRUE,TRUE,TRUE,FALSE,0.07819881731192373,8470604
2020020194,582,even-strength,51,12,FALSE,FALSE,TRUE,FALSE,FALSE,FALSE,0,8477073
2020020194,589,even-strength,89,5,FALSE,FALSE,TRUE,TRUE,TRUE,FALSE,0.04335974960831842,8480014
2020020194,591,power-play,86,-6,FALSE,FALSE,TRUE,TRUE,TRUE,FALSE,0.10627428555886463,8480113
2020020194,592,power-play,84,-3,FALSE,TRUE,TRUE,TRUE,TRUE,FALSE,0.28004339261743777,8480113
2020020194,594,power-play,85,-6,FALSE,FALSE,TRUE,TRUE,TRUE,FALSE,0.12317683347774007,8470604
2020020194,595,power-play,83,-2,FALSE,TRUE,TRUE,TRUE,TRUE,FALSE,0.31948704878167494,8470604
2020020194,596,even-strength,37,18,FALSE,FALSE,TRUE,TRUE,FALSE,FALSE,0.019609845024580706,8479348
2020020194,598,even-strength,71,-4,FALSE,FALSE,TRUE,FALSE,FALSE,FALSE,0,8474563
2020020194,600,even-strength,69,-9,FALSE,FALSE,TRUE,TRUE,FALSE,FALSE,0.07513104179672447,8478455
2020020194,702,even-strength,49,4,FALSE,FALSE,TRUE,TRUE,FALSE,FALSE,0.03540275192875091,8479348
2020020194,703,even-strength,33,-16,FALSE,FALSE,TRUE,TRUE,TRUE,FALSE,0.01466080308740811,8474563
2020020194,704,even-strength,62,5,FALSE,FALSE,TRUE,FALSE,FALSE,FALSE,0,8474563
2020020194,705,even-strength,56,-7,FALSE,FALSE,TRUE,TRUE,TRUE,FALSE,0.047036419604263406,8471685
2020020194,709,power-play,83,1,FALSE,TRUE,TRUE,TRUE,TRUE,FALSE,0.3316117330729129,8479336
2020020194,710,power-play,82,0,FALSE,TRUE,TRUE,TRUE,FALSE,FALSE,0.49538688889886684,8470604
2020020194,711,power-play,53,-22,FALSE,FALSE,TRUE,TRUE,FALSE,FALSE,0.061140314070709495,8477960
2020020194,715,even-strength,40,35,FALSE,FALSE,TRUE,TRUE,FALSE,FALSE,0.0198354693517656,8476874
2020020194,718,even-strength,82,4,FALSE,FALSE,TRUE,TRUE,TRUE,FALSE,0.10418136579752094,8470606
2020020194,719,even-strength,61,-2,FALSE,FALSE,TRUE,FALSE,FALSE,FALSE,0,8477960
2020020325,55,even-strength,22,-15,FALSE,FALSE,TRUE,FALSE,FALSE,FALSE,0,8470612
2020020325,57,even-strength,64,17,FALSE,FALSE,TRUE,FALSE,FALSE,FALSE,0,8478491
2020020325,59,power-play,87,-7,FALSE,FALSE,TRUE,TRUE,TRUE,FALSE,0.09865201843669733,8474641
2020020325,60,power-play,72,4,FALSE,FALSE,TRUE,TRUE,TRUE,FALSE,0.10839107937792612,8480031
2020020325,62,power-play,64,-15,FALSE,FALSE,TRUE,FALSE,FALSE,FALSE,0,8476407
2020020325,63,power-play,56,20,FALSE,FALSE,TRUE,TRUE,TRUE,FALSE,0.0810480613160688,8482142
2020020325,66,even-strength,77,-22,FALSE,FALSE,TRUE,TRUE,TRUE,FALSE,0.03719478446984791,8475235
2020020325,69,even-strength,55,-11,FALSE,FALSE,TRUE,FALSE,FALSE,FALSE,0,8475235
2020020325,70,even-strength,51,30,FALSE,FALSE,TRUE,TRUE,FALSE,FALSE,0.011907286117660659,8477938
2020020325,73,even-strength,56,6,FALSE,FALSE,TRUE,TRUE,FALSE,FALSE,0.062029839680908014,8474641
2020020325,77,even-strength,57,15,FALSE,FALSE,TRUE,FALSE,FALSE,FALSE,0,8477938
2020020325,78,even-strength,39,-18,TRUE,FALSE,TRUE,TRUE,FALSE,FALSE,0.04931105461360602,8474683
2020020325,81,even-strength,65,-29,FALSE,FALSE,TRUE,TRUE,TRUE,FALSE,0.028953283261928992,8476407
2020020325,85,even-strength,82,-10,FALSE,FALSE,TRUE,TRUE,TRUE,FALSE,0.07406016002473809,8479368
2020020325,87,even-strength,50,1,FALSE,FALSE,TRUE,TRUE,TRUE,FALSE,0.04108513997028738,8478046
2020020325,88,even-strength,32,32,FALSE,FALSE,TRUE,TRUE,FALSE,FALSE,0.006627956545870057,8475235
2020020325,89,even-strength,43,-3,FALSE,FALSE,TRUE,FALSE,FALSE,FALSE,0,8475764
2020020325,91,even-strength,61,-30,FALSE,FALSE,TRUE,TRUE,TRUE,FALSE,0.02269011279416477,8476407
2020020325,94,even-strength,16,-33,FALSE,FALSE,TRUE,TRUE,TRUE,FALSE,0.00454403371196917,8476407
2020020325,137,even-strength,82,-8,FALSE,TRUE,TRUE,TRUE,FALSE,FALSE,0.15327560230442622,8479351
2020020325,251,even-strength,37,14,FALSE,FALSE,TRUE,TRUE,FALSE,FALSE,0.019266469936505302,8478491
2020020325,260,even-strength,60,3,FALSE,FALSE,TRUE,TRUE,TRUE,FALSE,0.0662593054674375,8470612
2020020325,262,even-strength,63,6,FALSE,FALSE,TRUE,TRUE,FALSE,FALSE,0.0642781050194705,8480031
2020020325,272,even-strength,31,-24,FALSE,FALSE,TRUE,TRUE,FALSE,FALSE,0.009216795768747933,8470655
2020020325,273,even-strength,58,-28,FALSE,FALSE,TRUE,TRUE,TRUE,FALSE,0.028169046720025244,8475235
2020020325,282,even-strength,74,-17,FALSE,FALSE,TRUE,FALSE,FALSE,FALSE,0,8478873
2020020325,284,even-strength,72,-10,FALSE,FALSE,TRUE,FALSE,FALSE,FALSE,0,8478873
2020020325,286,even-strength,75,-10,FALSE,FALSE,TRUE,FALSE,FALSE,FALSE,0,8474031
2020020325,289,even-strength,69,2,TRUE,FALSE,TRUE,TRUE,FALSE,FALSE,0.10442716603159857,8476483
2020020325,298,even-strength,69,-7,FALSE,FALSE,TRUE,FALSE,FALSE,FALSE,0,8470655
2020020325,455,penalty-kill,77,-4,FALSE,FALSE,TRUE,TRUE,TRUE,FALSE,0.10054722395444428,8474683
2020020325,460,even-strength,73,4,FALSE,FALSE,TRUE,FALSE,FALSE,FALSE,0,8477938
2020020325,468,penalty-kill,83,-22,TRUE,FALSE,TRUE,TRUE,TRUE,FALSE,0.08011673016192579,8479368
2020020325,473,even-strength,53,18,FALSE,FALSE,TRUE,TRUE,FALSE,FALSE,0.05061930177201437,8475235
2020020325,474,even-strength,79,1,FALSE,FALSE,TRUE,TRUE,TRUE,FALSE,0.11600890370744621,8476483
2020020325,479,even-strength,40,16,FALSE,FALSE,TRUE,TRUE,FALSE,FALSE,0.018004309848449904,8475235
2020020325,480,even-strength,82,-17,FALSE,FALSE,TRUE,TRUE,FALSE,FALSE,0.03917360205051716,8470655
2020020325,481,even-strength,79,-10,FALSE,FALSE,TRUE,FALSE,FALSE,FALSE,0,8476407
2020020325,484,even-strength,62,-27,FALSE,FALSE,TRUE,TRUE,TRUE,FALSE,0.026597665641349306,8474683
2020020325,485,even-strength,20,-35,FALSE,FALSE,TRUE,TRUE,TRUE,FALSE,0.0037032090173697765,8479351
2020020325,487,even-strength,78,2,FALSE,FALSE,TRUE,TRUE,FALSE,FALSE,0.09295024539660685,8478873
2020020325,488,even-strength,48,27,FALSE,FALSE,TRUE,TRUE,FALSE,FALSE,0.01781742527171264,8478491
2020020325,489,even-strength,40,20,FALSE,FALSE,TRUE,TRUE,FALSE,FALSE,0.018780803466102454,8478491
2020020325,493,even-strength,82,-8,FALSE,FALSE,TRUE,TRUE,FALSE,FALSE,0.06827870366314018,8480031
2020020325,499,even-strength,84,-10,FALSE,FALSE,TRUE,TRUE,TRUE,FALSE,0.056789213120624966,8478873
2020020325,500,even-strength,85,-8,FALSE,TRUE,TRUE,TRUE,TRUE,FALSE,0.11404638451234164,8478873
2020020325,651,even-strength,85,1,FALSE,TRUE,TRUE,TRUE,TRUE,TRUE,0.2573009381179254,8479351
2020020325,652,even-strength,55,-6,FALSE,FALSE,TRUE,FALSE,FALSE,FALSE,0,8482142
2020020325,653,even-strength,50,1,FALSE,FALSE,TRUE,TRUE,FALSE,FALSE,0.036349214921553456,8477938
2020020325,667,even-strength,52,-4,FALSE,FALSE,TRUE,FALSE,FALSE,FALSE,0,8474641
2020020325,673,power-play,68,-22,FALSE,FALSE,TRUE,TRUE,TRUE,FALSE,0.04682089432709772,8474031
2020020325,680,even-strength,84,6,FALSE,FALSE,TRUE,TRUE,TRUE,FALSE,0.06656479710244219,8479351
2020020325,681,even-strength,79,3,FALSE,FALSE,TRUE,FALSE,FALSE,FALSE,0,8479351
2020020325,686,even-strength,36,-15,FALSE,FALSE,TRUE,TRUE,TRUE,FALSE,0.018194232775544668,8474031
2020020325,689,even-strength,47,-25,FALSE,FALSE,TRUE,TRUE,TRUE,FALSE,0.019074057939315554,8476407
2020020325,752,penalty-kill,-81,33,FALSE,FALSE,TRUE,TRUE,TRUE,FALSE,2.2409682061415548e-4,8478491
2020020481,25,even-strength,67,3,FALSE,FALSE,TRUE,FALSE,FALSE,FALSE,0,8470604
2020020481,35,even-strength,73,1,FALSE,FALSE,TRUE,FALSE,FALSE,FALSE,0,8477960
2020020481,37,even-strength,65,-23,FALSE,FALSE,TRUE,TRUE,TRUE,FALSE,0.0375847910500434,8471685
2020020481,55,even-strength,80,-24,FALSE,FALSE,TRUE,TRUE,TRUE,FALSE,0.02983124873321611,8480336
2020020481,59,even-strength,68,9,FALSE,FALSE,TRUE,TRUE,TRUE,FALSE,0.07564703675957497,8470606
2020020481,63,even-strength,54,-17,FALSE,FALSE,TRUE,FALSE,FALSE,FALSE,0,8481481
2020020481,65,even-strength,55,19,FALSE,FALSE,TRUE,TRUE,TRUE,FALSE,0.03979891122412517,8480113
2020020481,71,even-strength,82,27,FALSE,FALSE,TRUE,TRUE,TRUE,FALSE,0.026388232608380104,8480113
2020020481,72,even-strength,81,7,FALSE,FALSE,TRUE,TRUE,FALSE,FALSE,0.06339990625563548,8470606
2020020481,75,even-strength,55,-5,FALSE,FALSE,TRUE,TRUE,TRUE,FALSE,0.047479444891985356,8476960
2020020481,77,even-strength,87,-28,FALSE,FALSE,TRUE,TRUE,FALSE,FALSE,0.025618215320388136,8479675
2020020481,78,even-strength,47,33,FALSE,FALSE,TRUE,TRUE,TRUE,FALSE,0.013925858246288392,8479336
2020020481,79,even-strength,71,2,FALSE,FALSE,TRUE,FALSE,FALSE,FALSE,0,8479675
2020020481,87,even-strength,82,-6,TRUE,FALSE,TRUE,TRUE,TRUE,FALSE,0.15679632014151346,8476960
2020020481,88,even-strength,83,-5,FALSE,FALSE,TRUE,TRUE,TRUE,FALSE,0.08042324314921262,8479336
2020020481,89,even-strength,11,-33,FALSE,FALSE,TRUE,TRUE,TRUE,FALSE,0.0031984321545207063,8479994
2020020481,97,even-strength,86,6,FALSE,FALSE,TRUE,FALSE,FALSE,FALSE,0,8479675
2020020481,353,even-strength,72,1,FALSE,FALSE,TRUE,FALSE,FALSE,FALSE,0,8476960
2020020481,379,power-play,69,8,FALSE,FALSE,TRUE,FALSE,FALSE,FALSE,0,8480336
2020020481,383,even-strength,82,-5,FALSE,TRUE,TRUE,TRUE,FALSE,FALSE,0.23425200673408939,8471685
2020020481,394,even-strength,76,-5,FALSE,TRUE,TRUE,TRUE,FALSE,FALSE,0.1909305012535587,8477960
2020020481,404,even-strength,81,-1,FALSE,TRUE,TRUE,TRUE,TRUE,TRUE,0.293777147843349,8480113
2020020481,406,even-strength,84,-36,FALSE,FALSE,TRUE,TRUE,TRUE,FALSE,0.017908008953164047,8470606
2020020481,413,even-strength,69,11,FALSE,FALSE,TRUE,TRUE,TRUE,FALSE,0.07337832926942588,8481600
2020020481,417,even-strength,50,-15,FALSE,FALSE,TRUE,FALSE,FALSE,FALSE,0,8478911
2020020481,418,even-strength,73,38,FALSE,FALSE,TRUE,TRUE,TRUE,FALSE,0.015939840638359903,8479998
2020020481,420,even-strength,78,-3,FALSE,FALSE,TRUE,TRUE,TRUE,TRUE,0.10338676572156008,8479675
2020020481,431,even-strength,50,-17,FALSE,FALSE,TRUE,TRUE,TRUE,FALSE,0.02533647386492794,8474563
2020020481,437,even-strength,60,-27,FALSE,FALSE,TRUE,TRUE,TRUE,FALSE,0.029127931586739337,8470606
2020020481,446,even-strength,60,-21,FALSE,FALSE,TRUE,TRUE,FALSE,FALSE,0.03355948434929639,8470606
2020020481,455,even-strength,85,-6,FALSE,FALSE,TRUE,TRUE,FALSE,FALSE,0.06568084713275896,8476960
2020020481,563,even-strength,75,25,FALSE,FALSE,TRUE,TRUE,FALSE,FALSE,0.029952372573083325,8476960
2020020481,567,even-strength,79,-4,FALSE,FALSE,TRUE,TRUE,FALSE,FALSE,0.0826009999063159,8481481
2020020481,568,even-strength,82,-3,FALSE,FALSE,TRUE,TRUE,FALSE,FALSE,0.08886364876546338,8480014
2020020481,569,even-strength,62,21,FALSE,FALSE,TRUE,FALSE,FALSE,FALSE,0,8471685
2020020481,576,power-play,51,0,FALSE,FALSE,TRUE,TRUE,TRUE,FALSE,0.08446295606015777,8477960
2020020481,577,power-play,84,-8,FALSE,FALSE,TRUE,TRUE,TRUE,FALSE,0.10082426717251441,8480113
2020020481,578,power-play,82,-20,FALSE,FALSE,TRUE,TRUE,TRUE,FALSE,0.09202248071576329,8470604
2020020481,580,power-play,74,4,FALSE,FALSE,TRUE,FALSE,FALSE,FALSE,0,8479994
2020020481,581,even-strength,63,6,FALSE,FALSE,TRUE,FALSE,FALSE,FALSE,0,8479675
2020020481,582,even-strength,51,19,FALSE,FALSE,TRUE,TRUE,TRUE,FALSE,0.022805761940798353,8480113
2020020481,584,even-strength,83,9,FALSE,FALSE,TRUE,TRUE,TRUE,FALSE,0.07801167742924253,8470604
2020020481,590,even-strength,72,-5,FALSE,FALSE,TRUE,TRUE,TRUE,FALSE,0.069162510578757,8479994
2020020481,591,even-strength,76,9,FALSE,FALSE,TRUE,FALSE,FALSE,FALSE,0,8470606
2020020481,592,even-strength,70,13,FALSE,FALSE,TRUE,TRUE,FALSE,FALSE,0.049715933057898634,8480113
2020020481,593,even-strength,64,-29,FALSE,FALSE,TRUE,TRUE,TRUE,FALSE,0.027715422989901976,8471685
2020020481,594,even-strength,58,13,FALSE,FALSE,TRUE,FALSE,FALSE,FALSE,0,8479998
2020020481,596,even-strength,68,-5,FALSE,FALSE,TRUE,TRUE,TRUE,FALSE,0.07831042130265355,8476960
2020020481,597,even-strength,69,-12,FALSE,FALSE,TRUE,FALSE,FALSE,FALSE,0,8474563
2020020481,598,even-strength,77,-4,FALSE,FALSE,TRUE,TRUE,FALSE,FALSE,0.08241136865874521,8477960
2020020481,599,even-strength,36,11,FALSE,FALSE,TRUE,TRUE,FALSE,FALSE,0.015276766202738079,8476874
2020020554,24,even-strength,35,34,FALSE,TRUE,TRUE,TRUE,TRUE,FALSE,0.027064166996546842,8480336
2020020554,55,even-strength,73,2,FALSE,FALSE,TRUE,TRUE,TRUE,FALSE,0.08525334163101664,8480113
2020020554,56,even-strength,31,-23,FALSE,FALSE,TRUE,TRUE,TRUE,FALSE,0.009078099908630819,8478911
2020020554,58,even-strength,78,-1,FALSE,FALSE,TRUE,FALSE,FALSE,FALSE,0,8470604
2020020554,59,even-strength,48,-1,FALSE,TRUE,TRUE,TRUE,TRUE,TRUE,0.0955604958241617,8478911
2020020554,60,even-strength,80,1,FALSE,TRUE,TRUE,TRUE,TRUE,FALSE,0.21709385893827798,8470606
2020020554,67,even-strength,69,0,FALSE,FALSE,TRUE,FALSE,FALSE,FALSE,0,8480113
2020020554,68,even-strength,80,-4,FALSE,FALSE,TRUE,TRUE,TRUE,FALSE,0.08107276510627448,8479675
2020020554,69,even-strength,82,-3,FALSE,TRUE,TRUE,TRUE,TRUE,FALSE,0.22335577256814057,8470604
2020020554,71,even-strength,57,-16,FALSE,FALSE,TRUE,FALSE,FALSE,FALSE,0,8474563
2020020554,75,even-strength,80,14,FALSE,FALSE,TRUE,TRUE,FALSE,FALSE,0.05170078831536023,8481481
2020020554,76,even-strength,68,-16,FALSE,FALSE,TRUE,FALSE,FALSE,FALSE,0,8470606
2020020554,77,even-strength,49,-30,FALSE,FALSE,TRUE,TRUE,TRUE,FALSE,0.013373019562010032,8480467
2020020554,78,even-strength,77,1,FALSE,FALSE,TRUE,TRUE,FALSE,FALSE,0.10887224161946547,8471685
2020020554,81,even-strength,79,2,FALSE,FALSE,TRUE,TRUE,TRUE,FALSE,0.08879173634746049,8470606
2020020554,83,even-strength,33,-7,FALSE,FALSE,TRUE,TRUE,TRUE,FALSE,0.024870366632367812,8479675
2020020554,85,power-play,64,-4,FALSE,FALSE,TRUE,FALSE,FALSE,FALSE,0,8477960
2020020554,86,power-play,66,-29,FALSE,FALSE,TRUE,TRUE,FALSE,FALSE,0.044181509677257286,8471685
2020020554,87,power-play,64,19,FALSE,FALSE,TRUE,FALSE,FALSE,FALSE,0,8474563
2020020554,88,power-play,85,6,FALSE,FALSE,TRUE,TRUE,FALSE,FALSE,0.09784423030330626,8470606
2020020554,89,power-play,72,2,FALSE,FALSE,TRUE,FALSE,FALSE,FALSE,0,8477960
2020020554,90,even-strength,47,-22,FALSE,FALSE,TRUE,FALSE,FALSE,FALSE,0,8478911
2020020554,205,even-strength,57,35,FALSE,FALSE,TRUE,TRUE,TRUE,FALSE,0.015644264659776395,8479336
2020020554,206,even-strength,46,27,TRUE,FALSE,TRUE,FALSE,FALSE,FALSE,0,8479998
2020020554,207,even-strength,56,26,FALSE,FALSE,TRUE,FALSE,FALSE,FALSE,0,8479998
2020020554,209,even-strength,29,31,FALSE,FALSE,TRUE,TRUE,TRUE,FALSE,0.00696607851967925,8479998
2020020554,211,even-strength,65,-8,FALSE,FALSE,TRUE,TRUE,TRUE,FALSE,0.05710688678087361,8476960
2020020554,219,even-strength,15,-29,FALSE,FALSE,TRUE,TRUE,TRUE,FALSE,0.0035267829037394145,8471685
2020020554,221,even-strength,52,-11,FALSE,FALSE,TRUE,TRUE,TRUE,FALSE,0.032484335679495685,8479675
2020020554,225,even-strength,80,17,FALSE,FALSE,TRUE,FALSE,FALSE,FALSE,0,8476960
2020020554,226,even-strength,72,-10,FALSE,FALSE,TRUE,FALSE,FALSE,FALSE,0,8480467
2020020554,236,even-strength,70,3,FALSE,FALSE,TRUE,TRUE,TRUE,FALSE,0.10623689489518595,8478455
2020020554,237,even-strength,90,22,FALSE,TRUE,TRUE,TRUE,FALSE,FALSE,0.14625510139813427,8478455
2020020554,240,even-strength,-8,-21,FALSE,FALSE,TRUE,TRUE,TRUE,FALSE,0.001956337231320161,8476960
2020020554,242,power-play,32,0,FALSE,FALSE,TRUE,TRUE,TRUE,FALSE,0.029775903688662574,8474563
2020020554,243,power-play,65,-7,FALSE,FALSE,TRUE,FALSE,FALSE,FALSE,0,8471685
2020020554,245,power-play,83,-13,FALSE,FALSE,TRUE,FALSE,FALSE,FALSE,0,8470604
2020020554,247,even-strength,64,-22,FALSE,FALSE,TRUE,TRUE,TRUE,FALSE,0.023688739593455133,8470606
2020020554,299,even-strength,77,-7,FALSE,TRUE,TRUE,TRUE,FALSE,FALSE,0.19690131329328545,8480467
2020020554,403,even-strength,86,-6,FALSE,FALSE,TRUE,TRUE,TRUE,FALSE,0.05101012552639563,8478455
2020020554,457,even-strength,46,-6,FALSE,FALSE,TRUE,FALSE,FALSE,FALSE,0,8478911
2020020554,463,penalty-kill,-78,-4,FALSE,FALSE,TRUE,TRUE,TRUE,FALSE,8.365100938240404e-4,8474563
2020020554,466,penalty-kill,-18,31,FALSE,FALSE,TRUE,TRUE,TRUE,FALSE,5.332658376402928e-4,8479998
2020020554,468,even-strength,64,-36,FALSE,FALSE,TRUE,TRUE,FALSE,FALSE,0.012866905097381058,8480336
2020020554,469,even-strength,78,3,FALSE,FALSE,TRUE,FALSE,FALSE,FALSE,0,8480467
2020020554,470,even-strength,77,-10,FALSE,FALSE,TRUE,FALSE,FALSE,FALSE,0,8479336
2020020554,473,even-strength,82,-1,FALSE,FALSE,TRUE,TRUE,FALSE,FALSE,0.19654008782515456,8470606
2020020554,474,even-strength,47,12,FALSE,FALSE,TRUE,TRUE,FALSE,FALSE,0.02597045013905471,8476960
2020020554,475,even-strength,66,32,FALSE,FALSE,TRUE,TRUE,FALSE,FALSE,0.020952507599626267,8479994
2020020554,476,even-strength,59,18,FALSE,FALSE,TRUE,FALSE,FALSE,FALSE,0,8479998
2020020554,477,even-strength,80,-6,FALSE,FALSE,TRUE,TRUE,TRUE,FALSE,0.09798274536487483,8480467
2020020554,481,even-strength,66,-20,FALSE,FALSE,TRUE,TRUE,FALSE,FALSE,0.036571292912532596,8480113
2020020554,484,even-strength,46,27,FALSE,FALSE,TRUE,TRUE,TRUE,FALSE,0.019639896269487898,8479998
2020020554,487,power-play,74,12,FALSE,FALSE,TRUE,FALSE,FALSE,FALSE,0,8474563
2020020554,488,power-play,35,-26,FALSE,FALSE,TRUE,TRUE,FALSE,FALSE,0.03400356563535231,8477960
2020020554,489,power-play,59,24,FALSE,FALSE,TRUE,TRUE,FALSE,FALSE,0.05894488234431538,8476960
2020020554,492,even-strength,44,-16,FALSE,FALSE,TRUE,TRUE,FALSE,FALSE,0.020112930539692615,8478455
2020020554,497,even-strength,77,-7,FALSE,FALSE,TRUE,TRUE,TRUE,FALSE,0.08144062691185962,8481481
2020020579,21,power-play,80,-8,FALSE,FALSE,TRUE,FALSE,FALSE,FALSE,0,8477942
2020020579,38,penalty-kill,75,27,FALSE,FALSE,TRUE,TRUE,TRUE,FALSE,0.10075622074677497,8476415
2020020579,52,even-strength,35,34,FALSE,FALSE,TRUE,FALSE,FALSE,FALSE,0,8476463
2020020579,53,even-strength,70,-34,FALSE,FALSE,TRUE,TRUE,FALSE,FALSE,0.017435215530275428,8478864
2020020579,54,even-strength,69,35,FALSE,FALSE,TRUE,TRUE,TRUE,FALSE,0.02430718726166316,8477942
2020020579,64,even-strength,48,-2,FALSE,FALSE,TRUE,TRUE,TRUE,FALSE,0.039039513425715815,8476856
2020020579,68,power-play,77,0,FALSE,FALSE,TRUE,FALSE,FALSE,FALSE,0,8474716
2020020579,69,power-play,59,17,FALSE,FALSE,TRUE,TRUE,TRUE,FALSE,0.06484284219657545,8478864
2020020579,71,power-play,64,36,FALSE,FALSE,TRUE,TRUE,TRUE,FALSE,0.06166846419034353,8477451
2020020579,74,even-strength,83,2,FALSE,FALSE,TRUE,TRUE,TRUE,TRUE,0.1431482851577206,8478864
2020020579,75,even-strength,58,16,FALSE,FALSE,TRUE,FALSE,FALSE,FALSE,0,8470600
2020020579,79,even-strength,18,3,TRUE,FALSE,TRUE,TRUE,TRUE,FALSE,0.0092389180028759,8477369
2020020579,80,even-strength,36,-14,FALSE,FALSE,TRUE,TRUE,FALSE,FALSE,0.017944525242909612,8476856
2020020579,83,even-strength,36,-29,FALSE,FALSE,TRUE,TRUE,TRUE,FALSE,0.01407015064535251,8477451
2020020579,85,even-strength,75,3,FALSE,FALSE,TRUE,FALSE,FALSE,FALSE,0,8478493
2020020579,86,even-strength,57,35,FALSE,FALSE,TRUE,TRUE,TRUE,FALSE,0.013939402085749257,8477942
2020020579,87,even-strength,76,1,FALSE,TRUE,TRUE,TRUE,TRUE,FALSE,0.27130970146301037,8476437
2020020579,252,power-play,57,22,FALSE,FALSE,TRUE,FALSE,FALSE,FALSE,0,8476437
2020020579,253,even-strength,80,-25,FALSE,FALSE,TRUE,TRUE,FALSE,FALSE,0.025062659772026197,8475760
2020020579,254,even-strength,88,-8,FALSE,TRUE,TRUE,TRUE,TRUE,FALSE,0.06371841282411343,8478493
2020020579,357,even-strength,49,31,FALSE,FALSE,TRUE,TRUE,FALSE,FALSE,0.01907874194420889,8477942
2020020579,358,even-strength,47,33,FALSE,FALSE,TRUE,TRUE,FALSE,FALSE,0.016511673027560098,8476437
2020020579,359,even-strength,78,-1,FALSE,FALSE,TRUE,FALSE,FALSE,FALSE,0,8476856
2020020579,362,even-strength,89,15,FALSE,FALSE,TRUE,TRUE,TRUE,FALSE,0.047183595386756816,8478864
2020020579,371,even-strength,88,-7,FALSE,FALSE,TRUE,TRUE,FALSE,FALSE,0.048288465920973675,8477366
2020020579,372,even-strength,71,-2,FALSE,FALSE,TRUE,TRUE,FALSE,FALSE,0.07203758325070313,8477366
2020020579,373,even-strength,43,-20,FALSE,FALSE,TRUE,TRUE,TRUE,FALSE,0.022593529467141014,8475760
2020020579,375,even-strength,63,-24,FALSE,FALSE,TRUE,TRUE,TRUE,FALSE,0.025454975586817502,8474716
2020020579,376,even-strength,64,11,FALSE,FALSE,TRUE,FALSE,FALSE,FALSE,0,8478413
2020020579,377,even-strength,79,-4,FALSE,FALSE,TRUE,FALSE,FALSE,FALSE,0,8474716
2020020579,381,even-strength,31,32,FALSE,FALSE,TRUE,TRUE,TRUE,FALSE,0.006718968116670998,8477369
2020020579,382,even-strength,63,0,FALSE,FALSE,TRUE,FALSE,FALSE,FALSE,0,8475692
2020020579,385,power-play,70,-21,FALSE,FALSE,TRUE,TRUE,TRUE,FALSE,0.054798316851501445,8477942
2020020579,386,power-play,69,28,FALSE,FALSE,TRUE,TRUE,TRUE,FALSE,0.05854524729047678,8476437
2020020579,389,power-play,56,30,FALSE,FALSE,TRUE,TRUE,TRUE,FALSE,0.032573117495216256,8470600
2020020579,390,even-strength,60,16,FALSE,FALSE,TRUE,TRUE,FALSE,FALSE,0.03588549782023509,8476463
2020020579,394,even-strength,35,-24,FALSE,FALSE,TRUE,TRUE,TRUE,FALSE,0.014636026765285113,8478413
2020020579,395,even-strength,76,-17,FALSE,FALSE,TRUE,TRUE,TRUE,FALSE,0.03796375793001949,8478493
2020020579,396,even-strength,77,-2,FALSE,FALSE,TRUE,FALSE,FALSE,FALSE,0,8476415
2020020579,508,even-strength,57,19,FALSE,FALSE,TRUE,TRUE,TRUE,FALSE,0.04513310857481744,8478864
2020020579,509,even-strength,81,4,FALSE,FALSE,TRUE,TRUE,TRUE,FALSE,0.07932139514653014,8475760
2020020579,511,even-strength,50,-18,FALSE,FALSE,TRUE,TRUE,TRUE,FALSE,0.025927062748610806,8475149
2020020579,513,even-strength,64,1,FALSE,FALSE,TRUE,FALSE,FALSE,FALSE,0,8475149
2020020579,514,even-strength,31,-18,FALSE,FALSE,TRUE,TRUE,TRUE,FALSE,0.01925181831167834,8476856
2020020579,515,even-strength,81,3,FALSE,TRUE,TRUE,TRUE,TRUE,FALSE,0.26797132455155337,8478493
2020020579,523,even-strength,86,33,FALSE,FALSE,TRUE,TRUE,TRUE,FALSE,0.013361869478414511,8478413
2020020579,528,even-strength,57,-20,FALSE,FALSE,TRUE,TRUE,TRUE,FALSE,0.0379585321291788,8474716
2020020579,529,even-strength,75,3,FALSE,FALSE,TRUE,FALSE,FALSE,FALSE,0,8474009
2020020579,532,even-strength,71,-2,FALSE,FALSE,TRUE,TRUE,FALSE,FALSE,0.15540876383615884,8476856
2020020579,534,even-strength,74,-10,FALSE,FALSE,TRUE,TRUE,FALSE,FALSE,0.051860595005960276,8477366
2020020579,537,even-strength,84,-3,FALSE,FALSE,TRUE,TRUE,TRUE,FALSE,0.08006276539926434,8476415
2020020579,539,even-strength,31,1,FALSE,FALSE,TRUE,TRUE,FALSE,FALSE,0.04755461270589125,8476856
2020020579,540,even-strength,84,5,FALSE,FALSE,TRUE,TRUE,FALSE,FALSE,0.10019709852087655,8478493
2020020579,541,even-strength,84,4,FALSE,FALSE,TRUE,TRUE,TRUE,FALSE,0.11374975676682357,8476437
2020020579,543,power-play,65,22,FALSE,FALSE,TRUE,TRUE,TRUE,FALSE,0.06987953659132633,8474716
2020020579,544,power-play,77,12,FALSE,FALSE,TRUE,FALSE,FALSE,FALSE,0,8474716
2020020579,545,power-play,67,-25,FALSE,TRUE,TRUE,TRUE,TRUE,FALSE,0.1769824007236283,8477942
2020020579,546,power-play,66,22,FALSE,FALSE,TRUE,TRUE,TRUE,TRUE,0.07817091973230515,8474716
2020020579,547,even-strength,32,-21,FALSE,FALSE,TRUE,TRUE,FALSE,FALSE,0.010097894954263343,8476856
2020020579,549,even-strength,68,38,FALSE,FALSE,TRUE,TRUE,FALSE,FALSE,0.020836470561346247,8477942
2020020579,550,even-strength,66,32,FALSE,FALSE,TRUE,TRUE,FALSE,FALSE,0.022972357038603897,8475692
2020020579,759,penalty-kill,84,-5,FALSE,FALSE,TRUE,TRUE,FALSE,FALSE,0.14982073487144987,8475149
2020020579,762,even-strength,62,0,FALSE,FALSE,TRUE,TRUE,TRUE,FALSE,0.09698719414434101,8475692
2020020579,763,even-strength,41,4,FALSE,FALSE,TRUE,TRUE,FALSE,FALSE,0.030061161604318046,8470600
2020020579,764,even-strength,68,-26,FALSE,FALSE,TRUE,TRUE,TRUE,FALSE,0.041422069513259024,8478864
2020020579,768,even-strength,70,20,FALSE,FALSE,TRUE,FALSE,FALSE,FALSE,0,8478413
2020020579,769,even-strength,32,27,FALSE,FALSE,TRUE,TRUE,FALSE,FALSE,0.008757382087471052,8474013
2020020579,779,even-strength,71,-18,FALSE,FALSE,TRUE,TRUE,FALSE,FALSE,0.05556679162528951,8474009
2020020579,782,even-strength,85,1,FALSE,FALSE,TRUE,TRUE,TRUE,FALSE,0.15771503463608022,8478493
2020020579,787,penalty-kill,-94,-24,FALSE,FALSE,TRUE,TRUE,TRUE,FALSE,5.159089047478579e-4,8474716
2020020579,795,even-strength,53,-22,FALSE,FALSE,TRUE,FALSE,FALSE,FALSE,0,8476856
2020020579,798,even-strength,51,-20,FALSE,FALSE,TRUE,TRUE,FALSE,FALSE,0.013815705528516546,8475149
2020020579,799,even-strength,88,-4,FALSE,FALSE,TRUE,TRUE,TRUE,FALSE,0.09018017823129341,8478864
2020020579,800,even-strength,66,18,FALSE,TRUE,TRUE,FALSE,FALSE,FALSE,0,8475149
2020020606,201,even-strength,67,-9,FALSE,FALSE,TRUE,TRUE,FALSE,FALSE,0.054011905353724875,8475768
2020020606,202,even-strength,82,-1,FALSE,FALSE,TRUE,TRUE,TRUE,FALSE,0.15836389028527884,8475768
2020020606,203,even-strength,73,-9,FALSE,FALSE,TRUE,FALSE,FALSE,FALSE,0,8476892
2020020606,204,even-strength,64,-26,FALSE,FALSE,TRUE,TRUE,FALSE,FALSE,0.03769357584287296,8479385
2020020606,205,even-strength,58,-5,FALSE,FALSE,TRUE,TRUE,FALSE,FALSE,0.043971151399443804,8474102
2020020606,206,even-strength,57,7,FALSE,FALSE,TRUE,TRUE,FALSE,FALSE,0.04050518864925116,8475765
2020020606,207,even-strength,58,-23,FALSE,FALSE,TRUE,FALSE,FALSE,FALSE,0,8477482
2020020606,208,even-strength,71,-2,FALSE,FALSE,TRUE,FALSE,FALSE,FALSE,0,8474145
2020020606,209,even-strength,79,3,FALSE,FALSE,TRUE,TRUE,TRUE,FALSE,0.1448866033899323,8477964
2020020606,210,even-strength,57,16,FALSE,FALSE,TRUE,TRUE,TRUE,FALSE,0.02998694542999553,8476792
2020020606,211,even-strength,59,19,FALSE,FALSE,TRUE,TRUE,TRUE,FALSE,0.02749619693886614,8475158
2020020606,212,even-strength,74,-12,FALSE,FALSE,TRUE,FALSE,FALSE,FALSE,0,8476792
2020020606,213,even-strength,65,19,FALSE,FALSE,TRUE,FALSE,FALSE,FALSE,0,8476792
2020020606,214,even-strength,34,-21,FALSE,FALSE,TRUE,FALSE,FALSE,FALSE,0,8476892
2020020606,216,even-strength,66,-19,FALSE,FALSE,TRUE,TRUE,FALSE,FALSE,0.04560037720315195,8474102
2020020606,217,even-strength,74,25,FALSE,FALSE,TRUE,TRUE,TRUE,FALSE,0.04050726714138439,8474102
2020020606,218,even-strength,33,-1,FALSE,FALSE,TRUE,TRUE,TRUE,FALSE,0.021498729340424894,8474145
2020020606,219,even-strength,74,2,FALSE,FALSE,TRUE,FALSE,FALSE,FALSE,0,8475768
2020020606,220,even-strength,40,37,FALSE,FALSE,TRUE,TRUE,TRUE,FALSE,0.011743685436825569,8474618
2020020606,221,even-strength,53,-2,FALSE,FALSE,TRUE,FALSE,FALSE,FALSE,0,8475753
2020020606,222,even-strength,74,-6,TRUE,FALSE,TRUE,FALSE,FALSE,FALSE,0,8475753
2020020606,223,even-strength,62,-8,FALSE,FALSE,TRUE,FALSE,FALSE,FALSE,0,8475765
2020020606,224,even-strength,81,8,FALSE,FALSE,TRUE,TRUE,TRUE,FALSE,0.0607300765176844,8477964
2020020606,225,even-strength,73,27,FALSE,FALSE,TRUE,TRUE,TRUE,FALSE,0.030646476074942797,8480023
2020020606,226,even-strength,64,-37,FALSE,FALSE,TRUE,TRUE,TRUE,FALSE,0.03276799496688489,8475753
2020020606,227,even-strength,84,7,FALSE,FALSE,TRUE,FALSE,FALSE,FALSE,0,8475170
2020020606,228,even-strength,69,19,FALSE,FALSE,TRUE,FALSE,FALSE,FALSE,0,8476892
2020020606,229,even-strength,75,9,FALSE,FALSE,TRUE,TRUE,TRUE,FALSE,0.06987963362920872,8477482
2020020606,230,even-strength,69,-26,FALSE,FALSE,TRUE,TRUE,TRUE,FALSE,0.038147665470375375,8474102
2020020606,231,even-strength,56,16,FALSE,FALSE,TRUE,FALSE,FALSE,FALSE,0,8475160
2020020606,232,even-strength,59,36,FALSE,FALSE,TRUE,TRUE,TRUE,FALSE,0.016346715806350994,8475170
2020020606,233,even-strength,57,13,TRUE,FALSE,TRUE,TRUE,TRUE,FALSE,0.03432593219014233,8475753
2020020606,234,even-strength,60,-39,FALSE,FALSE,TRUE,TRUE,TRUE,FALSE,0.018478929588067263,8474102
2020020606,235,power-play,70,17,FALSE,FALSE,TRUE,FALSE,FALSE,FALSE,0,8476792
2020020606,236,power-play,82,-26,FALSE,TRUE,TRUE,TRUE,TRUE,FALSE,0.1626184290382461,8475765
2020020606,237,power-play,63,-15,FALSE,FALSE,TRUE,FALSE,FALSE,FALSE,0,8474102
2020020606,238,power-play,77,-21,FALSE,FALSE,TRUE,TRUE,TRUE,FALSE,0.05747668137771843,8475170
2020020606,239,power-play,59,-27,FALSE,FALSE,TRUE,TRUE,TRUE,FALSE,0.04997522097835107,8475158
2020020606,240,power-play,61,26,FALSE,FALSE,TRUE,TRUE,TRUE,FALSE,0.061267129421573883,8475765
2020020606,241,power-play,62,-19,FALSE,FALSE,TRUE,TRUE,TRUE,FALSE,0.068033754951795,8474102
2020020606,242,power-play,77,1,FALSE,FALSE,TRUE,TRUE,TRUE,FALSE,0.12044654357828341,8475098
2020020606,243,power-play,79,-22,FALSE,TRUE,TRUE,FALSE,FALSE,FALSE,0,8480023
2020020606,244,power-play,78,0,FALSE,FALSE,TRUE,FALSE,FALSE,FALSE,0,8478407
2020020606,245,power-play,54,2,FALSE,FALSE,TRUE,TRUE,TRUE,FALSE,0.08020701794045586,8475098
2020020606,246,even-strength,32,23,FALSE,FALSE,TRUE,TRUE,TRUE,FALSE,0.012009241910302754,8476792
2020020606,247,even-strength,64,-36,FALSE,FALSE,TRUE,TRUE,TRUE,FALSE,0.0174539158914859,8475160
2020020606,248,even-strength,75,38,FALSE,FALSE,TRUE,TRUE,TRUE,FALSE,0.0140118293459533,8474884
2020020606,249,penalty-kill,6,-34,FALSE,FALSE,TRUE,TRUE,TRUE,FALSE,0.00615427009770372,8475098
2020020606,353,even-strength,75,2,FALSE,FALSE,TRUE,TRUE,TRUE,TRUE,0.09079779429763687,8475098
2020020606,601,even-strength,63,-27,FALSE,FALSE,TRUE,TRUE,TRUE,FALSE,0.022648770279511583,8475753
2020020606,602,even-strength,67,-26,FALSE,FALSE,TRUE,TRUE,TRUE,FALSE,0.03139587274097682,8474102
2020020606,603,even-strength,78,9,FALSE,FALSE,TRUE,TRUE,TRUE,FALSE,0.0550289123335928,8475765
2020020606,604,even-strength,65,6,FALSE,FALSE,TRUE,FALSE,FALSE,FALSE,0,8475158
2020020606,605,even-strength,78,-10,FALSE,FALSE,TRUE,TRUE,TRUE,FALSE,0.07947608345623203,8475098
2020020606,606,power-play,83,-4,FALSE,FALSE,TRUE,TRUE,TRUE,FALSE,0.13238343493355226,8475158
2020020639,44,power-play,51,-1,FALSE,FALSE,TRUE,FALSE,FALSE,FALSE,0,8475171
2020020639,64,even-strength,-59,-1,FALSE,FALSE,TRUE,TRUE,TRUE,FALSE,3.8762427472107444e-4,8474218
2020020639,75,even-strength,48,21,FALSE,FALSE,TRUE,FALSE,FALSE,FALSE,0,8475171
2020020639,82,even-strength,76,0,FALSE,FALSE,TRUE,FALSE,FALSE,FALSE,0,8478047
2020020639,86,power-play,41,-32,FALSE,FALSE,TRUE,TRUE,TRUE,FALSE,0.027738692705533096,8478856
2020020639,88,power-play,7,-1,FALSE,FALSE,TRUE,TRUE,TRUE,FALSE,0.03435132449933001,8473544
2020020639,98,even-strength,34,34,FALSE,FALSE,TRUE,TRUE,FALSE,FALSE,0.012764701475921602,8477851
2020020639,99,even-strength,33,28,FALSE,FALSE,TRUE,TRUE,TRUE,FALSE,0.00908418479087978,8479345
2020020639,252,even-strength,33,28,FALSE,FALSE,TRUE,TRUE,FALSE,FALSE,0.01065683680033945,8479345
2020020639,253,even-strength,80,6,FALSE,FALSE,TRUE,FALSE,FALSE,FALSE,0,8471274
2020020639,254,even-strength,69,-19,FALSE,FALSE,TRUE,TRUE,FALSE,FALSE,0.03152464116196624,8478856
2020020639,255,even-strength,77,14,FALSE,FALSE,TRUE,TRUE,TRUE,FALSE,0.05215287784515684,8475728
2020020639,259,even-strength,38,28,FALSE,FALSE,TRUE,TRUE,TRUE,FALSE,0.015290073209617634,8477851
2020020639,260,even-strength,75,13,FALSE,FALSE,TRUE,TRUE,FALSE,FALSE,0.045493315770163995,8478474
2020020639,261,even-strength,75,0,FALSE,FALSE,TRUE,TRUE,TRUE,FALSE,0.09812016047320515,8479343
2020020639,263,even-strength,74,2,FALSE,FALSE,TRUE,FALSE,FALSE,FALSE,0,8478856
2020020639,264,even-strength,68,0,FALSE,FALSE,TRUE,TRUE,TRUE,FALSE,0.06745808947163938,8477951
2020020639,265,even-strength,77,-4,FALSE,FALSE,TRUE,FALSE,FALSE,FALSE,0,8478047
2020020639,268,even-strength,80,-7,FALSE,FALSE,TRUE,FALSE,FALSE,FALSE,0,8478474
2020020639,270,even-strength,62,-2,FALSE,FALSE,TRUE,FALSE,FALSE,FALSE,0,8471274
2020020639,276,even-strength,81,-9,FALSE,FALSE,TRUE,FALSE,FALSE,FALSE,0,8478474
2020020639,277,even-strength,85,-12,FALSE,FALSE,TRUE,TRUE,TRUE,FALSE,0.026553052582636426,8479345
2020020639,278,even-strength,75,0,FALSE,FALSE,TRUE,FALSE,FALSE,FALSE,0,8477851
2020020639,282,even-strength,70,-5,FALSE,FALSE,TRUE,TRUE,FALSE,FALSE,0.07548653755569595,8477951
2020020639,283,even-strength,38,23,FALSE,FALSE,TRUE,TRUE,FALSE,FALSE,0.0187119507374517,8478047
2020020639,284,even-strength,83,8,FALSE,FALSE,TRUE,TRUE,TRUE,FALSE,0.07673300450912669,8478211
2020020639,285,even-strength,68,-13,FALSE,FALSE,TRUE,FALSE,FALSE,FALSE,0,8477951
2020020639,290,even-strength,33,0,FALSE,FALSE,TRUE,TRUE,TRUE,FALSE,0.018293914224323738,8471274
2020020639,291,even-strength,77,-1,FALSE,FALSE,TRUE,FALSE,FALSE,FALSE,0,8479345
2020020639,292,even-strength,71,20,FALSE,FALSE,TRUE,TRUE,TRUE,FALSE,0.026989166150819633,8477989
2020020639,294,even-strength,64,26,FALSE,FALSE,TRUE,TRUE,TRUE,FALSE,0.022983609121364785,8475171
2020020639,424,even-strength,91,-24,FALSE,TRUE,TRUE,TRUE,TRUE,FALSE,0.13003807194856704,8478856
2020020639,451,even-strength,72,22,FALSE,FALSE,TRUE,TRUE,TRUE,FALSE,0.06111942807470649,8478474
2020020639,460,even-strength,83,-1,FALSE,TRUE,TRUE,TRUE,TRUE,FALSE,0.32807531423814085,8477989
2020020639,461,even-strength,78,-3,FALSE,FALSE,TRUE,TRUE,FALSE,FALSE,0.1360736591167823,8478474
2020020639,462,even-strength,79,3,FALSE,FALSE,TRUE,FALSE,FALSE,FALSE,0,8477951
2020020639,464,even-strength,58,-25,FALSE,FALSE,TRUE,TRUE,TRUE,FALSE,0.029981202171583253,8479345
2020020639,467,power-play,63,-1,FALSE,FALSE,TRUE,TRUE,FALSE,FALSE,0.08985517350371365,8478856
2020020639,468,power-play,63,7,FALSE,FALSE,TRUE,TRUE,FALSE,FALSE,0.07609230134223546,8479345
2020020639,469,power-play,48,-1,FALSE,TRUE,TRUE,TRUE,TRUE,FALSE,0.19311994500503493,8471274
2020020639,470,power-play,54,-23,FALSE,FALSE,TRUE,TRUE,TRUE,TRUE,0.034149959627105805,8477951
2020020639,471,even-strength,85,26,FALSE,FALSE,TRUE,TRUE,FALSE,FALSE,0.02329732714999539,8475171
2020020639,472,even-strength,34,1,FALSE,FALSE,TRUE,TRUE,FALSE,FALSE,0.028960718395622687,8479343
2020020639,475,even-strength,67,23,FALSE,FALSE,TRUE,TRUE,FALSE,FALSE,0.025133351942937948,8478474
2020020639,481,even-strength,61,14,FALSE,FALSE,TRUE,TRUE,TRUE,TRUE,0.04024975440264264,8478211
2020020639,484,even-strength,70,1,FALSE,FALSE,TRUE,TRUE,TRUE,TRUE,0.11400545503814095,8479343
2020020639,490,even-strength,34,35,FALSE,FALSE,TRUE,TRUE,FALSE,FALSE,0.011942692930400695,8475171
2020020639,491,even-strength,74,-11,FALSE,FALSE,TRUE,FALSE,FALSE,FALSE,0,8479343
2020020639,493,even-strength,80,10,FALSE,FALSE,TRUE,TRUE,TRUE,TRUE,0.06819585538077354,8478047
2020020639,494,even-strength,81,0,FALSE,FALSE,TRUE,FALSE,FALSE,FALSE,0,8478211
2020020639,495,even-strength,80,4,FALSE,FALSE,TRUE,FALSE,FALSE,FALSE,0,8477851
2020020639,496,even-strength,41,-18,FALSE,FALSE,TRUE,TRUE,FALSE,FALSE,0.021361432024165884,8474218
2020020639,498,even-strength,53,2,FALSE,FALSE,TRUE,FALSE,FALSE,FALSE,0,8479345
2020020639,500,even-strength,35,33,FALSE,FALSE,TRUE,TRUE,FALSE,FALSE,0.011902125227454373,8474218
2020020639,701,even-strength,80,0,FALSE,FALSE,TRUE,FALSE,FALSE,FALSE,0,8477851
2020020639,702,even-strength,80,-9,FALSE,FALSE,TRUE,TRUE,TRUE,FALSE,0.058749741285817066,8473548
2020020639,703,even-strength,81,-4,FALSE,FALSE,TRUE,FALSE,FALSE,FALSE,0,8479343
2020020639,704,even-strength,76,16,FALSE,FALSE,TRUE,TRUE,TRUE,FALSE,0.04965281164189208,8478211
2020020639,706,even-strength,83,8,FALSE,FALSE,TRUE,TRUE,FALSE,FALSE,0.05870148216194709,8473544
2020020639,709,even-strength,19,2,FALSE,FALSE,TRUE,TRUE,TRUE,FALSE,0.007429043089427175,8479345
2020020639,712,even-strength,75,25,FALSE,FALSE,TRUE,TRUE,TRUE,FALSE,0.028654538337646793,8477989
2020020663,13,even-strength,75,-27,FALSE,TRUE,TRUE,TRUE,TRUE,FALSE,0.06711923613756735,8479336
2020020663,21,even-strength,55,7,FALSE,FALSE,TRUE,TRUE,TRUE,FALSE,0.038816038667676515,8470606
2020020663,26,even-strength,77,-7,FALSE,FALSE,TRUE,FALSE,FALSE,FALSE,0,8471685
2020020663,27,even-strength,80,-5,FALSE,FALSE,TRUE,TRUE,TRUE,FALSE,0.09706831157296913,8471685
2020020663,28,even-strength,33,23,FALSE,FALSE,TRUE,TRUE,TRUE,FALSE,0.017321804966111368,8479998
2020020663,37,even-strength,87,-8,FALSE,FALSE,TRUE,TRUE,TRUE,FALSE,0.02732147928777149,8477962
2020020663,50,even-strength,47,39,FALSE,TRUE,TRUE,TRUE,TRUE,FALSE,0.03369309974664216,8479998
2020020663,54,even-strength,85,5,TRUE,FALSE,TRUE,TRUE,FALSE,FALSE,0.08156691502462775,8471685
2020020663,62,penalty-kill,78,-10,FALSE,FALSE,TRUE,TRUE,FALSE,FALSE,0.10491654841221204,8479994
2020020663,65,even-strength,73,-14,FALSE,FALSE,TRUE,TRUE,TRUE,FALSE,0.047591752254059316,8476960
2020020663,71,even-strength,74,-8,FALSE,FALSE,TRUE,FALSE,FALSE,FALSE,0,8470606
2020020663,72,even-strength,31,23,FALSE,FALSE,TRUE,TRUE,TRUE,FALSE,0.007297440319095373,8476874
2020020663,75,power-play,50,28,FALSE,FALSE,TRUE,TRUE,TRUE,FALSE,0.03199284831148578,8474563
2020020663,78,even-strength,75,1,FALSE,FALSE,TRUE,TRUE,TRUE,TRUE,0.13046247818798495,8478455
2020020663,80,even-strength,20,-3,FALSE,FALSE,TRUE,TRUE,TRUE,FALSE,0.007567631323508889,8479675
2020020663,83,even-strength,48,11,FALSE,FALSE,TRUE,FALSE,FALSE,FALSE,0,8479348
2020020663,94,even-strength,50,10,FALSE,FALSE,TRUE,TRUE,TRUE,FALSE,0.040431668076391244,8471685
2020020663,96,even-strength,82,-6,FALSE,TRUE,TRUE,TRUE,TRUE,FALSE,0.1889348310515139,8471685
2020020663,97,even-strength,36,-34,FALSE,FALSE,TRUE,TRUE,TRUE,FALSE,0.010436222112975152,8480336
2020020663,98,even-strength,52,35,FALSE,FALSE,TRUE,TRUE,FALSE,FALSE,0.011473420239388434,8476960
2020020663,136,power-play,73,12,FALSE,FALSE,TRUE,FALSE,FALSE,FALSE,0,8480014
2020020663,258,even-strength,85,10,FALSE,FALSE,TRUE,TRUE,FALSE,FALSE,0.033029216650252276,8480113
2020020663,261,even-strength,68,7,FALSE,FALSE,TRUE,TRUE,TRUE,FALSE,0.09626548311207953,8479336
2020020663,262,even-strength,69,12,TRUE,FALSE,TRUE,FALSE,FALSE,FALSE,0,8478455
2020020663,267,even-strength,60,-15,FALSE,FALSE,TRUE,TRUE,TRUE,FALSE,0.05385677583103236,8480336
2020020663,268,even-strength,61,-1,FALSE,FALSE,TRUE,TRUE,FALSE,FALSE,0.08876024238936761,8479675
2020020663,269,even-strength,72,13,TRUE,FALSE,TRUE,TRUE,TRUE,FALSE,0.11665493796120525,8479994
2020020663,272,even-strength,50,-27,FALSE,FALSE,TRUE,TRUE,TRUE,FALSE,0.015737980215714497,8481481
2020020663,280,even-strength,53,39,FALSE,FALSE,TRUE,TRUE,TRUE,FALSE,0.011837847213377719,8478846
2020020663,281,even-strength,77,8,FALSE,FALSE,TRUE,TRUE,TRUE,TRUE,0.06471254408640181,8471685
2020020663,287,even-strength,81,11,FALSE,FALSE,TRUE,TRUE,TRUE,FALSE,0.06083616399194654,8476960
2020020663,291,even-strength,66,2,FALSE,FALSE,TRUE,TRUE,TRUE,FALSE,0.07524797463079332,8480113
2020020663,294,even-strength,31,-31,FALSE,FALSE,TRUE,TRUE,FALSE,FALSE,0.008726786999034312,8480336
2020020663,353,even-strength,41,-15,FALSE,FALSE,TRUE,FALSE,FALSE,FALSE,0,8474563
2020020663,371,power-play,71,-23,FALSE,FALSE,TRUE,TRUE,FALSE,FALSE,0.06990381259781608,8471685
2020020663,377,even-strength,75,20,FALSE,FALSE,TRUE,FALSE,FALSE,FALSE,0,8479994
2020020663,379,power-play,36,-24,FALSE,FALSE,TRUE,TRUE,TRUE,FALSE,0.02983023030091198,8474563
2020020663,380,power-play,73,-2,FALSE,FALSE,TRUE,FALSE,FALSE,FALSE,0,8474563
2020020663,552,even-strength,77,2,FALSE,FALSE,TRUE,FALSE,FALSE,FALSE,0,8478846
2020020663,561,even-strength,35,-35,FALSE,FALSE,TRUE,TRUE,TRUE,FALSE,0.011555580688184004,8471685
2020020663,570,even-strength,75,-2,FALSE,FALSE,TRUE,TRUE,TRUE,FALSE,0.13508544533721542,8479675
2020020663,575,power-play,72,-2,FALSE,FALSE,TRUE,FALSE,FALSE,FALSE,0,8471685
2020020663,577,power-play,77,-27,FALSE,FALSE,TRUE,TRUE,TRUE,FALSE,0.08801686551563892,8471685
2020020663,586,even-strength,69,-14,FALSE,FALSE,TRUE,TRUE,FALSE,FALSE,0.06807257745147914,8476960
2020020663,588,even-strength,74,-7,FALSE,FALSE,TRUE,TRUE,TRUE,FALSE,0.06500878173673821,8480113
2020020663,600,even-strength,72,0,FALSE,FALSE,TRUE,TRUE,FALSE,FALSE,0.14304761259336166,8479994
2020020663,651,even-strength,55,17,FALSE,FALSE,TRUE,FALSE,FALSE,FALSE,0,8478846
2020020663,652,even-strength,64,-6,FALSE,FALSE,TRUE,FALSE,FALSE,FALSE,0,8470606
2020020663,653,even-strength,44,9,FALSE,FALSE,TRUE,FALSE,FALSE,FALSE,0,8474563
2020020663,655,even-strength,84,15,FALSE,FALSE,TRUE,TRUE,TRUE,FALSE,0.04884184970885826,8479675
2020020663,656,even-strength,82,5,FALSE,FALSE,TRUE,FALSE,FALSE,FALSE,0,8479675
2020020663,658,power-play,77,-5,FALSE,FALSE,TRUE,FALSE,FALSE,FALSE,0,8474563
2020020663,659,power-play,66,-4,FALSE,FALSE,TRUE,FALSE,FALSE,FALSE,0,8474563
2020020689,57,even-strength,58,9,FALSE,FALSE,TRUE,FALSE,FALSE,FALSE,0,8475764
2020020689,58,even-strength,82,-8,FALSE,FALSE,TRUE,FALSE,FALSE,FALSE,0,8476483
2020020689,60,even-strength,-37,20,FALSE,FALSE,TRUE,TRUE,TRUE,FALSE,0.0015094854393851904,8474683
2020020689,75,even-strength,36,31,TRUE,FALSE,TRUE,TRUE,FALSE,FALSE,0.017601536656355218,8477938
2020020689,82,even-strength,57,-2,FALSE,FALSE,TRUE,FALSE,FALSE,FALSE,0,8477938
2020020689,83,even-strength,45,-24,FALSE,FALSE,TRUE,TRUE,FALSE,FALSE,0.014909187646686927,8474031
2020020689,84,even-strength,56,4,FALSE,FALSE,TRUE,TRUE,FALSE,FALSE,0.05593893888994837,8475164
2020020689,85,even-strength,48,3,FALSE,FALSE,TRUE,TRUE,FALSE,FALSE,0.03980052346943724,8475764
2020020689,87,even-strength,61,17,FALSE,FALSE,TRUE,TRUE,TRUE,FALSE,0.042183060317846036,8480186
2020020689,94,even-strength,9,20,FALSE,FALSE,TRUE,TRUE,TRUE,FALSE,0.0035284362609106067,8470612
2020020689,96,even-strength,16,-34,FALSE,FALSE,TRUE,TRUE,TRUE,FALSE,0.003541861988618072,8474031
2020020689,98,even-strength,23,22,FALSE,FALSE,TRUE,TRUE,FALSE,FALSE,0.006426282880136021,8478046
2020020689,208,even-strength,15,-29,FALSE,FALSE,TRUE,TRUE,TRUE,FALSE,0.005425537362484143,8476483
2020020689,209,even-strength,42,-33,FALSE,FALSE,TRUE,FALSE,FALSE,FALSE,0,8476312
2020020689,210,even-strength,44,-2,FALSE,FALSE,TRUE,FALSE,FALSE,FALSE,0,8482142
2020020689,212,even-strength,36,-36,FALSE,FALSE,TRUE,TRUE,FALSE,FALSE,0.01931960499445781,8474031
2020020689,213,even-strength,75,1,FALSE,FALSE,TRUE,FALSE,FALSE,FALSE,0,8477938
2020020689,217,even-strength,74,9,FALSE,FALSE,TRUE,TRUE,TRUE,FALSE,0.06246669010708213,8478873
2020020689,222,even-strength,77,-7,FALSE,FALSE,TRUE,FALSE,FALSE,FALSE,0,8476312
2020020689,245,even-strength,76,9,FALSE,FALSE,TRUE,FALSE,FALSE,FALSE,0,8475764
2020020689,270,even-strength,89,-9,FALSE,TRUE,TRUE,TRUE,TRUE,FALSE,0.1753771204184589,8479368
2020020689,501,even-strength,34,29,FALSE,FALSE,TRUE,TRUE,TRUE,FALSE,0.01384389326346595,8482142
2020020689,518,power-play,59,-22,FALSE,FALSE,TRUE,TRUE,TRUE,FALSE,0.06103174948105233,8474031
2020020689,523,power-play,64,9,FALSE,FALSE,TRUE,FALSE,FALSE,FALSE,0,8476407
2020020689,529,penalty-kill,72,-18,FALSE,FALSE,TRUE,TRUE,FALSE,FALSE,0.055086827031527556,8478046
2020020689,540,even-strength,94,16,FALSE,FALSE,TRUE,TRUE,TRUE,FALSE,0.04437343170211865,8474641
2020020689,541,even-strength,82,-8,FALSE,FALSE,TRUE,TRUE,FALSE,FALSE,0.06442617018582407,8474641
2020020689,549,even-strength,84,-10,FALSE,FALSE,TRUE,TRUE,TRUE,FALSE,0.06377676838988176,8475164
2020020689,564,penalty-kill,71,-14,FALSE,FALSE,TRUE,TRUE,TRUE,FALSE,0.08793057203485528,8474683
2020020689,565,even-strength,80,-5,FALSE,FALSE,TRUE,TRUE,TRUE,FALSE,0.06874739194051674,8479368
2020020689,566,even-strength,80,-1,FALSE,FALSE,TRUE,TRUE,TRUE,FALSE,0.12354554189691276,8474641
2020020689,567,even-strength,80,1,FALSE,TRUE,TRUE,TRUE,TRUE,FALSE,0.2720832044381329,8476483
2020020689,570,even-strength,74,-8,FALSE,FALSE,TRUE,FALSE,FALSE,FALSE,0,8478873
2020020689,579,even-strength,64,9,FALSE,FALSE,TRUE,FALSE,FALSE,FALSE,0,8479368
2020020689,585,even-strength,79,1,FALSE,FALSE,TRUE,TRUE,FALSE,FALSE,0.1142736181215411,8475235
2020020689,590,penalty-kill,-34,6,FALSE,FALSE,TRUE,TRUE,TRUE,FALSE,0.0018184041624756924,8475164
2020020689,596,even-strength,38,27,FALSE,FALSE,TRUE,TRUE,FALSE,FALSE,0.011562816587675724,8476407
2020020713,52,even-strength,85,-3,FALSE,FALSE,TRUE,FALSE,FALSE,FALSE,0,8474578
2020020713,54,even-strength,81,-3,FALSE,FALSE,TRUE,FALSE,FALSE,FALSE,0,8474578
2020020713,58,even-strength,69,-7,FALSE,FALSE,TRUE,FALSE,FALSE,FALSE,0,8474578
2020020713,59,even-strength,87,-12,FALSE,TRUE,TRUE,TRUE,TRUE,FALSE,0.1111934485490548,8481516
2020020713,64,penalty-kill,-82,4,FALSE,FALSE,TRUE,TRUE,TRUE,FALSE,3.515877704866956e-4,8475169
2020020713,70,even-strength,52,12,FALSE,FALSE,TRUE,FALSE,FALSE,FALSE,0,8478414
2020020713,78,even-strength,42,13,FALSE,FALSE,TRUE,TRUE,TRUE,FALSE,0.014709945585213144,8470613
2020020713,79,even-strength,-28,41,FALSE,FALSE,TRUE,TRUE,TRUE,FALSE,0.0010170570190045996,8481812
2020020713,80,even-strength,29,35,FALSE,FALSE,TRUE,TRUE,TRUE,TRUE,0.007282473836531969,8481812
2020020713,85,even-strength,83,-3,FALSE,FALSE,TRUE,TRUE,TRUE,FALSE,0.11262159643552722,8466139
2020020713,86,even-strength,35,-28,TRUE,FALSE,TRUE,TRUE,TRUE,FALSE,0.013725846885677854,8474578
2020020713,87,even-strength,56,-32,FALSE,FALSE,TRUE,TRUE,TRUE,FALSE,0.016037687392816493,8478870
2020020713,89,even-strength,69,-17,TRUE,FALSE,TRUE,TRUE,TRUE,FALSE,0.0731653603547182,8481516
2020020713,93,even-strength,82,-1,TRUE,TRUE,TRUE,TRUE,TRUE,FALSE,0.3968072742857491,8476881
2020020713,97,even-strength,82,-7,FALSE,FALSE,TRUE,TRUE,FALSE,FALSE,0.06580789354260266,8475169
2020020713,98,even-strength,78,-3,FALSE,FALSE,TRUE,FALSE,FALSE,FALSE,0,8478870
2020020713,244,even-strength,85,-6,FALSE,TRUE,TRUE,TRUE,FALSE,FALSE,0.1733764008669559,8474053
2020020713,258,even-strength,52,23,FALSE,FALSE,TRUE,TRUE,TRUE,FALSE,0.02323488643242732,8475169
2020020713,263,even-strength,64,-18,FALSE,FALSE,TRUE,TRUE,TRUE,TRUE,0.06493356334225946,8479393
2020020713,270,even-strength,34,1,FALSE,FALSE,TRUE,TRUE,TRUE,FALSE,0.020582573037450765,8477987
2020020713,274,even-strength,78,-3,FALSE,FALSE,TRUE,FALSE,FALSE,FALSE,0,8474053
2020020713,277,power-play,52,1,FALSE,FALSE,TRUE,TRUE,TRUE,FALSE,0.06131776098820178,8475169
2020020713,279,power-play,42,-15,FALSE,FALSE,TRUE,TRUE,FALSE,FALSE,0.043032409591768704,8474578
2020020713,280,power-play,32,-14,FALSE,FALSE,TRUE,TRUE,FALSE,FALSE,0.02596969743264339,8474578
2020020713,281,even-strength,67,22,FALSE,FALSE,TRUE,FALSE,FALSE,FALSE,0,8476881
2020020713,283,even-strength,84,-4,FALSE,FALSE,TRUE,TRUE,TRUE,FALSE,0.11373862095047509,8475169
2020020713,285,even-strength,78,22,FALSE,FALSE,TRUE,TRUE,FALSE,FALSE,0.039780409525586514,8479393
2020020713,290,even-strength,52,-21,FALSE,FALSE,TRUE,FALSE,FALSE,FALSE,0,8474578
2020020713,298,even-strength,34,27,FALSE,FALSE,TRUE,TRUE,TRUE,FALSE,0.012534288292202397,8481812
2020020713,299,even-strength,72,22,TRUE,FALSE,TRUE,TRUE,TRUE,FALSE,0.05307116537645271,8481516
2020020713,300,even-strength,77,-16,FALSE,FALSE,TRUE,FALSE,FALSE,FALSE,0,8479580
2020020713,405,even-strength,66,-5,FALSE,FALSE,TRUE,FALSE,FALSE,FALSE,0,8474578
2020020713,413,even-strength,77,14,FALSE,FALSE,TRUE,FALSE,FALSE,FALSE,0,8479393
2020020713,414,even-strength,80,-1,FALSE,TRUE,TRUE,TRUE,TRUE,FALSE,0.2893589692543444,8474053
2020020713,419,even-strength,69,-9,TRUE,FALSE,TRUE,TRUE,FALSE,FALSE,0.07439489716986172,8478099
2020020713,420,even-strength,71,-4,FALSE,FALSE,TRUE,TRUE,FALSE,FALSE,0.06402765927121087,8477987
2020020713,421,even-strength,32,-27,FALSE,FALSE,TRUE,TRUE,TRUE,FALSE,0.019527757425080478,8470613
2020020713,422,even-strength,87,-31,FALSE,TRUE,TRUE,TRUE,FALSE,FALSE,0.06252703278154548,8475169
2020020713,440,power-play,75,-12,FALSE,FALSE,TRUE,FALSE,FALSE,FALSE,0,8478099
2020020713,441,power-play,54,-1,FALSE,FALSE,TRUE,FALSE,FALSE,FALSE,0,8474578
2020020713,442,power-play,35,6,FALSE,FALSE,TRUE,TRUE,TRUE,FALSE,0.03262873365099964,8474578
2020020713,443,even-strength,76,2,FALSE,FALSE,TRUE,TRUE,TRUE,FALSE,0.10451856304277365,8478099
2020020713,445,even-strength,68,-33,FALSE,FALSE,TRUE,FALSE,FALSE,FALSE,0,8478870
2020020713,448,even-strength,86,6,FALSE,FALSE,TRUE,FALSE,FALSE,FALSE,0,8478414
2020020713,449,even-strength,59,-1,TRUE,FALSE,TRUE,TRUE,TRUE,FALSE,0.07848201553802248,8475169
2020020713,450,even-strength,32,-34,FALSE,FALSE,TRUE,TRUE,FALSE,FALSE,0.0060172168249935515,8479393
2020020713,572,even-strength,84,-8,FALSE,TRUE,TRUE,TRUE,TRUE,FALSE,0.17355254856645422,8476881
2020020713,651,even-strength,87,34,FALSE,FALSE,TRUE,TRUE,FALSE,FALSE,0.015444683721637,8471709
2020020713,652,even-strength,30,15,FALSE,FALSE,TRUE,TRUE,TRUE,FALSE,0.008939557810487957,8471709
2020020713,653,even-strength,50,-20,FALSE,FALSE,TRUE,FALSE,FALSE,FALSE,0,8476881
2020020713,654,even-strength,90,8,FALSE,TRUE,TRUE,TRUE,TRUE,FALSE,0.1794333665851339,8475169
2020020713,658,even-strength,62,-15,FALSE,FALSE,TRUE,FALSE,FALSE,FALSE,0,8474578
2020020713,659,even-strength,84,-23,FALSE,TRUE,TRUE,FALSE,FALSE,FALSE,0,8474578
2020020713,661,even-strength,53,-20,FALSE,FALSE,TRUE,FALSE,FALSE,FALSE,0,8474578
2020020713,664,even-strength,28,13,FALSE,FALSE,TRUE,TRUE,TRUE,FALSE,0.016780635646542252,8478870
2020020713,665,even-strength,50,-13,TRUE,FALSE,TRUE,TRUE,TRUE,FALSE,0.08476674309116797,8478414
2020020713,666,even-strength,43,21,FALSE,FALSE,TRUE,TRUE,FALSE,FALSE,0.015480873112582373,8478414
2020020713,667,even-strength,59,1,FALSE,FALSE,TRUE,TRUE,TRUE,FALSE,0.0825296935876174,8478414
2020020713,669,even-strength,76,10,FALSE,FALSE,TRUE,FALSE,FALSE,FALSE,0,8478414
2020020713,670,even-strength,61,-12,TRUE,FALSE,TRUE,TRUE,FALSE,FALSE,0.05754686904076151,8478414
2020020713,673,even-strength,92,-8,TRUE,FALSE,TRUE,TRUE,TRUE,FALSE,0.08320087509866254,8476881
2020020713,674,even-strength,52,21,FALSE,FALSE,TRUE,FALSE,FALSE,FALSE,0,8481812
2020020713,688,even-strength,55,28,FALSE,FALSE,TRUE,TRUE,FALSE,FALSE,0.06869158892757765,8474578
2020020713,691,even-strength,71,-20,FALSE,FALSE,TRUE,TRUE,TRUE,FALSE,0.09431353293789534,8474053
2020020713,694,even-strength,75,12,FALSE,FALSE,TRUE,TRUE,TRUE,FALSE,0.09026699620190953,8478414
2020020713,699,even-strength,86,-5,FALSE,FALSE,TRUE,FALSE,FALSE,FALSE,0,8466139
2020020764,52,even-strength,84,3,FALSE,FALSE,TRUE,TRUE,TRUE,FALSE,0.11037846826302211,8477444
2020020764,53,even-strength,71,2,TRUE,FALSE,TRUE,FALSE,FALSE,FALSE,0,8477444
2020020764,54,even-strength,30,35,FALSE,FALSE,TRUE,TRUE,TRUE,FALSE,0.006195224155357762,8477435
2020020764,60,even-strength,79,-2,FALSE,FALSE,TRUE,TRUE,FALSE,FALSE,0.10973727710653833,8478038
2020020764,62,even-strength,83,0,FALSE,FALSE,TRUE,TRUE,TRUE,FALSE,0.17961298625683708,8475172
2020020764,72,penalty-kill,-30,-37,FALSE,FALSE,TRUE,TRUE,TRUE,FALSE,0.00214432131859231,8478038
2020020764,87,even-strength,82,6,FALSE,FALSE,TRUE,TRUE,FALSE,FALSE,0.07924637023185127,8481618
2020020764,89,even-strength,-2,-23,FALSE,FALSE,TRUE,TRUE,TRUE,FALSE,0.0025412384156391714,8480069
2020020764,91,even-strength,69,2,FALSE,FALSE,TRUE,TRUE,TRUE,FALSE,0.0708883733060094,8476455
2020020764,92,even-strength,66,-38,FALSE,FALSE,TRUE,TRUE,FALSE,FALSE,0.018726511455431694,8479982
2020020764,93,even-strength,37,22,FALSE,FALSE,TRUE,TRUE,TRUE,FALSE,0.01770276702656834,8475747
2020020764,259,power-play,68,-2,FALSE,FALSE,TRUE,FALSE,FALSE,FALSE,0,8477492
2020020764,260,power-play,70,-5,FALSE,FALSE,TRUE,TRUE,TRUE,FALSE,0.078827734095621535,8477501
2020020764,261,power-play,56,-2,FALSE,FALSE,TRUE,FALSE,FALSE,FALSE,0,8477444
2020020764,262,even-strength,51,1,FALSE,FALSE,TRUE,FALSE,FALSE,FALSE,0,8477930
2020020764,263,even-strength,72,-3,FALSE,FALSE,TRUE,FALSE,FALSE,FALSE,0,8479439
2020020764,266,even-strength,60,-3,TRUE,FALSE,TRUE,TRUE,TRUE,FALSE,0.11606900335794174,8477444
2020020764,278,even-strength,70,19,FALSE,FALSE,TRUE,TRUE,TRUE,FALSE,0.03762433686738157,8475172
2020020764,280,even-strength,38,2,FALSE,FALSE,TRUE,TRUE,FALSE,FALSE,0.027572973445660145,8479439
2020020764,288,even-strength,63,-4,TRUE,FALSE,TRUE,TRUE,TRUE,TRUE,0.09079411019376768,8477444
2020020764,293,even-strength,55,-13,FALSE,FALSE,TRUE,TRUE,TRUE,FALSE,0.03430738288162742,8479439
2020020764,296,even-strength,62,32,TRUE,FALSE,TRUE,FALSE,FALSE,FALSE,0,8476455
2020020764,555,even-strength,42,11,FALSE,FALSE,TRUE,FALSE,FALSE,FALSE,0,8480069
2020020764,557,even-strength,45,24,FALSE,FALSE,TRUE,FALSE,FALSE,FALSE,0,8477435
2020020764,560,even-strength,74,21,FALSE,FALSE,TRUE,TRUE,TRUE,FALSE,0.04150817364043658,8478420
2020020764,564,even-strength,39,32,FALSE,FALSE,TRUE,FALSE,FALSE,FALSE,0,8478038
2020020764,565,even-strength,74,-4,FALSE,FALSE,TRUE,FALSE,FALSE,FALSE,0,8477492
2020020764,570,even-strength,31,34,FALSE,FALSE,TRUE,TRUE,FALSE,FALSE,0.010634297521113471,8477435
2020020764,573,power-play,70,3,FALSE,FALSE,TRUE,FALSE,FALSE,FALSE,0,8478420
2020020764,575,even-strength,22,38,FALSE,FALSE,TRUE,TRUE,TRUE,FALSE,0.0038557903620208,8477930
2020020764,576,even-strength,76,3,FALSE,FALSE,TRUE,FALSE,FALSE,FALSE,0,8477435
2020020764,577,even-strength,74,-3,FALSE,FALSE,TRUE,FALSE,FALSE,FALSE,0,8479982
2020020764,578,even-strength,69,-24,FALSE,FALSE,TRUE,FALSE,FALSE,FALSE,0,8475820
2020020764,593,even-strength,35,13,FALSE,FALSE,TRUE,TRUE,TRUE,FALSE,0.02528386256316674,8477492
2020020764,594,even-strength,82,3,FALSE,TRUE,TRUE,FALSE,FALSE,FALSE,0,8479439
2020020764,595,even-strength,85,3,FALSE,TRUE,TRUE,TRUE,TRUE,FALSE,0.3202861312295284,8477501
2020020764,597,even-strength,84,-1,FALSE,FALSE,TRUE,TRUE,TRUE,TRUE,0.17050033887953983,8477456
2020020764,598,even-strength,70,15,FALSE,FALSE,TRUE,FALSE,FALSE,FALSE,0,8477444
2020020764,599,even-strength,78,-7,FALSE,FALSE,TRUE,FALSE,FALSE,FALSE,0,8479439
2020020764,751,even-strength,28,5,FALSE,FALSE,TRUE,TRUE,TRUE,FALSE,0.014727881801922913,8477435
2020020764,753,even-strength,91,5,FALSE,FALSE,TRUE,TRUE,TRUE,FALSE,0.06494884211144783,8477492
2020020764,754,even-strength,91,4,FALSE,FALSE,TRUE,TRUE,TRUE,FALSE,0.031591826251742484,8480069
2020020764,756,even-strength,60,-10,FALSE,FALSE,TRUE,TRUE,TRUE,FALSE,0.03755489839731381,8475172
2020020764,760,even-strength,64,16,FALSE,FALSE,TRUE,TRUE,FALSE,FALSE,0.04700444177200977,8477492
2020020794,54,even-strength,87,6,FALSE,FALSE,TRUE,TRUE,FALSE,FALSE,0.03897526094809776,8478432
2020020794,59,even-strength,81,13,FALSE,FALSE,TRUE,TRUE,TRUE,FALSE,0.05209801831086723,8479343
2020020794,60,even-strength,40,-12,FALSE,FALSE,TRUE,TRUE,TRUE,FALSE,0.023337737115173063,8477951
2020020794,65,even-strength,48,-9,FALSE,FALSE,TRUE,FALSE,FALSE,FALSE,0,8473548
2020020794,67,even-strength,74,-1,FALSE,FALSE,TRUE,TRUE,TRUE,FALSE,0.08930406082307193,8477951
2020020794,69,even-strength,47,-15,FALSE,FALSE,TRUE,TRUE,TRUE,FALSE,0.03319528021880808,8479345
2020020794,72,even-strength,69,-8,FALSE,FALSE,TRUE,FALSE,FALSE,FALSE,0,8480950
2020020794,76,even-strength,35,31,FALSE,FALSE,TRUE,TRUE,TRUE,FALSE,0.009191935518231142,8471769
2020020794,81,even-strength,43,-26,FALSE,FALSE,TRUE,TRUE,TRUE,FALSE,0.01720504731060076,8474218
2020020794,82,even-strength,64,0,FALSE,TRUE,TRUE,TRUE,TRUE,TRUE,0.16810782748033357,8477401
2020020794,89,even-strength,72,5,FALSE,FALSE,TRUE,FALSE,FALSE,FALSE,0,8477951
2020020794,96,power-play,42,-21,FALSE,FALSE,TRUE,TRUE,TRUE,FALSE,0.03861783905532542,8479343
2020020794,98,power-play,6,-24,FALSE,FALSE,TRUE,TRUE,FALSE,FALSE,0.019858701853386458,8473548
2020020794,100,power-play,44,-22,FALSE,FALSE,TRUE,TRUE,FALSE,FALSE,0.036420485924749654,8479343
2020020794,252,even-strength,91,30,FALSE,FALSE,TRUE,TRUE,TRUE,FALSE,0.036282349354314056,8473544
2020020794,255,even-strength,57,-14,TRUE,TRUE,TRUE,TRUE,FALSE,FALSE,0.1390063925161116,8477401
2020020794,259,even-strength,67,-21,TRUE,FALSE,TRUE,TRUE,TRUE,FALSE,0.08199925808272514,8477951
2020020794,260,even-strength,32,-31,FALSE,FALSE,TRUE,TRUE,FALSE,FALSE,0.007753931435877668,8474218
2020020794,302,power-play,74,1,FALSE,FALSE,TRUE,FALSE,FALSE,FALSE,0,8473544
2020020794,318,even-strength,59,37,FALSE,FALSE,TRUE,TRUE,TRUE,FALSE,0.02344301545572387,8478211
2020020794,320,even-strength,47,4,FALSE,FALSE,TRUE,TRUE,TRUE,FALSE,0.03027590293033744,8479345
2020020794,321,even-strength,60,-5,FALSE,FALSE,TRUE,FALSE,FALSE,FALSE,0,8474218
2020020794,325,even-strength,8,-22,FALSE,FALSE,TRUE,TRUE,TRUE,FALSE,0.003280005637165252,8480950
2020020794,335,even-strength,82,-5,FALSE,FALSE,TRUE,TRUE,TRUE,FALSE,0.09806604118089582,8473544
2020020794,336,even-strength,82,-6,FALSE,TRUE,TRUE,TRUE,TRUE,FALSE,0.2200862703393764,8473544
2020020794,339,even-strength,52,22,FALSE,FALSE,TRUE,FALSE,FALSE,FALSE,0,8473544
2020020794,341,penalty-kill,59,17,FALSE,FALSE,TRUE,FALSE,FALSE,FALSE,0,8478474
2020020794,342,even-strength,86,-7,FALSE,FALSE,TRUE,TRUE,TRUE,FALSE,0.05341678307044274,8479345
2020020794,343,even-strength,84,-6,FALSE,TRUE,TRUE,TRUE,TRUE,FALSE,0.12535413558096148,8479345
2020020794,344,even-strength,56,24,FALSE,FALSE,TRUE,FALSE,FALSE,FALSE,0,8475171
2020020794,346,even-strength,78,5,FALSE,FALSE,TRUE,TRUE,FALSE,FALSE,0.097605064486519455,8478432
2020020794,348,even-strength,54,31,FALSE,FALSE,TRUE,FALSE,FALSE,FALSE,0,8478967
2020020794,350,even-strength,80,-6,FALSE,FALSE,TRUE,TRUE,FALSE,FALSE,0.07138803814075126,8477401
2020020794,467,even-strength,38,-13,FALSE,FALSE,TRUE,TRUE,FALSE,FALSE,0.020286990106197538,8475171
2020020794,501,even-strength,79,-31,FALSE,FALSE,TRUE,TRUE,TRUE,FALSE,0.022081707253713743,8477401
2020020794,509,even-strength,76,35,FALSE,FALSE,TRUE,TRUE,FALSE,FALSE,0.015402051675271007,8479345
2020020794,511,even-strength,39,-32,FALSE,FALSE,TRUE,TRUE,TRUE,FALSE,0.01331962615887263,8480950
2020020794,513,even-strength,84,5,FALSE,FALSE,TRUE,TRUE,TRUE,FALSE,0.08184458078059913,8477951
2020020794,515,even-strength,85,9,FALSE,FALSE,TRUE,TRUE,TRUE,FALSE,0.0936443808584952,8478211
2020020794,527,even-strength,39,-19,FALSE,FALSE,TRUE,TRUE,TRUE,FALSE,0.016076875504602843,8475171
2020020794,529,even-strength,75,1,FALSE,FALSE,TRUE,FALSE,FALSE,FALSE,0,8479345
2020020794,531,even-strength,75,0,TRUE,TRUE,TRUE,TRUE,TRUE,TRUE,0.34605283321990904,8478047
2020020794,537,even-strength,48,-26,FALSE,FALSE,TRUE,FALSE,FALSE,FALSE,0,8477989
2020020794,539,even-strength,60,0,FALSE,FALSE,TRUE,TRUE,FALSE,FALSE,0.0935121736623786,8479343
2020020794,541,even-strength,40,-18,FALSE,FALSE,TRUE,TRUE,TRUE,FALSE,0.018846633665247203,8479345
2020020794,544,even-strength,74,15,FALSE,FALSE,TRUE,TRUE,TRUE,FALSE,0.05630423817763307,8477951
2020020794,547,even-strength,41,-10,FALSE,FALSE,TRUE,TRUE,FALSE,FALSE,0.02511540700443254,8478432
2020020794,548,even-strength,64,2,FALSE,FALSE,TRUE,TRUE,TRUE,FALSE,0.07696736292182506,8477989
2020020794,549,even-strength,70,25,FALSE,FALSE,TRUE,TRUE,TRUE,FALSE,0.024324402822137107,8478211
2020020794,706,even-strength,52,-19,FALSE,FALSE,TRUE,TRUE,TRUE,FALSE,0.03140928336930353,8479343
2020020794,708,even-strength,85,-8,FALSE,FALSE,TRUE,TRUE,TRUE,FALSE,0.11077748506779139,8478474
2020020794,712,even-strength,65,-17,FALSE,FALSE,TRUE,TRUE,TRUE,FALSE,0.04725077290996597,8478211
2020020794,715,even-strength,77,1,TRUE,FALSE,TRUE,TRUE,TRUE,FALSE,0.2579043657573411,8478432
2020020821,13,even-strength,78,1,FALSE,FALSE,TRUE,TRUE,TRUE,FALSE,0.11040493696194242,8477451
2020020821,15,even-strength,84,13,FALSE,FALSE,TRUE,TRUE,TRUE,FALSE,0.04573401289420015,8470610
2020020821,16,even-strength,85,14,FALSE,FALSE,TRUE,TRUE,TRUE,FALSE,0.02398554458323353,8470610
2020020821,17,even-strength,85,-26,FALSE,FALSE,TRUE,TRUE,TRUE,FALSE,0.025258751208880707,8470610
2020020821,18,even-strength,66,18,FALSE,FALSE,TRUE,TRUE,TRUE,TRUE,0.0482148980040549,8478493
2020020821,27,even-strength,86,13,FALSE,FALSE,TRUE,TRUE,TRUE,FALSE,0.05303138855894118,8477451
2020020821,32,even-strength,33,-8,FALSE,FALSE,TRUE,TRUE,TRUE,FALSE,0.021266327656237708,8476856
2020020821,33,even-strength,81,1,FALSE,TRUE,TRUE,TRUE,TRUE,TRUE,0.2506268663580676,8474009
2020020821,38,even-strength,37,-22,FALSE,FALSE,TRUE,TRUE,TRUE,FALSE,0.0283680138808506,8474716
2020020821,39,even-strength,79,3,FALSE,FALSE,TRUE,TRUE,FALSE,FALSE,0.10844226806183452,8475692
2020020821,42,even-strength,79,0,TRUE,TRUE,TRUE,TRUE,TRUE,FALSE,0.28499908312193994,8481477
2020020821,43,even-strength,68,-14,FALSE,TRUE,TRUE,TRUE,TRUE,FALSE,0.11140740719607112,8475760
2020020821,45,even-strength,12,36,FALSE,FALSE,TRUE,TRUE,TRUE,FALSE,0.0034039662634939233,8478864
2020020821,105,even-strength,49,15,FALSE,FALSE,TRUE,FALSE,FALSE,FALSE,0,8476463
2020020821,118,even-strength,58,-10,FALSE,FALSE,TRUE,FALSE,FALSE,FALSE,0,8475692
2020020821,128,even-strength,62,-12,FALSE,FALSE,TRUE,FALSE,FALSE,FALSE,0,8476856
2020020821,138,even-strength,66,-16,FALSE,FALSE,TRUE,TRUE,TRUE,FALSE,0.04290910261627908,8474716
2020020821,139,even-strength,77,-22,FALSE,FALSE,TRUE,TRUE,TRUE,FALSE,0.033319294959917096,8478864
2020020821,140,even-strength,59,24,FALSE,FALSE,TRUE,TRUE,TRUE,FALSE,0.023258915837511815,8475692
2020020821,141,even-strength,70,-2,FALSE,FALSE,TRUE,TRUE,TRUE,FALSE,0.08197140281100482,8478864
2020020821,268,even-strength,47,11,FALSE,FALSE,TRUE,FALSE,FALSE,FALSE,0,8476856
2020020821,274,even-strength,46,27,FALSE,FALSE,TRUE,FALSE,FALSE,FALSE,0,8476437
2020020821,401,even-strength,36,16,FALSE,FALSE,TRUE,TRUE,FALSE,FALSE,0.018561450352632715,8476463
2020020821,402,even-strength,64,23,FALSE,FALSE,TRUE,TRUE,FALSE,FALSE,0.02767601559566236,8478864
2020020821,403,even-strength,46,-22,FALSE,FALSE,TRUE,TRUE,FALSE,FALSE,0.024759422200689586,8477451
2020020821,405,power-play,41,23,FALSE,FALSE,TRUE,TRUE,FALSE,FALSE,0.07154230564608206,8477942
2020020821,406,power-play,82,1,FALSE,FALSE,TRUE,TRUE,TRUE,TRUE,0.1942772623531444,8474009
2020020821,407,power-play,40,10,FALSE,FALSE,TRUE,TRUE,FALSE,FALSE,0.038999858598861514,8477451
2020020821,410,even-strength,55,25,TRUE,FALSE,TRUE,TRUE,FALSE,FALSE,0.05387191889353647,8477942
2020020821,412,even-strength,76,3,FALSE,FALSE,TRUE,TRUE,FALSE,FALSE,0.09862753031643635,8475220
2020020821,417,even-strength,74,11,FALSE,FALSE,TRUE,TRUE,TRUE,FALSE,0.06836627255243967,8478413
2020020821,418,even-strength,74,5,FALSE,TRUE,TRUE,TRUE,TRUE,FALSE,0.17939865207615172,8478493
2020020821,419,even-strength,70,-1,TRUE,TRUE,TRUE,TRUE,TRUE,FALSE,0.18624686734612805,8478493
2020020821,422,penalty-kill,57,29,FALSE,FALSE,TRUE,TRUE,FALSE,FALSE,0.02304582765341277,8477942
2020020821,425,even-strength,77,7,FALSE,FALSE,TRUE,TRUE,TRUE,FALSE,0.1146239281875468,8475220
2020020821,426,even-strength,50,16,FALSE,FALSE,TRUE,TRUE,TRUE,FALSE,0.03998941743880861,8481477
2020020821,440,even-strength,48,21,FALSE,FALSE,TRUE,FALSE,FALSE,FALSE,0,8476463
2020020821,504,even-strength,48,-29,FALSE,FALSE,TRUE,TRUE,TRUE,FALSE,0.015718981021478732,8474716
2020020821,512,even-strength,51,-29,FALSE,FALSE,TRUE,TRUE,FALSE,FALSE,0.020910252502337717,8474716
2020020821,513,even-strength,27,20,FALSE,FALSE,TRUE,TRUE,TRUE,FALSE,0.012622055611102904,8475220
2020020821,525,even-strength,69,6,FALSE,TRUE,TRUE,FALSE,FALSE,FALSE,0,8476437
2020020821,527,even-strength,58,24,FALSE,FALSE,TRUE,TRUE,TRUE,FALSE,0.026247346488343436,8476463
2020020821,529,even-strength,44,35,FALSE,FALSE,TRUE,TRUE,FALSE,FALSE,0.018024876011226654,8476437
2020020821,530,even-strength,77,1,FALSE,FALSE,TRUE,TRUE,TRUE,FALSE,0.15901588718448986,8477942
2020020821,531,even-strength,80,-1,FALSE,TRUE,TRUE,TRUE,TRUE,TRUE,0.3065091024768756,8477942
2020020821,539,even-strength,86,-9,FALSE,FALSE,TRUE,TRUE,TRUE,FALSE,0.057315758640675805,8478413
2020020821,540,even-strength,55,15,FALSE,FALSE,TRUE,TRUE,TRUE,FALSE,0.05183445220727947,8476437
2020020821,541,even-strength,79,-20,FALSE,FALSE,TRUE,TRUE,FALSE,FALSE,0.054878627816228896,8470600
2020020821,543,even-strength,45,0,FALSE,FALSE,TRUE,TRUE,TRUE,FALSE,0.04504891209738778,8477942
2020020821,544,even-strength,81,8,FALSE,TRUE,TRUE,TRUE,TRUE,TRUE,0.19339562559846132,8478864
2020020821,546,even-strength,35,17,FALSE,FALSE,TRUE,TRUE,TRUE,TRUE,0.03161810423593161,8476463
2020020821,991,even-strength,73,-6,FALSE,FALSE,TRUE,FALSE,FALSE,FALSE,0,8478864
2020020851,106,even-strength,60,1,TRUE,FALSE,TRUE,TRUE,FALSE,FALSE,0.11901655519138413,8475160
2020020851,107,even-strength,50,0,FALSE,FALSE,TRUE,TRUE,FALSE,FALSE,0.055259426015341215,8475160
2020020851,108,even-strength,28,2,FALSE,FALSE,TRUE,TRUE,TRUE,FALSE,0.018058516338455954,8476907
2020020851,111,even-strength,62,-13,FALSE,FALSE,TRUE,TRUE,TRUE,FALSE,0.039313550613896714,8475753
2020020851,113,even-strength,72,2,FALSE,FALSE,TRUE,FALSE,FALSE,FALSE,0,8474618
2020020851,115,even-strength,87,-7,FALSE,FALSE,TRUE,TRUE,FALSE,FALSE,0.034605869274975096,8475158
2020020851,116,even-strength,51,-9,FALSE,FALSE,TRUE,FALSE,FALSE,FALSE,0,8474145
2020020851,117,even-strength,80,6,FALSE,FALSE,TRUE,TRUE,FALSE,FALSE,0.06201222467088387,8479385
2020020851,119,even-strength,53,27,TRUE,FALSE,TRUE,TRUE,TRUE,FALSE,0.03170396305508848,8475753
2020020851,126,even-strength,81,-7,FALSE,FALSE,TRUE,TRUE,TRUE,FALSE,0.06560027007869712,8478013
2020020851,129,even-strength,42,23,FALSE,FALSE,TRUE,TRUE,TRUE,FALSE,0.022975043987299562,8476892
2020020851,138,even-strength,48,-16,FALSE,FALSE,TRUE,FALSE,FALSE,FALSE,0,8476892
2020020851,142,even-strength,84,-21,FALSE,FALSE,TRUE,TRUE,TRUE,FALSE,0.023302717319049312,8475160
2020020851,143,even-strength,70,1,FALSE,FALSE,TRUE,FALSE,FALSE,FALSE,0,8476907
2020020851,145,penalty-kill,70,23,FALSE,FALSE,TRUE,TRUE,TRUE,TRUE,0.042531075219194414,8475158
2020020851,146,penalty-kill,38,9,FALSE,FALSE,TRUE,TRUE,TRUE,FALSE,0.011449899214484572,8475768
2020020851,150,even-strength,71,-18,FALSE,FALSE,TRUE,TRUE,TRUE,FALSE,0.05909892670165778,8476907
2020020851,403,even-strength,59,-24,FALSE,FALSE,TRUE,TRUE,FALSE,FALSE,0.023610388408082533,8475170
2020020851,404,even-strength,71,9,FALSE,FALSE,TRUE,FALSE,FALSE,FALSE,0,8478013
2020020851,405,even-strength,65,-9,FALSE,FALSE,TRUE,TRUE,TRUE,FALSE,0.07191584917147553,8474102
2020020851,407,even-strength,53,0,FALSE,FALSE,TRUE,FALSE,FALSE,FALSE,0,8475170
2020020851,408,even-strength,72,-2,FALSE,FALSE,TRUE,FALSE,FALSE,FALSE,0,8475753
2020020851,410,even-strength,49,3,FALSE,FALSE,TRUE,TRUE,FALSE,FALSE,0.047340478886369323,8475768
2020020851,412,power-play,64,-20,FALSE,FALSE,TRUE,TRUE,TRUE,FALSE,0.07052477442873357,8474884
2020020851,413,power-play,65,-22,FALSE,FALSE,TRUE,TRUE,TRUE,FALSE,0.07662998368350649,8474884
2020020851,414,power-play,62,22,FALSE,FALSE,TRUE,TRUE,TRUE,FALSE,0.09040967888354633,8474102
2020020851,417,even-strength,65,16,FALSE,FALSE,TRUE,FALSE,FALSE,FALSE,0,8474102
2020020851,420,even-strength,62,0,FALSE,FALSE,TRUE,TRUE,TRUE,FALSE,0.06736111103935391,8474102
2020020851,423,even-strength,61,0,FALSE,FALSE,TRUE,FALSE,FALSE,FALSE,0,8475768
2020020851,424,even-strength,66,0,FALSE,TRUE,TRUE,TRUE,FALSE,FALSE,0.18904439812100027,8475170
2020020851,437,even-strength,29,1,FALSE,FALSE,TRUE,TRUE,TRUE,FALSE,0.018511529104157886,8478013
2020020851,439,even-strength,73,-21,FALSE,FALSE,TRUE,TRUE,TRUE,TRUE,0.040106378393802884,8474102
2020020851,440,even-strength,73,-8,FALSE,FALSE,TRUE,FALSE,FALSE,FALSE,0,8477482
2020020851,443,even-strength,84,-24,FALSE,FALSE,TRUE,TRUE,TRUE,TRUE,0.053741438058239666,8475768
2020020851,446,even-strength,61,-8,FALSE,FALSE,TRUE,FALSE,FALSE,FALSE,0,8474102
2020020851,581,even-strength,75,1,FALSE,TRUE,TRUE,FALSE,FALSE,FALSE,0,8476907
2020020851,584,even-strength,73,1,FALSE,TRUE,TRUE,TRUE,TRUE,FALSE,0.22658189953981847,8476907
2020020851,605,even-strength,30,-34,FALSE,FALSE,TRUE,TRUE,FALSE,FALSE,0.008056980592544035,8474618
2020020851,606,even-strength,42,20,FALSE,FALSE,TRUE,FALSE,FALSE,FALSE,0,8474618
2020020851,618,even-strength,74,1,FALSE,FALSE,TRUE,TRUE,TRUE,FALSE,0.11549176216136506,8475160
2020020851,620,even-strength,72,21,FALSE,FALSE,TRUE,TRUE,TRUE,FALSE,0.03703763292257591,8474618
2020020851,621,even-strength,32,-1,FALSE,FALSE,TRUE,TRUE,FALSE,FALSE,0.017424330997694557,8475753
2020020851,633,even-strength,57,-15,FALSE,FALSE,TRUE,TRUE,FALSE,FALSE,0.05051618601693537,8475768
2020020851,635,even-strength,78,4,FALSE,FALSE,TRUE,TRUE,FALSE,FALSE,0.11760552094583013,8475768
2020020851,636,even-strength,67,22,FALSE,FALSE,TRUE,FALSE,FALSE,FALSE,0,8478013
2020020851,639,even-strength,88,-5,FALSE,FALSE,TRUE,FALSE,FALSE,FALSE,0,8475160
2020020851,642,even-strength,67,1,FALSE,FALSE,TRUE,TRUE,FALSE,FALSE,0.10501436636909167,8478013
2020020851,644,even-strength,46,33,FALSE,FALSE,TRUE,TRUE,TRUE,FALSE,0.01490725005912781,8476892
2020020851,646,even-strength,72,-15,FALSE,FALSE,TRUE,FALSE,FALSE,FALSE,0,8475160
2020020851,649,even-strength,-44,-24,FALSE,FALSE,TRUE,TRUE,TRUE,FALSE,0.001305613582298269,8477482
2020020851,650,even-strength,72,0,FALSE,FALSE,TRUE,TRUE,FALSE,FALSE,0.08293488015292998,8475170
2020020851,851,even-strength,69,1,FALSE,FALSE,TRUE,FALSE,FALSE,FALSE,0,8475753
2020020851,852,even-strength,70,-6,FALSE,FALSE,TRUE,FALSE,FALSE,FALSE,0,8475098
2020020851,857,even-strength,62,-1,FALSE,FALSE,TRUE,TRUE,FALSE,FALSE,0.16586251268503643,8479385
2020020851,860,even-strength,78,-1,FALSE,FALSE,TRUE,TRUE,TRUE,FALSE,0.1935289754197153,8474884
2020020851,861,even-strength,67,18,FALSE,FALSE,TRUE,TRUE,TRUE,FALSE,0.06411491033681123,8480023
2020020851,863,even-strength,73,-4,FALSE,FALSE,TRUE,FALSE,FALSE,FALSE,0,8475768
2020020851,866,even-strength,67,21,FALSE,FALSE,TRUE,TRUE,TRUE,FALSE,0.05917618459361936,8475170
2020030231,10,even-strength,86,-28,FALSE,FALSE,TRUE,TRUE,TRUE,FALSE,0.027709571062727537,8478420
2020030231,11,even-strength,61,-19,FALSE,FALSE,TRUE,FALSE,FALSE,FALSE,0,8477456
2020030231,28,even-strength,60,-12,FALSE,FALSE,TRUE,FALSE,FALSE,FALSE,0,8477444
2020030231,29,even-strength,72,-26,FALSE,FALSE,TRUE,FALSE,FALSE,FALSE,0,8477492
2020030231,36,even-strength,59,1,FALSE,FALSE,TRUE,FALSE,FALSE,FALSE,0,8479982
2020030231,43,even-strength,58,10,FALSE,FALSE,TRUE,FALSE,FALSE,FALSE,0,8477492
2020030231,48,even-strength,47,-32,FALSE,FALSE,TRUE,FALSE,FALSE,FALSE,0,8480069
2020030231,60,even-strength,33,-4,FALSE,FALSE,TRUE,TRUE,FALSE,FALSE,0.018005474174978147,8476438
2020030231,63,even-strength,53,17,FALSE,FALSE,TRUE,TRUE,TRUE,FALSE,0.028925742451144466,8477501
2020030231,66,even-strength,82,-35,FALSE,TRUE,TRUE,TRUE,TRUE,FALSE,0.05018155208494229,8478420
2020030231,68,even-strength,78,-27,FALSE,FALSE,TRUE,TRUE,TRUE,TRUE,0.021367028581645495,8478420
2020030231,75,even-strength,76,-16,FALSE,FALSE,TRUE,TRUE,TRUE,FALSE,0.05888431787896918,8476438
2020030231,79,penalty-kill,19,35,FALSE,FALSE,TRUE,TRUE,TRUE,FALSE,0.0021898279446844306,8477456
2020030231,84,even-strength,74,18,FALSE,FALSE,TRUE,TRUE,TRUE,TRUE,0.04455332531877434,8476455
2020030231,90,even-strength,60,-31,FALSE,FALSE,TRUE,TRUE,TRUE,FALSE,0.02407193486408459,8477501
2020030231,92,even-strength,51,-10,FALSE,FALSE,TRUE,TRUE,FALSE,FALSE,0.026354101079419434,8476455
2020030231,94,even-strength,79,22,FALSE,FALSE,TRUE,TRUE,TRUE,FALSE,0.031131567856437215,8477492
2020030231,95,even-strength,77,-3,TRUE,FALSE,TRUE,TRUE,TRUE,FALSE,0.10326426947362224,8477492
2020030231,99,even-strength,85,-20,FALSE,FALSE,TRUE,TRUE,FALSE,FALSE,0.03837850748187451,8479370
2020030231,253,even-strength,72,10,FALSE,FALSE,TRUE,TRUE,TRUE,FALSE,0.08736799662112962,8480069
2020030231,255,even-strength,41,36,FALSE,FALSE,TRUE,TRUE,TRUE,FALSE,0.0077806603518939515,8477930
2020030231,260,even-strength,38,35,FALSE,FALSE,TRUE,TRUE,TRUE,FALSE,0.009803441788845835,8478038
2020030231,261,even-strength,85,24,FALSE,FALSE,TRUE,TRUE,TRUE,FALSE,0.02382244906287866,8479370
2020030231,263,even-strength,43,-31,FALSE,FALSE,TRUE,TRUE,FALSE,FALSE,0.012681900866807315,8480069
2020030231,279,even-strength,67,24,FALSE,FALSE,TRUE,TRUE,TRUE,FALSE,0.026639666880101207,8477435
2020030231,281,even-strength,33,-9,FALSE,FALSE,TRUE,TRUE,TRUE,FALSE,0.016240916546515542,8480069
2020030231,282,even-strength,75,14,FALSE,FALSE,TRUE,TRUE,TRUE,TRUE,0.04824014228496052,8476438
2020030231,288,even-strength,84,6,FALSE,FALSE,TRUE,TRUE,TRUE,FALSE,0.08618796880128307,8475820
2020030231,289,even-strength,70,19,TRUE,FALSE,TRUE,TRUE,TRUE,TRUE,0.07931928259195102,8477492
2020030231,295,even-strength,31,-5,FALSE,FALSE,TRUE,TRUE,TRUE,FALSE,0.032877894452875873,8477930
2020030231,296,even-strength,81,-6,FALSE,FALSE,TRUE,TRUE,FALSE,FALSE,0.06202987516945287,8477930
2020030231,353,even-strength,72,9,FALSE,FALSE,TRUE,FALSE,FALSE,FALSE,0,8478420
2020030231,367,power-play,68,10,FALSE,FALSE,TRUE,FALSE,FALSE,FALSE,0,8475820
2020030231,407,even-strength,58,4,FALSE,FALSE,TRUE,TRUE,TRUE,FALSE,0.08129240015688569,8477492
2020030231,410,power-play,76,0,FALSE,FALSE,TRUE,TRUE,TRUE,FALSE,0.16222905108367494,8477492
2020030231,411,power-play,85,-9,FALSE,FALSE,TRUE,TRUE,FALSE,FALSE,0.08021454610115358,8478420
2020030231,412,power-play,61,-17,FALSE,FALSE,TRUE,TRUE,FALSE,FALSE,0.0961978901193442,8477492
2020030231,414,power-play,60,-10,TRUE,FALSE,TRUE,TRUE,TRUE,FALSE,0.1480157263819255,8475820
2020030231,418,power-play,64,27,FALSE,FALSE,TRUE,TRUE,TRUE,FALSE,0.08337568099128757,8477492
2020030231,420,power-play,83,4,FALSE,FALSE,TRUE,TRUE,TRUE,TRUE,0.1381266182586171,8476455
2020030231,424,even-strength,78,-5,FALSE,FALSE,TRUE,TRUE,TRUE,FALSE,0.08289125450602693,8477501
2020030231,428,even-strength,78,-6,FALSE,FALSE,TRUE,TRUE,TRUE,TRUE,0.09343309844477045,8477492
2020030231,651,even-strength,46,26,FALSE,FALSE,TRUE,TRUE,FALSE,FALSE,0.019119624359542686,8480069
2020030231,652,even-strength,54,19,FALSE,FALSE,TRUE,TRUE,TRUE,FALSE,0.05226461097283214,8477501
2020030231,670,power-play,87,7,FALSE,FALSE,TRUE,TRUE,TRUE,FALSE,0.11282791117106385,8480069
2020030231,671,power-play,85,7,FALSE,FALSE,TRUE,TRUE,TRUE,FALSE,0.07007837566355508,8478420
2020030231,672,power-play,45,-10,FALSE,FALSE,TRUE,TRUE,TRUE,FALSE,0.06533393544066696,8475820
2020030231,673,power-play,62,27,FALSE,FALSE,TRUE,TRUE,TRUE,FALSE,0.08280314478940998,8479370
2020030231,675,even-strength,50,30,FALSE,FALSE,TRUE,TRUE,TRUE,FALSE,0.030084865818712607,8477492
2020030231,677,power-play,52,-5,FALSE,FALSE,TRUE,TRUE,FALSE,FALSE,0.08329103120101347,8479370
2020030231,678,power-play,86,6,FALSE,FALSE,TRUE,TRUE,TRUE,FALSE,0.1428474299227053,8477456
2020030231,679,power-play,58,-18,FALSE,FALSE,TRUE,TRUE,FALSE,FALSE,0.09087290836438464,8477444
2020030231,684,power-play,54,20,FALSE,FALSE,TRUE,TRUE,TRUE,FALSE,0.08461348899575821,8479398
2020030231,685,power-play,47,4,FALSE,FALSE,TRUE,TRUE,TRUE,TRUE,0.08080502858926293,8480069
2020030231,689,even-strength,58,21,FALSE,FALSE,TRUE,TRUE,TRUE,FALSE,0.03350743463513951,8481618
2020030231,773,power-play,74,-1,FALSE,FALSE,TRUE,FALSE,FALSE,FALSE,0,8479370
2020030231,774,power-play,77,-13,FALSE,FALSE,TRUE,FALSE,FALSE,FALSE,0,8478420
2020030314,57,even-strength,82,17,TRUE,FALSE,TRUE,FALSE,FALSE,FALSE,0,8476979
2020030314,60,even-strength,71,-6,FALSE,FALSE,TRUE,FALSE,FALSE,FALSE,0,8477476
2020030314,61,even-strength,66,0,FALSE,FALSE,TRUE,TRUE,TRUE,FALSE,0.06964888707103191,8475848
2020030314,66,even-strength,78,-17,FALSE,FALSE,TRUE,TRUE,FALSE,FALSE,0.03751246693915517,8470595
2020030314,67,even-strength,54,26,FALSE,FALSE,TRUE,TRUE,TRUE,FALSE,0.025661091539568727,8470595
2020030314,71,even-strength,86,13,FALSE,FALSE,TRUE,TRUE,TRUE,FALSE,0.04009450524353869,8480829
2020030314,72,even-strength,86,33,FALSE,FALSE,TRUE,TRUE,TRUE,FALSE,0.016509857901531887,8475848
2020030314,74,even-strength,70,21,FALSE,FALSE,TRUE,FALSE,FALSE,FALSE,0,8470595
2020030314,75,even-strength,76,-2,FALSE,FALSE,TRUE,TRUE,TRUE,FALSE,0.1052568680321554,8476469
2020030314,84,even-strength,79,-1,FALSE,FALSE,TRUE,TRUE,TRUE,FALSE,0.1123130189584118,8470595
2020030314,85,even-strength,85,-10,FALSE,TRUE,TRUE,TRUE,TRUE,FALSE,0.12263939603388357,8476469
2020030314,88,even-strength,75,-4,FALSE,FALSE,TRUE,FALSE,FALSE,FALSE,0,8470642
2020030314,89,even-strength,60,-1,TRUE,FALSE,TRUE,TRUE,TRUE,FALSE,0.14312094690578797,8480018
2020030314,91,even-strength,84,-6,FALSE,FALSE,TRUE,TRUE,TRUE,FALSE,0.06080946830256627,8475726
2020030314,93,even-strength,43,-3,FALSE,FALSE,TRUE,FALSE,FALSE,FALSE,0,8473507
2020030314,96,even-strength,64,26,FALSE,FALSE,TRUE,TRUE,TRUE,FALSE,0.029197469762273078,8481540
2020030314,352,even-strength,66,-9,FALSE,FALSE,TRUE,TRUE,FALSE,FALSE,0.0502974773074454,8476981
2020030314,357,even-strength,22,-30,FALSE,FALSE,TRUE,TRUE,TRUE,FALSE,0.006440684656534553,8477476
2020030314,362,even-strength,72,29,FALSE,FALSE,TRUE,TRUE,TRUE,FALSE,0.022424135218290262,8476479
2020030314,364,even-strength,62,-1,FALSE,FALSE,TRUE,FALSE,FALSE,FALSE,0,8480829
2020030314,368,even-strength,81,-16,FALSE,FALSE,TRUE,TRUE,TRUE,FALSE,0.039401556605108745,8475848
2020030314,375,even-strength,62,-25,FALSE,FALSE,TRUE,FALSE,FALSE,FALSE,0,8474038
2020030314,376,even-strength,69,-11,FALSE,FALSE,TRUE,FALSE,FALSE,FALSE,0,8473507
2020030314,384,even-strength,61,-2,FALSE,FALSE,TRUE,TRUE,FALSE,FALSE,0.06908128691135738,8481540
2020030314,385,even-strength,34,4,FALSE,FALSE,TRUE,TRUE,TRUE,FALSE,0.016977081719522568,8476981
2020030314,388,even-strength,86,-32,FALSE,FALSE,TRUE,TRUE,TRUE,FALSE,0.02254620521374031,8475848
2020030314,393,even-strength,89,5,TRUE,FALSE,TRUE,TRUE,TRUE,FALSE,0.1045279703121059,8470621
2020030314,394,even-strength,87,6,FALSE,FALSE,TRUE,TRUE,TRUE,FALSE,0.029946340642201915,8481540
2020030314,395,even-strength,26,-6,FALSE,FALSE,TRUE,TRUE,TRUE,FALSE,0.017290399979913815,8476981
2020030314,397,even-strength,58,-25,FALSE,FALSE,TRUE,FALSE,FALSE,FALSE,0,8476441
2020030314,398,even-strength,70,0,FALSE,FALSE,TRUE,TRUE,FALSE,FALSE,0.1155737771109214,8475848
2020030314,610,even-strength,76,1,FALSE,FALSE,TRUE,TRUE,TRUE,TRUE,0.24194511071750963,8474038
2020030314,613,power-play,83,-6,FALSE,FALSE,TRUE,TRUE,TRUE,FALSE,0.13546434296361612,8480018
2020030314,617,power-play,33,-29,FALSE,FALSE,TRUE,TRUE,TRUE,FALSE,0.032033098408298655,8480018
2020030314,618,power-play,62,-6,FALSE,FALSE,TRUE,FALSE,FALSE,FALSE,0,8473507
2020030314,628,even-strength,85,18,FALSE,FALSE,TRUE,TRUE,FALSE,FALSE,0.03747518643278947,8476981
2020030314,629,even-strength,64,2,FALSE,FALSE,TRUE,FALSE,FALSE,FALSE,0,8476441
2020030314,630,even-strength,36,35,FALSE,FALSE,TRUE,TRUE,FALSE,FALSE,0.009734959543523844,8476441
2020030314,632,even-strength,34,-25,FALSE,FALSE,TRUE,TRUE,TRUE,FALSE,0.018634429450953508,8475750
2020030314,633,even-strength,83,-8,FALSE,TRUE,TRUE,TRUE,FALSE,FALSE,0.15742445000193872,8481540
2020030314,635,even-strength,60,24,FALSE,FALSE,TRUE,FALSE,FALSE,FALSE,0,8475848
2020030314,636,even-strength,76,-4,FALSE,TRUE,TRUE,FALSE,FALSE,FALSE,0,8481540
2020030314,638,even-strength,69,-4,FALSE,FALSE,TRUE,TRUE,FALSE,FALSE,0.06031665274413983,8470642
2020030314,639,even-strength,74,-3,FALSE,FALSE,TRUE,FALSE,FALSE,FALSE,0,8475848
2020030314,641,even-strength,81,0,FALSE,FALSE,TRUE,TRUE,TRUE,FALSE,0.15790300355097794,8481540
2020030314,643,even-strength,86,-9,FALSE,FALSE,TRUE,TRUE,TRUE,FALSE,0.03492050069140676,8476469
2020030314,645,even-strength,73,-3,FALSE,FALSE,TRUE,TRUE,TRUE,FALSE,0.0620352194967509,8475848
2020030314,647,even-strength,-78,-17,FALSE,FALSE,TRUE,FALSE,FALSE,FALSE,0,8475279
2020030314,648,even-strength,61,30,FALSE,FALSE,TRUE,TRUE,TRUE,FALSE,0.020700928829905152,8476479
2020030314,752,even-strength,76,-25,FALSE,FALSE,TRUE,TRUE,FALSE,FALSE,0.029551083829212954,8475848
2020030314,753,even-strength,50,-30,TRUE,FALSE,TRUE,TRUE,FALSE,FALSE,0.03354168581100804,8481540
2020030314,754,even-strength,55,10,FALSE,FALSE,TRUE,FALSE,FALSE,FALSE,0,8475726
2020030314,757,even-strength,81,-6,FALSE,TRUE,TRUE,TRUE,TRUE,FALSE,0.15134571588517992,8476479
2020030314,758,even-strength,85,-6,FALSE,FALSE,TRUE,TRUE,TRUE,FALSE,0.06517080037345829,8476479
2020030316,55,even-strength,87,19,FALSE,FALSE,TRUE,FALSE,FALSE,FALSE,0,8477476
2020030316,56,even-strength,39,27,FALSE,FALSE,TRUE,TRUE,TRUE,FALSE,0.010076097907007768,8476479
2020030316,63,power-play,65,-7,FALSE,FALSE,TRUE,TRUE,TRUE,FALSE,0.09406923593279441,8470621
2020030316,76,even-strength,38,37,TRUE,FALSE,TRUE,TRUE,FALSE,FALSE,0.018809046441844827,8476441
2020030316,80,even-strength,77,-22,FALSE,FALSE,TRUE,TRUE,TRUE,FALSE,0.04022366865710406,8480018
2020030316,81,even-strength,58,32,FALSE,FALSE,TRUE,TRUE,TRUE,FALSE,0.013657071293706155,8476479
2020030316,83,even-strength,67,-10,FALSE,FALSE,TRUE,FALSE,FALSE,FALSE,0,8480829
2020030316,85,power-play,62,36,FALSE,FALSE,TRUE,TRUE,FALSE,FALSE,0.04971897576189884,8481540
2020030316,86,power-play,67,-11,FALSE,FALSE,TRUE,FALSE,FALSE,FALSE,0,8480018
2020030316,87,power-play,37,13,TRUE,FALSE,TRUE,TRUE,TRUE,TRUE,0.06983747303055114,8470642
2020030316,93,even-strength,60,-20,FALSE,FALSE,TRUE,TRUE,TRUE,FALSE,0.032560695867720015,8475848
2020030316,95,even-strength,66,21,TRUE,FALSE,TRUE,FALSE,FALSE,FALSE,0,8476441
2020030316,97,even-strength,61,3,TRUE,FALSE,TRUE,TRUE,FALSE,FALSE,0.11164084331163299,8480829
2020030316,98,even-strength,75,20,FALSE,FALSE,TRUE,FALSE,FALSE,FALSE,0,8480829
2020030316,252,even-strength,29,2,FALSE,FALSE,TRUE,TRUE,TRUE,FALSE,0.015509431038529638,8476981
2020030316,256,even-strength,60,-37,FALSE,FALSE,TRUE,TRUE,TRUE,FALSE,0.013346333770472485,8470595
2020030316,259,even-strength,69,19,FALSE,FALSE,TRUE,FALSE,FALSE,FALSE,0,8473507
2020030316,263,even-strength,65,10,FALSE,FALSE,TRUE,FALSE,FALSE,FALSE,0,8475726
2020030316,264,even-strength,82,8,FALSE,FALSE,TRUE,TRUE,TRUE,FALSE,0.04178578437874784,8475848
2020030316,270,even-strength,-69,-39,FALSE,FALSE,TRUE,TRUE,TRUE,FALSE,1.9380959912167756e-4,8476469
2020030316,273,penalty-kill,77,-3,FALSE,FALSE,TRUE,TRUE,TRUE,FALSE,0.09268733572034608,8477476
2020030316,274,penalty-kill,75,-5,FALSE,FALSE,TRUE,TRUE,TRUE,FALSE,0.05930569079066202,8477476
2020030316,280,penalty-kill,-85,36,FALSE,FALSE,TRUE,TRUE,TRUE,FALSE,8.924885485844923e-4,8475279
2020030316,282,even-strength,61,25,FALSE,FALSE,TRUE,TRUE,TRUE,FALSE,0.03098470560571814,8480018
2020030316,283,even-strength,64,3,FALSE,TRUE,TRUE,TRUE,TRUE,FALSE,0.16515435324878358,8475726
2020030316,285,power-play,68,12,FALSE,FALSE,TRUE,TRUE,TRUE,FALSE,0.1023953850458378,8481540
2020030316,292,even-strength,37,25,FALSE,FALSE,TRUE,TRUE,TRUE,FALSE,0.012933545900998626,8481540
2020030316,294,even-strength,79,-10,FALSE,FALSE,TRUE,TRUE,TRUE,TRUE,0.07810322073620482,8481540
2020030316,299,even-strength,70,8,FALSE,FALSE,TRUE,TRUE,FALSE,FALSE,0.09581199424798066,8480018
2020030316,560,even-strength,59,23,FALSE,FALSE,TRUE,TRUE,TRUE,FALSE,0.033158384339366895,8476469
2020030316,564,even-strength,49,12,TRUE,FALSE,TRUE,TRUE,TRUE,FALSE,0.06985458877114673,8480829
2020030316,565,even-strength,35,4,FALSE,FALSE,TRUE,TRUE,TRUE,FALSE,0.020016624594835435,8475848
2020030316,569,even-strength,71,-20,FALSE,FALSE,TRUE,TRUE,TRUE,FALSE,0.045009718827640446,8476981
2020030316,574,even-strength,67,-18,FALSE,FALSE,TRUE,TRUE,TRUE,FALSE,0.03649505741521088,8475848
2020030316,578,even-strength,83,3,FALSE,FALSE,TRUE,FALSE,FALSE,FALSE,0,8480018
2020030316,582,even-strength,82,1,FALSE,FALSE,TRUE,TRUE,TRUE,FALSE,0.18314014943672044,8476469
2020030316,583,even-strength,81,4,FALSE,FALSE,TRUE,FALSE,FALSE,FALSE,0,8470621
2020030316,585,even-strength,64,0,TRUE,FALSE,TRUE,TRUE,TRUE,FALSE,0.20170997198148138,8476479
2020030316,587,even-strength,64,24,FALSE,FALSE,TRUE,TRUE,TRUE,FALSE,0.025048614359881736,8475279
2020030316,589,even-strength,75,-18,FALSE,FALSE,TRUE,FALSE,FALSE,FALSE,0,8481540
2020030316,591,even-strength,74,24,FALSE,FALSE,TRUE,TRUE,TRUE,FALSE,0.04494345282415155,8477476
2020030316,593,even-strength,33,-32,TRUE,FALSE,TRUE,TRUE,TRUE,FALSE,0.018738153129942283,8470642
2020030316,595,even-strength,66,21,FALSE,FALSE,TRUE,FALSE,FALSE,FALSE,0,8475279
2020030316,752,even-strength,74,6,FALSE,FALSE,TRUE,TRUE,TRUE,FALSE,0.07541043356696935,8475726
2020030316,763,even-strength,69,-11,FALSE,FALSE,TRUE,TRUE,TRUE,FALSE,0.0976503373319398,8481540
2020030316,764,even-strength,68,-15,FALSE,FALSE,TRUE,FALSE,FALSE,FALSE,0,8476479
2020030316,767,even-strength,33,2,TRUE,FALSE,TRUE,TRUE,TRUE,FALSE,0.027826365563356614,8474038
2020030316,778,even-strength,49,15,TRUE,FALSE,TRUE,FALSE,FALSE,FALSE,0,8475279
2020030316,788,even-strength,67,9,FALSE,FALSE,TRUE,TRUE,TRUE,TRUE,0.07086938097771463,8477476
