gameId,eventId,strengthState,xCoordNorm,yCoordNorm,isRush,isRebound,isCorsi,isFenwick,isShot,isGoal,xG,shooterPlayerId
2016020001,11,even-strength,86,13,FALSE,FALSE,TRUE,TRUE,TRUE,FALSE,0.05058567672321908,8467967
2016020001,15,even-strength,23,-38,FALSE,FALSE,TRUE,TRUE,TRUE,FALSE,0.004382490826818176,8476879
2016020001,16,even-strength,33,-15,FALSE,FALSE,TRUE,TRUE,TRUE,FALSE,0.01226545685727994,8474578
2016020001,31,even-strength,33,-18,FALSE,FALSE,TRUE,TRUE,TRUE,FALSE,0.013591900144139158,8474578
2016020001,36,even-strength,34,20,FALSE,FALSE,TRUE,TRUE,TRUE,FALSE,0.010093018964367956,8474578
2016020001,37,even-strength,34,-25,FALSE,FALSE,TRUE,TRUE,TRUE,FALSE,0.011924579755256518,8474578
2016020001,38,even-strength,82,3,FALSE,TRUE,TRUE,TRUE,TRUE,TRUE,0.26493979034014054,8471676
2016020001,41,even-strength,44,-6,FALSE,FALSE,TRUE,TRUE,TRUE,FALSE,0.038285813809815925,8471768
2016020001,43,even-strength,69,-8,FALSE,FALSE,TRUE,TRUE,TRUE,FALSE,0.07825277258208414,8471676
2016020001,44,even-strength,34,-1,FALSE,FALSE,TRUE,TRUE,TRUE,TRUE,0.019174687777526594,8474578
2016020001,204,even-strength,56,-2,FALSE,FALSE,TRUE,FALSE,FALSE,FALSE,0,8470602
2016020001,205,even-strength,52,9,FALSE,FALSE,TRUE,TRUE,FALSE,FALSE,0.032679148587733235,8470602
2016020001,206,even-strength,78,-1,FALSE,FALSE,TRUE,FALSE,FALSE,FALSE,0,8475227
2016020001,210,even-strength,77,-2,FALSE,FALSE,TRUE,TRUE,FALSE,FALSE,0.09756945511135155,8474884
2016020001,215,even-strength,74,-39,FALSE,FALSE,TRUE,TRUE,FALSE,FALSE,0.015147206511096363,8467967
2016020001,226,penalty-kill,59,1,FALSE,FALSE,TRUE,FALSE,FALSE,FALSE,0,8474068
2016020001,233,power-play,77,1,FALSE,FALSE,TRUE,FALSE,FALSE,FALSE,0,8471676
2016020001,235,power-play,55,-13,TRUE,FALSE,TRUE,FALSE,FALSE,FALSE,0,8476879
2016020001,237,even-strength,82,21,FALSE,FALSE,TRUE,FALSE,FALSE,FALSE,0,8475913
2016020001,238,even-strength,89,25,FALSE,FALSE,TRUE,TRUE,FALSE,FALSE,0.07492305410672674,8473544
2016020001,241,even-strength,63,-18,FALSE,FALSE,TRUE,TRUE,FALSE,FALSE,0.040010218871225876,8474068
2016020001,243,even-strength,70,-15,FALSE,FALSE,TRUE,FALSE,FALSE,FALSE,0,8473544
2016020001,247,even-strength,86,5,FALSE,FALSE,TRUE,TRUE,FALSE,FALSE,0.05508867873113073,8476419
2016020001,269,power-play,71,-21,FALSE,FALSE,TRUE,TRUE,TRUE,FALSE,0.06059333832648028,8474884
2016020001,272,power-play,35,22,FALSE,FALSE,TRUE,TRUE,TRUE,FALSE,0.03592982875343144,8474578
2016020001,274,power-play,85,-14,FALSE,TRUE,TRUE,TRUE,TRUE,FALSE,0.1986579010313892,8474068
2016020001,285,even-strength,55,21,FALSE,FALSE,TRUE,TRUE,TRUE,FALSE,0.033248509093643436,8476419
2016020001,293,even-strength,35,19,FALSE,FALSE,TRUE,TRUE,TRUE,FALSE,0.02689681192977803,8470760
2016020001,294,even-strength,87,-8,FALSE,FALSE,TRUE,TRUE,TRUE,FALSE,0.04854427222429774,8475913
2016020001,402,even-strength,34,-8,FALSE,FALSE,TRUE,TRUE,FALSE,FALSE,0.0182921591215827,8475227
2016020001,409,even-strength,41,16,FALSE,FALSE,TRUE,TRUE,FALSE,FALSE,0.018634245015202288,8474697
2016020001,423,even-strength,71,-17,FALSE,FALSE,TRUE,TRUE,FALSE,FALSE,0.03566188229542709,8474884
2016020001,424,even-strength,35,-32,FALSE,FALSE,TRUE,TRUE,FALSE,FALSE,0.008943923981223845,8476879
2016020001,425,even-strength,39,-6,FALSE,FALSE,TRUE,FALSE,FALSE,FALSE,0,8471676
2016020001,433,power-play,34,1,FALSE,FALSE,TRUE,TRUE,FALSE,FALSE,0.04037171169158193,8474578
2016020001,434,even-strength,78,-3,FALSE,FALSE,TRUE,FALSE,FALSE,FALSE,0,8475227
2016020001,443,even-strength,75,-8,FALSE,FALSE,TRUE,TRUE,FALSE,FALSE,0.08390927549460483,8471768
2016020001,473,penalty-kill,64,-3,FALSE,FALSE,TRUE,TRUE,TRUE,FALSE,0.07889348359779022,8474068
2016020001,486,even-strength,59,40,FALSE,FALSE,TRUE,TRUE,TRUE,FALSE,0.009084127266965654,8471676
2016020001,490,even-strength,75,-31,FALSE,FALSE,TRUE,TRUE,TRUE,FALSE,0.016900564994197637,8474578
2016020001,491,even-strength,83,5,FALSE,FALSE,TRUE,TRUE,TRUE,FALSE,0.08030715312355786,8467493
2016020001,498,even-strength,77,16,FALSE,FALSE,TRUE,TRUE,TRUE,TRUE,0.05054612757278192,8473544
2016020001,663,even-strength,48,-34,FALSE,FALSE,TRUE,TRUE,TRUE,FALSE,0.02593815395272929,8476879
2016020001,672,power-play,42,20,FALSE,FALSE,TRUE,TRUE,TRUE,FALSE,0.04258983928910158,8474578
2016020001,677,even-strength,73,-13,FALSE,FALSE,TRUE,TRUE,TRUE,TRUE,0.06352753750304076,8474068
2016020001,851,even-strength,79,13,FALSE,FALSE,TRUE,TRUE,TRUE,FALSE,0.01975546592042573,8467493
2016020001,862,even-strength,57,9,FALSE,FALSE,TRUE,TRUE,TRUE,FALSE,0.05521953716798826,8473544
2016020001,864,even-strength,35,36,FALSE,FALSE,TRUE,TRUE,TRUE,FALSE,0.008382203735670399,8470760
2016020001,865,even-strength,49,-13,FALSE,FALSE,TRUE,TRUE,TRUE,FALSE,0.038538757006678845,8475913
2016020001,867,even-strength,43,-18,FALSE,FALSE,TRUE,TRUE,TRUE,FALSE,0.027078941527801884,8476879
2016020001,876,even-strength,49,-5,FALSE,FALSE,TRUE,TRUE,TRUE,TRUE,0.10609438817317635,8474068
2016020017,8,even-strength,45,23,FALSE,FALSE,TRUE,TRUE,TRUE,FALSE,0.01739255763888463,8477956
2016020017,10,even-strength,40,20,FALSE,FALSE,TRUE,TRUE,FALSE,FALSE,0.02459306402521208,8478046
2016020017,12,even-strength,86,19,FALSE,FALSE,TRUE,TRUE,TRUE,FALSE,0.04156637865674729,8468575
2016020017,27,penalty-kill,46,24,FALSE,FALSE,TRUE,TRUE,TRUE,FALSE,0.12139768386353578,8475727
2016020017,33,even-strength,52,19,FALSE,FALSE,TRUE,FALSE,FALSE,FALSE,0,8468639
2016020017,35,even-strength,72,-4,FALSE,FALSE,TRUE,TRUE,TRUE,FALSE,0.09460768199987674,8475727
2016020017,37,power-play,58,-19,FALSE,FALSE,TRUE,TRUE,TRUE,FALSE,0.048345829654381146,8476792
2016020017,38,power-play,60,-15,FALSE,FALSE,TRUE,FALSE,FALSE,FALSE,0,8475727
2016020017,39,power-play,61,-12,FALSE,FALSE,TRUE,FALSE,FALSE,FALSE,0,8471276
2016020017,40,even-strength,63,-3,FALSE,FALSE,TRUE,TRUE,FALSE,FALSE,0.06595921388762867,8473492
2016020017,41,even-strength,67,0,FALSE,FALSE,TRUE,FALSE,FALSE,FALSE,0,8476525
2016020017,46,even-strength,85,-5,FALSE,FALSE,TRUE,TRUE,TRUE,FALSE,0.08137752903215266,8471276
2016020017,47,even-strength,35,-16,FALSE,FALSE,TRUE,TRUE,TRUE,FALSE,0.008853034834670426,8478046
2016020017,202,even-strength,29,30,FALSE,FALSE,TRUE,TRUE,FALSE,FALSE,0.006225558164829113,8465009
2016020017,203,even-strength,73,-8,FALSE,FALSE,TRUE,FALSE,FALSE,FALSE,0,8478443
2016020017,206,power-play,58,-5,FALSE,FALSE,TRUE,FALSE,FALSE,FALSE,0,8471276
2016020017,208,power-play,76,23,FALSE,FALSE,TRUE,TRUE,TRUE,TRUE,0.061307510031291056,8477956
2016020017,210,even-strength,76,7,FALSE,FALSE,TRUE,FALSE,FALSE,FALSE,0,8478569
2016020017,211,even-strength,47,-13,FALSE,FALSE,TRUE,TRUE,TRUE,FALSE,0.027288453062456388,8474625
2016020017,226,even-strength,41,11,FALSE,FALSE,TRUE,FALSE,FALSE,FALSE,0,8478046
2016020017,228,even-strength,69,12,FALSE,FALSE,TRUE,TRUE,TRUE,FALSE,0.0695212671328719,8474625
2016020017,230,even-strength,71,18,FALSE,FALSE,TRUE,TRUE,TRUE,FALSE,0.05411627550673674,8477956
2016020017,231,even-strength,31,-30,FALSE,FALSE,TRUE,TRUE,TRUE,FALSE,0.008144051411670107,8478443
2016020017,233,even-strength,60,-23,FALSE,FALSE,TRUE,FALSE,FALSE,FALSE,0,8470655
2016020017,238,power-play,43,11,FALSE,FALSE,TRUE,TRUE,TRUE,FALSE,0.060329507468692214,8476792
2016020017,240,even-strength,66,21,FALSE,FALSE,TRUE,TRUE,TRUE,FALSE,0.03810420516097786,8473492
2016020017,241,even-strength,43,8,FALSE,FALSE,TRUE,FALSE,FALSE,FALSE,0,8474062
2016020017,248,even-strength,17,2,FALSE,FALSE,TRUE,TRUE,TRUE,FALSE,0.011001650293024853,8477956
2016020017,249,even-strength,54,-11,FALSE,FALSE,TRUE,FALSE,FALSE,FALSE,0,8475727
2016020017,502,even-strength,39,12,FALSE,FALSE,TRUE,TRUE,FALSE,FALSE,0.01608261417761874,8474062
2016020017,503,even-strength,26,20,FALSE,FALSE,TRUE,TRUE,TRUE,FALSE,0.008761024649868138,8468639
2016020017,505,even-strength,54,6,FALSE,FALSE,TRUE,TRUE,TRUE,FALSE,0.057237629654171576,8477956
2016020017,506,even-strength,51,14,FALSE,FALSE,TRUE,TRUE,TRUE,FALSE,0.03519398342441288,8470655
2016020017,509,even-strength,40,-5,FALSE,FALSE,TRUE,TRUE,FALSE,FALSE,0.02521536359922882,8478443
2016020017,510,even-strength,55,-25,FALSE,FALSE,TRUE,FALSE,FALSE,FALSE,0,8478443
2016020017,511,even-strength,43,7,FALSE,FALSE,TRUE,FALSE,FALSE,FALSE,0,8473419
2016020017,512,even-strength,33,-30,FALSE,FALSE,TRUE,TRUE,FALSE,FALSE,0.012328078919311689,8473492
2016020017,523,even-strength,60,-11,FALSE,FALSE,TRUE,FALSE,FALSE,FALSE,0,8475727
2016020017,525,even-strength,35,-9,FALSE,FALSE,TRUE,TRUE,FALSE,FALSE,0.0215096290320368,8476303
2016020017,526,even-strength,65,15,FALSE,FALSE,TRUE,TRUE,TRUE,FALSE,0.04663221352708709,8475727
2016020017,529,even-strength,37,-12,FALSE,FALSE,TRUE,TRUE,FALSE,FALSE,0.017305230089449713,8473492
2016020017,533,even-strength,61,23,FALSE,FALSE,TRUE,TRUE,FALSE,FALSE,0.03973649320906451,8477956
2016020017,539,even-strength,71,6,FALSE,FALSE,TRUE,FALSE,FALSE,FALSE,0,8468575
2016020017,541,even-strength,38,-16,FALSE,FALSE,TRUE,TRUE,FALSE,FALSE,0.018122996932507837,8478443
2016020017,544,even-strength,16,-20,FALSE,FALSE,TRUE,TRUE,TRUE,FALSE,0.004525043066872596,8478512
2016020017,546,even-strength,-2,29,FALSE,FALSE,TRUE,TRUE,TRUE,FALSE,0.0016839960883504631,8476792
2016020017,758,power-play,44,-26,FALSE,FALSE,TRUE,TRUE,FALSE,FALSE,0.03654926512304602,8471276
2016020017,761,even-strength,43,-14,FALSE,FALSE,TRUE,TRUE,FALSE,FALSE,0.03188608863803545,8473492
2016020017,762,penalty-kill,76,-7,FALSE,FALSE,TRUE,TRUE,TRUE,FALSE,0.04295140967694768,8474625
2016020017,764,penalty-kill,18,-26,FALSE,FALSE,TRUE,TRUE,TRUE,FALSE,0.007856968950687526,8478443
2016020017,768,even-strength,55,-18,FALSE,FALSE,TRUE,FALSE,FALSE,FALSE,0,8476792
2016020017,769,even-strength,43,-11,FALSE,FALSE,TRUE,TRUE,FALSE,FALSE,0.021391364890744686,8476525
2016020017,770,even-strength,47,32,FALSE,FALSE,TRUE,TRUE,TRUE,FALSE,0.012500837836347084,8477956
2016020017,774,even-strength,70,11,FALSE,FALSE,TRUE,TRUE,TRUE,FALSE,0.07368047554981502,8474062
2016020017,775,even-strength,73,10,FALSE,FALSE,TRUE,TRUE,FALSE,FALSE,0.0710797110831574,8474062
2016020017,778,even-strength,43,-9,TRUE,FALSE,TRUE,FALSE,FALSE,FALSE,0,8478443
2016020017,781,even-strength,53,-19,FALSE,FALSE,TRUE,FALSE,FALSE,FALSE,0,8476792
2016020017,784,even-strength,65,-12,FALSE,FALSE,TRUE,TRUE,FALSE,FALSE,0.04038972258442491,8471276
2016020050,53,even-strength,76,-29,FALSE,FALSE,TRUE,TRUE,TRUE,FALSE,0.019456103567777782,8473574
2016020050,54,even-strength,67,36,FALSE,FALSE,TRUE,TRUE,TRUE,FALSE,0.019779785526853905,8470828
2016020050,56,even-strength,33,18,FALSE,FALSE,TRUE,TRUE,FALSE,FALSE,0.016094096424874436,8479339
2016020050,57,even-strength,31,-26,FALSE,FALSE,TRUE,TRUE,TRUE,FALSE,0.029124878158368773,8471218
2016020050,59,power-play,55,-20,FALSE,FALSE,TRUE,TRUE,TRUE,FALSE,0.05444848867395317,8479339
2016020050,60,power-play,33,32,FALSE,FALSE,TRUE,TRUE,FALSE,FALSE,0.029504877016749625,8470828
2016020050,61,power-play,32,-23,FALSE,FALSE,TRUE,TRUE,TRUE,FALSE,0.037531347365601396,8479339
2016020050,63,even-strength,67,-8,FALSE,FALSE,TRUE,TRUE,TRUE,FALSE,0.04439790994265166,8476460
2016020050,65,even-strength,53,-1,FALSE,FALSE,TRUE,TRUE,TRUE,FALSE,0.051512084007600156,8479293
2016020050,66,even-strength,78,3,FALSE,FALSE,TRUE,FALSE,FALSE,FALSE,0,8475279
2016020050,74,even-strength,69,15,FALSE,FALSE,TRUE,FALSE,FALSE,FALSE,0,8476469
2016020050,80,even-strength,75,1,FALSE,FALSE,TRUE,FALSE,FALSE,FALSE,0,8474074
2016020050,84,even-strength,4,3,FALSE,FALSE,TRUE,TRUE,FALSE,FALSE,0.0035919556041313174,8475788
2016020050,85,even-strength,55,16,FALSE,FALSE,TRUE,TRUE,FALSE,FALSE,0.035091462304143006,8476460
2016020050,87,even-strength,29,-20,FALSE,FALSE,TRUE,FALSE,FALSE,FALSE,0,8474574
2016020050,90,even-strength,34,3,FALSE,FALSE,TRUE,FALSE,FALSE,FALSE,0,8470834
2016020050,93,even-strength,42,-25,FALSE,TRUE,TRUE,FALSE,FALSE,FALSE,0,8470834
2016020050,100,even-strength,32,25,FALSE,FALSE,TRUE,TRUE,FALSE,FALSE,0.010086276851796652,8479339
2016020050,202,even-strength,56,23,FALSE,FALSE,TRUE,TRUE,FALSE,FALSE,0.02152224280318063,8473574
2016020050,203,even-strength,77,15,FALSE,FALSE,TRUE,FALSE,FALSE,FALSE,0,8476392
2016020050,204,even-strength,47,-19,FALSE,FALSE,TRUE,FALSE,FALSE,FALSE,0,8470834
2016020050,205,even-strength,49,-31,FALSE,FALSE,TRUE,TRUE,TRUE,FALSE,0.015922765638313307,8470828
2016020050,206,even-strength,44,20,FALSE,FALSE,TRUE,FALSE,FALSE,FALSE,0,8474574
2016020050,207,even-strength,56,17,TRUE,FALSE,TRUE,TRUE,TRUE,FALSE,0.04615927270591887,8476469
2016020050,209,even-strength,51,5,FALSE,FALSE,TRUE,FALSE,FALSE,FALSE,0,8477940
2016020050,210,even-strength,31,19,FALSE,FALSE,TRUE,TRUE,TRUE,FALSE,0.008342586710173365,8477504
2016020050,214,even-strength,33,26,FALSE,FALSE,TRUE,TRUE,TRUE,FALSE,0.007890022202237152,8477504
2016020050,215,even-strength,57,31,FALSE,FALSE,TRUE,TRUE,TRUE,FALSE,0.016873125832812263,8477504
2016020050,217,even-strength,44,36,FALSE,FALSE,TRUE,TRUE,TRUE,FALSE,0.011706737391539027,8470828
2016020050,222,even-strength,65,3,FALSE,FALSE,TRUE,TRUE,FALSE,FALSE,0.09491545465753327,8478398
2016020050,228,even-strength,78,4,FALSE,FALSE,TRUE,FALSE,FALSE,FALSE,0,8476460
2016020050,243,even-strength,81,-1,FALSE,FALSE,TRUE,TRUE,TRUE,FALSE,0.08849937844985371,8471218
2016020050,244,even-strength,84,1,FALSE,TRUE,TRUE,TRUE,TRUE,FALSE,0.24193079310450616,8471218
2016020050,246,even-strength,81,4,TRUE,FALSE,TRUE,FALSE,FALSE,FALSE,0,8473574
2016020050,247,even-strength,54,-23,FALSE,FALSE,TRUE,TRUE,TRUE,FALSE,0.019524129045428773,8474574
2016020050,249,power-play,49,-27,TRUE,FALSE,TRUE,TRUE,FALSE,FALSE,0.04949048495230536,8470834
2016020050,250,power-play,70,1,FALSE,FALSE,TRUE,TRUE,TRUE,FALSE,0.07922172685037696,8473618
2016020050,401,power-play,70,0,FALSE,TRUE,TRUE,TRUE,TRUE,FALSE,0.19185066805420467,8473618
2016020050,402,power-play,79,-10,FALSE,FALSE,TRUE,TRUE,TRUE,FALSE,0.06347841641082941,8478398
2016020050,403,power-play,41,0,FALSE,FALSE,TRUE,TRUE,FALSE,FALSE,0.03551735834960784,8477940
2016020050,404,even-strength,58,16,FALSE,FALSE,TRUE,TRUE,TRUE,TRUE,0.03412721613779677,8474574
2016020050,410,power-play,78,10,FALSE,FALSE,TRUE,FALSE,FALSE,FALSE,0,8471218
2016020050,413,even-strength,38,-2,FALSE,FALSE,TRUE,TRUE,TRUE,FALSE,0.026845838661594148,8470828
2016020050,414,even-strength,80,2,FALSE,FALSE,TRUE,FALSE,FALSE,FALSE,0,8471218
2016020050,415,even-strength,32,-5,FALSE,FALSE,TRUE,TRUE,FALSE,FALSE,0.008989846301675307,8474574
2016020050,425,even-strength,44,7,FALSE,FALSE,TRUE,FALSE,FALSE,FALSE,0,8474574
2016020050,426,even-strength,80,15,FALSE,FALSE,TRUE,TRUE,FALSE,FALSE,0.04902512902303279,8479339
2016020050,427,even-strength,76,-15,FALSE,FALSE,TRUE,TRUE,FALSE,FALSE,0.043990330034729457,8470834
2016020050,429,even-strength,31,21,FALSE,FALSE,TRUE,TRUE,FALSE,FALSE,0.010811038476225037,8477504
2016020050,433,even-strength,87,32,FALSE,FALSE,TRUE,TRUE,FALSE,FALSE,0.024897219163139105,8476469
2016020050,438,even-strength,57,20,FALSE,FALSE,TRUE,FALSE,FALSE,FALSE,0,8475279
2016020050,440,even-strength,78,16,FALSE,FALSE,TRUE,TRUE,TRUE,TRUE,0.044093214269025474,8479339
2016020050,442,even-strength,55,-22,TRUE,FALSE,TRUE,TRUE,TRUE,FALSE,0.028823794545058234,8471226
2016020050,444,even-strength,29,-12,FALSE,FALSE,TRUE,TRUE,TRUE,FALSE,0.011178786796775211,8471218
2016020050,447,even-strength,45,1,FALSE,FALSE,TRUE,TRUE,TRUE,FALSE,0.03234150049972723,8478398
2016020050,449,even-strength,58,21,FALSE,FALSE,TRUE,FALSE,FALSE,FALSE,0,8470828
2016020050,450,even-strength,31,21,FALSE,TRUE,TRUE,TRUE,TRUE,FALSE,0.0370885383003577,8470828
2016020050,602,even-strength,37,11,FALSE,FALSE,TRUE,FALSE,FALSE,FALSE,0,8474574
2016020050,603,even-strength,79,-3,FALSE,FALSE,TRUE,FALSE,FALSE,FALSE,0,8473618
2016020050,604,even-strength,60,14,FALSE,FALSE,TRUE,TRUE,TRUE,FALSE,0.03347265711387671,8474574
2016020050,605,even-strength,76,2,FALSE,FALSE,TRUE,TRUE,TRUE,FALSE,0.08670722040881694,8471218
2016020050,616,even-strength,38,15,FALSE,FALSE,TRUE,FALSE,FALSE,FALSE,0,8477504
2016020050,617,even-strength,55,9,FALSE,TRUE,TRUE,TRUE,TRUE,TRUE,0.09357729822782052,8476460
2016020050,621,even-strength,55,24,FALSE,FALSE,TRUE,TRUE,FALSE,FALSE,0.023191770705718012,8479339
2016020050,623,even-strength,70,8,TRUE,FALSE,TRUE,TRUE,TRUE,FALSE,0.14771280498529515,8473574
2016020050,625,even-strength,41,-27,FALSE,FALSE,TRUE,TRUE,FALSE,FALSE,0.013045467995751578,8474574
2016020050,628,even-strength,67,-20,FALSE,FALSE,TRUE,FALSE,FALSE,FALSE,0,8479339
2016020050,629,even-strength,55,33,FALSE,FALSE,TRUE,TRUE,FALSE,FALSE,0.014367587067984997,8479339
2016020050,630,even-strength,49,10,FALSE,FALSE,TRUE,FALSE,FALSE,FALSE,0,8477504
2016020050,631,even-strength,81,2,FALSE,FALSE,TRUE,FALSE,FALSE,FALSE,0,8477940
2016020050,632,even-strength,72,14,FALSE,TRUE,TRUE,TRUE,TRUE,FALSE,0.14822240114098623,8477940
2016020050,634,even-strength,33,22,FALSE,FALSE,TRUE,TRUE,TRUE,FALSE,0.009312985597105106,8470834
2016020050,636,even-strength,32,-2,FALSE,FALSE,TRUE,TRUE,FALSE,FALSE,0.027207178911440713,8477940
2016020050,637,even-strength,82,-5,FALSE,FALSE,TRUE,FALSE,FALSE,FALSE,0,8471218
2016020050,638,even-strength,82,-16,FALSE,FALSE,TRUE,FALSE,FALSE,FALSE,0,8477940
2016020050,639,even-strength,53,-17,TRUE,FALSE,TRUE,FALSE,FALSE,FALSE,0,8476460
2016020050,755,even-strength,42,6,TRUE,FALSE,TRUE,TRUE,FALSE,FALSE,0.060084622448390704,8477940
2016020050,757,even-strength,70,-19,FALSE,FALSE,TRUE,TRUE,FALSE,FALSE,0.04974815931665127,8470834
2016020050,759,power-play,55,29,TRUE,FALSE,TRUE,TRUE,TRUE,TRUE,0.10002024831778947,8479339
2016020050,766,even-strength,83,-5,TRUE,FALSE,TRUE,FALSE,FALSE,FALSE,0,8476460
2016020050,774,even-strength,65,-15,FALSE,FALSE,TRUE,TRUE,TRUE,TRUE,0.09086938401803109,8479339
2016020072,7,even-strength,68,-7,TRUE,FALSE,TRUE,FALSE,FALSE,FALSE,0,8470607
2016020072,9,even-strength,78,-12,FALSE,FALSE,TRUE,FALSE,FALSE,FALSE,0,8466148
2016020072,13,even-strength,40,-18,FALSE,FALSE,TRUE,TRUE,TRUE,FALSE,0.016951298417350665,8470607
2016020072,16,even-strength,75,-9,FALSE,FALSE,TRUE,TRUE,TRUE,TRUE,0.07599830166404312,8473573
2016020072,19,even-strength,39,9,TRUE,FALSE,TRUE,TRUE,FALSE,FALSE,0.04760244929934723,8478055
2016020072,23,even-strength,43,23,FALSE,FALSE,TRUE,TRUE,FALSE,FALSE,0.018832829489773103,8479482
2016020072,24,even-strength,66,27,FALSE,FALSE,TRUE,TRUE,TRUE,FALSE,0.027806125355117037,8478550
2016020072,25,even-strength,36,4,FALSE,FALSE,TRUE,TRUE,TRUE,FALSE,0.026154401358556408,8479482
2016020072,28,even-strength,55,5,FALSE,FALSE,TRUE,FALSE,FALSE,FALSE,0,8466285
2016020072,29,even-strength,46,28,FALSE,FALSE,TRUE,FALSE,FALSE,FALSE,0,8470281
2016020072,33,even-strength,81,9,FALSE,FALSE,TRUE,TRUE,FALSE,FALSE,0.07535788201025671,8478550
2016020072,34,even-strength,40,12,FALSE,FALSE,TRUE,TRUE,TRUE,FALSE,0.01726343500551199,8478055
2016020072,35,even-strength,59,7,FALSE,FALSE,TRUE,FALSE,FALSE,FALSE,0,8474141
2016020072,40,even-strength,81,4,FALSE,FALSE,TRUE,TRUE,FALSE,FALSE,0.08509749589320395,8473604
2016020072,41,even-strength,45,14,FALSE,FALSE,TRUE,FALSE,FALSE,FALSE,0,8478055
2016020072,46,even-strength,50,22,FALSE,FALSE,TRUE,TRUE,FALSE,FALSE,0.023638445258929976,8479482
2016020072,272,even-strength,60,34,FALSE,FALSE,TRUE,TRUE,TRUE,FALSE,0.018480762632363486,8479482
2016020072,277,even-strength,75,-3,FALSE,FALSE,TRUE,FALSE,FALSE,FALSE,0,8474141
2016020072,281,even-strength,83,6,FALSE,FALSE,TRUE,TRUE,TRUE,FALSE,0.08263215161709475,8477929
2016020072,287,power-play,63,10,FALSE,FALSE,TRUE,TRUE,TRUE,FALSE,0.06252226971825416,8474141
2016020072,289,power-play,59,10,FALSE,FALSE,TRUE,FALSE,FALSE,FALSE,0,8470281
2016020072,290,power-play,44,-17,FALSE,FALSE,TRUE,FALSE,FALSE,FALSE,0,8470607
2016020072,292,power-play,83,-3,FALSE,FALSE,TRUE,TRUE,FALSE,FALSE,0.13035846623379618,8466148
2016020072,298,even-strength,39,5,FALSE,FALSE,TRUE,TRUE,TRUE,FALSE,0.022152600690373375,8471769
2016020072,401,even-strength,50,10,FALSE,FALSE,TRUE,FALSE,FALSE,FALSE,0,8479482
2016020072,403,even-strength,42,-29,FALSE,FALSE,TRUE,TRUE,TRUE,FALSE,0.012757501325229778,8466285
2016020072,404,even-strength,81,1,FALSE,TRUE,TRUE,TRUE,TRUE,TRUE,0.3311940196372617,8477353
2016020072,408,even-strength,84,-12,FALSE,TRUE,TRUE,TRUE,TRUE,FALSE,0.13132714969137804,8477451
2016020072,409,even-strength,80,-4,FALSE,FALSE,TRUE,FALSE,FALSE,FALSE,0,8466148
2016020072,411,even-strength,62,-9,FALSE,FALSE,TRUE,TRUE,TRUE,FALSE,0.05190565920064464,8477451
2016020072,412,even-strength,83,-1,FALSE,FALSE,TRUE,TRUE,TRUE,FALSE,0.2456272230498419,8477951
2016020072,415,power-play,78,4,FALSE,FALSE,TRUE,TRUE,FALSE,FALSE,0.08879134456155008,8478550
2016020072,416,power-play,50,-24,FALSE,FALSE,TRUE,FALSE,FALSE,FALSE,0,8474141
2016020072,418,power-play,86,-5,FALSE,FALSE,TRUE,TRUE,TRUE,FALSE,0.07727300245097962,8466148
2016020072,419,power-play,81,-2,FALSE,FALSE,TRUE,FALSE,FALSE,FALSE,0,8478055
2016020072,420,power-play,81,-5,TRUE,FALSE,TRUE,TRUE,FALSE,FALSE,0.10970259304321565,8466148
2016020072,423,power-play,49,9,FALSE,FALSE,TRUE,TRUE,FALSE,FALSE,0.09705372933640045,8470607
2016020072,425,power-play,57,5,FALSE,FALSE,TRUE,FALSE,FALSE,FALSE,0,8470281
2016020072,426,power-play,56,15,FALSE,FALSE,TRUE,TRUE,TRUE,FALSE,0.0482031860955356,8466285
2016020072,427,even-strength,50,-24,FALSE,FALSE,TRUE,TRUE,TRUE,FALSE,0.029145824037650647,8471769
2016020072,443,even-strength,44,3,FALSE,FALSE,TRUE,TRUE,FALSE,FALSE,0.03084000339340414,8479482
2016020072,450,even-strength,58,-15,FALSE,FALSE,TRUE,FALSE,FALSE,FALSE,0,8475209
2016020072,604,even-strength,51,16,FALSE,FALSE,TRUE,FALSE,FALSE,FALSE,0,8479482
2016020072,605,even-strength,42,25,FALSE,FALSE,TRUE,FALSE,FALSE,FALSE,0,8479482
2016020072,607,even-strength,81,4,FALSE,FALSE,TRUE,TRUE,TRUE,FALSE,0.11672205698948195,8473604
2016020072,611,even-strength,79,5,FALSE,FALSE,TRUE,TRUE,TRUE,FALSE,0.09635234501028549,8477951
2016020072,612,even-strength,37,-19,FALSE,FALSE,TRUE,TRUE,FALSE,FALSE,0.016100753679957055,8470607
2016020072,613,even-strength,79,3,TRUE,FALSE,TRUE,FALSE,FALSE,FALSE,0,8479482
2016020072,615,even-strength,43,-22,FALSE,FALSE,TRUE,FALSE,FALSE,FALSE,0,8471769
2016020072,618,even-strength,42,23,FALSE,FALSE,TRUE,TRUE,TRUE,FALSE,0.02161316363489653,8477353
2016020072,623,even-strength,46,27,FALSE,FALSE,TRUE,TRUE,TRUE,FALSE,0.012206452190248528,8477929
2016020072,624,even-strength,35,20,FALSE,FALSE,TRUE,TRUE,TRUE,FALSE,0.013450202435534488,8470281
2016020072,626,even-strength,71,12,FALSE,FALSE,TRUE,FALSE,FALSE,FALSE,0,8478550
2016020072,629,even-strength,56,12,FALSE,FALSE,TRUE,FALSE,FALSE,FALSE,0,8478055
2016020072,640,even-strength,39,-19,FALSE,FALSE,TRUE,TRUE,TRUE,FALSE,0.01422346586131378,8466148
2016020072,642,even-strength,68,-2,FALSE,FALSE,TRUE,TRUE,FALSE,FALSE,0.06639755547991771,8466148
2016020072,647,even-strength,45,30,FALSE,FALSE,TRUE,TRUE,TRUE,FALSE,0.01130645216732782,8466285
2016020072,648,even-strength,74,16,FALSE,FALSE,TRUE,TRUE,TRUE,FALSE,0.04248286921180771,8466285
2016020072,649,even-strength,73,1,FALSE,TRUE,TRUE,TRUE,TRUE,TRUE,0.1757692279915312,8473573
2016020072,650,even-strength,84,9,FALSE,FALSE,TRUE,TRUE,FALSE,FALSE,0.08328664656904217,8473604
2016020072,751,even-strength,83,8,FALSE,TRUE,TRUE,TRUE,TRUE,TRUE,0.23618179600929015,8475209
2016020072,752,even-strength,37,5,FALSE,FALSE,TRUE,TRUE,TRUE,FALSE,0.036446832929110724,8470281
2016020072,755,even-strength,62,-18,FALSE,FALSE,TRUE,TRUE,TRUE,FALSE,0.03316738450609002,8475209
2016020072,758,even-strength,49,-17,FALSE,FALSE,TRUE,TRUE,TRUE,FALSE,0.02596318494306587,8478550
2016020072,770,power-play,55,-18,FALSE,FALSE,TRUE,TRUE,FALSE,FALSE,0.43667527718212573,8474141
2016020072,771,power-play,64,5,FALSE,FALSE,TRUE,FALSE,FALSE,FALSE,0,8470607
2016020072,772,power-play,82,-8,FALSE,FALSE,TRUE,FALSE,FALSE,FALSE,0,8474141
2016020072,773,power-play,43,-6,FALSE,FALSE,TRUE,TRUE,TRUE,FALSE,0.43225335588329283,8470607
2016020072,774,even-strength,58,-4,FALSE,FALSE,TRUE,TRUE,TRUE,FALSE,0.036537181052859205,8478055
2016020072,775,even-strength,76,-9,FALSE,FALSE,TRUE,TRUE,TRUE,FALSE,0.06016266874783943,8466148
2016020072,777,even-strength,79,-6,FALSE,FALSE,TRUE,TRUE,TRUE,FALSE,0.06675055651710451,8466148
2016020072,784,even-strength,76,1,FALSE,FALSE,TRUE,TRUE,TRUE,FALSE,0.11282746283682299,8478550
2016020072,786,power-play,77,-9,FALSE,FALSE,TRUE,FALSE,FALSE,FALSE,0,8474141
2016020087,12,even-strength,80,-1,FALSE,FALSE,TRUE,TRUE,TRUE,TRUE,0.18290409287881781,8474564
2016020087,14,even-strength,66,-16,FALSE,FALSE,TRUE,TRUE,TRUE,FALSE,0.03587172726940701,8474870
2016020087,15,even-strength,74,-27,TRUE,FALSE,TRUE,TRUE,FALSE,FALSE,0.02233095390068787,8470619
2016020087,18,even-strength,59,-10,FALSE,FALSE,TRUE,TRUE,TRUE,FALSE,0.06069624268070458,8470047
2016020087,19,even-strength,78,0,FALSE,FALSE,TRUE,TRUE,TRUE,FALSE,0.15980267684756586,8478010
2016020087,30,even-strength,40,3,FALSE,FALSE,TRUE,TRUE,TRUE,FALSE,0.03394921180179153,8470601
2016020087,31,even-strength,86,0,FALSE,TRUE,TRUE,TRUE,TRUE,TRUE,0.4654358703686944,8473986
2016020087,36,even-strength,55,31,FALSE,FALSE,TRUE,TRUE,TRUE,FALSE,0.031060676134934496,8477494
2016020087,42,even-strength,40,22,FALSE,FALSE,TRUE,FALSE,FALSE,FALSE,0,8475167
2016020087,49,even-strength,66,-18,TRUE,FALSE,TRUE,TRUE,TRUE,FALSE,0.07308517929577744,8476806
2016020087,50,even-strength,63,9,FALSE,FALSE,TRUE,FALSE,FALSE,FALSE,0,8475167
2016020087,202,even-strength,74,-22,FALSE,FALSE,TRUE,FALSE,FALSE,FALSE,0,8477205
2016020087,205,even-strength,64,10,TRUE,FALSE,TRUE,TRUE,FALSE,FALSE,0.10505318966225938,8478010
2016020087,206,even-strength,55,-11,TRUE,FALSE,TRUE,TRUE,FALSE,FALSE,0.07557793434166875,8478010
2016020087,210,even-strength,42,-10,FALSE,FALSE,TRUE,TRUE,TRUE,TRUE,0.02646692691707564,8474564
2016020087,212,even-strength,53,22,FALSE,FALSE,TRUE,TRUE,FALSE,FALSE,0.02703100305292064,8477494
2016020087,217,even-strength,75,-14,TRUE,FALSE,TRUE,TRUE,FALSE,FALSE,0.10088907886222066,8476975
2016020087,236,power-play,61,-3,FALSE,FALSE,TRUE,FALSE,FALSE,FALSE,0,8475167
2016020087,238,even-strength,69,-7,FALSE,FALSE,TRUE,FALSE,FALSE,FALSE,0,8470601
2016020087,239,even-strength,35,-8,FALSE,FALSE,TRUE,FALSE,FALSE,FALSE,0,8470601
2016020087,240,even-strength,79,10,TRUE,FALSE,TRUE,TRUE,FALSE,FALSE,0.14352093655346396,8473986
2016020087,244,even-strength,78,3,FALSE,FALSE,TRUE,FALSE,FALSE,FALSE,0,8475167
2016020087,246,even-strength,70,-1,FALSE,FALSE,TRUE,TRUE,FALSE,FALSE,0.11621670520115739,8471873
2016020087,247,even-strength,78,0,FALSE,FALSE,TRUE,TRUE,TRUE,FALSE,0.12997864208739213,8476480
2016020087,248,even-strength,81,5,FALSE,TRUE,TRUE,TRUE,TRUE,TRUE,0.24724663964544588,8475167
2016020087,415,even-strength,51,-8,TRUE,FALSE,TRUE,TRUE,TRUE,FALSE,0.06647465299810348,8470601
2016020087,418,even-strength,59,4,TRUE,FALSE,TRUE,TRUE,TRUE,FALSE,0.11161660554975356,8476453
2016020087,428,even-strength,73,15,FALSE,FALSE,TRUE,TRUE,TRUE,FALSE,0.08457607879916305,8476453
2016020087,430,even-strength,34,13,FALSE,FALSE,TRUE,TRUE,TRUE,FALSE,0.018545920012341687,8474520
2016020087,563,even-strength,67,-22,FALSE,FALSE,TRUE,TRUE,TRUE,FALSE,0.04085656572138955,8476292
2016020087,564,even-strength,59,-16,FALSE,FALSE,TRUE,TRUE,TRUE,TRUE,0.060438521247331185,8476453
2016020087,596,power-play,77,4,FALSE,FALSE,TRUE,FALSE,FALSE,FALSE,0,8475167
2016020087,597,power-play,57,-3,FALSE,FALSE,TRUE,TRUE,TRUE,FALSE,0.12830965679776818,8473986
2016020087,598,power-play,47,7,FALSE,FALSE,TRUE,TRUE,TRUE,FALSE,0.09230684921629523,8474564
2016020087,599,power-play,68,-5,FALSE,TRUE,TRUE,TRUE,TRUE,FALSE,0.2807796530295111,8474870
2016020087,751,power-play,71,4,FALSE,FALSE,TRUE,FALSE,FALSE,FALSE,0,8474564
2016020087,752,power-play,37,3,FALSE,FALSE,TRUE,TRUE,TRUE,FALSE,0.06635067307687582,8471873
2016020087,753,power-play,80,1,FALSE,TRUE,TRUE,TRUE,TRUE,TRUE,0.2645412340724369,8476480
2016020087,756,power-play,61,-19,FALSE,FALSE,TRUE,TRUE,TRUE,TRUE,0.09577597987069986,8477494
2016020087,763,even-strength,43,-16,FALSE,FALSE,TRUE,TRUE,TRUE,FALSE,0.02843349359656549,8476292
2016020101,10,even-strength,70,1,TRUE,FALSE,TRUE,FALSE,FALSE,FALSE,0,8478843
2016020101,13,even-strength,62,-12,FALSE,FALSE,TRUE,TRUE,TRUE,FALSE,0.06596801542296264,8474218
2016020101,14,even-strength,54,12,FALSE,FALSE,TRUE,FALSE,FALSE,FALSE,0,8476539
2016020101,17,even-strength,72,6,FALSE,FALSE,TRUE,TRUE,FALSE,FALSE,0.09769813431894336,8477493
2016020101,18,even-strength,32,21,FALSE,FALSE,TRUE,TRUE,TRUE,FALSE,0.011080348520185782,8476875
2016020101,19,even-strength,54,-6,FALSE,FALSE,TRUE,TRUE,FALSE,FALSE,0.05173931243899164,8448208
2016020101,20,even-strength,35,29,FALSE,FALSE,TRUE,TRUE,TRUE,FALSE,0.010945447459115978,8477493
2016020101,21,even-strength,30,28,FALSE,FALSE,TRUE,TRUE,TRUE,FALSE,0.008341451095808276,8476875
2016020101,23,even-strength,34,18,TRUE,FALSE,TRUE,TRUE,FALSE,FALSE,0.02993952345158781,8475796
2016020101,27,even-strength,6,2,FALSE,FALSE,TRUE,TRUE,TRUE,FALSE,0.006961765843776148,8477932
2016020101,33,even-strength,58,24,TRUE,FALSE,TRUE,TRUE,TRUE,TRUE,0.05843593139968365,8476539
2016020101,35,even-strength,66,-4,FALSE,FALSE,TRUE,TRUE,TRUE,FALSE,0.0610478163288899,8476539
2016020101,41,even-strength,82,-4,FALSE,FALSE,TRUE,TRUE,TRUE,FALSE,0.11686236432891192,8475735
2016020101,43,even-strength,52,-31,FALSE,FALSE,TRUE,TRUE,TRUE,FALSE,0.01856332672942967,8471735
2016020101,45,even-strength,52,14,FALSE,FALSE,TRUE,TRUE,FALSE,FALSE,0.033582294094715213,8475597
2016020101,50,even-strength,62,13,FALSE,FALSE,TRUE,TRUE,FALSE,FALSE,0.05261660082128893,8477493
2016020101,207,even-strength,68,1,FALSE,FALSE,TRUE,FALSE,FALSE,FALSE,0,8477932
2016020101,214,even-strength,67,7,FALSE,FALSE,TRUE,TRUE,TRUE,FALSE,0.09065664154819662,8474098
2016020101,226,even-strength,31,2,FALSE,FALSE,TRUE,TRUE,TRUE,FALSE,0.07383178205302586,8477932
2016020101,234,even-strength,77,-12,FALSE,FALSE,TRUE,TRUE,FALSE,FALSE,0.046565474393475595,8476389
2016020101,237,even-strength,63,-7,FALSE,FALSE,TRUE,TRUE,FALSE,FALSE,0.07221412113991416,8476539
2016020101,239,power-play,65,-3,FALSE,FALSE,TRUE,TRUE,TRUE,FALSE,0.09612699394853307,8475191
2016020101,240,power-play,42,-16,TRUE,FALSE,TRUE,FALSE,FALSE,FALSE,0,8471735
2016020101,241,power-play,66,-21,FALSE,FALSE,TRUE,TRUE,TRUE,TRUE,0.06359204890658834,8476539
2016020101,401,power-play,54,18,FALSE,FALSE,TRUE,TRUE,TRUE,FALSE,0.06345027494727744,8477932
2016020101,403,power-play,76,-1,FALSE,FALSE,TRUE,TRUE,TRUE,FALSE,0.15670614181579678,8448208
2016020101,404,power-play,73,-1,FALSE,FALSE,TRUE,FALSE,FALSE,FALSE,0,8477932
2016020101,405,even-strength,82,-15,FALSE,FALSE,TRUE,TRUE,TRUE,FALSE,0.0460658633287482,8474098
2016020101,406,even-strength,69,-8,FALSE,FALSE,TRUE,TRUE,TRUE,FALSE,0.08026269880542519,8476389
2016020101,407,even-strength,73,3,FALSE,FALSE,TRUE,TRUE,TRUE,FALSE,0.08705144895079714,8474218
2016020101,412,even-strength,68,-3,FALSE,FALSE,TRUE,TRUE,TRUE,FALSE,0.0896076128948584,8475597
2016020101,413,even-strength,83,-7,FALSE,FALSE,TRUE,TRUE,TRUE,FALSE,0.0704517040075582,8477955
2016020101,414,even-strength,32,9,FALSE,FALSE,TRUE,TRUE,TRUE,FALSE,0.01610414110510118,8471735
2016020101,415,even-strength,66,-4,FALSE,FALSE,TRUE,FALSE,FALSE,FALSE,0,8478843
2016020101,422,even-strength,58,-11,TRUE,FALSE,TRUE,FALSE,FALSE,FALSE,0,8468001
2016020101,430,even-strength,51,-5,FALSE,FALSE,TRUE,TRUE,TRUE,FALSE,0.054242804505443935,8476539
2016020101,444,power-play,25,8,FALSE,FALSE,TRUE,TRUE,FALSE,FALSE,0.0350059736646967,8474218
2016020101,445,power-play,53,5,FALSE,FALSE,TRUE,FALSE,FALSE,FALSE,0,8474218
2016020101,446,power-play,37,0,FALSE,FALSE,TRUE,TRUE,TRUE,FALSE,0.05978701391269072,8477932
2016020101,447,even-strength,58,18,FALSE,FALSE,TRUE,TRUE,FALSE,FALSE,0.031223159149546514,8448208
2016020101,448,even-strength,77,3,FALSE,FALSE,TRUE,TRUE,FALSE,FALSE,0.14673260427994647,8476539
2016020101,601,even-strength,34,31,FALSE,FALSE,TRUE,TRUE,TRUE,FALSE,0.01028445698972478,8476875
2016020101,602,even-strength,29,-24,FALSE,FALSE,TRUE,TRUE,FALSE,FALSE,0.009734382626799022,8474218
2016020101,603,even-strength,68,6,FALSE,FALSE,TRUE,TRUE,FALSE,FALSE,0.05469464862700559,8475735
2016020101,604,even-strength,81,-4,FALSE,FALSE,TRUE,FALSE,FALSE,FALSE,0,8475735
2016020101,605,even-strength,44,17,FALSE,FALSE,TRUE,TRUE,TRUE,FALSE,0.016306767273634407,8475735
2016020101,607,even-strength,66,21,TRUE,FALSE,TRUE,TRUE,TRUE,FALSE,0.07853652794046526,8471735
2016020101,609,even-strength,62,-7,FALSE,FALSE,TRUE,FALSE,FALSE,FALSE,0,8474098
2016020101,610,even-strength,40,26,TRUE,FALSE,TRUE,TRUE,TRUE,FALSE,0.02392264460505028,8471735
2016020101,611,even-strength,69,2,FALSE,FALSE,TRUE,TRUE,FALSE,FALSE,0.06637252541409068,8474098
2016020101,613,even-strength,34,34,FALSE,FALSE,TRUE,TRUE,TRUE,FALSE,0.012170762106917988,8477955
2016020101,620,even-strength,66,-20,FALSE,FALSE,TRUE,TRUE,FALSE,FALSE,0.03845618376366781,8475191
2016020101,621,even-strength,67,21,FALSE,FALSE,TRUE,TRUE,TRUE,FALSE,0.06680925305205765,8448208
2016020101,623,even-strength,60,0,FALSE,FALSE,TRUE,FALSE,FALSE,FALSE,0,8477932
2016020101,625,even-strength,48,-14,FALSE,FALSE,TRUE,FALSE,FALSE,FALSE,0,8476539
2016020101,628,even-strength,46,-7,FALSE,FALSE,TRUE,TRUE,TRUE,FALSE,0.03445862390620369,8476389
2016020101,629,even-strength,66,0,FALSE,FALSE,TRUE,FALSE,FALSE,FALSE,0,8475755
2016020101,643,even-strength,87,-8,FALSE,FALSE,TRUE,TRUE,TRUE,FALSE,0.05398664588658602,8448208
2016020101,647,even-strength,76,-3,FALSE,FALSE,TRUE,FALSE,FALSE,FALSE,0,8477932
2016020114,55,even-strength,29,-36,TRUE,FALSE,TRUE,TRUE,TRUE,FALSE,0.007519188545608037,8470642
2016020114,56,even-strength,92,-5,FALSE,FALSE,TRUE,TRUE,TRUE,FALSE,0.10329867766467572,8474157
2016020114,57,even-strength,33,30,FALSE,TRUE,TRUE,TRUE,TRUE,FALSE,0.0383335141162551,8471296
2016020114,67,even-strength,79,0,FALSE,FALSE,TRUE,TRUE,TRUE,FALSE,0.1710440814663143,8477476
2016020114,69,even-strength,47,-20,TRUE,FALSE,TRUE,FALSE,FALSE,FALSE,0,8473507
2016020114,70,even-strength,46,-27,FALSE,FALSE,TRUE,TRUE,FALSE,FALSE,0.013118885017714568,8476479
2016020114,76,penalty-kill,-58,-33,FALSE,FALSE,TRUE,TRUE,TRUE,FALSE,0.006507649361357042,8471338
2016020114,82,even-strength,67,6,FALSE,FALSE,TRUE,FALSE,FALSE,FALSE,0,8476851
2016020114,83,even-strength,70,-28,FALSE,FALSE,TRUE,TRUE,TRUE,FALSE,0.023310444600693103,8476851
2016020114,90,even-strength,84,15,FALSE,FALSE,TRUE,TRUE,TRUE,FALSE,0.0413036162074144,8476479
2016020114,93,even-strength,29,-32,TRUE,FALSE,TRUE,TRUE,TRUE,FALSE,0.015823574903963713,8473507
2016020114,100,even-strength,85,18,TRUE,FALSE,TRUE,TRUE,TRUE,FALSE,0.03672805356390753,8473507
2016020114,352,even-strength,54,-19,FALSE,FALSE,TRUE,FALSE,FALSE,FALSE,0,8474157
2016020114,353,even-strength,60,-19,FALSE,FALSE,TRUE,TRUE,TRUE,FALSE,0.0319748741584088,8476381
2016020114,360,power-play,78,37,FALSE,FALSE,TRUE,TRUE,TRUE,FALSE,0.040014767443954824,8470642
2016020114,361,power-play,67,-13,FALSE,TRUE,TRUE,TRUE,FALSE,FALSE,0.17674810896530632,8476851
2016020114,362,power-play,32,32,FALSE,FALSE,TRUE,TRUE,FALSE,FALSE,0.03332113193971394,8470642
2016020114,363,power-play,59,29,FALSE,FALSE,TRUE,TRUE,TRUE,FALSE,0.04967018735156689,8470642
2016020114,366,power-play,78,-17,FALSE,FALSE,TRUE,FALSE,FALSE,FALSE,0,8474157
2016020114,367,even-strength,58,-31,FALSE,FALSE,TRUE,TRUE,TRUE,FALSE,0.018907240978905775,8467496
2016020114,372,even-strength,71,4,FALSE,FALSE,TRUE,FALSE,FALSE,FALSE,0,8474157
2016020114,374,even-strength,87,6,TRUE,FALSE,TRUE,TRUE,TRUE,FALSE,0.026314348764346303,8471338
2016020114,376,even-strength,86,8,FALSE,FALSE,TRUE,FALSE,FALSE,FALSE,0,8471338
2016020114,378,even-strength,61,20,FALSE,FALSE,TRUE,TRUE,TRUE,TRUE,0.04685921016751227,8476851
2016020114,380,even-strength,67,-13,FALSE,FALSE,TRUE,FALSE,FALSE,FALSE,0,8477476
2016020114,381,even-strength,67,7,FALSE,FALSE,TRUE,FALSE,FALSE,FALSE,0,8477476
2016020114,385,even-strength,75,7,FALSE,FALSE,TRUE,FALSE,FALSE,FALSE,0,8474157
2016020114,386,even-strength,72,3,FALSE,FALSE,TRUE,FALSE,FALSE,FALSE,0,8474157
2016020114,389,even-strength,71,3,FALSE,FALSE,TRUE,FALSE,FALSE,FALSE,0,8469521
2016020114,507,even-strength,66,-34,FALSE,FALSE,TRUE,TRUE,FALSE,FALSE,0.0193719011416906,8474688
2016020114,508,even-strength,40,-29,FALSE,FALSE,TRUE,TRUE,FALSE,FALSE,0.011570369685359003,8474688
2016020114,514,even-strength,57,3,TRUE,FALSE,TRUE,TRUE,FALSE,FALSE,0.06714418986738657,8474688
2016020114,518,power-play,57,-34,FALSE,FALSE,TRUE,TRUE,FALSE,FALSE,0.03794675212466876,8474157
2016020114,519,power-play,73,2,FALSE,TRUE,TRUE,FALSE,FALSE,FALSE,0,8470642
2016020114,521,power-play,52,27,FALSE,FALSE,TRUE,FALSE,FALSE,FALSE,0,8470642
2016020114,522,even-strength,70,-33,FALSE,FALSE,TRUE,TRUE,TRUE,FALSE,0.017366330743769205,8475848
2016020114,526,power-play,30,-33,FALSE,FALSE,TRUE,TRUE,FALSE,FALSE,0.034445032386645785,8470642
2016020114,527,even-strength,71,-1,FALSE,FALSE,TRUE,TRUE,TRUE,FALSE,0.10886034040139507,8475848
2016020114,530,even-strength,59,39,FALSE,FALSE,TRUE,TRUE,TRUE,FALSE,0.013448065710111402,8476808
2016020114,533,even-strength,75,5,TRUE,FALSE,TRUE,FALSE,FALSE,FALSE,0,8474038
2016020114,534,even-strength,31,9,FALSE,FALSE,TRUE,TRUE,TRUE,FALSE,0.009719028052049473,8470642
2016020114,536,even-strength,72,0,TRUE,FALSE,TRUE,FALSE,FALSE,FALSE,0,8467496
2016020114,537,even-strength,30,24,TRUE,FALSE,TRUE,TRUE,TRUE,FALSE,0.011720635698196211,8467496
2016020114,542,even-strength,-46,38,FALSE,FALSE,TRUE,TRUE,TRUE,FALSE,2.824394744510063e-4,8476381
2016020114,544,even-strength,80,3,TRUE,FALSE,TRUE,TRUE,TRUE,FALSE,0.1630966059340035,8477476
2016020114,757,power-play,39,14,FALSE,FALSE,TRUE,TRUE,TRUE,FALSE,0.0693137637338834,8470642
2016020114,759,power-play,41,9,FALSE,FALSE,TRUE,TRUE,TRUE,TRUE,0.06481277451039687,8470642
2016020114,760,even-strength,66,5,FALSE,FALSE,TRUE,FALSE,FALSE,FALSE,0,8474157
2016020114,771,even-strength,54,8,FALSE,FALSE,TRUE,TRUE,TRUE,FALSE,0.035576779502896005,8475848
2016020114,772,even-strength,66,0,FALSE,FALSE,TRUE,TRUE,TRUE,FALSE,0.07640273393923079,8474157
2016020114,776,even-strength,49,6,FALSE,FALSE,TRUE,TRUE,TRUE,FALSE,0.032540260951482755,8476470
2016020114,778,even-strength,61,3,TRUE,FALSE,TRUE,TRUE,TRUE,FALSE,0.11063481292140277,8476381
2016020114,779,even-strength,83,-13,FALSE,FALSE,TRUE,TRUE,TRUE,FALSE,0.041586120264381125,8469521
2016020114,780,even-strength,73,24,FALSE,FALSE,TRUE,TRUE,TRUE,FALSE,0.029120780679396097,8476479
2016020114,783,even-strength,58,-17,FALSE,FALSE,TRUE,TRUE,TRUE,FALSE,0.03627617923068152,8473507
2016020114,784,even-strength,77,10,FALSE,FALSE,TRUE,FALSE,FALSE,FALSE,0,8471228
2016020114,789,even-strength,76,-10,TRUE,FALSE,TRUE,FALSE,FALSE,FALSE,0,8476479
2016020114,790,even-strength,28,-7,FALSE,FALSE,TRUE,TRUE,FALSE,FALSE,0.013786853391730249,8473507
2016020134,12,even-strength,42,34,FALSE,FALSE,TRUE,TRUE,FALSE,FALSE,0.01018367591394903,8474034
2016020134,13,even-strength,32,1,FALSE,FALSE,TRUE,TRUE,TRUE,FALSE,0.016948129504701648,8477498
2016020134,16,even-strength,36,18,FALSE,FALSE,TRUE,TRUE,TRUE,FALSE,0.014954091318961919,8471729
2016020134,19,even-strength,36,-22,FALSE,FALSE,TRUE,TRUE,FALSE,FALSE,0.02178917291130314,8476988
2016020134,20,even-strength,73,-15,FALSE,FALSE,TRUE,FALSE,FALSE,FALSE,0,8474034
2016020134,23,even-strength,50,14,FALSE,FALSE,TRUE,TRUE,TRUE,FALSE,0.033535792694860726,8471284
2016020134,24,even-strength,30,30,TRUE,FALSE,TRUE,TRUE,TRUE,FALSE,0.013047440289054952,8476454
2016020134,25,even-strength,80,0,FALSE,TRUE,TRUE,TRUE,TRUE,FALSE,0.4112154354169291,8476457
2016020134,28,even-strength,71,-6,FALSE,FALSE,TRUE,TRUE,TRUE,FALSE,0.08108548265091559,8478402
2016020134,29,even-strength,34,30,FALSE,FALSE,TRUE,TRUE,TRUE,FALSE,0.01612854043473366,8476472
2016020134,31,even-strength,52,-10,FALSE,FALSE,TRUE,FALSE,FALSE,FALSE,0,8477498
2016020134,34,power-play,82,10,FALSE,FALSE,TRUE,TRUE,TRUE,FALSE,0.09541346158940982,8474586
2016020134,36,power-play,65,-1,FALSE,FALSE,TRUE,FALSE,FALSE,FALSE,0,8478402
2016020134,37,power-play,40,-10,FALSE,FALSE,TRUE,TRUE,TRUE,FALSE,0.039270047840599294,8476472
2016020134,38,power-play,52,17,FALSE,FALSE,TRUE,TRUE,TRUE,FALSE,0.0760760651058523,8479344
2016020134,39,power-play,80,4,FALSE,FALSE,TRUE,TRUE,FALSE,FALSE,0.1327180747149896,8474034
2016020134,40,power-play,38,-15,FALSE,FALSE,TRUE,TRUE,TRUE,FALSE,0.03796895744002374,8476472
2016020134,42,power-play,69,8,FALSE,FALSE,TRUE,FALSE,FALSE,FALSE,0,8473914
2016020134,43,even-strength,51,29,FALSE,FALSE,TRUE,TRUE,TRUE,FALSE,0.016241902645050436,8471729
2016020134,45,even-strength,51,13,FALSE,FALSE,TRUE,TRUE,TRUE,FALSE,0.033898344512405885,8475752
2016020134,203,even-strength,54,24,FALSE,TRUE,TRUE,TRUE,TRUE,FALSE,0.1369270956370068,8475165
2016020134,205,even-strength,85,6,FALSE,FALSE,TRUE,TRUE,TRUE,FALSE,0.07246337770314126,8471284
2016020134,206,even-strength,78,-5,FALSE,FALSE,TRUE,TRUE,FALSE,FALSE,0.07270364877305792,8473914
2016020134,208,even-strength,52,38,FALSE,FALSE,TRUE,TRUE,FALSE,FALSE,0.01636546724311935,8471284
2016020134,217,even-strength,51,-26,FALSE,FALSE,TRUE,FALSE,FALSE,FALSE,0,8479344
2016020134,218,even-strength,71,-4,TRUE,FALSE,TRUE,TRUE,TRUE,FALSE,0.12629409355226145,8477498
2016020134,219,even-strength,79,-8,FALSE,FALSE,TRUE,TRUE,TRUE,FALSE,0.07322290568069728,8479344
2016020134,221,even-strength,77,-11,FALSE,FALSE,TRUE,TRUE,TRUE,TRUE,0.09209719251835295,8475165
2016020134,224,even-strength,49,5,FALSE,FALSE,TRUE,TRUE,TRUE,FALSE,0.033224581326492794,8476472
2016020134,232,even-strength,56,-5,FALSE,FALSE,TRUE,TRUE,TRUE,FALSE,0.09274519623172264,8479344
2016020134,233,even-strength,46,9,FALSE,FALSE,TRUE,FALSE,FALSE,FALSE,0,8476472
2016020134,234,even-strength,67,-25,FALSE,FALSE,TRUE,TRUE,FALSE,FALSE,0.03269869142661519,8479344
2016020134,236,even-strength,71,-22,TRUE,FALSE,TRUE,TRUE,TRUE,FALSE,0.07872572742096523,8479344
2016020134,238,even-strength,56,-13,FALSE,FALSE,TRUE,TRUE,TRUE,FALSE,0.03395736077879705,8476472
2016020134,239,even-strength,29,-19,FALSE,FALSE,TRUE,TRUE,FALSE,FALSE,0.01288397670571708,8475178
2016020134,244,even-strength,74,10,FALSE,FALSE,TRUE,TRUE,FALSE,FALSE,0.07389834513603537,8478402
2016020134,245,even-strength,64,8,FALSE,FALSE,TRUE,FALSE,FALSE,FALSE,0,8471284
2016020134,246,even-strength,33,17,FALSE,FALSE,TRUE,TRUE,FALSE,FALSE,0.012933289798786513,8476457
2016020134,455,even-strength,69,1,FALSE,FALSE,TRUE,FALSE,FALSE,FALSE,0,8473473
2016020134,457,even-strength,79,-8,FALSE,FALSE,TRUE,TRUE,TRUE,FALSE,0.12168665540438862,8478402
2016020134,459,even-strength,22,-10,FALSE,FALSE,TRUE,TRUE,TRUE,FALSE,0.010218682938114175,8477498
2016020134,462,even-strength,74,21,FALSE,FALSE,TRUE,TRUE,TRUE,FALSE,0.07151353507660548,8478402
2016020134,464,even-strength,69,-20,FALSE,FALSE,TRUE,TRUE,TRUE,FALSE,0.06317118052058406,8471678
2016020134,467,power-play,53,-2,FALSE,FALSE,TRUE,FALSE,FALSE,FALSE,0,8471284
2016020134,469,power-play,87,-5,FALSE,FALSE,TRUE,TRUE,TRUE,FALSE,0.11300472706821052,8473473
2016020134,471,power-play,-46,-12,FALSE,FALSE,TRUE,TRUE,TRUE,FALSE,0.0076122848778215485,8479344
2016020134,473,even-strength,65,-26,FALSE,FALSE,TRUE,TRUE,TRUE,FALSE,0.02970923379711752,8476454
2016020134,476,even-strength,39,0,FALSE,FALSE,TRUE,TRUE,TRUE,FALSE,0.023230820552040055,8477498
2016020134,481,even-strength,36,-6,FALSE,FALSE,TRUE,TRUE,FALSE,FALSE,0.01946082404155902,8471284
2016020134,483,even-strength,86,-7,TRUE,FALSE,TRUE,TRUE,FALSE,FALSE,0.03618771306415542,8477934
2016020134,485,even-strength,37,-27,FALSE,FALSE,TRUE,TRUE,FALSE,FALSE,0.011776024801522024,8479344
2016020134,487,even-strength,55,-6,FALSE,FALSE,TRUE,TRUE,FALSE,FALSE,0.03273363183997294,8475178
2016020134,488,even-strength,44,8,FALSE,FALSE,TRUE,TRUE,TRUE,FALSE,0.024595896727651875,8476472
2016020134,489,even-strength,54,11,FALSE,FALSE,TRUE,TRUE,TRUE,FALSE,0.03410509356989005,8476472
2016020134,499,even-strength,48,-2,FALSE,FALSE,TRUE,TRUE,TRUE,FALSE,0.0603620498318296,8476988
2016020134,614,even-strength,73,18,TRUE,FALSE,TRUE,TRUE,TRUE,FALSE,0.09111335087777167,8476472
2016020134,617,even-strength,69,-6,FALSE,FALSE,TRUE,TRUE,TRUE,FALSE,0.09323392406380569,8475178
2016020134,618,even-strength,76,3,FALSE,FALSE,TRUE,FALSE,FALSE,FALSE,0,8476988
2016020134,619,even-strength,76,-17,FALSE,FALSE,TRUE,TRUE,TRUE,FALSE,0.04355765218467319,8475165
2016020134,624,even-strength,65,8,FALSE,FALSE,TRUE,FALSE,FALSE,FALSE,0,8478402
2016020134,627,even-strength,66,-17,FALSE,FALSE,TRUE,TRUE,TRUE,FALSE,0.045453801732220744,8479344
2016020134,628,even-strength,58,-36,FALSE,FALSE,TRUE,TRUE,FALSE,FALSE,0.012601637199899198,8479344
2016020134,629,even-strength,59,-17,FALSE,FALSE,TRUE,TRUE,TRUE,FALSE,0.029787025123150332,8479344
2016020134,631,even-strength,87,-27,FALSE,FALSE,TRUE,TRUE,FALSE,FALSE,0.027024720478485437,8475178
2016020134,633,even-strength,63,-10,FALSE,FALSE,TRUE,FALSE,FALSE,FALSE,0,8471729
2016020134,634,even-strength,75,20,FALSE,FALSE,TRUE,TRUE,TRUE,FALSE,0.03971344050558427,8475178
2016020134,635,even-strength,82,-4,FALSE,FALSE,TRUE,TRUE,TRUE,FALSE,0.08714291308760835,8478402
2016020134,636,even-strength,35,-8,FALSE,FALSE,TRUE,TRUE,TRUE,FALSE,0.027178137109702457,8477498
2016020134,638,even-strength,29,9,FALSE,FALSE,TRUE,TRUE,TRUE,TRUE,0.015580280396902412,8477498
2016020134,648,even-strength,42,17,FALSE,FALSE,TRUE,TRUE,FALSE,FALSE,0.023296813244600402,8479344
2016020134,649,even-strength,69,-6,FALSE,FALSE,TRUE,FALSE,FALSE,FALSE,0,8476457
2016020134,762,even-strength,73,-13,FALSE,FALSE,TRUE,TRUE,TRUE,FALSE,0.060819870873298675,8476454
2016020134,763,even-strength,34,24,FALSE,FALSE,TRUE,TRUE,TRUE,FALSE,0.012218751541287149,8476454
2016020134,766,even-strength,32,-21,TRUE,FALSE,TRUE,TRUE,TRUE,FALSE,0.018944084255027076,8476988
2016020134,767,even-strength,65,6,FALSE,FALSE,TRUE,FALSE,FALSE,FALSE,0,8477498
2016020134,770,even-strength,48,6,FALSE,FALSE,TRUE,TRUE,TRUE,FALSE,0.040034064817972816,8476457
2016020146,53,even-strength,44,35,FALSE,FALSE,TRUE,TRUE,TRUE,FALSE,0.011501099493910216,8475158
2016020146,54,even-strength,70,28,FALSE,FALSE,TRUE,TRUE,TRUE,FALSE,0.02184735980339294,8475158
2016020146,55,even-strength,85,6,FALSE,FALSE,TRUE,TRUE,TRUE,FALSE,0.06333477209270061,8475158
2016020146,56,even-strength,78,-38,FALSE,FALSE,TRUE,TRUE,TRUE,FALSE,0.02202342435854574,8475220
2016020146,58,even-strength,82,27,FALSE,FALSE,TRUE,TRUE,FALSE,FALSE,0.0445767455334403,8474589
2016020146,74,even-strength,56,-10,FALSE,FALSE,TRUE,FALSE,FALSE,FALSE,0,8470852
2016020146,75,even-strength,75,10,FALSE,FALSE,TRUE,FALSE,FALSE,FALSE,0,8475220
2016020146,76,even-strength,44,-4,FALSE,FALSE,TRUE,TRUE,TRUE,FALSE,0.027734216053523816,8476878
2016020146,78,even-strength,50,3,FALSE,FALSE,TRUE,FALSE,FALSE,FALSE,0,8473449
2016020146,83,even-strength,40,-29,FALSE,FALSE,TRUE,TRUE,TRUE,FALSE,0.012345995520998904,8467407
2016020146,84,even-strength,72,6,FALSE,FALSE,TRUE,TRUE,TRUE,FALSE,0.07822808192811416,8475728
2016020146,87,even-strength,82,7,FALSE,FALSE,TRUE,TRUE,TRUE,FALSE,0.05997042176532166,8475158
2016020146,88,even-strength,83,5,TRUE,TRUE,TRUE,TRUE,TRUE,FALSE,0.2734030536260223,8475158
2016020146,89,even-strength,76,-4,FALSE,FALSE,TRUE,TRUE,TRUE,FALSE,0.08226752199797019,8470852
2016020146,90,even-strength,78,2,FALSE,TRUE,TRUE,TRUE,TRUE,FALSE,0.2987803774242968,8470852
2016020146,95,even-strength,55,-7,TRUE,FALSE,TRUE,TRUE,TRUE,FALSE,0.08300352210864725,8475728
2016020146,99,even-strength,67,-21,FALSE,FALSE,TRUE,FALSE,FALSE,FALSE,0,8477933
2016020146,100,even-strength,56,1,FALSE,FALSE,TRUE,FALSE,FALSE,FALSE,0,8471742
2016020146,247,power-play,55,26,FALSE,FALSE,TRUE,TRUE,TRUE,FALSE,0.056418980802897235,8473449
2016020146,248,power-play,86,-7,FALSE,TRUE,TRUE,TRUE,TRUE,FALSE,0.25333483819915514,8470852
2016020146,251,even-strength,34,-6,FALSE,FALSE,TRUE,TRUE,TRUE,FALSE,0.018721753828340723,8471742
2016020146,252,even-strength,72,13,FALSE,TRUE,TRUE,TRUE,TRUE,FALSE,0.1496105850585717,8476878
2016020146,256,even-strength,85,-8,FALSE,TRUE,TRUE,TRUE,TRUE,FALSE,0.1981484411466145,8476878
2016020146,274,even-strength,41,-32,FALSE,FALSE,TRUE,FALSE,FALSE,FALSE,0,8475220
2016020146,276,even-strength,74,-7,FALSE,FALSE,TRUE,FALSE,FALSE,FALSE,0,8477933
2016020146,277,even-strength,81,8,FALSE,TRUE,TRUE,TRUE,TRUE,TRUE,0.16778339255689334,8475220
2016020146,278,even-strength,78,0,FALSE,FALSE,TRUE,TRUE,TRUE,FALSE,0.11813574989891755,8475728
2016020146,283,even-strength,57,-14,FALSE,FALSE,TRUE,TRUE,FALSE,FALSE,0.03568591919282901,8473449
2016020146,284,even-strength,58,-12,TRUE,FALSE,TRUE,TRUE,TRUE,FALSE,0.0685067196918776,8473449
2016020146,286,even-strength,57,25,FALSE,FALSE,TRUE,TRUE,FALSE,FALSE,0.028521040605010706,8475220
2016020146,287,even-strength,29,-27,FALSE,FALSE,TRUE,TRUE,TRUE,FALSE,0.008887551631474706,8467407
2016020146,289,even-strength,78,10,FALSE,FALSE,TRUE,TRUE,TRUE,FALSE,0.07611293039716104,8476878
2016020146,291,even-strength,45,35,FALSE,FALSE,TRUE,TRUE,TRUE,FALSE,0.00958628297953167,8470852
2016020146,294,even-strength,49,-35,FALSE,FALSE,TRUE,TRUE,TRUE,FALSE,0.018273068962142314,8479268
2016020146,296,even-strength,76,-11,FALSE,FALSE,TRUE,TRUE,FALSE,FALSE,0.06436869137968186,8467407
2016020146,300,power-play,36,33,FALSE,FALSE,TRUE,TRUE,TRUE,FALSE,0.02550979030728478,8477499
2016020146,501,power-play,56,-37,FALSE,FALSE,TRUE,TRUE,FALSE,FALSE,0.036876514547562855,8473449
2016020146,502,power-play,81,4,FALSE,FALSE,TRUE,TRUE,TRUE,FALSE,0.1398743353384117,8477933
2016020146,504,power-play,76,-2,TRUE,TRUE,TRUE,TRUE,TRUE,FALSE,0.36810623323689656,8477933
2016020146,508,power-play,69,-2,FALSE,FALSE,TRUE,TRUE,TRUE,FALSE,0.08237917209968719,8470852
2016020146,511,power-play,34,27,FALSE,FALSE,TRUE,TRUE,TRUE,FALSE,0.025743181026524467,8474589
2016020146,512,even-strength,70,-36,FALSE,FALSE,TRUE,TRUE,TRUE,FALSE,0.02156043528272222,8474683
2016020146,516,even-strength,78,-14,FALSE,FALSE,TRUE,FALSE,FALSE,FALSE,0,8473449
2016020146,521,even-strength,45,9,FALSE,FALSE,TRUE,TRUE,TRUE,FALSE,0.023193359965477715,8475220
2016020146,523,even-strength,56,-27,FALSE,FALSE,TRUE,TRUE,FALSE,FALSE,0.01883277784648336,8477499
2016020146,529,even-strength,51,31,FALSE,FALSE,TRUE,TRUE,TRUE,FALSE,0.016583062654418917,8474589
2016020146,532,even-strength,69,-1,FALSE,FALSE,TRUE,FALSE,FALSE,FALSE,0,8471742
2016020146,534,even-strength,36,-26,FALSE,FALSE,TRUE,TRUE,FALSE,FALSE,0.010514297075174256,8475179
2016020146,535,even-strength,53,10,FALSE,FALSE,TRUE,TRUE,TRUE,FALSE,0.038624228899117,8477499
2016020146,536,even-strength,67,2,FALSE,FALSE,TRUE,TRUE,FALSE,FALSE,0.06973986658379765,8467407
2016020146,544,even-strength,49,3,FALSE,FALSE,TRUE,TRUE,FALSE,FALSE,0.03627606975760824,8476931
2016020146,545,even-strength,49,2,FALSE,FALSE,TRUE,FALSE,FALSE,FALSE,0,8477473
2016020146,546,even-strength,34,-33,FALSE,FALSE,TRUE,TRUE,TRUE,FALSE,0.011611255718020987,8471742
2016020146,547,even-strength,71,2,FALSE,FALSE,TRUE,TRUE,FALSE,FALSE,0.09970552758344779,8467407
2016020146,550,even-strength,48,-1,FALSE,FALSE,TRUE,FALSE,FALSE,FALSE,0,8476878
2016020146,651,even-strength,68,2,FALSE,TRUE,TRUE,TRUE,TRUE,FALSE,0.22983580565963285,8474589
2016020146,652,even-strength,72,2,FALSE,TRUE,TRUE,TRUE,TRUE,FALSE,0.25599721386222407,8474589
2016020146,653,even-strength,84,9,FALSE,TRUE,TRUE,TRUE,TRUE,FALSE,0.15296009883033518,8477933
2016020146,656,even-strength,75,-1,FALSE,FALSE,TRUE,TRUE,TRUE,FALSE,0.10150543486099019,8475220
2016020146,660,even-strength,48,11,FALSE,FALSE,TRUE,TRUE,TRUE,FALSE,0.03012902379783664,8475158
2016020146,662,even-strength,52,27,FALSE,FALSE,TRUE,FALSE,FALSE,FALSE,0,8474589
2016020146,670,even-strength,35,31,FALSE,FALSE,TRUE,TRUE,TRUE,FALSE,0.009591601430440525,8470324
2016020146,671,even-strength,54,-28,FALSE,FALSE,TRUE,TRUE,TRUE,FALSE,0.020588755752928414,8479268
2016020146,674,even-strength,45,-14,FALSE,FALSE,TRUE,FALSE,FALSE,FALSE,0,8475220
2016020146,675,even-strength,56,38,FALSE,FALSE,TRUE,TRUE,TRUE,FALSE,0.012425760631401845,8477499
2016020146,678,even-strength,50,-32,FALSE,FALSE,TRUE,TRUE,TRUE,FALSE,0.015429975634271873,8475158
2016020146,680,even-strength,50,-9,FALSE,FALSE,TRUE,FALSE,FALSE,FALSE,0,8471742
2016020146,682,even-strength,38,-5,FALSE,FALSE,TRUE,FALSE,FALSE,FALSE,0,8475220
2016020146,687,even-strength,60,-3,FALSE,FALSE,TRUE,FALSE,FALSE,FALSE,0,8477499
2016020146,692,even-strength,61,-12,FALSE,FALSE,TRUE,FALSE,FALSE,FALSE,0,8475179
2016020163,8,even-strength,36,-20,FALSE,FALSE,TRUE,TRUE,FALSE,FALSE,0.013454302258344115,8471498
2016020163,9,even-strength,50,34,FALSE,FALSE,TRUE,TRUE,TRUE,FALSE,0.01577464631940819,8477018
2016020163,15,even-strength,72,-23,FALSE,FALSE,TRUE,TRUE,FALSE,FALSE,0.037966087682553364,8473432
2016020163,16,even-strength,48,-27,FALSE,TRUE,TRUE,TRUE,TRUE,FALSE,0.051399382063503564,8473432
2016020163,17,even-strength,81,10,FALSE,FALSE,TRUE,TRUE,TRUE,FALSE,0.03733486032463267,8473432
2016020163,21,even-strength,73,11,TRUE,FALSE,TRUE,FALSE,FALSE,FALSE,0,8474707
2016020163,22,even-strength,74,7,FALSE,FALSE,TRUE,FALSE,FALSE,FALSE,0,8474707
2016020163,24,even-strength,71,-28,FALSE,FALSE,TRUE,TRUE,FALSE,FALSE,0.022232217623310502,8477018
2016020163,28,even-strength,-37,37,FALSE,FALSE,TRUE,FALSE,FALSE,FALSE,0,8475790
2016020163,32,even-strength,60,10,FALSE,FALSE,TRUE,FALSE,FALSE,FALSE,0,8477018
2016020163,33,even-strength,70,-1,FALSE,FALSE,TRUE,FALSE,FALSE,FALSE,0,8471498
2016020163,204,power-play,65,-5,FALSE,FALSE,TRUE,TRUE,FALSE,FALSE,0.0771543872014077,8477500
2016020163,208,even-strength,34,-20,FALSE,FALSE,TRUE,TRUE,TRUE,FALSE,0.01745017975219215,8474707
2016020163,209,even-strength,80,-1,FALSE,TRUE,TRUE,TRUE,TRUE,TRUE,0.31355199596003913,8473432
2016020163,210,even-strength,68,10,FALSE,FALSE,TRUE,FALSE,FALSE,FALSE,0,8474091
2016020163,212,even-strength,78,11,TRUE,FALSE,TRUE,FALSE,FALSE,FALSE,0,8470358
2016020163,213,even-strength,55,1,TRUE,FALSE,TRUE,TRUE,TRUE,FALSE,0.12500385602014266,8477018
2016020163,214,even-strength,44,5,FALSE,TRUE,TRUE,TRUE,FALSE,FALSE,0.08495346685743287,8477018
2016020163,215,even-strength,50,-4,FALSE,FALSE,TRUE,TRUE,TRUE,FALSE,0.040640825687238674,8475790
2016020163,227,even-strength,43,-7,FALSE,FALSE,TRUE,TRUE,TRUE,FALSE,0.03700723433923908,8477997
2016020163,229,even-strength,66,-7,FALSE,FALSE,TRUE,TRUE,TRUE,FALSE,0.0793128328460076,8473432
2016020163,234,even-strength,23,6,FALSE,FALSE,TRUE,TRUE,TRUE,FALSE,0.010163659414021326,8477018
2016020163,236,even-strength,72,33,FALSE,FALSE,TRUE,TRUE,FALSE,FALSE,0.024978135991367285,8477018
2016020163,240,even-strength,48,12,FALSE,FALSE,TRUE,TRUE,FALSE,FALSE,0.03445082671215923,8477500
2016020163,246,even-strength,59,-24,FALSE,FALSE,TRUE,TRUE,FALSE,FALSE,0.03426274925921728,8474091
2016020163,402,even-strength,85,-37,FALSE,FALSE,TRUE,TRUE,TRUE,FALSE,0.026941707399675056,8474091
2016020163,403,even-strength,84,-2,FALSE,FALSE,TRUE,TRUE,TRUE,FALSE,0.18798337238398163,8476440
2016020163,404,even-strength,84,-2,FALSE,TRUE,TRUE,TRUE,TRUE,FALSE,0.35683913213608337,8476440
2016020163,407,even-strength,85,-4,FALSE,TRUE,TRUE,TRUE,TRUE,FALSE,0.2516146860139612,8476440
2016020163,414,even-strength,39,-9,FALSE,FALSE,TRUE,TRUE,TRUE,FALSE,0.03396376705833856,8477997
2016020163,418,even-strength,39,-18,FALSE,FALSE,TRUE,FALSE,FALSE,FALSE,0,8475790
2016020163,421,even-strength,69,-15,FALSE,FALSE,TRUE,TRUE,TRUE,FALSE,0.060920438848840915,8467875
2016020163,434,even-strength,84,-11,FALSE,FALSE,TRUE,TRUE,TRUE,FALSE,0.06167172861869497,8471498
2016020163,435,even-strength,78,3,FALSE,FALSE,TRUE,TRUE,TRUE,TRUE,0.1359324729144708,8467876
2016020163,446,even-strength,52,-3,FALSE,FALSE,TRUE,TRUE,TRUE,FALSE,0.0528353576160338,8467875
2016020163,613,even-strength,33,35,TRUE,FALSE,TRUE,TRUE,FALSE,FALSE,0.012370597755286547,8477018
2016020163,615,even-strength,24,-19,FALSE,FALSE,TRUE,TRUE,TRUE,FALSE,0.00942772463159304,8479442
2016020163,616,even-strength,79,1,FALSE,FALSE,TRUE,FALSE,FALSE,FALSE,0,8476867
2016020163,617,even-strength,41,-13,FALSE,FALSE,TRUE,TRUE,FALSE,FALSE,0.021629958969420007,8479442
2016020163,619,even-strength,30,-22,FALSE,FALSE,TRUE,TRUE,TRUE,FALSE,0.013711214554822253,8475790
2016020163,621,even-strength,39,-17,FALSE,FALSE,TRUE,FALSE,FALSE,FALSE,0,8474707
2016020163,622,even-strength,53,-12,TRUE,FALSE,TRUE,TRUE,TRUE,FALSE,0.06616913372743902,8467875
2016020163,626,even-strength,66,-10,FALSE,FALSE,TRUE,TRUE,TRUE,FALSE,0.05137213907945189,8473432
2016020163,637,even-strength,63,14,FALSE,FALSE,TRUE,TRUE,TRUE,TRUE,0.06128022332053994,8467875
2016020163,640,even-strength,39,-14,FALSE,FALSE,TRUE,FALSE,FALSE,FALSE,0,8477018
2016020163,643,even-strength,69,36,FALSE,FALSE,TRUE,TRUE,FALSE,FALSE,0.048468014926963746,8477500
2016020163,645,power-play,31,-22,FALSE,FALSE,TRUE,TRUE,TRUE,FALSE,0.04837551717949568,8476466
2016020163,646,power-play,78,-5,FALSE,FALSE,TRUE,FALSE,FALSE,FALSE,0,8479442
2016020163,647,power-play,68,33,FALSE,FALSE,TRUE,FALSE,FALSE,FALSE,0,8470626
2016020163,809,penalty-kill,52,-2,TRUE,FALSE,TRUE,TRUE,TRUE,FALSE,0.12818477445755985,8476440
2016020188,58,even-strength,-42,36,FALSE,FALSE,TRUE,TRUE,TRUE,FALSE,4.839710905138098e-4,8475857
2016020188,60,even-strength,15,32,FALSE,FALSE,TRUE,TRUE,TRUE,FALSE,0.005416795136377008,8474162
2016020188,62,power-play,34,-21,FALSE,FALSE,TRUE,TRUE,TRUE,FALSE,0.02626955694720763,8474166
2016020188,64,power-play,32,-4,FALSE,FALSE,TRUE,TRUE,FALSE,FALSE,0.03416908981521478,8474166
2016020188,66,power-play,54,21,FALSE,FALSE,TRUE,TRUE,FALSE,FALSE,0.07921490510135334,8470604
2016020188,67,power-play,39,-27,FALSE,FALSE,TRUE,TRUE,FALSE,FALSE,0.03099102275813131,8474162
2016020188,68,power-play,88,-9,FALSE,FALSE,TRUE,TRUE,TRUE,FALSE,0.07097440682870039,8474563
2016020188,69,power-play,55,4,FALSE,FALSE,TRUE,FALSE,FALSE,FALSE,0,8474162
2016020188,70,power-play,37,10,FALSE,FALSE,TRUE,TRUE,TRUE,FALSE,0.03725896929673214,8474162
2016020188,71,power-play,70,4,FALSE,FALSE,TRUE,FALSE,FALSE,FALSE,0,8474563
2016020188,73,even-strength,70,-14,FALSE,FALSE,TRUE,FALSE,FALSE,FALSE,0,8475857
2016020188,75,even-strength,73,-33,FALSE,FALSE,TRUE,TRUE,TRUE,FALSE,0.022711217995337294,8470606
2016020188,76,even-strength,34,22,FALSE,TRUE,TRUE,TRUE,TRUE,FALSE,0.03978868690961619,8475762
2016020188,78,even-strength,75,12,FALSE,FALSE,TRUE,FALSE,FALSE,FALSE,0,8471682
2016020188,80,even-strength,56,17,FALSE,FALSE,TRUE,TRUE,TRUE,FALSE,0.032675441367404814,8470606
2016020188,81,even-strength,39,5,FALSE,FALSE,TRUE,TRUE,TRUE,FALSE,0.03172300513678507,8476871
2016020188,85,even-strength,69,-15,FALSE,FALSE,TRUE,FALSE,FALSE,FALSE,0,8476871
2016020188,87,even-strength,35,31,FALSE,FALSE,TRUE,TRUE,FALSE,FALSE,0.012272736774664601,8474100
2016020188,95,even-strength,53,13,FALSE,FALSE,TRUE,TRUE,TRUE,TRUE,0.05669738477183565,8470606
2016020188,117,even-strength,-20,-36,FALSE,FALSE,TRUE,FALSE,FALSE,FALSE,0,8476406
2016020188,401,even-strength,39,16,FALSE,FALSE,TRUE,TRUE,FALSE,FALSE,0.027563123855171415,8475762
2016020188,402,even-strength,54,-14,FALSE,FALSE,TRUE,TRUE,TRUE,FALSE,0.03517865209572634,8475160
2016020188,405,even-strength,35,-9,FALSE,FALSE,TRUE,TRUE,FALSE,FALSE,0.022076928987923704,8471685
2016020188,406,even-strength,73,-3,FALSE,FALSE,TRUE,TRUE,TRUE,FALSE,0.1020702759341399,8471685
2016020188,408,power-play,54,19,FALSE,FALSE,TRUE,TRUE,FALSE,FALSE,0.058012505167461204,8470604
2016020188,409,power-play,63,-1,FALSE,FALSE,TRUE,TRUE,TRUE,FALSE,0.08284500865334686,8475726
2016020188,411,power-play,68,20,FALSE,FALSE,TRUE,TRUE,TRUE,FALSE,0.05577650132629562,8474162
2016020188,414,power-play,64,-14,FALSE,FALSE,TRUE,FALSE,FALSE,FALSE,0,8474162
2016020188,415,power-play,63,13,FALSE,FALSE,TRUE,TRUE,FALSE,FALSE,0.08377257822375452,8471685
2016020188,416,power-play,52,-16,FALSE,FALSE,TRUE,TRUE,TRUE,FALSE,0.06951937157287065,8471685
2016020188,425,even-strength,55,-10,FALSE,FALSE,TRUE,TRUE,TRUE,FALSE,0.04623922520504298,8473962
2016020188,426,even-strength,43,-18,TRUE,FALSE,TRUE,TRUE,FALSE,FALSE,0.03832180543066455,8476871
2016020188,430,even-strength,58,2,FALSE,FALSE,TRUE,FALSE,FALSE,FALSE,0,8476406
2016020188,432,even-strength,73,-24,FALSE,FALSE,TRUE,TRUE,TRUE,FALSE,0.04310104181254823,8473453
2016020188,433,even-strength,50,-8,FALSE,FALSE,TRUE,TRUE,TRUE,TRUE,0.034543043410673685,8476871
2016020188,438,even-strength,69,-10,FALSE,FALSE,TRUE,TRUE,TRUE,TRUE,0.09661924596079387,8475726
2016020188,443,even-strength,53,18,FALSE,FALSE,TRUE,TRUE,TRUE,FALSE,0.040468122830206975,8475857
2016020188,444,even-strength,53,15,TRUE,FALSE,TRUE,FALSE,FALSE,FALSE,0,8476871
2016020188,446,even-strength,38,-30,FALSE,FALSE,TRUE,TRUE,TRUE,FALSE,0.01603207698038495,8475762
2016020188,447,even-strength,67,19,FALSE,FALSE,TRUE,TRUE,TRUE,FALSE,0.06453562498707789,8476871
2016020188,451,even-strength,71,4,FALSE,FALSE,TRUE,TRUE,TRUE,FALSE,0.10718813422922177,8471682
2016020188,452,even-strength,-69,3,FALSE,FALSE,TRUE,TRUE,FALSE,FALSE,1.4865850470121482e-4,8474162
2016020188,455,even-strength,51,13,FALSE,FALSE,TRUE,TRUE,FALSE,FALSE,0.04213801784772877,8475857
2016020188,458,even-strength,76,-6,FALSE,FALSE,TRUE,TRUE,TRUE,FALSE,0.1066117260941302,8476406
2016020188,460,power-play,69,-27,FALSE,FALSE,TRUE,TRUE,TRUE,FALSE,0.05395923614895327,8471685
2016020188,463,power-play,69,6,FALSE,FALSE,TRUE,FALSE,FALSE,FALSE,0,8474162
2016020188,464,power-play,35,-6,FALSE,FALSE,TRUE,TRUE,FALSE,FALSE,0.04300579909875265,8474563
2016020188,468,even-strength,65,-12,FALSE,FALSE,TRUE,TRUE,TRUE,TRUE,0.0589447369009278,8470604
2016020207,7,even-strength,36,28,FALSE,FALSE,TRUE,TRUE,FALSE,FALSE,0.01325257644220007,8475462
2016020207,8,even-strength,69,8,FALSE,FALSE,TRUE,TRUE,FALSE,FALSE,0.06893958286552604,8475170
2016020207,9,even-strength,74,-2,FALSE,FALSE,TRUE,FALSE,FALSE,FALSE,0,8475170
2016020207,11,even-strength,49,27,FALSE,FALSE,TRUE,TRUE,TRUE,FALSE,0.019034537553031135,8477930
2016020207,18,even-strength,57,-33,FALSE,FALSE,TRUE,TRUE,TRUE,FALSE,0.019895549846446398,8468309
2016020207,21,power-play,77,3,FALSE,FALSE,TRUE,TRUE,TRUE,TRUE,0.13683230142519137,8474190
2016020207,25,even-strength,76,12,FALSE,FALSE,TRUE,TRUE,TRUE,TRUE,0.057827361546756426,8478439
2016020207,27,even-strength,69,6,FALSE,FALSE,TRUE,FALSE,FALSE,FALSE,0,8475462
2016020207,29,even-strength,-80,31,TRUE,FALSE,TRUE,TRUE,TRUE,FALSE,1.5710371537984262e-4,8475462
2016020207,31,even-strength,73,-20,FALSE,FALSE,TRUE,FALSE,FALSE,FALSE,0,8476177
2016020207,35,even-strength,34,-16,FALSE,FALSE,TRUE,TRUE,TRUE,FALSE,0.018190308157458972,8476906
2016020207,41,penalty-kill,-71,-1,FALSE,FALSE,TRUE,TRUE,TRUE,FALSE,0.0051529769496683015,8474190
2016020207,45,even-strength,56,15,FALSE,FALSE,TRUE,FALSE,FALSE,FALSE,0,8476906
2016020207,201,even-strength,76,21,FALSE,FALSE,TRUE,TRUE,TRUE,FALSE,0.032082700954871035,8479648
2016020207,203,even-strength,51,-1,FALSE,FALSE,TRUE,TRUE,TRUE,FALSE,0.057208910685954475,8474668
2016020207,210,penalty-kill,-82,28,FALSE,FALSE,TRUE,TRUE,TRUE,FALSE,5.904305169206335e-4,8478500
2016020207,211,penalty-kill,-47,-14,FALSE,FALSE,TRUE,TRUE,TRUE,FALSE,0.002341007673424694,8475462
2016020207,220,penalty-kill,-13,-30,FALSE,FALSE,TRUE,TRUE,TRUE,FALSE,0.0020318735839680566,8478500
2016020207,226,even-strength,73,6,TRUE,FALSE,TRUE,TRUE,TRUE,FALSE,0.19592183462551474,8474190
2016020207,230,penalty-kill,73,-3,TRUE,FALSE,TRUE,TRUE,TRUE,TRUE,0.38213164525472876,8474190
2016020207,238,even-strength,43,-28,FALSE,FALSE,TRUE,TRUE,TRUE,FALSE,0.01918664070283669,8473512
2016020207,239,even-strength,37,-38,FALSE,FALSE,TRUE,TRUE,TRUE,FALSE,0.009358414887358349,8475462
2016020207,240,even-strength,32,20,FALSE,FALSE,TRUE,TRUE,TRUE,FALSE,0.015632275694865753,8474584
2016020207,242,even-strength,60,-1,FALSE,FALSE,TRUE,FALSE,FALSE,FALSE,0,8474161
2016020207,244,even-strength,34,-1,FALSE,FALSE,TRUE,TRUE,TRUE,FALSE,0.029154745535169526,8476393
2016020207,245,even-strength,31,-24,TRUE,FALSE,TRUE,TRUE,TRUE,FALSE,0.019170846619121874,8468513
2016020207,246,even-strength,39,-23,TRUE,FALSE,TRUE,TRUE,TRUE,FALSE,0.03948125138390972,8468513
2016020207,250,even-strength,49,9,FALSE,FALSE,TRUE,TRUE,FALSE,FALSE,0.04143580593828058,8479648
2016020207,402,even-strength,36,-26,FALSE,FALSE,TRUE,TRUE,TRUE,FALSE,0.012263114436819917,8475462
2016020207,403,even-strength,43,1,FALSE,FALSE,TRUE,TRUE,FALSE,FALSE,0.027116843814532797,8474161
2016020207,407,even-strength,60,-29,FALSE,FALSE,TRUE,TRUE,TRUE,FALSE,0.029350688811491915,8478439
2016020207,409,even-strength,62,8,FALSE,FALSE,TRUE,FALSE,FALSE,FALSE,0,8468513
2016020207,411,even-strength,54,14,FALSE,FALSE,TRUE,FALSE,FALSE,FALSE,0,8478500
2016020207,412,even-strength,61,-25,TRUE,FALSE,TRUE,FALSE,FALSE,FALSE,0,8474190
2016020207,414,even-strength,77,7,FALSE,FALSE,TRUE,TRUE,TRUE,FALSE,0.12896399434685107,8473512
2016020207,415,even-strength,69,-17,FALSE,FALSE,TRUE,TRUE,TRUE,FALSE,0.03781856527727794,8474190
2016020207,416,even-strength,75,8,FALSE,FALSE,TRUE,TRUE,FALSE,FALSE,0.0638385502372819,8473512
2016020207,418,even-strength,68,12,TRUE,FALSE,TRUE,TRUE,FALSE,FALSE,0.07132470261166994,8478439
2016020207,422,even-strength,45,20,FALSE,FALSE,TRUE,TRUE,FALSE,FALSE,0.020458982698749448,8475170
2016020207,423,even-strength,45,5,FALSE,FALSE,TRUE,TRUE,FALSE,FALSE,0.03053584438302198,8474584
2016020207,424,even-strength,72,2,FALSE,FALSE,TRUE,FALSE,FALSE,FALSE,0,8476393
2016020207,426,even-strength,43,21,FALSE,FALSE,TRUE,TRUE,TRUE,FALSE,0.028535436584474452,8468513
2016020207,427,even-strength,49,2,FALSE,FALSE,TRUE,TRUE,FALSE,FALSE,0.04651655899737532,8476906
2016020207,432,even-strength,51,-33,FALSE,FALSE,TRUE,TRUE,TRUE,FALSE,0.017251724388388356,8477930
2016020207,434,even-strength,71,-27,FALSE,FALSE,TRUE,TRUE,TRUE,FALSE,0.03205570267115622,8468309
2016020207,704,even-strength,43,33,FALSE,FALSE,TRUE,TRUE,TRUE,FALSE,0.01350009292088391,8475170
2016020207,706,even-strength,81,-17,FALSE,FALSE,TRUE,TRUE,TRUE,FALSE,0.06195708130633819,8478439
2016020207,709,even-strength,51,23,FALSE,FALSE,TRUE,TRUE,TRUE,FALSE,0.025315660379126775,8474668
2016020207,710,even-strength,35,31,FALSE,FALSE,TRUE,TRUE,TRUE,FALSE,0.010245444239742411,8474584
2016020207,720,even-strength,56,-17,FALSE,FALSE,TRUE,TRUE,TRUE,FALSE,0.041310361881811745,8474668
2016020207,721,even-strength,40,-16,FALSE,FALSE,TRUE,TRUE,FALSE,FALSE,0.0206688608975086,8476906
2016020207,724,even-strength,71,19,FALSE,FALSE,TRUE,TRUE,FALSE,FALSE,0.05080724555918122,8474584
2016020207,729,even-strength,76,2,FALSE,FALSE,TRUE,FALSE,FALSE,FALSE,0,8471762
2016020207,730,even-strength,62,30,FALSE,FALSE,TRUE,TRUE,FALSE,FALSE,0.02010380859921424,8478500
2016020207,736,power-play,56,21,FALSE,FALSE,TRUE,TRUE,FALSE,FALSE,0.058804352276085846,8476461
2016020207,737,power-play,69,3,FALSE,FALSE,TRUE,FALSE,FALSE,FALSE,0,8478500
2016020207,738,power-play,67,-1,TRUE,FALSE,TRUE,FALSE,FALSE,FALSE,0,8468309
2016020207,745,even-strength,78,0,FALSE,FALSE,TRUE,TRUE,TRUE,FALSE,0.1583066923124302,8475170
2016020207,853,even-strength,58,11,FALSE,FALSE,TRUE,FALSE,FALSE,FALSE,0,8476393
2016020207,854,even-strength,37,-17,FALSE,FALSE,TRUE,TRUE,FALSE,FALSE,0.01657111582821977,8468309
2016020217,53,even-strength,57,4,FALSE,FALSE,TRUE,TRUE,TRUE,FALSE,0.050855139046172816,8471675
2016020217,55,even-strength,65,14,FALSE,FALSE,TRUE,TRUE,TRUE,FALSE,0.03457920555150798,8471675
2016020217,65,even-strength,57,-10,FALSE,FALSE,TRUE,TRUE,TRUE,FALSE,0.0448032214282832,8477839
2016020217,72,even-strength,74,-12,FALSE,FALSE,TRUE,TRUE,TRUE,FALSE,0.08993467519191795,8473548
2016020217,73,even-strength,71,8,FALSE,TRUE,TRUE,TRUE,TRUE,FALSE,0.16319371369245447,8477839
2016020217,74,even-strength,79,11,FALSE,FALSE,TRUE,FALSE,FALSE,FALSE,0,8471887
2016020217,76,even-strength,40,-13,FALSE,FALSE,TRUE,TRUE,TRUE,FALSE,0.019203489141687093,8475208
2016020217,78,even-strength,60,4,FALSE,FALSE,TRUE,TRUE,FALSE,FALSE,0.049903729173768195,8471887
2016020217,79,even-strength,39,11,FALSE,FALSE,TRUE,TRUE,TRUE,FALSE,0.016648482106577364,8471724
2016020217,86,even-strength,44,29,FALSE,FALSE,TRUE,TRUE,TRUE,FALSE,0.015028243753545525,8474013
2016020217,88,even-strength,54,19,FALSE,FALSE,TRUE,TRUE,TRUE,FALSE,0.025304144999419433,8475810
2016020217,89,even-strength,54,10,FALSE,FALSE,TRUE,TRUE,TRUE,FALSE,0.039127282916266555,8470543
2016020217,90,even-strength,64,-5,FALSE,FALSE,TRUE,TRUE,FALSE,FALSE,0.10211274310357482,8474176
2016020217,91,even-strength,65,16,FALSE,FALSE,TRUE,TRUE,FALSE,FALSE,0.04313756212438136,8474176
2016020217,92,even-strength,81,-1,FALSE,TRUE,TRUE,FALSE,FALSE,FALSE,0,8474176
2016020217,95,even-strength,78,0,FALSE,FALSE,TRUE,TRUE,TRUE,FALSE,0.11485149449391363,8470543
2016020217,99,even-strength,80,-5,TRUE,FALSE,TRUE,TRUE,TRUE,FALSE,0.12873231459870682,8477839
2016020217,100,even-strength,81,9,FALSE,TRUE,TRUE,FALSE,FALSE,FALSE,0,8475208
2016020217,201,even-strength,36,33,FALSE,FALSE,TRUE,TRUE,FALSE,FALSE,0.006728796115480464,8474013
2016020217,202,even-strength,75,18,FALSE,FALSE,TRUE,TRUE,FALSE,FALSE,0.02666358373666462,8471215
2016020217,206,even-strength,61,10,FALSE,FALSE,TRUE,TRUE,TRUE,FALSE,0.043644991405203275,8471887
2016020217,207,even-strength,77,9,FALSE,FALSE,TRUE,TRUE,FALSE,FALSE,0.056197956738399085,8477839
2016020217,213,even-strength,63,1,FALSE,FALSE,TRUE,TRUE,TRUE,FALSE,0.08330863860535195,8470110
2016020217,215,power-play,71,8,FALSE,FALSE,TRUE,FALSE,FALSE,FALSE,0,8471724
2016020217,216,even-strength,83,5,FALSE,TRUE,TRUE,FALSE,FALSE,FALSE,0,8471675
2016020217,219,power-play,54,0,FALSE,FALSE,TRUE,FALSE,FALSE,FALSE,0,8471724
2016020217,221,even-strength,37,-11,FALSE,FALSE,TRUE,TRUE,TRUE,FALSE,0.01371900650909628,8471724
2016020217,223,even-strength,47,-5,FALSE,FALSE,TRUE,TRUE,TRUE,FALSE,0.03124254680080681,8474013
2016020217,224,even-strength,78,0,FALSE,TRUE,TRUE,TRUE,TRUE,FALSE,0.2718984574222964,8470110
2016020217,225,even-strength,78,15,FALSE,TRUE,TRUE,TRUE,FALSE,FALSE,0.09862870211680887,8475832
2016020217,227,power-play,62,12,FALSE,FALSE,TRUE,TRUE,TRUE,FALSE,0.0626865406669378,8471215
2016020217,229,power-play,40,14,FALSE,FALSE,TRUE,TRUE,TRUE,FALSE,0.037474690000604265,8471724
2016020217,230,power-play,82,-7,FALSE,TRUE,TRUE,TRUE,TRUE,TRUE,0.2667327401196457,8471215
2016020217,233,power-play,44,-5,FALSE,FALSE,TRUE,TRUE,FALSE,FALSE,0.05459641970818426,8471724
2016020217,240,even-strength,49,19,FALSE,FALSE,TRUE,TRUE,TRUE,FALSE,0.037369434524931806,8475208
2016020217,243,penalty-kill,74,-10,FALSE,FALSE,TRUE,TRUE,TRUE,FALSE,0.11108364801731327,8474176
2016020217,245,even-strength,61,2,FALSE,FALSE,TRUE,FALSE,FALSE,FALSE,0,8471724
2016020217,246,even-strength,37,23,FALSE,FALSE,TRUE,TRUE,FALSE,FALSE,0.012973785062293658,8474013
2016020217,247,even-strength,37,-27,FALSE,FALSE,TRUE,TRUE,FALSE,FALSE,0.010781749918942556,8474602
2016020217,248,even-strength,45,10,FALSE,FALSE,TRUE,TRUE,TRUE,FALSE,0.028440262107802688,8470543
2016020217,363,power-play,69,5,FALSE,FALSE,TRUE,FALSE,FALSE,FALSE,0,8473548
2016020217,451,even-strength,61,-29,FALSE,FALSE,TRUE,TRUE,TRUE,FALSE,0.021608120352396374,8475810
2016020217,464,power-play,76,-6,FALSE,FALSE,TRUE,TRUE,TRUE,FALSE,0.0779241528083385,8477839
2016020217,466,power-play,91,10,FALSE,FALSE,TRUE,TRUE,TRUE,FALSE,0.09569839638638336,8471675
2016020217,469,even-strength,37,16,FALSE,FALSE,TRUE,TRUE,FALSE,FALSE,0.016068652911092347,8476874
2016020217,471,even-strength,77,2,FALSE,FALSE,TRUE,TRUE,TRUE,FALSE,0.12858250968989396,8470543
2016020217,472,even-strength,76,-3,FALSE,FALSE,TRUE,TRUE,TRUE,FALSE,0.0893845285415134,8475810
2016020217,473,even-strength,80,-7,FALSE,TRUE,TRUE,TRUE,TRUE,TRUE,0.18888957964809372,8470543
2016020217,483,even-strength,58,-12,FALSE,FALSE,TRUE,TRUE,TRUE,FALSE,0.04696804145964658,8473548
2016020217,486,even-strength,61,3,FALSE,FALSE,TRUE,TRUE,TRUE,FALSE,0.07694238075558782,8471675
2016020217,487,even-strength,76,-1,FALSE,FALSE,TRUE,TRUE,FALSE,FALSE,0.1006087874000664,8471675
2016020217,489,even-strength,41,-32,FALSE,FALSE,TRUE,TRUE,TRUE,FALSE,0.009333997090599493,8475208
2016020217,490,even-strength,68,13,FALSE,TRUE,TRUE,TRUE,TRUE,FALSE,0.12855457965235662,8473548
2016020217,491,even-strength,80,7,FALSE,FALSE,TRUE,FALSE,FALSE,FALSE,0,8473548
2016020217,493,even-strength,43,27,FALSE,FALSE,TRUE,TRUE,TRUE,FALSE,0.029229308244544228,8476874
2016020217,494,even-strength,59,17,FALSE,FALSE,TRUE,TRUE,TRUE,FALSE,0.04809537203640928,8474176
2016020217,496,even-strength,76,4,FALSE,FALSE,TRUE,FALSE,FALSE,FALSE,0,8475832
2016020217,500,even-strength,46,29,FALSE,FALSE,TRUE,TRUE,TRUE,FALSE,0.026182249103787317,8471724
2016020217,651,even-strength,68,10,FALSE,FALSE,TRUE,TRUE,TRUE,FALSE,0.05139307597836148,8471675
2016020217,652,even-strength,80,-7,FALSE,TRUE,TRUE,TRUE,TRUE,TRUE,0.23685979799715434,8475810
2016020217,653,even-strength,66,14,FALSE,FALSE,TRUE,TRUE,TRUE,FALSE,0.0650844713190013,8475810
2016020217,662,even-strength,82,5,FALSE,FALSE,TRUE,TRUE,TRUE,TRUE,0.10112887337059828,8471675
2016020217,670,even-strength,77,-19,FALSE,FALSE,TRUE,TRUE,TRUE,FALSE,0.06668402669931012,8470543
2016020217,672,even-strength,46,-17,FALSE,FALSE,TRUE,FALSE,FALSE,FALSE,0,8475208
2016020217,676,even-strength,82,8,FALSE,FALSE,TRUE,TRUE,TRUE,FALSE,0.07729097618143685,8471215
2016020217,677,even-strength,76,-32,FALSE,FALSE,TRUE,TRUE,TRUE,FALSE,0.029450301829489423,8470543
2016020217,680,even-strength,73,4,FALSE,TRUE,TRUE,TRUE,TRUE,FALSE,0.2693587059528678,8474009
2016020217,681,even-strength,38,19,FALSE,FALSE,TRUE,TRUE,TRUE,FALSE,0.016465150151011812,8474013
2016020217,682,even-strength,79,17,FALSE,TRUE,TRUE,TRUE,FALSE,FALSE,0.12971187798700062,8473548
2016020217,686,even-strength,17,-36,FALSE,FALSE,TRUE,TRUE,TRUE,FALSE,0.0032818025150935233,8471887
2016020217,689,even-strength,77,-16,FALSE,FALSE,TRUE,TRUE,TRUE,FALSE,0.040559706774628425,8471215
2016020217,690,even-strength,67,6,FALSE,TRUE,TRUE,TRUE,TRUE,FALSE,0.21460181451998683,8475810
2016020217,691,even-strength,40,-30,FALSE,FALSE,TRUE,TRUE,TRUE,FALSE,0.01973449682973814,8471887
2016020233,7,even-strength,49,22,TRUE,FALSE,TRUE,TRUE,FALSE,FALSE,0.03597231320916708,8471707
2016020233,13,even-strength,14,-29,FALSE,FALSE,TRUE,TRUE,TRUE,FALSE,0.004010174721161301,8474056
2016020233,17,even-strength,52,-20,FALSE,FALSE,TRUE,TRUE,TRUE,FALSE,0.03387980157902422,8467370
2016020233,18,even-strength,48,-6,FALSE,FALSE,TRUE,TRUE,FALSE,FALSE,0.052804897584051776,8475225
2016020233,24,even-strength,55,-19,FALSE,FALSE,TRUE,FALSE,FALSE,FALSE,0,8475176
2016020233,25,even-strength,59,-35,FALSE,FALSE,TRUE,TRUE,TRUE,FALSE,0.017069710388026044,8475793
2016020233,26,even-strength,70,21,FALSE,FALSE,TRUE,FALSE,FALSE,FALSE,0,8471707
2016020233,27,even-strength,39,1,FALSE,FALSE,TRUE,TRUE,FALSE,FALSE,0.025081742896347906,8474600
2016020233,31,even-strength,45,-23,FALSE,FALSE,TRUE,TRUE,TRUE,FALSE,0.01807845778000301,8475225
2016020233,32,even-strength,56,-5,FALSE,FALSE,TRUE,TRUE,TRUE,FALSE,0.06819731601932413,8474569
2016020233,34,even-strength,38,-20,FALSE,FALSE,TRUE,TRUE,TRUE,FALSE,0.027943603787172953,8475714
2016020233,35,even-strength,45,-18,FALSE,FALSE,TRUE,TRUE,TRUE,FALSE,0.03503107713175074,8474134
2016020233,37,even-strength,40,35,FALSE,FALSE,TRUE,TRUE,TRUE,FALSE,0.012289493194496875,8475176
2016020233,41,even-strength,42,-27,FALSE,FALSE,TRUE,TRUE,FALSE,FALSE,0.01882592685438365,8474056
2016020233,46,even-strength,79,3,FALSE,FALSE,TRUE,TRUE,TRUE,FALSE,0.11473100305459105,8478042
2016020233,202,even-strength,37,-17,FALSE,FALSE,TRUE,TRUE,FALSE,FALSE,0.022729508895532696,8474056
2016020233,207,even-strength,70,5,FALSE,FALSE,TRUE,TRUE,FALSE,FALSE,0.10942972445072212,8467370
2016020233,209,even-strength,84,10,FALSE,FALSE,TRUE,TRUE,TRUE,TRUE,0.05241341329466461,8471707
2016020233,214,even-strength,39,-24,FALSE,FALSE,TRUE,FALSE,FALSE,FALSE,0,8474056
2016020233,217,even-strength,67,-24,FALSE,FALSE,TRUE,TRUE,TRUE,FALSE,0.05206036943822572,8475793
2016020233,218,even-strength,60,14,FALSE,FALSE,TRUE,FALSE,FALSE,FALSE,0,8474600
2016020233,230,even-strength,64,12,FALSE,FALSE,TRUE,FALSE,FALSE,FALSE,0,8474569
2016020233,233,penalty-kill,51,-29,FALSE,FALSE,TRUE,TRUE,FALSE,FALSE,0.03116994520263689,8476887
2016020233,236,power-play,64,6,FALSE,FALSE,TRUE,TRUE,TRUE,FALSE,0.10651049237439915,8471707
2016020233,237,power-play,30,-34,FALSE,FALSE,TRUE,TRUE,TRUE,FALSE,0.019313070897896828,8474600
2016020233,238,even-strength,39,32,FALSE,FALSE,TRUE,FALSE,FALSE,FALSE,0,8476887
2016020233,244,even-strength,82,10,FALSE,FALSE,TRUE,TRUE,TRUE,FALSE,0.04345702102053119,8474569
2016020233,248,even-strength,75,-6,FALSE,FALSE,TRUE,TRUE,TRUE,FALSE,0.09843415550910768,8478042
2016020233,250,even-strength,53,-40,FALSE,FALSE,TRUE,TRUE,FALSE,FALSE,0.01636768206626411,8471707
2016020233,401,even-strength,37,18,FALSE,FALSE,TRUE,FALSE,FALSE,FALSE,0,8475218
2016020233,403,even-strength,33,24,FALSE,FALSE,TRUE,TRUE,TRUE,FALSE,0.01652141233365542,8471707
2016020233,405,even-strength,37,20,FALSE,FALSE,TRUE,FALSE,FALSE,FALSE,0,8475225
2016020233,406,even-strength,43,22,FALSE,FALSE,TRUE,TRUE,FALSE,FALSE,0.016892252000458866,8474600
2016020233,407,even-strength,45,21,FALSE,FALSE,TRUE,TRUE,FALSE,FALSE,0.030453365217195584,8467371
2016020233,409,even-strength,70,1,FALSE,FALSE,TRUE,TRUE,TRUE,FALSE,0.107198847815679,8476887
2016020233,410,even-strength,33,12,FALSE,FALSE,TRUE,TRUE,FALSE,FALSE,0.023882761025877487,8475625
2016020233,411,even-strength,72,5,FALSE,FALSE,TRUE,TRUE,TRUE,FALSE,0.08697345766317713,8478042
2016020233,412,even-strength,68,2,FALSE,TRUE,TRUE,TRUE,TRUE,FALSE,0.15715328704320494,8475714
2016020233,422,even-strength,78,1,FALSE,FALSE,TRUE,TRUE,TRUE,TRUE,0.1882739457514002,8478042
2016020233,429,even-strength,70,-11,FALSE,FALSE,TRUE,TRUE,FALSE,FALSE,0.04917491423783813,8475625
2016020233,432,even-strength,45,-16,FALSE,FALSE,TRUE,TRUE,TRUE,FALSE,0.017365386695242777,8471707
2016020233,437,even-strength,68,-4,FALSE,FALSE,TRUE,TRUE,FALSE,FALSE,0.0938673968492322,8478042
2016020233,448,even-strength,54,37,FALSE,FALSE,TRUE,TRUE,TRUE,FALSE,0.023112171564959587,8474600
2016020233,450,even-strength,87,8,FALSE,FALSE,TRUE,TRUE,TRUE,FALSE,0.035442712274000275,8476887
2016020233,655,even-strength,72,14,FALSE,FALSE,TRUE,TRUE,TRUE,FALSE,0.050637714660557505,8474569
2016020233,656,even-strength,80,8,FALSE,TRUE,TRUE,TRUE,TRUE,FALSE,0.19091834149607606,8475225
2016020233,658,even-strength,64,-16,FALSE,FALSE,TRUE,TRUE,FALSE,FALSE,0.04549153632073293,8476887
2016020233,660,even-strength,68,-17,FALSE,FALSE,TRUE,TRUE,FALSE,FALSE,0.05593814645529368,8475793
2016020233,665,even-strength,74,6,FALSE,FALSE,TRUE,TRUE,FALSE,FALSE,0.09700666228135511,8475225
2016020233,668,even-strength,35,26,FALSE,FALSE,TRUE,TRUE,TRUE,FALSE,0.012329593054071471,8474056
2016020233,669,even-strength,51,18,FALSE,FALSE,TRUE,TRUE,FALSE,FALSE,0.024556450432193202,8478042
2016020233,670,even-strength,85,-12,FALSE,FALSE,TRUE,TRUE,FALSE,FALSE,0.06077845181094615,8475793
2016020233,671,even-strength,39,-17,FALSE,FALSE,TRUE,TRUE,TRUE,FALSE,0.01625477054282424,8474056
2016020233,673,even-strength,37,-30,FALSE,FALSE,TRUE,TRUE,FALSE,FALSE,0.011698003793911472,8474134
2016020233,677,even-strength,54,-29,FALSE,FALSE,TRUE,TRUE,FALSE,FALSE,0.020327397268753787,8467370
2016020233,678,even-strength,42,31,FALSE,FALSE,TRUE,TRUE,FALSE,FALSE,0.013473962489667066,8475218
2016020233,679,even-strength,72,18,FALSE,FALSE,TRUE,FALSE,FALSE,FALSE,0,8475218
2016020233,681,even-strength,65,16,FALSE,FALSE,TRUE,TRUE,TRUE,FALSE,0.0711955991712867,8471707
2016020233,682,even-strength,62,15,FALSE,FALSE,TRUE,FALSE,FALSE,FALSE,0,8471707
2016020233,687,even-strength,72,10,FALSE,FALSE,TRUE,TRUE,TRUE,FALSE,0.04913289699438776,8478042
2016020233,688,even-strength,70,9,FALSE,FALSE,TRUE,TRUE,TRUE,FALSE,0.05917434496563432,8467370
2016020233,689,even-strength,38,35,FALSE,FALSE,TRUE,TRUE,TRUE,FALSE,0.008173736838661577,8478042
2016020233,690,even-strength,74,-4,FALSE,FALSE,TRUE,FALSE,FALSE,FALSE,0,8475176
2016020233,691,even-strength,37,29,FALSE,FALSE,TRUE,TRUE,TRUE,FALSE,0.010537416932692513,8478042
2016020233,697,even-strength,74,-2,FALSE,FALSE,TRUE,TRUE,TRUE,FALSE,0.13477264227409388,8475714
2016020233,700,even-strength,56,-10,FALSE,FALSE,TRUE,FALSE,FALSE,FALSE,0,8475225
2016020233,852,even-strength,36,33,FALSE,FALSE,TRUE,TRUE,FALSE,FALSE,0.009908438824855658,8475625
2016020233,858,even-strength,14,-31,FALSE,FALSE,TRUE,TRUE,TRUE,FALSE,0.00309751823451807,8474134
2016020247,7,even-strength,72,-9,FALSE,FALSE,TRUE,FALSE,FALSE,FALSE,0,8476539
2016020247,11,even-strength,73,8,TRUE,FALSE,TRUE,TRUE,FALSE,FALSE,0.08753605735967303,8477955
2016020247,23,even-strength,85,14,TRUE,FALSE,TRUE,TRUE,TRUE,FALSE,0.07302165175621243,8476539
2016020247,25,power-play,40,29,FALSE,FALSE,TRUE,FALSE,FALSE,FALSE,0,8477932
2016020247,26,power-play,70,-23,FALSE,FALSE,TRUE,TRUE,TRUE,FALSE,0.07134305483906798,8476539
2016020247,28,power-play,40,-15,FALSE,FALSE,TRUE,FALSE,FALSE,FALSE,0,8476389
2016020247,30,power-play,76,5,FALSE,FALSE,TRUE,TRUE,FALSE,FALSE,0.09401291792250539,8477493
2016020247,32,even-strength,46,38,FALSE,FALSE,TRUE,TRUE,TRUE,FALSE,0.014188916095465805,8477955
2016020247,33,even-strength,73,-10,FALSE,FALSE,TRUE,TRUE,TRUE,TRUE,0.07196627393903741,8477932
2016020247,48,even-strength,35,-22,FALSE,FALSE,TRUE,TRUE,TRUE,FALSE,0.012140277147109881,8475795
2016020247,50,even-strength,32,33,FALSE,FALSE,TRUE,TRUE,TRUE,FALSE,0.009228505579188718,8476875
2016020247,203,even-strength,82,-23,TRUE,FALSE,TRUE,TRUE,FALSE,FALSE,0.04848252267500358,8474098
2016020247,206,even-strength,68,5,FALSE,FALSE,TRUE,TRUE,TRUE,FALSE,0.08760566742093222,8475191
2016020247,216,even-strength,40,-29,FALSE,FALSE,TRUE,TRUE,FALSE,FALSE,0.013267220944655064,8475795
2016020247,226,even-strength,78,0,FALSE,FALSE,TRUE,TRUE,TRUE,FALSE,0.17332426636783363,8476539
2016020247,227,even-strength,49,-16,FALSE,FALSE,TRUE,TRUE,TRUE,FALSE,0.03203101600618484,8476389
2016020247,229,even-strength,47,16,FALSE,FALSE,TRUE,TRUE,FALSE,FALSE,0.03564918733956387,8477955
2016020247,230,even-strength,33,11,FALSE,FALSE,TRUE,FALSE,FALSE,FALSE,0,8474218
2016020247,236,even-strength,55,34,FALSE,FALSE,TRUE,TRUE,FALSE,FALSE,0.018011124902276424,8477955
2016020247,237,even-strength,45,25,FALSE,FALSE,TRUE,FALSE,FALSE,FALSE,0,8476875
2016020247,239,even-strength,57,-27,FALSE,FALSE,TRUE,TRUE,TRUE,FALSE,0.019058557609485258,8474098
2016020247,403,penalty-kill,73,-3,FALSE,FALSE,TRUE,TRUE,TRUE,FALSE,0.11247224283546456,8474098
2016020247,407,power-play,35,9,FALSE,FALSE,TRUE,FALSE,FALSE,FALSE,0,8477932
2016020247,409,power-play,35,-32,FALSE,FALSE,TRUE,TRUE,TRUE,FALSE,0.024208098977495894,8471735
2016020247,410,power-play,81,-8,FALSE,FALSE,TRUE,TRUE,TRUE,FALSE,0.061964075437132934,8448208
2016020247,411,power-play,75,-1,FALSE,TRUE,TRUE,TRUE,TRUE,FALSE,0.2871559167582494,8448208
2016020247,412,power-play,54,24,FALSE,FALSE,TRUE,FALSE,FALSE,FALSE,0,8477932
2016020247,413,power-play,57,-37,FALSE,FALSE,TRUE,TRUE,TRUE,FALSE,0.043298461516859656,8476539
2016020247,414,power-play,49,-18,FALSE,FALSE,TRUE,FALSE,FALSE,FALSE,0,8477932
2016020247,415,even-strength,36,-32,FALSE,FALSE,TRUE,FALSE,FALSE,FALSE,0,8474218
2016020247,416,even-strength,37,-31,FALSE,FALSE,TRUE,FALSE,FALSE,FALSE,0,8475795
2016020247,432,penalty-kill,58,12,FALSE,FALSE,TRUE,FALSE,FALSE,FALSE,0,8476875
2016020247,434,penalty-kill,55,31,FALSE,FALSE,TRUE,TRUE,TRUE,FALSE,0.009138682235613226,8476875
2016020247,445,penalty-kill,9,37,FALSE,FALSE,TRUE,TRUE,TRUE,FALSE,0.008507681454500132,8468001
2016020247,446,even-strength,40,-18,FALSE,FALSE,TRUE,FALSE,FALSE,FALSE,0,8475795
2016020247,447,even-strength,70,-4,FALSE,FALSE,TRUE,TRUE,FALSE,FALSE,0.07239691057172482,8448208
2016020247,448,even-strength,34,34,FALSE,FALSE,TRUE,TRUE,TRUE,FALSE,0.009382201352122267,8476875
2016020247,449,even-strength,36,27,FALSE,FALSE,TRUE,FALSE,FALSE,FALSE,0,8477932
2016020247,450,even-strength,36,35,FALSE,FALSE,TRUE,TRUE,FALSE,FALSE,0.0071998484391357365,8476875
2016020247,651,even-strength,58,10,FALSE,FALSE,TRUE,FALSE,FALSE,FALSE,0,8448208
2016020247,652,even-strength,32,-30,FALSE,FALSE,TRUE,TRUE,TRUE,FALSE,0.014783424206712437,8477932
2016020247,656,even-strength,75,-9,FALSE,FALSE,TRUE,TRUE,FALSE,FALSE,0.09706881927574017,8476539
2016020247,657,even-strength,70,8,FALSE,FALSE,TRUE,TRUE,FALSE,FALSE,0.061959643368836505,8476389
2016020247,662,even-strength,58,-8,FALSE,FALSE,TRUE,FALSE,FALSE,FALSE,0,8477955
2016020247,663,even-strength,59,31,FALSE,FALSE,TRUE,TRUE,TRUE,FALSE,0.02593219216568923,8476875
2016020247,665,even-strength,45,-20,FALSE,FALSE,TRUE,FALSE,FALSE,FALSE,0,8477932
2016020247,668,even-strength,35,-23,FALSE,FALSE,TRUE,FALSE,FALSE,FALSE,0,8475795
2016020247,670,power-play,73,16,FALSE,FALSE,TRUE,TRUE,TRUE,FALSE,0.10205755603284992,8475191
2016020247,671,power-play,56,32,FALSE,FALSE,TRUE,TRUE,TRUE,FALSE,0.03632791764019825,8476389
2016020247,673,power-play,39,-29,FALSE,FALSE,TRUE,TRUE,FALSE,FALSE,0.024499206843094295,8471735
2016020247,674,power-play,39,29,FALSE,FALSE,TRUE,TRUE,TRUE,FALSE,0.04379558775895179,8477932
2016020247,678,even-strength,56,-5,FALSE,FALSE,TRUE,TRUE,TRUE,FALSE,0.042528075023570956,8478843
2016020247,683,even-strength,54,-29,FALSE,FALSE,TRUE,FALSE,FALSE,FALSE,0,8476495
2016020247,685,power-play,50,-35,FALSE,FALSE,TRUE,TRUE,TRUE,FALSE,0.025061345794182482,8468001
2016020247,686,power-play,71,-35,FALSE,FALSE,TRUE,TRUE,FALSE,FALSE,0.03936785568475361,8468001
2016020247,687,power-play,52,-25,FALSE,FALSE,TRUE,TRUE,TRUE,FALSE,0.04216598883404803,8474218
2016020247,688,power-play,73,-1,FALSE,TRUE,TRUE,TRUE,TRUE,FALSE,0.19657323543809951,8475735
2016020247,689,even-strength,56,-35,FALSE,FALSE,TRUE,TRUE,FALSE,FALSE,0.01229188148823182,8476389
2016020247,699,even-strength,45,25,TRUE,FALSE,TRUE,TRUE,FALSE,FALSE,0.04333824276210218,8476875
2016020264,56,even-strength,71,-19,FALSE,FALSE,TRUE,TRUE,TRUE,FALSE,0.04535554035570429,8473507
2016020264,58,even-strength,29,18,FALSE,FALSE,TRUE,TRUE,TRUE,FALSE,0.01272439335987139,8473507
2016020264,60,even-strength,79,-36,FALSE,FALSE,TRUE,TRUE,TRUE,FALSE,0.02235125491856503,8475848
2016020264,62,even-strength,80,-40,FALSE,FALSE,TRUE,TRUE,FALSE,FALSE,0.015375282595121314,8475848
2016020264,66,even-strength,79,-9,FALSE,FALSE,TRUE,FALSE,FALSE,FALSE,0,8471228
2016020264,67,even-strength,86,7,FALSE,FALSE,TRUE,TRUE,TRUE,FALSE,0.03307808803434585,8471338
2016020264,69,even-strength,75,0,FALSE,FALSE,TRUE,TRUE,TRUE,FALSE,0.1173309232237461,8476381
2016020264,72,power-play,70,-25,FALSE,FALSE,TRUE,TRUE,TRUE,FALSE,0.04979399934566122,8476851
2016020264,73,power-play,33,29,FALSE,FALSE,TRUE,TRUE,TRUE,FALSE,0.033501365787266674,8470642
2016020264,74,power-play,75,-7,FALSE,FALSE,TRUE,FALSE,FALSE,FALSE,0,8476381
2016020264,75,even-strength,62,38,FALSE,FALSE,TRUE,TRUE,TRUE,FALSE,0.012016205015298279,8469521
2016020264,77,even-strength,67,25,FALSE,FALSE,TRUE,FALSE,FALSE,FALSE,0,8471296
2016020264,80,even-strength,79,0,FALSE,FALSE,TRUE,TRUE,TRUE,FALSE,0.15030303949757864,8474052
2016020264,84,power-play,34,-27,FALSE,FALSE,TRUE,TRUE,FALSE,FALSE,0.024433951941678734,8467496
2016020264,91,even-strength,48,29,FALSE,FALSE,TRUE,TRUE,TRUE,FALSE,0.01527056846551213,8476479
2016020264,92,even-strength,52,-1,TRUE,FALSE,TRUE,FALSE,FALSE,FALSE,0,8467496
2016020264,93,even-strength,45,26,TRUE,FALSE,TRUE,TRUE,TRUE,FALSE,0.027196956290126993,8473507
2016020264,94,even-strength,85,-14,FALSE,FALSE,TRUE,FALSE,FALSE,FALSE,0,8476479
2016020264,95,even-strength,29,-33,FALSE,FALSE,TRUE,TRUE,TRUE,FALSE,0.008400707345994145,8470642
2016020264,96,even-strength,81,-2,TRUE,TRUE,TRUE,TRUE,TRUE,TRUE,0.3884381004477332,8474038
2016020264,309,even-strength,63,14,FALSE,FALSE,TRUE,FALSE,FALSE,FALSE,0,8476479
2016020264,310,even-strength,59,-13,TRUE,FALSE,TRUE,TRUE,TRUE,FALSE,0.05536202386946336,8474052
2016020264,314,even-strength,60,21,FALSE,FALSE,TRUE,TRUE,TRUE,FALSE,0.04165987411653961,8471296
2016020264,316,power-play,78,15,FALSE,FALSE,TRUE,TRUE,TRUE,TRUE,0.070400657291404,8476851
2016020264,318,even-strength,66,-20,FALSE,FALSE,TRUE,TRUE,TRUE,FALSE,0.03422926089061675,8474038
2016020264,320,even-strength,46,-27,FALSE,FALSE,TRUE,FALSE,FALSE,FALSE,0,8470642
2016020264,321,even-strength,31,30,FALSE,FALSE,TRUE,TRUE,FALSE,FALSE,0.014285724252760033,8471296
2016020264,344,power-play,78,-10,FALSE,FALSE,TRUE,FALSE,FALSE,FALSE,0,8475848
2016020264,346,power-play,34,-9,FALSE,FALSE,TRUE,TRUE,TRUE,FALSE,0.02895243831514691,8476470
2016020264,347,even-strength,71,-3,TRUE,FALSE,TRUE,TRUE,FALSE,FALSE,0.1724216106907292,8471228
2016020264,348,even-strength,32,24,FALSE,FALSE,TRUE,TRUE,TRUE,FALSE,0.018070128267271127,8471296
2016020264,451,even-strength,71,-35,FALSE,FALSE,TRUE,TRUE,TRUE,FALSE,0.019635484518894734,8471338
2016020264,456,even-strength,42,-15,FALSE,FALSE,TRUE,TRUE,TRUE,FALSE,0.018843692962329864,8471228
2016020264,462,even-strength,31,-20,FALSE,FALSE,TRUE,TRUE,FALSE,FALSE,0.009337353225919607,8473507
2016020264,472,even-strength,57,0,FALSE,FALSE,TRUE,FALSE,FALSE,FALSE,0,8476470
2016020264,480,even-strength,76,-4,FALSE,FALSE,TRUE,FALSE,FALSE,FALSE,0,8474157
2016020264,482,even-strength,86,8,FALSE,FALSE,TRUE,FALSE,FALSE,FALSE,0,8471976
2016020264,483,even-strength,72,-13,FALSE,FALSE,TRUE,FALSE,FALSE,FALSE,0,8475848
2016020264,486,even-strength,77,-3,FALSE,FALSE,TRUE,TRUE,TRUE,FALSE,0.1065564837097083,8474038
2016020264,487,even-strength,66,30,FALSE,FALSE,TRUE,TRUE,FALSE,FALSE,0.03007828059997144,8476381
2016020264,500,even-strength,30,-29,FALSE,FALSE,TRUE,TRUE,FALSE,FALSE,0.011167844726016342,8470642
2016020264,651,even-strength,63,20,FALSE,FALSE,TRUE,TRUE,TRUE,FALSE,0.04996452065832617,8471296
2016020264,652,even-strength,87,-8,FALSE,TRUE,TRUE,TRUE,FALSE,FALSE,0.1525697189552092,8474038
2016020264,658,even-strength,20,30,FALSE,FALSE,TRUE,TRUE,TRUE,FALSE,0.008592996167378682,8476479
2016020264,661,even-strength,86,12,FALSE,FALSE,TRUE,TRUE,TRUE,FALSE,0.03925262199921879,8476479
2016020264,662,even-strength,73,1,FALSE,TRUE,TRUE,TRUE,TRUE,FALSE,0.3162247512277885,8475848
2016020264,664,even-strength,61,32,FALSE,FALSE,TRUE,TRUE,TRUE,FALSE,0.016749002160926754,8467496
2016020264,669,power-play,30,8,FALSE,FALSE,TRUE,TRUE,TRUE,FALSE,0.04121748853039242,8470642
2016020264,670,power-play,71,-13,FALSE,FALSE,TRUE,FALSE,FALSE,FALSE,0,8471228
2016020264,671,power-play,78,-16,FALSE,TRUE,TRUE,TRUE,FALSE,FALSE,0.22291352417901214,8475848
2016020264,674,even-strength,58,-1,FALSE,FALSE,TRUE,TRUE,TRUE,FALSE,0.07162108321895194,8475848
2016020284,9,even-strength,69,8,FALSE,TRUE,TRUE,FALSE,FALSE,FALSE,0,8475784
2016020284,10,even-strength,52,19,FALSE,FALSE,TRUE,FALSE,FALSE,FALSE,0,8476958
2016020284,14,even-strength,57,5,FALSE,FALSE,TRUE,TRUE,TRUE,FALSE,0.0623465388983976,8476882
2016020284,16,even-strength,30,35,FALSE,FALSE,TRUE,TRUE,FALSE,FALSE,0.007635338571440423,8468493
2016020284,19,even-strength,64,7,FALSE,FALSE,TRUE,TRUE,TRUE,FALSE,0.047450421318165265,8475807
2016020284,20,even-strength,84,-5,FALSE,FALSE,TRUE,TRUE,TRUE,FALSE,0.10000511412412702,8475807
2016020284,22,even-strength,76,-14,TRUE,FALSE,TRUE,TRUE,FALSE,FALSE,0.10897608889787865,8478427
2016020284,27,even-strength,58,-22,FALSE,FALSE,TRUE,TRUE,TRUE,FALSE,0.03889652788821881,8476807
2016020284,31,even-strength,75,5,FALSE,FALSE,TRUE,TRUE,FALSE,FALSE,0.0904352107630016,8477496
2016020284,32,even-strength,32,-6,FALSE,FALSE,TRUE,TRUE,TRUE,FALSE,0.016995116383556167,8476958
2016020284,33,even-strength,66,-14,FALSE,FALSE,TRUE,TRUE,FALSE,FALSE,0.045706731209162056,8475784
2016020284,34,even-strength,54,-17,FALSE,FALSE,TRUE,TRUE,FALSE,FALSE,0.03035724258941629,8475784
2016020284,39,even-strength,74,-12,FALSE,FALSE,TRUE,FALSE,FALSE,FALSE,0,8470740
2016020284,40,even-strength,57,-5,FALSE,FALSE,TRUE,FALSE,FALSE,FALSE,0,8477488
2016020284,41,even-strength,74,5,FALSE,FALSE,TRUE,FALSE,FALSE,FALSE,0,8477488
2016020284,42,even-strength,45,17,FALSE,TRUE,TRUE,TRUE,TRUE,FALSE,0.07883984269509618,8475807
2016020284,47,even-strength,70,-15,TRUE,FALSE,TRUE,TRUE,TRUE,FALSE,0.09776614384188845,8476934
2016020284,50,power-play,67,7,FALSE,FALSE,TRUE,FALSE,FALSE,FALSE,0,8475753
2016020284,53,even-strength,98,29,FALSE,FALSE,TRUE,FALSE,FALSE,FALSE,0,8477496
2016020284,251,power-play,28,10,TRUE,FALSE,TRUE,TRUE,TRUE,FALSE,0.04299879524007588,8478396
2016020284,255,power-play,55,5,FALSE,FALSE,TRUE,TRUE,TRUE,FALSE,0.08238298577137133,8476437
2016020284,256,power-play,81,0,FALSE,FALSE,TRUE,TRUE,TRUE,TRUE,0.11581292604701464,8475784
2016020284,271,even-strength,22,1,FALSE,FALSE,TRUE,TRUE,TRUE,FALSE,0.012679083681836992,8475784
2016020284,272,even-strength,68,-5,FALSE,FALSE,TRUE,FALSE,FALSE,FALSE,0,8476437
2016020284,273,even-strength,72,-5,FALSE,FALSE,TRUE,FALSE,FALSE,FALSE,0,8475784
2016020284,275,even-strength,39,-25,FALSE,FALSE,TRUE,FALSE,FALSE,FALSE,0,8475753
2016020284,276,even-strength,63,8,FALSE,FALSE,TRUE,FALSE,FALSE,FALSE,0,8476934
2016020284,279,even-strength,80,2,FALSE,FALSE,TRUE,FALSE,FALSE,FALSE,0,8477488
2016020284,280,even-strength,32,24,FALSE,FALSE,TRUE,TRUE,TRUE,FALSE,0.009180962341707627,8476958
2016020284,281,even-strength,80,-1,TRUE,FALSE,TRUE,TRUE,TRUE,FALSE,0.2886761266228276,8473533
2016020284,282,even-strength,80,-1,FALSE,FALSE,TRUE,TRUE,FALSE,FALSE,0.14161969421789405,8478427
2016020284,291,penalty-kill,54,-16,FALSE,FALSE,TRUE,TRUE,FALSE,FALSE,0.06564481976307326,8477496
2016020284,294,even-strength,52,-20,FALSE,FALSE,TRUE,TRUE,TRUE,FALSE,0.03336733098631282,8475753
2016020284,296,even-strength,34,-5,FALSE,FALSE,TRUE,FALSE,FALSE,FALSE,0,8478396
2016020284,402,even-strength,70,18,FALSE,FALSE,TRUE,TRUE,TRUE,FALSE,0.03383007649177982,8478427
2016020284,404,even-strength,75,13,FALSE,FALSE,TRUE,TRUE,TRUE,FALSE,0.02329779680506411,8476882
2016020284,405,even-strength,78,1,FALSE,TRUE,TRUE,TRUE,TRUE,FALSE,0.2692191102878292,8473533
2016020284,407,even-strength,-67,-17,FALSE,FALSE,TRUE,TRUE,FALSE,FALSE,1.5004032664365068e-4,8478427
2016020284,412,penalty-kill,73,1,FALSE,FALSE,TRUE,TRUE,TRUE,TRUE,0.2372267776981303,8473537
2016020284,414,penalty-kill,64,10,TRUE,FALSE,TRUE,TRUE,TRUE,FALSE,0.08276599787452207,8477496
2016020284,417,even-strength,72,15,FALSE,FALSE,TRUE,TRUE,TRUE,FALSE,0.09430874642138828,8473537
2016020284,418,even-strength,50,1,FALSE,FALSE,TRUE,FALSE,FALSE,FALSE,0,8478396
2016020284,433,even-strength,59,17,FALSE,FALSE,TRUE,FALSE,FALSE,FALSE,0,8476437
2016020284,434,even-strength,73,-12,FALSE,FALSE,TRUE,TRUE,TRUE,FALSE,0.07991235442622463,8477496
2016020284,438,even-strength,68,0,FALSE,FALSE,TRUE,TRUE,TRUE,FALSE,0.10183556961629942,8475784
2016020284,443,even-strength,66,-9,TRUE,FALSE,TRUE,FALSE,FALSE,FALSE,0,8476807
2016020284,445,even-strength,68,11,FALSE,FALSE,TRUE,FALSE,FALSE,FALSE,0,8475807
2016020284,449,even-strength,76,-3,FALSE,FALSE,TRUE,TRUE,TRUE,FALSE,0.19479869543635528,8475807
2016020284,701,even-strength,61,12,FALSE,FALSE,TRUE,TRUE,TRUE,FALSE,0.06673928312899416,8476934
2016020284,704,even-strength,36,25,FALSE,FALSE,TRUE,TRUE,TRUE,FALSE,0.016347026671233014,8475753
2016020284,705,even-strength,66,15,FALSE,FALSE,TRUE,FALSE,FALSE,FALSE,0,8476437
2016020284,707,even-strength,51,26,FALSE,FALSE,TRUE,TRUE,FALSE,FALSE,0.030260312919800327,8473537
2016020284,708,even-strength,53,19,FALSE,FALSE,TRUE,TRUE,TRUE,FALSE,0.04873838242712692,8470740
2016020284,714,even-strength,60,-14,FALSE,FALSE,TRUE,TRUE,TRUE,FALSE,0.05906477551491476,8475784
2016020284,718,even-strength,52,19,FALSE,FALSE,TRUE,TRUE,TRUE,FALSE,0.04279368419662124,8476437
2016020284,720,even-strength,40,-18,TRUE,FALSE,TRUE,TRUE,TRUE,FALSE,0.035948515793802524,8469508
2016020313,9,even-strength,34,-12,FALSE,FALSE,TRUE,FALSE,FALSE,FALSE,0,8471702
2016020313,12,even-strength,30,-9,FALSE,FALSE,TRUE,TRUE,FALSE,FALSE,0.015714170192338617,8474590
2016020313,14,even-strength,58,13,FALSE,FALSE,TRUE,FALSE,FALSE,FALSE,0,8468498
2016020313,15,even-strength,41,10,FALSE,FALSE,TRUE,TRUE,TRUE,FALSE,0.030365361356974152,8477220
2016020313,35,even-strength,62,-5,FALSE,FALSE,TRUE,FALSE,FALSE,FALSE,0,8474590
2016020313,44,penalty-kill,78,6,FALSE,FALSE,TRUE,TRUE,TRUE,FALSE,0.07048545331824518,8476880
2016020313,45,penalty-kill,35,27,FALSE,FALSE,TRUE,TRUE,TRUE,FALSE,0.0075854442727629565,8473991
2016020313,201,even-strength,35,-11,FALSE,FALSE,TRUE,TRUE,TRUE,FALSE,0.017440394717365776,8477220
2016020313,204,even-strength,70,-20,FALSE,FALSE,TRUE,TRUE,TRUE,FALSE,0.04503746555325991,8474291
2016020313,208,even-strength,46,-10,FALSE,FALSE,TRUE,TRUE,TRUE,FALSE,0.027486843726124633,8468508
2016020313,215,even-strength,58,2,FALSE,FALSE,TRUE,TRUE,FALSE,FALSE,0.04643385839646544,8471214
2016020313,224,even-strength,75,1,FALSE,FALSE,TRUE,TRUE,TRUE,FALSE,0.0935848875242581,8468508
2016020313,228,even-strength,34,-35,FALSE,FALSE,TRUE,TRUE,FALSE,FALSE,0.012496521192059603,8474590
2016020313,232,even-strength,66,-25,FALSE,FALSE,TRUE,FALSE,FALSE,FALSE,0,8475792
2016020313,234,even-strength,89,-23,FALSE,FALSE,TRUE,TRUE,TRUE,FALSE,0.09489086682930538,8476880
2016020313,240,even-strength,36,-21,FALSE,FALSE,TRUE,TRUE,FALSE,FALSE,0.01356502266538837,8468508
2016020313,241,even-strength,77,-3,FALSE,FALSE,TRUE,FALSE,FALSE,FALSE,0,8468498
2016020313,242,even-strength,55,10,TRUE,FALSE,TRUE,FALSE,FALSE,FALSE,0,8477444
2016020313,247,even-strength,22,-31,FALSE,FALSE,TRUE,TRUE,TRUE,FALSE,0.004691684183853882,8477220
2016020313,248,even-strength,56,-27,FALSE,FALSE,TRUE,TRUE,TRUE,FALSE,0.0224150328086047,8477220
2016020313,249,even-strength,55,32,FALSE,FALSE,TRUE,TRUE,FALSE,FALSE,0.021741029382243496,8477482
2016020313,401,even-strength,30,-25,FALSE,FALSE,TRUE,TRUE,TRUE,FALSE,0.012323669475039604,8474291
2016020313,405,power-play,65,9,FALSE,FALSE,TRUE,FALSE,FALSE,FALSE,0,8475149
2016020313,406,power-play,68,-9,FALSE,FALSE,TRUE,TRUE,TRUE,FALSE,0.10924247758936774,8475792
2016020313,408,power-play,73,5,FALSE,FALSE,TRUE,FALSE,FALSE,FALSE,0,8471214
2016020313,409,power-play,79,5,FALSE,FALSE,TRUE,TRUE,TRUE,FALSE,0.13543793715548336,8471214
2016020313,412,power-play,36,-14,FALSE,FALSE,TRUE,TRUE,FALSE,FALSE,0.07022839522634476,8474590
2016020313,413,power-play,37,-25,FALSE,FALSE,TRUE,TRUE,FALSE,FALSE,0.06504350312843608,8474590
2016020313,414,power-play,75,-18,FALSE,FALSE,TRUE,TRUE,TRUE,FALSE,0.07979123351985128,8475744
2016020313,415,power-play,50,-3,FALSE,FALSE,TRUE,FALSE,FALSE,FALSE,0,8474590
2016020313,420,even-strength,63,-14,FALSE,FALSE,TRUE,TRUE,TRUE,FALSE,0.05136856412675457,8475792
2016020313,422,even-strength,42,-5,FALSE,FALSE,TRUE,FALSE,FALSE,FALSE,0,8468508
2016020313,423,even-strength,61,0,FALSE,FALSE,TRUE,FALSE,FALSE,FALSE,0,8475149
2016020313,424,even-strength,48,2,FALSE,FALSE,TRUE,TRUE,FALSE,FALSE,0.023630159608232303,8468508
2016020313,426,power-play,67,-2,FALSE,FALSE,TRUE,TRUE,FALSE,FALSE,0.08357984197240713,8477444
2016020313,427,power-play,33,-5,FALSE,FALSE,TRUE,TRUE,TRUE,FALSE,0.039373303283190865,8471702
2016020313,429,power-play,72,-9,FALSE,FALSE,TRUE,TRUE,TRUE,FALSE,0.09597575493089404,8473563
2016020313,431,even-strength,50,-2,FALSE,FALSE,TRUE,TRUE,TRUE,FALSE,0.07686570942972808,8477220
2016020313,434,penalty-kill,-37,-6,FALSE,FALSE,TRUE,TRUE,TRUE,FALSE,0.00937741592869887,8471476
2016020313,443,even-strength,82,-18,FALSE,FALSE,TRUE,TRUE,TRUE,FALSE,0.057589056015089506,8471214
2016020313,445,even-strength,69,-8,FALSE,FALSE,TRUE,FALSE,FALSE,FALSE,0,8471214
2016020313,446,even-strength,61,-14,FALSE,FALSE,TRUE,FALSE,FALSE,FALSE,0,8475744
2016020313,666,even-strength,62,13,FALSE,FALSE,TRUE,TRUE,FALSE,FALSE,0.04885554151708698,8471476
2016020313,668,even-strength,64,-29,FALSE,FALSE,TRUE,TRUE,FALSE,FALSE,0.02263655487721851,8474590
2016020313,672,even-strength,67,8,FALSE,FALSE,TRUE,TRUE,TRUE,FALSE,0.07610199002283387,8473563
2016020313,674,even-strength,36,27,FALSE,FALSE,TRUE,TRUE,TRUE,FALSE,0.011436482935802347,8468498
2016020313,681,even-strength,42,7,FALSE,FALSE,TRUE,TRUE,TRUE,FALSE,0.047998371691073516,8475149
2016020313,683,even-strength,31,28,FALSE,FALSE,TRUE,TRUE,TRUE,FALSE,0.00930899043908903,8473991
2016020313,686,even-strength,69,-17,FALSE,FALSE,TRUE,TRUE,TRUE,FALSE,0.050982927197159744,8474590
2016020313,688,even-strength,63,-32,FALSE,FALSE,TRUE,TRUE,FALSE,FALSE,0.026050965527179885,8474189
2016020313,689,even-strength,42,27,FALSE,FALSE,TRUE,FALSE,FALSE,FALSE,0,8475792
2016020313,690,even-strength,64,20,FALSE,FALSE,TRUE,FALSE,FALSE,FALSE,0,8474189
2016020313,691,even-strength,36,-11,FALSE,FALSE,TRUE,TRUE,FALSE,FALSE,0.018100495942933743,8473991
2016020313,694,even-strength,90,-14,FALSE,FALSE,TRUE,TRUE,TRUE,TRUE,0.15070096033414263,8473563
2016020313,696,even-strength,70,1,FALSE,FALSE,TRUE,FALSE,FALSE,FALSE,0,8477220
2016020313,751,even-strength,35,-20,FALSE,FALSE,TRUE,TRUE,FALSE,FALSE,0.013174044915276076,8474590
2016020313,752,even-strength,63,-18,FALSE,FALSE,TRUE,TRUE,TRUE,FALSE,0.030785895320563486,8475744
2016020313,755,even-strength,23,9,FALSE,FALSE,TRUE,TRUE,TRUE,FALSE,0.008440430052466367,8473563
2016020313,759,even-strength,29,30,FALSE,FALSE,TRUE,TRUE,TRUE,FALSE,0.01152947879274796,8468498
2016020313,760,even-strength,62,1,FALSE,FALSE,TRUE,FALSE,FALSE,FALSE,0,8474590
2016020313,762,power-play,33,10,FALSE,FALSE,TRUE,TRUE,TRUE,FALSE,0.04181535557695405,8471214
2016020313,764,power-play,34,23,FALSE,FALSE,TRUE,TRUE,TRUE,FALSE,0.03726121953247121,8474590
2016020313,767,even-strength,55,1,FALSE,FALSE,TRUE,TRUE,FALSE,FALSE,0.034184193146442145,8471214
2016020313,768,even-strength,53,9,TRUE,FALSE,TRUE,TRUE,TRUE,TRUE,0.05997614947591724,8475149
2016020313,771,even-strength,34,25,FALSE,FALSE,TRUE,TRUE,TRUE,FALSE,0.01425241924448891,8475200
2016020313,773,even-strength,35,-16,FALSE,FALSE,TRUE,TRUE,TRUE,FALSE,0.025795618786125338,8474590
2016020313,776,even-strength,42,-22,FALSE,FALSE,TRUE,TRUE,FALSE,FALSE,0.030143616435239922,8474590
2016020313,777,even-strength,77,15,FALSE,FALSE,TRUE,TRUE,FALSE,FALSE,0.10366898645730345,8471214
2016020313,778,even-strength,45,-11,FALSE,FALSE,TRUE,TRUE,FALSE,FALSE,0.046230342419712266,8474590
2016020313,779,even-strength,43,-8,FALSE,FALSE,TRUE,TRUE,TRUE,FALSE,0.0441157834601304,8474590
2016020338,53,even-strength,44,18,FALSE,FALSE,TRUE,TRUE,FALSE,FALSE,0.030352290906103523,8476472
2016020338,58,even-strength,72,8,FALSE,FALSE,TRUE,TRUE,FALSE,FALSE,0.07856534600741659,8476454
2016020338,59,even-strength,64,-20,FALSE,FALSE,TRUE,TRUE,TRUE,FALSE,0.04121929237228934,8479465
2016020338,61,even-strength,68,5,FALSE,FALSE,TRUE,FALSE,FALSE,FALSE,0,8479465
2016020338,62,even-strength,46,-28,FALSE,FALSE,TRUE,TRUE,TRUE,FALSE,0.049888886953299606,8471729
2016020338,66,even-strength,32,-22,TRUE,FALSE,TRUE,TRUE,TRUE,FALSE,0.03166206141685251,8476988
2016020338,68,even-strength,77,1,FALSE,FALSE,TRUE,FALSE,FALSE,FALSE,0,8471284
2016020338,69,even-strength,60,-4,FALSE,FALSE,TRUE,FALSE,FALSE,FALSE,0,8471284
2016020338,70,even-strength,42,-29,FALSE,FALSE,TRUE,TRUE,TRUE,FALSE,0.013140673258146458,8471729
2016020338,71,even-strength,82,3,FALSE,TRUE,TRUE,FALSE,FALSE,FALSE,0,8471678
2016020338,73,even-strength,54,9,FALSE,FALSE,TRUE,TRUE,FALSE,FALSE,0.04149302015937159,8474586
2016020338,74,even-strength,40,-19,FALSE,FALSE,TRUE,TRUE,TRUE,FALSE,0.01702914731038046,8476457
2016020338,76,even-strength,61,-6,FALSE,TRUE,TRUE,FALSE,FALSE,FALSE,0,8473473
2016020338,77,even-strength,66,-3,FALSE,FALSE,TRUE,FALSE,FALSE,FALSE,0,8474586
2016020338,82,even-strength,68,-3,FALSE,FALSE,TRUE,TRUE,TRUE,FALSE,0.10996469387991108,8479465
2016020338,90,even-strength,37,31,FALSE,FALSE,TRUE,FALSE,FALSE,FALSE,0,8477498
2016020338,91,even-strength,66,-2,FALSE,FALSE,TRUE,FALSE,FALSE,FALSE,0,8479465
2016020338,92,even-strength,72,1,FALSE,FALSE,TRUE,FALSE,FALSE,FALSE,0,8468611
2016020338,93,even-strength,41,16,FALSE,FALSE,TRUE,FALSE,FALSE,FALSE,0,8471284
2016020338,95,even-strength,43,-22,FALSE,FALSE,TRUE,TRUE,FALSE,FALSE,0.012285093189861028,8476988
2016020338,97,power-play,81,1,FALSE,FALSE,TRUE,TRUE,TRUE,FALSE,0.13983754018552616,8471678
2016020338,98,power-play,70,20,FALSE,FALSE,TRUE,FALSE,FALSE,FALSE,0,8473914
2016020338,99,power-play,72,-6,FALSE,FALSE,TRUE,FALSE,FALSE,FALSE,0,8471284
2016020338,100,power-play,67,-12,FALSE,FALSE,TRUE,FALSE,FALSE,FALSE,0,8476454
2016020338,301,power-play,71,16,FALSE,FALSE,TRUE,TRUE,TRUE,FALSE,0.0749204565123226,8473914
2016020338,302,power-play,41,3,FALSE,FALSE,TRUE,FALSE,FALSE,FALSE,0,8471284
2016020338,303,power-play,47,-5,FALSE,FALSE,TRUE,TRUE,TRUE,FALSE,0.04724504760798807,8476472
2016020338,304,even-strength,64,10,FALSE,FALSE,TRUE,FALSE,FALSE,FALSE,0,8478402
2016020338,306,even-strength,42,-16,FALSE,FALSE,TRUE,TRUE,FALSE,FALSE,0.015169921126189131,8476457
2016020338,307,even-strength,88,-3,FALSE,FALSE,TRUE,TRUE,TRUE,FALSE,0.021665228681950303,8475178
2016020338,309,even-strength,44,9,FALSE,FALSE,TRUE,TRUE,TRUE,FALSE,0.04220349882235638,8477498
2016020338,310,even-strength,79,-19,FALSE,FALSE,TRUE,FALSE,FALSE,FALSE,0,8477934
2016020338,311,even-strength,59,19,TRUE,FALSE,TRUE,TRUE,TRUE,FALSE,0.08094713243592377,8477934
2016020338,313,even-strength,74,20,FALSE,FALSE,TRUE,FALSE,FALSE,FALSE,0,8474586
2016020338,325,even-strength,79,0,FALSE,FALSE,TRUE,TRUE,TRUE,TRUE,0.13027762681735805,8471284
2016020338,326,even-strength,73,-15,FALSE,FALSE,TRUE,TRUE,FALSE,FALSE,0.04178891163321399,8479344
2016020338,327,even-strength,78,-3,FALSE,FALSE,TRUE,TRUE,TRUE,FALSE,0.09070885001763093,8479344
2016020338,329,even-strength,61,-17,FALSE,FALSE,TRUE,FALSE,FALSE,FALSE,0,8476457
2016020338,330,even-strength,61,-7,FALSE,TRUE,TRUE,TRUE,TRUE,FALSE,0.16008872540562577,8476457
2016020338,336,even-strength,60,21,FALSE,FALSE,TRUE,TRUE,FALSE,FALSE,0.03289990261757445,8473473
2016020338,338,power-play,42,-24,FALSE,FALSE,TRUE,TRUE,FALSE,FALSE,0.02624506954790669,8476472
2016020338,339,power-play,69,-15,FALSE,FALSE,TRUE,FALSE,FALSE,FALSE,0,8476472
2016020338,340,power-play,68,-10,FALSE,FALSE,TRUE,FALSE,FALSE,FALSE,0,8477934
2016020338,341,even-strength,76,16,FALSE,FALSE,TRUE,FALSE,FALSE,FALSE,0,8474034
2016020338,345,even-strength,72,-7,FALSE,FALSE,TRUE,TRUE,FALSE,FALSE,0.08525428383035018,8473473
2016020338,453,even-strength,81,-10,FALSE,FALSE,TRUE,TRUE,TRUE,FALSE,0.05946352391711741,8474034
2016020338,454,even-strength,39,2,FALSE,FALSE,TRUE,TRUE,TRUE,FALSE,0.030363376585301263,8477498
2016020338,455,even-strength,63,-32,FALSE,FALSE,TRUE,TRUE,TRUE,FALSE,0.02026289522372963,8475178
2016020338,460,power-play,66,-4,FALSE,FALSE,TRUE,FALSE,FALSE,FALSE,0,8473914
2016020338,461,power-play,78,4,FALSE,FALSE,TRUE,TRUE,FALSE,FALSE,0.10504244001262798,8479465
2016020338,463,power-play,60,7,FALSE,FALSE,TRUE,FALSE,FALSE,FALSE,0,8477934
2016020338,464,power-play,68,-14,FALSE,FALSE,TRUE,TRUE,TRUE,FALSE,0.09512153036482346,8477934
2016020338,465,power-play,83,10,FALSE,FALSE,TRUE,TRUE,TRUE,FALSE,0.1326048224637976,8474586
2016020338,466,power-play,87,5,FALSE,TRUE,TRUE,TRUE,TRUE,FALSE,0.32063951688314635,8474586
2016020338,468,power-play,60,-6,FALSE,FALSE,TRUE,TRUE,FALSE,FALSE,0.0813731420582696,8474586
2016020338,470,even-strength,72,5,FALSE,FALSE,TRUE,FALSE,FALSE,FALSE,0,8474586
2016020338,471,even-strength,39,-1,FALSE,FALSE,TRUE,TRUE,TRUE,FALSE,0.0263230180494347,8477498
2016020338,481,power-play,73,8,FALSE,FALSE,TRUE,FALSE,FALSE,FALSE,0,8474586
2016020338,483,even-strength,62,2,FALSE,FALSE,TRUE,FALSE,FALSE,FALSE,0,8471729
2016020338,484,even-strength,74,-5,FALSE,FALSE,TRUE,TRUE,TRUE,TRUE,0.08525448876219326,8478402
2016020338,492,even-strength,79,11,FALSE,FALSE,TRUE,TRUE,FALSE,FALSE,0.05355390209263979,8473914
2016020338,496,even-strength,82,-6,FALSE,FALSE,TRUE,TRUE,TRUE,FALSE,0.042888856308821235,8474586
2016020338,497,even-strength,75,-11,FALSE,FALSE,TRUE,FALSE,FALSE,FALSE,0,8476988
2016020338,499,even-strength,84,1,FALSE,TRUE,TRUE,TRUE,TRUE,FALSE,0.39009179155816487,8476454
2016020338,658,even-strength,73,-17,FALSE,FALSE,TRUE,TRUE,TRUE,FALSE,0.03509041811598086,8477934
2016020338,662,even-strength,66,5,FALSE,FALSE,TRUE,FALSE,FALSE,FALSE,0,8471729
2016020338,663,even-strength,38,-27,FALSE,FALSE,TRUE,TRUE,TRUE,FALSE,0.012279524431620965,8476457
2016020338,664,even-strength,46,-16,FALSE,FALSE,TRUE,TRUE,TRUE,FALSE,0.025905072561378393,8476457
2016020338,665,even-strength,45,-16,FALSE,FALSE,TRUE,FALSE,FALSE,FALSE,0,8479465
2016020338,669,even-strength,67,-16,FALSE,FALSE,TRUE,FALSE,FALSE,FALSE,0,8476457
2016020338,672,even-strength,73,-4,FALSE,FALSE,TRUE,TRUE,TRUE,FALSE,0.10865180508876668,8471678
2016020338,688,even-strength,42,14,FALSE,FALSE,TRUE,FALSE,FALSE,FALSE,0,8476988
2016020338,689,even-strength,38,-27,FALSE,FALSE,TRUE,TRUE,TRUE,FALSE,0.03487453561483577,8474586
2016020367,13,even-strength,64,11,FALSE,FALSE,TRUE,FALSE,FALSE,FALSE,0,8474579
2016020367,14,even-strength,60,-5,FALSE,FALSE,TRUE,FALSE,FALSE,FALSE,0,8477126
2016020367,40,even-strength,58,8,FALSE,FALSE,TRUE,FALSE,FALSE,FALSE,0,8470358
2016020367,58,even-strength,56,16,FALSE,FALSE,TRUE,TRUE,TRUE,FALSE,0.027043428452497614,8470358
2016020367,59,even-strength,71,-10,FALSE,FALSE,TRUE,TRUE,TRUE,FALSE,0.05959330965755078,8477500
2016020367,61,even-strength,65,32,FALSE,FALSE,TRUE,TRUE,FALSE,FALSE,0.02498767465746566,8476466
2016020367,73,penalty-kill,78,2,FALSE,FALSE,TRUE,TRUE,TRUE,FALSE,0.1425256708985093,8477500
2016020367,78,even-strength,73,1,FALSE,FALSE,TRUE,TRUE,FALSE,FALSE,0.07845052333319912,8470358
2016020367,79,even-strength,83,-17,FALSE,FALSE,TRUE,TRUE,TRUE,FALSE,0.06000400805446295,8474579
2016020367,80,even-strength,42,-8,FALSE,FALSE,TRUE,TRUE,TRUE,TRUE,0.031173310210091797,8467875
2016020367,85,even-strength,73,-10,FALSE,FALSE,TRUE,TRUE,FALSE,FALSE,0.07694288854999151,8467875
2016020367,87,even-strength,73,-16,FALSE,FALSE,TRUE,TRUE,TRUE,FALSE,0.059361617760927805,8476466
2016020367,89,even-strength,38,27,FALSE,FALSE,TRUE,TRUE,TRUE,FALSE,0.010707293819656063,8477018
2016020367,94,even-strength,52,-31,TRUE,FALSE,TRUE,TRUE,TRUE,FALSE,0.026659183671082685,8476466
2016020367,95,even-strength,57,14,FALSE,FALSE,TRUE,TRUE,TRUE,FALSE,0.05238920073234528,8477500
2016020367,96,even-strength,74,0,FALSE,FALSE,TRUE,TRUE,FALSE,FALSE,0.1033202476360577,8476466
2016020367,100,even-strength,82,-10,FALSE,FALSE,TRUE,TRUE,FALSE,FALSE,0.040453306152308195,8477500
2016020367,327,even-strength,80,8,FALSE,TRUE,TRUE,FALSE,FALSE,FALSE,0,8470626
2016020367,355,even-strength,78,1,FALSE,FALSE,TRUE,TRUE,TRUE,TRUE,0.1412890210715475,8476466
2016020367,358,even-strength,64,-1,FALSE,FALSE,TRUE,TRUE,TRUE,FALSE,0.11592092901455928,8470626
2016020367,359,even-strength,81,7,FALSE,FALSE,TRUE,TRUE,TRUE,FALSE,0.07040276127174377,8479442
2016020367,365,even-strength,64,27,FALSE,FALSE,TRUE,TRUE,TRUE,FALSE,0.03762754554411075,8476440
2016020367,370,even-strength,45,20,FALSE,FALSE,TRUE,TRUE,TRUE,FALSE,0.017897765912642298,8477018
2016020367,372,even-strength,51,-24,FALSE,FALSE,TRUE,TRUE,FALSE,FALSE,0.021503293293143044,8474091
2016020367,374,power-play,79,7,FALSE,FALSE,TRUE,TRUE,TRUE,FALSE,0.08286762175542957,8467875
2016020367,375,power-play,52,27,FALSE,FALSE,TRUE,TRUE,TRUE,FALSE,0.03424325202939197,8477018
2016020367,376,even-strength,76,3,FALSE,FALSE,TRUE,TRUE,TRUE,FALSE,0.10701773080152897,8477126
2016020367,388,even-strength,40,28,FALSE,FALSE,TRUE,TRUE,TRUE,FALSE,0.012007652104873505,8474579
2016020367,400,even-strength,58,-14,TRUE,FALSE,TRUE,TRUE,TRUE,FALSE,0.05264639619662901,8467876
2016020367,501,power-play,65,-10,FALSE,FALSE,TRUE,FALSE,FALSE,FALSE,0,8479442
2016020367,514,even-strength,79,-4,TRUE,FALSE,TRUE,FALSE,FALSE,FALSE,0,8474707
2016020367,548,power-play,60,9,FALSE,FALSE,TRUE,FALSE,FALSE,FALSE,0,8479442
2016020367,604,even-strength,66,-11,FALSE,FALSE,TRUE,TRUE,FALSE,FALSE,0.07288900486739862,8467875
2016020367,622,even-strength,36,7,FALSE,FALSE,TRUE,TRUE,FALSE,FALSE,0.018462312038301096,8479442
2016020367,636,penalty-kill,63,8,FALSE,FALSE,TRUE,TRUE,FALSE,FALSE,0.03083139999741821,8477500
2016020367,638,even-strength,85,25,FALSE,FALSE,TRUE,TRUE,TRUE,FALSE,0.03343479528592062,8476440
2016020367,639,even-strength,58,-5,FALSE,FALSE,TRUE,TRUE,TRUE,FALSE,0.06826761368584522,8476466
2016020367,640,even-strength,63,21,FALSE,FALSE,TRUE,TRUE,TRUE,FALSE,0.031608906543235386,8467875
2016020367,649,even-strength,80,-7,FALSE,FALSE,TRUE,TRUE,TRUE,FALSE,0.06371449716859404,8477500
2016020367,857,even-strength,57,13,FALSE,FALSE,TRUE,TRUE,FALSE,FALSE,0.050902800309570305,8479442
2016020367,866,even-strength,66,4,FALSE,FALSE,TRUE,TRUE,FALSE,FALSE,0.0914361804973138,8477500
2016020367,867,even-strength,61,-8,FALSE,FALSE,TRUE,TRUE,TRUE,FALSE,0.06673215478125619,8479442
2016020391,16,even-strength,66,-19,FALSE,FALSE,TRUE,FALSE,FALSE,FALSE,0,8475798
2016020391,17,even-strength,53,5,FALSE,FALSE,TRUE,FALSE,FALSE,FALSE,0,8475798
2016020391,19,even-strength,72,-19,TRUE,FALSE,TRUE,TRUE,TRUE,FALSE,0.056478487208365895,8476344
2016020391,24,even-strength,72,-20,FALSE,FALSE,TRUE,TRUE,TRUE,FALSE,0.05662100959921732,8470610
2016020391,27,even-strength,59,-20,FALSE,FALSE,TRUE,TRUE,TRUE,FALSE,0.03142645500379492,8475613
2016020391,30,even-strength,37,-18,FALSE,FALSE,TRUE,TRUE,FALSE,FALSE,0.019231726067811046,8476856
2016020391,31,even-strength,74,-10,TRUE,FALSE,TRUE,FALSE,FALSE,FALSE,0,8475798
2016020391,32,even-strength,58,6,TRUE,FALSE,TRUE,TRUE,TRUE,FALSE,0.1337669175497828,8475287
2016020391,35,even-strength,70,5,FALSE,FALSE,TRUE,TRUE,TRUE,TRUE,0.12791668055419592,8475722
2016020391,38,power-play,38,33,FALSE,FALSE,TRUE,TRUE,FALSE,FALSE,0.036412517933677495,8474716
2016020391,39,power-play,37,-20,FALSE,FALSE,TRUE,TRUE,FALSE,FALSE,0.05057717295939593,8470595
2016020391,41,power-play,58,10,FALSE,FALSE,TRUE,FALSE,FALSE,FALSE,0,8476463
2016020391,42,even-strength,54,1,FALSE,FALSE,TRUE,FALSE,FALSE,FALSE,0,8476463
2016020391,43,even-strength,55,-20,FALSE,FALSE,TRUE,TRUE,TRUE,FALSE,0.02483711432051325,8475799
2016020391,44,even-strength,79,10,FALSE,FALSE,TRUE,FALSE,FALSE,FALSE,0,8475722
2016020391,46,even-strength,76,-11,FALSE,FALSE,TRUE,TRUE,FALSE,FALSE,0.07119833999718501,8470595
2016020391,47,even-strength,53,4,FALSE,FALSE,TRUE,TRUE,TRUE,FALSE,0.06478226879901243,8475798
2016020391,48,even-strength,81,-1,FALSE,FALSE,TRUE,TRUE,TRUE,TRUE,0.12680571857860698,8473485
2016020391,210,even-strength,37,-23,FALSE,FALSE,TRUE,TRUE,FALSE,FALSE,0.013618524325850551,8476856
2016020391,226,even-strength,53,-10,FALSE,FALSE,TRUE,FALSE,FALSE,FALSE,0,8476856
2016020391,227,even-strength,83,-1,TRUE,FALSE,TRUE,TRUE,TRUE,TRUE,0.27946544184115907,8470595
2016020391,234,even-strength,79,-7,FALSE,FALSE,TRUE,FALSE,FALSE,FALSE,0,8476344
2016020391,236,even-strength,71,-12,FALSE,FALSE,TRUE,TRUE,FALSE,FALSE,0.052654301875348766,8470600
2016020391,238,even-strength,67,-39,FALSE,FALSE,TRUE,TRUE,TRUE,FALSE,0.02244610443913211,8469506
2016020391,247,even-strength,74,16,FALSE,FALSE,TRUE,TRUE,TRUE,FALSE,0.03034089275676298,8473485
2016020391,452,even-strength,58,11,FALSE,FALSE,TRUE,TRUE,TRUE,FALSE,0.052338973672469674,8470595
2016020391,453,even-strength,39,-30,FALSE,FALSE,TRUE,FALSE,FALSE,FALSE,0,8476856
2016020391,454,even-strength,80,11,FALSE,FALSE,TRUE,TRUE,TRUE,FALSE,0.09053775617052351,8475798
2016020391,456,even-strength,35,23,FALSE,FALSE,TRUE,TRUE,TRUE,FALSE,0.01381667093440999,8476463
2016020391,466,even-strength,60,35,FALSE,FALSE,TRUE,TRUE,FALSE,FALSE,0.017944214292238345,8469459
2016020391,467,even-strength,63,-1,FALSE,FALSE,TRUE,TRUE,TRUE,FALSE,0.07925949367387779,8469459
2016020391,472,even-strength,77,-8,FALSE,FALSE,TRUE,TRUE,TRUE,FALSE,0.07135183188187982,8473485
2016020391,485,even-strength,54,-24,FALSE,FALSE,TRUE,FALSE,FALSE,FALSE,0,8475798
2016020391,487,even-strength,32,8,FALSE,FALSE,TRUE,TRUE,TRUE,FALSE,0.013789813730596014,8476856
2016020391,490,even-strength,41,7,FALSE,FALSE,TRUE,FALSE,FALSE,FALSE,0,8476344
2016020391,491,even-strength,51,2,FALSE,FALSE,TRUE,FALSE,FALSE,FALSE,0,8476463
2016020391,499,even-strength,30,23,FALSE,FALSE,TRUE,TRUE,FALSE,FALSE,0.011095975617429048,8474618
2016020391,612,even-strength,42,-29,FALSE,FALSE,TRUE,TRUE,TRUE,FALSE,0.01432920756627528,8475745
2016020391,618,even-strength,67,14,FALSE,FALSE,TRUE,TRUE,TRUE,FALSE,0.07107415185505489,8475798
2016020391,809,even-strength,72,-16,TRUE,FALSE,TRUE,TRUE,TRUE,FALSE,0.07424906536665675,8475745
2016020391,810,even-strength,46,32,FALSE,FALSE,TRUE,TRUE,FALSE,FALSE,0.015241166633581132,8474618
2016020413,31,power-play,71,4,FALSE,FALSE,TRUE,FALSE,FALSE,FALSE,0,8465009
2016020413,41,even-strength,55,-10,FALSE,FALSE,TRUE,FALSE,FALSE,FALSE,0,8474062
2016020413,57,even-strength,46,29,FALSE,FALSE,TRUE,TRUE,TRUE,FALSE,0.016981508115003034,8477956
2016020413,59,even-strength,41,25,FALSE,FALSE,TRUE,TRUE,FALSE,FALSE,0.012402898668437527,8478443
2016020413,61,even-strength,4,5,FALSE,FALSE,TRUE,TRUE,TRUE,FALSE,0.0029082507877048404,8468575
2016020413,73,even-strength,67,4,FALSE,FALSE,TRUE,TRUE,FALSE,FALSE,0.07473805080572915,8478046
2016020413,76,power-play,37,-10,FALSE,FALSE,TRUE,TRUE,TRUE,FALSE,0.050955887846509264,8471276
2016020413,77,power-play,46,32,FALSE,FALSE,TRUE,TRUE,TRUE,FALSE,0.03303233261395927,8477956
2016020413,78,power-play,51,28,FALSE,FALSE,TRUE,TRUE,TRUE,FALSE,0.048999138553227156,8477956
2016020413,79,power-play,76,-21,FALSE,FALSE,TRUE,TRUE,TRUE,FALSE,0.0717831273666219,8473419
2016020413,81,even-strength,73,-26,FALSE,FALSE,TRUE,TRUE,TRUE,FALSE,0.024329567852157636,8465009
2016020413,83,even-strength,36,28,FALSE,FALSE,TRUE,TRUE,FALSE,FALSE,0.009426636196629153,8471717
2016020413,86,even-strength,46,10,FALSE,FALSE,TRUE,TRUE,TRUE,FALSE,0.037697190654968876,8478569
2016020413,90,even-strength,35,34,FALSE,FALSE,TRUE,TRUE,FALSE,FALSE,0.016532227481534458,8476792
2016020413,92,even-strength,82,-27,FALSE,FALSE,TRUE,TRUE,FALSE,FALSE,0.02780743622492933,8478512
2016020413,94,even-strength,53,-31,FALSE,FALSE,TRUE,TRUE,TRUE,FALSE,0.02095541052481738,8477956
2016020413,100,even-strength,66,8,FALSE,FALSE,TRUE,TRUE,FALSE,FALSE,0.0521750726820619,8478046
2016020413,203,even-strength,66,-5,FALSE,FALSE,TRUE,FALSE,FALSE,FALSE,0,8470655
2016020413,205,even-strength,63,-5,FALSE,FALSE,TRUE,FALSE,FALSE,FALSE,0,8474062
2016020413,208,even-strength,61,12,FALSE,FALSE,TRUE,FALSE,FALSE,FALSE,0,8476792
2016020413,221,even-strength,69,-12,FALSE,FALSE,TRUE,FALSE,FALSE,FALSE,0,8478512
2016020413,227,even-strength,59,-15,FALSE,FALSE,TRUE,FALSE,FALSE,FALSE,0,8471717
2016020413,228,even-strength,73,12,FALSE,FALSE,TRUE,FALSE,FALSE,FALSE,0,8476792
2016020413,233,even-strength,49,-10,FALSE,FALSE,TRUE,FALSE,FALSE,FALSE,0,8478443
2016020413,234,even-strength,71,-7,FALSE,TRUE,TRUE,FALSE,FALSE,FALSE,0,8478443
2016020413,244,even-strength,58,-10,FALSE,FALSE,TRUE,FALSE,FALSE,FALSE,0,8471717
2016020413,245,even-strength,63,-15,FALSE,FALSE,TRUE,FALSE,FALSE,FALSE,0,8471717
2016020413,247,even-strength,70,-5,FALSE,FALSE,TRUE,FALSE,FALSE,FALSE,0,8477956
2016020413,252,even-strength,35,-18,FALSE,FALSE,TRUE,TRUE,TRUE,FALSE,0.010102170481783657,8471717
2016020413,254,even-strength,42,30,FALSE,FALSE,TRUE,TRUE,TRUE,FALSE,0.006983296568218065,8470638
2016020413,270,even-strength,63,-34,FALSE,FALSE,TRUE,TRUE,TRUE,FALSE,0.021649804590334946,8476792
2016020413,275,even-strength,74,-1,FALSE,FALSE,TRUE,TRUE,TRUE,FALSE,0.09828137454009361,8477956
2016020413,278,even-strength,61,-8,FALSE,FALSE,TRUE,TRUE,TRUE,FALSE,0.057318101480376214,8474062
2016020413,284,even-strength,57,16,FALSE,FALSE,TRUE,TRUE,TRUE,FALSE,0.03639886717153468,8473419
2016020413,287,even-strength,40,11,FALSE,FALSE,TRUE,TRUE,TRUE,FALSE,0.03170991349440083,8478569
2016020413,295,even-strength,56,3,FALSE,FALSE,TRUE,TRUE,TRUE,FALSE,0.056854298453874366,8470655
2016020413,455,even-strength,66,-14,FALSE,FALSE,TRUE,TRUE,FALSE,FALSE,0.04216225906779144,8478512
2016020413,456,even-strength,71,-24,FALSE,FALSE,TRUE,TRUE,TRUE,FALSE,0.024922434861466076,8478512
2016020413,462,even-strength,42,19,FALSE,FALSE,TRUE,TRUE,TRUE,FALSE,0.01788504030460472,8476792
2016020413,466,even-strength,65,13,FALSE,FALSE,TRUE,TRUE,FALSE,FALSE,0.037351082343540336,8477956
2016020413,470,even-strength,75,5,FALSE,FALSE,TRUE,TRUE,TRUE,FALSE,0.14878811794644614,8473419
2016020413,471,even-strength,79,-3,FALSE,TRUE,TRUE,TRUE,TRUE,TRUE,0.3136017354235299,8473419
2016020413,480,even-strength,69,0,FALSE,FALSE,TRUE,TRUE,FALSE,FALSE,0.10250780581147251,8470638
2016020413,481,even-strength,76,-1,FALSE,FALSE,TRUE,FALSE,FALSE,FALSE,0,8476191
2016020413,483,even-strength,70,-13,FALSE,FALSE,TRUE,TRUE,TRUE,FALSE,0.05904670087710094,8474062
2016020413,491,even-strength,38,14,TRUE,FALSE,TRUE,TRUE,TRUE,FALSE,0.0282418739518068,8465009
2016020413,496,penalty-kill,-36,27,FALSE,FALSE,TRUE,TRUE,TRUE,FALSE,0.002123799273274094,8476191
2016020413,497,penalty-kill,70,1,FALSE,FALSE,TRUE,TRUE,TRUE,FALSE,0.13426069153703257,8478512
2016020413,507,even-strength,68,-11,TRUE,FALSE,TRUE,FALSE,FALSE,FALSE,0,8478443
2016020413,508,even-strength,59,-9,TRUE,TRUE,TRUE,FALSE,FALSE,FALSE,0,8475727
2016020413,510,even-strength,61,-5,FALSE,FALSE,TRUE,FALSE,FALSE,FALSE,0,8476792
2016020413,534,even-strength,66,3,TRUE,TRUE,TRUE,FALSE,FALSE,FALSE,0,8470655
2016020413,539,even-strength,69,-17,FALSE,FALSE,TRUE,FALSE,FALSE,FALSE,0,8478443
2016020413,540,even-strength,67,7,FALSE,FALSE,TRUE,FALSE,FALSE,FALSE,0,8465009
2016020413,541,even-strength,73,-29,FALSE,FALSE,TRUE,FALSE,FALSE,FALSE,0,8477956
2016020413,543,even-strength,66,3,FALSE,FALSE,TRUE,FALSE,FALSE,FALSE,0,8476792
2016020413,651,even-strength,-11,16,FALSE,FALSE,TRUE,TRUE,TRUE,FALSE,0.0017066325917477244,8478046
2016020413,654,even-strength,76,-3,FALSE,FALSE,TRUE,TRUE,FALSE,FALSE,0.08043025060058882,8474062
2016020413,655,even-strength,41,9,FALSE,TRUE,TRUE,TRUE,TRUE,FALSE,0.07137088263729674,8465009
2016020413,657,even-strength,60,-11,FALSE,FALSE,TRUE,TRUE,FALSE,FALSE,0.07013234227169464,8471276
2016020413,659,even-strength,42,17,FALSE,FALSE,TRUE,TRUE,TRUE,FALSE,0.024075760684279076,8470638
2016020413,662,even-strength,48,-19,FALSE,FALSE,TRUE,TRUE,TRUE,FALSE,0.022448856782479844,8470638
2016020413,664,even-strength,-7,-22,FALSE,FALSE,TRUE,TRUE,FALSE,FALSE,0.0018481433215635065,8470655
2016020413,666,even-strength,42,-18,FALSE,FALSE,TRUE,TRUE,FALSE,FALSE,0.024775005049439122,8476792
2016020413,667,even-strength,38,22,FALSE,FALSE,TRUE,TRUE,FALSE,FALSE,0.010290665643862076,8476476
2016020413,668,even-strength,77,-2,FALSE,FALSE,TRUE,TRUE,TRUE,FALSE,0.1096081390157882,8473419
2016020413,669,even-strength,76,-2,FALSE,FALSE,TRUE,TRUE,TRUE,FALSE,0.0970442242623854,8470655
2016020413,670,even-strength,75,-23,FALSE,FALSE,TRUE,TRUE,FALSE,FALSE,0.040040258047203035,8473419
2016020413,674,even-strength,34,1,FALSE,FALSE,TRUE,TRUE,TRUE,FALSE,0.01640334505807431,8476191
2016020413,677,even-strength,-44,10,FALSE,FALSE,TRUE,TRUE,TRUE,FALSE,0.00047644772483087573,8471717
2016020435,10,even-strength,61,19,FALSE,FALSE,TRUE,TRUE,TRUE,FALSE,0.03891090902300822,8476442
2016020435,12,power-play,58,-3,FALSE,FALSE,TRUE,FALSE,FALSE,FALSE,0,8470613
2016020435,14,power-play,67,7,FALSE,FALSE,TRUE,TRUE,TRUE,FALSE,0.10113107787739058,8474053
2016020435,16,power-play,49,-26,FALSE,FALSE,TRUE,TRUE,TRUE,FALSE,0.03289328164031983,8473673
2016020435,17,power-play,39,27,TRUE,FALSE,TRUE,TRUE,TRUE,FALSE,0.0494365273071535,8473673
2016020435,18,power-play,40,31,FALSE,FALSE,TRUE,TRUE,TRUE,FALSE,0.03459238597579445,8476331
2016020435,19,even-strength,66,1,TRUE,FALSE,TRUE,FALSE,FALSE,FALSE,0,8474027
2016020435,22,even-strength,67,-21,FALSE,FALSE,TRUE,TRUE,TRUE,FALSE,0.04477477866908995,8477922
2016020435,31,even-strength,44,17,FALSE,FALSE,TRUE,TRUE,TRUE,FALSE,0.014517080258900873,8466139
2016020435,33,even-strength,82,25,FALSE,FALSE,TRUE,TRUE,TRUE,FALSE,0.03550716573793297,8476442
2016020435,47,power-play,81,-7,FALSE,FALSE,TRUE,TRUE,TRUE,FALSE,0.10101356821566292,8474053
2016020435,50,power-play,40,27,FALSE,FALSE,TRUE,TRUE,FALSE,FALSE,0.03801804922209963,8466139
2016020435,201,power-play,34,-9,FALSE,FALSE,TRUE,TRUE,TRUE,FALSE,0.04609264288588576,8470613
2016020435,202,power-play,54,1,FALSE,FALSE,TRUE,FALSE,FALSE,FALSE,0,8474053
2016020435,203,power-play,57,11,FALSE,FALSE,TRUE,FALSE,FALSE,FALSE,0,8466139
2016020435,204,even-strength,67,10,FALSE,FALSE,TRUE,FALSE,FALSE,FALSE,0,8470794
2016020435,207,even-strength,49,26,FALSE,FALSE,TRUE,FALSE,FALSE,FALSE,0,8475455
2016020435,210,penalty-kill,60,-12,FALSE,FALSE,TRUE,FALSE,FALSE,FALSE,0,8470613
2016020435,211,penalty-kill,78,-3,FALSE,FALSE,TRUE,TRUE,TRUE,FALSE,0.07820925854503669,8474571
2016020435,223,even-strength,69,-19,FALSE,FALSE,TRUE,TRUE,TRUE,FALSE,0.04923722784692812,8470794
2016020435,224,even-strength,39,-21,FALSE,FALSE,TRUE,TRUE,TRUE,FALSE,0.01852596996622152,8474027
2016020435,229,even-strength,61,-25,FALSE,FALSE,TRUE,TRUE,TRUE,FALSE,0.04216996880469102,8476331
2016020435,238,even-strength,86,-4,FALSE,FALSE,TRUE,TRUE,TRUE,FALSE,0.0856936613397005,8474571
2016020435,239,even-strength,31,12,FALSE,FALSE,TRUE,TRUE,FALSE,FALSE,0.01597665105070067,8475455
2016020435,240,even-strength,61,-2,TRUE,FALSE,TRUE,FALSE,FALSE,FALSE,0,8476331
2016020435,241,even-strength,79,-1,FALSE,FALSE,TRUE,FALSE,FALSE,FALSE,0,8470794
2016020435,246,even-strength,31,-33,FALSE,FALSE,TRUE,TRUE,TRUE,FALSE,0.00869570986092219,8470613
2016020435,248,power-play,66,-20,FALSE,FALSE,TRUE,TRUE,TRUE,FALSE,0.0634754294874362,8466138
2016020435,250,power-play,64,21,FALSE,FALSE,TRUE,TRUE,TRUE,FALSE,0.07858243151210251,8470613
2016020435,401,power-play,73,1,FALSE,FALSE,TRUE,FALSE,FALSE,FALSE,0,8470613
2016020435,402,power-play,59,8,TRUE,FALSE,TRUE,TRUE,FALSE,FALSE,0.13185431737656741,8470794
2016020435,403,even-strength,69,11,FALSE,FALSE,TRUE,TRUE,TRUE,FALSE,0.09281703518753572,8473673
2016020435,404,even-strength,77,27,FALSE,FALSE,TRUE,TRUE,TRUE,FALSE,0.027606347773468196,8473673
2016020435,412,penalty-kill,-38,-26,FALSE,FALSE,TRUE,TRUE,TRUE,FALSE,0.0017542024234814557,8468542
2016020435,414,even-strength,73,-7,FALSE,FALSE,TRUE,FALSE,FALSE,FALSE,0,8468542
2016020435,416,even-strength,35,2,FALSE,FALSE,TRUE,TRUE,FALSE,FALSE,0.01912405127365844,8473673
2016020435,420,power-play,40,-33,FALSE,FALSE,TRUE,TRUE,TRUE,FALSE,0.03879269546709207,8470794
2016020435,423,power-play,82,-4,FALSE,FALSE,TRUE,TRUE,TRUE,FALSE,0.10414937987673163,8474571
2016020435,424,power-play,67,11,FALSE,FALSE,TRUE,TRUE,TRUE,FALSE,0.06663050020118169,8473673
2016020435,427,even-strength,77,-10,FALSE,FALSE,TRUE,FALSE,FALSE,FALSE,0,8474053
2016020435,428,even-strength,71,4,FALSE,FALSE,TRUE,FALSE,FALSE,FALSE,0,8475455
2016020435,430,even-strength,80,-3,FALSE,FALSE,TRUE,TRUE,TRUE,FALSE,0.14806409428651615,8474571
2016020435,431,even-strength,68,-7,FALSE,FALSE,TRUE,TRUE,FALSE,FALSE,0.04534731561820087,8478099
2016020435,434,even-strength,-54,-30,FALSE,FALSE,TRUE,TRUE,FALSE,FALSE,2.199954929585028e-4,8470613
2016020435,442,even-strength,43,-37,FALSE,FALSE,TRUE,TRUE,FALSE,FALSE,0.013625979609181483,8470613
2016020435,443,even-strength,81,1,FALSE,FALSE,TRUE,TRUE,TRUE,FALSE,0.1794627677028662,8466139
2016020435,606,even-strength,35,32,TRUE,FALSE,TRUE,TRUE,TRUE,FALSE,0.013520353708597712,8475455
2016020435,607,even-strength,37,-23,FALSE,FALSE,TRUE,TRUE,FALSE,FALSE,0.014348055747088426,8470613
2016020435,610,power-play,73,-11,TRUE,FALSE,TRUE,FALSE,FALSE,FALSE,0,8470794
2016020435,612,power-play,37,23,FALSE,FALSE,TRUE,TRUE,TRUE,FALSE,0.04180203465063069,8470613
2016020435,615,power-play,32,-20,FALSE,FALSE,TRUE,TRUE,FALSE,FALSE,0.03648404195347165,8470613
2016020435,616,power-play,83,7,FALSE,FALSE,TRUE,TRUE,TRUE,FALSE,0.14025284235166613,8470794
2016020435,619,power-play,52,8,TRUE,FALSE,TRUE,FALSE,FALSE,FALSE,0,8473673
2016020435,620,power-play,30,-8,FALSE,FALSE,TRUE,TRUE,TRUE,FALSE,0.03509407198858691,8473673
2016020435,621,even-strength,64,-2,FALSE,FALSE,TRUE,FALSE,FALSE,FALSE,0,8473673
2016020435,622,even-strength,87,-25,FALSE,TRUE,TRUE,TRUE,FALSE,FALSE,0.09166515674513809,8476919
2016020435,626,even-strength,83,-3,FALSE,FALSE,TRUE,TRUE,TRUE,FALSE,0.11536914092812077,8466139
2016020435,630,even-strength,57,-5,FALSE,FALSE,TRUE,TRUE,FALSE,FALSE,0.055630511394467334,8470613
2016020435,631,even-strength,75,-12,FALSE,FALSE,TRUE,FALSE,FALSE,FALSE,0,8478099
2016020435,633,even-strength,61,7,FALSE,FALSE,TRUE,TRUE,TRUE,FALSE,0.06136968815533767,8475820
2016020435,634,even-strength,43,18,FALSE,FALSE,TRUE,FALSE,FALSE,FALSE,0,8475455
2016020435,635,even-strength,61,-20,FALSE,FALSE,TRUE,FALSE,FALSE,FALSE,0,8475820
2016020435,637,even-strength,31,-23,FALSE,FALSE,TRUE,TRUE,FALSE,FALSE,0.010351303134351989,8470613
2016020435,640,even-strength,44,-23,TRUE,FALSE,TRUE,TRUE,FALSE,FALSE,0.0377889546918401,8474027
2016020435,644,even-strength,38,29,FALSE,FALSE,TRUE,TRUE,TRUE,FALSE,0.010700623743882745,8468542
2016020435,649,even-strength,66,2,FALSE,FALSE,TRUE,TRUE,TRUE,TRUE,0.06507890148956665,8474027
2016020435,801,even-strength,34,-2,FALSE,FALSE,TRUE,TRUE,TRUE,FALSE,0.014008766043960013,8473673
2016020435,805,even-strength,68,0,FALSE,FALSE,TRUE,FALSE,FALSE,FALSE,0,8470613
2016020435,807,even-strength,41,-26,FALSE,FALSE,TRUE,TRUE,TRUE,FALSE,0.017291872363865066,8476331
2016020435,809,power-play,78,0,FALSE,FALSE,TRUE,TRUE,TRUE,TRUE,0.12971228035690546,8470794
2016020435,811,even-strength,34,-24,FALSE,FALSE,TRUE,TRUE,FALSE,FALSE,0.013138996536404641,8474027
2016020435,812,even-strength,77,2,FALSE,FALSE,TRUE,TRUE,TRUE,FALSE,0.10526595379643826,8476919
2016020435,814,even-strength,85,14,FALSE,FALSE,TRUE,TRUE,TRUE,FALSE,0.047130023981968514,8478099
2016020435,817,even-strength,64,-2,FALSE,FALSE,TRUE,FALSE,FALSE,FALSE,0,8474053
2016020435,830,even-strength,86,-6,FALSE,FALSE,TRUE,TRUE,TRUE,FALSE,0.04001864802503498,8470613
2016020435,833,even-strength,69,12,FALSE,FALSE,TRUE,TRUE,FALSE,FALSE,0.06941381233462261,8466138
2016020435,834,even-strength,73,3,FALSE,FALSE,TRUE,TRUE,TRUE,FALSE,0.07014315307450414,8470794
2016020435,836,even-strength,81,0,FALSE,FALSE,TRUE,TRUE,TRUE,FALSE,0.18219146825506963,8478099
2016020447,7,even-strength,19,31,FALSE,FALSE,TRUE,TRUE,TRUE,FALSE,0.0043250185093352215,8475171
2016020447,16,even-strength,36,-19,FALSE,FALSE,TRUE,TRUE,FALSE,FALSE,0.024958953296178716,8479345
2016020447,17,even-strength,43,29,FALSE,FALSE,TRUE,FALSE,FALSE,FALSE,0,8479345
2016020447,19,even-strength,33,-29,FALSE,FALSE,TRUE,FALSE,FALSE,FALSE,0,8477950
2016020447,20,even-strength,42,23,FALSE,FALSE,TRUE,TRUE,TRUE,FALSE,0.01811820195074839,8475180
2016020447,21,even-strength,43,-14,FALSE,FALSE,TRUE,TRUE,TRUE,FALSE,0.024278286863792624,8477950
2016020447,22,even-strength,56,-20,FALSE,FALSE,TRUE,FALSE,FALSE,FALSE,0,8475180
2016020447,26,even-strength,75,5,TRUE,FALSE,TRUE,FALSE,FALSE,FALSE,0,8475171
2016020447,27,even-strength,34,-24,FALSE,FALSE,TRUE,TRUE,FALSE,FALSE,0.011664395371352809,8474568
2016020447,30,even-strength,32,-31,FALSE,FALSE,TRUE,TRUE,TRUE,FALSE,0.008890567919427,8474568
2016020447,31,even-strength,70,2,FALSE,FALSE,TRUE,TRUE,FALSE,FALSE,0.1339204872657974,8475180
2016020447,44,even-strength,46,32,FALSE,FALSE,TRUE,TRUE,TRUE,FALSE,0.01750910111820823,8473465
2016020447,45,even-strength,40,37,FALSE,FALSE,TRUE,TRUE,FALSE,FALSE,0.01123003836689088,8471691
2016020447,46,even-strength,63,21,FALSE,FALSE,TRUE,FALSE,FALSE,FALSE,0,8477950
2016020447,53,even-strength,50,-41,FALSE,FALSE,TRUE,FALSE,FALSE,FALSE,0,8477407
2016020447,62,even-strength,12,-37,FALSE,FALSE,TRUE,FALSE,FALSE,FALSE,0,8474628
2016020447,205,even-strength,81,-3,FALSE,FALSE,TRUE,TRUE,FALSE,FALSE,0.12614050044044448,8477950
2016020447,206,even-strength,67,-4,FALSE,TRUE,TRUE,TRUE,FALSE,FALSE,0.14756885763694913,8477950
2016020447,207,even-strength,44,-18,FALSE,FALSE,TRUE,TRUE,TRUE,FALSE,0.016401509832841592,8462038
2016020447,211,penalty-kill,64,-23,TRUE,FALSE,TRUE,FALSE,FALSE,FALSE,0,8468085
2016020447,212,penalty-kill,76,1,TRUE,FALSE,TRUE,TRUE,TRUE,FALSE,0.437954380725211,8476356
2016020447,215,penalty-kill,76,-9,FALSE,FALSE,TRUE,TRUE,FALSE,FALSE,0.08015430104415895,8476356
2016020447,217,even-strength,63,9,FALSE,FALSE,TRUE,FALSE,FALSE,FALSE,0,8475180
2016020447,238,even-strength,48,5,FALSE,FALSE,TRUE,TRUE,FALSE,FALSE,0.03874088206531907,8477943
2016020447,239,even-strength,73,5,FALSE,TRUE,TRUE,TRUE,TRUE,FALSE,0.22458614222124937,8468085
2016020447,240,even-strength,80,7,FALSE,TRUE,TRUE,TRUE,TRUE,TRUE,0.24882052116770018,8476921
2016020447,244,power-play,44,-14,FALSE,FALSE,TRUE,TRUE,TRUE,TRUE,0.1043556033806698,8475171
2016020447,286,power-play,80,-37,FALSE,FALSE,TRUE,FALSE,FALSE,FALSE,0,8475171
2016020447,451,even-strength,46,24,FALSE,FALSE,TRUE,TRUE,FALSE,FALSE,0.023073079484619962,8479345
2016020447,452,even-strength,33,18,FALSE,FALSE,TRUE,TRUE,FALSE,FALSE,0.012500284364775151,8462038
2016020447,453,even-strength,34,21,FALSE,FALSE,TRUE,TRUE,TRUE,FALSE,0.014576493599636859,8475171
2016020447,454,even-strength,37,-29,FALSE,FALSE,TRUE,TRUE,TRUE,FALSE,0.010418796337921784,8462038
2016020447,455,even-strength,72,-21,FALSE,FALSE,TRUE,TRUE,TRUE,FALSE,0.03836557889681002,8477407
2016020447,460,even-strength,68,-8,FALSE,FALSE,TRUE,TRUE,FALSE,FALSE,0.04812362206741741,8473466
2016020447,461,even-strength,52,3,FALSE,FALSE,TRUE,TRUE,FALSE,FALSE,0.05587169095521573,8473465
2016020447,462,even-strength,54,7,FALSE,TRUE,TRUE,TRUE,TRUE,FALSE,0.21785634507066073,8479345
2016020447,464,even-strength,47,2,FALSE,FALSE,TRUE,TRUE,TRUE,FALSE,0.03402679773613396,8468085
2016020447,492,even-strength,23,-28,FALSE,FALSE,TRUE,TRUE,TRUE,FALSE,0.007045755707285868,8468085
2016020447,494,even-strength,40,-25,TRUE,FALSE,TRUE,TRUE,TRUE,FALSE,0.03164954718691109,8476356
2016020447,495,even-strength,60,5,FALSE,FALSE,TRUE,TRUE,FALSE,FALSE,0.0663714111844206,8476356
2016020447,651,power-play,39,30,FALSE,FALSE,TRUE,TRUE,TRUE,FALSE,0.046393429964275194,8468085
2016020447,652,power-play,76,-6,FALSE,FALSE,TRUE,TRUE,FALSE,FALSE,0.11871050090934371,8471691
2016020447,654,power-play,69,-8,FALSE,FALSE,TRUE,TRUE,TRUE,FALSE,0.1265747029257805,8477943
2016020447,655,power-play,77,-1,FALSE,FALSE,TRUE,TRUE,TRUE,FALSE,0.082675694392089355,8477407
2016020447,656,power-play,73,1,FALSE,FALSE,TRUE,TRUE,TRUE,FALSE,0.12939512251064714,8475180
2016020447,658,even-strength,51,-31,FALSE,FALSE,TRUE,TRUE,TRUE,FALSE,0.027707661470716512,8478474
2016020447,663,even-strength,36,35,FALSE,FALSE,TRUE,TRUE,TRUE,FALSE,0.009300574909765475,8474568
2016020447,666,even-strength,77,1,FALSE,FALSE,TRUE,TRUE,TRUE,FALSE,0.14303337463354182,8462038
2016020447,667,even-strength,77,-4,FALSE,FALSE,TRUE,TRUE,TRUE,FALSE,0.11170660032608667,8462038
2016020447,680,even-strength,43,-21,FALSE,FALSE,TRUE,FALSE,FALSE,FALSE,0,8471274
2016020447,681,even-strength,69,3,FALSE,FALSE,TRUE,TRUE,TRUE,FALSE,0.10119146896464923,8462038
2016020447,684,even-strength,40,-30,TRUE,FALSE,TRUE,TRUE,FALSE,FALSE,0.02116456694960772,8474568
2016020447,698,even-strength,78,-15,FALSE,FALSE,TRUE,TRUE,TRUE,FALSE,0.045788258626792866,8476356
2016020447,858,even-strength,72,19,FALSE,FALSE,TRUE,TRUE,FALSE,FALSE,0.0770751703798942,8471691
2016020447,860,even-strength,61,11,FALSE,FALSE,TRUE,TRUE,TRUE,FALSE,0.057082857491017845,8475180
2016020447,861,even-strength,61,2,FALSE,FALSE,TRUE,FALSE,FALSE,FALSE,0,8477407
2016020447,868,even-strength,70,2,FALSE,FALSE,TRUE,TRUE,TRUE,FALSE,0.1560836331942638,8476921
2016020447,869,even-strength,59,18,FALSE,FALSE,TRUE,FALSE,FALSE,FALSE,0,8471274
2016020447,871,even-strength,62,18,FALSE,FALSE,TRUE,TRUE,TRUE,FALSE,0.07011299759923457,8468085
2016020462,12,even-strength,73,1,FALSE,FALSE,TRUE,TRUE,TRUE,FALSE,0.35973635996091374,8474176
2016020462,17,even-strength,65,-33,FALSE,FALSE,TRUE,TRUE,FALSE,FALSE,0.03844164847773972,8473548
2016020462,20,penalty-kill,67,22,FALSE,FALSE,TRUE,FALSE,FALSE,FALSE,0,8464989
2016020462,28,even-strength,75,-6,FALSE,FALSE,TRUE,TRUE,TRUE,FALSE,0.0933101451353877,8474176
2016020462,29,even-strength,34,36,FALSE,FALSE,TRUE,TRUE,TRUE,FALSE,0.009381022647787144,8474013
2016020462,30,even-strength,38,-31,TRUE,FALSE,TRUE,TRUE,TRUE,FALSE,0.03367264788469498,8475208
2016020462,31,even-strength,40,20,FALSE,FALSE,TRUE,TRUE,TRUE,FALSE,0.02056154016007478,8476884
2016020462,33,even-strength,48,-9,TRUE,FALSE,TRUE,TRUE,TRUE,FALSE,0.05164864743634916,8476162
2016020462,35,even-strength,39,-1,FALSE,FALSE,TRUE,TRUE,TRUE,FALSE,0.02611485759356798,8476874
2016020462,38,even-strength,82,23,FALSE,FALSE,TRUE,TRUE,TRUE,FALSE,0.02790904568959828,8476293
2016020462,42,even-strength,5,-31,FALSE,FALSE,TRUE,TRUE,TRUE,FALSE,0.0017481251965696186,8473548
2016020462,44,power-play,63,33,FALSE,FALSE,TRUE,TRUE,TRUE,FALSE,0.06544976266707257,8473548
2016020462,45,power-play,71,-27,FALSE,FALSE,TRUE,TRUE,FALSE,FALSE,0.04780721774139183,8473548
2016020462,46,power-play,78,-5,FALSE,FALSE,TRUE,FALSE,FALSE,FALSE,0,8471215
2016020462,47,power-play,75,-12,FALSE,FALSE,TRUE,TRUE,TRUE,TRUE,0.06949358886626632,8471215
2016020462,312,penalty-kill,-52,-19,FALSE,FALSE,TRUE,TRUE,TRUE,FALSE,0.009231049478573517,8474176
2016020462,320,even-strength,64,-12,FALSE,FALSE,TRUE,TRUE,TRUE,FALSE,0.05041040421175515,8474602
2016020462,337,even-strength,68,12,FALSE,FALSE,TRUE,FALSE,FALSE,FALSE,0,8474013
2016020462,342,even-strength,74,7,FALSE,FALSE,TRUE,FALSE,FALSE,FALSE,0,8471887
2016020462,343,even-strength,45,-33,FALSE,FALSE,TRUE,TRUE,TRUE,FALSE,0.012377554774744766,8471887
2016020462,345,even-strength,71,3,FALSE,FALSE,TRUE,FALSE,FALSE,FALSE,0,8476874
2016020462,346,even-strength,66,3,FALSE,FALSE,TRUE,TRUE,TRUE,FALSE,0.07469444571402042,8474602
2016020462,348,even-strength,50,-28,FALSE,FALSE,TRUE,FALSE,FALSE,FALSE,0,8473548
2016020462,403,even-strength,57,26,FALSE,FALSE,TRUE,TRUE,TRUE,FALSE,0.03728050738905108,8476293
2016020462,408,even-strength,-80,8,FALSE,FALSE,TRUE,TRUE,TRUE,FALSE,9.23631454615836e-5,8477839
2016020462,409,even-strength,69,3,FALSE,FALSE,TRUE,FALSE,FALSE,FALSE,0,8474009
2016020462,414,even-strength,60,-17,FALSE,FALSE,TRUE,TRUE,FALSE,FALSE,0.046472088392364184,8471215
2016020462,417,even-strength,72,-12,FALSE,FALSE,TRUE,TRUE,TRUE,FALSE,0.04647734933499506,8477839
2016020462,419,even-strength,70,8,FALSE,FALSE,TRUE,FALSE,FALSE,FALSE,0,8471887
2016020462,420,even-strength,50,2,TRUE,FALSE,TRUE,TRUE,TRUE,FALSE,0.056534402811794705,8471887
2016020462,423,even-strength,75,7,TRUE,FALSE,TRUE,FALSE,FALSE,FALSE,0,8476884
2016020462,426,even-strength,58,29,FALSE,FALSE,TRUE,TRUE,TRUE,FALSE,0.020954411126764633,8476293
2016020462,427,even-strength,72,-20,FALSE,FALSE,TRUE,FALSE,FALSE,FALSE,0,8470611
2016020462,428,even-strength,60,17,FALSE,FALSE,TRUE,TRUE,TRUE,FALSE,0.03223356151673939,8474013
2016020462,429,even-strength,46,24,FALSE,FALSE,TRUE,TRUE,TRUE,FALSE,0.01718943150978442,8471887
2016020462,444,even-strength,58,-23,FALSE,FALSE,TRUE,TRUE,TRUE,FALSE,0.02895677277352397,8476293
2016020462,604,even-strength,73,10,FALSE,FALSE,TRUE,FALSE,FALSE,FALSE,0,8474009
2016020462,613,penalty-kill,69,9,FALSE,FALSE,TRUE,TRUE,FALSE,FALSE,0.08995886895199628,8474009
2016020462,623,even-strength,66,-32,FALSE,FALSE,TRUE,TRUE,FALSE,FALSE,0.02704023980504511,8475810
2016020462,624,even-strength,82,9,FALSE,FALSE,TRUE,TRUE,TRUE,FALSE,0.06054081515797035,8474009
2016020462,627,even-strength,63,16,FALSE,FALSE,TRUE,TRUE,TRUE,FALSE,0.03761172815506875,8473548
2016020462,634,power-play,53,10,FALSE,FALSE,TRUE,FALSE,FALSE,FALSE,0,8475208
2016020462,636,power-play,63,-9,FALSE,FALSE,TRUE,TRUE,FALSE,FALSE,0.23195433862520692,8471887
2016020462,638,power-play,55,-5,FALSE,FALSE,TRUE,FALSE,FALSE,FALSE,0,8473548
2016020462,639,power-play,64,-29,FALSE,FALSE,TRUE,TRUE,FALSE,FALSE,0.12882650604969945,8473548
2016020462,640,power-play,39,33,FALSE,FALSE,TRUE,TRUE,TRUE,FALSE,0.0876772475358293,8474602
2016020462,641,power-play,72,32,FALSE,FALSE,TRUE,TRUE,FALSE,FALSE,0.12551274610930543,8473548
2016020462,642,power-play,72,-17,FALSE,FALSE,TRUE,FALSE,FALSE,FALSE,0,8471675
2016020462,645,power-play,65,-5,FALSE,FALSE,TRUE,FALSE,FALSE,FALSE,0,8474009
2016020462,646,even-strength,50,36,FALSE,FALSE,TRUE,TRUE,TRUE,FALSE,0.01239961732195734,8476874
2016020462,647,even-strength,67,-10,FALSE,FALSE,TRUE,TRUE,TRUE,FALSE,0.06883059975414886,8473548
2016020462,648,even-strength,55,31,FALSE,FALSE,TRUE,TRUE,TRUE,FALSE,0.022248960008898176,8470543
2016020462,650,even-strength,44,16,FALSE,FALSE,TRUE,TRUE,TRUE,FALSE,0.020499557272364553,8475810
2016020462,753,even-strength,70,11,FALSE,FALSE,TRUE,TRUE,TRUE,FALSE,0.055663129528191344,8471675
2016020462,755,even-strength,74,-7,FALSE,FALSE,TRUE,TRUE,TRUE,FALSE,0.10957937785273959,8470611
2016020462,758,even-strength,78,-11,FALSE,FALSE,TRUE,FALSE,FALSE,FALSE,0,8471215
2016020462,760,even-strength,67,12,FALSE,FALSE,TRUE,TRUE,TRUE,FALSE,0.05890102848472101,8471675
2016020462,762,even-strength,49,-32,TRUE,FALSE,TRUE,TRUE,TRUE,FALSE,0.036999024495109875,8471887
2016020462,768,even-strength,42,34,FALSE,FALSE,TRUE,FALSE,FALSE,FALSE,0,8473548
2016020462,769,even-strength,68,-11,TRUE,FALSE,TRUE,FALSE,FALSE,FALSE,0,8471887
2016020462,780,even-strength,69,-14,FALSE,FALSE,TRUE,TRUE,FALSE,FALSE,0.1598007811908987,8475810
2016020478,15,even-strength,57,-12,FALSE,FALSE,TRUE,TRUE,TRUE,FALSE,0.03836828291297086,8478131
2016020478,17,even-strength,70,-9,FALSE,FALSE,TRUE,FALSE,FALSE,FALSE,0,8470612
2016020478,26,even-strength,78,5,TRUE,FALSE,TRUE,TRUE,TRUE,FALSE,0.1610308187831845,8470621
2016020478,29,power-play,42,-5,FALSE,FALSE,TRUE,TRUE,TRUE,FALSE,0.03930547329322771,8475764
2016020478,30,power-play,77,2,TRUE,FALSE,TRUE,FALSE,FALSE,FALSE,0,8475764
2016020478,31,power-play,37,-17,TRUE,FALSE,TRUE,TRUE,TRUE,FALSE,0.04584119631827198,8476854
2016020478,33,power-play,36,32,FALSE,FALSE,TRUE,FALSE,FALSE,FALSE,0,8470612
2016020478,34,power-play,41,31,FALSE,FALSE,TRUE,TRUE,FALSE,FALSE,0.0474625273323895,8470612
2016020478,39,power-play,81,23,FALSE,FALSE,TRUE,TRUE,TRUE,FALSE,0.0858057019711051,8470621
2016020478,42,power-play,33,37,FALSE,FALSE,TRUE,TRUE,TRUE,FALSE,0.021162809537700163,8475764
2016020478,43,power-play,63,-16,FALSE,FALSE,TRUE,FALSE,FALSE,FALSE,0,8475222
2016020478,45,even-strength,88,-31,FALSE,FALSE,TRUE,TRUE,TRUE,FALSE,0.03697277079921696,8478131
2016020478,46,even-strength,48,14,FALSE,FALSE,TRUE,FALSE,FALSE,FALSE,0,8476854
2016020478,47,even-strength,74,-1,FALSE,FALSE,TRUE,FALSE,FALSE,FALSE,0,8471699
2016020478,79,power-play,63,36,FALSE,FALSE,TRUE,FALSE,FALSE,FALSE,0,8475222
2016020478,253,power-play,63,20,FALSE,FALSE,TRUE,TRUE,TRUE,FALSE,0.0633125894938295,8470612
2016020478,255,even-strength,76,5,FALSE,FALSE,TRUE,TRUE,FALSE,FALSE,0.07833776686023021,8476854
2016020478,257,even-strength,45,-23,TRUE,FALSE,TRUE,FALSE,FALSE,FALSE,0,8476312
2016020478,268,even-strength,78,3,FALSE,FALSE,TRUE,TRUE,TRUE,FALSE,0.09554489228125179,8476483
2016020478,272,even-strength,51,26,FALSE,FALSE,TRUE,FALSE,FALSE,FALSE,0,8468535
2016020478,273,even-strength,31,-35,FALSE,FALSE,TRUE,TRUE,TRUE,FALSE,0.007304194022615319,8475222
2016020478,275,even-strength,42,-38,FALSE,FALSE,TRUE,TRUE,FALSE,FALSE,0.01568480080216976,8475222
2016020478,276,even-strength,74,-6,FALSE,FALSE,TRUE,TRUE,FALSE,FALSE,0.06794651209605754,8471699
2016020478,277,even-strength,66,19,FALSE,FALSE,TRUE,TRUE,TRUE,FALSE,0.03761818418194139,8476483
2016020478,278,even-strength,68,0,FALSE,TRUE,TRUE,TRUE,TRUE,FALSE,0.20396142086123206,8470616
2016020478,291,even-strength,37,-37,FALSE,FALSE,TRUE,TRUE,TRUE,FALSE,0.007825650473969522,8473560
2016020478,294,penalty-kill,59,3,FALSE,FALSE,TRUE,FALSE,FALSE,FALSE,0,8471699
2016020478,601,even-strength,63,3,FALSE,FALSE,TRUE,TRUE,FALSE,FALSE,0.07151885040213646,8476483
2016020478,602,even-strength,68,-3,FALSE,FALSE,TRUE,TRUE,FALSE,FALSE,0.06162875615317244,8470621
2016020478,604,even-strength,38,-35,FALSE,FALSE,TRUE,FALSE,FALSE,FALSE,0,8475222
2016020478,605,even-strength,64,-11,FALSE,FALSE,TRUE,FALSE,FALSE,FALSE,0,8475222
2016020478,607,even-strength,56,20,FALSE,FALSE,TRUE,TRUE,TRUE,FALSE,0.022903680956768688,8476390
2016020478,610,even-strength,73,-5,FALSE,FALSE,TRUE,TRUE,TRUE,FALSE,0.08215875274983983,8470621
2016020478,615,even-strength,56,-40,FALSE,FALSE,TRUE,TRUE,TRUE,FALSE,0.013214268799362433,8476400
2016020478,617,power-play,73,6,FALSE,FALSE,TRUE,FALSE,FALSE,FALSE,0,8470612
2016020478,618,power-play,81,0,FALSE,TRUE,TRUE,TRUE,TRUE,TRUE,0.33966476065366064,8470612
2016020478,620,even-strength,67,-16,FALSE,FALSE,TRUE,TRUE,FALSE,FALSE,0.0332849552259128,8476390
2016020478,633,even-strength,78,11,FALSE,FALSE,TRUE,TRUE,TRUE,FALSE,0.09295199516258587,8478131
2016020478,634,even-strength,78,4,FALSE,TRUE,TRUE,TRUE,TRUE,TRUE,0.270517352980244,8477941
2016020478,637,even-strength,48,-22,FALSE,FALSE,TRUE,TRUE,TRUE,FALSE,0.016877306130731372,8475164
2016020478,756,even-strength,83,-11,FALSE,FALSE,TRUE,TRUE,TRUE,FALSE,0.03914361088115634,8476483
2016020478,757,even-strength,50,21,FALSE,FALSE,TRUE,FALSE,FALSE,FALSE,0,8473560
2016020478,758,even-strength,70,6,FALSE,FALSE,TRUE,TRUE,TRUE,FALSE,0.15240720725921433,8478131
2016020478,759,even-strength,39,25,FALSE,FALSE,TRUE,TRUE,TRUE,FALSE,0.012792467261778157,8478131
2016020478,762,even-strength,37,33,FALSE,FALSE,TRUE,TRUE,FALSE,FALSE,0.011231833197466672,8476854
2016020478,763,even-strength,71,3,FALSE,FALSE,TRUE,TRUE,TRUE,FALSE,0.0930225498827885,8476312
2016020478,764,even-strength,50,-20,FALSE,FALSE,TRUE,TRUE,TRUE,FALSE,0.022986294935705448,8475164
2016020478,766,even-strength,78,-7,FALSE,FALSE,TRUE,FALSE,FALSE,FALSE,0,8475222
2016020478,780,power-play,55,-17,FALSE,FALSE,TRUE,TRUE,TRUE,TRUE,0.05727105958330603,8475764
2016020478,782,even-strength,41,28,FALSE,FALSE,TRUE,TRUE,TRUE,FALSE,0.014344051142655877,8475764
2016020478,784,even-strength,42,-7,FALSE,FALSE,TRUE,TRUE,FALSE,FALSE,0.03224842697766646,8476312
2016020478,785,even-strength,44,-29,FALSE,FALSE,TRUE,TRUE,FALSE,FALSE,0.0157021186595845,8470616
2016020478,787,even-strength,52,-23,FALSE,FALSE,TRUE,TRUE,FALSE,FALSE,0.023846403725730284,8473560
2016020478,788,even-strength,77,-18,FALSE,FALSE,TRUE,TRUE,TRUE,FALSE,0.03428564793445353,8468535
2016020503,8,even-strength,68,0,FALSE,FALSE,TRUE,FALSE,FALSE,FALSE,0,8474577
2016020503,24,even-strength,77,14,FALSE,FALSE,TRUE,FALSE,FALSE,FALSE,0,8478420
2016020503,26,even-strength,-22,-33,FALSE,FALSE,TRUE,FALSE,FALSE,FALSE,0,8471260
2016020503,39,power-play,45,-8,FALSE,FALSE,TRUE,FALSE,FALSE,FALSE,0,8475197
2016020503,59,even-strength,78,8,FALSE,FALSE,TRUE,TRUE,TRUE,FALSE,0.07668692978133788,8478420
2016020503,65,even-strength,59,11,FALSE,FALSE,TRUE,TRUE,FALSE,FALSE,0.033713452962181784,8475168
2016020503,68,even-strength,66,28,FALSE,FALSE,TRUE,TRUE,TRUE,FALSE,0.02067785955349087,8471657
2016020503,69,even-strength,34,-25,FALSE,FALSE,TRUE,TRUE,TRUE,FALSE,0.012896364983764015,8474597
2016020503,79,even-strength,33,27,FALSE,FALSE,TRUE,TRUE,TRUE,FALSE,0.00678642306589206,8475168
2016020503,82,power-play,38,-11,FALSE,FALSE,TRUE,TRUE,TRUE,FALSE,0.06788045356036353,8475197
2016020503,83,power-play,68,22,FALSE,FALSE,TRUE,TRUE,TRUE,FALSE,0.1153245625932212,8475197
2016020503,84,power-play,64,24,FALSE,FALSE,TRUE,TRUE,TRUE,FALSE,0.11092239799319203,8462042
2016020503,86,power-play,34,10,FALSE,FALSE,TRUE,TRUE,TRUE,FALSE,0.03861871390060139,8474605
2016020503,88,power-play,33,-30,FALSE,TRUE,TRUE,TRUE,TRUE,FALSE,0.07796314663562881,8475197
2016020503,89,power-play,34,4,FALSE,FALSE,TRUE,TRUE,TRUE,FALSE,0.04137564956937129,8475197
2016020503,90,even-strength,76,1,FALSE,TRUE,TRUE,TRUE,TRUE,FALSE,0.26794054019638003,8471504
2016020503,97,even-strength,82,8,FALSE,FALSE,TRUE,TRUE,TRUE,FALSE,0.10828241593198237,8471260
2016020503,100,even-strength,12,29,FALSE,FALSE,TRUE,TRUE,FALSE,FALSE,0.004792969561390182,8474605
2016020503,236,power-play,73,24,FALSE,FALSE,TRUE,FALSE,FALSE,FALSE,0,8471504
2016020503,257,even-strength,55,22,FALSE,FALSE,TRUE,FALSE,FALSE,FALSE,0,8471262
2016020503,259,even-strength,49,3,FALSE,FALSE,TRUE,TRUE,TRUE,FALSE,0.03867022122954511,8467400
2016020503,260,even-strength,30,-32,FALSE,FALSE,TRUE,TRUE,FALSE,FALSE,0.005709838985958667,8475197
2016020503,265,even-strength,79,5,FALSE,FALSE,TRUE,TRUE,FALSE,FALSE,0.08581255654582455,8475168
2016020503,271,even-strength,54,34,FALSE,FALSE,TRUE,TRUE,FALSE,FALSE,0.01805234850105938,8471504
2016020503,276,even-strength,36,-33,FALSE,FALSE,TRUE,TRUE,TRUE,FALSE,0.006712049353427846,8475197
2016020503,278,even-strength,37,32,FALSE,FALSE,TRUE,TRUE,TRUE,FALSE,0.011795805668212556,8474605
2016020503,279,even-strength,34,33,FALSE,FALSE,TRUE,TRUE,TRUE,FALSE,0.01022203702172325,8474605
2016020503,282,even-strength,31,36,FALSE,FALSE,TRUE,TRUE,TRUE,FALSE,0.007342958383409172,8471504
2016020503,284,power-play,68,-4,FALSE,FALSE,TRUE,TRUE,FALSE,FALSE,0.08530375295826464,8471504
2016020503,285,even-strength,69,30,FALSE,FALSE,TRUE,TRUE,FALSE,FALSE,0.02233394426788968,8462042
2016020503,288,even-strength,36,27,FALSE,FALSE,TRUE,TRUE,TRUE,FALSE,0.013183348475953344,8474597
2016020503,291,even-strength,78,3,FALSE,FALSE,TRUE,TRUE,TRUE,FALSE,0.10405687105071786,8474577
2016020503,292,even-strength,84,5,FALSE,TRUE,TRUE,TRUE,TRUE,FALSE,0.18138051544733302,8475168
2016020503,294,even-strength,65,8,FALSE,FALSE,TRUE,FALSE,FALSE,FALSE,0,8475197
2016020503,299,even-strength,35,37,FALSE,FALSE,TRUE,TRUE,TRUE,FALSE,0.009067526740056472,8469492
2016020503,405,even-strength,38,3,FALSE,FALSE,TRUE,TRUE,TRUE,FALSE,0.022865232689214886,8474605
2016020503,407,even-strength,33,-33,FALSE,FALSE,TRUE,TRUE,TRUE,FALSE,0.0059700594232453144,8462042
2016020503,408,even-strength,85,-11,FALSE,FALSE,TRUE,TRUE,TRUE,FALSE,0.03211427143739654,8471262
2016020503,411,power-play,35,13,FALSE,FALSE,TRUE,TRUE,TRUE,FALSE,0.06184956990115306,8475197
2016020503,412,power-play,58,28,FALSE,FALSE,TRUE,TRUE,TRUE,FALSE,0.10248393616702893,8462042
2016020503,413,power-play,55,-2,FALSE,FALSE,TRUE,TRUE,FALSE,FALSE,0.10833471185578104,8475197
2016020503,414,power-play,77,2,FALSE,FALSE,TRUE,TRUE,TRUE,FALSE,0.21460277364365768,8475168
2016020503,415,power-play,53,-2,FALSE,FALSE,TRUE,TRUE,FALSE,FALSE,0.06929603938046222,8475197
2016020503,417,power-play,69,-32,FALSE,FALSE,TRUE,TRUE,FALSE,FALSE,0.048516561502904336,8478420
2016020503,421,even-strength,47,7,FALSE,FALSE,TRUE,TRUE,FALSE,FALSE,0.02673822065834891,8477507
2016020503,432,even-strength,60,37,FALSE,FALSE,TRUE,TRUE,TRUE,FALSE,0.013676455707811163,8477507
2016020503,440,even-strength,87,30,TRUE,TRUE,TRUE,TRUE,TRUE,FALSE,0.0975283212773015,8477492
2016020503,446,penalty-kill,63,-20,FALSE,FALSE,TRUE,TRUE,TRUE,FALSE,0.04391694054438757,8477492
2016020503,464,power-play,66,-10,FALSE,FALSE,TRUE,FALSE,FALSE,FALSE,0,8478420
2016020503,486,even-strength,38,-36,FALSE,FALSE,TRUE,FALSE,FALSE,FALSE,0,8477492
2016020503,487,even-strength,68,8,FALSE,FALSE,TRUE,FALSE,FALSE,FALSE,0,8467400
2016020503,500,even-strength,51,-21,FALSE,FALSE,TRUE,FALSE,FALSE,FALSE,0,8476455
2016020503,601,even-strength,52,35,FALSE,FALSE,TRUE,TRUE,FALSE,FALSE,0.011387201125981197,8478561
2016020503,604,even-strength,48,-11,FALSE,FALSE,TRUE,TRUE,TRUE,FALSE,0.02211929586227746,8477507
2016020503,605,even-strength,64,-30,FALSE,FALSE,TRUE,TRUE,TRUE,FALSE,0.01603874891940801,8471504
2016020503,606,even-strength,67,21,FALSE,FALSE,TRUE,TRUE,TRUE,FALSE,0.029440345634119437,8471262
2016020503,609,even-strength,17,18,FALSE,FALSE,TRUE,TRUE,TRUE,FALSE,0.003993275472567814,8477507
2016020503,612,even-strength,-2,-2,FALSE,FALSE,TRUE,TRUE,TRUE,FALSE,0.0035721041447741727,8470750
2016020503,614,even-strength,42,-30,FALSE,FALSE,TRUE,TRUE,TRUE,FALSE,0.013930262695815302,8471504
2016020503,627,even-strength,78,-16,FALSE,FALSE,TRUE,TRUE,TRUE,FALSE,0.03336932023763386,8475197
2016020503,628,even-strength,51,-9,FALSE,FALSE,TRUE,TRUE,FALSE,FALSE,0.029726264080030096,8478420
2016020503,630,even-strength,43,-14,FALSE,FALSE,TRUE,TRUE,TRUE,FALSE,0.01979135094295663,8475197
2016020503,636,power-play,63,-4,FALSE,FALSE,TRUE,TRUE,FALSE,FALSE,0.07593901505104075,8471504
2016020503,683,even-strength,64,-27,FALSE,FALSE,TRUE,FALSE,FALSE,FALSE,0,8478561
2016020503,690,power-play,40,-10,FALSE,FALSE,TRUE,FALSE,FALSE,FALSE,0,8477507
2016020515,24,even-strength,76,-1,FALSE,TRUE,TRUE,TRUE,FALSE,FALSE,0.2670731765245404,8476921
2016020515,40,even-strength,84,-7,FALSE,TRUE,TRUE,TRUE,FALSE,FALSE,0.15984605240881838,8475180
2016020515,54,even-strength,60,14,FALSE,FALSE,TRUE,TRUE,TRUE,FALSE,0.043324992593090195,8468085
2016020515,55,even-strength,79,-3,FALSE,FALSE,TRUE,TRUE,TRUE,FALSE,0.1081245485926694,8478474
2016020515,57,even-strength,54,29,FALSE,FALSE,TRUE,TRUE,TRUE,FALSE,0.022964846440996833,8473465
2016020515,74,even-strength,61,36,FALSE,FALSE,TRUE,TRUE,FALSE,FALSE,0.011648951394715787,8471691
2016020515,78,even-strength,38,-36,FALSE,FALSE,TRUE,TRUE,TRUE,FALSE,0.008736946912303839,8474568
2016020515,79,even-strength,48,-20,TRUE,FALSE,TRUE,TRUE,TRUE,FALSE,0.03516586062959298,8476356
2016020515,81,power-play,43,-2,FALSE,FALSE,TRUE,TRUE,FALSE,FALSE,0.04054047153265974,8477950
2016020515,82,power-play,77,-1,FALSE,FALSE,TRUE,TRUE,FALSE,FALSE,0.12090092813299136,8475180
2016020515,84,power-play,39,5,FALSE,FALSE,TRUE,TRUE,TRUE,FALSE,0.034930029412552036,8477950
2016020515,85,power-play,37,-29,FALSE,FALSE,TRUE,TRUE,FALSE,FALSE,0.02143861334945161,8475171
2016020515,86,power-play,72,-3,FALSE,FALSE,TRUE,TRUE,FALSE,FALSE,0.11165661880666157,8476356
2016020515,87,even-strength,76,5,FALSE,FALSE,TRUE,TRUE,TRUE,FALSE,0.10148635427357038,8476356
2016020515,91,even-strength,63,-12,FALSE,FALSE,TRUE,FALSE,FALSE,FALSE,0,8476473
2016020515,93,even-strength,76,13,FALSE,FALSE,TRUE,FALSE,FALSE,FALSE,0,8475180
2016020515,94,even-strength,43,-31,FALSE,FALSE,TRUE,TRUE,TRUE,FALSE,0.015887962035054843,8473465
2016020515,95,even-strength,43,-31,FALSE,TRUE,TRUE,TRUE,TRUE,FALSE,0.030715183360259527,8474568
2016020515,97,even-strength,57,2,FALSE,FALSE,TRUE,FALSE,FALSE,FALSE,0,8471691
2016020515,100,even-strength,46,-16,FALSE,FALSE,TRUE,TRUE,TRUE,FALSE,0.0208367409227884,8477407
2016020515,252,even-strength,75,1,FALSE,FALSE,TRUE,FALSE,FALSE,FALSE,0,8475246
2016020515,253,even-strength,37,-31,FALSE,FALSE,TRUE,TRUE,FALSE,FALSE,0.007561077101590529,8474568
2016020515,254,even-strength,37,31,FALSE,FALSE,TRUE,TRUE,TRUE,FALSE,0.012992743962211523,8471274
2016020515,256,even-strength,64,-2,FALSE,FALSE,TRUE,FALSE,FALSE,FALSE,0,8468085
2016020515,257,even-strength,73,3,FALSE,FALSE,TRUE,TRUE,FALSE,FALSE,0.08580356936062312,8476356
2016020515,258,even-strength,81,-6,FALSE,FALSE,TRUE,TRUE,TRUE,FALSE,0.06528389825584266,8476356
2016020515,262,even-strength,84,21,FALSE,FALSE,TRUE,TRUE,TRUE,FALSE,0.03180866028108887,8475180
2016020515,263,even-strength,57,14,FALSE,FALSE,TRUE,TRUE,TRUE,FALSE,0.027267437489292383,8462038
2016020515,265,even-strength,46,22,FALSE,FALSE,TRUE,FALSE,FALSE,FALSE,0,8475171
2016020515,267,even-strength,81,1,FALSE,FALSE,TRUE,TRUE,FALSE,FALSE,0.11489142473141553,8471691
2016020515,268,even-strength,81,3,FALSE,TRUE,TRUE,TRUE,TRUE,FALSE,0.2820483755511329,8476921
2016020515,269,even-strength,80,1,FALSE,TRUE,TRUE,TRUE,TRUE,FALSE,0.2930021422729269,8476921
2016020515,275,even-strength,56,3,FALSE,FALSE,TRUE,TRUE,FALSE,FALSE,0.05169565792297113,8475180
2016020515,276,even-strength,81,-8,FALSE,FALSE,TRUE,TRUE,TRUE,FALSE,0.05871918999999644,8476921
2016020515,290,even-strength,46,31,FALSE,FALSE,TRUE,TRUE,FALSE,FALSE,0.013866781921514639,8471274
2016020515,292,even-strength,84,-31,FALSE,FALSE,TRUE,TRUE,TRUE,FALSE,0.02025435543581371,8468085
2016020515,293,even-strength,55,21,FALSE,FALSE,TRUE,FALSE,FALSE,FALSE,0,8468085
2016020515,295,even-strength,44,-17,FALSE,FALSE,TRUE,TRUE,FALSE,FALSE,0.01869212327923666,8474628
2016020515,296,even-strength,38,-13,FALSE,FALSE,TRUE,TRUE,FALSE,FALSE,0.015549680530564138,8474628
2016020515,297,even-strength,77,-8,FALSE,FALSE,TRUE,TRUE,FALSE,FALSE,0.05318643928505664,8476921
2016020515,325,even-strength,65,10,FALSE,FALSE,TRUE,TRUE,FALSE,FALSE,0.059863391760077996,8478474
2016020515,402,even-strength,59,-14,FALSE,FALSE,TRUE,FALSE,FALSE,FALSE,0,8473465
2016020515,403,even-strength,49,-23,FALSE,FALSE,TRUE,FALSE,FALSE,FALSE,0,8474568
2016020515,404,even-strength,41,27,FALSE,FALSE,TRUE,TRUE,TRUE,FALSE,0.01136403524800125,8475246
2016020515,406,even-strength,87,16,FALSE,FALSE,TRUE,FALSE,FALSE,FALSE,0,8471691
2016020515,408,even-strength,63,9,FALSE,FALSE,TRUE,FALSE,FALSE,FALSE,0,8475171
2016020515,412,even-strength,63,-15,FALSE,FALSE,TRUE,FALSE,FALSE,FALSE,0,8474568
2016020515,415,even-strength,60,1,FALSE,FALSE,TRUE,TRUE,TRUE,FALSE,0.06510094453536319,8471274
2016020515,417,even-strength,68,34,FALSE,FALSE,TRUE,TRUE,TRUE,FALSE,0.015283234552507732,8471274
2016020515,419,even-strength,58,23,FALSE,FALSE,TRUE,FALSE,FALSE,FALSE,0,8471274
2016020515,423,even-strength,47,30,FALSE,FALSE,TRUE,TRUE,TRUE,FALSE,0.012270081829336749,8475246
2016020515,426,even-strength,48,16,FALSE,FALSE,TRUE,TRUE,TRUE,FALSE,0.025660520236678523,8478474
2016020515,427,even-strength,40,21,FALSE,FALSE,TRUE,TRUE,FALSE,FALSE,0.01260901361303442,8475171
2016020515,430,even-strength,61,-3,FALSE,FALSE,TRUE,FALSE,FALSE,FALSE,0,8474568
2016020515,433,even-strength,76,-26,FALSE,FALSE,TRUE,TRUE,FALSE,FALSE,0.03852942672862369,8476356
2016020515,441,even-strength,80,8,FALSE,FALSE,TRUE,TRUE,TRUE,TRUE,0.04647136810943773,8462038
2016020515,443,even-strength,63,-3,FALSE,FALSE,TRUE,FALSE,FALSE,FALSE,0,8478474
2016020515,487,even-strength,69,0,FALSE,TRUE,TRUE,TRUE,FALSE,FALSE,0.19628463086540424,8477407
2016020515,497,power-play,48,-26,FALSE,FALSE,TRUE,TRUE,FALSE,FALSE,0.03309359323446406,8474628
2016020515,601,even-strength,85,-20,FALSE,FALSE,TRUE,TRUE,FALSE,FALSE,0.02594835212995862,8471274
2016020515,605,even-strength,38,-26,FALSE,FALSE,TRUE,TRUE,FALSE,FALSE,0.010358828733838327,8474628
2016020515,606,even-strength,45,28,FALSE,FALSE,TRUE,FALSE,FALSE,FALSE,0,8475246
2016020515,610,power-play,82,17,FALSE,FALSE,TRUE,FALSE,FALSE,FALSE,0,8477407
2016020515,612,power-play,58,14,FALSE,FALSE,TRUE,TRUE,TRUE,FALSE,0.056177322039203,8477407
2016020515,615,even-strength,60,23,FALSE,FALSE,TRUE,FALSE,FALSE,FALSE,0,8476356
2016020515,616,even-strength,62,12,FALSE,FALSE,TRUE,FALSE,FALSE,FALSE,0,8475246
2016020515,617,even-strength,74,-4,FALSE,FALSE,TRUE,FALSE,FALSE,FALSE,0,8477989
2016020515,619,even-strength,78,2,FALSE,FALSE,TRUE,TRUE,FALSE,FALSE,0.09644686348644828,8478474
2016020515,623,even-strength,56,9,FALSE,FALSE,TRUE,FALSE,FALSE,FALSE,0,8475171
2016020515,626,power-play,39,-31,FALSE,FALSE,TRUE,TRUE,FALSE,FALSE,0.03140748031370323,8468085
2016020515,628,even-strength,61,-16,FALSE,FALSE,TRUE,FALSE,FALSE,FALSE,0,8462038
2016020515,629,even-strength,37,27,FALSE,FALSE,TRUE,TRUE,TRUE,FALSE,0.010120061692802449,8475180
2016020515,634,even-strength,37,1,FALSE,FALSE,TRUE,TRUE,TRUE,FALSE,0.01953587454531225,8475171
2016020515,638,even-strength,57,-23,FALSE,FALSE,TRUE,TRUE,TRUE,FALSE,0.025409247955754735,8476356
2016020515,639,even-strength,58,18,FALSE,FALSE,TRUE,TRUE,TRUE,FALSE,0.03164993180073763,8476356
2016020515,646,even-strength,53,-18,FALSE,FALSE,TRUE,TRUE,FALSE,FALSE,0.02795269040864534,8478474
2016020515,648,even-strength,66,4,FALSE,FALSE,TRUE,TRUE,TRUE,FALSE,0.06358868039987396,8476921
2016020515,654,even-strength,46,32,FALSE,FALSE,TRUE,TRUE,FALSE,FALSE,0.012593014853120891,8475171
2016020515,673,power-play,60,16,FALSE,TRUE,TRUE,TRUE,FALSE,FALSE,0.1646864964768937,8475180
2016020515,802,even-strength,62,6,FALSE,FALSE,TRUE,TRUE,FALSE,FALSE,0.038685793652968814,8475180
2016020515,807,even-strength,85,-8,FALSE,FALSE,TRUE,FALSE,FALSE,FALSE,0,8476356
2016020515,808,even-strength,35,-5,FALSE,FALSE,TRUE,TRUE,TRUE,FALSE,0.011290023414747778,8476473
2016020515,812,power-play,72,-18,FALSE,FALSE,TRUE,TRUE,TRUE,FALSE,0.05023830565934411,8462038
2016020515,814,power-play,65,1,FALSE,FALSE,TRUE,TRUE,FALSE,FALSE,0.08630953322984132,8462038
2016020527,53,even-strength,-6,-5,FALSE,FALSE,TRUE,TRUE,TRUE,FALSE,0.0018805445615738693,8469638
2016020527,54,even-strength,64,-35,FALSE,FALSE,TRUE,TRUE,TRUE,FALSE,0.015798873051743628,8477932
2016020527,57,even-strength,41,29,FALSE,FALSE,TRUE,TRUE,TRUE,FALSE,0.012835578659476876,8476875
2016020527,59,even-strength,39,27,FALSE,FALSE,TRUE,TRUE,TRUE,FALSE,0.00955161688127748,8476875
2016020527,63,power-play,61,-21,FALSE,FALSE,TRUE,TRUE,FALSE,FALSE,0.0400486056531726,8448208
2016020527,65,even-strength,78,0,FALSE,FALSE,TRUE,TRUE,FALSE,FALSE,0.14760755493291175,8448208
2016020527,66,even-strength,51,23,FALSE,FALSE,TRUE,TRUE,TRUE,FALSE,0.018753641392115224,8477493
2016020527,67,even-strength,55,-17,FALSE,FALSE,TRUE,TRUE,TRUE,FALSE,0.03776315176029631,8476539
2016020527,70,even-strength,80,-14,TRUE,FALSE,TRUE,TRUE,FALSE,FALSE,0.049733614144810694,8475760
2016020527,71,even-strength,81,-13,FALSE,FALSE,TRUE,FALSE,FALSE,FALSE,0,8474218
2016020527,75,power-play,84,11,FALSE,FALSE,TRUE,TRUE,TRUE,FALSE,0.08826385873209276,8476539
2016020527,76,power-play,72,-5,FALSE,FALSE,TRUE,TRUE,FALSE,FALSE,0.09809863282668556,8476389
2016020527,77,power-play,42,-28,FALSE,FALSE,TRUE,TRUE,TRUE,FALSE,0.029827658427509795,8477932
2016020527,78,power-play,35,5,FALSE,FALSE,TRUE,TRUE,TRUE,FALSE,0.04542049771946107,8474218
2016020527,80,even-strength,57,37,FALSE,FALSE,TRUE,TRUE,FALSE,FALSE,0.01418911653933795,8476875
2016020527,86,even-strength,63,-8,FALSE,FALSE,TRUE,TRUE,TRUE,FALSE,0.049203434361260984,8475760
2016020527,87,even-strength,73,-18,FALSE,FALSE,TRUE,TRUE,TRUE,FALSE,0.03891971453259527,8476389
2016020527,91,even-strength,66,-3,TRUE,FALSE,TRUE,TRUE,TRUE,FALSE,0.0963280496137324,8471735
2016020527,100,even-strength,70,20,FALSE,FALSE,TRUE,TRUE,TRUE,FALSE,0.026620361148533403,8476389
2016020527,202,even-strength,85,-34,FALSE,FALSE,TRUE,TRUE,TRUE,FALSE,0.02311030408066876,8475796
2016020527,206,even-strength,59,31,FALSE,FALSE,TRUE,FALSE,FALSE,FALSE,0,8476389
2016020527,207,even-strength,73,-29,TRUE,FALSE,TRUE,TRUE,TRUE,FALSE,0.04185262032833319,8469638
2016020527,210,even-strength,42,8,FALSE,FALSE,TRUE,TRUE,FALSE,FALSE,0.02993764220542237,8476875
2016020527,214,even-strength,69,-11,TRUE,FALSE,TRUE,FALSE,FALSE,FALSE,0,8468001
2016020527,215,even-strength,41,28,FALSE,FALSE,TRUE,TRUE,TRUE,FALSE,0.013736747436847134,8476875
2016020527,216,even-strength,69,9,FALSE,FALSE,TRUE,FALSE,FALSE,FALSE,0,8448208
2016020527,219,even-strength,83,8,FALSE,TRUE,TRUE,TRUE,TRUE,FALSE,0.16585776375241756,8475760
2016020527,220,even-strength,31,30,FALSE,FALSE,TRUE,TRUE,FALSE,FALSE,0.005874100887496864,8471693
2016020527,226,even-strength,69,10,FALSE,FALSE,TRUE,TRUE,TRUE,FALSE,0.04846875730726007,8476389
2016020527,229,even-strength,66,-23,FALSE,FALSE,TRUE,FALSE,FALSE,FALSE,0,8468001
2016020527,232,power-play,82,-10,FALSE,FALSE,TRUE,TRUE,TRUE,FALSE,0.07504278706114936,8477493
2016020527,234,power-play,55,18,FALSE,FALSE,TRUE,TRUE,TRUE,FALSE,0.06445490698295157,8476539
2016020527,238,power-play,81,18,FALSE,FALSE,TRUE,TRUE,TRUE,FALSE,0.07642111351664684,8477932
2016020527,239,power-play,4,6,FALSE,FALSE,TRUE,TRUE,TRUE,FALSE,0.013755899003013118,8471735
2016020527,240,even-strength,36,-29,FALSE,FALSE,TRUE,TRUE,TRUE,FALSE,0.010562862309149632,8476539
2016020527,241,even-strength,52,12,FALSE,FALSE,TRUE,TRUE,TRUE,FALSE,0.042624255418041615,8476875
2016020527,454,even-strength,46,-2,FALSE,FALSE,TRUE,TRUE,TRUE,FALSE,0.050311876310150085,8475796
2016020527,457,even-strength,75,-6,FALSE,FALSE,TRUE,TRUE,TRUE,FALSE,0.06617691318865343,8475760
2016020527,458,even-strength,36,-7,FALSE,FALSE,TRUE,TRUE,FALSE,FALSE,0.014744093834494532,8477932
2016020527,464,even-strength,57,-22,FALSE,FALSE,TRUE,TRUE,FALSE,FALSE,0.026199911859556526,8474098
2016020527,465,even-strength,41,25,FALSE,FALSE,TRUE,TRUE,TRUE,FALSE,0.014794351136985767,8471693
2016020527,467,even-strength,40,24,FALSE,FALSE,TRUE,TRUE,TRUE,FALSE,0.013460097721943782,8471735
2016020527,480,even-strength,51,-33,FALSE,FALSE,TRUE,TRUE,FALSE,FALSE,0.013743686632887797,8477932
2016020527,481,even-strength,40,32,FALSE,TRUE,TRUE,TRUE,TRUE,FALSE,0.039626301641016375,8471735
2016020527,482,even-strength,83,-9,FALSE,FALSE,TRUE,TRUE,TRUE,TRUE,0.06937074615273371,8476539
2016020527,485,even-strength,51,36,FALSE,FALSE,TRUE,TRUE,TRUE,FALSE,0.01834804232316431,8476875
2016020527,487,even-strength,74,7,FALSE,FALSE,TRUE,FALSE,FALSE,FALSE,0,8471735
2016020527,488,even-strength,79,-1,FALSE,FALSE,TRUE,TRUE,TRUE,FALSE,0.14363453232521692,8475760
2016020527,489,even-strength,80,7,FALSE,FALSE,TRUE,TRUE,TRUE,FALSE,0.08112288923985148,8475760
2016020527,490,even-strength,52,25,FALSE,FALSE,TRUE,TRUE,TRUE,FALSE,0.034330566864288384,8471693
2016020527,491,even-strength,79,-8,FALSE,TRUE,TRUE,TRUE,TRUE,TRUE,0.24247350026514228,8476389
2016020527,493,even-strength,69,29,FALSE,FALSE,TRUE,TRUE,TRUE,FALSE,0.03143465778029947,8471735
2016020527,496,even-strength,90,24,FALSE,FALSE,TRUE,TRUE,FALSE,FALSE,0.10106815584318049,8476389
2016020527,500,even-strength,48,31,FALSE,FALSE,TRUE,TRUE,TRUE,FALSE,0.018371465662480827,8469638
2016020527,652,even-strength,60,-11,FALSE,FALSE,TRUE,FALSE,FALSE,FALSE,0,8475796
2016020527,654,even-strength,88,32,FALSE,FALSE,TRUE,TRUE,FALSE,FALSE,0.05024306467785272,8476389
2016020527,655,even-strength,75,-4,FALSE,FALSE,TRUE,TRUE,FALSE,FALSE,0.09345951883042417,8477932
2016020527,656,even-strength,71,-23,FALSE,FALSE,TRUE,TRUE,FALSE,FALSE,0.03178557761885318,8477932
2016020527,659,even-strength,78,-7,FALSE,TRUE,TRUE,TRUE,TRUE,FALSE,0.2135432170287755,8476495
2016020527,663,even-strength,42,-3,FALSE,FALSE,TRUE,TRUE,FALSE,FALSE,0.03681868061319109,8469638
2016020527,664,even-strength,81,9,FALSE,FALSE,TRUE,TRUE,TRUE,FALSE,0.32080828033770065,8478843
2016020527,666,even-strength,63,-23,FALSE,FALSE,TRUE,TRUE,TRUE,FALSE,0.0328383073862904,8474218
2016020527,668,even-strength,85,-18,FALSE,FALSE,TRUE,TRUE,FALSE,FALSE,0.0433064985746664,8476539
2016020527,669,even-strength,77,-7,FALSE,FALSE,TRUE,TRUE,FALSE,FALSE,0.07937587572774775,8448208
2016020527,670,even-strength,68,-14,FALSE,FALSE,TRUE,FALSE,FALSE,FALSE,0,8475760
2016020527,671,even-strength,70,-15,FALSE,FALSE,TRUE,FALSE,FALSE,FALSE,0,8477932
2016020527,675,even-strength,15,-35,FALSE,FALSE,TRUE,TRUE,TRUE,FALSE,0.002950051966250028,8474098
2016020527,676,even-strength,67,-16,FALSE,FALSE,TRUE,FALSE,FALSE,FALSE,0,8469638
2016020527,679,even-strength,60,1,FALSE,FALSE,TRUE,TRUE,TRUE,FALSE,0.06372032093197184,8476495
2016020527,682,even-strength,61,-23,TRUE,FALSE,TRUE,TRUE,TRUE,FALSE,0.0480097108870577,8476539
2016020527,683,even-strength,79,-23,FALSE,FALSE,TRUE,TRUE,TRUE,FALSE,0.02786070661906759,8469638
2016020527,684,even-strength,71,27,FALSE,FALSE,TRUE,TRUE,FALSE,FALSE,0.03188635737351456,8471693
2016020527,685,even-strength,78,-9,FALSE,FALSE,TRUE,FALSE,FALSE,FALSE,0,8476539
2016020527,687,even-strength,40,18,FALSE,FALSE,TRUE,TRUE,TRUE,FALSE,0.01959767397057862,8476875
2016020527,688,even-strength,46,-4,FALSE,FALSE,TRUE,TRUE,FALSE,FALSE,0.034998028868436344,8448208
2016020527,693,even-strength,85,-11,FALSE,FALSE,TRUE,TRUE,FALSE,FALSE,0.07341598336984494,8475760
2016020527,696,even-strength,57,17,FALSE,FALSE,TRUE,TRUE,TRUE,FALSE,0.08041128510551107,8477932
2016020527,697,even-strength,42,21,FALSE,FALSE,TRUE,TRUE,TRUE,FALSE,0.06642376369878611,8476539
2016020527,700,even-strength,79,6,FALSE,FALSE,TRUE,TRUE,FALSE,FALSE,0.08221540665838595,8476875
2016020559,65,even-strength,80,-2,FALSE,FALSE,TRUE,TRUE,TRUE,FALSE,0.14687874837839388,8470598
2016020559,72,even-strength,78,-6,TRUE,FALSE,TRUE,TRUE,TRUE,FALSE,0.1930520114329978,8477511
2016020559,76,even-strength,63,-5,FALSE,FALSE,TRUE,TRUE,FALSE,FALSE,0.05436336683062313,8468505
2016020559,80,even-strength,51,-10,FALSE,FALSE,TRUE,TRUE,FALSE,FALSE,0.06508192852154972,8474679
2016020559,88,even-strength,60,-21,TRUE,FALSE,TRUE,TRUE,FALSE,FALSE,0.07897390004966405,8477946
2016020559,92,even-strength,48,-8,FALSE,FALSE,TRUE,TRUE,TRUE,FALSE,0.04009411406093283,8474679
2016020559,93,even-strength,74,3,FALSE,FALSE,TRUE,TRUE,TRUE,FALSE,0.11296560794409936,8470144
2016020559,96,even-strength,36,-31,FALSE,FALSE,TRUE,TRUE,TRUE,FALSE,0.012616373409463923,8476443
2016020559,98,even-strength,84,26,FALSE,FALSE,TRUE,TRUE,TRUE,FALSE,0.02537623744998084,8476960
2016020559,99,even-strength,35,21,FALSE,FALSE,TRUE,TRUE,TRUE,FALSE,0.015905578493333898,8477215
2016020559,100,even-strength,46,-2,TRUE,FALSE,TRUE,TRUE,TRUE,FALSE,0.0719949479932257,8470598
2016020559,353,even-strength,82,8,FALSE,FALSE,TRUE,TRUE,TRUE,FALSE,0.09294365720418432,8474679
2016020559,368,power-play,69,-12,FALSE,FALSE,TRUE,TRUE,TRUE,FALSE,0.10608963114912402,8477946
2016020559,372,even-strength,53,4,FALSE,FALSE,TRUE,TRUE,TRUE,FALSE,0.05239767457505897,8474679
2016020559,377,even-strength,45,3,FALSE,FALSE,TRUE,TRUE,TRUE,TRUE,0.0385755273846095,8477511
2016020559,381,power-play,69,13,FALSE,FALSE,TRUE,TRUE,TRUE,FALSE,0.09976107866659227,8477946
2016020559,382,even-strength,69,1,FALSE,FALSE,TRUE,FALSE,FALSE,FALSE,0,8477946
2016020559,383,even-strength,81,-3,FALSE,FALSE,TRUE,FALSE,FALSE,FALSE,0,8475324
2016020559,384,even-strength,42,21,FALSE,FALSE,TRUE,TRUE,FALSE,FALSE,0.02133456295327978,8476960
2016020559,397,even-strength,29,21,FALSE,FALSE,TRUE,TRUE,TRUE,FALSE,0.023722213656931057,8476443
2016020559,552,power-play,56,-1,FALSE,FALSE,TRUE,FALSE,FALSE,FALSE,0,8474090
2016020559,553,even-strength,32,12,FALSE,FALSE,TRUE,TRUE,FALSE,FALSE,0.013731609892514141,8474679
2016020559,556,even-strength,75,39,TRUE,FALSE,TRUE,TRUE,TRUE,FALSE,0.028447636591476356,8476960
2016020559,564,even-strength,32,-15,FALSE,FALSE,TRUE,TRUE,TRUE,FALSE,0.010009500746108563,8468083
2016020559,565,even-strength,68,6,FALSE,FALSE,TRUE,FALSE,FALSE,FALSE,0,8477215
2016020559,567,even-strength,81,-1,FALSE,FALSE,TRUE,TRUE,TRUE,FALSE,0.06146325527676374,8470598
2016020559,573,even-strength,40,31,FALSE,FALSE,TRUE,TRUE,TRUE,FALSE,0.015444864848395601,8470318
2016020559,585,even-strength,46,12,FALSE,FALSE,TRUE,TRUE,TRUE,FALSE,0.02866018890547973,8474679
2016020559,586,even-strength,46,-10,FALSE,FALSE,TRUE,TRUE,TRUE,FALSE,0.03744779735770017,8470144
2016020559,592,even-strength,72,3,FALSE,FALSE,TRUE,TRUE,TRUE,FALSE,0.07588321715391248,8475772
2016020559,593,even-strength,84,2,FALSE,FALSE,TRUE,TRUE,TRUE,FALSE,0.1385523477805991,8475772
2016020559,595,even-strength,85,-18,FALSE,FALSE,TRUE,TRUE,FALSE,FALSE,0.03680094560370803,8475772
2016020559,596,even-strength,80,-3,FALSE,FALSE,TRUE,FALSE,FALSE,FALSE,0,8476443
2016020559,703,even-strength,60,-35,FALSE,FALSE,TRUE,TRUE,TRUE,FALSE,0.02217533045115518,8476822
2016020559,706,even-strength,87,2,FALSE,FALSE,TRUE,TRUE,TRUE,FALSE,0.0957423915268385,8470598
2016020559,707,even-strength,67,-8,FALSE,FALSE,TRUE,FALSE,FALSE,FALSE,0,8470144
2016020559,708,even-strength,54,-5,FALSE,FALSE,TRUE,TRUE,TRUE,FALSE,0.04020491783163075,8470144
2016020559,709,even-strength,75,4,FALSE,FALSE,TRUE,FALSE,FALSE,FALSE,0,8470598
2016020559,725,even-strength,71,-1,FALSE,FALSE,TRUE,TRUE,TRUE,FALSE,0.14637030651827157,8475193
2016020559,726,even-strength,66,0,FALSE,FALSE,TRUE,TRUE,FALSE,FALSE,0.07271055753943373,8468083
2016020559,729,even-strength,59,10,FALSE,FALSE,TRUE,TRUE,TRUE,FALSE,0.05588556418440586,8477946
2016020559,734,even-strength,72,-1,FALSE,FALSE,TRUE,FALSE,FALSE,FALSE,0,8470144
2016020559,736,even-strength,57,27,FALSE,FALSE,TRUE,TRUE,TRUE,TRUE,0.0263690801739379,8470318
2016020559,738,even-strength,72,-1,FALSE,FALSE,TRUE,FALSE,FALSE,FALSE,0,8468083
2016020559,741,even-strength,75,-2,FALSE,FALSE,TRUE,FALSE,FALSE,FALSE,0,8477215
2016020559,742,even-strength,48,5,FALSE,FALSE,TRUE,TRUE,FALSE,FALSE,0.03697815506071163,8470144
2016020559,746,even-strength,45,-14,FALSE,FALSE,TRUE,TRUE,FALSE,FALSE,0.0280242635031928,8477946
2016020559,747,even-strength,37,-2,FALSE,FALSE,TRUE,FALSE,FALSE,FALSE,0,8475193
2016020559,750,even-strength,81,-9,FALSE,FALSE,TRUE,TRUE,TRUE,FALSE,0.09375203384482353,8468083
2016020559,839,even-strength,-79,2,FALSE,FALSE,TRUE,FALSE,FALSE,FALSE,0,8475324
2016020559,851,even-strength,87,-2,FALSE,TRUE,TRUE,TRUE,TRUE,TRUE,0.19074737641956457,8477946
2016020559,854,even-strength,51,-11,FALSE,FALSE,TRUE,TRUE,TRUE,FALSE,0.036964820923090475,8474090
2016020559,857,even-strength,74,-7,FALSE,FALSE,TRUE,FALSE,FALSE,FALSE,0,8475193
2016020559,858,even-strength,54,1,FALSE,TRUE,TRUE,TRUE,TRUE,FALSE,0.2001816528265025,8474090
2016020559,863,even-strength,43,-3,FALSE,FALSE,TRUE,TRUE,TRUE,FALSE,0.04745756175260895,8474090
2016020559,865,even-strength,76,-7,FALSE,FALSE,TRUE,FALSE,FALSE,FALSE,0,8474090
2016020559,866,even-strength,79,-1,TRUE,TRUE,TRUE,TRUE,TRUE,TRUE,0.3412615848469947,8477511
2016020559,867,even-strength,86,-35,TRUE,FALSE,TRUE,TRUE,TRUE,FALSE,0.08323946901075804,8475193
2016020559,879,even-strength,66,9,FALSE,FALSE,TRUE,FALSE,FALSE,FALSE,0,8470144
2016020559,881,even-strength,80,2,FALSE,FALSE,TRUE,TRUE,FALSE,FALSE,0.11165176651497923,8474679
2016020559,884,even-strength,77,7,FALSE,FALSE,TRUE,TRUE,TRUE,FALSE,0.1692834434836601,8476960
2016020559,885,even-strength,79,6,FALSE,FALSE,TRUE,TRUE,TRUE,FALSE,0.09331918839725616,8477511
2016020566,7,even-strength,55,-35,FALSE,FALSE,TRUE,TRUE,TRUE,FALSE,0.015778008346737246,8471702
2016020566,9,power-play,47,17,FALSE,FALSE,TRUE,FALSE,FALSE,FALSE,0,8471702
2016020566,10,power-play,65,16,FALSE,FALSE,TRUE,TRUE,FALSE,FALSE,0.06286643109678353,8475744
2016020566,11,power-play,79,2,FALSE,FALSE,TRUE,TRUE,TRUE,TRUE,0.1408018138709347,8468508
2016020566,12,even-strength,48,19,TRUE,FALSE,TRUE,FALSE,FALSE,FALSE,0,8471476
2016020566,14,even-strength,32,-25,FALSE,FALSE,TRUE,TRUE,TRUE,FALSE,0.01181136082177715,8471710
2016020566,16,even-strength,79,-18,FALSE,FALSE,TRUE,TRUE,TRUE,FALSE,0.07557706208068525,8471698
2016020566,19,even-strength,46,-26,FALSE,FALSE,TRUE,TRUE,TRUE,FALSE,0.017569766824400635,8475149
2016020566,22,even-strength,10,0,FALSE,FALSE,TRUE,TRUE,FALSE,FALSE,0.004590897392685815,8468508
2016020566,35,even-strength,73,-3,FALSE,FALSE,TRUE,FALSE,FALSE,FALSE,0,8474189
2016020566,36,even-strength,33,-24,TRUE,FALSE,TRUE,TRUE,TRUE,FALSE,0.023311251361623275,8474590
2016020566,44,even-strength,60,-7,FALSE,FALSE,TRUE,FALSE,FALSE,FALSE,0,8473563
2016020566,45,even-strength,69,0,FALSE,FALSE,TRUE,TRUE,FALSE,FALSE,0.07268893389098073,8474189
2016020566,46,even-strength,75,-16,TRUE,FALSE,TRUE,FALSE,FALSE,FALSE,0,8477444
2016020566,47,even-strength,67,2,FALSE,FALSE,TRUE,TRUE,TRUE,FALSE,0.07964167221532673,8475200
2016020566,206,penalty-kill,78,-7,FALSE,FALSE,TRUE,FALSE,FALSE,FALSE,0,8474291
2016020566,211,even-strength,81,-7,FALSE,FALSE,TRUE,TRUE,TRUE,TRUE,0.06704229708689464,8471698
2016020566,212,even-strength,76,-37,TRUE,FALSE,TRUE,TRUE,TRUE,FALSE,0.03563333716646735,8468508
2016020566,215,even-strength,81,-2,FALSE,FALSE,TRUE,FALSE,FALSE,FALSE,0,8473563
2016020566,217,even-strength,70,-3,FALSE,FALSE,TRUE,FALSE,FALSE,FALSE,0,8471702
2016020566,218,even-strength,55,-18,FALSE,FALSE,TRUE,TRUE,TRUE,FALSE,0.025248937682015995,8473563
2016020566,220,even-strength,57,11,FALSE,FALSE,TRUE,TRUE,TRUE,FALSE,0.047545670846148046,8475149
2016020566,223,even-strength,75,-9,TRUE,FALSE,TRUE,FALSE,FALSE,FALSE,0,8475792
2016020566,239,even-strength,58,4,FALSE,FALSE,TRUE,FALSE,FALSE,FALSE,0,8474189
2016020566,241,even-strength,54,-21,FALSE,FALSE,TRUE,TRUE,TRUE,FALSE,0.025484433622705686,8471702
2016020566,242,even-strength,64,0,FALSE,TRUE,TRUE,TRUE,TRUE,FALSE,0.20015082140558224,8471214
2016020566,245,even-strength,80,7,FALSE,FALSE,TRUE,FALSE,FALSE,FALSE,0,8475744
2016020566,246,even-strength,34,0,FALSE,FALSE,TRUE,TRUE,FALSE,FALSE,0.021428366558611682,8471710
2016020566,402,power-play,75,-1,FALSE,FALSE,TRUE,TRUE,FALSE,FALSE,0.09024812831131394,8468508
2016020566,403,power-play,79,-23,FALSE,FALSE,TRUE,TRUE,TRUE,FALSE,0.0629615196688869,8475744
2016020566,404,even-strength,79,19,FALSE,FALSE,TRUE,TRUE,TRUE,FALSE,0.04301675706052221,8471702
2016020566,412,penalty-kill,68,-15,FALSE,FALSE,TRUE,TRUE,TRUE,FALSE,0.05431116963992198,8471476
2016020566,414,even-strength,83,8,FALSE,FALSE,TRUE,TRUE,FALSE,FALSE,0.06360134886060144,8471698
2016020566,421,even-strength,48,4,FALSE,FALSE,TRUE,TRUE,FALSE,FALSE,0.04206707464106248,8475200
2016020566,422,even-strength,45,-4,FALSE,FALSE,TRUE,TRUE,TRUE,FALSE,0.02943546005709197,8471702
2016020566,424,penalty-kill,83,-32,FALSE,FALSE,TRUE,TRUE,TRUE,FALSE,0.015585836303156792,8474291
2016020566,436,even-strength,49,-33,FALSE,FALSE,TRUE,TRUE,FALSE,FALSE,0.015034886043853174,8474590
2016020566,437,even-strength,67,-3,FALSE,FALSE,TRUE,TRUE,TRUE,TRUE,0.07531563083250102,8475744
2016020566,439,even-strength,50,-7,FALSE,FALSE,TRUE,TRUE,FALSE,FALSE,0.04584030245200906,8474189
2016020566,440,even-strength,70,-27,FALSE,FALSE,TRUE,TRUE,TRUE,TRUE,0.033815641196274324,8475200
2016020566,447,penalty-kill,-32,27,FALSE,FALSE,TRUE,TRUE,TRUE,FALSE,0.00378114840483626,8471476
2016020566,601,even-strength,76,-6,FALSE,FALSE,TRUE,TRUE,TRUE,FALSE,0.07236713703930872,8475200
2016020566,603,even-strength,87,-6,FALSE,TRUE,TRUE,TRUE,FALSE,FALSE,0.08045271723814328,8475200
2016020566,605,even-strength,75,25,FALSE,FALSE,TRUE,TRUE,TRUE,FALSE,0.028431188278276585,8473563
2016020566,607,even-strength,66,-15,FALSE,FALSE,TRUE,FALSE,FALSE,FALSE,0,8477444
2016020566,608,even-strength,72,6,FALSE,FALSE,TRUE,FALSE,FALSE,FALSE,0,8473991
2016020566,610,even-strength,36,29,FALSE,FALSE,TRUE,TRUE,FALSE,FALSE,0.012035865019860944,8468498
2016020566,612,even-strength,82,-1,FALSE,FALSE,TRUE,TRUE,TRUE,TRUE,0.1637644558623091,8474590
2016020566,614,even-strength,32,27,FALSE,FALSE,TRUE,TRUE,TRUE,FALSE,0.010130946880508519,8471702
2016020566,620,even-strength,86,-21,FALSE,FALSE,TRUE,TRUE,TRUE,FALSE,0.029679573717090766,8471214
2016020566,621,even-strength,68,-37,FALSE,FALSE,TRUE,TRUE,TRUE,FALSE,0.02062472425553456,8471214
2016020566,622,even-strength,62,30,TRUE,FALSE,TRUE,TRUE,TRUE,FALSE,0.04197046446882664,8471214
2016020566,624,even-strength,73,0,FALSE,FALSE,TRUE,FALSE,FALSE,FALSE,0,8471702
2016020566,625,even-strength,70,-22,FALSE,FALSE,TRUE,FALSE,FALSE,FALSE,0,8477444
2016020566,627,even-strength,74,-5,TRUE,FALSE,TRUE,FALSE,FALSE,FALSE,0,8474590
2016020566,636,even-strength,79,13,FALSE,FALSE,TRUE,TRUE,TRUE,TRUE,0.0726267688723626,8471214
2016020586,9,power-play,65,14,FALSE,FALSE,TRUE,TRUE,TRUE,FALSE,0.07666111484922669,8475151
2016020586,10,power-play,38,-28,FALSE,FALSE,TRUE,TRUE,FALSE,FALSE,0.030331827041929018,8476923
2016020586,11,even-strength,79,-33,FALSE,FALSE,TRUE,TRUE,TRUE,FALSE,0.025437206706543133,8475758
2016020586,14,even-strength,57,-3,FALSE,FALSE,TRUE,TRUE,TRUE,FALSE,0.0778634845252869,8479250
2016020586,37,even-strength,68,14,FALSE,FALSE,TRUE,TRUE,TRUE,FALSE,0.041949286518820926,8475791
2016020586,39,power-play,41,1,FALSE,FALSE,TRUE,TRUE,TRUE,FALSE,0.049272657465993734,8476923
2016020586,41,power-play,61,0,FALSE,FALSE,TRUE,TRUE,FALSE,FALSE,0.07354532914052257,8474641
2016020586,43,even-strength,54,12,FALSE,FALSE,TRUE,FALSE,FALSE,FALSE,0,8475750
2016020586,46,even-strength,85,-16,FALSE,FALSE,TRUE,TRUE,TRUE,FALSE,0.025518960691186802,8474641
2016020586,48,even-strength,62,-19,FALSE,FALSE,TRUE,TRUE,TRUE,FALSE,0.032814212141114726,8475791
2016020586,201,even-strength,34,-28,FALSE,FALSE,TRUE,TRUE,FALSE,FALSE,0.00765745487166621,8476923
2016020586,307,even-strength,78,3,FALSE,FALSE,TRUE,FALSE,FALSE,FALSE,0,8474641
2016020586,309,even-strength,76,4,FALSE,FALSE,TRUE,TRUE,TRUE,FALSE,0.07715670043967023,8478566
2016020586,312,even-strength,80,-10,FALSE,FALSE,TRUE,TRUE,FALSE,FALSE,0.05207826081406847,8475791
2016020586,314,even-strength,78,5,FALSE,FALSE,TRUE,FALSE,FALSE,FALSE,0,8475151
2016020586,315,even-strength,56,4,FALSE,FALSE,TRUE,TRUE,FALSE,FALSE,0.041767039893636095,8474641
2016020586,317,even-strength,60,21,FALSE,FALSE,TRUE,TRUE,TRUE,FALSE,0.03221885319399444,8473933
2016020586,320,even-strength,71,34,FALSE,FALSE,TRUE,TRUE,TRUE,FALSE,0.026975886048597783,8477425
2016020586,321,even-strength,45,2,FALSE,FALSE,TRUE,TRUE,TRUE,FALSE,0.029243815939748872,8470724
2016020586,324,even-strength,74,-7,FALSE,FALSE,TRUE,TRUE,TRUE,FALSE,0.14004079705384484,8477425
2016020586,325,even-strength,78,-3,FALSE,TRUE,TRUE,TRUE,TRUE,FALSE,0.2990126354728329,8476923
2016020586,328,even-strength,82,0,FALSE,TRUE,TRUE,TRUE,TRUE,FALSE,0.34575532462997793,8474641
2016020586,330,even-strength,54,20,FALSE,FALSE,TRUE,TRUE,TRUE,FALSE,0.028943487221203334,8471233
2016020586,333,even-strength,38,14,FALSE,FALSE,TRUE,TRUE,FALSE,FALSE,0.024978763637259125,8475750
2016020586,334,even-strength,59,-12,FALSE,FALSE,TRUE,TRUE,FALSE,FALSE,0.042543022704041825,8477463
2016020586,335,even-strength,78,-5,FALSE,FALSE,TRUE,TRUE,TRUE,FALSE,0.06645215142496196,8474641
2016020586,338,even-strength,41,-12,FALSE,FALSE,TRUE,TRUE,TRUE,FALSE,0.019632128256166014,8476923
2016020586,339,even-strength,68,-23,FALSE,FALSE,TRUE,TRUE,FALSE,FALSE,0.026381520984441992,8475791
2016020586,342,even-strength,80,-30,FALSE,FALSE,TRUE,TRUE,TRUE,FALSE,0.029233121740805158,8469500
2016020586,506,even-strength,37,-30,FALSE,FALSE,TRUE,TRUE,TRUE,FALSE,0.012341708283562786,8476923
2016020586,507,even-strength,82,5,FALSE,FALSE,TRUE,TRUE,FALSE,FALSE,0.08433992851505505,8478401
2016020586,508,even-strength,62,-10,FALSE,FALSE,TRUE,TRUE,FALSE,FALSE,0.04364335668463378,8469707
2016020586,512,even-strength,57,25,FALSE,FALSE,TRUE,TRUE,TRUE,FALSE,0.028768678900317514,8475758
2016020586,513,even-strength,64,12,FALSE,FALSE,TRUE,FALSE,FALSE,FALSE,0,8470724
2016020586,520,even-strength,69,-2,FALSE,FALSE,TRUE,TRUE,FALSE,FALSE,0.0936945135555623,8469707
2016020586,522,even-strength,78,-30,FALSE,FALSE,TRUE,TRUE,TRUE,FALSE,0.025059888763114067,8475151
2016020586,524,even-strength,37,27,FALSE,FALSE,TRUE,TRUE,TRUE,FALSE,0.012769804653818755,8470724
2016020586,529,even-strength,45,33,FALSE,FALSE,TRUE,TRUE,TRUE,FALSE,0.016104202313749906,8475750
2016020586,530,even-strength,44,7,FALSE,FALSE,TRUE,TRUE,TRUE,FALSE,0.033317150287513794,8475791
2016020586,533,even-strength,85,3,FALSE,FALSE,TRUE,TRUE,FALSE,FALSE,0.08820593571693801,8477425
2016020586,538,even-strength,38,23,FALSE,FALSE,TRUE,TRUE,TRUE,FALSE,0.013184838000664756,8475750
2016020586,541,power-play,82,-9,FALSE,TRUE,TRUE,TRUE,TRUE,TRUE,0.17154958085352473,8469707
2016020586,542,power-play,36,10,FALSE,FALSE,TRUE,TRUE,TRUE,FALSE,0.03091308969884412,8476923
2016020586,545,even-strength,85,-6,FALSE,FALSE,TRUE,TRUE,TRUE,TRUE,0.027184740984045167,8475750
2016020586,546,power-play,77,-10,FALSE,TRUE,TRUE,TRUE,TRUE,FALSE,0.3018716757535858,8469707
2016020586,549,even-strength,50,24,FALSE,FALSE,TRUE,TRUE,TRUE,FALSE,0.04367164787041711,8475791
2016020586,550,even-strength,81,7,FALSE,TRUE,TRUE,TRUE,TRUE,FALSE,0.23764109367134723,8469707
2016020586,701,even-strength,34,26,FALSE,FALSE,TRUE,TRUE,TRUE,FALSE,0.020229697349658998,8475791
2016020594,7,even-strength,36,-23,FALSE,FALSE,TRUE,TRUE,TRUE,FALSE,0.011788482645562924,8470642
2016020594,8,even-strength,63,0,FALSE,FALSE,TRUE,TRUE,TRUE,TRUE,0.06845937800181305,8474157
2016020594,10,even-strength,71,-35,FALSE,FALSE,TRUE,TRUE,FALSE,FALSE,0.01707937452894378,8477413
2016020594,11,even-strength,64,1,TRUE,FALSE,TRUE,TRUE,FALSE,FALSE,0.14693666918719156,8474717
2016020594,14,even-strength,74,-9,FALSE,FALSE,TRUE,TRUE,TRUE,TRUE,0.11316075584392642,8477476
2016020594,16,even-strength,75,-9,FALSE,FALSE,TRUE,TRUE,FALSE,FALSE,0.06824155681399285,8476479
2016020594,17,even-strength,66,37,FALSE,FALSE,TRUE,TRUE,TRUE,FALSE,0.055849712250164434,8474157
2016020594,18,even-strength,69,-2,FALSE,FALSE,TRUE,TRUE,TRUE,FALSE,0.12091436966620935,8471228
2016020594,21,even-strength,44,36,FALSE,FALSE,TRUE,TRUE,TRUE,FALSE,0.015320230334094305,8474717
2016020594,34,even-strength,79,0,FALSE,FALSE,TRUE,TRUE,TRUE,FALSE,0.11145427758069786,8477446
2016020594,36,even-strength,59,11,FALSE,FALSE,TRUE,FALSE,FALSE,FALSE,0,8469521
2016020594,44,even-strength,11,-1,FALSE,FALSE,TRUE,TRUE,TRUE,FALSE,0.00576944061491986,8477901
2016020594,50,even-strength,73,12,FALSE,FALSE,TRUE,TRUE,TRUE,FALSE,0.06642643304515448,8476479
2016020594,204,power-play,76,-4,FALSE,FALSE,TRUE,TRUE,TRUE,FALSE,0.11980513967394099,8473507
2016020594,205,power-play,74,-1,FALSE,FALSE,TRUE,TRUE,FALSE,FALSE,0.08148194061441051,8477476
2016020594,206,power-play,79,6,FALSE,FALSE,TRUE,TRUE,TRUE,TRUE,0.12575289249190943,8477957
2016020594,216,power-play,70,14,FALSE,FALSE,TRUE,FALSE,FALSE,FALSE,0,8476470
2016020594,217,power-play,73,0,FALSE,TRUE,TRUE,TRUE,TRUE,TRUE,0.32028594557553963,8471228
2016020594,219,even-strength,43,36,FALSE,FALSE,TRUE,TRUE,FALSE,FALSE,0.011195172600379841,8476470
2016020594,236,even-strength,42,-28,TRUE,FALSE,TRUE,TRUE,FALSE,FALSE,0.03489680991081426,8474157
2016020594,237,even-strength,57,-29,FALSE,FALSE,TRUE,TRUE,TRUE,FALSE,0.025514447077974473,8469521
2016020594,238,even-strength,67,20,FALSE,FALSE,TRUE,TRUE,TRUE,FALSE,0.04205062660057395,8469521
2016020594,239,even-strength,83,-8,FALSE,FALSE,TRUE,TRUE,TRUE,FALSE,0.0464397565963035,8477901
2016020594,245,even-strength,75,2,FALSE,FALSE,TRUE,TRUE,TRUE,FALSE,0.11611464502834257,8471228
2016020594,250,power-play,75,14,FALSE,FALSE,TRUE,FALSE,FALSE,FALSE,0,8473507
2016020594,401,power-play,60,-38,FALSE,FALSE,TRUE,TRUE,FALSE,FALSE,0.03160131016627166,8470642
2016020594,408,even-strength,76,4,FALSE,FALSE,TRUE,TRUE,TRUE,FALSE,0.1087462304023899,8469521
2016020594,417,even-strength,61,-22,FALSE,FALSE,TRUE,TRUE,FALSE,FALSE,0.033943582141146955,8474157
2016020594,418,even-strength,48,-31,FALSE,FALSE,TRUE,TRUE,TRUE,FALSE,0.02777618345010115,8474157
2016020594,421,power-play,41,-32,FALSE,FALSE,TRUE,TRUE,TRUE,FALSE,0.05098458162249746,8470642
2016020594,437,even-strength,78,21,FALSE,FALSE,TRUE,TRUE,TRUE,TRUE,0.027901252925137496,8477446
2016020594,445,even-strength,44,-20,FALSE,FALSE,TRUE,TRUE,FALSE,FALSE,0.0347733158074579,8477413
2016020594,448,power-play,49,35,FALSE,FALSE,TRUE,TRUE,TRUE,FALSE,0.05892443382482976,8474157
2016020594,449,power-play,59,37,TRUE,FALSE,TRUE,TRUE,FALSE,FALSE,0.11843106795848643,8474157
2016020594,450,power-play,41,31,FALSE,FALSE,TRUE,TRUE,TRUE,FALSE,0.04925370164646621,8473507
2016020594,701,even-strength,60,35,FALSE,FALSE,TRUE,TRUE,TRUE,FALSE,0.025105534025307356,8477413
2016020594,704,even-strength,39,-25,FALSE,FALSE,TRUE,TRUE,TRUE,FALSE,0.017976865262445015,8470642
2016020594,708,even-strength,78,3,TRUE,FALSE,TRUE,TRUE,FALSE,FALSE,0.21471863847727057,8477476
2016020594,710,even-strength,76,-5,TRUE,FALSE,TRUE,TRUE,TRUE,FALSE,0.19522013118440906,8477413
2016020594,711,even-strength,61,35,FALSE,FALSE,TRUE,TRUE,TRUE,FALSE,0.02297113976836168,8477476
2016020594,718,even-strength,60,-8,FALSE,FALSE,TRUE,FALSE,FALSE,FALSE,0,8477957
2016020594,721,even-strength,81,1,FALSE,FALSE,TRUE,TRUE,TRUE,FALSE,0.1771551164037584,8476479
2016020594,728,power-play,40,36,FALSE,FALSE,TRUE,TRUE,TRUE,FALSE,0.04166266683004376,8470642
2016020594,730,power-play,34,15,FALSE,FALSE,TRUE,TRUE,TRUE,FALSE,0.044298158422563065,8470642
2016020594,731,power-play,38,-25,FALSE,FALSE,TRUE,TRUE,TRUE,FALSE,0.03865304588729057,8476470
2016020594,732,power-play,81,-5,FALSE,FALSE,TRUE,TRUE,FALSE,FALSE,0.13287926325341132,8471228
2016020594,734,even-strength,52,12,FALSE,FALSE,TRUE,TRUE,FALSE,FALSE,0.04511601335128018,8477957
2016020594,737,even-strength,34,-19,TRUE,FALSE,TRUE,TRUE,FALSE,FALSE,0.02997881727596272,8473507
2016020594,738,even-strength,53,-7,FALSE,FALSE,TRUE,TRUE,TRUE,FALSE,0.03269870176148741,8476479
2016020633,53,even-strength,51,22,FALSE,FALSE,TRUE,TRUE,TRUE,FALSE,0.02318735211474121,8475692
2016020633,58,even-strength,79,8,FALSE,FALSE,TRUE,TRUE,TRUE,FALSE,0.07975245567391874,8475855
2016020633,61,even-strength,81,4,FALSE,FALSE,TRUE,TRUE,FALSE,FALSE,0.11622816335845725,8475763
2016020633,69,even-strength,34,7,FALSE,FALSE,TRUE,TRUE,TRUE,FALSE,0.013644053849676764,8476431
2016020633,75,even-strength,43,33,FALSE,FALSE,TRUE,TRUE,TRUE,FALSE,0.01054090942782593,8474207
2016020633,83,penalty-kill,84,-33,FALSE,FALSE,TRUE,TRUE,TRUE,FALSE,0.03107841700802289,8475763
2016020633,86,even-strength,62,15,TRUE,FALSE,TRUE,TRUE,FALSE,FALSE,0.08486304270136516,8475184
2016020633,88,power-play,44,-18,FALSE,FALSE,TRUE,TRUE,TRUE,FALSE,0.038747296858571256,8475692
2016020633,89,power-play,53,-22,FALSE,FALSE,TRUE,TRUE,TRUE,FALSE,0.039616291294765064,8475204
2016020633,92,power-play,40,-12,FALSE,FALSE,TRUE,TRUE,FALSE,FALSE,0.03523655991504904,8474151
2016020633,93,power-play,76,2,FALSE,FALSE,TRUE,FALSE,FALSE,FALSE,0,8474151
2016020633,95,even-strength,79,29,FALSE,FALSE,TRUE,TRUE,TRUE,FALSE,0.03163817963300825,8476468
2016020633,97,even-strength,78,-3,FALSE,FALSE,TRUE,FALSE,FALSE,FALSE,0,8475763
2016020633,99,penalty-kill,75,-23,TRUE,FALSE,TRUE,TRUE,TRUE,FALSE,0.11775742674989727,8474613
2016020633,207,even-strength,48,27,FALSE,FALSE,TRUE,TRUE,TRUE,FALSE,0.023904480783384703,8476431
2016020633,209,even-strength,47,-39,FALSE,FALSE,TRUE,TRUE,FALSE,FALSE,0.009023498882640413,8473546
2016020633,211,even-strength,73,6,FALSE,FALSE,TRUE,TRUE,FALSE,FALSE,0.06727917064083205,8475715
2016020633,212,even-strength,42,-26,FALSE,FALSE,TRUE,TRUE,TRUE,FALSE,0.013997768717295614,8470630
2016020633,218,power-play,50,-3,FALSE,FALSE,TRUE,TRUE,TRUE,FALSE,0.06257484585747813,8475692
2016020633,219,power-play,73,3,FALSE,FALSE,TRUE,FALSE,FALSE,FALSE,0,8474151
2016020633,220,power-play,61,-20,FALSE,FALSE,TRUE,TRUE,TRUE,FALSE,0.048018075754809916,8477402
2016020633,222,power-play,48,-24,FALSE,FALSE,TRUE,TRUE,FALSE,FALSE,0.03131823092741222,8477402
2016020633,226,even-strength,77,-2,FALSE,FALSE,TRUE,FALSE,FALSE,FALSE,0,8474613
2016020633,227,even-strength,45,-38,TRUE,FALSE,TRUE,TRUE,TRUE,FALSE,0.017109044250071582,8476431
2016020633,228,even-strength,77,0,FALSE,FALSE,TRUE,TRUE,FALSE,FALSE,0.09752374533434215,8474613
2016020633,231,even-strength,62,-27,FALSE,FALSE,TRUE,TRUE,TRUE,FALSE,0.02844290325875299,8475204
2016020633,232,even-strength,43,5,FALSE,FALSE,TRUE,TRUE,TRUE,FALSE,0.02814560748234548,8475855
2016020633,245,even-strength,58,-5,FALSE,FALSE,TRUE,TRUE,TRUE,FALSE,0.043455694232383636,8475692
2016020633,247,even-strength,51,39,FALSE,FALSE,TRUE,TRUE,TRUE,FALSE,0.009737373375787324,8475692
2016020633,249,even-strength,86,-7,FALSE,FALSE,TRUE,TRUE,TRUE,FALSE,0.05619420770328327,8475184
2016020633,250,even-strength,82,-7,FALSE,TRUE,TRUE,TRUE,TRUE,TRUE,0.1654952334316341,8475184
2016020633,453,power-play,67,15,FALSE,FALSE,TRUE,TRUE,FALSE,FALSE,0.07678272542989592,8474613
2016020633,455,power-play,81,12,FALSE,FALSE,TRUE,TRUE,FALSE,FALSE,0.07724423131103801,8470041
2016020633,457,power-play,78,5,FALSE,FALSE,TRUE,FALSE,FALSE,FALSE,0,8476431
2016020633,458,even-strength,66,31,FALSE,FALSE,TRUE,TRUE,FALSE,FALSE,0.022142894800022263,8476468
2016020633,468,even-strength,62,-16,FALSE,FALSE,TRUE,FALSE,FALSE,FALSE,0,8476869
2016020633,476,even-strength,88,-12,TRUE,FALSE,TRUE,TRUE,FALSE,FALSE,0.04527245666657784,8470041
2016020633,477,even-strength,73,8,FALSE,FALSE,TRUE,FALSE,FALSE,FALSE,0,8476431
2016020633,478,even-strength,75,-17,TRUE,FALSE,TRUE,TRUE,TRUE,FALSE,0.09345931644425788,8470041
2016020633,481,even-strength,65,3,FALSE,FALSE,TRUE,TRUE,TRUE,FALSE,0.09071398031415034,8476869
2016020633,482,even-strength,49,-7,FALSE,FALSE,TRUE,TRUE,FALSE,FALSE,0.03223483134388285,8474151
2016020633,483,even-strength,74,2,FALSE,FALSE,TRUE,FALSE,FALSE,FALSE,0,8474151
2016020633,485,power-play,72,-14,FALSE,FALSE,TRUE,FALSE,FALSE,FALSE,0,8475204
2016020633,488,power-play,77,-17,FALSE,FALSE,TRUE,TRUE,TRUE,FALSE,0.060783579832249995,8475692
2016020633,489,even-strength,80,0,FALSE,FALSE,TRUE,FALSE,FALSE,FALSE,0,8473546
2016020633,490,even-strength,61,19,FALSE,FALSE,TRUE,FALSE,FALSE,FALSE,0,8475692
2016020633,492,even-strength,62,5,FALSE,FALSE,TRUE,TRUE,TRUE,FALSE,0.06945632774248027,8476869
2016020633,493,even-strength,74,11,FALSE,FALSE,TRUE,TRUE,FALSE,FALSE,0.07670680529966412,8475763
2016020633,494,even-strength,70,-28,FALSE,FALSE,TRUE,TRUE,TRUE,FALSE,0.023265482898273324,8471958
2016020633,495,even-strength,80,9,TRUE,FALSE,TRUE,TRUE,TRUE,FALSE,0.06957613229574455,8475692
2016020633,496,even-strength,79,-6,FALSE,FALSE,TRUE,TRUE,TRUE,FALSE,0.14274869870263798,8475763
2016020633,497,even-strength,61,-23,FALSE,FALSE,TRUE,TRUE,TRUE,FALSE,0.030517492747078705,8470041
2016020633,499,even-strength,86,-12,FALSE,FALSE,TRUE,TRUE,TRUE,FALSE,0.04105649787826386,8475692
2016020633,603,even-strength,40,-3,FALSE,FALSE,TRUE,TRUE,TRUE,FALSE,0.028986970789487285,8476431
2016020633,604,even-strength,83,10,FALSE,FALSE,TRUE,TRUE,TRUE,FALSE,0.05515729551102614,8475692
2016020633,606,even-strength,77,-3,FALSE,FALSE,TRUE,TRUE,FALSE,FALSE,0.11374190885419802,8477402
2016020633,607,even-strength,84,-8,TRUE,FALSE,TRUE,TRUE,TRUE,FALSE,0.13019440326164997,8476468
2016020633,611,even-strength,85,7,FALSE,FALSE,TRUE,FALSE,FALSE,FALSE,0,8473546
2016020633,620,even-strength,67,12,FALSE,FALSE,TRUE,TRUE,TRUE,FALSE,0.05068195063035262,8476468
2016020633,622,even-strength,37,-26,FALSE,FALSE,TRUE,TRUE,TRUE,FALSE,0.011888556662448738,8471958
2016020633,624,power-play,49,-16,FALSE,FALSE,TRUE,TRUE,FALSE,FALSE,0.04707923458425216,8475204
2016020633,625,power-play,70,-2,FALSE,FALSE,TRUE,FALSE,FALSE,FALSE,0,8475692
2016020633,626,power-play,77,-1,FALSE,TRUE,TRUE,FALSE,FALSE,FALSE,0,8475692
2016020633,627,power-play,66,-1,FALSE,FALSE,TRUE,TRUE,FALSE,FALSE,0.07305826808036554,8476918
2016020633,629,even-strength,-3,-8,FALSE,FALSE,TRUE,TRUE,TRUE,FALSE,0.0027482551128232935,8473546
2016020633,630,even-strength,66,20,FALSE,FALSE,TRUE,TRUE,TRUE,TRUE,0.035862450660502684,8476468
2016020633,632,even-strength,57,-37,FALSE,FALSE,TRUE,TRUE,FALSE,FALSE,0.025002000215491784,8475692
2016020665,11,even-strength,56,-26,FALSE,FALSE,TRUE,TRUE,TRUE,FALSE,0.031701966178547536,8467407
2016020665,12,even-strength,51,-12,FALSE,FALSE,TRUE,FALSE,FALSE,FALSE,0,8477499
2016020665,18,even-strength,81,-5,FALSE,FALSE,TRUE,TRUE,TRUE,FALSE,0.13232235760446961,8475169
2016020665,23,even-strength,40,-29,FALSE,FALSE,TRUE,TRUE,TRUE,FALSE,0.012905345080860208,8475158
2016020665,26,even-strength,73,1,FALSE,FALSE,TRUE,FALSE,FALSE,FALSE,0,8477933
2016020665,28,even-strength,80,-3,FALSE,FALSE,TRUE,FALSE,FALSE,FALSE,0,8475235
2016020665,29,even-strength,63,-5,TRUE,FALSE,TRUE,TRUE,TRUE,TRUE,0.1621976342907752,8473449
2016020665,32,even-strength,66,-11,FALSE,FALSE,TRUE,TRUE,TRUE,FALSE,0.06265702545296503,8473449
2016020665,33,even-strength,80,-24,FALSE,FALSE,TRUE,TRUE,FALSE,FALSE,0.05180783995824237,8477499
2016020665,34,even-strength,62,8,FALSE,FALSE,TRUE,TRUE,TRUE,FALSE,0.08090598558840281,8477933
2016020665,36,even-strength,32,34,FALSE,FALSE,TRUE,TRUE,TRUE,FALSE,0.010076554833947765,8474567
2016020665,39,even-strength,78,7,FALSE,FALSE,TRUE,TRUE,TRUE,FALSE,0.13554809377394375,8471811
2016020665,42,even-strength,50,-13,FALSE,FALSE,TRUE,FALSE,FALSE,FALSE,0,8477499
2016020665,204,even-strength,57,8,FALSE,FALSE,TRUE,TRUE,TRUE,TRUE,0.049387015372676986,8475169
2016020665,214,even-strength,74,-1,FALSE,FALSE,TRUE,FALSE,FALSE,FALSE,0,8475158
2016020665,219,power-play,69,14,FALSE,FALSE,TRUE,TRUE,TRUE,FALSE,0.08186905644046188,8475158
2016020665,220,power-play,79,-3,FALSE,FALSE,TRUE,TRUE,TRUE,FALSE,0.11068730804107707,8478403
2016020665,224,power-play,66,-3,FALSE,FALSE,TRUE,FALSE,FALSE,FALSE,0,8473449
2016020665,226,power-play,52,-20,FALSE,FALSE,TRUE,TRUE,TRUE,FALSE,0.05650841207536856,8475169
2016020665,244,even-strength,80,-3,FALSE,FALSE,TRUE,TRUE,TRUE,FALSE,0.10906079745527446,8475158
2016020665,248,even-strength,72,10,FALSE,FALSE,TRUE,FALSE,FALSE,FALSE,0,8475158
2016020665,249,even-strength,61,-1,FALSE,FALSE,TRUE,TRUE,TRUE,FALSE,0.09206107337567712,8478403
2016020665,403,even-strength,45,-5,FALSE,FALSE,TRUE,TRUE,FALSE,FALSE,0.03303448791221102,8478403
2016020665,404,even-strength,71,3,FALSE,FALSE,TRUE,TRUE,TRUE,FALSE,0.09223713930074778,8478403
2016020665,405,even-strength,58,11,FALSE,FALSE,TRUE,TRUE,TRUE,FALSE,0.04718219238879997,8467407
2016020665,408,even-strength,57,10,FALSE,FALSE,TRUE,FALSE,FALSE,FALSE,0,8467407
2016020665,409,even-strength,40,-12,FALSE,FALSE,TRUE,TRUE,FALSE,FALSE,0.021978926278201468,8474567
2016020665,415,even-strength,51,6,TRUE,FALSE,TRUE,TRUE,TRUE,FALSE,0.06971121892606363,8475158
2016020665,416,even-strength,54,-18,FALSE,FALSE,TRUE,TRUE,FALSE,FALSE,0.03500524006883691,8478403
2016020665,418,even-strength,34,23,FALSE,FALSE,TRUE,TRUE,TRUE,FALSE,0.01373554364914757,8474567
2016020665,419,even-strength,58,-28,FALSE,FALSE,TRUE,TRUE,TRUE,FALSE,0.028163133569726828,8477499
2016020665,432,even-strength,78,7,FALSE,FALSE,TRUE,TRUE,FALSE,FALSE,0.0797926613160049,8478403
2016020665,434,even-strength,53,24,FALSE,FALSE,TRUE,TRUE,TRUE,FALSE,0.02748739231227763,8475169
2016020665,437,even-strength,82,34,FALSE,FALSE,TRUE,TRUE,FALSE,FALSE,0.022836553492002396,8475169
2016020665,443,even-strength,79,-27,FALSE,FALSE,TRUE,TRUE,TRUE,FALSE,0.04313879326831683,8478403
2016020665,444,even-strength,66,4,FALSE,FALSE,TRUE,TRUE,FALSE,FALSE,0.06786675402318908,8474567
2016020665,445,even-strength,66,0,FALSE,FALSE,TRUE,TRUE,TRUE,FALSE,0.09993364081581156,8471742
2016020665,602,even-strength,42,26,TRUE,FALSE,TRUE,TRUE,TRUE,FALSE,0.04226859636356834,8473992
2016020665,605,even-strength,72,-23,FALSE,FALSE,TRUE,TRUE,TRUE,FALSE,0.05224890620335667,8470852
2016020665,609,even-strength,83,-20,FALSE,FALSE,TRUE,TRUE,FALSE,FALSE,0.03320492260898975,8475169
2016020665,623,even-strength,78,-7,TRUE,FALSE,TRUE,TRUE,FALSE,FALSE,0.15826572329896765,8478403
2016020665,624,even-strength,64,-3,FALSE,FALSE,TRUE,FALSE,FALSE,FALSE,0,8477933
2016020665,627,even-strength,76,1,FALSE,FALSE,TRUE,TRUE,TRUE,TRUE,0.09719341641061738,8477478
2016020665,632,even-strength,74,24,FALSE,FALSE,TRUE,TRUE,FALSE,FALSE,0.045606460341420046,8475169
2016020665,633,even-strength,74,8,TRUE,FALSE,TRUE,TRUE,TRUE,FALSE,0.19714379803504642,8478403
2016020665,635,even-strength,44,29,FALSE,FALSE,TRUE,TRUE,TRUE,FALSE,0.06487116876501017,8478403
2016020679,11,even-strength,38,-21,FALSE,FALSE,TRUE,TRUE,TRUE,FALSE,0.01226535253017967,8476431
2016020679,13,even-strength,82,0,FALSE,FALSE,TRUE,TRUE,TRUE,FALSE,0.16364537967207063,8470041
2016020679,15,even-strength,48,-25,FALSE,FALSE,TRUE,TRUE,TRUE,FALSE,0.021452460724180025,8471958
2016020679,23,even-strength,37,31,FALSE,FALSE,TRUE,TRUE,FALSE,FALSE,0.011242371197393563,8476869
2016020679,24,even-strength,76,-5,FALSE,FALSE,TRUE,TRUE,TRUE,FALSE,0.11641133408488077,8475692
2016020679,27,even-strength,75,4,FALSE,FALSE,TRUE,TRUE,TRUE,FALSE,0.17843769617011865,8473546
2016020679,29,power-play,48,-11,FALSE,FALSE,TRUE,TRUE,TRUE,FALSE,0.07644777844564708,8475204
2016020679,31,power-play,39,-9,FALSE,FALSE,TRUE,TRUE,TRUE,FALSE,0.04499830934379324,8474151
2016020679,33,power-play,32,-18,FALSE,FALSE,TRUE,TRUE,TRUE,FALSE,0.03859152767496498,8476431
2016020679,37,power-play,66,19,FALSE,FALSE,TRUE,TRUE,TRUE,FALSE,0.09692361967378212,8475184
2016020679,38,even-strength,42,14,FALSE,FALSE,TRUE,TRUE,TRUE,TRUE,0.022935250896350307,8476869
2016020679,40,even-strength,65,-23,FALSE,FALSE,TRUE,TRUE,TRUE,FALSE,0.02330136896816949,8475763
2016020679,41,even-strength,32,25,FALSE,FALSE,TRUE,TRUE,TRUE,FALSE,0.012681514224016718,8476869
2016020679,44,even-strength,61,-14,FALSE,FALSE,TRUE,TRUE,FALSE,FALSE,0.04257473989613195,8470041
2016020679,203,even-strength,32,21,FALSE,FALSE,TRUE,TRUE,FALSE,FALSE,0.010960786925386172,8474151
2016020679,212,even-strength,80,-1,FALSE,FALSE,TRUE,TRUE,TRUE,FALSE,0.1599414634986709,8470041
2016020679,213,even-strength,85,0,FALSE,TRUE,TRUE,TRUE,TRUE,TRUE,0.43657399839204303,8477402
2016020679,215,even-strength,83,-19,FALSE,FALSE,TRUE,TRUE,TRUE,FALSE,0.0285232555263266,8475763
2016020679,216,even-strength,82,-1,FALSE,FALSE,TRUE,TRUE,TRUE,FALSE,0.15731837336255278,8476468
2016020679,218,even-strength,31,10,FALSE,FALSE,TRUE,TRUE,TRUE,FALSE,0.02159927349844068,8476431
2016020679,220,even-strength,35,13,FALSE,FALSE,TRUE,TRUE,TRUE,FALSE,0.014787951956051475,8476431
2016020679,222,penalty-kill,65,12,FALSE,FALSE,TRUE,TRUE,TRUE,FALSE,0.1395430954633559,8475763
2016020679,227,even-strength,51,21,TRUE,FALSE,TRUE,TRUE,FALSE,FALSE,0.045133861407073164,8470041
2016020679,237,even-strength,43,-28,FALSE,FALSE,TRUE,TRUE,TRUE,FALSE,0.013909140083877987,8476459
2016020679,239,even-strength,45,-25,FALSE,FALSE,TRUE,TRUE,TRUE,FALSE,0.020699869826480304,8475692
2016020679,242,even-strength,50,7,TRUE,FALSE,TRUE,TRUE,TRUE,FALSE,0.08660729195977272,8475763
2016020679,247,even-strength,49,-15,FALSE,FALSE,TRUE,TRUE,FALSE,FALSE,0.027460080534089413,8476459
2016020679,404,even-strength,47,-6,FALSE,FALSE,TRUE,TRUE,FALSE,FALSE,0.05197226275883937,8474207
2016020679,407,even-strength,54,-2,FALSE,FALSE,TRUE,FALSE,FALSE,FALSE,0,8476869
2016020679,409,even-strength,57,-23,FALSE,FALSE,TRUE,TRUE,TRUE,FALSE,0.03052829009157508,8475184
2016020679,411,even-strength,15,-3,FALSE,FALSE,TRUE,TRUE,TRUE,FALSE,0.007760632308354658,8475692
2016020679,414,even-strength,84,20,FALSE,FALSE,TRUE,TRUE,FALSE,FALSE,0.05196745743246004,8475715
2016020679,416,even-strength,75,-25,FALSE,FALSE,TRUE,TRUE,TRUE,TRUE,0.044276483376872525,8476468
2016020679,418,even-strength,75,-14,TRUE,FALSE,TRUE,TRUE,TRUE,FALSE,0.09368114338684863,8475692
2016020679,420,even-strength,76,1,FALSE,FALSE,TRUE,FALSE,FALSE,FALSE,0,8477402
2016020679,423,power-play,75,-1,FALSE,FALSE,TRUE,TRUE,TRUE,FALSE,0.15544834554089432,8475692
2016020679,426,power-play,81,4,FALSE,FALSE,TRUE,TRUE,TRUE,FALSE,0.09757373014942677,8476459
2016020679,428,power-play,67,-3,FALSE,FALSE,TRUE,TRUE,FALSE,FALSE,0.10987855854638678,8476468
2016020679,429,power-play,62,-21,FALSE,FALSE,TRUE,TRUE,TRUE,FALSE,0.06098789308637569,8474207
2016020679,432,power-play,83,-3,FALSE,FALSE,TRUE,FALSE,FALSE,FALSE,0,8474613
2016020679,433,even-strength,59,-25,FALSE,FALSE,TRUE,TRUE,TRUE,FALSE,0.021428961712166447,8474613
2016020679,435,even-strength,78,-4,FALSE,FALSE,TRUE,TRUE,TRUE,FALSE,0.08548022726758817,8476468
2016020679,437,power-play,54,14,FALSE,FALSE,TRUE,TRUE,TRUE,FALSE,0.08123469919270307,8475692
2016020679,438,power-play,76,0,FALSE,TRUE,TRUE,TRUE,FALSE,FALSE,0.2954034636915422,8475184
2016020679,439,power-play,72,-24,TRUE,FALSE,TRUE,TRUE,FALSE,FALSE,0.11807627254177405,8470041
2016020679,443,even-strength,35,-2,FALSE,FALSE,TRUE,TRUE,TRUE,FALSE,0.02052023468344187,8475763
2016020679,444,even-strength,50,0,FALSE,FALSE,TRUE,TRUE,FALSE,FALSE,0.05070336314043369,8474207
2016020679,445,even-strength,35,-23,FALSE,FALSE,TRUE,TRUE,TRUE,FALSE,0.010831591507226485,8474207
2016020679,450,even-strength,78,-18,FALSE,FALSE,TRUE,TRUE,TRUE,FALSE,0.03956669581265865,8475763
2016020679,618,even-strength,74,-1,FALSE,FALSE,TRUE,FALSE,FALSE,FALSE,0,8473546
2016020679,621,even-strength,60,-21,FALSE,FALSE,TRUE,TRUE,FALSE,FALSE,0.039627924429313385,8477402
2016020679,624,even-strength,70,-9,FALSE,FALSE,TRUE,TRUE,TRUE,FALSE,0.10317998946968436,8473546
2016020679,625,even-strength,72,8,FALSE,FALSE,TRUE,FALSE,FALSE,FALSE,0,8474613
2016020679,627,power-play,75,3,FALSE,FALSE,TRUE,FALSE,FALSE,FALSE,0,8476431
2016020679,629,power-play,76,-3,FALSE,FALSE,TRUE,FALSE,FALSE,FALSE,0,8475204
2016020679,632,even-strength,74,6,FALSE,FALSE,TRUE,FALSE,FALSE,FALSE,0,8476869
2016020679,634,even-strength,38,24,FALSE,FALSE,TRUE,TRUE,TRUE,FALSE,0.019380473869495794,8473546
2016020679,641,even-strength,70,-2,FALSE,FALSE,TRUE,TRUE,FALSE,FALSE,0.09391435260247914,8476459
2016020679,643,even-strength,37,20,FALSE,FALSE,TRUE,FALSE,FALSE,FALSE,0,8476869
2016020679,752,penalty-kill,57,3,FALSE,FALSE,TRUE,TRUE,TRUE,TRUE,0.12450204938742628,8473546
2016020679,755,penalty-kill,13,3,FALSE,FALSE,TRUE,TRUE,TRUE,FALSE,0.012962594676336337,8476468
2016020679,760,even-strength,76,12,FALSE,FALSE,TRUE,TRUE,TRUE,FALSE,0.05504383537389724,8477402
2016020679,767,even-strength,61,-19,FALSE,FALSE,TRUE,TRUE,FALSE,FALSE,0.05744112890075828,8473546
2016020679,768,even-strength,63,1,FALSE,FALSE,TRUE,TRUE,FALSE,FALSE,0.0808483664856876,8473546
2016020693,10,even-strength,42,-25,FALSE,FALSE,TRUE,TRUE,FALSE,FALSE,0.015536849321135178,8471676
2016020693,13,even-strength,73,29,FALSE,FALSE,TRUE,TRUE,TRUE,FALSE,0.030249626557780875,8473544
2016020693,14,even-strength,73,13,FALSE,FALSE,TRUE,FALSE,FALSE,FALSE,0,8470602
2016020693,21,even-strength,67,11,FALSE,FALSE,TRUE,FALSE,FALSE,FALSE,0,8470760
2016020693,29,even-strength,56,-27,FALSE,FALSE,TRUE,TRUE,TRUE,FALSE,0.020068702200689063,8475227
2016020693,30,even-strength,74,-5,FALSE,FALSE,TRUE,TRUE,TRUE,FALSE,0.11343396120267639,8477508
2016020693,33,power-play,38,-13,TRUE,FALSE,TRUE,TRUE,TRUE,FALSE,0.05301591061498669,8474578
2016020693,34,power-play,39,29,FALSE,FALSE,TRUE,TRUE,TRUE,FALSE,0.049831161901627646,8474068
2016020693,35,power-play,58,5,FALSE,FALSE,TRUE,TRUE,TRUE,FALSE,0.07983575979675984,8476288
2016020693,36,power-play,69,-15,FALSE,FALSE,TRUE,TRUE,TRUE,FALSE,0.058458485461591915,8473544
2016020693,43,even-strength,52,27,FALSE,FALSE,TRUE,TRUE,TRUE,FALSE,0.023260006552181984,8470760
2016020693,45,power-play,34,-25,FALSE,FALSE,TRUE,TRUE,FALSE,FALSE,0.03554036903682442,8474578
2016020693,46,power-play,61,1,FALSE,FALSE,TRUE,TRUE,FALSE,FALSE,0.07093255838203665,8470602
2016020693,47,power-play,49,18,FALSE,FALSE,TRUE,TRUE,FALSE,FALSE,0.059778736322679785,8475913
2016020693,48,even-strength,72,-12,TRUE,FALSE,TRUE,TRUE,TRUE,FALSE,0.07652385900054469,8474250
2016020693,201,even-strength,32,23,FALSE,FALSE,TRUE,TRUE,TRUE,TRUE,0.009657001922012716,8471676
2016020693,210,even-strength,56,19,FALSE,FALSE,TRUE,TRUE,TRUE,FALSE,0.024481085181453022,8476368
2016020693,213,even-strength,63,15,FALSE,FALSE,TRUE,FALSE,FALSE,FALSE,0,8470760
2016020693,214,even-strength,45,-18,FALSE,FALSE,TRUE,FALSE,FALSE,FALSE,0,8474578
2016020693,219,power-play,64,-8,FALSE,FALSE,TRUE,TRUE,TRUE,FALSE,0.09960620821974013,8474884
2016020693,220,power-play,73,-6,FALSE,FALSE,TRUE,TRUE,TRUE,FALSE,0.07533480511494628,8475913
2016020693,221,power-play,75,1,FALSE,FALSE,TRUE,FALSE,FALSE,FALSE,0,8474068
2016020693,229,power-play,70,17,FALSE,FALSE,TRUE,TRUE,TRUE,FALSE,0.08597667556562408,8474884
2016020693,231,power-play,74,5,FALSE,FALSE,TRUE,TRUE,TRUE,FALSE,0.09787279704864033,8474068
2016020693,232,power-play,83,7,FALSE,TRUE,TRUE,TRUE,TRUE,FALSE,0.32642211238857133,8475913
2016020693,233,even-strength,60,-3,FALSE,FALSE,TRUE,FALSE,FALSE,FALSE,0,8475913
2016020693,235,even-strength,67,-7,FALSE,FALSE,TRUE,FALSE,FALSE,FALSE,0,8475227
2016020693,243,even-strength,69,-20,FALSE,FALSE,TRUE,TRUE,TRUE,FALSE,0.04966666698465465,8475227
2016020693,401,even-strength,72,0,FALSE,FALSE,TRUE,FALSE,FALSE,FALSE,0,8474068
2016020693,405,penalty-kill,52,-31,FALSE,FALSE,TRUE,TRUE,FALSE,FALSE,0.060625199091275846,8476419
2016020693,409,penalty-kill,73,-8,FALSE,FALSE,TRUE,FALSE,FALSE,FALSE,0,8471768
2016020693,420,even-strength,68,-4,FALSE,FALSE,TRUE,FALSE,FALSE,FALSE,0,8475913
2016020693,428,even-strength,73,1,FALSE,FALSE,TRUE,FALSE,FALSE,FALSE,0,8476368
2016020693,432,even-strength,51,-23,FALSE,FALSE,TRUE,TRUE,FALSE,FALSE,0.022750770966902336,8476288
2016020693,442,penalty-kill,58,-18,FALSE,FALSE,TRUE,TRUE,FALSE,FALSE,0.09560422972015828,8476419
2016020693,445,even-strength,70,0,FALSE,FALSE,TRUE,FALSE,FALSE,FALSE,0,8473544
2016020693,603,even-strength,53,-2,FALSE,FALSE,TRUE,FALSE,FALSE,FALSE,0,8474578
2016020693,604,even-strength,86,-16,FALSE,FALSE,TRUE,TRUE,FALSE,FALSE,0.037179611335621865,8474578
2016020693,606,even-strength,83,-1,FALSE,FALSE,TRUE,TRUE,TRUE,FALSE,0.17109953108506348,8475913
2016020693,608,even-strength,81,4,FALSE,FALSE,TRUE,FALSE,FALSE,FALSE,0,8475913
2016020693,618,even-strength,70,-4,FALSE,FALSE,TRUE,TRUE,TRUE,FALSE,0.07096213755775546,8474250
2016020693,620,even-strength,41,-20,FALSE,FALSE,TRUE,TRUE,TRUE,FALSE,0.018039524143235397,8475227
2016020693,629,even-strength,76,15,FALSE,FALSE,TRUE,TRUE,FALSE,FALSE,0.050267573649836,8473544
2016020693,632,even-strength,89,-10,FALSE,FALSE,TRUE,TRUE,FALSE,FALSE,0.14515280149265344,8476419
2016020693,633,even-strength,77,-8,FALSE,FALSE,TRUE,FALSE,FALSE,FALSE,0,8476879
2016020693,635,even-strength,62,-21,FALSE,FALSE,TRUE,TRUE,FALSE,FALSE,0.037819643730365754,8474578
2016020693,637,even-strength,63,-17,FALSE,FALSE,TRUE,TRUE,FALSE,FALSE,0.03365385371931984,8474068
2016020693,644,even-strength,70,-22,FALSE,FALSE,TRUE,TRUE,TRUE,FALSE,0.04211566824838972,8474068
2016020693,646,even-strength,39,23,FALSE,FALSE,TRUE,TRUE,TRUE,FALSE,0.017748992383430653,8476879
2016020693,647,even-strength,79,20,FALSE,FALSE,TRUE,TRUE,FALSE,FALSE,0.022459440593376845,8471676
2016020693,648,even-strength,77,1,TRUE,FALSE,TRUE,FALSE,FALSE,FALSE,0,8474578
2016020693,649,even-strength,75,-8,FALSE,FALSE,TRUE,FALSE,FALSE,FALSE,0,8476879
2016020693,805,even-strength,69,22,FALSE,FALSE,TRUE,TRUE,FALSE,FALSE,0.056914755869460674,8471768
2016020693,810,even-strength,75,-7,FALSE,FALSE,TRUE,TRUE,TRUE,FALSE,0.1147063403918857,8475227
2016020693,817,power-play,78,-3,FALSE,FALSE,TRUE,TRUE,FALSE,FALSE,0.124245048862583,8475913
2016020693,818,power-play,75,1,FALSE,FALSE,TRUE,FALSE,FALSE,FALSE,0,8474578
2016020693,819,power-play,76,4,FALSE,FALSE,TRUE,FALSE,FALSE,FALSE,0,8474068
2016020693,821,power-play,86,1,FALSE,FALSE,TRUE,TRUE,TRUE,TRUE,0.125640516260665,8474884
2016020693,824,even-strength,71,8,FALSE,FALSE,TRUE,TRUE,TRUE,FALSE,0.07269007595398264,8474068
2016020693,825,even-strength,76,5,FALSE,TRUE,TRUE,TRUE,FALSE,FALSE,0.23301320681352397,8470602
2016020693,834,even-strength,60,-4,TRUE,FALSE,TRUE,TRUE,TRUE,FALSE,0.09440611450901555,8474578
2016020693,839,even-strength,55,-24,FALSE,FALSE,TRUE,TRUE,FALSE,FALSE,0.1442414470429887,8475913
2016020693,841,even-strength,73,8,FALSE,FALSE,TRUE,TRUE,TRUE,FALSE,0.09593231651709713,8474884
2016020693,844,even-strength,48,-17,FALSE,FALSE,TRUE,TRUE,FALSE,FALSE,0.046959232991594636,8475227
2016020693,1002,even-strength,54,-3,FALSE,FALSE,TRUE,TRUE,FALSE,FALSE,0.09490468043382935,8474884
2016020710,7,even-strength,84,-7,FALSE,FALSE,TRUE,TRUE,TRUE,FALSE,0.06778924702248312,8471346
2016020710,19,even-strength,51,10,FALSE,FALSE,TRUE,FALSE,FALSE,FALSE,0,8476967
2016020710,21,even-strength,29,7,FALSE,FALSE,TRUE,TRUE,FALSE,FALSE,0.013879715985596517,8476462
2016020710,25,even-strength,87,-5,TRUE,FALSE,TRUE,TRUE,TRUE,FALSE,0.0854504557910085,8479314
2016020710,26,even-strength,85,-3,TRUE,TRUE,TRUE,TRUE,TRUE,FALSE,0.3971927332127534,8479314
2016020710,28,even-strength,33,18,FALSE,FALSE,TRUE,TRUE,TRUE,FALSE,0.015283677880226498,8476967
2016020710,35,penalty-kill,57,-12,FALSE,FALSE,TRUE,TRUE,TRUE,FALSE,0.036111045554454255,8474150
2016020710,36,even-strength,73,-16,FALSE,FALSE,TRUE,TRUE,FALSE,FALSE,0.05067650834074937,8471346
2016020710,38,even-strength,70,-16,FALSE,FALSE,TRUE,FALSE,FALSE,FALSE,0,8471426
2016020710,42,power-play,74,-9,FALSE,FALSE,TRUE,FALSE,FALSE,FALSE,0,8476346
2016020710,43,power-play,33,14,FALSE,FALSE,TRUE,TRUE,FALSE,FALSE,0.04936927942419371,8476462
2016020710,44,even-strength,81,-5,FALSE,FALSE,TRUE,TRUE,FALSE,FALSE,0.09848794572193235,8474642
2016020710,201,even-strength,61,-13,FALSE,FALSE,TRUE,TRUE,TRUE,FALSE,0.04359294144075568,8475163
2016020710,204,even-strength,42,24,FALSE,FALSE,TRUE,TRUE,TRUE,FALSE,0.014972572101359185,8479314
2016020710,213,even-strength,57,-5,FALSE,FALSE,TRUE,TRUE,TRUE,FALSE,0.04733666044985244,8475163
2016020710,222,even-strength,65,14,FALSE,FALSE,TRUE,FALSE,FALSE,FALSE,0,8477497
2016020710,238,penalty-kill,47,6,FALSE,FALSE,TRUE,TRUE,TRUE,FALSE,0.09436574221622634,8474673
2016020710,245,power-play,69,1,FALSE,FALSE,TRUE,FALSE,FALSE,FALSE,0,8477497
2016020710,246,power-play,67,-18,FALSE,FALSE,TRUE,TRUE,TRUE,FALSE,0.07332276731378387,8474150
2016020710,249,even-strength,54,-24,FALSE,FALSE,TRUE,TRUE,TRUE,FALSE,0.026503378811226046,8475163
2016020710,402,even-strength,36,12,FALSE,FALSE,TRUE,TRUE,TRUE,FALSE,0.01805877098069995,8476967
2016020710,407,even-strength,48,-36,FALSE,FALSE,TRUE,TRUE,TRUE,FALSE,0.013793279103151536,8476462
2016020710,408,even-strength,45,-3,FALSE,FALSE,TRUE,TRUE,TRUE,FALSE,0.020170286984784062,8474150
2016020710,413,even-strength,50,-2,FALSE,FALSE,TRUE,TRUE,FALSE,FALSE,0.05131766198124287,8477497
2016020710,420,power-play,62,-15,FALSE,FALSE,TRUE,FALSE,FALSE,FALSE,0,8471346
2016020710,422,even-strength,82,0,FALSE,FALSE,TRUE,TRUE,TRUE,FALSE,0.1748307989223329,8479314
2016020710,423,even-strength,67,14,FALSE,FALSE,TRUE,TRUE,TRUE,FALSE,0.03740229116862106,8474150
2016020710,426,even-strength,39,16,FALSE,FALSE,TRUE,TRUE,FALSE,FALSE,0.019068804972581534,8474673
2016020710,427,even-strength,53,12,FALSE,FALSE,TRUE,FALSE,FALSE,FALSE,0,8475878
2016020710,429,even-strength,31,-28,FALSE,FALSE,TRUE,TRUE,TRUE,FALSE,0.007649782444993222,8469770
2016020710,430,even-strength,68,1,FALSE,FALSE,TRUE,FALSE,FALSE,FALSE,0,8474673
2016020710,431,even-strength,74,10,FALSE,FALSE,TRUE,FALSE,FALSE,FALSE,0,8473564
2016020710,432,even-strength,79,-13,TRUE,FALSE,TRUE,TRUE,TRUE,FALSE,0.07813936903203803,8471346
2016020710,434,power-play,40,3,FALSE,FALSE,TRUE,TRUE,FALSE,FALSE,0.055263112064384404,8476346
2016020710,439,power-play,82,-2,FALSE,FALSE,TRUE,TRUE,TRUE,FALSE,0.11324168622120079,8474150
2016020710,441,power-play,29,6,FALSE,FALSE,TRUE,TRUE,TRUE,FALSE,0.03428811703420625,8476462
2016020710,442,power-play,61,-3,FALSE,FALSE,TRUE,FALSE,FALSE,FALSE,0,8470966
2016020710,608,even-strength,74,1,FALSE,FALSE,TRUE,FALSE,FALSE,FALSE,0,8470966
2016020710,609,even-strength,78,-8,FALSE,FALSE,TRUE,TRUE,TRUE,FALSE,0.07201954269140083,8476346
2016020710,610,even-strength,83,6,TRUE,FALSE,TRUE,TRUE,TRUE,FALSE,0.11588403458462289,8477497
2016020710,612,even-strength,34,19,FALSE,FALSE,TRUE,TRUE,TRUE,FALSE,0.01395937150590655,8474673
2016020710,617,even-strength,77,14,TRUE,FALSE,TRUE,FALSE,FALSE,FALSE,0,8471346
2016020710,618,even-strength,56,23,FALSE,FALSE,TRUE,TRUE,TRUE,FALSE,0.025977428809797556,8474642
2016020710,620,even-strength,34,-26,FALSE,FALSE,TRUE,TRUE,FALSE,FALSE,0.011416217153262987,8469770
2016020710,628,even-strength,79,-9,FALSE,FALSE,TRUE,FALSE,FALSE,FALSE,0,8468674
2016020710,630,even-strength,71,5,FALSE,FALSE,TRUE,FALSE,FALSE,FALSE,0,8477935
2016020710,631,even-strength,67,-2,FALSE,FALSE,TRUE,FALSE,FALSE,FALSE,0,8469770
2016020710,641,even-strength,77,-5,FALSE,FALSE,TRUE,FALSE,FALSE,FALSE,0,8479314
2016020710,642,even-strength,49,17,FALSE,FALSE,TRUE,TRUE,TRUE,FALSE,0.03833321426745015,8473564
2016020710,644,even-strength,71,5,FALSE,FALSE,TRUE,FALSE,FALSE,FALSE,0,8476346
2016020710,646,even-strength,62,2,FALSE,FALSE,TRUE,FALSE,FALSE,FALSE,0,8469770
2016020710,650,even-strength,64,4,FALSE,FALSE,TRUE,FALSE,FALSE,FALSE,0,8477935
2016020710,752,power-play,69,-10,FALSE,FALSE,TRUE,FALSE,FALSE,FALSE,0,8471346
2016020710,753,power-play,66,-10,FALSE,FALSE,TRUE,TRUE,TRUE,FALSE,0.08282266744255624,8471346
2016020710,754,power-play,51,-19,FALSE,FALSE,TRUE,FALSE,FALSE,FALSE,0,8471346
2016020710,756,even-strength,45,20,FALSE,FALSE,TRUE,FALSE,FALSE,FALSE,0,8470966
2016020724,54,even-strength,82,-20,FALSE,FALSE,TRUE,TRUE,TRUE,FALSE,0.03541917599996355,8476430
2016020724,58,even-strength,69,13,FALSE,FALSE,TRUE,FALSE,FALSE,FALSE,0,8470144
2016020724,62,even-strength,67,20,FALSE,FALSE,TRUE,TRUE,FALSE,FALSE,0.05255960428320635,8475772
2016020724,67,even-strength,84,-7,FALSE,FALSE,TRUE,FALSE,FALSE,FALSE,0,8471794
2016020724,68,even-strength,39,-23,FALSE,FALSE,TRUE,TRUE,TRUE,FALSE,0.012245822747745872,8471242
2016020724,74,power-play,69,3,FALSE,FALSE,TRUE,TRUE,FALSE,FALSE,0.10238429350109891,8474679
2016020724,75,power-play,44,-2,FALSE,FALSE,TRUE,FALSE,FALSE,FALSE,0,8476960
2016020724,76,power-play,70,0,FALSE,FALSE,TRUE,TRUE,FALSE,FALSE,0.0904640702719396,8475193
2016020724,77,even-strength,69,23,FALSE,FALSE,TRUE,FALSE,FALSE,FALSE,0,8475324
2016020724,78,even-strength,35,35,FALSE,FALSE,TRUE,TRUE,TRUE,FALSE,0.007780890364018992,8475324
2016020724,82,even-strength,58,5,FALSE,FALSE,TRUE,FALSE,FALSE,FALSE,0,8474679
2016020724,84,even-strength,71,-2,FALSE,FALSE,TRUE,FALSE,FALSE,FALSE,0,8470144
2016020724,86,even-strength,75,-7,FALSE,FALSE,TRUE,FALSE,FALSE,FALSE,0,8468083
2016020724,87,even-strength,68,20,FALSE,FALSE,TRUE,TRUE,FALSE,FALSE,0.03482028852972926,8477511
2016020724,88,even-strength,45,-34,FALSE,FALSE,TRUE,TRUE,TRUE,FALSE,0.018465104679182432,8475324
2016020724,91,even-strength,69,7,FALSE,FALSE,TRUE,TRUE,TRUE,FALSE,0.0652760714302514,8468083
2016020724,99,even-strength,69,-22,FALSE,FALSE,TRUE,TRUE,TRUE,FALSE,0.02166127653759895,8468083
2016020724,358,even-strength,71,-1,FALSE,FALSE,TRUE,FALSE,FALSE,FALSE,0,8477215
2016020724,362,even-strength,88,20,TRUE,FALSE,TRUE,TRUE,TRUE,FALSE,0.04929301733692392,8468083
2016020724,363,even-strength,39,17,FALSE,FALSE,TRUE,TRUE,FALSE,FALSE,0.016332413746716824,8477215
2016020724,364,even-strength,45,0,FALSE,FALSE,TRUE,TRUE,FALSE,FALSE,0.025582273435667335,8468083
2016020724,366,power-play,78,11,FALSE,FALSE,TRUE,TRUE,TRUE,FALSE,0.07122615280036568,8475193
2016020724,369,even-strength,62,-8,FALSE,FALSE,TRUE,TRUE,FALSE,FALSE,0.05133611793562718,8470598
2016020724,374,even-strength,77,-3,FALSE,FALSE,TRUE,TRUE,FALSE,FALSE,0.09611509674049745,8476430
2016020724,376,even-strength,74,15,FALSE,FALSE,TRUE,TRUE,TRUE,FALSE,0.049109476826943575,8468509
2016020724,378,even-strength,78,-33,FALSE,FALSE,TRUE,TRUE,TRUE,FALSE,0.017625773576033673,8471242
2016020724,379,even-strength,84,-3,FALSE,FALSE,TRUE,TRUE,TRUE,FALSE,0.14975123982331887,8475772
2016020724,394,even-strength,84,28,FALSE,FALSE,TRUE,TRUE,FALSE,FALSE,0.0231411658750648,8476960
2016020724,398,even-strength,76,-1,FALSE,FALSE,TRUE,TRUE,TRUE,FALSE,0.14650715143088552,8470598
2016020724,400,even-strength,83,2,FALSE,FALSE,TRUE,TRUE,TRUE,FALSE,0.14014779587751122,8474679
2016020724,553,even-strength,39,9,FALSE,FALSE,TRUE,TRUE,TRUE,FALSE,0.02083916531504914,8470318
2016020724,554,even-strength,59,-20,FALSE,FALSE,TRUE,FALSE,FALSE,FALSE,0,8470318
2016020724,555,even-strength,58,14,FALSE,FALSE,TRUE,TRUE,TRUE,FALSE,0.04301021368863581,8471716
2016020724,557,even-strength,73,12,FALSE,FALSE,TRUE,TRUE,TRUE,FALSE,0.07391462447805386,8476960
2016020724,559,even-strength,83,6,FALSE,TRUE,TRUE,FALSE,FALSE,FALSE,0,8476960
2016020724,560,even-strength,85,-10,FALSE,FALSE,TRUE,TRUE,TRUE,FALSE,0.05192971346895765,8477511
2016020724,566,penalty-kill,71,-38,FALSE,FALSE,TRUE,TRUE,FALSE,FALSE,0.014884611857764532,8476822
2016020724,567,penalty-kill,78,-14,FALSE,FALSE,TRUE,FALSE,FALSE,FALSE,0,8470144
2016020724,574,even-strength,78,-24,FALSE,FALSE,TRUE,TRUE,TRUE,FALSE,0.032658906716645626,8470598
2016020724,579,even-strength,81,1,FALSE,FALSE,TRUE,TRUE,TRUE,FALSE,0.1529772592107309,8471794
2016020724,581,even-strength,84,-8,FALSE,FALSE,TRUE,FALSE,FALSE,FALSE,0,8476960
2016020724,582,even-strength,72,7,FALSE,FALSE,TRUE,TRUE,TRUE,FALSE,0.09025862011259278,8476960
2016020724,585,even-strength,31,38,FALSE,FALSE,TRUE,TRUE,FALSE,FALSE,0.008554879321795794,8477215
2016020724,589,even-strength,65,1,FALSE,FALSE,TRUE,TRUE,FALSE,FALSE,0.08579557706591875,8471716
2016020724,590,even-strength,86,-19,FALSE,FALSE,TRUE,TRUE,TRUE,FALSE,0.027515558184585395,8476822
2016020724,602,even-strength,83,3,FALSE,TRUE,TRUE,TRUE,TRUE,FALSE,0.2585480962761561,8470144
2016020750,19,even-strength,58,21,FALSE,FALSE,TRUE,TRUE,FALSE,FALSE,0.02458825118880336,8474818
2016020750,54,even-strength,52,31,FALSE,FALSE,TRUE,TRUE,FALSE,FALSE,0.013234483233823932,8469465
2016020750,55,even-strength,60,1,FALSE,FALSE,TRUE,TRUE,FALSE,FALSE,0.049924008404573145,8475236
2016020750,56,even-strength,63,-24,FALSE,FALSE,TRUE,TRUE,TRUE,FALSE,0.021664274027120428,8475794
2016020750,58,even-strength,67,4,FALSE,FALSE,TRUE,FALSE,FALSE,FALSE,0,8469465
2016020750,59,even-strength,77,3,FALSE,FALSE,TRUE,TRUE,TRUE,TRUE,0.13826766984619762,8476913
2016020750,67,even-strength,61,24,FALSE,FALSE,TRUE,TRUE,TRUE,FALSE,0.0360112963832063,8476913
2016020750,68,even-strength,80,1,FALSE,TRUE,TRUE,TRUE,TRUE,TRUE,0.33036951185489805,8476889
2016020750,70,even-strength,37,34,FALSE,FALSE,TRUE,TRUE,TRUE,FALSE,0.007696872883585952,8469465
2016020750,73,even-strength,60,-1,FALSE,FALSE,TRUE,TRUE,TRUE,FALSE,0.08201044197321522,8475794
2016020750,74,even-strength,67,18,FALSE,FALSE,TRUE,FALSE,FALSE,FALSE,0,8474849
2016020750,89,even-strength,55,1,FALSE,FALSE,TRUE,TRUE,TRUE,FALSE,0.05805611666554078,8469544
2016020750,91,even-strength,70,2,FALSE,FALSE,TRUE,TRUE,TRUE,TRUE,0.08259070638879115,8471232
2016020761,53,even-strength,70,-24,FALSE,FALSE,TRUE,TRUE,TRUE,FALSE,0.031750218920063855,8474102
2016020761,54,even-strength,64,33,FALSE,FALSE,TRUE,TRUE,FALSE,FALSE,0.03463473608378646,8476441
2016020761,55,even-strength,81,-1,FALSE,FALSE,TRUE,TRUE,TRUE,FALSE,0.15786552128290007,8476892
2016020761,57,even-strength,86,13,FALSE,FALSE,TRUE,TRUE,FALSE,FALSE,0.04229202798488301,8476855
2016020761,58,even-strength,75,-8,FALSE,FALSE,TRUE,FALSE,FALSE,FALSE,0,8471817
2016020761,71,even-strength,82,-4,FALSE,FALSE,TRUE,TRUE,TRUE,FALSE,0.08649984306483409,8474102
2016020761,73,even-strength,70,-34,FALSE,FALSE,TRUE,TRUE,TRUE,FALSE,0.015988383297520437,8474565
2016020761,74,even-strength,65,0,FALSE,FALSE,TRUE,TRUE,TRUE,FALSE,0.0710118479098591,8477952
2016020761,75,even-strength,47,34,FALSE,FALSE,TRUE,TRUE,TRUE,FALSE,0.019694107759126167,8470257
2016020761,78,even-strength,37,-18,FALSE,FALSE,TRUE,TRUE,TRUE,FALSE,0.01861028022599061,8470151
2016020761,80,even-strength,63,24,FALSE,FALSE,TRUE,TRUE,TRUE,FALSE,0.03137657047669508,8477952
2016020761,85,even-strength,72,27,FALSE,FALSE,TRUE,TRUE,TRUE,FALSE,0.02164552820026297,8475765
2016020761,96,even-strength,41,-19,FALSE,FALSE,TRUE,TRUE,TRUE,FALSE,0.016135072553853082,8474031
2016020761,98,even-strength,62,-3,FALSE,FALSE,TRUE,TRUE,TRUE,TRUE,0.04819557370927145,8470257
2016020761,316,penalty-kill,68,6,FALSE,FALSE,TRUE,TRUE,TRUE,FALSE,0.06127190344440424,8471669
2016020761,317,penalty-kill,67,5,FALSE,FALSE,TRUE,TRUE,TRUE,FALSE,0.10505564661195865,8475768
2016020761,322,even-strength,42,-1,FALSE,FALSE,TRUE,TRUE,TRUE,FALSE,0.020258369790348014,8474031
2016020761,324,even-strength,66,-18,FALSE,FALSE,TRUE,TRUE,FALSE,FALSE,0.03543726446296149,8477952
2016020761,325,even-strength,70,3,FALSE,FALSE,TRUE,FALSE,FALSE,FALSE,0,8474125
2016020761,327,even-strength,74,-7,FALSE,FALSE,TRUE,FALSE,FALSE,FALSE,0,8474565
2016020761,328,even-strength,78,6,FALSE,FALSE,TRUE,TRUE,TRUE,TRUE,0.07998165178256865,8471669
2016020761,330,even-strength,58,-3,FALSE,FALSE,TRUE,TRUE,TRUE,TRUE,0.048627837553250626,8475765
2016020761,337,even-strength,59,-4,FALSE,FALSE,TRUE,TRUE,TRUE,FALSE,0.05716095879643212,8474102
2016020761,340,power-play,74,1,FALSE,FALSE,TRUE,FALSE,FALSE,FALSE,0,8470257
2016020761,341,power-play,67,-2,FALSE,FALSE,TRUE,FALSE,FALSE,FALSE,0,8470257
2016020761,342,power-play,70,7,FALSE,FALSE,TRUE,TRUE,TRUE,FALSE,0.1102535525588497,8473534
2016020761,343,power-play,60,-27,FALSE,FALSE,TRUE,TRUE,FALSE,FALSE,0.05993727048629592,8475765
2016020761,345,power-play,69,21,FALSE,FALSE,TRUE,TRUE,TRUE,TRUE,0.06645795268241377,8476892
2016020761,349,power-play,49,25,FALSE,FALSE,TRUE,TRUE,FALSE,FALSE,0.0595494341934913,8475765
2016020761,350,power-play,66,10,FALSE,FALSE,TRUE,TRUE,FALSE,FALSE,0.1042371382660498,8475765
2016020761,402,even-strength,69,-8,FALSE,FALSE,TRUE,FALSE,FALSE,FALSE,0,8476892
2016020761,406,even-strength,59,-15,FALSE,FALSE,TRUE,TRUE,TRUE,FALSE,0.05766382674191598,8477952
2016020761,416,even-strength,67,2,FALSE,FALSE,TRUE,TRUE,TRUE,FALSE,0.08829287795237957,8475765
2016020761,420,even-strength,73,8,FALSE,FALSE,TRUE,TRUE,TRUE,FALSE,0.07961437829537527,8475765
2016020761,421,even-strength,93,7,FALSE,TRUE,TRUE,TRUE,TRUE,FALSE,0.3021733521092338,8475765
2016020761,424,even-strength,66,-17,FALSE,FALSE,TRUE,TRUE,TRUE,FALSE,0.03852563696205039,8470105
2016020761,425,even-strength,37,16,FALSE,FALSE,TRUE,TRUE,TRUE,FALSE,0.01908938040159181,8470151
2016020761,430,even-strength,36,21,FALSE,FALSE,TRUE,TRUE,TRUE,FALSE,0.013856846622881572,8476892
2016020761,432,even-strength,63,25,FALSE,FALSE,TRUE,TRUE,TRUE,FALSE,0.027435573906768384,8470105
2016020761,433,even-strength,76,11,FALSE,TRUE,TRUE,TRUE,TRUE,FALSE,0.1880118605511155,8470105
2016020761,606,even-strength,80,7,FALSE,FALSE,TRUE,TRUE,TRUE,TRUE,0.0738437157200945,8471669
2016020761,617,even-strength,62,32,FALSE,FALSE,TRUE,TRUE,FALSE,FALSE,0.02521799339342565,8477952
2016020761,620,even-strength,61,17,TRUE,FALSE,TRUE,TRUE,TRUE,FALSE,0.07668717861796817,8476855
2016020761,622,even-strength,46,34,FALSE,FALSE,TRUE,TRUE,TRUE,FALSE,0.01139475965311065,8477964
2016020774,6,even-strength,59,2,FALSE,FALSE,TRUE,FALSE,FALSE,FALSE,0,8470638
2016020774,38,even-strength,53,6,FALSE,FALSE,TRUE,FALSE,FALSE,FALSE,0,8476525
2016020774,42,even-strength,60,-21,FALSE,TRUE,TRUE,FALSE,FALSE,FALSE,0,8477956
2016020774,44,even-strength,60,27,FALSE,FALSE,TRUE,FALSE,FALSE,FALSE,0,8477213
2016020774,60,even-strength,81,-15,FALSE,FALSE,TRUE,TRUE,TRUE,TRUE,0.059390964287817795,8477956
2016020774,63,even-strength,67,-3,FALSE,FALSE,TRUE,TRUE,FALSE,FALSE,0.06555476375431595,8473492
2016020774,77,even-strength,49,25,FALSE,FALSE,TRUE,TRUE,TRUE,FALSE,0.019747703785688426,8476792
2016020774,78,even-strength,78,-1,FALSE,FALSE,TRUE,TRUE,TRUE,FALSE,0.14332162283123656,8478512
2016020774,81,power-play,63,-2,TRUE,FALSE,TRUE,TRUE,TRUE,FALSE,0.14923823072380432,8470638
2016020774,84,power-play,71,26,FALSE,FALSE,TRUE,TRUE,TRUE,FALSE,0.06724136176501087,8478366
2016020774,90,even-strength,73,16,FALSE,FALSE,TRUE,TRUE,TRUE,FALSE,0.061677430352199906,8474062
2016020774,95,even-strength,66,18,FALSE,FALSE,TRUE,TRUE,FALSE,FALSE,0.07271162895317711,8473492
2016020774,97,even-strength,50,14,FALSE,FALSE,TRUE,TRUE,FALSE,FALSE,0.02753805705145456,8478366
2016020774,99,even-strength,37,25,FALSE,FALSE,TRUE,TRUE,TRUE,FALSE,0.014178011772697986,8465009
2016020774,223,even-strength,87,-11,FALSE,FALSE,TRUE,FALSE,FALSE,FALSE,0,8473419
2016020774,225,even-strength,64,-8,FALSE,FALSE,TRUE,FALSE,FALSE,FALSE,0,8477956
2016020774,232,even-strength,59,0,FALSE,FALSE,TRUE,FALSE,FALSE,FALSE,0,8465009
2016020774,236,even-strength,61,-10,FALSE,FALSE,TRUE,FALSE,FALSE,FALSE,0,8474062
2016020774,242,power-play,75,-12,FALSE,FALSE,TRUE,FALSE,FALSE,FALSE,0,8470638
2016020774,243,power-play,72,-17,FALSE,FALSE,TRUE,FALSE,FALSE,FALSE,0,8470638
2016020774,301,even-strength,76,10,FALSE,FALSE,TRUE,TRUE,TRUE,FALSE,0.06152746149318391,8476792
2016020774,312,penalty-kill,-65,21,FALSE,FALSE,TRUE,TRUE,TRUE,FALSE,5.669672098663011e-4,8465009
2016020774,314,even-strength,83,-12,FALSE,FALSE,TRUE,TRUE,TRUE,FALSE,0.054891221981530514,8470655
2016020774,315,even-strength,89,-20,FALSE,FALSE,TRUE,TRUE,TRUE,FALSE,0.11713924863504815,8470655
2016020774,316,even-strength,37,27,TRUE,FALSE,TRUE,TRUE,FALSE,FALSE,0.01628777686850722,8476792
2016020774,318,even-strength,58,4,FALSE,FALSE,TRUE,TRUE,FALSE,FALSE,0.045713380237343004,8478512
2016020774,324,even-strength,70,21,FALSE,FALSE,TRUE,TRUE,FALSE,FALSE,0.04108039804408379,8478512
2016020774,325,even-strength,62,-33,FALSE,FALSE,TRUE,TRUE,FALSE,FALSE,0.022716917586485003,8474062
2016020774,328,even-strength,39,-34,FALSE,FALSE,TRUE,TRUE,TRUE,FALSE,0.00881814731483681,8465009
2016020774,330,even-strength,62,-14,TRUE,FALSE,TRUE,TRUE,TRUE,FALSE,0.09364151860334176,8470638
2016020774,331,even-strength,60,-23,FALSE,FALSE,TRUE,TRUE,TRUE,FALSE,0.019487554902401196,8470638
2016020774,334,even-strength,37,-33,FALSE,FALSE,TRUE,TRUE,FALSE,FALSE,0.011067559014998205,8471717
2016020774,337,even-strength,83,-21,FALSE,FALSE,TRUE,TRUE,FALSE,FALSE,0.021601201404645137,8465009
2016020774,342,power-play,65,-32,FALSE,FALSE,TRUE,TRUE,TRUE,FALSE,0.028998226146195617,8476792
2016020774,343,power-play,87,-10,FALSE,TRUE,TRUE,TRUE,FALSE,FALSE,0.17071751062591647,8473419
2016020774,345,even-strength,82,8,TRUE,FALSE,TRUE,TRUE,TRUE,FALSE,0.09224648930466478,8474062
2016020774,410,even-strength,71,-25,FALSE,FALSE,TRUE,TRUE,TRUE,FALSE,0.03817500374724293,8473419
2016020774,411,even-strength,38,12,TRUE,FALSE,TRUE,TRUE,TRUE,FALSE,0.019900156029719215,8465009
2016020774,412,even-strength,79,2,TRUE,TRUE,TRUE,TRUE,TRUE,TRUE,0.38654168192423194,8477956
2016020774,417,even-strength,59,-35,FALSE,FALSE,TRUE,TRUE,TRUE,FALSE,0.019100867791833127,8471717
2016020774,418,even-strength,72,-29,FALSE,FALSE,TRUE,TRUE,TRUE,FALSE,0.026995829840759093,8478366
2016020774,421,power-play,55,-5,FALSE,FALSE,TRUE,TRUE,FALSE,FALSE,0.07929954104260044,8470638
2016020774,422,power-play,43,-13,FALSE,FALSE,TRUE,TRUE,FALSE,FALSE,0.030120928896095002,8476792
2016020774,425,power-play,78,24,FALSE,FALSE,TRUE,TRUE,TRUE,FALSE,0.07779502771767954,8477956
2016020774,426,power-play,80,-13,FALSE,FALSE,TRUE,TRUE,TRUE,TRUE,0.05321433568455015,8476792
2016020774,441,even-strength,46,-38,TRUE,FALSE,TRUE,TRUE,FALSE,FALSE,0.011558398800918305,8474062
2016020774,442,even-strength,51,-38,FALSE,FALSE,TRUE,TRUE,TRUE,FALSE,0.010569817188400273,8474062
2016020774,443,even-strength,46,-5,FALSE,FALSE,TRUE,TRUE,TRUE,FALSE,0.03230758879950213,8471276
2016020774,446,even-strength,68,3,FALSE,FALSE,TRUE,TRUE,TRUE,FALSE,0.0742915135832378,8474062
2016020774,449,even-strength,75,2,FALSE,FALSE,TRUE,TRUE,FALSE,FALSE,0.1245796983787225,8475727
2016020774,451,power-play,60,-8,FALSE,FALSE,TRUE,TRUE,TRUE,FALSE,0.07747282624021969,8470638
2016020774,452,power-play,41,-29,FALSE,FALSE,TRUE,TRUE,TRUE,FALSE,0.020226157084417176,8476792
2016020774,453,power-play,55,-7,FALSE,FALSE,TRUE,TRUE,TRUE,FALSE,0.052667682373612794,8470638
2016020774,454,power-play,60,-21,FALSE,FALSE,TRUE,TRUE,TRUE,FALSE,0.0624281980131291,8473419
2016020774,461,power-play,63,-12,FALSE,FALSE,TRUE,TRUE,TRUE,FALSE,0.10070478540552626,8470655
2016020774,463,even-strength,46,13,FALSE,FALSE,TRUE,TRUE,TRUE,FALSE,0.03052659793431191,8465009
2016020774,479,even-strength,67,5,FALSE,FALSE,TRUE,TRUE,TRUE,FALSE,0.10534994952853535,8473419
2016020774,483,even-strength,69,-2,FALSE,FALSE,TRUE,TRUE,FALSE,FALSE,0.10721164693466469,8477213
2016020774,484,even-strength,78,-1,FALSE,FALSE,TRUE,TRUE,TRUE,TRUE,0.09800188338647933,8475727
2016020774,486,even-strength,48,13,FALSE,FALSE,TRUE,TRUE,FALSE,FALSE,0.020253382597438252,8465009
2016020774,490,even-strength,75,1,FALSE,FALSE,TRUE,TRUE,TRUE,FALSE,0.09740734506353317,8475727
2016020774,493,even-strength,63,-22,FALSE,FALSE,TRUE,TRUE,FALSE,FALSE,0.04751732260867771,8477956
2016020774,496,even-strength,48,-10,FALSE,FALSE,TRUE,TRUE,FALSE,FALSE,0.03130061017360229,8471276
2016020774,500,even-strength,60,-26,FALSE,FALSE,TRUE,TRUE,TRUE,FALSE,0.02626016831667018,8477956
2016020774,514,even-strength,71,-15,FALSE,FALSE,TRUE,FALSE,FALSE,FALSE,0,8477956
2016020774,521,even-strength,69,-16,FALSE,FALSE,TRUE,FALSE,FALSE,FALSE,0,8478366
2016020774,525,power-play,66,7,TRUE,FALSE,TRUE,FALSE,FALSE,FALSE,0,8477956
2016020774,526,power-play,62,11,FALSE,FALSE,TRUE,FALSE,FALSE,FALSE,0,8477956
2016020774,651,power-play,65,-6,FALSE,FALSE,TRUE,FALSE,FALSE,FALSE,0,8476792
2016020774,683,even-strength,65,-7,FALSE,FALSE,TRUE,FALSE,FALSE,FALSE,0,8471276
2016020774,686,even-strength,53,3,FALSE,FALSE,TRUE,FALSE,FALSE,FALSE,0,8476792
2016020774,690,even-strength,61,-14,FALSE,FALSE,TRUE,FALSE,FALSE,FALSE,0,8476792
2016020774,692,even-strength,66,-8,FALSE,FALSE,TRUE,FALSE,FALSE,FALSE,0,8478366
2016020774,802,even-strength,37,-10,FALSE,FALSE,TRUE,TRUE,FALSE,FALSE,0.016578806562720393,8471717
2016020774,808,even-strength,73,33,FALSE,FALSE,TRUE,TRUE,TRUE,FALSE,0.01814983915949805,8476792
2016020774,809,even-strength,59,14,FALSE,FALSE,TRUE,TRUE,TRUE,FALSE,0.03671116952481552,8476792
2016020774,812,power-play,62,-15,FALSE,FALSE,TRUE,TRUE,TRUE,FALSE,0.062053706156672425,8470638
2016020774,814,power-play,74,4,FALSE,FALSE,TRUE,TRUE,TRUE,TRUE,0.09019304037213172,8470638
2016020774,822,even-strength,61,-2,FALSE,FALSE,TRUE,TRUE,TRUE,FALSE,0.06275261830362747,8473419
2016020788,15,even-strength,80,-1,FALSE,TRUE,TRUE,FALSE,FALSE,FALSE,0,8474573
2016020788,54,even-strength,72,0,FALSE,FALSE,TRUE,TRUE,FALSE,FALSE,0.09334689938568144,8475166
2016020788,57,even-strength,57,9,FALSE,FALSE,TRUE,TRUE,TRUE,FALSE,0.04428864385224375,8476458
2016020788,58,even-strength,84,7,FALSE,TRUE,TRUE,TRUE,TRUE,TRUE,0.18005538544997904,8476458
2016020788,64,even-strength,74,-4,FALSE,TRUE,TRUE,TRUE,TRUE,FALSE,0.23414936764214944,8475166
2016020788,66,even-strength,80,0,FALSE,FALSE,TRUE,TRUE,TRUE,FALSE,0.18517401308720435,8475166
2016020788,68,even-strength,55,-15,TRUE,FALSE,TRUE,FALSE,FALSE,FALSE,0,8474573
2016020788,70,even-strength,54,0,FALSE,FALSE,TRUE,TRUE,TRUE,FALSE,0.06362527269275349,8475314
2016020788,74,even-strength,75,9,TRUE,FALSE,TRUE,FALSE,FALSE,FALSE,0,8471217
2016020788,75,even-strength,70,-15,TRUE,FALSE,TRUE,FALSE,FALSE,FALSE,0,8476409
2016020788,79,even-strength,32,-27,FALSE,FALSE,TRUE,TRUE,TRUE,FALSE,0.014967653620888538,8470187
2016020788,81,even-strength,47,-9,FALSE,FALSE,TRUE,TRUE,TRUE,FALSE,0.04864920679763794,8475754
2016020788,82,even-strength,60,24,FALSE,FALSE,TRUE,TRUE,TRUE,FALSE,0.03830708933083663,8478463
2016020788,90,even-strength,76,-5,FALSE,FALSE,TRUE,FALSE,FALSE,FALSE,0,8471217
2016020788,92,even-strength,46,4,FALSE,FALSE,TRUE,TRUE,FALSE,FALSE,0.0382868612246118,8473579
2016020788,94,even-strength,52,-23,FALSE,FALSE,TRUE,TRUE,TRUE,FALSE,0.030790057067362275,8470187
2016020788,95,even-strength,33,16,FALSE,FALSE,TRUE,FALSE,FALSE,FALSE,0,8470187
2016020788,254,even-strength,49,-3,FALSE,TRUE,TRUE,TRUE,TRUE,FALSE,0.10509528182313335,8475231
2016020788,255,even-strength,73,-1,FALSE,TRUE,TRUE,TRUE,TRUE,TRUE,0.21181831345633254,8473579
2016020788,256,even-strength,78,0,FALSE,FALSE,TRUE,TRUE,TRUE,FALSE,0.1246957015975453,8476409
2016020788,260,even-strength,36,18,FALSE,FALSE,TRUE,TRUE,TRUE,FALSE,0.019974278841944994,8478463
2016020788,261,even-strength,77,-3,TRUE,FALSE,TRUE,FALSE,FALSE,FALSE,0,8476386
2016020788,266,even-strength,66,-3,FALSE,FALSE,TRUE,TRUE,TRUE,FALSE,0.0955085921909295,8473579
2016020788,272,even-strength,58,-7,FALSE,FALSE,TRUE,TRUE,TRUE,FALSE,0.05050718800154396,8471217
2016020788,273,even-strength,79,6,FALSE,TRUE,TRUE,TRUE,TRUE,FALSE,0.19025250057110654,8474573
2016020788,275,even-strength,78,-8,FALSE,FALSE,TRUE,FALSE,FALSE,FALSE,0,8470187
2016020788,283,even-strength,66,-10,FALSE,FALSE,TRUE,FALSE,FALSE,FALSE,0,8471217
2016020788,290,even-strength,72,-7,FALSE,FALSE,TRUE,TRUE,FALSE,FALSE,0.05040678162666795,8475166
2016020788,291,even-strength,39,21,FALSE,FALSE,TRUE,TRUE,TRUE,FALSE,0.026158395301373337,8470187
2016020788,293,power-play,67,-1,FALSE,FALSE,TRUE,FALSE,FALSE,FALSE,0,8475166
2016020788,294,power-play,69,11,FALSE,FALSE,TRUE,FALSE,FALSE,FALSE,0,8475181
2016020788,297,power-play,61,8,FALSE,FALSE,TRUE,TRUE,FALSE,FALSE,0.07551979758573052,8475166
2016020788,299,even-strength,39,0,TRUE,FALSE,TRUE,TRUE,FALSE,FALSE,0.0546776548827608,8473579
2016020788,403,even-strength,60,4,FALSE,FALSE,TRUE,TRUE,TRUE,FALSE,0.09323501071129327,8466251
2016020788,405,even-strength,69,18,FALSE,FALSE,TRUE,FALSE,FALSE,FALSE,0,8475177
2016020788,406,even-strength,69,14,FALSE,FALSE,TRUE,TRUE,TRUE,TRUE,0.045711801964177984,8475754
2016020788,422,even-strength,74,-3,TRUE,FALSE,TRUE,TRUE,TRUE,FALSE,0.15190098279957928,8478463
2016020788,424,even-strength,48,20,FALSE,FALSE,TRUE,TRUE,TRUE,FALSE,0.020004227167418117,8471217
2016020788,434,even-strength,75,7,TRUE,FALSE,TRUE,FALSE,FALSE,FALSE,0,8475314
2016020788,435,even-strength,85,-30,FALSE,FALSE,TRUE,TRUE,TRUE,FALSE,0.0315384659870394,8475166
2016020788,436,even-strength,-80,14,FALSE,FALSE,TRUE,TRUE,TRUE,FALSE,8.322615535899462e-5,8474573
2016020788,438,even-strength,34,10,FALSE,FALSE,TRUE,TRUE,FALSE,FALSE,0.017775243654003393,8473579
2016020788,439,even-strength,28,-27,FALSE,FALSE,TRUE,TRUE,TRUE,FALSE,0.016966133103666448,8469619
2016020788,440,even-strength,55,-16,FALSE,FALSE,TRUE,TRUE,FALSE,FALSE,0.03760435760502754,8475177
2016020788,441,even-strength,52,14,FALSE,FALSE,TRUE,TRUE,TRUE,FALSE,0.060638772129876464,8474066
2016020788,447,even-strength,42,-23,FALSE,FALSE,TRUE,TRUE,FALSE,FALSE,0.017004187994584346,8470187
2016020788,448,even-strength,64,1,FALSE,FALSE,TRUE,FALSE,FALSE,FALSE,0,8469619
2016020788,604,even-strength,76,-10,FALSE,FALSE,TRUE,TRUE,FALSE,FALSE,0.07458694670097323,8476386
2016020788,605,even-strength,66,-16,FALSE,FALSE,TRUE,FALSE,FALSE,FALSE,0,8474066
2016020788,607,even-strength,61,11,FALSE,FALSE,TRUE,TRUE,TRUE,FALSE,0.07246442240514915,8475754
2016020788,608,even-strength,73,6,FALSE,FALSE,TRUE,TRUE,FALSE,FALSE,0.09331000731736251,8475181
2016020788,610,even-strength,-70,-16,FALSE,FALSE,TRUE,FALSE,FALSE,FALSE,0,8474066
2016020788,613,even-strength,38,-17,FALSE,FALSE,TRUE,TRUE,TRUE,FALSE,0.016670007497134313,8469619
2016020788,614,even-strength,75,-2,FALSE,TRUE,TRUE,TRUE,TRUE,TRUE,0.24320694340175936,8474573
2016020788,621,even-strength,81,-12,FALSE,FALSE,TRUE,TRUE,TRUE,FALSE,0.04827081722371401,8471217
2016020788,624,even-strength,59,12,FALSE,FALSE,TRUE,FALSE,FALSE,FALSE,0,8474066
2016020788,626,even-strength,33,-31,TRUE,FALSE,TRUE,TRUE,TRUE,FALSE,0.012905456562928975,8476917
2016020788,632,even-strength,55,12,FALSE,FALSE,TRUE,TRUE,TRUE,TRUE,0.05195221066683833,8471217
2016020788,639,even-strength,69,-9,FALSE,FALSE,TRUE,FALSE,FALSE,FALSE,0,8475754
2016020788,640,even-strength,40,21,FALSE,FALSE,TRUE,FALSE,FALSE,FALSE,0,8475177
2016020788,641,even-strength,58,17,FALSE,FALSE,TRUE,FALSE,FALSE,FALSE,0,8475231
2016020788,642,even-strength,79,-7,FALSE,FALSE,TRUE,FALSE,FALSE,FALSE,0,8475166
2016020788,644,even-strength,61,-10,FALSE,FALSE,TRUE,TRUE,TRUE,TRUE,0.08331386165608073,8475754
2016020788,706,even-strength,81,-5,FALSE,TRUE,TRUE,TRUE,TRUE,FALSE,0.22736765593073907,8475166
2016020788,708,even-strength,82,-4,FALSE,FALSE,TRUE,TRUE,TRUE,FALSE,0.08414483799677547,8475166
2016020808,10,even-strength,72,25,TRUE,FALSE,TRUE,TRUE,FALSE,FALSE,0.041295825475831376,8474102
2016020808,15,even-strength,68,-10,TRUE,FALSE,TRUE,TRUE,TRUE,FALSE,0.11648404624914839,8474031
2016020808,16,even-strength,74,-3,TRUE,FALSE,TRUE,FALSE,FALSE,FALSE,0,8475175
2016020808,17,even-strength,74,2,TRUE,TRUE,TRUE,TRUE,TRUE,TRUE,0.35744438041124343,8473534
2016020808,19,even-strength,64,7,FALSE,FALSE,TRUE,TRUE,FALSE,FALSE,0.06718231330791323,8470257
2016020808,20,even-strength,76,-5,FALSE,FALSE,TRUE,FALSE,FALSE,FALSE,0,8475765
2016020808,21,even-strength,72,3,FALSE,FALSE,TRUE,TRUE,TRUE,FALSE,0.10513692042326041,8471669
2016020808,22,even-strength,65,1,TRUE,FALSE,TRUE,FALSE,FALSE,FALSE,0,8474627
2016020808,23,even-strength,58,-3,FALSE,FALSE,TRUE,TRUE,TRUE,FALSE,0.054059001972705,8476892
2016020808,24,even-strength,74,-6,FALSE,TRUE,TRUE,TRUE,TRUE,FALSE,0.2033674424502014,8476892
2016020808,27,even-strength,77,-2,FALSE,FALSE,TRUE,TRUE,FALSE,FALSE,0.12371561242590297,8474102
2016020808,28,even-strength,78,6,FALSE,FALSE,TRUE,FALSE,FALSE,FALSE,0,8474031
2016020808,29,even-strength,38,31,FALSE,FALSE,TRUE,TRUE,TRUE,FALSE,0.011831380339483194,8474031
2016020808,30,even-strength,76,-1,FALSE,TRUE,TRUE,TRUE,TRUE,FALSE,0.33780101382062044,8474102
2016020808,35,even-strength,38,-23,FALSE,FALSE,TRUE,FALSE,FALSE,FALSE,0,8473534
2016020808,39,even-strength,45,34,TRUE,FALSE,TRUE,TRUE,TRUE,FALSE,0.018388112100346746,8474565
2016020808,41,even-strength,46,6,FALSE,FALSE,TRUE,FALSE,FALSE,FALSE,0,8476892
2016020808,42,even-strength,81,-12,FALSE,FALSE,TRUE,TRUE,FALSE,FALSE,0.052588598433232527,8475765
2016020808,44,power-play,55,-17,FALSE,FALSE,TRUE,FALSE,FALSE,FALSE,0,8470257
2016020808,46,power-play,67,-20,FALSE,FALSE,TRUE,TRUE,TRUE,FALSE,0.05392180592586629,8474102
2016020808,49,even-strength,63,32,FALSE,FALSE,TRUE,TRUE,TRUE,FALSE,0.020525238732222922,8475765
2016020808,99,even-strength,57,37,FALSE,FALSE,TRUE,TRUE,TRUE,FALSE,0.015395343775733702,8470151
2016020808,207,even-strength,71,5,TRUE,FALSE,TRUE,TRUE,TRUE,FALSE,0.14707443297769063,8473534
2016020808,208,even-strength,76,25,FALSE,FALSE,TRUE,TRUE,TRUE,FALSE,0.024711796563537235,8470151
2016020808,209,even-strength,68,25,FALSE,FALSE,TRUE,TRUE,TRUE,FALSE,0.03681283317640275,8475844
2016020808,210,even-strength,67,-12,FALSE,FALSE,TRUE,FALSE,FALSE,FALSE,0,8474565
2016020808,211,even-strength,74,-5,FALSE,FALSE,TRUE,TRUE,TRUE,FALSE,0.09811288966690826,8475175
2016020808,212,even-strength,77,-4,FALSE,FALSE,TRUE,TRUE,TRUE,FALSE,0.09626970586760603,8474627
2016020808,213,even-strength,41,-20,FALSE,FALSE,TRUE,TRUE,TRUE,FALSE,0.015951221341473733,8476892
2016020808,216,even-strength,49,-13,FALSE,FALSE,TRUE,FALSE,FALSE,FALSE,0,8476892
2016020808,217,even-strength,66,6,FALSE,FALSE,TRUE,FALSE,FALSE,FALSE,0,8470151
2016020808,228,even-strength,60,-36,FALSE,FALSE,TRUE,TRUE,TRUE,FALSE,0.015252842125273622,8475175
2016020808,231,even-strength,51,16,FALSE,FALSE,TRUE,TRUE,FALSE,FALSE,0.033723143234884886,8474125
2016020808,232,even-strength,59,-19,FALSE,FALSE,TRUE,TRUE,TRUE,FALSE,0.02606830270632854,8475765
2016020808,239,even-strength,77,-1,FALSE,FALSE,TRUE,TRUE,TRUE,FALSE,0.14882085528786979,8474627
2016020808,243,even-strength,49,30,FALSE,FALSE,TRUE,TRUE,TRUE,FALSE,0.015212031159395,8470105
2016020808,401,even-strength,40,25,FALSE,FALSE,TRUE,TRUE,TRUE,FALSE,0.012974844071270692,8474565
2016020808,402,even-strength,69,7,FALSE,FALSE,TRUE,FALSE,FALSE,FALSE,0,8475768
2016020808,403,even-strength,61,13,FALSE,FALSE,TRUE,TRUE,FALSE,FALSE,0.03437490887511384,8475175
2016020808,409,even-strength,32,18,FALSE,FALSE,TRUE,TRUE,TRUE,FALSE,0.012370933983859111,8474125
2016020808,411,even-strength,52,-21,FALSE,FALSE,TRUE,FALSE,FALSE,FALSE,0,8474565
2016020808,414,even-strength,87,-19,FALSE,FALSE,TRUE,TRUE,TRUE,FALSE,0.03849787846807635,8475768
2016020808,415,even-strength,30,14,FALSE,FALSE,TRUE,TRUE,TRUE,FALSE,0.014264739419868739,8476441
2016020808,417,even-strength,69,8,FALSE,FALSE,TRUE,TRUE,TRUE,FALSE,0.051924253547208137,8475844
2016020808,418,even-strength,62,16,FALSE,FALSE,TRUE,FALSE,FALSE,FALSE,0,8475765
2016020808,420,even-strength,81,4,FALSE,FALSE,TRUE,TRUE,TRUE,FALSE,0.09023656315063527,8470257
2016020808,422,even-strength,67,-8,FALSE,FALSE,TRUE,TRUE,TRUE,FALSE,0.06997767035889148,8473534
2016020808,423,even-strength,72,-2,FALSE,FALSE,TRUE,TRUE,TRUE,FALSE,0.09509586522348516,8475768
2016020808,427,even-strength,42,20,FALSE,FALSE,TRUE,TRUE,TRUE,FALSE,0.023167467871196685,8474125
2016020808,428,even-strength,67,-2,FALSE,FALSE,TRUE,TRUE,TRUE,FALSE,0.08032379011007112,8477964
2016020808,436,even-strength,70,21,TRUE,FALSE,TRUE,TRUE,FALSE,FALSE,0.07114166813641641,8474102
2016020808,444,even-strength,73,-16,FALSE,FALSE,TRUE,TRUE,TRUE,FALSE,0.03383426169080823,8473534
2016020808,449,even-strength,55,24,FALSE,FALSE,TRUE,TRUE,TRUE,FALSE,0.024671910550816745,8475175
2016020808,605,even-strength,58,35,TRUE,FALSE,TRUE,TRUE,TRUE,FALSE,0.04893411978590979,8477964
2016020808,606,even-strength,62,26,FALSE,FALSE,TRUE,TRUE,FALSE,FALSE,0.029605510962158996,8474102
2016020808,607,even-strength,48,18,FALSE,FALSE,TRUE,FALSE,FALSE,FALSE,0,8470151
2016020808,608,even-strength,61,-17,FALSE,FALSE,TRUE,FALSE,FALSE,FALSE,0,8471817
2016020808,617,even-strength,72,-6,FALSE,FALSE,TRUE,TRUE,FALSE,FALSE,0.1353618880079607,8474565
2016020808,618,even-strength,66,5,FALSE,FALSE,TRUE,TRUE,TRUE,FALSE,0.07429059392000743,8473534
2016020808,631,even-strength,51,36,FALSE,FALSE,TRUE,TRUE,TRUE,FALSE,0.013663053854452076,8475844
2016020808,633,even-strength,40,34,FALSE,FALSE,TRUE,TRUE,TRUE,FALSE,0.009039235294689483,8474125
2016020808,636,even-strength,76,-3,FALSE,FALSE,TRUE,TRUE,FALSE,FALSE,0.12207800531861042,8475765
2016020808,639,even-strength,-49,35,FALSE,FALSE,TRUE,TRUE,TRUE,FALSE,3.3838634308807003e-4,8476441
2016020808,648,even-strength,39,31,FALSE,FALSE,TRUE,TRUE,TRUE,FALSE,0.011624087583935886,8470151
2016020808,811,even-strength,66,-5,FALSE,FALSE,TRUE,TRUE,TRUE,TRUE,0.05826725733092948,8475765
2016020821,9,even-strength,37,33,FALSE,FALSE,TRUE,TRUE,FALSE,FALSE,0.010968901773375783,8473992
2016020821,11,even-strength,61,10,FALSE,FALSE,TRUE,TRUE,TRUE,FALSE,0.03742269732470639,8477499
2016020821,12,even-strength,81,-4,FALSE,FALSE,TRUE,FALSE,FALSE,FALSE,0,8474683
2016020821,13,even-strength,67,-4,FALSE,FALSE,TRUE,FALSE,FALSE,FALSE,0,8477473
2016020821,14,even-strength,48,-14,FALSE,FALSE,TRUE,TRUE,TRUE,FALSE,0.019831367928010303,8470324
2016020821,15,even-strength,65,-5,TRUE,FALSE,TRUE,FALSE,FALSE,FALSE,0,8477473
2016020821,16,even-strength,76,-28,FALSE,FALSE,TRUE,TRUE,TRUE,FALSE,0.026456087995338644,8478403
2016020821,18,even-strength,55,-13,FALSE,FALSE,TRUE,TRUE,TRUE,TRUE,0.03701028247576301,8475169
2016020821,20,even-strength,72,-4,FALSE,FALSE,TRUE,TRUE,TRUE,FALSE,0.07349630417451418,8478403
2016020821,22,power-play,74,-11,FALSE,FALSE,TRUE,TRUE,TRUE,TRUE,0.10093963748332384,8477933
2016020821,26,even-strength,70,-2,FALSE,FALSE,TRUE,FALSE,FALSE,FALSE,0,8475158
2016020821,38,even-strength,72,0,FALSE,FALSE,TRUE,TRUE,FALSE,FALSE,0.12819747984847812,8477933
2016020821,42,even-strength,58,3,FALSE,FALSE,TRUE,TRUE,TRUE,FALSE,0.06668790263249365,8477473
2016020821,43,even-strength,70,13,FALSE,TRUE,TRUE,TRUE,FALSE,FALSE,0.1732977857884797,8473449
2016020821,44,even-strength,69,-2,FALSE,FALSE,TRUE,FALSE,FALSE,FALSE,0,8477473
2016020821,45,even-strength,39,-23,FALSE,FALSE,TRUE,TRUE,TRUE,FALSE,0.012045227056237735,8473992
2016020821,49,even-strength,34,-13,FALSE,FALSE,TRUE,TRUE,FALSE,FALSE,0.016923458344495063,8475179
2016020821,50,even-strength,78,6,FALSE,FALSE,TRUE,TRUE,TRUE,FALSE,0.0786201988765472,8473449
2016020821,252,even-strength,39,32,FALSE,FALSE,TRUE,FALSE,FALSE,FALSE,0,8476166
2016020821,261,even-strength,62,12,FALSE,FALSE,TRUE,TRUE,TRUE,TRUE,0.0614576889102364,8475169
2016020821,278,even-strength,54,-30,FALSE,FALSE,TRUE,FALSE,FALSE,FALSE,0,8475169
2016020821,280,even-strength,66,-8,FALSE,FALSE,TRUE,TRUE,TRUE,FALSE,0.09191629344483729,8475220
2016020821,281,even-strength,70,1,FALSE,FALSE,TRUE,TRUE,TRUE,FALSE,0.14013808671504044,8474683
2016020821,283,even-strength,60,-38,FALSE,FALSE,TRUE,TRUE,TRUE,FALSE,0.020632516391376785,8477473
2016020821,285,even-strength,78,5,FALSE,FALSE,TRUE,TRUE,TRUE,FALSE,0.10554913285222757,8475220
2016020821,286,even-strength,49,15,FALSE,FALSE,TRUE,TRUE,TRUE,FALSE,0.031781186808760596,8477473
2016020821,296,even-strength,4,38,FALSE,FALSE,TRUE,TRUE,TRUE,FALSE,0.0036727520753560786,8476931
2016020821,299,even-strength,61,-40,FALSE,FALSE,TRUE,TRUE,FALSE,FALSE,0.01717436609037174,8467407
2016020821,457,even-strength,40,21,FALSE,FALSE,TRUE,TRUE,FALSE,FALSE,0.02849354841732772,8470324
2016020821,458,even-strength,82,-10,FALSE,FALSE,TRUE,TRUE,TRUE,FALSE,0.03531014004883074,8475220
2016020821,460,even-strength,70,-40,FALSE,FALSE,TRUE,TRUE,TRUE,FALSE,0.022526720630118364,8470852
2016020821,462,even-strength,64,-36,FALSE,FALSE,TRUE,TRUE,FALSE,FALSE,0.016120158142040604,8477933
2016020821,473,even-strength,39,-20,FALSE,FALSE,TRUE,FALSE,FALSE,FALSE,0,8475169
2016020821,481,even-strength,-54,1,FALSE,FALSE,TRUE,TRUE,FALSE,FALSE,3.8925278649571174e-4,8473449
2016020821,482,even-strength,51,-37,FALSE,FALSE,TRUE,TRUE,TRUE,FALSE,0.012095280889944856,8477499
2016020821,484,even-strength,77,-5,FALSE,FALSE,TRUE,TRUE,FALSE,FALSE,0.07548449981368245,8474683
2016020821,497,even-strength,44,30,FALSE,FALSE,TRUE,FALSE,FALSE,FALSE,0,8473992
2016020821,651,even-strength,70,17,FALSE,FALSE,TRUE,TRUE,FALSE,FALSE,0.049169928459595995,8477473
2016020821,652,even-strength,46,19,FALSE,FALSE,TRUE,TRUE,TRUE,FALSE,0.025492962476460244,8477499
2016020821,659,even-strength,42,-18,FALSE,FALSE,TRUE,TRUE,TRUE,FALSE,0.02548632131134408,8478403
2016020821,660,even-strength,37,24,FALSE,FALSE,TRUE,TRUE,TRUE,FALSE,0.01351145854344226,8470852
2016020821,670,even-strength,65,12,FALSE,FALSE,TRUE,TRUE,TRUE,FALSE,0.05668932431029593,8478403
2016020838,12,even-strength,82,26,FALSE,FALSE,TRUE,TRUE,TRUE,FALSE,0.03508075359882718,8471217
2016020838,13,even-strength,42,24,FALSE,FALSE,TRUE,TRUE,FALSE,FALSE,0.014901069504807832,8473579
2016020838,17,even-strength,34,-9,FALSE,FALSE,TRUE,TRUE,TRUE,FALSE,0.021504094946858003,8469619
2016020838,19,even-strength,73,-3,FALSE,FALSE,TRUE,TRUE,FALSE,FALSE,0.1740069797867769,8475314
2016020838,26,even-strength,27,32,TRUE,FALSE,TRUE,TRUE,TRUE,FALSE,0.01760711778231636,8474066
2016020838,27,even-strength,88,15,TRUE,TRUE,TRUE,TRUE,TRUE,FALSE,0.1905625306981439,8473579
2016020838,30,even-strength,65,1,FALSE,FALSE,TRUE,FALSE,FALSE,FALSE,0,8474573
2016020838,32,even-strength,40,22,FALSE,FALSE,TRUE,TRUE,TRUE,FALSE,0.01749252800764677,8475754
2016020838,34,even-strength,31,21,FALSE,FALSE,TRUE,TRUE,FALSE,FALSE,0.010037573929734813,8475181
2016020838,40,penalty-kill,13,10,FALSE,FALSE,TRUE,TRUE,TRUE,FALSE,0.013953006862880637,8475166
2016020838,50,even-strength,66,-8,FALSE,FALSE,TRUE,TRUE,TRUE,FALSE,0.0863205458778887,8475166
2016020838,207,even-strength,48,7,FALSE,FALSE,TRUE,TRUE,FALSE,FALSE,0.028808895177848067,8475754
2016020838,211,even-strength,39,27,FALSE,FALSE,TRUE,TRUE,FALSE,FALSE,0.017710089583988294,8475177
2016020838,215,even-strength,84,20,FALSE,FALSE,TRUE,TRUE,FALSE,FALSE,0.034095036604069734,8475231
2016020838,219,even-strength,51,16,FALSE,FALSE,TRUE,TRUE,TRUE,FALSE,0.02690466935108409,8474573
2016020838,221,power-play,41,4,FALSE,FALSE,TRUE,TRUE,TRUE,FALSE,0.05125360103863684,8475181
2016020838,222,power-play,64,5,FALSE,FALSE,TRUE,TRUE,FALSE,FALSE,0.07637316764333574,8474573
2016020838,224,power-play,49,27,FALSE,FALSE,TRUE,TRUE,TRUE,FALSE,0.04461522016556059,8476409
2016020838,225,power-play,84,0,FALSE,TRUE,TRUE,TRUE,TRUE,FALSE,0.26227056272358323,8470187
2016020838,230,even-strength,32,-12,FALSE,FALSE,TRUE,TRUE,FALSE,FALSE,0.015873710359599502,8469619
2016020838,235,even-strength,75,-14,FALSE,FALSE,TRUE,TRUE,TRUE,FALSE,0.03377949174102176,8474573
2016020838,404,penalty-kill,58,-3,FALSE,FALSE,TRUE,TRUE,TRUE,FALSE,0.15044414448337287,8475231
2016020838,406,even-strength,34,3,FALSE,FALSE,TRUE,TRUE,TRUE,FALSE,0.0274342441755579,8475177
2016020838,409,even-strength,54,-16,FALSE,FALSE,TRUE,FALSE,FALSE,FALSE,0,8471217
2016020838,410,even-strength,73,-22,FALSE,FALSE,TRUE,TRUE,TRUE,FALSE,0.025048355944201028,8475166
2016020838,412,even-strength,70,17,FALSE,FALSE,TRUE,TRUE,TRUE,FALSE,0.060103796404831086,8466251
2016020838,413,even-strength,73,11,FALSE,TRUE,TRUE,TRUE,TRUE,FALSE,0.18550042182054952,8476409
2016020838,415,even-strength,61,-24,TRUE,FALSE,TRUE,TRUE,FALSE,FALSE,0.0649237140873059,8476458
2016020838,416,even-strength,33,21,FALSE,FALSE,TRUE,TRUE,TRUE,FALSE,0.012364103132413795,8478463
2016020838,429,power-play,70,-1,FALSE,FALSE,TRUE,TRUE,TRUE,FALSE,0.09944605240841527,8476458
2016020838,431,power-play,75,13,FALSE,FALSE,TRUE,TRUE,TRUE,FALSE,0.09216125234476456,8475166
2016020838,432,power-play,40,-31,FALSE,FALSE,TRUE,TRUE,TRUE,FALSE,0.028876269430709933,8474573
2016020838,433,power-play,45,-3,FALSE,FALSE,TRUE,TRUE,FALSE,FALSE,0.043188944874975814,8475166
2016020838,434,power-play,71,-4,FALSE,FALSE,TRUE,TRUE,TRUE,FALSE,0.09199365162203259,8476409
2016020838,435,even-strength,33,-33,FALSE,FALSE,TRUE,TRUE,FALSE,FALSE,0.007544136009947531,8470187
2016020838,443,even-strength,61,20,FALSE,FALSE,TRUE,TRUE,TRUE,FALSE,0.03920393344029832,8466251
2016020838,444,even-strength,31,6,FALSE,FALSE,TRUE,TRUE,FALSE,FALSE,0.012440768421990723,8475177
2016020838,446,even-strength,76,-2,FALSE,FALSE,TRUE,TRUE,TRUE,FALSE,0.12854362909985542,8466251
2016020838,447,even-strength,64,-3,FALSE,FALSE,TRUE,TRUE,TRUE,TRUE,0.3500439090294907,8466251
2016020838,656,power-play,53,3,FALSE,FALSE,TRUE,TRUE,TRUE,FALSE,0.055767386321969356,8474573
2016020838,658,power-play,61,20,FALSE,FALSE,TRUE,TRUE,TRUE,FALSE,0.07826057541771472,8475166
2016020838,659,power-play,85,-26,FALSE,FALSE,TRUE,TRUE,TRUE,FALSE,0.04650056407274745,8475314
2016020838,660,even-strength,67,-5,FALSE,FALSE,TRUE,TRUE,FALSE,FALSE,0.04886289406870388,8476458
2016020838,671,even-strength,25,21,FALSE,FALSE,TRUE,TRUE,TRUE,FALSE,0.008301416534436917,8469619
2016020838,673,even-strength,36,-21,FALSE,FALSE,TRUE,TRUE,FALSE,FALSE,0.012985512216551864,8470187
2016020838,697,even-strength,54,-8,FALSE,FALSE,TRUE,TRUE,FALSE,FALSE,0.04994016555666286,8475166
2016020838,698,even-strength,70,-2,FALSE,FALSE,TRUE,TRUE,FALSE,FALSE,0.06374668815408226,8474573
2016020838,699,even-strength,70,2,FALSE,FALSE,TRUE,TRUE,TRUE,FALSE,0.07098190271812314,8475166
2016020838,762,even-strength,76,-6,FALSE,FALSE,TRUE,FALSE,FALSE,FALSE,0,8475181
2016020838,768,even-strength,35,18,TRUE,FALSE,TRUE,TRUE,TRUE,FALSE,0.037775814494994696,8475181
2016020838,773,even-strength,31,-3,FALSE,FALSE,TRUE,FALSE,FALSE,FALSE,0,8473579
2016020838,779,even-strength,70,10,FALSE,FALSE,TRUE,TRUE,TRUE,FALSE,0.059109214776775304,8475166
2016020838,780,even-strength,67,-11,FALSE,FALSE,TRUE,TRUE,TRUE,FALSE,0.055492080644054476,8475231
2016020838,782,even-strength,51,25,FALSE,FALSE,TRUE,TRUE,FALSE,FALSE,0.019940129665519855,8471217
2016020838,783,even-strength,32,31,FALSE,FALSE,TRUE,TRUE,FALSE,FALSE,0.006832924947512615,8475177
2016020838,784,even-strength,40,29,FALSE,FALSE,TRUE,TRUE,TRUE,FALSE,0.011287793826608874,8475177
2016020861,7,even-strength,47,25,FALSE,FALSE,TRUE,TRUE,TRUE,FALSE,0.01787567722541837,8470602
2016020861,9,even-strength,46,-31,FALSE,FALSE,TRUE,TRUE,TRUE,FALSE,0.014895696706630473,8475227
2016020861,11,even-strength,49,-26,FALSE,FALSE,TRUE,FALSE,FALSE,FALSE,0,8475227
2016020861,13,even-strength,70,0,FALSE,FALSE,TRUE,FALSE,FALSE,FALSE,0,8474250
2016020861,14,even-strength,74,7,FALSE,FALSE,TRUE,FALSE,FALSE,FALSE,0,8474578
2016020861,22,even-strength,86,-9,FALSE,FALSE,TRUE,TRUE,FALSE,FALSE,0.06366197058413016,8471768
2016020861,24,even-strength,42,-15,FALSE,FALSE,TRUE,FALSE,FALSE,FALSE,0,8474578
2016020861,25,even-strength,73,0,FALSE,FALSE,TRUE,TRUE,FALSE,FALSE,0.09255201611321395,8474250
2016020861,27,even-strength,65,2,FALSE,FALSE,TRUE,TRUE,TRUE,FALSE,0.1160860686387204,8474068
2016020861,29,even-strength,70,10,FALSE,FALSE,TRUE,FALSE,FALSE,FALSE,0,8476419
2016020861,30,even-strength,64,-3,FALSE,FALSE,TRUE,TRUE,TRUE,FALSE,0.08359267643757257,8471676
2016020861,31,even-strength,72,4,FALSE,FALSE,TRUE,FALSE,FALSE,FALSE,0,8476419
2016020861,32,even-strength,73,2,FALSE,TRUE,TRUE,TRUE,TRUE,FALSE,0.2738081776998086,8474884
2016020861,40,even-strength,30,-10,FALSE,FALSE,TRUE,TRUE,TRUE,FALSE,0.013112900058691125,8476879
2016020861,45,power-play,32,-16,FALSE,FALSE,TRUE,TRUE,TRUE,FALSE,0.029396895107676305,8470602
2016020861,202,even-strength,36,-15,FALSE,FALSE,TRUE,TRUE,TRUE,FALSE,0.01770493002742602,8476879
2016020861,205,even-strength,49,-22,FALSE,FALSE,TRUE,TRUE,TRUE,FALSE,0.02096953282062924,8476419
2016020861,208,penalty-kill,69,28,FALSE,FALSE,TRUE,TRUE,FALSE,FALSE,0.04250919508629714,8474250
2016020861,218,even-strength,51,25,FALSE,FALSE,TRUE,TRUE,FALSE,FALSE,0.0358073000371914,8473544
2016020861,219,even-strength,77,10,FALSE,FALSE,TRUE,TRUE,TRUE,FALSE,0.06604722849636174,8475913
2016020861,220,even-strength,40,-18,FALSE,FALSE,TRUE,TRUE,TRUE,TRUE,0.02902404759275253,8475227
2016020861,222,even-strength,36,20,FALSE,FALSE,TRUE,TRUE,TRUE,FALSE,0.015784928007803362,8474884
2016020861,223,even-strength,83,-2,FALSE,TRUE,TRUE,TRUE,TRUE,FALSE,0.307951925803763,8476288
2016020861,225,even-strength,77,1,FALSE,FALSE,TRUE,TRUE,TRUE,TRUE,0.1439002047145429,8476288
2016020861,239,even-strength,67,3,TRUE,FALSE,TRUE,FALSE,FALSE,FALSE,0,8473544
2016020861,240,even-strength,78,-6,FALSE,FALSE,TRUE,FALSE,FALSE,FALSE,0,8476879
2016020861,242,even-strength,49,14,FALSE,FALSE,TRUE,TRUE,TRUE,FALSE,0.03847770880867951,8474250
2016020861,243,even-strength,38,-3,FALSE,FALSE,TRUE,TRUE,TRUE,FALSE,0.029559977185541722,8467967
2016020861,248,even-strength,35,22,FALSE,FALSE,TRUE,TRUE,TRUE,FALSE,0.015360848397068324,8470760
2016020861,250,even-strength,58,-16,FALSE,FALSE,TRUE,FALSE,FALSE,FALSE,0,8471676
2016020861,402,even-strength,31,26,FALSE,FALSE,TRUE,TRUE,TRUE,FALSE,0.01112420373585076,8470602
2016020861,404,even-strength,36,23,FALSE,FALSE,TRUE,TRUE,FALSE,FALSE,0.01607108234346315,8474697
2016020861,406,even-strength,69,-16,FALSE,FALSE,TRUE,TRUE,TRUE,FALSE,0.058225845247748986,8474068
2016020861,408,even-strength,78,-13,FALSE,FALSE,TRUE,TRUE,TRUE,FALSE,0.0739451949737216,8474068
2016020861,410,even-strength,48,4,FALSE,FALSE,TRUE,TRUE,TRUE,FALSE,0.05977470752348211,8474697
2016020861,412,even-strength,63,-25,TRUE,FALSE,TRUE,TRUE,TRUE,FALSE,0.049235879701509624,8475227
2016020861,415,power-play,31,-7,FALSE,FALSE,TRUE,TRUE,FALSE,FALSE,0.07161202216301131,8474578
2016020861,416,power-play,59,9,FALSE,FALSE,TRUE,TRUE,TRUE,FALSE,0.1785603905792649,8475913
2016020861,418,power-play,55,-21,FALSE,FALSE,TRUE,TRUE,FALSE,FALSE,0.11076886799118721,8474884
2016020861,419,power-play,68,-19,FALSE,FALSE,TRUE,TRUE,TRUE,FALSE,0.13026455697607664,8474884
2016020861,421,power-play,61,-18,FALSE,FALSE,TRUE,TRUE,TRUE,FALSE,0.11887721069218166,8474884
2016020861,423,power-play,49,-3,FALSE,FALSE,TRUE,TRUE,FALSE,FALSE,0.06630032902863947,8475227
2016020861,424,even-strength,75,6,FALSE,FALSE,TRUE,TRUE,FALSE,FALSE,0.09416250630725638,8476288
2016020861,425,even-strength,75,-11,FALSE,FALSE,TRUE,TRUE,FALSE,FALSE,0.06669325275391583,8473544
2016020861,428,even-strength,52,-24,FALSE,FALSE,TRUE,TRUE,TRUE,FALSE,0.022778191897651748,8476879
2016020861,431,even-strength,40,12,FALSE,FALSE,TRUE,TRUE,TRUE,FALSE,0.022506457345693332,8470602
2016020861,442,even-strength,82,-31,TRUE,FALSE,TRUE,TRUE,FALSE,FALSE,0.038474154949082504,8474884
2016020861,443,even-strength,57,-40,FALSE,FALSE,TRUE,TRUE,TRUE,FALSE,0.019055226969462265,8476879
2016020861,450,even-strength,82,-15,FALSE,FALSE,TRUE,TRUE,TRUE,FALSE,0.06546211895114334,8474578
2016020861,601,even-strength,59,16,FALSE,FALSE,TRUE,TRUE,TRUE,FALSE,0.02677767106624071,8474884
2016020861,613,even-strength,48,23,FALSE,FALSE,TRUE,TRUE,TRUE,FALSE,0.020601411244614957,8474578
2016020861,614,even-strength,58,-14,FALSE,FALSE,TRUE,TRUE,TRUE,FALSE,0.04142466167921319,8476288
2016020861,631,even-strength,30,-21,FALSE,FALSE,TRUE,TRUE,TRUE,FALSE,0.012257881741218751,8476879
2016020861,632,even-strength,42,-10,TRUE,FALSE,TRUE,TRUE,TRUE,TRUE,0.04107378789319701,8474884
2016020861,635,even-strength,69,-2,FALSE,FALSE,TRUE,TRUE,TRUE,FALSE,0.1043719852713547,8475913
2016020861,637,power-play,30,2,FALSE,FALSE,TRUE,TRUE,TRUE,FALSE,0.03795054423615458,8474578
2016020861,638,power-play,82,1,FALSE,TRUE,TRUE,TRUE,TRUE,FALSE,0.39810266142590683,8475913
2016020861,639,power-play,85,-1,FALSE,TRUE,TRUE,TRUE,TRUE,TRUE,0.4086033858772711,8473544
2016020861,641,even-strength,40,31,FALSE,FALSE,TRUE,TRUE,TRUE,FALSE,0.011458410461312714,8467967
2016020861,642,even-strength,60,15,FALSE,FALSE,TRUE,FALSE,FALSE,FALSE,0,8474068
2016020861,702,even-strength,76,-14,TRUE,FALSE,TRUE,FALSE,FALSE,FALSE,0,8475913
2016020861,707,even-strength,41,28,FALSE,FALSE,TRUE,TRUE,TRUE,FALSE,0.020477560578302426,8467967
2016020861,718,even-strength,61,-2,FALSE,FALSE,TRUE,TRUE,FALSE,FALSE,0.05689597334846213,8474884
2016020885,8,even-strength,49,14,FALSE,FALSE,TRUE,FALSE,FALSE,FALSE,0,8477504
2016020885,12,even-strength,77,-22,FALSE,FALSE,TRUE,TRUE,TRUE,FALSE,0.025748826062477102,8473574
2016020885,14,even-strength,39,9,FALSE,FALSE,TRUE,TRUE,TRUE,FALSE,0.027286406419098835,8477464
2016020885,28,even-strength,51,25,FALSE,FALSE,TRUE,TRUE,TRUE,TRUE,0.02998945252232522,8479339
2016020885,33,even-strength,49,21,FALSE,FALSE,TRUE,TRUE,TRUE,FALSE,0.03129333848669982,8477940
2016020885,44,power-play,40,-8,FALSE,FALSE,TRUE,TRUE,TRUE,FALSE,0.05017316507663375,8470834
2016020885,45,power-play,82,5,FALSE,TRUE,TRUE,TRUE,TRUE,TRUE,0.3153528720850915,8473412
2016020885,48,even-strength,55,-32,FALSE,FALSE,TRUE,TRUE,TRUE,FALSE,0.019525947852069583,8474074
2016020885,219,even-strength,53,7,FALSE,FALSE,TRUE,TRUE,FALSE,FALSE,0.03370548381487669,8476460
2016020885,222,even-strength,35,23,FALSE,FALSE,TRUE,TRUE,TRUE,FALSE,0.014792765392231063,8475815
2016020885,225,power-play,63,-13,FALSE,FALSE,TRUE,TRUE,FALSE,FALSE,0.07288983606052185,8473618
2016020885,237,power-play,79,0,FALSE,FALSE,TRUE,TRUE,TRUE,FALSE,0.15633438205837405,8476392
2016020885,239,power-play,50,16,FALSE,FALSE,TRUE,TRUE,FALSE,FALSE,0.058213516800023145,8477940
2016020885,240,power-play,55,-10,FALSE,FALSE,TRUE,TRUE,TRUE,FALSE,0.08813578486485678,8476460
2016020885,242,power-play,78,-15,FALSE,FALSE,TRUE,FALSE,FALSE,FALSE,0,8475815
2016020885,244,even-strength,35,-14,FALSE,FALSE,TRUE,TRUE,FALSE,FALSE,0.016186887098942046,8470834
2016020885,247,even-strength,83,-5,FALSE,FALSE,TRUE,TRUE,TRUE,FALSE,0.09613150531333223,8471218
2016020885,408,even-strength,71,-1,FALSE,FALSE,TRUE,TRUE,FALSE,FALSE,0.13361070492383983,8473412
2016020885,418,even-strength,64,-11,FALSE,FALSE,TRUE,TRUE,TRUE,FALSE,0.08520059423871373,8473618
2016020885,425,even-strength,72,12,FALSE,FALSE,TRUE,FALSE,FALSE,FALSE,0,8471218
2016020885,431,even-strength,33,18,FALSE,FALSE,TRUE,TRUE,TRUE,TRUE,0.01518176355411615,8477940
2016020885,443,even-strength,73,8,TRUE,FALSE,TRUE,TRUE,TRUE,FALSE,0.1059162518802095,8473618
2016020885,444,even-strength,60,1,FALSE,TRUE,TRUE,TRUE,TRUE,TRUE,0.21940735428646657,8479339
2016020885,605,even-strength,71,-2,FALSE,FALSE,TRUE,TRUE,TRUE,FALSE,0.1776819651045587,8477940
2016020885,620,even-strength,57,-33,FALSE,FALSE,TRUE,TRUE,FALSE,FALSE,0.03363082968844907,8479339
2016020885,631,even-strength,47,11,FALSE,FALSE,TRUE,TRUE,FALSE,FALSE,0.0378935431839943,8476392
2016020885,633,even-strength,61,18,FALSE,FALSE,TRUE,FALSE,FALSE,FALSE,0,8476469
2016020885,634,even-strength,67,10,FALSE,FALSE,TRUE,TRUE,TRUE,FALSE,0.06375502296403114,8470834
2016020885,640,even-strength,83,-28,FALSE,FALSE,TRUE,TRUE,TRUE,FALSE,0.030247764286535056,8469501
2016020885,641,even-strength,81,10,FALSE,FALSE,TRUE,TRUE,TRUE,FALSE,0.09816540501316656,8473412
2016020885,643,even-strength,73,-5,FALSE,FALSE,TRUE,FALSE,FALSE,FALSE,0,8477940
2016020885,649,even-strength,73,-13,FALSE,FALSE,TRUE,FALSE,FALSE,FALSE,0,8477940
2016020885,808,power-play,65,2,FALSE,FALSE,TRUE,TRUE,FALSE,FALSE,0.11311610531423422,8476460
2016020885,809,power-play,59,-18,FALSE,FALSE,TRUE,TRUE,FALSE,FALSE,0.08144481754189944,8477940
2016020885,817,power-play,56,-6,FALSE,FALSE,TRUE,TRUE,FALSE,FALSE,0.6202358983694588,8476460
2016020885,821,even-strength,64,-2,FALSE,FALSE,TRUE,TRUE,TRUE,FALSE,0.09305703784054614,8473618
2016020894,7,even-strength,66,-1,FALSE,FALSE,TRUE,FALSE,FALSE,FALSE,0,8476918
2016020894,8,even-strength,72,7,FALSE,FALSE,TRUE,FALSE,FALSE,FALSE,0,8476459
2016020894,9,even-strength,-64,36,FALSE,FALSE,TRUE,TRUE,TRUE,FALSE,1.096058017198489e-4,8471686
2016020894,13,even-strength,67,31,FALSE,FALSE,TRUE,FALSE,FALSE,FALSE,0,8475715
2016020894,14,even-strength,78,6,FALSE,FALSE,TRUE,TRUE,TRUE,FALSE,0.11883862496388085,8470041
2016020894,15,even-strength,75,3,FALSE,FALSE,TRUE,TRUE,FALSE,FALSE,0.1159979851173946,8475692
2016020894,17,even-strength,88,9,FALSE,FALSE,TRUE,TRUE,TRUE,FALSE,0.04845000560655992,8475763
2016020894,19,even-strength,58,21,FALSE,FALSE,TRUE,TRUE,TRUE,FALSE,0.019753937331692353,8475204
2016020894,21,even-strength,34,33,TRUE,FALSE,TRUE,TRUE,TRUE,FALSE,0.019463797033792543,8476869
2016020894,23,even-strength,70,7,FALSE,FALSE,TRUE,TRUE,TRUE,FALSE,0.08764466214903412,8475692
2016020894,24,even-strength,77,8,FALSE,FALSE,TRUE,TRUE,TRUE,FALSE,0.05579310672426821,8475184
2016020894,26,even-strength,72,31,FALSE,FALSE,TRUE,TRUE,TRUE,FALSE,0.0348721616706492,8475715
2016020894,28,even-strength,43,-36,FALSE,FALSE,TRUE,TRUE,FALSE,FALSE,0.013277885625584313,8476431
2016020894,36,even-strength,69,26,FALSE,FALSE,TRUE,TRUE,TRUE,FALSE,0.044550156494341533,8476459
2016020894,39,even-strength,44,-23,FALSE,FALSE,TRUE,TRUE,TRUE,FALSE,0.01416609386472886,8476869
2016020894,41,even-strength,41,33,FALSE,FALSE,TRUE,TRUE,TRUE,FALSE,0.011030764318529403,8476431
2016020894,42,even-strength,60,20,FALSE,FALSE,TRUE,TRUE,FALSE,FALSE,0.031131043815521106,8475184
2016020894,43,even-strength,75,-7,FALSE,FALSE,TRUE,TRUE,FALSE,FALSE,0.0797022452170343,8476459
2016020894,44,even-strength,67,-15,TRUE,FALSE,TRUE,FALSE,FALSE,FALSE,0,8476459
2016020894,46,penalty-kill,80,-17,TRUE,FALSE,TRUE,TRUE,TRUE,FALSE,0.09563004325431171,8473546
2016020894,47,penalty-kill,64,12,TRUE,FALSE,TRUE,TRUE,FALSE,FALSE,0.21942909178980652,8470041
2016020894,50,even-strength,72,-6,TRUE,FALSE,TRUE,TRUE,TRUE,FALSE,0.10011992743886557,8470041
2016020894,258,even-strength,60,-10,FALSE,FALSE,TRUE,TRUE,TRUE,FALSE,0.04730019359010467,8476918
2016020894,261,even-strength,76,7,FALSE,FALSE,TRUE,FALSE,FALSE,FALSE,0,8471686
2016020894,269,even-strength,69,-37,FALSE,FALSE,TRUE,FALSE,FALSE,FALSE,0,8475692
2016020894,273,even-strength,61,-31,FALSE,FALSE,TRUE,TRUE,FALSE,FALSE,0.02524678519246223,8476869
2016020894,276,even-strength,34,-30,TRUE,FALSE,TRUE,TRUE,TRUE,FALSE,0.020066767870352397,8471958
2016020894,282,even-strength,47,12,FALSE,FALSE,TRUE,FALSE,FALSE,FALSE,0,8475692
2016020894,283,even-strength,43,-25,FALSE,FALSE,TRUE,FALSE,FALSE,FALSE,0,8474207
2016020894,287,even-strength,60,15,FALSE,FALSE,TRUE,FALSE,FALSE,FALSE,0,8473546
2016020894,291,even-strength,67,9,FALSE,FALSE,TRUE,TRUE,TRUE,FALSE,0.06450357260988795,8474151
2016020894,294,even-strength,81,1,TRUE,FALSE,TRUE,TRUE,TRUE,FALSE,0.16831311086344125,8475715
2016020894,295,even-strength,34,18,FALSE,FALSE,TRUE,TRUE,TRUE,FALSE,0.009557235362457011,8471686
2016020894,296,even-strength,61,13,FALSE,FALSE,TRUE,TRUE,FALSE,FALSE,0.04296044467689852,8476468
2016020894,299,even-strength,51,-33,FALSE,FALSE,TRUE,FALSE,FALSE,FALSE,0,8476431
2016020894,452,even-strength,69,27,FALSE,FALSE,TRUE,TRUE,FALSE,FALSE,0.02763115144952435,8470041
2016020894,453,even-strength,72,2,FALSE,FALSE,TRUE,TRUE,FALSE,FALSE,0.1114567197380998,8475855
2016020894,454,even-strength,-64,-18,FALSE,FALSE,TRUE,FALSE,FALSE,FALSE,0,8475715
2016020894,456,even-strength,53,29,TRUE,FALSE,TRUE,TRUE,FALSE,FALSE,0.03617164583455192,8476431
2016020894,457,even-strength,72,13,FALSE,FALSE,TRUE,FALSE,FALSE,FALSE,0,8476459
2016020894,458,even-strength,77,-13,FALSE,FALSE,TRUE,TRUE,TRUE,FALSE,0.04603307784378367,8476459
2016020894,459,even-strength,68,-3,TRUE,FALSE,TRUE,FALSE,FALSE,FALSE,0,8471958
2016020894,462,even-strength,42,-36,FALSE,FALSE,TRUE,TRUE,FALSE,FALSE,0.009635797522836467,8476431
2016020894,466,power-play,71,12,FALSE,FALSE,TRUE,TRUE,TRUE,FALSE,0.07923400742209792,8470041
2016020894,468,even-strength,66,4,FALSE,FALSE,TRUE,FALSE,FALSE,FALSE,0,8471686
2016020894,470,even-strength,60,24,FALSE,FALSE,TRUE,TRUE,TRUE,FALSE,0.02545599111596795,8475204
2016020894,471,even-strength,43,14,FALSE,FALSE,TRUE,FALSE,FALSE,FALSE,0,8471686
2016020894,472,even-strength,78,18,FALSE,FALSE,TRUE,TRUE,TRUE,FALSE,0.04039681523878895,8475715
2016020894,473,even-strength,64,33,FALSE,FALSE,TRUE,TRUE,FALSE,FALSE,0.013106780405245978,8474613
2016020894,475,even-strength,70,3,FALSE,FALSE,TRUE,FALSE,FALSE,FALSE,0,8470041
2016020894,478,even-strength,65,-15,FALSE,FALSE,TRUE,FALSE,FALSE,FALSE,0,8476431
2016020894,479,even-strength,67,10,FALSE,FALSE,TRUE,TRUE,FALSE,FALSE,0.048589224499125255,8475184
2016020894,481,even-strength,57,-21,FALSE,FALSE,TRUE,FALSE,FALSE,FALSE,0,8474207
2016020894,482,even-strength,68,7,FALSE,FALSE,TRUE,FALSE,FALSE,FALSE,0,8475763
2016020894,486,even-strength,65,7,FALSE,FALSE,TRUE,TRUE,TRUE,FALSE,0.05458158694177573,8475204
2016020894,488,even-strength,68,4,FALSE,FALSE,TRUE,FALSE,FALSE,FALSE,0,8476431
2016020894,489,even-strength,70,10,FALSE,FALSE,TRUE,TRUE,TRUE,FALSE,0.05667936891935407,8474613
2016020894,492,penalty-kill,63,21,FALSE,FALSE,TRUE,TRUE,TRUE,FALSE,0.03214938151587694,8473546
2016020894,602,penalty-kill,75,1,FALSE,FALSE,TRUE,FALSE,FALSE,FALSE,0,8473546
2016020894,603,penalty-kill,40,-21,TRUE,FALSE,TRUE,TRUE,TRUE,FALSE,0.050183801796929745,8474613
2016020894,606,penalty-kill,62,-8,FALSE,FALSE,TRUE,TRUE,TRUE,FALSE,0.06462970703525099,8474613
2016020894,613,even-strength,55,-18,FALSE,FALSE,TRUE,TRUE,TRUE,FALSE,0.024184713124951226,8475692
2016020894,615,even-strength,64,-8,FALSE,FALSE,TRUE,TRUE,FALSE,FALSE,0.05725547656211178,8474613
2016020894,616,even-strength,82,-18,FALSE,FALSE,TRUE,TRUE,TRUE,FALSE,0.03535858937774962,8470041
2016020894,618,even-strength,70,-18,FALSE,FALSE,TRUE,TRUE,FALSE,FALSE,0.035412777764514895,8476459
2016020894,625,even-strength,81,-7,FALSE,TRUE,TRUE,TRUE,TRUE,FALSE,0.19808263056593878,8470041
2016020894,629,even-strength,68,-1,FALSE,FALSE,TRUE,FALSE,FALSE,FALSE,0,8475692
2016020894,630,even-strength,84,-3,FALSE,FALSE,TRUE,TRUE,FALSE,FALSE,0.130935364279974,8470041
2016020894,632,power-play,57,27,FALSE,FALSE,TRUE,TRUE,TRUE,FALSE,0.060795509459592216,8476459
2016020894,635,power-play,58,12,FALSE,FALSE,TRUE,FALSE,FALSE,FALSE,0,8475763
2016020894,636,power-play,39,-6,FALSE,FALSE,TRUE,TRUE,FALSE,FALSE,0.0359036473655697,8476869
2016020894,637,power-play,70,-14,FALSE,FALSE,TRUE,FALSE,FALSE,FALSE,0,8475204
2016020894,638,even-strength,70,-18,FALSE,FALSE,TRUE,TRUE,FALSE,FALSE,0.04731947347692053,8475204
2016020894,639,even-strength,79,4,FALSE,TRUE,TRUE,TRUE,TRUE,TRUE,0.3400460205823455,8476468
2016020894,641,even-strength,67,18,FALSE,FALSE,TRUE,TRUE,TRUE,FALSE,0.037753534780575776,8475855
2016020894,802,even-strength,52,25,FALSE,FALSE,TRUE,FALSE,FALSE,FALSE,0,8476869
2016020894,804,even-strength,60,-13,FALSE,FALSE,TRUE,FALSE,FALSE,FALSE,0,8474613
2016020894,811,even-strength,60,-19,FALSE,FALSE,TRUE,FALSE,FALSE,FALSE,0,8474207
2016020894,812,even-strength,73,-22,FALSE,FALSE,TRUE,TRUE,FALSE,FALSE,0.03687648214396829,8470041
2016020894,825,even-strength,59,3,FALSE,FALSE,TRUE,TRUE,TRUE,FALSE,0.06039271989246426,8474613
2016020894,826,even-strength,60,-14,TRUE,FALSE,TRUE,TRUE,TRUE,FALSE,0.11898106590469139,8473546
2016020894,827,even-strength,77,1,TRUE,FALSE,TRUE,TRUE,TRUE,FALSE,0.11897417390074914,8474207
2016020894,829,even-strength,60,-14,FALSE,FALSE,TRUE,TRUE,TRUE,FALSE,0.06436815391575815,8474207
2016020894,831,even-strength,79,-9,FALSE,FALSE,TRUE,TRUE,FALSE,FALSE,0.11235434444876755,8475184
2016020894,835,even-strength,56,7,FALSE,FALSE,TRUE,TRUE,FALSE,FALSE,0.06162765190410869,8474613
2016020894,839,even-strength,72,11,FALSE,FALSE,TRUE,TRUE,TRUE,FALSE,0.10681161116842325,8470041
2016020907,14,penalty-kill,54,-15,TRUE,FALSE,TRUE,TRUE,FALSE,FALSE,0.200214670897158,8469521
2016020907,20,even-strength,81,-6,FALSE,FALSE,TRUE,FALSE,FALSE,FALSE,0,8471338
2016020907,21,even-strength,45,-16,FALSE,FALSE,TRUE,TRUE,FALSE,FALSE,0.01811910172564975,8470642
2016020907,22,even-strength,38,37,FALSE,FALSE,TRUE,TRUE,FALSE,FALSE,0.008041263903554247,8467496
2016020907,23,even-strength,73,20,FALSE,FALSE,TRUE,TRUE,TRUE,FALSE,0.030127957084649142,8476479
2016020907,24,even-strength,70,-13,FALSE,FALSE,TRUE,FALSE,FALSE,FALSE,0,8474157
2016020907,27,even-strength,54,36,FALSE,FALSE,TRUE,TRUE,TRUE,FALSE,0.014581868565574647,8475848
2016020907,30,even-strength,50,39,FALSE,FALSE,TRUE,TRUE,FALSE,FALSE,0.02116339297683855,8467496
2016020907,32,even-strength,75,37,FALSE,FALSE,TRUE,TRUE,TRUE,FALSE,0.01577262116911676,8476470
2016020907,33,even-strength,68,3,FALSE,FALSE,TRUE,FALSE,FALSE,FALSE,0,8474038
2016020907,34,even-strength,78,3,FALSE,FALSE,TRUE,TRUE,TRUE,FALSE,0.1840896145579089,8474038
2016020907,36,even-strength,43,33,FALSE,FALSE,TRUE,TRUE,TRUE,FALSE,0.008499423037032059,8471296
2016020907,38,power-play,76,-2,FALSE,FALSE,TRUE,TRUE,TRUE,FALSE,0.10642710149291755,8476470
2016020907,39,power-play,35,-28,FALSE,FALSE,TRUE,TRUE,TRUE,FALSE,0.022161820443588137,8473507
2016020907,43,even-strength,78,8,FALSE,FALSE,TRUE,FALSE,FALSE,FALSE,0,8471296
2016020907,45,even-strength,70,-6,FALSE,FALSE,TRUE,TRUE,TRUE,FALSE,0.0776769191303453,8474157
2016020907,49,even-strength,59,37,FALSE,FALSE,TRUE,TRUE,TRUE,FALSE,0.016200669512517245,8470642
2016020907,50,even-strength,52,-18,FALSE,FALSE,TRUE,FALSE,FALSE,FALSE,0,8470642
2016020907,206,even-strength,37,33,FALSE,FALSE,TRUE,TRUE,FALSE,FALSE,0.015938971021459233,8467496
2016020907,207,even-strength,79,-21,TRUE,FALSE,TRUE,TRUE,FALSE,FALSE,0.07280334548964519,8476381
2016020907,211,even-strength,78,1,TRUE,FALSE,TRUE,TRUE,TRUE,FALSE,0.21967377354899814,8474157
2016020907,213,even-strength,74,-11,FALSE,FALSE,TRUE,TRUE,TRUE,FALSE,0.06139932487136663,8476851
2016020907,409,even-strength,34,11,FALSE,FALSE,TRUE,TRUE,TRUE,FALSE,0.014323696579064415,8473507
2016020907,412,even-strength,41,17,TRUE,FALSE,TRUE,FALSE,FALSE,FALSE,0,8471296
2016020907,416,even-strength,34,-23,FALSE,FALSE,TRUE,TRUE,FALSE,FALSE,0.014637494100961651,8473507
2016020907,417,even-strength,32,-37,FALSE,FALSE,TRUE,TRUE,FALSE,FALSE,0.006944082005236917,8470642
2016020907,419,even-strength,52,-19,FALSE,FALSE,TRUE,TRUE,FALSE,FALSE,0.02424472178794836,8467496
2016020907,420,even-strength,67,1,FALSE,FALSE,TRUE,FALSE,FALSE,FALSE,0,8477413
2016020907,422,power-play,64,-10,FALSE,FALSE,TRUE,TRUE,TRUE,TRUE,0.08732568144038158,8474157
2016020907,424,even-strength,50,-30,FALSE,FALSE,TRUE,TRUE,FALSE,FALSE,0.016801814564868553,8473507
2016020907,425,even-strength,74,1,FALSE,FALSE,TRUE,FALSE,FALSE,FALSE,0,8476381
2016020907,429,even-strength,63,1,FALSE,FALSE,TRUE,TRUE,TRUE,FALSE,0.115869249959754,8474157
2016020907,431,even-strength,80,11,FALSE,FALSE,TRUE,FALSE,FALSE,FALSE,0,8467496
2016020907,448,even-strength,76,-8,FALSE,FALSE,TRUE,TRUE,TRUE,TRUE,0.0668293480152418,8476851
2016020907,552,even-strength,56,19,FALSE,FALSE,TRUE,FALSE,FALSE,FALSE,0,8467496
2016020907,557,even-strength,51,-23,FALSE,FALSE,TRUE,TRUE,TRUE,FALSE,0.025970106225370573,8474157
2016020907,580,power-play,74,12,FALSE,FALSE,TRUE,TRUE,FALSE,FALSE,0.11785729360454725,8474157
2016020907,581,power-play,47,-18,FALSE,FALSE,TRUE,TRUE,TRUE,FALSE,0.055124111714366375,8473507
2016020907,582,power-play,66,4,FALSE,FALSE,TRUE,FALSE,FALSE,FALSE,0,8476381
2016020907,583,power-play,76,6,FALSE,FALSE,TRUE,TRUE,TRUE,FALSE,0.11296530626646062,8476851
2016020907,584,power-play,37,-18,FALSE,FALSE,TRUE,TRUE,FALSE,FALSE,0.02952593981454679,8476470
2016020907,585,even-strength,39,-8,FALSE,FALSE,TRUE,TRUE,TRUE,FALSE,0.024666568778063926,8476470
2016020907,586,even-strength,47,34,FALSE,FALSE,TRUE,TRUE,FALSE,FALSE,0.01940012765381277,8471296
2016020907,587,even-strength,51,8,FALSE,FALSE,TRUE,FALSE,FALSE,FALSE,0,8471296
2016020907,589,even-strength,69,3,FALSE,FALSE,TRUE,FALSE,FALSE,FALSE,0,8469521
2016020907,590,even-strength,66,-2,FALSE,FALSE,TRUE,TRUE,FALSE,FALSE,0.08559551866798142,8474038
2016020907,591,even-strength,36,-7,FALSE,TRUE,TRUE,TRUE,TRUE,FALSE,0.060107739472784985,8470642
2016020907,596,even-strength,73,-8,FALSE,FALSE,TRUE,TRUE,TRUE,FALSE,0.06380081153198083,8475848
2016020907,751,even-strength,67,26,TRUE,FALSE,TRUE,TRUE,FALSE,FALSE,0.08335441478939704,8469521
2016020907,752,even-strength,45,-19,FALSE,FALSE,TRUE,FALSE,FALSE,FALSE,0,8476300
2016020907,755,even-strength,41,-30,FALSE,FALSE,TRUE,TRUE,TRUE,FALSE,0.011003062769574726,8470642
2016020907,756,even-strength,59,-23,FALSE,FALSE,TRUE,TRUE,FALSE,FALSE,0.02529612325940779,8471228
2016020907,758,even-strength,36,36,TRUE,FALSE,TRUE,TRUE,TRUE,FALSE,0.02011740803422554,8476851
2016020907,761,even-strength,35,-24,FALSE,FALSE,TRUE,TRUE,TRUE,FALSE,0.013199527749436493,8473507
2016020907,776,even-strength,67,-28,FALSE,FALSE,TRUE,TRUE,TRUE,FALSE,0.02125410188377284,8471228
2016020907,777,even-strength,83,4,FALSE,FALSE,TRUE,FALSE,FALSE,FALSE,0,8476851
2016020907,781,even-strength,66,27,FALSE,FALSE,TRUE,TRUE,TRUE,FALSE,0.03340499884764196,8471228
2016020907,789,even-strength,70,-4,FALSE,FALSE,TRUE,TRUE,FALSE,FALSE,0.09737902805645028,8476479
2016020907,790,even-strength,54,27,FALSE,FALSE,TRUE,TRUE,TRUE,FALSE,0.05795282587250109,8474157
2016020907,795,even-strength,80,2,FALSE,FALSE,TRUE,TRUE,TRUE,TRUE,0.0683015370119829,8476381
2016020933,8,even-strength,53,15,FALSE,FALSE,TRUE,TRUE,FALSE,FALSE,0.021436675556571902,8466139
2016020933,13,even-strength,63,-15,FALSE,FALSE,TRUE,TRUE,TRUE,FALSE,0.07002154091289137,8474571
2016020933,16,even-strength,67,8,FALSE,FALSE,TRUE,TRUE,FALSE,FALSE,0.06106866802139208,8478099
2016020933,18,even-strength,53,-25,FALSE,FALSE,TRUE,TRUE,TRUE,FALSE,0.027117851350516493,8475834
2016020933,20,even-strength,36,23,FALSE,FALSE,TRUE,FALSE,FALSE,FALSE,0,8475455
2016020933,23,even-strength,81,10,FALSE,FALSE,TRUE,FALSE,FALSE,FALSE,0,8474053
2016020933,25,even-strength,44,-28,FALSE,FALSE,TRUE,FALSE,FALSE,FALSE,0,8470613
2016020933,27,even-strength,62,-29,FALSE,FALSE,TRUE,FALSE,FALSE,FALSE,0,8470613
2016020933,31,even-strength,71,-22,FALSE,FALSE,TRUE,TRUE,TRUE,FALSE,0.04493150962698531,8471709
2016020933,35,even-strength,44,29,FALSE,FALSE,TRUE,FALSE,FALSE,FALSE,0,8473673
2016020933,36,even-strength,33,7,FALSE,FALSE,TRUE,TRUE,TRUE,FALSE,0.015711314193603682,8475455
2016020933,37,even-strength,76,3,FALSE,FALSE,TRUE,TRUE,FALSE,FALSE,0.08160121118386539,8476881
2016020933,43,even-strength,79,-6,FALSE,FALSE,TRUE,TRUE,TRUE,FALSE,0.11340338659179025,8478099
2016020933,48,power-play,33,-6,FALSE,FALSE,TRUE,TRUE,TRUE,FALSE,0.031341894606947376,8474053
2016020933,50,power-play,74,0,FALSE,FALSE,TRUE,TRUE,TRUE,FALSE,0.09289364260663255,8466139
2016020933,201,power-play,51,-3,FALSE,FALSE,TRUE,TRUE,TRUE,FALSE,0.05342471122144664,8474053
2016020933,203,power-play,31,-8,FALSE,FALSE,TRUE,TRUE,TRUE,FALSE,0.030033554823962146,8474053
2016020933,205,power-play,76,4,FALSE,FALSE,TRUE,TRUE,TRUE,FALSE,0.1451779138465634,8468208
2016020933,206,power-play,76,1,FALSE,FALSE,TRUE,FALSE,FALSE,FALSE,0,8478099
2016020933,207,even-strength,76,-5,FALSE,FALSE,TRUE,TRUE,FALSE,FALSE,0.06374140717501904,8477922
2016020933,208,even-strength,66,6,FALSE,FALSE,TRUE,TRUE,TRUE,FALSE,0.07887031997762119,8466139
2016020933,209,even-strength,81,10,FALSE,FALSE,TRUE,TRUE,FALSE,FALSE,0.04196472961809714,8466139
2016020933,211,even-strength,34,-38,FALSE,FALSE,TRUE,TRUE,FALSE,FALSE,0.006854079462657194,8474027
2016020933,213,even-strength,80,-4,FALSE,FALSE,TRUE,FALSE,FALSE,FALSE,0,8470613
2016020933,214,even-strength,79,-8,FALSE,FALSE,TRUE,TRUE,TRUE,FALSE,0.06785771622105705,8478099
2016020933,216,even-strength,30,29,FALSE,FALSE,TRUE,TRUE,TRUE,FALSE,0.006733533165665375,8475455
2016020933,217,even-strength,70,-7,FALSE,FALSE,TRUE,FALSE,FALSE,FALSE,0,8474053
2016020933,232,even-strength,35,25,TRUE,FALSE,TRUE,TRUE,TRUE,FALSE,0.014946148896017251,8471709
2016020933,237,even-strength,77,3,FALSE,FALSE,TRUE,TRUE,TRUE,FALSE,0.11337397084560406,8468208
2016020933,247,even-strength,45,-19,FALSE,FALSE,TRUE,FALSE,FALSE,FALSE,0,8473673
2016020933,248,even-strength,33,33,FALSE,FALSE,TRUE,TRUE,TRUE,FALSE,0.007336681171821865,8473673
2016020933,250,even-strength,47,7,FALSE,FALSE,TRUE,TRUE,TRUE,FALSE,0.0268332191404459,8473673
2016020933,404,even-strength,65,8,FALSE,FALSE,TRUE,TRUE,FALSE,FALSE,0.04782280682174547,8474053
2016020933,405,even-strength,75,1,FALSE,FALSE,TRUE,TRUE,TRUE,FALSE,0.10698378343248134,8466139
2016020933,406,even-strength,62,-37,FALSE,FALSE,TRUE,TRUE,FALSE,FALSE,0.012237844196089654,8470613
2016020933,408,even-strength,34,-31,FALSE,FALSE,TRUE,TRUE,FALSE,FALSE,0.006952367265089044,8470613
2016020933,410,even-strength,54,-23,FALSE,FALSE,TRUE,TRUE,TRUE,TRUE,0.030528482893332366,8475455
2016020933,420,even-strength,33,-32,FALSE,FALSE,TRUE,TRUE,TRUE,FALSE,0.007769624496274755,8470613
2016020933,421,even-strength,31,-2,FALSE,FALSE,TRUE,TRUE,TRUE,FALSE,0.013387748724744651,8470613
2016020933,422,even-strength,78,-4,FALSE,FALSE,TRUE,FALSE,FALSE,FALSE,0,8470613
2016020933,423,even-strength,79,16,FALSE,FALSE,TRUE,TRUE,FALSE,FALSE,0.03781032408594072,8474053
2016020933,426,even-strength,60,1,FALSE,FALSE,TRUE,TRUE,FALSE,FALSE,0.0595521678008135,8476881
2016020933,427,even-strength,72,12,FALSE,FALSE,TRUE,FALSE,FALSE,FALSE,0,8473673
2016020933,439,penalty-kill,45,5,FALSE,FALSE,TRUE,TRUE,TRUE,FALSE,0.0667702943812842,8474571
2016020933,449,even-strength,78,4,FALSE,FALSE,TRUE,FALSE,FALSE,FALSE,0,8470794
2016020933,450,even-strength,33,-20,TRUE,FALSE,TRUE,TRUE,TRUE,FALSE,0.015803059617339823,8474027
2016020933,601,even-strength,79,0,TRUE,TRUE,TRUE,TRUE,TRUE,FALSE,0.3737311191536692,8477922
2016020933,606,even-strength,71,-31,TRUE,FALSE,TRUE,FALSE,FALSE,FALSE,0,8470613
2016020933,609,power-play,69,16,FALSE,FALSE,TRUE,TRUE,TRUE,FALSE,0.1007211811588878,8466139
2016020933,611,power-play,52,-30,FALSE,FALSE,TRUE,TRUE,TRUE,FALSE,0.02915653734244716,8471709
2016020933,612,power-play,77,-5,FALSE,FALSE,TRUE,TRUE,FALSE,FALSE,0.07349278521064663,8476881
2016020933,613,power-play,70,12,FALSE,FALSE,TRUE,FALSE,FALSE,FALSE,0,8478099
2016020933,614,even-strength,82,8,FALSE,FALSE,TRUE,FALSE,FALSE,FALSE,0,8477922
2016020933,616,even-strength,78,1,FALSE,FALSE,TRUE,TRUE,TRUE,FALSE,0.2074971178302813,8470794
2016020933,619,penalty-kill,69,-3,FALSE,FALSE,TRUE,TRUE,TRUE,FALSE,0.1347852792520034,8477922
2016020933,620,penalty-kill,71,-3,FALSE,FALSE,TRUE,FALSE,FALSE,FALSE,0,8470613
2016020933,625,even-strength,34,33,FALSE,FALSE,TRUE,TRUE,FALSE,FALSE,0.010622881084160072,8471709
2016020933,626,even-strength,51,19,FALSE,FALSE,TRUE,TRUE,TRUE,FALSE,0.017803566012487188,8470794
2016020933,627,even-strength,31,15,FALSE,FALSE,TRUE,TRUE,TRUE,FALSE,0.01355587303658648,8475455
2016020933,636,even-strength,38,-35,TRUE,FALSE,TRUE,TRUE,FALSE,FALSE,0.021318378113767508,8470613
2016020933,637,even-strength,75,-6,FALSE,FALSE,TRUE,TRUE,TRUE,FALSE,0.14197773320758347,8475834
2016020933,638,even-strength,77,-3,FALSE,FALSE,TRUE,TRUE,TRUE,FALSE,0.09412715144208025,8476881
2016020933,639,even-strength,75,-7,FALSE,FALSE,TRUE,TRUE,TRUE,FALSE,0.06628188208282221,8475834
2016020933,640,even-strength,68,-20,FALSE,TRUE,TRUE,FALSE,FALSE,FALSE,0,8470613
2016020933,641,even-strength,73,-6,FALSE,FALSE,TRUE,TRUE,FALSE,FALSE,0.07255617539176014,8475834
2016020933,642,even-strength,51,25,FALSE,FALSE,TRUE,TRUE,TRUE,FALSE,0.01320859288165664,8470613
2016020933,646,even-strength,72,13,FALSE,FALSE,TRUE,TRUE,FALSE,FALSE,0.0509731088593994,8466138
2016020933,647,even-strength,42,-24,FALSE,FALSE,TRUE,FALSE,FALSE,FALSE,0,8474027
2016020933,751,even-strength,78,16,FALSE,FALSE,TRUE,TRUE,TRUE,FALSE,0.038400032538248,8474053
2016020933,753,even-strength,72,21,FALSE,FALSE,TRUE,TRUE,TRUE,TRUE,0.03017186049521826,8476881
2016020944,12,even-strength,82,2,FALSE,TRUE,TRUE,TRUE,TRUE,FALSE,0.24896897760086875,8476406
2016020944,14,even-strength,76,1,FALSE,TRUE,TRUE,TRUE,FALSE,FALSE,0.2756142404523486,8477960
2016020944,59,even-strength,85,11,FALSE,FALSE,TRUE,TRUE,TRUE,FALSE,0.04960231595753218,8473453
2016020944,61,even-strength,65,-2,FALSE,FALSE,TRUE,TRUE,TRUE,FALSE,0.05981742034662974,8473453
2016020944,62,even-strength,39,15,FALSE,FALSE,TRUE,FALSE,FALSE,FALSE,0,8475762
2016020944,63,even-strength,53,34,FALSE,FALSE,TRUE,TRUE,TRUE,FALSE,0.009858953110560358,8475160
2016020944,64,even-strength,42,-27,FALSE,FALSE,TRUE,FALSE,FALSE,FALSE,0,8476983
2016020944,65,even-strength,35,-4,FALSE,FALSE,TRUE,TRUE,TRUE,FALSE,0.019548840289160253,8476983
2016020944,71,even-strength,74,-33,FALSE,FALSE,TRUE,TRUE,FALSE,FALSE,0.023599103297564674,8476406
2016020944,75,even-strength,35,12,FALSE,FALSE,TRUE,TRUE,FALSE,FALSE,0.028291434049844483,8475762
2016020944,77,power-play,69,9,FALSE,FALSE,TRUE,FALSE,FALSE,FALSE,0,8474162
2016020944,78,power-play,67,-3,FALSE,FALSE,TRUE,FALSE,FALSE,FALSE,0,8475726
2016020944,80,power-play,35,-31,FALSE,FALSE,TRUE,TRUE,TRUE,FALSE,0.029096553167244597,8474166
2016020944,81,even-strength,85,-7,FALSE,FALSE,TRUE,TRUE,FALSE,FALSE,0.06117155011410604,8468483
2016020944,85,even-strength,71,25,FALSE,FALSE,TRUE,FALSE,FALSE,FALSE,0,8468483
2016020944,86,even-strength,59,25,FALSE,FALSE,TRUE,TRUE,TRUE,FALSE,0.021298289108751364,8470606
2016020944,94,even-strength,79,35,FALSE,FALSE,TRUE,TRUE,FALSE,FALSE,0.016891486327772282,8470606
2016020944,203,even-strength,69,19,FALSE,TRUE,TRUE,FALSE,FALSE,FALSE,0,8474162
2016020944,214,even-strength,70,-37,TRUE,FALSE,TRUE,TRUE,FALSE,FALSE,0.04259671527228877,8470604
2016020944,252,even-strength,35,-8,FALSE,FALSE,TRUE,TRUE,FALSE,FALSE,0.026601995023992586,8474166
2016020944,257,even-strength,57,12,FALSE,FALSE,TRUE,TRUE,FALSE,FALSE,0.04521105841846591,8468483
2016020944,259,power-play,49,33,FALSE,FALSE,TRUE,TRUE,FALSE,FALSE,0.03565639063015521,8470604
2016020944,261,power-play,66,-4,FALSE,FALSE,TRUE,FALSE,FALSE,FALSE,0,8474166
2016020944,262,power-play,66,11,FALSE,FALSE,TRUE,FALSE,FALSE,FALSE,0,8475726
2016020944,265,even-strength,85,6,FALSE,FALSE,TRUE,TRUE,FALSE,FALSE,0.03036985329448167,8473453
2016020944,269,even-strength,46,31,FALSE,FALSE,TRUE,TRUE,TRUE,FALSE,0.015725584744056935,8475160
2016020944,281,even-strength,58,-24,FALSE,FALSE,TRUE,TRUE,TRUE,FALSE,0.0344301796455448,8470606
2016020944,283,even-strength,80,0,FALSE,FALSE,TRUE,TRUE,FALSE,FALSE,0.1856151277673562,8475160
2016020944,284,even-strength,58,-7,FALSE,FALSE,TRUE,TRUE,TRUE,FALSE,0.04718108528200949,8475726
2016020944,286,even-strength,87,6,FALSE,FALSE,TRUE,TRUE,TRUE,FALSE,0.053754589225646694,8470604
2016020944,288,even-strength,74,1,FALSE,FALSE,TRUE,TRUE,TRUE,FALSE,0.09152819919130405,8470606
2016020944,290,even-strength,34,31,FALSE,FALSE,TRUE,TRUE,TRUE,FALSE,0.007546232990914043,8475762
2016020944,291,even-strength,42,-4,FALSE,FALSE,TRUE,FALSE,FALSE,FALSE,0,8474563
2016020944,293,even-strength,49,-15,FALSE,FALSE,TRUE,TRUE,TRUE,FALSE,0.02828419092791238,8476983
2016020944,295,even-strength,56,-26,FALSE,FALSE,TRUE,TRUE,TRUE,FALSE,0.023582799889140343,8468483
2016020944,300,even-strength,46,-21,FALSE,FALSE,TRUE,TRUE,FALSE,FALSE,0.01940365518165021,8474563
2016020944,305,even-strength,80,5,FALSE,FALSE,TRUE,FALSE,FALSE,FALSE,0,8474166
2016020944,350,even-strength,67,4,FALSE,FALSE,TRUE,TRUE,TRUE,FALSE,0.08434164711948754,8475160
2016020944,501,even-strength,52,22,TRUE,FALSE,TRUE,TRUE,TRUE,FALSE,0.05407445773659414,8473453
2016020944,506,penalty-kill,7,1,FALSE,FALSE,TRUE,TRUE,TRUE,FALSE,0.005485491175358184,8475762
2016020944,515,power-play,51,-22,FALSE,FALSE,TRUE,TRUE,TRUE,TRUE,0.059702833097456214,8471685
2016020944,521,even-strength,82,-5,FALSE,FALSE,TRUE,TRUE,TRUE,TRUE,0.06995755678993433,8476871
2016020944,523,even-strength,70,-4,FALSE,FALSE,TRUE,FALSE,FALSE,FALSE,0,8475343
2016020944,524,even-strength,60,-35,FALSE,FALSE,TRUE,TRUE,TRUE,FALSE,0.01948062147836502,8470606
2016020944,525,even-strength,37,18,FALSE,FALSE,TRUE,TRUE,TRUE,FALSE,0.021106582030618097,8475762
2016020944,534,even-strength,43,-17,FALSE,FALSE,TRUE,TRUE,FALSE,FALSE,0.017595187776019743,8470606
2016020944,536,even-strength,73,5,FALSE,FALSE,TRUE,FALSE,FALSE,FALSE,0,8470606
2016020944,537,even-strength,62,7,FALSE,FALSE,TRUE,TRUE,FALSE,FALSE,0.05289570096042869,8470604
2016020944,538,even-strength,53,27,FALSE,FALSE,TRUE,FALSE,FALSE,FALSE,0,8477960
2016020944,541,even-strength,56,21,FALSE,FALSE,TRUE,TRUE,TRUE,FALSE,0.02130878806822201,8476871
2016020944,546,even-strength,67,-8,FALSE,FALSE,TRUE,TRUE,TRUE,FALSE,0.0917372845344645,8475343
2016020944,547,even-strength,60,7,FALSE,FALSE,TRUE,TRUE,TRUE,FALSE,0.04227966034904258,8470606
2016020944,549,even-strength,62,-6,FALSE,FALSE,TRUE,TRUE,FALSE,FALSE,0.05981892168224859,8470604
2016020944,550,even-strength,72,10,FALSE,FALSE,TRUE,TRUE,TRUE,FALSE,0.04989017908868016,8468483
2016020944,655,even-strength,82,5,FALSE,TRUE,TRUE,TRUE,FALSE,FALSE,0.23110575517984394,8470604
2016020944,662,even-strength,82,2,FALSE,TRUE,TRUE,TRUE,TRUE,FALSE,0.3081104369632456,8475343
2016020944,666,even-strength,44,6,FALSE,FALSE,TRUE,FALSE,FALSE,FALSE,0,8475726
2016020944,706,even-strength,43,31,FALSE,FALSE,TRUE,TRUE,TRUE,FALSE,0.010823067628453227,8470604
2016020944,709,even-strength,80,4,FALSE,FALSE,TRUE,TRUE,TRUE,FALSE,0.10318247474636763,8475726
2016020944,711,even-strength,76,-38,FALSE,FALSE,TRUE,TRUE,TRUE,FALSE,0.013555431427120306,8474166
2016020944,718,even-strength,85,7,FALSE,FALSE,TRUE,TRUE,TRUE,FALSE,0.03233075617523716,8470606
2016020944,726,even-strength,74,6,FALSE,FALSE,TRUE,TRUE,TRUE,FALSE,0.06248901384694824,8475726
2016020944,730,even-strength,81,8,FALSE,FALSE,TRUE,TRUE,FALSE,FALSE,0.17679432954236446,8468483
2016020944,734,even-strength,79,-8,FALSE,FALSE,TRUE,TRUE,TRUE,FALSE,0.07832765270002869,8470606
2016020944,735,even-strength,33,-27,FALSE,FALSE,TRUE,TRUE,TRUE,FALSE,0.07197400580485104,8474563
2016020944,740,even-strength,50,28,FALSE,FALSE,TRUE,TRUE,TRUE,FALSE,0.07997339147135844,8474162
2016020975,7,even-strength,85,-15,FALSE,FALSE,TRUE,TRUE,TRUE,FALSE,0.04432697868606217,8468083
2016020975,14,even-strength,66,7,FALSE,FALSE,TRUE,TRUE,TRUE,FALSE,0.07338713150890024,8470144
2016020975,20,even-strength,48,25,FALSE,FALSE,TRUE,TRUE,FALSE,FALSE,0.01792582682563548,8470144
2016020975,28,even-strength,75,5,TRUE,FALSE,TRUE,TRUE,TRUE,FALSE,0.1560164516122965,8470144
2016020975,31,even-strength,59,33,FALSE,FALSE,TRUE,TRUE,FALSE,FALSE,0.023109402196027414,8477511
2016020975,42,even-strength,74,19,FALSE,FALSE,TRUE,FALSE,FALSE,FALSE,0,8468083
2016020975,49,even-strength,66,23,FALSE,FALSE,TRUE,TRUE,TRUE,FALSE,0.0419305437762081,8471242
2016020975,50,even-strength,68,-5,FALSE,FALSE,TRUE,FALSE,FALSE,FALSE,0,8477511
2016020975,201,even-strength,78,8,TRUE,FALSE,TRUE,TRUE,TRUE,FALSE,0.05881293515301718,8468083
2016020975,202,even-strength,35,33,FALSE,FALSE,TRUE,FALSE,FALSE,FALSE,0,8476443
2016020975,204,power-play,86,9,FALSE,FALSE,TRUE,TRUE,TRUE,FALSE,0.09581455387861836,8474679
2016020975,206,power-play,76,-2,FALSE,FALSE,TRUE,FALSE,FALSE,FALSE,0,8476960
2016020975,207,power-play,68,8,FALSE,FALSE,TRUE,TRUE,FALSE,FALSE,0.09674842892500335,8475193
2016020975,208,power-play,74,10,FALSE,FALSE,TRUE,TRUE,TRUE,FALSE,0.09017770805497861,8477946
2016020975,209,power-play,70,-9,FALSE,TRUE,TRUE,TRUE,TRUE,FALSE,0.19089971373943837,8475193
2016020975,220,even-strength,73,10,FALSE,FALSE,TRUE,FALSE,FALSE,FALSE,0,8475193
2016020975,221,even-strength,63,-9,FALSE,FALSE,TRUE,TRUE,FALSE,FALSE,0.07136342224913376,8477946
2016020975,223,power-play,38,25,FALSE,FALSE,TRUE,TRUE,FALSE,FALSE,0.03257313679848177,8477946
2016020975,225,power-play,63,-10,FALSE,FALSE,TRUE,TRUE,FALSE,FALSE,0.10999384290689382,8470144
2016020975,227,even-strength,57,13,FALSE,FALSE,TRUE,TRUE,FALSE,FALSE,0.038251885937935326,8475772
2016020975,234,even-strength,59,3,TRUE,FALSE,TRUE,FALSE,FALSE,FALSE,0,8476960
2016020975,246,even-strength,76,-4,FALSE,FALSE,TRUE,TRUE,FALSE,FALSE,0.14147764427361564,8468083
2016020975,403,even-strength,52,13,FALSE,FALSE,TRUE,TRUE,TRUE,FALSE,0.04685153392718955,8475193
2016020975,405,even-strength,83,-29,FALSE,FALSE,TRUE,TRUE,TRUE,FALSE,0.024640705085842797,8475324
2016020975,406,even-strength,85,-11,FALSE,FALSE,TRUE,TRUE,FALSE,FALSE,0.022232236762010023,8471716
2016020975,408,even-strength,60,31,FALSE,FALSE,TRUE,TRUE,TRUE,FALSE,0.015726847955556438,8470144
2016020975,410,even-strength,36,26,FALSE,FALSE,TRUE,TRUE,TRUE,FALSE,0.011068695554649394,8477215
2016020975,412,even-strength,44,13,FALSE,FALSE,TRUE,TRUE,TRUE,FALSE,0.01256077945985122,8475772
2016020975,414,even-strength,79,-3,FALSE,FALSE,TRUE,TRUE,TRUE,TRUE,0.0946620295910078,8474679
2016020975,418,even-strength,64,-5,FALSE,FALSE,TRUE,TRUE,TRUE,FALSE,0.04907026057148771,8476960
2016020975,426,even-strength,72,9,FALSE,FALSE,TRUE,TRUE,TRUE,TRUE,0.07095055818216717,8474679
2016020975,432,even-strength,49,32,FALSE,FALSE,TRUE,FALSE,FALSE,FALSE,0,8470778
2016020975,443,even-strength,78,-2,FALSE,FALSE,TRUE,FALSE,FALSE,FALSE,0,8474679
2016020975,444,even-strength,52,5,FALSE,FALSE,TRUE,TRUE,TRUE,FALSE,0.04671501829280507,8475193
2016020975,446,even-strength,53,10,FALSE,FALSE,TRUE,TRUE,FALSE,FALSE,0.039671898384053814,8475772
2016020975,447,even-strength,47,12,TRUE,FALSE,TRUE,TRUE,FALSE,FALSE,0.055416954223242845,8476960
2016020975,704,even-strength,75,-6,FALSE,FALSE,TRUE,TRUE,TRUE,FALSE,0.12203796348382279,8474679
2016020975,706,even-strength,81,-3,FALSE,FALSE,TRUE,TRUE,TRUE,FALSE,0.1373818772088245,8476822
2016020975,708,even-strength,50,-29,FALSE,FALSE,TRUE,TRUE,TRUE,FALSE,0.017774064476375938,8471242
2016020975,709,even-strength,58,34,FALSE,FALSE,TRUE,TRUE,TRUE,FALSE,0.01636241780191483,8468509
2016020975,711,even-strength,73,-14,FALSE,FALSE,TRUE,FALSE,FALSE,FALSE,0,8475193
2016020975,716,even-strength,67,3,TRUE,FALSE,TRUE,TRUE,TRUE,FALSE,0.16175191353441967,8474679
2016020975,717,even-strength,78,0,FALSE,FALSE,TRUE,TRUE,TRUE,FALSE,0.12985380595465582,8468083
2016020975,725,even-strength,81,-17,FALSE,FALSE,TRUE,TRUE,TRUE,FALSE,0.04075145262778572,8476960
2016020975,726,even-strength,64,3,FALSE,FALSE,TRUE,FALSE,FALSE,FALSE,0,8476960
2016020975,727,even-strength,60,33,FALSE,FALSE,TRUE,TRUE,FALSE,FALSE,0.013381497712359709,8477511
2016020975,729,even-strength,69,-9,FALSE,FALSE,TRUE,FALSE,FALSE,FALSE,0,8475193
2016020975,730,even-strength,56,-17,FALSE,FALSE,TRUE,TRUE,FALSE,FALSE,0.05991777296289508,8474679
2016020986,7,even-strength,73,1,FALSE,FALSE,TRUE,FALSE,FALSE,FALSE,0,8475462
2016020986,8,even-strength,67,-12,FALSE,FALSE,TRUE,FALSE,FALSE,FALSE,0,8475462
2016020986,9,even-strength,62,1,FALSE,FALSE,TRUE,TRUE,TRUE,FALSE,0.08027092812763006,8478500
2016020986,13,even-strength,66,-24,TRUE,FALSE,TRUE,FALSE,FALSE,FALSE,0,8476393
2016020986,16,even-strength,35,10,FALSE,FALSE,TRUE,FALSE,FALSE,FALSE,0,8475430
2016020986,17,even-strength,56,27,FALSE,FALSE,TRUE,FALSE,FALSE,FALSE,0,8474190
2016020986,18,even-strength,48,11,FALSE,FALSE,TRUE,TRUE,TRUE,FALSE,0.028586530613800742,8476393
2016020986,21,power-play,42,32,FALSE,FALSE,TRUE,TRUE,FALSE,FALSE,0.0469311317420509,8476906
2016020986,22,power-play,64,1,FALSE,FALSE,TRUE,TRUE,TRUE,FALSE,0.11038590859610369,8474161
2016020986,23,power-play,78,1,FALSE,TRUE,TRUE,TRUE,TRUE,TRUE,0.27718076565397043,8474190
2016020986,29,even-strength,35,1,FALSE,FALSE,TRUE,TRUE,TRUE,FALSE,0.034153248881183575,8476906
2016020986,34,even-strength,85,17,TRUE,FALSE,TRUE,TRUE,TRUE,FALSE,0.04697971101876062,8475738
2016020986,35,even-strength,66,-16,FALSE,FALSE,TRUE,TRUE,FALSE,FALSE,0.06093186886741195,8474190
2016020986,43,even-strength,70,-6,FALSE,FALSE,TRUE,TRUE,FALSE,FALSE,0.060217568874923126,8473584
2016020986,47,even-strength,39,-13,FALSE,FALSE,TRUE,FALSE,FALSE,FALSE,0,8475462
2016020986,49,even-strength,70,-5,FALSE,FALSE,TRUE,FALSE,FALSE,FALSE,0,8475462
2016020986,202,even-strength,74,-4,FALSE,FALSE,TRUE,FALSE,FALSE,FALSE,0,8474161
2016020986,203,even-strength,76,-5,TRUE,FALSE,TRUE,FALSE,FALSE,FALSE,0,8475170
2016020986,215,even-strength,71,-8,FALSE,FALSE,TRUE,TRUE,TRUE,FALSE,0.0745630487073868,8478439
2016020986,216,even-strength,78,-1,FALSE,FALSE,TRUE,FALSE,FALSE,FALSE,0,8471762
2016020986,226,even-strength,67,-8,FALSE,FALSE,TRUE,TRUE,FALSE,FALSE,0.08141073690825548,8470047
2016020986,231,even-strength,33,-31,FALSE,FALSE,TRUE,TRUE,TRUE,FALSE,0.009519525867584531,8476906
2016020986,232,even-strength,17,0,FALSE,FALSE,TRUE,TRUE,TRUE,FALSE,0.010551362119375154,8473512
2016020986,239,even-strength,71,-12,FALSE,FALSE,TRUE,TRUE,TRUE,FALSE,0.06428308693375744,8473512
2016020986,246,even-strength,33,10,FALSE,FALSE,TRUE,FALSE,FALSE,FALSE,0,8478500
2016020986,247,even-strength,76,25,FALSE,FALSE,TRUE,TRUE,FALSE,FALSE,0.03487622673513716,8474584
2016020986,249,even-strength,34,22,FALSE,FALSE,TRUE,TRUE,TRUE,FALSE,0.02036036444026355,8475430
2016020986,407,even-strength,46,-18,FALSE,FALSE,TRUE,TRUE,TRUE,FALSE,0.01940648944345851,8475170
2016020986,412,even-strength,28,-15,FALSE,FALSE,TRUE,TRUE,TRUE,FALSE,0.013844569062028782,8473584
2016020986,413,even-strength,63,1,FALSE,TRUE,TRUE,TRUE,TRUE,FALSE,0.21100182276700363,8474584
2016020986,419,even-strength,54,20,FALSE,FALSE,TRUE,FALSE,FALSE,FALSE,0,8476177
2016020986,422,even-strength,66,-35,FALSE,FALSE,TRUE,TRUE,TRUE,FALSE,0.01700890184956449,8475430
2016020986,425,even-strength,35,-34,FALSE,FALSE,TRUE,TRUE,FALSE,FALSE,0.013465474800950809,8473584
2016020986,427,even-strength,83,-11,FALSE,FALSE,TRUE,TRUE,FALSE,FALSE,0.051222491424440554,8475430
2016020986,432,even-strength,48,9,FALSE,FALSE,TRUE,FALSE,FALSE,FALSE,0,8475170
2016020986,433,even-strength,43,5,FALSE,FALSE,TRUE,FALSE,FALSE,FALSE,0,8473584
2016020986,436,even-strength,34,18,FALSE,FALSE,TRUE,TRUE,TRUE,FALSE,0.0172812846592417,8473512
2016020986,446,even-strength,31,2,FALSE,FALSE,TRUE,TRUE,FALSE,FALSE,0.014320611919326678,8476906
2016020986,448,even-strength,70,-7,FALSE,FALSE,TRUE,TRUE,TRUE,FALSE,0.08562713019301817,8470047
2016020986,449,even-strength,65,5,FALSE,FALSE,TRUE,TRUE,TRUE,FALSE,0.06777532586442887,8475170
2016020986,610,even-strength,37,-25,FALSE,FALSE,TRUE,TRUE,FALSE,FALSE,0.016022295346574827,8475462
2016020986,614,even-strength,64,37,FALSE,FALSE,TRUE,TRUE,TRUE,FALSE,0.02044718608013617,8475170
2016020986,619,even-strength,37,34,FALSE,FALSE,TRUE,TRUE,TRUE,FALSE,0.01238080937035241,8474584
2016020986,623,even-strength,41,28,FALSE,FALSE,TRUE,TRUE,TRUE,FALSE,0.012582380589964269,8475430
2016020986,629,even-strength,73,5,FALSE,FALSE,TRUE,TRUE,TRUE,FALSE,0.09679555085522512,8473512
2016020986,631,even-strength,64,-36,FALSE,FALSE,TRUE,TRUE,TRUE,FALSE,0.022147094778520827,8476177
2016020986,633,even-strength,62,12,FALSE,FALSE,TRUE,TRUE,TRUE,FALSE,0.0703831695275756,8473512
2016020986,634,even-strength,65,-3,FALSE,FALSE,TRUE,TRUE,TRUE,FALSE,0.07085732876841512,8475738
2016020986,635,even-strength,69,-3,FALSE,FALSE,TRUE,TRUE,TRUE,FALSE,0.09476655111594953,8475738
2016020986,637,power-play,69,12,FALSE,FALSE,TRUE,TRUE,FALSE,FALSE,0.07831321411065648,8476461
2016020986,640,power-play,38,29,FALSE,FALSE,TRUE,FALSE,FALSE,FALSE,0,8473512
2016020986,641,power-play,49,26,FALSE,FALSE,TRUE,TRUE,TRUE,FALSE,0.058267744259671565,8473512
2016020986,643,even-strength,73,0,FALSE,FALSE,TRUE,TRUE,FALSE,FALSE,0.1111954064956746,8476461
2016020986,644,even-strength,11,33,FALSE,FALSE,TRUE,TRUE,TRUE,FALSE,0.003400113311077034,8478500
2016020986,645,even-strength,40,-6,FALSE,FALSE,TRUE,TRUE,TRUE,FALSE,0.023327699460016324,8478500
2016020986,751,power-play,41,2,FALSE,FALSE,TRUE,TRUE,FALSE,FALSE,0.05578744615445944,8476906
2016020986,752,power-play,76,-11,FALSE,FALSE,TRUE,TRUE,TRUE,FALSE,0.08530691676423807,8474161
2016020986,753,power-play,55,15,FALSE,FALSE,TRUE,TRUE,TRUE,FALSE,0.06588000537825757,8475170
2016020986,754,power-play,77,0,FALSE,FALSE,TRUE,TRUE,TRUE,FALSE,0.17286382776940643,8474190
2016020986,755,power-play,67,8,FALSE,FALSE,TRUE,FALSE,FALSE,FALSE,0,8470047
2016020986,757,even-strength,58,12,FALSE,FALSE,TRUE,FALSE,FALSE,FALSE,0,8475462
2016020986,758,even-strength,75,1,FALSE,FALSE,TRUE,FALSE,FALSE,FALSE,0,8478439
2016020986,759,even-strength,32,27,FALSE,FALSE,TRUE,TRUE,TRUE,FALSE,0.008774566905732075,8476906
2016020986,762,even-strength,49,-28,FALSE,FALSE,TRUE,TRUE,TRUE,TRUE,0.02597769681066976,8476906
2016020986,765,even-strength,6,19,FALSE,FALSE,TRUE,TRUE,TRUE,FALSE,0.0023054661048667385,8478500
2016020986,767,even-strength,78,-1,FALSE,FALSE,TRUE,TRUE,TRUE,FALSE,0.12382656480725074,8474190
2016020986,768,even-strength,36,-20,FALSE,FALSE,TRUE,TRUE,TRUE,FALSE,0.03320700109204362,8470047
2016020986,771,even-strength,50,-23,FALSE,FALSE,TRUE,TRUE,TRUE,FALSE,0.027898047175804026,8474584
2016021004,6,even-strength,56,14,FALSE,FALSE,TRUE,TRUE,TRUE,FALSE,0.03666248627838287,8477496
2016021004,8,even-strength,36,-38,FALSE,FALSE,TRUE,TRUE,TRUE,FALSE,0.006861824222510805,8475753
2016021004,10,even-strength,70,5,FALSE,FALSE,TRUE,TRUE,TRUE,FALSE,0.07113224997217428,8478427
2016021004,12,even-strength,60,24,FALSE,FALSE,TRUE,TRUE,TRUE,FALSE,0.02251997518792689,8473533
2016021004,15,even-strength,77,12,FALSE,FALSE,TRUE,TRUE,TRUE,FALSE,0.07654511187246028,8475784
2016021004,18,even-strength,62,5,TRUE,FALSE,TRUE,TRUE,TRUE,FALSE,0.104930500439077,8477496
2016021004,22,even-strength,35,29,FALSE,FALSE,TRUE,TRUE,TRUE,FALSE,0.012404378412850114,8476403
2016021004,27,even-strength,59,-26,FALSE,FALSE,TRUE,TRUE,TRUE,FALSE,0.030456172250074624,8477496
2016021004,28,even-strength,46,21,FALSE,FALSE,TRUE,FALSE,FALSE,FALSE,0,8478396
2016021004,29,even-strength,61,1,FALSE,FALSE,TRUE,FALSE,FALSE,FALSE,0,8475807
2016021004,31,even-strength,75,2,FALSE,FALSE,TRUE,TRUE,FALSE,FALSE,0.12084618902576767,8473533
2016021004,32,even-strength,76,-20,FALSE,FALSE,TRUE,TRUE,TRUE,TRUE,0.04398863686370391,8476437
2016021004,38,even-strength,33,25,FALSE,FALSE,TRUE,TRUE,TRUE,FALSE,0.02205964853102186,8478396
2016021004,39,even-strength,75,-9,FALSE,TRUE,TRUE,FALSE,FALSE,FALSE,0,8478585
2016021004,40,even-strength,45,24,FALSE,FALSE,TRUE,FALSE,FALSE,FALSE,0,8478396
2016021004,43,even-strength,75,34,FALSE,FALSE,TRUE,TRUE,FALSE,FALSE,0.024331433349027706,8475807
2016021004,45,even-strength,30,4,FALSE,FALSE,TRUE,TRUE,FALSE,FALSE,0.015494618338086843,8476403
2016021004,46,even-strength,42,36,FALSE,FALSE,TRUE,TRUE,FALSE,FALSE,0.0089923577835228,8476403
2016021004,256,even-strength,72,-16,FALSE,FALSE,TRUE,FALSE,FALSE,FALSE,0,8476437
2016021004,257,even-strength,57,16,FALSE,FALSE,TRUE,FALSE,FALSE,FALSE,0,8476958
2016021004,259,even-strength,87,-5,FALSE,FALSE,TRUE,TRUE,TRUE,FALSE,0.027488560674044253,8475784
2016021004,260,power-play,52,-12,FALSE,FALSE,TRUE,FALSE,FALSE,FALSE,0,8478396
2016021004,261,power-play,66,-33,FALSE,FALSE,TRUE,TRUE,TRUE,FALSE,0.04458639319934139,8476437
2016021004,262,power-play,54,14,FALSE,FALSE,TRUE,TRUE,FALSE,FALSE,0.04525765621874369,8475784
2016021004,268,power-play,67,-5,FALSE,FALSE,TRUE,FALSE,FALSE,FALSE,0,8475753
2016021004,269,power-play,47,11,FALSE,FALSE,TRUE,TRUE,TRUE,TRUE,0.06835726390068396,8476882
2016021004,272,even-strength,69,33,FALSE,FALSE,TRUE,TRUE,TRUE,FALSE,0.024566679206995987,8478396
2016021004,274,even-strength,85,-17,FALSE,FALSE,TRUE,FALSE,FALSE,FALSE,0,8470740
2016021004,280,even-strength,70,-37,FALSE,FALSE,TRUE,TRUE,TRUE,FALSE,0.02102154850217956,8477488
2016021004,282,even-strength,72,-35,FALSE,FALSE,TRUE,TRUE,TRUE,FALSE,0.02369507441444049,8475784
2016021004,295,even-strength,77,2,FALSE,FALSE,TRUE,TRUE,FALSE,FALSE,0.09425755365604221,8470740
2016021004,296,even-strength,58,36,FALSE,FALSE,TRUE,TRUE,TRUE,FALSE,0.011447506761380634,8476958
2016021004,297,even-strength,79,2,FALSE,FALSE,TRUE,TRUE,FALSE,FALSE,0.11805467551362858,8475784
2016021004,404,even-strength,65,26,FALSE,FALSE,TRUE,FALSE,FALSE,FALSE,0,8478396
2016021004,405,even-strength,77,14,FALSE,FALSE,TRUE,TRUE,FALSE,FALSE,0.0627552881493231,8476437
2016021004,406,even-strength,58,-31,FALSE,FALSE,TRUE,TRUE,TRUE,FALSE,0.02053983070839517,8477488
2016021004,407,even-strength,75,-11,FALSE,FALSE,TRUE,FALSE,FALSE,FALSE,0,8477496
2016021004,408,even-strength,45,24,FALSE,FALSE,TRUE,TRUE,TRUE,FALSE,0.018764524896607817,8476403
2016021004,410,even-strength,50,30,FALSE,FALSE,TRUE,FALSE,FALSE,FALSE,0,8476403
2016021004,413,even-strength,38,25,FALSE,FALSE,TRUE,TRUE,TRUE,FALSE,0.015446854423767774,8478396
2016021004,415,even-strength,80,31,FALSE,FALSE,TRUE,TRUE,TRUE,FALSE,0.02539958547349879,8478585
2016021004,416,even-strength,81,-8,FALSE,FALSE,TRUE,TRUE,FALSE,FALSE,0.11144466742894729,8478585
2016021004,417,even-strength,81,-4,FALSE,FALSE,TRUE,TRUE,TRUE,FALSE,0.08526760109039073,8475784
2016021004,419,even-strength,55,0,FALSE,FALSE,TRUE,FALSE,FALSE,FALSE,0,8475753
2016021004,421,even-strength,42,10,FALSE,FALSE,TRUE,TRUE,TRUE,FALSE,0.0287595005649663,8478396
2016021004,422,even-strength,60,-25,FALSE,FALSE,TRUE,TRUE,TRUE,FALSE,0.04003841197724201,8478427
2016021004,424,even-strength,44,-22,FALSE,FALSE,TRUE,FALSE,FALSE,FALSE,0,8476958
2016021004,425,even-strength,48,-14,FALSE,FALSE,TRUE,TRUE,TRUE,FALSE,0.02488062928077392,8476403
2016021004,427,even-strength,65,-36,FALSE,FALSE,TRUE,TRUE,TRUE,FALSE,0.018516646868863847,8476437
2016021004,433,even-strength,79,14,FALSE,FALSE,TRUE,TRUE,TRUE,FALSE,0.05206509587630718,8476882
2016021004,435,power-play,47,3,FALSE,FALSE,TRUE,TRUE,TRUE,FALSE,0.073099208582366,8475753
2016021004,437,power-play,43,-27,FALSE,FALSE,TRUE,TRUE,FALSE,FALSE,0.034947812295592635,8475784
2016021004,438,power-play,46,5,FALSE,FALSE,TRUE,TRUE,TRUE,FALSE,0.062182729933659295,8478396
2016021004,439,even-strength,84,-7,FALSE,FALSE,TRUE,TRUE,FALSE,FALSE,0.0550786423686788,8470740
2016021004,440,even-strength,54,30,FALSE,FALSE,TRUE,TRUE,FALSE,FALSE,0.02123321805109332,8476437
2016021004,442,even-strength,80,19,FALSE,FALSE,TRUE,TRUE,TRUE,FALSE,0.053357251921694375,8478427
2016021004,445,even-strength,79,-1,FALSE,FALSE,TRUE,TRUE,TRUE,FALSE,0.13442567723935567,8477496
2016021004,601,even-strength,73,3,FALSE,FALSE,TRUE,TRUE,FALSE,FALSE,0.11857344388848425,8475784
2016021004,602,even-strength,70,15,FALSE,FALSE,TRUE,TRUE,FALSE,FALSE,0.03414307944357596,8475784
2016021004,604,even-strength,64,-16,FALSE,FALSE,TRUE,TRUE,TRUE,FALSE,0.061435974484889314,8476882
2016021004,606,even-strength,84,22,FALSE,FALSE,TRUE,FALSE,FALSE,FALSE,0,8475784
2016021004,607,even-strength,78,-11,FALSE,FALSE,TRUE,FALSE,FALSE,FALSE,0,8473533
2016021004,618,even-strength,40,17,FALSE,FALSE,TRUE,TRUE,TRUE,FALSE,0.01882493967837593,8478396
2016021004,619,even-strength,40,31,FALSE,FALSE,TRUE,TRUE,FALSE,FALSE,0.010488049756042497,8478396
2016021004,621,even-strength,38,-35,FALSE,FALSE,TRUE,TRUE,TRUE,FALSE,0.009884271158805082,8476958
2016021004,622,even-strength,29,-29,FALSE,TRUE,TRUE,TRUE,TRUE,FALSE,0.02258883757070115,8477488
2016021004,623,even-strength,72,-4,FALSE,FALSE,TRUE,FALSE,FALSE,FALSE,0,8477496
2016021004,625,even-strength,34,-31,FALSE,FALSE,TRUE,TRUE,TRUE,FALSE,0.013672080060357744,8476958
2016021004,626,even-strength,35,30,FALSE,FALSE,TRUE,TRUE,FALSE,FALSE,0.009548947990011334,8473533
2016021004,629,even-strength,46,9,FALSE,FALSE,TRUE,FALSE,FALSE,FALSE,0,8475807
2016021004,631,even-strength,55,29,FALSE,FALSE,TRUE,TRUE,FALSE,FALSE,0.02246922476329707,8475784
2016021004,632,even-strength,70,23,TRUE,FALSE,TRUE,TRUE,TRUE,FALSE,0.06908128859951292,8476958
2016021004,640,even-strength,62,15,FALSE,FALSE,TRUE,TRUE,FALSE,FALSE,0.06996806402933091,8473533
2016021004,641,even-strength,79,-19,FALSE,FALSE,TRUE,TRUE,TRUE,FALSE,0.056629363676796926,8478427
2016021029,54,even-strength,78,6,FALSE,FALSE,TRUE,TRUE,TRUE,TRUE,0.08129939356080958,8477493
2016021029,56,even-strength,56,-5,FALSE,FALSE,TRUE,FALSE,FALSE,FALSE,0,8476389
2016021029,57,even-strength,72,15,FALSE,FALSE,TRUE,TRUE,TRUE,FALSE,0.05776295148662732,8475191
2016021029,60,even-strength,80,-14,FALSE,FALSE,TRUE,FALSE,FALSE,FALSE,0,8465978
2016021029,62,power-play,70,-12,FALSE,FALSE,TRUE,TRUE,FALSE,FALSE,0.07605219452470031,8477493
2016021029,63,power-play,78,-16,FALSE,FALSE,TRUE,TRUE,FALSE,FALSE,0.07043819770333469,8476456
2016021029,64,power-play,76,12,FALSE,FALSE,TRUE,TRUE,FALSE,FALSE,0.10316801393480397,8477493
2016021029,66,power-play,36,-24,FALSE,FALSE,TRUE,TRUE,TRUE,FALSE,0.03072043470414831,8474218
2016021029,68,power-play,60,-19,FALSE,FALSE,TRUE,TRUE,FALSE,FALSE,0.05848238975554773,8477493
2016021029,69,power-play,37,-28,FALSE,FALSE,TRUE,TRUE,FALSE,FALSE,0.02545562738895207,8471735
2016021029,71,even-strength,41,-21,FALSE,FALSE,TRUE,FALSE,FALSE,FALSE,0,8475191
2016021029,72,even-strength,66,-14,FALSE,FALSE,TRUE,TRUE,TRUE,FALSE,0.041339312187536933,8475191
2016021029,74,even-strength,41,27,FALSE,FALSE,TRUE,TRUE,TRUE,FALSE,0.01461110079470604,8471693
2016021029,79,even-strength,57,16,FALSE,FALSE,TRUE,TRUE,FALSE,FALSE,0.047596293420798644,8471735
2016021029,81,even-strength,85,10,FALSE,FALSE,TRUE,FALSE,FALSE,FALSE,0,8448208
2016021029,86,even-strength,69,-13,FALSE,FALSE,TRUE,TRUE,FALSE,FALSE,0.04546541609888414,8471735
2016021029,91,penalty-kill,78,9,FALSE,FALSE,TRUE,TRUE,TRUE,TRUE,0.08847544268084907,8474098
2016021029,93,penalty-kill,62,-23,FALSE,FALSE,TRUE,TRUE,FALSE,FALSE,0.025520961048396254,8476389
2016021029,209,even-strength,42,8,FALSE,FALSE,TRUE,TRUE,TRUE,TRUE,0.025136848605958953,8476539
2016021029,217,even-strength,62,7,FALSE,FALSE,TRUE,TRUE,TRUE,FALSE,0.10544076636215864,8477493
2016021043,16,even-strength,73,-17,FALSE,FALSE,TRUE,FALSE,FALSE,FALSE,0,8477494
2016021043,17,even-strength,72,7,FALSE,FALSE,TRUE,FALSE,FALSE,FALSE,0,8477494
2016021043,18,even-strength,65,-26,FALSE,FALSE,TRUE,TRUE,TRUE,FALSE,0.025540619663602524,8473986
2016021043,19,even-strength,68,4,FALSE,FALSE,TRUE,FALSE,FALSE,FALSE,0,8470601
2016021043,21,even-strength,69,0,TRUE,FALSE,TRUE,TRUE,FALSE,FALSE,0.16326518274775312,8476453
2016021043,23,even-strength,67,0,FALSE,FALSE,TRUE,TRUE,FALSE,FALSE,0.08342136140053083,8476292
2016021043,26,penalty-kill,73,-12,FALSE,FALSE,TRUE,TRUE,TRUE,FALSE,0.0988161729792683,8476826
2016021043,28,penalty-kill,80,-19,FALSE,FALSE,TRUE,TRUE,TRUE,FALSE,0.09434384820591252,8475735
2016021043,35,even-strength,72,-14,FALSE,FALSE,TRUE,TRUE,FALSE,FALSE,0.056620188403579505,8477494
2016021043,36,even-strength,78,-5,FALSE,FALSE,TRUE,TRUE,TRUE,FALSE,0.07864844432983585,8473986
2016021043,37,even-strength,38,-5,FALSE,FALSE,TRUE,TRUE,TRUE,FALSE,0.017245189017783404,8471873
2016021043,39,even-strength,48,4,FALSE,FALSE,TRUE,FALSE,FALSE,FALSE,0,8477009
2016021043,41,even-strength,46,-11,FALSE,FALSE,TRUE,FALSE,FALSE,FALSE,0,8477205
2016021043,45,even-strength,40,9,FALSE,FALSE,TRUE,TRUE,TRUE,FALSE,0.025960252198626327,8474520
2016021043,47,even-strength,74,3,FALSE,FALSE,TRUE,FALSE,FALSE,FALSE,0,8477009
2016021043,204,even-strength,49,-16,FALSE,FALSE,TRUE,TRUE,TRUE,FALSE,0.03234175457784464,8475278
2016021043,217,even-strength,38,-25,FALSE,FALSE,TRUE,TRUE,FALSE,FALSE,0.015833581370705282,8478010
2016021043,229,even-strength,80,-14,FALSE,FALSE,TRUE,TRUE,FALSE,FALSE,0.030903977084004896,8477454
2016021043,230,even-strength,75,23,FALSE,FALSE,TRUE,TRUE,FALSE,FALSE,0.02615955740173183,8477454
2016021043,231,even-strength,56,-8,FALSE,FALSE,TRUE,TRUE,TRUE,FALSE,0.039256170428137255,8477009
2016021043,240,even-strength,34,-8,FALSE,FALSE,TRUE,TRUE,FALSE,FALSE,0.015738460097098762,8477009
2016021043,241,even-strength,78,-7,FALSE,TRUE,TRUE,TRUE,TRUE,FALSE,0.08621143979889383,8476453
2016021043,244,power-play,76,5,FALSE,FALSE,TRUE,TRUE,TRUE,FALSE,0.08268725923449655,8478010
2016021043,245,power-play,68,19,FALSE,FALSE,TRUE,TRUE,TRUE,FALSE,0.04921968604628414,8477494
2016021043,246,even-strength,40,-5,FALSE,FALSE,TRUE,TRUE,TRUE,FALSE,0.022927843702746215,8477009
2016021043,247,even-strength,54,-21,FALSE,FALSE,TRUE,TRUE,FALSE,FALSE,0.023760719500309765,8473986
2016021043,248,even-strength,58,-10,FALSE,FALSE,TRUE,TRUE,FALSE,FALSE,0.0300580531212334,8473986
2016021043,249,even-strength,39,-31,FALSE,FALSE,TRUE,TRUE,TRUE,FALSE,0.008987474297269538,8477205
2016021043,401,even-strength,34,-15,FALSE,FALSE,TRUE,TRUE,FALSE,FALSE,0.011546851224785585,8470601
2016021043,402,even-strength,62,6,FALSE,FALSE,TRUE,TRUE,TRUE,FALSE,0.05120778919730696,8477454
2016021043,406,even-strength,57,1,FALSE,FALSE,TRUE,FALSE,FALSE,FALSE,0,8476292
2016021043,408,even-strength,53,9,FALSE,FALSE,TRUE,FALSE,FALSE,FALSE,0,8477494
2016021043,414,even-strength,57,-3,FALSE,FALSE,TRUE,TRUE,TRUE,FALSE,0.060287810825946905,8477205
2016021043,415,even-strength,64,15,FALSE,FALSE,TRUE,TRUE,TRUE,FALSE,0.036801183329691345,8477494
2016021043,417,even-strength,35,25,FALSE,FALSE,TRUE,TRUE,FALSE,FALSE,0.007623675312680599,8475167
2016021043,419,even-strength,41,-22,FALSE,FALSE,TRUE,TRUE,TRUE,FALSE,0.012114848797571348,8477009
2016021043,421,power-play,69,-5,FALSE,FALSE,TRUE,FALSE,FALSE,FALSE,0,8476453
2016021043,422,power-play,57,-23,FALSE,FALSE,TRUE,TRUE,TRUE,FALSE,0.040170767506557445,8476453
2016021043,424,power-play,59,-23,FALSE,FALSE,TRUE,TRUE,TRUE,FALSE,0.08234629629628472,8476292
2016021043,426,power-play,57,-19,FALSE,FALSE,TRUE,TRUE,FALSE,FALSE,0.086628190356482615,8476292
2016021043,427,power-play,40,12,FALSE,FALSE,TRUE,TRUE,FALSE,FALSE,0.08821201103250867,8476453
2016021043,428,power-play,54,-19,FALSE,FALSE,TRUE,TRUE,TRUE,FALSE,0.06123719351866254,8477494
2016021043,429,power-play,73,-13,FALSE,FALSE,TRUE,TRUE,TRUE,FALSE,0.07588860000620655,8476292
2016021043,437,power-play,58,13,FALSE,TRUE,TRUE,TRUE,TRUE,FALSE,0.1873245173888081,8476292
2016021043,438,power-play,74,7,FALSE,FALSE,TRUE,TRUE,FALSE,FALSE,0.08485236302603029,8476292
2016021043,439,power-play,67,17,FALSE,FALSE,TRUE,TRUE,TRUE,FALSE,0.05632858520555407,8477494
2016021043,444,power-play,57,7,FALSE,FALSE,TRUE,FALSE,FALSE,FALSE,0,8475167
2016021043,445,power-play,67,-8,FALSE,FALSE,TRUE,TRUE,TRUE,FALSE,0.07051471282098135,8478010
2016021043,446,power-play,60,-15,FALSE,FALSE,TRUE,TRUE,TRUE,FALSE,0.048806117419087164,8478010
2016021043,447,power-play,68,-4,FALSE,FALSE,TRUE,FALSE,FALSE,FALSE,0,8475167
2016021043,449,power-play,59,5,FALSE,FALSE,TRUE,FALSE,FALSE,FALSE,0,8475167
2016021043,450,power-play,66,12,FALSE,FALSE,TRUE,FALSE,FALSE,FALSE,0,8476453
2016021043,601,power-play,40,-7,FALSE,FALSE,TRUE,TRUE,FALSE,FALSE,0.03401413804425454,8471873
2016021043,602,even-strength,64,-1,FALSE,FALSE,TRUE,FALSE,FALSE,FALSE,0,8473986
2016021043,603,even-strength,34,5,FALSE,FALSE,TRUE,TRUE,TRUE,FALSE,0.0231773539947823,8477009
2016021043,605,power-play,48,2,FALSE,FALSE,TRUE,TRUE,FALSE,FALSE,0.050552078357078346,8476292
2016021043,606,power-play,54,15,FALSE,FALSE,TRUE,TRUE,FALSE,FALSE,0.048591265854159786,8476453
2016021043,607,power-play,76,-5,FALSE,FALSE,TRUE,TRUE,FALSE,FALSE,0.09729691209166878,8473986
2016021043,608,power-play,67,-14,FALSE,FALSE,TRUE,TRUE,TRUE,FALSE,0.062066441453055954,8476453
2016021043,610,even-strength,65,6,FALSE,FALSE,TRUE,FALSE,FALSE,FALSE,0,8474520
2016021043,611,even-strength,72,7,FALSE,FALSE,TRUE,FALSE,FALSE,FALSE,0,8474520
2016021043,614,even-strength,69,0,TRUE,FALSE,TRUE,TRUE,TRUE,FALSE,0.10099700061815711,8474722
2016021043,616,even-strength,58,16,FALSE,FALSE,TRUE,TRUE,TRUE,FALSE,0.04084756631352112,8474520
2016021043,617,even-strength,80,-8,FALSE,FALSE,TRUE,TRUE,TRUE,FALSE,0.06181204326849332,8473986
2016021043,619,even-strength,68,-20,FALSE,FALSE,TRUE,FALSE,FALSE,FALSE,0,8474722
2016021043,626,even-strength,69,-19,FALSE,FALSE,TRUE,TRUE,TRUE,FALSE,0.038287081069890185,8477494
2016021043,627,even-strength,77,-8,FALSE,FALSE,TRUE,TRUE,TRUE,FALSE,0.05155612166598188,8470601
2016021043,628,even-strength,71,-2,FALSE,FALSE,TRUE,TRUE,TRUE,FALSE,0.07630968958487742,8473986
2016021043,629,even-strength,73,1,FALSE,FALSE,TRUE,TRUE,FALSE,FALSE,0.08469905406923303,8474722
2016021055,10,even-strength,46,-25,FALSE,FALSE,TRUE,TRUE,TRUE,FALSE,0.022150035721406405,8478550
2016021055,11,even-strength,47,27,TRUE,FALSE,TRUE,FALSE,FALSE,FALSE,0,8471769
2016021055,12,even-strength,33,28,FALSE,FALSE,TRUE,TRUE,TRUE,FALSE,0.014783367257215163,8471769
2016021055,14,even-strength,38,33,FALSE,FALSE,TRUE,FALSE,FALSE,FALSE,0,8469665
2016021055,22,even-strength,-49,-15,FALSE,FALSE,TRUE,TRUE,TRUE,FALSE,4.5985811805084883e-4,8466285
2016021055,25,even-strength,61,-16,FALSE,FALSE,TRUE,TRUE,TRUE,FALSE,0.041963971564645285,8474141
2016021055,35,even-strength,40,-18,FALSE,FALSE,TRUE,FALSE,FALSE,FALSE,0,8470607
2016021055,37,even-strength,40,30,FALSE,FALSE,TRUE,TRUE,TRUE,FALSE,0.01437310919736398,8469665
2016021055,38,even-strength,82,7,FALSE,FALSE,TRUE,TRUE,TRUE,FALSE,0.08301592590835798,8477451
2016021055,42,even-strength,70,9,FALSE,FALSE,TRUE,FALSE,FALSE,FALSE,0,8466285
2016021055,45,even-strength,40,-18,FALSE,FALSE,TRUE,TRUE,TRUE,FALSE,0.01909801847840039,8477451
2016021055,46,even-strength,33,-22,FALSE,FALSE,TRUE,TRUE,TRUE,FALSE,0.014255784126189486,8477845
2016021055,47,even-strength,15,1,FALSE,FALSE,TRUE,TRUE,TRUE,FALSE,0.009974334596209488,8477845
2016021055,205,even-strength,82,-31,FALSE,FALSE,TRUE,TRUE,TRUE,FALSE,0.02477244428577654,8477451
2016021055,208,even-strength,80,1,FALSE,FALSE,TRUE,TRUE,TRUE,FALSE,0.1339811993028365,8471956
2016021055,210,even-strength,78,-16,FALSE,FALSE,TRUE,TRUE,TRUE,FALSE,0.048760153108771416,8475209
2016021055,211,even-strength,69,-23,FALSE,FALSE,TRUE,TRUE,FALSE,FALSE,0.025934537633615327,8473604
2016021055,212,even-strength,55,-1,FALSE,FALSE,TRUE,FALSE,FALSE,FALSE,0,8477401
2016021055,213,even-strength,34,-2,FALSE,FALSE,TRUE,TRUE,TRUE,FALSE,0.030321140004779156,8477845
2016021055,215,even-strength,54,-13,FALSE,FALSE,TRUE,FALSE,FALSE,FALSE,0,8478550
2016021055,216,even-strength,40,33,FALSE,FALSE,TRUE,TRUE,FALSE,FALSE,0.010650114294155423,8470281
2016021055,218,even-strength,63,-19,FALSE,FALSE,TRUE,FALSE,FALSE,FALSE,0,8477451
2016021055,230,even-strength,78,1,FALSE,FALSE,TRUE,TRUE,TRUE,FALSE,0.1038101872619697,8477401
2016021055,231,even-strength,58,20,FALSE,FALSE,TRUE,TRUE,TRUE,FALSE,0.025672383394861775,8473604
2016021055,232,even-strength,35,18,FALSE,FALSE,TRUE,TRUE,TRUE,FALSE,0.013416876003564119,8470281
2016021055,240,even-strength,39,-3,FALSE,FALSE,TRUE,TRUE,TRUE,FALSE,0.021942083014624247,8477401
2016021055,247,even-strength,66,6,FALSE,FALSE,TRUE,FALSE,FALSE,FALSE,0,8469665
2016021055,248,even-strength,39,-29,FALSE,TRUE,TRUE,TRUE,TRUE,FALSE,0.03934601193607906,8470607
2016021055,250,even-strength,71,-9,FALSE,FALSE,TRUE,FALSE,FALSE,FALSE,0,8476430
2016021055,401,even-strength,47,-3,FALSE,FALSE,TRUE,TRUE,FALSE,FALSE,0.04200932715004986,8476430
2016021055,402,even-strength,71,10,FALSE,FALSE,TRUE,TRUE,TRUE,FALSE,0.0676607437505694,8476430
2016021055,403,even-strength,78,-8,FALSE,FALSE,TRUE,FALSE,FALSE,FALSE,0,8471769
2016021055,405,even-strength,75,-16,FALSE,FALSE,TRUE,TRUE,TRUE,FALSE,0.04503507394835507,8478528
2016021055,407,even-strength,56,-12,TRUE,FALSE,TRUE,TRUE,FALSE,FALSE,0.061383686913783146,8477845
2016021055,409,even-strength,79,-20,FALSE,FALSE,TRUE,TRUE,TRUE,FALSE,0.06552140871841541,8478550
2016021055,413,even-strength,78,3,TRUE,FALSE,TRUE,TRUE,TRUE,FALSE,0.20019082710998345,8477451
2016021055,414,even-strength,31,-4,FALSE,FALSE,TRUE,TRUE,TRUE,FALSE,0.0224613181058374,8471769
2016021055,421,even-strength,67,7,FALSE,FALSE,TRUE,TRUE,TRUE,TRUE,0.08353386351173715,8477401
2016021055,426,even-strength,58,-8,FALSE,FALSE,TRUE,FALSE,FALSE,FALSE,0,8477951
2016021055,428,even-strength,86,-29,FALSE,FALSE,TRUE,TRUE,FALSE,FALSE,0.03496679797471869,8477451
2016021055,440,even-strength,66,-15,FALSE,FALSE,TRUE,FALSE,FALSE,FALSE,0,8476430
2016021055,442,even-strength,64,-23,FALSE,FALSE,TRUE,TRUE,TRUE,FALSE,0.05123590327639366,8474141
2016021055,447,even-strength,60,-7,FALSE,FALSE,TRUE,TRUE,FALSE,FALSE,0.05328543045770296,8477401
2016021055,605,even-strength,52,-23,FALSE,FALSE,TRUE,TRUE,TRUE,FALSE,0.02959116704526733,8475209
2016021055,617,even-strength,71,4,FALSE,FALSE,TRUE,TRUE,TRUE,FALSE,0.0765119505010347,8477951
2016021055,619,even-strength,72,-3,TRUE,FALSE,TRUE,TRUE,TRUE,FALSE,0.20244621270814156,8476430
2016021055,620,even-strength,87,-8,FALSE,FALSE,TRUE,TRUE,TRUE,FALSE,0.06087139217578529,8476430
2016021055,622,even-strength,70,35,FALSE,FALSE,TRUE,TRUE,TRUE,FALSE,0.02841502583205727,8470281
2016021055,623,even-strength,67,12,FALSE,FALSE,TRUE,FALSE,FALSE,FALSE,0,8471956
2016021055,626,even-strength,57,1,FALSE,FALSE,TRUE,TRUE,TRUE,FALSE,0.05821562595528568,8474141
2016021055,631,even-strength,35,-28,FALSE,FALSE,TRUE,TRUE,TRUE,FALSE,0.011761913963751685,8477451
2016021055,635,even-strength,66,13,FALSE,FALSE,TRUE,FALSE,FALSE,FALSE,0,8469665
2016021055,640,even-strength,75,0,FALSE,FALSE,TRUE,TRUE,TRUE,FALSE,0.16256358205057042,8474141
2016021055,643,even-strength,25,-2,FALSE,FALSE,TRUE,TRUE,TRUE,FALSE,0.012235500893136545,8477951
2016021055,645,even-strength,67,-8,FALSE,FALSE,TRUE,TRUE,TRUE,FALSE,0.09288170291958533,8475323
2016021055,647,even-strength,83,-10,FALSE,FALSE,TRUE,FALSE,FALSE,FALSE,0,8470607
2016021055,802,even-strength,87,12,FALSE,FALSE,TRUE,TRUE,TRUE,FALSE,0.03987787222052331,8473604
2016021055,805,even-strength,64,-18,FALSE,FALSE,TRUE,TRUE,FALSE,FALSE,0.05787943033559567,8478550
2016021055,806,even-strength,62,11,FALSE,FALSE,TRUE,FALSE,FALSE,FALSE,0,8474141
2016021055,807,even-strength,44,-11,FALSE,FALSE,TRUE,TRUE,FALSE,FALSE,0.032418804472754144,8477451
2016021055,817,even-strength,62,3,FALSE,FALSE,TRUE,TRUE,TRUE,FALSE,0.09074349494181097,8474141
2016021055,819,even-strength,63,-11,FALSE,FALSE,TRUE,TRUE,FALSE,FALSE,0.07934362848296508,8478550
2016021055,823,even-strength,79,-21,FALSE,FALSE,TRUE,TRUE,TRUE,FALSE,0.08437090753520032,8477401
2016021055,825,even-strength,53,1,FALSE,FALSE,TRUE,TRUE,FALSE,FALSE,0.057804645100081015,8473604
2016021055,826,even-strength,68,-3,FALSE,FALSE,TRUE,FALSE,FALSE,FALSE,0,8474141
2016021055,828,even-strength,73,-12,FALSE,FALSE,TRUE,TRUE,TRUE,TRUE,0.10571756438811533,8477451
2016021070,10,even-strength,49,25,FALSE,FALSE,TRUE,TRUE,TRUE,FALSE,0.025572167476189463,8476525
2016021070,12,even-strength,46,21,FALSE,FALSE,TRUE,TRUE,FALSE,FALSE,0.024882740264549758,8473419
2016021070,16,even-strength,54,-4,FALSE,FALSE,TRUE,TRUE,TRUE,FALSE,0.05329272166367429,8478443
2016021070,17,even-strength,73,-23,FALSE,FALSE,TRUE,TRUE,TRUE,FALSE,0.034848855478582005,8478569
2016021070,23,even-strength,67,-12,FALSE,FALSE,TRUE,TRUE,TRUE,TRUE,0.0783283336958089,8470655
2016021070,28,even-strength,32,31,FALSE,FALSE,TRUE,TRUE,FALSE,FALSE,0.01012559769419938,8476525
2016021070,39,even-strength,68,1,FALSE,FALSE,TRUE,FALSE,FALSE,FALSE,0,8471276
2016021070,40,even-strength,61,-6,FALSE,FALSE,TRUE,FALSE,FALSE,FALSE,0,8473419
2016021070,44,even-strength,69,-15,TRUE,FALSE,TRUE,TRUE,FALSE,FALSE,0.045098084712664424,8476792
2016021070,201,even-strength,63,5,FALSE,FALSE,TRUE,TRUE,TRUE,FALSE,0.06269815085872796,8470638
2016021070,202,even-strength,74,8,FALSE,TRUE,TRUE,TRUE,TRUE,FALSE,0.19733423546649034,8474062
2016021070,203,even-strength,75,0,FALSE,FALSE,TRUE,TRUE,TRUE,FALSE,0.1766770270146872,8470638
2016021070,204,even-strength,37,31,FALSE,FALSE,TRUE,TRUE,FALSE,FALSE,0.011756292440417499,8476525
2016021070,205,even-strength,67,2,FALSE,FALSE,TRUE,TRUE,FALSE,FALSE,0.08122576956982525,8476191
2016021070,231,even-strength,46,13,FALSE,FALSE,TRUE,TRUE,FALSE,FALSE,0.021070365160405276,8473492
2016021070,232,even-strength,29,-4,FALSE,FALSE,TRUE,TRUE,FALSE,FALSE,0.015347871559821435,8471276
2016021070,235,even-strength,66,-2,FALSE,FALSE,TRUE,TRUE,TRUE,FALSE,0.09803497228597764,8478366
2016021070,236,even-strength,33,-6,FALSE,FALSE,TRUE,TRUE,TRUE,FALSE,0.01590254036197139,8476525
2016021070,237,even-strength,69,12,FALSE,FALSE,TRUE,TRUE,TRUE,FALSE,0.045449346143280146,8468575
2016021070,239,even-strength,40,20,FALSE,FALSE,TRUE,FALSE,FALSE,FALSE,0,8476792
2016021070,243,even-strength,49,-13,FALSE,TRUE,TRUE,TRUE,TRUE,FALSE,0.03529804286264939,8470638
2016021070,245,even-strength,81,-18,FALSE,FALSE,TRUE,TRUE,TRUE,FALSE,0.030617864106797194,8475727
2016021070,246,even-strength,52,8,FALSE,FALSE,TRUE,TRUE,TRUE,FALSE,0.023967803716271156,8476792
2016021070,247,even-strength,57,-28,FALSE,FALSE,TRUE,TRUE,FALSE,FALSE,0.01534153853114619,8475727
2016021070,249,even-strength,59,-5,FALSE,FALSE,TRUE,TRUE,TRUE,FALSE,0.034482082535785774,8478366
2016021070,405,even-strength,52,23,FALSE,FALSE,TRUE,TRUE,TRUE,FALSE,0.020087977776291364,8468575
2016021070,408,even-strength,60,-1,FALSE,FALSE,TRUE,FALSE,FALSE,FALSE,0,8465009
2016021070,409,even-strength,64,9,FALSE,FALSE,TRUE,FALSE,FALSE,FALSE,0,8473419
2016021070,410,even-strength,33,7,FALSE,FALSE,TRUE,TRUE,FALSE,FALSE,0.015052717366596191,8465009
2016021070,420,even-strength,63,10,FALSE,FALSE,TRUE,FALSE,FALSE,FALSE,0,8471276
2016021070,422,even-strength,34,18,FALSE,FALSE,TRUE,TRUE,FALSE,FALSE,0.014297502513729509,8465009
2016021070,425,even-strength,36,-30,FALSE,FALSE,TRUE,TRUE,TRUE,FALSE,0.011958059623325318,8478443
2016021070,426,even-strength,46,13,FALSE,FALSE,TRUE,TRUE,FALSE,FALSE,0.02548603587851557,8470638
2016021070,427,even-strength,76,27,FALSE,FALSE,TRUE,TRUE,FALSE,FALSE,0.024432526443443806,8477956
2016021070,652,even-strength,72,-1,FALSE,FALSE,TRUE,TRUE,TRUE,FALSE,0.01683131790941733,8478569
2016021070,658,even-strength,31,-29,FALSE,FALSE,TRUE,TRUE,FALSE,FALSE,0.010331995543459102,8478443
2016021070,662,even-strength,11,30,TRUE,FALSE,TRUE,TRUE,TRUE,FALSE,0.004482629587656014,8478366
2016021070,757,even-strength,55,-26,FALSE,FALSE,TRUE,TRUE,FALSE,FALSE,0.030149590800513777,8470655
2016021070,758,even-strength,45,3,FALSE,FALSE,TRUE,TRUE,TRUE,FALSE,0.04407439733577963,8473492
2016021070,766,even-strength,16,-1,FALSE,FALSE,TRUE,TRUE,TRUE,FALSE,0.004775938343912612,8468575
2016021070,771,even-strength,34,28,FALSE,FALSE,TRUE,TRUE,TRUE,FALSE,0.013914235797683005,8475727
2016021070,772,even-strength,47,11,FALSE,FALSE,TRUE,TRUE,TRUE,FALSE,0.0248261839973923,8475727
2016021070,773,even-strength,75,-12,FALSE,FALSE,TRUE,TRUE,FALSE,FALSE,0.06694229848952121,8478366
2016021070,774,even-strength,77,0,FALSE,TRUE,TRUE,FALSE,FALSE,FALSE,0,8476191
2016021070,775,even-strength,75,-3,FALSE,TRUE,TRUE,FALSE,FALSE,FALSE,0,8476191
2016021070,777,even-strength,31,21,FALSE,FALSE,TRUE,TRUE,TRUE,FALSE,0.014030011598459752,8471717
2016021070,779,even-strength,51,19,FALSE,FALSE,TRUE,FALSE,FALSE,FALSE,0,8476525
2016021070,780,even-strength,76,-5,FALSE,FALSE,TRUE,FALSE,FALSE,FALSE,0,8473492
2016021070,781,even-strength,65,3,FALSE,FALSE,TRUE,TRUE,TRUE,FALSE,0.055909071552698496,8468575
2016021070,782,even-strength,38,-21,FALSE,FALSE,TRUE,TRUE,FALSE,FALSE,0.016469543004159273,8478443
2016021070,783,even-strength,50,-17,FALSE,FALSE,TRUE,TRUE,FALSE,FALSE,0.025394897674552625,8478443
2016021070,788,even-strength,67,10,FALSE,FALSE,TRUE,FALSE,FALSE,FALSE,0,8476525
2016021070,791,even-strength,52,30,FALSE,FALSE,TRUE,TRUE,FALSE,FALSE,0.03189998315190825,8477956
2016021070,792,even-strength,84,-4,FALSE,FALSE,TRUE,TRUE,TRUE,FALSE,0.08543387121043117,8474062
2016021070,793,even-strength,82,-5,FALSE,TRUE,TRUE,TRUE,TRUE,FALSE,0.30795521257398434,8474062
2016021070,794,even-strength,82,-1,FALSE,TRUE,TRUE,TRUE,TRUE,FALSE,0.19296732116595466,8468575
2016021070,901,even-strength,33,-14,FALSE,FALSE,TRUE,TRUE,TRUE,FALSE,0.024173528462437918,8477956
2016021070,903,even-strength,74,3,FALSE,FALSE,TRUE,FALSE,FALSE,FALSE,0,8478569
2016021070,909,even-strength,34,-16,FALSE,FALSE,TRUE,TRUE,TRUE,FALSE,0.022873579296066725,8476525
2016021070,910,even-strength,37,19,FALSE,FALSE,TRUE,TRUE,TRUE,FALSE,0.03131233274968581,8476792
2016021070,915,even-strength,73,-3,FALSE,FALSE,TRUE,FALSE,FALSE,FALSE,0,8476792
2016021070,918,even-strength,55,-8,TRUE,FALSE,TRUE,TRUE,TRUE,FALSE,0.08037558623122266,8478569
2016021070,919,even-strength,84,-5,TRUE,TRUE,TRUE,TRUE,TRUE,TRUE,0.2793204435050598,8468575
2016021070,927,even-strength,53,2,FALSE,FALSE,TRUE,TRUE,TRUE,FALSE,0.019424908555131334,8477956
2016021070,929,even-strength,63,0,FALSE,FALSE,TRUE,TRUE,TRUE,FALSE,0.024888871276924646,8470638
2016021086,55,even-strength,67,-7,FALSE,FALSE,TRUE,FALSE,FALSE,FALSE,0,8476432
2016021086,56,even-strength,39,-28,FALSE,TRUE,TRUE,TRUE,TRUE,FALSE,0.03216617854417445,8475233
2016021086,58,even-strength,46,-8,FALSE,FALSE,TRUE,TRUE,TRUE,FALSE,0.04952223507124591,8478906
2016021086,61,even-strength,86,7,FALSE,FALSE,TRUE,TRUE,TRUE,FALSE,0.058536588102875146,8476438
2016021086,62,even-strength,48,17,FALSE,FALSE,TRUE,TRUE,TRUE,FALSE,0.029809954072272545,8476438
2016021086,67,even-strength,34,10,FALSE,FALSE,TRUE,TRUE,TRUE,FALSE,0.018709264158530196,8476432
2016021086,74,even-strength,46,6,FALSE,FALSE,TRUE,FALSE,FALSE,FALSE,0,8476432
2016021086,75,even-strength,81,-9,FALSE,FALSE,TRUE,FALSE,FALSE,FALSE,0,8471273
2016021086,76,even-strength,37,-32,FALSE,TRUE,TRUE,TRUE,TRUE,FALSE,0.030417736669726077,8478906
2016021086,77,even-strength,81,3,FALSE,TRUE,TRUE,TRUE,TRUE,FALSE,0.28013432647857434,8476981
2016021086,78,even-strength,38,32,FALSE,FALSE,TRUE,TRUE,FALSE,FALSE,0.007147264546321434,8475233
2016021086,97,even-strength,41,-23,FALSE,FALSE,TRUE,TRUE,TRUE,FALSE,0.015305438796597997,8478460
2016021086,98,even-strength,79,-5,FALSE,FALSE,TRUE,TRUE,TRUE,FALSE,0.06597067492545994,8476432
2016021086,99,even-strength,75,-23,FALSE,FALSE,TRUE,TRUE,TRUE,FALSE,0.031180331000471167,8478460
2016021086,205,even-strength,43,-19,FALSE,FALSE,TRUE,TRUE,TRUE,FALSE,0.012528216303314847,8475233
2016021086,210,even-strength,38,2,FALSE,FALSE,TRUE,TRUE,TRUE,FALSE,0.022459590361601164,8470724
2016021086,211,even-strength,79,2,FALSE,FALSE,TRUE,TRUE,TRUE,FALSE,0.08676841619570119,8474715
2016021086,216,even-strength,73,14,FALSE,FALSE,TRUE,FALSE,FALSE,FALSE,0,8476432
2016021086,217,even-strength,66,-4,FALSE,FALSE,TRUE,FALSE,FALSE,FALSE,0,8471677
2016021086,218,even-strength,44,-26,FALSE,FALSE,TRUE,TRUE,FALSE,FALSE,0.012632162391521028,8475233
2016021086,219,even-strength,70,-16,FALSE,TRUE,TRUE,TRUE,TRUE,TRUE,0.10856973144001607,8475233
2016021086,222,even-strength,64,22,FALSE,FALSE,TRUE,FALSE,FALSE,FALSE,0,8473422
2016021086,223,even-strength,86,8,FALSE,FALSE,TRUE,FALSE,FALSE,FALSE,0,8470724
2016021086,238,even-strength,76,-3,FALSE,FALSE,TRUE,TRUE,TRUE,FALSE,0.16500937153715695,8476438
2016021086,240,even-strength,37,-28,FALSE,FALSE,TRUE,TRUE,TRUE,FALSE,0.010883033560459075,8477495
2016021086,241,even-strength,79,6,FALSE,FALSE,TRUE,TRUE,TRUE,TRUE,0.07483658782432748,8476438
2016021086,243,even-strength,37,-29,FALSE,FALSE,TRUE,TRUE,FALSE,FALSE,0.019834742281879085,8478906
2016021086,250,even-strength,81,-9,FALSE,FALSE,TRUE,FALSE,FALSE,FALSE,0,8473422
2016021086,406,even-strength,74,-4,FALSE,FALSE,TRUE,TRUE,FALSE,FALSE,0.15718205587375805,8474715
2016021086,407,even-strength,80,3,FALSE,FALSE,TRUE,TRUE,FALSE,FALSE,0.1652090551136338,8476438
2016021086,411,even-strength,53,-17,FALSE,FALSE,TRUE,TRUE,FALSE,FALSE,0.03047291231759549,8476310
2016021086,413,even-strength,56,-1,FALSE,FALSE,TRUE,FALSE,FALSE,FALSE,0,8476310
2016021086,415,even-strength,49,-24,FALSE,FALSE,TRUE,FALSE,FALSE,FALSE,0,8475233
2016021086,416,even-strength,36,-31,FALSE,FALSE,TRUE,TRUE,TRUE,FALSE,0.009748435027178273,8475233
2016021086,425,even-strength,74,-23,FALSE,FALSE,TRUE,TRUE,TRUE,FALSE,0.035288118991848805,8474040
2016021086,429,even-strength,81,27,TRUE,FALSE,TRUE,TRUE,TRUE,FALSE,0.04579201483770235,8478460
2016021086,431,even-strength,72,-16,FALSE,FALSE,TRUE,TRUE,TRUE,FALSE,0.029928277128568985,8474685
2016021086,432,even-strength,85,-7,FALSE,FALSE,TRUE,TRUE,TRUE,FALSE,0.04103791331496949,8473422
2016021086,433,even-strength,78,-10,FALSE,FALSE,TRUE,FALSE,FALSE,FALSE,0,8477416
2016021086,434,even-strength,36,-2,FALSE,FALSE,TRUE,TRUE,TRUE,FALSE,0.01835645914285508,8470724
2016021086,435,even-strength,55,16,FALSE,FALSE,TRUE,TRUE,TRUE,FALSE,0.02968779764202285,8478460
2016021086,445,even-strength,50,20,FALSE,FALSE,TRUE,FALSE,FALSE,FALSE,0,8471273
2016021086,449,power-play,76,2,FALSE,FALSE,TRUE,TRUE,FALSE,FALSE,0.14929074294106076,8474715
2016021086,450,power-play,51,14,FALSE,FALSE,TRUE,FALSE,FALSE,FALSE,0,8471273
2016021086,651,power-play,37,4,FALSE,FALSE,TRUE,TRUE,TRUE,FALSE,0.04264810174989205,8471677
2016021086,652,power-play,87,-4,FALSE,FALSE,TRUE,TRUE,TRUE,FALSE,0.05895017057163351,8476448
2016021086,653,power-play,79,0,FALSE,FALSE,TRUE,TRUE,TRUE,FALSE,0.10155155719006632,8476981
2016021086,654,power-play,77,-3,FALSE,FALSE,TRUE,FALSE,FALSE,FALSE,0,8470724
2016021086,655,power-play,74,10,FALSE,FALSE,TRUE,FALSE,FALSE,FALSE,0,8475233
2016021086,656,power-play,54,3,FALSE,FALSE,TRUE,FALSE,FALSE,FALSE,0,8476438
2016021086,657,power-play,79,9,FALSE,FALSE,TRUE,TRUE,TRUE,FALSE,0.09576291827559133,8476438
2016021086,662,even-strength,-48,-11,FALSE,FALSE,TRUE,TRUE,TRUE,FALSE,5.06747321660786e-4,8478460
2016021086,663,even-strength,44,23,FALSE,FALSE,TRUE,FALSE,FALSE,FALSE,0,8478460
2016021086,665,even-strength,52,-17,FALSE,FALSE,TRUE,TRUE,TRUE,FALSE,0.028033447471469936,8475233
2016021086,674,even-strength,44,-10,FALSE,FALSE,TRUE,TRUE,TRUE,FALSE,0.02797978265796839,8476981
2016021086,678,even-strength,78,-3,FALSE,FALSE,TRUE,FALSE,FALSE,FALSE,0,8474040
2016021086,679,even-strength,85,7,FALSE,FALSE,TRUE,TRUE,FALSE,FALSE,0.05890874976062361,8471273
2016021086,680,even-strength,48,18,FALSE,FALSE,TRUE,FALSE,FALSE,FALSE,0,8471677
2016021086,681,even-strength,79,3,TRUE,FALSE,TRUE,FALSE,FALSE,FALSE,0,8476981
2016021086,686,even-strength,57,32,FALSE,FALSE,TRUE,TRUE,TRUE,FALSE,0.01365439250829892,8475233
2016021086,687,even-strength,81,4,FALSE,FALSE,TRUE,FALSE,FALSE,FALSE,0,8476432
2016021086,688,even-strength,61,5,FALSE,FALSE,TRUE,TRUE,FALSE,FALSE,0.07775472878086305,8471273
2016021086,689,even-strength,61,-9,FALSE,FALSE,TRUE,TRUE,TRUE,FALSE,0.04355354754799398,8474715
2016021086,690,even-strength,70,12,FALSE,FALSE,TRUE,TRUE,FALSE,FALSE,0.07635254457697867,8473422
2016021086,693,even-strength,38,-24,FALSE,FALSE,TRUE,TRUE,TRUE,FALSE,0.015499379375368421,8475233
2016021107,53,even-strength,57,11,FALSE,FALSE,TRUE,TRUE,FALSE,FALSE,0.056260799849530384,8473449
2016021107,56,even-strength,62,-34,FALSE,FALSE,TRUE,TRUE,TRUE,FALSE,0.019074020104669624,8478403
2016021107,58,even-strength,60,22,FALSE,FALSE,TRUE,TRUE,TRUE,FALSE,0.031600726546075986,8475169
2016021107,59,even-strength,69,-10,FALSE,FALSE,TRUE,TRUE,TRUE,FALSE,0.049708611657951186,8475169
2016021107,61,even-strength,73,-23,FALSE,FALSE,TRUE,TRUE,TRUE,FALSE,0.025329527232210568,8473992
2016021107,62,even-strength,42,28,FALSE,FALSE,TRUE,TRUE,TRUE,FALSE,0.012436859660405232,8470324
2016021107,70,even-strength,52,-29,FALSE,FALSE,TRUE,TRUE,TRUE,FALSE,0.020054766799454296,8474567
2016021107,77,even-strength,82,4,FALSE,FALSE,TRUE,TRUE,TRUE,TRUE,0.10985916288203476,8475158
2016021107,81,even-strength,80,1,FALSE,FALSE,TRUE,TRUE,TRUE,FALSE,0.1403906169048969,8475169
2016021107,86,even-strength,34,-35,FALSE,FALSE,TRUE,TRUE,TRUE,FALSE,0.0066085326314279155,8474567
2016021107,87,even-strength,80,5,FALSE,TRUE,TRUE,TRUE,TRUE,TRUE,0.28077401980085165,8475169
2016021107,91,even-strength,62,-25,FALSE,FALSE,TRUE,FALSE,FALSE,FALSE,0,8475169
2016021107,92,even-strength,36,-7,FALSE,FALSE,TRUE,TRUE,TRUE,FALSE,0.021033868293140377,8475179
2016021107,93,even-strength,78,1,FALSE,FALSE,TRUE,TRUE,TRUE,FALSE,0.11670950442146026,8475158
2016021107,95,even-strength,55,-15,FALSE,FALSE,TRUE,TRUE,FALSE,FALSE,0.029926898990733027,8477933
2016021107,97,even-strength,56,19,FALSE,FALSE,TRUE,FALSE,FALSE,FALSE,0,8478403
2016021107,208,even-strength,75,29,FALSE,FALSE,TRUE,TRUE,TRUE,FALSE,0.03932480879720078,8476931
2016021107,210,even-strength,81,9,FALSE,FALSE,TRUE,TRUE,TRUE,FALSE,0.06213845306155558,8470852
2016021107,211,even-strength,83,-6,FALSE,FALSE,TRUE,TRUE,TRUE,FALSE,0.08463359888082951,8470852
2016021107,219,even-strength,77,-3,FALSE,FALSE,TRUE,TRUE,FALSE,FALSE,0.06036895366087568,8474567
2016021107,221,even-strength,75,-1,FALSE,FALSE,TRUE,TRUE,TRUE,FALSE,0.11032719642702157,8475169
2016021146,7,even-strength,70,26,FALSE,FALSE,TRUE,TRUE,TRUE,FALSE,0.02499226477430475,8475714
2016021146,9,even-strength,64,-23,FALSE,FALSE,TRUE,TRUE,FALSE,FALSE,0.026290005661807996,8469707
2016021146,12,even-strength,50,0,FALSE,FALSE,TRUE,TRUE,FALSE,FALSE,0.04518353014648125,8474600
2016021146,15,even-strength,70,32,FALSE,FALSE,TRUE,TRUE,FALSE,FALSE,0.01996790005307559,8477942
2016021146,16,even-strength,84,4,FALSE,FALSE,TRUE,FALSE,FALSE,FALSE,0,8474569
2016021146,17,even-strength,69,-13,FALSE,FALSE,TRUE,FALSE,FALSE,FALSE,0,8475218
2016021146,19,even-strength,59,36,TRUE,FALSE,TRUE,TRUE,FALSE,FALSE,0.04413325848056428,8471707
2016021146,22,even-strength,62,4,FALSE,FALSE,TRUE,TRUE,TRUE,FALSE,0.057564531340404464,8469707
2016021146,26,even-strength,79,3,FALSE,FALSE,TRUE,FALSE,FALSE,FALSE,0,8475868
2016021146,32,even-strength,76,17,FALSE,FALSE,TRUE,TRUE,TRUE,FALSE,0.046797225606012134,8474600
2016021146,35,even-strength,56,-20,FALSE,FALSE,TRUE,TRUE,TRUE,FALSE,0.03176843783960564,8474600
2016021146,38,power-play,86,-7,FALSE,FALSE,TRUE,FALSE,FALSE,FALSE,0,8467370
2016021146,39,even-strength,60,30,FALSE,FALSE,TRUE,TRUE,TRUE,FALSE,0.01771698295339962,8474600
2016021146,42,power-play,86,-6,FALSE,TRUE,TRUE,TRUE,FALSE,FALSE,0.1785452043728862,8474569
2016021146,43,even-strength,72,15,FALSE,FALSE,TRUE,TRUE,TRUE,FALSE,0.057882755862521326,8476887
2016021146,50,even-strength,56,-24,FALSE,FALSE,TRUE,TRUE,FALSE,FALSE,0.02652722839815575,8478042
2016021146,251,even-strength,83,2,TRUE,FALSE,TRUE,TRUE,TRUE,FALSE,0.22215933497633997,8467370
2016021146,252,even-strength,90,7,FALSE,TRUE,TRUE,TRUE,FALSE,FALSE,0.3340373544346316,8475766
2016021146,257,even-strength,43,25,FALSE,FALSE,TRUE,TRUE,TRUE,FALSE,0.014567252296728223,8475218
2016021146,258,even-strength,47,-24,FALSE,FALSE,TRUE,FALSE,FALSE,FALSE,0,8474056
2016021146,262,even-strength,90,-23,FALSE,TRUE,TRUE,TRUE,FALSE,FALSE,0.24382194800199858,8478042
2016021146,270,even-strength,68,19,FALSE,FALSE,TRUE,TRUE,TRUE,FALSE,0.036139401871061766,8476887
2016021146,271,even-strength,43,0,FALSE,TRUE,TRUE,TRUE,TRUE,FALSE,0.0993428329179625,8474600
2016021146,274,even-strength,52,-27,FALSE,FALSE,TRUE,TRUE,TRUE,FALSE,0.024445866362228535,8467370
2016021146,297,even-strength,42,23,FALSE,FALSE,TRUE,TRUE,TRUE,FALSE,0.017875376284500873,8475218
2016021146,298,even-strength,82,-3,FALSE,TRUE,TRUE,TRUE,TRUE,FALSE,0.2734998605929564,8477942
2016021146,300,power-play,57,27,FALSE,FALSE,TRUE,TRUE,TRUE,FALSE,0.05667668179332062,8476887
2016021146,401,even-strength,72,-3,FALSE,FALSE,TRUE,TRUE,FALSE,FALSE,0.07965649737176342,8475793
2016021146,402,power-play,74,-6,FALSE,FALSE,TRUE,FALSE,FALSE,FALSE,0,8471707
2016021146,404,power-play,70,-5,FALSE,FALSE,TRUE,FALSE,FALSE,FALSE,0,8474056
2016021146,405,even-strength,35,24,FALSE,FALSE,TRUE,TRUE,TRUE,FALSE,0.009763855187282231,8475218
2016021146,406,even-strength,61,28,FALSE,FALSE,TRUE,TRUE,TRUE,FALSE,0.014914653257556195,8469707
2016021146,407,even-strength,72,15,FALSE,FALSE,TRUE,TRUE,FALSE,FALSE,0.04169146116567839,8476925
2016021146,417,even-strength,46,-22,FALSE,FALSE,TRUE,TRUE,TRUE,FALSE,0.017549362673204623,8475176
2016021146,425,even-strength,44,24,TRUE,FALSE,TRUE,TRUE,FALSE,FALSE,0.03663479447410488,8476887
2016021146,427,even-strength,87,14,FALSE,FALSE,TRUE,TRUE,FALSE,FALSE,0.04486761183255595,8471707
2016021146,428,even-strength,60,-17,FALSE,FALSE,TRUE,FALSE,FALSE,FALSE,0,8474056
2016021146,430,even-strength,57,-1,FALSE,FALSE,TRUE,TRUE,TRUE,FALSE,0.04728441692105587,8475793
2016021146,431,even-strength,41,-22,FALSE,FALSE,TRUE,TRUE,TRUE,FALSE,0.02513362209054844,8474056
2016021146,432,even-strength,54,32,FALSE,FALSE,TRUE,TRUE,TRUE,FALSE,0.022799561411728637,8475176
2016021146,434,even-strength,52,-10,FALSE,FALSE,TRUE,FALSE,FALSE,FALSE,0,8477942
2016021146,438,even-strength,73,31,FALSE,FALSE,TRUE,TRUE,FALSE,FALSE,0.03316797751083174,8476887
2016021146,440,even-strength,70,-17,FALSE,FALSE,TRUE,TRUE,TRUE,TRUE,0.042579810042259233,8476887
2016021146,443,even-strength,79,1,FALSE,FALSE,TRUE,TRUE,TRUE,FALSE,0.13014514181464418,8467370
2016021146,446,power-play,39,-5,FALSE,FALSE,TRUE,TRUE,TRUE,FALSE,0.04161062094917482,8478042
2016021146,447,power-play,84,-5,FALSE,FALSE,TRUE,TRUE,FALSE,FALSE,0.10892487132211134,8478042
2016021146,448,power-play,82,6,FALSE,TRUE,TRUE,TRUE,TRUE,FALSE,0.3024334703611962,8477942
2016021146,450,power-play,42,7,FALSE,FALSE,TRUE,TRUE,TRUE,FALSE,0.05044341228905683,8475176
2016021146,601,power-play,88,-1,FALSE,TRUE,TRUE,TRUE,TRUE,FALSE,0.3027465594642317,8477942
2016021146,603,power-play,83,-23,FALSE,FALSE,TRUE,TRUE,FALSE,FALSE,0.053735678983429284,8474056
2016021146,604,power-play,70,21,FALSE,FALSE,TRUE,TRUE,TRUE,FALSE,0.06855221472044673,8475714
2016021146,605,power-play,85,6,FALSE,TRUE,TRUE,TRUE,TRUE,FALSE,0.2365753540502255,8476887
2016021146,608,even-strength,36,0,FALSE,FALSE,TRUE,FALSE,FALSE,FALSE,0,8474056
2016021146,609,even-strength,68,33,FALSE,FALSE,TRUE,TRUE,TRUE,FALSE,0.02353184749914918,8478042
2016021146,612,even-strength,63,31,FALSE,FALSE,TRUE,FALSE,FALSE,FALSE,0,8474600
2016021146,615,even-strength,87,-20,FALSE,FALSE,TRUE,FALSE,FALSE,FALSE,0,8475176
2016021146,616,even-strength,40,31,FALSE,FALSE,TRUE,TRUE,FALSE,FALSE,0.011773053701325201,8474600
2016021146,617,even-strength,84,5,TRUE,FALSE,TRUE,FALSE,FALSE,FALSE,0,8475176
2016021146,620,even-strength,85,-29,FALSE,FALSE,TRUE,TRUE,TRUE,FALSE,0.022096541107586583,8474600
2016021146,621,even-strength,43,12,FALSE,FALSE,TRUE,TRUE,FALSE,FALSE,0.03607327365407916,8474600
2016021146,625,even-strength,83,15,FALSE,FALSE,TRUE,TRUE,FALSE,FALSE,0.06516302266362639,8476887
2016021146,626,even-strength,52,-4,FALSE,FALSE,TRUE,TRUE,FALSE,FALSE,0.046901878333253814,8475176
2016021159,54,even-strength,65,17,FALSE,FALSE,TRUE,TRUE,TRUE,FALSE,0.0412623089467397,8471794
2016021159,55,even-strength,69,12,FALSE,FALSE,TRUE,TRUE,TRUE,FALSE,0.06086570876754509,8470144
2016021159,61,even-strength,65,-7,TRUE,FALSE,TRUE,TRUE,TRUE,FALSE,0.0505597549894258,8470778
2016021159,66,even-strength,42,-8,FALSE,FALSE,TRUE,TRUE,TRUE,FALSE,0.029131475155340463,8470144
2016021159,73,even-strength,66,-2,TRUE,FALSE,TRUE,TRUE,TRUE,FALSE,0.09940408616091016,8474679
2016021159,74,even-strength,74,-17,FALSE,FALSE,TRUE,FALSE,FALSE,FALSE,0,8475324
2016021159,75,even-strength,61,-14,FALSE,FALSE,TRUE,TRUE,TRUE,FALSE,0.03899638597706802,8470144
2016021159,82,even-strength,81,-6,FALSE,FALSE,TRUE,TRUE,TRUE,FALSE,0.03885600080120879,8477931
2016021159,83,even-strength,83,-6,FALSE,TRUE,TRUE,TRUE,TRUE,FALSE,0.07380454339123861,8477931
2016021159,85,power-play,78,-21,FALSE,FALSE,TRUE,TRUE,TRUE,FALSE,0.04950039463883656,8468083
2016021159,86,power-play,79,-1,FALSE,FALSE,TRUE,TRUE,TRUE,FALSE,0.11523831444375986,8471716
2016021159,87,power-play,74,-14,FALSE,FALSE,TRUE,TRUE,FALSE,FALSE,0.07387789700338575,8475193
2016021159,88,power-play,84,11,FALSE,FALSE,TRUE,TRUE,TRUE,FALSE,0.09248071406558271,8474679
2016021159,93,even-strength,76,5,FALSE,FALSE,TRUE,FALSE,FALSE,FALSE,0,8468083
2016021159,94,power-play,66,7,FALSE,FALSE,TRUE,FALSE,FALSE,FALSE,0,8468509
2016021159,95,even-strength,65,7,FALSE,FALSE,TRUE,TRUE,TRUE,FALSE,0.047672064717242765,8477931
2016021159,96,even-strength,78,-10,FALSE,FALSE,TRUE,TRUE,TRUE,FALSE,0.05014458623378577,8471794
2016021159,99,even-strength,62,8,FALSE,FALSE,TRUE,TRUE,TRUE,TRUE,0.05511901913434771,8474679
2016021159,209,even-strength,70,-8,FALSE,FALSE,TRUE,FALSE,FALSE,FALSE,0,8475324
2016021159,211,even-strength,37,-21,FALSE,FALSE,TRUE,TRUE,TRUE,FALSE,0.01580404181312963,8471242
2016021159,217,even-strength,-17,3,FALSE,FALSE,TRUE,TRUE,TRUE,FALSE,0.0012667645062885739,8477215
2016021159,224,even-strength,43,-4,FALSE,FALSE,TRUE,TRUE,TRUE,FALSE,0.03466549644024092,8475193
2016021159,235,even-strength,81,-23,FALSE,FALSE,TRUE,TRUE,TRUE,FALSE,0.02851355214953765,8470144
2016021159,242,even-strength,84,-21,FALSE,FALSE,TRUE,TRUE,FALSE,FALSE,0.03333608408178425,8477946
2016021159,243,even-strength,76,-2,FALSE,FALSE,TRUE,FALSE,FALSE,FALSE,0,8471716
2016021159,246,even-strength,59,0,FALSE,FALSE,TRUE,TRUE,TRUE,FALSE,0.05267176786217814,8470144
2016021159,248,even-strength,72,10,FALSE,FALSE,TRUE,FALSE,FALSE,FALSE,0,8470778
2016021159,250,even-strength,56,12,FALSE,FALSE,TRUE,TRUE,TRUE,FALSE,0.03094258893294176,8471242
2016021159,402,even-strength,37,-25,FALSE,FALSE,TRUE,TRUE,TRUE,FALSE,0.014555344084093334,8475324
2016021159,403,even-strength,82,29,FALSE,FALSE,TRUE,TRUE,FALSE,FALSE,0.023507127291448052,8471794
2016021159,404,even-strength,75,-29,TRUE,FALSE,TRUE,TRUE,FALSE,FALSE,0.05448402791477446,8471242
2016021159,407,even-strength,65,15,FALSE,FALSE,TRUE,TRUE,TRUE,FALSE,0.03482280846529197,8475772
2016021159,408,even-strength,74,7,FALSE,FALSE,TRUE,TRUE,TRUE,FALSE,0.0692723194902763,8471794
2016021159,413,even-strength,36,22,FALSE,FALSE,TRUE,TRUE,FALSE,FALSE,0.012048161107636516,8477215
2016021159,414,even-strength,68,-5,FALSE,FALSE,TRUE,FALSE,FALSE,FALSE,0,8470144
2016021159,417,even-strength,75,-14,FALSE,FALSE,TRUE,FALSE,FALSE,FALSE,0,8471242
2016021159,419,even-strength,58,-4,FALSE,FALSE,TRUE,TRUE,TRUE,FALSE,0.04782838550022478,8468083
2016021159,421,even-strength,74,-7,FALSE,FALSE,TRUE,TRUE,TRUE,FALSE,0.07579586666808931,8475324
2016021159,422,even-strength,79,1,FALSE,TRUE,TRUE,TRUE,TRUE,TRUE,0.3377279714161804,8475324
2016021159,427,even-strength,61,5,FALSE,FALSE,TRUE,TRUE,TRUE,FALSE,0.08252168620956209,8470144
2016021159,430,even-strength,53,-23,FALSE,FALSE,TRUE,TRUE,TRUE,FALSE,0.01865095097234443,8477215
2016021159,436,even-strength,81,4,FALSE,FALSE,TRUE,TRUE,FALSE,FALSE,0.12134090457800538,8474679
2016021159,439,even-strength,29,33,FALSE,FALSE,TRUE,TRUE,TRUE,FALSE,0.008796197278633533,8468509
2016021159,440,even-strength,74,-12,FALSE,FALSE,TRUE,TRUE,TRUE,FALSE,0.052661590357527634,8468083
2016021159,441,even-strength,66,8,FALSE,FALSE,TRUE,TRUE,TRUE,FALSE,0.06779298870409475,8475193
2016021159,444,even-strength,74,-16,FALSE,FALSE,TRUE,TRUE,TRUE,FALSE,0.054192136021567215,8476960
2016021159,445,even-strength,79,5,FALSE,FALSE,TRUE,TRUE,TRUE,FALSE,0.08001897608996388,8471716
2016021159,446,even-strength,76,-2,FALSE,TRUE,TRUE,TRUE,TRUE,FALSE,0.26281864956815487,8477946
2016021159,450,even-strength,75,24,TRUE,FALSE,TRUE,TRUE,FALSE,FALSE,0.04842931396881876,8471716
2016021159,603,even-strength,71,22,FALSE,FALSE,TRUE,TRUE,TRUE,FALSE,0.036321714294080105,8470144
2016021159,608,power-play,73,-10,FALSE,FALSE,TRUE,TRUE,FALSE,FALSE,0.08362336007655098,8475193
2016021159,609,power-play,58,-10,FALSE,FALSE,TRUE,TRUE,FALSE,FALSE,0.06181464843384877,8468083
2016021159,610,power-play,81,-11,FALSE,FALSE,TRUE,TRUE,TRUE,FALSE,0.06929267045046399,8468083
2016021159,611,even-strength,42,-3,FALSE,FALSE,TRUE,TRUE,TRUE,FALSE,0.02811710804339576,8477946
2016021159,615,even-strength,63,5,FALSE,FALSE,TRUE,FALSE,FALSE,FALSE,0,8475193
2016021159,616,even-strength,60,-1,FALSE,FALSE,TRUE,TRUE,TRUE,FALSE,0.05746334724885397,8471242
2016021159,617,even-strength,78,7,FALSE,FALSE,TRUE,TRUE,TRUE,TRUE,0.10285209153703417,8468509
2016021159,620,even-strength,35,25,FALSE,FALSE,TRUE,TRUE,FALSE,FALSE,0.009820754832313284,8477215
2016021159,629,even-strength,68,4,FALSE,FALSE,TRUE,FALSE,FALSE,FALSE,0,8476960
2016021159,630,even-strength,70,3,FALSE,TRUE,TRUE,TRUE,TRUE,TRUE,0.19549785396910738,8471242
2016021159,631,even-strength,77,-6,FALSE,FALSE,TRUE,TRUE,TRUE,FALSE,0.09047684191801278,8475193
2016021159,632,even-strength,64,-8,FALSE,FALSE,TRUE,TRUE,TRUE,FALSE,0.06278326433544719,8468083
2016021176,54,even-strength,73,10,FALSE,FALSE,TRUE,TRUE,FALSE,FALSE,0.08774351211553245,8474589
2016021176,55,even-strength,51,-1,FALSE,FALSE,TRUE,FALSE,FALSE,FALSE,0,8477933
2016021176,56,even-strength,75,1,FALSE,FALSE,TRUE,FALSE,FALSE,FALSE,0,8478403
2016021176,57,even-strength,55,20,FALSE,FALSE,TRUE,TRUE,FALSE,FALSE,0.01692479354261634,8479423
2016021176,77,even-strength,76,-25,FALSE,FALSE,TRUE,TRUE,FALSE,FALSE,0.030919727798780616,8476878
2016021176,87,even-strength,78,-4,FALSE,FALSE,TRUE,FALSE,FALSE,FALSE,0,8471742
2016021176,91,even-strength,3,-28,FALSE,FALSE,TRUE,TRUE,TRUE,FALSE,0.0021434255838920294,8471742
2016021176,97,even-strength,76,-3,FALSE,FALSE,TRUE,FALSE,FALSE,FALSE,0,8475169
2016021176,99,even-strength,76,-34,FALSE,FALSE,TRUE,TRUE,TRUE,FALSE,0.022023875363369944,8475169
2016021176,208,even-strength,37,-23,FALSE,FALSE,TRUE,TRUE,FALSE,FALSE,0.01341103076019171,8471742
2016021176,209,even-strength,74,-5,FALSE,FALSE,TRUE,TRUE,FALSE,FALSE,0.07582528178334771,8475220
2016021176,220,penalty-kill,67,-12,FALSE,FALSE,TRUE,FALSE,FALSE,FALSE,0,8475169
2016021176,223,penalty-kill,71,-29,TRUE,FALSE,TRUE,TRUE,TRUE,TRUE,0.1877185136593981,8475158
2016021176,226,even-strength,83,6,FALSE,FALSE,TRUE,TRUE,TRUE,FALSE,0.03198953514706837,8478403
2016021176,227,even-strength,69,-28,FALSE,FALSE,TRUE,TRUE,TRUE,FALSE,0.01882235479494493,8478403
2016021176,228,even-strength,64,-29,TRUE,FALSE,TRUE,TRUE,FALSE,FALSE,0.034705119200426904,8477478
2016021176,229,even-strength,66,7,FALSE,FALSE,TRUE,FALSE,FALSE,FALSE,0,8478542
2016021176,230,even-strength,77,0,FALSE,FALSE,TRUE,TRUE,FALSE,FALSE,0.09838563244995024,8477478
2016021176,239,even-strength,53,29,FALSE,FALSE,TRUE,FALSE,FALSE,FALSE,0,8467407
2016021176,243,even-strength,29,-36,FALSE,FALSE,TRUE,TRUE,FALSE,FALSE,0.006081705588031158,8477499
2016021176,248,even-strength,61,-13,FALSE,FALSE,TRUE,TRUE,FALSE,FALSE,0.0536735693044121,8480083
2016021176,452,even-strength,69,7,FALSE,FALSE,TRUE,FALSE,FALSE,FALSE,0,8470324
2016021176,454,even-strength,34,30,FALSE,FALSE,TRUE,TRUE,TRUE,FALSE,0.009035433360816554,8475179
2016021176,457,even-strength,34,2,FALSE,FALSE,TRUE,TRUE,FALSE,FALSE,0.015027009422133452,8475179
2016021176,460,even-strength,63,-7,FALSE,FALSE,TRUE,TRUE,FALSE,FALSE,0.04558302404230381,8477933
2016021176,464,even-strength,71,9,FALSE,FALSE,TRUE,TRUE,FALSE,FALSE,0.059328953748682335,8474589
2016021176,466,even-strength,71,-9,FALSE,FALSE,TRUE,FALSE,FALSE,FALSE,0,8475179
2016021176,467,even-strength,77,-5,FALSE,FALSE,TRUE,TRUE,TRUE,FALSE,0.07385412594044904,8475169
2016021176,474,even-strength,80,12,FALSE,FALSE,TRUE,TRUE,TRUE,FALSE,0.04453123767583668,8475169
2016021176,477,even-strength,81,-28,FALSE,FALSE,TRUE,TRUE,FALSE,FALSE,0.022246034231746904,8478542
2016021176,481,even-strength,34,-30,FALSE,FALSE,TRUE,TRUE,TRUE,FALSE,0.00803547432893284,8474567
2016021176,485,even-strength,46,-4,FALSE,FALSE,TRUE,TRUE,TRUE,FALSE,0.0328690184018137,8477478
2016021176,496,power-play,78,-15,FALSE,FALSE,TRUE,TRUE,TRUE,FALSE,0.06942243870429779,8478403
2016021176,498,power-play,73,-2,FALSE,FALSE,TRUE,FALSE,FALSE,FALSE,0,8477933
2016021176,499,power-play,78,-7,FALSE,FALSE,TRUE,FALSE,FALSE,FALSE,0,8477933
2016021176,500,power-play,63,34,FALSE,FALSE,TRUE,TRUE,TRUE,FALSE,0.042540700717137975,8474589
2016021176,660,even-strength,34,1,FALSE,FALSE,TRUE,TRUE,TRUE,FALSE,0.020108333521656835,8471742
2016021176,661,even-strength,50,36,FALSE,FALSE,TRUE,TRUE,TRUE,FALSE,0.011431729076702278,8477478
2016021176,667,even-strength,63,13,TRUE,FALSE,TRUE,TRUE,TRUE,FALSE,0.06330710563535152,8467407
2016021176,671,even-strength,78,14,FALSE,FALSE,TRUE,FALSE,FALSE,FALSE,0,8480083
2016021176,673,even-strength,64,-18,FALSE,FALSE,TRUE,TRUE,FALSE,FALSE,0.03664611181354801,8474589
2016021176,674,even-strength,50,6,FALSE,FALSE,TRUE,TRUE,TRUE,FALSE,0.027593665240404883,8478542
2016021176,676,even-strength,86,22,FALSE,FALSE,TRUE,TRUE,TRUE,FALSE,0.025647041988253783,8475169
2016021176,678,even-strength,83,-9,FALSE,FALSE,TRUE,FALSE,FALSE,FALSE,0,8475158
2016021176,681,even-strength,-5,29,FALSE,FALSE,TRUE,TRUE,TRUE,FALSE,0.001870685415929905,8477933
2016021176,683,even-strength,50,-35,FALSE,FALSE,TRUE,TRUE,TRUE,FALSE,0.010621772796800925,8474589
2016021176,684,even-strength,37,-33,FALSE,FALSE,TRUE,FALSE,FALSE,FALSE,0,8471742
2016021176,686,even-strength,76,0,FALSE,FALSE,TRUE,TRUE,TRUE,TRUE,0.09477782039291467,8478403
2016021176,689,even-strength,65,4,FALSE,FALSE,TRUE,TRUE,TRUE,FALSE,0.06274069554073344,8478403
2016021176,690,even-strength,71,-3,FALSE,FALSE,TRUE,TRUE,TRUE,FALSE,0.07586116051769543,8478403
2016021198,10,even-strength,45,27,FALSE,FALSE,TRUE,TRUE,TRUE,FALSE,0.014219175113618372,8470601
2016021198,16,even-strength,54,-13,FALSE,FALSE,TRUE,TRUE,TRUE,FALSE,0.04525171601278321,8477205
2016021198,18,even-strength,67,13,FALSE,FALSE,TRUE,TRUE,TRUE,FALSE,0.06334702061355374,8473986
2016021198,22,even-strength,72,-16,FALSE,FALSE,TRUE,TRUE,TRUE,FALSE,0.05096364771054584,8477454
2016021198,32,even-strength,43,34,FALSE,FALSE,TRUE,TRUE,TRUE,FALSE,0.013797880908858915,8476292
2016021198,34,even-strength,45,-29,FALSE,FALSE,TRUE,TRUE,TRUE,FALSE,0.014742298640651318,8471873
2016021198,35,even-strength,60,4,FALSE,FALSE,TRUE,TRUE,FALSE,FALSE,0.07362086595564382,8476195
2016021198,36,even-strength,65,18,FALSE,FALSE,TRUE,FALSE,FALSE,FALSE,0,8471873
2016021198,37,even-strength,76,-21,FALSE,FALSE,TRUE,TRUE,FALSE,FALSE,0.04626924513502964,8471873
2016021198,40,power-play,44,22,FALSE,FALSE,TRUE,TRUE,FALSE,FALSE,0.04587647856433257,8475167
2016021198,41,even-strength,39,9,FALSE,FALSE,TRUE,TRUE,FALSE,FALSE,0.019636877244785803,8471873
2016021198,44,even-strength,40,-27,FALSE,FALSE,TRUE,TRUE,FALSE,FALSE,0.013085451109578346,8477009
2016021198,72,even-strength,41,-28,FALSE,FALSE,TRUE,TRUE,TRUE,FALSE,0.01486767460188185,8475739
2016021198,205,penalty-kill,63,36,FALSE,FALSE,TRUE,TRUE,TRUE,FALSE,0.012670948552766896,8475167
2016021198,215,even-strength,33,33,FALSE,FALSE,TRUE,TRUE,TRUE,FALSE,0.012661521194575044,8470601
2016021198,216,even-strength,71,-9,FALSE,FALSE,TRUE,FALSE,FALSE,FALSE,0,8476453
2016021198,217,even-strength,70,-8,FALSE,FALSE,TRUE,TRUE,TRUE,FALSE,0.0651192548406701,8477494
2016021198,223,even-strength,53,-31,FALSE,FALSE,TRUE,TRUE,TRUE,FALSE,0.01606584530234489,8477205
2016021198,224,even-strength,53,-1,FALSE,FALSE,TRUE,TRUE,FALSE,FALSE,0.03320645507693046,8476826
2016021198,225,even-strength,78,-25,FALSE,TRUE,TRUE,TRUE,TRUE,FALSE,0.08505857671285862,8477205
2016021198,228,even-strength,38,35,FALSE,FALSE,TRUE,TRUE,TRUE,FALSE,0.009250012883756136,8475167
2016021198,236,even-strength,64,9,FALSE,FALSE,TRUE,FALSE,FALSE,FALSE,0,8476292
2016021198,402,even-strength,69,-38,FALSE,FALSE,TRUE,TRUE,FALSE,FALSE,0.01928326618991125,8476826
2016021198,405,even-strength,80,3,FALSE,FALSE,TRUE,TRUE,FALSE,FALSE,0.10898733465389411,8478010
2016021198,406,even-strength,54,-20,FALSE,FALSE,TRUE,TRUE,FALSE,FALSE,0.024889803521738574,8476453
2016021198,410,power-play,65,-8,FALSE,FALSE,TRUE,FALSE,FALSE,FALSE,0,8476453
2016021198,412,power-play,73,-9,FALSE,FALSE,TRUE,TRUE,TRUE,TRUE,0.09334206287803846,8478010
2016021198,416,even-strength,64,-7,TRUE,FALSE,TRUE,TRUE,TRUE,FALSE,0.11285628496882033,8477494
2016021198,418,even-strength,60,-3,FALSE,FALSE,TRUE,TRUE,TRUE,FALSE,0.09221107436271865,8476292
2016021198,419,even-strength,71,3,FALSE,TRUE,TRUE,TRUE,TRUE,FALSE,0.24164805771016587,8478010
2016021198,421,even-strength,34,12,FALSE,FALSE,TRUE,TRUE,FALSE,FALSE,0.015669062882432114,8475167
2016021198,422,even-strength,54,17,FALSE,FALSE,TRUE,TRUE,FALSE,FALSE,0.025056088879523413,8476292
2016021198,432,even-strength,61,23,FALSE,FALSE,TRUE,TRUE,FALSE,FALSE,0.026408061320888767,8475739
2016021198,434,even-strength,59,7,FALSE,FALSE,TRUE,TRUE,TRUE,TRUE,0.05113554866607557,8476453
2016021198,441,even-strength,64,-2,FALSE,FALSE,TRUE,TRUE,TRUE,FALSE,0.061937528664550365,8475739
2016021198,443,even-strength,76,-12,TRUE,FALSE,TRUE,TRUE,TRUE,FALSE,0.11767325705168519,8476480
2016021198,448,even-strength,63,10,FALSE,FALSE,TRUE,FALSE,FALSE,FALSE,0,8470601
2016021198,449,even-strength,58,-3,FALSE,FALSE,TRUE,TRUE,TRUE,FALSE,0.05164616596344466,8476195
2016021198,450,even-strength,60,18,FALSE,FALSE,TRUE,FALSE,FALSE,FALSE,0,8475167
2016021198,552,even-strength,72,-4,FALSE,FALSE,TRUE,TRUE,TRUE,FALSE,0.09346124319500698,8477494
2016021198,560,even-strength,76,-11,FALSE,FALSE,TRUE,FALSE,FALSE,FALSE,0,8477009
2016021198,563,even-strength,59,5,FALSE,FALSE,TRUE,TRUE,TRUE,FALSE,0.06618340447293342,8476195
2016021198,576,even-strength,39,34,FALSE,FALSE,TRUE,TRUE,FALSE,FALSE,0.009178903887895414,8475167
2016021198,577,even-strength,72,-2,FALSE,FALSE,TRUE,TRUE,TRUE,FALSE,0.1018114922086748,8478010
2016021198,582,even-strength,85,-8,FALSE,FALSE,TRUE,TRUE,FALSE,FALSE,0.04616781501581265,8475254
2016021198,583,even-strength,75,7,FALSE,TRUE,TRUE,TRUE,TRUE,TRUE,0.22502642890879468,8475739
2016021198,588,even-strength,73,-1,FALSE,FALSE,TRUE,TRUE,TRUE,FALSE,0.10851747538262325,8476453
2016021198,600,even-strength,55,-8,FALSE,FALSE,TRUE,TRUE,TRUE,FALSE,0.06142889729426801,8471873
2016021198,704,even-strength,53,-3,FALSE,FALSE,TRUE,TRUE,TRUE,TRUE,0.08651019771422981,8478010
2016021198,709,even-strength,62,22,FALSE,FALSE,TRUE,FALSE,FALSE,FALSE,0,8476453
2016021198,711,even-strength,43,34,FALSE,FALSE,TRUE,TRUE,TRUE,FALSE,0.012982147975879866,8470601
2016021198,712,even-strength,40,30,FALSE,FALSE,TRUE,TRUE,TRUE,FALSE,0.01381345296014211,8470601
2016021198,716,even-strength,62,8,FALSE,FALSE,TRUE,FALSE,FALSE,FALSE,0,8475167
2016021211,8,even-strength,60,-13,FALSE,FALSE,TRUE,TRUE,TRUE,FALSE,0.05371153614602201,8477404
2016021211,14,even-strength,53,-7,FALSE,FALSE,TRUE,TRUE,TRUE,FALSE,0.04742047494898414,8475832
2016021211,28,even-strength,58,23,TRUE,FALSE,TRUE,TRUE,FALSE,FALSE,0.046211230172832116,8478866
2016021211,29,even-strength,60,-14,FALSE,FALSE,TRUE,TRUE,TRUE,TRUE,0.058805203531742956,8473548
2016021211,39,even-strength,51,-18,FALSE,FALSE,TRUE,TRUE,FALSE,FALSE,0.03074732182232652,8478866
2016021211,46,even-strength,69,-23,FALSE,FALSE,TRUE,TRUE,TRUE,FALSE,0.0450921048373387,8473548
2016021211,206,even-strength,85,-8,FALSE,FALSE,TRUE,TRUE,FALSE,FALSE,0.05459895787836555,8471675
2016030131,7,even-strength,36,1,FALSE,FALSE,TRUE,TRUE,TRUE,FALSE,0.020638172773512313,8475200
2016030131,205,even-strength,81,-31,FALSE,FALSE,TRUE,TRUE,TRUE,FALSE,0.020634949512568578,8474590
2016030131,209,even-strength,60,24,FALSE,FALSE,TRUE,FALSE,FALSE,FALSE,0,8471214
2016030131,211,even-strength,59,20,FALSE,FALSE,TRUE,TRUE,FALSE,FALSE,0.028930866639038322,8475149
2016030131,214,even-strength,54,20,FALSE,FALSE,TRUE,TRUE,TRUE,FALSE,0.03454470543414523,8475149
2016030131,216,even-strength,34,-20,TRUE,FALSE,TRUE,TRUE,FALSE,FALSE,0.031482281699577605,8471702
2016030131,217,even-strength,61,-3,FALSE,FALSE,TRUE,FALSE,FALSE,FALSE,0,8473563
2016030131,219,even-strength,33,25,TRUE,FALSE,TRUE,TRUE,TRUE,FALSE,0.020212978428117003,8468498
2016030131,220,even-strength,79,-6,FALSE,FALSE,TRUE,FALSE,FALSE,FALSE,0,8477444
2016030131,221,even-strength,70,-7,FALSE,FALSE,TRUE,TRUE,TRUE,FALSE,0.06549792818310422,8474031
2016030131,222,even-strength,83,-5,FALSE,TRUE,TRUE,TRUE,TRUE,FALSE,0.18721042705641033,8474031
2016030131,228,even-strength,49,-31,FALSE,FALSE,TRUE,TRUE,TRUE,FALSE,0.015226454726933519,8474590
2016030131,231,even-strength,72,-3,FALSE,FALSE,TRUE,TRUE,FALSE,FALSE,0.06976957541757063,8476880
2016030131,232,even-strength,82,3,FALSE,FALSE,TRUE,FALSE,FALSE,FALSE,0,8476880
2016030131,240,even-strength,66,-29,FALSE,FALSE,TRUE,FALSE,FALSE,FALSE,0,8474590
2016030131,242,power-play,63,-3,FALSE,FALSE,TRUE,FALSE,FALSE,FALSE,0,8471214
2016030131,245,power-play,53,-26,FALSE,FALSE,TRUE,TRUE,TRUE,FALSE,0.08507873769392722,8471214
2016030131,246,power-play,72,27,FALSE,FALSE,TRUE,TRUE,FALSE,FALSE,0.12453641256080611,8471214
2016030131,247,power-play,77,-4,FALSE,FALSE,TRUE,TRUE,TRUE,TRUE,0.15947569854707458,8468508
2016030131,248,even-strength,49,-3,FALSE,FALSE,TRUE,FALSE,FALSE,FALSE,0,8475200
2016030131,250,even-strength,58,18,FALSE,FALSE,TRUE,TRUE,FALSE,FALSE,0.022870830556826694,8468508
2016030131,301,even-strength,59,24,FALSE,FALSE,TRUE,TRUE,TRUE,FALSE,0.023165331782513305,8473563
2016030131,305,even-strength,34,-9,FALSE,FALSE,TRUE,TRUE,TRUE,FALSE,0.026669310184942396,8474590
2016030131,317,even-strength,56,-19,FALSE,FALSE,TRUE,FALSE,FALSE,FALSE,0,8471702
2016030131,318,even-strength,76,23,FALSE,FALSE,TRUE,TRUE,TRUE,FALSE,0.023277140108385712,8475744
2016030131,333,even-strength,74,-5,FALSE,FALSE,TRUE,TRUE,FALSE,FALSE,0.06634871692967481,8471698
2016030131,334,even-strength,70,-3,FALSE,FALSE,TRUE,TRUE,FALSE,FALSE,0.059293172868788206,8471214
2016030131,335,even-strength,65,-38,TRUE,FALSE,TRUE,TRUE,TRUE,FALSE,0.029022444862962966,8468508
2016030131,336,even-strength,36,25,FALSE,FALSE,TRUE,TRUE,TRUE,FALSE,0.011084036449878095,8475200
2016030131,339,even-strength,78,35,FALSE,FALSE,TRUE,TRUE,TRUE,FALSE,0.02070495294205626,8475200
2016030131,346,even-strength,84,-15,FALSE,FALSE,TRUE,FALSE,FALSE,FALSE,0,8475149
2016030131,506,even-strength,53,26,FALSE,FALSE,TRUE,TRUE,FALSE,FALSE,0.021882133347797945,8475200
2016030131,517,even-strength,42,6,FALSE,FALSE,TRUE,TRUE,TRUE,FALSE,0.025038296148753053,8474031
2016030131,518,even-strength,31,31,FALSE,FALSE,TRUE,TRUE,TRUE,FALSE,0.005244622070339878,8471476
2016030131,521,even-strength,53,-19,FALSE,FALSE,TRUE,TRUE,TRUE,FALSE,0.03823640491788921,8468508
2016030131,522,even-strength,74,10,FALSE,FALSE,TRUE,FALSE,FALSE,FALSE,0,8475744
2016030131,523,even-strength,63,14,FALSE,FALSE,TRUE,TRUE,TRUE,FALSE,0.02961136145906819,8475149
2016030131,525,even-strength,41,-20,FALSE,FALSE,TRUE,FALSE,FALSE,FALSE,0,8471702
2016030131,533,even-strength,45,0,FALSE,FALSE,TRUE,TRUE,TRUE,FALSE,0.033318794831100215,8471702
2016030131,534,even-strength,79,3,FALSE,TRUE,TRUE,TRUE,TRUE,TRUE,0.28848380548924724,8468508
2016030131,535,even-strength,20,-11,FALSE,FALSE,TRUE,TRUE,TRUE,FALSE,0.00427277529857362,8474291
2016030131,536,even-strength,44,-20,FALSE,FALSE,TRUE,TRUE,TRUE,FALSE,0.016939655943504096,8474031
2016030131,539,even-strength,48,-34,FALSE,FALSE,TRUE,TRUE,TRUE,FALSE,0.0165088895570748,8471698
2016030131,542,power-play,49,2,FALSE,FALSE,TRUE,TRUE,TRUE,FALSE,0.05580729642460264,8474031
2016030131,555,even-strength,76,-8,FALSE,FALSE,TRUE,FALSE,FALSE,FALSE,0,8468508
2016030131,558,even-strength,54,21,FALSE,FALSE,TRUE,TRUE,FALSE,FALSE,0.02556883762058348,8475200
2016030131,559,even-strength,76,23,FALSE,FALSE,TRUE,TRUE,TRUE,FALSE,0.03173769345365761,8474031
2016030131,563,even-strength,86,-6,FALSE,FALSE,TRUE,FALSE,FALSE,FALSE,0,8475744
2016030131,565,even-strength,29,-37,FALSE,FALSE,TRUE,TRUE,FALSE,FALSE,0.004995341999932916,8474031
2016030131,566,even-strength,61,-1,TRUE,FALSE,TRUE,TRUE,TRUE,FALSE,0.12234754822620662,8474031
2016030131,567,even-strength,71,4,TRUE,TRUE,TRUE,TRUE,TRUE,FALSE,0.3185957275758834,8474031
2016030131,568,even-strength,46,-29,TRUE,FALSE,TRUE,TRUE,TRUE,FALSE,0.02140209077468235,8468498
2016030131,569,even-strength,79,-24,FALSE,FALSE,TRUE,TRUE,TRUE,FALSE,0.028977430792161925,8473563
2016030131,571,even-strength,75,-30,FALSE,FALSE,TRUE,TRUE,TRUE,FALSE,0.023319188336045862,8468508
2016030131,573,even-strength,61,19,FALSE,FALSE,TRUE,TRUE,FALSE,FALSE,0.03978240602362529,8471476
2016030131,574,even-strength,57,-31,FALSE,FALSE,TRUE,TRUE,TRUE,FALSE,0.019270053844554644,8474031
2016030131,576,even-strength,77,-3,FALSE,FALSE,TRUE,TRUE,TRUE,FALSE,0.13051487652743685,8473563
2016030131,578,even-strength,79,6,FALSE,TRUE,TRUE,TRUE,FALSE,FALSE,0.2498883615875603,8473563
2016030131,581,even-strength,49,17,FALSE,FALSE,TRUE,TRUE,TRUE,FALSE,0.03425173597729664,8475744
2016030131,585,even-strength,75,1,FALSE,FALSE,TRUE,TRUE,FALSE,FALSE,0.09254734815694712,8471214
2016030131,586,even-strength,69,-2,FALSE,FALSE,TRUE,FALSE,FALSE,FALSE,0,8474590
2016030131,587,even-strength,76,-2,FALSE,FALSE,TRUE,TRUE,TRUE,FALSE,0.11392727524744274,8468508
2016030131,591,even-strength,44,-29,FALSE,FALSE,TRUE,FALSE,FALSE,FALSE,0,8471702
2016030131,592,even-strength,65,1,FALSE,FALSE,TRUE,FALSE,FALSE,FALSE,0,8475200
2016030131,593,even-strength,56,-31,FALSE,FALSE,TRUE,TRUE,TRUE,FALSE,0.013129734366240549,8471702
2016030131,594,even-strength,44,-14,FALSE,FALSE,TRUE,TRUE,TRUE,FALSE,0.0208136909769143,8474590
2016030131,596,even-strength,75,-3,FALSE,FALSE,TRUE,TRUE,TRUE,FALSE,0.06573458006549109,8475149
2016030131,852,even-strength,81,-4,FALSE,FALSE,TRUE,FALSE,FALSE,FALSE,0,8475149
2016030131,861,even-strength,67,-27,FALSE,FALSE,TRUE,TRUE,TRUE,FALSE,0.02008192931706765,8475744
2016030131,870,even-strength,76,16,FALSE,FALSE,TRUE,TRUE,TRUE,FALSE,0.06152923335825702,8468498
2016030131,871,even-strength,77,7,FALSE,TRUE,TRUE,TRUE,TRUE,FALSE,0.29238715946893545,8477444
2016030131,873,even-strength,74,30,FALSE,FALSE,TRUE,TRUE,TRUE,FALSE,0.02737784711076312,8475792
2016030131,874,even-strength,54,28,FALSE,FALSE,TRUE,TRUE,TRUE,FALSE,0.019333275281282456,8475200
2016030131,875,even-strength,64,-36,FALSE,FALSE,TRUE,TRUE,TRUE,TRUE,0.02264870629693565,8476880
2016030132,8,power-play,71,-11,FALSE,FALSE,TRUE,FALSE,FALSE,FALSE,0,8474031
2016030132,9,power-play,35,-3,FALSE,FALSE,TRUE,TRUE,TRUE,FALSE,0.03488656535200095,8474031
2016030132,10,power-play,72,-21,TRUE,FALSE,TRUE,TRUE,FALSE,FALSE,0.09953996751621043,8473563
2016030132,11,power-play,80,-4,FALSE,FALSE,TRUE,TRUE,FALSE,FALSE,0.10399792881102256,8475149
2016030132,13,power-play,77,-2,FALSE,FALSE,TRUE,FALSE,FALSE,FALSE,0,8468508
2016030132,14,power-play,56,-27,FALSE,FALSE,TRUE,TRUE,TRUE,FALSE,0.02882074313930315,8475744
2016030132,15,even-strength,72,-33,FALSE,FALSE,TRUE,TRUE,FALSE,FALSE,0.028032438562929314,8471214
2016030132,21,even-strength,52,-7,FALSE,FALSE,TRUE,TRUE,TRUE,FALSE,0.033064390100707414,8475149
2016030132,22,even-strength,67,1,FALSE,FALSE,TRUE,TRUE,FALSE,FALSE,0.09033855557661798,8475149
2016030132,23,even-strength,77,-9,TRUE,FALSE,TRUE,FALSE,FALSE,FALSE,0,8475149
2016030132,26,even-strength,79,5,TRUE,FALSE,TRUE,TRUE,FALSE,FALSE,0.13210954602549196,8473563
2016030132,29,even-strength,72,-1,FALSE,FALSE,TRUE,FALSE,FALSE,FALSE,0,8475744
2016030132,30,even-strength,52,-7,FALSE,FALSE,TRUE,FALSE,FALSE,FALSE,0,8474590
2016030132,31,even-strength,43,4,FALSE,FALSE,TRUE,TRUE,TRUE,FALSE,0.08013241312848535,8475744
2016030132,35,even-strength,67,12,FALSE,FALSE,TRUE,TRUE,TRUE,FALSE,0.08855242318079123,8474189
2016030132,37,even-strength,71,28,FALSE,FALSE,TRUE,TRUE,FALSE,FALSE,0.03987307465287013,8474189
2016030132,38,even-strength,66,-35,FALSE,FALSE,TRUE,FALSE,FALSE,FALSE,0,8477444
2016030132,39,even-strength,70,-3,FALSE,FALSE,TRUE,TRUE,TRUE,FALSE,0.08728917667745197,8475792
2016030132,351,even-strength,78,-4,FALSE,FALSE,TRUE,FALSE,FALSE,FALSE,0,8468498
2016030132,352,even-strength,55,-21,FALSE,FALSE,TRUE,TRUE,TRUE,FALSE,0.01986068102571327,8475792
2016030132,353,even-strength,71,-4,FALSE,FALSE,TRUE,FALSE,FALSE,FALSE,0,8475149
2016030132,359,penalty-kill,1,35,FALSE,FALSE,TRUE,TRUE,TRUE,FALSE,0.004962999173563742,8471476
2016030132,370,even-strength,80,-3,FALSE,FALSE,TRUE,TRUE,FALSE,FALSE,0.14900163884536738,8471698
2016030132,372,even-strength,39,-18,FALSE,FALSE,TRUE,FALSE,FALSE,FALSE,0,8475200
2016030132,376,even-strength,62,-30,FALSE,FALSE,TRUE,TRUE,TRUE,FALSE,0.02345283330782076,8477444
2016030132,377,even-strength,48,-10,FALSE,FALSE,TRUE,TRUE,FALSE,FALSE,0.028255830951969953,8474590
2016030132,379,power-play,68,21,FALSE,FALSE,TRUE,TRUE,TRUE,TRUE,0.0710616182773436,8471214
2016030132,386,even-strength,64,-15,FALSE,FALSE,TRUE,FALSE,FALSE,FALSE,0,8471214
2016030132,453,power-play,51,-11,FALSE,FALSE,TRUE,TRUE,TRUE,TRUE,0.048618144231225555,8474590
2016030132,454,even-strength,74,6,FALSE,FALSE,TRUE,TRUE,TRUE,FALSE,0.07991911258698069,8476880
2016030132,455,even-strength,68,-38,FALSE,FALSE,TRUE,TRUE,TRUE,FALSE,0.016625926102740704,8471476
2016030132,456,even-strength,33,28,FALSE,FALSE,TRUE,TRUE,TRUE,FALSE,0.009660422574762828,8474590
2016030132,458,even-strength,33,28,FALSE,FALSE,TRUE,TRUE,TRUE,FALSE,0.007418201168571816,8475200
2016030132,459,even-strength,72,1,FALSE,FALSE,TRUE,TRUE,FALSE,FALSE,0.08165092262984056,8471698
2016030132,460,even-strength,40,-5,FALSE,FALSE,TRUE,TRUE,TRUE,FALSE,0.025648547435193046,8471214
2016030132,467,power-play,63,23,FALSE,FALSE,TRUE,TRUE,TRUE,FALSE,0.06411856628492227,8471214
2016030132,470,power-play,75,-12,FALSE,FALSE,TRUE,TRUE,TRUE,FALSE,0.08524388129893891,8468508
2016030132,471,even-strength,31,23,FALSE,FALSE,TRUE,TRUE,TRUE,FALSE,0.012548327796189864,8471702
2016030132,472,even-strength,76,8,FALSE,FALSE,TRUE,FALSE,FALSE,FALSE,0,8475744
2016030132,474,even-strength,76,1,FALSE,FALSE,TRUE,FALSE,FALSE,FALSE,0,8471476
2016030132,481,even-strength,76,-7,FALSE,FALSE,TRUE,TRUE,TRUE,FALSE,0.045916731316936264,8475792
2016030132,489,even-strength,53,-38,TRUE,FALSE,TRUE,TRUE,FALSE,FALSE,0.02681353433705086,8476880
2016030132,490,even-strength,70,-27,FALSE,FALSE,TRUE,FALSE,FALSE,FALSE,0,8471698
2016030132,491,even-strength,52,15,FALSE,FALSE,TRUE,TRUE,TRUE,FALSE,0.023913713824442066,8468498
2016030132,493,even-strength,75,36,FALSE,FALSE,TRUE,TRUE,TRUE,FALSE,0.019761434179431995,8468508
2016030132,496,even-strength,54,29,FALSE,FALSE,TRUE,FALSE,FALSE,FALSE,0,8475200
2016030132,500,even-strength,63,18,FALSE,FALSE,TRUE,TRUE,TRUE,FALSE,0.03543637795968248,8474189
2016030132,652,even-strength,82,27,FALSE,FALSE,TRUE,TRUE,TRUE,FALSE,0.027848651344705832,8477444
2016030132,654,even-strength,43,29,FALSE,FALSE,TRUE,TRUE,FALSE,FALSE,0.015246590721146026,8475200
2016030132,659,even-strength,34,-33,FALSE,FALSE,TRUE,TRUE,FALSE,FALSE,0.006902628975102603,8474590
2016030132,666,even-strength,48,33,FALSE,FALSE,TRUE,TRUE,TRUE,FALSE,0.014086115032739759,8475744
2016030132,668,even-strength,64,2,FALSE,FALSE,TRUE,TRUE,FALSE,FALSE,0.06099574137184445,8471702
2016030132,669,even-strength,53,30,FALSE,FALSE,TRUE,TRUE,TRUE,FALSE,0.03507188457132695,8475149
2016030132,671,even-strength,68,6,FALSE,FALSE,TRUE,FALSE,FALSE,FALSE,0,8473991
2016030132,674,even-strength,84,20,FALSE,FALSE,TRUE,FALSE,FALSE,FALSE,0,8475149
2016030132,675,even-strength,72,-6,FALSE,FALSE,TRUE,FALSE,FALSE,FALSE,0,8474590
2016030132,676,even-strength,54,-4,FALSE,FALSE,TRUE,TRUE,FALSE,FALSE,0.03535529874846669,8468508
2016030132,677,even-strength,33,4,FALSE,FALSE,TRUE,TRUE,TRUE,FALSE,0.017086600696437887,8474189
2016030132,678,even-strength,49,-9,TRUE,FALSE,TRUE,TRUE,TRUE,FALSE,0.055615426206862294,8471214
2016030132,679,even-strength,46,30,FALSE,FALSE,TRUE,TRUE,FALSE,FALSE,0.013179867861028196,8473563
2016030132,680,even-strength,61,-3,FALSE,FALSE,TRUE,FALSE,FALSE,FALSE,0,8471214
2016030132,681,even-strength,76,6,FALSE,FALSE,TRUE,TRUE,FALSE,FALSE,0.11292205317572969,8473563
2016030132,682,even-strength,84,16,FALSE,FALSE,TRUE,TRUE,TRUE,TRUE,0.05692729660740867,8473563
2016030132,683,even-strength,80,-9,FALSE,FALSE,TRUE,TRUE,FALSE,FALSE,0.08181058955281713,8468508
2016030132,684,even-strength,65,36,FALSE,FALSE,TRUE,TRUE,TRUE,FALSE,0.019015063445270337,8471476
2016030132,694,even-strength,51,-7,FALSE,FALSE,TRUE,TRUE,TRUE,FALSE,0.04646511204063036,8471698
2016030132,852,even-strength,23,29,FALSE,FALSE,TRUE,FALSE,FALSE,FALSE,0,8474590
2016030132,853,even-strength,58,3,FALSE,FALSE,TRUE,TRUE,TRUE,FALSE,0.04465664397678047,8471214
2016030132,854,even-strength,58,-3,FALSE,FALSE,TRUE,TRUE,TRUE,FALSE,0.06264957601483973,8477444
2016030132,855,even-strength,4,-1,FALSE,FALSE,TRUE,TRUE,FALSE,FALSE,0.0029727250282475144,8468498
2016030132,857,even-strength,51,-3,FALSE,FALSE,TRUE,FALSE,FALSE,FALSE,0,8471702
2016030132,858,even-strength,55,-1,FALSE,FALSE,TRUE,TRUE,TRUE,FALSE,0.04296408350596604,8475149
2016030132,871,even-strength,81,-6,FALSE,FALSE,TRUE,FALSE,FALSE,FALSE,0,8475149
2016030132,872,even-strength,72,29,FALSE,FALSE,TRUE,TRUE,FALSE,FALSE,0.03497868289932248,8471476
2016030132,873,even-strength,57,-15,TRUE,FALSE,TRUE,FALSE,FALSE,FALSE,0,8471702
2016030132,876,even-strength,55,5,FALSE,FALSE,TRUE,TRUE,TRUE,FALSE,0.04718306955732386,8473563
2016030132,890,even-strength,55,10,FALSE,FALSE,TRUE,FALSE,FALSE,FALSE,0,8475200
2016030132,891,even-strength,37,-8,FALSE,FALSE,TRUE,TRUE,FALSE,FALSE,0.01981903019826212,8471702
2016030132,896,even-strength,76,-33,FALSE,FALSE,TRUE,TRUE,TRUE,FALSE,0.020149940555175407,8474590
2016030132,897,even-strength,52,27,FALSE,FALSE,TRUE,TRUE,TRUE,FALSE,0.021293733748351536,8471214
2016030132,900,even-strength,31,27,FALSE,FALSE,TRUE,TRUE,FALSE,FALSE,0.009709095725489532,8468498
2016030132,1001,even-strength,75,-2,FALSE,FALSE,TRUE,FALSE,FALSE,FALSE,0,8474031
2016030132,1002,even-strength,39,-24,TRUE,FALSE,TRUE,TRUE,TRUE,FALSE,0.020975371047105836,8474031
2016030132,1004,even-strength,31,22,FALSE,FALSE,TRUE,TRUE,TRUE,FALSE,0.011426635224620426,8475200
2016030132,1007,power-play,52,22,FALSE,FALSE,TRUE,TRUE,TRUE,FALSE,0.31057550892197244,8471214
2016030132,1008,power-play,76,-6,FALSE,FALSE,TRUE,FALSE,FALSE,FALSE,0,8473563
2016030132,1011,power-play,47,6,FALSE,FALSE,TRUE,TRUE,FALSE,FALSE,0.38052215047423404,8474031
2016030132,1012,power-play,77,8,FALSE,FALSE,TRUE,FALSE,FALSE,FALSE,0,8471698
2016030132,1014,power-play,68,3,FALSE,FALSE,TRUE,FALSE,FALSE,FALSE,0,8471702
2016030132,1018,even-strength,57,3,FALSE,FALSE,TRUE,TRUE,TRUE,FALSE,0.04900398286237712,8473563
2016030132,1021,even-strength,70,5,FALSE,FALSE,TRUE,TRUE,FALSE,FALSE,0.0979651890019699,8475792
2016030132,1022,even-strength,56,-3,FALSE,FALSE,TRUE,TRUE,TRUE,FALSE,0.03963603266362019,8474189
2016030132,1023,even-strength,57,-3,FALSE,FALSE,TRUE,TRUE,FALSE,FALSE,0.04061183186348374,8475792
2016030132,1042,even-strength,78,-4,FALSE,FALSE,TRUE,TRUE,TRUE,FALSE,0.11854762435349527,8471214
2016030132,1043,even-strength,80,4,FALSE,FALSE,TRUE,TRUE,TRUE,FALSE,0.1006737327706816,8471214
2016030132,1044,even-strength,79,1,FALSE,TRUE,TRUE,FALSE,FALSE,FALSE,0,8471698
2016030132,1045,even-strength,47,19,FALSE,FALSE,TRUE,FALSE,FALSE,FALSE,0,8471698
2016030132,1203,even-strength,76,2,FALSE,FALSE,TRUE,TRUE,FALSE,FALSE,0.13098659889325934,8475744
2016030132,1209,even-strength,-89,-30,FALSE,FALSE,TRUE,TRUE,TRUE,FALSE,3.271377855882956e-5,8476880
2016030132,1211,even-strength,72,22,FALSE,FALSE,TRUE,FALSE,FALSE,FALSE,0,8473563
2016030132,1212,even-strength,80,-10,FALSE,FALSE,TRUE,FALSE,FALSE,FALSE,0,8471702
2016030132,1214,even-strength,89,-7,FALSE,FALSE,TRUE,TRUE,FALSE,FALSE,0.09334861598521836,8475149
2016030132,1215,even-strength,50,19,FALSE,FALSE,TRUE,TRUE,TRUE,FALSE,0.034169743035338485,8474031
2016030132,1220,even-strength,60,19,FALSE,FALSE,TRUE,TRUE,TRUE,FALSE,0.03897512654772513,8475200
2016030132,1221,even-strength,74,-5,FALSE,FALSE,TRUE,FALSE,FALSE,FALSE,0,8471698
2016030132,1226,even-strength,76,28,FALSE,FALSE,TRUE,TRUE,TRUE,FALSE,0.03302308251737874,8477444
2016030132,1230,even-strength,41,12,FALSE,FALSE,TRUE,TRUE,TRUE,FALSE,0.025972029528240494,8474031
2016030132,1231,even-strength,70,0,TRUE,FALSE,TRUE,FALSE,FALSE,FALSE,0,8475744
2016030132,1232,even-strength,78,-27,FALSE,FALSE,TRUE,TRUE,TRUE,FALSE,0.024668380765765312,8475744
2016030132,1234,even-strength,44,-27,FALSE,FALSE,TRUE,FALSE,FALSE,FALSE,0,8474590
2016030132,1236,even-strength,81,-21,FALSE,FALSE,TRUE,FALSE,FALSE,FALSE,0,8474189
2016030132,1237,even-strength,64,31,FALSE,FALSE,TRUE,TRUE,FALSE,FALSE,0.025850243548563995,8475744
2016030133,11,even-strength,41,-23,FALSE,FALSE,TRUE,TRUE,FALSE,FALSE,0.023756841716388442,8471702
2016030133,14,even-strength,73,6,FALSE,FALSE,TRUE,TRUE,TRUE,TRUE,0.10345659173308047,8473563
2016030133,23,even-strength,69,12,FALSE,FALSE,TRUE,TRUE,TRUE,TRUE,0.06406382857385376,8471214
2016030133,24,even-strength,72,-14,FALSE,FALSE,TRUE,FALSE,FALSE,FALSE,0,8474031
2016030133,34,even-strength,73,9,FALSE,FALSE,TRUE,FALSE,FALSE,FALSE,0,8475200
2016030133,35,even-strength,78,-4,FALSE,FALSE,TRUE,FALSE,FALSE,FALSE,0,8471702
2016030133,36,even-strength,63,38,FALSE,FALSE,TRUE,TRUE,FALSE,FALSE,0.016064229439077454,8477220
2016030133,37,even-strength,74,14,FALSE,FALSE,TRUE,TRUE,TRUE,FALSE,0.04783923029041818,8471698
2016030133,40,even-strength,57,-9,TRUE,FALSE,TRUE,TRUE,TRUE,FALSE,0.08369925811118517,8476880
2016030133,48,even-strength,74,-14,FALSE,FALSE,TRUE,FALSE,FALSE,FALSE,0,8474590
2016030133,206,even-strength,49,17,FALSE,FALSE,TRUE,TRUE,TRUE,FALSE,0.025143525190891323,8475200
2016030133,208,even-strength,65,6,FALSE,FALSE,TRUE,TRUE,FALSE,FALSE,0.0895548225418189,8473563
2016030133,209,even-strength,66,-5,FALSE,FALSE,TRUE,TRUE,TRUE,FALSE,0.08603007759496731,8471702
2016030133,210,even-strength,42,33,FALSE,FALSE,TRUE,TRUE,TRUE,FALSE,0.011437900420776026,8473563
2016030133,211,even-strength,57,27,FALSE,FALSE,TRUE,FALSE,FALSE,FALSE,0,8475200
2016030133,231,even-strength,63,12,FALSE,FALSE,TRUE,FALSE,FALSE,FALSE,0,8471214
2016030133,233,even-strength,78,11,FALSE,FALSE,TRUE,TRUE,TRUE,FALSE,0.0764292354060249,8471214
2016030133,237,even-strength,65,27,FALSE,FALSE,TRUE,TRUE,TRUE,FALSE,0.03371250183051132,8475149
2016030133,238,even-strength,79,14,FALSE,TRUE,TRUE,TRUE,TRUE,TRUE,0.15321026587891928,8475744
2016030133,240,even-strength,73,23,FALSE,FALSE,TRUE,TRUE,TRUE,FALSE,0.03019333129100088,8477444
2016030133,241,even-strength,63,22,FALSE,FALSE,TRUE,TRUE,TRUE,FALSE,0.025943105715201698,8475200
2016030133,245,power-play,62,17,FALSE,FALSE,TRUE,TRUE,FALSE,FALSE,0.13545244050612756,8471214
2016030133,248,power-play,54,3,FALSE,FALSE,TRUE,TRUE,FALSE,FALSE,0.15667409623211984,8474031
2016030133,249,power-play,39,-22,FALSE,FALSE,TRUE,TRUE,FALSE,FALSE,0.08326247988181251,8474031
2016030133,250,power-play,50,16,FALSE,FALSE,TRUE,TRUE,FALSE,FALSE,0.13229727599147273,8474031
2016030133,401,power-play,56,18,FALSE,FALSE,TRUE,TRUE,TRUE,FALSE,0.13736781853884905,8471214
2016030133,404,power-play,80,4,FALSE,FALSE,TRUE,FALSE,FALSE,FALSE,0,8474031
2016030133,405,power-play,48,13,FALSE,FALSE,TRUE,TRUE,TRUE,FALSE,0.12293594561192409,8474031
2016030133,410,power-play,51,18,FALSE,FALSE,TRUE,TRUE,FALSE,FALSE,0.05468579192791589,8474590
2016030133,411,power-play,73,-2,FALSE,FALSE,TRUE,TRUE,TRUE,FALSE,0.13905348429172082,8477444
2016030133,413,power-play,54,21,FALSE,FALSE,TRUE,TRUE,TRUE,FALSE,0.08464178699672907,8471214
2016030133,415,even-strength,61,21,FALSE,FALSE,TRUE,TRUE,TRUE,FALSE,0.025536124111074074,8471476
2016030133,416,even-strength,57,4,FALSE,FALSE,TRUE,TRUE,FALSE,FALSE,0.07820675883407606,8474189
2016030133,417,even-strength,68,8,FALSE,FALSE,TRUE,TRUE,TRUE,FALSE,0.11722814164616173,8477444
2016030133,426,even-strength,55,7,FALSE,FALSE,TRUE,TRUE,FALSE,FALSE,0.052616228903441135,8475200
2016030133,427,even-strength,72,-11,FALSE,FALSE,TRUE,FALSE,FALSE,FALSE,0,8474590
2016030133,431,even-strength,60,18,FALSE,FALSE,TRUE,TRUE,FALSE,FALSE,0.043792327155377994,8473563
2016030133,433,even-strength,68,-10,FALSE,FALSE,TRUE,TRUE,TRUE,FALSE,0.08936808212420454,8474590
2016030133,434,even-strength,69,-4,FALSE,FALSE,TRUE,FALSE,FALSE,FALSE,0,8468508
2016030133,435,even-strength,76,2,TRUE,FALSE,TRUE,TRUE,TRUE,FALSE,0.13953038552223038,8475744
2016030133,437,even-strength,42,21,TRUE,FALSE,TRUE,TRUE,TRUE,FALSE,0.02145391690593969,8468498
2016030133,439,even-strength,72,10,FALSE,FALSE,TRUE,TRUE,TRUE,FALSE,0.04433738922948201,8474189
2016030133,463,even-strength,77,-12,FALSE,FALSE,TRUE,FALSE,FALSE,FALSE,0,8475149
2016030133,464,even-strength,80,25,FALSE,FALSE,TRUE,TRUE,FALSE,FALSE,0.03531237506787721,8474189
2016030133,477,even-strength,47,10,FALSE,FALSE,TRUE,TRUE,TRUE,FALSE,0.024759966411319227,8471214
2016030133,481,even-strength,12,-15,FALSE,FALSE,TRUE,TRUE,TRUE,FALSE,0.005432118587345538,8474590
2016030133,484,even-strength,57,-23,FALSE,FALSE,TRUE,TRUE,FALSE,FALSE,0.040637559004168516,8475149
2016030133,485,even-strength,56,-23,FALSE,FALSE,TRUE,TRUE,TRUE,FALSE,0.02047393257693938,8468508
2016030133,491,even-strength,71,-16,FALSE,FALSE,TRUE,TRUE,FALSE,FALSE,0.052127567507015166,8475744
2016030133,492,even-strength,76,4,FALSE,FALSE,TRUE,FALSE,FALSE,FALSE,0,8468498
2016030133,496,even-strength,41,35,FALSE,FALSE,TRUE,TRUE,FALSE,FALSE,0.029666439099620814,8477220
2016030133,857,penalty-kill,33,-23,FALSE,FALSE,TRUE,TRUE,TRUE,FALSE,0.006921807847874873,8474590
2016030134,7,even-strength,75,-18,FALSE,FALSE,TRUE,FALSE,FALSE,FALSE,0,8468508
2016030134,10,even-strength,77,32,FALSE,FALSE,TRUE,TRUE,FALSE,FALSE,0.019477936784245246,8476880
2016030134,11,even-strength,66,-15,FALSE,FALSE,TRUE,FALSE,FALSE,FALSE,0,8471702
2016030134,12,even-strength,44,20,FALSE,FALSE,TRUE,TRUE,TRUE,FALSE,0.015807818352838062,8471698
2016030134,14,even-strength,47,34,FALSE,FALSE,TRUE,TRUE,TRUE,FALSE,0.012741472513360773,8477220
2016030134,16,even-strength,36,28,FALSE,FALSE,TRUE,TRUE,FALSE,FALSE,0.008630478782301963,8471214
2016030134,17,even-strength,71,-6,FALSE,TRUE,TRUE,TRUE,TRUE,TRUE,0.2038259111296439,8471698
2016030134,18,even-strength,68,-1,FALSE,FALSE,TRUE,TRUE,FALSE,FALSE,0.07604878474952662,8475744
2016030134,19,even-strength,75,23,FALSE,FALSE,TRUE,FALSE,FALSE,FALSE,0,8475149
2016030134,20,even-strength,67,-19,TRUE,FALSE,TRUE,TRUE,TRUE,FALSE,0.08195693446096836,8476880
2016030134,22,even-strength,35,-22,FALSE,FALSE,TRUE,TRUE,TRUE,FALSE,0.012430358121554541,8474590
2016030134,23,even-strength,44,-21,FALSE,FALSE,TRUE,TRUE,TRUE,FALSE,0.018841730932243384,8474590
2016030134,25,power-play,39,-21,TRUE,FALSE,TRUE,TRUE,TRUE,FALSE,0.06811443122431636,8474031
2016030134,26,power-play,70,0,FALSE,FALSE,TRUE,FALSE,FALSE,FALSE,0,8471698
2016030134,28,power-play,36,-1,FALSE,FALSE,TRUE,TRUE,TRUE,FALSE,0.03803279192731301,8474031
2016030134,29,power-play,66,22,TRUE,FALSE,TRUE,TRUE,TRUE,TRUE,0.12442086735873005,8471214
2016030134,36,even-strength,67,2,FALSE,FALSE,TRUE,FALSE,FALSE,FALSE,0,8474291
2016030134,39,even-strength,37,-25,FALSE,FALSE,TRUE,TRUE,TRUE,FALSE,0.013515140743258172,8474590
2016030134,42,even-strength,52,17,FALSE,FALSE,TRUE,FALSE,FALSE,FALSE,0,8474189
2016030134,43,even-strength,41,33,FALSE,FALSE,TRUE,TRUE,FALSE,FALSE,0.009960146493290035,8468498
2016030134,48,even-strength,69,-1,FALSE,FALSE,TRUE,TRUE,FALSE,FALSE,0.07386596160743414,8471698
2016030134,49,even-strength,38,-23,FALSE,FALSE,TRUE,TRUE,TRUE,FALSE,0.014121165924174596,8474590
2016030134,201,even-strength,46,-22,FALSE,FALSE,TRUE,TRUE,TRUE,FALSE,0.034615086646166804,8471702
2016030134,202,even-strength,63,23,FALSE,FALSE,TRUE,FALSE,FALSE,FALSE,0,8468498
2016030134,204,even-strength,74,29,FALSE,FALSE,TRUE,TRUE,TRUE,TRUE,0.038526872160445404,8476880
2016030134,206,even-strength,74,-3,TRUE,FALSE,TRUE,FALSE,FALSE,FALSE,0,8471698
2016030134,207,even-strength,61,13,FALSE,FALSE,TRUE,TRUE,TRUE,FALSE,0.03556679870552956,8471214
2016030134,208,even-strength,71,3,FALSE,FALSE,TRUE,FALSE,FALSE,FALSE,0,8471702
2016030134,209,even-strength,75,-10,FALSE,FALSE,TRUE,TRUE,TRUE,TRUE,0.07270749694487763,8476880
2016030134,220,even-strength,76,-26,FALSE,FALSE,TRUE,TRUE,FALSE,FALSE,0.027649267466020037,8475149
2016030134,230,even-strength,55,-20,FALSE,FALSE,TRUE,TRUE,FALSE,FALSE,0.037574266596428686,8468508
2016030134,231,even-strength,33,-1,FALSE,FALSE,TRUE,TRUE,TRUE,FALSE,0.020418185281157387,8475200
2016030134,234,even-strength,70,-7,FALSE,FALSE,TRUE,TRUE,TRUE,FALSE,0.06092221264311096,8471214
2016030134,235,even-strength,57,2,TRUE,FALSE,TRUE,TRUE,TRUE,FALSE,0.07796909753939488,8473563
2016030134,236,even-strength,56,-12,TRUE,FALSE,TRUE,TRUE,TRUE,FALSE,0.07910877375146604,8474031
2016030134,238,even-strength,55,23,FALSE,FALSE,TRUE,TRUE,TRUE,FALSE,0.04822155703799002,8468508
2016030134,244,even-strength,74,22,TRUE,FALSE,TRUE,TRUE,FALSE,FALSE,0.08562092058666763,8475149
2016030134,245,even-strength,63,-18,FALSE,FALSE,TRUE,FALSE,FALSE,FALSE,0,8475744
2016030134,246,even-strength,67,7,FALSE,FALSE,TRUE,FALSE,FALSE,FALSE,0,8471698
2016030134,247,even-strength,79,8,FALSE,FALSE,TRUE,FALSE,FALSE,FALSE,0,8471214
2016030134,248,even-strength,56,-5,FALSE,FALSE,TRUE,TRUE,TRUE,FALSE,0.06495079638356895,8474189
2016030134,249,even-strength,72,-9,FALSE,FALSE,TRUE,FALSE,FALSE,FALSE,0,8475149
2016030134,453,even-strength,38,25,FALSE,FALSE,TRUE,TRUE,TRUE,FALSE,0.011954943191521579,8477220
2016030134,456,even-strength,54,15,FALSE,FALSE,TRUE,TRUE,FALSE,FALSE,0.02913982680450796,8475744
2016030134,457,even-strength,66,15,FALSE,FALSE,TRUE,TRUE,TRUE,FALSE,0.05487211306231547,8477444
2016030134,461,even-strength,73,-8,FALSE,FALSE,TRUE,TRUE,FALSE,FALSE,0.07234142467563612,8476880
2016030134,464,even-strength,73,12,FALSE,FALSE,TRUE,FALSE,FALSE,FALSE,0,8474031
2016030134,466,even-strength,36,-29,FALSE,FALSE,TRUE,TRUE,TRUE,FALSE,0.012616676087635545,8474590
2016030134,491,even-strength,64,-35,FALSE,FALSE,TRUE,TRUE,FALSE,FALSE,0.029970609350862785,8468498
2016030134,502,even-strength,55,34,FALSE,FALSE,TRUE,TRUE,TRUE,FALSE,0.022955691069953595,8468508
2016030134,503,even-strength,72,1,FALSE,FALSE,TRUE,TRUE,FALSE,FALSE,0.11409406816809524,8468508
2016030134,516,even-strength,72,-13,FALSE,FALSE,TRUE,FALSE,FALSE,FALSE,0,8475149
2016030134,525,even-strength,76,-10,FALSE,FALSE,TRUE,TRUE,TRUE,TRUE,0.07724202308091188,8471698
2016030134,526,even-strength,75,-11,FALSE,FALSE,TRUE,FALSE,FALSE,FALSE,0,8471702
2016030134,529,even-strength,79,-8,FALSE,FALSE,TRUE,TRUE,TRUE,FALSE,0.060017921924161576,8473563
2016030134,531,even-strength,76,-6,FALSE,FALSE,TRUE,FALSE,FALSE,FALSE,0,8475744
2016030135,8,even-strength,46,6,FALSE,FALSE,TRUE,FALSE,FALSE,FALSE,0,8474590
2016030135,14,even-strength,70,-22,FALSE,FALSE,TRUE,TRUE,TRUE,FALSE,0.029897719977640146,8475744
2016030135,15,even-strength,68,1,FALSE,TRUE,TRUE,TRUE,FALSE,FALSE,0.2547063755857003,8475149
2016030135,16,even-strength,76,-8,FALSE,FALSE,TRUE,FALSE,FALSE,FALSE,0,8475200
2016030135,20,even-strength,52,-30,FALSE,FALSE,TRUE,TRUE,TRUE,FALSE,0.019548859016871808,8471476
2016030135,22,even-strength,66,-29,FALSE,FALSE,TRUE,FALSE,FALSE,FALSE,0,8471702
2016030135,31,even-strength,32,-5,FALSE,FALSE,TRUE,TRUE,TRUE,FALSE,0.012822648554930647,8474031
2016030135,33,even-strength,62,12,TRUE,FALSE,TRUE,FALSE,FALSE,FALSE,0,8475200
2016030135,35,even-strength,32,-29,TRUE,FALSE,TRUE,TRUE,TRUE,FALSE,0.017421427210212448,8471702
2016030135,39,even-strength,37,32,FALSE,FALSE,TRUE,TRUE,TRUE,FALSE,0.012462293237637131,8477220
2016030135,41,even-strength,50,-29,FALSE,FALSE,TRUE,TRUE,TRUE,FALSE,0.013528781210498997,8471702
2016030135,45,power-play,53,18,FALSE,FALSE,TRUE,TRUE,FALSE,FALSE,0.05379455254342036,8471214
2016030135,46,power-play,66,-20,FALSE,FALSE,TRUE,TRUE,TRUE,FALSE,0.05811214865446384,8475744
2016030135,47,power-play,54,22,FALSE,FALSE,TRUE,TRUE,TRUE,FALSE,0.06204915490063573,8471214
2016030135,48,power-play,83,-24,FALSE,FALSE,TRUE,TRUE,TRUE,FALSE,0.04581686821262089,8475744
2016030135,49,even-strength,87,-6,FALSE,TRUE,TRUE,TRUE,TRUE,FALSE,0.1658922002530646,8475744
2016030135,202,power-play,42,-27,FALSE,FALSE,TRUE,TRUE,FALSE,FALSE,0.025650701604714853,8473563
2016030135,203,power-play,78,5,FALSE,TRUE,TRUE,TRUE,TRUE,TRUE,0.3190098601855038,8471698
2016030135,204,even-strength,67,-5,FALSE,FALSE,TRUE,FALSE,FALSE,FALSE,0,8475149
2016030135,217,even-strength,74,-2,FALSE,FALSE,TRUE,TRUE,FALSE,FALSE,0.09540758272792242,8471214
2016030135,218,even-strength,57,-8,FALSE,FALSE,TRUE,FALSE,FALSE,FALSE,0,8474590
2016030135,227,even-strength,35,13,FALSE,FALSE,TRUE,TRUE,TRUE,FALSE,0.0687578379080644,8475744
2016030135,228,even-strength,63,-27,FALSE,FALSE,TRUE,TRUE,FALSE,FALSE,0.07503839725276885,8474590
2016030135,229,even-strength,57,11,TRUE,FALSE,TRUE,FALSE,FALSE,FALSE,0,8477220
2016030135,231,even-strength,78,0,FALSE,FALSE,TRUE,TRUE,TRUE,FALSE,0.13582134489913003,8471214
2016030135,242,even-strength,69,7,FALSE,FALSE,TRUE,TRUE,FALSE,FALSE,0.046212837833395526,8477444
2016030135,245,even-strength,77,-5,FALSE,FALSE,TRUE,TRUE,TRUE,FALSE,0.07811425385881579,8476880
2016030135,455,even-strength,52,-27,FALSE,FALSE,TRUE,TRUE,TRUE,FALSE,0.019074867638315954,8475200
2016030135,456,even-strength,54,16,TRUE,FALSE,TRUE,FALSE,FALSE,FALSE,0,8475200
2016030135,486,power-play,46,21,TRUE,FALSE,TRUE,TRUE,TRUE,FALSE,0.08038012310250076,8471214
2016030135,488,power-play,33,-5,FALSE,FALSE,TRUE,TRUE,FALSE,FALSE,0.03550029214923654,8474590
2016030135,489,even-strength,78,12,FALSE,FALSE,TRUE,FALSE,FALSE,FALSE,0,8475744
2016030135,490,even-strength,70,4,FALSE,FALSE,TRUE,FALSE,FALSE,FALSE,0,8468508
2016030135,492,even-strength,72,10,FALSE,FALSE,TRUE,TRUE,FALSE,FALSE,0.05750786192945136,8475200
2016030135,493,even-strength,85,17,FALSE,FALSE,TRUE,FALSE,FALSE,FALSE,0,8471476
2016030135,494,even-strength,47,-16,FALSE,FALSE,TRUE,TRUE,FALSE,FALSE,0.025592952910748635,8474590
2016030135,495,even-strength,35,4,FALSE,FALSE,TRUE,TRUE,FALSE,FALSE,0.015449750109014953,8474189
2016030135,707,even-strength,62,1,FALSE,FALSE,TRUE,FALSE,FALSE,FALSE,0,8475149
2016030135,711,even-strength,54,1,TRUE,FALSE,TRUE,TRUE,TRUE,FALSE,0.07247515749576061,8468508
2016030135,712,even-strength,34,-26,TRUE,FALSE,TRUE,TRUE,TRUE,FALSE,0.024833143701301758,8474590
2016030135,713,even-strength,75,-3,FALSE,FALSE,TRUE,FALSE,FALSE,FALSE,0,8468508
2016030135,714,even-strength,72,0,FALSE,FALSE,TRUE,TRUE,FALSE,FALSE,0.07594173183294024,8468508
2016030135,715,even-strength,66,-32,FALSE,FALSE,TRUE,FALSE,FALSE,FALSE,0,8471702
2016030135,717,even-strength,62,-15,FALSE,FALSE,TRUE,TRUE,FALSE,FALSE,0.04209915010193627,8471476
2016030135,718,even-strength,38,32,FALSE,FALSE,TRUE,TRUE,TRUE,FALSE,0.009528685567412796,8468498
2016030135,721,even-strength,78,5,TRUE,FALSE,TRUE,TRUE,FALSE,FALSE,0.1210225075448597,8477220
2016030135,722,even-strength,46,-9,FALSE,FALSE,TRUE,FALSE,FALSE,FALSE,0,8474590
2016030135,726,even-strength,47,22,FALSE,FALSE,TRUE,TRUE,TRUE,FALSE,0.03334419150032382,8468498
2016030135,728,even-strength,80,-7,TRUE,FALSE,TRUE,TRUE,TRUE,FALSE,0.12880524435148766,8471698
2016030135,730,even-strength,46,-28,FALSE,FALSE,TRUE,TRUE,TRUE,FALSE,0.012230012225198634,8474590
2016030135,731,even-strength,84,-9,FALSE,TRUE,TRUE,TRUE,TRUE,FALSE,0.14598013415655092,8473563
2016030135,735,even-strength,58,-18,FALSE,FALSE,TRUE,TRUE,TRUE,FALSE,0.03240783676601089,8471698
2016030135,742,even-strength,53,-11,FALSE,FALSE,TRUE,TRUE,TRUE,FALSE,0.0481582535351607,8477444
2016030135,743,even-strength,55,-20,FALSE,FALSE,TRUE,FALSE,FALSE,FALSE,0,8474590
2016030135,745,even-strength,40,-34,FALSE,FALSE,TRUE,TRUE,FALSE,FALSE,0.006071342584786276,8471702
2016030135,747,even-strength,65,-8,FALSE,FALSE,TRUE,TRUE,TRUE,FALSE,0.06515970331400332,8475744
2016030135,760,even-strength,59,36,FALSE,FALSE,TRUE,TRUE,TRUE,FALSE,0.01357198518218856,8473563
2016030135,764,even-strength,63,1,FALSE,FALSE,TRUE,TRUE,TRUE,TRUE,0.10119536373840779,8468508
2016030136,9,even-strength,78,11,TRUE,FALSE,TRUE,TRUE,FALSE,FALSE,0.08462586728905455,8468508
2016030136,13,even-strength,41,35,TRUE,FALSE,TRUE,TRUE,TRUE,FALSE,0.013304724676734063,8468498
2016030136,14,even-strength,72,-2,FALSE,FALSE,TRUE,FALSE,FALSE,FALSE,0,8474189
2016030136,25,even-strength,17,-16,FALSE,FALSE,TRUE,TRUE,TRUE,FALSE,0.007334111819648848,8474590
2016030136,27,even-strength,37,3,FALSE,FALSE,TRUE,TRUE,TRUE,FALSE,0.03485046111808507,8471698
2016030136,30,even-strength,33,9,FALSE,FALSE,TRUE,TRUE,FALSE,FALSE,0.01827602201654166,8475200
2016030136,35,even-strength,77,-9,TRUE,FALSE,TRUE,FALSE,FALSE,FALSE,0,8473563
2016030136,38,even-strength,3,39,FALSE,FALSE,TRUE,TRUE,TRUE,FALSE,0.002811848900264512,8471214
2016030136,41,even-strength,44,32,FALSE,FALSE,TRUE,TRUE,TRUE,FALSE,0.01642459271653257,8475744
2016030136,43,even-strength,43,-8,FALSE,FALSE,TRUE,FALSE,FALSE,FALSE,0,8471702
2016030136,44,even-strength,40,38,FALSE,FALSE,TRUE,TRUE,TRUE,FALSE,0.011626648500558863,8471214
2016030136,45,even-strength,46,10,FALSE,FALSE,TRUE,FALSE,FALSE,FALSE,0,8473563
2016030136,201,even-strength,39,15,FALSE,FALSE,TRUE,FALSE,FALSE,FALSE,0,8475200
2016030136,202,even-strength,45,-21,FALSE,FALSE,TRUE,TRUE,TRUE,FALSE,0.026383904552567117,8477220
2016030136,205,power-play,72,24,FALSE,FALSE,TRUE,TRUE,FALSE,FALSE,0.05017229723159951,8474590
2016030136,210,even-strength,77,-1,FALSE,FALSE,TRUE,TRUE,TRUE,FALSE,0.11638165323808371,8475792
2016030136,211,even-strength,47,36,FALSE,FALSE,TRUE,TRUE,TRUE,FALSE,0.0113889840636537,8471214
2016030136,221,even-strength,47,29,FALSE,FALSE,TRUE,TRUE,TRUE,FALSE,0.013821710523966314,8471214
2016030136,236,even-strength,84,-29,FALSE,FALSE,TRUE,TRUE,TRUE,FALSE,0.02473253932880199,8468508
2016030136,237,even-strength,77,1,TRUE,FALSE,TRUE,TRUE,TRUE,FALSE,0.23749943803694767,8475744
2016030136,242,even-strength,75,-5,FALSE,FALSE,TRUE,TRUE,TRUE,FALSE,0.16199100842918218,8477444
2016030136,243,even-strength,61,31,FALSE,FALSE,TRUE,TRUE,FALSE,FALSE,0.018821252791249875,8477444
2016030136,245,even-strength,73,15,FALSE,FALSE,TRUE,FALSE,FALSE,FALSE,0,8474590
2016030136,246,even-strength,64,31,FALSE,FALSE,TRUE,TRUE,FALSE,FALSE,0.01641546244890053,8477220
2016030136,248,even-strength,34,-20,FALSE,FALSE,TRUE,TRUE,TRUE,FALSE,0.019724661379064597,8474031
2016030136,404,even-strength,40,3,FALSE,FALSE,TRUE,TRUE,TRUE,FALSE,0.028299386013384373,8475744
2016030136,406,even-strength,69,3,FALSE,FALSE,TRUE,FALSE,FALSE,FALSE,0,8477444
2016030136,408,even-strength,51,15,FALSE,FALSE,TRUE,TRUE,FALSE,FALSE,0.02142444549265704,8471214
2016030136,411,even-strength,68,-1,FALSE,FALSE,TRUE,TRUE,FALSE,FALSE,0.07287218224932994,8475744
2016030136,412,even-strength,34,-38,FALSE,FALSE,TRUE,TRUE,FALSE,FALSE,0.004493680432418061,8474590
2016030136,415,even-strength,51,8,FALSE,FALSE,TRUE,TRUE,TRUE,FALSE,0.028735222906601812,8471214
2016030136,421,even-strength,70,-6,FALSE,FALSE,TRUE,TRUE,TRUE,FALSE,0.09707548892563217,8468508
2016030136,423,even-strength,49,2,FALSE,FALSE,TRUE,TRUE,TRUE,FALSE,0.034305242080563056,8471698
2016030136,426,even-strength,77,7,FALSE,FALSE,TRUE,FALSE,FALSE,FALSE,0,8468498
2016030136,428,even-strength,74,-5,TRUE,FALSE,TRUE,TRUE,TRUE,FALSE,0.13041457148293797,8475744
2016030136,431,even-strength,58,4,FALSE,FALSE,TRUE,TRUE,TRUE,FALSE,0.07272464767379669,8477444
2016030136,434,even-strength,59,-32,FALSE,FALSE,TRUE,TRUE,FALSE,FALSE,0.014273104862396408,8471214
2016030136,440,even-strength,43,0,FALSE,FALSE,TRUE,TRUE,TRUE,FALSE,0.02320435392428309,8477220
2016030136,448,even-strength,46,-2,FALSE,FALSE,TRUE,TRUE,TRUE,FALSE,0.027873704267152653,8471698
2016030136,602,even-strength,76,3,FALSE,FALSE,TRUE,TRUE,TRUE,FALSE,0.11175567891176481,8468508
2016030136,605,even-strength,36,21,FALSE,FALSE,TRUE,FALSE,FALSE,FALSE,0,8475200
2016030136,606,even-strength,45,-12,FALSE,FALSE,TRUE,TRUE,TRUE,FALSE,0.025584100449367396,8477444
2016030136,610,even-strength,63,-3,FALSE,FALSE,TRUE,FALSE,FALSE,FALSE,0,8474590
2016030136,612,even-strength,56,24,FALSE,FALSE,TRUE,TRUE,TRUE,FALSE,0.02168469962609064,8471214
2016030136,616,even-strength,71,14,FALSE,FALSE,TRUE,FALSE,FALSE,FALSE,0,8471698
2016030136,617,even-strength,72,-1,FALSE,FALSE,TRUE,FALSE,FALSE,FALSE,0,8475200
2016030136,618,even-strength,32,24,FALSE,FALSE,TRUE,TRUE,TRUE,FALSE,0.008706071322295615,8471214
2016030136,619,even-strength,74,-9,FALSE,FALSE,TRUE,TRUE,TRUE,FALSE,0.07088977000566407,8471698
2016030136,621,even-strength,76,-6,FALSE,FALSE,TRUE,FALSE,FALSE,FALSE,0,8471214
2016030136,622,even-strength,67,10,FALSE,FALSE,TRUE,FALSE,FALSE,FALSE,0,8477444
2016030136,624,even-strength,81,11,FALSE,FALSE,TRUE,TRUE,TRUE,TRUE,0.09155909162133144,8475149
2016030136,634,even-strength,37,-25,FALSE,FALSE,TRUE,TRUE,FALSE,FALSE,0.015097806765249123,8474590
2016030136,635,even-strength,66,1,FALSE,FALSE,TRUE,FALSE,FALSE,FALSE,0,8475200
2016030136,636,even-strength,54,12,FALSE,FALSE,TRUE,FALSE,FALSE,FALSE,0,8475149
2016030136,637,even-strength,75,-13,FALSE,FALSE,TRUE,TRUE,TRUE,FALSE,0.04030577037104077,8474189
2016030136,642,even-strength,46,-26,FALSE,FALSE,TRUE,TRUE,TRUE,FALSE,0.0219806835792308,8474031
2016030136,643,even-strength,58,-34,FALSE,FALSE,TRUE,TRUE,TRUE,FALSE,0.015604066312612219,8468508
2016030136,648,even-strength,68,7,TRUE,FALSE,TRUE,TRUE,FALSE,FALSE,0.08451708454346991,8474189
2016030136,650,even-strength,40,-29,FALSE,FALSE,TRUE,TRUE,FALSE,FALSE,0.008879359902793304,8474590
2016030136,903,even-strength,73,-8,FALSE,FALSE,TRUE,FALSE,FALSE,FALSE,0,8471702
2016030136,912,even-strength,47,25,FALSE,FALSE,TRUE,TRUE,FALSE,FALSE,0.03451214569805791,8477220
2016030136,914,even-strength,61,1,FALSE,FALSE,TRUE,FALSE,FALSE,FALSE,0,8471214
2016030136,920,even-strength,76,8,FALSE,FALSE,TRUE,FALSE,FALSE,FALSE,0,8473563
2016030136,921,even-strength,52,7,TRUE,FALSE,TRUE,TRUE,TRUE,FALSE,0.08797025032109586,8471698
2016030136,922,even-strength,68,13,FALSE,FALSE,TRUE,TRUE,FALSE,FALSE,0.05629098015723101,8471214
2016030136,923,even-strength,38,21,FALSE,FALSE,TRUE,TRUE,TRUE,FALSE,0.013884794549383886,8474590
2016030136,924,even-strength,73,12,FALSE,FALSE,TRUE,FALSE,FALSE,FALSE,0,8471702
2016030136,925,even-strength,80,-13,FALSE,FALSE,TRUE,TRUE,TRUE,FALSE,0.05751233687587871,8475200
2016030136,927,even-strength,66,-16,FALSE,FALSE,TRUE,TRUE,TRUE,FALSE,0.07946269618093021,8474590
2016030136,929,even-strength,75,0,FALSE,FALSE,TRUE,TRUE,TRUE,TRUE,0.1311673037445228,8475149
