gameId,eventId,strengthState,xCoordNorm,yCoordNorm,isRush,isRebound,isCorsi,isFenwick,isShot,isGoal,xG,shooterPlayerId
2022020185,56,even-strength,83,6,FALSE,FALSE,TRUE,TRUE,TRUE,TRUE,0.10612079348509587,8477476
2022020185,58,even-strength,31,-39,FALSE,FALSE,TRUE,TRUE,FALSE,FALSE,0.005826977337210572,8476312
2022020185,62,even-strength,49,-30,FALSE,FALSE,TRUE,FALSE,FALSE,FALSE,0,8480069
2022020185,63,even-strength,54,-21,FALSE,FALSE,TRUE,TRUE,FALSE,FALSE,0.024105597905778365,8478542
2022020185,64,even-strength,81,2,FALSE,FALSE,TRUE,TRUE,TRUE,FALSE,0.10853684231462496,8477476
2022020185,69,even-strength,83,-6,FALSE,TRUE,TRUE,FALSE,FALSE,FALSE,0,8476312
2022020185,71,power-play,68,18,FALSE,FALSE,TRUE,TRUE,FALSE,FALSE,0.09494195479964114,8477492
2022020185,72,power-play,78,-10,FALSE,FALSE,TRUE,TRUE,TRUE,FALSE,0.14622467701309932,8478542
2022020185,76,even-strength,49,-20,FALSE,FALSE,TRUE,TRUE,TRUE,FALSE,0.021449747102156826,8479573
2022020185,77,even-strength,82,-2,FALSE,FALSE,TRUE,TRUE,TRUE,FALSE,0.16696534872231447,8481186
2022020185,82,even-strength,58,-7,FALSE,FALSE,TRUE,TRUE,TRUE,FALSE,0.05429650315288369,8480822
2022020185,83,even-strength,82,5,FALSE,FALSE,TRUE,FALSE,FALSE,FALSE,0,8473446
2022020185,84,even-strength,77,7,FALSE,FALSE,TRUE,TRUE,FALSE,FALSE,0.07011253630238243,8479439
2022020185,94,even-strength,60,25,FALSE,FALSE,TRUE,TRUE,TRUE,FALSE,0.03432872750373597,8477492
2022020185,95,even-strength,82,-7,FALSE,FALSE,TRUE,FALSE,FALSE,FALSE,0,8477492
2022020185,99,even-strength,48,2,FALSE,FALSE,TRUE,FALSE,FALSE,FALSE,0,8477492
2022020185,100,even-strength,80,-1,FALSE,FALSE,TRUE,TRUE,TRUE,FALSE,0.09999685498143446,8478420
2022020185,201,even-strength,69,2,FALSE,TRUE,TRUE,TRUE,TRUE,FALSE,0.25611826683764854,8478420
2022020185,203,even-strength,38,-33,FALSE,FALSE,TRUE,TRUE,FALSE,FALSE,0.01354254475405278,8480069
2022020185,206,even-strength,76,-6,FALSE,FALSE,TRUE,TRUE,TRUE,FALSE,0.11171646069664413,8477073
2022020185,208,even-strength,68,-1,FALSE,FALSE,TRUE,FALSE,FALSE,FALSE,0,8481618
2022020185,210,even-strength,71,27,FALSE,FALSE,TRUE,TRUE,TRUE,FALSE,0.02573426063907475,8478211
2022020185,212,even-strength,34,-36,FALSE,FALSE,TRUE,TRUE,TRUE,FALSE,0.006592480453465886,8473446
2022020185,219,even-strength,56,-1,FALSE,FALSE,TRUE,FALSE,FALSE,FALSE,0,8477476
2022020185,221,even-strength,33,-29,FALSE,FALSE,TRUE,TRUE,TRUE,FALSE,0.011392230995034272,8476312
2022020185,222,even-strength,48,40,FALSE,FALSE,TRUE,TRUE,TRUE,FALSE,0.00872175787659451,8479398
2022020185,225,even-strength,74,-4,TRUE,FALSE,TRUE,FALSE,FALSE,FALSE,0,8480069
2022020185,226,even-strength,83,18,TRUE,TRUE,TRUE,TRUE,TRUE,TRUE,0.16756355076396853,8480822
2022020185,228,even-strength,60,-14,FALSE,FALSE,TRUE,TRUE,FALSE,FALSE,0.042474509640148594,8480822
2022020185,230,even-strength,79,2,FALSE,FALSE,TRUE,FALSE,FALSE,FALSE,0,8479439
2022020185,231,even-strength,72,9,FALSE,FALSE,TRUE,TRUE,TRUE,TRUE,0.04158087959977192,8481186
2022020185,233,even-strength,67,10,FALSE,FALSE,TRUE,TRUE,TRUE,TRUE,0.06487441168718354,8478038
2022020185,237,even-strength,59,12,FALSE,FALSE,TRUE,FALSE,FALSE,FALSE,0,8479398
2022020185,238,even-strength,57,26,FALSE,FALSE,TRUE,TRUE,FALSE,FALSE,0.016827199341668018,8478542
2022020185,241,even-strength,58,9,FALSE,FALSE,TRUE,FALSE,FALSE,FALSE,0,8477476
2022020185,242,even-strength,43,23,FALSE,FALSE,TRUE,TRUE,TRUE,FALSE,0.0148617494175441,8480069
2022020185,243,even-strength,73,3,FALSE,FALSE,TRUE,TRUE,TRUE,FALSE,0.09246123949625497,8480069
2022020185,245,even-strength,66,9,FALSE,TRUE,TRUE,TRUE,FALSE,FALSE,0.15639587888786935,8477476
2022020185,246,even-strength,71,-20,FALSE,FALSE,TRUE,TRUE,TRUE,FALSE,0.05181475669338357,8478420
2022020185,248,even-strength,9,41,FALSE,FALSE,TRUE,TRUE,TRUE,FALSE,0.00429067825520922,8478038
2022020185,250,even-strength,78,-2,FALSE,FALSE,TRUE,TRUE,FALSE,FALSE,0.13139660241189202,8478542
2022020185,401,even-strength,54,21,FALSE,FALSE,TRUE,TRUE,TRUE,FALSE,0.04386095281641052,8479573
2022020185,404,even-strength,77,7,FALSE,FALSE,TRUE,FALSE,FALSE,FALSE,0,8478038
2022020185,407,even-strength,64,-16,TRUE,FALSE,TRUE,TRUE,TRUE,FALSE,0.09746893452877355,8477492
2022020185,410,even-strength,34,36,FALSE,FALSE,TRUE,TRUE,TRUE,FALSE,0.012189882987877562,8477476
2022020185,411,even-strength,7,-36,FALSE,FALSE,TRUE,TRUE,TRUE,FALSE,0.0023076945247391353,8479439
2022020185,413,even-strength,73,1,FALSE,FALSE,TRUE,TRUE,TRUE,FALSE,0.10730339590438004,8478542
2022020185,414,even-strength,87,13,FALSE,TRUE,TRUE,TRUE,TRUE,FALSE,0.10719214240483148,8481618
2022020185,416,even-strength,31,30,FALSE,FALSE,TRUE,TRUE,FALSE,FALSE,0.008953959785773168,8477492
2022020185,417,even-strength,37,-20,FALSE,FALSE,TRUE,TRUE,TRUE,FALSE,0.017379583366454204,8477492
2022020185,418,even-strength,77,-1,FALSE,TRUE,TRUE,TRUE,TRUE,FALSE,0.2792924112626695,8477476
2022020185,420,even-strength,42,12,FALSE,FALSE,TRUE,FALSE,FALSE,FALSE,0,8480069
2022020185,432,even-strength,32,-12,FALSE,FALSE,TRUE,TRUE,TRUE,FALSE,0.02087945715731894,8476312
2022020185,434,even-strength,65,-5,FALSE,FALSE,TRUE,FALSE,FALSE,FALSE,0,8471699
2022020185,435,even-strength,72,7,FALSE,FALSE,TRUE,TRUE,TRUE,FALSE,0.07073773146653362,8480822
2022020185,436,even-strength,66,19,FALSE,FALSE,TRUE,TRUE,TRUE,TRUE,0.040930874435069486,8481618
2022020185,439,even-strength,33,-25,FALSE,FALSE,TRUE,TRUE,TRUE,FALSE,0.01453424320386123,8480069
2022020185,441,even-strength,21,32,FALSE,FALSE,TRUE,TRUE,TRUE,FALSE,0.005204286779990176,8478420
2022020185,444,even-strength,56,-12,FALSE,FALSE,TRUE,TRUE,TRUE,FALSE,0.05012414960216046,8476312
2022020185,446,even-strength,69,18,FALSE,FALSE,TRUE,TRUE,TRUE,FALSE,0.06429269825306187,8479573
2022020185,447,even-strength,40,33,FALSE,FALSE,TRUE,TRUE,TRUE,FALSE,0.012364302164654123,8476312
2022020185,448,even-strength,69,20,FALSE,FALSE,TRUE,TRUE,TRUE,FALSE,0.042761498703732324,8480069
2022020185,604,even-strength,38,6,FALSE,FALSE,TRUE,FALSE,FALSE,FALSE,0,8481186
2022020185,605,even-strength,43,-31,FALSE,FALSE,TRUE,FALSE,FALSE,FALSE,0,8480822
2022020185,606,even-strength,48,-1,FALSE,FALSE,TRUE,TRUE,TRUE,FALSE,0.06980682871817692,8478038
2022020185,608,even-strength,56,-22,FALSE,FALSE,TRUE,FALSE,FALSE,FALSE,0,8480069
2022020185,609,even-strength,72,4,FALSE,FALSE,TRUE,TRUE,FALSE,FALSE,0.07823900856682177,8471699
2022020185,611,even-strength,82,-14,FALSE,FALSE,TRUE,FALSE,FALSE,FALSE,0,8481186
2022020185,619,even-strength,27,1,FALSE,FALSE,TRUE,TRUE,TRUE,FALSE,0.02154676890183566,8478211
2022020185,621,even-strength,41,37,FALSE,FALSE,TRUE,TRUE,TRUE,FALSE,0.012242530779984643,8477492
2022020185,630,even-strength,78,-4,FALSE,FALSE,TRUE,TRUE,TRUE,FALSE,0.10178622743196561,8481618
2022020185,632,even-strength,38,31,FALSE,FALSE,TRUE,TRUE,TRUE,FALSE,0.012531595534599215,8477073
2022020185,633,even-strength,78,34,FALSE,FALSE,TRUE,TRUE,TRUE,FALSE,0.019576293054369982,8477073
2022020185,650,even-strength,55,36,FALSE,FALSE,TRUE,TRUE,TRUE,FALSE,0.017039017920393307,8473446
2022020185,752,even-strength,59,13,FALSE,FALSE,TRUE,FALSE,FALSE,FALSE,0,8477073
2022020185,753,even-strength,59,6,FALSE,FALSE,TRUE,FALSE,FALSE,FALSE,0,8478038
2022020214,208,even-strength,64,0,FALSE,FALSE,TRUE,TRUE,TRUE,FALSE,0.0745005530407415,8478500
2022020214,210,even-strength,40,-2,FALSE,FALSE,TRUE,TRUE,TRUE,FALSE,0.03418251447208173,8480797
2022020214,214,even-strength,68,-24,FALSE,FALSE,TRUE,TRUE,TRUE,FALSE,0.04135696147317136,8478500
2022020214,216,even-strength,64,0,FALSE,FALSE,TRUE,FALSE,FALSE,FALSE,0,8476872
2022020214,217,even-strength,59,-24,FALSE,FALSE,TRUE,FALSE,FALSE,FALSE,0,8479550
2022020214,222,even-strength,86,-1,FALSE,FALSE,TRUE,TRUE,TRUE,FALSE,0.10006175467873989,8479772
2022020214,225,even-strength,40,-34,FALSE,FALSE,TRUE,TRUE,TRUE,FALSE,0.011332541480361192,8474027
2022020214,226,even-strength,72,-1,FALSE,FALSE,TRUE,TRUE,FALSE,FALSE,0.06701100652646279,8480028
2022020214,227,even-strength,50,32,FALSE,FALSE,TRUE,TRUE,TRUE,FALSE,0.017917097854752175,8476872
2022020214,228,even-strength,59,-3,FALSE,FALSE,TRUE,TRUE,TRUE,FALSE,0.07786460529705216,8476872
2022020214,229,even-strength,79,-5,FALSE,FALSE,TRUE,TRUE,TRUE,FALSE,0.10612958993477153,8480015
2022020214,230,even-strength,81,-6,FALSE,TRUE,TRUE,TRUE,FALSE,FALSE,0.17385173162146547,8480015
2022020214,231,even-strength,53,-16,FALSE,FALSE,TRUE,TRUE,TRUE,FALSE,0.04978286105406461,8478500
2022020214,232,even-strength,61,4,FALSE,FALSE,TRUE,FALSE,FALSE,FALSE,0,8478439
2022020214,233,even-strength,77,-7,FALSE,FALSE,TRUE,FALSE,FALSE,FALSE,0,8478439
2022020214,234,even-strength,45,-27,FALSE,FALSE,TRUE,FALSE,FALSE,FALSE,0,8477499
2022020214,235,even-strength,39,-29,FALSE,FALSE,TRUE,TRUE,TRUE,FALSE,0.012160191589171221,8477499
2022020214,236,even-strength,65,-36,FALSE,FALSE,TRUE,TRUE,TRUE,FALSE,0.016985673225972445,8478439
2022020214,238,even-strength,58,29,FALSE,FALSE,TRUE,TRUE,TRUE,FALSE,0.02451840191379823,8479772
2022020214,240,even-strength,64,40,FALSE,FALSE,TRUE,TRUE,FALSE,FALSE,0.022134803431804823,8478500
2022020214,244,even-strength,83,-1,FALSE,FALSE,TRUE,TRUE,TRUE,FALSE,0.14064428110480903,8476310
2022020214,245,even-strength,64,26,FALSE,FALSE,TRUE,TRUE,TRUE,FALSE,0.029897688991378422,8476872
2022020214,246,even-strength,69,22,FALSE,FALSE,TRUE,FALSE,FALSE,FALSE,0,8476872
2022020214,248,even-strength,60,-9,FALSE,FALSE,TRUE,FALSE,FALSE,FALSE,0,8480015
2022020214,456,penalty-kill,72,-4,FALSE,FALSE,TRUE,TRUE,TRUE,FALSE,0.25035282157585864,8476310
2022020214,459,even-strength,55,19,FALSE,FALSE,TRUE,TRUE,TRUE,FALSE,0.03187648741485303,8480015
2022020214,461,even-strength,-51,-37,FALSE,FALSE,TRUE,FALSE,FALSE,FALSE,0,8479322
2022020214,462,even-strength,79,9,FALSE,FALSE,TRUE,TRUE,TRUE,FALSE,0.052438844867003856,8476872
2022020214,463,even-strength,78,-32,FALSE,FALSE,TRUE,FALSE,FALSE,FALSE,0,8480797
2022020214,464,even-strength,30,0,FALSE,FALSE,TRUE,TRUE,FALSE,FALSE,0.023844329928416817,8478439
2022020214,465,even-strength,78,0,FALSE,FALSE,TRUE,TRUE,FALSE,FALSE,0.11908045119131469,8480015
2022020214,466,even-strength,85,5,FALSE,FALSE,TRUE,TRUE,FALSE,FALSE,0.07301601811797132,8480220
2022020214,467,even-strength,84,-3,FALSE,TRUE,TRUE,TRUE,TRUE,TRUE,0.3242775454581513,8477950
2022020214,475,even-strength,67,3,FALSE,FALSE,TRUE,TRUE,FALSE,FALSE,0.07193547228084406,8479322
2022020214,476,even-strength,59,-30,FALSE,FALSE,TRUE,TRUE,FALSE,FALSE,0.033229237715429655,8479322
2022020214,478,even-strength,77,-1,FALSE,FALSE,TRUE,FALSE,FALSE,FALSE,0,8477950
2022020214,479,even-strength,35,-6,FALSE,FALSE,TRUE,TRUE,TRUE,FALSE,0.018190944665948443,8477950
2022020214,480,even-strength,63,-2,FALSE,FALSE,TRUE,FALSE,FALSE,FALSE,0,8478500
2022020214,482,even-strength,83,4,FALSE,FALSE,TRUE,FALSE,FALSE,FALSE,0,8476372
2022020214,483,even-strength,34,31,FALSE,FALSE,TRUE,TRUE,TRUE,FALSE,0.00854409677820927,8476372
2022020214,484,even-strength,36,29,FALSE,FALSE,TRUE,TRUE,TRUE,FALSE,0.01108061353766035,8476372
2022020214,485,even-strength,59,15,FALSE,FALSE,TRUE,TRUE,TRUE,FALSE,0.029750307799050586,8480797
2022020214,486,even-strength,83,2,FALSE,TRUE,TRUE,TRUE,TRUE,FALSE,0.26756636145593216,8480797
2022020214,487,even-strength,57,18,FALSE,FALSE,TRUE,TRUE,FALSE,FALSE,0.030927172153251706,8475763
2022020214,488,even-strength,60,-19,FALSE,FALSE,TRUE,TRUE,TRUE,FALSE,0.03800895424533586,8478439
2022020214,489,even-strength,71,-21,FALSE,FALSE,TRUE,FALSE,FALSE,FALSE,0,8477499
2022020214,490,even-strength,58,26,FALSE,FALSE,TRUE,TRUE,FALSE,FALSE,0.025405968595573297,8479772
2022020214,492,even-strength,66,34,FALSE,FALSE,TRUE,TRUE,TRUE,FALSE,0.017389298196613296,8475235
2022020214,493,even-strength,66,1,FALSE,FALSE,TRUE,TRUE,TRUE,FALSE,0.10695751638486428,8480220
2022020214,494,even-strength,68,2,FALSE,FALSE,TRUE,FALSE,FALSE,FALSE,0,8479772
2022020214,702,even-strength,87,2,FALSE,FALSE,TRUE,TRUE,TRUE,TRUE,0.08863876877163254,8478500
2022020214,703,even-strength,59,11,FALSE,FALSE,TRUE,TRUE,TRUE,FALSE,0.04566275753972211,8480015
2022020214,704,even-strength,62,12,FALSE,FALSE,TRUE,FALSE,FALSE,FALSE,0,8476872
2022020214,705,even-strength,33,1,FALSE,TRUE,TRUE,TRUE,TRUE,FALSE,0.051640676246826986,8476872
2022020214,706,even-strength,55,-27,TRUE,FALSE,TRUE,FALSE,FALSE,FALSE,0,8479322
2022020214,709,even-strength,60,-7,FALSE,FALSE,TRUE,TRUE,FALSE,FALSE,0.0784030405442694,8476310
2022020214,710,even-strength,76,21,FALSE,FALSE,TRUE,TRUE,TRUE,FALSE,0.037576893803096936,8479772
2022020214,711,even-strength,81,-3,FALSE,TRUE,TRUE,TRUE,TRUE,FALSE,0.34104477552190043,8480220
2022020214,714,even-strength,64,24,FALSE,FALSE,TRUE,TRUE,FALSE,FALSE,0.04003394655979784,8476872
2022020214,716,even-strength,76,10,FALSE,FALSE,TRUE,FALSE,FALSE,FALSE,0,8475763
2022020214,717,even-strength,83,5,FALSE,FALSE,TRUE,TRUE,TRUE,FALSE,0.12326827068052626,8480220
2022020214,719,even-strength,75,33,FALSE,FALSE,TRUE,TRUE,TRUE,FALSE,0.06262640240317897,8475763
2022020214,720,even-strength,50,-18,FALSE,FALSE,TRUE,TRUE,TRUE,FALSE,0.03376901483883706,8475763
2022020214,721,even-strength,56,-8,FALSE,FALSE,TRUE,FALSE,FALSE,FALSE,0,8477950
2022020214,722,even-strength,34,-21,FALSE,FALSE,TRUE,TRUE,FALSE,FALSE,0.02693569788873004,8477950
2022020231,151,even-strength,82,-5,FALSE,FALSE,TRUE,TRUE,TRUE,FALSE,0.07627491761052795,8470610
2022020231,153,even-strength,68,-5,FALSE,FALSE,TRUE,TRUE,FALSE,FALSE,0.08481114786689795,8475754
2022020231,158,even-strength,75,-10,FALSE,FALSE,TRUE,TRUE,TRUE,FALSE,0.08317516738982952,8480789
2022020231,160,even-strength,75,5,FALSE,FALSE,TRUE,FALSE,FALSE,FALSE,0,8481014
2022020231,164,even-strength,65,9,TRUE,FALSE,TRUE,FALSE,FALSE,FALSE,0,8476917
2022020231,167,even-strength,77,-6,FALSE,FALSE,TRUE,TRUE,TRUE,FALSE,0.07011182603104013,8475754
2022020231,169,even-strength,63,25,FALSE,FALSE,TRUE,TRUE,TRUE,FALSE,0.022735591375670175,8480865
2022020231,170,even-strength,79,1,FALSE,FALSE,TRUE,TRUE,TRUE,FALSE,0.11876601212204994,8475754
2022020231,171,even-strength,83,-2,FALSE,TRUE,TRUE,TRUE,TRUE,FALSE,0.2819466182576319,8475754
2022020231,173,even-strength,39,37,TRUE,FALSE,TRUE,TRUE,TRUE,FALSE,0.011388816134423973,8476419
2022020231,175,even-strength,71,-4,FALSE,FALSE,TRUE,FALSE,FALSE,FALSE,0,8480789
2022020231,176,even-strength,81,-4,FALSE,FALSE,TRUE,FALSE,FALSE,FALSE,0,8480789
2022020231,177,even-strength,38,-22,FALSE,FALSE,TRUE,TRUE,TRUE,FALSE,0.014569387811997892,8476429
2022020231,178,even-strength,37,31,FALSE,FALSE,TRUE,TRUE,FALSE,FALSE,0.011761042593903674,8480222
2022020231,182,even-strength,50,22,FALSE,FALSE,TRUE,TRUE,TRUE,FALSE,0.02742119570106803,8475231
2022020231,183,even-strength,84,20,FALSE,FALSE,TRUE,TRUE,TRUE,FALSE,0.037449094849063974,8478463
2022020231,185,even-strength,79,-5,FALSE,FALSE,TRUE,FALSE,FALSE,FALSE,0,8475314
2022020231,186,even-strength,84,-6,FALSE,FALSE,TRUE,TRUE,TRUE,FALSE,0.06447114221950577,8475314
2022020231,188,penalty-kill,-76,3,FALSE,FALSE,TRUE,FALSE,FALSE,FALSE,0,8470610
2022020231,194,even-strength,66,-8,FALSE,FALSE,TRUE,TRUE,TRUE,FALSE,0.08050167612013927,8475754
2022020231,198,even-strength,41,14,FALSE,FALSE,TRUE,TRUE,TRUE,FALSE,0.018905568986396268,8481014
2022020231,200,even-strength,56,14,FALSE,FALSE,TRUE,FALSE,FALSE,FALSE,0,8480865
2022020231,302,even-strength,12,-3,FALSE,FALSE,TRUE,TRUE,TRUE,FALSE,0.00660764505145233,8478445
2022020231,311,even-strength,78,-18,FALSE,FALSE,TRUE,TRUE,TRUE,FALSE,0.052360084979734586,8475754
2022020231,326,even-strength,32,-33,FALSE,FALSE,TRUE,TRUE,TRUE,FALSE,0.007677329722194334,8476429
2022020231,333,even-strength,38,11,FALSE,FALSE,TRUE,TRUE,TRUE,FALSE,0.016527626515758013,8476917
2022020231,334,even-strength,73,17,FALSE,FALSE,TRUE,TRUE,TRUE,FALSE,0.0410475576356133,8480222
2022020231,335,even-strength,70,-14,FALSE,FALSE,TRUE,TRUE,TRUE,FALSE,0.042022222183034544,8474573
2022020231,451,even-strength,80,-1,FALSE,FALSE,TRUE,TRUE,TRUE,FALSE,0.13382503570890136,8480222
2022020231,454,even-strength,86,5,FALSE,TRUE,TRUE,TRUE,TRUE,TRUE,0.15151901063782633,8475754
2022020231,460,even-strength,70,2,FALSE,FALSE,TRUE,FALSE,FALSE,FALSE,0,8475151
2022020231,461,even-strength,65,-1,FALSE,FALSE,TRUE,FALSE,FALSE,FALSE,0,8474709
2022020231,463,even-strength,75,-1,FALSE,FALSE,TRUE,TRUE,TRUE,FALSE,0.15409925266909807,8478463
2022020231,464,power-play,72,13,FALSE,FALSE,TRUE,TRUE,TRUE,FALSE,0.09689918214271943,8478445
2022020231,465,power-play,37,-6,FALSE,FALSE,TRUE,TRUE,TRUE,FALSE,0.04302177981613021,8480865
2022020231,466,power-play,61,10,FALSE,FALSE,TRUE,TRUE,TRUE,FALSE,0.09383042251578781,8475754
2022020231,467,power-play,39,2,FALSE,FALSE,TRUE,TRUE,FALSE,FALSE,0.04483653620114332,8480865
2022020231,468,power-play,64,-7,FALSE,FALSE,TRUE,FALSE,FALSE,FALSE,0,8480865
2022020231,469,power-play,73,4,FALSE,FALSE,TRUE,FALSE,FALSE,FALSE,0,8480865
2022020231,470,power-play,65,-19,FALSE,FALSE,TRUE,TRUE,TRUE,FALSE,0.08951873537661849,8475754
2022020231,471,power-play,57,-16,FALSE,FALSE,TRUE,TRUE,TRUE,FALSE,0.07732964824157182,8480865
2022020231,473,even-strength,65,-19,FALSE,FALSE,TRUE,TRUE,FALSE,FALSE,0.056693127597083295,8473504
2022020231,474,even-strength,38,22,FALSE,FALSE,TRUE,TRUE,TRUE,FALSE,0.016301669380354718,8476917
2022020231,475,even-strength,64,-1,FALSE,FALSE,TRUE,FALSE,FALSE,FALSE,0,8480789
2022020231,477,even-strength,77,-4,FALSE,FALSE,TRUE,FALSE,FALSE,FALSE,0,8475151
2022020231,479,even-strength,73,-9,FALSE,FALSE,TRUE,FALSE,FALSE,FALSE,0,8476917
2022020231,480,even-strength,67,-11,FALSE,FALSE,TRUE,TRUE,FALSE,FALSE,0.05640628625371686,8478463
2022020231,481,even-strength,80,-12,FALSE,TRUE,TRUE,TRUE,TRUE,TRUE,0.1488283498221442,8475754
2022020231,482,even-strength,79,7,FALSE,TRUE,TRUE,TRUE,FALSE,FALSE,0.16638952965200604,8475151
2022020231,483,even-strength,48,-11,FALSE,TRUE,TRUE,TRUE,TRUE,FALSE,0.07849565247920243,8474573
2022020231,484,even-strength,71,-7,FALSE,FALSE,TRUE,FALSE,FALSE,FALSE,0,8476429
2022020231,485,even-strength,72,-11,TRUE,FALSE,TRUE,TRUE,TRUE,FALSE,0.1375051478660487,8474573
2022020231,488,power-play,55,-18,FALSE,FALSE,TRUE,TRUE,FALSE,FALSE,0.05623791956214143,8475754
2022020231,489,power-play,69,0,FALSE,FALSE,TRUE,TRUE,TRUE,FALSE,0.12406761414641464,8476419
2022020231,490,power-play,80,-1,FALSE,TRUE,TRUE,TRUE,TRUE,FALSE,0.31155073953706536,8475314
2022020231,491,power-play,40,-1,FALSE,FALSE,TRUE,TRUE,TRUE,FALSE,0.04476793765264589,8480865
2022020231,492,even-strength,73,-3,FALSE,FALSE,TRUE,FALSE,FALSE,FALSE,0,8475754
2022020231,493,even-strength,51,13,FALSE,FALSE,TRUE,FALSE,FALSE,FALSE,0,8474709
2022020231,498,even-strength,73,0,FALSE,FALSE,TRUE,TRUE,TRUE,FALSE,0.1468250265276219,8473504
2022020231,499,even-strength,36,-25,FALSE,FALSE,TRUE,TRUE,TRUE,FALSE,0.009456427596568784,8480865
2022020231,500,even-strength,68,-22,FALSE,FALSE,TRUE,TRUE,TRUE,FALSE,0.03774055215513252,8476917
2022020231,551,even-strength,-71,2,FALSE,FALSE,TRUE,FALSE,FALSE,FALSE,0,8480789
2022020231,556,even-strength,86,-7,FALSE,TRUE,TRUE,TRUE,TRUE,FALSE,0.14093901176666626,8475754
2022020231,558,power-play,76,-2,FALSE,FALSE,TRUE,FALSE,FALSE,FALSE,0,8475754
2022020231,560,even-strength,31,25,FALSE,FALSE,TRUE,TRUE,TRUE,FALSE,0.013075338219529704,8480865
2022020231,652,even-strength,44,36,FALSE,FALSE,TRUE,TRUE,FALSE,FALSE,0.008031416252210663,8481014
2022020231,657,even-strength,44,33,FALSE,TRUE,TRUE,TRUE,FALSE,FALSE,0.02749222394161159,8474709
2022020231,753,penalty-kill,14,-31,FALSE,FALSE,TRUE,TRUE,TRUE,FALSE,0.0039309977109925716,8476429
2022020231,754,penalty-kill,70,-11,TRUE,FALSE,TRUE,TRUE,FALSE,FALSE,0.018844045630999205,8473504
2022020231,755,penalty-kill,86,8,TRUE,TRUE,TRUE,TRUE,TRUE,FALSE,0.42609647183696286,8475231
2022020231,763,penalty-kill,83,5,FALSE,TRUE,TRUE,TRUE,TRUE,FALSE,0.5837807324980273,8475231
2022020231,764,even-strength,69,4,FALSE,TRUE,TRUE,TRUE,TRUE,FALSE,0.20778067461614338,8473504
2022020231,765,even-strength,75,-1,FALSE,FALSE,TRUE,TRUE,TRUE,FALSE,0.1050055146533787,8473504
2022020231,766,even-strength,79,1,FALSE,FALSE,TRUE,TRUE,TRUE,TRUE,0.09488171813673936,8476429
2022020231,768,even-strength,58,0,FALSE,FALSE,TRUE,TRUE,FALSE,FALSE,0.061841215412589315,8478445
2022020231,771,even-strength,69,14,FALSE,FALSE,TRUE,TRUE,FALSE,FALSE,0.038374537884122324,8476419
2022020231,772,even-strength,53,-24,FALSE,TRUE,TRUE,TRUE,FALSE,FALSE,0.06537305765228596,8477506
2022020231,773,even-strength,51,-2,FALSE,FALSE,TRUE,FALSE,FALSE,FALSE,0,8480865
2022020231,775,even-strength,43,-26,FALSE,FALSE,TRUE,TRUE,FALSE,FALSE,0.020018311310669903,8476429
2022020231,776,even-strength,64,5,FALSE,FALSE,TRUE,TRUE,TRUE,TRUE,0.08659767121234364,8470610
2022020250,418,even-strength,72,34,FALSE,FALSE,TRUE,TRUE,FALSE,FALSE,0.01784985809019655,8477499
2022020250,419,even-strength,38,29,FALSE,FALSE,TRUE,TRUE,FALSE,FALSE,0.01519078131641414,8476372
2022020250,420,even-strength,9,-4,FALSE,FALSE,TRUE,TRUE,TRUE,FALSE,0.004984013903647073,8476872
2022020250,421,even-strength,88,5,FALSE,FALSE,TRUE,TRUE,TRUE,FALSE,0.052109436415472325,8478439
2022020250,422,even-strength,58,15,FALSE,FALSE,TRUE,TRUE,TRUE,FALSE,0.051604842336758355,8480220
2022020250,423,even-strength,52,-25,FALSE,FALSE,TRUE,TRUE,TRUE,FALSE,0.024645668024007496,8477499
2022020250,424,even-strength,76,-21,FALSE,FALSE,TRUE,TRUE,TRUE,FALSE,0.04182133340173685,8480028
2022020250,425,even-strength,54,3,FALSE,FALSE,TRUE,FALSE,FALSE,FALSE,0,8478439
2022020250,426,even-strength,50,-29,FALSE,FALSE,TRUE,TRUE,TRUE,FALSE,0.016459723275029068,8477950
2022020250,427,even-strength,47,26,FALSE,FALSE,TRUE,TRUE,FALSE,FALSE,0.017845796867316844,8479356
2022020250,429,even-strength,61,18,FALSE,FALSE,TRUE,FALSE,FALSE,FALSE,0,8480220
2022020250,430,even-strength,52,-4,FALSE,FALSE,TRUE,FALSE,FALSE,FALSE,0,8480015
2022020250,431,even-strength,52,19,FALSE,FALSE,TRUE,TRUE,FALSE,FALSE,0.027607221782582562,8478500
2022020250,435,even-strength,43,-31,FALSE,FALSE,TRUE,TRUE,FALSE,FALSE,0.027131196603144638,8477950
2022020250,436,even-strength,67,1,FALSE,FALSE,TRUE,FALSE,FALSE,FALSE,0,8477948
2022020250,439,even-strength,48,-11,FALSE,FALSE,TRUE,TRUE,TRUE,FALSE,0.024559745922042485,8479356
2022020250,440,even-strength,53,-2,FALSE,FALSE,TRUE,FALSE,FALSE,FALSE,0,8478439
2022020250,443,even-strength,80,4,FALSE,FALSE,TRUE,FALSE,FALSE,FALSE,0,8476372
2022020250,445,even-strength,46,3,FALSE,FALSE,TRUE,TRUE,TRUE,TRUE,0.04215500657503387,8476372
2022020250,446,even-strength,63,-24,FALSE,FALSE,TRUE,TRUE,TRUE,FALSE,0.062296932110276634,8478439
2022020250,449,even-strength,82,0,FALSE,TRUE,TRUE,TRUE,TRUE,FALSE,0.26920217826722626,8478051
2022020250,450,power-play,76,6,FALSE,FALSE,TRUE,TRUE,TRUE,FALSE,0.1352634252325616,8480220
2022020250,701,power-play,84,-5,FALSE,TRUE,TRUE,TRUE,TRUE,TRUE,0.37189684268965684,8478439
2022020250,702,even-strength,40,-31,TRUE,FALSE,TRUE,TRUE,FALSE,FALSE,0.018212926827859254,8474027
2022020250,703,even-strength,41,1,FALSE,FALSE,TRUE,TRUE,TRUE,FALSE,0.06182968972694616,8478500
2022020250,710,even-strength,56,-14,FALSE,FALSE,TRUE,TRUE,TRUE,FALSE,0.04535415039492468,8479772
2022020250,711,even-strength,61,-3,FALSE,FALSE,TRUE,FALSE,FALSE,FALSE,0,8480797
2022020250,715,even-strength,43,20,FALSE,FALSE,TRUE,TRUE,TRUE,FALSE,0.024499506113052176,8478439
2022020250,716,even-strength,61,0,FALSE,FALSE,TRUE,FALSE,FALSE,FALSE,0,8478500
2022020250,717,even-strength,69,-12,FALSE,FALSE,TRUE,FALSE,FALSE,FALSE,0,8480220
2022020250,718,even-strength,43,-18,FALSE,FALSE,TRUE,TRUE,TRUE,FALSE,0.04590501531636211,8477948
2022020250,721,even-strength,84,24,FALSE,FALSE,TRUE,TRUE,FALSE,FALSE,0.024092712387700336,8480015
2022020250,724,even-strength,85,-9,FALSE,FALSE,TRUE,TRUE,TRUE,FALSE,0.06715285335728663,8478439
2022020250,725,even-strength,43,8,FALSE,FALSE,TRUE,TRUE,TRUE,FALSE,0.0344902735925597,8477948
2022020250,726,even-strength,59,11,FALSE,FALSE,TRUE,FALSE,FALSE,FALSE,0,8478500
2022020250,727,even-strength,65,2,FALSE,FALSE,TRUE,FALSE,FALSE,FALSE,0,8478500
2022020250,729,even-strength,49,21,FALSE,FALSE,TRUE,TRUE,TRUE,FALSE,0.07104609460064776,8476872
2022020250,730,even-strength,62,-4,FALSE,FALSE,TRUE,FALSE,FALSE,FALSE,0,8480797
2022020250,731,even-strength,58,-21,FALSE,FALSE,TRUE,TRUE,FALSE,FALSE,0.06607981571672143,8478439
2022020250,803,even-strength,74,-7,FALSE,TRUE,TRUE,TRUE,TRUE,FALSE,0.1961594907532031,8480797
2022020250,804,even-strength,74,-6,FALSE,FALSE,TRUE,TRUE,FALSE,FALSE,0.06926698917863447,8480797
2022020250,805,even-strength,79,7,TRUE,TRUE,TRUE,FALSE,FALSE,FALSE,0,8476372
2022020250,807,even-strength,39,-30,FALSE,FALSE,TRUE,TRUE,FALSE,FALSE,0.01244340540914451,8478500
2022020263,151,even-strength,53,-11,FALSE,FALSE,TRUE,TRUE,TRUE,FALSE,0.047360074197154246,8476981
2022020263,152,even-strength,72,0,FALSE,FALSE,TRUE,FALSE,FALSE,FALSE,0,8477497
2022020263,153,even-strength,50,20,FALSE,FALSE,TRUE,TRUE,FALSE,FALSE,0.017345878777993026,8477497
2022020263,156,even-strength,37,-8,FALSE,FALSE,TRUE,TRUE,TRUE,FALSE,0.02434691836544394,8482964
2022020263,158,even-strength,35,-20,FALSE,FALSE,TRUE,TRUE,TRUE,FALSE,0.019034251177881704,8475233
2022020263,163,even-strength,85,28,FALSE,FALSE,TRUE,TRUE,TRUE,FALSE,0.021343030025106433,8476981
2022020263,164,even-strength,37,16,FALSE,FALSE,TRUE,TRUE,TRUE,FALSE,0.01718009356534226,8480887
2022020263,165,even-strength,83,4,FALSE,TRUE,TRUE,TRUE,TRUE,FALSE,0.2481409546607858,8480192
2022020263,166,even-strength,84,6,FALSE,FALSE,TRUE,TRUE,TRUE,FALSE,0.07567200054860261,8480192
2022020263,169,even-strength,60,-9,TRUE,FALSE,TRUE,TRUE,FALSE,FALSE,0.06059497718227421,8476981
2022020263,170,even-strength,57,-7,FALSE,FALSE,TRUE,TRUE,TRUE,FALSE,0.053201553861195024,8483515
2022020263,171,even-strength,65,6,FALSE,FALSE,TRUE,FALSE,FALSE,FALSE,0,8474884
2022020263,177,even-strength,41,-22,FALSE,FALSE,TRUE,TRUE,TRUE,FALSE,0.01796999020430348,8475233
2022020263,178,even-strength,82,0,FALSE,FALSE,TRUE,FALSE,FALSE,FALSE,0,8475848
2022020263,179,even-strength,77,10,FALSE,FALSE,TRUE,FALSE,FALSE,FALSE,0,8480887
2022020263,185,even-strength,55,18,FALSE,FALSE,TRUE,TRUE,TRUE,FALSE,0.032889810688182704,8481540
2022020263,186,even-strength,83,5,FALSE,FALSE,TRUE,TRUE,FALSE,FALSE,0.06864960664808231,8481523
2022020263,189,even-strength,17,-32,FALSE,FALSE,TRUE,TRUE,TRUE,FALSE,0.004939880108613745,8479543
2022020263,192,even-strength,76,0,FALSE,FALSE,TRUE,FALSE,FALSE,FALSE,0,8482964
2022020263,193,even-strength,58,-3,FALSE,FALSE,TRUE,FALSE,FALSE,FALSE,0,8476981
2022020263,197,even-strength,63,-25,FALSE,FALSE,TRUE,TRUE,TRUE,FALSE,0.043115160746596624,8481540
2022020263,198,even-strength,84,-14,FALSE,FALSE,TRUE,TRUE,TRUE,FALSE,0.03740711474566721,8481540
2022020263,199,even-strength,63,-29,FALSE,FALSE,TRUE,FALSE,FALSE,FALSE,0,8475848
2022020263,200,even-strength,68,9,FALSE,TRUE,TRUE,FALSE,FALSE,FALSE,0,8480887
2022020263,401,even-strength,31,29,FALSE,FALSE,TRUE,TRUE,TRUE,FALSE,0.009020191591584818,8480887
2022020263,402,even-strength,52,19,FALSE,FALSE,TRUE,TRUE,FALSE,FALSE,0.01979044018726029,8474884
2022020263,403,even-strength,35,30,FALSE,FALSE,TRUE,TRUE,TRUE,FALSE,0.009326543961356074,8476441
2022020263,405,even-strength,73,22,FALSE,FALSE,TRUE,TRUE,TRUE,FALSE,0.04540983209933749,8482964
2022020263,406,even-strength,62,-28,FALSE,FALSE,TRUE,TRUE,TRUE,FALSE,0.02041166929548458,8477497
2022020263,408,even-strength,57,2,FALSE,FALSE,TRUE,FALSE,FALSE,FALSE,0,8482087
2022020263,411,even-strength,66,-17,FALSE,FALSE,TRUE,TRUE,FALSE,FALSE,0.04853844333711933,8477989
2022020263,419,even-strength,66,12,FALSE,FALSE,TRUE,FALSE,FALSE,FALSE,0,8477989
2022020263,420,even-strength,81,4,FALSE,FALSE,TRUE,FALSE,FALSE,FALSE,0,8481540
2022020263,421,even-strength,57,-28,FALSE,FALSE,TRUE,TRUE,TRUE,FALSE,0.019442206344199704,8477497
2022020263,422,even-strength,56,13,FALSE,FALSE,TRUE,TRUE,TRUE,FALSE,0.04178274831560349,8479543
2022020263,423,even-strength,74,15,FALSE,FALSE,TRUE,TRUE,TRUE,TRUE,0.06556378001969838,8480887
2022020263,424,even-strength,26,2,FALSE,FALSE,TRUE,TRUE,TRUE,FALSE,0.013926288048227424,8480018
2022020263,425,even-strength,69,12,FALSE,FALSE,TRUE,FALSE,FALSE,FALSE,0,8481540
2022020263,426,power-play,68,19,FALSE,FALSE,TRUE,TRUE,FALSE,FALSE,0.07193656793823369,8481540
2022020263,427,power-play,70,4,FALSE,FALSE,TRUE,FALSE,FALSE,FALSE,0,8474884
2022020263,429,power-play,66,-2,FALSE,FALSE,TRUE,FALSE,FALSE,FALSE,0,8480018
2022020263,431,even-strength,54,-22,FALSE,FALSE,TRUE,TRUE,TRUE,FALSE,0.05016066954998689,8481540
2022020263,432,even-strength,69,-15,FALSE,FALSE,TRUE,TRUE,TRUE,FALSE,0.04755993797641972,8477497
2022020263,433,even-strength,55,-11,FALSE,FALSE,TRUE,FALSE,FALSE,FALSE,0,8474149
2022020263,435,power-play,65,0,FALSE,FALSE,TRUE,TRUE,TRUE,TRUE,0.08511761839674255,8476981
2022020263,436,power-play,56,32,FALSE,TRUE,TRUE,TRUE,FALSE,FALSE,0.11812398871445337,8481540
2022020263,439,even-strength,81,-1,FALSE,FALSE,TRUE,TRUE,TRUE,FALSE,0.1180774139551264,8474149
2022020263,441,even-strength,77,3,FALSE,FALSE,TRUE,TRUE,TRUE,FALSE,0.12316194022294208,8477497
2022020263,442,even-strength,75,8,FALSE,FALSE,TRUE,FALSE,FALSE,FALSE,0,8479543
2022020263,443,even-strength,38,-30,FALSE,FALSE,TRUE,TRUE,TRUE,FALSE,0.014973352616775808,8476441
2022020263,445,even-strength,82,7,FALSE,FALSE,TRUE,TRUE,FALSE,FALSE,0.09491997334988292,8476981
2022020263,446,even-strength,66,32,TRUE,FALSE,TRUE,TRUE,TRUE,FALSE,0.037310414487117825,8481523
2022020263,447,even-strength,77,14,FALSE,FALSE,TRUE,TRUE,FALSE,FALSE,0.0456308053556928,8480018
2022020263,449,even-strength,76,3,FALSE,FALSE,TRUE,TRUE,TRUE,FALSE,0.08329987093126379,8475848
2022020263,450,even-strength,78,-6,TRUE,FALSE,TRUE,TRUE,TRUE,FALSE,0.1995068786020451,8477497
2022020263,601,even-strength,83,-3,TRUE,TRUE,TRUE,TRUE,TRUE,FALSE,0.35116621041444496,8477497
2022020263,603,even-strength,65,-9,FALSE,FALSE,TRUE,TRUE,TRUE,FALSE,0.059940171988418556,8480192
2022020263,604,even-strength,74,-2,FALSE,FALSE,TRUE,FALSE,FALSE,FALSE,0,8483515
2022020263,607,even-strength,86,-9,FALSE,FALSE,TRUE,TRUE,TRUE,TRUE,0.059921285484271246,8475848
2022020263,611,even-strength,94,-7,FALSE,FALSE,TRUE,TRUE,TRUE,TRUE,0.04125608063437524,8480018
2022020263,612,even-strength,80,29,FALSE,FALSE,TRUE,TRUE,TRUE,FALSE,0.02332789627414156,8483515
2022020263,614,even-strength,81,-21,FALSE,FALSE,TRUE,TRUE,TRUE,FALSE,0.05839639543443412,8476981
2022020263,615,even-strength,57,-13,FALSE,FALSE,TRUE,TRUE,TRUE,FALSE,0.03935501797680598,8481540
2022020263,616,even-strength,39,-21,FALSE,FALSE,TRUE,TRUE,TRUE,FALSE,0.015663625387696653,8482964
2022020263,617,even-strength,49,-21,FALSE,FALSE,TRUE,TRUE,TRUE,FALSE,0.021094651967410467,8475233
2022020263,620,even-strength,39,21,FALSE,FALSE,TRUE,TRUE,TRUE,FALSE,0.0227523137682865,8476441
2022020263,621,even-strength,57,2,FALSE,FALSE,TRUE,TRUE,TRUE,FALSE,0.04400581059355182,8477497
2022020263,623,even-strength,46,25,FALSE,FALSE,TRUE,TRUE,FALSE,FALSE,0.03511020607862204,8481540
2022020263,624,even-strength,81,1,FALSE,FALSE,TRUE,TRUE,TRUE,FALSE,0.11452036787474351,8476981
2022020263,627,even-strength,50,-16,FALSE,FALSE,TRUE,TRUE,FALSE,FALSE,0.036743996523221134,8474884
2022020263,801,even-strength,33,39,FALSE,FALSE,TRUE,TRUE,FALSE,FALSE,0.0074647206810464425,8482087
2022020263,803,even-strength,82,2,FALSE,TRUE,TRUE,FALSE,FALSE,FALSE,0,8479543
2022020279,151,even-strength,9,9,FALSE,FALSE,TRUE,TRUE,TRUE,FALSE,0.004678156122967204,8477946
2022020279,154,even-strength,-78,-41,FALSE,FALSE,TRUE,TRUE,TRUE,FALSE,1.4312604792362157e-4,8475279
2022020279,155,even-strength,41,21,FALSE,FALSE,TRUE,TRUE,TRUE,FALSE,0.01788158591231895,8474102
2022020279,156,even-strength,79,2,FALSE,TRUE,TRUE,TRUE,FALSE,FALSE,0.26578519865884753,8477330
2022020279,157,even-strength,68,11,FALSE,FALSE,TRUE,FALSE,FALSE,FALSE,0,8477429
2022020279,158,even-strength,41,-29,FALSE,FALSE,TRUE,TRUE,TRUE,FALSE,0.015109918831572668,8479425
2022020279,159,even-strength,3,41,FALSE,FALSE,TRUE,TRUE,TRUE,FALSE,0.0016844930032588199,8476874
2022020279,168,power-play,55,17,FALSE,FALSE,TRUE,TRUE,TRUE,FALSE,0.06531237149724291,8474102
2022020279,169,power-play,59,11,FALSE,FALSE,TRUE,FALSE,FALSE,FALSE,0,8477946
2022020279,170,power-play,67,-21,FALSE,FALSE,TRUE,TRUE,FALSE,FALSE,0.0617313214287231,8477330
2022020279,171,power-play,64,17,FALSE,FALSE,TRUE,TRUE,TRUE,FALSE,0.07700648931278783,8474102
2022020279,172,power-play,45,-24,FALSE,FALSE,TRUE,TRUE,TRUE,FALSE,0.047005329244944175,8477330
2022020279,173,power-play,77,-1,FALSE,FALSE,TRUE,TRUE,TRUE,TRUE,0.17481787099175386,8477946
2022020279,174,even-strength,41,-13,FALSE,FALSE,TRUE,TRUE,TRUE,FALSE,0.023632608601444303,8477851
2022020279,175,even-strength,82,1,FALSE,TRUE,TRUE,TRUE,FALSE,FALSE,0.30917244497351976,8479992
2022020279,180,even-strength,54,25,FALSE,FALSE,TRUE,FALSE,FALSE,FALSE,0,8476874
2022020279,181,even-strength,49,-15,FALSE,FALSE,TRUE,FALSE,FALSE,FALSE,0,8479425
2022020279,189,even-strength,10,-38,FALSE,FALSE,TRUE,TRUE,TRUE,FALSE,0.003796303775634489,8479425
2022020279,191,even-strength,75,-15,FALSE,FALSE,TRUE,TRUE,FALSE,FALSE,0.04774794819051455,8477479
2022020279,195,even-strength,80,2,FALSE,FALSE,TRUE,TRUE,TRUE,FALSE,0.1573137144093732,8474102
2022020279,196,even-strength,77,0,FALSE,FALSE,TRUE,TRUE,TRUE,FALSE,0.11047969514510694,8480459
2022020279,198,even-strength,61,4,TRUE,FALSE,TRUE,TRUE,FALSE,FALSE,0.11625083530472338,8479992
2022020279,199,even-strength,44,-35,FALSE,FALSE,TRUE,TRUE,FALSE,FALSE,0.011030049354279668,8479425
2022020279,200,even-strength,52,10,FALSE,FALSE,TRUE,FALSE,FALSE,FALSE,0,8477851
2022020279,402,even-strength,55,22,FALSE,FALSE,TRUE,TRUE,TRUE,FALSE,0.028248572252941005,8477330
2022020279,404,even-strength,78,11,FALSE,FALSE,TRUE,TRUE,TRUE,FALSE,0.08498253212094543,8477479
2022020279,405,even-strength,60,34,FALSE,FALSE,TRUE,TRUE,TRUE,FALSE,0.016559192047868047,8477429
2022020279,412,even-strength,51,2,TRUE,FALSE,TRUE,TRUE,TRUE,TRUE,0.09470464653123899,8479425
2022020279,414,even-strength,62,-2,FALSE,FALSE,TRUE,TRUE,TRUE,FALSE,0.06481659720004783,8479992
2022020279,415,even-strength,86,-21,FALSE,FALSE,TRUE,FALSE,FALSE,FALSE,0,8479425
2022020279,416,even-strength,63,10,FALSE,FALSE,TRUE,TRUE,TRUE,FALSE,0.050856317464135235,8477330
2022020279,418,even-strength,69,-38,FALSE,FALSE,TRUE,TRUE,TRUE,FALSE,0.016322110648523645,8481542
2022020279,419,even-strength,30,34,FALSE,FALSE,TRUE,TRUE,TRUE,TRUE,0.008746961165812256,8475279
2022020279,421,even-strength,55,25,FALSE,FALSE,TRUE,TRUE,FALSE,FALSE,0.027923275488056586,8479992
2022020279,423,even-strength,73,-5,FALSE,FALSE,TRUE,TRUE,TRUE,FALSE,0.08133248435057407,8480459
2022020279,425,even-strength,46,27,FALSE,FALSE,TRUE,TRUE,TRUE,FALSE,0.01912623621034772,8478013
2022020279,426,even-strength,54,3,FALSE,FALSE,TRUE,FALSE,FALSE,FALSE,0,8477429
2022020279,427,even-strength,57,-4,FALSE,FALSE,TRUE,FALSE,FALSE,FALSE,0,8482078
2022020279,428,even-strength,51,20,FALSE,FALSE,TRUE,TRUE,TRUE,FALSE,0.0256726791827756,8479992
2022020279,431,even-strength,62,-15,FALSE,FALSE,TRUE,TRUE,TRUE,TRUE,0.0694295872166722,8479425
2022020279,437,even-strength,75,16,FALSE,FALSE,TRUE,TRUE,TRUE,FALSE,0.0867369396151191,8477946
2022020279,438,even-strength,41,29,TRUE,FALSE,TRUE,TRUE,TRUE,FALSE,0.036156496849248335,8478013
2022020279,439,power-play,64,-14,FALSE,FALSE,TRUE,TRUE,FALSE,FALSE,0.10373468200656812,8477330
2022020279,440,power-play,32,17,FALSE,FALSE,TRUE,TRUE,TRUE,FALSE,0.06644717802366898,8474102
2022020279,441,power-play,82,-10,FALSE,FALSE,TRUE,TRUE,TRUE,FALSE,0.15533262839439826,8481013
2022020279,442,even-strength,53,6,FALSE,FALSE,TRUE,FALSE,FALSE,FALSE,0,8479425
2022020279,443,power-play,48,5,FALSE,FALSE,TRUE,TRUE,TRUE,FALSE,0.08157094777073651,8477330
2022020279,444,power-play,60,-5,FALSE,FALSE,TRUE,TRUE,TRUE,FALSE,0.1321379167531287,8477330
2022020279,445,power-play,59,-20,FALSE,FALSE,TRUE,TRUE,TRUE,TRUE,0.07168126449177188,8477330
2022020279,448,even-strength,55,10,FALSE,FALSE,TRUE,TRUE,TRUE,FALSE,0.048059032122631705,8477479
2022020279,449,even-strength,41,15,FALSE,FALSE,TRUE,TRUE,TRUE,FALSE,0.02242366010069878,8474102
2022020279,450,even-strength,63,1,FALSE,FALSE,TRUE,FALSE,FALSE,FALSE,0,8475279
2022020279,454,even-strength,79,1,FALSE,TRUE,TRUE,TRUE,TRUE,FALSE,0.28640931415931725,8476897
2022020279,455,even-strength,39,34,FALSE,FALSE,TRUE,FALSE,FALSE,FALSE,0,8476874
2022020279,652,even-strength,84,-6,FALSE,FALSE,TRUE,TRUE,TRUE,TRUE,0.10645884955542073,8477479
2022020279,654,even-strength,69,14,FALSE,FALSE,TRUE,FALSE,FALSE,FALSE,0,8477454
2022020279,655,even-strength,69,-6,FALSE,FALSE,TRUE,FALSE,FALSE,FALSE,0,8477330
2022020279,656,even-strength,35,0,FALSE,FALSE,TRUE,TRUE,FALSE,FALSE,0.020626609734498553,8475279
2022020279,660,even-strength,83,5,FALSE,FALSE,TRUE,TRUE,TRUE,FALSE,0.07385798814007209,8479992
2022020279,661,even-strength,65,10,FALSE,FALSE,TRUE,FALSE,FALSE,FALSE,0,8477946
2022020306,153,even-strength,0,14,FALSE,FALSE,TRUE,TRUE,TRUE,FALSE,0.0030981464946667828,8476981
2022020306,154,even-strength,76,-7,FALSE,FALSE,TRUE,FALSE,FALSE,FALSE,0,8482087
2022020306,156,even-strength,80,-2,FALSE,FALSE,TRUE,FALSE,FALSE,FALSE,0,8483515
2022020306,165,even-strength,76,-37,FALSE,FALSE,TRUE,TRUE,TRUE,FALSE,0.0259453962711602,8483515
2022020306,166,even-strength,54,-20,FALSE,FALSE,TRUE,TRUE,TRUE,FALSE,0.022523290168020377,8476981
2022020306,167,even-strength,33,12,FALSE,FALSE,TRUE,TRUE,TRUE,FALSE,0.017871609265559786,8477497
2022020306,169,even-strength,61,19,FALSE,FALSE,TRUE,TRUE,TRUE,FALSE,0.03588014878890198,8475848
2022020306,171,even-strength,70,-6,FALSE,FALSE,TRUE,FALSE,FALSE,FALSE,0,8475848
2022020306,172,even-strength,50,13,FALSE,FALSE,TRUE,TRUE,FALSE,FALSE,0.02692450279183933,8476875
2022020306,174,even-strength,84,-3,FALSE,FALSE,TRUE,FALSE,FALSE,FALSE,0,8476875
2022020306,175,even-strength,32,7,FALSE,FALSE,TRUE,TRUE,TRUE,FALSE,0.016323500786868957,8482964
2022020306,177,even-strength,59,5,FALSE,FALSE,TRUE,FALSE,FALSE,FALSE,0,8482964
2022020306,178,even-strength,50,-11,FALSE,TRUE,TRUE,TRUE,TRUE,FALSE,0.07765604817216963,8480192
2022020306,179,power-play,83,-3,FALSE,FALSE,TRUE,TRUE,TRUE,FALSE,0.14562458965371977,8477497
2022020306,180,power-play,48,-29,FALSE,FALSE,TRUE,TRUE,FALSE,FALSE,0.028895202918686295,8483515
2022020306,183,even-strength,54,17,FALSE,FALSE,TRUE,FALSE,FALSE,FALSE,0,8479543
2022020306,184,even-strength,48,-14,FALSE,FALSE,TRUE,TRUE,TRUE,FALSE,0.026492005876269598,8479543
2022020306,185,even-strength,65,17,FALSE,FALSE,TRUE,FALSE,FALSE,FALSE,0,8478133
2022020306,187,even-strength,53,-36,FALSE,FALSE,TRUE,TRUE,TRUE,FALSE,0.018862404448925566,8475233
2022020306,189,even-strength,52,-4,FALSE,FALSE,TRUE,FALSE,FALSE,FALSE,0,8480192
2022020306,190,penalty-kill,62,1,FALSE,FALSE,TRUE,FALSE,FALSE,FALSE,0,8478133
2022020306,194,penalty-kill,81,-6,FALSE,FALSE,TRUE,TRUE,FALSE,FALSE,0.0434259352827602,8478133
2022020306,197,even-strength,47,28,FALSE,FALSE,TRUE,TRUE,TRUE,FALSE,0.01828093769997905,8481523
2022020306,254,even-strength,49,-8,FALSE,FALSE,TRUE,FALSE,FALSE,FALSE,0,8478133
2022020306,255,power-play,-35,-27,FALSE,FALSE,TRUE,TRUE,TRUE,FALSE,0.004019957520964825,8476441
2022020306,258,even-strength,62,0,FALSE,FALSE,TRUE,TRUE,FALSE,FALSE,0.09519966479155,8477497
2022020306,259,even-strength,74,4,FALSE,FALSE,TRUE,FALSE,FALSE,FALSE,0,8482964
2022020306,404,even-strength,40,-18,FALSE,FALSE,TRUE,FALSE,FALSE,FALSE,0,8481540
2022020306,405,even-strength,39,24,FALSE,FALSE,TRUE,TRUE,TRUE,FALSE,0.017803588688568128,8476469
2022020306,407,even-strength,62,25,FALSE,FALSE,TRUE,TRUE,TRUE,FALSE,0.046291128290107175,8475233
2022020306,408,even-strength,85,12,FALSE,FALSE,TRUE,TRUE,FALSE,FALSE,0.06301820021316418,8481540
2022020306,411,even-strength,53,-23,FALSE,FALSE,TRUE,TRUE,TRUE,FALSE,0.01909578999130408,8476875
2022020306,413,even-strength,64,23,TRUE,FALSE,TRUE,TRUE,TRUE,FALSE,0.06156381537204255,8476875
2022020306,414,even-strength,43,-1,FALSE,TRUE,TRUE,TRUE,TRUE,FALSE,0.11211314520776584,8478133
2022020306,415,even-strength,82,-1,FALSE,TRUE,TRUE,TRUE,FALSE,FALSE,0.29096413422964906,8476469
2022020306,416,even-strength,-18,-38,FALSE,FALSE,TRUE,TRUE,TRUE,FALSE,9.563548727664418e-4,8475233
2022020306,417,even-strength,62,32,FALSE,FALSE,TRUE,TRUE,FALSE,FALSE,0.02325700347183602,8476875
2022020306,421,even-strength,47,20,FALSE,FALSE,TRUE,TRUE,TRUE,TRUE,0.01956911021514891,8482964
2022020306,423,even-strength,84,-3,FALSE,FALSE,TRUE,TRUE,TRUE,TRUE,0.1230858619670375,8475233
2022020306,426,even-strength,78,3,FALSE,FALSE,TRUE,TRUE,TRUE,FALSE,0.15819519993133527,8479543
2022020306,427,even-strength,56,20,FALSE,FALSE,TRUE,TRUE,TRUE,FALSE,0.03080276190219569,8480018
2022020306,429,even-strength,59,-34,FALSE,FALSE,TRUE,TRUE,TRUE,FALSE,0.024382193540558223,8476981
2022020306,436,even-strength,65,-5,FALSE,TRUE,TRUE,FALSE,FALSE,FALSE,0,8480192
2022020306,437,even-strength,73,-11,FALSE,FALSE,TRUE,TRUE,TRUE,FALSE,0.03397895976449249,8477497
2022020306,438,even-strength,40,14,FALSE,FALSE,TRUE,TRUE,TRUE,FALSE,0.026026009643102362,8476875
2022020306,439,even-strength,53,-14,FALSE,FALSE,TRUE,FALSE,FALSE,FALSE,0,8480018
2022020306,441,even-strength,54,18,FALSE,FALSE,TRUE,TRUE,TRUE,FALSE,0.03342361822369441,8476981
2022020306,444,even-strength,53,23,FALSE,FALSE,TRUE,TRUE,TRUE,FALSE,0.02456052807810525,8481523
2022020306,445,even-strength,55,15,FALSE,FALSE,TRUE,TRUE,TRUE,FALSE,0.03442300313613529,8481523
2022020326,154,even-strength,54,-21,FALSE,FALSE,TRUE,TRUE,TRUE,FALSE,0.027234607662275086,8480789
2022020326,155,power-play,79,-9,FALSE,FALSE,TRUE,TRUE,TRUE,FALSE,0.07647389240512248,8475314
2022020326,156,power-play,82,-5,FALSE,TRUE,TRUE,TRUE,TRUE,FALSE,0.1701821573301497,8475314
2022020326,157,even-strength,83,-13,TRUE,FALSE,TRUE,FALSE,FALSE,FALSE,0,8476917
2022020326,158,even-strength,65,-23,FALSE,FALSE,TRUE,FALSE,FALSE,FALSE,0,8477506
2022020326,159,even-strength,81,-14,FALSE,FALSE,TRUE,TRUE,TRUE,FALSE,0.07054069425121325,8480789
2022020326,160,even-strength,72,-5,FALSE,FALSE,TRUE,TRUE,FALSE,FALSE,0.10410964505502085,8470610
2022020326,161,even-strength,42,-32,FALSE,FALSE,TRUE,TRUE,TRUE,FALSE,0.014208718190835665,8476429
2022020326,165,even-strength,72,0,FALSE,FALSE,TRUE,TRUE,FALSE,FALSE,0.11494774292251385,8475231
2022020326,166,even-strength,58,-26,FALSE,FALSE,TRUE,FALSE,FALSE,FALSE,0,8476429
2022020326,169,even-strength,64,25,FALSE,FALSE,TRUE,FALSE,FALSE,FALSE,0,8475314
2022020326,170,even-strength,78,-12,FALSE,FALSE,TRUE,TRUE,TRUE,FALSE,0.04227469645274728,8475231
2022020326,171,even-strength,58,-5,FALSE,FALSE,TRUE,TRUE,TRUE,TRUE,0.0607060526246099,8480789
2022020326,172,even-strength,71,-7,FALSE,FALSE,TRUE,FALSE,FALSE,FALSE,0,8478463
2022020326,175,even-strength,85,-25,TRUE,FALSE,TRUE,TRUE,TRUE,FALSE,0.04203185533048646,8474709
2022020326,177,even-strength,38,-28,FALSE,FALSE,TRUE,TRUE,FALSE,FALSE,0.012953309823374563,8476429
2022020326,178,even-strength,64,12,FALSE,FALSE,TRUE,TRUE,TRUE,FALSE,0.05572520869954638,8474573
2022020326,180,even-strength,65,-4,FALSE,FALSE,TRUE,FALSE,FALSE,FALSE,0,8480865
2022020326,181,even-strength,33,-22,FALSE,FALSE,TRUE,TRUE,TRUE,FALSE,0.011962855776769655,8480865
2022020326,182,even-strength,87,6,FALSE,TRUE,TRUE,FALSE,FALSE,FALSE,0,8478463
2022020326,191,power-play,43,-22,FALSE,FALSE,TRUE,TRUE,FALSE,FALSE,0.04498037148875549,8475754
2022020326,192,power-play,60,-18,FALSE,FALSE,TRUE,TRUE,TRUE,FALSE,0.06344352323568832,8475754
2022020326,193,power-play,63,-17,FALSE,FALSE,TRUE,FALSE,FALSE,FALSE,0,8480865
2022020326,194,power-play,58,23,FALSE,FALSE,TRUE,TRUE,TRUE,FALSE,0.07989104067021151,8478445
2022020326,195,power-play,37,10,FALSE,FALSE,TRUE,TRUE,FALSE,FALSE,0.03793803315770452,8480865
2022020326,196,power-play,86,6,FALSE,TRUE,TRUE,TRUE,TRUE,TRUE,0.29486941710554765,8476419
2022020326,197,even-strength,39,-8,FALSE,FALSE,TRUE,TRUE,FALSE,FALSE,0.024519207858248054,8480865
2022020326,199,even-strength,62,4,FALSE,FALSE,TRUE,FALSE,FALSE,FALSE,0,8477506
2022020326,504,even-strength,56,15,FALSE,FALSE,TRUE,TRUE,TRUE,FALSE,0.03556903591544541,8475754
2022020326,505,power-play,58,1,FALSE,FALSE,TRUE,TRUE,TRUE,FALSE,0.08285158298859809,8478445
2022020326,506,power-play,53,24,FALSE,FALSE,TRUE,TRUE,FALSE,FALSE,0.05950557802801929,8475754
2022020326,511,even-strength,46,25,FALSE,FALSE,TRUE,FALSE,FALSE,FALSE,0,8480865
2022020326,512,even-strength,75,14,FALSE,FALSE,TRUE,TRUE,TRUE,FALSE,0.05358552702968658,8480865
2022020326,513,even-strength,71,1,FALSE,FALSE,TRUE,FALSE,FALSE,FALSE,0,8478445
2022020326,514,even-strength,57,13,FALSE,FALSE,TRUE,FALSE,FALSE,FALSE,0,8476917
2022020326,515,even-strength,71,11,FALSE,FALSE,TRUE,TRUE,FALSE,FALSE,0.049980436436860926,8476917
2022020326,516,even-strength,62,7,FALSE,FALSE,TRUE,FALSE,FALSE,FALSE,0,8480789
2022020326,519,even-strength,52,21,FALSE,FALSE,TRUE,TRUE,TRUE,FALSE,0.02959651558210467,8478463
2022020326,520,even-strength,66,10,FALSE,FALSE,TRUE,FALSE,FALSE,FALSE,0,8481014
2022020326,521,even-strength,66,23,FALSE,FALSE,TRUE,TRUE,FALSE,FALSE,0.03336339415156429,8478445
2022020326,523,even-strength,48,-28,FALSE,FALSE,TRUE,FALSE,FALSE,FALSE,0,8476429
2022020326,524,even-strength,76,13,FALSE,TRUE,TRUE,TRUE,FALSE,FALSE,0.11864793432423146,8470610
2022020326,525,even-strength,60,17,TRUE,FALSE,TRUE,TRUE,FALSE,FALSE,0.05177876576742862,8478463
2022020326,529,even-strength,69,-11,FALSE,FALSE,TRUE,FALSE,FALSE,FALSE,0,8481601
2022020326,530,even-strength,50,-1,FALSE,FALSE,TRUE,FALSE,FALSE,FALSE,0,8473504
2022020326,533,even-strength,55,28,FALSE,FALSE,TRUE,TRUE,TRUE,FALSE,0.024543299561425817,8475231
2022020326,534,even-strength,80,-4,FALSE,FALSE,TRUE,TRUE,FALSE,FALSE,0.09561892186456605,8470610
2022020326,535,even-strength,66,8,FALSE,FALSE,TRUE,TRUE,TRUE,FALSE,0.06492373135976486,8470610
2022020326,536,even-strength,84,2,FALSE,TRUE,TRUE,TRUE,TRUE,FALSE,0.19998934657352468,8470610
2022020326,539,even-strength,0,32,FALSE,FALSE,TRUE,TRUE,TRUE,FALSE,0.032936362167780606,8478463
2022020326,540,even-strength,85,-4,FALSE,FALSE,TRUE,TRUE,TRUE,TRUE,0.11370297628716872,8475754
2022020326,541,power-play,62,15,FALSE,FALSE,TRUE,FALSE,FALSE,FALSE,0,8478445
2022020326,542,power-play,61,18,FALSE,FALSE,TRUE,TRUE,FALSE,FALSE,0.07180805320234002,8478445
2022020326,543,power-play,63,-17,FALSE,FALSE,TRUE,TRUE,FALSE,FALSE,0.0768208047131598,8475754
2022020326,544,power-play,42,27,FALSE,FALSE,TRUE,TRUE,TRUE,FALSE,0.05223276909273545,8480865
2022020326,545,power-play,60,30,FALSE,FALSE,TRUE,TRUE,TRUE,FALSE,0.06606456093601233,8478463
2022020326,546,even-strength,69,5,TRUE,FALSE,TRUE,FALSE,FALSE,FALSE,0,8477506
2022020326,549,even-strength,64,-19,FALSE,FALSE,TRUE,TRUE,FALSE,FALSE,0.044780206474125075,8475231
2022020326,803,even-strength,45,-20,FALSE,FALSE,TRUE,FALSE,FALSE,FALSE,0,8475314
2022020326,806,even-strength,71,16,FALSE,FALSE,TRUE,FALSE,FALSE,FALSE,0,8475754
2022020378,102,even-strength,64,8,TRUE,TRUE,TRUE,FALSE,FALSE,FALSE,0,8480049
2022020378,103,even-strength,64,-29,FALSE,FALSE,TRUE,FALSE,FALSE,FALSE,0,8479591
2022020378,106,power-play,70,-8,FALSE,FALSE,TRUE,TRUE,FALSE,FALSE,0.12406986309048937,8476460
2022020378,107,even-strength,82,-4,FALSE,FALSE,TRUE,FALSE,FALSE,FALSE,0,8482149
2022020378,201,even-strength,35,14,FALSE,FALSE,TRUE,TRUE,FALSE,FALSE,0.015261245068313112,8477504
2022020378,202,even-strength,81,0,FALSE,FALSE,TRUE,FALSE,FALSE,FALSE,0,8482149
2022020378,203,even-strength,54,-26,FALSE,TRUE,TRUE,TRUE,FALSE,FALSE,0.05267679201639025,8480145
2022020378,204,even-strength,66,36,FALSE,FALSE,TRUE,TRUE,TRUE,FALSE,0.025314097533575736,8477357
2022020378,205,even-strength,-59,19,FALSE,FALSE,TRUE,TRUE,TRUE,FALSE,4.1417051381454896e-4,8477220
2022020378,206,even-strength,72,0,TRUE,FALSE,TRUE,TRUE,FALSE,FALSE,0.17205357730558357,8477357
2022020378,209,power-play,56,-18,FALSE,FALSE,TRUE,TRUE,TRUE,FALSE,0.05960623771782342,8471218
2022020378,210,power-play,63,0,FALSE,FALSE,TRUE,TRUE,TRUE,FALSE,0.12515677615350904,8476460
2022020378,213,even-strength,54,31,FALSE,FALSE,TRUE,TRUE,TRUE,FALSE,0.021694749301818556,8479591
2022020378,220,even-strength,81,8,FALSE,FALSE,TRUE,TRUE,TRUE,FALSE,0.054562573689055566,8481019
2022020378,221,even-strength,50,29,FALSE,TRUE,TRUE,FALSE,FALSE,FALSE,0,8475455
2022020378,222,even-strength,48,-31,FALSE,FALSE,TRUE,TRUE,TRUE,FALSE,0.013579891773856899,8481019
2022020378,223,even-strength,73,-1,FALSE,TRUE,TRUE,TRUE,FALSE,FALSE,0.19858062159721918,8478424
2022020378,227,even-strength,43,-11,FALSE,FALSE,TRUE,TRUE,FALSE,FALSE,0.030638400674117622,8477220
2022020378,228,even-strength,63,16,FALSE,FALSE,TRUE,TRUE,TRUE,FALSE,0.037524893450541504,8471218
2022020378,232,even-strength,86,-30,TRUE,FALSE,TRUE,TRUE,FALSE,FALSE,0.050432142032602156,8474040
2022020378,235,even-strength,35,19,FALSE,FALSE,TRUE,TRUE,FALSE,FALSE,0.023813124250671593,8477504
2022020378,236,even-strength,49,-27,FALSE,TRUE,TRUE,TRUE,TRUE,FALSE,0.06277322880223762,8476331
2022020378,238,even-strength,37,-1,FALSE,FALSE,TRUE,TRUE,TRUE,FALSE,0.01862349804588387,8477220
2022020378,239,even-strength,77,0,FALSE,FALSE,TRUE,FALSE,FALSE,FALSE,0,8477220
2022020378,248,power-play,70,24,FALSE,FALSE,TRUE,TRUE,TRUE,FALSE,0.06592590565210465,8478398
2022020378,249,power-play,76,-4,FALSE,FALSE,TRUE,FALSE,FALSE,FALSE,0,8471218
2022020378,351,penalty-kill,65,27,FALSE,FALSE,TRUE,TRUE,TRUE,FALSE,0.020464776652614824,8480289
2022020378,352,penalty-kill,38,6,FALSE,FALSE,TRUE,TRUE,FALSE,FALSE,0.01745920684663344,8475455
2022020378,357,even-strength,61,-34,FALSE,FALSE,TRUE,TRUE,TRUE,FALSE,0.01634085756359378,8479591
2022020378,358,even-strength,85,-6,FALSE,FALSE,TRUE,TRUE,TRUE,FALSE,0.0742365743065458,8474040
2022020378,359,even-strength,79,1,FALSE,FALSE,TRUE,TRUE,TRUE,FALSE,0.11845367309944667,8478398
2022020378,360,even-strength,82,6,FALSE,TRUE,TRUE,TRUE,TRUE,FALSE,0.23112283005652282,8478398
2022020378,365,even-strength,56,2,TRUE,FALSE,TRUE,TRUE,TRUE,FALSE,0.08140055518031286,8474040
2022020378,366,even-strength,65,0,FALSE,FALSE,TRUE,TRUE,TRUE,FALSE,0.10928497638942228,8478398
2022020378,368,even-strength,55,-2,FALSE,FALSE,TRUE,TRUE,FALSE,FALSE,0.03458385724552981,8480145
2022020378,369,even-strength,61,-8,FALSE,TRUE,TRUE,FALSE,FALSE,FALSE,0,8482149
2022020378,372,even-strength,77,17,FALSE,FALSE,TRUE,TRUE,TRUE,FALSE,0.03919694152598637,8479591
2022020378,373,even-strength,56,-17,FALSE,FALSE,TRUE,TRUE,FALSE,FALSE,0.04036589859420784,8477220
2022020378,374,even-strength,71,-1,FALSE,FALSE,TRUE,TRUE,FALSE,FALSE,0.10940610211089653,8480289
2022020378,375,even-strength,62,26,FALSE,FALSE,TRUE,TRUE,TRUE,FALSE,0.05160347367577638,8480145
2022020378,376,even-strength,51,-24,FALSE,FALSE,TRUE,FALSE,FALSE,FALSE,0,8480049
2022020378,377,even-strength,52,17,FALSE,FALSE,TRUE,TRUE,TRUE,FALSE,0.06064765930576704,8479400
2022020378,378,even-strength,78,9,FALSE,FALSE,TRUE,FALSE,FALSE,FALSE,0,8477220
2022020378,379,even-strength,44,-25,FALSE,FALSE,TRUE,TRUE,FALSE,FALSE,0.01580938474075764,8477357
2022020378,381,even-strength,80,-3,FALSE,FALSE,TRUE,FALSE,FALSE,FALSE,0,8477220
2022020378,382,even-strength,75,-1,FALSE,FALSE,TRUE,TRUE,FALSE,FALSE,0.07714187353497069,8471218
2022020378,383,even-strength,75,-11,FALSE,FALSE,TRUE,TRUE,FALSE,FALSE,0.05120206630176941,8482149
2022020378,384,even-strength,62,-12,FALSE,FALSE,TRUE,FALSE,FALSE,FALSE,0,8482149
2022020378,387,even-strength,77,13,FALSE,FALSE,TRUE,FALSE,FALSE,FALSE,0,8476392
2022020378,388,even-strength,78,1,FALSE,TRUE,TRUE,TRUE,TRUE,FALSE,0.22949062704730838,8477357
2022020378,389,even-strength,76,4,FALSE,FALSE,TRUE,TRUE,TRUE,FALSE,0.0686969498798372,8480289
2022020378,390,even-strength,74,3,FALSE,TRUE,TRUE,TRUE,TRUE,FALSE,0.2032644414005872,8480289
2022020378,391,even-strength,38,-12,FALSE,FALSE,TRUE,TRUE,FALSE,FALSE,0.01315721253072382,8477220
2022020378,392,even-strength,49,2,FALSE,TRUE,TRUE,TRUE,TRUE,FALSE,0.09781330355501072,8479400
2022020378,396,even-strength,60,18,FALSE,FALSE,TRUE,FALSE,FALSE,FALSE,0,8480049
2022020378,397,even-strength,66,20,TRUE,FALSE,TRUE,FALSE,FALSE,FALSE,0,8476392
2022020378,398,even-strength,64,-30,FALSE,FALSE,TRUE,TRUE,TRUE,FALSE,0.03590867723432318,8478398
2022020378,399,power-play,64,-31,FALSE,FALSE,TRUE,TRUE,TRUE,FALSE,0.041589679385119975,8471218
2022020378,701,power-play,74,24,FALSE,FALSE,TRUE,TRUE,FALSE,FALSE,0.060186490572907134,8478398
2022020378,702,power-play,58,-13,FALSE,FALSE,TRUE,TRUE,TRUE,FALSE,0.0636948063165936,8471218
2022020378,705,even-strength,75,13,FALSE,FALSE,TRUE,FALSE,FALSE,FALSE,0,8477357
2022020378,706,even-strength,77,-6,FALSE,TRUE,TRUE,FALSE,FALSE,FALSE,0,8480145
2022020378,707,even-strength,89,-12,FALSE,TRUE,TRUE,TRUE,TRUE,FALSE,0.1457198770516308,8476392
2022020378,709,even-strength,85,9,FALSE,FALSE,TRUE,FALSE,FALSE,FALSE,0,8479400
2022020378,713,power-play,51,13,FALSE,FALSE,TRUE,FALSE,FALSE,FALSE,0,8477504
2022020378,714,even-strength,37,28,FALSE,FALSE,TRUE,TRUE,TRUE,FALSE,0.008788963144968093,8481019
2022020378,715,even-strength,62,-2,TRUE,FALSE,TRUE,FALSE,FALSE,FALSE,0,8479400
2022020378,716,even-strength,71,-9,FALSE,FALSE,TRUE,FALSE,FALSE,FALSE,0,8480289
2022020378,717,even-strength,73,-4,FALSE,FALSE,TRUE,TRUE,FALSE,FALSE,0.07735802643316157,8474040
2022020378,721,even-strength,56,28,TRUE,FALSE,TRUE,FALSE,FALSE,FALSE,0,8477220
2022020378,725,even-strength,71,2,FALSE,FALSE,TRUE,TRUE,TRUE,FALSE,0.10208345888439924,8476392
2022020378,726,even-strength,52,-20,FALSE,FALSE,TRUE,FALSE,FALSE,FALSE,0,8479591
2022020378,729,even-strength,58,2,FALSE,FALSE,TRUE,TRUE,FALSE,FALSE,0.06454698497574576,8476460
2022020378,731,power-play,67,-1,FALSE,FALSE,TRUE,TRUE,TRUE,FALSE,0.14446833311458004,8476460
2022020378,732,power-play,40,0,FALSE,FALSE,TRUE,TRUE,FALSE,FALSE,0.04401778297470933,8477504
2022020378,734,power-play,55,29,FALSE,FALSE,TRUE,TRUE,TRUE,FALSE,0.04166394223256136,8478398
2022020378,735,power-play,75,2,FALSE,FALSE,TRUE,TRUE,TRUE,FALSE,0.11982180408249185,8479400
2022020378,736,power-play,57,-20,FALSE,FALSE,TRUE,TRUE,TRUE,FALSE,0.05430143696236709,8471218
2022020378,737,power-play,81,3,FALSE,TRUE,TRUE,TRUE,TRUE,TRUE,0.29299833560010913,8479400
2022020378,739,even-strength,69,2,FALSE,FALSE,TRUE,TRUE,TRUE,FALSE,0.12252833873731524,8480145
2022020378,740,even-strength,75,-5,FALSE,FALSE,TRUE,TRUE,FALSE,FALSE,0.07483759073902803,8474040
2022020378,742,even-strength,62,26,FALSE,FALSE,TRUE,TRUE,FALSE,FALSE,0.05077441507366245,8478398
2022020378,745,even-strength,82,22,TRUE,FALSE,TRUE,TRUE,TRUE,FALSE,0.09689622765457516,8476460
2022020378,746,even-strength,-20,34,FALSE,FALSE,TRUE,FALSE,FALSE,FALSE,0,8471218
2022020378,749,even-strength,42,-2,FALSE,FALSE,TRUE,FALSE,FALSE,FALSE,0,8480145
2022020378,750,even-strength,87,-25,FALSE,FALSE,TRUE,FALSE,FALSE,FALSE,0,8477220
2022020378,951,even-strength,77,22,FALSE,FALSE,TRUE,FALSE,FALSE,FALSE,0,8478424
2022020394,153,even-strength,19,-5,FALSE,FALSE,TRUE,TRUE,TRUE,FALSE,0.00727624041827677,8477454
2022020394,156,even-strength,54,-31,FALSE,FALSE,TRUE,TRUE,TRUE,FALSE,0.0167899273572496,8477946
2022020394,158,even-strength,33,34,FALSE,FALSE,TRUE,TRUE,TRUE,FALSE,0.011638798772010083,8481542
2022020394,160,even-strength,53,-30,FALSE,FALSE,TRUE,TRUE,TRUE,FALSE,0.01571715583379656,8481013
2022020394,162,even-strength,84,2,FALSE,FALSE,TRUE,TRUE,TRUE,TRUE,0.0918943623582606,8478512
2022020394,164,even-strength,83,3,FALSE,FALSE,TRUE,FALSE,FALSE,FALSE,0,8479992
2022020394,166,even-strength,74,-9,FALSE,FALSE,TRUE,TRUE,TRUE,FALSE,0.06678637015923222,8478512
2022020394,167,even-strength,59,7,FALSE,FALSE,TRUE,TRUE,FALSE,FALSE,0.05516754157216346,8476874
2022020394,172,even-strength,61,0,FALSE,FALSE,TRUE,TRUE,TRUE,FALSE,0.05734242661984995,8477429
2022020394,173,even-strength,54,-9,FALSE,FALSE,TRUE,FALSE,FALSE,FALSE,0,8482078
2022020394,174,even-strength,66,3,FALSE,FALSE,TRUE,FALSE,FALSE,FALSE,0,8478512
2022020394,175,even-strength,54,-23,FALSE,FALSE,TRUE,TRUE,FALSE,FALSE,0.02453964440198024,8476897
2022020394,176,even-strength,40,0,FALSE,FALSE,TRUE,TRUE,TRUE,FALSE,0.027814738688626786,8481542
2022020394,179,even-strength,76,4,FALSE,FALSE,TRUE,FALSE,FALSE,FALSE,0,8476874
2022020394,181,power-play,80,-11,FALSE,FALSE,TRUE,TRUE,TRUE,FALSE,0.11666480065560962,8477330
2022020394,182,power-play,81,2,TRUE,FALSE,TRUE,TRUE,TRUE,FALSE,0.1631757954384591,8476897
2022020394,183,power-play,79,-17,FALSE,FALSE,TRUE,TRUE,TRUE,TRUE,0.09178601288559843,8477330
2022020394,184,even-strength,77,9,FALSE,FALSE,TRUE,TRUE,TRUE,FALSE,0.08859839361591527,8480459
2022020394,185,power-play,55,26,FALSE,FALSE,TRUE,TRUE,FALSE,FALSE,0.05902570578197613,8474102
2022020394,186,power-play,62,-20,FALSE,FALSE,TRUE,TRUE,FALSE,FALSE,0.12047683463860556,8474102
2022020394,189,even-strength,80,-6,FALSE,FALSE,TRUE,TRUE,TRUE,FALSE,0.04424098260365226,8480459
2022020394,190,even-strength,54,-24,FALSE,FALSE,TRUE,TRUE,TRUE,FALSE,0.02203158940459953,8477429
2022020394,194,even-strength,53,-12,TRUE,FALSE,TRUE,FALSE,FALSE,FALSE,0,8477330
2022020394,199,power-play,2,-27,FALSE,FALSE,TRUE,TRUE,TRUE,FALSE,0.014717902766329654,8479425
2022020394,200,power-play,83,3,FALSE,FALSE,TRUE,TRUE,TRUE,FALSE,0.2981259167387578,8476897
2022020394,351,power-play,56,-19,FALSE,FALSE,TRUE,TRUE,FALSE,FALSE,0.08764288305187286,8477946
2022020394,352,power-play,78,-9,FALSE,FALSE,TRUE,TRUE,TRUE,FALSE,0.1746936757918246,8477946
2022020394,353,power-play,86,12,FALSE,FALSE,TRUE,TRUE,TRUE,TRUE,0.1725986323913252,8482078
2022020394,355,even-strength,59,-33,FALSE,FALSE,TRUE,TRUE,TRUE,FALSE,0.03814003965598619,8475279
2022020394,356,even-strength,26,28,FALSE,FALSE,TRUE,TRUE,TRUE,FALSE,0.007049289087378362,8480459
2022020394,357,even-strength,84,-4,FALSE,FALSE,TRUE,TRUE,TRUE,FALSE,0.13437759703923322,8480459
2022020394,366,even-strength,67,11,FALSE,FALSE,TRUE,TRUE,FALSE,FALSE,0.0709744151373218,8481013
2022020394,367,even-strength,76,-19,FALSE,FALSE,TRUE,TRUE,TRUE,FALSE,0.05071587390183188,8478512
2022020394,371,penalty-kill,50,-35,FALSE,FALSE,TRUE,TRUE,TRUE,FALSE,0.04373895304508734,8476897
2022020394,372,penalty-kill,84,-11,FALSE,FALSE,TRUE,TRUE,TRUE,FALSE,0.04580251021654955,8479992
2022020394,381,even-strength,60,-12,FALSE,FALSE,TRUE,FALSE,FALSE,FALSE,0,8479425
2022020394,385,even-strength,61,11,FALSE,FALSE,TRUE,TRUE,TRUE,FALSE,0.06127825402870139,8477946
2022020394,386,even-strength,79,14,FALSE,FALSE,TRUE,TRUE,FALSE,FALSE,0.0516434541093134,8481013
2022020394,387,even-strength,87,12,FALSE,FALSE,TRUE,TRUE,TRUE,TRUE,0.057949055884953096,8477429
2022020394,388,even-strength,33,16,FALSE,FALSE,TRUE,TRUE,FALSE,FALSE,0.024325778004629133,8476874
2022020394,389,even-strength,80,-4,FALSE,FALSE,TRUE,FALSE,FALSE,FALSE,0,8479425
2022020394,390,even-strength,73,-1,FALSE,FALSE,TRUE,TRUE,TRUE,FALSE,0.15118275020587466,8474102
2022020394,391,even-strength,87,9,FALSE,TRUE,TRUE,TRUE,FALSE,FALSE,0.11715946584210223,8474102
2022020394,392,even-strength,49,2,FALSE,FALSE,TRUE,FALSE,FALSE,FALSE,0,8481542
2022020394,393,even-strength,61,-25,TRUE,FALSE,TRUE,TRUE,TRUE,FALSE,0.09480420210782993,8480459
2022020394,395,even-strength,86,23,FALSE,FALSE,TRUE,TRUE,TRUE,FALSE,0.04779414394268992,8477330
2022020394,396,even-strength,44,12,FALSE,FALSE,TRUE,FALSE,FALSE,FALSE,0,8476874
2022020394,397,even-strength,61,32,FALSE,FALSE,TRUE,TRUE,TRUE,FALSE,0.04235327218587791,8480813
2022020394,398,even-strength,66,3,FALSE,FALSE,TRUE,FALSE,FALSE,FALSE,0,8475279
2022020394,701,even-strength,47,19,FALSE,FALSE,TRUE,FALSE,FALSE,FALSE,0,8480459
2022020394,702,even-strength,19,-20,FALSE,FALSE,TRUE,TRUE,TRUE,FALSE,0.009633661776545323,8479425
2022020394,703,even-strength,64,-24,FALSE,FALSE,TRUE,TRUE,TRUE,FALSE,0.038131419770092205,8476897
2022020394,705,power-play,60,26,FALSE,FALSE,TRUE,TRUE,TRUE,FALSE,0.07911949337654954,8474102
2022020394,706,power-play,65,23,FALSE,FALSE,TRUE,TRUE,TRUE,FALSE,0.08116045167036652,8474102
2022020394,707,power-play,59,-8,FALSE,FALSE,TRUE,TRUE,TRUE,FALSE,0.08549308174272267,8474102
2022020412,151,even-strength,39,5,FALSE,FALSE,TRUE,FALSE,FALSE,FALSE,0,8482671
2022020412,153,power-play,50,29,FALSE,FALSE,TRUE,TRUE,TRUE,FALSE,0.04330425262731517,8479420
2022020412,154,power-play,80,10,TRUE,TRUE,TRUE,TRUE,TRUE,FALSE,0.18235671239442716,8475784
2022020412,155,power-play,58,-27,FALSE,FALSE,TRUE,TRUE,TRUE,TRUE,0.059341960753910974,8481528
2022020412,156,even-strength,34,4,FALSE,FALSE,TRUE,TRUE,FALSE,FALSE,0.016180196515263087,8476878
2022020412,157,even-strength,60,11,FALSE,FALSE,TRUE,FALSE,FALSE,FALSE,0,8482097
2022020412,159,even-strength,79,9,FALSE,FALSE,TRUE,TRUE,TRUE,TRUE,0.07682710278897013,8479420
2022020412,160,even-strength,62,-14,FALSE,FALSE,TRUE,FALSE,FALSE,FALSE,0,8473449
2022020412,161,even-strength,64,10,FALSE,FALSE,TRUE,TRUE,TRUE,TRUE,0.0622601887750995,8480839
2022020412,519,even-strength,69,8,FALSE,FALSE,TRUE,TRUE,TRUE,FALSE,0.09152056087997813,8479999
2022020412,524,even-strength,8,29,FALSE,FALSE,TRUE,TRUE,TRUE,FALSE,0.00412421533018723,8481522
2022020412,525,even-strength,59,14,FALSE,FALSE,TRUE,FALSE,FALSE,FALSE,0,8480807
2022020412,527,even-strength,63,2,FALSE,FALSE,TRUE,TRUE,TRUE,FALSE,0.11554065640787202,8482097
2022020412,528,even-strength,40,22,FALSE,FALSE,TRUE,TRUE,TRUE,FALSE,0.020436256364246994,8482097
2022020412,541,even-strength,76,-8,FALSE,FALSE,TRUE,FALSE,FALSE,FALSE,0,8482097
2022020424,151,even-strength,69,16,FALSE,FALSE,TRUE,TRUE,TRUE,FALSE,0.0354731630501132,8475172
2022020424,153,even-strength,70,9,FALSE,FALSE,TRUE,FALSE,FALSE,FALSE,0,8475172
2022020424,154,even-strength,46,2,FALSE,FALSE,TRUE,FALSE,FALSE,FALSE,0,8477346
2022020424,156,power-play,72,4,FALSE,FALSE,TRUE,TRUE,TRUE,FALSE,0.11192231392650852,8475172
2022020424,157,power-play,37,-27,FALSE,FALSE,TRUE,TRUE,FALSE,FALSE,0.02568704513240717,8474628
2022020424,158,even-strength,52,25,FALSE,FALSE,TRUE,TRUE,TRUE,FALSE,0.01666179809862488,8474150
2022020424,161,even-strength,70,4,FALSE,FALSE,TRUE,TRUE,FALSE,FALSE,0.0746042966652666,8473473
2022020424,162,even-strength,45,-30,FALSE,TRUE,TRUE,FALSE,FALSE,FALSE,0,8475690
2022020424,164,even-strength,78,-9,FALSE,FALSE,TRUE,TRUE,TRUE,FALSE,0.0732812250981423,8474150
2022020424,165,even-strength,60,4,FALSE,FALSE,TRUE,TRUE,TRUE,FALSE,0.05201184929077947,8476399
2022020424,171,power-play,76,19,FALSE,FALSE,TRUE,TRUE,TRUE,FALSE,0.07832823126556664,8476456
2022020424,172,power-play,57,5,FALSE,FALSE,TRUE,FALSE,FALSE,FALSE,0,8478396
2022020424,173,power-play,82,-7,FALSE,FALSE,TRUE,TRUE,TRUE,FALSE,0.11286265340235123,8475726
2022020424,175,power-play,69,7,FALSE,FALSE,TRUE,FALSE,FALSE,FALSE,0,8474628
2022020424,176,even-strength,64,-41,FALSE,FALSE,TRUE,TRUE,TRUE,FALSE,0.01508865420910445,8478397
2022020424,178,even-strength,73,-10,FALSE,FALSE,TRUE,TRUE,FALSE,FALSE,0.05936083923718956,8478233
2022020424,179,even-strength,69,-5,FALSE,FALSE,TRUE,FALSE,FALSE,FALSE,0,8475690
2022020424,180,even-strength,76,-16,FALSE,FALSE,TRUE,TRUE,FALSE,FALSE,0.04245651351886965,8478233
2022020424,181,even-strength,76,19,FALSE,FALSE,TRUE,TRUE,FALSE,FALSE,0.03475917356001739,8480008
2022020424,182,even-strength,46,-32,FALSE,FALSE,TRUE,TRUE,TRUE,FALSE,0.0162774131319029,8474628
2022020424,183,even-strength,69,-22,FALSE,FALSE,TRUE,TRUE,TRUE,FALSE,0.02750210480342777,8474150
2022020424,185,even-strength,70,-15,FALSE,FALSE,TRUE,TRUE,FALSE,FALSE,0.03876775861838132,8482241
2022020424,186,even-strength,38,24,FALSE,FALSE,TRUE,TRUE,TRUE,FALSE,0.015910436808713582,8478396
2022020424,189,even-strength,72,24,FALSE,FALSE,TRUE,TRUE,FALSE,FALSE,0.03370984709404911,8479346
2022020424,190,even-strength,68,-35,FALSE,FALSE,TRUE,TRUE,TRUE,FALSE,0.020479751848900326,8476399
2022020424,451,even-strength,31,-41,FALSE,FALSE,TRUE,TRUE,FALSE,FALSE,0.007470996255047718,8473453
2022020424,452,power-play,70,-10,FALSE,FALSE,TRUE,FALSE,FALSE,FALSE,0,8478396
2022020540,190,even-strength,66,7,FALSE,FALSE,TRUE,TRUE,TRUE,FALSE,0.0775274342357436,8476960
2022020540,191,even-strength,66,-1,FALSE,FALSE,TRUE,FALSE,FALSE,FALSE,0,8476473
2022020540,192,even-strength,48,-25,FALSE,FALSE,TRUE,TRUE,FALSE,FALSE,0.022185124795135305,8480025
2022020540,193,even-strength,62,11,FALSE,FALSE,TRUE,FALSE,FALSE,FALSE,0,8480798
2022020540,195,power-play,69,-15,FALSE,FALSE,TRUE,TRUE,TRUE,FALSE,0.12142279020748697,8474141
2022020540,197,even-strength,72,-6,FALSE,FALSE,TRUE,TRUE,TRUE,FALSE,0.11284222176061201,8476915
2022020540,198,even-strength,76,-9,FALSE,TRUE,TRUE,FALSE,FALSE,FALSE,0,8480798
2022020540,352,even-strength,36,22,FALSE,FALSE,TRUE,TRUE,FALSE,FALSE,0.014818369397970432,8471677
2022020540,361,even-strength,73,13,FALSE,FALSE,TRUE,TRUE,FALSE,FALSE,0.06783074887551076,8477503
2022020540,364,even-strength,79,5,FALSE,FALSE,TRUE,TRUE,FALSE,FALSE,0.09230977508129834,8476960
2022020540,371,penalty-kill,63,-11,TRUE,FALSE,TRUE,FALSE,FALSE,FALSE,0,8476915
2022020540,380,penalty-kill,22,39,FALSE,FALSE,TRUE,TRUE,FALSE,FALSE,0.0012312921246081553,8476915
2022020540,383,penalty-kill,-57,-13,FALSE,FALSE,TRUE,FALSE,FALSE,FALSE,0,8473604
2022020540,389,power-play,73,-17,FALSE,FALSE,TRUE,FALSE,FALSE,FALSE,0,8477503
2022020540,390,power-play,84,11,FALSE,FALSE,TRUE,TRUE,TRUE,FALSE,0.13617271899627842,8474141
2022020540,391,power-play,64,25,FALSE,FALSE,TRUE,TRUE,FALSE,FALSE,0.0636925102472462,8474870
2022020540,392,power-play,83,-20,FALSE,TRUE,TRUE,TRUE,FALSE,FALSE,0.2133780540130119,8474141
2022020540,393,power-play,34,2,FALSE,FALSE,TRUE,TRUE,TRUE,FALSE,0.04031204113028354,8480070
2022020540,394,power-play,51,-21,FALSE,FALSE,TRUE,TRUE,TRUE,FALSE,0.06654997519874117,8474141
2022020540,395,power-play,48,19,FALSE,FALSE,TRUE,TRUE,TRUE,FALSE,0.10310046878649061,8477503
2022020540,396,power-play,55,16,FALSE,FALSE,TRUE,TRUE,TRUE,FALSE,0.0854112657744051,8477503
2022020540,397,power-play,76,8,FALSE,FALSE,TRUE,TRUE,TRUE,TRUE,0.15896990836457997,8473604
2022020540,398,even-strength,18,0,FALSE,FALSE,TRUE,TRUE,TRUE,FALSE,0.007574101189834968,8478043
2022020540,507,even-strength,85,4,FALSE,TRUE,TRUE,TRUE,FALSE,FALSE,0.24588324462013686,8477450
2022020540,508,even-strength,79,-3,FALSE,TRUE,TRUE,FALSE,FALSE,FALSE,0,8476473
2022020540,512,even-strength,78,8,FALSE,FALSE,TRUE,TRUE,TRUE,FALSE,0.09046333739911115,8480025
2022020540,751,even-strength,31,-30,FALSE,FALSE,TRUE,TRUE,TRUE,FALSE,0.01112304300537775,8477495
2022020540,752,even-strength,20,-17,FALSE,FALSE,TRUE,TRUE,TRUE,FALSE,0.008433250423108966,8477450
2022020540,755,even-strength,82,2,FALSE,TRUE,TRUE,FALSE,FALSE,FALSE,0,8476473
2022020540,756,power-play,59,-13,FALSE,FALSE,TRUE,FALSE,FALSE,FALSE,0,8477503
2022020540,757,power-play,72,-5,FALSE,FALSE,TRUE,TRUE,TRUE,FALSE,0.1268624648030316,8477503
2022020540,758,power-play,61,23,FALSE,FALSE,TRUE,TRUE,FALSE,FALSE,0.06813791992411347,8474141
2022020540,759,power-play,32,-1,FALSE,FALSE,TRUE,TRUE,TRUE,FALSE,0.04281991027668459,8477495
2022020540,760,power-play,77,-3,FALSE,FALSE,TRUE,TRUE,TRUE,FALSE,0.1179790747152559,8474141
2022020540,764,even-strength,71,20,FALSE,FALSE,TRUE,TRUE,TRUE,FALSE,0.06556530288660044,8480798
2022020540,765,even-strength,79,16,FALSE,FALSE,TRUE,TRUE,TRUE,FALSE,0.06846788064135434,8474141
2022020567,26,power-play,82,-2,FALSE,TRUE,TRUE,FALSE,FALSE,FALSE,0,8475314
2022020567,38,even-strength,80,3,FALSE,TRUE,TRUE,TRUE,FALSE,FALSE,0.2512087261645932,8475314
2022020567,151,even-strength,49,-18,TRUE,FALSE,TRUE,FALSE,FALSE,FALSE,0,8474709
2022020567,152,even-strength,37,-32,FALSE,FALSE,TRUE,TRUE,FALSE,FALSE,0.008875027432166756,8476429
2022020567,153,even-strength,55,-31,FALSE,FALSE,TRUE,TRUE,TRUE,FALSE,0.018811298382857743,8470610
2022020567,154,even-strength,76,2,FALSE,FALSE,TRUE,FALSE,FALSE,FALSE,0,8475754
2022020567,155,even-strength,69,-20,FALSE,FALSE,TRUE,TRUE,TRUE,FALSE,0.03631648588500739,8478463
2022020567,159,even-strength,71,-22,FALSE,FALSE,TRUE,TRUE,TRUE,FALSE,0.04582032479786264,8475754
2022020567,160,even-strength,38,-26,FALSE,FALSE,TRUE,TRUE,FALSE,FALSE,0.012236207549258868,8476429
2022020567,161,even-strength,35,-26,FALSE,FALSE,TRUE,TRUE,TRUE,FALSE,0.009679708575013135,8476429
2022020567,164,even-strength,38,29,FALSE,FALSE,TRUE,TRUE,TRUE,FALSE,0.0164092437033731,8480222
2022020567,165,power-play,48,9,FALSE,FALSE,TRUE,FALSE,FALSE,FALSE,0,8480865
2022020567,167,power-play,72,2,FALSE,FALSE,TRUE,TRUE,TRUE,FALSE,0.1008405449794674,8478463
2022020567,174,even-strength,68,-19,FALSE,FALSE,TRUE,TRUE,FALSE,FALSE,0.05076231094916566,8475754
2022020567,175,even-strength,59,-36,FALSE,FALSE,TRUE,TRUE,TRUE,FALSE,0.015955890994920868,8480865
2022020567,176,even-strength,77,-10,FALSE,FALSE,TRUE,TRUE,TRUE,FALSE,0.07167548661476834,8475754
2022020567,178,even-strength,36,-3,FALSE,FALSE,TRUE,TRUE,TRUE,FALSE,0.0314309215187628,8481014
2022020567,179,power-play,74,-6,FALSE,FALSE,TRUE,FALSE,FALSE,FALSE,0,8480865
2022020567,181,power-play,57,18,FALSE,FALSE,TRUE,TRUE,FALSE,FALSE,0.057510900060541575,8482691
2022020567,182,power-play,71,12,FALSE,FALSE,TRUE,TRUE,TRUE,FALSE,0.07377488427328685,8482691
2022020567,183,even-strength,31,31,TRUE,FALSE,TRUE,TRUE,TRUE,FALSE,0.018089854828259602,8481014
2022020567,184,even-strength,80,2,FALSE,FALSE,TRUE,TRUE,TRUE,FALSE,0.11516102196198276,8475231
2022020567,186,even-strength,82,3,FALSE,FALSE,TRUE,TRUE,TRUE,FALSE,0.09964667930894767,8477392
2022020567,187,even-strength,54,21,FALSE,FALSE,TRUE,TRUE,TRUE,FALSE,0.0244910430703357,8474709
2022020567,188,even-strength,56,2,FALSE,FALSE,TRUE,TRUE,TRUE,FALSE,0.04289561417576071,8475231
2022020567,189,even-strength,74,-7,FALSE,FALSE,TRUE,FALSE,FALSE,FALSE,0,8475754
2022020567,190,even-strength,33,29,FALSE,FALSE,TRUE,TRUE,TRUE,FALSE,0.009854512156660703,8480222
2022020567,191,even-strength,79,-5,FALSE,FALSE,TRUE,TRUE,TRUE,FALSE,0.07512198774357141,8475754
2022020567,192,even-strength,33,21,FALSE,FALSE,TRUE,TRUE,TRUE,FALSE,0.015802333938723583,8481014
2022020567,194,even-strength,57,-17,FALSE,FALSE,TRUE,FALSE,FALSE,FALSE,0,8477506
2022020567,199,even-strength,76,21,FALSE,FALSE,TRUE,TRUE,TRUE,FALSE,0.03847130608742608,8475754
2022020567,200,even-strength,82,6,FALSE,FALSE,TRUE,TRUE,FALSE,FALSE,0.06626314902414498,8474573
2022020567,202,even-strength,78,3,FALSE,FALSE,TRUE,TRUE,FALSE,FALSE,0.10151439852010301,8470610
2022020567,204,even-strength,89,17,FALSE,FALSE,TRUE,FALSE,FALSE,FALSE,0,8482691
2022020567,209,even-strength,78,9,FALSE,FALSE,TRUE,TRUE,FALSE,FALSE,0.06189082758918788,8477392
2022020567,210,even-strength,39,-33,TRUE,FALSE,TRUE,FALSE,FALSE,FALSE,0,8477506
2022020567,319,even-strength,87,1,FALSE,TRUE,TRUE,TRUE,TRUE,TRUE,0.2608419859690705,8476419
2022020567,332,even-strength,31,29,FALSE,FALSE,TRUE,TRUE,TRUE,FALSE,0.007867045187323778,8478450
2022020567,402,even-strength,81,-2,TRUE,FALSE,TRUE,TRUE,TRUE,FALSE,0.24423843726447822,8477392
2022020567,406,even-strength,-4,23,FALSE,FALSE,TRUE,TRUE,TRUE,FALSE,0.003109762459963321,8482691
2022020567,408,even-strength,61,1,FALSE,FALSE,TRUE,FALSE,FALSE,FALSE,0,8477506
2022020567,412,power-play,69,21,FALSE,FALSE,TRUE,TRUE,TRUE,TRUE,0.0820534625541618,8478445
2022020567,413,even-strength,53,6,FALSE,TRUE,TRUE,TRUE,TRUE,FALSE,0.08081740783931811,8481014
2022020567,414,even-strength,50,9,FALSE,FALSE,TRUE,TRUE,TRUE,FALSE,0.035587600847478786,8478445
2022020567,415,even-strength,65,-2,TRUE,FALSE,TRUE,FALSE,FALSE,FALSE,0,8481014
2022020567,417,even-strength,85,-2,FALSE,FALSE,TRUE,TRUE,TRUE,FALSE,0.08785322692023971,8475314
2022020567,418,even-strength,81,-18,FALSE,FALSE,TRUE,TRUE,TRUE,FALSE,0.03518216145437017,8475754
2022020567,419,even-strength,37,-26,FALSE,FALSE,TRUE,TRUE,FALSE,FALSE,0.01314223368816299,8480865
2022020567,420,even-strength,79,-33,FALSE,FALSE,TRUE,TRUE,TRUE,FALSE,0.017002266573384394,8480865
2022020567,421,even-strength,89,4,FALSE,FALSE,TRUE,TRUE,FALSE,FALSE,0.04795775199781053,8478445
2022020567,426,even-strength,37,-22,FALSE,FALSE,TRUE,TRUE,FALSE,FALSE,0.014123079999196077,8480865
2022020567,427,even-strength,80,7,FALSE,FALSE,TRUE,TRUE,FALSE,FALSE,0.09333630224401365,8475754
2022020567,429,even-strength,63,-26,FALSE,FALSE,TRUE,FALSE,FALSE,FALSE,0,8477392
2022020567,430,even-strength,33,33,FALSE,FALSE,TRUE,TRUE,FALSE,FALSE,0.008138516776046618,8481014
2022020567,432,even-strength,72,-5,FALSE,FALSE,TRUE,TRUE,TRUE,FALSE,0.09153855236959775,8474573
2022020567,433,even-strength,82,11,FALSE,FALSE,TRUE,FALSE,FALSE,FALSE,0,8475754
2022020567,434,even-strength,53,22,FALSE,FALSE,TRUE,TRUE,TRUE,FALSE,0.02561939964070237,8475754
2022020567,435,even-strength,37,26,FALSE,FALSE,TRUE,TRUE,FALSE,FALSE,0.010614837993331966,8480222
2022020567,437,even-strength,73,5,TRUE,FALSE,TRUE,TRUE,TRUE,FALSE,0.10341019234735556,8475754
2022020567,438,even-strength,82,2,FALSE,FALSE,TRUE,TRUE,FALSE,FALSE,0.09686195646871885,8476419
2022020567,441,even-strength,-43,38,FALSE,FALSE,TRUE,TRUE,TRUE,FALSE,6.840116962372794e-4,8476419
2022020567,604,even-strength,85,-5,FALSE,TRUE,TRUE,TRUE,TRUE,FALSE,0.16054683120154456,8475314
2022020567,608,even-strength,63,18,FALSE,FALSE,TRUE,TRUE,TRUE,FALSE,0.04455375659765119,8475231
2022020567,626,even-strength,56,31,FALSE,FALSE,TRUE,TRUE,TRUE,FALSE,0.03343800657545396,8478463
2022020583,152,even-strength,55,-18,FALSE,FALSE,TRUE,FALSE,FALSE,FALSE,0,8479390
2022020583,153,even-strength,57,37,FALSE,FALSE,TRUE,TRUE,TRUE,FALSE,0.01881254649479081,8473604
2022020583,155,even-strength,46,-3,FALSE,FALSE,TRUE,TRUE,FALSE,FALSE,0.03960706688100877,8477503
2022020583,156,even-strength,85,15,FALSE,TRUE,TRUE,TRUE,TRUE,FALSE,0.10585190155680395,8478452
2022020583,157,even-strength,71,0,FALSE,FALSE,TRUE,TRUE,TRUE,FALSE,0.08352144723259863,8481147
2022020583,159,even-strength,46,33,FALSE,FALSE,TRUE,TRUE,FALSE,FALSE,0.01184676578122455,8477450
2022020583,160,even-strength,69,-3,FALSE,FALSE,TRUE,TRUE,TRUE,FALSE,0.06932800555284677,8478452
2022020583,162,even-strength,59,-37,FALSE,FALSE,TRUE,TRUE,TRUE,FALSE,0.015174624727208937,8471677
2022020583,164,even-strength,41,-38,FALSE,FALSE,TRUE,TRUE,TRUE,FALSE,0.009643286805259084,8476473
2022020583,173,even-strength,57,12,TRUE,FALSE,TRUE,TRUE,TRUE,TRUE,0.08461959472902343,8476960
2022020583,181,even-strength,56,7,FALSE,FALSE,TRUE,TRUE,TRUE,FALSE,0.06316992482747144,8474141
2022020583,182,even-strength,76,-6,FALSE,FALSE,TRUE,TRUE,FALSE,FALSE,0.09597276243984658,8478452
2022020583,183,power-play,82,-7,FALSE,FALSE,TRUE,TRUE,TRUE,FALSE,0.09333970106118951,8473604
2022020583,186,even-strength,48,-22,FALSE,FALSE,TRUE,TRUE,FALSE,FALSE,0.02442131719917907,8477503
2022020583,190,even-strength,55,12,FALSE,FALSE,TRUE,FALSE,FALSE,FALSE,0,8471677
2022020583,193,power-play,52,16,FALSE,FALSE,TRUE,TRUE,TRUE,FALSE,0.0692646013950894,8477495
2022020583,195,power-play,47,-19,FALSE,FALSE,TRUE,TRUE,TRUE,FALSE,0.04470487521208941,8474870
2022020583,302,even-strength,86,-7,FALSE,TRUE,TRUE,TRUE,FALSE,FALSE,0.16103221452106334,8481147
2022020583,305,even-strength,62,10,FALSE,TRUE,TRUE,TRUE,TRUE,FALSE,0.1268862935027701,8480798
2022020583,405,even-strength,53,10,FALSE,FALSE,TRUE,TRUE,TRUE,FALSE,0.03685244842655641,8476473
2022020583,412,even-strength,36,3,FALSE,FALSE,TRUE,TRUE,TRUE,FALSE,0.027451628335286814,8476931
2022020583,415,even-strength,39,-22,FALSE,FALSE,TRUE,TRUE,TRUE,FALSE,0.01575836624456554,8476473
2022020583,417,even-strength,53,14,FALSE,FALSE,TRUE,TRUE,FALSE,FALSE,0.05111396189431668,8482192
2022020583,419,power-play,74,2,FALSE,FALSE,TRUE,TRUE,FALSE,FALSE,0.10111036839522498,8479390
2022020583,420,power-play,63,-4,FALSE,FALSE,TRUE,FALSE,FALSE,FALSE,0,8477503
2022020583,421,power-play,81,1,FALSE,FALSE,TRUE,TRUE,FALSE,FALSE,0.13985967954078268,8479390
2022020583,427,even-strength,64,31,FALSE,FALSE,TRUE,TRUE,TRUE,FALSE,0.024803847026212737,8480798
2022020583,429,even-strength,66,5,FALSE,FALSE,TRUE,TRUE,FALSE,FALSE,0.06937558203390962,8477495
2022020583,430,even-strength,69,19,FALSE,FALSE,TRUE,FALSE,FALSE,FALSE,0,8476931
2022020583,431,even-strength,67,19,FALSE,FALSE,TRUE,TRUE,FALSE,FALSE,0.04075720652092354,8478043
2022020583,434,even-strength,57,-14,FALSE,FALSE,TRUE,TRUE,TRUE,FALSE,0.04544161906595256,8476960
2022020583,436,even-strength,73,-36,FALSE,FALSE,TRUE,TRUE,TRUE,FALSE,0.018514627046389596,8477495
2022020583,437,even-strength,38,29,FALSE,FALSE,TRUE,TRUE,FALSE,FALSE,0.01488309370409481,8471677
2022020583,438,even-strength,36,10,FALSE,FALSE,TRUE,TRUE,TRUE,FALSE,0.016253274612313556,8476473
2022020583,439,even-strength,64,23,FALSE,FALSE,TRUE,TRUE,TRUE,FALSE,0.03347275935614717,8473604
2022020583,441,even-strength,45,18,FALSE,FALSE,TRUE,TRUE,FALSE,FALSE,0.021076094630288384,8473604
2022020583,448,even-strength,64,7,FALSE,FALSE,TRUE,FALSE,FALSE,FALSE,0,8482192
2022020583,701,even-strength,58,-25,FALSE,FALSE,TRUE,TRUE,TRUE,FALSE,0.0271398844456301,8477495
2022020583,702,power-play,39,7,FALSE,FALSE,TRUE,TRUE,FALSE,FALSE,0.04622407546269205,8477495
2022020583,703,power-play,68,-1,FALSE,FALSE,TRUE,TRUE,TRUE,FALSE,0.10019993408191165,8477503
2022020583,704,power-play,82,-1,FALSE,FALSE,TRUE,TRUE,TRUE,FALSE,0.15647216137239126,8479390
2022020583,705,power-play,61,-33,FALSE,FALSE,TRUE,TRUE,FALSE,FALSE,0.05435429254618737,8477503
2022020583,706,power-play,48,13,FALSE,FALSE,TRUE,TRUE,TRUE,FALSE,0.08564220107934505,8474141
2022020583,707,power-play,52,-25,FALSE,FALSE,TRUE,TRUE,FALSE,FALSE,0.07061643804790321,8477503
2022020583,708,power-play,49,-25,FALSE,FALSE,TRUE,TRUE,TRUE,FALSE,0.0801480962567235,8477503
2022020583,709,power-play,68,25,FALSE,FALSE,TRUE,TRUE,TRUE,FALSE,0.08016497188993367,8474141
2022020583,710,power-play,59,-35,FALSE,FALSE,TRUE,TRUE,TRUE,FALSE,0.051411103535728774,8474141
2022020601,9,even-strength,82,10,FALSE,FALSE,TRUE,TRUE,FALSE,FALSE,0.10687337358162932,8481422
2022020601,10,even-strength,47,-32,FALSE,FALSE,TRUE,TRUE,TRUE,FALSE,0.02014419957966919,8481422
2022020601,11,even-strength,84,10,FALSE,FALSE,TRUE,TRUE,FALSE,FALSE,0.052477982029400974,8480355
2022020601,12,even-strength,73,2,FALSE,FALSE,TRUE,FALSE,FALSE,FALSE,0,8480073
2022020601,13,even-strength,68,-4,TRUE,TRUE,TRUE,TRUE,TRUE,FALSE,0.283225472638156,8475766
2022020601,14,even-strength,37,-29,FALSE,FALSE,TRUE,TRUE,TRUE,FALSE,0.014661634610174045,8474612
2022020601,22,even-strength,42,1,FALSE,FALSE,TRUE,FALSE,FALSE,FALSE,0,8478469
2022020601,24,even-strength,39,3,FALSE,FALSE,TRUE,TRUE,FALSE,FALSE,0.03753659762225339,8482116
2022020601,26,even-strength,80,13,TRUE,FALSE,TRUE,TRUE,TRUE,FALSE,0.08921507312080554,8481596
2022020601,27,power-play,42,-3,FALSE,FALSE,TRUE,TRUE,TRUE,FALSE,0.045845647805462596,8478469
2022020601,28,power-play,85,-8,FALSE,FALSE,TRUE,TRUE,FALSE,FALSE,0.08232375196761497,8473544
2022020601,30,even-strength,65,-2,TRUE,FALSE,TRUE,TRUE,TRUE,FALSE,0.19521941682643948,8480801
2022020601,31,even-strength,62,17,FALSE,FALSE,TRUE,TRUE,TRUE,FALSE,0.030413236597991694,8482116
2022020601,32,even-strength,51,4,FALSE,FALSE,TRUE,TRUE,TRUE,FALSE,0.041782559941502,8479337
2022020601,34,even-strength,80,3,FALSE,FALSE,TRUE,TRUE,FALSE,FALSE,0.14531745344223365,8479337
2022020601,37,even-strength,52,-29,FALSE,FALSE,TRUE,TRUE,TRUE,FALSE,0.023719932297481667,8480801
2022020601,39,even-strength,74,6,FALSE,FALSE,TRUE,FALSE,FALSE,FALSE,0,8481596
2022020601,47,even-strength,43,5,FALSE,FALSE,TRUE,TRUE,TRUE,FALSE,0.033449852148901796,8478469
2022020601,48,power-play,57,-1,FALSE,FALSE,TRUE,TRUE,TRUE,FALSE,0.07835291313437635,8482116
2022020601,49,power-play,42,-1,FALSE,FALSE,TRUE,TRUE,TRUE,FALSE,0.0379848941002275,8478469
2022020601,154,even-strength,83,-9,FALSE,FALSE,TRUE,TRUE,TRUE,FALSE,0.061804305946375926,8475766
2022020601,156,even-strength,33,26,TRUE,FALSE,TRUE,TRUE,FALSE,FALSE,0.015153945442335589,8480073
2022020601,199,even-strength,57,-23,FALSE,FALSE,TRUE,TRUE,TRUE,FALSE,0.03861170552298682,8482245
2022020601,251,even-strength,92,-11,FALSE,TRUE,TRUE,TRUE,FALSE,FALSE,0.15641834634858984,8473544
2022020601,301,power-play,78,-1,FALSE,FALSE,TRUE,TRUE,TRUE,TRUE,0.17231912223838897,8473544
2022020601,302,even-strength,52,-9,FALSE,FALSE,TRUE,TRUE,TRUE,TRUE,0.047079442444517755,8482116
2022020601,305,power-play,55,-13,FALSE,FALSE,TRUE,TRUE,TRUE,TRUE,0.06826241193808413,8480208
2022020601,306,even-strength,58,14,FALSE,FALSE,TRUE,TRUE,TRUE,FALSE,0.03902400442371682,8473512
2022020601,307,even-strength,43,-22,FALSE,FALSE,TRUE,FALSE,FALSE,FALSE,0,8474207
2022020601,308,even-strength,59,-10,TRUE,FALSE,TRUE,TRUE,TRUE,FALSE,0.08569608275841768,8473512
2022020601,309,even-strength,71,-3,FALSE,FALSE,TRUE,FALSE,FALSE,FALSE,0,8473512
2022020601,310,power-play,76,1,FALSE,FALSE,TRUE,FALSE,FALSE,FALSE,0,8480801
2022020601,311,power-play,38,3,FALSE,FALSE,TRUE,TRUE,TRUE,FALSE,0.045202973876702954,8480801
2022020601,312,power-play,74,3,FALSE,FALSE,TRUE,TRUE,TRUE,FALSE,0.1640182181700295,8480801
2022020601,313,power-play,59,-8,FALSE,FALSE,TRUE,TRUE,TRUE,FALSE,0.09341392146597599,8480208
2022020601,314,even-strength,53,-18,FALSE,FALSE,TRUE,FALSE,FALSE,FALSE,0,8474612
2022020601,315,even-strength,67,11,FALSE,TRUE,TRUE,FALSE,FALSE,FALSE,0,8482105
2022020601,317,even-strength,72,31,TRUE,FALSE,TRUE,TRUE,TRUE,FALSE,0.04557973884094007,8478469
2022020601,318,even-strength,35,-33,TRUE,FALSE,TRUE,TRUE,TRUE,FALSE,0.028498454285714923,8480448
2022020601,329,even-strength,52,15,TRUE,FALSE,TRUE,TRUE,FALSE,FALSE,0.07808380613254678,8480208
2022020601,330,even-strength,51,-20,FALSE,FALSE,TRUE,FALSE,FALSE,FALSE,0,8482245
2022020601,331,power-play,80,-13,FALSE,FALSE,TRUE,TRUE,FALSE,FALSE,0.10180067950920538,8482116
2022020601,332,power-play,80,17,FALSE,FALSE,TRUE,TRUE,TRUE,FALSE,0.1150617687207631,8479337
2022020601,333,power-play,86,11,FALSE,TRUE,TRUE,TRUE,TRUE,FALSE,0.2547388475530667,8479337
2022020601,336,even-strength,78,2,FALSE,FALSE,TRUE,FALSE,FALSE,FALSE,0,8478469
2022020601,337,even-strength,66,0,TRUE,FALSE,TRUE,TRUE,FALSE,FALSE,0.15767065537847416,8480208
2022020601,338,even-strength,37,-27,FALSE,FALSE,TRUE,TRUE,TRUE,FALSE,0.01203884542563962,8474207
2022020601,339,even-strength,69,6,FALSE,FALSE,TRUE,FALSE,FALSE,FALSE,0,8480073
2022020601,346,even-strength,76,32,FALSE,FALSE,TRUE,TRUE,TRUE,FALSE,0.03936786220140179,8480801
2022020601,347,even-strength,64,-15,TRUE,FALSE,TRUE,TRUE,TRUE,FALSE,0.1342880085392413,8480208
2022020601,348,even-strength,90,-9,FALSE,FALSE,TRUE,TRUE,FALSE,FALSE,0.07754647736598855,8480355
2022020601,349,even-strength,60,-16,FALSE,FALSE,TRUE,FALSE,FALSE,FALSE,0,8482116
2022020601,350,even-strength,53,-20,FALSE,FALSE,TRUE,FALSE,FALSE,FALSE,0,8474612
2022020601,460,even-strength,86,15,FALSE,FALSE,TRUE,FALSE,FALSE,FALSE,0,8480801
2022020601,462,power-play,87,7,FALSE,FALSE,TRUE,TRUE,TRUE,FALSE,0.12020683715566205,8480208
2022020601,479,power-play,87,-12,FALSE,TRUE,TRUE,TRUE,TRUE,FALSE,0.3239453167077789,8478469
2022020601,905,penalty-kill,65,20,FALSE,FALSE,TRUE,TRUE,TRUE,FALSE,0.07319201206246542,8475766
2022020601,906,even-strength,64,15,FALSE,FALSE,TRUE,TRUE,TRUE,FALSE,0.03975848737427625,8481596
2022020601,907,even-strength,60,1,FALSE,FALSE,TRUE,FALSE,FALSE,FALSE,0,8480073
2022020629,153,even-strength,69,22,FALSE,FALSE,TRUE,TRUE,TRUE,FALSE,0.030886526329010216,8476958
2022020629,154,even-strength,51,35,FALSE,FALSE,TRUE,TRUE,TRUE,FALSE,0.015154290718796868,8480830
2022020629,155,even-strength,82,4,FALSE,FALSE,TRUE,TRUE,FALSE,FALSE,0.11923918542462393,8478427
2022020629,156,even-strength,48,-21,FALSE,FALSE,TRUE,TRUE,TRUE,FALSE,0.01831551813688401,8470613
2022020629,157,even-strength,82,5,FALSE,FALSE,TRUE,TRUE,TRUE,FALSE,0.06930781029678652,8482093
2022020629,159,even-strength,54,-19,FALSE,FALSE,TRUE,FALSE,FALSE,FALSE,0,8479639
2022020629,160,power-play,52,-24,FALSE,FALSE,TRUE,TRUE,FALSE,FALSE,0.033812468501916486,8470613
2022020629,161,power-play,50,-28,FALSE,FALSE,TRUE,TRUE,TRUE,FALSE,0.03437380379907033,8476882
2022020629,162,even-strength,73,-16,FALSE,FALSE,TRUE,TRUE,TRUE,FALSE,0.03579648265702211,8476958
2022020629,163,even-strength,68,33,FALSE,FALSE,TRUE,TRUE,TRUE,FALSE,0.01680571553746173,8476958
2022020629,164,even-strength,46,14,FALSE,FALSE,TRUE,FALSE,FALSE,FALSE,0,8470613
2022020629,165,power-play,65,16,FALSE,TRUE,TRUE,TRUE,TRUE,FALSE,0.1591823898938499,8480829
2022020629,167,power-play,81,3,FALSE,TRUE,TRUE,TRUE,TRUE,FALSE,0.28090355819280616,8471669
2022020629,170,even-strength,65,28,FALSE,FALSE,TRUE,TRUE,TRUE,FALSE,0.023583733534145272,8480039
2022020629,171,even-strength,37,-30,FALSE,FALSE,TRUE,TRUE,TRUE,FALSE,0.012226434015552682,8470613
2022020629,174,even-strength,55,16,FALSE,FALSE,TRUE,TRUE,TRUE,FALSE,0.040361394158388034,8482093
2022020629,175,even-strength,56,-13,FALSE,FALSE,TRUE,FALSE,FALSE,FALSE,0,8480830
2022020629,176,even-strength,31,-8,TRUE,FALSE,TRUE,FALSE,FALSE,FALSE,0,8477488
2022020629,180,even-strength,31,-9,FALSE,FALSE,TRUE,TRUE,TRUE,FALSE,0.012926609567704745,8478970
2022020629,181,even-strength,79,10,FALSE,FALSE,TRUE,FALSE,FALSE,FALSE,0,8480830
2022020629,185,even-strength,72,13,FALSE,FALSE,TRUE,TRUE,TRUE,FALSE,0.06094519853523958,8480829
2022020629,186,even-strength,44,13,FALSE,FALSE,TRUE,FALSE,FALSE,FALSE,0,8476958
2022020629,187,even-strength,38,-19,FALSE,FALSE,TRUE,TRUE,TRUE,FALSE,0.018340645225086247,8477488
2022020629,188,even-strength,80,-1,FALSE,TRUE,TRUE,TRUE,TRUE,FALSE,0.25787007535924034,8471669
2022020629,189,penalty-kill,77,-2,FALSE,FALSE,TRUE,TRUE,TRUE,FALSE,0.12050475337203012,8476882
2022020629,193,even-strength,75,5,FALSE,FALSE,TRUE,TRUE,TRUE,FALSE,0.08175735753299092,8478427
2022020629,194,even-strength,55,24,FALSE,FALSE,TRUE,FALSE,FALSE,FALSE,0,8478970
2022020629,195,even-strength,57,28,FALSE,FALSE,TRUE,TRUE,TRUE,FALSE,0.016260020330085244,8476921
2022020629,199,even-strength,61,7,FALSE,FALSE,TRUE,TRUE,TRUE,FALSE,0.05640329112456183,8474613
2022020629,200,even-strength,42,-24,FALSE,FALSE,TRUE,TRUE,TRUE,FALSE,0.022008309869884234,8482093
2022020629,351,even-strength,64,-5,FALSE,TRUE,TRUE,TRUE,TRUE,TRUE,0.12053091735222743,8474157
2022020629,352,even-strength,61,-7,FALSE,FALSE,TRUE,TRUE,TRUE,FALSE,0.07395970380658831,8473533
2022020629,354,power-play,36,2,FALSE,FALSE,TRUE,TRUE,FALSE,FALSE,0.05159619640053486,8477488
2022020629,356,penalty-kill,48,19,FALSE,FALSE,TRUE,TRUE,TRUE,FALSE,0.02325403555773318,8478427
2022020629,358,penalty-kill,-54,-32,FALSE,FALSE,TRUE,TRUE,TRUE,FALSE,0.0013298437010323676,8470613
2022020629,359,even-strength,77,-8,FALSE,FALSE,TRUE,TRUE,FALSE,FALSE,0.05010328638795819,8471669
2022020629,360,even-strength,35,-26,FALSE,FALSE,TRUE,TRUE,TRUE,FALSE,0.01002362748731766,8479639
2022020629,361,even-strength,84,-2,FALSE,FALSE,TRUE,TRUE,TRUE,FALSE,0.09309595299328886,8478427
2022020629,362,even-strength,51,-26,FALSE,FALSE,TRUE,TRUE,TRUE,FALSE,0.019117610173585736,8479639
2022020629,363,even-strength,61,-14,FALSE,FALSE,TRUE,FALSE,FALSE,FALSE,0,8479639
2022020629,366,power-play,50,1,FALSE,FALSE,TRUE,TRUE,TRUE,TRUE,0.04565999449357198,8476869
2022020629,368,even-strength,41,-8,FALSE,FALSE,TRUE,TRUE,TRUE,FALSE,0.02415714587324303,8476958
2022020629,369,power-play,49,-18,FALSE,FALSE,TRUE,TRUE,FALSE,FALSE,0.04808835704485472,8474157
2022020629,370,power-play,67,-19,FALSE,FALSE,TRUE,TRUE,TRUE,TRUE,0.05955534752091914,8474157
2022020629,371,even-strength,41,30,FALSE,FALSE,TRUE,TRUE,FALSE,FALSE,0.016095003477750856,8476869
2022020629,372,even-strength,59,10,FALSE,FALSE,TRUE,TRUE,FALSE,FALSE,0.04326178776031626,8474157
2022020629,375,even-strength,77,4,FALSE,FALSE,TRUE,TRUE,TRUE,FALSE,0.10733391211734666,8476869
2022020629,376,even-strength,77,8,FALSE,FALSE,TRUE,TRUE,FALSE,FALSE,0.06027927733287937,8471669
2022020629,378,even-strength,44,-39,FALSE,FALSE,TRUE,TRUE,TRUE,FALSE,0.010026108658083333,8479639
2022020629,379,even-strength,67,-16,FALSE,FALSE,TRUE,FALSE,FALSE,FALSE,0,8480039
2022020629,380,even-strength,70,9,FALSE,FALSE,TRUE,TRUE,TRUE,FALSE,0.06753134549504901,8474613
2022020629,381,even-strength,52,-27,FALSE,TRUE,TRUE,TRUE,TRUE,FALSE,0.06873788354092163,8479639
2022020629,382,even-strength,50,-24,FALSE,FALSE,TRUE,FALSE,FALSE,FALSE,0,8477488
2022020629,385,even-strength,43,23,FALSE,FALSE,TRUE,TRUE,FALSE,FALSE,0.022093131029649292,8476869
2022020629,386,even-strength,52,22,FALSE,FALSE,TRUE,TRUE,TRUE,FALSE,0.02186817886418059,8482093
2022020629,387,even-strength,68,1,FALSE,FALSE,TRUE,FALSE,FALSE,FALSE,0,8470613
2022020629,388,even-strength,60,10,FALSE,FALSE,TRUE,TRUE,FALSE,FALSE,0.034549721775605065,8476958
2022020629,391,power-play,43,22,FALSE,FALSE,TRUE,TRUE,TRUE,FALSE,0.045047011235513704,8470613
2022020629,392,power-play,71,6,FALSE,FALSE,TRUE,TRUE,TRUE,FALSE,0.08523003651870921,8480830
2022020629,393,power-play,67,17,FALSE,FALSE,TRUE,TRUE,FALSE,FALSE,0.03304970229018332,8480830
2022020629,394,even-strength,45,-1,FALSE,FALSE,TRUE,TRUE,FALSE,FALSE,0.031829750053087816,8477488
2022020629,395,even-strength,46,-5,FALSE,FALSE,TRUE,TRUE,TRUE,FALSE,0.034386772761295065,8480830
2022020629,503,even-strength,87,10,FALSE,FALSE,TRUE,TRUE,TRUE,FALSE,0.04781916232487801,8476921
2022020629,508,even-strength,66,-9,FALSE,TRUE,TRUE,TRUE,FALSE,FALSE,0.14624047372373278,8479639
2022020629,509,even-strength,75,-1,FALSE,FALSE,TRUE,TRUE,TRUE,FALSE,0.10570762227095064,8480039
2022020629,510,even-strength,79,9,FALSE,TRUE,TRUE,TRUE,TRUE,FALSE,0.1905262193963734,8480039
2022020629,511,even-strength,45,29,FALSE,FALSE,TRUE,FALSE,FALSE,FALSE,0,8476958
2022020662,54,even-strength,80,-8,FALSE,FALSE,TRUE,TRUE,FALSE,FALSE,0.07163646011717806,8473533
2022020662,55,even-strength,65,8,FALSE,FALSE,TRUE,TRUE,FALSE,FALSE,0.055877126657072874,8475855
2022020662,57,even-strength,84,-5,FALSE,FALSE,TRUE,TRUE,TRUE,FALSE,0.074871028282344,8480039
2022020662,64,even-strength,58,-38,FALSE,FALSE,TRUE,TRUE,TRUE,TRUE,0.023435095078474435,8477488
2022020662,66,even-strength,56,-22,FALSE,FALSE,TRUE,TRUE,TRUE,FALSE,0.03479009674595321,8478970
2022020662,69,even-strength,78,22,FALSE,FALSE,TRUE,TRUE,TRUE,FALSE,0.05130139435443087,8480830
2022020662,75,even-strength,53,-27,FALSE,FALSE,TRUE,TRUE,TRUE,FALSE,0.03234059315481524,8478970
2022020662,76,even-strength,84,-16,FALSE,FALSE,TRUE,TRUE,TRUE,FALSE,0.03719652191514206,8478427
2022020662,78,even-strength,58,-16,FALSE,FALSE,TRUE,FALSE,FALSE,FALSE,0,8476869
2022020662,79,even-strength,85,4,FALSE,FALSE,TRUE,TRUE,TRUE,FALSE,0.05083443648544367,8476474
2022020662,81,even-strength,59,6,FALSE,FALSE,TRUE,FALSE,FALSE,FALSE,0,8476882
2022020662,83,even-strength,64,0,FALSE,FALSE,TRUE,FALSE,FALSE,FALSE,0,8480830
2022020662,87,even-strength,85,3,FALSE,FALSE,TRUE,TRUE,TRUE,TRUE,0.10160360709283744,8470613
2022020662,90,even-strength,86,-3,FALSE,FALSE,TRUE,TRUE,TRUE,FALSE,0.0957469538509116,8480039
2022020662,92,power-play,72,0,FALSE,FALSE,TRUE,FALSE,FALSE,FALSE,0,8470613
2022020662,94,even-strength,66,7,FALSE,FALSE,TRUE,FALSE,FALSE,FALSE,0,8480829
2022020662,95,even-strength,33,24,FALSE,FALSE,TRUE,TRUE,TRUE,FALSE,0.013804839775168226,8476869
2022020662,99,even-strength,83,-27,FALSE,FALSE,TRUE,TRUE,FALSE,FALSE,0.05224077513286228,8480039
2022020662,100,even-strength,69,-4,FALSE,TRUE,TRUE,FALSE,FALSE,FALSE,0,8480830
2022020662,202,power-play,87,-6,FALSE,TRUE,TRUE,TRUE,TRUE,FALSE,0.25696232915184,8471669
2022020662,203,even-strength,48,4,FALSE,FALSE,TRUE,FALSE,FALSE,FALSE,0,8475177
2022020662,251,even-strength,60,6,FALSE,FALSE,TRUE,TRUE,TRUE,FALSE,0.0580331951854945,8476869
2022020662,253,even-strength,35,-31,FALSE,FALSE,TRUE,TRUE,FALSE,FALSE,0.012894827940592862,8476958
2022020662,271,even-strength,78,4,FALSE,FALSE,TRUE,TRUE,TRUE,FALSE,0.10887885490899474,8473533
2022020662,276,even-strength,71,13,FALSE,FALSE,TRUE,FALSE,FALSE,FALSE,0,8478427
2022020662,277,even-strength,48,19,TRUE,FALSE,TRUE,TRUE,FALSE,FALSE,0.06111565033177862,8480039
2022020662,278,even-strength,36,-29,FALSE,FALSE,TRUE,TRUE,TRUE,FALSE,0.014648272518997085,8477488
2022020662,279,even-strength,33,-16,FALSE,FALSE,TRUE,TRUE,TRUE,FALSE,0.029509379254168258,8478970
2022020662,280,even-strength,37,18,FALSE,FALSE,TRUE,TRUE,FALSE,FALSE,0.015705978726205053,8475177
2022020662,281,even-strength,45,-23,FALSE,FALSE,TRUE,TRUE,FALSE,FALSE,0.024731107697601513,8480039
2022020662,285,even-strength,65,9,FALSE,FALSE,TRUE,TRUE,TRUE,FALSE,0.07517378062482048,8476474
2022020662,286,even-strength,62,-12,FALSE,FALSE,TRUE,FALSE,FALSE,FALSE,0,8476921
2022020662,287,even-strength,75,6,FALSE,FALSE,TRUE,TRUE,TRUE,FALSE,0.0618418407665956,8476474
2022020662,288,even-strength,83,-10,FALSE,TRUE,TRUE,TRUE,FALSE,FALSE,0.15012904894194895,8476921
2022020662,289,power-play,60,-22,FALSE,FALSE,TRUE,TRUE,TRUE,FALSE,0.07780366667445203,8480829
2022020662,290,power-play,53,-24,FALSE,FALSE,TRUE,TRUE,FALSE,FALSE,0.048214656821511284,8480829
2022020662,291,power-play,35,-17,FALSE,FALSE,TRUE,TRUE,TRUE,FALSE,0.03530719954179991,8470613
2022020662,292,power-play,82,10,FALSE,FALSE,TRUE,TRUE,TRUE,FALSE,0.11556410843405508,8480830
2022020662,293,power-play,70,2,FALSE,FALSE,TRUE,FALSE,FALSE,FALSE,0,8470613
2022020662,295,even-strength,47,5,FALSE,FALSE,TRUE,TRUE,TRUE,FALSE,0.0487473207605364,8476921
2022020662,300,even-strength,34,-16,FALSE,FALSE,TRUE,TRUE,TRUE,FALSE,0.008012697764586829,8480830
2022020662,453,penalty-kill,49,27,FALSE,FALSE,TRUE,TRUE,TRUE,FALSE,0.04848360044261136,8478427
2022020662,455,penalty-kill,81,1,FALSE,FALSE,TRUE,TRUE,TRUE,TRUE,0.3283184168875205,8478970
2022020662,458,even-strength,61,-1,FALSE,FALSE,TRUE,FALSE,FALSE,FALSE,0,8482093
2022020662,459,even-strength,52,-2,FALSE,FALSE,TRUE,FALSE,FALSE,FALSE,0,8477488
2022020662,460,even-strength,67,1,TRUE,FALSE,TRUE,TRUE,TRUE,FALSE,0.20178929698618703,8482093
2022020662,461,even-strength,86,10,TRUE,TRUE,TRUE,TRUE,FALSE,FALSE,0.18686271443905786,8482093
2022020662,462,even-strength,68,4,FALSE,FALSE,TRUE,TRUE,TRUE,FALSE,0.0944664759724678,8476921
2022020662,463,even-strength,65,-17,FALSE,FALSE,TRUE,FALSE,FALSE,FALSE,0,8476921
2022020662,464,even-strength,56,12,FALSE,FALSE,TRUE,FALSE,FALSE,FALSE,0,8478427
2022020662,465,even-strength,76,8,FALSE,FALSE,TRUE,TRUE,TRUE,FALSE,0.07403208279275955,8482093
2022020662,466,power-play,54,-25,FALSE,FALSE,TRUE,TRUE,TRUE,FALSE,0.052862601651440605,8480830
2022020662,467,power-play,58,6,FALSE,FALSE,TRUE,TRUE,FALSE,FALSE,0.11779165632846224,8476882
2022020662,468,power-play,55,-18,FALSE,FALSE,TRUE,TRUE,TRUE,FALSE,0.06509307710371934,8478427
2022020662,469,power-play,71,-17,FALSE,FALSE,TRUE,TRUE,TRUE,FALSE,0.07731160361140893,8478427
2022020662,470,power-play,52,-24,FALSE,FALSE,TRUE,TRUE,TRUE,FALSE,0.06133385464429315,8478427
2022020662,471,even-strength,66,6,FALSE,FALSE,TRUE,FALSE,FALSE,FALSE,0,8476882
2022020662,473,power-play,81,7,FALSE,FALSE,TRUE,TRUE,FALSE,FALSE,0.13333708824421953,8476474
2022020662,474,power-play,68,-4,FALSE,FALSE,TRUE,FALSE,FALSE,FALSE,0,8480039
2022020662,475,even-strength,76,7,FALSE,FALSE,TRUE,TRUE,TRUE,FALSE,0.10551748887008858,8478427
2022020662,476,even-strength,72,13,FALSE,FALSE,TRUE,TRUE,TRUE,FALSE,0.047856410710759294,8477488
2022020662,477,even-strength,76,-3,FALSE,TRUE,TRUE,TRUE,TRUE,TRUE,0.2705144530990622,8477488
2022020662,478,even-strength,54,-1,FALSE,FALSE,TRUE,TRUE,TRUE,FALSE,0.06049817462304178,8480830
2022020662,484,even-strength,49,-29,FALSE,FALSE,TRUE,TRUE,TRUE,FALSE,0.022021739624817,8470613
2022020662,486,even-strength,59,-3,FALSE,FALSE,TRUE,FALSE,FALSE,FALSE,0,8477488
2022020662,487,even-strength,81,2,FALSE,TRUE,TRUE,TRUE,TRUE,FALSE,0.34939848449201005,8480829
2022020662,488,even-strength,49,3,FALSE,FALSE,TRUE,TRUE,TRUE,TRUE,0.037314938799229064,8476958
2022020662,490,even-strength,42,23,FALSE,FALSE,TRUE,TRUE,FALSE,FALSE,0.018219673415961188,8475177
2022020662,491,even-strength,55,-5,FALSE,FALSE,TRUE,FALSE,FALSE,FALSE,0,8476869
2022020662,492,even-strength,81,3,FALSE,FALSE,TRUE,TRUE,TRUE,TRUE,0.1055163668665715,8482093
2022020662,494,even-strength,72,6,FALSE,FALSE,TRUE,FALSE,FALSE,FALSE,0,8480039
2022020662,495,even-strength,74,9,FALSE,FALSE,TRUE,FALSE,FALSE,FALSE,0,8480830
2022020662,496,even-strength,56,-15,FALSE,FALSE,TRUE,TRUE,TRUE,FALSE,0.04380429601019241,8477488
2022020662,497,even-strength,47,0,FALSE,FALSE,TRUE,TRUE,TRUE,FALSE,0.04717036216839075,8477488
2022020736,154,even-strength,41,-32,FALSE,FALSE,TRUE,TRUE,FALSE,FALSE,0.01302203367233426,8478904
2022020736,156,even-strength,80,-12,FALSE,FALSE,TRUE,TRUE,TRUE,FALSE,0.06643531306905913,8479393
2022020736,157,even-strength,57,3,FALSE,FALSE,TRUE,TRUE,TRUE,FALSE,0.09855332394935168,8474053
2022020736,158,power-play,63,-11,FALSE,FALSE,TRUE,TRUE,TRUE,FALSE,0.06816480223851211,8478414
2022020736,159,power-play,82,3,FALSE,TRUE,TRUE,TRUE,TRUE,FALSE,0.34289134243035746,8474053
2022020736,160,power-play,78,20,FALSE,FALSE,TRUE,TRUE,TRUE,FALSE,0.07406816519977741,8479591
2022020736,161,power-play,69,8,FALSE,FALSE,TRUE,FALSE,FALSE,FALSE,0,8478067
2022020736,162,even-strength,70,6,FALSE,FALSE,TRUE,TRUE,FALSE,FALSE,0.06306306801088643,8476442
2022020736,163,even-strength,65,15,FALSE,FALSE,TRUE,TRUE,TRUE,FALSE,0.044882126518005806,8479393
2022020736,165,even-strength,62,5,FALSE,FALSE,TRUE,FALSE,FALSE,FALSE,0,8474053
2022020736,168,even-strength,66,6,FALSE,FALSE,TRUE,TRUE,TRUE,FALSE,0.0805308292452767,8476881
2022020736,169,even-strength,38,25,FALSE,FALSE,TRUE,TRUE,TRUE,FALSE,0.009886032676792743,8474578
2022020736,170,even-strength,72,-19,FALSE,FALSE,TRUE,TRUE,TRUE,FALSE,0.04066093952938949,8479591
2022020736,171,even-strength,82,-5,FALSE,FALSE,TRUE,TRUE,TRUE,TRUE,0.08597867234358807,8478414
2022020736,173,even-strength,40,24,FALSE,FALSE,TRUE,TRUE,TRUE,FALSE,0.01733023284674502,8471709
2022020736,177,even-strength,54,-21,FALSE,FALSE,TRUE,TRUE,TRUE,FALSE,0.02580775844839804,8479393
2022020736,179,even-strength,39,-28,FALSE,FALSE,TRUE,TRUE,TRUE,FALSE,0.013272159186610444,8476988
2022020736,180,even-strength,66,-28,FALSE,FALSE,TRUE,TRUE,TRUE,FALSE,0.015841157162670542,8474053
2022020736,194,even-strength,80,1,FALSE,FALSE,TRUE,TRUE,TRUE,FALSE,0.12430828302741076,8474009
2022020736,195,even-strength,90,6,FALSE,TRUE,TRUE,TRUE,TRUE,TRUE,0.12086805318620175,8474009
2022020736,197,even-strength,60,-30,FALSE,FALSE,TRUE,TRUE,FALSE,FALSE,0.0386179826730092,8479591
2022020736,252,even-strength,15,-1,FALSE,FALSE,TRUE,TRUE,TRUE,FALSE,0.010052027335384076,8478414
2022020736,452,penalty-kill,71,-12,FALSE,FALSE,TRUE,TRUE,TRUE,FALSE,0.0608820644210416,8478904
2022020736,455,even-strength,79,-2,FALSE,FALSE,TRUE,TRUE,TRUE,FALSE,0.07673236528008705,8479591
2022020736,456,even-strength,73,-7,FALSE,FALSE,TRUE,TRUE,FALSE,FALSE,0.03140096176667309,8474578
2022020736,462,even-strength,68,-14,FALSE,FALSE,TRUE,TRUE,FALSE,FALSE,0.05715137827628333,8481477
2022020736,463,even-strength,56,-5,FALSE,FALSE,TRUE,TRUE,FALSE,FALSE,0.04716091915323671,8474009
2022020736,465,even-strength,81,2,FALSE,FALSE,TRUE,TRUE,TRUE,FALSE,0.1499174202711889,8478067
2022020736,468,even-strength,72,-11,FALSE,FALSE,TRUE,FALSE,FALSE,FALSE,0,8478067
2022020736,471,even-strength,55,17,FALSE,FALSE,TRUE,TRUE,FALSE,FALSE,0.04687275679680384,8479983
2022020736,472,even-strength,76,-5,FALSE,FALSE,TRUE,TRUE,TRUE,TRUE,0.09866258967054704,8481477
2022020736,476,even-strength,58,4,FALSE,FALSE,TRUE,TRUE,TRUE,FALSE,0.04923137730512987,8479981
2022020736,477,even-strength,54,28,FALSE,FALSE,TRUE,TRUE,TRUE,FALSE,0.013001336812288657,8478904
2022020736,478,even-strength,69,16,FALSE,FALSE,TRUE,TRUE,FALSE,FALSE,0.04925734148256175,8481477
2022020736,484,even-strength,38,-32,FALSE,FALSE,TRUE,TRUE,TRUE,FALSE,0.01798317853259009,8476449
2022020736,485,even-strength,81,-1,FALSE,TRUE,TRUE,TRUE,TRUE,FALSE,0.28341088764888234,8478414
2022020736,495,even-strength,72,-33,FALSE,FALSE,TRUE,TRUE,TRUE,FALSE,0.022579570857729565,8478414
2022020736,499,even-strength,55,5,FALSE,FALSE,TRUE,FALSE,FALSE,FALSE,0,8474578
2022020754,10,even-strength,28,-36,FALSE,FALSE,TRUE,TRUE,TRUE,FALSE,0.007173636959712331,8475726
2022020754,11,even-strength,9,-6,FALSE,FALSE,TRUE,TRUE,TRUE,FALSE,0.0038277392286212753,8473473
2022020754,12,even-strength,45,0,FALSE,FALSE,TRUE,TRUE,TRUE,FALSE,0.04302570070603907,8478233
2022020754,13,even-strength,78,0,FALSE,FALSE,TRUE,FALSE,FALSE,FALSE,0,8482652
2022020754,15,even-strength,55,-18,FALSE,FALSE,TRUE,TRUE,TRUE,FALSE,0.05968439446615797,8476399
2022020754,16,even-strength,85,3,FALSE,FALSE,TRUE,TRUE,TRUE,FALSE,0.11246384948291045,8474150
2022020754,17,even-strength,74,-18,FALSE,FALSE,TRUE,TRUE,TRUE,FALSE,0.04624459210133333,8473453
2022020754,18,even-strength,45,13,FALSE,FALSE,TRUE,TRUE,TRUE,FALSE,0.03244361251038771,8478396
2022020754,19,even-strength,36,34,FALSE,FALSE,TRUE,TRUE,FALSE,FALSE,0.010935218578453225,8478396
2022020754,20,even-strength,86,32,FALSE,TRUE,TRUE,TRUE,TRUE,FALSE,0.06698366151045809,8478396
2022020754,21,even-strength,66,22,TRUE,FALSE,TRUE,TRUE,TRUE,FALSE,0.07464114237303454,8477496
2022020754,33,even-strength,71,4,FALSE,FALSE,TRUE,FALSE,FALSE,FALSE,0,8476399
2022020754,34,even-strength,80,2,FALSE,FALSE,TRUE,FALSE,FALSE,FALSE,0,8476399
2022020754,35,even-strength,77,18,FALSE,FALSE,TRUE,TRUE,TRUE,FALSE,0.06769509429863509,8475172
2022020754,37,even-strength,55,1,FALSE,FALSE,TRUE,TRUE,FALSE,FALSE,0.06558490972967686,8476399
2022020754,38,even-strength,59,0,FALSE,FALSE,TRUE,TRUE,TRUE,FALSE,0.06624772753611084,8477507
2022020754,40,even-strength,68,2,FALSE,FALSE,TRUE,TRUE,TRUE,FALSE,0.07364306783903496,8473473
2022020754,41,even-strength,57,6,FALSE,FALSE,TRUE,FALSE,FALSE,FALSE,0,8478396
2022020754,42,even-strength,40,-22,FALSE,FALSE,TRUE,TRUE,FALSE,FALSE,0.016474054176121015,8478396
2022020754,43,even-strength,40,0,TRUE,FALSE,TRUE,TRUE,FALSE,FALSE,0.044555469006261894,8477507
2022020754,44,even-strength,55,-8,FALSE,FALSE,TRUE,FALSE,FALSE,FALSE,0,8474628
2022020754,45,even-strength,47,-30,FALSE,FALSE,TRUE,TRUE,FALSE,FALSE,0.014464818431207149,8477346
2022020754,46,even-strength,85,-1,FALSE,FALSE,TRUE,FALSE,FALSE,FALSE,0,8474628
2022020754,47,even-strength,55,13,TRUE,FALSE,TRUE,TRUE,TRUE,FALSE,0.08885745267761597,8478233
2022020754,48,even-strength,61,-1,FALSE,FALSE,TRUE,TRUE,TRUE,TRUE,0.13372645920894202,8482652
2022020754,117,even-strength,84,4,FALSE,TRUE,TRUE,TRUE,TRUE,FALSE,0.25083064412960954,8474150
2022020754,125,even-strength,65,-21,FALSE,TRUE,TRUE,FALSE,FALSE,FALSE,0,8478397
2022020754,144,even-strength,60,24,FALSE,FALSE,TRUE,TRUE,TRUE,FALSE,0.020886353068863682,8475726
2022020754,261,even-strength,46,27,FALSE,FALSE,TRUE,FALSE,FALSE,FALSE,0,8477507
2022020754,267,even-strength,-37,35,TRUE,FALSE,TRUE,TRUE,TRUE,FALSE,0.001535399768887462,8474150
2022020754,298,even-strength,79,-11,FALSE,TRUE,TRUE,TRUE,FALSE,FALSE,0.16680295179596005,8477496
2022020754,301,even-strength,62,10,FALSE,FALSE,TRUE,FALSE,FALSE,FALSE,0,8477507
2022020754,302,even-strength,51,2,TRUE,FALSE,TRUE,TRUE,TRUE,FALSE,0.1077252378494738,8473453
2022020754,303,even-strength,43,9,FALSE,FALSE,TRUE,TRUE,FALSE,FALSE,0.02368939940470861,8477346
2022020754,312,even-strength,68,0,FALSE,FALSE,TRUE,TRUE,TRUE,TRUE,0.07982122299689466,8475172
2022020754,313,even-strength,60,-3,FALSE,FALSE,TRUE,FALSE,FALSE,FALSE,0,8478233
2022020754,318,even-strength,50,-9,FALSE,FALSE,TRUE,TRUE,TRUE,FALSE,0.032960911849817184,8479346
2022020754,320,even-strength,31,-16,FALSE,FALSE,TRUE,TRUE,TRUE,FALSE,0.016470208872980535,8477346
2022020754,322,even-strength,76,-3,FALSE,FALSE,TRUE,TRUE,FALSE,FALSE,0.13970069530651136,8478233
2022020754,328,penalty-kill,80,-12,FALSE,FALSE,TRUE,TRUE,TRUE,FALSE,0.07794123781226209,8474150
2022020754,331,even-strength,35,-29,FALSE,FALSE,TRUE,TRUE,TRUE,FALSE,0.010612200973702203,8474628
2022020754,332,even-strength,80,-4,FALSE,FALSE,TRUE,FALSE,FALSE,FALSE,0,8474628
2022020754,333,even-strength,74,35,FALSE,FALSE,TRUE,TRUE,FALSE,FALSE,0.021462861576879898,8478233
2022020754,334,even-strength,58,-34,FALSE,FALSE,TRUE,TRUE,TRUE,FALSE,0.020670293180603434,8478397
2022020754,336,even-strength,48,-1,FALSE,FALSE,TRUE,FALSE,FALSE,FALSE,0,8477507
2022020754,337,even-strength,62,13,FALSE,FALSE,TRUE,TRUE,TRUE,FALSE,0.04900770312055652,8476456
2022020754,338,even-strength,81,24,FALSE,TRUE,TRUE,TRUE,FALSE,FALSE,0.09367664403519164,8476456
2022020754,339,even-strength,35,-21,FALSE,FALSE,TRUE,TRUE,FALSE,FALSE,0.012732479295927978,8476399
2022020754,340,even-strength,69,1,FALSE,FALSE,TRUE,TRUE,TRUE,FALSE,0.08890300344618506,8479346
2022020754,341,even-strength,62,-7,FALSE,FALSE,TRUE,FALSE,FALSE,FALSE,0,8477496
2022020754,342,even-strength,82,1,FALSE,FALSE,TRUE,TRUE,TRUE,FALSE,0.10004254824819649,8475726
2022020754,344,even-strength,86,9,FALSE,FALSE,TRUE,TRUE,TRUE,FALSE,0.0591152659703751,8475172
2022020754,345,power-play,74,9,FALSE,FALSE,TRUE,FALSE,FALSE,FALSE,0,8475726
2022020754,346,power-play,79,1,FALSE,FALSE,TRUE,TRUE,TRUE,FALSE,0.14910074214054184,8478233
2022020754,347,power-play,85,-5,FALSE,FALSE,TRUE,TRUE,TRUE,FALSE,0.11612872603338875,8478233
2022020754,348,power-play,68,2,FALSE,FALSE,TRUE,TRUE,FALSE,FALSE,0.09183148515637174,8477496
2022020754,349,even-strength,67,1,TRUE,FALSE,TRUE,TRUE,TRUE,TRUE,0.17784366460331213,8478233
2022020754,607,power-play,87,7,FALSE,FALSE,TRUE,TRUE,TRUE,FALSE,0.08104577916454488,8481592
2022020754,622,even-strength,81,0,FALSE,FALSE,TRUE,TRUE,TRUE,FALSE,0.14040837918159532,8478397
2022020754,628,even-strength,80,1,FALSE,FALSE,TRUE,TRUE,TRUE,FALSE,0.113070358024446,8475172
2022020754,636,power-play,41,-19,FALSE,FALSE,TRUE,TRUE,FALSE,FALSE,0.04000374840102938,8478397
2022020754,662,even-strength,64,-24,FALSE,FALSE,TRUE,TRUE,TRUE,FALSE,0.026322111953325684,8476399
2022020754,663,even-strength,34,-25,FALSE,FALSE,TRUE,TRUE,TRUE,FALSE,0.023086438623058928,8474628
2022020754,664,even-strength,40,-12,FALSE,FALSE,TRUE,TRUE,TRUE,FALSE,0.032109556596202175,8474628
2022020754,665,even-strength,45,5,FALSE,FALSE,TRUE,TRUE,FALSE,FALSE,0.047088847416946106,8475726
2022020754,667,even-strength,57,-37,FALSE,FALSE,TRUE,TRUE,TRUE,FALSE,0.01711445634040957,8474628
2022020754,669,even-strength,41,2,FALSE,FALSE,TRUE,TRUE,FALSE,FALSE,0.03267575187572724,8481592
2022020754,670,even-strength,87,-4,FALSE,FALSE,TRUE,TRUE,TRUE,FALSE,0.029844266588575755,8473453
2022020754,673,even-strength,55,9,FALSE,FALSE,TRUE,TRUE,FALSE,FALSE,0.05244195627655373,8475172
2022020754,675,even-strength,83,4,TRUE,FALSE,TRUE,TRUE,TRUE,FALSE,0.10753870611326811,8475726
2022020754,676,even-strength,43,-2,FALSE,FALSE,TRUE,FALSE,FALSE,FALSE,0,8474628
2022020754,678,even-strength,12,18,FALSE,FALSE,TRUE,TRUE,TRUE,FALSE,0.004414389788172374,8475172
2022020754,683,even-strength,40,16,FALSE,FALSE,TRUE,TRUE,TRUE,FALSE,0.0181998652165979,8477496
2022020754,684,even-strength,80,-9,FALSE,FALSE,TRUE,FALSE,FALSE,FALSE,0,8476399
2022020754,685,even-strength,54,-14,FALSE,FALSE,TRUE,TRUE,TRUE,FALSE,0.03424267285841843,8476456
2022020754,686,even-strength,54,-3,FALSE,FALSE,TRUE,TRUE,TRUE,FALSE,0.09867571100904725,8476399
2022020754,687,power-play,54,-21,FALSE,FALSE,TRUE,TRUE,TRUE,FALSE,0.06351470577126983,8475172
2022020754,688,power-play,79,1,FALSE,TRUE,TRUE,FALSE,FALSE,FALSE,0,8475726
2022020754,690,even-strength,76,-12,FALSE,FALSE,TRUE,FALSE,FALSE,FALSE,0,8475172
2022020754,691,even-strength,79,6,FALSE,FALSE,TRUE,FALSE,FALSE,FALSE,0,8475172
2022020754,692,even-strength,63,-6,FALSE,FALSE,TRUE,FALSE,FALSE,FALSE,0,8475726
2022020754,700,even-strength,78,1,FALSE,FALSE,TRUE,FALSE,FALSE,FALSE,0,8478397
2022020754,951,even-strength,58,13,FALSE,FALSE,TRUE,TRUE,TRUE,FALSE,0.09010758339657565,8478397
2022020754,952,even-strength,57,-9,FALSE,FALSE,TRUE,TRUE,FALSE,FALSE,0.07511744157242019,8477496
2022020754,953,even-strength,55,-3,FALSE,FALSE,TRUE,TRUE,TRUE,FALSE,0.09517254465552498,8475172
2022020754,954,even-strength,78,-11,FALSE,FALSE,TRUE,TRUE,TRUE,FALSE,0.09955586059054129,8474150
2022020754,956,even-strength,70,-13,FALSE,FALSE,TRUE,TRUE,TRUE,TRUE,0.11909939421965285,8479346
2022020769,151,even-strength,76,-5,FALSE,FALSE,TRUE,FALSE,FALSE,FALSE,0,8476879
2022020769,154,even-strength,74,-3,FALSE,FALSE,TRUE,FALSE,FALSE,FALSE,0,8479576
2022020769,155,even-strength,37,-37,FALSE,FALSE,TRUE,TRUE,TRUE,FALSE,0.011841054293541764,8479576
2022020769,157,even-strength,85,9,FALSE,FALSE,TRUE,TRUE,TRUE,FALSE,0.043168156990975606,8478585
2022020769,158,even-strength,59,24,FALSE,FALSE,TRUE,FALSE,FALSE,FALSE,0,8477498
2022020769,159,even-strength,33,18,FALSE,FALSE,TRUE,TRUE,FALSE,FALSE,0.012489588985295183,8477498
2022020769,164,even-strength,84,-18,FALSE,FALSE,TRUE,TRUE,FALSE,FALSE,0.04180718620686722,8477934
2022020769,166,even-strength,80,1,TRUE,FALSE,TRUE,TRUE,TRUE,FALSE,0.20710692016918675,8479344
2022020769,167,even-strength,75,5,FALSE,FALSE,TRUE,FALSE,FALSE,FALSE,0,8477998
2022020769,169,even-strength,78,0,FALSE,TRUE,TRUE,TRUE,TRUE,FALSE,0.29135815621411154,8477998
2022020769,170,even-strength,77,5,FALSE,FALSE,TRUE,TRUE,TRUE,FALSE,0.07216736382889882,8478585
2022020769,171,even-strength,78,-8,FALSE,FALSE,TRUE,TRUE,TRUE,FALSE,0.06832087655431542,8482077
2022020769,174,even-strength,-77,31,FALSE,FALSE,TRUE,TRUE,TRUE,FALSE,1.7772187635478043e-4,8482077
2022020769,177,even-strength,61,-27,FALSE,FALSE,TRUE,TRUE,TRUE,FALSE,0.03597217360575415,8477934
2022020769,178,even-strength,80,-2,FALSE,FALSE,TRUE,FALSE,FALSE,FALSE,0,8475786
2022020769,187,even-strength,81,-3,FALSE,FALSE,TRUE,FALSE,FALSE,FALSE,0,8479576
2022020769,188,even-strength,82,4,FALSE,FALSE,TRUE,TRUE,TRUE,FALSE,0.10744291048656202,8479344
2022020769,189,even-strength,68,23,FALSE,FALSE,TRUE,TRUE,TRUE,FALSE,0.031803036947633215,8477998
2022020769,192,even-strength,0,37,FALSE,FALSE,TRUE,TRUE,TRUE,FALSE,0.001851501522460316,8482077
2022020769,193,even-strength,69,-19,FALSE,FALSE,TRUE,TRUE,TRUE,FALSE,0.04033278444012842,8477406
2022020769,195,even-strength,74,0,FALSE,FALSE,TRUE,FALSE,FALSE,FALSE,0,8478402
2022020769,196,even-strength,64,27,FALSE,FALSE,TRUE,TRUE,TRUE,FALSE,0.02371351798186654,8476879
2022020769,199,penalty-kill,69,-2,FALSE,FALSE,TRUE,TRUE,TRUE,FALSE,0.14718523867563335,8476454
2022020769,301,even-strength,67,-1,FALSE,FALSE,TRUE,TRUE,FALSE,FALSE,0.08043720360504586,8475786
2022020769,303,even-strength,29,38,FALSE,FALSE,TRUE,TRUE,TRUE,FALSE,0.006882962956198618,8477498
2022020769,307,even-strength,66,-7,TRUE,FALSE,TRUE,TRUE,TRUE,TRUE,0.10157074280354919,8478585
2022020769,308,even-strength,41,20,FALSE,FALSE,TRUE,TRUE,TRUE,FALSE,0.021284534241463378,8476967
2022020769,309,even-strength,46,-19,FALSE,FALSE,TRUE,TRUE,FALSE,FALSE,0.02709443180944604,8476967
2022020769,311,even-strength,83,-4,FALSE,FALSE,TRUE,FALSE,FALSE,FALSE,0,8477934
2022020769,312,even-strength,64,-2,FALSE,FALSE,TRUE,TRUE,TRUE,FALSE,0.11293975237853243,8477998
2022020769,313,even-strength,75,-4,FALSE,FALSE,TRUE,TRUE,FALSE,FALSE,0.09630447412156054,8477406
2022020769,314,even-strength,30,29,FALSE,FALSE,TRUE,TRUE,TRUE,FALSE,0.008495116390884494,8481598
2022020769,315,even-strength,62,23,FALSE,FALSE,TRUE,TRUE,TRUE,FALSE,0.029683106481687267,8478402
2022020769,316,even-strength,78,-4,FALSE,FALSE,TRUE,FALSE,FALSE,FALSE,0,8476879
2022020769,318,power-play,81,-19,FALSE,FALSE,TRUE,TRUE,TRUE,FALSE,0.08934921694084828,8477934
2022020769,319,power-play,65,20,FALSE,FALSE,TRUE,TRUE,TRUE,FALSE,0.10044747988788327,8476454
2022020769,320,power-play,87,2,FALSE,FALSE,TRUE,TRUE,TRUE,TRUE,0.11625719939209331,8475786
2022020769,322,even-strength,67,7,FALSE,FALSE,TRUE,FALSE,FALSE,FALSE,0,8477498
2022020769,325,even-strength,90,7,FALSE,FALSE,TRUE,TRUE,TRUE,FALSE,0.08062729117081693,8478402
2022020769,331,even-strength,53,-25,FALSE,FALSE,TRUE,TRUE,TRUE,FALSE,0.023069698762336048,8478585
2022020769,332,even-strength,84,3,FALSE,FALSE,TRUE,TRUE,TRUE,FALSE,0.07755725045690799,8478585
2022020769,343,even-strength,83,3,FALSE,FALSE,TRUE,TRUE,TRUE,FALSE,0.14726626671878737,8479344
2022020769,345,even-strength,87,-20,FALSE,FALSE,TRUE,TRUE,TRUE,FALSE,0.0253512581304097,8477406
2022020769,346,even-strength,86,4,FALSE,FALSE,TRUE,TRUE,TRUE,FALSE,0.07628473984984,8475786
2022020769,347,even-strength,76,-6,FALSE,FALSE,TRUE,TRUE,TRUE,FALSE,0.08986011131713212,8478402
2022020769,348,even-strength,79,14,FALSE,FALSE,TRUE,FALSE,FALSE,FALSE,0,8475786
2022020769,751,even-strength,79,5,FALSE,FALSE,TRUE,FALSE,FALSE,FALSE,0,8481598
2022020769,754,even-strength,70,-9,FALSE,FALSE,TRUE,FALSE,FALSE,FALSE,0,8475786
2022020769,755,even-strength,55,2,FALSE,FALSE,TRUE,FALSE,FALSE,FALSE,0,8476879
2022020769,756,even-strength,76,7,FALSE,FALSE,TRUE,FALSE,FALSE,FALSE,0,8477498
2022020769,757,even-strength,61,13,FALSE,FALSE,TRUE,TRUE,TRUE,FALSE,0.04200682693022121,8480802
2022020769,758,even-strength,73,-6,FALSE,FALSE,TRUE,FALSE,FALSE,FALSE,0,8479576
2022020769,759,even-strength,43,-24,FALSE,FALSE,TRUE,TRUE,TRUE,FALSE,0.012761932315359931,8477406
2022020769,760,even-strength,34,-2,FALSE,FALSE,TRUE,TRUE,TRUE,FALSE,0.03009124830310435,8480803
2022020769,762,even-strength,63,-30,FALSE,FALSE,TRUE,FALSE,FALSE,FALSE,0,8482077
2022020769,763,even-strength,79,-4,FALSE,FALSE,TRUE,FALSE,FALSE,FALSE,0,8476879
2022020769,764,even-strength,78,3,FALSE,FALSE,TRUE,FALSE,FALSE,FALSE,0,8477498
2022020769,765,even-strength,-1,2,FALSE,FALSE,TRUE,TRUE,TRUE,FALSE,0.0027607718903065537,8477498
2022020769,766,even-strength,51,-10,FALSE,FALSE,TRUE,FALSE,FALSE,FALSE,0,8476879
2022020769,767,even-strength,77,-12,TRUE,TRUE,TRUE,FALSE,FALSE,FALSE,0,8478585
2022020769,769,even-strength,71,8,FALSE,FALSE,TRUE,FALSE,FALSE,FALSE,0,8475786
2022020769,770,even-strength,47,2,FALSE,TRUE,TRUE,TRUE,TRUE,FALSE,0.11248638693359006,8476454
2022020769,771,even-strength,77,7,FALSE,FALSE,TRUE,FALSE,FALSE,FALSE,0,8478402
2022020769,772,even-strength,7,22,FALSE,FALSE,TRUE,TRUE,TRUE,FALSE,0.0039475640304690715,8476967
2022020769,774,even-strength,72,33,FALSE,FALSE,TRUE,TRUE,FALSE,FALSE,0.09695935481253815,8478402
2022020769,776,even-strength,67,-1,FALSE,FALSE,TRUE,FALSE,FALSE,FALSE,0,8475786
2022020769,778,even-strength,73,-4,FALSE,FALSE,TRUE,TRUE,FALSE,FALSE,0.1570675492501888,8476454
2022020787,201,even-strength,75,6,FALSE,FALSE,TRUE,TRUE,TRUE,FALSE,0.07563333804533025,8478856
2022020787,202,penalty-kill,78,5,FALSE,FALSE,TRUE,TRUE,TRUE,TRUE,0.060509380154571024,8480012
2022020787,209,even-strength,78,4,FALSE,FALSE,TRUE,TRUE,TRUE,FALSE,0.09712799414884284,8480021
2022020787,210,even-strength,81,10,FALSE,TRUE,TRUE,TRUE,FALSE,FALSE,0.11398823551478662,8480021
2022020787,212,even-strength,41,-27,FALSE,FALSE,TRUE,TRUE,TRUE,FALSE,0.012304794979769527,8478451
2022020787,213,even-strength,77,-4,FALSE,TRUE,TRUE,TRUE,TRUE,FALSE,0.22191365798528367,8476468
2022020787,214,even-strength,37,5,FALSE,FALSE,TRUE,TRUE,FALSE,FALSE,0.023120450062035836,8479388
2022020787,215,even-strength,45,2,FALSE,FALSE,TRUE,FALSE,FALSE,FALSE,0,8474574
2022020787,217,even-strength,45,3,FALSE,FALSE,TRUE,FALSE,FALSE,FALSE,0,8479388
2022020787,218,even-strength,41,-28,FALSE,FALSE,TRUE,TRUE,TRUE,FALSE,0.012716658056668077,8474574
2022020787,219,even-strength,39,9,FALSE,FALSE,TRUE,TRUE,TRUE,FALSE,0.020523844145231986,8478444
2022020787,220,even-strength,69,-2,FALSE,FALSE,TRUE,TRUE,FALSE,FALSE,0.07998105275315108,8478856
2022020787,221,even-strength,65,5,FALSE,FALSE,TRUE,FALSE,FALSE,FALSE,0,8480800
2022020787,222,even-strength,73,9,FALSE,FALSE,TRUE,FALSE,FALSE,FALSE,0,8483808
2022020787,224,even-strength,-49,-25,FALSE,FALSE,TRUE,TRUE,TRUE,FALSE,8.352484449331667e-4,8474568
2022020787,225,even-strength,77,-2,FALSE,FALSE,TRUE,TRUE,TRUE,FALSE,0.08359747072453826,8474574
2022020787,226,power-play,44,-22,FALSE,FALSE,TRUE,TRUE,FALSE,FALSE,0.05053379502213054,8480012
2022020787,227,power-play,37,4,FALSE,FALSE,TRUE,TRUE,TRUE,TRUE,0.04101556294918646,8480800
2022020787,228,even-strength,66,-13,FALSE,FALSE,TRUE,TRUE,TRUE,FALSE,0.0471607258744037,8480021
2022020787,236,even-strength,63,5,FALSE,FALSE,TRUE,FALSE,FALSE,FALSE,0,8478451
2022020787,237,even-strength,48,-24,FALSE,FALSE,TRUE,TRUE,TRUE,TRUE,0.02733369467216523,8481624
2022020787,238,even-strength,72,3,FALSE,TRUE,TRUE,TRUE,TRUE,FALSE,0.26235247707403714,8476468
2022020787,239,even-strength,63,-11,FALSE,FALSE,TRUE,TRUE,FALSE,FALSE,0.0366612310324756,8480326
2022020787,240,even-strength,66,-2,FALSE,FALSE,TRUE,FALSE,FALSE,FALSE,0,8475171
2022020787,242,even-strength,58,15,FALSE,FALSE,TRUE,TRUE,TRUE,FALSE,0.036827902384905326,8476468
2022020787,243,even-strength,59,34,FALSE,FALSE,TRUE,TRUE,TRUE,FALSE,0.02418379474356074,8478856
2022020787,245,even-strength,67,38,TRUE,FALSE,TRUE,TRUE,TRUE,FALSE,0.019094575364548432,8477508
2022020787,247,even-strength,78,-2,FALSE,FALSE,TRUE,FALSE,FALSE,FALSE,0,8478444
2022020787,248,even-strength,80,-2,FALSE,FALSE,TRUE,TRUE,TRUE,FALSE,0.11245506774828266,8478057
2022020787,250,even-strength,-68,-3,TRUE,FALSE,TRUE,TRUE,TRUE,FALSE,5.388391913047106e-4,8478451
2022020787,351,power-play,45,-20,FALSE,FALSE,TRUE,TRUE,FALSE,FALSE,0.05059702961534595,8480012
2022020787,352,power-play,55,-18,FALSE,FALSE,TRUE,TRUE,TRUE,FALSE,0.08863574602747887,8476468
2022020787,353,even-strength,70,-9,FALSE,FALSE,TRUE,FALSE,FALSE,FALSE,0,8478444
2022020787,354,even-strength,62,-16,FALSE,FALSE,TRUE,FALSE,FALSE,FALSE,0,8474574
2022020787,355,even-strength,84,10,FALSE,FALSE,TRUE,TRUE,TRUE,FALSE,0.05730289501368191,8480021
2022020787,356,even-strength,55,19,FALSE,FALSE,TRUE,FALSE,FALSE,FALSE,0,8478856
2022020787,357,even-strength,66,-22,FALSE,FALSE,TRUE,TRUE,TRUE,FALSE,0.04594838417726333,8480021
2022020787,361,even-strength,70,-15,TRUE,FALSE,TRUE,TRUE,TRUE,FALSE,0.10717488663151287,8478967
2022020787,364,even-strength,71,5,FALSE,FALSE,TRUE,TRUE,TRUE,FALSE,0.060408070455083666,8476468
2022020787,371,even-strength,39,34,FALSE,FALSE,TRUE,TRUE,TRUE,FALSE,0.015385494744601814,8479388
2022020787,372,even-strength,77,-18,FALSE,FALSE,TRUE,TRUE,FALSE,FALSE,0.04817996189016607,8478967
2022020787,373,even-strength,52,1,FALSE,FALSE,TRUE,TRUE,TRUE,FALSE,0.05384328942302823,8475171
2022020787,379,even-strength,39,19,FALSE,FALSE,TRUE,TRUE,TRUE,FALSE,0.018082635171097632,8475171
2022020787,383,even-strength,34,-26,TRUE,FALSE,TRUE,TRUE,TRUE,FALSE,0.01854545066188178,8474574
2022020787,385,even-strength,76,6,FALSE,FALSE,TRUE,TRUE,TRUE,TRUE,0.11992675995935993,8478057
2022020787,387,even-strength,41,-19,FALSE,FALSE,TRUE,TRUE,TRUE,FALSE,0.02420715737961915,8474568
2022020787,391,even-strength,75,1,FALSE,FALSE,TRUE,TRUE,TRUE,FALSE,0.11586907779879906,8476468
2022020787,392,even-strength,40,26,FALSE,FALSE,TRUE,TRUE,FALSE,FALSE,0.016922646156833452,8480800
2022020787,393,power-play,76,3,FALSE,FALSE,TRUE,TRUE,TRUE,FALSE,0.16982227015284532,8476468
2022020787,394,power-play,49,22,FALSE,FALSE,TRUE,TRUE,FALSE,FALSE,0.04883727262652111,8476468
2022020787,395,power-play,60,-11,FALSE,FALSE,TRUE,TRUE,TRUE,TRUE,0.11163586788576044,8480012
2022020787,902,even-strength,65,15,FALSE,FALSE,TRUE,TRUE,FALSE,FALSE,0.04280420060280383,8478856
2022020787,903,even-strength,60,8,FALSE,FALSE,TRUE,TRUE,TRUE,FALSE,0.06904992657374769,8477500
2022020787,904,even-strength,37,-19,FALSE,FALSE,TRUE,TRUE,FALSE,FALSE,0.02293621919177457,8474568
2022020787,905,power-play,44,-13,FALSE,FALSE,TRUE,TRUE,TRUE,FALSE,0.04808784688207492,8475171
2022020787,906,power-play,67,5,FALSE,FALSE,TRUE,TRUE,FALSE,FALSE,0.11546144781071316,8478856
2022020804,201,even-strength,35,25,FALSE,FALSE,TRUE,TRUE,TRUE,FALSE,0.012523131256407326,8476979
2022020804,202,penalty-kill,82,5,FALSE,FALSE,TRUE,TRUE,TRUE,FALSE,0.08451737858186237,8477903
2022020804,208,even-strength,-68,40,FALSE,FALSE,TRUE,TRUE,TRUE,FALSE,2.012840830394753e-4,8475149
2022020804,211,even-strength,83,-5,FALSE,FALSE,TRUE,TRUE,TRUE,TRUE,0.07755406561013588,8477903
2022020804,212,even-strength,84,7,FALSE,FALSE,TRUE,TRUE,TRUE,FALSE,0.07334036265620784,8477947
2022020804,213,even-strength,39,39,FALSE,FALSE,TRUE,TRUE,TRUE,FALSE,0.007961620780284827,8475625
2022020804,216,even-strength,72,-25,FALSE,FALSE,TRUE,TRUE,FALSE,FALSE,0.05237443067738057,8475324
2022020804,217,even-strength,60,3,FALSE,FALSE,TRUE,FALSE,FALSE,FALSE,0,8475324
2022020804,218,even-strength,73,10,FALSE,FALSE,TRUE,TRUE,TRUE,FALSE,0.06898380624722215,8480796
2022020804,219,even-strength,79,2,FALSE,FALSE,TRUE,TRUE,TRUE,FALSE,0.11821019660863671,8474189
2022020804,220,even-strength,75,-11,TRUE,FALSE,TRUE,TRUE,FALSE,FALSE,0.14425633165207605,8474189
2022020804,221,even-strength,52,28,FALSE,FALSE,TRUE,FALSE,FALSE,FALSE,0,8476979
2022020804,225,even-strength,37,-5,FALSE,FALSE,TRUE,TRUE,TRUE,TRUE,0.02624343789084126,8477845
2022020804,229,even-strength,34,32,FALSE,FALSE,TRUE,TRUE,FALSE,FALSE,0.008226455966607973,8476979
2022020804,230,even-strength,57,-11,FALSE,FALSE,TRUE,FALSE,FALSE,FALSE,0,8477845
2022020804,232,even-strength,55,-24,FALSE,FALSE,TRUE,TRUE,TRUE,FALSE,0.02505140757550419,8471214
2022020804,236,even-strength,67,-11,FALSE,FALSE,TRUE,TRUE,TRUE,FALSE,0.0623376977205731,8471698
2022020804,237,even-strength,63,27,FALSE,FALSE,TRUE,TRUE,FALSE,FALSE,0.022970303230652304,8476979
2022020804,244,even-strength,54,-3,FALSE,FALSE,TRUE,TRUE,TRUE,FALSE,0.057727558847320184,8475324
2022020804,248,even-strength,84,-4,FALSE,FALSE,TRUE,TRUE,TRUE,FALSE,0.13031123616405219,8473563
2022020804,249,even-strength,88,-5,FALSE,TRUE,TRUE,TRUE,TRUE,FALSE,0.149797029867659,8473563
2022020804,250,even-strength,87,-4,FALSE,TRUE,TRUE,TRUE,TRUE,FALSE,0.174900820368928,8473563
2022020804,252,even-strength,69,-17,FALSE,FALSE,TRUE,FALSE,FALSE,FALSE,0,8477511
2022020804,453,even-strength,77,-35,FALSE,FALSE,TRUE,TRUE,FALSE,FALSE,0.01699048277444959,8471698
2022020804,454,even-strength,26,-6,FALSE,FALSE,TRUE,TRUE,TRUE,FALSE,0.01577841553915007,8480796
2022020804,455,even-strength,82,-1,FALSE,FALSE,TRUE,TRUE,TRUE,TRUE,0.1328065548283771,8477845
2022020804,460,even-strength,85,5,FALSE,FALSE,TRUE,TRUE,TRUE,FALSE,0.09686613089368579,8477947
2022020804,461,even-strength,77,14,FALSE,FALSE,TRUE,FALSE,FALSE,FALSE,0,8475744
2022020804,462,even-strength,83,-5,FALSE,FALSE,TRUE,FALSE,FALSE,FALSE,0,8477845
2022020804,464,even-strength,55,-10,FALSE,FALSE,TRUE,FALSE,FALSE,FALSE,0,8480796
2022020804,465,even-strength,65,-5,FALSE,FALSE,TRUE,FALSE,FALSE,FALSE,0,8480796
2022020804,468,even-strength,36,3,FALSE,FALSE,TRUE,TRUE,TRUE,FALSE,0.025795263323377216,8476979
2022020804,469,even-strength,70,-20,FALSE,FALSE,TRUE,FALSE,FALSE,FALSE,0,8474189
2022020804,470,even-strength,43,34,FALSE,FALSE,TRUE,FALSE,FALSE,FALSE,0,8480796
2022020804,472,even-strength,83,3,FALSE,FALSE,TRUE,TRUE,TRUE,FALSE,0.11541463149007963,8477839
2022020804,476,even-strength,77,-31,FALSE,FALSE,TRUE,TRUE,FALSE,FALSE,0.025915883239518173,8474189
2022020804,483,power-play,39,-17,FALSE,FALSE,TRUE,TRUE,TRUE,FALSE,0.05055685181074551,8476979
2022020804,484,power-play,79,-6,FALSE,FALSE,TRUE,TRUE,TRUE,FALSE,0.10351442812562808,8471698
2022020804,485,power-play,74,-13,FALSE,FALSE,TRUE,TRUE,TRUE,FALSE,0.11841142939171798,8471698
2022020804,486,power-play,63,13,FALSE,FALSE,TRUE,TRUE,FALSE,FALSE,0.12427705965275014,8471214
2022020804,487,even-strength,44,3,FALSE,FALSE,TRUE,FALSE,FALSE,FALSE,0,8475200
2022020804,488,even-strength,33,0,FALSE,FALSE,TRUE,TRUE,TRUE,FALSE,0.020672023117703386,8477979
2022020804,491,even-strength,87,8,FALSE,FALSE,TRUE,TRUE,TRUE,FALSE,0.04221986707289869,8477903
2022020804,493,even-strength,55,39,FALSE,FALSE,TRUE,FALSE,FALSE,FALSE,0,8471214
2022020804,498,even-strength,73,-19,FALSE,FALSE,TRUE,TRUE,TRUE,FALSE,0.03808447809896137,8480796
2022020804,499,even-strength,77,0,FALSE,FALSE,TRUE,FALSE,FALSE,FALSE,0,8475744
2022020804,500,even-strength,63,20,FALSE,FALSE,TRUE,TRUE,FALSE,FALSE,0.025509427518027095,8475744
2022020804,801,even-strength,43,-42,FALSE,TRUE,TRUE,TRUE,TRUE,FALSE,0.02888720924316601,8477845
2022020804,802,even-strength,63,-18,FALSE,FALSE,TRUE,FALSE,FALSE,FALSE,0,8475149
2022020804,805,even-strength,86,-14,FALSE,FALSE,TRUE,TRUE,TRUE,FALSE,0.05486745742833452,8474189
2022020804,806,even-strength,89,9,FALSE,TRUE,TRUE,TRUE,TRUE,FALSE,0.21680667006372997,8471214
2022020804,807,even-strength,79,5,FALSE,FALSE,TRUE,FALSE,FALSE,FALSE,0,8477839
2022020804,808,even-strength,79,5,FALSE,TRUE,TRUE,FALSE,FALSE,FALSE,0,8477839
2022020804,809,even-strength,80,0,FALSE,TRUE,TRUE,TRUE,TRUE,FALSE,0.38100964270977683,8478440
2022020804,810,even-strength,28,29,FALSE,FALSE,TRUE,TRUE,TRUE,FALSE,0.006271011625356184,8476979
2022020804,817,even-strength,54,19,TRUE,FALSE,TRUE,FALSE,FALSE,FALSE,0,8475324
2022020804,821,even-strength,61,25,FALSE,FALSE,TRUE,TRUE,TRUE,FALSE,0.028604244892287422,8471214
2022020804,822,even-strength,33,19,FALSE,FALSE,TRUE,TRUE,TRUE,FALSE,0.013420377333756608,8476979
2022020804,830,even-strength,61,2,FALSE,FALSE,TRUE,FALSE,FALSE,FALSE,0,8480796
2022020804,831,even-strength,52,-19,FALSE,FALSE,TRUE,TRUE,TRUE,TRUE,0.05867487082730408,8475744
2022020829,152,even-strength,37,-32,FALSE,FALSE,TRUE,TRUE,FALSE,FALSE,0.008928437179411665,8480043
2022020829,156,penalty-kill,69,3,FALSE,FALSE,TRUE,TRUE,TRUE,FALSE,0.16066661076534605,8478483
2022020829,158,power-play,63,-2,FALSE,FALSE,TRUE,FALSE,FALSE,FALSE,0,8476853
2022020829,159,power-play,81,-4,FALSE,FALSE,TRUE,TRUE,TRUE,TRUE,0.10507166497732205,8475166
2022020829,164,even-strength,40,-15,FALSE,FALSE,TRUE,TRUE,TRUE,FALSE,0.019865900198974277,8478115
2022020829,166,even-strength,74,9,FALSE,FALSE,TRUE,TRUE,TRUE,FALSE,0.07452224758405239,8476853
2022020829,167,even-strength,80,-2,FALSE,FALSE,TRUE,TRUE,TRUE,FALSE,0.16974764485239816,8477939
2022020829,168,even-strength,71,4,FALSE,FALSE,TRUE,TRUE,FALSE,FALSE,0.0929522557419544,8482634
2022020829,173,even-strength,-31,24,FALSE,FALSE,TRUE,TRUE,TRUE,FALSE,0.0015081720165614756,8478115
2022020829,176,even-strength,78,7,FALSE,FALSE,TRUE,TRUE,TRUE,FALSE,0.09056946366812095,8482634
2022020829,179,even-strength,68,4,FALSE,FALSE,TRUE,TRUE,TRUE,FALSE,0.09944864342767912,8475166
2022020829,184,even-strength,69,9,FALSE,FALSE,TRUE,FALSE,FALSE,FALSE,0,8479944
2022020829,185,even-strength,36,22,FALSE,FALSE,TRUE,TRUE,TRUE,FALSE,0.010987257851532347,8475166
2022020829,186,even-strength,55,0,FALSE,FALSE,TRUE,FALSE,FALSE,FALSE,0,8480873
2022020829,187,even-strength,74,0,FALSE,FALSE,TRUE,FALSE,FALSE,FALSE,0,8480043
2022020829,188,even-strength,78,-3,FALSE,TRUE,TRUE,TRUE,TRUE,FALSE,0.22036972574739594,8477939
2022020829,189,even-strength,79,-3,FALSE,FALSE,TRUE,FALSE,FALSE,FALSE,0,8475714
2022020829,190,power-play,65,10,FALSE,FALSE,TRUE,TRUE,TRUE,FALSE,0.09506942910831037,8477939
2022020829,191,power-play,84,-1,FALSE,TRUE,TRUE,FALSE,FALSE,FALSE,0,8478047
2022020829,195,even-strength,57,-36,FALSE,FALSE,TRUE,TRUE,TRUE,FALSE,0.01733029594756208,8480043
2022020829,196,even-strength,34,9,FALSE,FALSE,TRUE,TRUE,TRUE,FALSE,0.019541463472789445,8474673
2022020829,197,even-strength,79,-13,FALSE,FALSE,TRUE,TRUE,FALSE,FALSE,0.07307913577415281,8477939
2022020829,198,even-strength,80,-13,FALSE,FALSE,TRUE,TRUE,TRUE,FALSE,0.06713919523463804,8480144
2022020829,199,even-strength,65,-22,FALSE,FALSE,TRUE,TRUE,TRUE,FALSE,0.027552927578009135,8478115
2022020829,200,even-strength,50,-24,FALSE,FALSE,TRUE,TRUE,TRUE,FALSE,0.021308162834442434,8480043
2022020829,301,penalty-kill,-56,9,FALSE,FALSE,TRUE,TRUE,TRUE,FALSE,0.0014191968629967393,8474673
2022020829,302,even-strength,59,28,FALSE,FALSE,TRUE,FALSE,FALSE,FALSE,0,8470966
2022020829,303,even-strength,31,31,FALSE,FALSE,TRUE,TRUE,TRUE,FALSE,0.00978201763498524,8470966
2022020829,304,even-strength,69,11,FALSE,FALSE,TRUE,TRUE,TRUE,FALSE,0.049540975470203516,8480144
2022020829,305,even-strength,77,5,FALSE,FALSE,TRUE,FALSE,FALSE,FALSE,0,8470966
2022020829,306,power-play,58,25,FALSE,FALSE,TRUE,TRUE,FALSE,FALSE,0.07180485373791938,8477939
2022020829,309,even-strength,80,-13,FALSE,TRUE,TRUE,FALSE,FALSE,FALSE,0,8478115
2022020829,313,even-strength,75,-34,FALSE,FALSE,TRUE,TRUE,TRUE,FALSE,0.025776473305215614,8478483
2022020829,351,even-strength,54,32,FALSE,FALSE,TRUE,TRUE,TRUE,FALSE,0.013396332735462447,8482634
2022020829,352,even-strength,58,-14,FALSE,FALSE,TRUE,FALSE,FALSE,FALSE,0,8477939
2022020829,354,even-strength,33,38,FALSE,FALSE,TRUE,TRUE,TRUE,FALSE,0.009851156238954115,8476853
2022020829,355,even-strength,43,-17,FALSE,FALSE,TRUE,TRUE,TRUE,FALSE,0.01840430215305816,8480873
2022020829,358,even-strength,66,10,FALSE,FALSE,TRUE,TRUE,FALSE,FALSE,0.044752954074457445,8476853
2022020829,359,power-play,60,-5,FALSE,FALSE,TRUE,FALSE,FALSE,FALSE,0,8478483
2022020829,362,power-play,57,27,FALSE,FALSE,TRUE,TRUE,TRUE,FALSE,0.05265582345319431,8480043
2022020829,363,power-play,64,-19,FALSE,FALSE,TRUE,TRUE,TRUE,FALSE,0.07228714452013589,8477021
2022020829,364,even-strength,78,0,FALSE,FALSE,TRUE,TRUE,TRUE,FALSE,0.14179402832466526,8480043
2022020829,365,even-strength,74,2,FALSE,FALSE,TRUE,FALSE,FALSE,FALSE,0,8475166
2022020829,372,penalty-kill,78,4,FALSE,FALSE,TRUE,TRUE,TRUE,FALSE,0.07820145821467679,8479944
2022020829,375,even-strength,79,3,FALSE,FALSE,TRUE,TRUE,TRUE,FALSE,0.11320308462764651,8477939
2022020829,376,even-strength,80,-14,FALSE,FALSE,TRUE,TRUE,TRUE,FALSE,0.0428191553944189,8477939
2022020829,383,even-strength,73,2,FALSE,FALSE,TRUE,FALSE,FALSE,FALSE,0,8476853
2022020829,387,even-strength,58,17,FALSE,FALSE,TRUE,FALSE,FALSE,FALSE,0,8478115
2022020829,392,even-strength,59,30,FALSE,FALSE,TRUE,TRUE,TRUE,FALSE,0.03160670545775665,8478115
2022020829,393,even-strength,77,-24,FALSE,TRUE,TRUE,TRUE,TRUE,FALSE,0.09266852523490693,8479315
2022020829,394,even-strength,57,28,FALSE,FALSE,TRUE,TRUE,TRUE,FALSE,0.014627072933879387,8480873
2022020829,395,even-strength,76,4,FALSE,FALSE,TRUE,TRUE,FALSE,FALSE,0.13444137401709746,8475714
2022020829,396,even-strength,53,26,FALSE,FALSE,TRUE,TRUE,FALSE,FALSE,0.029795139736130533,8470966
2022020829,397,even-strength,77,-6,FALSE,FALSE,TRUE,TRUE,TRUE,TRUE,0.09199538730833272,8478115
2022020829,399,even-strength,65,-5,FALSE,FALSE,TRUE,TRUE,TRUE,TRUE,0.0785940024291021,8475166
2022020829,751,even-strength,50,36,FALSE,FALSE,TRUE,TRUE,FALSE,FALSE,0.013053788843479054,8470966
2022020829,752,even-strength,51,13,FALSE,FALSE,TRUE,FALSE,FALSE,FALSE,0,8470966
2022020829,754,even-strength,60,-7,FALSE,FALSE,TRUE,FALSE,FALSE,FALSE,0,8478483
2022020829,755,even-strength,68,-3,FALSE,FALSE,TRUE,FALSE,FALSE,FALSE,0,8480873
2022020829,756,even-strength,70,6,FALSE,TRUE,TRUE,TRUE,TRUE,FALSE,0.21269648001851277,8478047
2022020829,757,even-strength,84,-2,FALSE,FALSE,TRUE,FALSE,FALSE,FALSE,0,8478483
2022020829,759,power-play,81,14,FALSE,FALSE,TRUE,TRUE,TRUE,FALSE,0.07984263699858545,8477939
2022020829,760,power-play,84,5,FALSE,TRUE,TRUE,TRUE,TRUE,FALSE,0.263275513580163,8477939
2022020829,761,power-play,70,-3,FALSE,TRUE,TRUE,TRUE,TRUE,FALSE,0.2672774427463625,8478047
2022020829,762,power-play,60,22,FALSE,FALSE,TRUE,TRUE,FALSE,FALSE,0.05127574642233843,8476853
2022020829,763,power-play,58,-13,FALSE,FALSE,TRUE,TRUE,TRUE,FALSE,0.0694321644380447,8478483
2022020829,765,power-play,44,2,FALSE,FALSE,TRUE,TRUE,TRUE,FALSE,0.06196307301933929,8476853
2022020829,766,power-play,58,-17,FALSE,FALSE,TRUE,TRUE,FALSE,FALSE,0.06188745504479265,8475714
2022020829,768,even-strength,71,2,FALSE,FALSE,TRUE,TRUE,TRUE,FALSE,0.08479552026888078,8478115
2022020829,769,even-strength,80,-13,FALSE,FALSE,TRUE,TRUE,FALSE,FALSE,0.04047221573787922,8475166
2022020872,152,even-strength,79,0,FALSE,FALSE,TRUE,TRUE,FALSE,FALSE,0.10025093247604717,8471218
2022020872,153,even-strength,86,5,FALSE,FALSE,TRUE,FALSE,FALSE,FALSE,0,8477220
2022020872,154,even-strength,67,-15,FALSE,FALSE,TRUE,FALSE,FALSE,FALSE,0,8478891
2022020872,155,even-strength,76,4,FALSE,FALSE,TRUE,FALSE,FALSE,FALSE,0,8475455
2022020872,156,even-strength,56,-18,FALSE,FALSE,TRUE,FALSE,FALSE,FALSE,0,8479400
2022020872,157,even-strength,51,27,FALSE,FALSE,TRUE,TRUE,TRUE,FALSE,0.026127276498974613,8477504
2022020872,158,even-strength,56,-16,FALSE,FALSE,TRUE,TRUE,TRUE,FALSE,0.038209018168459195,8477504
2022020872,159,even-strength,77,12,FALSE,FALSE,TRUE,TRUE,TRUE,FALSE,0.054703802115033506,8477940
2022020872,160,even-strength,76,11,FALSE,TRUE,TRUE,TRUE,TRUE,FALSE,0.1465097059179273,8479400
2022020872,162,even-strength,84,-3,FALSE,FALSE,TRUE,TRUE,TRUE,FALSE,0.10208260505717098,8476460
2022020872,163,even-strength,24,-22,FALSE,FALSE,TRUE,TRUE,TRUE,FALSE,0.008449087656146126,8476331
2022020872,164,even-strength,73,26,FALSE,FALSE,TRUE,FALSE,FALSE,FALSE,0,8476460
2022020872,165,even-strength,54,-3,FALSE,FALSE,TRUE,TRUE,TRUE,FALSE,0.0444689138394357,8475455
2022020872,168,even-strength,47,6,FALSE,FALSE,TRUE,TRUE,TRUE,FALSE,0.028935205108558553,8477504
2022020872,169,even-strength,35,22,FALSE,FALSE,TRUE,TRUE,FALSE,FALSE,0.01664695272658306,8477504
2022020872,170,even-strength,36,-29,FALSE,FALSE,TRUE,TRUE,FALSE,FALSE,0.013020681952370624,8477220
2022020872,172,even-strength,74,-22,FALSE,FALSE,TRUE,TRUE,TRUE,FALSE,0.03039623742217135,8479400
2022020872,173,even-strength,63,3,FALSE,FALSE,TRUE,FALSE,FALSE,FALSE,0,8471218
2022020872,175,even-strength,67,-17,FALSE,FALSE,TRUE,FALSE,FALSE,FALSE,0,8476460
2022020872,177,even-strength,84,-17,FALSE,FALSE,TRUE,TRUE,FALSE,FALSE,0.0374341290803717,8477357
2022020872,178,power-play,65,-37,FALSE,FALSE,TRUE,TRUE,TRUE,FALSE,0.03429580601751996,8478398
2022020872,179,power-play,60,26,FALSE,FALSE,TRUE,TRUE,FALSE,FALSE,0.058814436524836984,8476460
2022020872,180,power-play,64,-22,FALSE,FALSE,TRUE,TRUE,TRUE,FALSE,0.11498563745272287,8478398
2022020872,181,power-play,60,-19,FALSE,FALSE,TRUE,TRUE,TRUE,TRUE,0.08093912303010613,8478398
2022020872,182,even-strength,74,13,FALSE,FALSE,TRUE,TRUE,TRUE,FALSE,0.04504702703466395,8480289
2022020872,183,even-strength,70,16,FALSE,FALSE,TRUE,TRUE,TRUE,FALSE,0.037303522930406646,8480289
2022020872,187,even-strength,31,4,FALSE,FALSE,TRUE,TRUE,FALSE,FALSE,0.01913321626935524,8476331
2022020872,188,even-strength,47,-18,FALSE,FALSE,TRUE,FALSE,FALSE,FALSE,0,8478891
2022020872,196,even-strength,62,37,FALSE,FALSE,TRUE,TRUE,TRUE,FALSE,0.020603700772549607,8478398
2022020872,197,penalty-kill,-62,39,FALSE,FALSE,TRUE,TRUE,TRUE,FALSE,4.577709138060569e-4,8480049
2022020872,353,power-play,72,-12,FALSE,FALSE,TRUE,FALSE,FALSE,FALSE,0,8479400
2022020872,354,power-play,55,24,FALSE,FALSE,TRUE,TRUE,TRUE,FALSE,0.1180950751388545,8478398
2022020872,355,power-play,84,-11,FALSE,FALSE,TRUE,TRUE,TRUE,FALSE,0.1470953852876144,8479400
2022020872,356,power-play,51,24,FALSE,FALSE,TRUE,TRUE,FALSE,FALSE,0.09419811351369467,8476460
2022020872,357,power-play,47,10,FALSE,FALSE,TRUE,TRUE,TRUE,FALSE,0.07099683020211084,8478398
2022020872,358,power-play,31,-13,FALSE,FALSE,TRUE,TRUE,FALSE,FALSE,0.026156379527985465,8480145
2022020872,359,power-play,46,-18,FALSE,FALSE,TRUE,TRUE,TRUE,FALSE,0.03941457542216895,8477220
2022020872,366,penalty-kill,80,5,FALSE,FALSE,TRUE,TRUE,TRUE,FALSE,0.14087078210710108,8479400
2022020872,369,even-strength,49,-23,FALSE,FALSE,TRUE,TRUE,TRUE,FALSE,0.02699177401006023,8480289
2022020872,370,even-strength,73,-14,FALSE,FALSE,TRUE,TRUE,TRUE,FALSE,0.05298800560941273,8477940
2022020872,371,even-strength,35,-11,FALSE,FALSE,TRUE,TRUE,FALSE,FALSE,0.013718142425762239,8480145
2022020872,372,even-strength,45,-33,FALSE,FALSE,TRUE,FALSE,FALSE,FALSE,0,8480289
2022020872,375,even-strength,56,-25,FALSE,FALSE,TRUE,TRUE,FALSE,FALSE,0.02939979046127801,8480145
2022020872,376,even-strength,51,-18,FALSE,FALSE,TRUE,TRUE,FALSE,FALSE,0.026448365881436352,8479400
2022020872,377,even-strength,76,4,FALSE,TRUE,TRUE,TRUE,TRUE,FALSE,0.2252240374037475,8476460
2022020872,378,even-strength,77,-2,FALSE,FALSE,TRUE,FALSE,FALSE,FALSE,0,8476460
2022020872,380,power-play,75,-4,FALSE,FALSE,TRUE,TRUE,FALSE,FALSE,0.156589307668626,8478831
2022020872,381,power-play,72,2,FALSE,FALSE,TRUE,FALSE,FALSE,FALSE,0,8480145
2022020872,382,power-play,72,-30,FALSE,FALSE,TRUE,TRUE,FALSE,FALSE,0.11727095442641003,8478398
2022020872,383,power-play,65,-12,FALSE,FALSE,TRUE,TRUE,FALSE,FALSE,0.15044616391042737,8478398
2022020872,384,power-play,68,-23,FALSE,FALSE,TRUE,TRUE,FALSE,FALSE,0.11197582434109594,8478398
2022020872,385,power-play,58,-13,FALSE,FALSE,TRUE,TRUE,TRUE,FALSE,0.1164789373265541,8477504
2022020872,386,even-strength,74,-6,FALSE,FALSE,TRUE,TRUE,FALSE,FALSE,0.11498507139306913,8477504
2022020872,400,even-strength,32,-14,FALSE,FALSE,TRUE,TRUE,TRUE,FALSE,0.009797306369433469,8480145
2022020872,553,even-strength,84,-1,FALSE,TRUE,TRUE,TRUE,TRUE,FALSE,0.2810651134430056,8476331
2022020872,554,power-play,84,1,FALSE,TRUE,TRUE,TRUE,TRUE,FALSE,0.3217503904656343,8478831
2022020872,555,even-strength,81,-10,FALSE,FALSE,TRUE,FALSE,FALSE,FALSE,0,8476460
2022020872,751,even-strength,83,-1,FALSE,FALSE,TRUE,TRUE,TRUE,FALSE,0.1179362856991575,8478398
2022020872,752,even-strength,43,-23,FALSE,FALSE,TRUE,FALSE,FALSE,FALSE,0,8477220
2022020872,753,even-strength,37,-27,FALSE,FALSE,TRUE,TRUE,FALSE,FALSE,0.009569957852238534,8477504
2022020872,754,power-play,55,14,FALSE,FALSE,TRUE,TRUE,FALSE,FALSE,0.08186332470084946,8479400
2022020872,755,power-play,75,-18,FALSE,FALSE,TRUE,TRUE,TRUE,FALSE,0.07187670953259463,8478398
2022020872,756,power-play,61,31,FALSE,FALSE,TRUE,TRUE,TRUE,FALSE,0.0655471089160032,8477940
2022020872,757,power-play,86,2,FALSE,TRUE,TRUE,TRUE,TRUE,FALSE,0.4167070216452182,8478831
2022020872,758,power-play,81,-5,FALSE,FALSE,TRUE,FALSE,FALSE,FALSE,0,8477220
2022020872,759,power-play,63,-29,FALSE,FALSE,TRUE,TRUE,TRUE,FALSE,0.04652634905080604,8477220
2022020872,760,even-strength,85,4,FALSE,FALSE,TRUE,TRUE,FALSE,FALSE,0.08682391913955179,8482149
2022020872,761,even-strength,49,35,FALSE,FALSE,TRUE,TRUE,TRUE,FALSE,0.015287968460280901,8477940
2022020872,766,even-strength,72,-5,FALSE,FALSE,TRUE,FALSE,FALSE,FALSE,0,8477220
2022020872,767,even-strength,54,30,FALSE,FALSE,TRUE,TRUE,TRUE,FALSE,0.01677871636759923,8477504
2022020872,768,even-strength,42,-24,FALSE,FALSE,TRUE,TRUE,FALSE,FALSE,0.021020573583121965,8477220
2022020872,769,even-strength,60,-17,FALSE,FALSE,TRUE,FALSE,FALSE,FALSE,0,8477220
2022020872,770,even-strength,63,34,FALSE,FALSE,TRUE,TRUE,TRUE,FALSE,0.07440079672642518,8476460
2022020872,771,even-strength,42,12,FALSE,FALSE,TRUE,TRUE,FALSE,FALSE,0.03309170423413131,8477504
2022020872,772,even-strength,19,27,FALSE,FALSE,TRUE,TRUE,TRUE,FALSE,0.020455100941346525,8477940
2022020872,773,even-strength,77,8,FALSE,FALSE,TRUE,TRUE,TRUE,FALSE,0.07489795945038981,8476460
2022020872,774,even-strength,68,-10,FALSE,FALSE,TRUE,FALSE,FALSE,FALSE,0,8478398
2022020872,775,even-strength,51,0,FALSE,FALSE,TRUE,FALSE,FALSE,FALSE,0,8477504
2022020887,152,even-strength,43,-1,FALSE,FALSE,TRUE,FALSE,FALSE,FALSE,0,8480027
2022020887,153,even-strength,66,5,FALSE,FALSE,TRUE,TRUE,TRUE,FALSE,0.07397865380154817,8475794
2022020887,154,even-strength,43,14,FALSE,FALSE,TRUE,TRUE,FALSE,FALSE,0.017128435044645257,8470600
2022020887,155,even-strength,65,-9,FALSE,FALSE,TRUE,FALSE,FALSE,FALSE,0,8480878
2022020887,156,even-strength,37,31,FALSE,FALSE,TRUE,TRUE,FALSE,FALSE,0.007376921180285815,8470600
2022020887,157,even-strength,63,32,FALSE,FALSE,TRUE,TRUE,TRUE,FALSE,0.0186122623943213,8479518
2022020887,159,even-strength,50,15,FALSE,FALSE,TRUE,TRUE,TRUE,FALSE,0.02686727745994382,8479518
2022020887,160,even-strength,48,11,FALSE,FALSE,TRUE,TRUE,TRUE,FALSE,0.031035879256484416,8480036
2022020887,164,even-strength,49,18,FALSE,FALSE,TRUE,FALSE,FALSE,FALSE,0,8478975
2022020887,165,even-strength,61,-40,FALSE,TRUE,TRUE,TRUE,FALSE,FALSE,0.03964910757003916,8475794
2022020887,167,even-strength,87,7,FALSE,FALSE,TRUE,TRUE,TRUE,FALSE,0.03457673044620158,8476889
2022020887,173,even-strength,45,37,FALSE,FALSE,TRUE,TRUE,FALSE,FALSE,0.011819261171315333,8476889
2022020887,181,even-strength,78,24,FALSE,FALSE,TRUE,FALSE,FALSE,FALSE,0,8478495
2022020887,183,even-strength,52,-7,FALSE,FALSE,TRUE,TRUE,TRUE,FALSE,0.06332118398340307,8478975
2022020887,184,even-strength,69,34,FALSE,FALSE,TRUE,TRUE,FALSE,FALSE,0.017992516782588137,8480848
2022020887,185,even-strength,78,-16,FALSE,FALSE,TRUE,TRUE,FALSE,FALSE,0.06282955019528488,8480848
2022020887,186,even-strength,43,-35,FALSE,TRUE,TRUE,TRUE,TRUE,FALSE,0.047441132456285486,8475825
2022020887,187,even-strength,71,30,FALSE,FALSE,TRUE,TRUE,FALSE,FALSE,0.020402074896196585,8480848
2022020887,191,even-strength,31,-24,FALSE,FALSE,TRUE,TRUE,TRUE,FALSE,0.0215100945564052,8478495
2022020887,192,even-strength,58,37,FALSE,FALSE,TRUE,TRUE,TRUE,FALSE,0.01405706113328376,8478495
2022020887,193,even-strength,38,31,FALSE,FALSE,TRUE,TRUE,TRUE,FALSE,0.012183724267894406,8480027
2022020887,194,even-strength,83,5,FALSE,FALSE,TRUE,FALSE,FALSE,FALSE,0,8470600
2022020887,195,even-strength,49,-37,FALSE,FALSE,TRUE,TRUE,TRUE,FALSE,0.02265679045529624,8480878
2022020887,199,even-strength,41,-4,FALSE,FALSE,TRUE,TRUE,TRUE,FALSE,0.03083521210341406,8476525
2022020887,200,even-strength,84,5,FALSE,TRUE,TRUE,TRUE,TRUE,FALSE,0.20150298790642251,8480036
2022020887,351,even-strength,58,-22,FALSE,FALSE,TRUE,TRUE,TRUE,FALSE,0.051552656697335324,8480036
2022020887,352,even-strength,86,-7,FALSE,TRUE,TRUE,TRUE,FALSE,FALSE,0.13615309690467417,8480036
2022020887,353,even-strength,59,18,FALSE,FALSE,TRUE,TRUE,TRUE,FALSE,0.041963989734730825,8480036
2022020887,354,even-strength,79,6,FALSE,FALSE,TRUE,TRUE,FALSE,FALSE,0.09106830617466564,8482740
2022020887,358,even-strength,63,15,FALSE,FALSE,TRUE,TRUE,FALSE,FALSE,0.04398575614646807,8478975
2022020887,360,even-strength,73,-7,FALSE,FALSE,TRUE,TRUE,FALSE,FALSE,0.04685124218084477,8475794
2022020887,368,even-strength,59,-15,FALSE,FALSE,TRUE,TRUE,TRUE,FALSE,0.028260837861894667,8480027
2022020887,371,even-strength,79,-16,FALSE,FALSE,TRUE,TRUE,TRUE,FALSE,0.04525348002765679,8475794
2022020887,373,even-strength,76,-18,FALSE,FALSE,TRUE,TRUE,TRUE,TRUE,0.04384580062665072,8480848
2022020887,378,even-strength,78,-29,FALSE,FALSE,TRUE,TRUE,TRUE,FALSE,0.03717375649942605,8480878
2022020887,379,even-strength,57,23,FALSE,TRUE,TRUE,TRUE,FALSE,FALSE,0.07594067204716191,8470600
2022020887,381,even-strength,70,-17,FALSE,FALSE,TRUE,TRUE,TRUE,FALSE,0.047649371196148683,8480848
2022020887,382,even-strength,63,16,FALSE,FALSE,TRUE,FALSE,FALSE,FALSE,0,8480036
2022020887,388,even-strength,8,-10,FALSE,FALSE,TRUE,TRUE,TRUE,FALSE,0.0057241665542061984,8478975
2022020887,390,even-strength,76,14,FALSE,FALSE,TRUE,FALSE,FALSE,FALSE,0,8480036
2022020887,391,even-strength,66,-22,FALSE,FALSE,TRUE,FALSE,FALSE,FALSE,0,8476525
2022020887,393,even-strength,72,-2,FALSE,FALSE,TRUE,TRUE,TRUE,FALSE,0.1048893640347589,8470794
2022020887,502,even-strength,52,30,FALSE,FALSE,TRUE,FALSE,FALSE,FALSE,0,8470600
2022020887,503,even-strength,51,-38,FALSE,FALSE,TRUE,FALSE,FALSE,FALSE,0,8470794
2022020887,652,even-strength,49,-37,FALSE,FALSE,TRUE,TRUE,FALSE,FALSE,0.014818888384297563,8478495
2022020887,655,even-strength,69,-23,FALSE,FALSE,TRUE,TRUE,TRUE,FALSE,0.033349941350975174,8480878
2022020887,656,even-strength,66,-15,FALSE,FALSE,TRUE,TRUE,TRUE,FALSE,0.03555714727148733,8478028
2022020887,657,power-play,44,-14,FALSE,FALSE,TRUE,TRUE,FALSE,FALSE,0.03854528224009635,8480036
2022020887,658,power-play,62,-18,FALSE,FALSE,TRUE,TRUE,FALSE,FALSE,0.06082132201600344,8480027
2022020887,661,power-play,56,15,FALSE,FALSE,TRUE,TRUE,TRUE,FALSE,0.09959473774989872,8480027
2022020887,662,power-play,68,12,FALSE,FALSE,TRUE,TRUE,FALSE,FALSE,0.10028962782183526,8482740
2022020887,663,even-strength,71,-8,FALSE,FALSE,TRUE,FALSE,FALSE,FALSE,0,8470600
2022020887,665,even-strength,38,33,FALSE,FALSE,TRUE,TRUE,TRUE,FALSE,0.008008442163381643,8476902
2022020887,672,even-strength,-92,-16,FALSE,FALSE,TRUE,TRUE,TRUE,FALSE,1.13135575025273e-4,8475825
2022020887,674,even-strength,41,-25,FALSE,FALSE,TRUE,TRUE,FALSE,FALSE,0.016665822042900475,8480027
2022020887,675,even-strength,63,31,TRUE,FALSE,TRUE,FALSE,FALSE,FALSE,0,8479518
2022020887,676,even-strength,75,-1,FALSE,TRUE,TRUE,TRUE,TRUE,FALSE,0.2329687972633712,8476889
2022020887,677,even-strength,71,-17,TRUE,TRUE,TRUE,FALSE,FALSE,FALSE,0,8475825
2022020887,678,even-strength,48,-21,FALSE,FALSE,TRUE,FALSE,FALSE,FALSE,0,8476525
2022020887,681,even-strength,74,-1,FALSE,FALSE,TRUE,FALSE,FALSE,FALSE,0,8480027
2022020887,682,even-strength,43,9,FALSE,FALSE,TRUE,FALSE,FALSE,FALSE,0,8476902
2022020887,684,even-strength,77,32,FALSE,FALSE,TRUE,FALSE,FALSE,FALSE,0,8480036
2022020887,685,even-strength,81,-3,FALSE,FALSE,TRUE,FALSE,FALSE,FALSE,0,8480027
2022020887,686,even-strength,81,-3,FALSE,FALSE,TRUE,TRUE,FALSE,FALSE,0.1026327209811899,8473994
2022020887,688,even-strength,87,32,FALSE,FALSE,TRUE,TRUE,TRUE,FALSE,0.01633970035405812,8476889
2022020924,151,even-strength,38,-32,FALSE,FALSE,TRUE,TRUE,FALSE,FALSE,0.0122149056898455,8476856
2022020924,153,even-strength,72,-13,FALSE,FALSE,TRUE,TRUE,TRUE,FALSE,0.08645984057858921,8478864
2022020924,154,even-strength,78,0,FALSE,FALSE,TRUE,TRUE,TRUE,FALSE,0.09384502186734367,8478864
2022020924,155,even-strength,-38,12,FALSE,FALSE,TRUE,TRUE,TRUE,FALSE,0.001095729389535792,8477451
2022020924,156,even-strength,77,26,FALSE,FALSE,TRUE,TRUE,FALSE,FALSE,0.023713619882353272,8477541
2022020924,157,even-strength,83,-4,FALSE,FALSE,TRUE,TRUE,FALSE,FALSE,0.127417038920141,8479520
2022020924,158,even-strength,87,2,FALSE,FALSE,TRUE,TRUE,TRUE,TRUE,0.09458572382445768,8479520
2022020924,160,even-strength,74,-8,FALSE,FALSE,TRUE,FALSE,FALSE,FALSE,0,8477919
2022020924,163,even-strength,45,-31,FALSE,FALSE,TRUE,TRUE,TRUE,FALSE,0.019433593770749855,8480884
2022020924,165,even-strength,64,-27,FALSE,FALSE,TRUE,TRUE,FALSE,FALSE,0.02426049271948948,8474716
2022020924,166,even-strength,59,-2,FALSE,FALSE,TRUE,TRUE,FALSE,FALSE,0.05505947142563206,8477451
2022020924,167,even-strength,71,3,FALSE,FALSE,TRUE,TRUE,TRUE,FALSE,0.13789252313257888,8478864
2022020924,174,even-strength,64,-16,FALSE,FALSE,TRUE,TRUE,TRUE,TRUE,0.039878673323443,8478864
2022020924,175,even-strength,68,16,FALSE,FALSE,TRUE,TRUE,FALSE,FALSE,0.046409934319476334,8481557
2022020924,181,even-strength,50,26,FALSE,FALSE,TRUE,TRUE,FALSE,FALSE,0.028382551414369492,8477919
2022020924,187,even-strength,41,-1,FALSE,FALSE,TRUE,TRUE,TRUE,FALSE,0.02958651488443166,8474716
2022020924,188,even-strength,67,0,FALSE,FALSE,TRUE,FALSE,FALSE,FALSE,0,8477451
2022020924,189,even-strength,85,9,FALSE,FALSE,TRUE,TRUE,FALSE,FALSE,0.04523190642987937,8477451
2022020924,194,even-strength,39,-5,FALSE,FALSE,TRUE,TRUE,FALSE,FALSE,0.024116695081696136,8480884
2022020924,195,even-strength,77,7,FALSE,FALSE,TRUE,FALSE,FALSE,FALSE,0,8478493
2022020924,197,even-strength,62,0,FALSE,FALSE,TRUE,FALSE,FALSE,FALSE,0,8478136
2022020924,251,even-strength,72,-2,FALSE,FALSE,TRUE,FALSE,FALSE,FALSE,0,8478864
2022020924,303,even-strength,65,-15,FALSE,FALSE,TRUE,FALSE,FALSE,FALSE,0,8477451
2022020924,304,even-strength,81,-24,FALSE,FALSE,TRUE,TRUE,TRUE,FALSE,0.0327327657850015,8471817
2022020924,305,even-strength,49,-14,FALSE,FALSE,TRUE,FALSE,FALSE,FALSE,0,8476856
2022020924,307,even-strength,30,39,FALSE,FALSE,TRUE,TRUE,FALSE,FALSE,0.007573322208598665,8475692
2022020924,309,penalty-kill,46,7,FALSE,FALSE,TRUE,FALSE,FALSE,FALSE,0,8478493
2022020924,313,penalty-kill,70,4,FALSE,FALSE,TRUE,FALSE,FALSE,FALSE,0,8480980
2022020924,314,even-strength,66,-4,FALSE,FALSE,TRUE,TRUE,TRUE,FALSE,0.09601365363011442,8477451
2022020924,315,even-strength,78,-6,FALSE,TRUE,TRUE,TRUE,TRUE,FALSE,0.21860264170359905,8479520
2022020924,316,even-strength,82,8,FALSE,FALSE,TRUE,TRUE,TRUE,FALSE,0.05879178351468155,8479520
2022020924,322,even-strength,47,-32,FALSE,FALSE,TRUE,TRUE,TRUE,FALSE,0.015403396554675588,8478493
2022020924,323,even-strength,-69,24,FALSE,FALSE,TRUE,TRUE,FALSE,FALSE,2.3017105664393847e-4,8475220
2022020924,324,even-strength,59,36,FALSE,FALSE,TRUE,TRUE,TRUE,FALSE,0.01436889605285535,8478136
2022020924,326,even-strength,51,23,FALSE,FALSE,TRUE,TRUE,TRUE,FALSE,0.030120658068867465,8480980
2022020924,327,even-strength,40,25,FALSE,FALSE,TRUE,TRUE,TRUE,FALSE,0.013847296860427405,8471274
2022020924,328,even-strength,-19,35,FALSE,FALSE,TRUE,TRUE,TRUE,FALSE,9.240432084036229e-4,8478136
2022020924,329,even-strength,86,35,FALSE,FALSE,TRUE,TRUE,TRUE,FALSE,0.020436275569926388,8479972
2022020924,330,even-strength,76,7,FALSE,TRUE,TRUE,TRUE,TRUE,FALSE,0.18995085463363579,8480980
2022020924,333,even-strength,81,-11,FALSE,FALSE,TRUE,TRUE,FALSE,FALSE,0.0769597690762714,8481557
2022020924,334,even-strength,69,2,FALSE,FALSE,TRUE,FALSE,FALSE,FALSE,0,8474716
2022020924,337,even-strength,53,20,FALSE,FALSE,TRUE,TRUE,TRUE,FALSE,0.029659620802850794,8471274
2022020924,339,even-strength,82,-1,FALSE,FALSE,TRUE,TRUE,FALSE,FALSE,0.13700623660675737,8478493
2022020924,344,even-strength,58,11,FALSE,FALSE,TRUE,TRUE,TRUE,FALSE,0.06504316634772221,8481557
2022020924,346,even-strength,68,-14,FALSE,FALSE,TRUE,FALSE,FALSE,FALSE,0,8478864
2022020924,347,even-strength,59,6,FALSE,FALSE,TRUE,TRUE,TRUE,FALSE,0.03987960900430137,8479520
2022020924,601,even-strength,35,38,FALSE,FALSE,TRUE,TRUE,FALSE,FALSE,0.008771631469644162,8478493
2022020924,603,even-strength,74,-10,FALSE,FALSE,TRUE,TRUE,TRUE,FALSE,0.08554662886664491,8478413
2022020924,604,even-strength,38,20,FALSE,FALSE,TRUE,TRUE,FALSE,FALSE,0.020753793362397615,8479520
2022020924,605,even-strength,72,-22,FALSE,FALSE,TRUE,TRUE,FALSE,FALSE,0.03998822520766028,8474716
2022020924,606,even-strength,77,-2,FALSE,FALSE,TRUE,TRUE,FALSE,FALSE,0.1197948060729255,8478864
2022020924,607,even-strength,69,-4,FALSE,FALSE,TRUE,FALSE,FALSE,FALSE,0,8476856
2022020924,608,even-strength,70,-16,FALSE,FALSE,TRUE,TRUE,TRUE,FALSE,0.031518897942656283,8477451
2022020924,609,even-strength,36,6,FALSE,FALSE,TRUE,TRUE,TRUE,FALSE,0.026872841347502063,8477541
2022020924,610,even-strength,61,-36,FALSE,FALSE,TRUE,TRUE,FALSE,FALSE,0.01726259234638068,8476856
2022020936,151,even-strength,56,37,FALSE,FALSE,TRUE,TRUE,TRUE,FALSE,0.017977025003091448,8477498
2022020936,159,even-strength,72,-38,FALSE,FALSE,TRUE,TRUE,TRUE,FALSE,0.017163769081292444,8479344
2022020936,160,even-strength,88,-14,FALSE,FALSE,TRUE,TRUE,TRUE,FALSE,0.0358495174105317,8477934
2022020936,162,even-strength,54,24,FALSE,FALSE,TRUE,TRUE,TRUE,FALSE,0.030520283932423727,8477998
2022020936,165,even-strength,60,30,FALSE,FALSE,TRUE,TRUE,TRUE,FALSE,0.019381499063408084,8476967
2022020936,169,even-strength,31,-20,FALSE,FALSE,TRUE,TRUE,TRUE,FALSE,0.010579718272103992,8475197
2022020936,171,even-strength,75,-8,FALSE,FALSE,TRUE,FALSE,FALSE,FALSE,0,8477934
2022020936,172,even-strength,50,7,FALSE,FALSE,TRUE,TRUE,TRUE,FALSE,0.03313441818538303,8480802
2022020936,173,power-play,44,23,FALSE,FALSE,TRUE,TRUE,TRUE,FALSE,0.03295539719110157,8475197
2022020936,175,power-play,88,5,FALSE,FALSE,TRUE,TRUE,FALSE,FALSE,0.08522432782267468,8477934
2022020936,177,even-strength,47,-22,FALSE,FALSE,TRUE,TRUE,FALSE,FALSE,0.018711884742025533,8480803
2022020936,179,even-strength,43,15,FALSE,FALSE,TRUE,FALSE,FALSE,FALSE,0,8475197
2022020936,180,even-strength,68,-20,FALSE,FALSE,TRUE,TRUE,TRUE,FALSE,0.040976693432818956,8477498
2022020936,189,even-strength,32,2,FALSE,FALSE,TRUE,TRUE,TRUE,FALSE,0.015576025910269912,8475197
2022020936,190,even-strength,85,-8,FALSE,TRUE,TRUE,TRUE,TRUE,FALSE,0.15532218678113638,8479977
2022020936,194,even-strength,39,2,FALSE,FALSE,TRUE,TRUE,FALSE,FALSE,0.021848620296619874,8476879
2022020936,195,even-strength,86,9,FALSE,TRUE,TRUE,FALSE,FALSE,FALSE,0,8477498
2022020936,196,even-strength,55,9,FALSE,FALSE,TRUE,TRUE,FALSE,FALSE,0.036606629804032724,8477934
2022020936,200,even-strength,84,11,FALSE,FALSE,TRUE,TRUE,TRUE,TRUE,0.0548949800085137,8477998
2022020936,353,even-strength,34,32,FALSE,FALSE,TRUE,TRUE,FALSE,FALSE,0.011285464766192967,8476967
2022020936,354,even-strength,82,8,FALSE,TRUE,TRUE,TRUE,TRUE,FALSE,0.18903322980761209,8478402
2022020936,355,even-strength,82,6,FALSE,TRUE,TRUE,TRUE,FALSE,FALSE,0.14178194672774488,8478402
2022020936,358,even-strength,78,1,FALSE,FALSE,TRUE,TRUE,FALSE,FALSE,0.08083281651587651,8477406
2022020936,401,power-play,62,-17,FALSE,FALSE,TRUE,TRUE,FALSE,FALSE,0.10334323685603361,8477934
2022020936,402,power-play,79,-19,FALSE,FALSE,TRUE,TRUE,TRUE,FALSE,0.10891566597401466,8477934
2022020936,403,power-play,58,12,FALSE,FALSE,TRUE,TRUE,TRUE,FALSE,0.09079003244700562,8478402
2022020936,404,power-play,78,-17,FALSE,FALSE,TRUE,TRUE,TRUE,TRUE,0.1476862818782113,8477934
2022020936,405,even-strength,82,5,TRUE,FALSE,TRUE,TRUE,FALSE,FALSE,0.13816910271782562,8477998
2022020936,406,even-strength,51,22,FALSE,FALSE,TRUE,TRUE,TRUE,FALSE,0.027316021480353017,8477498
2022020936,411,penalty-kill,77,-11,FALSE,FALSE,TRUE,TRUE,TRUE,TRUE,0.06705976139170655,8478402
2022020936,413,even-strength,83,-4,FALSE,FALSE,TRUE,TRUE,TRUE,FALSE,0.10431175135650822,8477934
2022020936,414,even-strength,80,6,FALSE,FALSE,TRUE,FALSE,FALSE,FALSE,0,8476967
2022020936,416,even-strength,83,6,FALSE,FALSE,TRUE,FALSE,FALSE,FALSE,0,8476967
2022020936,417,even-strength,71,-4,FALSE,FALSE,TRUE,FALSE,FALSE,FALSE,0,8475197
2022020936,419,even-strength,55,19,FALSE,FALSE,TRUE,TRUE,TRUE,TRUE,0.03710162683671984,8478402
2022020936,420,even-strength,47,-29,FALSE,FALSE,TRUE,FALSE,FALSE,FALSE,0,8480803
2022020936,421,even-strength,76,-16,FALSE,FALSE,TRUE,TRUE,TRUE,FALSE,0.037418156454766545,8475786
2022020936,422,even-strength,33,-29,FALSE,FALSE,TRUE,TRUE,TRUE,FALSE,0.0063500907549655285,8479576
2022020936,423,even-strength,31,-12,FALSE,FALSE,TRUE,TRUE,TRUE,FALSE,0.01861595785971333,8476879
2022020936,424,even-strength,38,11,FALSE,FALSE,TRUE,FALSE,FALSE,FALSE,0,8477498
2022020936,425,even-strength,79,0,FALSE,FALSE,TRUE,FALSE,FALSE,FALSE,0,8476879
2022020936,426,even-strength,62,8,FALSE,FALSE,TRUE,FALSE,FALSE,FALSE,0,8478402
2022020936,427,even-strength,78,-36,FALSE,FALSE,TRUE,TRUE,TRUE,FALSE,0.02004386677238853,8475197
2022020936,434,even-strength,66,19,FALSE,FALSE,TRUE,TRUE,TRUE,FALSE,0.03970309556989495,8478402
2022020936,435,even-strength,79,-3,FALSE,FALSE,TRUE,TRUE,FALSE,FALSE,0.13585063161908947,8478402
2022020936,436,even-strength,84,-7,FALSE,FALSE,TRUE,TRUE,TRUE,FALSE,0.0678973521206598,8476454
2022020936,438,even-strength,54,-24,FALSE,FALSE,TRUE,TRUE,FALSE,FALSE,0.01559429633305405,8480803
2022020936,439,even-strength,77,0,FALSE,FALSE,TRUE,FALSE,FALSE,FALSE,0,8479576
2022020936,440,even-strength,83,-31,FALSE,TRUE,TRUE,TRUE,TRUE,FALSE,0.10475022893621504,8477934
2022020936,442,even-strength,62,26,FALSE,FALSE,TRUE,TRUE,TRUE,FALSE,0.035890984629198076,8475786
2022020936,443,even-strength,86,5,FALSE,FALSE,TRUE,TRUE,TRUE,FALSE,0.05284472199904592,8475786
2022020936,444,even-strength,87,4,FALSE,FALSE,TRUE,TRUE,TRUE,FALSE,0.10565950510534443,8479977
2022020936,445,even-strength,70,-3,FALSE,FALSE,TRUE,TRUE,TRUE,FALSE,0.08324460112043043,8478585
2022020936,446,even-strength,77,3,FALSE,TRUE,TRUE,TRUE,TRUE,FALSE,0.21653631212054164,8478585
2022020936,447,even-strength,81,-2,FALSE,TRUE,TRUE,TRUE,TRUE,FALSE,0.30082586923820825,8477406
2022020936,448,even-strength,83,2,FALSE,TRUE,TRUE,TRUE,TRUE,FALSE,0.306551522204835,8477406
2022020936,449,even-strength,80,-28,FALSE,FALSE,TRUE,TRUE,FALSE,FALSE,0.01905275950527615,8478402
2022020936,450,even-strength,8,-21,FALSE,FALSE,TRUE,TRUE,TRUE,FALSE,0.005283989892207163,8476879
2022020936,701,even-strength,83,-6,FALSE,FALSE,TRUE,FALSE,FALSE,FALSE,0,8477998
2022020936,702,even-strength,35,-38,FALSE,TRUE,TRUE,TRUE,TRUE,FALSE,0.0294127704933628,8476454
2022020936,706,even-strength,69,34,FALSE,FALSE,TRUE,TRUE,TRUE,FALSE,0.024001389457818482,8480802
2022020936,707,even-strength,44,32,FALSE,FALSE,TRUE,TRUE,TRUE,FALSE,0.016088775976148675,8480803
2022020936,710,even-strength,39,26,FALSE,FALSE,TRUE,TRUE,TRUE,FALSE,0.018446258324739208,8476967
2022020936,711,power-play,33,3,FALSE,FALSE,TRUE,TRUE,FALSE,FALSE,0.04445128821050879,8475197
2022020936,712,power-play,81,-7,FALSE,FALSE,TRUE,TRUE,TRUE,FALSE,0.11330008236972454,8477998
2022020936,713,power-play,68,-19,FALSE,FALSE,TRUE,TRUE,TRUE,FALSE,0.05706661845472805,8480803
2022020936,714,even-strength,46,36,FALSE,FALSE,TRUE,FALSE,FALSE,FALSE,0,8477998
2022020936,715,even-strength,57,38,FALSE,FALSE,TRUE,TRUE,TRUE,FALSE,0.011845751716731094,8476967
2022020936,716,even-strength,94,18,FALSE,FALSE,TRUE,TRUE,FALSE,FALSE,0.04547019304775618,8478402
2022020936,720,even-strength,78,-14,FALSE,FALSE,TRUE,FALSE,FALSE,FALSE,0,8477934
2022020936,721,even-strength,56,21,FALSE,FALSE,TRUE,FALSE,FALSE,FALSE,0,8477498
2022020936,724,even-strength,71,35,FALSE,FALSE,TRUE,TRUE,TRUE,FALSE,0.012951919263575539,8478585
2022020936,725,even-strength,67,27,FALSE,FALSE,TRUE,TRUE,TRUE,FALSE,0.04680057171507812,8478402
2022020936,727,even-strength,85,0,FALSE,FALSE,TRUE,TRUE,TRUE,TRUE,0.1405117101377113,8475786
2022020936,729,even-strength,63,-24,FALSE,FALSE,TRUE,TRUE,TRUE,FALSE,0.032820261630583505,8478402
2022020936,730,even-strength,47,32,FALSE,FALSE,TRUE,TRUE,FALSE,FALSE,0.010634271243772047,8477998
2022020936,732,even-strength,81,-2,FALSE,FALSE,TRUE,TRUE,FALSE,FALSE,0.09408034799794845,8476454
2022020936,734,even-strength,60,17,FALSE,FALSE,TRUE,TRUE,TRUE,FALSE,0.0670598133823832,8480803
2022020936,735,even-strength,54,-11,FALSE,FALSE,TRUE,FALSE,FALSE,FALSE,0,8475197
2022021000,5,even-strength,81,-20,FALSE,FALSE,TRUE,TRUE,TRUE,FALSE,0.06416588349695021,8476410
2022021000,8,even-strength,79,-25,FALSE,FALSE,TRUE,TRUE,TRUE,FALSE,0.036957868629990814,8479385
2022021000,10,even-strength,69,-19,FALSE,FALSE,TRUE,TRUE,TRUE,FALSE,0.04686383295779148,8479366
2022021000,11,even-strength,35,-6,FALSE,FALSE,TRUE,TRUE,FALSE,FALSE,0.019803047865640227,8476410
2022021000,12,even-strength,79,-3,FALSE,FALSE,TRUE,TRUE,TRUE,FALSE,0.10784287551345673,8479366
2022021000,19,even-strength,72,8,TRUE,FALSE,TRUE,FALSE,FALSE,FALSE,0,8476410
2022021000,21,power-play,65,-20,FALSE,FALSE,TRUE,TRUE,TRUE,FALSE,0.06989650681989554,8477402
2022021000,22,power-play,80,1,FALSE,FALSE,TRUE,TRUE,TRUE,FALSE,0.09704167537571273,8479385
2022021000,23,even-strength,38,3,FALSE,FALSE,TRUE,TRUE,FALSE,FALSE,0.03129304023503503,8479385
2022021000,27,even-strength,78,-3,FALSE,FALSE,TRUE,FALSE,FALSE,FALSE,0,8476892
2022021000,28,even-strength,54,-19,FALSE,FALSE,TRUE,TRUE,TRUE,FALSE,0.029249360039249175,8477402
2022021000,34,even-strength,79,1,FALSE,FALSE,TRUE,FALSE,FALSE,FALSE,0,8474618
2022021000,37,even-strength,72,-5,FALSE,FALSE,TRUE,TRUE,TRUE,FALSE,0.09749004030894025,8477953
2022021000,38,even-strength,75,6,FALSE,FALSE,TRUE,FALSE,FALSE,FALSE,0,8476792
2022021000,41,penalty-kill,-88,-24,FALSE,FALSE,TRUE,TRUE,TRUE,FALSE,3.521874149322463e-4,8475753
2022021000,44,even-strength,76,0,FALSE,FALSE,TRUE,FALSE,FALSE,FALSE,0,8476410
2022021000,48,even-strength,77,-3,FALSE,FALSE,TRUE,TRUE,FALSE,FALSE,0.09322544430023132,8476892
2022021000,75,power-play,74,-25,FALSE,TRUE,TRUE,TRUE,TRUE,FALSE,0.20118504919052327,8477402
2022021000,110,even-strength,68,-8,FALSE,FALSE,TRUE,TRUE,TRUE,FALSE,0.1197489366882672,8477953
2022021000,112,even-strength,76,-4,FALSE,FALSE,TRUE,FALSE,FALSE,FALSE,0,8475753
2022021000,118,power-play,73,1,FALSE,FALSE,TRUE,TRUE,TRUE,FALSE,0.21700992706717684,8476438
2022021000,122,power-play,40,0,FALSE,FALSE,TRUE,TRUE,FALSE,FALSE,0.04814738636662234,8475753
2022021000,123,even-strength,83,9,FALSE,TRUE,TRUE,TRUE,TRUE,TRUE,0.18363718249012317,8480023
2022021000,135,even-strength,65,-11,TRUE,FALSE,TRUE,TRUE,TRUE,FALSE,0.08726515168413708,8477402
2022021000,140,even-strength,67,9,FALSE,FALSE,TRUE,FALSE,FALSE,FALSE,0,8475181
2022021000,148,even-strength,77,-9,FALSE,FALSE,TRUE,TRUE,TRUE,FALSE,0.052224524632405296,8476438
2022021000,408,even-strength,74,5,FALSE,FALSE,TRUE,TRUE,TRUE,FALSE,0.10900639747314998,8480281
2022021000,410,even-strength,67,34,FALSE,FALSE,TRUE,TRUE,TRUE,FALSE,0.017718313730066135,8478104
2022021000,411,even-strength,34,34,FALSE,FALSE,TRUE,TRUE,TRUE,FALSE,0.006170727816260997,8476792
2022021000,412,even-strength,82,-4,FALSE,FALSE,TRUE,FALSE,FALSE,FALSE,0,8475170
2022021000,416,even-strength,86,-6,FALSE,FALSE,TRUE,TRUE,TRUE,FALSE,0.04530019395201139,8477402
2022021000,417,even-strength,32,0,FALSE,FALSE,TRUE,TRUE,TRUE,FALSE,0.03180440085858602,8475753
2022021000,418,even-strength,76,3,FALSE,FALSE,TRUE,FALSE,FALSE,FALSE,0,8480281
2022021000,419,even-strength,75,3,FALSE,FALSE,TRUE,FALSE,FALSE,FALSE,0,8480281
2022021000,420,even-strength,76,4,FALSE,FALSE,TRUE,FALSE,FALSE,FALSE,0,8478104
2022021000,423,even-strength,63,-27,FALSE,FALSE,TRUE,TRUE,TRUE,FALSE,0.03228382026691592,8477953
2022021000,426,even-strength,67,-9,FALSE,FALSE,TRUE,TRUE,TRUE,FALSE,0.06850495750820136,8475752
2022021000,427,power-play,73,4,FALSE,FALSE,TRUE,TRUE,FALSE,FALSE,0.11073658973415593,8475170
2022021000,429,power-play,80,3,FALSE,FALSE,TRUE,TRUE,TRUE,FALSE,0.13525895440038904,8478104
2022021000,437,penalty-kill,67,-1,FALSE,FALSE,TRUE,TRUE,TRUE,TRUE,0.17048348279723183,8477953
2022021000,440,even-strength,79,35,FALSE,FALSE,TRUE,TRUE,TRUE,FALSE,0.0149722049788718,8476792
2022021000,441,even-strength,77,1,FALSE,FALSE,TRUE,FALSE,FALSE,FALSE,0,8477402
2022021000,446,even-strength,79,2,FALSE,FALSE,TRUE,FALSE,FALSE,FALSE,0,8477402
2022021000,506,even-strength,66,-11,FALSE,FALSE,TRUE,FALSE,FALSE,FALSE,0,8476410
2022021000,508,even-strength,34,-1,FALSE,FALSE,TRUE,TRUE,TRUE,FALSE,0.02180359914801367,8476892
2022021000,510,even-strength,76,9,FALSE,FALSE,TRUE,FALSE,FALSE,FALSE,0,8480281
2022021000,519,even-strength,52,-8,FALSE,FALSE,TRUE,TRUE,FALSE,FALSE,0.048333371718917155,8479385
2022021033,5,even-strength,63,4,FALSE,FALSE,TRUE,TRUE,TRUE,FALSE,0.05534358548672604,8477456
2022021033,13,even-strength,39,-7,FALSE,FALSE,TRUE,TRUE,FALSE,FALSE,0.029083058022714884,8476779
2022021033,18,even-strength,88,-16,FALSE,FALSE,TRUE,TRUE,TRUE,FALSE,0.028247030579992203,8478542
2022021033,19,even-strength,66,32,FALSE,FALSE,TRUE,TRUE,TRUE,FALSE,0.019123083754774672,8477501
2022021033,21,even-strength,73,34,FALSE,FALSE,TRUE,TRUE,TRUE,FALSE,0.026527874258120265,8477492
2022021033,23,even-strength,64,8,FALSE,FALSE,TRUE,TRUE,FALSE,FALSE,0.05225743899972107,8477476
2022021033,28,even-strength,64,-6,FALSE,FALSE,TRUE,TRUE,FALSE,FALSE,0.05137462845231506,8477456
2022021033,29,even-strength,84,4,FALSE,FALSE,TRUE,TRUE,FALSE,FALSE,0.07787100207872895,8478420
2022021033,31,even-strength,37,20,FALSE,FALSE,TRUE,TRUE,TRUE,FALSE,0.013489907601643172,8480069
2022021033,32,even-strength,39,1,FALSE,FALSE,TRUE,TRUE,TRUE,FALSE,0.027397258241477204,8479398
2022021033,37,even-strength,32,29,FALSE,FALSE,TRUE,TRUE,TRUE,FALSE,0.009987491498049618,8477492
2022021033,38,even-strength,37,19,FALSE,FALSE,TRUE,TRUE,TRUE,FALSE,0.032842857646040335,8478420
2022021033,42,even-strength,63,-7,FALSE,FALSE,TRUE,TRUE,FALSE,FALSE,0.06439820380317607,8474189
2022021033,43,even-strength,76,-7,TRUE,FALSE,TRUE,TRUE,TRUE,FALSE,0.1296652349187481,8478542
2022021033,45,even-strength,67,3,FALSE,FALSE,TRUE,TRUE,TRUE,FALSE,0.05635634386122772,8478038
2022021033,68,even-strength,51,22,FALSE,FALSE,TRUE,FALSE,FALSE,FALSE,0,8478038
2022021033,69,even-strength,52,6,FALSE,FALSE,TRUE,FALSE,FALSE,FALSE,0,8479398
2022021033,85,even-strength,77,14,FALSE,FALSE,TRUE,FALSE,FALSE,FALSE,0,8478542
2022021033,87,even-strength,85,-4,FALSE,FALSE,TRUE,FALSE,FALSE,FALSE,0,8474189
2022021033,91,even-strength,78,1,FALSE,FALSE,TRUE,FALSE,FALSE,FALSE,0,8479398
2022021033,92,even-strength,69,6,FALSE,FALSE,TRUE,FALSE,FALSE,FALSE,0,8481524
2022021033,255,even-strength,68,-3,FALSE,FALSE,TRUE,FALSE,FALSE,FALSE,0,8478542
2022021033,361,even-strength,49,-37,FALSE,FALSE,TRUE,TRUE,TRUE,FALSE,0.014538816779553331,8476779
2022021033,368,even-strength,57,28,FALSE,FALSE,TRUE,TRUE,FALSE,FALSE,0.020353766243035604,8474189
2022021033,373,even-strength,71,-11,FALSE,FALSE,TRUE,TRUE,TRUE,FALSE,0.0454117462104838,8480069
2022021033,374,even-strength,82,-2,FALSE,TRUE,TRUE,TRUE,TRUE,FALSE,0.2840129289722573,8481186
2022021033,380,even-strength,66,-11,TRUE,FALSE,TRUE,TRUE,TRUE,FALSE,0.07047963156779753,8478542
2022021033,381,even-strength,33,14,FALSE,FALSE,TRUE,TRUE,TRUE,FALSE,0.011240672456615067,8471677
2022021033,382,even-strength,38,0,FALSE,FALSE,TRUE,TRUE,FALSE,FALSE,0.03663515901859216,8478420
2022021033,387,even-strength,43,-37,FALSE,FALSE,TRUE,TRUE,TRUE,FALSE,0.009930486383052894,8477492
2022021033,390,even-strength,63,-9,FALSE,FALSE,TRUE,TRUE,FALSE,FALSE,0.08739330053688435,8477501
2022021033,394,power-play,68,-18,FALSE,FALSE,TRUE,TRUE,TRUE,FALSE,0.053411419803290484,8481524
2022021033,396,even-strength,34,-5,FALSE,FALSE,TRUE,TRUE,FALSE,FALSE,0.016115606382108173,8478038
2022021033,397,even-strength,81,-1,FALSE,FALSE,TRUE,TRUE,TRUE,TRUE,0.12076636999536124,8478542
2022021033,398,even-strength,60,-7,TRUE,FALSE,TRUE,TRUE,FALSE,FALSE,0.0932680347446194,8477492
2022021033,400,even-strength,72,5,FALSE,FALSE,TRUE,TRUE,TRUE,FALSE,0.1085521413252054,8477492
2022021033,455,even-strength,41,31,FALSE,FALSE,TRUE,FALSE,FALSE,FALSE,0,8471677
2022021033,458,even-strength,41,12,FALSE,FALSE,TRUE,FALSE,FALSE,FALSE,0,8477476
2022021033,462,even-strength,72,5,FALSE,FALSE,TRUE,FALSE,FALSE,FALSE,0,8478843
2022021033,464,even-strength,80,0,FALSE,FALSE,TRUE,FALSE,FALSE,FALSE,0,8478843
2022021033,465,even-strength,44,9,FALSE,FALSE,TRUE,FALSE,FALSE,FALSE,0,8481524
2022021033,468,even-strength,76,6,FALSE,FALSE,TRUE,FALSE,FALSE,FALSE,0,8476442
2022021033,611,even-strength,80,-32,TRUE,FALSE,TRUE,TRUE,TRUE,FALSE,0.04726941251915468,8477456
2022021033,618,power-play,53,-16,FALSE,FALSE,TRUE,TRUE,TRUE,TRUE,0.05529834655262616,8477492
2022021033,622,even-strength,65,12,TRUE,FALSE,TRUE,TRUE,TRUE,FALSE,0.09807900761821234,8476442
2022021033,623,even-strength,56,21,FALSE,FALSE,TRUE,TRUE,TRUE,FALSE,0.02508721343348658,8477501
2022021033,625,even-strength,39,34,FALSE,FALSE,TRUE,TRUE,TRUE,FALSE,0.009317132335057625,8474189
2022021033,627,even-strength,84,6,FALSE,FALSE,TRUE,TRUE,TRUE,FALSE,0.09205481328068336,8478843
2022021033,629,even-strength,84,5,FALSE,TRUE,TRUE,FALSE,FALSE,FALSE,0,8477476
2022021033,630,even-strength,55,6,FALSE,FALSE,TRUE,TRUE,TRUE,FALSE,0.0390180021435064,8477492
2022021033,632,even-strength,67,-1,FALSE,FALSE,TRUE,TRUE,FALSE,FALSE,0.08623511672141185,8477456
2022021033,634,even-strength,87,-26,FALSE,FALSE,TRUE,TRUE,FALSE,FALSE,0.02985485498415928,8478420
2022021033,639,even-strength,33,14,FALSE,FALSE,TRUE,TRUE,TRUE,FALSE,0.014818383837297612,8477492
2022021033,640,even-strength,82,-1,FALSE,FALSE,TRUE,TRUE,TRUE,FALSE,0.12113930394557314,8477492
2022021033,642,even-strength,57,-16,FALSE,FALSE,TRUE,TRUE,TRUE,FALSE,0.03282102150104256,8478843
2022021033,649,even-strength,59,38,FALSE,FALSE,TRUE,TRUE,FALSE,FALSE,0.02863973028523129,8478420
2022021033,851,even-strength,60,9,FALSE,FALSE,TRUE,TRUE,FALSE,FALSE,0.0692308814530435,8477456
2022021033,854,even-strength,90,-6,TRUE,FALSE,TRUE,TRUE,TRUE,FALSE,0.06659849624386921,8478542
2022021075,20,even-strength,36,2,FALSE,TRUE,TRUE,TRUE,TRUE,FALSE,0.0720053847457293,8480865
2022021075,66,even-strength,81,3,FALSE,TRUE,TRUE,TRUE,TRUE,FALSE,0.28117728254642965,8477392
2022021075,67,even-strength,50,-19,FALSE,FALSE,TRUE,FALSE,FALSE,FALSE,0,8476429
2022021075,85,even-strength,83,-2,FALSE,TRUE,TRUE,FALSE,FALSE,FALSE,0,8474709
2022021075,99,even-strength,77,-15,FALSE,FALSE,TRUE,TRUE,TRUE,FALSE,0.058961043936436815,8475314
2022021075,170,even-strength,69,-9,FALSE,TRUE,TRUE,FALSE,FALSE,FALSE,0,8480865
2022021075,254,even-strength,76,-19,FALSE,FALSE,TRUE,TRUE,TRUE,FALSE,0.03334063324151717,8474709
2022021075,255,even-strength,58,-21,FALSE,FALSE,TRUE,TRUE,TRUE,FALSE,0.054154652383256695,8477500
2022021075,259,even-strength,77,0,FALSE,FALSE,TRUE,TRUE,FALSE,FALSE,0.1331207931291573,8474709
2022021075,261,even-strength,57,-13,TRUE,FALSE,TRUE,FALSE,FALSE,FALSE,0,8475231
2022021075,264,even-strength,80,4,FALSE,FALSE,TRUE,TRUE,TRUE,FALSE,0.10280521881886494,8477392
2022021075,268,even-strength,74,38,FALSE,FALSE,TRUE,TRUE,TRUE,FALSE,0.015490272475565135,8475231
2022021075,270,even-strength,83,-14,FALSE,FALSE,TRUE,TRUE,TRUE,FALSE,0.039542090145166145,8478115
2022021075,271,even-strength,54,-18,FALSE,FALSE,TRUE,TRUE,TRUE,TRUE,0.035461693227429265,8478115
2022021075,272,even-strength,60,5,FALSE,FALSE,TRUE,FALSE,FALSE,FALSE,0,8477500
2022021075,273,even-strength,81,27,FALSE,FALSE,TRUE,TRUE,FALSE,FALSE,0.024770256941475277,8470610
2022021075,274,even-strength,76,-17,FALSE,FALSE,TRUE,TRUE,TRUE,FALSE,0.037842581141207955,8480865
2022021075,279,even-strength,37,12,FALSE,FALSE,TRUE,TRUE,FALSE,FALSE,0.020463614334226575,8481014
2022021075,280,even-strength,79,1,FALSE,FALSE,TRUE,FALSE,FALSE,FALSE,0,8477392
2022021075,281,even-strength,76,27,FALSE,FALSE,TRUE,TRUE,FALSE,FALSE,0.02579251759756798,8470610
2022021075,283,even-strength,44,28,FALSE,FALSE,TRUE,TRUE,TRUE,FALSE,0.013414273922836619,8475231
2022021075,285,even-strength,78,-12,FALSE,FALSE,TRUE,TRUE,TRUE,FALSE,0.06254329078669807,8475231
2022021075,287,even-strength,81,-1,FALSE,TRUE,TRUE,TRUE,TRUE,FALSE,0.3247852955164965,8477392
2022021075,432,even-strength,93,11,FALSE,FALSE,TRUE,TRUE,TRUE,FALSE,0.03623601535907969,8477500
2022021075,435,even-strength,66,13,FALSE,FALSE,TRUE,TRUE,TRUE,FALSE,0.055177591274532464,8475151
2022021075,442,even-strength,81,-1,FALSE,TRUE,TRUE,TRUE,TRUE,FALSE,0.2624688374496014,8473504
2022021075,457,even-strength,76,3,FALSE,FALSE,TRUE,TRUE,TRUE,FALSE,0.066590550379334,8478115
2022021075,461,even-strength,80,5,FALSE,FALSE,TRUE,FALSE,FALSE,FALSE,0,8475231
2022021075,462,even-strength,76,6,FALSE,TRUE,TRUE,FALSE,FALSE,FALSE,0,8481014
2022021075,463,even-strength,81,-7,TRUE,FALSE,TRUE,FALSE,FALSE,FALSE,0,8476419
2022021075,465,power-play,73,5,FALSE,FALSE,TRUE,FALSE,FALSE,FALSE,0,8480865
2022021075,466,power-play,77,-2,FALSE,FALSE,TRUE,FALSE,FALSE,FALSE,0,8475754
2022021075,467,power-play,54,-22,FALSE,FALSE,TRUE,TRUE,TRUE,FALSE,0.04428646631701294,8478115
2022021075,468,even-strength,80,-2,FALSE,FALSE,TRUE,TRUE,TRUE,TRUE,0.10642715892367456,8476419
2022021075,470,even-strength,49,-17,FALSE,FALSE,TRUE,TRUE,TRUE,FALSE,0.04051281207015072,8475754
2022021075,471,even-strength,77,-3,FALSE,FALSE,TRUE,TRUE,TRUE,FALSE,0.15016076048843732,8474573
2022021075,472,even-strength,80,10,FALSE,TRUE,TRUE,TRUE,FALSE,FALSE,0.1536949297214713,8477500
2022021075,473,even-strength,54,-19,FALSE,FALSE,TRUE,FALSE,FALSE,FALSE,0,8480865
2022021075,477,even-strength,83,-21,FALSE,FALSE,TRUE,TRUE,FALSE,FALSE,0.03314907863269577,8474709
2022021075,479,even-strength,37,-15,FALSE,FALSE,TRUE,TRUE,TRUE,FALSE,0.021948405970437408,8476429
2022021075,480,power-play,81,6,FALSE,FALSE,TRUE,FALSE,FALSE,FALSE,0,8477500
2022021075,481,even-strength,80,-1,FALSE,FALSE,TRUE,FALSE,FALSE,FALSE,0,8476429
2022021075,483,even-strength,77,-2,FALSE,FALSE,TRUE,TRUE,FALSE,FALSE,0.09089812449724549,8476419
2022021075,489,even-strength,75,4,FALSE,FALSE,TRUE,TRUE,TRUE,FALSE,0.07216153424819205,8475754
2022021075,492,even-strength,75,6,FALSE,TRUE,TRUE,FALSE,FALSE,FALSE,0,8476419
2022021075,493,even-strength,70,1,FALSE,FALSE,TRUE,FALSE,FALSE,FALSE,0,8480222
2022021075,494,even-strength,70,8,FALSE,FALSE,TRUE,FALSE,FALSE,FALSE,0,8480222
2022021075,496,power-play,58,10,FALSE,FALSE,TRUE,TRUE,TRUE,FALSE,0.08927503498487178,8475754
2022021075,497,power-play,73,-4,FALSE,FALSE,TRUE,FALSE,FALSE,FALSE,0,8475754
2022021075,499,even-strength,75,-14,FALSE,FALSE,TRUE,TRUE,TRUE,FALSE,0.05407889523376295,8477392
2022021075,506,even-strength,40,-32,FALSE,TRUE,TRUE,TRUE,FALSE,FALSE,0.035964108850968915,8477506
2022021075,513,even-strength,85,-12,FALSE,TRUE,TRUE,TRUE,FALSE,FALSE,0.14161159258861264,8477500
2022021075,514,even-strength,34,-39,FALSE,FALSE,TRUE,FALSE,FALSE,FALSE,0,8480865
2022021075,522,even-strength,61,30,FALSE,TRUE,TRUE,TRUE,TRUE,FALSE,0.0746574805173753,8476917
2022021075,527,even-strength,58,23,FALSE,FALSE,TRUE,TRUE,TRUE,FALSE,0.03070026728947709,8475314
2022021075,534,even-strength,56,-17,FALSE,FALSE,TRUE,TRUE,TRUE,FALSE,0.0354199270917165,8480865
2022021105,3,even-strength,82,7,FALSE,FALSE,TRUE,FALSE,FALSE,FALSE,0,8476468
2022021105,4,even-strength,83,7,FALSE,TRUE,TRUE,FALSE,FALSE,FALSE,0,8476468
2022021105,8,even-strength,67,-10,FALSE,FALSE,TRUE,TRUE,FALSE,FALSE,0.061066422999665006,8483808
2022021105,11,even-strength,35,33,FALSE,FALSE,TRUE,TRUE,FALSE,FALSE,0.008612168082130806,8478465
2022021105,13,even-strength,74,-15,FALSE,FALSE,TRUE,TRUE,TRUE,FALSE,0.04996446927143573,8478454
2022021105,15,even-strength,51,-9,FALSE,FALSE,TRUE,TRUE,TRUE,FALSE,0.031069564631679727,8480326
2022021105,16,even-strength,46,-26,FALSE,FALSE,TRUE,TRUE,TRUE,TRUE,0.029439239704074426,8478444
2022021105,17,even-strength,70,1,FALSE,FALSE,TRUE,FALSE,FALSE,FALSE,0,8477335
2022021105,18,even-strength,38,-7,FALSE,FALSE,TRUE,TRUE,TRUE,FALSE,0.024822688659085906,8480800
2022021105,19,even-strength,37,-19,FALSE,FALSE,TRUE,TRUE,FALSE,FALSE,0.011766779721436442,8480800
2022021105,22,even-strength,51,11,FALSE,FALSE,TRUE,FALSE,FALSE,FALSE,0,8480800
2022021105,25,even-strength,56,-31,FALSE,FALSE,TRUE,FALSE,FALSE,FALSE,0,8483808
2022021105,26,even-strength,33,-22,FALSE,FALSE,TRUE,TRUE,FALSE,FALSE,0.015959157482691284,8477335
2022021105,28,even-strength,87,-6,FALSE,FALSE,TRUE,TRUE,FALSE,FALSE,0.03349441975659388,8476858
2022021105,29,even-strength,78,-13,FALSE,FALSE,TRUE,TRUE,TRUE,FALSE,0.0683564735033753,8478444
2022021105,31,even-strength,77,-2,FALSE,FALSE,TRUE,TRUE,FALSE,FALSE,0.09169491543804946,8480326
2022021105,42,even-strength,75,9,FALSE,FALSE,TRUE,TRUE,FALSE,FALSE,0.11014034075554892,8481617
2022021105,124,even-strength,74,10,FALSE,FALSE,TRUE,FALSE,FALSE,FALSE,0,8476858
2022021105,136,penalty-kill,71,-18,FALSE,FALSE,TRUE,TRUE,FALSE,FALSE,0.06769688265843322,8480326
2022021105,144,even-strength,76,3,FALSE,FALSE,TRUE,TRUE,FALSE,FALSE,0.086697668560938565,8476468
2022021105,370,even-strength,76,11,FALSE,FALSE,TRUE,TRUE,TRUE,FALSE,0.06378052290599157,8480012
2022021105,376,even-strength,48,19,FALSE,FALSE,TRUE,FALSE,FALSE,FALSE,0,8478465
2022021105,452,even-strength,64,37,FALSE,FALSE,TRUE,TRUE,TRUE,FALSE,0.012528938834694074,8478856
2022021105,459,even-strength,46,38,FALSE,FALSE,TRUE,TRUE,FALSE,FALSE,0.012630352668530803,8476468
2022021105,473,even-strength,61,-1,FALSE,FALSE,TRUE,FALSE,FALSE,FALSE,0,8480012
2022021105,474,even-strength,40,-7,FALSE,FALSE,TRUE,TRUE,FALSE,FALSE,0.02409224616207475,8478454
2022021105,475,even-strength,49,0,FALSE,FALSE,TRUE,FALSE,FALSE,FALSE,0,8480800
2022021105,476,even-strength,72,-32,FALSE,FALSE,TRUE,TRUE,TRUE,FALSE,0.02720342571983549,8480326
2022021105,481,even-strength,41,23,FALSE,FALSE,TRUE,TRUE,TRUE,FALSE,0.023981153821763742,8480800
2022021105,482,power-play,65,-19,FALSE,FALSE,TRUE,TRUE,TRUE,TRUE,0.07423183987093988,8480012
2022021105,483,even-strength,81,-8,FALSE,FALSE,TRUE,TRUE,TRUE,FALSE,0.10085965687376755,8478856
2022021105,485,even-strength,64,7,TRUE,FALSE,TRUE,TRUE,TRUE,FALSE,0.13370282464169858,8481617
2022021105,486,even-strength,61,37,FALSE,FALSE,TRUE,TRUE,TRUE,FALSE,0.015131869628843204,8478444
2022021105,487,even-strength,49,-6,FALSE,FALSE,TRUE,FALSE,FALSE,FALSE,0,8478454
2022021105,493,even-strength,80,-9,FALSE,FALSE,TRUE,TRUE,TRUE,FALSE,0.09055838697202687,8478463
2022021105,494,even-strength,76,11,FALSE,FALSE,TRUE,TRUE,FALSE,FALSE,0.07286793430172704,8480012
2022021105,495,even-strength,66,0,FALSE,FALSE,TRUE,TRUE,TRUE,FALSE,0.1290807117938869,8480012
2022021105,496,even-strength,74,-15,FALSE,FALSE,TRUE,TRUE,TRUE,FALSE,0.09289480285531115,8476468
2022021105,605,even-strength,82,6,FALSE,FALSE,TRUE,TRUE,FALSE,FALSE,0.0496021123395396,8483808
2022021105,615,even-strength,82,-4,FALSE,FALSE,TRUE,TRUE,TRUE,FALSE,0.08620759447203696,8476858
2022021105,624,even-strength,82,2,FALSE,FALSE,TRUE,FALSE,FALSE,FALSE,0,8480012
2022021154,26,even-strength,39,-7,FALSE,FALSE,TRUE,TRUE,TRUE,FALSE,0.02049059970472191,8477504
2022021154,69,even-strength,40,-20,FALSE,FALSE,TRUE,TRUE,FALSE,FALSE,0.016849589334045824,8475455
2022021154,73,power-play,53,18,FALSE,TRUE,TRUE,TRUE,TRUE,FALSE,0.17433434980069457,8477940
2022021154,78,even-strength,93,-10,FALSE,TRUE,TRUE,TRUE,TRUE,FALSE,0.2413723343721119,8471218
2022021154,89,even-strength,72,-3,FALSE,TRUE,TRUE,FALSE,FALSE,FALSE,0,8477940
2022021154,98,power-play,61,21,FALSE,FALSE,TRUE,FALSE,FALSE,FALSE,0,8480145
2022021154,99,power-play,65,-12,FALSE,FALSE,TRUE,FALSE,FALSE,FALSE,0,8477220
2022021154,164,even-strength,29,-7,TRUE,FALSE,TRUE,TRUE,FALSE,FALSE,0.01946003049137519,8477940
2022021154,166,even-strength,82,-4,FALSE,FALSE,TRUE,TRUE,TRUE,FALSE,0.06960965462099769,8476480
2022021154,168,even-strength,42,-25,FALSE,FALSE,TRUE,TRUE,FALSE,FALSE,0.022233407504744857,8477220
2022021154,171,even-strength,48,-3,FALSE,FALSE,TRUE,FALSE,FALSE,FALSE,0,8471218
2022021154,172,power-play,52,-21,FALSE,FALSE,TRUE,TRUE,TRUE,FALSE,0.04628981890844933,8471218
2022021154,176,even-strength,69,1,FALSE,FALSE,TRUE,FALSE,FALSE,FALSE,0,8477504
2022021154,177,even-strength,78,-7,FALSE,FALSE,TRUE,TRUE,TRUE,FALSE,0.07853261551833461,8479400
2022021154,178,even-strength,41,-32,FALSE,FALSE,TRUE,TRUE,TRUE,FALSE,0.017882148791368038,8477940
2022021154,179,even-strength,80,-1,FALSE,FALSE,TRUE,TRUE,FALSE,FALSE,0.15145553684280802,8471218
2022021154,180,even-strength,83,7,FALSE,FALSE,TRUE,TRUE,FALSE,FALSE,0.05844118815938224,8477357
2022021154,181,even-strength,55,-37,TRUE,FALSE,TRUE,TRUE,FALSE,FALSE,0.018298649810182255,8480145
2022021154,182,even-strength,52,-25,FALSE,FALSE,TRUE,TRUE,FALSE,FALSE,0.03364802631806091,8478891
2022021154,183,even-strength,66,37,TRUE,FALSE,TRUE,TRUE,TRUE,FALSE,0.03724105175511988,8475455
2022021154,186,even-strength,52,-12,FALSE,FALSE,TRUE,FALSE,FALSE,FALSE,0,8479400
2022021154,187,even-strength,64,16,FALSE,FALSE,TRUE,TRUE,TRUE,FALSE,0.036750829844039004,8471218
2022021154,189,even-strength,57,-18,FALSE,FALSE,TRUE,FALSE,FALSE,FALSE,0,8480049
2022021154,194,penalty-kill,83,-15,FALSE,FALSE,TRUE,TRUE,TRUE,FALSE,0.03768381024524971,8478831
2022021154,197,even-strength,77,0,FALSE,FALSE,TRUE,TRUE,TRUE,FALSE,0.12610391030620702,8478398
2022021154,198,even-strength,55,-6,FALSE,FALSE,TRUE,FALSE,FALSE,FALSE,0,8477940
2022021154,199,power-play,50,-31,FALSE,FALSE,TRUE,TRUE,FALSE,FALSE,0.031148433049986116,8477220
2022021154,200,power-play,49,-32,FALSE,FALSE,TRUE,TRUE,FALSE,FALSE,0.03147868056801717,8477220
2022021154,351,even-strength,61,-29,FALSE,FALSE,TRUE,TRUE,FALSE,FALSE,0.03105367639149511,8477220
2022021154,353,power-play,68,-1,FALSE,TRUE,TRUE,FALSE,FALSE,FALSE,0,8476480
2022021154,354,even-strength,58,0,FALSE,FALSE,TRUE,FALSE,FALSE,FALSE,0,8476460
2022021154,360,even-strength,44,-28,FALSE,FALSE,TRUE,TRUE,FALSE,FALSE,0.020220793929540196,8480145
2022021154,367,even-strength,79,-10,FALSE,FALSE,TRUE,FALSE,FALSE,FALSE,0,8477940
2022021154,373,even-strength,33,15,FALSE,FALSE,TRUE,TRUE,FALSE,FALSE,0.02001396546619788,8477504
2022021154,379,power-play,34,15,FALSE,FALSE,TRUE,TRUE,TRUE,FALSE,0.02549096659032671,8475455
2022021154,451,power-play,61,-31,FALSE,FALSE,TRUE,TRUE,TRUE,FALSE,0.04507808248836494,8476480
2022021154,452,even-strength,77,-33,FALSE,FALSE,TRUE,TRUE,TRUE,FALSE,0.021193105872039843,8478891
2022021154,453,even-strength,13,35,FALSE,FALSE,TRUE,TRUE,TRUE,FALSE,0.0030412534969590623,8477220
2022021154,455,even-strength,45,4,FALSE,FALSE,TRUE,TRUE,FALSE,FALSE,0.05093545029027604,8478398
2022021154,460,power-play,78,22,FALSE,FALSE,TRUE,TRUE,TRUE,FALSE,0.0893216649869636,8479400
2022021154,461,power-play,32,-8,FALSE,FALSE,TRUE,TRUE,TRUE,FALSE,0.03356383417563564,8480145
2022021154,462,power-play,57,-14,FALSE,FALSE,TRUE,TRUE,FALSE,FALSE,0.07304204971331556,8476460
2022021154,463,power-play,63,-15,FALSE,FALSE,TRUE,TRUE,TRUE,FALSE,0.06979849104356564,8471218
2022021154,464,power-play,78,0,FALSE,FALSE,TRUE,FALSE,FALSE,FALSE,0,8477940
2022021154,465,power-play,82,-35,FALSE,FALSE,TRUE,TRUE,TRUE,FALSE,0.031848628542919186,8475799
2022021154,466,power-play,58,-22,FALSE,FALSE,TRUE,TRUE,TRUE,FALSE,0.06896969013451971,8478398
2022021154,467,power-play,66,18,FALSE,FALSE,TRUE,TRUE,TRUE,TRUE,0.1116771066568866,8479400
2022021154,469,power-play,75,-7,FALSE,FALSE,TRUE,FALSE,FALSE,FALSE,0,8478398
2022021154,470,even-strength,65,-20,FALSE,FALSE,TRUE,TRUE,TRUE,FALSE,0.07461517867225674,8480289
2022021154,473,even-strength,56,36,FALSE,FALSE,TRUE,TRUE,FALSE,FALSE,0.021494171490535258,8477940
2022021154,475,even-strength,92,17,FALSE,FALSE,TRUE,TRUE,TRUE,FALSE,0.0829356434084147,8476480
2022021154,476,even-strength,66,-9,FALSE,FALSE,TRUE,TRUE,TRUE,FALSE,0.07787463139896963,8478891
2022021154,478,even-strength,35,6,TRUE,FALSE,TRUE,FALSE,FALSE,FALSE,0,8480145
2022021154,479,even-strength,73,0,FALSE,FALSE,TRUE,FALSE,FALSE,FALSE,0,8480049
2022021154,480,even-strength,43,-23,FALSE,FALSE,TRUE,TRUE,TRUE,FALSE,0.020350086656548805,8471218
2022021154,483,even-strength,69,-3,FALSE,FALSE,TRUE,FALSE,FALSE,FALSE,0,8471218
2022021154,484,even-strength,73,-2,FALSE,FALSE,TRUE,TRUE,FALSE,FALSE,0.10556160848084602,8475799
2022021154,485,even-strength,74,1,FALSE,FALSE,TRUE,FALSE,FALSE,FALSE,0,8480145
2022021154,488,even-strength,31,39,FALSE,FALSE,TRUE,TRUE,TRUE,FALSE,0.010492325357050261,8476480
2022021154,489,even-strength,52,-32,FALSE,FALSE,TRUE,TRUE,FALSE,FALSE,0.017498025272931497,8476331
2022021154,490,power-play,76,0,FALSE,FALSE,TRUE,FALSE,FALSE,FALSE,0,8477504
2022021154,491,power-play,87,24,FALSE,FALSE,TRUE,TRUE,FALSE,FALSE,0.05533360248537366,8477940
2022021183,11,power-play,69,17,FALSE,FALSE,TRUE,FALSE,FALSE,FALSE,0,8478233
2022021183,12,power-play,83,-1,FALSE,FALSE,TRUE,TRUE,TRUE,TRUE,0.18475118221687137,8478233
2022021183,14,even-strength,42,11,FALSE,FALSE,TRUE,TRUE,FALSE,FALSE,0.034107435500896635,8477941
2022021183,15,even-strength,7,24,FALSE,FALSE,TRUE,TRUE,TRUE,FALSE,0.0032971566021956656,8477507
2022021183,16,even-strength,2,-33,FALSE,FALSE,TRUE,TRUE,FALSE,FALSE,0.003084910680375307,8477346
2022021183,20,even-strength,81,-4,FALSE,FALSE,TRUE,FALSE,FALSE,FALSE,0,8477346
2022021183,22,penalty-kill,68,-5,FALSE,FALSE,TRUE,TRUE,TRUE,FALSE,0.10763194852526889,8477496
2022021183,34,even-strength,70,21,FALSE,FALSE,TRUE,TRUE,TRUE,FALSE,0.03729818660810407,8482652
2022021183,35,even-strength,79,1,FALSE,TRUE,TRUE,TRUE,TRUE,FALSE,0.2420078220429646,8473453
2022021183,36,even-strength,72,6,FALSE,FALSE,TRUE,FALSE,FALSE,FALSE,0,8477507
2022021183,39,even-strength,7,-29,FALSE,FALSE,TRUE,TRUE,TRUE,FALSE,0.002830098606529346,8478397
2022021183,40,even-strength,63,8,TRUE,FALSE,TRUE,TRUE,FALSE,FALSE,0.10863755078450238,8475172
2022021183,42,even-strength,4,-21,FALSE,FALSE,TRUE,TRUE,FALSE,FALSE,0.002492204084019131,8478502
2022021183,43,even-strength,76,-36,FALSE,FALSE,TRUE,TRUE,TRUE,FALSE,0.03085850676794664,8482652
2022021183,45,even-strength,80,-8,FALSE,TRUE,TRUE,TRUE,TRUE,TRUE,0.2048346698758723,8482652
2022021183,46,even-strength,48,38,FALSE,FALSE,TRUE,TRUE,FALSE,FALSE,0.011552029868274524,8475726
2022021183,47,even-strength,60,21,FALSE,FALSE,TRUE,TRUE,TRUE,FALSE,0.0426341563792497,8475172
2022021183,49,even-strength,87,4,FALSE,FALSE,TRUE,TRUE,TRUE,FALSE,0.06439191680029915,8476399
2022021183,50,even-strength,36,21,FALSE,FALSE,TRUE,TRUE,TRUE,FALSE,0.011737838291133099,8478396
2022021183,152,power-play,65,2,TRUE,FALSE,TRUE,FALSE,FALSE,FALSE,0,8478397
2022021183,166,penalty-kill,81,0,FALSE,TRUE,TRUE,TRUE,TRUE,FALSE,0.34412778385955417,8478396
2022021183,178,even-strength,82,-5,FALSE,FALSE,TRUE,TRUE,TRUE,FALSE,0.09892016850985953,8477941
2022021183,181,even-strength,83,4,FALSE,TRUE,TRUE,TRUE,TRUE,FALSE,0.2346865748035798,8473473
2022021183,189,even-strength,53,12,FALSE,FALSE,TRUE,TRUE,FALSE,FALSE,0.03815052072023084,8473453
2022021183,191,even-strength,57,-1,FALSE,FALSE,TRUE,TRUE,TRUE,FALSE,0.05175818141306642,8475726
2022021183,255,even-strength,39,33,FALSE,FALSE,TRUE,FALSE,FALSE,FALSE,0,8478396
2022021183,258,even-strength,62,8,FALSE,FALSE,TRUE,TRUE,TRUE,FALSE,0.08166909160467756,8477346
2022021183,259,even-strength,60,9,FALSE,TRUE,TRUE,TRUE,TRUE,FALSE,0.11236738344961039,8477346
2022021183,261,even-strength,67,7,FALSE,FALSE,TRUE,FALSE,FALSE,FALSE,0,8478396
2022021183,262,even-strength,69,1,FALSE,FALSE,TRUE,FALSE,FALSE,FALSE,0,8476456
2022021183,263,even-strength,21,-10,TRUE,FALSE,TRUE,TRUE,TRUE,FALSE,0.011348941569396793,8478397
2022021183,266,even-strength,69,-17,FALSE,FALSE,TRUE,TRUE,FALSE,FALSE,0.07884621050932482,8473453
2022021183,267,even-strength,5,-18,FALSE,FALSE,TRUE,TRUE,TRUE,FALSE,0.004143438755281998,8478397
2022021183,270,even-strength,57,-4,FALSE,FALSE,TRUE,TRUE,TRUE,FALSE,0.06880199827731347,8473453
2022021183,271,even-strength,33,1,FALSE,FALSE,TRUE,TRUE,FALSE,FALSE,0.015108575573063237,8478396
2022021183,273,even-strength,52,-4,FALSE,FALSE,TRUE,TRUE,FALSE,FALSE,0.04465070016081768,8477346
2022021183,274,even-strength,35,-5,FALSE,FALSE,TRUE,TRUE,TRUE,FALSE,0.01691215582354494,8477507
2022021183,275,even-strength,79,-11,FALSE,FALSE,TRUE,FALSE,FALSE,FALSE,0,8475172
2022021183,276,even-strength,83,-13,FALSE,FALSE,TRUE,FALSE,FALSE,FALSE,0,8477346
2022021183,277,even-strength,38,-1,FALSE,FALSE,TRUE,TRUE,TRUE,FALSE,0.038306108062443084,8476399
2022021183,281,even-strength,83,0,FALSE,FALSE,TRUE,TRUE,TRUE,FALSE,0.17014310790635379,8477496
2022021183,282,even-strength,66,-3,FALSE,TRUE,TRUE,TRUE,TRUE,FALSE,0.19163781314258285,8482652
2022021183,283,even-strength,69,-5,FALSE,FALSE,TRUE,TRUE,TRUE,FALSE,0.08402603605486689,8478233
2022021183,284,even-strength,33,-10,FALSE,FALSE,TRUE,TRUE,FALSE,FALSE,0.018584104752247595,8477346
2022021183,285,power-play,71,9,FALSE,FALSE,TRUE,FALSE,FALSE,FALSE,0,8475726
2022021183,286,power-play,51,14,FALSE,FALSE,TRUE,FALSE,FALSE,FALSE,0,8475726
2022021183,287,power-play,73,6,FALSE,FALSE,TRUE,FALSE,FALSE,FALSE,0,8475726
2022021183,292,even-strength,62,10,FALSE,FALSE,TRUE,TRUE,TRUE,FALSE,0.08287442880143639,8478233
2022021183,293,even-strength,55,5,FALSE,FALSE,TRUE,FALSE,FALSE,FALSE,0,8474150
2022021183,295,power-play,83,5,FALSE,FALSE,TRUE,TRUE,TRUE,FALSE,0.09838080067160034,8475172
2022021183,296,power-play,76,-14,FALSE,FALSE,TRUE,FALSE,FALSE,FALSE,0,8477496
2022021183,297,power-play,64,-1,FALSE,FALSE,TRUE,FALSE,FALSE,FALSE,0,8477346
2022021183,299,even-strength,82,0,FALSE,FALSE,TRUE,TRUE,FALSE,FALSE,0.14438586745897014,8477496
2022021183,305,even-strength,62,-16,FALSE,FALSE,TRUE,TRUE,TRUE,FALSE,0.04043106966996255,8482652
2022021183,306,even-strength,70,-1,FALSE,FALSE,TRUE,FALSE,FALSE,FALSE,0,8473473
2022021183,337,power-play,73,14,FALSE,TRUE,TRUE,FALSE,FALSE,FALSE,0,8476456
2022021183,604,even-strength,85,-36,FALSE,TRUE,TRUE,TRUE,FALSE,FALSE,0.05474126085044606,8475726
2022021183,609,even-strength,35,36,FALSE,FALSE,TRUE,TRUE,TRUE,FALSE,0.008083275891979923,8477507
2022021183,610,even-strength,41,-25,FALSE,FALSE,TRUE,TRUE,FALSE,FALSE,0.02316233387494168,8478397
2022021183,611,even-strength,53,23,FALSE,FALSE,TRUE,TRUE,FALSE,FALSE,0.029891871823345337,8476399
2022021183,616,penalty-kill,69,-6,FALSE,FALSE,TRUE,FALSE,FALSE,FALSE,0,8476399
2022021183,617,penalty-kill,-2,8,FALSE,FALSE,TRUE,TRUE,TRUE,FALSE,7.591037991425103e-4,8478233
2022021183,619,even-strength,61,9,FALSE,FALSE,TRUE,FALSE,FALSE,FALSE,0,8477507
2022021183,621,even-strength,43,2,FALSE,FALSE,TRUE,TRUE,FALSE,FALSE,0.03382572634761655,8473453
2022021183,623,even-strength,70,19,FALSE,FALSE,TRUE,TRUE,FALSE,FALSE,0.08328225377332497,8474150
2022021183,624,even-strength,57,14,FALSE,FALSE,TRUE,TRUE,FALSE,FALSE,0.04521329568135617,8476399
2022021183,628,even-strength,83,-1,FALSE,FALSE,TRUE,TRUE,TRUE,FALSE,0.12981020088821624,8476399
2022021183,631,even-strength,-1,14,FALSE,FALSE,TRUE,TRUE,TRUE,FALSE,0.003103711107731305,8476456
2022021197,155,penalty-kill,-49,8,FALSE,FALSE,TRUE,TRUE,TRUE,FALSE,0.0019315290807588072,8475760
2022021197,157,even-strength,67,2,FALSE,FALSE,TRUE,TRUE,FALSE,FALSE,0.11229748684343938,8475760
2022021197,159,even-strength,30,36,FALSE,FALSE,TRUE,TRUE,TRUE,FALSE,0.008429462594428705,8477498
2022021197,161,even-strength,79,-1,FALSE,FALSE,TRUE,TRUE,FALSE,FALSE,0.10487124586075311,8477934
2022021197,162,even-strength,55,-37,FALSE,FALSE,TRUE,TRUE,TRUE,FALSE,0.011432170131265514,8481598
2022021197,163,even-strength,36,31,FALSE,FALSE,TRUE,TRUE,TRUE,FALSE,0.013553026482072425,8477498
2022021197,164,even-strength,63,6,FALSE,FALSE,TRUE,TRUE,TRUE,FALSE,0.07688241556219359,8477998
2022021197,165,even-strength,70,18,FALSE,FALSE,TRUE,TRUE,TRUE,FALSE,0.03979228731227556,8477934
2022021197,166,even-strength,66,2,FALSE,FALSE,TRUE,FALSE,FALSE,FALSE,0,8476967
2022021197,168,even-strength,79,0,FALSE,FALSE,TRUE,FALSE,FALSE,FALSE,0,8480803
2022021197,171,even-strength,39,-30,FALSE,FALSE,TRUE,TRUE,TRUE,FALSE,0.01275869979194718,8476879
2022021197,172,even-strength,78,3,FALSE,FALSE,TRUE,FALSE,FALSE,FALSE,0,8476454
2022021197,180,even-strength,-46,-38,FALSE,FALSE,TRUE,TRUE,TRUE,FALSE,5.794749240091366e-4,8480803
2022021197,181,even-strength,84,-1,TRUE,FALSE,TRUE,TRUE,TRUE,FALSE,0.1903055237561278,8477406
2022021197,183,even-strength,61,-10,FALSE,FALSE,TRUE,TRUE,TRUE,TRUE,0.06886151292977018,8475169
2022021197,184,even-strength,71,-3,FALSE,FALSE,TRUE,FALSE,FALSE,FALSE,0,8476879
2022021197,185,even-strength,77,-5,FALSE,TRUE,TRUE,TRUE,TRUE,FALSE,0.2558587307832759,8475169
2022021197,186,even-strength,61,18,FALSE,FALSE,TRUE,TRUE,TRUE,FALSE,0.029304809954880516,8475169
2022021197,188,even-strength,71,9,FALSE,FALSE,TRUE,TRUE,TRUE,FALSE,0.08844023832792085,8477998
2022021197,189,even-strength,31,-21,FALSE,FALSE,TRUE,TRUE,TRUE,FALSE,0.01335417241200603,8479576
2022021197,190,even-strength,76,26,FALSE,FALSE,TRUE,TRUE,TRUE,FALSE,0.0334470157610197,8475786
2022021197,191,even-strength,70,-12,FALSE,FALSE,TRUE,TRUE,FALSE,FALSE,0.05420908835365997,8476454
2022021197,192,even-strength,77,16,FALSE,FALSE,TRUE,TRUE,TRUE,FALSE,0.042432779791081184,8478402
2022021197,193,even-strength,60,21,FALSE,FALSE,TRUE,TRUE,TRUE,FALSE,0.04834725635272335,8475786
2022021197,195,even-strength,34,28,FALSE,FALSE,TRUE,TRUE,TRUE,FALSE,0.008571842925750053,8481598
2022021197,196,even-strength,72,4,FALSE,FALSE,TRUE,TRUE,TRUE,FALSE,0.08336507938710082,8475169
2022021197,197,even-strength,86,-3,FALSE,FALSE,TRUE,TRUE,TRUE,FALSE,0.05584117286358389,8480011
2022021197,199,even-strength,57,20,FALSE,FALSE,TRUE,TRUE,TRUE,FALSE,0.036585816168731244,8475786
2022021197,200,even-strength,32,0,FALSE,FALSE,TRUE,TRUE,TRUE,FALSE,0.02131928292230689,8476879
2022021197,402,power-play,81,0,FALSE,FALSE,TRUE,TRUE,FALSE,FALSE,0.2085796772853456,8477934
2022021197,403,power-play,64,-7,FALSE,FALSE,TRUE,TRUE,TRUE,FALSE,0.1199381648081552,8477934
2022021197,404,power-play,64,-20,FALSE,FALSE,TRUE,TRUE,TRUE,FALSE,0.07474255722527828,8478402
2022021197,405,power-play,65,-10,FALSE,FALSE,TRUE,TRUE,FALSE,FALSE,0.13291417576864983,8478402
2022021197,418,even-strength,77,3,FALSE,FALSE,TRUE,FALSE,FALSE,FALSE,0,8478402
2022021197,421,even-strength,34,33,FALSE,FALSE,TRUE,TRUE,TRUE,FALSE,0.011832526472888448,8476967
2022021197,424,even-strength,62,29,FALSE,FALSE,TRUE,TRUE,TRUE,FALSE,0.036913698456240554,8475786
2022021197,426,power-play,57,2,FALSE,FALSE,TRUE,TRUE,FALSE,FALSE,0.10277910467492098,8480803
2022021197,427,power-play,70,11,FALSE,FALSE,TRUE,TRUE,TRUE,FALSE,0.14258287285917162,8476454
2022021197,428,even-strength,28,-4,FALSE,FALSE,TRUE,TRUE,TRUE,FALSE,0.01695747140705985,8475169
2022021197,429,even-strength,72,-14,FALSE,FALSE,TRUE,FALSE,FALSE,FALSE,0,8475169
2022021197,430,even-strength,88,6,FALSE,FALSE,TRUE,TRUE,TRUE,FALSE,0.027388696157733077,8476879
2022021197,431,penalty-kill,-94,9,FALSE,FALSE,TRUE,TRUE,TRUE,FALSE,3.1678821647853706e-4,8477498
2022021197,434,penalty-kill,79,1,FALSE,FALSE,TRUE,TRUE,TRUE,TRUE,0.3115611308602181,8478402
2022021197,437,even-strength,84,-6,FALSE,FALSE,TRUE,TRUE,FALSE,FALSE,0.06969793482700445,8475169
2022021197,439,even-strength,62,35,FALSE,FALSE,TRUE,TRUE,FALSE,FALSE,0.022838825595446654,8477998
2022021197,440,even-strength,65,28,FALSE,FALSE,TRUE,TRUE,FALSE,FALSE,0.025352608366711757,8476967
2022021197,441,even-strength,46,-11,FALSE,FALSE,TRUE,FALSE,FALSE,FALSE,0,8480803
2022021197,442,even-strength,79,2,FALSE,FALSE,TRUE,TRUE,FALSE,FALSE,0.18571436868335353,8476454
2022021197,443,even-strength,44,0,TRUE,TRUE,TRUE,TRUE,TRUE,FALSE,0.08255482714111712,8480803
2022021197,444,even-strength,84,-12,TRUE,TRUE,TRUE,TRUE,TRUE,FALSE,0.23241284636392065,8476454
2022021197,445,even-strength,84,-4,TRUE,TRUE,TRUE,TRUE,TRUE,FALSE,0.3609375287240186,8476454
2022021197,449,even-strength,64,28,FALSE,FALSE,TRUE,FALSE,FALSE,FALSE,0,8475169
2022021197,450,even-strength,71,11,FALSE,FALSE,TRUE,FALSE,FALSE,FALSE,0,8475218
2022021197,453,even-strength,68,29,FALSE,TRUE,TRUE,FALSE,FALSE,FALSE,0,8477498
2022021197,751,even-strength,66,4,FALSE,FALSE,TRUE,TRUE,TRUE,FALSE,0.07250367775492325,8476454
2022021197,753,even-strength,79,-14,FALSE,FALSE,TRUE,TRUE,TRUE,FALSE,0.06646798850771858,8475786
2022021197,755,even-strength,75,22,FALSE,FALSE,TRUE,TRUE,TRUE,FALSE,0.03596993763337933,8475218
2022021225,205,even-strength,38,24,FALSE,FALSE,TRUE,TRUE,TRUE,FALSE,0.02812021986048431,8476858
2022021225,206,even-strength,67,-5,FALSE,FALSE,TRUE,TRUE,TRUE,FALSE,0.07011130818527087,8478444
2022021225,207,even-strength,82,-6,FALSE,FALSE,TRUE,TRUE,TRUE,FALSE,0.0577935090449501,8476468
2022021225,214,even-strength,56,-16,FALSE,FALSE,TRUE,TRUE,TRUE,FALSE,0.04109763426500561,8477335
2022021225,215,even-strength,62,22,FALSE,FALSE,TRUE,TRUE,TRUE,FALSE,0.02526096357549121,8476468
2022021225,216,even-strength,76,-1,FALSE,TRUE,TRUE,TRUE,TRUE,TRUE,0.2897344641522518,8478444
2022021225,217,even-strength,78,0,FALSE,FALSE,TRUE,TRUE,FALSE,FALSE,0.11824840360106252,8482496
2022021225,218,even-strength,80,2,TRUE,FALSE,TRUE,TRUE,TRUE,FALSE,0.1873930781434576,8478463
2022021225,219,power-play,66,1,FALSE,FALSE,TRUE,FALSE,FALSE,FALSE,0,8480800
2022021225,220,power-play,72,-12,FALSE,FALSE,TRUE,FALSE,FALSE,FALSE,0,8480012
2022021225,221,power-play,58,-27,FALSE,FALSE,TRUE,TRUE,FALSE,FALSE,0.04683922718493327,8478856
2022021225,223,even-strength,74,0,FALSE,FALSE,TRUE,FALSE,FALSE,FALSE,0,8480056
2022021225,224,power-play,64,8,FALSE,FALSE,TRUE,FALSE,FALSE,FALSE,0,8476468
2022021225,225,power-play,70,-12,FALSE,FALSE,TRUE,FALSE,FALSE,FALSE,0,8480012
2022021225,226,power-play,36,1,FALSE,FALSE,TRUE,TRUE,TRUE,FALSE,0.038038332920685036,8480800
2022021225,227,power-play,52,18,FALSE,FALSE,TRUE,TRUE,TRUE,FALSE,0.06705322465504014,8476468
2022021225,228,power-play,66,-5,FALSE,FALSE,TRUE,TRUE,FALSE,FALSE,0.10214822518137211,8478463
2022021225,231,even-strength,66,15,FALSE,FALSE,TRUE,TRUE,TRUE,FALSE,0.054772508881502986,8480012
2022021225,232,even-strength,81,2,FALSE,TRUE,TRUE,TRUE,TRUE,FALSE,0.2783538038247493,8476858
2022021225,234,even-strength,80,4,FALSE,TRUE,TRUE,TRUE,TRUE,FALSE,0.25312889359535495,8478057
2022021225,238,even-strength,81,3,FALSE,TRUE,TRUE,TRUE,TRUE,FALSE,0.2769795191664424,8478057
2022021225,245,even-strength,75,1,FALSE,FALSE,TRUE,TRUE,TRUE,FALSE,0.10585605779122689,8482496
2022021225,249,even-strength,34,-10,FALSE,FALSE,TRUE,TRUE,FALSE,FALSE,0.021679303967863117,8474574
2022021225,250,even-strength,80,0,FALSE,FALSE,TRUE,FALSE,FALSE,FALSE,0,8474574
2022021225,351,even-strength,65,-9,FALSE,FALSE,TRUE,TRUE,TRUE,FALSE,0.056021233600086894,8476858
2022021225,352,even-strength,83,-25,FALSE,FALSE,TRUE,TRUE,TRUE,FALSE,0.022408762811528038,8480800
2022021225,355,even-strength,67,0,FALSE,FALSE,TRUE,TRUE,FALSE,FALSE,0.07136449972064542,8478057
2022021225,356,even-strength,74,-7,FALSE,TRUE,TRUE,FALSE,FALSE,FALSE,0,8474574
2022021225,357,even-strength,76,-6,FALSE,FALSE,TRUE,FALSE,FALSE,FALSE,0,8483808
2022021225,358,even-strength,86,0,FALSE,FALSE,TRUE,FALSE,FALSE,FALSE,0,8476468
2022021225,359,even-strength,36,26,FALSE,FALSE,TRUE,TRUE,FALSE,FALSE,0.011664931935828264,8480056
2022021225,360,even-strength,-2,34,FALSE,FALSE,TRUE,TRUE,TRUE,FALSE,0.0020749280085031675,8480056
2022021225,364,even-strength,61,31,FALSE,FALSE,TRUE,TRUE,FALSE,FALSE,0.013907500479058416,8480800
2022021225,366,even-strength,53,-11,FALSE,FALSE,TRUE,TRUE,TRUE,FALSE,0.038711091045785226,8474574
2022021225,367,even-strength,45,18,FALSE,FALSE,TRUE,TRUE,TRUE,FALSE,0.029983266844642323,8480056
2022021225,371,even-strength,43,-17,FALSE,FALSE,TRUE,TRUE,TRUE,FALSE,0.026271252515291315,8477335
2022021225,376,even-strength,56,-2,FALSE,FALSE,TRUE,TRUE,FALSE,FALSE,0.05918740538235733,8478444
2022021225,382,even-strength,79,13,FALSE,FALSE,TRUE,FALSE,FALSE,FALSE,0,8476468
2022021225,383,even-strength,69,0,FALSE,FALSE,TRUE,TRUE,TRUE,FALSE,0.08908173928252938,8478444
2022021225,384,power-play,58,4,FALSE,FALSE,TRUE,TRUE,TRUE,FALSE,0.0882025671550355,8483808
2022021225,385,power-play,75,-7,FALSE,FALSE,TRUE,FALSE,FALSE,FALSE,0,8480012
2022021225,386,even-strength,70,5,FALSE,FALSE,TRUE,TRUE,FALSE,FALSE,0.07068410513650489,8480021
2022021225,390,even-strength,71,6,FALSE,FALSE,TRUE,TRUE,FALSE,FALSE,0.0826334361495641,8483808
2022021225,394,power-play,54,19,FALSE,FALSE,TRUE,TRUE,TRUE,FALSE,0.06079549787179621,8476468
2022021225,400,even-strength,70,1,FALSE,FALSE,TRUE,TRUE,FALSE,FALSE,0.08642850866472034,8478444
2022021225,754,power-play,78,1,FALSE,TRUE,TRUE,FALSE,FALSE,FALSE,0,8483808
2022021225,851,even-strength,76,3,FALSE,TRUE,TRUE,TRUE,TRUE,FALSE,0.18164680315284543,8483808
2022021225,852,even-strength,68,12,FALSE,FALSE,TRUE,FALSE,FALSE,FALSE,0,8476468
2022021225,853,even-strength,57,33,FALSE,FALSE,TRUE,TRUE,FALSE,FALSE,0.04635182563877986,8480012
2022021225,858,even-strength,52,-24,FALSE,TRUE,TRUE,TRUE,TRUE,FALSE,0.06822130312680452,8477335
2022021225,860,even-strength,53,32,FALSE,FALSE,TRUE,TRUE,FALSE,FALSE,0.03248256116162337,8480012
2022021225,861,even-strength,79,-2,FALSE,FALSE,TRUE,FALSE,FALSE,FALSE,0,8478463
2022021255,55,even-strength,61,39,FALSE,FALSE,TRUE,TRUE,TRUE,FALSE,0.018859081177673404,8478403
2022021255,57,even-strength,68,18,FALSE,FALSE,TRUE,FALSE,FALSE,FALSE,0,8475191
2022021255,61,even-strength,84,5,TRUE,FALSE,TRUE,TRUE,TRUE,TRUE,0.057246287933955003,8473548
2022021255,64,even-strength,81,-13,FALSE,FALSE,TRUE,TRUE,TRUE,TRUE,0.09558689799177174,8477964
2022021255,69,even-strength,81,2,FALSE,FALSE,TRUE,TRUE,TRUE,TRUE,0.11285216205483829,8476905
2022021255,71,even-strength,62,-5,FALSE,FALSE,TRUE,TRUE,FALSE,FALSE,0.05486334993953087,8476448
2022021255,73,even-strength,72,8,FALSE,FALSE,TRUE,FALSE,FALSE,FALSE,0,8475191
2022021255,74,even-strength,52,-6,TRUE,FALSE,TRUE,TRUE,TRUE,FALSE,0.0748131302149364,8476539
2022021255,79,even-strength,62,-21,FALSE,FALSE,TRUE,TRUE,FALSE,FALSE,0.05273305618517366,8478403
2022021255,81,power-play,40,3,FALSE,FALSE,TRUE,TRUE,FALSE,FALSE,0.046228145093399176,8474565
2022021255,82,power-play,81,-8,FALSE,TRUE,TRUE,TRUE,TRUE,TRUE,0.3782560739149087,8478462
2022021255,83,power-play,58,35,FALSE,FALSE,TRUE,TRUE,TRUE,FALSE,0.0665403591004905,8476539
2022021255,84,power-play,68,-21,FALSE,FALSE,TRUE,TRUE,TRUE,FALSE,0.0833069304948,8475191
2022021255,86,power-play,60,23,FALSE,FALSE,TRUE,TRUE,TRUE,FALSE,0.10023231343388994,8478403
2022021255,88,power-play,51,-25,FALSE,FALSE,TRUE,TRUE,FALSE,FALSE,0.053484316892099516,8481604
2022021255,89,power-play,82,0,FALSE,FALSE,TRUE,TRUE,TRUE,FALSE,0.15901770257195283,8478462
2022021255,95,even-strength,81,4,FALSE,FALSE,TRUE,FALSE,FALSE,FALSE,0,8475188
2022021255,302,even-strength,55,34,FALSE,FALSE,TRUE,TRUE,TRUE,FALSE,0.01724032317702512,8475188
2022021255,303,even-strength,82,1,FALSE,TRUE,TRUE,TRUE,TRUE,FALSE,0.35896533688022503,8476539
2022021255,304,even-strength,51,37,FALSE,FALSE,TRUE,TRUE,TRUE,FALSE,0.016752209974198018,8477018
2022021255,322,even-strength,88,12,FALSE,FALSE,TRUE,TRUE,TRUE,FALSE,0.04515665918615937,8479353
2022021255,325,even-strength,70,-11,FALSE,FALSE,TRUE,TRUE,TRUE,TRUE,0.06690770800658602,8476539
2022021284,2,even-strength,42,-20,FALSE,FALSE,TRUE,TRUE,FALSE,FALSE,0.020804897844743517,8480326
2022021284,4,even-strength,33,36,FALSE,FALSE,TRUE,TRUE,FALSE,FALSE,0.008626154792120273,8484254
2022021284,5,even-strength,76,-13,FALSE,FALSE,TRUE,FALSE,FALSE,FALSE,0,8474574
2022021284,6,even-strength,87,-5,FALSE,FALSE,TRUE,FALSE,FALSE,FALSE,0,8476468
2022021284,7,even-strength,86,-5,FALSE,FALSE,TRUE,TRUE,TRUE,FALSE,0.04646156499769439,8476858
2022021284,8,even-strength,79,1,FALSE,TRUE,TRUE,FALSE,FALSE,FALSE,0,8478444
2022021284,11,even-strength,69,10,FALSE,FALSE,TRUE,FALSE,FALSE,FALSE,0,8480012
2022021284,15,even-strength,55,-13,FALSE,FALSE,TRUE,TRUE,TRUE,FALSE,0.04761504133133756,8484287
2022021284,16,even-strength,32,-2,FALSE,FALSE,TRUE,TRUE,TRUE,FALSE,0.015588717308842487,8478451
2022021284,17,even-strength,79,-5,FALSE,FALSE,TRUE,FALSE,FALSE,FALSE,0,8478444
2022021284,19,penalty-kill,-77,-33,FALSE,FALSE,TRUE,TRUE,TRUE,FALSE,3.24748990334629e-4,8478451
2022021284,20,penalty-kill,-68,39,FALSE,FALSE,TRUE,TRUE,TRUE,FALSE,5.197828003103481e-4,8480012
2022021284,21,even-strength,78,1,FALSE,FALSE,TRUE,FALSE,FALSE,FALSE,0,8478856
2022021284,25,even-strength,81,5,FALSE,FALSE,TRUE,TRUE,TRUE,FALSE,0.08420403359585799,8478057
2022021284,26,even-strength,73,11,TRUE,FALSE,TRUE,TRUE,TRUE,FALSE,0.07838921477957574,8478444
2022021284,28,even-strength,79,-2,FALSE,FALSE,TRUE,FALSE,FALSE,FALSE,0,8477335
2022021284,30,power-play,69,-28,FALSE,FALSE,TRUE,TRUE,TRUE,FALSE,0.06030001970645678,8480012
2022021284,31,power-play,45,3,FALSE,FALSE,TRUE,TRUE,TRUE,FALSE,0.10153441971271782,8476468
2022021284,33,power-play,76,16,FALSE,FALSE,TRUE,TRUE,TRUE,FALSE,0.1529297066767974,8476468
2022021284,34,even-strength,74,1,FALSE,FALSE,TRUE,FALSE,FALSE,FALSE,0,8474574
2022021284,47,power-play,70,0,FALSE,FALSE,TRUE,TRUE,TRUE,FALSE,0.11309399136215462,8476468
2022021284,49,power-play,70,-2,FALSE,FALSE,TRUE,FALSE,FALSE,FALSE,0,8480800
2022021284,118,even-strength,63,21,FALSE,FALSE,TRUE,FALSE,FALSE,FALSE,0,8480326
2022021284,131,power-play,60,-24,FALSE,FALSE,TRUE,TRUE,FALSE,FALSE,0.05992173527014066,8480012
2022021284,134,even-strength,76,1,FALSE,FALSE,TRUE,TRUE,TRUE,FALSE,0.1901708103338245,8478444
2022021284,136,even-strength,44,-24,FALSE,FALSE,TRUE,TRUE,TRUE,FALSE,0.017045161516570796,8484287
2022021284,402,even-strength,48,4,FALSE,FALSE,TRUE,FALSE,FALSE,FALSE,0,8480800
2022021284,403,even-strength,88,23,FALSE,FALSE,TRUE,TRUE,TRUE,FALSE,0.02631308699083411,8480012
2022021284,406,even-strength,73,-5,FALSE,FALSE,TRUE,FALSE,FALSE,FALSE,0,8482496
2022021284,421,even-strength,63,-9,FALSE,FALSE,TRUE,TRUE,TRUE,FALSE,0.06998489128230755,8478444
2022021284,423,even-strength,72,7,FALSE,FALSE,TRUE,TRUE,TRUE,FALSE,0.07550013683165487,8480012
2022021284,424,even-strength,61,-6,FALSE,FALSE,TRUE,FALSE,FALSE,FALSE,0,8484287
2022021284,427,even-strength,45,4,FALSE,FALSE,TRUE,FALSE,FALSE,FALSE,0,8480800
2022021284,428,even-strength,83,12,FALSE,FALSE,TRUE,TRUE,TRUE,FALSE,0.05505479256687286,8476858
2022021284,429,even-strength,76,-7,FALSE,FALSE,TRUE,FALSE,FALSE,FALSE,0,8480800
2022021284,431,even-strength,76,0,FALSE,FALSE,TRUE,TRUE,TRUE,FALSE,0.10407828877653942,8476858
2022021284,501,even-strength,77,-2,FALSE,FALSE,TRUE,TRUE,TRUE,FALSE,0.1229115005205327,8480012
2022021284,509,even-strength,80,5,FALSE,FALSE,TRUE,TRUE,TRUE,FALSE,0.08346345111345765,8480800
2022021310,152,even-strength,39,37,FALSE,FALSE,TRUE,TRUE,TRUE,FALSE,0.01676381168721582,8474683
2022021310,154,even-strength,72,-6,FALSE,FALSE,TRUE,TRUE,TRUE,TRUE,0.10661150893843588,8478873
2022021310,157,even-strength,37,-31,FALSE,FALSE,TRUE,FALSE,FALSE,FALSE,0,8481122
2022021310,161,even-strength,39,26,FALSE,FALSE,TRUE,TRUE,TRUE,FALSE,0.012882587982634384,8474641
2022021310,166,penalty-kill,5,-15,FALSE,FALSE,TRUE,TRUE,TRUE,FALSE,0.0023861631270935177,8480870
2022021310,172,even-strength,41,-19,FALSE,FALSE,TRUE,TRUE,TRUE,FALSE,0.018130302976831977,8481563
2022021310,173,even-strength,72,22,FALSE,FALSE,TRUE,TRUE,FALSE,FALSE,0.031097194225673277,8478873
2022021310,174,even-strength,75,-1,FALSE,FALSE,TRUE,FALSE,FALSE,FALSE,0,8481533
2022021310,175,even-strength,88,-6,TRUE,FALSE,TRUE,TRUE,TRUE,FALSE,0.12090227393104312,8479368
2022021310,177,even-strength,75,-16,FALSE,FALSE,TRUE,FALSE,FALSE,FALSE,0,8479368
2022021310,178,even-strength,56,37,FALSE,TRUE,TRUE,TRUE,FALSE,FALSE,0.03975362845466587,8478841
2022021310,179,even-strength,41,25,FALSE,FALSE,TRUE,TRUE,TRUE,FALSE,0.014252657001236976,8478366
2022021310,180,even-strength,66,19,FALSE,FALSE,TRUE,TRUE,TRUE,FALSE,0.037435490973379046,8479368
2022021310,182,power-play,59,-6,FALSE,FALSE,TRUE,FALSE,FALSE,FALSE,0,8475764
2022021310,184,power-play,72,20,FALSE,FALSE,TRUE,TRUE,TRUE,FALSE,0.06847215596310437,8478873
2022021310,185,power-play,63,-27,FALSE,FALSE,TRUE,TRUE,TRUE,FALSE,0.05931468311408047,8478366
2022021310,186,even-strength,70,-18,FALSE,FALSE,TRUE,FALSE,FALSE,FALSE,0,8479368
2022021310,192,penalty-kill,57,-37,FALSE,FALSE,TRUE,TRUE,TRUE,FALSE,0.051636345768992786,8475164
2022021310,193,penalty-kill,-90,-19,FALSE,FALSE,TRUE,TRUE,TRUE,FALSE,2.2236411407704424e-4,8480870
2022021310,196,even-strength,37,34,TRUE,FALSE,TRUE,TRUE,TRUE,FALSE,0.030326770759851428,8475764
2022021310,353,even-strength,66,5,FALSE,FALSE,TRUE,FALSE,FALSE,FALSE,0,8480806
2022021310,354,even-strength,41,25,FALSE,FALSE,TRUE,FALSE,FALSE,FALSE,0,8478841
2022021310,359,even-strength,73,-4,FALSE,FALSE,TRUE,TRUE,TRUE,FALSE,0.1106718712560433,8478873
2022021310,362,even-strength,71,22,FALSE,FALSE,TRUE,TRUE,TRUE,FALSE,0.04883400045420544,8476458
2022021310,365,even-strength,73,28,FALSE,FALSE,TRUE,TRUE,TRUE,FALSE,0.02767364792630601,8475764
2022021310,366,even-strength,46,26,FALSE,FALSE,TRUE,TRUE,FALSE,FALSE,0.017319978209894154,8475764
2022021310,371,even-strength,53,-4,FALSE,FALSE,TRUE,FALSE,FALSE,FALSE,0,8479368
2022021310,386,even-strength,82,-16,TRUE,FALSE,TRUE,FALSE,FALSE,FALSE,0,8474641
2022021310,396,even-strength,38,-21,FALSE,FALSE,TRUE,TRUE,TRUE,FALSE,0.051259079490673785,8481605
2022021310,398,even-strength,81,-1,FALSE,FALSE,TRUE,TRUE,TRUE,TRUE,0.12594980012522036,8479368
2022021310,399,even-strength,41,-37,FALSE,FALSE,TRUE,TRUE,TRUE,FALSE,0.01388572055353296,8474031
2022021310,400,even-strength,87,20,FALSE,TRUE,TRUE,TRUE,FALSE,FALSE,0.0999437212100233,8480870
2022021310,651,even-strength,11,-24,FALSE,FALSE,TRUE,TRUE,TRUE,FALSE,0.00478961045456026,8474641
2022021310,657,penalty-kill,-57,-4,FALSE,FALSE,TRUE,TRUE,TRUE,FALSE,0.0014553392657297543,8474683
2022021310,667,even-strength,64,-2,FALSE,FALSE,TRUE,TRUE,TRUE,FALSE,0.0723221070700138,8481754
2022021310,672,even-strength,77,-12,FALSE,FALSE,TRUE,TRUE,TRUE,TRUE,0.07827589734229802,8481533
2022021310,680,even-strength,42,3,FALSE,FALSE,TRUE,TRUE,TRUE,FALSE,0.04518373882751704,8481754
2022021310,682,even-strength,77,-1,FALSE,FALSE,TRUE,FALSE,FALSE,FALSE,0,8478366
2022030181,152,even-strength,62,5,FALSE,FALSE,TRUE,TRUE,FALSE,FALSE,0.05383942315196087,8477406
2022030181,155,even-strength,75,7,TRUE,FALSE,TRUE,TRUE,TRUE,FALSE,0.10968389817434193,8478585
2022030181,156,even-strength,84,-1,FALSE,FALSE,TRUE,TRUE,TRUE,FALSE,0.11552966738045756,8477998
2022030181,158,even-strength,66,15,FALSE,FALSE,TRUE,TRUE,FALSE,FALSE,0.05214446918894919,8476454
2022030181,159,even-strength,81,-3,FALSE,TRUE,TRUE,FALSE,FALSE,FALSE,0,8480803
2022030181,160,even-strength,81,-13,FALSE,FALSE,TRUE,TRUE,TRUE,FALSE,0.05656904470911812,8477934
2022030181,161,even-strength,65,15,FALSE,FALSE,TRUE,TRUE,TRUE,TRUE,0.05192204228159539,8477934
2022030181,169,power-play,75,-1,FALSE,FALSE,TRUE,TRUE,TRUE,FALSE,0.19991794668269094,8478402
2022030181,170,power-play,77,-9,FALSE,FALSE,TRUE,FALSE,FALSE,FALSE,0,8477934
2022030181,171,power-play,86,13,FALSE,FALSE,TRUE,TRUE,TRUE,FALSE,0.2147557686254684,8478402
2022030181,172,power-play,60,-13,FALSE,FALSE,TRUE,TRUE,TRUE,TRUE,0.14629941414776973,8480803
2022030181,173,power-play,84,9,FALSE,FALSE,TRUE,TRUE,FALSE,FALSE,0.1129265569278684,8475786
2022030181,174,power-play,64,15,FALSE,FALSE,TRUE,TRUE,FALSE,FALSE,0.12718427098886884,8478402
2022030181,175,even-strength,73,-7,FALSE,FALSE,TRUE,FALSE,FALSE,FALSE,0,8478402
2022030181,176,even-strength,63,27,FALSE,FALSE,TRUE,TRUE,FALSE,FALSE,0.02790568851970112,8476454
2022030181,184,even-strength,35,-23,FALSE,FALSE,TRUE,TRUE,TRUE,FALSE,0.017970944174741522,8479576
2022030181,185,even-strength,80,-19,FALSE,FALSE,TRUE,TRUE,TRUE,FALSE,0.040969878513986854,8477998
2022030181,187,even-strength,63,5,FALSE,FALSE,TRUE,TRUE,FALSE,FALSE,0.097282940245717,8477498
2022030181,188,even-strength,67,4,FALSE,FALSE,TRUE,FALSE,FALSE,FALSE,0,8475169
2022030181,189,even-strength,86,4,FALSE,FALSE,TRUE,TRUE,TRUE,FALSE,0.07490028150855327,8475786
2022030181,190,even-strength,87,8,TRUE,TRUE,TRUE,TRUE,FALSE,FALSE,0.1880185597367302,8475786
2022030181,195,even-strength,52,-6,FALSE,FALSE,TRUE,TRUE,FALSE,FALSE,0.03311321748981309,8480011
2022030181,196,even-strength,76,-21,FALSE,FALSE,TRUE,TRUE,FALSE,FALSE,0.058538431176588836,8475760
2022030181,197,even-strength,54,23,FALSE,FALSE,TRUE,TRUE,TRUE,FALSE,0.03293208335098754,8475218
2022030181,198,even-strength,52,-12,FALSE,FALSE,TRUE,FALSE,FALSE,FALSE,0,8480803
2022030181,199,even-strength,54,6,FALSE,FALSE,TRUE,TRUE,TRUE,FALSE,0.05291602101896837,8478402
2022030181,200,even-strength,68,2,FALSE,TRUE,TRUE,TRUE,TRUE,FALSE,0.20322318901651806,8478402
2022030181,270,even-strength,88,-11,FALSE,FALSE,TRUE,FALSE,FALSE,FALSE,0,8477998
2022030181,275,even-strength,74,-4,TRUE,TRUE,TRUE,TRUE,FALSE,FALSE,0.3031797869429807,8477406
2022030181,455,penalty-kill,65,-14,FALSE,FALSE,TRUE,TRUE,TRUE,FALSE,0.0856890794408157,8477406
2022030181,457,even-strength,82,21,FALSE,FALSE,TRUE,TRUE,TRUE,FALSE,0.027857084638847843,8478585
2022030181,458,even-strength,65,-3,FALSE,FALSE,TRUE,TRUE,FALSE,FALSE,0.06700413953454211,8476879
2022030181,464,even-strength,9,-28,TRUE,FALSE,TRUE,TRUE,FALSE,FALSE,0.0028186248293004296,8476454
2022030181,465,even-strength,85,11,FALSE,FALSE,TRUE,TRUE,TRUE,FALSE,0.06106589757442332,8476967
2022030181,466,even-strength,79,8,FALSE,TRUE,TRUE,FALSE,FALSE,FALSE,0,8475760
2022030181,468,even-strength,81,19,FALSE,FALSE,TRUE,TRUE,TRUE,FALSE,0.028947911088669686,8478585
2022030181,469,even-strength,80,-1,FALSE,FALSE,TRUE,TRUE,TRUE,FALSE,0.14035728576796622,8475169
2022030181,471,even-strength,50,-10,FALSE,FALSE,TRUE,TRUE,FALSE,FALSE,0.043666076815356704,8480803
2022030181,472,even-strength,77,3,FALSE,FALSE,TRUE,TRUE,TRUE,FALSE,0.10934110080562959,8477406
2022030181,473,even-strength,67,-26,FALSE,FALSE,TRUE,TRUE,FALSE,FALSE,0.0433660983846189,8477998
2022030181,478,even-strength,83,5,FALSE,FALSE,TRUE,TRUE,TRUE,FALSE,0.0874139946862838,8475786
2022030181,479,even-strength,87,5,FALSE,TRUE,TRUE,TRUE,TRUE,FALSE,0.14957808829174607,8475786
2022030181,480,even-strength,64,-1,FALSE,FALSE,TRUE,FALSE,FALSE,FALSE,0,8480803
2022030181,483,even-strength,72,1,TRUE,FALSE,TRUE,FALSE,FALSE,FALSE,0,8476967
2022030181,484,even-strength,82,-5,FALSE,TRUE,TRUE,FALSE,FALSE,FALSE,0,8475169
2022030181,485,even-strength,68,3,FALSE,FALSE,TRUE,TRUE,TRUE,FALSE,0.07512984078839884,8477934
2022030181,486,even-strength,43,15,FALSE,FALSE,TRUE,TRUE,FALSE,FALSE,0.06700245705406795,8480803
2022030181,489,power-play,87,-9,FALSE,FALSE,TRUE,TRUE,FALSE,FALSE,0.08659353547051012,8477934
2022030181,490,even-strength,76,17,FALSE,FALSE,TRUE,FALSE,FALSE,FALSE,0,8480011
2022030181,491,even-strength,55,-19,FALSE,FALSE,TRUE,TRUE,TRUE,FALSE,0.03239820876237649,8475760
2022030181,494,even-strength,81,11,FALSE,FALSE,TRUE,TRUE,TRUE,FALSE,0.04702158871498202,8476454
2022030181,496,even-strength,39,26,FALSE,FALSE,TRUE,TRUE,FALSE,FALSE,0.011410738939705001,8477498
2022030181,497,even-strength,50,13,FALSE,FALSE,TRUE,TRUE,FALSE,FALSE,0.06271287416942001,8477998
2022030181,500,even-strength,45,2,FALSE,FALSE,TRUE,TRUE,TRUE,FALSE,0.05912119710135662,8476879
2022030181,851,even-strength,77,4,FALSE,FALSE,TRUE,TRUE,TRUE,FALSE,0.08532966497750677,8477934
2022030181,852,even-strength,74,-6,FALSE,FALSE,TRUE,TRUE,TRUE,TRUE,0.09009944324811255,8477934
2022030181,853,even-strength,63,12,FALSE,FALSE,TRUE,TRUE,TRUE,FALSE,0.05013483113255839,8478402
2022030181,855,even-strength,0,29,FALSE,FALSE,TRUE,TRUE,FALSE,FALSE,0.002710966292787252,8477998
2022030181,861,even-strength,77,1,FALSE,FALSE,TRUE,TRUE,TRUE,FALSE,0.1786953525527759,8477998
2022030181,865,even-strength,65,-2,FALSE,FALSE,TRUE,FALSE,FALSE,FALSE,0,8476879
2022030181,871,even-strength,53,-18,FALSE,FALSE,TRUE,FALSE,FALSE,FALSE,0,8480803
2022030181,872,even-strength,56,-19,FALSE,FALSE,TRUE,FALSE,FALSE,FALSE,0,8476454
2022030181,873,even-strength,67,3,FALSE,FALSE,TRUE,TRUE,TRUE,FALSE,0.07876132937465223,8477934
2022030181,877,even-strength,77,8,FALSE,FALSE,TRUE,TRUE,TRUE,FALSE,0.08445995776590254,8475786
2022030181,878,even-strength,54,-6,FALSE,FALSE,TRUE,TRUE,TRUE,FALSE,0.0591456694029997,8479977
2022030181,879,even-strength,78,-22,FALSE,FALSE,TRUE,TRUE,FALSE,FALSE,0.03464194902295722,8477406
2022030181,880,even-strength,73,-14,FALSE,FALSE,TRUE,TRUE,TRUE,FALSE,0.06758407473660939,8475786
2022030181,881,even-strength,55,-36,FALSE,FALSE,TRUE,TRUE,TRUE,FALSE,0.02006870457517472,8475169
2022030181,882,even-strength,38,-1,FALSE,FALSE,TRUE,TRUE,TRUE,FALSE,0.025650192386875954,8476879
2022030181,883,even-strength,53,24,FALSE,FALSE,TRUE,TRUE,TRUE,FALSE,0.024036052187979814,8477498
2022030181,884,even-strength,52,-18,FALSE,FALSE,TRUE,FALSE,FALSE,FALSE,0,8478585
2022030181,885,even-strength,34,18,FALSE,FALSE,TRUE,TRUE,TRUE,FALSE,0.018558164258712984,8476967
2022030181,886,even-strength,36,18,FALSE,FALSE,TRUE,TRUE,TRUE,FALSE,0.014452408885442412,8476967
2022030181,887,even-strength,53,2,FALSE,FALSE,TRUE,FALSE,FALSE,FALSE,0,8477498
2022030181,888,even-strength,44,10,FALSE,FALSE,TRUE,FALSE,FALSE,FALSE,0,8475218
2022030181,892,even-strength,51,-25,FALSE,FALSE,TRUE,TRUE,TRUE,FALSE,0.025252269590981185,8480803
2022030181,893,even-strength,62,7,FALSE,FALSE,TRUE,TRUE,TRUE,FALSE,0.07302486548028307,8476967
2022030182,151,even-strength,46,-16,FALSE,FALSE,TRUE,FALSE,FALSE,FALSE,0,8480803
2022030182,152,even-strength,72,12,TRUE,FALSE,TRUE,FALSE,FALSE,FALSE,0,8477498
2022030182,153,even-strength,79,-3,FALSE,TRUE,TRUE,TRUE,TRUE,TRUE,0.21154916048240954,8478585
2022030182,154,even-strength,67,0,FALSE,FALSE,TRUE,FALSE,FALSE,FALSE,0,8477934
2022030182,156,even-strength,57,8,FALSE,FALSE,TRUE,FALSE,FALSE,FALSE,0,8475169
2022030182,157,even-strength,43,19,FALSE,FALSE,TRUE,TRUE,TRUE,FALSE,0.026249948760181906,8477498
2022030182,159,even-strength,66,5,FALSE,FALSE,TRUE,FALSE,FALSE,FALSE,0,8479576
2022030182,160,even-strength,59,3,FALSE,FALSE,TRUE,FALSE,FALSE,FALSE,0,8480011
2022030182,161,even-strength,41,-4,FALSE,FALSE,TRUE,TRUE,TRUE,FALSE,0.03053908669734952,8481598
2022030182,162,even-strength,42,-30,FALSE,FALSE,TRUE,TRUE,TRUE,FALSE,0.015179992554644256,8480803
2022030182,163,penalty-kill,72,-1,FALSE,FALSE,TRUE,TRUE,TRUE,FALSE,0.05037836161123541,8475169
2022030182,165,even-strength,69,-1,FALSE,FALSE,TRUE,TRUE,TRUE,FALSE,0.10883152935676338,8476454
2022030182,166,even-strength,54,8,FALSE,FALSE,TRUE,FALSE,FALSE,FALSE,0,8476879
2022030182,167,even-strength,73,12,TRUE,FALSE,TRUE,TRUE,TRUE,FALSE,0.1330000540274794,8480011
2022030182,168,power-play,64,12,FALSE,FALSE,TRUE,TRUE,TRUE,FALSE,0.10172887964696943,8476454
2022030182,169,power-play,59,-17,FALSE,FALSE,TRUE,FALSE,FALSE,FALSE,0,8478402
2022030182,170,power-play,59,-5,FALSE,FALSE,TRUE,TRUE,TRUE,FALSE,0.10670746517593523,8478402
2022030182,171,power-play,76,-23,FALSE,FALSE,TRUE,TRUE,TRUE,TRUE,0.08419847674753227,8477934
2022030182,172,even-strength,83,13,FALSE,FALSE,TRUE,TRUE,TRUE,FALSE,0.0420796113507636,8477498
2022030182,173,even-strength,79,24,FALSE,FALSE,TRUE,TRUE,FALSE,FALSE,0.030282262605057893,8477934
2022030182,175,even-strength,77,-11,FALSE,FALSE,TRUE,FALSE,FALSE,FALSE,0,8480802
2022030182,177,even-strength,49,38,TRUE,FALSE,TRUE,TRUE,FALSE,FALSE,0.027044149617998153,8475169
2022030182,178,even-strength,75,1,FALSE,FALSE,TRUE,FALSE,FALSE,FALSE,0,8480803
2022030182,184,even-strength,81,19,FALSE,FALSE,TRUE,TRUE,FALSE,FALSE,0.04669909568726191,8475760
2022030182,186,even-strength,56,-10,FALSE,FALSE,TRUE,FALSE,FALSE,FALSE,0,8480803
2022030182,188,even-strength,52,-17,FALSE,FALSE,TRUE,TRUE,TRUE,FALSE,0.03847724921204447,8480803
2022030182,189,even-strength,58,-18,FALSE,FALSE,TRUE,TRUE,TRUE,FALSE,0.04378513369406746,8476454
2022030182,190,even-strength,80,-6,FALSE,FALSE,TRUE,TRUE,TRUE,FALSE,0.07951186633126313,8477934
2022030182,192,even-strength,76,-9,FALSE,FALSE,TRUE,TRUE,TRUE,FALSE,0.0853413345125453,8475760
2022030182,193,even-strength,41,3,FALSE,FALSE,TRUE,TRUE,TRUE,FALSE,0.024351995980805643,8476967
2022030182,194,even-strength,81,7,FALSE,FALSE,TRUE,TRUE,FALSE,FALSE,0.08568397266386373,8480011
2022030182,198,even-strength,69,13,FALSE,FALSE,TRUE,TRUE,TRUE,FALSE,0.07404389421027184,8478402
2022030182,199,even-strength,83,-6,FALSE,FALSE,TRUE,FALSE,FALSE,FALSE,0,8475786
2022030182,200,even-strength,80,3,FALSE,FALSE,TRUE,TRUE,TRUE,FALSE,0.10626531862890881,8475218
2022030182,309,even-strength,88,-5,FALSE,TRUE,TRUE,FALSE,FALSE,FALSE,0,8476879
2022030182,318,even-strength,51,35,FALSE,FALSE,TRUE,FALSE,FALSE,FALSE,0,8475218
2022030182,451,even-strength,69,2,FALSE,TRUE,TRUE,FALSE,FALSE,FALSE,0,8477934
2022030182,455,even-strength,64,0,FALSE,FALSE,TRUE,FALSE,FALSE,FALSE,0,8480802
2022030182,457,even-strength,51,-21,FALSE,FALSE,TRUE,TRUE,TRUE,FALSE,0.04915375803700409,8480803
2022030182,461,penalty-kill,64,-9,FALSE,FALSE,TRUE,TRUE,TRUE,FALSE,0.05053495885492294,8478402
2022030182,465,even-strength,70,-3,FALSE,FALSE,TRUE,TRUE,TRUE,FALSE,0.10423542209820959,8477934
2022030182,467,even-strength,39,16,FALSE,FALSE,TRUE,TRUE,TRUE,FALSE,0.019809625495764083,8479576
2022030182,475,penalty-kill,51,30,FALSE,FALSE,TRUE,TRUE,FALSE,FALSE,0.012893354345762869,8480802
2022030182,476,penalty-kill,52,-27,FALSE,TRUE,TRUE,FALSE,FALSE,FALSE,0,8478585
2022030182,479,penalty-kill,-94,-15,FALSE,FALSE,TRUE,TRUE,TRUE,FALSE,1.8561934158927532e-4,8476879
2022030182,482,even-strength,80,-10,FALSE,FALSE,TRUE,TRUE,TRUE,FALSE,0.059849042793411696,8475786
2022030182,483,even-strength,80,-4,FALSE,TRUE,TRUE,TRUE,TRUE,FALSE,0.22467063376107133,8476454
2022030182,485,even-strength,73,-8,FALSE,FALSE,TRUE,TRUE,TRUE,FALSE,0.05726070910226615,8478402
2022030182,486,even-strength,84,8,FALSE,FALSE,TRUE,TRUE,FALSE,FALSE,0.03463444312927091,8475169
2022030182,487,even-strength,70,4,FALSE,FALSE,TRUE,FALSE,FALSE,FALSE,0,8477498
2022030182,489,even-strength,83,5,FALSE,TRUE,TRUE,TRUE,TRUE,FALSE,0.18424500218547496,8475786
2022030182,492,even-strength,60,28,FALSE,FALSE,TRUE,TRUE,TRUE,TRUE,0.0270275333963489,8480011
2022030182,496,even-strength,72,-13,FALSE,FALSE,TRUE,FALSE,FALSE,FALSE,0,8477998
2022030182,604,even-strength,89,12,FALSE,TRUE,TRUE,TRUE,TRUE,FALSE,0.16127248260653518,8478402
2022030182,803,even-strength,36,-29,FALSE,FALSE,TRUE,TRUE,FALSE,FALSE,0.0155677134980146,8480803
2022030182,805,even-strength,78,14,FALSE,FALSE,TRUE,TRUE,TRUE,FALSE,0.0678093030731281,8478402
2022030182,806,even-strength,82,1,FALSE,TRUE,TRUE,TRUE,TRUE,FALSE,0.30934339554744644,8475169
2022030182,809,even-strength,64,-5,TRUE,FALSE,TRUE,TRUE,TRUE,FALSE,0.11666470131860904,8476454
2022030182,810,even-strength,33,-4,FALSE,FALSE,TRUE,TRUE,TRUE,FALSE,0.01900500318618019,8476879
2022030182,813,even-strength,68,-4,FALSE,FALSE,TRUE,FALSE,FALSE,FALSE,0,8475760
2022030182,815,even-strength,18,33,FALSE,FALSE,TRUE,TRUE,TRUE,FALSE,0.006414972390212564,8475218
2022030182,819,even-strength,81,-11,FALSE,FALSE,TRUE,TRUE,TRUE,FALSE,0.07152540449998974,8475786
2022030182,820,even-strength,19,18,FALSE,TRUE,TRUE,TRUE,TRUE,FALSE,0.01635192240877611,8475218
2022030182,822,even-strength,56,7,FALSE,FALSE,TRUE,TRUE,FALSE,FALSE,0.046357441750997645,8476454
2022030183,55,power-play,64,-18,FALSE,FALSE,TRUE,TRUE,FALSE,FALSE,0.08985467453901634,8477934
2022030183,56,even-strength,64,-5,FALSE,FALSE,TRUE,FALSE,FALSE,FALSE,0,8475218
2022030183,64,even-strength,79,-7,FALSE,FALSE,TRUE,FALSE,FALSE,FALSE,0,8480802
2022030183,77,even-strength,67,6,FALSE,FALSE,TRUE,FALSE,FALSE,FALSE,0,8475218
2022030183,81,even-strength,81,-3,FALSE,TRUE,TRUE,TRUE,TRUE,FALSE,0.14842792644750505,8476454
2022030183,86,even-strength,75,3,FALSE,TRUE,TRUE,TRUE,TRUE,FALSE,0.24475791761655738,8477998
2022030183,98,even-strength,70,1,FALSE,FALSE,TRUE,TRUE,FALSE,FALSE,0.10532035115137592,8479977
2022030183,201,power-play,34,5,FALSE,FALSE,TRUE,TRUE,FALSE,FALSE,0.04534982834558767,8480803
2022030183,202,power-play,84,-10,FALSE,FALSE,TRUE,TRUE,TRUE,FALSE,0.09415573877190136,8478402
2022030183,203,power-play,78,7,FALSE,FALSE,TRUE,FALSE,FALSE,FALSE,0,8476454
2022030183,204,power-play,39,6,FALSE,FALSE,TRUE,TRUE,TRUE,FALSE,0.04580744106790677,8477498
2022030183,207,even-strength,46,14,FALSE,FALSE,TRUE,TRUE,FALSE,FALSE,0.019890655947948806,8477498
2022030183,208,even-strength,67,-3,FALSE,FALSE,TRUE,FALSE,FALSE,FALSE,0,8480803
2022030183,212,even-strength,80,3,FALSE,FALSE,TRUE,TRUE,TRUE,FALSE,0.1870281222450051,8478402
2022030183,215,even-strength,58,-4,FALSE,FALSE,TRUE,TRUE,FALSE,FALSE,0.05291311459721568,8478585
2022030183,216,even-strength,82,-4,FALSE,TRUE,TRUE,FALSE,FALSE,FALSE,0,8476879
2022030183,218,even-strength,69,13,FALSE,FALSE,TRUE,TRUE,FALSE,FALSE,0.04231680275509535,8477498
2022030183,224,even-strength,64,-12,FALSE,FALSE,TRUE,TRUE,TRUE,FALSE,0.0679688293469357,8475169
2022030183,225,even-strength,37,0,FALSE,FALSE,TRUE,TRUE,TRUE,FALSE,0.02315613084789045,8476454
2022030183,230,even-strength,63,1,FALSE,FALSE,TRUE,TRUE,FALSE,FALSE,0.06441592314887848,8475169
2022030183,231,even-strength,35,-19,FALSE,FALSE,TRUE,TRUE,TRUE,FALSE,0.015345725690623932,8480803
2022030183,232,even-strength,73,-17,FALSE,FALSE,TRUE,TRUE,TRUE,FALSE,0.04032059352509913,8477498
2022030183,237,even-strength,79,-29,FALSE,FALSE,TRUE,TRUE,TRUE,FALSE,0.04113262698978211,8475169
2022030183,238,even-strength,85,-6,FALSE,FALSE,TRUE,TRUE,TRUE,FALSE,0.03660172470873294,8476967
2022030183,239,even-strength,81,-10,FALSE,FALSE,TRUE,TRUE,TRUE,FALSE,0.04633799688315642,8479977
2022030183,240,even-strength,78,10,FALSE,FALSE,TRUE,TRUE,TRUE,FALSE,0.06787373816060861,8478585
2022030183,241,power-play,51,-2,FALSE,FALSE,TRUE,FALSE,FALSE,FALSE,0,8480803
2022030183,242,power-play,71,-10,FALSE,FALSE,TRUE,FALSE,FALSE,FALSE,0,8477934
2022030183,243,power-play,67,17,FALSE,FALSE,TRUE,TRUE,TRUE,TRUE,0.1281975437212049,8478402
2022030183,244,even-strength,74,2,FALSE,FALSE,TRUE,FALSE,FALSE,FALSE,0,8480802
2022030183,245,power-play,60,1,FALSE,FALSE,TRUE,TRUE,FALSE,FALSE,0.12785281035394658,8476454
2022030183,246,power-play,65,11,FALSE,FALSE,TRUE,TRUE,TRUE,TRUE,0.13849361753223977,8478402
2022030183,249,even-strength,57,-27,FALSE,FALSE,TRUE,TRUE,FALSE,FALSE,0.016267994096253544,8476967
2022030183,250,even-strength,74,-12,TRUE,FALSE,TRUE,TRUE,TRUE,FALSE,0.08672879365392103,8477998
2022030183,328,even-strength,37,25,FALSE,FALSE,TRUE,TRUE,TRUE,FALSE,0.018585746619820074,8475169
2022030183,451,even-strength,32,-36,FALSE,FALSE,TRUE,TRUE,TRUE,FALSE,0.007763862495149428,8480803
2022030183,456,even-strength,47,14,FALSE,FALSE,TRUE,TRUE,FALSE,FALSE,0.03557553982546174,8479576
2022030183,457,even-strength,77,-3,FALSE,FALSE,TRUE,FALSE,FALSE,FALSE,0,8478402
2022030183,458,even-strength,73,15,FALSE,FALSE,TRUE,TRUE,TRUE,FALSE,0.050314700101087635,8475218
2022030183,459,even-strength,76,-11,FALSE,FALSE,TRUE,FALSE,FALSE,FALSE,0,8476967
2022030183,460,even-strength,67,-12,FALSE,FALSE,TRUE,TRUE,FALSE,FALSE,0.048203868150048595,8476879
2022030183,461,even-strength,66,5,FALSE,FALSE,TRUE,TRUE,TRUE,FALSE,0.13192596904378923,8475786
2022030183,462,even-strength,81,-9,FALSE,FALSE,TRUE,TRUE,TRUE,FALSE,0.07621828958476644,8475218
2022030183,468,even-strength,84,25,FALSE,FALSE,TRUE,TRUE,TRUE,FALSE,0.028868714714415357,8476454
2022030183,470,even-strength,79,-1,FALSE,FALSE,TRUE,FALSE,FALSE,FALSE,0,8480803
2022030183,471,even-strength,76,1,FALSE,FALSE,TRUE,FALSE,FALSE,FALSE,0,8475169
2022030183,472,even-strength,-4,-12,FALSE,FALSE,TRUE,TRUE,TRUE,FALSE,0.0021572133485653075,8480803
2022030183,473,even-strength,61,-36,FALSE,FALSE,TRUE,TRUE,TRUE,FALSE,0.015665322153618613,8475786
2022030183,477,even-strength,80,-16,FALSE,FALSE,TRUE,TRUE,TRUE,FALSE,0.04467981164544901,8476879
2022030183,478,even-strength,81,7,FALSE,FALSE,TRUE,TRUE,TRUE,FALSE,0.05905854523977178,8477934
2022030183,479,even-strength,87,-6,TRUE,FALSE,TRUE,TRUE,TRUE,FALSE,0.05023738377434716,8477998
2022030183,480,power-play,75,9,FALSE,FALSE,TRUE,TRUE,TRUE,FALSE,0.12541195383793327,8478402
2022030183,481,power-play,67,-7,FALSE,FALSE,TRUE,TRUE,TRUE,FALSE,0.14373514479913796,8475786
2022030183,482,power-play,65,-8,FALSE,FALSE,TRUE,TRUE,TRUE,FALSE,0.12273741774137663,8478402
2022030183,483,power-play,80,-1,FALSE,FALSE,TRUE,TRUE,FALSE,FALSE,0.17056681823571396,8477998
2022030183,484,even-strength,57,-30,FALSE,FALSE,TRUE,TRUE,FALSE,FALSE,0.01726881822873995,8475218
2022030183,486,even-strength,61,-1,FALSE,FALSE,TRUE,TRUE,TRUE,FALSE,0.07659116487188765,8480011
2022030183,492,even-strength,56,-29,FALSE,FALSE,TRUE,TRUE,TRUE,FALSE,0.02051696411487796,8480803
2022030183,493,even-strength,71,6,FALSE,FALSE,TRUE,TRUE,TRUE,FALSE,0.08875377924308676,8479977
2022030183,494,even-strength,83,-4,FALSE,FALSE,TRUE,FALSE,FALSE,FALSE,0,8475786
2022030183,495,even-strength,43,39,FALSE,FALSE,TRUE,TRUE,TRUE,FALSE,0.00945288371148301,8477498
2022030183,498,even-strength,62,2,FALSE,FALSE,TRUE,TRUE,TRUE,FALSE,0.09970586745601392,8477934
2022030183,499,even-strength,63,39,FALSE,FALSE,TRUE,TRUE,TRUE,FALSE,0.012748792702917216,8477498
2022030183,513,even-strength,38,-33,FALSE,FALSE,TRUE,TRUE,FALSE,FALSE,0.007035764242298647,8477998
2022030183,516,power-play,75,10,FALSE,FALSE,TRUE,FALSE,FALSE,FALSE,0,8476454
2022030183,518,even-strength,78,0,FALSE,TRUE,TRUE,FALSE,FALSE,FALSE,0,8478585
2022030183,527,even-strength,75,-24,FALSE,FALSE,TRUE,TRUE,FALSE,FALSE,0.033676708096445976,8475786
2022030183,535,even-strength,78,7,FALSE,FALSE,TRUE,FALSE,FALSE,FALSE,0,8477934
2022030183,540,even-strength,47,-14,FALSE,TRUE,TRUE,FALSE,FALSE,FALSE,0,8480803
2022030183,670,even-strength,89,10,FALSE,FALSE,TRUE,TRUE,TRUE,FALSE,0.06159707815247348,8475169
2022030183,671,even-strength,73,3,FALSE,FALSE,TRUE,FALSE,FALSE,FALSE,0,8477498
2022030183,701,even-strength,77,9,FALSE,FALSE,TRUE,FALSE,FALSE,FALSE,0,8475169
2022030183,851,even-strength,71,5,FALSE,TRUE,TRUE,FALSE,FALSE,FALSE,0,8480803
2022030183,852,even-strength,57,3,FALSE,FALSE,TRUE,FALSE,FALSE,FALSE,0,8475218
2022030183,853,even-strength,8,39,TRUE,FALSE,TRUE,TRUE,TRUE,FALSE,0.0034797837767290476,8477934
2022030183,854,even-strength,32,4,FALSE,FALSE,TRUE,TRUE,FALSE,FALSE,0.013494863343665264,8477498
2022030183,858,even-strength,78,31,FALSE,FALSE,TRUE,TRUE,TRUE,FALSE,0.02052743593194453,8478402
2022030183,859,even-strength,2,-34,FALSE,FALSE,TRUE,TRUE,TRUE,FALSE,0.0021387483019226026,8476879
2022030183,860,even-strength,63,-4,FALSE,FALSE,TRUE,FALSE,FALSE,FALSE,0,8480803
2022030183,863,penalty-kill,65,-20,FALSE,FALSE,TRUE,TRUE,FALSE,FALSE,0.02319114337525938,8475760
2022030184,5,even-strength,81,4,FALSE,FALSE,TRUE,TRUE,TRUE,FALSE,0.08435385896905863,8475760
2022030184,8,even-strength,78,-14,FALSE,FALSE,TRUE,TRUE,TRUE,FALSE,0.06474613935504256,8479977
2022030184,9,even-strength,52,18,FALSE,FALSE,TRUE,TRUE,FALSE,FALSE,0.030621748707864806,8476967
2022030184,11,even-strength,87,-5,FALSE,FALSE,TRUE,TRUE,TRUE,FALSE,0.03898511928570674,8478402
2022030184,14,even-strength,73,-12,FALSE,FALSE,TRUE,TRUE,FALSE,FALSE,0.05245435478956731,8476879
2022030184,15,even-strength,61,-11,FALSE,FALSE,TRUE,TRUE,FALSE,FALSE,0.07773690904596935,8477934
2022030184,19,even-strength,82,-2,FALSE,TRUE,TRUE,TRUE,TRUE,FALSE,0.13526237322807805,8480011
2022030184,21,even-strength,53,-11,FALSE,FALSE,TRUE,FALSE,FALSE,FALSE,0,8476879
2022030184,22,even-strength,79,4,FALSE,FALSE,TRUE,TRUE,TRUE,FALSE,0.07648802964647072,8475786
2022030184,25,even-strength,59,-5,FALSE,FALSE,TRUE,TRUE,TRUE,FALSE,0.06417075213552716,8477998
2022030184,28,even-strength,75,19,FALSE,FALSE,TRUE,TRUE,TRUE,FALSE,0.03062387000103261,8475786
2022030184,30,even-strength,23,-29,FALSE,FALSE,TRUE,TRUE,TRUE,FALSE,0.004578050888679273,8476879
2022030184,33,even-strength,80,-14,FALSE,FALSE,TRUE,FALSE,FALSE,FALSE,0,8476454
2022030184,34,even-strength,87,-9,FALSE,FALSE,TRUE,FALSE,FALSE,FALSE,0,8477934
2022030184,35,even-strength,73,-30,FALSE,FALSE,TRUE,TRUE,TRUE,FALSE,0.01910909399526515,8478402
2022030184,37,even-strength,79,-23,FALSE,FALSE,TRUE,TRUE,TRUE,FALSE,0.03156473663695372,8476967
2022030184,38,even-strength,52,-29,FALSE,FALSE,TRUE,TRUE,FALSE,FALSE,0.019800146565781794,8481598
2022030184,39,even-strength,57,-27,FALSE,FALSE,TRUE,FALSE,FALSE,FALSE,0,8478585
2022030184,40,power-play,71,-21,FALSE,FALSE,TRUE,TRUE,FALSE,FALSE,0.07205681007968143,8478402
2022030184,41,power-play,80,-2,FALSE,FALSE,TRUE,TRUE,TRUE,FALSE,0.14650487736568882,8475786
2022030184,42,power-play,82,-20,FALSE,FALSE,TRUE,TRUE,FALSE,FALSE,0.06102540504195149,8477934
2022030184,43,power-play,45,-10,FALSE,FALSE,TRUE,TRUE,TRUE,FALSE,0.057376825117985746,8480803
2022030184,44,power-play,52,-4,FALSE,FALSE,TRUE,TRUE,TRUE,TRUE,0.07897658411820957,8480803
2022030184,45,even-strength,83,-7,FALSE,FALSE,TRUE,TRUE,TRUE,FALSE,0.038543054659758685,8475169
2022030184,46,even-strength,49,-40,FALSE,FALSE,TRUE,TRUE,TRUE,FALSE,0.009935281542283897,8476879
2022030184,47,even-strength,52,30,FALSE,FALSE,TRUE,TRUE,FALSE,FALSE,0.016917855988677014,8476967
2022030184,48,even-strength,55,-18,TRUE,FALSE,TRUE,TRUE,FALSE,FALSE,0.0781621469092822,8480803
2022030184,49,even-strength,79,-1,FALSE,FALSE,TRUE,TRUE,TRUE,FALSE,0.10247814371663562,8477934
2022030184,154,even-strength,59,-26,FALSE,FALSE,TRUE,TRUE,FALSE,FALSE,0.027364302768091906,8477998
2022030184,165,even-strength,76,7,TRUE,FALSE,TRUE,TRUE,TRUE,FALSE,0.13917396790446446,8475169
2022030184,174,even-strength,82,-6,FALSE,FALSE,TRUE,FALSE,FALSE,FALSE,0,8475786
2022030184,341,even-strength,44,-18,FALSE,FALSE,TRUE,FALSE,FALSE,FALSE,0,8480803
2022030184,405,even-strength,74,36,TRUE,FALSE,TRUE,TRUE,TRUE,FALSE,0.024109570089600872,8477998
2022030184,406,even-strength,44,-11,FALSE,FALSE,TRUE,TRUE,FALSE,FALSE,0.01707663413074135,8481598
2022030184,407,even-strength,78,-7,FALSE,TRUE,TRUE,TRUE,FALSE,FALSE,0.16800258898792697,8477998
2022030184,408,even-strength,77,6,FALSE,FALSE,TRUE,TRUE,TRUE,FALSE,0.05367451613648191,8478585
2022030184,409,even-strength,79,3,FALSE,FALSE,TRUE,TRUE,TRUE,TRUE,0.09135008579529906,8477934
2022030184,415,even-strength,72,10,FALSE,FALSE,TRUE,FALSE,FALSE,FALSE,0,8475169
2022030184,416,even-strength,33,33,FALSE,FALSE,TRUE,TRUE,TRUE,FALSE,0.005847915824583483,8476967
2022030184,419,even-strength,80,27,FALSE,FALSE,TRUE,TRUE,TRUE,FALSE,0.03946556005358234,8480802
2022030184,420,even-strength,43,19,TRUE,FALSE,TRUE,TRUE,TRUE,FALSE,0.02515072577264317,8477998
2022030184,422,even-strength,80,5,FALSE,FALSE,TRUE,TRUE,FALSE,FALSE,0.07022519243768349,8479977
2022030184,423,even-strength,39,17,FALSE,FALSE,TRUE,TRUE,TRUE,FALSE,0.014287722209953505,8477498
2022030184,424,even-strength,-23,-39,FALSE,FALSE,TRUE,TRUE,TRUE,FALSE,6.910460725455307e-4,8480803
2022030184,425,even-strength,81,-7,FALSE,FALSE,TRUE,TRUE,TRUE,FALSE,0.05187410938701124,8475786
2022030184,426,even-strength,-64,-8,FALSE,FALSE,TRUE,FALSE,FALSE,FALSE,0,8477934
2022030184,428,even-strength,79,-2,TRUE,TRUE,TRUE,FALSE,FALSE,FALSE,0,8478585
2022030184,429,even-strength,36,22,FALSE,FALSE,TRUE,TRUE,FALSE,FALSE,0.010668530417305632,8477498
2022030184,430,even-strength,66,-12,FALSE,FALSE,TRUE,TRUE,TRUE,FALSE,0.06587313610647252,8477998
2022030184,431,even-strength,79,-6,FALSE,FALSE,TRUE,FALSE,FALSE,FALSE,0,8477998
2022030184,432,even-strength,75,-7,FALSE,FALSE,TRUE,TRUE,FALSE,FALSE,0.06380019152954923,8477934
2022030184,433,even-strength,-10,-33,FALSE,FALSE,TRUE,TRUE,TRUE,FALSE,0.0011230686751464386,8476879
2022030184,434,power-play,69,3,FALSE,FALSE,TRUE,TRUE,TRUE,TRUE,0.11337253343764199,8477934
2022030184,443,even-strength,70,9,TRUE,FALSE,TRUE,TRUE,FALSE,FALSE,0.13950660315272267,8477998
2022030184,507,even-strength,61,21,FALSE,FALSE,TRUE,TRUE,FALSE,FALSE,0.03096460881556613,8475218
2022030184,521,even-strength,65,13,FALSE,FALSE,TRUE,FALSE,FALSE,FALSE,0,8477998
2022030184,523,even-strength,72,12,FALSE,FALSE,TRUE,TRUE,TRUE,FALSE,0.057868460879361254,8477498
2022030184,526,even-strength,80,-5,FALSE,TRUE,TRUE,TRUE,TRUE,FALSE,0.1931225082423702,8475169
2022030184,701,even-strength,54,3,FALSE,FALSE,TRUE,TRUE,TRUE,FALSE,0.048392969540991204,8477934
2022030184,705,even-strength,33,-37,FALSE,FALSE,TRUE,TRUE,FALSE,FALSE,0.004273329410137817,8476879
2022030184,712,even-strength,83,-7,FALSE,FALSE,TRUE,FALSE,FALSE,FALSE,0,8478402
2022030184,713,even-strength,84,-8,FALSE,FALSE,TRUE,TRUE,TRUE,FALSE,0.06769505705515443,8477998
2022030184,714,even-strength,76,11,TRUE,FALSE,TRUE,TRUE,FALSE,FALSE,0.10377303209006092,8476454
2022030184,716,even-strength,66,13,FALSE,FALSE,TRUE,TRUE,TRUE,TRUE,0.041189176961942346,8475169
2022030184,717,even-strength,37,1,FALSE,FALSE,TRUE,TRUE,FALSE,FALSE,0.022142927935092923,8480803
2022030184,718,even-strength,82,-8,FALSE,FALSE,TRUE,TRUE,TRUE,FALSE,0.0618745950028287,8475169
2022030184,719,even-strength,55,-12,FALSE,FALSE,TRUE,TRUE,TRUE,FALSE,0.051172185923974677,8480802
2022030184,721,even-strength,35,6,FALSE,FALSE,TRUE,FALSE,FALSE,FALSE,0,8477498
2022030184,723,even-strength,61,-1,FALSE,FALSE,TRUE,FALSE,FALSE,FALSE,0,8475218
2022030184,724,even-strength,73,-16,FALSE,FALSE,TRUE,TRUE,TRUE,FALSE,0.058167353509827685,8478585
2022030184,730,power-play,77,-9,FALSE,FALSE,TRUE,FALSE,FALSE,FALSE,0,8478402
2022030184,731,power-play,75,-1,FALSE,FALSE,TRUE,FALSE,FALSE,FALSE,0,8480803
2022030184,732,power-play,80,-24,FALSE,FALSE,TRUE,TRUE,TRUE,FALSE,0.09937378829591396,8477934
2022030184,733,even-strength,35,-35,FALSE,FALSE,TRUE,TRUE,TRUE,FALSE,0.01643324380595804,8480803
2022030184,735,even-strength,76,38,FALSE,FALSE,TRUE,TRUE,FALSE,FALSE,0.01478753213007344,8477498
2022030184,736,even-strength,65,23,FALSE,FALSE,TRUE,TRUE,TRUE,TRUE,0.04181698897446382,8475786
2022030184,737,even-strength,70,-16,FALSE,FALSE,TRUE,TRUE,TRUE,FALSE,0.056868712764439736,8479977
2022030184,738,even-strength,79,-2,FALSE,TRUE,TRUE,TRUE,TRUE,FALSE,0.25964152617026554,8478585
2022030185,151,even-strength,39,38,TRUE,FALSE,TRUE,TRUE,FALSE,FALSE,0.017584048097485313,8477498
2022030185,156,even-strength,78,15,FALSE,FALSE,TRUE,TRUE,TRUE,FALSE,0.059866424938149726,8477934
2022030185,157,even-strength,79,-39,FALSE,FALSE,TRUE,TRUE,TRUE,FALSE,0.015498539887705482,8480802
2022030185,158,even-strength,85,-4,FALSE,TRUE,TRUE,TRUE,TRUE,FALSE,0.21032505002261556,8480802
2022030185,160,even-strength,79,7,FALSE,FALSE,TRUE,TRUE,FALSE,FALSE,0.061741527564735756,8480011
2022030185,161,even-strength,78,-31,FALSE,FALSE,TRUE,TRUE,TRUE,FALSE,0.07271038298347046,8477934
2022030185,162,power-play,78,5,FALSE,FALSE,TRUE,FALSE,FALSE,FALSE,0,8476454
2022030185,164,power-play,77,1,FALSE,FALSE,TRUE,TRUE,TRUE,FALSE,0.25247865294248706,8476454
2022030185,165,power-play,82,1,FALSE,TRUE,TRUE,TRUE,FALSE,FALSE,0.32377088998936815,8476454
2022030185,166,power-play,71,22,FALSE,FALSE,TRUE,TRUE,TRUE,TRUE,0.08303047285993795,8475169
2022030185,170,even-strength,71,25,FALSE,FALSE,TRUE,TRUE,TRUE,FALSE,0.03527939828139098,8475786
2022030185,171,even-strength,56,2,FALSE,FALSE,TRUE,TRUE,TRUE,FALSE,0.06879855136223248,8475169
2022030185,172,even-strength,70,6,FALSE,FALSE,TRUE,TRUE,TRUE,FALSE,0.060085384805636,8477934
2022030185,173,even-strength,77,3,FALSE,FALSE,TRUE,TRUE,TRUE,TRUE,0.09527467084369737,8477934
2022030185,182,even-strength,75,5,FALSE,FALSE,TRUE,TRUE,TRUE,TRUE,0.13480868937452628,8476967
2022030185,186,even-strength,54,22,FALSE,FALSE,TRUE,TRUE,TRUE,FALSE,0.02761598275355182,8476454
2022030185,188,even-strength,63,0,FALSE,FALSE,TRUE,TRUE,FALSE,FALSE,0.09549016925950657,8476454
2022030185,191,even-strength,78,-16,FALSE,FALSE,TRUE,TRUE,TRUE,FALSE,0.05117166878362969,8478402
2022030185,192,even-strength,51,6,FALSE,FALSE,TRUE,FALSE,FALSE,FALSE,0,8477934
2022030185,196,even-strength,35,13,FALSE,FALSE,TRUE,TRUE,FALSE,FALSE,0.01959217743792089,8475218
2022030185,197,even-strength,36,-16,FALSE,TRUE,TRUE,TRUE,TRUE,FALSE,0.06093903460517943,8475760
2022030185,198,even-strength,35,-19,FALSE,FALSE,TRUE,TRUE,FALSE,FALSE,0.016782731330820998,8480803
2022030185,199,even-strength,81,-1,FALSE,FALSE,TRUE,TRUE,TRUE,FALSE,0.16075346702319637,8478402
2022030185,401,even-strength,72,19,FALSE,FALSE,TRUE,FALSE,FALSE,FALSE,0,8480802
2022030185,403,even-strength,58,15,FALSE,FALSE,TRUE,TRUE,TRUE,FALSE,0.05022907084481335,8477998
2022030185,405,even-strength,73,-6,FALSE,TRUE,TRUE,TRUE,FALSE,FALSE,0.14914868910493617,8478585
2022030185,406,even-strength,70,0,FALSE,FALSE,TRUE,FALSE,FALSE,FALSE,0,8481598
2022030185,408,even-strength,67,37,FALSE,FALSE,TRUE,TRUE,TRUE,FALSE,0.01613809362115191,8476967
2022030185,409,even-strength,79,-9,FALSE,FALSE,TRUE,TRUE,TRUE,FALSE,0.0756635314566684,8480011
2022030185,410,even-strength,72,-19,FALSE,FALSE,TRUE,TRUE,FALSE,FALSE,0.031227004240005043,8477934
2022030185,411,even-strength,81,-1,FALSE,FALSE,TRUE,TRUE,TRUE,TRUE,0.1872521730577778,8475760
2022030186,110,even-strength,75,16,FALSE,FALSE,TRUE,TRUE,TRUE,FALSE,0.05024052483892063,8475169
2022030186,112,even-strength,74,-5,TRUE,TRUE,TRUE,TRUE,FALSE,FALSE,0.23951401717322995,8480011
2022030186,115,even-strength,69,2,FALSE,FALSE,TRUE,FALSE,FALSE,FALSE,0,8478585
2022030186,128,even-strength,81,14,FALSE,TRUE,TRUE,TRUE,TRUE,FALSE,0.11953054837538071,8477998
2022030186,142,even-strength,59,-1,FALSE,FALSE,TRUE,TRUE,TRUE,FALSE,0.06327093038404417,8476967
2022030186,154,even-strength,38,30,FALSE,FALSE,TRUE,TRUE,TRUE,FALSE,0.009138119779628553,8475218
2022030186,155,even-strength,72,7,FALSE,FALSE,TRUE,TRUE,TRUE,FALSE,0.06394621264104823,8478402
2022030186,156,even-strength,78,2,FALSE,FALSE,TRUE,TRUE,TRUE,TRUE,0.07424731131252647,8478402
2022030186,158,even-strength,61,3,FALSE,FALSE,TRUE,FALSE,FALSE,FALSE,0,8477934
2022030186,160,even-strength,49,16,FALSE,FALSE,TRUE,FALSE,FALSE,FALSE,0,8477498
2022030186,162,even-strength,80,5,TRUE,FALSE,TRUE,FALSE,FALSE,FALSE,0,8478402
2022030186,163,even-strength,55,-5,FALSE,FALSE,TRUE,TRUE,FALSE,FALSE,0.0597435207967434,8477498
2022030186,166,even-strength,75,9,TRUE,FALSE,TRUE,TRUE,TRUE,FALSE,0.09264443569990809,8478402
2022030186,168,even-strength,44,-18,FALSE,FALSE,TRUE,TRUE,TRUE,FALSE,0.025043908353818426,8475169
2022030186,169,even-strength,61,25,FALSE,FALSE,TRUE,TRUE,FALSE,FALSE,0.028008245740286403,8477998
2022030186,171,even-strength,53,-15,FALSE,FALSE,TRUE,TRUE,TRUE,FALSE,0.03976206405038849,8477934
2022030186,172,even-strength,85,-14,FALSE,FALSE,TRUE,TRUE,FALSE,FALSE,0.025161716878761883,8477498
2022030186,176,even-strength,69,-10,FALSE,FALSE,TRUE,TRUE,FALSE,FALSE,0.059482471101949506,8475169
2022030186,177,even-strength,64,-13,FALSE,FALSE,TRUE,TRUE,TRUE,FALSE,0.03378488265039744,8478585
2022030186,178,even-strength,79,-2,FALSE,FALSE,TRUE,FALSE,FALSE,FALSE,0,8480802
2022030186,179,even-strength,59,0,FALSE,FALSE,TRUE,TRUE,TRUE,TRUE,0.06411498868165004,8480011
2022030186,187,even-strength,80,-16,FALSE,FALSE,TRUE,TRUE,TRUE,FALSE,0.04674148270820037,8477998
2022030186,188,even-strength,80,-5,FALSE,FALSE,TRUE,FALSE,FALSE,FALSE,0,8477498
2022030186,189,even-strength,62,36,FALSE,FALSE,TRUE,TRUE,FALSE,FALSE,0.01636554773777226,8477998
2022030186,193,even-strength,78,-1,FALSE,FALSE,TRUE,TRUE,TRUE,FALSE,0.1275731867218248,8475169
2022030186,194,penalty-kill,38,28,FALSE,FALSE,TRUE,TRUE,TRUE,FALSE,0.013295908524541907,8477498
2022030186,199,power-play,70,-17,FALSE,FALSE,TRUE,TRUE,TRUE,TRUE,0.08769153377708981,8477934
2022030186,200,even-strength,73,2,FALSE,FALSE,TRUE,TRUE,TRUE,FALSE,0.07005283751612815,8478585
2022030186,361,even-strength,75,-1,FALSE,FALSE,TRUE,TRUE,TRUE,FALSE,0.08790184617218792,8478585
2022030186,364,even-strength,79,-7,FALSE,FALSE,TRUE,TRUE,TRUE,FALSE,0.06514073144509783,8479977
2022030186,366,even-strength,72,-8,FALSE,FALSE,TRUE,FALSE,FALSE,FALSE,0,8477934
2022030186,367,even-strength,71,-1,FALSE,FALSE,TRUE,TRUE,FALSE,FALSE,0.16702816154421027,8475169
2022030186,377,even-strength,80,-16,FALSE,FALSE,TRUE,TRUE,FALSE,FALSE,0.025594027296758453,8478402
2022030186,382,even-strength,78,0,TRUE,FALSE,TRUE,TRUE,TRUE,FALSE,0.16768731431718262,8477934
2022030186,383,even-strength,82,-27,FALSE,FALSE,TRUE,TRUE,TRUE,FALSE,0.026602903692512506,8477998
2022030186,384,even-strength,85,-25,FALSE,FALSE,TRUE,TRUE,TRUE,FALSE,0.03868715934316953,8475786
2022030186,388,even-strength,44,-15,FALSE,FALSE,TRUE,FALSE,FALSE,FALSE,0,8480803
2022030186,389,even-strength,33,9,FALSE,FALSE,TRUE,TRUE,TRUE,FALSE,0.02085509567076472,8476967
2022030186,390,power-play,79,1,FALSE,FALSE,TRUE,TRUE,FALSE,FALSE,0.16040510632372335,8475786
2022030186,393,even-strength,34,34,FALSE,FALSE,TRUE,TRUE,TRUE,FALSE,0.011181626841209097,8477998
2022030186,398,even-strength,64,-9,FALSE,FALSE,TRUE,TRUE,FALSE,FALSE,0.054143659288570706,8479977
2022030186,399,even-strength,79,5,FALSE,FALSE,TRUE,FALSE,FALSE,FALSE,0,8477934
2022030186,452,even-strength,73,-3,FALSE,TRUE,TRUE,TRUE,TRUE,TRUE,0.17870975834138944,8480011
2022030186,468,even-strength,77,9,FALSE,FALSE,TRUE,FALSE,FALSE,FALSE,0,8475218
2022030186,476,even-strength,71,0,FALSE,TRUE,TRUE,TRUE,FALSE,FALSE,0.25556373574808566,8479576
2022030186,480,even-strength,70,10,FALSE,FALSE,TRUE,FALSE,FALSE,FALSE,0,8476879
2022030186,701,even-strength,75,9,FALSE,FALSE,TRUE,TRUE,FALSE,FALSE,0.05634121036729661,8480011
2022030186,702,even-strength,46,24,FALSE,FALSE,TRUE,TRUE,TRUE,TRUE,0.02019195374220741,8479977
2022030186,705,even-strength,-80,35,FALSE,FALSE,TRUE,TRUE,TRUE,FALSE,1.0058311173201747e-4,8476967
