gameId,eventId,strengthState,xCoordNorm,yCoordNorm,isRush,isRebound,isCorsi,isFenwick,isShot,isGoal,xG,shooterPlayerId,shooterTeamId,goalieTeamId
2021020007,156,even-strength,79,-20,TRUE,FALSE,TRUE,TRUE,TRUE,FALSE,0.05704672641711993,8475236,7,8
2021020007,158,even-strength,75,-6,FALSE,FALSE,TRUE,TRUE,TRUE,FALSE,0.07123197132540988,8479465,7,8
2021020007,159,even-strength,51,-34,FALSE,FALSE,TRUE,TRUE,TRUE,FALSE,0.01731688295068211,8479465,7,8
2021020007,160,even-strength,72,10,FALSE,FALSE,TRUE,FALSE,FALSE,FALSE,0,8481528,7,8
2021020007,164,even-strength,29,0,FALSE,FALSE,TRUE,TRUE,TRUE,FALSE,0.01872926805194355,8475236,7,8
2021020007,167,power-play,59,-8,FALSE,FALSE,TRUE,FALSE,FALSE,FALSE,0,8478109,7,8
2021020007,169,power-play,52,31,FALSE,FALSE,TRUE,TRUE,TRUE,FALSE,0.04957077415464904,8478109,7,8
2021020007,171,power-play,52,-26,FALSE,FALSE,TRUE,TRUE,TRUE,TRUE,0.03643746530584506,8473449,7,8
2021020007,173,even-strength,85,-6,FALSE,FALSE,TRUE,TRUE,TRUE,FALSE,0.04091491636685901,8475236,7,8
2021020007,185,even-strength,39,17,FALSE,FALSE,TRUE,TRUE,FALSE,FALSE,0.02570432136485865,8477462,7,8
2021020007,187,even-strength,31,-33,FALSE,FALSE,TRUE,TRUE,TRUE,FALSE,0.01096347700723088,8476525,7,8
2021020007,188,even-strength,73,-3,FALSE,FALSE,TRUE,FALSE,FALSE,FALSE,0,8479420,7,8
2021020007,189,even-strength,68,-17,FALSE,FALSE,TRUE,TRUE,TRUE,FALSE,0.03510857731106058,8475236,7,8
2021020007,193,even-strength,79,17,FALSE,FALSE,TRUE,TRUE,FALSE,FALSE,0.0420167450807384,8479999,7,8
2021020007,198,even-strength,66,31,FALSE,FALSE,TRUE,TRUE,FALSE,FALSE,0.02146516139903106,8475784,7,8
2021020007,199,even-strength,85,-23,FALSE,FALSE,TRUE,TRUE,FALSE,FALSE,0.03944427136864077,8478109,7,8
2021020007,200,even-strength,60,20,FALSE,FALSE,TRUE,TRUE,FALSE,FALSE,0.03156862205445162,8473449,7,8
2021020007,401,even-strength,49,2,FALSE,FALSE,TRUE,TRUE,TRUE,TRUE,0.06084902934852776,8476878,7,8
2021020007,411,even-strength,50,-38,FALSE,FALSE,TRUE,TRUE,FALSE,FALSE,0.01994081321079049,8473449,7,8
2021020007,412,even-strength,35,7,FALSE,FALSE,TRUE,TRUE,TRUE,FALSE,0.02408477757802665,8477462,7,8
2021020007,430,even-strength,50,-23,FALSE,FALSE,TRUE,TRUE,TRUE,FALSE,0.02518048316199401,8476994,7,8
2021020007,432,even-strength,67,-1,FALSE,FALSE,TRUE,FALSE,FALSE,FALSE,0,8479420,7,8
2021020007,434,even-strength,36,31,FALSE,FALSE,TRUE,TRUE,FALSE,FALSE,0.01452623999415645,8479420,7,8
2021020007,439,even-strength,62,16,FALSE,FALSE,TRUE,TRUE,TRUE,FALSE,0.03828222175194949,8473449,7,8
2021020007,442,even-strength,70,-1,FALSE,FALSE,TRUE,TRUE,TRUE,FALSE,0.12543397477739734,8476994,7,8
2021020007,446,power-play,50,-30,FALSE,FALSE,TRUE,TRUE,TRUE,FALSE,0.03285640797001161,8473449,7,8
2021020007,448,power-play,55,25,FALSE,FALSE,TRUE,TRUE,TRUE,FALSE,0.0626681590003405,8476525,7,8
2021020007,450,power-play,58,29,FALSE,FALSE,TRUE,TRUE,TRUE,FALSE,0.06176874196341919,8479420,7,8
2021020007,551,power-play,67,13,FALSE,FALSE,TRUE,TRUE,TRUE,FALSE,0.08257351310131962,8479420,7,8
2021020007,552,power-play,69,-10,FALSE,FALSE,TRUE,FALSE,FALSE,FALSE,0,8478109,7,8
2021020007,562,power-play,77,-2,FALSE,FALSE,TRUE,TRUE,TRUE,FALSE,0.14338234193148505,8475784,7,8
2021020007,564,power-play,42,-11,FALSE,FALSE,TRUE,TRUE,FALSE,FALSE,0.08283904285994298,8478109,7,8
2021020007,565,power-play,75,9,FALSE,FALSE,TRUE,FALSE,FALSE,FALSE,0,8479420,7,8
2021020007,566,power-play,40,2,FALSE,TRUE,TRUE,TRUE,TRUE,FALSE,0.13218679131105843,8480839,7,8
2021020007,567,power-play,52,-17,FALSE,FALSE,TRUE,TRUE,TRUE,TRUE,0.05451170943099541,8478109,7,8
2021020007,570,even-strength,45,1,FALSE,FALSE,TRUE,TRUE,TRUE,FALSE,0.04431211477059227,8477462,7,8
2021020007,573,even-strength,80,-6,FALSE,TRUE,TRUE,TRUE,TRUE,TRUE,0.1768324874150166,8478075,7,8
2021020007,574,even-strength,76,-9,FALSE,FALSE,TRUE,FALSE,FALSE,FALSE,0,8476878,7,8
2021020007,578,penalty-kill,62,3,FALSE,FALSE,TRUE,TRUE,TRUE,FALSE,0.09610449791091388,8473449,7,8
2021020007,580,power-play,78,-3,FALSE,TRUE,TRUE,TRUE,TRUE,FALSE,0.2644488410969495,8476878,7,8
2021020007,587,even-strength,36,-3,FALSE,FALSE,TRUE,TRUE,TRUE,FALSE,0.02469872342192386,8480839,7,8
2021020007,588,even-strength,48,3,FALSE,FALSE,TRUE,TRUE,TRUE,FALSE,0.0503138285311594,8478109,7,8
2021020007,592,power-play,57,-17,FALSE,FALSE,TRUE,TRUE,TRUE,FALSE,0.07115597077759087,8478109,7,8
2021020007,593,power-play,60,-24,FALSE,FALSE,TRUE,TRUE,TRUE,FALSE,0.06575988938912584,8478109,7,8
2021020007,594,power-play,65,26,FALSE,TRUE,TRUE,TRUE,TRUE,TRUE,0.2057248311612201,8479420,7,8
2021020007,596,even-strength,63,14,FALSE,FALSE,TRUE,TRUE,FALSE,FALSE,0.04466669088085335,8481528,7,8
2021020007,597,even-strength,79,8,FALSE,FALSE,TRUE,TRUE,TRUE,FALSE,0.05650218751775379,8473449,7,8
2021020007,600,even-strength,36,-1,FALSE,FALSE,TRUE,TRUE,TRUE,FALSE,0.02822497572741356,8477462,7,8
2021020007,703,even-strength,45,31,FALSE,FALSE,TRUE,TRUE,TRUE,FALSE,0.01860762887393934,8481528,7,8
2021020007,706,even-strength,65,27,FALSE,FALSE,TRUE,TRUE,FALSE,FALSE,0.03162735664708052,8475784,7,8
2021020007,708,even-strength,83,-13,FALSE,FALSE,TRUE,TRUE,FALSE,FALSE,0.04757604567565812,8479465,7,8
2021020007,711,even-strength,54,6,FALSE,FALSE,TRUE,FALSE,FALSE,FALSE,0,8478075,7,8
2021020007,712,even-strength,44,3,FALSE,FALSE,TRUE,TRUE,TRUE,FALSE,0.04366612411561037,8481528,7,8
2021020007,714,even-strength,65,-2,FALSE,FALSE,TRUE,FALSE,FALSE,FALSE,0,8477462,7,8
2021020007,715,even-strength,74,-1,FALSE,FALSE,TRUE,TRUE,TRUE,FALSE,0.12427265273303086,8475784,7,8
2021020007,719,even-strength,36,30,FALSE,FALSE,TRUE,TRUE,FALSE,FALSE,0.02655697210324611,8480196,7,8
2021020007,723,even-strength,76,-5,FALSE,FALSE,TRUE,TRUE,FALSE,FALSE,0.14367529113204233,8478075,7,8
2021020007,730,even-strength,39,32,FALSE,FALSE,TRUE,TRUE,TRUE,FALSE,0.01461395444310564,8479420,7,8
2021020129,105,even-strength,88,-22,TRUE,FALSE,TRUE,TRUE,FALSE,FALSE,0.06419773397537307,8480031,24,8
2021020129,106,even-strength,36,-35,FALSE,FALSE,TRUE,TRUE,TRUE,FALSE,0.02036191378140302,8474031,24,8
2021020129,109,power-play,59,21,FALSE,FALSE,TRUE,TRUE,TRUE,FALSE,0.07490432116322536,8470612,24,8
2021020129,114,power-play,78,3,FALSE,FALSE,TRUE,TRUE,TRUE,TRUE,0.2087268188526713,8474641,24,8
2021020129,124,even-strength,77,1,FALSE,FALSE,TRUE,TRUE,FALSE,FALSE,0.11939829838890556,8481533,24,8
2021020129,125,even-strength,75,2,FALSE,FALSE,TRUE,FALSE,FALSE,FALSE,0,8475842,24,8
2021020129,126,even-strength,59,17,FALSE,FALSE,TRUE,TRUE,FALSE,FALSE,0.05509626472750751,8474683,24,8
2021020129,133,power-play,36,33,FALSE,FALSE,TRUE,TRUE,TRUE,FALSE,0.03543181813845483,8479968,24,8
2021020129,136,power-play,48,-31,FALSE,FALSE,TRUE,TRUE,TRUE,FALSE,0.03793834830432804,8479968,24,8
2021020129,138,power-play,70,-16,FALSE,FALSE,TRUE,TRUE,TRUE,TRUE,0.09526514229286843,8479968,24,8
2021020129,139,power-play,46,-24,FALSE,FALSE,TRUE,TRUE,FALSE,FALSE,0.02985145728466665,8482142,24,8
2021020129,141,power-play,64,16,FALSE,FALSE,TRUE,TRUE,TRUE,FALSE,0.14027513535910352,8477947,24,8
2021020129,143,power-play,67,-22,FALSE,FALSE,TRUE,TRUE,TRUE,FALSE,0.10722338252222606,8474641,24,8
2021020129,147,even-strength,31,-2,FALSE,FALSE,TRUE,TRUE,TRUE,FALSE,0.01462554511885578,8474641,24,8
2021020129,149,even-strength,38,-33,FALSE,FALSE,TRUE,TRUE,TRUE,FALSE,0.01084056164040351,8482142,24,8
2021020129,248,even-strength,46,5,FALSE,FALSE,TRUE,FALSE,FALSE,FALSE,0,8482142,24,8
2021020129,304,even-strength,68,-5,FALSE,FALSE,TRUE,TRUE,FALSE,FALSE,0.09638913533472684,8474641,24,8
2021020129,309,even-strength,75,23,FALSE,FALSE,TRUE,TRUE,TRUE,FALSE,0.03380265812172928,8475764,24,8
2021020129,310,even-strength,68,0,FALSE,FALSE,TRUE,TRUE,TRUE,FALSE,0.09346014484604263,8470612,24,8
2021020129,312,even-strength,49,15,FALSE,FALSE,TRUE,FALSE,FALSE,FALSE,0,8479968,24,8
2021020129,317,even-strength,35,-36,FALSE,FALSE,TRUE,TRUE,FALSE,FALSE,0.01138418999158188,8474031,24,8
2021020129,324,even-strength,74,-30,FALSE,FALSE,TRUE,TRUE,TRUE,FALSE,0.08169673123337173,8482142,24,8
2021020129,325,even-strength,68,-11,FALSE,FALSE,TRUE,TRUE,TRUE,FALSE,0.09762784429523878,8476854,24,8
2021020129,327,even-strength,65,-17,FALSE,FALSE,TRUE,TRUE,TRUE,FALSE,0.06980414653181453,8474641,24,8
2021020129,330,even-strength,85,12,FALSE,FALSE,TRUE,FALSE,FALSE,FALSE,0,8475235,24,8
2021020129,339,even-strength,55,-1,FALSE,FALSE,TRUE,TRUE,TRUE,FALSE,0.0634085808445021,8481122,24,8
2021020129,340,even-strength,35,-25,FALSE,FALSE,TRUE,TRUE,TRUE,FALSE,0.01096709465467619,8470612,24,8
2021020129,555,even-strength,60,16,FALSE,FALSE,TRUE,FALSE,FALSE,FALSE,0,8481533,24,8
2021020129,556,even-strength,67,-16,FALSE,FALSE,TRUE,FALSE,FALSE,FALSE,0,8477947,24,8
2021020129,574,even-strength,-28,38,FALSE,FALSE,TRUE,TRUE,TRUE,FALSE,0.00194222570280352,8480870,24,8
2021020129,576,even-strength,46,-34,FALSE,FALSE,TRUE,TRUE,TRUE,FALSE,0.01970705126596972,8477947,24,8
2021020129,578,even-strength,49,-33,FALSE,FALSE,TRUE,TRUE,FALSE,FALSE,0.02057759736394495,8477947,24,8
2021020129,579,even-strength,36,-1,FALSE,FALSE,TRUE,TRUE,TRUE,FALSE,0.02384965999416571,8476312,24,8
2021020129,580,even-strength,72,-13,FALSE,FALSE,TRUE,FALSE,FALSE,FALSE,0,8477947,24,8
2021020129,581,even-strength,85,35,FALSE,FALSE,TRUE,TRUE,TRUE,FALSE,0.01593168304867135,8474641,24,8
2021020129,587,even-strength,48,-8,FALSE,FALSE,TRUE,TRUE,TRUE,FALSE,0.04690327318766391,8476854,24,8
2021020129,588,even-strength,79,0,FALSE,FALSE,TRUE,TRUE,TRUE,FALSE,0.1144138894563206,8476854,24,8
2021020129,594,even-strength,82,3,FALSE,FALSE,TRUE,TRUE,TRUE,TRUE,0.08037630863768064,8478873,24,8
2021020129,597,even-strength,53,-7,FALSE,FALSE,TRUE,TRUE,FALSE,FALSE,0.06043574318731546,8474641,24,8
2021020129,704,even-strength,80,4,FALSE,FALSE,TRUE,FALSE,FALSE,FALSE,0,8475764,24,8
2021020129,705,even-strength,52,-17,FALSE,FALSE,TRUE,TRUE,TRUE,FALSE,0.03698183338505821,8480870,24,8
2021020150,482,even-strength,66,6,TRUE,FALSE,TRUE,TRUE,TRUE,FALSE,0.1591968795663523,8478463,2,8
2021020150,489,power-play,79,1,FALSE,FALSE,TRUE,TRUE,FALSE,FALSE,0.17710127894779043,8475314,2,8
2021020150,490,power-play,79,1,FALSE,FALSE,TRUE,TRUE,TRUE,FALSE,0.15641488773354795,8475314,2,8
2021020150,492,power-play,77,-5,FALSE,FALSE,TRUE,FALSE,FALSE,FALSE,0,8478463,2,8
2021020150,493,power-play,69,-1,FALSE,FALSE,TRUE,FALSE,FALSE,FALSE,0,8480865,2,8
2021020150,495,power-play,80,-2,FALSE,FALSE,TRUE,TRUE,TRUE,FALSE,0.15554101757498598,8475314,2,8
2021020150,496,power-play,80,0,FALSE,TRUE,TRUE,TRUE,TRUE,FALSE,0.30281021729607677,8475314,2,8
2021020150,498,power-play,81,0,FALSE,FALSE,TRUE,TRUE,TRUE,FALSE,0.18836960385241833,8478463,2,8
2021020150,499,power-play,79,-3,FALSE,TRUE,TRUE,TRUE,TRUE,FALSE,0.3279706425103134,8478463,2,8
2021020150,500,power-play,81,-1,FALSE,FALSE,TRUE,FALSE,FALSE,FALSE,0,8475314,2,8
2021020150,651,power-play,50,23,FALSE,FALSE,TRUE,TRUE,TRUE,FALSE,0.07989226565309022,8480789,2,8
2021020150,663,even-strength,81,3,FALSE,FALSE,TRUE,FALSE,FALSE,FALSE,0,8473504,2,8
2021020150,666,even-strength,63,6,TRUE,FALSE,TRUE,TRUE,TRUE,FALSE,0.14719002332157252,8480789,2,8
2021020150,669,even-strength,79,4,FALSE,FALSE,TRUE,FALSE,FALSE,FALSE,0,8480865,2,8
2021020150,679,power-play,80,0,FALSE,FALSE,TRUE,TRUE,TRUE,FALSE,0.16998863044057771,8475754,2,8
2021020150,681,power-play,35,-14,FALSE,FALSE,TRUE,TRUE,TRUE,FALSE,0.0255788767237542,8480865,2,8
2021020150,682,power-play,79,-1,FALSE,FALSE,TRUE,FALSE,FALSE,FALSE,0,8465009,2,8
2021020213,241,even-strength,66,-5,FALSE,FALSE,TRUE,FALSE,FALSE,FALSE,0,8482078,17,8
2021020213,242,even-strength,84,28,FALSE,FALSE,TRUE,TRUE,TRUE,TRUE,0.02117803948082082,8477946,17,8
2021020213,243,even-strength,55,1,FALSE,FALSE,TRUE,TRUE,TRUE,TRUE,0.04932384311223013,8480459,17,8
2021020213,245,even-strength,68,-23,FALSE,FALSE,TRUE,TRUE,FALSE,FALSE,0.02614584899004622,8477454,17,8
2021020213,247,penalty-kill,69,21,FALSE,FALSE,TRUE,FALSE,FALSE,FALSE,0,8477479,17,8
2021020213,401,penalty-kill,-70,-29,FALSE,FALSE,TRUE,TRUE,TRUE,FALSE,5.603474983653818e-4,8480184,17,8
2021020213,402,even-strength,62,-17,FALSE,FALSE,TRUE,TRUE,TRUE,FALSE,0.03680164310244666,8480459,17,8
2021020213,403,even-strength,56,24,FALSE,FALSE,TRUE,TRUE,TRUE,FALSE,0.01947148792853031,8480821,17,8
2021020213,404,even-strength,59,18,FALSE,FALSE,TRUE,TRUE,FALSE,FALSE,0.0240617685109131,8480821,17,8
2021020213,405,even-strength,61,4,FALSE,FALSE,TRUE,TRUE,TRUE,FALSE,0.04610033309442765,8480459,17,8
2021020213,406,even-strength,83,7,FALSE,FALSE,TRUE,FALSE,FALSE,FALSE,0,8477952,17,8
2021020213,407,even-strength,37,29,FALSE,FALSE,TRUE,TRUE,FALSE,FALSE,0.01008322434330685,8475181,17,8
2021020213,410,even-strength,11,-3,FALSE,FALSE,TRUE,TRUE,TRUE,FALSE,0.00649196545870574,8477215,17,8
2021020213,411,even-strength,37,-4,FALSE,FALSE,TRUE,TRUE,TRUE,FALSE,0.02235653786279467,8481542,17,8
2021020213,413,even-strength,67,-16,FALSE,FALSE,TRUE,TRUE,TRUE,FALSE,0.05093196210104257,8477454,17,8
2021020213,414,even-strength,69,18,FALSE,FALSE,TRUE,TRUE,FALSE,FALSE,0.04055423148754709,8477946,17,8
2021020213,415,even-strength,69,9,FALSE,FALSE,TRUE,TRUE,TRUE,FALSE,0.05613489957567606,8477479,17,8
2021020213,422,penalty-kill,-68,-21,FALSE,FALSE,TRUE,TRUE,TRUE,FALSE,0.00272051178251326,8479425,17,8
2021020213,423,even-strength,43,20,FALSE,FALSE,TRUE,TRUE,FALSE,FALSE,0.01795884128938763,8481542,17,8
2021020213,426,even-strength,45,19,FALSE,FALSE,TRUE,TRUE,FALSE,FALSE,0.02904000693135609,8477240,17,8
2021020213,428,even-strength,74,1,FALSE,FALSE,TRUE,TRUE,TRUE,FALSE,0.09115111395871436,8476480,17,8
2021020213,429,even-strength,63,28,FALSE,FALSE,TRUE,TRUE,TRUE,FALSE,0.02066575305718105,8479992,17,8
2021020213,430,even-strength,58,10,FALSE,FALSE,TRUE,TRUE,FALSE,FALSE,0.05225372592799675,8480821,17,8
2021020213,431,even-strength,65,10,FALSE,FALSE,TRUE,TRUE,TRUE,FALSE,0.06014760642988,8477952,17,8
2021020213,432,even-strength,38,-11,FALSE,FALSE,TRUE,TRUE,FALSE,FALSE,0.01979855631931396,8477215,17,8
2021020213,433,even-strength,82,-5,FALSE,FALSE,TRUE,TRUE,TRUE,FALSE,0.09738917151507431,8477454,17,8
2021020213,434,even-strength,83,-8,FALSE,FALSE,TRUE,TRUE,TRUE,FALSE,0.09061728293628515,8479992,17,8
2021020213,436,even-strength,63,14,FALSE,FALSE,TRUE,FALSE,FALSE,FALSE,0,8482078,17,8
2021020213,437,even-strength,72,-24,FALSE,FALSE,TRUE,TRUE,FALSE,FALSE,0.0361703195179062,8480184,17,8
2021020213,439,even-strength,68,14,FALSE,FALSE,TRUE,TRUE,TRUE,FALSE,0.04882501085532555,8480821,17,8
2021020213,440,even-strength,72,-18,FALSE,FALSE,TRUE,TRUE,TRUE,FALSE,0.05482585174886409,8477479,17,8
2021020213,441,even-strength,75,-6,FALSE,FALSE,TRUE,TRUE,TRUE,FALSE,0.08343777439487135,8477454,17,8
2021020213,448,even-strength,60,40,FALSE,TRUE,TRUE,TRUE,TRUE,FALSE,0.0578742896862196,8471686,17,8
2021020213,605,even-strength,73,21,FALSE,FALSE,TRUE,FALSE,FALSE,FALSE,0,8477454,17,8
2021020213,606,even-strength,67,29,FALSE,FALSE,TRUE,TRUE,TRUE,FALSE,0.01644878211846836,8476480,17,8
2021020213,611,even-strength,69,-18,FALSE,FALSE,TRUE,TRUE,TRUE,FALSE,0.04382295924356799,8479992,17,8
2021020213,615,even-strength,58,23,FALSE,FALSE,TRUE,FALSE,FALSE,FALSE,0,8477215,17,8
2021020213,616,even-strength,-10,-31,FALSE,FALSE,TRUE,TRUE,TRUE,FALSE,0.00161503095594787,8481542,17,8
2021020213,617,even-strength,1,-1,FALSE,FALSE,TRUE,TRUE,TRUE,FALSE,0.00355618831441049,8477454,17,8
2021020213,620,even-strength,91,22,FALSE,FALSE,TRUE,TRUE,TRUE,TRUE,0.1377408839852744,8477946,17,8
2021020224,25,even-strength,55,10,FALSE,FALSE,TRUE,FALSE,FALSE,FALSE,0,8475762,6,8
2021020224,36,even-strength,63,2,FALSE,FALSE,TRUE,FALSE,FALSE,FALSE,0,8479546,6,8
2021020224,47,even-strength,53,-5,FALSE,FALSE,TRUE,FALSE,FALSE,FALSE,0,8478443,6,8
2021020224,61,power-play,68,-22,FALSE,FALSE,TRUE,TRUE,TRUE,FALSE,0.06565534447034711,8473419,6,8
2021020224,62,power-play,78,0,FALSE,FALSE,TRUE,TRUE,FALSE,FALSE,0.14643349235963443,8470638,6,8
2021020224,63,power-play,64,-17,FALSE,FALSE,TRUE,TRUE,TRUE,FALSE,0.0826532547525452,8470638,6,8
2021020224,65,power-play,80,-6,FALSE,FALSE,TRUE,TRUE,FALSE,FALSE,0.09215038533868287,8470638,6,8
2021020224,73,even-strength,74,22,FALSE,FALSE,TRUE,TRUE,TRUE,FALSE,0.03616742995595739,8473422,6,8
2021020224,77,even-strength,58,31,FALSE,FALSE,TRUE,TRUE,TRUE,FALSE,0.0225190821509941,8479325,6,8
2021020224,78,even-strength,76,-1,FALSE,FALSE,TRUE,TRUE,FALSE,FALSE,0.0969120680637621,8473419,6,8
2021020224,85,even-strength,58,-25,FALSE,FALSE,TRUE,TRUE,TRUE,FALSE,0.02404441738529674,8475791,6,8
2021020224,88,even-strength,20,2,FALSE,FALSE,TRUE,TRUE,TRUE,FALSE,0.00995448521469921,8477956,6,8
2021020224,92,even-strength,56,-34,FALSE,FALSE,TRUE,TRUE,TRUE,FALSE,0.01685645138931707,8475745,6,8
2021020224,93,even-strength,57,26,TRUE,FALSE,TRUE,TRUE,TRUE,FALSE,0.02923256139350468,8473419,6,8
2021020224,96,power-play,59,-22,FALSE,FALSE,TRUE,TRUE,TRUE,FALSE,0.04867050085341296,8478498,6,8
2021020224,98,power-play,65,-23,FALSE,FALSE,TRUE,TRUE,FALSE,FALSE,0.0623705932119212,8473419,6,8
2021020224,100,even-strength,72,14,FALSE,FALSE,TRUE,TRUE,TRUE,FALSE,0.07792634803924788,8475791,6,8
2021020224,231,even-strength,80,-6,FALSE,FALSE,TRUE,FALSE,FALSE,FALSE,0,8473419,6,8
2021020224,240,even-strength,74,10,FALSE,TRUE,TRUE,FALSE,FALSE,FALSE,0,8473419,6,8
2021020224,251,even-strength,75,-6,FALSE,FALSE,TRUE,TRUE,TRUE,FALSE,0.10569640262861044,8475791,6,8
2021020224,255,penalty-kill,80,-1,FALSE,FALSE,TRUE,TRUE,TRUE,FALSE,0.0949643424910741,8475745,6,8
2021020224,258,even-strength,72,9,FALSE,FALSE,TRUE,TRUE,TRUE,FALSE,0.08067763728714675,8473419,6,8
2021020224,259,even-strength,77,22,FALSE,FALSE,TRUE,TRUE,TRUE,FALSE,0.03133946401119898,8479325,6,8
2021020224,261,even-strength,42,17,FALSE,FALSE,TRUE,TRUE,FALSE,FALSE,0.02384717837216773,8479325,6,8
2021020224,267,even-strength,75,-22,FALSE,FALSE,TRUE,TRUE,TRUE,FALSE,0.04092803988162641,8475791,6,8
2021020224,268,even-strength,75,-14,FALSE,FALSE,TRUE,TRUE,FALSE,FALSE,0.05656819722879068,8477931,6,8
2021020224,270,even-strength,66,-20,FALSE,FALSE,TRUE,TRUE,TRUE,FALSE,0.03176684854854866,8479325,6,8
2021020224,272,even-strength,75,-26,FALSE,FALSE,TRUE,TRUE,TRUE,FALSE,0.02440317048312343,8479325,6,8
2021020224,273,even-strength,75,2,FALSE,FALSE,TRUE,TRUE,TRUE,FALSE,0.1252722142338761,8473419,6,8
2021020224,277,even-strength,50,-5,FALSE,FALSE,TRUE,TRUE,TRUE,FALSE,0.03878489741156041,8475791,6,8
2021020224,283,even-strength,68,9,FALSE,FALSE,TRUE,TRUE,TRUE,FALSE,0.06941643775860022,8478498,6,8
2021020224,284,even-strength,77,6,FALSE,TRUE,TRUE,TRUE,TRUE,FALSE,0.2235346902178925,8478498,6,8
2021020224,286,even-strength,81,-7,FALSE,FALSE,TRUE,TRUE,TRUE,FALSE,0.04148900296050032,8477931,6,8
2021020224,289,even-strength,59,-3,FALSE,FALSE,TRUE,TRUE,TRUE,FALSE,0.07310279319380748,8475791,6,8
2021020224,290,even-strength,82,2,FALSE,TRUE,TRUE,TRUE,TRUE,TRUE,0.29658376645765705,8479325,6,8
2021020224,291,even-strength,83,-20,FALSE,FALSE,TRUE,TRUE,TRUE,FALSE,0.02891479677333118,8475287,6,8
2021020224,293,even-strength,68,-25,FALSE,FALSE,TRUE,TRUE,TRUE,FALSE,0.0263273065060453,8473419,6,8
2021020224,296,even-strength,82,-4,FALSE,FALSE,TRUE,TRUE,TRUE,FALSE,0.10036229416014064,8475762,6,8
2021020224,414,even-strength,78,-11,FALSE,TRUE,TRUE,FALSE,FALSE,FALSE,0,8477931,6,8
2021020224,432,even-strength,46,-6,FALSE,FALSE,TRUE,FALSE,FALSE,FALSE,0,8477365,6,8
2021020224,452,even-strength,36,25,TRUE,FALSE,TRUE,TRUE,TRUE,FALSE,0.02151899656970098,8477365,6,8
2021020224,456,even-strength,87,12,FALSE,FALSE,TRUE,TRUE,TRUE,FALSE,0.04737148076073455,8477956,6,8
2021020224,458,even-strength,40,11,FALSE,FALSE,TRUE,TRUE,TRUE,FALSE,0.02053881087900717,8470638,6,8
2021020224,463,even-strength,69,-10,FALSE,FALSE,TRUE,TRUE,TRUE,FALSE,0.07732590568271885,8478498,6,8
2021020224,477,power-play,52,0,FALSE,FALSE,TRUE,TRUE,TRUE,FALSE,0.06271568528206922,8473419,6,8
2021020224,478,power-play,42,-11,FALSE,TRUE,TRUE,TRUE,TRUE,TRUE,0.11571945514208946,8479325,6,8
2021020224,481,even-strength,46,-12,FALSE,FALSE,TRUE,TRUE,TRUE,FALSE,0.03494953059373247,8479325,6,8
2021020224,485,even-strength,29,-22,FALSE,FALSE,TRUE,TRUE,TRUE,FALSE,0.010732693380025,8470638,6,8
2021020224,488,even-strength,60,-9,FALSE,FALSE,TRUE,TRUE,TRUE,FALSE,0.05065825577011368,8477956,6,8
2021020224,489,even-strength,75,2,FALSE,TRUE,TRUE,TRUE,TRUE,TRUE,0.22974235828542028,8475745,6,8
2021020224,494,even-strength,78,-4,TRUE,FALSE,TRUE,TRUE,TRUE,TRUE,0.16580788460724788,8475745,6,8
2021020224,752,even-strength,80,0,FALSE,FALSE,TRUE,TRUE,FALSE,FALSE,0.14995278417088265,8475745,6,8
2021020224,756,even-strength,40,-26,FALSE,FALSE,TRUE,TRUE,TRUE,FALSE,0.01361402276218058,8477365,6,8
2021020224,757,even-strength,40,4,FALSE,FALSE,TRUE,TRUE,TRUE,FALSE,0.02749215483569147,8478498,6,8
2021020249,415,even-strength,45,-25,FALSE,FALSE,TRUE,TRUE,TRUE,FALSE,0.01814077217492964,8475810,5,8
2021020249,419,even-strength,31,-8,FALSE,FALSE,TRUE,TRUE,TRUE,FALSE,0.01621105092454156,8477244,5,8
2021020249,425,even-strength,41,-34,FALSE,FALSE,TRUE,TRUE,TRUE,FALSE,0.01226143772137833,8471724,5,8
2021020249,430,even-strength,42,-20,FALSE,FALSE,TRUE,TRUE,TRUE,FALSE,0.01697683968786942,8470604,5,8
2021020249,433,even-strength,41,13,FALSE,FALSE,TRUE,TRUE,TRUE,FALSE,0.0259413659392676,8475208,5,8
2021020249,435,even-strength,75,1,FALSE,FALSE,TRUE,TRUE,TRUE,FALSE,0.08719592217624375,8470604,5,8
2021020249,438,even-strength,57,19,FALSE,FALSE,TRUE,TRUE,TRUE,FALSE,0.03433901256500758,8476875,5,8
2021020249,440,even-strength,56,-11,FALSE,FALSE,TRUE,FALSE,FALSE,FALSE,0,8478542,5,8
2021020249,441,even-strength,35,13,FALSE,FALSE,TRUE,TRUE,TRUE,FALSE,0.02299886076940907,8477969,5,8
2021020249,445,even-strength,39,-16,FALSE,FALSE,TRUE,FALSE,FALSE,FALSE,0,8477244,5,8
2021020249,446,even-strength,57,-9,TRUE,FALSE,TRUE,TRUE,TRUE,FALSE,0.09324226795673904,8477404,5,8
2021020249,447,even-strength,51,19,FALSE,FALSE,TRUE,TRUE,TRUE,FALSE,0.03538127330353666,8478046,5,8
2021020249,448,even-strength,89,20,FALSE,FALSE,TRUE,TRUE,FALSE,FALSE,0.06673401236329764,8478866,5,8
2021020249,449,even-strength,34,18,FALSE,FALSE,TRUE,TRUE,TRUE,FALSE,0.0125673642637854,8476875,5,8
2021020249,657,even-strength,61,-3,FALSE,FALSE,TRUE,FALSE,FALSE,FALSE,0,8478507,5,8
2021020249,660,even-strength,82,2,FALSE,FALSE,TRUE,TRUE,TRUE,TRUE,0.16561587935661903,8476927,5,8
2021020262,54,even-strength,80,13,FALSE,FALSE,TRUE,TRUE,TRUE,FALSE,0.04929386728988056,8475798,18,8
2021020262,55,even-strength,31,12,FALSE,FALSE,TRUE,TRUE,FALSE,FALSE,0.0144876015276692,8474600,18,8
2021020262,57,even-strength,45,-38,FALSE,FALSE,TRUE,TRUE,TRUE,FALSE,0.01147812039137112,8476988,18,8
2021020262,58,even-strength,40,38,FALSE,FALSE,TRUE,TRUE,TRUE,FALSE,0.00698793212885938,8474697,18,8
2021020262,61,even-strength,53,-33,FALSE,FALSE,TRUE,FALSE,FALSE,FALSE,0,8478851,18,8
2021020262,62,even-strength,78,0,FALSE,TRUE,TRUE,TRUE,TRUE,FALSE,0.2074884278111883,8475793,18,8
2021020262,63,even-strength,80,-2,FALSE,TRUE,TRUE,TRUE,TRUE,FALSE,0.24674253139428529,8475793,18,8
2021020262,70,even-strength,80,0,FALSE,FALSE,TRUE,TRUE,TRUE,FALSE,0.1104233945516131,8478508,18,8
2021020262,71,even-strength,78,0,FALSE,FALSE,TRUE,TRUE,FALSE,FALSE,0.09179790239454952,8478508,18,8
2021020262,74,even-strength,82,5,TRUE,FALSE,TRUE,TRUE,TRUE,FALSE,0.11186795057601544,8479316,18,8
2021020262,76,even-strength,69,-21,FALSE,FALSE,TRUE,FALSE,FALSE,FALSE,0,8478851,18,8
2021020262,79,even-strength,31,-14,FALSE,FALSE,TRUE,TRUE,TRUE,FALSE,0.02300553225563959,8476988,18,8
2021020262,88,even-strength,81,-1,FALSE,FALSE,TRUE,TRUE,TRUE,FALSE,0.13330664395397607,8475798,18,8
2021020262,90,even-strength,80,-18,FALSE,FALSE,TRUE,TRUE,FALSE,FALSE,0.03981566786243665,8475793,18,8
2021020262,91,even-strength,94,23,FALSE,FALSE,TRUE,TRUE,TRUE,FALSE,0.05391736451551784,8478508,18,8
2021020262,96,even-strength,81,-6,FALSE,FALSE,TRUE,TRUE,TRUE,FALSE,0.06998248360206519,8475168,18,8
2021020262,97,even-strength,91,17,FALSE,FALSE,TRUE,TRUE,TRUE,FALSE,0.05008605578211069,8475168,18,8
2021020262,99,even-strength,42,5,FALSE,FALSE,TRUE,TRUE,TRUE,FALSE,0.02804749045156034,8474600,18,8
2021020262,251,even-strength,39,-6,FALSE,FALSE,TRUE,TRUE,TRUE,FALSE,0.03306702533292623,8474600,18,8
2021020262,254,even-strength,62,0,FALSE,FALSE,TRUE,TRUE,FALSE,FALSE,0.07395616159856444,8480009,18,8
2021020262,255,even-strength,87,14,FALSE,FALSE,TRUE,TRUE,TRUE,FALSE,0.03309026635642957,8475798,18,8
2021020262,256,even-strength,31,-8,FALSE,FALSE,TRUE,TRUE,FALSE,FALSE,0.01829435915611516,8479371,18,8
2021020262,267,even-strength,31,33,FALSE,FALSE,TRUE,TRUE,FALSE,FALSE,0.01077535087532519,8475218,18,8
2021020262,269,even-strength,93,-15,FALSE,FALSE,TRUE,TRUE,TRUE,FALSE,0.05326929560298724,8481577,18,8
2021020262,270,even-strength,45,28,FALSE,FALSE,TRUE,FALSE,FALSE,FALSE,0,8474697,18,8
2021020262,273,even-strength,69,17,FALSE,FALSE,TRUE,FALSE,FALSE,FALSE,0,8479671,18,8
2021020262,278,even-strength,76,3,FALSE,FALSE,TRUE,TRUE,FALSE,FALSE,0.08461267843287879,8475798,18,8
2021020262,284,even-strength,78,0,FALSE,FALSE,TRUE,TRUE,TRUE,FALSE,0.1599491667400357,8479316,18,8
2021020262,288,even-strength,73,-22,FALSE,FALSE,TRUE,TRUE,FALSE,FALSE,0.03178790694463637,8481577,18,8
2021020262,289,even-strength,32,34,FALSE,TRUE,TRUE,TRUE,TRUE,FALSE,0.02739765543113563,8475218,18,8
2021020262,291,even-strength,68,-13,FALSE,FALSE,TRUE,TRUE,TRUE,FALSE,0.06245774524797299,8475168,18,8
2021020262,292,even-strength,81,-10,FALSE,FALSE,TRUE,TRUE,TRUE,FALSE,0.04653494356269371,8475793,18,8
2021020262,293,even-strength,77,-1,FALSE,TRUE,TRUE,TRUE,FALSE,FALSE,0.2562536549091739,8481577,18,8
2021020262,300,even-strength,61,8,FALSE,FALSE,TRUE,FALSE,FALSE,FALSE,0,8475218,18,8
2021020262,465,even-strength,76,-18,FALSE,FALSE,TRUE,TRUE,TRUE,FALSE,0.05789542335097786,8475793,18,8
2021020262,468,even-strength,-2,-39,FALSE,FALSE,TRUE,TRUE,TRUE,FALSE,0.00166180507432346,8479371,18,8
2021020262,469,even-strength,80,-5,FALSE,FALSE,TRUE,FALSE,FALSE,FALSE,0,8475168,18,8
2021020262,475,even-strength,36,-33,TRUE,FALSE,TRUE,TRUE,FALSE,FALSE,0.02038520952998664,8479371,18,8
2021020262,476,even-strength,85,-6,FALSE,FALSE,TRUE,TRUE,TRUE,FALSE,0.05296742072891313,8477446,18,8
2021020262,477,even-strength,30,35,FALSE,FALSE,TRUE,TRUE,TRUE,FALSE,0.0079073768503878,8474697,18,8
2021020262,479,even-strength,73,24,FALSE,FALSE,TRUE,TRUE,TRUE,FALSE,0.03389964971087707,8475218,18,8
2021020262,481,even-strength,56,25,FALSE,FALSE,TRUE,TRUE,TRUE,FALSE,0.0172662143420277,8478508,18,8
2021020262,486,even-strength,70,39,TRUE,FALSE,TRUE,TRUE,TRUE,FALSE,0.02803675421847195,8475218,18,8
2021020262,493,even-strength,69,40,FALSE,FALSE,TRUE,TRUE,FALSE,FALSE,0.00780502782645669,8474600,18,8
2021020262,494,even-strength,30,38,FALSE,FALSE,TRUE,TRUE,TRUE,FALSE,0.00511883269096825,8474600,18,8
2021020262,496,even-strength,67,-2,FALSE,FALSE,TRUE,FALSE,FALSE,FALSE,0,8478851,18,8
2021020262,500,power-play,66,-3,FALSE,FALSE,TRUE,TRUE,TRUE,TRUE,0.09879687463135804,8475168,18,8
2021020262,656,even-strength,55,36,FALSE,FALSE,TRUE,TRUE,TRUE,FALSE,0.01750641326657447,8476393,18,8
2021020262,658,even-strength,45,21,FALSE,FALSE,TRUE,FALSE,FALSE,FALSE,0,8474600,18,8
2021020262,662,even-strength,38,36,FALSE,FALSE,TRUE,TRUE,TRUE,FALSE,0.00899914717787804,8475218,18,8
2021020262,663,even-strength,45,-26,FALSE,FALSE,TRUE,FALSE,FALSE,FALSE,0,8478851,18,8
2021020262,665,power-play,69,0,FALSE,FALSE,TRUE,TRUE,TRUE,TRUE,0.10948385483151102,8475168,18,8
2021020262,666,even-strength,71,13,FALSE,FALSE,TRUE,TRUE,FALSE,FALSE,0.05441132350408635,8479316,18,8
2021020262,668,power-play,48,22,FALSE,FALSE,TRUE,TRUE,FALSE,FALSE,0.04996280282404911,8480009,18,8
2021020262,669,power-play,79,8,FALSE,FALSE,TRUE,FALSE,FALSE,FALSE,0,8475798,18,8
2021020262,670,power-play,70,27,FALSE,FALSE,TRUE,TRUE,FALSE,FALSE,0.06226194365670254,8475168,18,8
2021020262,671,power-play,49,7,FALSE,FALSE,TRUE,TRUE,TRUE,FALSE,0.06352233167556207,8480009,18,8
2021020262,673,even-strength,83,-17,FALSE,FALSE,TRUE,TRUE,TRUE,FALSE,0.04259585100420916,8480009,18,8
2021020262,674,even-strength,49,38,TRUE,FALSE,TRUE,TRUE,FALSE,FALSE,0.03360148479269671,8474600,18,8
2021020262,677,even-strength,77,3,FALSE,FALSE,TRUE,FALSE,FALSE,FALSE,0,8475798,18,8
2021020262,678,even-strength,74,-11,FALSE,TRUE,TRUE,TRUE,TRUE,TRUE,0.19602918702283936,8475168,18,8
2021020262,684,even-strength,81,-4,FALSE,FALSE,TRUE,TRUE,TRUE,FALSE,0.0930332763516146,8479661,18,8
2021020305,159,even-strength,52,15,FALSE,FALSE,TRUE,TRUE,TRUE,FALSE,0.02845002362094632,8479335,7,8
2021020305,160,even-strength,36,-35,FALSE,FALSE,TRUE,TRUE,TRUE,FALSE,0.00803981450610944,8476525,7,8
2021020305,161,even-strength,36,-14,FALSE,FALSE,TRUE,TRUE,TRUE,FALSE,0.01660777677869511,8476525,7,8
2021020305,165,even-strength,40,-30,FALSE,FALSE,TRUE,TRUE,FALSE,FALSE,0.01299993446739163,8475796,7,8
2021020305,166,even-strength,40,32,FALSE,FALSE,TRUE,TRUE,FALSE,FALSE,0.00870903863451663,8477401,7,8
2021020305,172,even-strength,64,-2,FALSE,FALSE,TRUE,TRUE,TRUE,TRUE,0.10884156509275018,8479420,7,8
2021020305,174,even-strength,54,15,FALSE,FALSE,TRUE,TRUE,TRUE,FALSE,0.06362884867562592,8479419,7,8
2021020305,176,even-strength,39,38,FALSE,FALSE,TRUE,TRUE,FALSE,FALSE,0.01048759089135073,8475796,7,8
2021020305,177,even-strength,70,11,FALSE,FALSE,TRUE,TRUE,FALSE,FALSE,0.04398521506452906,8476878,7,8
2021020305,179,even-strength,67,7,FALSE,FALSE,TRUE,FALSE,FALSE,FALSE,0,8477401,7,8
2021020305,182,even-strength,73,2,TRUE,FALSE,TRUE,TRUE,TRUE,FALSE,0.2123698012976143,8479419,7,8
2021020305,183,even-strength,33,-30,FALSE,FALSE,TRUE,TRUE,TRUE,FALSE,0.00897555697524311,8476525,7,8
2021020305,184,even-strength,46,27,FALSE,FALSE,TRUE,TRUE,TRUE,FALSE,0.01707504552119337,8476878,7,8
2021020305,185,even-strength,35,-35,FALSE,FALSE,TRUE,TRUE,TRUE,FALSE,0.0092396269680296,8476525,7,8
2021020305,188,even-strength,15,0,FALSE,FALSE,TRUE,TRUE,TRUE,FALSE,0.00862579063431657,8479335,7,8
2021020305,200,even-strength,57,5,FALSE,FALSE,TRUE,TRUE,FALSE,FALSE,0.04807563227751112,8476878,7,8
2021020305,302,even-strength,72,8,FALSE,FALSE,TRUE,TRUE,FALSE,FALSE,0.06609758345333824,8476878,7,8
2021020305,310,even-strength,63,-6,FALSE,FALSE,TRUE,FALSE,FALSE,FALSE,0,8479420,7,8
2021020305,312,even-strength,55,3,FALSE,FALSE,TRUE,FALSE,FALSE,FALSE,0,8476878,7,8
2021020305,313,even-strength,56,-6,FALSE,FALSE,TRUE,FALSE,FALSE,FALSE,0,8478075,7,8
2021020305,320,even-strength,39,15,FALSE,FALSE,TRUE,TRUE,FALSE,FALSE,0.01839119235762883,8479420,7,8
2021020305,321,even-strength,72,7,FALSE,FALSE,TRUE,TRUE,FALSE,FALSE,0.05988035888566571,8475784,7,8
2021020305,322,even-strength,49,-16,FALSE,FALSE,TRUE,TRUE,TRUE,FALSE,0.03234247601370988,8475236,7,8
2021020305,324,even-strength,38,11,TRUE,FALSE,TRUE,TRUE,TRUE,FALSE,0.03868133369829407,8477401,7,8
2021020305,325,even-strength,78,4,FALSE,FALSE,TRUE,FALSE,FALSE,FALSE,0,8477401,7,8
2021020305,330,even-strength,66,-19,FALSE,FALSE,TRUE,TRUE,FALSE,FALSE,0.03778691182416028,8479420,7,8
2021020305,332,even-strength,69,-2,FALSE,FALSE,TRUE,TRUE,TRUE,FALSE,0.13133523612959364,8478109,7,8
2021020305,333,even-strength,45,-30,FALSE,FALSE,TRUE,TRUE,TRUE,FALSE,0.01707313848326451,8480035,7,8
2021020305,334,even-strength,71,-3,FALSE,FALSE,TRUE,TRUE,TRUE,FALSE,0.07898476855057011,8473449,7,8
2021020305,340,even-strength,72,6,FALSE,FALSE,TRUE,FALSE,FALSE,FALSE,0,8478075,7,8
2021020305,341,even-strength,49,-21,FALSE,FALSE,TRUE,TRUE,FALSE,FALSE,0.01994656738121233,8479335,7,8
2021020305,342,even-strength,70,-8,FALSE,TRUE,TRUE,FALSE,FALSE,FALSE,0,8476525,7,8
2021020305,343,even-strength,78,-9,FALSE,FALSE,TRUE,TRUE,TRUE,TRUE,0.09763281101777722,8475236,7,8
2021020305,345,even-strength,67,13,FALSE,FALSE,TRUE,FALSE,FALSE,FALSE,0,8479420,7,8
2021020305,347,even-strength,49,5,FALSE,FALSE,TRUE,TRUE,TRUE,FALSE,0.03911944275240052,8479335,7,8
2021020305,349,even-strength,34,-33,FALSE,FALSE,TRUE,TRUE,TRUE,FALSE,0.01192584253336055,8480035,7,8
2021020305,350,even-strength,71,7,FALSE,FALSE,TRUE,TRUE,TRUE,FALSE,0.0746944389417842,8475784,7,8
2021020305,509,penalty-kill,78,1,TRUE,FALSE,TRUE,TRUE,TRUE,FALSE,0.4374897544515537,8476878,7,8
2021020305,510,penalty-kill,66,-6,FALSE,FALSE,TRUE,TRUE,TRUE,FALSE,0.08455427926335954,8473449,7,8
2021020305,511,penalty-kill,73,-2,FALSE,TRUE,TRUE,TRUE,TRUE,TRUE,0.16729254443087066,8473449,7,8
2021020305,514,even-strength,51,-18,FALSE,FALSE,TRUE,TRUE,FALSE,FALSE,0.02707124879793631,8479420,7,8
2021020305,517,power-play,69,2,FALSE,FALSE,TRUE,TRUE,TRUE,FALSE,0.09153915798993638,8479420,7,8
2021020305,519,power-play,72,25,FALSE,FALSE,TRUE,TRUE,TRUE,FALSE,0.07403997728620172,8479420,7,8
2021020305,520,power-play,83,7,FALSE,TRUE,TRUE,TRUE,TRUE,FALSE,0.26644638418859984,8481528,7,8
2021020305,522,power-play,49,10,FALSE,FALSE,TRUE,TRUE,FALSE,FALSE,0.0602947794734648,8478109,7,8
2021020305,523,power-play,57,33,FALSE,FALSE,TRUE,TRUE,TRUE,FALSE,0.04109609534576453,8476878,7,8
2021020305,534,even-strength,86,9,FALSE,FALSE,TRUE,TRUE,FALSE,FALSE,0.03396862771134706,8473449,7,8
2021020305,536,even-strength,32,36,FALSE,FALSE,TRUE,TRUE,TRUE,FALSE,0.00683237212634256,8473449,7,8
2021020305,540,even-strength,58,-2,FALSE,FALSE,TRUE,TRUE,TRUE,TRUE,0.05759668512836008,8479420,7,8
2021020305,542,even-strength,76,3,FALSE,FALSE,TRUE,TRUE,TRUE,FALSE,0.10992648357275872,8481528,7,8
2021020305,544,even-strength,75,0,FALSE,FALSE,TRUE,FALSE,FALSE,FALSE,0,8477401,7,8
2021020305,545,even-strength,40,-9,FALSE,FALSE,TRUE,TRUE,FALSE,FALSE,0.02742906712349603,8475236,7,8
2021020305,546,even-strength,50,17,FALSE,FALSE,TRUE,TRUE,FALSE,FALSE,0.02910266579099326,8475236,7,8
2021020305,547,even-strength,57,1,FALSE,FALSE,TRUE,TRUE,TRUE,FALSE,0.0579181443888636,8473449,7,8
2021020305,548,even-strength,70,5,FALSE,FALSE,TRUE,FALSE,FALSE,FALSE,0,8475796,7,8
2021020305,549,even-strength,73,3,FALSE,FALSE,TRUE,FALSE,FALSE,FALSE,0,8481528,7,8
2021020305,550,even-strength,53,6,FALSE,FALSE,TRUE,TRUE,FALSE,FALSE,0.06369594960344553,8476878,7,8
2021020305,702,even-strength,71,0,TRUE,FALSE,TRUE,TRUE,TRUE,FALSE,0.14866796071151164,8475236,7,8
2021020305,704,even-strength,62,-4,FALSE,FALSE,TRUE,TRUE,TRUE,FALSE,0.11736340871914036,8475784,7,8
2021020305,705,even-strength,77,0,FALSE,FALSE,TRUE,TRUE,TRUE,FALSE,0.13681990874975564,8475784,7,8
2021020305,706,even-strength,74,-4,FALSE,FALSE,TRUE,FALSE,FALSE,FALSE,0,8475784,7,8
2021020305,709,even-strength,81,-9,FALSE,FALSE,TRUE,TRUE,TRUE,FALSE,0.07103226463902841,8478109,7,8
2021020305,711,even-strength,20,9,FALSE,FALSE,TRUE,TRUE,TRUE,FALSE,0.00847848928952422,8477462,7,8
2021020305,715,even-strength,35,35,FALSE,FALSE,TRUE,TRUE,TRUE,FALSE,0.01713364295920339,8477462,7,8
2021020305,717,even-strength,39,35,TRUE,FALSE,TRUE,TRUE,FALSE,FALSE,0.0341070042750696,8480839,7,8
2021020305,718,even-strength,49,-14,FALSE,FALSE,TRUE,FALSE,FALSE,FALSE,0,8475796,7,8
2021020305,720,even-strength,-36,27,FALSE,FALSE,TRUE,TRUE,TRUE,FALSE,0.00133580857735829,8480839,7,8
2021020305,725,even-strength,39,-7,FALSE,FALSE,TRUE,TRUE,TRUE,FALSE,0.04131327362792118,8476525,7,8
2021020305,729,even-strength,86,-5,FALSE,FALSE,TRUE,TRUE,TRUE,FALSE,0.04884367661626853,8480196,7,8
2021020471,154,even-strength,56,35,FALSE,FALSE,TRUE,TRUE,TRUE,FALSE,0.01494276602984212,8479365,6,8
2021020471,155,even-strength,65,-5,TRUE,FALSE,TRUE,FALSE,FALSE,FALSE,0,8475762,6,8
2021020471,156,even-strength,76,11,TRUE,FALSE,TRUE,TRUE,FALSE,FALSE,0.0678514703362879,8475791,6,8
2021020471,157,even-strength,82,-36,FALSE,FALSE,TRUE,TRUE,TRUE,FALSE,0.01911644253220386,8475287,6,8
2021020471,158,even-strength,45,-31,FALSE,FALSE,TRUE,TRUE,FALSE,FALSE,0.01057450539088903,8473422,6,8
2021020471,159,even-strength,83,6,FALSE,FALSE,TRUE,TRUE,FALSE,FALSE,0.08241433634586073,8478498,6,8
2021020471,160,even-strength,47,-39,TRUE,FALSE,TRUE,TRUE,FALSE,FALSE,0.0281925110854254,8479325,6,8
2021020471,162,even-strength,62,-35,FALSE,FALSE,TRUE,FALSE,FALSE,FALSE,0,8479325,6,8
2021020471,163,even-strength,72,34,TRUE,FALSE,TRUE,TRUE,TRUE,FALSE,0.02757675276748335,8475791,6,8
2021020471,164,even-strength,82,5,FALSE,FALSE,TRUE,TRUE,TRUE,FALSE,0.04870813840256471,8475791,6,8
2021020471,165,power-play,70,22,FALSE,FALSE,TRUE,TRUE,FALSE,FALSE,0.07293707477068885,8475791,6,8
2021020471,168,even-strength,30,24,FALSE,FALSE,TRUE,TRUE,TRUE,FALSE,0.01259213081018609,8475762,6,8
2021020471,169,even-strength,30,36,FALSE,FALSE,TRUE,TRUE,TRUE,FALSE,0.00487996765139617,8475225,6,8
2021020471,170,even-strength,84,-7,FALSE,FALSE,TRUE,FALSE,FALSE,FALSE,0,8473422,6,8
2021020471,171,even-strength,76,-17,TRUE,FALSE,TRUE,TRUE,TRUE,FALSE,0.10177610751934908,8473419,6,8
2021020471,172,even-strength,87,7,FALSE,FALSE,TRUE,TRUE,TRUE,FALSE,0.03474679322561996,8479325,6,8
2021020471,174,even-strength,74,11,FALSE,FALSE,TRUE,TRUE,TRUE,FALSE,0.1066178810471378,8478443,6,8
2021020471,175,even-strength,69,22,FALSE,FALSE,TRUE,TRUE,TRUE,FALSE,0.06774790614494355,8476891,6,8
2021020471,177,even-strength,68,-10,TRUE,FALSE,TRUE,TRUE,TRUE,FALSE,0.08898992743801726,8473422,6,8
2021020471,178,even-strength,83,-1,FALSE,TRUE,TRUE,TRUE,TRUE,FALSE,0.29401461892556535,8477508,6,8
2021020471,180,even-strength,53,4,FALSE,FALSE,TRUE,TRUE,TRUE,FALSE,0.03625603633736945,8477931,6,8
2021020471,182,even-strength,78,6,FALSE,FALSE,TRUE,FALSE,FALSE,FALSE,0,8473419,6,8
2021020471,183,even-strength,43,29,FALSE,FALSE,TRUE,TRUE,TRUE,FALSE,0.01056118197837438,8470638,6,8
2021020471,184,even-strength,76,6,TRUE,FALSE,TRUE,TRUE,TRUE,FALSE,0.1804497933950082,8478498,6,8
2021020471,185,even-strength,83,-3,TRUE,TRUE,TRUE,TRUE,TRUE,TRUE,0.3240150974997936,8470638,6,8
2021020471,192,even-strength,76,0,FALSE,FALSE,TRUE,TRUE,TRUE,TRUE,0.3129722921914359,8475287,6,8
2021020471,199,even-strength,63,-25,FALSE,FALSE,TRUE,FALSE,FALSE,FALSE,0,8475225,6,8
2021020471,200,even-strength,78,8,FALSE,FALSE,TRUE,TRUE,TRUE,TRUE,0.06561496732769508,8475287,6,8
2021020471,451,even-strength,52,-29,FALSE,FALSE,TRUE,TRUE,FALSE,FALSE,0.02620334120120871,8477931,6,8
2021020471,453,even-strength,82,-9,FALSE,FALSE,TRUE,FALSE,FALSE,FALSE,0,8475287,6,8
2021020471,462,even-strength,80,-3,FALSE,FALSE,TRUE,TRUE,FALSE,FALSE,0.13695575158144166,8477508,6,8
2021020471,463,even-strength,74,-34,FALSE,FALSE,TRUE,TRUE,TRUE,FALSE,0.03259476879401944,8477365,6,8
2021020471,464,even-strength,9,38,FALSE,FALSE,TRUE,TRUE,TRUE,FALSE,0.00247412280204969,8479365,6,8
2021020471,466,even-strength,63,39,FALSE,FALSE,TRUE,TRUE,TRUE,FALSE,0.02146808794265131,8475791,6,8
2021020471,467,even-strength,79,7,FALSE,TRUE,TRUE,TRUE,TRUE,FALSE,0.19529478945784312,8477931,6,8
2021020471,468,even-strength,55,-18,TRUE,FALSE,TRUE,TRUE,TRUE,FALSE,0.04261890115432357,8477508,6,8
2021020471,469,even-strength,71,10,FALSE,FALSE,TRUE,FALSE,FALSE,FALSE,0,8476422,6,8
2021020471,470,even-strength,80,13,FALSE,FALSE,TRUE,FALSE,FALSE,FALSE,0,8476422,6,8
2021020471,472,even-strength,60,-19,FALSE,FALSE,TRUE,TRUE,TRUE,FALSE,0.039693000048078,8479325,6,8
2021020471,473,even-strength,60,-32,FALSE,FALSE,TRUE,TRUE,TRUE,FALSE,0.01870666366490029,8479325,6,8
2021020471,474,even-strength,79,-14,FALSE,FALSE,TRUE,TRUE,TRUE,FALSE,0.0445735203732871,8475745,6,8
2021020471,475,even-strength,85,-25,FALSE,FALSE,TRUE,TRUE,TRUE,FALSE,0.02997751573805996,8475791,6,8
2021020471,477,even-strength,68,24,FALSE,FALSE,TRUE,TRUE,TRUE,FALSE,0.03891550478271536,8478498,6,8
2021020471,478,even-strength,53,23,FALSE,FALSE,TRUE,TRUE,TRUE,FALSE,0.05005947222456741,8476422,6,8
2021020471,479,even-strength,44,9,FALSE,FALSE,TRUE,TRUE,TRUE,FALSE,0.04212003608817203,8475791,6,8
2021020471,480,even-strength,47,23,FALSE,FALSE,TRUE,TRUE,TRUE,TRUE,0.04096684055289417,8479325,6,8
2021020471,481,even-strength,-1,41,TRUE,FALSE,TRUE,TRUE,FALSE,FALSE,0.0023461557094033,8475762,6,8
2021020471,486,even-strength,52,21,FALSE,FALSE,TRUE,TRUE,TRUE,FALSE,0.02608433145453611,8473419,6,8
2021020471,487,even-strength,80,33,FALSE,FALSE,TRUE,TRUE,TRUE,FALSE,0.01999023692512667,8476422,6,8
2021020471,494,even-strength,61,-25,FALSE,FALSE,TRUE,TRUE,TRUE,FALSE,0.03318254032206291,8475287,6,8
2021020471,495,even-strength,59,16,FALSE,FALSE,TRUE,TRUE,FALSE,FALSE,0.03424790251807472,8475287,6,8
2021020471,496,even-strength,78,10,FALSE,FALSE,TRUE,TRUE,TRUE,FALSE,0.05252288873104362,8475745,6,8
2021020471,499,even-strength,73,17,FALSE,FALSE,TRUE,FALSE,FALSE,FALSE,0,8473422,6,8
2021020471,500,even-strength,31,-14,TRUE,FALSE,TRUE,TRUE,TRUE,FALSE,0.03176261326916371,8478443,6,8
2021020471,752,even-strength,47,31,FALSE,FALSE,TRUE,TRUE,TRUE,FALSE,0.01632197562725344,8479365,6,8
2021020471,755,even-strength,52,31,FALSE,FALSE,TRUE,TRUE,TRUE,FALSE,0.01720337889833646,8473422,6,8
2021020471,760,even-strength,49,-10,FALSE,FALSE,TRUE,TRUE,TRUE,FALSE,0.05286046541526519,8477508,6,8
2021020471,766,even-strength,60,5,FALSE,FALSE,TRUE,FALSE,FALSE,FALSE,0,8477508,6,8
2021020471,769,even-strength,57,0,FALSE,FALSE,TRUE,TRUE,TRUE,FALSE,0.06907376185804726,8478498,6,8
2021020471,770,even-strength,83,5,FALSE,FALSE,TRUE,TRUE,TRUE,FALSE,0.06195709887501417,8475791,6,8
2021020505,105,even-strength,73,-30,FALSE,FALSE,TRUE,TRUE,TRUE,FALSE,0.02383037304427448,8477380,3,8
2021020505,107,even-strength,52,1,FALSE,FALSE,TRUE,TRUE,TRUE,FALSE,0.07630136069569875,8478366,3,8
2021020505,108,even-strength,42,22,FALSE,FALSE,TRUE,TRUE,TRUE,FALSE,0.01683962739325368,8478366,3,8
2021020505,109,even-strength,67,23,FALSE,FALSE,TRUE,FALSE,FALSE,FALSE,0,8480078,3,8
2021020505,110,even-strength,53,36,FALSE,FALSE,TRUE,TRUE,TRUE,FALSE,0.01100999571120161,8480078,3,8
2021020505,111,even-strength,68,9,FALSE,FALSE,TRUE,TRUE,FALSE,FALSE,0.04870887810446711,8477380,3,8
2021020505,116,even-strength,86,-22,FALSE,FALSE,TRUE,TRUE,TRUE,FALSE,0.02777631949613438,8478211,3,8
2021020505,119,power-play,81,-3,FALSE,FALSE,TRUE,TRUE,TRUE,FALSE,0.10143884503309324,8480078,3,8
2021020505,121,even-strength,80,-2,FALSE,FALSE,TRUE,FALSE,FALSE,FALSE,0,8477380,3,8
2021020505,122,even-strength,82,4,FALSE,FALSE,TRUE,TRUE,TRUE,FALSE,0.06992879409398574,8475735,3,8
2021020505,123,even-strength,47,-20,FALSE,FALSE,TRUE,FALSE,FALSE,FALSE,0,8482073,3,8
2021020505,124,even-strength,70,7,TRUE,FALSE,TRUE,TRUE,TRUE,FALSE,0.1319821073786968,8478366,3,8
2021020505,129,even-strength,40,36,FALSE,FALSE,TRUE,TRUE,TRUE,FALSE,0.00842309457991932,8479291,3,8
2021020505,130,even-strength,85,6,FALSE,FALSE,TRUE,TRUE,TRUE,FALSE,0.06123647849937962,8479328,3,8
2021020505,135,even-strength,82,-3,FALSE,FALSE,TRUE,TRUE,TRUE,FALSE,0.1030193083799739,8481708,3,8
2021020505,136,even-strength,87,-9,FALSE,TRUE,TRUE,TRUE,TRUE,FALSE,0.12491326732682186,8482109,3,8
2021020505,137,even-strength,70,8,FALSE,FALSE,TRUE,FALSE,FALSE,FALSE,0,8482109,3,8
2021020505,139,even-strength,74,-14,FALSE,FALSE,TRUE,TRUE,TRUE,FALSE,0.05749943162351512,8475735,3,8
2021020505,140,even-strength,65,5,FALSE,FALSE,TRUE,TRUE,TRUE,TRUE,0.07458355206303534,8471817,3,8
2021020505,145,even-strength,32,22,FALSE,FALSE,TRUE,TRUE,FALSE,FALSE,0.01326486907990608,8475747,3,8
2021020505,146,even-strength,68,8,FALSE,FALSE,TRUE,FALSE,FALSE,FALSE,0,8478211,3,8
2021020505,148,even-strength,-86,34,FALSE,FALSE,TRUE,TRUE,TRUE,FALSE,1.2726177574482757e-4,8476458,3,8
2021020505,149,even-strength,67,25,FALSE,FALSE,TRUE,TRUE,TRUE,FALSE,0.02900837121083816,8482109,3,8
2021020505,402,even-strength,86,-5,FALSE,FALSE,TRUE,TRUE,TRUE,FALSE,0.11434813654150532,8479328,3,8
2021020505,403,even-strength,79,-1,FALSE,FALSE,TRUE,TRUE,TRUE,FALSE,0.21589132335655295,8478366,3,8
2021020505,404,even-strength,73,-21,FALSE,FALSE,TRUE,TRUE,TRUE,FALSE,0.06126180601341986,8476624,3,8
2021020505,406,even-strength,41,33,FALSE,FALSE,TRUE,TRUE,FALSE,FALSE,0.02707273972512397,8480817,3,8
2021020505,407,even-strength,43,-2,TRUE,FALSE,TRUE,TRUE,TRUE,FALSE,0.06795973079679316,8474027,3,8
2021020505,415,even-strength,81,31,FALSE,FALSE,TRUE,TRUE,FALSE,FALSE,0.02578376734228742,8478366,3,8
2021020505,417,even-strength,70,-12,FALSE,FALSE,TRUE,TRUE,TRUE,FALSE,0.05923610121320907,8477380,3,8
2021020505,418,even-strength,82,-6,FALSE,TRUE,TRUE,TRUE,TRUE,FALSE,0.19798966014662603,8477380,3,8
2021020505,421,even-strength,60,23,TRUE,FALSE,TRUE,TRUE,TRUE,TRUE,0.0642544052774227,8478366,3,8
2021020505,422,even-strength,50,-38,TRUE,FALSE,TRUE,TRUE,TRUE,FALSE,0.03233960198298719,8471817,3,8
2021020505,423,even-strength,71,-15,FALSE,FALSE,TRUE,TRUE,FALSE,FALSE,0.06244622476314254,8481708,3,8
2021020505,426,even-strength,39,22,FALSE,FALSE,TRUE,FALSE,FALSE,FALSE,0,8480817,3,8
2021020505,429,power-play,71,-1,FALSE,FALSE,TRUE,TRUE,FALSE,FALSE,0.14276372630749318,8476458,3,8
2021020505,430,power-play,82,-2,FALSE,FALSE,TRUE,TRUE,TRUE,FALSE,0.12444922322466402,8479328,3,8
2021020505,431,power-play,71,-6,FALSE,FALSE,TRUE,TRUE,FALSE,FALSE,0.14123893460526035,8480078,3,8
2021020505,432,power-play,64,24,FALSE,FALSE,TRUE,TRUE,FALSE,FALSE,0.06632356436990393,8480817,3,8
2021020505,433,even-strength,60,3,FALSE,FALSE,TRUE,FALSE,FALSE,FALSE,0,8475735,3,8
2021020505,442,penalty-kill,52,-13,FALSE,FALSE,TRUE,TRUE,TRUE,TRUE,0.05698566641894681,8476458,3,8
2021020505,444,even-strength,74,22,FALSE,FALSE,TRUE,FALSE,FALSE,FALSE,0,8481554,3,8
2021020505,445,even-strength,76,-1,FALSE,FALSE,TRUE,FALSE,FALSE,FALSE,0,8480817,3,8
2021020505,446,even-strength,80,-3,FALSE,TRUE,TRUE,FALSE,FALSE,FALSE,0,8482109,3,8
2021020505,447,even-strength,65,17,FALSE,FALSE,TRUE,TRUE,TRUE,FALSE,0.06518585631028401,8480078,3,8
2021020505,448,even-strength,81,4,FALSE,FALSE,TRUE,FALSE,FALSE,FALSE,0,8481708,3,8
2021020505,802,even-strength,76,28,FALSE,FALSE,TRUE,TRUE,FALSE,FALSE,0.04708351513376725,8481708,3,8
2021020537,57,even-strength,65,-34,FALSE,FALSE,TRUE,TRUE,TRUE,FALSE,0.02051834202270702,8480863,14,8
2021020537,59,even-strength,62,-12,TRUE,FALSE,TRUE,FALSE,FALSE,FALSE,0,8478010,14,8
2021020537,65,even-strength,79,5,FALSE,FALSE,TRUE,FALSE,FALSE,FALSE,0,8474062,14,8
2021020537,66,even-strength,66,1,FALSE,FALSE,TRUE,TRUE,FALSE,FALSE,0.08299317223946795,8478010,14,8
2021020537,72,penalty-kill,79,5,FALSE,FALSE,TRUE,FALSE,FALSE,FALSE,0,8474567,14,8
2021020537,74,penalty-kill,75,2,FALSE,FALSE,TRUE,TRUE,FALSE,FALSE,0.05225729510894877,8475167,14,8
2021020537,75,penalty-kill,79,28,FALSE,FALSE,TRUE,TRUE,TRUE,FALSE,0.0124717593001817,8475167,14,8
2021020537,80,even-strength,82,-5,FALSE,FALSE,TRUE,TRUE,TRUE,FALSE,0.0851553249245801,8479525,14,8
2021020537,85,even-strength,73,0,FALSE,FALSE,TRUE,TRUE,TRUE,TRUE,0.13123546728695276,8478010,14,8
2021020537,87,even-strength,81,0,FALSE,FALSE,TRUE,TRUE,TRUE,FALSE,0.17896542413668506,8474564,14,8
2021020537,88,even-strength,50,-24,FALSE,FALSE,TRUE,TRUE,TRUE,FALSE,0.02273884775965214,8480172,14,8
2021020537,91,even-strength,50,-2,FALSE,FALSE,TRUE,FALSE,FALSE,FALSE,0,8475167,14,8
2021020537,93,even-strength,81,-8,FALSE,FALSE,TRUE,TRUE,TRUE,TRUE,0.11379830428681792,8478010,14,8
2021020537,97,even-strength,78,-22,FALSE,FALSE,TRUE,TRUE,TRUE,FALSE,0.03952177817696875,8474564,14,8
2021020537,98,even-strength,53,-23,FALSE,FALSE,TRUE,TRUE,FALSE,FALSE,0.041227149683144,8476292,14,8
2021020537,351,even-strength,82,8,FALSE,FALSE,TRUE,TRUE,TRUE,FALSE,0.08608830648147524,8478010,14,8
2021020537,354,even-strength,79,16,FALSE,FALSE,TRUE,TRUE,TRUE,FALSE,0.0746410580871016,8473986,14,8
2021020537,356,even-strength,77,5,FALSE,FALSE,TRUE,FALSE,FALSE,FALSE,0,8474034,14,8
2021020537,360,even-strength,75,-9,FALSE,FALSE,TRUE,FALSE,FALSE,FALSE,0,8476292,14,8
2021020537,367,even-strength,58,-17,FALSE,FALSE,TRUE,TRUE,TRUE,FALSE,0.03422853052720413,8479383,14,8
2021020537,369,even-strength,77,-6,FALSE,FALSE,TRUE,TRUE,FALSE,FALSE,0.08541494269123788,8478472,14,8
2021020537,372,power-play,72,-7,FALSE,FALSE,TRUE,FALSE,FALSE,FALSE,0,8478010,14,8
2021020537,374,even-strength,44,16,FALSE,FALSE,TRUE,TRUE,TRUE,FALSE,0.03668770150582145,8474034,14,8
2021020537,378,power-play,51,4,FALSE,FALSE,TRUE,FALSE,FALSE,FALSE,0,8475167,14,8
2021020537,379,power-play,44,-28,FALSE,FALSE,TRUE,TRUE,FALSE,FALSE,0.0348872578827547,8475167,14,8
2021020537,380,power-play,74,27,FALSE,FALSE,TRUE,TRUE,TRUE,FALSE,0.14710265677237427,8474564,14,8
2021020537,381,power-play,75,-27,FALSE,FALSE,TRUE,TRUE,TRUE,FALSE,0.0790769919408413,8479525,14,8
2021020537,383,power-play,75,-6,FALSE,FALSE,TRUE,FALSE,FALSE,FALSE,0,8479525,14,8
2021020537,384,power-play,68,29,FALSE,FALSE,TRUE,TRUE,TRUE,FALSE,0.06892195473756003,8474564,14,8
2021020537,385,even-strength,67,-24,FALSE,FALSE,TRUE,TRUE,TRUE,TRUE,0.04549027821624227,8479525,14,8
2021020537,391,penalty-kill,77,0,FALSE,FALSE,TRUE,TRUE,TRUE,FALSE,0.1826011802647917,8473986,14,8
2021020537,400,penalty-kill,83,4,FALSE,FALSE,TRUE,TRUE,TRUE,FALSE,0.1830984670653525,8473986,14,8
2021020537,501,even-strength,72,2,FALSE,FALSE,TRUE,TRUE,TRUE,FALSE,0.07367048513544726,8479383,14,8
2021020537,503,even-strength,80,-10,FALSE,FALSE,TRUE,TRUE,FALSE,FALSE,0.07753480934988739,8478010,14,8
2021020537,505,power-play,60,28,FALSE,FALSE,TRUE,TRUE,FALSE,FALSE,0.07381699941114438,8474564,14,8
2021020537,507,power-play,34,4,FALSE,FALSE,TRUE,TRUE,FALSE,FALSE,0.03232416905820325,8475167,14,8
2021020537,510,power-play,74,-16,FALSE,FALSE,TRUE,TRUE,FALSE,FALSE,0.11993959323547496,8470621,14,8
2021020537,511,power-play,78,-26,FALSE,FALSE,TRUE,TRUE,TRUE,FALSE,0.09809514992689287,8479525,14,8
2021020537,512,power-play,76,5,FALSE,FALSE,TRUE,TRUE,TRUE,FALSE,0.12027543190571356,8470621,14,8
2021020537,513,power-play,47,7,FALSE,TRUE,TRUE,TRUE,TRUE,FALSE,0.08478781766154152,8474151,14,8
2021020537,515,power-play,57,6,FALSE,FALSE,TRUE,TRUE,TRUE,FALSE,0.09332824061086088,8476292,14,8
2021020537,516,power-play,76,-10,FALSE,FALSE,TRUE,FALSE,FALSE,FALSE,0,8473986,14,8
2021020537,517,power-play,78,-19,FALSE,FALSE,TRUE,TRUE,TRUE,FALSE,0.08177106961317869,8476292,14,8
2021020537,518,power-play,41,-3,FALSE,TRUE,TRUE,TRUE,TRUE,FALSE,0.08360787127439503,8475167,14,8
2021020537,519,power-play,68,-14,FALSE,FALSE,TRUE,TRUE,TRUE,FALSE,0.0832644417944432,8478010,14,8
2021020537,521,power-play,58,26,FALSE,FALSE,TRUE,TRUE,TRUE,FALSE,0.07859353367590466,8474564,14,8
2021020537,531,even-strength,60,15,FALSE,FALSE,TRUE,TRUE,FALSE,FALSE,0.04621066490896863,8478010,14,8
2021020537,532,even-strength,75,-20,FALSE,FALSE,TRUE,TRUE,TRUE,FALSE,0.03355990431593983,8470621,14,8
2021020537,549,even-strength,62,23,FALSE,FALSE,TRUE,TRUE,FALSE,FALSE,0.03682905005287828,8474062,14,8
2021020537,550,even-strength,56,-21,FALSE,FALSE,TRUE,TRUE,TRUE,FALSE,0.02756864545379959,8478010,14,8
2021020537,652,even-strength,70,1,FALSE,FALSE,TRUE,FALSE,FALSE,FALSE,0,8476292,14,8
2021020537,654,even-strength,80,-2,FALSE,FALSE,TRUE,FALSE,FALSE,FALSE,0,8480172,14,8
2021020537,655,even-strength,68,-19,FALSE,FALSE,TRUE,TRUE,TRUE,FALSE,0.06452390706401978,8479525,14,8
2021020537,661,even-strength,79,1,FALSE,FALSE,TRUE,TRUE,TRUE,FALSE,0.1414427683619208,8478010,14,8
2021020537,663,even-strength,72,27,FALSE,FALSE,TRUE,TRUE,TRUE,FALSE,0.04163336514864813,8475167,14,8
2021020537,670,even-strength,65,10,FALSE,FALSE,TRUE,TRUE,TRUE,FALSE,0.06902091254795856,8476292,14,8
2021020537,671,even-strength,80,-4,FALSE,TRUE,TRUE,TRUE,FALSE,FALSE,0.307420253805064,8476292,14,8
2021020537,673,even-strength,82,15,FALSE,FALSE,TRUE,TRUE,TRUE,FALSE,0.11289495513680328,8474564,14,8
2021020537,674,even-strength,79,1,FALSE,FALSE,TRUE,FALSE,FALSE,FALSE,0,8475167,14,8
2021020537,675,even-strength,78,1,FALSE,FALSE,TRUE,FALSE,FALSE,FALSE,0,8474564,14,8
2021020537,676,even-strength,79,5,FALSE,FALSE,TRUE,TRUE,FALSE,FALSE,0.09141480012701554,8478010,14,8
2021020537,677,even-strength,80,0,FALSE,TRUE,TRUE,TRUE,TRUE,TRUE,0.24952057934028035,8470621,14,8
2021020537,683,even-strength,82,-6,FALSE,FALSE,TRUE,TRUE,TRUE,FALSE,0.1376811222799199,8475167,14,8
2021020537,685,even-strength,78,-9,FALSE,FALSE,TRUE,TRUE,TRUE,TRUE,0.1754319036373597,8476292,14,8
2021020554,21,power-play,81,1,FALSE,TRUE,TRUE,TRUE,TRUE,TRUE,0.25989600268442514,8475799,12,8
2021020554,25,penalty-kill,71,-8,FALSE,FALSE,TRUE,TRUE,TRUE,TRUE,0.15207275950523888,8476882,12,8
2021020554,302,even-strength,44,32,FALSE,FALSE,TRUE,TRUE,TRUE,FALSE,0.01277828552089084,8476958,12,8
2021020554,303,even-strength,76,-4,FALSE,FALSE,TRUE,FALSE,FALSE,FALSE,0,8475855,12,8
2021020554,304,even-strength,43,29,FALSE,FALSE,TRUE,TRUE,FALSE,FALSE,0.01642406847901138,8476869,12,8
2021020554,305,even-strength,59,-13,FALSE,FALSE,TRUE,TRUE,TRUE,FALSE,0.05987918790355738,8480039,12,8
2021020554,306,even-strength,74,-4,FALSE,FALSE,TRUE,FALSE,FALSE,FALSE,0,8480039,12,8
2021020554,307,power-play,64,23,FALSE,FALSE,TRUE,TRUE,TRUE,FALSE,0.06438659176107028,8478427,12,8
2021020554,308,power-play,74,16,FALSE,FALSE,TRUE,FALSE,FALSE,FALSE,0,8478427,12,8
2021020554,309,power-play,51,-29,FALSE,FALSE,TRUE,TRUE,TRUE,FALSE,0.0497650184192704,8476882,12,8
2021020554,310,power-play,75,12,TRUE,FALSE,TRUE,FALSE,FALSE,FALSE,0,8480039,12,8
2021020554,311,power-play,62,2,FALSE,FALSE,TRUE,TRUE,TRUE,FALSE,0.07297479450354455,8480829,12,8
2021020554,312,even-strength,45,28,FALSE,FALSE,TRUE,TRUE,FALSE,FALSE,0.01502135332927652,8474013,12,8
2021020554,314,even-strength,39,-31,FALSE,FALSE,TRUE,TRUE,FALSE,FALSE,0.01863007965705843,8480830,12,8
2021020554,315,penalty-kill,-25,37,FALSE,FALSE,TRUE,TRUE,TRUE,FALSE,0.00160118042741517,8476958,12,8
2021020554,316,even-strength,44,-27,FALSE,FALSE,TRUE,TRUE,TRUE,FALSE,0.01688380863854599,8477950,12,8
2021020554,317,power-play,71,2,FALSE,FALSE,TRUE,TRUE,FALSE,FALSE,0.18437621722911535,8478427,12,8
2021020554,318,power-play,73,21,FALSE,FALSE,TRUE,TRUE,TRUE,FALSE,0.10538000832606044,8480039,12,8
2021020554,319,power-play,53,-18,FALSE,FALSE,TRUE,TRUE,TRUE,FALSE,0.04931779489246898,8480039,12,8
2021020554,320,power-play,65,2,FALSE,TRUE,TRUE,FALSE,FALSE,FALSE,0,8478427,12,8
2021020554,321,even-strength,50,-10,FALSE,FALSE,TRUE,TRUE,TRUE,FALSE,0.03851869992747513,8475799,12,8
2021020554,322,even-strength,39,-20,FALSE,FALSE,TRUE,TRUE,TRUE,FALSE,0.0122929198267748,8477488,12,8
2021020554,323,even-strength,42,29,FALSE,FALSE,TRUE,TRUE,FALSE,FALSE,0.01099398176128215,8478451,12,8
2021020554,324,even-strength,88,-11,FALSE,FALSE,TRUE,TRUE,TRUE,FALSE,0.04054038257444831,8478904,12,8
2021020554,325,even-strength,60,-4,FALSE,FALSE,TRUE,FALSE,FALSE,FALSE,0,8478451,12,8
2021020554,326,even-strength,70,9,FALSE,FALSE,TRUE,FALSE,FALSE,FALSE,0,8480039,12,8
2021020554,327,even-strength,38,27,FALSE,FALSE,TRUE,TRUE,TRUE,FALSE,0.01102879234315323,8480039,12,8
2021020554,328,even-strength,46,-29,FALSE,FALSE,TRUE,TRUE,TRUE,FALSE,0.02378693463840037,8475855,12,8
2021020554,329,even-strength,45,32,FALSE,FALSE,TRUE,TRUE,TRUE,FALSE,0.00980087768386821,8474013,12,8
2021020554,330,even-strength,76,2,FALSE,FALSE,TRUE,TRUE,TRUE,FALSE,0.13835269018126006,8478427,12,8
2021020554,331,power-play,61,-27,FALSE,FALSE,TRUE,TRUE,FALSE,FALSE,0.05785986003269869,8476882,12,8
2021020554,332,power-play,58,31,FALSE,FALSE,TRUE,TRUE,TRUE,FALSE,0.05906518682296326,8476882,12,8
2021020554,333,power-play,69,4,FALSE,FALSE,TRUE,FALSE,FALSE,FALSE,0,8480829,12,8
2021020554,334,even-strength,68,6,FALSE,FALSE,TRUE,TRUE,TRUE,FALSE,0.07539018654181742,8478904,12,8
2021020554,335,even-strength,85,-8,FALSE,FALSE,TRUE,TRUE,TRUE,FALSE,0.06194776378598205,8478427,12,8
2021020554,336,even-strength,56,20,FALSE,TRUE,TRUE,TRUE,TRUE,FALSE,0.08699422107632818,8476882,12,8
2021020554,337,even-strength,-63,9,TRUE,FALSE,TRUE,TRUE,TRUE,FALSE,5.993980138870764e-4,8480830,12,8
2021020554,338,even-strength,-70,2,FALSE,FALSE,TRUE,FALSE,FALSE,FALSE,0,8476869,12,8
2021020554,339,power-play,45,16,FALSE,FALSE,TRUE,TRUE,TRUE,FALSE,0.04171648646401733,8477950,12,8
2021020554,340,power-play,79,-9,FALSE,FALSE,TRUE,TRUE,TRUE,FALSE,0.13647414455365064,8476882,12,8
2021020554,341,even-strength,41,32,FALSE,FALSE,TRUE,TRUE,FALSE,FALSE,0.0105933075662457,8474013,12,8
2021020554,342,even-strength,75,7,FALSE,FALSE,TRUE,FALSE,FALSE,FALSE,0,8476958,12,8
2021020554,343,even-strength,56,-15,FALSE,FALSE,TRUE,TRUE,FALSE,FALSE,0.04022546413976891,8480829,12,8
2021020554,344,even-strength,30,-24,FALSE,FALSE,TRUE,TRUE,TRUE,FALSE,0.01528787273273304,8477488,12,8
2021020554,345,even-strength,43,24,FALSE,FALSE,TRUE,TRUE,TRUE,FALSE,0.01552323491265909,8476869,12,8
2021020554,346,even-strength,65,-20,FALSE,FALSE,TRUE,TRUE,TRUE,FALSE,0.03661078352508685,8474613,12,8
2021020554,347,even-strength,67,-4,FALSE,FALSE,TRUE,TRUE,TRUE,FALSE,0.06812526882065971,8480829,12,8
2021020554,348,even-strength,61,-17,FALSE,FALSE,TRUE,TRUE,FALSE,FALSE,0.04682856570009294,8482093,12,8
2021020554,349,even-strength,89,-22,FALSE,FALSE,TRUE,TRUE,TRUE,FALSE,0.05639290829934404,8480829,12,8
2021020554,350,even-strength,72,9,FALSE,FALSE,TRUE,FALSE,FALSE,FALSE,0,8482093,12,8
2021020554,452,power-play,69,-19,FALSE,FALSE,TRUE,TRUE,TRUE,TRUE,0.0780249262469876,8476882,12,8
2021020554,468,power-play,67,-11,FALSE,FALSE,TRUE,TRUE,TRUE,TRUE,0.12936271557735882,8482093,12,8
2021020554,651,even-strength,61,-30,TRUE,FALSE,TRUE,TRUE,TRUE,FALSE,0.02878442678121138,8478451,12,8
2021020554,652,even-strength,54,-1,FALSE,FALSE,TRUE,FALSE,FALSE,FALSE,0,8477488,12,8
2021020554,654,even-strength,38,-36,TRUE,FALSE,TRUE,TRUE,TRUE,FALSE,0.026060707954068,8477488,12,8
2021020554,655,even-strength,56,15,FALSE,FALSE,TRUE,FALSE,FALSE,FALSE,0,8476869,12,8
2021020554,656,even-strength,64,-19,FALSE,FALSE,TRUE,TRUE,TRUE,FALSE,0.03875675234010733,8478451,12,8
2021020554,657,even-strength,81,6,FALSE,FALSE,TRUE,FALSE,FALSE,FALSE,0,8475799,12,8
2021020554,658,even-strength,38,-32,FALSE,FALSE,TRUE,TRUE,TRUE,FALSE,0.01432807283075158,8477950,12,8
2021020554,659,penalty-kill,41,-23,FALSE,FALSE,TRUE,TRUE,FALSE,FALSE,0.01751368195746906,8473533,12,8
2021020554,660,even-strength,43,27,FALSE,FALSE,TRUE,TRUE,TRUE,FALSE,0.02735367375602009,8474013,12,8
2021020554,661,even-strength,46,25,FALSE,FALSE,TRUE,TRUE,TRUE,FALSE,0.02267805531229544,8474013,12,8
2021020554,662,even-strength,35,-6,FALSE,FALSE,TRUE,TRUE,FALSE,FALSE,0.02755997407345411,8474013,12,8
2021020554,663,even-strength,70,18,FALSE,FALSE,TRUE,TRUE,FALSE,FALSE,0.05227398579905769,8473533,12,8
2021020568,53,even-strength,81,4,FALSE,FALSE,TRUE,TRUE,TRUE,TRUE,0.1911801569771557,8477935,13,8
2021020568,55,even-strength,69,4,FALSE,FALSE,TRUE,TRUE,TRUE,FALSE,0.08498585931800248,8479523,13,8
2021020568,56,even-strength,73,-15,FALSE,FALSE,TRUE,FALSE,FALSE,FALSE,0,8475462,13,8
2021020568,64,even-strength,79,5,FALSE,FALSE,TRUE,TRUE,TRUE,FALSE,0.0925809807345658,8479553,13,8
2021020568,67,even-strength,74,5,FALSE,FALSE,TRUE,TRUE,TRUE,FALSE,0.10379000992744088,8480015,13,8
2021020568,68,even-strength,79,-7,FALSE,TRUE,TRUE,TRUE,TRUE,FALSE,0.20852454174837967,8480015,13,8
2021020568,75,even-strength,69,-8,FALSE,FALSE,TRUE,TRUE,TRUE,FALSE,0.06022976242491091,8482113,13,8
2021020568,76,even-strength,77,-10,TRUE,FALSE,TRUE,FALSE,FALSE,FALSE,0,8478055,13,8
2021020568,77,even-strength,57,19,FALSE,FALSE,TRUE,TRUE,TRUE,FALSE,0.03289479751270235,8477935,13,8
2021020568,81,even-strength,48,-12,FALSE,FALSE,TRUE,TRUE,FALSE,FALSE,0.04206784351478757,8477986,13,8
2021020568,82,even-strength,77,-9,FALSE,FALSE,TRUE,FALSE,FALSE,FALSE,0,8482113,13,8
2021020568,83,even-strength,55,-31,TRUE,TRUE,TRUE,TRUE,TRUE,FALSE,0.07128953432524103,8477986,13,8
2021020568,84,even-strength,74,5,FALSE,FALSE,TRUE,FALSE,FALSE,FALSE,0,8471887,13,8
2021020568,96,penalty-kill,48,-13,FALSE,FALSE,TRUE,TRUE,FALSE,FALSE,0.03475593508611738,8482113,13,8
2021020568,97,even-strength,73,-9,FALSE,FALSE,TRUE,TRUE,TRUE,FALSE,0.09932236783679546,8477935,13,8
2021020568,254,even-strength,76,6,FALSE,FALSE,TRUE,TRUE,TRUE,FALSE,0.09199245959091024,8476456,13,8
2021020568,302,even-strength,28,-15,FALSE,FALSE,TRUE,TRUE,TRUE,FALSE,0.00919989107535651,8482113,13,8
2021020568,305,even-strength,57,-21,FALSE,FALSE,TRUE,TRUE,TRUE,FALSE,0.03093375522511996,8478055,13,8
2021020568,306,even-strength,78,3,FALSE,FALSE,TRUE,TRUE,TRUE,FALSE,0.11549289659301648,8477409,13,8
2021020568,308,even-strength,68,16,FALSE,FALSE,TRUE,FALSE,FALSE,FALSE,0,8477346,13,8
2021020568,310,even-strength,76,-9,FALSE,FALSE,TRUE,TRUE,TRUE,FALSE,0.05326521375063532,8471887,13,8
2021020568,313,even-strength,54,-19,FALSE,FALSE,TRUE,TRUE,TRUE,FALSE,0.03237946648990771,8478366,13,8
2021020568,315,even-strength,64,11,FALSE,FALSE,TRUE,TRUE,TRUE,FALSE,0.08182817769681731,8478055,13,8
2021020568,320,even-strength,72,9,FALSE,FALSE,TRUE,TRUE,TRUE,FALSE,0.07032088038749403,8477493,13,8
2021020568,322,even-strength,79,-8,FALSE,FALSE,TRUE,TRUE,TRUE,FALSE,0.06311558995999286,8477409,13,8
2021020568,327,even-strength,37,31,FALSE,FALSE,TRUE,TRUE,TRUE,FALSE,0.01254809845687546,8477346,13,8
2021020568,332,power-play,53,9,FALSE,FALSE,TRUE,TRUE,FALSE,FALSE,0.0861803273211898,8482113,13,8
2021020568,333,power-play,69,-4,FALSE,FALSE,TRUE,TRUE,TRUE,FALSE,0.09884204279539675,8471887,13,8
2021020568,334,even-strength,60,-3,FALSE,FALSE,TRUE,FALSE,FALSE,FALSE,0,8477935,13,8
2021020568,335,even-strength,70,-15,FALSE,TRUE,TRUE,FALSE,FALSE,FALSE,0,8477935,13,8
2021020568,336,even-strength,52,-15,FALSE,TRUE,TRUE,TRUE,TRUE,FALSE,0.08291558510886962,8477935,13,8
2021020568,338,even-strength,59,11,FALSE,FALSE,TRUE,TRUE,TRUE,FALSE,0.03974749229410971,8478055,13,8
2021020568,340,even-strength,62,11,FALSE,FALSE,TRUE,TRUE,FALSE,FALSE,0.06165082317690586,8478366,13,8
2021020568,341,even-strength,74,-1,FALSE,TRUE,TRUE,TRUE,TRUE,FALSE,0.3839450627556256,8477933,13,8
2021020568,343,power-play,68,6,FALSE,FALSE,TRUE,TRUE,FALSE,FALSE,0.09204103556104652,8477933,13,8
2021020568,350,even-strength,46,18,FALSE,FALSE,TRUE,TRUE,TRUE,FALSE,0.02907531018730741,8477407,13,8
2021020568,503,even-strength,57,-1,FALSE,FALSE,TRUE,FALSE,FALSE,FALSE,0,8478055,13,8
2021020568,504,even-strength,41,32,FALSE,FALSE,TRUE,TRUE,TRUE,FALSE,0.0181652681692476,8478366,13,8
2021020568,507,even-strength,76,-5,FALSE,FALSE,TRUE,TRUE,FALSE,FALSE,0.1057588913790866,8477407,13,8
2021020568,509,power-play,64,13,FALSE,FALSE,TRUE,FALSE,FALSE,FALSE,0,8477493,13,8
2021020568,510,power-play,48,0,FALSE,FALSE,TRUE,TRUE,TRUE,FALSE,0.04638576888759431,8477932,13,8
2021020568,511,power-play,73,2,FALSE,FALSE,TRUE,TRUE,TRUE,FALSE,0.10125101128029126,8477407,13,8
2021020568,512,power-play,79,-4,FALSE,FALSE,TRUE,TRUE,TRUE,FALSE,0.12666402347302289,8477933,13,8
2021020568,513,power-play,78,-11,FALSE,FALSE,TRUE,TRUE,TRUE,TRUE,0.1070827979993224,8477493,13,8
2021020568,516,even-strength,72,0,FALSE,FALSE,TRUE,TRUE,TRUE,FALSE,0.1305190940152258,8479553,13,8
2021020568,517,even-strength,81,-2,FALSE,TRUE,TRUE,TRUE,TRUE,FALSE,0.2800180264047676,8477409,13,8
2021020568,518,even-strength,76,0,FALSE,TRUE,TRUE,TRUE,TRUE,FALSE,0.26986264056554105,8477935,13,8
2021020568,520,even-strength,72,5,FALSE,FALSE,TRUE,TRUE,FALSE,FALSE,0.09078067766635456,8477409,13,8
2021020568,524,even-strength,81,-1,FALSE,FALSE,TRUE,TRUE,TRUE,TRUE,0.18409810048609196,8478366,13,8
2021020568,528,power-play,74,-22,FALSE,FALSE,TRUE,TRUE,TRUE,FALSE,0.0718941386095477,8477493,13,8
2021020568,531,power-play,62,24,FALSE,FALSE,TRUE,TRUE,TRUE,FALSE,0.04459810030053701,8476456,13,8
2021020568,532,power-play,59,5,FALSE,FALSE,TRUE,TRUE,TRUE,FALSE,0.06692185442286472,8476456,13,8
2021020568,535,even-strength,76,4,FALSE,FALSE,TRUE,TRUE,TRUE,TRUE,0.1273851675529616,8477935,13,8
2021020568,540,even-strength,72,15,FALSE,FALSE,TRUE,FALSE,FALSE,FALSE,0,8477935,13,8
2021020568,544,power-play,52,-27,FALSE,FALSE,TRUE,TRUE,TRUE,FALSE,0.0391382629364654,8477935,13,8
2021020568,703,even-strength,40,31,FALSE,FALSE,TRUE,TRUE,FALSE,FALSE,0.0227041341124013,8477409,13,8
2021020568,704,even-strength,68,-17,FALSE,FALSE,TRUE,FALSE,FALSE,FALSE,0,8477346,13,8
2021020568,706,even-strength,71,0,FALSE,FALSE,TRUE,TRUE,FALSE,FALSE,0.15796105701127147,8477407,13,8
2021020568,712,even-strength,57,-26,FALSE,FALSE,TRUE,TRUE,TRUE,FALSE,0.03447050759307256,8477935,13,8
2021020568,714,even-strength,65,-31,FALSE,TRUE,TRUE,TRUE,TRUE,FALSE,0.08773946717931656,8478975,13,8
2021020568,717,even-strength,80,-6,FALSE,FALSE,TRUE,TRUE,TRUE,FALSE,0.06798840596525377,8471887,13,8
2021020568,718,even-strength,69,-13,FALSE,FALSE,TRUE,TRUE,TRUE,TRUE,0.05599737858508147,8478975,13,8
2021020568,720,even-strength,80,-16,FALSE,FALSE,TRUE,FALSE,FALSE,FALSE,0,8477932,13,8
2021020568,724,even-strength,81,12,FALSE,FALSE,TRUE,TRUE,TRUE,FALSE,0.04888505571168095,8480015,13,8
2021020568,725,even-strength,51,6,FALSE,FALSE,TRUE,TRUE,TRUE,FALSE,0.06059495303119387,8477935,13,8
2021020568,728,even-strength,52,-14,FALSE,FALSE,TRUE,TRUE,TRUE,FALSE,0.04361548299646403,8478366,13,8
2021020568,731,even-strength,68,15,FALSE,FALSE,TRUE,FALSE,FALSE,FALSE,0,8479523,13,8
2021020568,734,even-strength,69,-19,FALSE,FALSE,TRUE,TRUE,TRUE,FALSE,0.04146044123198834,8475462,13,8
2021020568,735,even-strength,69,-30,FALSE,FALSE,TRUE,TRUE,TRUE,FALSE,0.02847900768969985,8477933,13,8
2021020568,736,even-strength,67,-24,FALSE,FALSE,TRUE,TRUE,FALSE,FALSE,0.05479221239857995,8480015,13,8
2021020568,738,even-strength,64,15,FALSE,FALSE,TRUE,FALSE,FALSE,FALSE,0,8477935,13,8
2021020568,739,even-strength,75,4,FALSE,FALSE,TRUE,TRUE,TRUE,FALSE,0.07240465025646908,8477935,13,8
2021020568,740,even-strength,67,-4,FALSE,FALSE,TRUE,TRUE,FALSE,FALSE,0.0979555932911979,8477935,13,8
2021020568,742,even-strength,69,-12,FALSE,TRUE,TRUE,FALSE,FALSE,FALSE,0,8477935,13,8
2021020568,743,even-strength,69,-18,FALSE,FALSE,TRUE,FALSE,FALSE,FALSE,0,8477986,13,8
2021020587,275,even-strength,58,-26,FALSE,TRUE,TRUE,TRUE,TRUE,FALSE,0.0773733634474732,8474602,15,8
2021020587,277,even-strength,84,-5,FALSE,FALSE,TRUE,FALSE,FALSE,FALSE,0,8474602,15,8
2021020587,281,penalty-kill,65,15,FALSE,FALSE,TRUE,FALSE,FALSE,FALSE,0,8477839,15,8
2021020587,286,even-strength,59,35,FALSE,FALSE,TRUE,TRUE,TRUE,FALSE,0.02938607226439968,8481517,15,8
2021020587,288,even-strength,87,31,FALSE,FALSE,TRUE,TRUE,TRUE,FALSE,0.02120601910733017,8475744,15,8
2021020587,289,even-strength,78,10,FALSE,FALSE,TRUE,TRUE,TRUE,FALSE,0.06621451250752705,8476880,15,8
2021020587,291,power-play,61,-3,FALSE,FALSE,TRUE,TRUE,TRUE,FALSE,0.09007144520619541,8477839,15,8
2021020587,292,power-play,78,-2,FALSE,FALSE,TRUE,FALSE,FALSE,FALSE,0,8476880,15,8
2021020587,295,power-play,13,-1,FALSE,FALSE,TRUE,FALSE,FALSE,FALSE,0,8475200,15,8
2021020587,300,penalty-kill,57,23,FALSE,FALSE,TRUE,TRUE,FALSE,FALSE,0.04320613127113489,8475343,15,8
2021020587,575,even-strength,83,0,FALSE,FALSE,TRUE,TRUE,TRUE,FALSE,0.1752460767814414,8478466,15,8
2021020587,579,even-strength,80,-5,FALSE,FALSE,TRUE,FALSE,FALSE,FALSE,0,8474602,15,8
2021020587,585,even-strength,74,-5,FALSE,FALSE,TRUE,TRUE,TRUE,FALSE,0.09863964949818424,8475744,15,8
2021020587,591,even-strength,74,13,FALSE,FALSE,TRUE,FALSE,FALSE,FALSE,0,8473563,15,8
2021020587,594,even-strength,70,11,FALSE,FALSE,TRUE,TRUE,FALSE,FALSE,0.04514946755592372,8473563,15,8
2021020587,913,even-strength,67,-26,TRUE,FALSE,TRUE,TRUE,TRUE,FALSE,0.07890833004456078,8474176,15,8
2021020601,101,even-strength,53,12,FALSE,FALSE,TRUE,FALSE,FALSE,FALSE,0,8474162,10,8
2021020601,107,even-strength,67,-17,FALSE,FALSE,TRUE,FALSE,FALSE,FALSE,0,8477939,10,8
2021020601,108,even-strength,67,-1,FALSE,FALSE,TRUE,FALSE,FALSE,FALSE,0,8474673,10,8
2021020601,112,even-strength,81,0,FALSE,FALSE,TRUE,TRUE,TRUE,FALSE,0.1471422448142288,8480144,10,8
2021020601,115,even-strength,81,4,FALSE,FALSE,TRUE,TRUE,FALSE,FALSE,0.10623437899522752,8479318,10,8
2021020601,116,even-strength,76,18,FALSE,FALSE,TRUE,TRUE,TRUE,FALSE,0.03917227232475286,8478483,10,8
2021020601,119,power-play,81,-1,FALSE,FALSE,TRUE,TRUE,TRUE,FALSE,0.15035800142030156,8478483,10,8
2021020601,120,power-play,85,23,FALSE,TRUE,TRUE,TRUE,FALSE,FALSE,0.17587600262540454,8477939,10,8
2021020601,121,power-play,54,-19,FALSE,FALSE,TRUE,TRUE,FALSE,FALSE,0.06203319077970422,8478483,10,8
2021020601,122,power-play,80,-6,FALSE,FALSE,TRUE,TRUE,TRUE,FALSE,0.10509292685342378,8478131,10,8
2021020601,123,even-strength,34,-24,FALSE,FALSE,TRUE,TRUE,TRUE,FALSE,0.01243666789763643,8474162,10,8
2021020601,125,even-strength,54,-24,FALSE,FALSE,TRUE,TRUE,FALSE,FALSE,0.02691144183980341,8478115,10,8
2021020601,126,even-strength,70,24,TRUE,FALSE,TRUE,TRUE,TRUE,FALSE,0.03867946550496205,8480144,10,8
2021020601,127,even-strength,52,20,FALSE,FALSE,TRUE,TRUE,TRUE,FALSE,0.02975234457458032,8478047,10,8
2021020601,134,even-strength,62,0,FALSE,FALSE,TRUE,TRUE,TRUE,FALSE,0.11168506784270184,8478115,10,8
2021020601,135,even-strength,84,-3,FALSE,FALSE,TRUE,TRUE,TRUE,FALSE,0.08161172493092418,8474190,10,8
2021020601,138,even-strength,64,-16,FALSE,FALSE,TRUE,TRUE,TRUE,FALSE,0.04782615873322966,8478047,10,8
2021020601,139,even-strength,62,16,FALSE,FALSE,TRUE,TRUE,TRUE,FALSE,0.06468687282410468,8475166,10,8
2021020601,148,even-strength,91,-20,FALSE,FALSE,TRUE,TRUE,TRUE,FALSE,0.04452929713983747,8481624,10,8
2021020601,150,even-strength,76,0,FALSE,FALSE,TRUE,TRUE,TRUE,FALSE,0.12598870955939165,8478483,10,8
2021020601,355,even-strength,62,39,FALSE,FALSE,TRUE,TRUE,TRUE,FALSE,0.01288055535066183,8476853,10,8
2021020601,357,even-strength,72,-13,FALSE,FALSE,TRUE,FALSE,FALSE,FALSE,0,8478483,10,8
2021020601,358,even-strength,85,11,FALSE,FALSE,TRUE,TRUE,TRUE,FALSE,0.04431030553375435,8478047,10,8
2021020601,369,even-strength,59,-1,FALSE,FALSE,TRUE,TRUE,TRUE,FALSE,0.07081042058772463,8478483,10,8
2021020601,370,even-strength,32,38,FALSE,FALSE,TRUE,TRUE,TRUE,FALSE,0.00573021008791625,8476853,10,8
2021020601,373,even-strength,73,35,FALSE,FALSE,TRUE,FALSE,FALSE,FALSE,0,8474162,10,8
2021020601,375,even-strength,76,19,FALSE,FALSE,TRUE,TRUE,FALSE,FALSE,0.03740272950034947,8478483,10,8
2021020601,376,even-strength,78,1,FALSE,FALSE,TRUE,FALSE,FALSE,FALSE,0,8479318,10,8
2021020601,377,even-strength,57,-39,FALSE,FALSE,TRUE,TRUE,TRUE,FALSE,0.01124142532355052,8480043,10,8
2021020601,385,even-strength,75,-9,FALSE,FALSE,TRUE,FALSE,FALSE,FALSE,0,8474190,10,8
2021020601,387,even-strength,64,-13,FALSE,FALSE,TRUE,FALSE,FALSE,FALSE,0,8478115,10,8
2021020601,388,even-strength,78,4,FALSE,FALSE,TRUE,FALSE,FALSE,FALSE,0,8478408,10,8
2021020601,389,even-strength,55,-37,TRUE,FALSE,TRUE,TRUE,TRUE,FALSE,0.02974201695655465,8475718,10,8
2021020601,391,even-strength,69,-21,FALSE,FALSE,TRUE,TRUE,TRUE,FALSE,0.03405838149858629,8477939,10,8
2021020601,392,even-strength,63,-1,TRUE,FALSE,TRUE,TRUE,FALSE,FALSE,0.08686598058762904,8475166,10,8
2021020601,393,even-strength,86,-5,FALSE,FALSE,TRUE,FALSE,FALSE,FALSE,0,8478047,10,8
2021020601,395,power-play,73,-1,FALSE,FALSE,TRUE,TRUE,FALSE,FALSE,0.09948775604165372,8478131,10,8
2021020601,396,power-play,64,13,FALSE,FALSE,TRUE,FALSE,FALSE,FALSE,0,8481624,10,8
2021020601,397,power-play,37,-4,FALSE,FALSE,TRUE,TRUE,TRUE,FALSE,0.03235324928044571,8474162,10,8
2021020601,398,power-play,58,-16,FALSE,FALSE,TRUE,FALSE,FALSE,FALSE,0,8477939,10,8
2021020601,399,power-play,61,23,FALSE,FALSE,TRUE,TRUE,TRUE,FALSE,0.06539783414545976,8479318,10,8
2021020601,601,even-strength,53,20,FALSE,FALSE,TRUE,TRUE,FALSE,FALSE,0.03107882293668505,8478483,10,8
2021020601,603,even-strength,81,5,FALSE,FALSE,TRUE,TRUE,FALSE,FALSE,0.07392484509429309,8478115,10,8
2021020601,606,even-strength,69,18,FALSE,FALSE,TRUE,FALSE,FALSE,FALSE,0,8478115,10,8
2021020601,608,even-strength,67,4,FALSE,FALSE,TRUE,TRUE,TRUE,FALSE,0.0644340942326045,8474673,10,8
2021020601,613,even-strength,69,2,FALSE,FALSE,TRUE,TRUE,FALSE,FALSE,0.05759102899568359,8474190,10,8
2021020601,614,even-strength,36,-25,FALSE,FALSE,TRUE,FALSE,FALSE,FALSE,0,8476853,10,8
2021020601,615,even-strength,66,-14,FALSE,FALSE,TRUE,FALSE,FALSE,FALSE,0,8478047,10,8
2021020601,622,even-strength,73,21,FALSE,FALSE,TRUE,TRUE,TRUE,FALSE,0.03920181175803956,8477939,10,8
2021020601,623,even-strength,72,4,FALSE,FALSE,TRUE,TRUE,TRUE,TRUE,0.05294058277576838,8481624,10,8
2021020601,624,even-strength,63,20,FALSE,FALSE,TRUE,TRUE,TRUE,TRUE,0.03428602875178413,8478115,10,8
2021020601,625,even-strength,61,40,FALSE,FALSE,TRUE,TRUE,TRUE,FALSE,0.01287328576011471,8476853,10,8
2021020601,627,even-strength,35,16,FALSE,FALSE,TRUE,TRUE,TRUE,FALSE,0.01297976420015049,8476853,10,8
2021020601,630,even-strength,34,-16,FALSE,FALSE,TRUE,TRUE,TRUE,FALSE,0.01885634420730074,8474673,10,8
2021020601,631,even-strength,55,-1,TRUE,FALSE,TRUE,FALSE,FALSE,FALSE,0,8479318,10,8
2021020601,632,even-strength,45,27,TRUE,TRUE,TRUE,TRUE,TRUE,FALSE,0.06556150868639106,8478047,10,8
2021020601,634,even-strength,59,-6,FALSE,FALSE,TRUE,TRUE,TRUE,FALSE,0.05368086303298343,8481624,10,8
2021020601,635,even-strength,75,-22,TRUE,FALSE,TRUE,TRUE,TRUE,FALSE,0.07424303022615597,8469455,10,8
2021020601,642,even-strength,53,9,FALSE,FALSE,TRUE,TRUE,FALSE,FALSE,0.06605004489842752,8478408,10,8
2021020601,646,even-strength,65,-29,FALSE,FALSE,TRUE,TRUE,FALSE,FALSE,0.03449501143518022,8469455,10,8
2021020601,648,even-strength,58,-35,FALSE,FALSE,TRUE,TRUE,TRUE,FALSE,0.02560868795451682,8478483,10,8
2021020601,752,even-strength,68,-24,FALSE,FALSE,TRUE,TRUE,TRUE,FALSE,0.02771604605854844,8480043,10,8
2021020601,753,even-strength,52,25,FALSE,FALSE,TRUE,TRUE,TRUE,FALSE,0.01975047823562149,8477021,10,8
2021020601,755,even-strength,59,3,TRUE,FALSE,TRUE,FALSE,FALSE,FALSE,0,8469455,10,8
2021020601,756,even-strength,33,-29,FALSE,FALSE,TRUE,TRUE,TRUE,FALSE,0.00990568961863389,8478115,10,8
2021020601,757,even-strength,67,42,FALSE,FALSE,TRUE,TRUE,TRUE,FALSE,0.01043186729171038,8480144,10,8
2021020614,56,even-strength,46,-29,FALSE,FALSE,TRUE,TRUE,FALSE,FALSE,0.0128991614433426,8473449,7,8
2021020614,57,even-strength,44,16,FALSE,FALSE,TRUE,FALSE,FALSE,FALSE,0,8477462,7,8
2021020614,59,even-strength,33,24,FALSE,FALSE,TRUE,TRUE,TRUE,FALSE,0.01299592112300331,8477462,7,8
2021020614,62,even-strength,76,1,FALSE,FALSE,TRUE,TRUE,TRUE,TRUE,0.13965899495318218,8475784,7,8
2021020614,66,even-strength,75,0,FALSE,FALSE,TRUE,TRUE,TRUE,FALSE,0.14659408328822343,8477949,7,8
2021020614,68,even-strength,75,-20,FALSE,FALSE,TRUE,TRUE,FALSE,FALSE,0.03540897174184211,8473449,7,8
2021020614,69,even-strength,61,-21,FALSE,FALSE,TRUE,TRUE,TRUE,FALSE,0.05459921494443979,8477949,7,8
2021020614,71,even-strength,48,2,FALSE,FALSE,TRUE,TRUE,TRUE,FALSE,0.05188494993665778,8475784,7,8
2021020614,76,even-strength,70,-33,FALSE,FALSE,TRUE,TRUE,TRUE,FALSE,0.02571353260135288,8481528,7,8
2021020614,77,even-strength,34,-37,FALSE,FALSE,TRUE,TRUE,TRUE,FALSE,0.01037632103209123,8480035,7,8
2021020614,78,even-strength,16,16,FALSE,FALSE,TRUE,TRUE,TRUE,FALSE,0.0076104412371207596,8478109,7,8
2021020614,81,even-strength,83,1,FALSE,FALSE,TRUE,TRUE,FALSE,FALSE,0.1233463853446152,8479420,7,8
2021020614,89,even-strength,63,-1,FALSE,FALSE,TRUE,TRUE,TRUE,FALSE,0.09361556824338912,8478109,7,8
2021020614,91,even-strength,73,-5,FALSE,FALSE,TRUE,FALSE,FALSE,FALSE,0,8481528,7,8
2021020614,93,even-strength,49,33,FALSE,FALSE,TRUE,TRUE,TRUE,FALSE,0.01264785834487584,8475236,7,8
2021020614,97,even-strength,54,-23,FALSE,FALSE,TRUE,TRUE,TRUE,FALSE,0.03330631472243366,8477949,7,8
2021020614,98,even-strength,84,-2,TRUE,TRUE,TRUE,TRUE,TRUE,FALSE,0.3844030349199138,8479335,7,8
2021020614,306,even-strength,66,-28,FALSE,FALSE,TRUE,TRUE,TRUE,FALSE,0.03019595823704026,8481528,7,8
2021020614,310,even-strength,86,-3,FALSE,FALSE,TRUE,TRUE,TRUE,FALSE,0.06674414698554047,8475236,7,8
2021020614,311,even-strength,82,-1,FALSE,TRUE,TRUE,TRUE,TRUE,FALSE,0.23773046921754515,8479335,7,8
2021020614,312,even-strength,38,5,FALSE,FALSE,TRUE,TRUE,TRUE,FALSE,0.02750631857472796,8477401,7,8
2021020614,315,even-strength,70,2,TRUE,FALSE,TRUE,FALSE,FALSE,FALSE,0,8479578,7,8
2021020614,317,even-strength,83,-1,FALSE,TRUE,TRUE,TRUE,TRUE,FALSE,0.31584554114879637,8479335,7,8
2021020614,318,even-strength,55,-36,FALSE,FALSE,TRUE,TRUE,TRUE,FALSE,0.01651224195570009,8478109,7,8
2021020614,319,even-strength,83,0,FALSE,TRUE,TRUE,TRUE,FALSE,FALSE,0.345305817450859,8479335,7,8
2021020614,325,even-strength,56,34,FALSE,FALSE,TRUE,TRUE,TRUE,FALSE,0.01860462850732536,8481528,7,8
2021020614,327,even-strength,53,22,TRUE,FALSE,TRUE,TRUE,TRUE,TRUE,0.0535285694329112,8475784,7,8
2021020614,335,even-strength,81,0,FALSE,FALSE,TRUE,TRUE,TRUE,FALSE,0.14889684650907042,8477949,7,8
2021020614,341,even-strength,40,8,FALSE,FALSE,TRUE,TRUE,FALSE,FALSE,0.02392337244727132,8479420,7,8
2021020614,344,even-strength,55,-22,FALSE,FALSE,TRUE,TRUE,TRUE,FALSE,0.02304211890977566,8473449,7,8
2021020614,346,power-play,81,20,TRUE,FALSE,TRUE,TRUE,TRUE,TRUE,0.1409549176927391,8479420,7,8
2021020614,347,even-strength,69,29,FALSE,FALSE,TRUE,FALSE,FALSE,FALSE,0,8475236,7,8
2021020614,501,even-strength,68,12,FALSE,FALSE,TRUE,TRUE,TRUE,FALSE,0.0646170437139462,8478109,7,8
2021020614,506,even-strength,65,0,TRUE,FALSE,TRUE,FALSE,FALSE,FALSE,0,8480035,7,8
2021020614,508,even-strength,35,34,FALSE,FALSE,TRUE,TRUE,TRUE,FALSE,0.00850483012814716,8480807,7,8
2021020614,512,even-strength,38,35,FALSE,FALSE,TRUE,TRUE,FALSE,FALSE,0.01485907366212639,8480839,7,8
2021020614,514,even-strength,80,5,TRUE,FALSE,TRUE,FALSE,FALSE,FALSE,0,8477401,7,8
2021020614,519,even-strength,-50,1,FALSE,FALSE,TRUE,TRUE,TRUE,FALSE,7.541644183102977e-4,8477401,7,8
2021020614,522,even-strength,-62,39,FALSE,FALSE,TRUE,TRUE,TRUE,FALSE,2.9194310624384995e-4,8480807,7,8
2021020614,524,even-strength,63,-7,FALSE,FALSE,TRUE,TRUE,TRUE,FALSE,0.11218162679534364,8478075,7,8
2021020614,535,even-strength,53,-4,FALSE,FALSE,TRUE,FALSE,FALSE,FALSE,0,8479578,7,8
2021020614,538,power-play,37,29,FALSE,FALSE,TRUE,TRUE,FALSE,FALSE,0.04220104324755672,8479420,7,8
2021020614,539,power-play,84,6,FALSE,FALSE,TRUE,FALSE,FALSE,FALSE,0,8477949,7,8
2021020614,546,even-strength,60,28,FALSE,FALSE,TRUE,TRUE,FALSE,FALSE,0.02373083862229367,8481528,7,8
2021020614,547,even-strength,59,12,FALSE,FALSE,TRUE,TRUE,TRUE,FALSE,0.04218738550306191,8477949,7,8
2021020614,1051,even-strength,82,0,TRUE,FALSE,TRUE,TRUE,TRUE,FALSE,0.3213805821982675,8475784,7,8
2021020614,1052,even-strength,83,0,TRUE,TRUE,TRUE,TRUE,TRUE,TRUE,0.47044111568691555,8475784,7,8
2021020614,1053,even-strength,83,0,FALSE,FALSE,TRUE,TRUE,TRUE,TRUE,0.21031353930875,8475784,7,8
2021020630,103,even-strength,73,-1,FALSE,FALSE,TRUE,TRUE,TRUE,TRUE,0.10391095185600752,8477416,29,8
2021020630,104,even-strength,63,-10,TRUE,FALSE,TRUE,TRUE,TRUE,FALSE,0.10938058936416609,8482705,29,8
2021020630,105,even-strength,64,4,FALSE,FALSE,TRUE,FALSE,FALSE,FALSE,0,8479945,29,8
2021020630,106,even-strength,30,24,FALSE,FALSE,TRUE,TRUE,FALSE,FALSE,0.00985667766784319,8479945,29,8
2021020630,107,even-strength,43,29,TRUE,FALSE,TRUE,TRUE,TRUE,FALSE,0.03522350506238029,8479945,29,8
2021020630,108,even-strength,63,9,FALSE,FALSE,TRUE,TRUE,TRUE,FALSE,0.04365600408307899,8476867,29,8
2021020630,110,even-strength,31,-27,FALSE,FALSE,TRUE,TRUE,TRUE,FALSE,0.01004802956617924,8480871,29,8
2021020630,112,even-strength,55,-23,FALSE,FALSE,TRUE,TRUE,TRUE,FALSE,0.03562212499556048,8476432,29,8
2021020630,114,even-strength,51,-21,TRUE,FALSE,TRUE,FALSE,FALSE,FALSE,0,8479369,29,8
2021020630,115,even-strength,60,13,FALSE,FALSE,TRUE,TRUE,TRUE,FALSE,0.06967050720548083,8482475,29,8
2021020630,123,even-strength,87,-18,FALSE,FALSE,TRUE,TRUE,TRUE,FALSE,0.03680819398920633,8477416,29,8
2021020630,126,even-strength,56,5,FALSE,FALSE,TRUE,TRUE,TRUE,FALSE,0.05769736585920294,8479339,29,8
2021020630,128,even-strength,75,9,FALSE,FALSE,TRUE,TRUE,TRUE,FALSE,0.05572109657878971,8479369,29,8
2021020630,129,even-strength,41,26,FALSE,FALSE,TRUE,TRUE,TRUE,FALSE,0.01327444393942256,8478460,29,8
2021020630,131,even-strength,86,12,FALSE,FALSE,TRUE,TRUE,TRUE,FALSE,0.0943147725935257,8478460,29,8
2021020630,132,even-strength,71,-4,TRUE,FALSE,TRUE,TRUE,TRUE,FALSE,0.1404438286875766,8474161,29,8
2021020630,133,even-strength,75,12,FALSE,FALSE,TRUE,FALSE,FALSE,FALSE,0,8476432,29,8
2021020630,134,even-strength,76,-4,FALSE,FALSE,TRUE,FALSE,FALSE,FALSE,0,8477416,29,8
2021020630,136,even-strength,63,9,FALSE,FALSE,TRUE,FALSE,FALSE,FALSE,0,8480441,29,8
2021020630,138,even-strength,62,11,FALSE,FALSE,TRUE,FALSE,FALSE,FALSE,0,8477503,29,8
2021020630,142,even-strength,80,-14,FALSE,FALSE,TRUE,TRUE,TRUE,FALSE,0.06412552300712035,8482475,29,8
2021020630,144,power-play,36,20,FALSE,FALSE,TRUE,TRUE,TRUE,FALSE,0.02799701935854799,8478460,29,8
2021020630,147,power-play,58,15,FALSE,FALSE,TRUE,FALSE,FALSE,FALSE,0,8482475,29,8
2021020630,150,even-strength,64,-36,FALSE,FALSE,TRUE,TRUE,TRUE,FALSE,0.01563774527403316,8476867,29,8
2021020630,255,even-strength,63,-10,FALSE,FALSE,TRUE,TRUE,TRUE,FALSE,0.05396712803479457,8474679,29,8
2021020630,256,even-strength,52,-2,FALSE,FALSE,TRUE,TRUE,TRUE,FALSE,0.03661003694461832,8478460,29,8
2021020630,260,even-strength,49,33,FALSE,FALSE,TRUE,TRUE,TRUE,FALSE,0.01344645983925184,8476432,29,8
2021020630,262,even-strength,-57,-9,FALSE,FALSE,TRUE,TRUE,TRUE,FALSE,4.7113898838449926e-4,8479369,29,8
2021020630,263,even-strength,74,5,FALSE,FALSE,TRUE,TRUE,TRUE,FALSE,0.09385106923244492,8479369,29,8
2021020630,274,even-strength,64,-4,FALSE,FALSE,TRUE,TRUE,TRUE,FALSE,0.10421900866010206,8482705,29,8
2021020630,276,even-strength,45,-4,FALSE,FALSE,TRUE,FALSE,FALSE,FALSE,0,8482705,29,8
2021020630,282,even-strength,67,-24,FALSE,FALSE,TRUE,TRUE,FALSE,FALSE,0.02558537079196205,8477503,29,8
2021020630,283,even-strength,40,27,FALSE,TRUE,TRUE,TRUE,FALSE,FALSE,0.061422350435727,8478460,29,8
2021020630,285,even-strength,53,6,FALSE,FALSE,TRUE,TRUE,TRUE,FALSE,0.03882178860370727,8477503,29,8
2021020630,286,even-strength,86,9,FALSE,FALSE,TRUE,TRUE,TRUE,FALSE,0.0679013783075686,8478460,29,8
2021020630,298,even-strength,67,-22,FALSE,FALSE,TRUE,TRUE,TRUE,FALSE,0.05993305271547232,8476374,29,8
2021020630,299,even-strength,73,2,FALSE,FALSE,TRUE,TRUE,FALSE,FALSE,0.14774455163438216,8476374,29,8
2021020630,300,even-strength,63,-1,FALSE,FALSE,TRUE,TRUE,TRUE,FALSE,0.08063741979608907,8476432,29,8
2021020630,506,even-strength,79,6,FALSE,FALSE,TRUE,TRUE,FALSE,FALSE,0.06383676141053926,8478458,29,8
2021020630,508,even-strength,82,7,FALSE,FALSE,TRUE,FALSE,FALSE,FALSE,0,8476374,29,8
2021020630,509,even-strength,79,-15,FALSE,TRUE,TRUE,FALSE,FALSE,FALSE,0,8480871,29,8
2021020630,511,even-strength,77,-4,FALSE,FALSE,TRUE,TRUE,TRUE,FALSE,0.08024027189181031,8476374,29,8
2021020630,513,even-strength,82,-5,FALSE,FALSE,TRUE,TRUE,TRUE,FALSE,0.11479060439482032,8474679,29,8
2021020630,514,even-strength,79,-1,FALSE,TRUE,TRUE,TRUE,TRUE,FALSE,0.2841455916067258,8476374,29,8
2021020630,516,even-strength,79,3,FALSE,FALSE,TRUE,TRUE,TRUE,FALSE,0.16650453239796134,8474679,29,8
2021020630,517,even-strength,68,6,FALSE,FALSE,TRUE,TRUE,TRUE,FALSE,0.08726735138335034,8478460,29,8
2021020630,518,even-strength,79,2,FALSE,FALSE,TRUE,TRUE,TRUE,FALSE,0.07836434837700047,8478460,29,8
2021020630,519,even-strength,74,3,FALSE,FALSE,TRUE,TRUE,FALSE,FALSE,0.06594325973322532,8476432,29,8
2021020630,520,even-strength,74,15,FALSE,FALSE,TRUE,TRUE,FALSE,FALSE,0.07623238587679511,8479369,29,8
2021020630,522,even-strength,9,20,FALSE,FALSE,TRUE,TRUE,FALSE,FALSE,0.00314575443236181,8478882,29,8
2021020630,524,even-strength,61,5,FALSE,FALSE,TRUE,FALSE,FALSE,FALSE,0,8478882,29,8
2021020630,526,even-strength,29,2,FALSE,FALSE,TRUE,TRUE,FALSE,FALSE,0.01775580565513896,8479369,29,8
2021020630,529,even-strength,45,-19,FALSE,FALSE,TRUE,FALSE,FALSE,FALSE,0,8476432,29,8
2021020630,530,even-strength,75,6,FALSE,FALSE,TRUE,TRUE,FALSE,FALSE,0.09388164054097738,8476432,29,8
2021020630,531,even-strength,71,-16,FALSE,FALSE,TRUE,TRUE,TRUE,FALSE,0.03558683575959666,8478460,29,8
2021020630,533,even-strength,71,-6,FALSE,FALSE,TRUE,TRUE,FALSE,FALSE,0.0976550325680042,8482705,29,8
2021020630,534,even-strength,-68,-38,FALSE,FALSE,TRUE,TRUE,TRUE,FALSE,1.6421042032189827e-4,8474161,29,8
2021020630,535,even-strength,72,14,FALSE,FALSE,TRUE,TRUE,FALSE,FALSE,0.05425151896074831,8476867,29,8
2021020630,541,even-strength,85,-8,FALSE,FALSE,TRUE,TRUE,TRUE,FALSE,0.08165135213013923,8477416,29,8
2021020630,544,even-strength,74,2,FALSE,TRUE,TRUE,TRUE,TRUE,FALSE,0.22175001156295812,8474679,29,8
2021020630,546,even-strength,80,0,FALSE,FALSE,TRUE,TRUE,TRUE,FALSE,0.14290366612393637,8474679,29,8
2021020630,547,even-strength,35,40,FALSE,FALSE,TRUE,TRUE,TRUE,FALSE,0.01171212053680344,8478882,29,8
2021020630,656,even-strength,49,9,FALSE,FALSE,TRUE,FALSE,FALSE,FALSE,0,8477416,29,8
2021020630,673,even-strength,48,7,FALSE,FALSE,TRUE,TRUE,FALSE,FALSE,0.03171588014241359,8479339,29,8
2021020630,674,even-strength,63,6,FALSE,FALSE,TRUE,FALSE,FALSE,FALSE,0,8479339,29,8
2021020630,683,even-strength,69,11,FALSE,FALSE,TRUE,FALSE,FALSE,FALSE,0,8478882,29,8
2021020630,684,even-strength,62,-13,FALSE,FALSE,TRUE,FALSE,FALSE,FALSE,0,8479339,29,8
2021020630,685,even-strength,47,-25,FALSE,FALSE,TRUE,TRUE,TRUE,FALSE,0.01830709839833831,8479369,29,8
2021020630,690,power-play,55,28,FALSE,FALSE,TRUE,TRUE,TRUE,FALSE,0.04134512248422556,8479339,29,8
2021020630,692,power-play,64,10,FALSE,FALSE,TRUE,FALSE,FALSE,FALSE,0,8477416,29,8
2021020630,693,power-play,56,-22,FALSE,FALSE,TRUE,TRUE,TRUE,FALSE,0.049150998456101,8474161,29,8
2021020630,694,power-play,55,-17,TRUE,FALSE,TRUE,FALSE,FALSE,FALSE,0,8474161,29,8
2021020630,695,power-play,69,28,FALSE,FALSE,TRUE,TRUE,TRUE,TRUE,0.07517264717394231,8479339,29,8
2021020655,59,even-strength,36,0,FALSE,FALSE,TRUE,TRUE,FALSE,FALSE,0.02249218571440935,8480231,16,8
2021020655,60,even-strength,58,21,FALSE,FALSE,TRUE,FALSE,FALSE,FALSE,0,8480231,16,8
2021020655,61,even-strength,77,-2,FALSE,FALSE,TRUE,TRUE,TRUE,FALSE,0.17598197645993777,8479542,16,8
2021020655,62,even-strength,65,10,FALSE,FALSE,TRUE,TRUE,TRUE,FALSE,0.02379923749201753,8480798,16,8
2021020655,63,even-strength,31,17,FALSE,FALSE,TRUE,TRUE,TRUE,FALSE,0.02222479125295549,8482117,16,8
2021020655,64,even-strength,40,32,FALSE,FALSE,TRUE,TRUE,TRUE,FALSE,0.01647677679590799,8475177,16,8
2021020655,65,even-strength,33,8,FALSE,FALSE,TRUE,TRUE,TRUE,FALSE,0.01337741187870934,8479388,16,8
2021020655,66,even-strength,76,2,FALSE,FALSE,TRUE,TRUE,TRUE,TRUE,0.11978807984299748,8477330,16,8
2021020655,71,power-play,59,-16,FALSE,FALSE,TRUE,TRUE,TRUE,FALSE,0.06207829469414093,8474141,16,8
2021020655,72,power-play,77,-19,FALSE,FALSE,TRUE,TRUE,TRUE,FALSE,0.07527009678332276,8474141,16,8
2021020655,73,power-play,51,-10,FALSE,FALSE,TRUE,FALSE,FALSE,FALSE,0,8477330,16,8
2021020655,77,even-strength,57,8,FALSE,FALSE,TRUE,FALSE,FALSE,FALSE,0,8479388,16,8
2021020655,78,even-strength,38,13,FALSE,FALSE,TRUE,TRUE,TRUE,FALSE,0.01752045207880416,8479388,16,8
2021020655,79,even-strength,59,23,FALSE,FALSE,TRUE,TRUE,TRUE,FALSE,0.03513172847681539,8478452,16,8
2021020655,81,even-strength,69,15,FALSE,FALSE,TRUE,TRUE,TRUE,FALSE,0.04556596971966377,8479337,16,8
2021020655,82,even-strength,74,3,FALSE,FALSE,TRUE,FALSE,FALSE,FALSE,0,8477846,16,8
2021020655,83,even-strength,69,3,TRUE,FALSE,TRUE,TRUE,FALSE,FALSE,0.0953878856199745,8476915,16,8
2021020655,84,even-strength,57,6,FALSE,FALSE,TRUE,FALSE,FALSE,FALSE,0,8479388,16,8
2021020655,86,even-strength,78,-3,FALSE,FALSE,TRUE,TRUE,TRUE,FALSE,0.10779574114293614,8480798,16,8
2021020655,91,penalty-kill,82,4,TRUE,FALSE,TRUE,TRUE,TRUE,FALSE,0.23250868635133848,8477846,16,8
2021020655,93,even-strength,57,24,FALSE,FALSE,TRUE,TRUE,FALSE,FALSE,0.04132332773956478,8479337,16,8
2021020655,358,even-strength,70,6,FALSE,FALSE,TRUE,FALSE,FALSE,FALSE,0,8479337,16,8
2021020655,360,even-strength,75,-1,FALSE,FALSE,TRUE,FALSE,FALSE,FALSE,0,8480798,16,8
2021020655,361,even-strength,78,3,FALSE,FALSE,TRUE,TRUE,TRUE,FALSE,0.1641613805491869,8480025,16,8
2021020655,362,even-strength,75,15,FALSE,FALSE,TRUE,TRUE,TRUE,FALSE,0.04483318520471682,8479388,16,8
2021020655,374,even-strength,71,17,FALSE,FALSE,TRUE,TRUE,TRUE,FALSE,0.05372471585155867,8479404,16,8
2021020655,379,even-strength,78,23,FALSE,FALSE,TRUE,TRUE,TRUE,FALSE,0.04943777597213703,8478452,16,8
2021020655,380,even-strength,74,3,FALSE,FALSE,TRUE,FALSE,FALSE,FALSE,0,8474141,16,8
2021020655,388,even-strength,52,-22,FALSE,FALSE,TRUE,TRUE,TRUE,FALSE,0.03676823720571108,8476979,16,8
2021020655,389,even-strength,87,-21,FALSE,FALSE,TRUE,TRUE,TRUE,FALSE,0.0548824311423748,8479542,16,8
2021020655,555,even-strength,78,3,FALSE,FALSE,TRUE,FALSE,FALSE,FALSE,0,8482117,16,8
2021020655,575,power-play,84,-24,FALSE,FALSE,TRUE,TRUE,TRUE,TRUE,0.06946823948786758,8474141,16,8
2021020655,586,power-play,68,-10,FALSE,FALSE,TRUE,FALSE,FALSE,FALSE,0,8474141,16,8
2021020655,587,power-play,78,11,FALSE,FALSE,TRUE,TRUE,FALSE,FALSE,0.10965130064757256,8479337,16,8
2021020655,588,power-play,66,0,FALSE,FALSE,TRUE,FALSE,FALSE,FALSE,0,8474141,16,8
2021020655,589,power-play,59,10,FALSE,FALSE,TRUE,FALSE,FALSE,FALSE,0,8479337,16,8
2021020655,590,power-play,58,-1,TRUE,FALSE,TRUE,FALSE,FALSE,FALSE,0,8476979,16,8
2021020655,591,even-strength,73,20,FALSE,FALSE,TRUE,TRUE,TRUE,FALSE,0.04867766149636865,8479337,16,8
2021020655,592,even-strength,83,8,FALSE,FALSE,TRUE,TRUE,TRUE,FALSE,0.04720247664911997,8478043,16,8
2021020655,593,even-strength,37,1,FALSE,FALSE,TRUE,TRUE,TRUE,FALSE,0.02848431358935843,8480231,16,8
2021020655,594,even-strength,42,26,FALSE,FALSE,TRUE,TRUE,TRUE,FALSE,0.01814769534012733,8479388,16,8
2021020655,595,even-strength,74,18,FALSE,FALSE,TRUE,FALSE,FALSE,FALSE,0,8479388,16,8
2021020655,596,even-strength,64,-3,FALSE,FALSE,TRUE,FALSE,FALSE,FALSE,0,8477330,16,8
2021020655,598,even-strength,83,14,FALSE,FALSE,TRUE,TRUE,TRUE,FALSE,0.04717912934463106,8474141,16,8
2021020655,599,even-strength,38,-1,FALSE,FALSE,TRUE,TRUE,TRUE,FALSE,0.02756341039171638,8476473,16,8
2021020655,600,even-strength,43,0,FALSE,FALSE,TRUE,TRUE,FALSE,FALSE,0.02217417399989136,8474141,16,8
2021020655,654,even-strength,68,3,FALSE,FALSE,TRUE,TRUE,TRUE,FALSE,0.0624105394171385,8478043,16,8
2021020655,662,power-play,60,-7,FALSE,FALSE,TRUE,TRUE,TRUE,FALSE,0.08978154885479384,8482117,16,8
2021020655,663,power-play,62,17,FALSE,FALSE,TRUE,TRUE,TRUE,FALSE,0.07229238343566442,8482117,16,8
2021020655,664,power-play,50,-26,FALSE,FALSE,TRUE,TRUE,TRUE,FALSE,0.04808936206538055,8477330,16,8
2021020655,674,even-strength,83,-4,FALSE,FALSE,TRUE,TRUE,TRUE,TRUE,0.16917020210637207,8480798,16,8
2021020687,469,even-strength,50,-3,FALSE,FALSE,TRUE,FALSE,FALSE,FALSE,0,8473548,53,8
2021020687,471,even-strength,65,2,FALSE,FALSE,TRUE,FALSE,FALSE,FALSE,0,8481599,53,8
2021020687,472,even-strength,27,-1,FALSE,FALSE,TRUE,TRUE,TRUE,FALSE,0.01940858544691969,8480950,53,8
2021020687,473,even-strength,34,21,FALSE,FALSE,TRUE,TRUE,FALSE,FALSE,0.01361423111503833,8474062,53,8
2021020687,474,power-play,81,2,FALSE,FALSE,TRUE,TRUE,TRUE,FALSE,0.15306474486069835,8471217,53,8
2021020687,475,power-play,65,-6,FALSE,FALSE,TRUE,TRUE,TRUE,FALSE,0.1225731334086396,8477951,53,8
2021020687,477,power-play,55,-12,FALSE,FALSE,TRUE,FALSE,FALSE,FALSE,0,8478432,53,8
2021020687,478,even-strength,81,11,FALSE,FALSE,TRUE,TRUE,FALSE,FALSE,0.09704939877087432,8477951,53,8
2021020687,484,even-strength,60,-13,FALSE,FALSE,TRUE,TRUE,FALSE,FALSE,0.05974094210553925,8479343,53,8
2021020687,485,even-strength,50,-26,FALSE,FALSE,TRUE,TRUE,FALSE,FALSE,0.01849107053906732,8478062,53,8
2021020687,486,even-strength,42,-18,FALSE,FALSE,TRUE,FALSE,FALSE,FALSE,0,8478062,53,8
2021020687,487,power-play,70,-19,FALSE,FALSE,TRUE,TRUE,FALSE,FALSE,0.07941394516305741,8479343,53,8
2021020687,488,power-play,74,-10,FALSE,FALSE,TRUE,TRUE,TRUE,FALSE,0.11791409254366092,8479343,53,8
2021020687,490,even-strength,78,8,FALSE,FALSE,TRUE,TRUE,TRUE,FALSE,0.07728052037083508,8479343,53,8
2021020687,491,even-strength,68,-17,FALSE,FALSE,TRUE,TRUE,FALSE,FALSE,0.0572732480699394,8477951,53,8
2021020687,497,power-play,63,-37,FALSE,FALSE,TRUE,TRUE,TRUE,FALSE,0.03795704330335487,8478432,53,8
2021020687,524,even-strength,78,-12,FALSE,FALSE,TRUE,TRUE,FALSE,FALSE,0.04806435119131081,8473548,53,8
2021020697,53,even-strength,5,38,FALSE,FALSE,TRUE,TRUE,TRUE,FALSE,0.00178786456410228,8476902,25,8
2021020697,55,even-strength,60,-4,FALSE,FALSE,TRUE,TRUE,TRUE,FALSE,0.09152006662632094,8478449,25,8
2021020697,57,even-strength,74,-7,FALSE,FALSE,TRUE,FALSE,FALSE,FALSE,0,8476902,25,8
2021020697,59,power-play,62,-10,FALSE,FALSE,TRUE,FALSE,FALSE,FALSE,0,8475794,25,8
2021020697,60,power-play,82,4,FALSE,FALSE,TRUE,TRUE,TRUE,FALSE,0.13597645860820062,8470794,25,8
2021020697,62,power-play,49,17,FALSE,FALSE,TRUE,TRUE,FALSE,FALSE,0.04836741391256351,8470600,25,8
2021020697,63,power-play,79,-4,FALSE,FALSE,TRUE,TRUE,TRUE,FALSE,0.13499527480132664,8477290,25,8
2021020697,64,power-play,65,-2,FALSE,FALSE,TRUE,FALSE,FALSE,FALSE,0,8480216,25,8
2021020697,66,power-play,57,21,FALSE,FALSE,TRUE,TRUE,FALSE,FALSE,0.06673731942028348,8475906,25,8
2021020697,67,even-strength,75,-14,FALSE,FALSE,TRUE,FALSE,FALSE,FALSE,0,8473994,25,8
2021020697,68,even-strength,73,-7,FALSE,FALSE,TRUE,FALSE,FALSE,FALSE,0,8473994,25,8
2021020697,71,even-strength,53,31,FALSE,FALSE,TRUE,TRUE,TRUE,FALSE,0.0195336220268129,8476889,25,8
2021020697,72,even-strength,78,-17,TRUE,FALSE,TRUE,TRUE,FALSE,FALSE,0.0547646347576433,8476889,25,8
2021020697,75,even-strength,37,-6,FALSE,FALSE,TRUE,TRUE,TRUE,FALSE,0.03069363495841001,8478495,25,8
2021020697,78,even-strength,88,29,FALSE,FALSE,TRUE,TRUE,FALSE,FALSE,0.0185452217464734,8470600,25,8
2021020697,80,even-strength,66,-16,FALSE,FALSE,TRUE,TRUE,TRUE,FALSE,0.05000044705155199,8480216,25,8
2021020697,89,even-strength,75,-13,FALSE,FALSE,TRUE,TRUE,FALSE,FALSE,0.04898473743704325,8476889,25,8
2021020697,91,even-strength,69,15,FALSE,FALSE,TRUE,TRUE,FALSE,FALSE,0.04334574458665403,8480216,25,8
2021020697,94,even-strength,49,-25,FALSE,FALSE,TRUE,TRUE,TRUE,FALSE,0.01956771292886127,8480988,25,8
2021020697,97,power-play,59,23,FALSE,FALSE,TRUE,TRUE,TRUE,FALSE,0.05589635703911911,8478449,25,8
2021020697,98,power-play,80,0,FALSE,FALSE,TRUE,TRUE,TRUE,FALSE,0.10378809205993791,8470794,25,8
2021020697,251,even-strength,71,-7,FALSE,FALSE,TRUE,FALSE,FALSE,FALSE,0,8475906,25,8
2021020697,255,even-strength,52,-4,FALSE,FALSE,TRUE,TRUE,TRUE,FALSE,0.05622932115319437,8475794,25,8
2021020697,256,even-strength,47,10,FALSE,FALSE,TRUE,TRUE,FALSE,FALSE,0.03057044179595225,8476902,25,8
2021020697,257,even-strength,75,26,FALSE,FALSE,TRUE,TRUE,TRUE,FALSE,0.02470676534057661,8470794,25,8
2021020697,259,even-strength,50,-28,FALSE,FALSE,TRUE,TRUE,TRUE,FALSE,0.02349429034508208,8476902,25,8
2021020697,261,even-strength,81,6,FALSE,FALSE,TRUE,TRUE,TRUE,FALSE,0.0696283048373636,8470794,25,8
2021020697,262,even-strength,74,1,TRUE,FALSE,TRUE,TRUE,FALSE,FALSE,0.1257993943349661,8480988,25,8
2021020697,263,even-strength,51,22,FALSE,FALSE,TRUE,TRUE,FALSE,FALSE,0.01631427800826418,8470600,25,8
2021020697,266,even-strength,-16,33,FALSE,FALSE,TRUE,TRUE,TRUE,FALSE,8.619427536982398e-4,8476902,25,8
2021020697,267,even-strength,70,-11,FALSE,FALSE,TRUE,FALSE,FALSE,FALSE,0,8475906,25,8
2021020697,268,even-strength,71,17,FALSE,FALSE,TRUE,TRUE,TRUE,FALSE,0.04237209246020888,8475794,25,8
2021020697,269,even-strength,32,14,FALSE,FALSE,TRUE,TRUE,TRUE,FALSE,0.01062896197013855,8470600,25,8
2021020697,280,even-strength,73,29,FALSE,FALSE,TRUE,TRUE,TRUE,FALSE,0.04082311616221722,8470794,25,8
2021020697,282,even-strength,36,38,FALSE,FALSE,TRUE,TRUE,FALSE,FALSE,0.01107212833229074,8477810,25,8
2021020697,292,even-strength,76,1,FALSE,FALSE,TRUE,FALSE,FALSE,FALSE,0,8476822,25,8
2021020697,293,even-strength,68,2,FALSE,FALSE,TRUE,TRUE,FALSE,FALSE,0.08241008503608142,8481641,25,8
2021020697,294,even-strength,36,-1,FALSE,FALSE,TRUE,TRUE,FALSE,FALSE,0.0197350775709315,8480036,25,8
2021020697,295,even-strength,51,33,FALSE,TRUE,TRUE,TRUE,TRUE,FALSE,0.04601882107726073,8470600,25,8
2021020697,297,even-strength,41,-1,FALSE,FALSE,TRUE,FALSE,FALSE,FALSE,0,8480036,25,8
2021020697,298,even-strength,75,7,FALSE,FALSE,TRUE,FALSE,FALSE,FALSE,0,8475794,25,8
2021020697,299,even-strength,66,13,FALSE,FALSE,TRUE,TRUE,TRUE,FALSE,0.04408566331918968,8475794,25,8
2021020697,300,even-strength,57,23,FALSE,FALSE,TRUE,FALSE,FALSE,FALSE,0,8470600,25,8
2021020697,451,even-strength,33,33,FALSE,FALSE,TRUE,TRUE,FALSE,FALSE,0.00552558780008675,8470600,25,8
2021020697,452,even-strength,60,11,FALSE,FALSE,TRUE,FALSE,FALSE,FALSE,0,8478495,25,8
2021020697,453,even-strength,76,3,FALSE,FALSE,TRUE,TRUE,FALSE,FALSE,0.13688080526922186,8481641,25,8
2021020697,454,even-strength,80,8,FALSE,FALSE,TRUE,FALSE,FALSE,FALSE,0,8476822,25,8
2021020697,455,even-strength,52,-7,FALSE,FALSE,TRUE,TRUE,TRUE,FALSE,0.02965585688937343,8476822,25,8
2021020697,460,power-play,61,20,FALSE,FALSE,TRUE,TRUE,TRUE,FALSE,0.05435109375232499,8478449,25,8
2021020697,462,power-play,50,-23,FALSE,FALSE,TRUE,FALSE,FALSE,FALSE,0,8475794,25,8
2021020697,463,power-play,50,-10,FALSE,FALSE,TRUE,TRUE,TRUE,FALSE,0.05694712035134075,8475794,25,8
2021020697,465,power-play,71,-11,FALSE,FALSE,TRUE,FALSE,FALSE,FALSE,0,8478495,25,8
2021020697,466,even-strength,64,0,FALSE,FALSE,TRUE,TRUE,FALSE,FALSE,0.05388250308183952,8480988,25,8
2021020697,467,even-strength,66,38,FALSE,FALSE,TRUE,TRUE,TRUE,FALSE,0.01439186467831556,8480036,25,8
2021020697,470,even-strength,70,14,FALSE,FALSE,TRUE,FALSE,FALSE,FALSE,0,8476902,25,8
2021020697,471,even-strength,71,1,FALSE,TRUE,TRUE,TRUE,TRUE,TRUE,0.15651192878098832,8480216,25,8
2021020697,473,even-strength,32,-36,FALSE,FALSE,TRUE,TRUE,FALSE,FALSE,0.00760107228748858,8476889,25,8
2021020697,474,even-strength,76,-14,FALSE,FALSE,TRUE,TRUE,FALSE,FALSE,0.04399263190907399,8476889,25,8
2021020697,475,even-strength,70,1,FALSE,FALSE,TRUE,TRUE,FALSE,FALSE,0.10190415213316913,8476822,25,8
2021020697,476,even-strength,64,17,FALSE,FALSE,TRUE,TRUE,TRUE,FALSE,0.02324815518022889,8476822,25,8
2021020697,485,penalty-kill,74,1,FALSE,FALSE,TRUE,TRUE,TRUE,FALSE,0.09813118258718098,8477290,25,8
2021020697,487,penalty-kill,68,5,FALSE,FALSE,TRUE,FALSE,FALSE,FALSE,0,8476822,25,8
2021020697,489,power-play,82,-3,FALSE,FALSE,TRUE,TRUE,FALSE,FALSE,0.10565717421724943,8475794,25,8
2021020697,490,power-play,50,-25,FALSE,FALSE,TRUE,TRUE,TRUE,FALSE,0.03227624871476328,8475794,25,8
2021020697,493,power-play,51,-21,TRUE,FALSE,TRUE,TRUE,TRUE,FALSE,0.08235163370365706,8475794,25,8
2021020697,494,power-play,82,-3,TRUE,TRUE,TRUE,TRUE,TRUE,FALSE,0.39814567618863006,8478449,25,8
2021020697,496,power-play,77,2,FALSE,FALSE,TRUE,TRUE,FALSE,FALSE,0.1566404745384213,8473994,25,8
2021020697,703,even-strength,80,-2,FALSE,FALSE,TRUE,TRUE,TRUE,TRUE,0.09739321998749945,8475794,25,8
2021020697,705,even-strength,43,22,FALSE,FALSE,TRUE,TRUE,FALSE,FALSE,0.01674664267180245,8470600,25,8
2021020697,706,even-strength,80,-2,FALSE,FALSE,TRUE,FALSE,FALSE,FALSE,0,8478449,25,8
2021020697,708,even-strength,70,0,FALSE,FALSE,TRUE,FALSE,FALSE,FALSE,0,8473994,25,8
2021020697,715,power-play,60,18,FALSE,FALSE,TRUE,TRUE,TRUE,FALSE,0.05950300318885551,8478449,25,8
2021020697,716,power-play,80,17,FALSE,FALSE,TRUE,TRUE,FALSE,FALSE,0.07039987047304612,8478449,25,8
2021020697,719,power-play,74,-3,FALSE,FALSE,TRUE,TRUE,FALSE,FALSE,0.13755504894034865,8475794,25,8
2021020697,720,power-play,41,3,FALSE,FALSE,TRUE,TRUE,TRUE,FALSE,0.05091199376541774,8475906,25,8
2021020697,721,power-play,76,0,FALSE,FALSE,TRUE,TRUE,TRUE,FALSE,0.14055078846967908,8470794,25,8
2021020697,722,power-play,87,-10,FALSE,TRUE,TRUE,TRUE,TRUE,FALSE,0.24967254804228425,8478449,25,8
2021020697,723,even-strength,68,-30,FALSE,FALSE,TRUE,TRUE,FALSE,FALSE,0.02685765973255315,8478495,25,8
2021020697,727,even-strength,31,29,FALSE,FALSE,TRUE,TRUE,FALSE,FALSE,0.02499566359933563,8478495,25,8
2021020697,728,even-strength,57,25,FALSE,FALSE,TRUE,FALSE,FALSE,FALSE,0,8480036,25,8
2021020697,729,even-strength,66,0,FALSE,FALSE,TRUE,TRUE,TRUE,FALSE,0.07718655729527941,8473994,25,8
2021020697,730,even-strength,46,-2,FALSE,FALSE,TRUE,FALSE,FALSE,FALSE,0,8470600,25,8
2021020697,735,even-strength,54,34,FALSE,FALSE,TRUE,FALSE,FALSE,FALSE,0,8480216,25,8
2021020697,738,even-strength,67,-6,FALSE,FALSE,TRUE,FALSE,FALSE,FALSE,0,8478495,25,8
2021020697,739,even-strength,58,-21,FALSE,TRUE,TRUE,TRUE,TRUE,FALSE,0.09481917414307728,8478495,25,8
2021020697,746,power-play,79,12,FALSE,FALSE,TRUE,TRUE,TRUE,FALSE,0.08864679837452898,8475794,25,8
2021020697,747,power-play,75,1,FALSE,FALSE,TRUE,TRUE,TRUE,FALSE,0.14000165384185365,8470600,25,8
2021020697,750,power-play,47,-21,FALSE,FALSE,TRUE,TRUE,TRUE,FALSE,0.04749034130135705,8475906,25,8
2021020697,752,power-play,49,22,FALSE,FALSE,TRUE,TRUE,TRUE,FALSE,0.04275227081863186,8480036,25,8
2021020697,754,power-play,82,-4,FALSE,TRUE,TRUE,TRUE,TRUE,FALSE,0.25973693541013376,8470794,25,8
2021020697,756,power-play,40,20,TRUE,FALSE,TRUE,TRUE,TRUE,FALSE,0.06929506136409203,8475906,25,8
2021020697,757,power-play,60,7,FALSE,FALSE,TRUE,FALSE,FALSE,FALSE,0,8475906,25,8
2021020697,758,power-play,74,-17,FALSE,FALSE,TRUE,TRUE,TRUE,FALSE,0.08181535151628808,8478449,25,8
2021020697,759,power-play,75,6,FALSE,FALSE,TRUE,TRUE,TRUE,FALSE,0.11783873298532592,8480216,25,8
2021020697,760,power-play,82,19,FALSE,TRUE,TRUE,TRUE,TRUE,FALSE,0.17751715171197696,8480216,25,8
2021020697,761,power-play,51,-23,FALSE,FALSE,TRUE,TRUE,FALSE,FALSE,0.04227627707165421,8480036,25,8
2021020697,762,power-play,55,-12,FALSE,FALSE,TRUE,TRUE,FALSE,FALSE,0.06232176937313682,8475906,25,8
2021020697,763,power-play,57,-4,FALSE,FALSE,TRUE,FALSE,FALSE,FALSE,0,8475906,25,8
2021020697,764,power-play,34,-14,FALSE,FALSE,TRUE,TRUE,FALSE,FALSE,0.02935593926530322,8480036,25,8
2021020697,765,power-play,74,15,FALSE,FALSE,TRUE,TRUE,TRUE,FALSE,0.11063129746418222,8478449,25,8
2021020697,766,power-play,80,-2,FALSE,FALSE,TRUE,TRUE,TRUE,TRUE,0.19234035835613603,8470794,25,8
2021020697,768,even-strength,81,-19,FALSE,FALSE,TRUE,TRUE,FALSE,FALSE,0.04979062974229996,8476822,25,8
2021020697,769,even-strength,73,3,FALSE,FALSE,TRUE,FALSE,FALSE,FALSE,0,8480036,25,8
2021020697,770,even-strength,66,30,FALSE,TRUE,TRUE,FALSE,FALSE,FALSE,0,8480036,25,8
2021020697,771,even-strength,73,8,FALSE,FALSE,TRUE,FALSE,FALSE,FALSE,0,8480036,25,8
2021020697,773,even-strength,84,15,FALSE,FALSE,TRUE,TRUE,TRUE,FALSE,0.05457586864456532,8470794,25,8
2021020697,774,even-strength,58,-6,FALSE,TRUE,TRUE,FALSE,FALSE,FALSE,0,8480036,25,8
2021020697,775,even-strength,80,0,FALSE,FALSE,TRUE,TRUE,TRUE,FALSE,0.09373357470560204,8475794,25,8
2021020697,777,even-strength,58,5,FALSE,FALSE,TRUE,TRUE,TRUE,FALSE,0.06914285212425193,8478449,25,8
2021020697,778,even-strength,74,-1,FALSE,FALSE,TRUE,FALSE,FALSE,FALSE,0,8480216,25,8
2021020697,779,even-strength,60,2,FALSE,TRUE,TRUE,FALSE,FALSE,FALSE,0,8478495,25,8
2021020697,780,even-strength,66,-11,FALSE,TRUE,TRUE,TRUE,FALSE,FALSE,0.16883687942165826,8480216,25,8
2021020710,10,even-strength,78,-3,FALSE,FALSE,TRUE,TRUE,FALSE,FALSE,0.0920411082177706,8474149,54,8
2021020710,15,even-strength,68,0,FALSE,FALSE,TRUE,TRUE,FALSE,FALSE,0.06785539363790129,8479353,54,8
2021020710,17,even-strength,91,26,FALSE,FALSE,TRUE,TRUE,TRUE,FALSE,0.04278630185193402,8474149,54,8
2021020710,18,even-strength,78,-3,FALSE,TRUE,TRUE,TRUE,TRUE,TRUE,0.2952082546383137,8476905,54,8
2021020710,23,even-strength,34,16,FALSE,FALSE,TRUE,TRUE,FALSE,FALSE,0.01472046521602749,8475188,54,8
2021020710,24,even-strength,85,-8,FALSE,FALSE,TRUE,FALSE,FALSE,FALSE,0,8474149,54,8
2021020710,26,even-strength,77,6,TRUE,FALSE,TRUE,TRUE,TRUE,FALSE,0.10172395957858654,8474149,54,8
2021020710,28,even-strength,54,10,FALSE,FALSE,TRUE,TRUE,TRUE,FALSE,0.04761882570854026,8475191,54,8
2021020710,31,even-strength,57,11,FALSE,FALSE,TRUE,FALSE,FALSE,FALSE,0,8478020,54,8
2021020710,34,power-play,64,6,FALSE,FALSE,TRUE,FALSE,FALSE,FALSE,0,8475191,54,8
2021020710,35,power-play,64,-5,FALSE,FALSE,TRUE,FALSE,FALSE,FALSE,0,8477447,54,8
2021020710,36,power-play,48,5,FALSE,FALSE,TRUE,TRUE,FALSE,FALSE,0.06243670086820816,8476448,54,8
2021020710,38,power-play,49,3,FALSE,FALSE,TRUE,FALSE,FALSE,FALSE,0,8474565,54,8
2021020710,40,even-strength,39,-4,FALSE,FALSE,TRUE,TRUE,TRUE,FALSE,0.033445096789987,8479639,54,8
2021020710,41,even-strength,66,1,FALSE,FALSE,TRUE,TRUE,TRUE,FALSE,0.08336894371747462,8478434,54,8
2021020710,42,even-strength,78,2,FALSE,TRUE,TRUE,TRUE,TRUE,FALSE,0.28993534448481856,8478434,54,8
2021020710,45,even-strength,57,-18,FALSE,FALSE,TRUE,TRUE,TRUE,FALSE,0.04040808362365452,8476539,54,8
2021020710,46,even-strength,88,-17,FALSE,TRUE,TRUE,TRUE,TRUE,FALSE,0.0793036700626894,8476448,54,8
2021020710,48,even-strength,62,22,FALSE,FALSE,TRUE,TRUE,TRUE,FALSE,0.04728592695549825,8479974,54,8
2021020710,49,even-strength,43,-7,FALSE,FALSE,TRUE,TRUE,TRUE,FALSE,0.02489767067640157,8479353,54,8
2021020710,50,even-strength,71,1,FALSE,FALSE,TRUE,FALSE,FALSE,FALSE,0,8478020,54,8
2021020710,80,even-strength,28,-39,FALSE,FALSE,TRUE,TRUE,TRUE,FALSE,0.00569112794672286,8475188,54,8
2021020710,92,even-strength,59,-32,FALSE,FALSE,TRUE,TRUE,TRUE,FALSE,0.01598443795352488,8482624,54,8
2021020710,202,even-strength,80,0,FALSE,FALSE,TRUE,TRUE,FALSE,FALSE,0.12871969557608282,8474149,54,8
2021020710,203,even-strength,42,33,FALSE,FALSE,TRUE,TRUE,TRUE,FALSE,0.01008165552574497,8475188,54,8
2021020710,206,even-strength,42,29,FALSE,FALSE,TRUE,TRUE,TRUE,FALSE,0.01205741376795119,8477447,54,8
2021020710,207,even-strength,88,4,FALSE,FALSE,TRUE,TRUE,TRUE,FALSE,0.04298966631566664,8476448,54,8
2021020710,213,even-strength,47,-1,FALSE,FALSE,TRUE,FALSE,FALSE,FALSE,0,8482624,54,8
2021020710,214,even-strength,43,25,FALSE,FALSE,TRUE,FALSE,FALSE,FALSE,0,8477018,54,8
2021020710,216,even-strength,58,32,FALSE,FALSE,TRUE,TRUE,TRUE,FALSE,0.02664532955106744,8476448,54,8
2021020710,218,even-strength,58,20,FALSE,FALSE,TRUE,TRUE,TRUE,FALSE,0.06036635019611709,8477478,54,8
2021020710,224,even-strength,74,-2,FALSE,FALSE,TRUE,TRUE,TRUE,FALSE,0.08403675655802052,8474149,54,8
2021020710,225,even-strength,48,21,TRUE,FALSE,TRUE,FALSE,FALSE,FALSE,0,8477478,54,8
2021020710,227,even-strength,64,0,FALSE,FALSE,TRUE,TRUE,TRUE,FALSE,0.07767683823328538,8479353,54,8
2021020710,228,even-strength,73,1,FALSE,TRUE,TRUE,FALSE,FALSE,FALSE,0,8478020,54,8
2021020710,234,penalty-kill,46,28,FALSE,FALSE,TRUE,TRUE,TRUE,FALSE,0.02239424186113881,8478462,54,8
2021020710,235,even-strength,45,18,FALSE,FALSE,TRUE,TRUE,TRUE,FALSE,0.02016134557946222,8474565,54,8
2021020710,236,even-strength,84,-5,TRUE,FALSE,TRUE,TRUE,TRUE,FALSE,0.10904770004858054,8479353,54,8
2021020710,238,even-strength,72,5,FALSE,FALSE,TRUE,FALSE,FALSE,FALSE,0,8478020,54,8
2021020710,239,even-strength,71,-6,FALSE,FALSE,TRUE,FALSE,FALSE,FALSE,0,8478020,54,8
2021020710,245,power-play,38,33,FALSE,FALSE,TRUE,TRUE,TRUE,FALSE,0.02974902528133071,8479639,54,8
2021020710,246,power-play,62,-1,FALSE,FALSE,TRUE,FALSE,FALSE,FALSE,0,8476539,54,8
2021020710,248,power-play,73,0,FALSE,FALSE,TRUE,TRUE,TRUE,TRUE,0.10125174392252168,8476448,54,8
2021020710,363,even-strength,83,-15,FALSE,FALSE,TRUE,TRUE,FALSE,FALSE,0.03068530072323935,8477018,54,8
2021020710,390,even-strength,86,30,FALSE,TRUE,TRUE,TRUE,TRUE,FALSE,0.05857806367377246,8477406,54,8
2021020710,401,even-strength,65,3,FALSE,FALSE,TRUE,FALSE,FALSE,FALSE,0,8479353,54,8
2021020710,403,even-strength,76,3,FALSE,FALSE,TRUE,TRUE,FALSE,FALSE,0.10299931886276976,8474149,54,8
2021020710,404,even-strength,33,-8,FALSE,FALSE,TRUE,TRUE,TRUE,FALSE,0.02021777202007176,8475188,54,8
2021020710,405,even-strength,85,3,FALSE,TRUE,TRUE,TRUE,TRUE,FALSE,0.2435294561918967,8477478,54,8
2021020710,417,even-strength,43,34,FALSE,FALSE,TRUE,TRUE,FALSE,FALSE,0.01609455300726063,8475188,54,8
2021020710,418,even-strength,34,30,FALSE,FALSE,TRUE,TRUE,TRUE,FALSE,0.00854816766829548,8474565,54,8
2021020710,419,even-strength,55,6,FALSE,TRUE,TRUE,TRUE,TRUE,FALSE,0.12292964345092867,8479639,54,8
2021020710,421,even-strength,74,2,FALSE,FALSE,TRUE,TRUE,FALSE,FALSE,0.08593545662910386,8479353,54,8
2021020710,422,even-strength,49,-23,FALSE,FALSE,TRUE,TRUE,TRUE,FALSE,0.02753430917018076,8479639,54,8
2021020710,426,even-strength,62,29,FALSE,FALSE,TRUE,TRUE,TRUE,FALSE,0.02287376901616664,8476539,54,8
2021020710,430,even-strength,77,19,FALSE,FALSE,TRUE,TRUE,FALSE,FALSE,0.04363237077929294,8477406,54,8
2021020710,436,even-strength,82,4,FALSE,FALSE,TRUE,TRUE,TRUE,FALSE,0.10104880267531584,8474149,54,8
2021020710,441,even-strength,-96,-10,FALSE,FALSE,TRUE,TRUE,TRUE,FALSE,9.783784567550576e-5,8477447,54,8
2021020710,443,even-strength,63,-24,FALSE,FALSE,TRUE,TRUE,TRUE,FALSE,0.05312474834249899,8474149,54,8
2021020710,445,even-strength,37,-32,FALSE,FALSE,TRUE,TRUE,TRUE,FALSE,0.01437490178822386,8482624,54,8
2021020710,448,even-strength,73,7,FALSE,FALSE,TRUE,TRUE,TRUE,FALSE,0.05841472781467574,8478462,54,8
2021020710,450,even-strength,56,10,FALSE,FALSE,TRUE,FALSE,FALSE,FALSE,0,8477447,54,8
2021020710,598,even-strength,80,4,FALSE,TRUE,TRUE,FALSE,FALSE,FALSE,0,8477447,54,8
2021020710,602,even-strength,82,-23,FALSE,FALSE,TRUE,TRUE,TRUE,FALSE,0.03356895079919445,8479353,54,8
2021020710,603,even-strength,37,27,FALSE,FALSE,TRUE,TRUE,FALSE,FALSE,0.01088985085818841,8475188,54,8
2021020710,604,even-strength,72,29,FALSE,FALSE,TRUE,TRUE,TRUE,FALSE,0.01946074118222312,8476905,54,8
2021020710,605,even-strength,66,23,FALSE,FALSE,TRUE,TRUE,FALSE,FALSE,0.02905679289542514,8477406,54,8
2021020710,606,even-strength,82,-28,FALSE,FALSE,TRUE,TRUE,TRUE,FALSE,0.03066070294692343,8475188,54,8
2021020710,608,even-strength,63,17,FALSE,FALSE,TRUE,TRUE,TRUE,FALSE,0.03588540114591546,8476539,54,8
2021020710,610,even-strength,71,15,FALSE,FALSE,TRUE,TRUE,TRUE,FALSE,0.05160262892768832,8476448,54,8
2021020710,612,even-strength,43,-23,FALSE,FALSE,TRUE,FALSE,FALSE,FALSE,0,8479639,54,8
2021020710,613,even-strength,50,-33,FALSE,FALSE,TRUE,TRUE,FALSE,FALSE,0.01427495481836079,8479974,54,8
2021020710,615,even-strength,47,29,FALSE,FALSE,TRUE,TRUE,TRUE,FALSE,0.02985112467856262,8474565,54,8
2021020710,617,power-play,72,-18,FALSE,FALSE,TRUE,TRUE,TRUE,TRUE,0.07664043670340133,8476539,54,8
2021020710,618,even-strength,70,-15,FALSE,FALSE,TRUE,FALSE,FALSE,FALSE,0,8475191,54,8
2021020710,621,even-strength,40,-31,TRUE,FALSE,TRUE,FALSE,FALSE,FALSE,0,8474565,54,8
2021020710,622,even-strength,50,-27,FALSE,FALSE,TRUE,TRUE,FALSE,FALSE,0.02145756244414686,8475188,54,8
2021020710,623,even-strength,50,-27,FALSE,FALSE,TRUE,TRUE,TRUE,FALSE,0.01686228704838796,8479639,54,8
2021020710,626,even-strength,82,2,FALSE,FALSE,TRUE,TRUE,TRUE,FALSE,0.14911532273609154,8477478,54,8
2021020710,627,even-strength,83,0,FALSE,TRUE,TRUE,TRUE,TRUE,FALSE,0.36288792742039455,8477478,54,8
2021020710,629,even-strength,71,14,FALSE,FALSE,TRUE,FALSE,FALSE,FALSE,0,8476448,54,8
2021020710,633,even-strength,40,35,FALSE,FALSE,TRUE,TRUE,FALSE,FALSE,0.01055361560845602,8475188,54,8
2021020710,634,even-strength,36,-27,FALSE,FALSE,TRUE,TRUE,FALSE,FALSE,0.01344340066592641,8474565,54,8
2021020710,636,even-strength,16,37,FALSE,FALSE,TRUE,TRUE,TRUE,FALSE,0.003218531485578,8476539,54,8
2021020710,637,even-strength,39,21,FALSE,FALSE,TRUE,FALSE,FALSE,FALSE,0,8476539,54,8
2021020710,646,even-strength,83,23,FALSE,FALSE,TRUE,TRUE,TRUE,FALSE,0.08487978727156964,8476905,54,8
2021020710,714,even-strength,84,5,FALSE,TRUE,TRUE,TRUE,TRUE,FALSE,0.17332244318750328,8476448,54,8
2021020710,726,even-strength,84,0,FALSE,TRUE,TRUE,TRUE,TRUE,FALSE,0.3656726758824067,8477478,54,8
2021020710,802,even-strength,82,0,FALSE,FALSE,TRUE,TRUE,TRUE,FALSE,0.17863080809687215,8476448,54,8
2021020710,804,even-strength,67,4,FALSE,FALSE,TRUE,TRUE,TRUE,TRUE,0.18251886138079107,8477447,54,8
2021020757,311,even-strength,90,6,FALSE,FALSE,TRUE,TRUE,TRUE,TRUE,0.07392939027649774,8481533,24,8
2021020757,315,even-strength,2,-42,TRUE,FALSE,TRUE,TRUE,TRUE,FALSE,0.00344206301492898,8478873,24,8
2021020757,316,even-strength,85,-10,FALSE,FALSE,TRUE,FALSE,FALSE,FALSE,0,8476483,24,8
2021020757,324,even-strength,48,8,FALSE,FALSE,TRUE,TRUE,FALSE,FALSE,0.03315229762602893,8479968,24,8
2021020757,330,even-strength,66,1,FALSE,FALSE,TRUE,TRUE,TRUE,FALSE,0.07652533335797337,8481533,24,8
2021020757,336,even-strength,55,-13,TRUE,FALSE,TRUE,TRUE,TRUE,FALSE,0.08178202194192681,8475164,24,8
2021020757,337,even-strength,82,-8,FALSE,FALSE,TRUE,TRUE,FALSE,FALSE,0.11786355316718236,8479351,24,8
2021020757,341,even-strength,50,2,FALSE,FALSE,TRUE,TRUE,TRUE,TRUE,0.07183329096413661,8481533,24,8
2021020757,344,even-strength,79,-11,FALSE,FALSE,TRUE,FALSE,FALSE,FALSE,0,8478873,24,8
2021020757,346,even-strength,63,12,FALSE,FALSE,TRUE,FALSE,FALSE,FALSE,0,8475764,24,8
2021020757,347,even-strength,69,9,FALSE,FALSE,TRUE,FALSE,FALSE,FALSE,0,8480806,24,8
2021020757,508,even-strength,51,32,FALSE,FALSE,TRUE,FALSE,FALSE,FALSE,0,8475764,24,8
2021020757,509,even-strength,82,0,FALSE,FALSE,TRUE,TRUE,TRUE,FALSE,0.28745316557929257,8478873,24,8
2021020757,512,even-strength,55,29,FALSE,FALSE,TRUE,TRUE,TRUE,FALSE,0.02004729077604627,8475164,24,8
2021020757,516,power-play,74,22,FALSE,FALSE,TRUE,TRUE,TRUE,FALSE,0.07789128803838913,8480031,24,8
2021020757,518,power-play,32,3,FALSE,FALSE,TRUE,TRUE,TRUE,FALSE,0.04370359650570993,8482142,24,8
2021020757,519,even-strength,61,-15,FALSE,FALSE,TRUE,TRUE,FALSE,FALSE,0.02807896414376383,8476483,24,8
2021020757,521,even-strength,72,-24,FALSE,FALSE,TRUE,TRUE,FALSE,FALSE,0.05019499245202676,8478873,24,8
2021020757,523,even-strength,78,-29,FALSE,FALSE,TRUE,TRUE,TRUE,FALSE,0.03165823081740782,8476483,24,8
2021020757,530,power-play,67,-11,FALSE,FALSE,TRUE,TRUE,TRUE,FALSE,0.09069239457153072,8476483,24,8
2021020757,533,even-strength,68,12,FALSE,FALSE,TRUE,TRUE,TRUE,FALSE,0.07730792998841227,8474641,24,8
2021020757,540,even-strength,-18,-36,FALSE,FALSE,TRUE,TRUE,TRUE,FALSE,0.00122077714387705,8474031,24,8
2021020757,543,even-strength,65,30,FALSE,FALSE,TRUE,TRUE,TRUE,FALSE,0.02687252010866213,8476483,24,8
2021020757,547,even-strength,76,-14,FALSE,FALSE,TRUE,TRUE,TRUE,FALSE,0.06034546627124421,8481533,24,8
2021020757,548,even-strength,78,4,FALSE,FALSE,TRUE,FALSE,FALSE,FALSE,0,8479968,24,8
2021020757,549,even-strength,73,17,FALSE,FALSE,TRUE,FALSE,FALSE,FALSE,0,8481533,24,8
2021020772,57,even-strength,61,-8,FALSE,FALSE,TRUE,FALSE,FALSE,FALSE,0,8477998,22,8
2021020772,61,even-strength,60,32,FALSE,FALSE,TRUE,TRUE,TRUE,FALSE,0.0182158894065671,8478021,22,8
2021020772,62,even-strength,53,21,FALSE,FALSE,TRUE,TRUE,FALSE,FALSE,0.01976425310267403,8480802,22,8
2021020772,63,even-strength,51,5,FALSE,FALSE,TRUE,TRUE,FALSE,FALSE,0.03802204276702848,8476913,22,8
2021020772,68,even-strength,64,-25,FALSE,FALSE,TRUE,TRUE,TRUE,FALSE,0.04126998908985598,8476879,22,8
2021020772,73,even-strength,80,-3,FALSE,FALSE,TRUE,TRUE,TRUE,TRUE,0.127485456870635,8475169,22,8
2021020772,74,even-strength,36,-18,FALSE,FALSE,TRUE,TRUE,TRUE,FALSE,0.01536809158586703,8476879,22,8
2021020772,76,even-strength,39,-30,FALSE,FALSE,TRUE,TRUE,FALSE,FALSE,0.01177666137270356,8471729,22,8
2021020772,78,even-strength,83,-2,FALSE,FALSE,TRUE,TRUE,TRUE,TRUE,0.1113892350992374,8475786,22,8
2021020772,79,even-strength,83,16,FALSE,FALSE,TRUE,TRUE,TRUE,FALSE,0.04743753698094378,8477998,22,8
2021020772,81,even-strength,80,1,FALSE,FALSE,TRUE,TRUE,TRUE,TRUE,0.14046421183212932,8477934,22,8
2021020772,84,even-strength,34,-18,FALSE,FALSE,TRUE,TRUE,TRUE,FALSE,0.01416055361715644,8470281,22,8
2021020772,85,even-strength,80,-13,FALSE,FALSE,TRUE,TRUE,FALSE,FALSE,0.05619852419316484,8477498,22,8
2021020772,87,even-strength,81,-3,FALSE,FALSE,TRUE,TRUE,TRUE,FALSE,0.1193786293090543,8477934,22,8
2021020772,89,even-strength,72,1,FALSE,FALSE,TRUE,TRUE,TRUE,FALSE,0.11812052876100036,8479977,22,8
2021020772,367,even-strength,77,-10,FALSE,FALSE,TRUE,TRUE,TRUE,TRUE,0.10450531302170052,8476454,22,8
2021020772,370,even-strength,71,27,FALSE,FALSE,TRUE,TRUE,TRUE,FALSE,0.04314550663583589,8477498,22,8
2021020772,378,even-strength,53,30,FALSE,FALSE,TRUE,TRUE,FALSE,FALSE,0.02193629349808696,8477998,22,8
2021020772,379,even-strength,88,19,FALSE,FALSE,TRUE,TRUE,TRUE,FALSE,0.02786415401971938,8477998,22,8
2021020772,385,even-strength,71,20,FALSE,FALSE,TRUE,TRUE,TRUE,FALSE,0.04537353916051981,8478402,22,8
2021020772,389,even-strength,72,-14,FALSE,FALSE,TRUE,TRUE,TRUE,TRUE,0.06433164793267784,8475786,22,8
2021020772,393,even-strength,84,-9,FALSE,TRUE,TRUE,TRUE,TRUE,TRUE,0.18200650718088843,8477934,22,8
2021020772,394,even-strength,76,1,FALSE,FALSE,TRUE,FALSE,FALSE,FALSE,0,8477998,22,8
2021020772,397,even-strength,71,2,FALSE,FALSE,TRUE,FALSE,FALSE,FALSE,0,8475169,22,8
2021020783,53,even-strength,56,-21,FALSE,FALSE,TRUE,FALSE,FALSE,FALSE,0,8482475,29,8
2021020783,54,even-strength,63,16,FALSE,FALSE,TRUE,TRUE,FALSE,FALSE,0.03748102929125234,8482475,29,8
2021020783,59,even-strength,15,-36,FALSE,FALSE,TRUE,TRUE,TRUE,FALSE,0.00314190291936605,8480205,29,8
2021020783,61,even-strength,50,-27,FALSE,FALSE,TRUE,TRUE,TRUE,FALSE,0.01569861593835898,8480205,29,8
2021020783,62,even-strength,61,29,FALSE,FALSE,TRUE,TRUE,TRUE,FALSE,0.01974245995727354,8480762,29,8
2021020783,64,even-strength,34,-39,TRUE,FALSE,TRUE,TRUE,FALSE,FALSE,0.01417513254925334,8480871,29,8
2021020783,65,even-strength,49,19,FALSE,FALSE,TRUE,TRUE,TRUE,TRUE,0.02496704981319717,8479339,29,8
2021020783,68,even-strength,61,31,FALSE,FALSE,TRUE,TRUE,TRUE,FALSE,0.02771842427508731,8480205,29,8
2021020783,73,even-strength,81,3,FALSE,FALSE,TRUE,FALSE,FALSE,FALSE,0,8478460,29,8
2021020783,78,even-strength,52,-13,FALSE,FALSE,TRUE,TRUE,TRUE,TRUE,0.04242501623623696,8478458,29,8
2021020783,81,penalty-kill,65,5,FALSE,FALSE,TRUE,TRUE,TRUE,TRUE,0.14466132517252311,8480762,29,8
2021020796,151,even-strength,52,-4,TRUE,FALSE,TRUE,TRUE,FALSE,FALSE,0.08021548500774342,8475158,19,8
2021020796,152,even-strength,34,33,FALSE,FALSE,TRUE,TRUE,TRUE,FALSE,0.00801237407426729,8478859,19,8
2021020796,154,even-strength,33,23,FALSE,FALSE,TRUE,TRUE,TRUE,FALSE,0.01238108019816756,8478013,19,8
2021020796,156,even-strength,56,-4,FALSE,FALSE,TRUE,TRUE,TRUE,FALSE,0.05843602453813417,8477402,19,8
2021020796,157,even-strength,68,-5,FALSE,FALSE,TRUE,FALSE,FALSE,FALSE,0,8474102,19,8
2021020796,159,penalty-kill,-90,-14,FALSE,FALSE,TRUE,TRUE,TRUE,FALSE,4.0735404725268393e-4,8476892,19,8
2021020796,162,penalty-kill,-85,-26,FALSE,FALSE,TRUE,TRUE,TRUE,FALSE,3.512157878553983e-4,8475753,19,8
2021020796,168,even-strength,74,9,TRUE,FALSE,TRUE,TRUE,TRUE,FALSE,0.07818943291400991,8478859,19,8
2021020796,169,even-strength,36,12,FALSE,FALSE,TRUE,TRUE,TRUE,FALSE,0.01712757528522301,8476892,19,8
2021020796,171,even-strength,67,-12,FALSE,FALSE,TRUE,FALSE,FALSE,FALSE,0,8479385,19,8
2021020796,175,even-strength,66,-19,FALSE,FALSE,TRUE,TRUE,TRUE,FALSE,0.03615779265911764,8474102,19,8
2021020796,176,even-strength,49,34,FALSE,TRUE,TRUE,FALSE,FALSE,FALSE,0,8477964,19,8
2021020796,184,penalty-kill,77,-8,FALSE,FALSE,TRUE,TRUE,TRUE,TRUE,0.064738063802677,8480023,19,8
2021020796,191,even-strength,74,3,FALSE,FALSE,TRUE,TRUE,TRUE,FALSE,0.11611242246588444,8480023,19,8
2021020796,194,even-strength,58,11,FALSE,FALSE,TRUE,TRUE,FALSE,FALSE,0.0557010557471687,8475753,19,8
2021020796,195,even-strength,47,0,FALSE,FALSE,TRUE,TRUE,TRUE,FALSE,0.03555455381872634,8479385,19,8
2021020796,356,even-strength,67,-32,FALSE,FALSE,TRUE,TRUE,FALSE,FALSE,0.05408350262192561,8476792,19,8
2021020796,367,even-strength,73,-18,FALSE,FALSE,TRUE,TRUE,TRUE,FALSE,0.03622489990495667,8480011,19,8
2021020796,368,even-strength,82,0,FALSE,FALSE,TRUE,TRUE,TRUE,FALSE,0.16354159354193046,8475765,19,8
2021020796,375,even-strength,45,-29,TRUE,FALSE,TRUE,TRUE,TRUE,FALSE,0.04280624995761535,8475753,19,8
2021020796,376,even-strength,29,31,TRUE,FALSE,TRUE,TRUE,TRUE,FALSE,0.01320028331091138,8476792,19,8
2021020796,377,even-strength,82,0,TRUE,FALSE,TRUE,TRUE,TRUE,FALSE,0.23705401980969815,8480023,19,8
2021020796,378,even-strength,30,13,TRUE,FALSE,TRUE,TRUE,TRUE,FALSE,0.03558588234187138,8478013,19,8
2021020796,379,even-strength,72,-17,FALSE,TRUE,TRUE,FALSE,FALSE,FALSE,0,8475765,19,8
2021020796,380,even-strength,62,-4,FALSE,FALSE,TRUE,TRUE,TRUE,FALSE,0.05232951572816013,8480023,19,8
2021020796,381,even-strength,79,0,FALSE,FALSE,TRUE,FALSE,FALSE,FALSE,0,8477964,19,8
2021020796,382,even-strength,68,19,FALSE,FALSE,TRUE,FALSE,FALSE,FALSE,0,8478057,19,8
2021020796,387,even-strength,76,1,FALSE,FALSE,TRUE,TRUE,FALSE,FALSE,0.10761848454881846,8480023,19,8
2021020796,388,even-strength,83,-12,FALSE,FALSE,TRUE,TRUE,TRUE,FALSE,0.05695485704592345,8474102,19,8
2021020796,391,even-strength,76,-7,FALSE,FALSE,TRUE,FALSE,FALSE,FALSE,0,8478057,19,8
2021020796,396,even-strength,29,33,FALSE,FALSE,TRUE,TRUE,TRUE,FALSE,0.00999042307895714,8476792,19,8
2021020796,397,even-strength,49,10,FALSE,FALSE,TRUE,TRUE,FALSE,FALSE,0.03831728020900603,8475765,19,8
2021020796,398,even-strength,55,16,FALSE,FALSE,TRUE,TRUE,TRUE,FALSE,0.04231590328748452,8475765,19,8
2021020796,399,even-strength,85,31,FALSE,FALSE,TRUE,TRUE,TRUE,FALSE,0.04037238891613323,8475765,19,8
2021020796,801,power-play,74,-19,TRUE,FALSE,TRUE,TRUE,FALSE,FALSE,0.11868173739557274,8480023,19,8
2021020796,802,power-play,55,13,FALSE,FALSE,TRUE,TRUE,FALSE,FALSE,0.1109554654664478,8475765,19,8
2021020796,803,power-play,70,-2,FALSE,FALSE,TRUE,TRUE,TRUE,FALSE,0.1293089901046834,8480023,19,8
2021020796,804,power-play,62,12,FALSE,FALSE,TRUE,TRUE,TRUE,FALSE,0.06552863479285334,8475158,19,8
2021020796,805,power-play,78,-1,FALSE,FALSE,TRUE,TRUE,FALSE,FALSE,0.14283043260430292,8480023,19,8
2021020796,807,even-strength,54,9,FALSE,FALSE,TRUE,TRUE,TRUE,FALSE,0.05041854199902041,8475158,19,8
2021020796,809,even-strength,82,-10,FALSE,FALSE,TRUE,TRUE,TRUE,FALSE,0.07635646807845507,8474102,19,8
2021020796,810,even-strength,85,-12,FALSE,FALSE,TRUE,FALSE,FALSE,FALSE,0,8474102,19,8
2021020796,811,even-strength,74,21,FALSE,FALSE,TRUE,TRUE,FALSE,FALSE,0.0286329996283936,8476792,19,8
2021020796,812,even-strength,72,-30,FALSE,FALSE,TRUE,TRUE,TRUE,TRUE,0.03389103605193928,8477402,19,8
2021020796,815,even-strength,76,-8,FALSE,FALSE,TRUE,FALSE,FALSE,FALSE,0,8475765,19,8
2021020796,816,even-strength,75,-14,FALSE,FALSE,TRUE,TRUE,FALSE,FALSE,0.07006767838903832,8475765,19,8
2021020796,817,even-strength,79,2,FALSE,FALSE,TRUE,FALSE,FALSE,FALSE,0,8475753,19,8
2021020856,152,even-strength,36,30,TRUE,FALSE,TRUE,TRUE,TRUE,FALSE,0.02401604613278691,8476470,52,8
2021020856,154,even-strength,79,3,FALSE,FALSE,TRUE,FALSE,FALSE,FALSE,0,8471218,52,8
2021020856,155,even-strength,77,3,FALSE,FALSE,TRUE,TRUE,TRUE,TRUE,0.09945099592026596,8478431,52,8
2021020856,156,even-strength,35,18,FALSE,FALSE,TRUE,TRUE,TRUE,TRUE,0.01825637535034418,8477220,52,8
2021020856,160,even-strength,81,-2,FALSE,FALSE,TRUE,TRUE,TRUE,TRUE,0.15361141420409907,8476392,52,8
2021020856,161,power-play,68,-16,FALSE,FALSE,TRUE,TRUE,TRUE,FALSE,0.10604768290434188,8478398,52,8
2021020856,162,even-strength,67,1,FALSE,FALSE,TRUE,TRUE,TRUE,TRUE,0.0862809401611705,8476460,52,8
2021020856,164,even-strength,68,3,FALSE,FALSE,TRUE,FALSE,FALSE,FALSE,0,8477504,52,8
2021020856,180,even-strength,67,-18,FALSE,FALSE,TRUE,TRUE,TRUE,FALSE,0.09428824765524096,8479400,52,8
2021020856,181,power-play,50,-25,FALSE,FALSE,TRUE,TRUE,TRUE,FALSE,0.0463923371727628,8477504,52,8
2021020856,182,even-strength,39,-3,FALSE,FALSE,TRUE,TRUE,TRUE,FALSE,0.03183976438554353,8477504,52,8
2021020856,187,even-strength,72,-1,FALSE,FALSE,TRUE,FALSE,FALSE,FALSE,0,8476331,52,8
2021020856,189,even-strength,40,21,FALSE,FALSE,TRUE,TRUE,TRUE,FALSE,0.02124424529273963,8476470,52,8
2021020856,190,even-strength,46,7,FALSE,FALSE,TRUE,FALSE,FALSE,FALSE,0,8477220,52,8
2021020856,191,even-strength,78,-27,FALSE,FALSE,TRUE,TRUE,TRUE,FALSE,0.04424826985156939,8479400,52,8
2021020856,192,even-strength,68,16,FALSE,FALSE,TRUE,FALSE,FALSE,FALSE,0,8475455,52,8
2021020856,197,penalty-kill,52,-4,FALSE,FALSE,TRUE,TRUE,TRUE,FALSE,0.02763973107201922,8478398,52,8
2021020856,451,even-strength,36,-30,FALSE,FALSE,TRUE,TRUE,TRUE,FALSE,0.01372019258156945,8478424,52,8
2021020856,452,even-strength,71,1,FALSE,FALSE,TRUE,FALSE,FALSE,FALSE,0,8476331,52,8
2021020856,453,even-strength,80,8,FALSE,FALSE,TRUE,FALSE,FALSE,FALSE,0,8477504,52,8
2021020856,456,power-play,74,-6,FALSE,FALSE,TRUE,FALSE,FALSE,FALSE,0,8478398,52,8
2021020856,457,power-play,79,12,FALSE,FALSE,TRUE,TRUE,FALSE,FALSE,0.16641586660116292,8476460,52,8
2021020856,459,power-play,80,20,FALSE,FALSE,TRUE,TRUE,TRUE,TRUE,0.08752975168498082,8477429,52,8
2021020856,460,even-strength,70,17,FALSE,FALSE,TRUE,TRUE,TRUE,FALSE,0.0780876692549442,8480145,52,8
2021020856,461,even-strength,57,3,FALSE,FALSE,TRUE,TRUE,TRUE,FALSE,0.0740775362628346,8478398,52,8
2021020856,463,even-strength,85,-12,FALSE,FALSE,TRUE,TRUE,TRUE,FALSE,0.06536148672243862,8471669,52,8
2021020856,464,even-strength,63,27,FALSE,FALSE,TRUE,TRUE,TRUE,FALSE,0.02430554984360864,8477429,52,8
2021020856,465,even-strength,74,1,FALSE,FALSE,TRUE,TRUE,FALSE,FALSE,0.15078395560412272,8476392,52,8
2021020856,466,power-play,54,2,FALSE,FALSE,TRUE,FALSE,FALSE,FALSE,0,8479400,52,8
2021020856,467,power-play,53,23,FALSE,FALSE,TRUE,TRUE,FALSE,FALSE,0.08786686324682914,8476460,52,8
2021020856,468,power-play,68,2,FALSE,FALSE,TRUE,TRUE,TRUE,FALSE,0.09566571256142974,8479400,52,8
2021020856,469,power-play,92,13,FALSE,FALSE,TRUE,TRUE,TRUE,TRUE,0.10028139879918509,8476460,52,8
2021020856,470,even-strength,77,-2,FALSE,FALSE,TRUE,TRUE,TRUE,FALSE,0.14112479731570293,8480005,52,8
2021020856,472,even-strength,78,5,FALSE,FALSE,TRUE,TRUE,TRUE,FALSE,0.11819109397624938,8479400,52,8
2021020856,473,even-strength,78,5,FALSE,TRUE,TRUE,TRUE,FALSE,FALSE,0.25697096297845673,8479400,52,8
2021020856,475,power-play,67,-7,FALSE,FALSE,TRUE,TRUE,TRUE,TRUE,0.10982360002126064,8479400,52,8
2021020887,58,even-strength,35,36,FALSE,FALSE,TRUE,TRUE,FALSE,FALSE,0.01018159246165954,8470281,22,8
2021020887,62,even-strength,57,-30,FALSE,FALSE,TRUE,TRUE,TRUE,FALSE,0.02123209856950663,8475169,22,8
2021020887,63,even-strength,79,3,FALSE,FALSE,TRUE,TRUE,TRUE,FALSE,0.17872468730688088,8480802,22,8
2021020887,64,even-strength,38,-26,FALSE,FALSE,TRUE,TRUE,TRUE,FALSE,0.01546549959653987,8481598,22,8
2021020887,65,even-strength,66,-1,FALSE,FALSE,TRUE,FALSE,FALSE,FALSE,0,8481598,22,8
2021020887,67,even-strength,54,20,FALSE,FALSE,TRUE,TRUE,TRUE,FALSE,0.03027327767900344,8475786,22,8
2021020887,70,even-strength,86,-4,FALSE,FALSE,TRUE,TRUE,TRUE,FALSE,0.05759842712978007,8475169,22,8
2021020887,71,even-strength,85,-7,TRUE,TRUE,TRUE,TRUE,FALSE,FALSE,0.16223136719226422,8477934,22,8
2021020887,72,even-strength,47,-24,TRUE,FALSE,TRUE,TRUE,TRUE,FALSE,0.03130999882930702,8478585,22,8
2021020887,73,even-strength,55,-2,FALSE,FALSE,TRUE,FALSE,FALSE,FALSE,0,8474068,22,8
2021020887,75,even-strength,40,-27,FALSE,FALSE,TRUE,TRUE,FALSE,FALSE,0.01679814504395196,8480803,22,8
2021020887,76,even-strength,56,38,FALSE,FALSE,TRUE,TRUE,FALSE,FALSE,0.01436187288094972,8470281,22,8
2021020887,78,even-strength,72,3,TRUE,FALSE,TRUE,TRUE,TRUE,TRUE,0.15640556645213124,8475169,22,8
2021020887,83,even-strength,57,18,FALSE,FALSE,TRUE,FALSE,FALSE,FALSE,0,8470281,22,8
2021020887,84,even-strength,57,17,FALSE,FALSE,TRUE,TRUE,TRUE,FALSE,0.03256155614102262,8475169,22,8
2021020887,85,even-strength,63,-13,FALSE,FALSE,TRUE,FALSE,FALSE,FALSE,0,8477934,22,8
2021020887,86,even-strength,33,-8,FALSE,FALSE,TRUE,TRUE,FALSE,FALSE,0.02610974226233281,8481598,22,8
2021020887,87,even-strength,46,-6,TRUE,FALSE,TRUE,TRUE,FALSE,FALSE,0.05776610101523062,8477998,22,8
2021020887,88,even-strength,80,3,TRUE,FALSE,TRUE,TRUE,TRUE,FALSE,0.2161675404958456,8479977,22,8
2021020887,96,even-strength,76,4,FALSE,FALSE,TRUE,TRUE,TRUE,FALSE,0.17598638837158162,8478402,22,8
2021020887,354,even-strength,52,24,FALSE,FALSE,TRUE,TRUE,FALSE,FALSE,0.02839975664950085,8477498,22,8
2021020887,356,even-strength,33,21,FALSE,FALSE,TRUE,TRUE,TRUE,FALSE,0.02108122636125334,8475169,22,8
2021020887,361,even-strength,83,-3,FALSE,FALSE,TRUE,TRUE,TRUE,FALSE,0.09432724601907386,8475786,22,8
2021020887,362,even-strength,87,-6,FALSE,TRUE,TRUE,TRUE,TRUE,TRUE,0.15184523422912527,8480802,22,8
2021020887,364,power-play,79,0,FALSE,FALSE,TRUE,TRUE,FALSE,FALSE,0.1617453815367402,8475786,22,8
2021020887,365,power-play,66,-22,FALSE,FALSE,TRUE,TRUE,FALSE,FALSE,0.07264750541469847,8477934,22,8
2021020887,377,even-strength,46,-18,FALSE,FALSE,TRUE,TRUE,TRUE,FALSE,0.02233159680278119,8481598,22,8
2021020887,380,power-play,78,-25,FALSE,FALSE,TRUE,TRUE,TRUE,FALSE,0.07078097625078399,8475786,22,8
2021020887,381,power-play,56,-1,FALSE,FALSE,TRUE,TRUE,TRUE,FALSE,0.09303984225572244,8475169,22,8
2021020887,382,power-play,80,-6,FALSE,FALSE,TRUE,FALSE,FALSE,FALSE,0,8477934,22,8
2021020887,388,even-strength,54,-30,FALSE,FALSE,TRUE,TRUE,FALSE,FALSE,0.02347961733706612,8480803,22,8
2021020887,389,even-strength,80,-5,FALSE,FALSE,TRUE,FALSE,FALSE,FALSE,0,8479977,22,8
2021020887,391,even-strength,57,-35,FALSE,FALSE,TRUE,TRUE,TRUE,FALSE,0.02151412792312095,8476879,22,8
2021020887,392,even-strength,80,-1,FALSE,FALSE,TRUE,TRUE,TRUE,FALSE,0.10373955029752822,8477998,22,8
2021020887,393,even-strength,45,-23,FALSE,FALSE,TRUE,TRUE,TRUE,FALSE,0.02082560282426216,8478021,22,8
2021020887,702,even-strength,46,19,FALSE,FALSE,TRUE,TRUE,TRUE,FALSE,0.02594404515065851,8476913,22,8
2021020887,705,even-strength,42,17,FALSE,FALSE,TRUE,TRUE,TRUE,FALSE,0.04106722848744765,8477498,22,8
2021020887,707,power-play,88,-17,TRUE,FALSE,TRUE,TRUE,TRUE,FALSE,0.11371276859185069,8475786,22,8
2021020887,718,even-strength,66,-38,FALSE,FALSE,TRUE,TRUE,FALSE,FALSE,0.02152032490622522,8477934,22,8
2021020887,719,even-strength,34,-13,FALSE,FALSE,TRUE,TRUE,TRUE,FALSE,0.02456960602784786,8478021,22,8
2021020887,721,even-strength,61,12,FALSE,FALSE,TRUE,FALSE,FALSE,FALSE,0,8475786,22,8
2021020887,722,even-strength,65,22,FALSE,FALSE,TRUE,TRUE,FALSE,FALSE,0.03810612640078927,8479338,22,8
2021020887,726,penalty-kill,-77,1,FALSE,FALSE,TRUE,TRUE,TRUE,FALSE,0.00119932333598495,8479338,22,8
2021020887,729,penalty-kill,51,29,FALSE,FALSE,TRUE,TRUE,TRUE,FALSE,0.05430528056292912,8477934,22,8
2021020887,731,even-strength,85,9,FALSE,FALSE,TRUE,TRUE,TRUE,FALSE,0.09617650537205484,8481598,22,8
2021020887,735,power-play,67,14,FALSE,FALSE,TRUE,TRUE,TRUE,FALSE,0.09558773956464642,8478402,22,8
2021020887,736,power-play,73,-4,FALSE,FALSE,TRUE,FALSE,FALSE,FALSE,0,8477498,22,8
2021020887,737,even-strength,62,3,TRUE,FALSE,TRUE,FALSE,FALSE,FALSE,0,8479977,22,8
2021020887,738,even-strength,39,4,FALSE,FALSE,TRUE,TRUE,TRUE,FALSE,0.02467964789139867,8477498,22,8
2021020887,741,even-strength,47,19,FALSE,FALSE,TRUE,TRUE,TRUE,FALSE,0.02830825094845034,8481598,22,8
2021020887,742,even-strength,38,-28,FALSE,FALSE,TRUE,TRUE,TRUE,FALSE,0.01818947338667257,8476879,22,8
2021020914,55,even-strength,70,28,FALSE,FALSE,TRUE,TRUE,FALSE,FALSE,0.03591757430035834,8481535,23,8
2021020914,57,power-play,63,1,FALSE,FALSE,TRUE,FALSE,FALSE,FALSE,0,8480012,23,8
2021020914,58,power-play,71,-27,FALSE,FALSE,TRUE,TRUE,TRUE,FALSE,0.04971424279406761,8480012,23,8
2021020914,59,even-strength,48,-15,FALSE,FALSE,TRUE,TRUE,TRUE,FALSE,0.02554257430344328,8478146,23,8
2021020914,62,even-strength,83,-8,FALSE,FALSE,TRUE,TRUE,TRUE,FALSE,0.04975847518584347,8481535,23,8
2021020914,63,even-strength,83,-11,FALSE,FALSE,TRUE,TRUE,FALSE,FALSE,0.0365183443057296,8480012,23,8
2021020914,64,even-strength,35,0,FALSE,FALSE,TRUE,TRUE,TRUE,FALSE,0.02498181320943669,8474574,23,8
2021020914,65,even-strength,78,-1,FALSE,FALSE,TRUE,TRUE,FALSE,FALSE,0.09021000317218672,8481535,23,8
2021020914,67,even-strength,44,-5,FALSE,FALSE,TRUE,FALSE,FALSE,FALSE,0,8474568,23,8
2021020914,68,even-strength,78,-28,FALSE,FALSE,TRUE,TRUE,TRUE,FALSE,0.03079885662249231,8477996,23,8
2021020914,72,even-strength,43,10,FALSE,FALSE,TRUE,FALSE,FALSE,FALSE,0,8478444,23,8
2021020914,75,even-strength,78,0,FALSE,FALSE,TRUE,TRUE,FALSE,FALSE,0.1706961067470682,8477500,23,8
2021020914,76,even-strength,82,18,FALSE,FALSE,TRUE,TRUE,TRUE,FALSE,0.03957745992864515,8477500,23,8
2021020914,78,even-strength,72,-3,FALSE,FALSE,TRUE,FALSE,FALSE,FALSE,0,8474568,23,8
2021020914,80,even-strength,78,-9,FALSE,FALSE,TRUE,TRUE,FALSE,FALSE,0.08328329364998156,8478444,23,8
2021020914,81,even-strength,79,8,FALSE,FALSE,TRUE,TRUE,FALSE,FALSE,0.1017058938067896,8478444,23,8
2021020914,82,even-strength,47,-19,FALSE,FALSE,TRUE,TRUE,TRUE,TRUE,0.02383578780352197,8474612,23,8
2021020914,83,even-strength,67,0,FALSE,TRUE,TRUE,TRUE,FALSE,FALSE,0.2074567681161368,8476468,23,8
2021020914,85,even-strength,76,5,FALSE,FALSE,TRUE,TRUE,FALSE,FALSE,0.10868741945069922,8478146,23,8
2021020914,87,even-strength,37,-14,FALSE,FALSE,TRUE,TRUE,FALSE,FALSE,0.02286012798339998,8474612,23,8
2021020914,94,even-strength,73,-1,FALSE,FALSE,TRUE,TRUE,FALSE,FALSE,0.11050540778301172,8476871,23,8
2021020914,99,even-strength,36,-28,FALSE,FALSE,TRUE,TRUE,FALSE,FALSE,0.01290764601757079,8474574,23,8
2021020914,100,even-strength,78,5,FALSE,FALSE,TRUE,TRUE,TRUE,FALSE,0.06576512340757272,8478444,23,8
2021020914,351,even-strength,83,8,FALSE,TRUE,TRUE,TRUE,FALSE,FALSE,0.16353618371890427,8476871,23,8
2021020914,353,power-play,40,-16,FALSE,FALSE,TRUE,TRUE,TRUE,FALSE,0.04397303476565841,8480012,23,8
2021020914,354,power-play,44,-6,FALSE,FALSE,TRUE,TRUE,TRUE,FALSE,0.03486364199543557,8480800,23,8
2021020914,357,power-play,84,10,FALSE,FALSE,TRUE,TRUE,TRUE,FALSE,0.08414571920552116,8475163,23,8
2021020914,358,power-play,74,-5,FALSE,FALSE,TRUE,FALSE,FALSE,FALSE,0,8476871,23,8
2021020914,359,even-strength,75,-3,FALSE,FALSE,TRUE,FALSE,FALSE,FALSE,0,8478856,23,8
2021020914,361,even-strength,86,-16,TRUE,FALSE,TRUE,TRUE,FALSE,FALSE,0.0765008374030052,8477353,23,8
2021020914,362,even-strength,50,-20,FALSE,FALSE,TRUE,FALSE,FALSE,FALSE,0,8474612,23,8
2021020914,363,even-strength,85,-9,FALSE,FALSE,TRUE,TRUE,TRUE,FALSE,0.03070340387798448,8477996,23,8
2021020914,364,even-strength,83,9,FALSE,FALSE,TRUE,FALSE,FALSE,FALSE,0,8477996,23,8
2021020914,366,even-strength,57,-25,TRUE,FALSE,TRUE,FALSE,FALSE,FALSE,0,8474568,23,8
2021020914,367,even-strength,77,10,FALSE,FALSE,TRUE,FALSE,FALSE,FALSE,0,8478856,23,8
2021020914,379,even-strength,51,-11,FALSE,FALSE,TRUE,TRUE,TRUE,FALSE,0.0394145581513486,8478444,23,8
2021020914,382,power-play,84,8,FALSE,FALSE,TRUE,TRUE,TRUE,FALSE,0.1048266963748166,8478444,23,8
2021020914,383,power-play,83,5,FALSE,TRUE,TRUE,TRUE,TRUE,TRUE,0.25238343219814,8478444,23,8
2021020914,384,even-strength,35,-29,FALSE,FALSE,TRUE,TRUE,TRUE,FALSE,0.00912308747763332,8474568,23,8
2021020914,385,even-strength,78,1,FALSE,FALSE,TRUE,TRUE,FALSE,FALSE,0.09943849357328034,8478146,23,8
2021020914,390,even-strength,36,-27,FALSE,FALSE,TRUE,TRUE,TRUE,FALSE,0.0147839859548072,8474568,23,8
2021020914,396,even-strength,59,-17,FALSE,FALSE,TRUE,TRUE,FALSE,FALSE,0.03120003299897334,8478146,23,8
2021020914,397,even-strength,75,4,FALSE,FALSE,TRUE,TRUE,TRUE,FALSE,0.07933608776415854,8477996,23,8
2021020914,400,even-strength,40,19,FALSE,FALSE,TRUE,TRUE,TRUE,FALSE,0.01928407695360562,8476779,23,8
2021020914,452,even-strength,36,-30,FALSE,FALSE,TRUE,TRUE,TRUE,FALSE,0.01437438721294894,8474568,23,8
2021020914,455,even-strength,81,11,FALSE,FALSE,TRUE,TRUE,TRUE,FALSE,0.09289399622826698,8478856,23,8
2021020914,465,even-strength,61,-25,FALSE,FALSE,TRUE,TRUE,FALSE,FALSE,0.02206013428103355,8477996,23,8
2021020914,466,even-strength,68,33,FALSE,FALSE,TRUE,TRUE,FALSE,FALSE,0.0224594329813549,8478856,23,8
2021020914,470,even-strength,58,31,FALSE,FALSE,TRUE,TRUE,FALSE,FALSE,0.01670056598054479,8481617,23,8
2021020914,472,even-strength,65,17,FALSE,FALSE,TRUE,FALSE,FALSE,FALSE,0,8480800,23,8
2021020914,473,even-strength,52,-35,FALSE,FALSE,TRUE,TRUE,FALSE,FALSE,0.01274705489832803,8474568,23,8
2021020914,474,even-strength,56,-6,FALSE,FALSE,TRUE,TRUE,TRUE,FALSE,0.05837646940016353,8476871,23,8
2021020914,478,even-strength,34,34,FALSE,FALSE,TRUE,TRUE,FALSE,FALSE,0.00866458531170085,8475171,23,8
2021020914,479,even-strength,86,-6,FALSE,FALSE,TRUE,FALSE,FALSE,FALSE,0,8477500,23,8
2021020914,480,even-strength,59,2,TRUE,FALSE,TRUE,TRUE,TRUE,TRUE,0.12200308155392274,8476468,23,8
2021020914,482,even-strength,66,9,FALSE,FALSE,TRUE,TRUE,TRUE,FALSE,0.07033089054230095,8478856,23,8
2021020914,483,even-strength,53,6,FALSE,TRUE,TRUE,TRUE,TRUE,FALSE,0.10592827415953802,8476779,23,8
2021020914,485,even-strength,69,4,FALSE,FALSE,TRUE,FALSE,FALSE,FALSE,0,8474612,23,8
2021020914,487,even-strength,71,4,FALSE,FALSE,TRUE,FALSE,FALSE,FALSE,0,8478146,23,8
2021020914,490,power-play,63,10,FALSE,FALSE,TRUE,TRUE,TRUE,FALSE,0.1066760682983772,8477500,23,8
2021020914,491,power-play,61,7,FALSE,FALSE,TRUE,TRUE,TRUE,FALSE,0.06645546276501825,8477500,23,8
2021020914,493,power-play,55,20,FALSE,FALSE,TRUE,TRUE,TRUE,TRUE,0.06771071794461786,8480012,23,8
2021020914,494,even-strength,3,5,FALSE,FALSE,TRUE,TRUE,TRUE,FALSE,0.0043701566046168,8477353,23,8
2021020914,496,even-strength,58,25,FALSE,FALSE,TRUE,TRUE,TRUE,FALSE,0.04316309782313944,8480012,23,8
2021020914,713,even-strength,73,5,FALSE,FALSE,TRUE,TRUE,TRUE,FALSE,0.1255320240497881,8480012,23,8
2021020914,714,even-strength,43,2,FALSE,FALSE,TRUE,FALSE,FALSE,FALSE,0,8474574,23,8
2021020914,718,even-strength,87,-6,FALSE,FALSE,TRUE,TRUE,TRUE,FALSE,0.07395403435563565,8480012,23,8
2021020914,722,even-strength,78,0,FALSE,FALSE,TRUE,TRUE,FALSE,FALSE,0.14604683059738913,8478146,23,8
2021020933,151,even-strength,75,-16,FALSE,FALSE,TRUE,TRUE,FALSE,FALSE,0.06031404344363313,8479987,55,8
2021020933,152,even-strength,63,-39,FALSE,FALSE,TRUE,TRUE,TRUE,FALSE,0.01606413418680351,8474586,55,8
2021020933,156,even-strength,40,-29,TRUE,FALSE,TRUE,TRUE,TRUE,FALSE,0.02635617350757652,8478468,55,8
2021020933,157,even-strength,78,5,FALSE,FALSE,TRUE,TRUE,FALSE,FALSE,0.08696230525939586,8479986,55,8
2021020933,164,even-strength,55,23,FALSE,FALSE,TRUE,FALSE,FALSE,FALSE,0,8477955,55,8
2021020933,165,even-strength,56,-37,TRUE,FALSE,TRUE,TRUE,TRUE,FALSE,0.02576617918657426,8476457,55,8
2021020933,168,penalty-kill,48,-38,FALSE,FALSE,TRUE,TRUE,TRUE,FALSE,0.01646628672488857,8476278,55,8
2021020933,169,penalty-kill,79,-14,FALSE,TRUE,TRUE,TRUE,TRUE,TRUE,0.13116459618153714,8476826,55,8
2021020933,173,even-strength,80,-1,TRUE,FALSE,TRUE,FALSE,FALSE,FALSE,0,8477955,55,8
2021020933,176,even-strength,78,-3,FALSE,FALSE,TRUE,FALSE,FALSE,FALSE,0,8476457,55,8
2021020933,177,even-strength,69,-23,TRUE,FALSE,TRUE,TRUE,TRUE,FALSE,0.06574754347877584,8478468,55,8
2021020933,181,even-strength,69,14,TRUE,FALSE,TRUE,TRUE,FALSE,FALSE,0.11198424179126398,8475149,55,8
2021020933,182,even-strength,70,-13,FALSE,TRUE,TRUE,TRUE,TRUE,TRUE,0.1544918570735528,8477987,55,8
2021020933,187,even-strength,85,32,FALSE,FALSE,TRUE,TRUE,TRUE,FALSE,0.02095198766833473,8470966,55,8
2021020933,188,even-strength,67,-39,FALSE,FALSE,TRUE,TRUE,TRUE,FALSE,0.02849512691379419,8478468,55,8
2021020933,189,even-strength,57,-20,FALSE,FALSE,TRUE,FALSE,FALSE,FALSE,0,8476826,55,8
2021020933,192,even-strength,73,-11,FALSE,FALSE,TRUE,FALSE,FALSE,FALSE,0,8470966,55,8
2021020933,195,power-play,79,5,FALSE,FALSE,TRUE,FALSE,FALSE,FALSE,0,8474586,55,8
2021020933,196,power-play,78,-12,FALSE,FALSE,TRUE,FALSE,FALSE,FALSE,0,8476826,55,8
2021020933,197,power-play,69,-22,FALSE,FALSE,TRUE,TRUE,FALSE,FALSE,0.06560858123822608,8476826,55,8
2021020933,453,even-strength,77,-1,FALSE,FALSE,TRUE,TRUE,TRUE,FALSE,0.14834662210956803,8475149,55,8
2021020933,454,even-strength,59,3,FALSE,FALSE,TRUE,TRUE,TRUE,FALSE,0.09277949666234886,8477987,55,8
2021020933,458,even-strength,46,26,FALSE,FALSE,TRUE,FALSE,FALSE,FALSE,0,8477955,55,8
2021020933,459,even-strength,59,0,FALSE,FALSE,TRUE,TRUE,FALSE,FALSE,0.08387701249472873,8475714,55,8
2021020933,460,even-strength,83,-23,FALSE,FALSE,TRUE,TRUE,TRUE,FALSE,0.0452011043876418,8477987,55,8
2021020933,461,even-strength,58,26,FALSE,FALSE,TRUE,TRUE,FALSE,FALSE,0.02245468135172957,8475772,55,8
2021020933,462,even-strength,69,-22,FALSE,FALSE,TRUE,TRUE,FALSE,FALSE,0.03182505447621021,8479986,55,8
2021020933,463,even-strength,81,-1,TRUE,FALSE,TRUE,TRUE,TRUE,FALSE,0.23660190018685065,8476278,55,8
2021020933,464,even-strength,68,-9,FALSE,FALSE,TRUE,TRUE,TRUE,FALSE,0.05028319413695259,8475714,55,8
2021020933,467,power-play,35,35,TRUE,FALSE,TRUE,TRUE,TRUE,FALSE,0.03519635692774917,8477955,55,8
2021020933,468,power-play,81,-1,FALSE,FALSE,TRUE,TRUE,TRUE,FALSE,0.11789017041048104,8475149,55,8
2021020933,469,power-play,59,8,FALSE,FALSE,TRUE,TRUE,TRUE,TRUE,0.07251525857775261,8477955,55,8
2021020933,470,even-strength,1,-42,FALSE,FALSE,TRUE,TRUE,TRUE,FALSE,0.00228285897107809,8478891,55,8
2021020933,474,even-strength,26,-32,FALSE,FALSE,TRUE,TRUE,TRUE,FALSE,0.01081479352195113,8478468,55,8
2021020933,475,even-strength,54,24,FALSE,FALSE,TRUE,TRUE,TRUE,FALSE,0.03023616152844742,8475768,55,8
2021020933,476,power-play,83,5,FALSE,FALSE,TRUE,TRUE,FALSE,FALSE,0.1245155659238415,8475768,55,8
2021020933,477,power-play,88,12,FALSE,FALSE,TRUE,TRUE,FALSE,FALSE,0.083483228258152,8475768,55,8
2021020933,478,power-play,60,22,FALSE,FALSE,TRUE,TRUE,TRUE,FALSE,0.05990522817225443,8477955,55,8
2021020933,479,power-play,83,7,FALSE,TRUE,TRUE,TRUE,TRUE,FALSE,0.1984638837477906,8475768,55,8
2021020933,480,power-play,84,2,FALSE,TRUE,TRUE,TRUE,TRUE,FALSE,0.2838464933101766,8475149,55,8
2021020933,484,even-strength,-39,22,FALSE,FALSE,TRUE,TRUE,TRUE,FALSE,8.728293041186027e-4,8477369,55,8
2021020933,487,even-strength,66,-35,FALSE,FALSE,TRUE,FALSE,FALSE,FALSE,0,8479986,55,8
2021020933,488,even-strength,53,-4,TRUE,FALSE,TRUE,TRUE,TRUE,FALSE,0.06742594892356814,8478468,55,8
2021020933,495,penalty-kill,-44,10,FALSE,FALSE,TRUE,TRUE,TRUE,FALSE,7.702037976151006e-4,8478891,55,8
2021020933,496,even-strength,48,23,FALSE,FALSE,TRUE,TRUE,TRUE,FALSE,0.0324241552319456,8476826,55,8
2021020933,497,even-strength,74,9,FALSE,FALSE,TRUE,TRUE,TRUE,FALSE,0.08007060264642656,8478891,55,8
2021020933,500,even-strength,34,-26,FALSE,FALSE,TRUE,TRUE,TRUE,FALSE,0.01776912472276146,8476457,55,8
2021020933,802,even-strength,45,37,FALSE,FALSE,TRUE,TRUE,TRUE,FALSE,0.00991191647395685,8470966,55,8
2021020933,804,even-strength,24,4,FALSE,FALSE,TRUE,TRUE,TRUE,FALSE,0.01156968917082259,8476278,55,8
2021020933,805,even-strength,47,32,FALSE,FALSE,TRUE,TRUE,TRUE,FALSE,0.01386942065706658,8476826,55,8
2021020933,810,even-strength,82,5,FALSE,FALSE,TRUE,FALSE,FALSE,FALSE,0,8476826,55,8
2021020933,811,even-strength,56,5,FALSE,FALSE,TRUE,TRUE,TRUE,FALSE,0.06827722181797918,8475768,55,8
2021020933,812,even-strength,62,-6,FALSE,FALSE,TRUE,FALSE,FALSE,FALSE,0,8476826,55,8
2021020933,813,even-strength,60,-29,FALSE,FALSE,TRUE,TRUE,TRUE,FALSE,0.04476337002404092,8470966,55,8
2021020933,815,even-strength,57,37,FALSE,FALSE,TRUE,TRUE,TRUE,FALSE,0.06565527494310086,8477955,55,8
2021020944,64,even-strength,63,23,FALSE,FALSE,TRUE,TRUE,FALSE,FALSE,0.04617759565992047,8474037,4,8
2021020944,80,even-strength,48,-38,FALSE,FALSE,TRUE,TRUE,TRUE,FALSE,0.01211525989541863,8477499,4,8
2021020944,94,even-strength,65,-21,FALSE,FALSE,TRUE,TRUE,TRUE,FALSE,0.03636700388855865,8477887,4,8
2021020944,96,even-strength,75,-6,FALSE,FALSE,TRUE,TRUE,FALSE,FALSE,0.10313285286201208,8475763,4,8
2021020944,100,even-strength,33,17,FALSE,FALSE,TRUE,TRUE,TRUE,FALSE,0.01316184812870499,8478439,4,8
2021020944,151,even-strength,86,-4,FALSE,FALSE,TRUE,TRUE,TRUE,FALSE,0.08856177086554747,8473544,4,8
2021020944,152,power-play,51,23,FALSE,FALSE,TRUE,TRUE,TRUE,FALSE,0.04377479689809655,8473512,4,8
2021020944,153,power-play,32,-25,FALSE,FALSE,TRUE,TRUE,TRUE,FALSE,0.0224836126064871,8471735,4,8
2021020944,154,power-play,70,-5,FALSE,FALSE,TRUE,TRUE,TRUE,FALSE,0.1273609946976483,8473512,4,8
2021020944,155,power-play,78,0,FALSE,FALSE,TRUE,TRUE,FALSE,FALSE,0.14685359465765171,8474037,4,8
2021020944,158,even-strength,57,1,FALSE,FALSE,TRUE,TRUE,TRUE,FALSE,0.0742342819858166,8480028,4,8
2021020944,159,even-strength,64,0,FALSE,FALSE,TRUE,FALSE,FALSE,FALSE,0,8480028,4,8
2021020944,162,even-strength,82,-9,FALSE,FALSE,TRUE,TRUE,TRUE,TRUE,0.07655276652620312,8475763,4,8
2021020944,164,even-strength,35,-27,FALSE,FALSE,TRUE,TRUE,TRUE,FALSE,0.01971585161659666,8478439,4,8
2021020944,165,even-strength,65,-6,FALSE,FALSE,TRUE,FALSE,FALSE,FALSE,0,8474037,4,8
2021020944,168,even-strength,86,-7,TRUE,FALSE,TRUE,FALSE,FALSE,FALSE,0,8474715,4,8
2021020944,172,penalty-kill,46,-29,TRUE,FALSE,TRUE,TRUE,FALSE,FALSE,0.0872102181826008,8474715,4,8
2021020944,176,even-strength,64,10,FALSE,FALSE,TRUE,TRUE,FALSE,FALSE,0.07219285862265322,8478439,4,8
2021020944,177,even-strength,71,6,FALSE,FALSE,TRUE,TRUE,FALSE,FALSE,0.06315908803067467,8473512,4,8
2021020944,180,even-strength,81,1,FALSE,FALSE,TRUE,TRUE,TRUE,FALSE,0.20489024641540707,8478439,4,8
2021020944,183,even-strength,80,10,FALSE,FALSE,TRUE,TRUE,FALSE,FALSE,0.0717654129137408,8479933,4,8
2021020944,184,even-strength,69,14,FALSE,FALSE,TRUE,TRUE,FALSE,FALSE,0.04242035559087291,8474037,4,8
2021020944,185,even-strength,86,-9,FALSE,FALSE,TRUE,TRUE,FALSE,FALSE,0.04173643651173632,8478439,4,8
2021020944,186,even-strength,58,1,FALSE,FALSE,TRUE,FALSE,FALSE,FALSE,0,8479933,4,8
2021020944,193,even-strength,63,1,TRUE,FALSE,TRUE,FALSE,FALSE,FALSE,0,8480028,4,8
2021020944,195,even-strength,65,-1,FALSE,FALSE,TRUE,FALSE,FALSE,FALSE,0,8474037,4,8
2021020944,197,even-strength,52,35,FALSE,FALSE,TRUE,TRUE,TRUE,FALSE,0.0194196385068646,8478067,4,8
2021020944,199,even-strength,78,-4,FALSE,FALSE,TRUE,TRUE,TRUE,TRUE,0.1239378375652746,8473512,4,8
2021020944,352,even-strength,65,-5,TRUE,FALSE,TRUE,FALSE,FALSE,FALSE,0,8480028,4,8
2021020944,358,even-strength,43,-28,FALSE,FALSE,TRUE,TRUE,FALSE,FALSE,0.02941136618300955,8477499,4,8
2021020944,371,even-strength,64,-17,FALSE,FALSE,TRUE,TRUE,TRUE,FALSE,0.03783357904488572,8479772,4,8
2021020944,373,even-strength,85,-5,FALSE,FALSE,TRUE,TRUE,TRUE,TRUE,0.07832576896915973,8474715,4,8
2021020944,374,even-strength,65,-15,FALSE,FALSE,TRUE,TRUE,TRUE,FALSE,0.05762771139216371,8478439,4,8
2021020944,375,even-strength,53,21,FALSE,FALSE,TRUE,TRUE,TRUE,FALSE,0.03458947450335711,8474715,4,8
2021020944,378,even-strength,75,0,FALSE,TRUE,TRUE,TRUE,TRUE,FALSE,0.26922516984580047,8473512,4,8
2021020944,382,even-strength,69,7,FALSE,FALSE,TRUE,FALSE,FALSE,FALSE,0,8478439,4,8
2021020944,386,even-strength,56,2,FALSE,FALSE,TRUE,FALSE,FALSE,FALSE,0,8475763,4,8
2021020944,387,even-strength,63,-10,TRUE,FALSE,TRUE,FALSE,FALSE,FALSE,0,8474027,4,8
2021020944,389,even-strength,73,2,FALSE,FALSE,TRUE,TRUE,FALSE,FALSE,0.08901179484870128,8478439,4,8
2021020944,393,even-strength,35,8,FALSE,FALSE,TRUE,TRUE,TRUE,FALSE,0.02947094268897225,8477948,4,8
2021020944,394,even-strength,81,0,FALSE,FALSE,TRUE,TRUE,TRUE,FALSE,0.18752452518601015,8477887,4,8
2021020944,397,even-strength,64,-27,FALSE,FALSE,TRUE,FALSE,FALSE,FALSE,0,8478067,4,8
2021020944,399,even-strength,75,2,FALSE,FALSE,TRUE,FALSE,FALSE,FALSE,0,8471735,4,8
2021020944,401,even-strength,77,6,FALSE,FALSE,TRUE,TRUE,TRUE,FALSE,0.08043949951076895,8478439,4,8
2021020944,402,even-strength,65,0,FALSE,FALSE,TRUE,TRUE,FALSE,FALSE,0.06401031497146352,8471735,4,8
2021020944,415,even-strength,58,-34,FALSE,FALSE,TRUE,TRUE,TRUE,FALSE,0.02265966704521064,8474715,4,8
2021020944,434,even-strength,80,1,FALSE,FALSE,TRUE,FALSE,FALSE,FALSE,0,8480028,4,8
2021020944,440,even-strength,35,-30,FALSE,FALSE,TRUE,TRUE,TRUE,FALSE,0.01404120873324339,8474027,4,8
2021020944,803,power-play,38,-27,FALSE,FALSE,TRUE,TRUE,TRUE,FALSE,0.03871003100442273,8473544,4,8
2021020944,804,power-play,76,-5,FALSE,FALSE,TRUE,TRUE,TRUE,FALSE,0.1110877837440455,8473512,4,8
2021020944,805,power-play,85,-4,FALSE,TRUE,TRUE,TRUE,TRUE,FALSE,0.214110340887478,8474037,4,8
2021020944,806,power-play,35,4,FALSE,FALSE,TRUE,TRUE,TRUE,FALSE,0.04476329486971716,8471735,4,8
2021020944,807,even-strength,48,-5,FALSE,FALSE,TRUE,TRUE,TRUE,FALSE,0.09482884302411596,8478439,4,8
2021020944,808,even-strength,72,-9,FALSE,FALSE,TRUE,TRUE,TRUE,FALSE,0.16981671052591443,8473512,4,8
2021020944,809,even-strength,62,24,FALSE,FALSE,TRUE,TRUE,TRUE,FALSE,0.09237016510137704,8473512,4,8
2021020944,812,power-play,84,1,FALSE,TRUE,TRUE,FALSE,FALSE,FALSE,0,8474715,4,8
2021020954,203,even-strength,47,21,FALSE,FALSE,TRUE,TRUE,TRUE,FALSE,0.02291082581409047,8479343,53,8
2021020954,205,even-strength,72,19,FALSE,FALSE,TRUE,TRUE,TRUE,TRUE,0.03383474714179203,8480849,53,8
2021020954,206,even-strength,65,31,FALSE,FALSE,TRUE,TRUE,TRUE,FALSE,0.03345783712743915,8478474,53,8
2021020954,207,even-strength,77,1,FALSE,FALSE,TRUE,FALSE,FALSE,FALSE,0,8481711,53,8
2021020954,210,even-strength,51,-34,FALSE,FALSE,TRUE,TRUE,TRUE,FALSE,0.01843573666079666,8477951,53,8
2021020954,211,even-strength,78,2,FALSE,FALSE,TRUE,TRUE,TRUE,TRUE,0.10876721660364295,8471873,53,8
2021020954,212,penalty-kill,78,0,FALSE,FALSE,TRUE,FALSE,FALSE,FALSE,0,8480849,53,8
2021020954,220,even-strength,45,-1,FALSE,FALSE,TRUE,FALSE,FALSE,FALSE,0,8478062,53,8
2021020954,224,even-strength,45,21,FALSE,FALSE,TRUE,TRUE,FALSE,FALSE,0.02990269830098442,8477941,53,8
2021020954,230,even-strength,68,-9,TRUE,FALSE,TRUE,FALSE,FALSE,FALSE,0,8476851,53,8
2021020954,232,even-strength,76,1,FALSE,FALSE,TRUE,FALSE,FALSE,FALSE,0,8480849,53,8
2021020954,233,power-play,80,-11,FALSE,FALSE,TRUE,FALSE,FALSE,FALSE,0,8479343,53,8
2021020954,234,power-play,74,-14,FALSE,FALSE,TRUE,FALSE,FALSE,FALSE,0,8473548,53,8
2021020954,235,even-strength,82,3,FALSE,FALSE,TRUE,TRUE,TRUE,TRUE,0.1162234073839864,8477941,53,8
2021020954,236,even-strength,70,0,FALSE,FALSE,TRUE,TRUE,TRUE,TRUE,0.10078694042037142,8478474,53,8
2021021000,98,even-strength,40,-10,FALSE,FALSE,TRUE,TRUE,TRUE,FALSE,0.02295639736507409,8470638,6,8
2021021000,99,even-strength,76,-5,TRUE,FALSE,TRUE,TRUE,FALSE,FALSE,0.10893555256142629,8478498,6,8
2021021000,221,even-strength,68,12,FALSE,FALSE,TRUE,FALSE,FALSE,FALSE,0,8476891,6,8
2021021000,248,even-strength,78,4,FALSE,FALSE,TRUE,FALSE,FALSE,FALSE,0,8475186,6,8
2021021000,301,even-strength,44,19,FALSE,FALSE,TRUE,TRUE,TRUE,FALSE,0.0280544911310092,8476891,6,8
2021021000,302,even-strength,66,8,FALSE,FALSE,TRUE,TRUE,TRUE,FALSE,0.05439363776816225,8478498,6,8
2021021000,303,even-strength,75,2,FALSE,TRUE,TRUE,TRUE,TRUE,FALSE,0.21437906016253017,8478498,6,8
2021021000,304,even-strength,77,-2,FALSE,TRUE,TRUE,TRUE,TRUE,TRUE,0.27157545474889333,8477508,6,8
2021021000,308,even-strength,64,-14,FALSE,FALSE,TRUE,TRUE,TRUE,FALSE,0.04871898824821698,8477931,6,8
2021021000,313,even-strength,34,32,FALSE,FALSE,TRUE,TRUE,FALSE,FALSE,0.00770797996039372,8477320,6,8
2021021000,323,even-strength,65,-11,FALSE,FALSE,TRUE,TRUE,TRUE,FALSE,0.08881178047051393,8475225,6,8
2021021000,324,even-strength,54,34,FALSE,TRUE,TRUE,TRUE,TRUE,FALSE,0.04346893071953444,8476422,6,8
2021021000,326,even-strength,47,19,FALSE,FALSE,TRUE,TRUE,TRUE,FALSE,0.01966262040370441,8476891,6,8
2021021000,331,penalty-kill,60,16,FALSE,FALSE,TRUE,TRUE,TRUE,FALSE,0.0949124283757166,8475186,6,8
2021021000,332,penalty-kill,75,-2,FALSE,TRUE,TRUE,TRUE,TRUE,TRUE,0.3238456941576096,8473419,6,8
2021021000,336,even-strength,62,-25,FALSE,FALSE,TRUE,TRUE,TRUE,FALSE,0.04844454230268261,8476891,6,8
2021021000,337,power-play,60,-6,FALSE,FALSE,TRUE,TRUE,TRUE,FALSE,0.10291370453967996,8470638,6,8
2021021000,339,power-play,66,15,FALSE,FALSE,TRUE,TRUE,TRUE,FALSE,0.10603218565857808,8477956,6,8
2021021000,342,even-strength,71,-10,FALSE,FALSE,TRUE,TRUE,TRUE,FALSE,0.07538337939027305,8470638,6,8
2021021000,422,power-play,71,-2,FALSE,FALSE,TRUE,FALSE,FALSE,FALSE,0,8473419,6,8
2021021000,505,power-play,65,-27,FALSE,FALSE,TRUE,TRUE,TRUE,FALSE,0.1259285720543528,8475791,6,8
2021021000,507,power-play,75,-2,FALSE,FALSE,TRUE,TRUE,FALSE,FALSE,0.1166988779559328,8475225,6,8
2021021000,508,even-strength,70,-16,FALSE,FALSE,TRUE,TRUE,TRUE,FALSE,0.04577918849184992,8475225,6,8
2021021000,509,even-strength,61,25,FALSE,TRUE,TRUE,TRUE,TRUE,FALSE,0.07310187973547773,8480001,6,8
2021021000,511,even-strength,61,11,FALSE,FALSE,TRUE,TRUE,TRUE,FALSE,0.04989019527048227,8477508,6,8
2021021000,514,even-strength,69,26,FALSE,FALSE,TRUE,TRUE,FALSE,FALSE,0.02388406939036717,8475745,6,8
2021021000,517,even-strength,71,1,FALSE,FALSE,TRUE,TRUE,FALSE,FALSE,0.12412653090412153,8473419,6,8
2021021000,521,power-play,74,14,FALSE,FALSE,TRUE,TRUE,FALSE,FALSE,0.0910720933818696,8475791,6,8
2021021000,523,power-play,46,4,FALSE,FALSE,TRUE,TRUE,TRUE,FALSE,0.07700168794067253,8477956,6,8
2021021000,537,even-strength,79,-22,FALSE,FALSE,TRUE,TRUE,TRUE,FALSE,0.06959199106498251,8479546,6,8
2021021000,547,power-play,55,28,FALSE,FALSE,TRUE,TRUE,TRUE,FALSE,0.057274479030818753,8479325,6,8
2021021000,550,even-strength,71,0,FALSE,FALSE,TRUE,TRUE,TRUE,FALSE,0.08610287200010934,8470638,6,8
2021021000,601,even-strength,57,-2,FALSE,FALSE,TRUE,TRUE,TRUE,FALSE,0.06234433435395559,8473419,6,8
2021021000,652,even-strength,39,31,FALSE,FALSE,TRUE,TRUE,TRUE,FALSE,0.01408591842414346,8476422,6,8
2021021000,654,even-strength,73,-2,FALSE,FALSE,TRUE,TRUE,TRUE,TRUE,0.09909707515909168,8477508,6,8
2021021000,658,even-strength,73,-16,FALSE,FALSE,TRUE,TRUE,TRUE,FALSE,0.06666728782509106,8475745,6,8
2021021000,659,even-strength,76,-6,FALSE,TRUE,TRUE,TRUE,TRUE,FALSE,0.22796455216500777,8478498,6,8
2021021000,660,even-strength,67,4,TRUE,FALSE,TRUE,TRUE,TRUE,FALSE,0.10459388276552986,8476891,6,8
2021021000,663,even-strength,81,-12,FALSE,FALSE,TRUE,TRUE,TRUE,FALSE,0.0887235496632391,8477931,6,8
2021021000,664,even-strength,49,1,FALSE,FALSE,TRUE,TRUE,TRUE,FALSE,0.03213523266740367,8470638,6,8
2021021000,666,even-strength,39,15,FALSE,FALSE,TRUE,TRUE,TRUE,FALSE,0.02247468608947096,8476422,6,8
2021021000,673,even-strength,49,28,TRUE,FALSE,TRUE,TRUE,TRUE,FALSE,0.04532606403609254,8473419,6,8
2021021000,680,even-strength,71,12,FALSE,FALSE,TRUE,TRUE,FALSE,FALSE,0.10315020334846373,8477508,6,8
2021021000,681,even-strength,1,6,FALSE,FALSE,TRUE,TRUE,TRUE,FALSE,0.00359540964534124,8479325,6,8
2021021047,9,even-strength,76,-4,FALSE,FALSE,TRUE,TRUE,FALSE,FALSE,0.07828219209378377,8480002,1,8
2021021047,10,even-strength,73,-8,FALSE,FALSE,TRUE,FALSE,FALSE,FALSE,0,8476462,1,8
2021021047,11,even-strength,80,3,FALSE,FALSE,TRUE,TRUE,TRUE,FALSE,0.094972940682323,8479414,1,8
2021021047,12,even-strength,74,-3,FALSE,FALSE,TRUE,FALSE,FALSE,FALSE,0,8474056,1,8
2021021047,13,even-strength,64,1,FALSE,FALSE,TRUE,TRUE,FALSE,FALSE,0.08226656035948682,8477425,1,8
2021021047,14,even-strength,72,-22,FALSE,FALSE,TRUE,TRUE,TRUE,FALSE,0.03612212877708442,8476918,1,8
2021021047,16,even-strength,69,-16,FALSE,FALSE,TRUE,FALSE,FALSE,FALSE,0,8481559,1,8
2021021047,18,even-strength,74,6,FALSE,FALSE,TRUE,FALSE,FALSE,FALSE,0,8477425,1,8
2021021047,19,even-strength,61,29,FALSE,FALSE,TRUE,TRUE,TRUE,FALSE,0.02839131734190727,8477425,1,8
2021021047,20,even-strength,72,1,FALSE,FALSE,TRUE,TRUE,FALSE,FALSE,0.08174248237464557,8478421,1,8
2021021047,21,even-strength,65,-4,FALSE,FALSE,TRUE,TRUE,TRUE,FALSE,0.12362632123991488,8476462,1,8
2021021047,24,even-strength,72,3,FALSE,FALSE,TRUE,TRUE,TRUE,FALSE,0.12336507751471512,8479407,1,8
2021021047,25,even-strength,78,-1,FALSE,FALSE,TRUE,FALSE,FALSE,FALSE,0,8476462,1,8
2021021047,26,even-strength,50,-6,FALSE,FALSE,TRUE,TRUE,TRUE,FALSE,0.03693694253712901,8476462,1,8
2021021047,27,even-strength,57,8,FALSE,FALSE,TRUE,FALSE,FALSE,FALSE,0,8477435,1,8
2021021047,28,even-strength,41,30,FALSE,FALSE,TRUE,FALSE,FALSE,FALSE,0,8477435,1,8
2021021047,29,even-strength,67,-1,FALSE,FALSE,TRUE,FALSE,FALSE,FALSE,0,8475193,1,8
2021021047,30,even-strength,84,-7,FALSE,FALSE,TRUE,TRUE,TRUE,FALSE,0.07453252173999471,8479407,1,8
2021021047,31,even-strength,78,-3,FALSE,FALSE,TRUE,TRUE,TRUE,FALSE,0.1175369447838694,8481559,1,8
2021021047,32,even-strength,61,-8,FALSE,FALSE,TRUE,TRUE,TRUE,FALSE,0.06416637369180708,8481559,1,8
2021021047,33,even-strength,65,-5,FALSE,FALSE,TRUE,FALSE,FALSE,FALSE,0,8476462,1,8
2021021047,35,even-strength,71,4,FALSE,FALSE,TRUE,TRUE,TRUE,FALSE,0.10473881966484117,8480003,1,8
2021021047,38,even-strength,79,0,FALSE,FALSE,TRUE,TRUE,TRUE,FALSE,0.1250120105492002,8480002,1,8
2021021047,42,even-strength,68,-1,FALSE,FALSE,TRUE,FALSE,FALSE,FALSE,0,8481559,1,8
2021021047,43,even-strength,64,12,FALSE,FALSE,TRUE,FALSE,FALSE,FALSE,0,8482110,1,8
2021021047,44,even-strength,39,27,FALSE,TRUE,TRUE,TRUE,FALSE,FALSE,0.05239792112711385,8480860,1,8
2021021047,45,even-strength,63,-15,TRUE,FALSE,TRUE,TRUE,TRUE,TRUE,0.0944543406981124,8481559,1,8
2021021047,46,even-strength,-87,18,FALSE,FALSE,TRUE,TRUE,TRUE,FALSE,2.213742601165647e-4,8480860,1,8
2021021047,305,even-strength,69,-15,FALSE,FALSE,TRUE,TRUE,FALSE,FALSE,0.07471180740045474,8481068,1,8
2021021047,306,even-strength,59,15,FALSE,FALSE,TRUE,TRUE,TRUE,FALSE,0.04771919246367492,8482110,1,8
2021021047,310,even-strength,54,14,FALSE,FALSE,TRUE,TRUE,TRUE,FALSE,0.03345005528107311,8478421,1,8
2021021047,313,even-strength,81,-5,FALSE,FALSE,TRUE,TRUE,TRUE,FALSE,0.100391159418751,8482110,1,8
2021021047,314,even-strength,78,3,FALSE,FALSE,TRUE,FALSE,FALSE,FALSE,0,8477435,1,8
2021021047,315,even-strength,78,-16,FALSE,FALSE,TRUE,TRUE,TRUE,FALSE,0.05733536686736435,8475193,1,8
2021021047,318,power-play,76,-7,TRUE,FALSE,TRUE,FALSE,FALSE,FALSE,0,8476923,1,8
2021021047,319,power-play,77,-2,FALSE,FALSE,TRUE,FALSE,FALSE,FALSE,0,8476923,1,8
2021021047,320,power-play,52,-18,FALSE,FALSE,TRUE,TRUE,FALSE,FALSE,0.04973948372307622,8480002,1,8
2021021047,321,power-play,67,21,TRUE,FALSE,TRUE,TRUE,FALSE,FALSE,0.12340594347638648,8481559,1,8
2021021047,322,power-play,78,-11,FALSE,FALSE,TRUE,TRUE,TRUE,TRUE,0.16069818823273974,8481559,1,8
2021021047,340,even-strength,43,32,FALSE,FALSE,TRUE,TRUE,FALSE,FALSE,0.0187266615947072,8477435,1,8
2021021047,342,power-play,77,11,FALSE,FALSE,TRUE,FALSE,FALSE,FALSE,0,8479407,1,8
2021021047,343,power-play,82,-9,TRUE,FALSE,TRUE,FALSE,FALSE,FALSE,0,8481559,1,8
2021021047,344,power-play,41,15,FALSE,FALSE,TRUE,TRUE,TRUE,FALSE,0.04938787064726135,8476923,1,8
2021021047,350,even-strength,86,-9,FALSE,FALSE,TRUE,TRUE,TRUE,FALSE,0.06620999542647446,8479407,1,8
2021021047,753,even-strength,63,20,FALSE,FALSE,TRUE,TRUE,TRUE,FALSE,0.05060154858861028,8479407,1,8
2021021047,754,even-strength,73,3,FALSE,FALSE,TRUE,TRUE,TRUE,FALSE,0.0954241480052022,8474056,1,8
2021021047,755,even-strength,54,17,FALSE,FALSE,TRUE,TRUE,TRUE,FALSE,0.0266691132036829,8476462,1,8
2021021047,760,even-strength,72,3,FALSE,FALSE,TRUE,TRUE,TRUE,FALSE,0.1451846880312925,8476918,1,8
2021021047,761,even-strength,57,19,TRUE,FALSE,TRUE,TRUE,TRUE,FALSE,0.05993445320379795,8474056,1,8
2021021047,762,even-strength,63,-17,FALSE,FALSE,TRUE,TRUE,TRUE,FALSE,0.04278610876718726,8481559,1,8
2021021047,763,even-strength,79,3,FALSE,FALSE,TRUE,TRUE,TRUE,FALSE,0.09933573971765802,8481068,1,8
2021021047,768,even-strength,50,28,FALSE,FALSE,TRUE,TRUE,FALSE,FALSE,0.02347539825463811,8477425,1,8
2021021047,769,even-strength,64,23,FALSE,FALSE,TRUE,TRUE,TRUE,FALSE,0.03834827174538208,8479414,1,8
2021021047,770,even-strength,86,-6,FALSE,FALSE,TRUE,TRUE,FALSE,FALSE,0.04775074448621233,8479407,1,8
2021021047,771,even-strength,56,10,FALSE,FALSE,TRUE,TRUE,TRUE,FALSE,0.0591218225240208,8479407,1,8
2021021047,772,even-strength,46,8,FALSE,FALSE,TRUE,TRUE,TRUE,FALSE,0.03616722161009534,8479415,1,8
2021021047,773,even-strength,49,6,FALSE,FALSE,TRUE,TRUE,TRUE,FALSE,0.03824494649228608,8481559,1,8
2021021047,774,even-strength,86,-8,FALSE,FALSE,TRUE,TRUE,TRUE,FALSE,0.06012086620724463,8481559,1,8
2021021047,783,even-strength,71,-11,FALSE,FALSE,TRUE,TRUE,FALSE,FALSE,0.1259778586849166,8479407,1,8
2021021047,786,even-strength,72,-3,FALSE,FALSE,TRUE,TRUE,FALSE,FALSE,0.11553668799200356,8479407,1,8
2021021047,788,even-strength,80,-5,FALSE,FALSE,TRUE,TRUE,FALSE,FALSE,0.15117785848217358,8480002,1,8
2021021047,789,even-strength,59,-12,FALSE,FALSE,TRUE,TRUE,FALSE,FALSE,0.16929339076490127,8481559,1,8
2021021142,48,even-strength,70,10,FALSE,FALSE,TRUE,TRUE,TRUE,TRUE,0.06230636289395839,8479318,10,8
2021021142,201,power-play,81,22,FALSE,FALSE,TRUE,TRUE,TRUE,FALSE,0.03836630625996747,8478483,10,8
2021021142,202,power-play,66,-21,FALSE,FALSE,TRUE,TRUE,FALSE,FALSE,0.06430362951645512,8477939,10,8
2021021142,203,power-play,60,-22,FALSE,FALSE,TRUE,TRUE,TRUE,FALSE,0.08876410931835353,8477939,10,8
2021021142,209,even-strength,42,20,FALSE,FALSE,TRUE,FALSE,FALSE,FALSE,0,8474162,10,8
2021021142,211,even-strength,75,2,FALSE,FALSE,TRUE,FALSE,FALSE,FALSE,0,8479318,10,8
2021021142,216,even-strength,66,6,FALSE,FALSE,TRUE,FALSE,FALSE,FALSE,0,8477939,10,8
2021021142,224,even-strength,53,-1,FALSE,FALSE,TRUE,TRUE,TRUE,FALSE,0.03964928400166002,8475166,10,8
2021021142,226,even-strength,64,24,FALSE,FALSE,TRUE,TRUE,TRUE,FALSE,0.03105833306597107,8470966,10,8
2021021142,230,power-play,85,3,FALSE,FALSE,TRUE,TRUE,FALSE,FALSE,0.13697215449488984,8475166,10,8
2021021142,231,power-play,62,1,FALSE,FALSE,TRUE,TRUE,TRUE,FALSE,0.09650590360147396,8477939,10,8
2021021142,235,even-strength,83,-7,TRUE,FALSE,TRUE,TRUE,TRUE,FALSE,0.17931626357123714,8478483,10,8
2021021142,237,even-strength,71,-7,FALSE,FALSE,TRUE,TRUE,TRUE,FALSE,0.08675044003751618,8477939,10,8
2021021142,244,even-strength,76,6,FALSE,FALSE,TRUE,FALSE,FALSE,FALSE,0,8475166,10,8
2021021142,245,even-strength,64,1,FALSE,FALSE,TRUE,TRUE,TRUE,TRUE,0.06701321988494473,8475166,10,8
2021021142,248,even-strength,65,-5,FALSE,FALSE,TRUE,TRUE,FALSE,FALSE,0.06495824966446645,8480144,10,8
2021021142,249,even-strength,61,-20,FALSE,FALSE,TRUE,TRUE,TRUE,FALSE,0.03038656930608086,8477939,10,8
2021021142,554,even-strength,66,8,FALSE,FALSE,TRUE,FALSE,FALSE,FALSE,0,8470966,10,8
2021021142,555,even-strength,69,5,FALSE,FALSE,TRUE,FALSE,FALSE,FALSE,0,8470966,10,8
2021021142,558,even-strength,31,-2,FALSE,FALSE,TRUE,TRUE,TRUE,FALSE,0.0186995759138725,8476853,10,8
2021021142,565,even-strength,64,2,FALSE,FALSE,TRUE,FALSE,FALSE,FALSE,0,8478047,10,8
2021021142,568,power-play,75,-16,FALSE,FALSE,TRUE,TRUE,FALSE,FALSE,0.08990082369538356,8479318,10,8
2021021142,570,power-play,45,-28,FALSE,FALSE,TRUE,TRUE,TRUE,FALSE,0.05174645381441441,8479318,10,8
2021021142,571,power-play,77,4,TRUE,FALSE,TRUE,TRUE,FALSE,FALSE,0.1862357735422471,8477939,10,8
2021021142,575,penalty-kill,60,0,FALSE,FALSE,TRUE,TRUE,TRUE,FALSE,0.0283505286825797,8478483,10,8
2021021142,578,even-strength,77,-1,FALSE,FALSE,TRUE,TRUE,FALSE,FALSE,0.09806534248546316,8475166,10,8
2021021142,592,penalty-kill,27,19,FALSE,FALSE,TRUE,TRUE,FALSE,FALSE,0.00866110341212675,8478483,10,8
2021021142,596,even-strength,75,5,FALSE,FALSE,TRUE,FALSE,FALSE,FALSE,0,8477021,10,8
2021021142,598,even-strength,79,-1,FALSE,FALSE,TRUE,TRUE,FALSE,FALSE,0.1119553774091528,8478115,10,8
2021021142,599,even-strength,89,-28,FALSE,FALSE,TRUE,TRUE,TRUE,FALSE,0.03634156024304347,8477939,10,8
2021021142,600,even-strength,74,7,FALSE,FALSE,TRUE,FALSE,FALSE,FALSE,0,8474162,10,8
2021021142,751,even-strength,77,-5,FALSE,FALSE,TRUE,TRUE,TRUE,FALSE,0.10088987003455949,8478483,10,8
2021021142,756,even-strength,44,29,FALSE,FALSE,TRUE,TRUE,TRUE,FALSE,0.02275642896926608,8481624,10,8
2021021142,759,even-strength,71,-3,FALSE,FALSE,TRUE,FALSE,FALSE,FALSE,0,8478483,10,8
2021021142,760,even-strength,78,-4,FALSE,FALSE,TRUE,TRUE,FALSE,FALSE,0.1225272507784512,8475166,10,8
2021021142,761,even-strength,31,-33,FALSE,FALSE,TRUE,TRUE,FALSE,FALSE,0.00833074083369571,8476278,10,8
2021021142,762,even-strength,40,19,FALSE,TRUE,TRUE,TRUE,TRUE,FALSE,0.04127811962393449,8476853,10,8
2021021142,763,even-strength,64,-1,FALSE,FALSE,TRUE,TRUE,TRUE,FALSE,0.0929329923675199,8478115,10,8
2021021142,766,even-strength,59,31,FALSE,FALSE,TRUE,TRUE,TRUE,FALSE,0.01831512957938609,8481624,10,8
2021021142,768,even-strength,87,-10,FALSE,FALSE,TRUE,TRUE,TRUE,FALSE,0.05299225730928007,8481624,10,8
2021021142,769,even-strength,52,-7,FALSE,FALSE,TRUE,TRUE,FALSE,FALSE,0.03269253279919146,8476853,10,8
2021021142,772,power-play,75,4,FALSE,FALSE,TRUE,FALSE,FALSE,FALSE,0,8478483,10,8
2021021142,774,power-play,74,-20,FALSE,FALSE,TRUE,TRUE,FALSE,FALSE,0.12022825172744836,8479318,10,8
2021021142,775,power-play,58,17,FALSE,FALSE,TRUE,TRUE,FALSE,FALSE,0.1655128843530764,8477939,10,8
2021021142,776,power-play,42,-19,FALSE,FALSE,TRUE,TRUE,TRUE,FALSE,0.09636932959997316,8476853,10,8
2021021142,777,power-play,40,-17,FALSE,FALSE,TRUE,TRUE,TRUE,FALSE,0.06787897800588182,8476853,10,8
2021021142,778,power-play,73,-9,FALSE,FALSE,TRUE,FALSE,FALSE,FALSE,0,8479318,10,8
2021021142,779,even-strength,73,-3,FALSE,FALSE,TRUE,TRUE,FALSE,FALSE,0.0978852878995196,8481624,10,8
2021021142,780,even-strength,64,-2,FALSE,FALSE,TRUE,TRUE,TRUE,FALSE,0.07249090531036746,8477021,10,8
2021021142,781,even-strength,74,6,FALSE,FALSE,TRUE,FALSE,FALSE,FALSE,0,8474162,10,8
2021021142,782,even-strength,71,3,FALSE,FALSE,TRUE,FALSE,FALSE,FALSE,0,8477021,10,8
2021021142,783,even-strength,65,18,FALSE,TRUE,TRUE,TRUE,TRUE,FALSE,0.11522668740478362,8477021,10,8
2021021142,788,even-strength,58,16,FALSE,FALSE,TRUE,TRUE,TRUE,FALSE,0.04560606046442033,8479318,10,8
2021021162,151,even-strength,50,1,FALSE,FALSE,TRUE,TRUE,FALSE,FALSE,0.04127122553558567,8476392,52,8
2021021162,157,even-strength,86,-21,FALSE,FALSE,TRUE,TRUE,TRUE,FALSE,0.02748806788198169,8477940,52,8
2021021162,158,power-play,69,7,FALSE,FALSE,TRUE,FALSE,FALSE,FALSE,0,8477940,52,8
2021021162,160,even-strength,86,-35,FALSE,FALSE,TRUE,TRUE,TRUE,FALSE,0.02177116542183812,8478891,52,8
2021021162,161,even-strength,43,20,FALSE,FALSE,TRUE,FALSE,FALSE,FALSE,0,8480145,52,8
2021021162,163,even-strength,74,-19,FALSE,FALSE,TRUE,TRUE,TRUE,FALSE,0.04664979470260712,8479400,52,8
2021021162,165,even-strength,83,-7,FALSE,FALSE,TRUE,TRUE,TRUE,FALSE,0.08057606090267909,8476392,52,8
2021021162,166,even-strength,49,-34,FALSE,FALSE,TRUE,TRUE,TRUE,FALSE,0.02143173308818173,8475455,52,8
2021021162,167,even-strength,35,2,FALSE,FALSE,TRUE,TRUE,TRUE,FALSE,0.02023922102724654,8480049,52,8
2021021162,168,even-strength,87,8,FALSE,TRUE,TRUE,TRUE,TRUE,FALSE,0.12731493686675743,8480289,52,8
2021021162,169,even-strength,82,7,FALSE,FALSE,TRUE,FALSE,FALSE,FALSE,0,8471669,52,8
2021021162,170,even-strength,33,21,FALSE,FALSE,TRUE,TRUE,TRUE,FALSE,0.01472948179556212,8477220,52,8
2021021162,171,even-strength,78,6,FALSE,FALSE,TRUE,FALSE,FALSE,FALSE,0,8477220,52,8
2021021162,175,even-strength,50,-20,FALSE,FALSE,TRUE,TRUE,FALSE,FALSE,0.02568242006926923,8479400,52,8
2021021162,177,even-strength,59,-5,FALSE,FALSE,TRUE,TRUE,FALSE,FALSE,0.04684757375360987,8478891,52,8
2021021162,178,even-strength,71,-26,FALSE,FALSE,TRUE,TRUE,TRUE,FALSE,0.03472850799929345,8477940,52,8
2021021162,182,even-strength,64,33,FALSE,FALSE,TRUE,FALSE,FALSE,FALSE,0,8478398,52,8
2021021162,183,even-strength,66,-23,FALSE,FALSE,TRUE,TRUE,TRUE,FALSE,0.03210670298071168,8479400,52,8
2021021162,184,even-strength,62,15,FALSE,FALSE,TRUE,TRUE,TRUE,FALSE,0.03671110416940516,8480289,52,8
2021021162,185,even-strength,70,8,FALSE,FALSE,TRUE,TRUE,TRUE,TRUE,0.05399870405985023,8480289,52,8
2021021162,186,even-strength,-11,-37,FALSE,FALSE,TRUE,TRUE,TRUE,FALSE,0.00119377958326155,8476331,52,8
2021021162,187,even-strength,61,13,FALSE,FALSE,TRUE,FALSE,FALSE,FALSE,0,8476952,52,8
2021021162,188,even-strength,68,4,FALSE,FALSE,TRUE,TRUE,TRUE,FALSE,0.07158240097200803,8478891,52,8
2021021162,191,even-strength,72,24,FALSE,FALSE,TRUE,TRUE,FALSE,FALSE,0.02884305451789995,8478431,52,8
2021021162,192,even-strength,58,-15,FALSE,FALSE,TRUE,TRUE,TRUE,FALSE,0.03694138943756394,8479400,52,8
2021021162,193,even-strength,72,9,FALSE,FALSE,TRUE,TRUE,TRUE,TRUE,0.05646160106360224,8471669,52,8
2021021162,451,even-strength,72,23,FALSE,FALSE,TRUE,TRUE,TRUE,FALSE,0.03932626262313131,8478398,52,8
2021021162,452,even-strength,73,-11,FALSE,FALSE,TRUE,TRUE,TRUE,FALSE,0.08938900188201647,8478398,52,8
2021021162,453,even-strength,80,7,FALSE,TRUE,TRUE,TRUE,TRUE,FALSE,0.21031470017748605,8471669,52,8
2021021162,456,even-strength,69,4,FALSE,FALSE,TRUE,TRUE,FALSE,FALSE,0.07330392996530846,8476952,52,8
2021021162,457,even-strength,74,23,FALSE,FALSE,TRUE,TRUE,TRUE,FALSE,0.02808755057152008,8479591,52,8
2021021162,458,even-strength,83,-8,FALSE,FALSE,TRUE,FALSE,FALSE,FALSE,0,8480145,52,8
2021021162,459,even-strength,73,-2,FALSE,FALSE,TRUE,FALSE,FALSE,FALSE,0,8480145,52,8
2021021162,460,even-strength,37,-27,FALSE,FALSE,TRUE,TRUE,TRUE,FALSE,0.01398356442678934,8476331,52,8
2021021162,461,even-strength,33,0,FALSE,FALSE,TRUE,TRUE,TRUE,FALSE,0.01939735547166085,8477504,52,8
2021021162,463,even-strength,78,0,FALSE,FALSE,TRUE,FALSE,FALSE,FALSE,0,8480049,52,8
2021021162,467,even-strength,66,-23,FALSE,FALSE,TRUE,TRUE,TRUE,FALSE,0.04424265393228557,8478431,52,8
2021021162,468,even-strength,45,27,FALSE,FALSE,TRUE,FALSE,FALSE,FALSE,0,8477220,52,8
2021021162,469,even-strength,64,-7,FALSE,FALSE,TRUE,TRUE,TRUE,FALSE,0.0689375245386287,8477940,52,8
2021021162,470,even-strength,78,-1,FALSE,FALSE,TRUE,TRUE,TRUE,FALSE,0.07372891109594881,8471669,52,8
2021021162,471,even-strength,-71,33,FALSE,FALSE,TRUE,TRUE,TRUE,FALSE,1.5649434044926068e-4,8476331,52,8
2021021162,481,even-strength,73,-26,FALSE,FALSE,TRUE,TRUE,TRUE,FALSE,0.02909442963616243,8480289,52,8
2021021162,482,even-strength,52,41,FALSE,FALSE,TRUE,TRUE,TRUE,FALSE,0.01006486030233107,8480049,52,8
2021021162,484,even-strength,49,10,FALSE,FALSE,TRUE,FALSE,FALSE,FALSE,0,8477220,52,8
2021021162,485,even-strength,68,0,FALSE,FALSE,TRUE,TRUE,FALSE,FALSE,0.08892910605888918,8477482,52,8
2021021162,486,even-strength,92,15,FALSE,FALSE,TRUE,TRUE,TRUE,FALSE,0.08294475422636009,8477482,52,8
2021021162,488,even-strength,73,2,FALSE,FALSE,TRUE,FALSE,FALSE,FALSE,0,8480289,52,8
2021021162,490,even-strength,39,23,FALSE,FALSE,TRUE,TRUE,TRUE,FALSE,0.01507070508107961,8477220,52,8
2021021162,491,even-strength,65,31,FALSE,FALSE,TRUE,FALSE,FALSE,FALSE,0,8477940,52,8
2021021162,493,even-strength,82,5,FALSE,FALSE,TRUE,FALSE,FALSE,FALSE,0,8477482,52,8
2021021162,494,even-strength,73,-1,FALSE,FALSE,TRUE,TRUE,TRUE,TRUE,0.13563106590094237,8478431,52,8
2021021162,496,even-strength,63,-5,FALSE,FALSE,TRUE,TRUE,FALSE,FALSE,0.07715328021827024,8476392,52,8
2021021162,497,even-strength,76,1,FALSE,TRUE,TRUE,TRUE,TRUE,FALSE,0.433270298039461,8478891,52,8
2021021162,701,even-strength,-72,36,FALSE,FALSE,TRUE,TRUE,TRUE,FALSE,2.474478990346042e-4,8478431,52,8
2021021162,705,even-strength,32,-5,FALSE,FALSE,TRUE,TRUE,FALSE,FALSE,0.02274112821567567,8480145,52,8
2021021162,707,even-strength,84,37,FALSE,FALSE,TRUE,TRUE,TRUE,FALSE,0.0184603513479392,8471669,52,8
2021021178,101,even-strength,66,-30,FALSE,FALSE,TRUE,FALSE,FALSE,FALSE,0,8479339,29,8
2021021178,102,even-strength,58,14,TRUE,FALSE,TRUE,TRUE,TRUE,FALSE,0.10077750346744478,8482705,29,8
2021021178,103,even-strength,73,10,FALSE,FALSE,TRUE,FALSE,FALSE,FALSE,0,8480292,29,8
2021021178,104,even-strength,34,20,FALSE,FALSE,TRUE,TRUE,FALSE,FALSE,0.01061781161544585,8480292,29,8
2021021178,105,even-strength,76,-16,FALSE,FALSE,TRUE,FALSE,FALSE,FALSE,0,8480871,29,8
2021021178,107,even-strength,61,4,FALSE,TRUE,TRUE,FALSE,FALSE,FALSE,0,8479941,29,8
2021021178,111,penalty-kill,61,-16,FALSE,FALSE,TRUE,TRUE,TRUE,FALSE,0.03934981320134535,8480762,29,8
2021021178,114,even-strength,63,14,FALSE,FALSE,TRUE,TRUE,FALSE,FALSE,0.04757068505691436,8474161,29,8
2021021178,115,even-strength,57,39,FALSE,FALSE,TRUE,TRUE,FALSE,FALSE,0.01198981265938534,8478458,29,8
2021021178,116,even-strength,68,-27,FALSE,FALSE,TRUE,TRUE,TRUE,TRUE,0.02681484992480599,8478458,29,8
2021021178,117,even-strength,57,22,FALSE,FALSE,TRUE,FALSE,FALSE,FALSE,0,8480762,29,8
2021021178,118,even-strength,74,3,FALSE,FALSE,TRUE,TRUE,TRUE,FALSE,0.06022440335517374,8476867,29,8
2021021178,122,even-strength,88,-10,FALSE,FALSE,TRUE,TRUE,TRUE,FALSE,0.04430464070480548,8480292,29,8
2021021178,125,even-strength,-1,14,FALSE,FALSE,TRUE,TRUE,TRUE,FALSE,0.00374580333181844,8477416,29,8
2021021178,126,power-play,36,-31,FALSE,FALSE,TRUE,TRUE,TRUE,FALSE,0.02236587088654006,8474161,29,8
2021021178,127,power-play,83,-2,FALSE,FALSE,TRUE,TRUE,TRUE,FALSE,0.12568386137904786,8478458,29,8
2021021178,128,power-play,64,33,FALSE,FALSE,TRUE,TRUE,FALSE,FALSE,0.06930729202422431,8479339,29,8
2021021178,129,power-play,41,1,FALSE,FALSE,TRUE,TRUE,FALSE,FALSE,0.05516002682924188,8474161,29,8
2021021178,130,power-play,69,-27,FALSE,FALSE,TRUE,TRUE,FALSE,FALSE,0.06956282256811452,8478460,29,8
2021021178,131,power-play,56,29,FALSE,FALSE,TRUE,TRUE,TRUE,FALSE,0.05549412404502037,8479339,29,8
2021021178,132,power-play,43,-20,FALSE,FALSE,TRUE,TRUE,TRUE,FALSE,0.03725954672824128,8478460,29,8
2021021178,133,power-play,34,19,FALSE,FALSE,TRUE,TRUE,FALSE,FALSE,0.04225716212565175,8480205,29,8
2021021178,134,power-play,55,18,FALSE,FALSE,TRUE,FALSE,FALSE,FALSE,0,8480205,29,8
2021021178,135,even-strength,68,-7,FALSE,FALSE,TRUE,TRUE,FALSE,FALSE,0.07424354841965282,8477416,29,8
2021021178,136,even-strength,55,18,FALSE,FALSE,TRUE,TRUE,FALSE,FALSE,0.02725053733507178,8477416,29,8
2021021178,139,even-strength,58,16,FALSE,FALSE,TRUE,TRUE,TRUE,FALSE,0.03834319273582969,8478460,29,8
2021021178,140,even-strength,82,-1,FALSE,FALSE,TRUE,FALSE,FALSE,FALSE,0,8482705,29,8
2021021178,142,even-strength,55,-17,FALSE,FALSE,TRUE,TRUE,TRUE,FALSE,0.03692591699332474,8480205,29,8
2021021178,143,even-strength,66,33,FALSE,FALSE,TRUE,FALSE,FALSE,FALSE,0,8477416,29,8
2021021178,144,even-strength,75,-3,FALSE,FALSE,TRUE,TRUE,FALSE,FALSE,0.09767003341911618,8479941,29,8
2021021178,145,even-strength,86,7,FALSE,TRUE,TRUE,TRUE,TRUE,FALSE,0.16451778977856568,8480762,29,8
2021021178,146,even-strength,87,-3,FALSE,FALSE,TRUE,TRUE,FALSE,FALSE,0.07770031834984675,8479941,29,8
2021021178,147,even-strength,74,10,FALSE,FALSE,TRUE,FALSE,FALSE,FALSE,0,8480762,29,8
2021021178,148,even-strength,82,-12,FALSE,FALSE,TRUE,FALSE,FALSE,FALSE,0,8480292,29,8
2021021178,304,even-strength,63,-21,FALSE,FALSE,TRUE,TRUE,TRUE,FALSE,0.03548004127143719,8479339,29,8
2021021178,306,even-strength,61,13,FALSE,FALSE,TRUE,FALSE,FALSE,FALSE,0,8478458,29,8
2021021178,307,even-strength,70,21,FALSE,FALSE,TRUE,TRUE,TRUE,FALSE,0.0365318763404829,8478458,29,8
2021021178,311,power-play,63,24,FALSE,FALSE,TRUE,TRUE,TRUE,FALSE,0.06022659555916623,8479339,29,8
2021021178,312,power-play,38,0,FALSE,FALSE,TRUE,TRUE,FALSE,FALSE,0.04417622923870004,8478460,29,8
2021021178,313,even-strength,50,-8,FALSE,FALSE,TRUE,TRUE,TRUE,FALSE,0.05039921901549332,8480205,29,8
2021021178,317,penalty-kill,64,-38,FALSE,FALSE,TRUE,TRUE,TRUE,FALSE,0.01078788014373106,8479941,29,8
2021021178,318,even-strength,63,3,FALSE,FALSE,TRUE,TRUE,TRUE,FALSE,0.07398115064475755,8480871,29,8
2021021178,320,even-strength,84,-6,FALSE,FALSE,TRUE,TRUE,TRUE,TRUE,0.07911975112604787,8478458,29,8
2021021178,322,power-play,78,13,FALSE,FALSE,TRUE,TRUE,FALSE,FALSE,0.07022677601969857,8474679,29,8
2021021178,323,power-play,86,24,FALSE,TRUE,TRUE,TRUE,TRUE,TRUE,0.20183409296472352,8479339,29,8
2021021178,326,even-strength,-1,-19,FALSE,FALSE,TRUE,TRUE,TRUE,FALSE,0.00281551002058556,8474679,29,8
2021021178,329,penalty-kill,-91,23,FALSE,FALSE,TRUE,TRUE,TRUE,FALSE,1.543978714661112e-4,8479369,29,8
2021021178,332,even-strength,53,-30,FALSE,FALSE,TRUE,FALSE,FALSE,FALSE,0,8483565,29,8
2021021178,333,even-strength,62,-6,FALSE,FALSE,TRUE,TRUE,TRUE,TRUE,0.05121153457812543,8482705,29,8
2021021178,334,even-strength,56,12,FALSE,FALSE,TRUE,TRUE,TRUE,FALSE,0.03911490553166544,8478458,29,8
2021021178,335,even-strength,77,0,FALSE,FALSE,TRUE,TRUE,FALSE,FALSE,0.11617335277491853,8474679,29,8
2021021178,343,even-strength,77,-2,FALSE,FALSE,TRUE,FALSE,FALSE,FALSE,0,8478458,29,8
2021021178,344,even-strength,35,37,FALSE,FALSE,TRUE,TRUE,FALSE,FALSE,0.00962226381508845,8479402,29,8
2021021178,345,even-strength,85,6,FALSE,FALSE,TRUE,FALSE,FALSE,FALSE,0,8479402,29,8
2021021178,346,even-strength,61,-11,FALSE,FALSE,TRUE,FALSE,FALSE,FALSE,0,8483565,29,8
2021021178,349,even-strength,42,3,FALSE,FALSE,TRUE,FALSE,FALSE,FALSE,0,8478882,29,8
2021021178,350,even-strength,37,-26,FALSE,FALSE,TRUE,TRUE,TRUE,FALSE,0.01420710675719337,8479369,29,8
2021021178,654,even-strength,59,36,FALSE,FALSE,TRUE,TRUE,TRUE,FALSE,0.01948767545708546,8474679,29,8
2021021178,656,even-strength,85,5,FALSE,FALSE,TRUE,TRUE,TRUE,FALSE,0.1046378897906234,8480292,29,8
2021021178,658,even-strength,72,5,FALSE,FALSE,TRUE,TRUE,TRUE,FALSE,0.10730224616646346,8480292,29,8
2021021178,659,even-strength,84,-18,FALSE,FALSE,TRUE,TRUE,TRUE,FALSE,0.03524048288423041,8479941,29,8
2021021178,660,even-strength,82,-4,FALSE,FALSE,TRUE,FALSE,FALSE,FALSE,0,8482660,29,8
2021021178,661,even-strength,81,1,FALSE,FALSE,TRUE,TRUE,FALSE,FALSE,0.12709578149077702,8482660,29,8
2021021178,664,even-strength,73,21,FALSE,FALSE,TRUE,TRUE,TRUE,TRUE,0.03669314837044506,8480205,29,8
2021021198,154,even-strength,50,-35,FALSE,FALSE,TRUE,TRUE,FALSE,FALSE,0.01456378263670213,8475324,15,8
2021021198,159,even-strength,72,-26,FALSE,FALSE,TRUE,FALSE,FALSE,FALSE,0,8477903,15,8
2021021198,160,even-strength,75,-4,FALSE,TRUE,TRUE,TRUE,TRUE,FALSE,0.18578418420378748,8475343,15,8
2021021198,161,even-strength,78,2,FALSE,TRUE,TRUE,TRUE,TRUE,FALSE,0.25802672334093907,8477903,15,8
2021021198,164,even-strength,31,-21,FALSE,FALSE,TRUE,TRUE,FALSE,FALSE,0.01049948523741716,8475324,15,8
2021021198,165,even-strength,87,27,TRUE,FALSE,TRUE,TRUE,TRUE,FALSE,0.02901408175796425,8475200,15,8
2021021198,166,even-strength,64,29,FALSE,FALSE,TRUE,TRUE,TRUE,FALSE,0.02052756645833731,8477903,15,8
2021021198,169,even-strength,61,0,FALSE,FALSE,TRUE,FALSE,FALSE,FALSE,0,8471214,15,8
2021021198,170,even-strength,78,0,FALSE,FALSE,TRUE,TRUE,FALSE,FALSE,0.11891918007557616,8477839,15,8
2021021198,174,even-strength,58,7,FALSE,FALSE,TRUE,TRUE,TRUE,FALSE,0.05008123171329957,8475149,15,8
2021021198,176,even-strength,74,2,FALSE,FALSE,TRUE,FALSE,FALSE,FALSE,0,8471214,15,8
2021021198,177,even-strength,74,4,FALSE,FALSE,TRUE,TRUE,FALSE,FALSE,0.0804962793487307,8475200,15,8
2021021198,179,power-play,59,-3,FALSE,FALSE,TRUE,FALSE,FALSE,FALSE,0,8474590,15,8
2021021198,180,power-play,38,24,FALSE,FALSE,TRUE,TRUE,TRUE,FALSE,0.044669435223538743,8471214,15,8
2021021198,182,even-strength,78,3,FALSE,FALSE,TRUE,TRUE,TRUE,TRUE,0.09041857615166526,8475343,15,8
2021021198,183,even-strength,75,-1,FALSE,FALSE,TRUE,FALSE,FALSE,FALSE,0,8475200,15,8
2021021198,191,even-strength,70,7,FALSE,FALSE,TRUE,FALSE,FALSE,FALSE,0,8471214,15,8
2021021198,192,even-strength,79,-4,FALSE,FALSE,TRUE,TRUE,FALSE,FALSE,0.08052894969014501,8475149,15,8
2021021198,194,even-strength,43,-19,TRUE,FALSE,TRUE,FALSE,FALSE,FALSE,0,8475324,15,8
2021021198,198,even-strength,44,21,FALSE,FALSE,TRUE,TRUE,TRUE,FALSE,0.01640495767578865,8477845,15,8
2021021198,199,even-strength,46,-38,FALSE,FALSE,TRUE,TRUE,TRUE,FALSE,0.01044369525190258,8474602,15,8
2021021198,252,even-strength,75,22,FALSE,FALSE,TRUE,TRUE,TRUE,FALSE,0.035771155447148,8477511,15,8
2021021198,255,even-strength,74,4,FALSE,FALSE,TRUE,FALSE,FALSE,FALSE,0,8477845,15,8
2021021198,257,even-strength,83,-8,FALSE,FALSE,TRUE,TRUE,FALSE,FALSE,0.05211457727468212,8475324,15,8
2021021198,258,even-strength,77,1,FALSE,FALSE,TRUE,TRUE,TRUE,FALSE,0.12662069810955096,8473563,15,8
2021021198,263,even-strength,84,0,FALSE,FALSE,TRUE,TRUE,TRUE,TRUE,0.15898676447804716,8477511,15,8
2021021198,265,even-strength,70,-4,FALSE,FALSE,TRUE,TRUE,TRUE,TRUE,0.14315091489154344,8477511,15,8
2021021198,267,power-play,68,22,FALSE,FALSE,TRUE,TRUE,FALSE,FALSE,0.09099371882839329,8471214,15,8
2021021198,269,power-play,54,26,FALSE,FALSE,TRUE,TRUE,FALSE,FALSE,0.08897228929780097,8471214,15,8
2021021198,270,power-play,73,-21,FALSE,FALSE,TRUE,TRUE,TRUE,FALSE,0.09782530882699958,8474590,15,8
2021021198,271,power-play,48,6,FALSE,FALSE,TRUE,TRUE,TRUE,FALSE,0.1016108343764034,8471214,15,8
2021021198,272,power-play,65,11,FALSE,FALSE,TRUE,FALSE,FALSE,FALSE,0,8474590,15,8
2021021198,273,power-play,60,-6,FALSE,FALSE,TRUE,TRUE,TRUE,FALSE,0.1738420146140528,8471698,15,8
2021021198,274,power-play,79,1,FALSE,FALSE,TRUE,TRUE,TRUE,FALSE,0.2460121506347923,8471698,15,8
2021021198,275,power-play,63,-1,FALSE,FALSE,TRUE,TRUE,FALSE,FALSE,0.13788925544506764,8471698,15,8
2021021198,276,even-strength,60,-1,FALSE,FALSE,TRUE,TRUE,FALSE,FALSE,0.09272625002433962,8477511,15,8
2021021198,277,even-strength,75,-6,FALSE,FALSE,TRUE,TRUE,FALSE,FALSE,0.07791625202219948,8474602,15,8
2021021198,278,even-strength,72,-2,FALSE,FALSE,TRUE,TRUE,TRUE,FALSE,0.07029570044714252,8475149,15,8
2021021198,279,even-strength,75,-1,FALSE,TRUE,TRUE,TRUE,FALSE,FALSE,0.2528553574159969,8477511,15,8
2021021198,280,even-strength,68,-18,FALSE,FALSE,TRUE,TRUE,TRUE,FALSE,0.06178602509077424,8476880,15,8
2021021198,282,even-strength,75,-5,FALSE,FALSE,TRUE,FALSE,FALSE,FALSE,0,8475324,15,8
2021021198,283,even-strength,50,-18,FALSE,FALSE,TRUE,FALSE,FALSE,FALSE,0,8475324,15,8
2021021198,285,even-strength,63,-39,FALSE,FALSE,TRUE,TRUE,TRUE,FALSE,0.01738754077546303,8474602,15,8
2021021198,286,even-strength,81,-30,FALSE,FALSE,TRUE,TRUE,TRUE,FALSE,0.02617275744033823,8474602,15,8
2021021198,287,even-strength,72,5,FALSE,FALSE,TRUE,TRUE,TRUE,TRUE,0.07788249322945497,8471214,15,8
2021021198,288,even-strength,32,-6,FALSE,FALSE,TRUE,TRUE,FALSE,FALSE,0.01692453891531685,8477845,15,8
2021021198,289,even-strength,69,-2,FALSE,FALSE,TRUE,TRUE,TRUE,FALSE,0.08661861791481795,8477511,15,8
2021021198,290,even-strength,52,-2,FALSE,FALSE,TRUE,TRUE,FALSE,FALSE,0.04070910748808457,8474602,15,8
2021021198,291,even-strength,73,-4,FALSE,TRUE,TRUE,FALSE,FALSE,FALSE,0,8475324,15,8
2021021198,294,even-strength,75,10,TRUE,FALSE,TRUE,TRUE,TRUE,FALSE,0.13891226252780198,8477511,15,8
2021021198,295,even-strength,43,-34,FALSE,FALSE,TRUE,TRUE,TRUE,FALSE,0.02968148276572187,8475200,15,8
2021021198,701,even-strength,0,-37,FALSE,FALSE,TRUE,TRUE,TRUE,FALSE,0.00194619720171162,8471698,15,8
2021021198,704,even-strength,80,0,FALSE,FALSE,TRUE,TRUE,TRUE,TRUE,0.14896373079887182,8477903,15,8
2021021198,705,even-strength,69,13,FALSE,FALSE,TRUE,TRUE,TRUE,FALSE,0.05993631046756342,8476880,15,8
2021021198,706,even-strength,32,29,FALSE,FALSE,TRUE,TRUE,TRUE,FALSE,0.00928734414393909,8475324,15,8
2021021198,707,even-strength,33,-27,FALSE,FALSE,TRUE,TRUE,FALSE,FALSE,0.01525758351354859,8475200,15,8
2021021198,708,even-strength,42,-3,FALSE,FALSE,TRUE,TRUE,TRUE,TRUE,0.04178569155766542,8475200,15,8
2021021198,709,even-strength,43,-33,FALSE,FALSE,TRUE,FALSE,FALSE,FALSE,0,8474602,15,8
2021021198,710,even-strength,62,21,FALSE,FALSE,TRUE,TRUE,TRUE,FALSE,0.030513528904438,8475343,15,8
2021021198,715,even-strength,79,0,FALSE,FALSE,TRUE,TRUE,TRUE,FALSE,0.15012168329507,8471214,15,8
2021021198,716,power-play,75,0,FALSE,FALSE,TRUE,FALSE,FALSE,FALSE,0,8474590,15,8
2021021198,717,power-play,64,-18,FALSE,FALSE,TRUE,FALSE,FALSE,FALSE,0,8475744,15,8
2021021198,718,power-play,63,23,TRUE,FALSE,TRUE,TRUE,FALSE,FALSE,0.1044907804361003,8471214,15,8
2021021198,719,power-play,84,-6,FALSE,FALSE,TRUE,TRUE,FALSE,FALSE,0.15218919745701118,8475744,15,8
2021021198,720,power-play,61,19,FALSE,FALSE,TRUE,TRUE,TRUE,TRUE,0.05545071354687267,8474602,15,8
2021021198,721,even-strength,82,-1,FALSE,FALSE,TRUE,TRUE,TRUE,FALSE,0.15101372616196176,8474189,15,8
2021021198,723,even-strength,40,-35,FALSE,FALSE,TRUE,TRUE,TRUE,FALSE,0.01089785592910067,8475324,15,8
2021021198,724,even-strength,70,-5,FALSE,FALSE,TRUE,FALSE,FALSE,FALSE,0,8475324,15,8
2021021198,725,even-strength,67,0,FALSE,FALSE,TRUE,FALSE,FALSE,FALSE,0,8473563,15,8
2021021198,726,even-strength,82,-3,FALSE,FALSE,TRUE,TRUE,TRUE,FALSE,0.1721533171112755,8476880,15,8
2021021198,728,even-strength,61,-37,FALSE,FALSE,TRUE,TRUE,TRUE,FALSE,0.0238172004114537,8475728,15,8
2021021198,730,power-play,60,-2,FALSE,FALSE,TRUE,TRUE,TRUE,FALSE,0.09615898340198745,8471698,15,8
2021021198,731,power-play,75,-1,FALSE,FALSE,TRUE,TRUE,TRUE,TRUE,0.112346861728989,8471698,15,8
2021021198,732,even-strength,62,-2,FALSE,FALSE,TRUE,TRUE,TRUE,FALSE,0.08498907993506662,8475149,15,8
2021021198,733,even-strength,85,-14,FALSE,FALSE,TRUE,TRUE,FALSE,FALSE,0.04011984564437683,8477839,15,8
2021021198,734,even-strength,75,13,FALSE,FALSE,TRUE,FALSE,FALSE,FALSE,0,8477839,15,8
2021021198,735,even-strength,68,-29,FALSE,FALSE,TRUE,TRUE,TRUE,FALSE,0.04225852882798842,8474189,15,8
2021021198,736,even-strength,40,2,FALSE,FALSE,TRUE,TRUE,FALSE,FALSE,0.05224462380498538,8474602,15,8
2021021273,154,even-strength,44,36,FALSE,FALSE,TRUE,TRUE,TRUE,FALSE,0.01678504324268402,8479335,7,8
2021021273,156,even-strength,59,-2,FALSE,FALSE,TRUE,FALSE,FALSE,FALSE,0,8479999,7,8
2021021273,157,even-strength,73,-26,FALSE,FALSE,TRUE,TRUE,TRUE,FALSE,0.05214740907327048,8481528,7,8
2021021273,159,even-strength,31,35,FALSE,FALSE,TRUE,TRUE,TRUE,FALSE,0.00683790208838829,8480807,7,8
2021021273,161,even-strength,38,-1,FALSE,FALSE,TRUE,TRUE,TRUE,FALSE,0.02842887096661826,8477949,7,8
2021021273,164,even-strength,47,5,FALSE,FALSE,TRUE,TRUE,FALSE,FALSE,0.03844274074152414,8476873,7,8
2021021273,165,even-strength,72,-1,FALSE,FALSE,TRUE,FALSE,FALSE,FALSE,0,8481528,7,8
2021021273,169,even-strength,61,-13,FALSE,FALSE,TRUE,FALSE,FALSE,FALSE,0,8475784,7,8
2021021273,170,even-strength,52,-23,FALSE,FALSE,TRUE,TRUE,FALSE,FALSE,0.03636783382893774,8482061,7,8
2021021273,175,even-strength,78,-7,TRUE,FALSE,TRUE,TRUE,TRUE,FALSE,0.15903567315711892,8477949,7,8
2021021273,176,even-strength,43,-2,TRUE,TRUE,TRUE,TRUE,TRUE,FALSE,0.1494245904955154,8480035,7,8
2021021273,177,even-strength,81,-3,TRUE,TRUE,TRUE,TRUE,TRUE,FALSE,0.2795715270662763,8479999,7,8
2021021273,181,even-strength,36,25,FALSE,FALSE,TRUE,TRUE,TRUE,FALSE,0.01903755889016123,8476873,7,8
2021021273,182,even-strength,1,40,FALSE,FALSE,TRUE,TRUE,TRUE,FALSE,0.00150833604047075,8479999,7,8
2021021273,183,even-strength,69,-21,FALSE,FALSE,TRUE,TRUE,TRUE,FALSE,0.03217390366613079,8481528,7,8
2021021273,184,even-strength,68,-24,FALSE,FALSE,TRUE,FALSE,FALSE,FALSE,0,8479420,7,8
2021021273,186,even-strength,81,-24,FALSE,FALSE,TRUE,TRUE,FALSE,FALSE,0.05812034988043045,8479335,7,8
2021021273,189,even-strength,66,-1,FALSE,FALSE,TRUE,TRUE,TRUE,FALSE,0.09073034528719588,8475784,7,8
2021021273,191,even-strength,59,5,FALSE,FALSE,TRUE,TRUE,TRUE,FALSE,0.05702861949299483,8477949,7,8
2021021273,192,even-strength,33,7,FALSE,FALSE,TRUE,TRUE,TRUE,FALSE,0.01995049874627882,8480807,7,8
2021021273,194,even-strength,50,-8,FALSE,FALSE,TRUE,TRUE,TRUE,FALSE,0.03541485776344615,8480839,7,8
2021021273,195,even-strength,55,6,FALSE,FALSE,TRUE,TRUE,TRUE,FALSE,0.05171267160620924,8480839,7,8
2021021273,198,power-play,51,28,FALSE,FALSE,TRUE,TRUE,TRUE,FALSE,0.05792362650323382,8479420,7,8
2021021273,199,power-play,36,-33,FALSE,FALSE,TRUE,TRUE,FALSE,FALSE,0.01925429466667309,8479999,7,8
2021021273,200,power-play,79,3,FALSE,TRUE,TRUE,TRUE,TRUE,FALSE,0.27977985478556366,8475784,7,8
2021021273,452,even-strength,75,5,TRUE,FALSE,TRUE,FALSE,FALSE,FALSE,0,8480196,7,8
2021021273,454,even-strength,43,32,FALSE,FALSE,TRUE,FALSE,FALSE,FALSE,0,8480839,7,8
2021021273,455,even-strength,80,-3,FALSE,TRUE,TRUE,FALSE,FALSE,FALSE,0,8475784,7,8
2021021273,456,even-strength,79,4,FALSE,TRUE,TRUE,FALSE,FALSE,FALSE,0,8479999,7,8
2021021273,457,even-strength,76,18,FALSE,FALSE,TRUE,FALSE,FALSE,FALSE,0,8479999,7,8
2021021273,459,even-strength,75,-4,FALSE,FALSE,TRUE,FALSE,FALSE,FALSE,0,8476873,7,8
2021021273,460,even-strength,81,-22,FALSE,FALSE,TRUE,TRUE,TRUE,FALSE,0.03378008803839889,8477401,7,8
2021021273,461,even-strength,73,-1,FALSE,FALSE,TRUE,TRUE,TRUE,FALSE,0.08130787118776547,8475784,7,8
2021021273,462,even-strength,55,37,TRUE,FALSE,TRUE,TRUE,TRUE,FALSE,0.03215862905209531,8477949,7,8
2021021273,463,even-strength,31,38,FALSE,TRUE,TRUE,TRUE,TRUE,FALSE,0.01784510106179807,8480839,7,8
2021021273,464,even-strength,77,-7,FALSE,FALSE,TRUE,TRUE,TRUE,FALSE,0.08869644841839382,8479999,7,8
2021021273,466,even-strength,21,8,FALSE,FALSE,TRUE,TRUE,TRUE,FALSE,0.00778278637201994,8479335,7,8
2021021273,467,even-strength,83,-6,FALSE,FALSE,TRUE,FALSE,FALSE,FALSE,0,8482061,7,8
2021021273,468,even-strength,68,-5,FALSE,FALSE,TRUE,FALSE,FALSE,FALSE,0,8476873,7,8
2021021273,469,even-strength,73,7,FALSE,FALSE,TRUE,FALSE,FALSE,FALSE,0,8478075,7,8
2021021273,471,even-strength,39,23,TRUE,FALSE,TRUE,TRUE,TRUE,FALSE,0.02999804556726409,8480839,7,8
2021021273,473,even-strength,70,4,FALSE,FALSE,TRUE,TRUE,TRUE,FALSE,0.0850727556759495,8481522,7,8
2021021273,474,even-strength,56,-30,FALSE,FALSE,TRUE,TRUE,TRUE,FALSE,0.02736216672778976,8480807,7,8
2021021273,475,even-strength,40,1,FALSE,FALSE,TRUE,FALSE,FALSE,FALSE,0,8480196,7,8
2021021273,476,even-strength,31,24,FALSE,FALSE,TRUE,TRUE,FALSE,FALSE,0.02368524369854822,8475784,7,8
2021021273,479,even-strength,82,-4,FALSE,FALSE,TRUE,TRUE,TRUE,FALSE,0.1343248882903725,8481528,7,8
2021021273,482,even-strength,81,8,TRUE,FALSE,TRUE,TRUE,FALSE,FALSE,0.1293407928290927,8481522,7,8
2021021273,488,even-strength,75,-10,TRUE,FALSE,TRUE,FALSE,FALSE,FALSE,0,8475784,7,8
2021021273,495,even-strength,63,-8,FALSE,FALSE,TRUE,FALSE,FALSE,FALSE,0,8475784,7,8
2021021273,497,even-strength,70,0,FALSE,FALSE,TRUE,TRUE,TRUE,FALSE,0.13907661455988474,8475784,7,8
2021021273,499,power-play,62,-24,FALSE,FALSE,TRUE,TRUE,TRUE,FALSE,0.06484243242679039,8481522,7,8
2021021273,500,power-play,79,5,FALSE,FALSE,TRUE,TRUE,TRUE,FALSE,0.11641600527692993,8477949,7,8
2021021273,851,power-play,54,24,FALSE,FALSE,TRUE,TRUE,FALSE,FALSE,0.04147914629476513,8479420,7,8
2021021273,855,even-strength,35,20,FALSE,FALSE,TRUE,TRUE,TRUE,FALSE,0.02092402277372088,8480839,7,8
2021021273,856,even-strength,54,-21,FALSE,FALSE,TRUE,TRUE,TRUE,FALSE,0.03802365749621516,8479420,7,8
2021021273,859,even-strength,63,13,FALSE,FALSE,TRUE,FALSE,FALSE,FALSE,0,8480807,7,8
