gameId,eventId,strengthState,xCoordNorm,yCoordNorm,isRush,isRebound,isCorsi,isFenwick,isShot,isGoal,xG,shooterPlayerId,shooterTeamId,goalieTeamId
2021020045,10,even-strength,46,-29,TRUE,FALSE,TRUE,FALSE,FALSE,FALSE,0,8477492,21,15
2021020045,12,even-strength,35,21,FALSE,FALSE,TRUE,TRUE,TRUE,FALSE,0.01793278719740791,8477492,21,15
2021020045,17,even-strength,81,27,FALSE,FALSE,TRUE,TRUE,TRUE,FALSE,0.03322500791688562,8471794,21,15
2021020045,23,even-strength,52,-5,FALSE,FALSE,TRUE,FALSE,FALSE,FALSE,0,8475172,21,15
2021020045,35,even-strength,72,17,FALSE,FALSE,TRUE,TRUE,FALSE,FALSE,0.03384892298764718,8480069,21,15
2021020045,36,even-strength,40,24,FALSE,FALSE,TRUE,TRUE,TRUE,FALSE,0.01174591853555456,8476850,21,15
2021020045,38,even-strength,55,-27,FALSE,FALSE,TRUE,TRUE,FALSE,FALSE,0.05411000051894898,8478420,21,15
2021020045,48,penalty-kill,75,-3,TRUE,FALSE,TRUE,TRUE,TRUE,TRUE,0.3099317009463945,8477456,21,15
2021020045,209,even-strength,69,-16,FALSE,FALSE,TRUE,TRUE,FALSE,FALSE,0.05200937397148072,8478420,21,15
2021020045,213,even-strength,69,35,FALSE,FALSE,TRUE,TRUE,TRUE,FALSE,0.02015081102651563,8480846,21,15
2021020045,216,power-play,82,-5,FALSE,FALSE,TRUE,TRUE,FALSE,FALSE,0.101796648957784,8478420,21,15
2021020045,218,power-play,48,-21,FALSE,FALSE,TRUE,FALSE,FALSE,FALSE,0,8475172,21,15
2021020045,228,even-strength,74,-12,FALSE,FALSE,TRUE,TRUE,TRUE,FALSE,0.066897106148323,8477492,21,15
2021020045,231,even-strength,73,3,FALSE,FALSE,TRUE,TRUE,TRUE,TRUE,0.10376663035439514,8471794,21,15
2021020045,233,even-strength,83,-14,FALSE,FALSE,TRUE,TRUE,TRUE,FALSE,0.0802426729651699,8475172,21,15
2021020045,236,power-play,79,-3,FALSE,FALSE,TRUE,TRUE,TRUE,FALSE,0.147480844620267,8479370,21,15
2021020045,237,power-play,34,0,FALSE,FALSE,TRUE,TRUE,TRUE,FALSE,0.02683921228105594,8479398,21,15
2021020045,238,power-play,81,5,FALSE,FALSE,TRUE,TRUE,TRUE,FALSE,0.11769197728013445,8479573,21,15
2021020045,242,even-strength,82,8,FALSE,FALSE,TRUE,TRUE,TRUE,FALSE,0.11130639403149505,8479370,21,15
2021020045,244,even-strength,68,-5,FALSE,FALSE,TRUE,TRUE,FALSE,FALSE,0.06058699557492796,8478420,21,15
2021020045,246,even-strength,76,1,FALSE,FALSE,TRUE,TRUE,TRUE,FALSE,0.08059425794614009,8481186,21,15
2021020045,249,even-strength,48,-32,FALSE,FALSE,TRUE,FALSE,FALSE,FALSE,0,8473446,21,15
2021020045,250,even-strength,80,1,FALSE,FALSE,TRUE,FALSE,FALSE,FALSE,0,8480846,21,15
2021020045,458,even-strength,44,-23,FALSE,FALSE,TRUE,FALSE,FALSE,FALSE,0,8473446,21,15
2021020045,476,even-strength,80,29,FALSE,FALSE,TRUE,TRUE,TRUE,FALSE,0.01902922801239498,8473446,21,15
2021020045,477,even-strength,83,-11,FALSE,TRUE,TRUE,TRUE,TRUE,FALSE,0.10449214094006942,8473446,21,15
2021020045,480,even-strength,69,-18,FALSE,FALSE,TRUE,FALSE,FALSE,FALSE,0,8473446,21,15
2021020045,486,power-play,72,-3,FALSE,FALSE,TRUE,TRUE,FALSE,FALSE,0.17526782538831698,8480822,21,15
2021020045,488,even-strength,48,-21,FALSE,FALSE,TRUE,TRUE,TRUE,FALSE,0.04642237130798661,8477456,21,15
2021020045,489,even-strength,81,-21,FALSE,FALSE,TRUE,TRUE,FALSE,FALSE,0.05937498933058785,8477492,21,15
2021020045,497,even-strength,45,-21,FALSE,FALSE,TRUE,TRUE,TRUE,FALSE,0.01959377501133709,8480069,21,15
2021020045,500,even-strength,37,-27,FALSE,FALSE,TRUE,TRUE,TRUE,FALSE,0.0149660271715436,8478420,21,15
2021020045,652,even-strength,65,-14,FALSE,FALSE,TRUE,FALSE,FALSE,FALSE,0,8471794,21,15
2021020045,653,even-strength,59,-17,FALSE,FALSE,TRUE,TRUE,TRUE,FALSE,0.04126396661894904,8481186,21,15
2021020045,655,even-strength,65,-31,FALSE,FALSE,TRUE,TRUE,TRUE,FALSE,0.02989697891896541,8480069,21,15
2021020045,656,even-strength,75,-12,FALSE,FALSE,TRUE,FALSE,FALSE,FALSE,0,8480069,21,15
2021020045,657,even-strength,77,15,FALSE,FALSE,TRUE,TRUE,TRUE,FALSE,0.06127531641153809,8478420,21,15
2021020045,667,even-strength,72,5,FALSE,FALSE,TRUE,FALSE,FALSE,FALSE,0,8479573,21,15
2021020045,669,even-strength,38,-1,FALSE,FALSE,TRUE,TRUE,FALSE,FALSE,0.03029131971775495,8480069,21,15
2021020045,672,power-play,85,-10,FALSE,FALSE,TRUE,TRUE,TRUE,FALSE,0.10114707323845631,8475172,21,15
2021020045,673,power-play,86,-9,FALSE,FALSE,TRUE,TRUE,TRUE,FALSE,0.070654836286199,8475172,21,15
2021020045,674,power-play,53,1,FALSE,FALSE,TRUE,TRUE,TRUE,FALSE,0.073028171740825,8480069,21,15
2021020045,675,power-play,41,6,FALSE,FALSE,TRUE,TRUE,TRUE,FALSE,0.05295746231319762,8477492,21,15
2021020045,679,power-play,72,-18,FALSE,FALSE,TRUE,TRUE,TRUE,TRUE,0.10900411038984614,8478420,21,15
2021020045,681,even-strength,63,-17,TRUE,FALSE,TRUE,FALSE,FALSE,FALSE,0,8480069,21,15
2021020045,686,even-strength,59,-3,FALSE,FALSE,TRUE,TRUE,TRUE,FALSE,0.06862075608872155,8480846,21,15
2021020072,225,even-strength,66,-21,FALSE,FALSE,TRUE,FALSE,FALSE,FALSE,0,8479314,20,15
2021020072,231,power-play,48,-18,FALSE,FALSE,TRUE,TRUE,TRUE,FALSE,0.04190353812400806,8474150,20,15
2021020072,233,power-play,75,21,FALSE,FALSE,TRUE,TRUE,FALSE,FALSE,0.1000985871899444,8473473,20,15
2021020072,234,even-strength,69,11,FALSE,FALSE,TRUE,FALSE,FALSE,FALSE,0,8475690,20,15
2021020072,236,even-strength,67,20,FALSE,FALSE,TRUE,TRUE,FALSE,FALSE,0.04267707110898627,8476346,20,15
2021020072,237,even-strength,65,-17,FALSE,FALSE,TRUE,TRUE,TRUE,FALSE,0.09323005008881594,8477496,20,15
2021020072,243,even-strength,50,-24,FALSE,FALSE,TRUE,FALSE,FALSE,FALSE,0,8475690,20,15
2021020072,245,even-strength,76,15,FALSE,FALSE,TRUE,FALSE,FALSE,FALSE,0,8479976,20,15
2021020072,246,even-strength,58,-31,FALSE,FALSE,TRUE,TRUE,FALSE,FALSE,0.01851445365901901,8475790,20,15
2021020072,248,power-play,63,27,FALSE,FALSE,TRUE,TRUE,FALSE,FALSE,0.06584000393003495,8473473,20,15
2021020072,249,power-play,69,20,FALSE,FALSE,TRUE,FALSE,FALSE,FALSE,0,8479346,20,15
2021020072,250,power-play,65,-31,FALSE,FALSE,TRUE,TRUE,FALSE,FALSE,0.05737785948415953,8479314,20,15
2021020072,451,even-strength,56,-4,FALSE,FALSE,TRUE,TRUE,FALSE,FALSE,0.05508644970217048,8473453,20,15
2021020072,453,even-strength,74,6,FALSE,FALSE,TRUE,FALSE,FALSE,FALSE,0,8475752,20,15
2021020072,458,even-strength,47,-23,FALSE,FALSE,TRUE,TRUE,TRUE,FALSE,0.02044862168312399,8476399,20,15
2021020072,464,even-strength,47,31,FALSE,FALSE,TRUE,TRUE,TRUE,FALSE,0.01677974613121143,8475790,20,15
2021020072,483,even-strength,63,16,FALSE,FALSE,TRUE,TRUE,TRUE,FALSE,0.05885330453352349,8476346,20,15
2021020072,485,even-strength,78,-8,TRUE,FALSE,TRUE,FALSE,FALSE,FALSE,0,8475690,20,15
2021020072,488,even-strength,44,0,FALSE,FALSE,TRUE,TRUE,FALSE,FALSE,0.04008266617288227,8478396,20,15
2021020072,491,even-strength,48,-25,FALSE,FALSE,TRUE,TRUE,FALSE,FALSE,0.03709845112364901,8476399,20,15
2021020072,492,even-strength,63,1,FALSE,FALSE,TRUE,FALSE,FALSE,FALSE,0,8474150,20,15
2021020072,493,even-strength,44,-29,FALSE,FALSE,TRUE,TRUE,TRUE,FALSE,0.01371567660034184,8479314,20,15
2021020072,494,even-strength,72,2,FALSE,FALSE,TRUE,TRUE,TRUE,FALSE,0.14368976392544355,8477496,20,15
2021020072,496,even-strength,72,-2,FALSE,FALSE,TRUE,FALSE,FALSE,FALSE,0,8478396,20,15
2021020072,504,even-strength,55,-12,FALSE,FALSE,TRUE,TRUE,TRUE,FALSE,0.04890358096682101,8477496,20,15
2021020072,506,even-strength,37,18,FALSE,FALSE,TRUE,TRUE,TRUE,FALSE,0.01656039940028519,8479976,20,15
2021020072,512,even-strength,46,-5,FALSE,FALSE,TRUE,TRUE,FALSE,FALSE,0.03980284981180648,8476346,20,15
2021020072,513,even-strength,91,-27,FALSE,TRUE,TRUE,TRUE,TRUE,FALSE,0.11700490883671524,8477496,20,15
2021020072,515,even-strength,58,-33,FALSE,FALSE,TRUE,FALSE,FALSE,FALSE,0,8479314,20,15
2021020072,517,even-strength,76,-17,FALSE,FALSE,TRUE,TRUE,TRUE,FALSE,0.04846134345573336,8479314,20,15
2021020072,518,even-strength,52,-33,FALSE,FALSE,TRUE,TRUE,FALSE,FALSE,0.01946920198008869,8478397,20,15
2021020072,524,even-strength,38,25,FALSE,FALSE,TRUE,TRUE,FALSE,FALSE,0.01661445236658876,8478396,20,15
2021020072,530,even-strength,38,-22,FALSE,FALSE,TRUE,TRUE,TRUE,FALSE,0.01686340567054144,8476399,20,15
2021020072,541,even-strength,62,-13,FALSE,FALSE,TRUE,TRUE,TRUE,FALSE,0.12072710768609764,8478233,20,15
2021020072,546,even-strength,77,0,FALSE,FALSE,TRUE,TRUE,TRUE,TRUE,0.17163428421746302,8477496,20,15
2021020084,10,even-strength,29,-9,FALSE,FALSE,TRUE,TRUE,TRUE,FALSE,0.01790908255916296,8477426,9,15
2021020084,15,even-strength,54,-41,FALSE,FALSE,TRUE,TRUE,TRUE,TRUE,0.01436356265019556,8480208,9,15
2021020084,18,even-strength,-14,40,FALSE,FALSE,TRUE,TRUE,TRUE,FALSE,9.237538426830712e-4,8474207,9,15
2021020084,20,even-strength,35,-25,FALSE,FALSE,TRUE,TRUE,FALSE,FALSE,0.02095309010039388,8482245,9,15
2021020084,21,even-strength,79,1,FALSE,FALSE,TRUE,TRUE,FALSE,FALSE,0.12275538029637478,8480064,9,15
2021020084,30,even-strength,70,14,FALSE,FALSE,TRUE,TRUE,TRUE,FALSE,0.04943305708459031,8477149,9,15
2021020084,32,even-strength,78,2,FALSE,FALSE,TRUE,TRUE,TRUE,FALSE,0.116637920717032,8477426,9,15
2021020084,42,even-strength,82,-2,FALSE,FALSE,TRUE,TRUE,TRUE,FALSE,0.13105857267957677,8478469,9,15
2021020084,45,even-strength,60,2,FALSE,FALSE,TRUE,TRUE,TRUE,FALSE,0.06376159624677893,8477149,9,15
2021020084,46,even-strength,68,40,FALSE,FALSE,TRUE,TRUE,TRUE,FALSE,0.01955361723837456,8477149,9,15
2021020084,49,even-strength,72,14,FALSE,FALSE,TRUE,TRUE,TRUE,FALSE,0.05383985920559159,8477426,9,15
2021020084,202,even-strength,48,1,FALSE,FALSE,TRUE,TRUE,FALSE,FALSE,0.03695140492114782,8479458,9,15
2021020084,209,even-strength,75,39,FALSE,FALSE,TRUE,TRUE,TRUE,FALSE,0.01604855650702342,8480064,9,15
2021020084,211,even-strength,35,20,FALSE,FALSE,TRUE,TRUE,TRUE,FALSE,0.01647075026240822,8478469,9,15
2021020084,216,even-strength,82,7,FALSE,FALSE,TRUE,TRUE,TRUE,FALSE,0.08664626759946877,8478469,9,15
2021020084,221,even-strength,62,19,TRUE,FALSE,TRUE,FALSE,FALSE,FALSE,0,8474207,9,15
2021020084,222,even-strength,80,5,FALSE,FALSE,TRUE,TRUE,TRUE,FALSE,0.0824471247490568,8482116,9,15
2021020084,239,even-strength,83,1,FALSE,FALSE,TRUE,TRUE,TRUE,FALSE,0.16295597154621896,8480029,9,15
2021020084,241,even-strength,72,-29,FALSE,FALSE,TRUE,TRUE,TRUE,TRUE,0.0360221349973949,8480064,9,15
2021020084,244,power-play,80,3,FALSE,TRUE,TRUE,TRUE,TRUE,FALSE,0.2439091182759749,8480801,9,15
2021020084,245,power-play,82,1,TRUE,FALSE,TRUE,TRUE,TRUE,FALSE,0.1987476039273134,8480801,9,15
2021020084,246,power-play,38,10,FALSE,FALSE,TRUE,TRUE,TRUE,FALSE,0.03274077348419028,8478469,9,15
2021020084,248,power-play,80,3,FALSE,FALSE,TRUE,FALSE,FALSE,FALSE,0,8480801,9,15
2021020084,249,power-play,76,13,FALSE,FALSE,TRUE,TRUE,TRUE,FALSE,0.11003385727969428,8482116,9,15
2021020084,403,power-play,86,-7,FALSE,FALSE,TRUE,TRUE,TRUE,TRUE,0.08644756055933105,8476919,9,15
2021020084,406,even-strength,75,-7,FALSE,FALSE,TRUE,TRUE,TRUE,FALSE,0.06439596689693719,8477426,9,15
2021020084,407,even-strength,77,-4,FALSE,FALSE,TRUE,FALSE,FALSE,FALSE,0,8482116,9,15
2021020084,408,even-strength,83,5,FALSE,FALSE,TRUE,TRUE,TRUE,TRUE,0.09256273075736346,8480208,9,15
2021020084,419,even-strength,74,10,FALSE,FALSE,TRUE,TRUE,TRUE,FALSE,0.07645351073528814,8474589,9,15
2021020084,420,even-strength,71,-14,FALSE,TRUE,TRUE,FALSE,FALSE,FALSE,0,8478469,9,15
2021020084,421,even-strength,55,38,FALSE,TRUE,TRUE,TRUE,TRUE,FALSE,0.04149618367358964,8479376,9,15
2021020084,426,even-strength,48,-24,FALSE,FALSE,TRUE,FALSE,FALSE,FALSE,0,8479458,9,15
2021020084,430,even-strength,59,-14,FALSE,FALSE,TRUE,FALSE,FALSE,FALSE,0,8480801,9,15
2021020084,436,even-strength,36,16,FALSE,FALSE,TRUE,TRUE,TRUE,FALSE,0.01319098027708546,8479458,9,15
2021020084,438,even-strength,71,2,FALSE,FALSE,TRUE,FALSE,FALSE,FALSE,0,8478469,9,15
2021020084,439,even-strength,77,-4,FALSE,FALSE,TRUE,TRUE,TRUE,FALSE,0.07946830238794311,8478469,9,15
2021020084,440,even-strength,79,3,FALSE,TRUE,TRUE,TRUE,TRUE,FALSE,0.2500608160337377,8474589,9,15
2021020084,441,even-strength,44,25,FALSE,FALSE,TRUE,TRUE,TRUE,FALSE,0.01520486711046496,8474589,9,15
2021020084,551,power-play,69,15,FALSE,FALSE,TRUE,TRUE,TRUE,FALSE,0.09288447219853582,8480208,9,15
2021020084,656,even-strength,79,0,TRUE,FALSE,TRUE,TRUE,TRUE,FALSE,0.23864720328512443,8480029,9,15
2021020084,657,even-strength,38,23,FALSE,FALSE,TRUE,TRUE,TRUE,FALSE,0.01364950393251687,8482245,9,15
2021020084,659,even-strength,78,8,FALSE,FALSE,TRUE,TRUE,FALSE,FALSE,0.0753181649515898,8480208,9,15
2021020084,660,even-strength,35,0,FALSE,FALSE,TRUE,TRUE,FALSE,FALSE,0.02523338281795445,8478469,9,15
2021020084,661,even-strength,72,13,FALSE,FALSE,TRUE,FALSE,FALSE,FALSE,0,8478469,9,15
2021020084,662,even-strength,79,5,FALSE,FALSE,TRUE,TRUE,TRUE,FALSE,0.0989669711760868,8480064,9,15
2021020084,663,even-strength,80,1,FALSE,FALSE,TRUE,TRUE,FALSE,FALSE,0.1339967075601495,8480064,9,15
2021020084,664,even-strength,67,40,FALSE,FALSE,TRUE,TRUE,TRUE,TRUE,0.01896981732785285,8480208,9,15
2021020084,670,even-strength,81,8,TRUE,FALSE,TRUE,FALSE,FALSE,FALSE,0,8477426,9,15
2021020084,688,power-play,36,14,FALSE,FALSE,TRUE,TRUE,TRUE,FALSE,0.03844842560067269,8482245,9,15
2021020084,689,even-strength,63,13,TRUE,FALSE,TRUE,TRUE,TRUE,FALSE,0.07680838589924362,8477426,9,15
2021020084,690,even-strength,53,27,FALSE,FALSE,TRUE,TRUE,TRUE,FALSE,0.01910257011484823,8480029,9,15
2021020084,802,even-strength,61,-37,FALSE,FALSE,TRUE,TRUE,FALSE,FALSE,0.03270818576264805,8480208,9,15
2021020084,803,even-strength,79,-2,FALSE,FALSE,TRUE,FALSE,FALSE,FALSE,0,8480064,9,15
2021020084,805,even-strength,73,-12,FALSE,FALSE,TRUE,FALSE,FALSE,FALSE,0,8477015,9,15
2021020084,807,even-strength,47,-3,FALSE,FALSE,TRUE,FALSE,FALSE,FALSE,0,8482245,9,15
2021020084,810,even-strength,83,-4,FALSE,FALSE,TRUE,TRUE,FALSE,FALSE,0.1295884575505975,8477426,9,15
2021020084,811,even-strength,82,-5,TRUE,FALSE,TRUE,TRUE,TRUE,FALSE,0.1712271266335351,8477426,9,15
2021020113,17,even-strength,57,21,FALSE,FALSE,TRUE,FALSE,FALSE,FALSE,0,8479345,53,15
2021020113,19,even-strength,83,-7,FALSE,FALSE,TRUE,TRUE,TRUE,FALSE,0.06909932737639164,8476436,53,15
2021020113,21,even-strength,78,3,FALSE,FALSE,TRUE,FALSE,FALSE,FALSE,0,8478062,53,15
2021020113,22,even-strength,81,2,FALSE,FALSE,TRUE,FALSE,FALSE,FALSE,0,8478474,53,15
2021020113,47,even-strength,57,24,FALSE,FALSE,TRUE,TRUE,TRUE,FALSE,0.05280051746156472,8478474,53,15
2021020113,49,even-strength,33,26,FALSE,FALSE,TRUE,TRUE,TRUE,FALSE,0.01309052647961499,8476906,53,15
2021020113,201,even-strength,38,31,FALSE,FALSE,TRUE,TRUE,FALSE,FALSE,0.01062008861782729,8476906,53,15
2021020113,203,even-strength,61,18,FALSE,FALSE,TRUE,TRUE,TRUE,FALSE,0.03221388655554735,8471217,53,15
2021020113,216,even-strength,72,5,FALSE,FALSE,TRUE,FALSE,FALSE,FALSE,0,8479345,53,15
2021020113,224,penalty-kill,67,-11,FALSE,FALSE,TRUE,TRUE,TRUE,FALSE,0.0651860414840629,8474291,53,15
2021020113,225,penalty-kill,75,2,FALSE,FALSE,TRUE,FALSE,FALSE,FALSE,0,8480950,53,15
2021020113,235,even-strength,66,3,FALSE,FALSE,TRUE,TRUE,TRUE,FALSE,0.10575638286689508,8478474,53,15
2021020113,239,power-play,51,-6,TRUE,FALSE,TRUE,TRUE,TRUE,FALSE,0.07892485144805265,8481599,53,15
2021020113,241,power-play,47,-28,FALSE,FALSE,TRUE,TRUE,TRUE,FALSE,0.02871516559864708,8479345,53,15
2021020113,242,power-play,76,2,FALSE,FALSE,TRUE,TRUE,FALSE,FALSE,0.13657452604544015,8480849,53,15
2021020113,246,even-strength,51,-9,FALSE,FALSE,TRUE,TRUE,TRUE,FALSE,0.03442657375841411,8470626,53,15
2021020113,249,even-strength,83,9,FALSE,FALSE,TRUE,FALSE,FALSE,FALSE,0,8479343,53,15
2021020113,461,even-strength,78,5,FALSE,FALSE,TRUE,FALSE,FALSE,FALSE,0,8478474,53,15
2021020113,463,even-strength,80,-7,FALSE,FALSE,TRUE,FALSE,FALSE,FALSE,0,8470626,53,15
2021020113,464,even-strength,80,4,FALSE,FALSE,TRUE,TRUE,TRUE,FALSE,0.07459260045914504,8470626,53,15
2021020113,465,even-strength,50,16,FALSE,TRUE,TRUE,TRUE,FALSE,FALSE,0.06616788261837236,8480849,53,15
2021020113,473,even-strength,67,2,FALSE,FALSE,TRUE,TRUE,TRUE,FALSE,0.06809075489828853,8476436,53,15
2021020113,474,even-strength,72,-5,FALSE,FALSE,TRUE,TRUE,TRUE,FALSE,0.07062181885574906,8478062,53,15
2021020113,475,even-strength,61,22,FALSE,FALSE,TRUE,FALSE,FALSE,FALSE,0,8479345,53,15
2021020113,477,even-strength,77,-1,FALSE,FALSE,TRUE,TRUE,FALSE,FALSE,0.15426779816447628,8480849,53,15
2021020113,484,even-strength,60,1,FALSE,FALSE,TRUE,TRUE,TRUE,FALSE,0.07797538008514723,8474849,53,15
2021020113,485,even-strength,77,2,FALSE,FALSE,TRUE,FALSE,FALSE,FALSE,0,8478432,53,15
2021020113,494,even-strength,47,24,TRUE,FALSE,TRUE,FALSE,FALSE,FALSE,0,8479345,53,15
2021020113,495,even-strength,69,-3,FALSE,FALSE,TRUE,FALSE,FALSE,FALSE,0,8478432,53,15
2021020113,496,even-strength,76,10,FALSE,FALSE,TRUE,FALSE,FALSE,FALSE,0,8475728,53,15
2021020113,498,even-strength,50,-13,TRUE,FALSE,TRUE,FALSE,FALSE,FALSE,0,8481599,53,15
2021020113,652,even-strength,65,37,FALSE,FALSE,TRUE,TRUE,TRUE,FALSE,0.0146370348016169,8476906,53,15
2021020113,653,even-strength,84,7,FALSE,FALSE,TRUE,TRUE,TRUE,FALSE,0.05703842473411891,8473548,53,15
2021020113,655,even-strength,49,-11,FALSE,FALSE,TRUE,FALSE,FALSE,FALSE,0,8476906,53,15
2021020113,658,even-strength,73,-6,FALSE,FALSE,TRUE,FALSE,FALSE,FALSE,0,8471873,53,15
2021020113,659,even-strength,69,34,FALSE,FALSE,TRUE,TRUE,FALSE,FALSE,0.01885487925237872,8476436,53,15
2021020113,660,even-strength,63,-28,FALSE,FALSE,TRUE,TRUE,TRUE,FALSE,0.03323943357428454,8481599,53,15
2021020113,663,even-strength,74,12,FALSE,FALSE,TRUE,FALSE,FALSE,FALSE,0,8473548,53,15
2021020152,61,even-strength,77,10,FALSE,FALSE,TRUE,TRUE,TRUE,FALSE,0.05640545939442529,8477407,13,15
2021020152,62,even-strength,68,-1,FALSE,FALSE,TRUE,TRUE,TRUE,FALSE,0.08383730356425192,8477493,13,15
2021020152,63,even-strength,74,-11,FALSE,TRUE,TRUE,TRUE,TRUE,TRUE,0.14580618888347083,8477493,13,15
2021020152,66,power-play,42,-1,TRUE,FALSE,TRUE,TRUE,TRUE,FALSE,0.06957018506164697,8477932,13,15
2021020152,67,power-play,70,-20,FALSE,FALSE,TRUE,TRUE,FALSE,FALSE,0.08525311495850912,8478366,13,15
2021020152,77,even-strength,42,34,FALSE,FALSE,TRUE,TRUE,FALSE,FALSE,0.01448120543825326,8478366,13,15
2021020152,78,even-strength,80,7,FALSE,FALSE,TRUE,TRUE,TRUE,FALSE,0.1216479429646046,8477409,13,15
2021020152,79,even-strength,42,-28,TRUE,FALSE,TRUE,TRUE,TRUE,TRUE,0.04344775516879246,8477932,13,15
2021020152,81,even-strength,84,12,FALSE,FALSE,TRUE,TRUE,TRUE,FALSE,0.07901119310191704,8477493,13,15
2021020152,82,even-strength,71,-15,FALSE,FALSE,TRUE,FALSE,FALSE,FALSE,0,8478366,13,15
2021020152,83,even-strength,87,6,TRUE,FALSE,TRUE,TRUE,TRUE,FALSE,0.08745877728020934,8471887,13,15
2021020152,84,even-strength,63,23,FALSE,FALSE,TRUE,TRUE,TRUE,FALSE,0.0338164000089858,8479597,13,15
2021020152,86,even-strength,56,21,FALSE,FALSE,TRUE,FALSE,FALSE,FALSE,0,8476456,13,15
2021020152,91,penalty-kill,15,-32,FALSE,FALSE,TRUE,TRUE,TRUE,FALSE,0.00544867203015332,8478055,13,15
2021020152,98,even-strength,39,-31,FALSE,FALSE,TRUE,TRUE,TRUE,FALSE,0.01713283513986394,8471887,13,15
2021020152,301,even-strength,54,20,FALSE,FALSE,TRUE,FALSE,FALSE,FALSE,0,8478055,13,15
2021020152,304,even-strength,20,0,FALSE,FALSE,TRUE,TRUE,TRUE,FALSE,0.01179807171186205,8480015,13,15
2021020152,306,even-strength,74,-13,FALSE,TRUE,TRUE,TRUE,TRUE,FALSE,0.1418347466533887,8477932,13,15
2021020152,307,even-strength,48,-29,FALSE,FALSE,TRUE,TRUE,TRUE,FALSE,0.02246536332376795,8477932,13,15
2021020152,310,even-strength,61,-33,FALSE,FALSE,TRUE,TRUE,TRUE,FALSE,0.01968928280509286,8477986,13,15
2021020152,317,even-strength,72,14,FALSE,FALSE,TRUE,FALSE,FALSE,FALSE,0,8478975,13,15
2021020152,331,penalty-kill,63,11,FALSE,FALSE,TRUE,FALSE,FALSE,FALSE,0,8477409,13,15
2021020152,333,even-strength,76,19,FALSE,FALSE,TRUE,TRUE,TRUE,FALSE,0.04567457694773361,8478055,13,15
2021020152,338,even-strength,64,-26,FALSE,FALSE,TRUE,TRUE,TRUE,FALSE,0.02594624825453297,8479553,13,15
2021020152,339,even-strength,33,-19,FALSE,TRUE,TRUE,TRUE,TRUE,TRUE,0.04328484248189007,8477986,13,15
2021020209,53,even-strength,75,-17,FALSE,FALSE,TRUE,TRUE,FALSE,FALSE,0.04784931417378554,8474679,29,15
2021020209,54,even-strength,16,-31,FALSE,FALSE,TRUE,TRUE,TRUE,FALSE,0.00369498110741027,8476432,29,15
2021020209,55,even-strength,75,-3,FALSE,FALSE,TRUE,FALSE,FALSE,FALSE,0,8479402,29,15
2021020209,56,even-strength,83,-2,FALSE,TRUE,TRUE,TRUE,TRUE,TRUE,0.2552461726893236,8476374,29,15
2021020209,57,even-strength,78,8,FALSE,TRUE,TRUE,TRUE,TRUE,FALSE,0.1673213117834263,8480074,29,15
2021020209,62,even-strength,75,2,FALSE,FALSE,TRUE,FALSE,FALSE,FALSE,0,8479402,29,15
2021020209,67,even-strength,35,-24,FALSE,FALSE,TRUE,TRUE,FALSE,FALSE,0.01299281159112563,8479945,29,15
2021020209,69,even-strength,85,6,FALSE,FALSE,TRUE,TRUE,TRUE,FALSE,0.08730138864908327,8482475,29,15
2021020209,70,even-strength,55,-4,FALSE,FALSE,TRUE,TRUE,TRUE,FALSE,0.04512051998322958,8474161,29,15
2021020209,72,even-strength,60,-21,FALSE,FALSE,TRUE,TRUE,FALSE,FALSE,0.03556103730853766,8477416,29,15
2021020209,73,even-strength,63,2,FALSE,FALSE,TRUE,TRUE,FALSE,FALSE,0.0843468526454796,8476374,29,15
2021020209,75,even-strength,78,1,FALSE,FALSE,TRUE,TRUE,TRUE,FALSE,0.10756332746993688,8478831,29,15
2021020209,81,even-strength,75,-6,FALSE,FALSE,TRUE,TRUE,FALSE,FALSE,0.09532296327534842,8476374,29,15
2021020209,82,even-strength,62,34,FALSE,FALSE,TRUE,TRUE,FALSE,FALSE,0.02700311377194609,8480762,29,15
2021020209,88,even-strength,73,6,FALSE,FALSE,TRUE,FALSE,FALSE,FALSE,0,8482705,29,15
2021020209,89,even-strength,44,-17,FALSE,FALSE,TRUE,TRUE,TRUE,FALSE,0.01946558566179672,8478460,29,15
2021020209,90,even-strength,82,5,FALSE,FALSE,TRUE,TRUE,TRUE,FALSE,0.05023973775936771,8478458,29,15
2021020209,92,even-strength,79,-12,FALSE,FALSE,TRUE,TRUE,TRUE,FALSE,0.05099264099143926,8476374,29,15
2021020209,99,even-strength,32,33,FALSE,FALSE,TRUE,TRUE,FALSE,FALSE,0.01047365094390041,8478460,29,15
2021020209,100,even-strength,46,-8,FALSE,FALSE,TRUE,TRUE,TRUE,FALSE,0.03216952282937511,8477416,29,15
2021020209,204,even-strength,65,3,FALSE,FALSE,TRUE,FALSE,FALSE,FALSE,0,8478882,29,15
2021020209,212,even-strength,64,6,FALSE,FALSE,TRUE,FALSE,FALSE,FALSE,0,8480762,29,15
2021020209,214,even-strength,70,-1,FALSE,FALSE,TRUE,TRUE,TRUE,FALSE,0.1088868620533991,8476432,29,15
2021020209,218,even-strength,78,4,FALSE,FALSE,TRUE,TRUE,TRUE,FALSE,0.1039886476183048,8482705,29,15
2021020209,219,even-strength,55,5,FALSE,FALSE,TRUE,TRUE,FALSE,FALSE,0.05152594541392227,8482475,29,15
2021020209,231,even-strength,51,14,FALSE,FALSE,TRUE,TRUE,TRUE,TRUE,0.0368019043856743,8476374,29,15
2021020209,233,even-strength,75,-5,FALSE,FALSE,TRUE,TRUE,TRUE,TRUE,0.07294664139129653,8474679,29,15
2021020209,236,even-strength,74,-2,FALSE,FALSE,TRUE,TRUE,FALSE,FALSE,0.11993054078789472,8480762,29,15
2021020209,237,even-strength,60,6,FALSE,TRUE,TRUE,FALSE,FALSE,FALSE,0,8478882,29,15
2021020209,239,even-strength,55,18,FALSE,FALSE,TRUE,TRUE,TRUE,FALSE,0.03541596456101236,8479402,29,15
2021020209,240,even-strength,71,-21,FALSE,FALSE,TRUE,TRUE,FALSE,FALSE,0.04237653596166287,8477416,29,15
2021020209,241,even-strength,52,9,FALSE,FALSE,TRUE,TRUE,TRUE,FALSE,0.03591031368464482,8476432,29,15
2021020209,244,even-strength,62,-5,FALSE,FALSE,TRUE,FALSE,FALSE,FALSE,0,8479945,29,15
2021020209,245,even-strength,43,11,FALSE,FALSE,TRUE,TRUE,TRUE,FALSE,0.02893276158334036,8479945,29,15
2021020209,246,even-strength,81,-6,FALSE,TRUE,TRUE,TRUE,TRUE,FALSE,0.2225893416489375,8480074,29,15
2021020209,451,power-play,59,0,FALSE,FALSE,TRUE,FALSE,FALSE,FALSE,0,8477416,29,15
2021020209,452,power-play,65,0,FALSE,FALSE,TRUE,FALSE,FALSE,FALSE,0,8477416,29,15
2021020209,453,power-play,39,-2,FALSE,TRUE,TRUE,TRUE,TRUE,FALSE,0.1402851811826625,8478460,29,15
2021020209,456,even-strength,70,-17,FALSE,FALSE,TRUE,TRUE,FALSE,FALSE,0.04743352037705441,8480074,29,15
2021020209,458,even-strength,39,22,FALSE,FALSE,TRUE,TRUE,TRUE,FALSE,0.01763175208005885,8479402,29,15
2021020209,463,even-strength,74,6,FALSE,FALSE,TRUE,TRUE,TRUE,FALSE,0.09923197660980508,8474679,29,15
2021020209,464,even-strength,76,-17,FALSE,FALSE,TRUE,TRUE,TRUE,FALSE,0.04772309928074447,8480762,29,15
2021020209,470,even-strength,51,0,FALSE,FALSE,TRUE,TRUE,TRUE,FALSE,0.087344029688437,8482705,29,15
2021020209,472,even-strength,34,3,FALSE,FALSE,TRUE,TRUE,TRUE,FALSE,0.02730908381058054,8479402,29,15
2021020209,473,even-strength,49,-22,FALSE,FALSE,TRUE,TRUE,FALSE,FALSE,0.02673080414436397,8479402,29,15
2021020209,475,even-strength,39,3,FALSE,FALSE,TRUE,TRUE,TRUE,FALSE,0.0284562135601062,8478460,29,15
2021020209,478,even-strength,66,-6,FALSE,FALSE,TRUE,FALSE,FALSE,FALSE,0,8476374,29,15
2021020209,480,even-strength,39,-28,FALSE,FALSE,TRUE,TRUE,TRUE,FALSE,0.01742683325812777,8478458,29,15
2021020209,483,even-strength,73,-22,FALSE,FALSE,TRUE,FALSE,FALSE,FALSE,0,8480762,29,15
2021020209,495,power-play,59,-9,FALSE,FALSE,TRUE,FALSE,FALSE,FALSE,0,8477416,29,15
2021020209,496,power-play,81,0,FALSE,FALSE,TRUE,TRUE,TRUE,FALSE,0.15626025085394052,8477416,29,15
2021020209,497,power-play,54,25,FALSE,FALSE,TRUE,TRUE,FALSE,FALSE,0.04178521765286913,8482705,29,15
2021020209,498,power-play,75,-10,FALSE,FALSE,TRUE,FALSE,FALSE,FALSE,0,8476432,29,15
2021020209,499,power-play,67,-27,TRUE,FALSE,TRUE,TRUE,TRUE,FALSE,0.08264463291366626,8476432,29,15
2021020209,500,even-strength,85,-8,FALSE,FALSE,TRUE,TRUE,FALSE,FALSE,0.04279189604532026,8476374,29,15
2021020209,651,even-strength,66,11,FALSE,FALSE,TRUE,TRUE,TRUE,FALSE,0.06924819263447742,8480074,29,15
2021020209,655,even-strength,46,-11,FALSE,FALSE,TRUE,FALSE,FALSE,FALSE,0,8478882,29,15
2021020209,664,even-strength,70,-12,FALSE,FALSE,TRUE,FALSE,FALSE,FALSE,0,8474161,29,15
2021020209,667,even-strength,68,6,FALSE,FALSE,TRUE,FALSE,FALSE,FALSE,0,8474161,29,15
2021020245,18,power-play,90,-10,FALSE,TRUE,TRUE,TRUE,TRUE,FALSE,0.26595745138870525,8478042,26,15
2021020245,33,even-strength,74,-20,FALSE,TRUE,TRUE,TRUE,FALSE,FALSE,0.09963747787637443,8476479,26,15
2021020245,50,even-strength,77,-10,FALSE,FALSE,TRUE,FALSE,FALSE,FALSE,0,8481560,26,15
2021020245,55,even-strength,67,-39,FALSE,FALSE,TRUE,TRUE,TRUE,FALSE,0.02156828482529267,8470606,26,15
2021020245,56,even-strength,74,10,FALSE,FALSE,TRUE,FALSE,FALSE,FALSE,0,8476874,26,15
2021020245,57,even-strength,64,-38,FALSE,FALSE,TRUE,TRUE,TRUE,FALSE,0.01101244910813347,8481560,26,15
2021020245,59,even-strength,82,-6,FALSE,FALSE,TRUE,TRUE,FALSE,FALSE,0.06901941839749645,8476479,26,15
2021020245,60,even-strength,48,-2,FALSE,FALSE,TRUE,TRUE,FALSE,FALSE,0.05748080494773147,8476960,26,15
2021020245,61,even-strength,51,10,FALSE,FALSE,TRUE,TRUE,TRUE,FALSE,0.04242966156948449,8480845,26,15
2021020245,64,even-strength,58,-21,FALSE,FALSE,TRUE,TRUE,TRUE,FALSE,0.04224281321278788,8476960,26,15
2021020245,67,even-strength,57,12,FALSE,FALSE,TRUE,TRUE,TRUE,FALSE,0.05254790144466419,8478042,26,15
2021020245,70,even-strength,50,31,FALSE,FALSE,TRUE,TRUE,TRUE,FALSE,0.01588899116353055,8476479,26,15
2021020245,73,power-play,37,-22,FALSE,FALSE,TRUE,TRUE,TRUE,FALSE,0.03647370536087941,8477960,26,15
2021020245,74,power-play,80,-9,FALSE,FALSE,TRUE,FALSE,FALSE,FALSE,0,8477960,26,15
2021020245,75,power-play,37,-18,TRUE,FALSE,TRUE,TRUE,TRUE,FALSE,0.05114695052604937,8478911,26,15
2021020245,76,power-play,51,19,FALSE,FALSE,TRUE,TRUE,TRUE,FALSE,0.05771440748949342,8481560,26,15
2021020245,77,power-play,80,4,FALSE,FALSE,TRUE,TRUE,TRUE,FALSE,0.09749474640627968,8476479,26,15
2021020245,80,even-strength,56,19,FALSE,FALSE,TRUE,FALSE,FALSE,FALSE,0,8471303,26,15
2021020245,81,even-strength,57,15,FALSE,TRUE,TRUE,FALSE,FALSE,FALSE,0,8471303,26,15
2021020245,88,even-strength,72,36,FALSE,FALSE,TRUE,TRUE,FALSE,FALSE,0.02038316239843166,8478042,26,15
2021020245,90,even-strength,38,0,FALSE,FALSE,TRUE,TRUE,TRUE,FALSE,0.02289462887854294,8476874,26,15
2021020245,94,even-strength,-19,2,FALSE,FALSE,TRUE,TRUE,TRUE,FALSE,0.00164685484704933,8481600,26,15
2021020245,99,even-strength,77,-7,FALSE,FALSE,TRUE,FALSE,FALSE,FALSE,0,8480113,26,15
2021020245,161,even-strength,69,16,FALSE,FALSE,TRUE,FALSE,FALSE,FALSE,0,8476874,26,15
2021020245,163,even-strength,31,-31,FALSE,FALSE,TRUE,TRUE,TRUE,FALSE,0.01183903731421297,8478911,26,15
2021020245,323,even-strength,72,5,FALSE,FALSE,TRUE,FALSE,FALSE,FALSE,0,8471303,26,15
2021020245,351,even-strength,80,1,FALSE,FALSE,TRUE,FALSE,FALSE,FALSE,0,8470606,26,15
2021020245,354,even-strength,69,3,FALSE,FALSE,TRUE,FALSE,FALSE,FALSE,0,8480113,26,15
2021020245,370,even-strength,81,-11,FALSE,FALSE,TRUE,TRUE,TRUE,FALSE,0.06328462714763845,8479675,26,15
2021020245,375,even-strength,39,-27,FALSE,FALSE,TRUE,TRUE,FALSE,FALSE,0.00886292548197216,8478911,26,15
2021020245,395,even-strength,38,-20,FALSE,FALSE,TRUE,TRUE,TRUE,FALSE,0.01675405716534121,8478911,26,15
2021020245,396,even-strength,35,-27,FALSE,TRUE,TRUE,TRUE,TRUE,FALSE,0.0294044853743281,8478911,26,15
2021020245,397,even-strength,61,-7,FALSE,FALSE,TRUE,TRUE,TRUE,FALSE,0.05927564784045337,8477960,26,15
2021020245,410,even-strength,81,-5,FALSE,FALSE,TRUE,TRUE,TRUE,FALSE,0.10576838934530756,8479675,26,15
2021020245,411,even-strength,82,-6,FALSE,TRUE,TRUE,TRUE,TRUE,FALSE,0.17125349588257455,8479675,26,15
2021020245,429,even-strength,61,29,FALSE,FALSE,TRUE,TRUE,TRUE,FALSE,0.01834970650844776,8477960,26,15
2021020245,435,even-strength,32,-1,FALSE,FALSE,TRUE,TRUE,TRUE,FALSE,0.02049254169166759,8479348,26,15
2021020245,436,even-strength,77,19,FALSE,TRUE,TRUE,TRUE,FALSE,FALSE,0.15757671428770356,8478042,26,15
2021020245,552,even-strength,83,14,FALSE,FALSE,TRUE,TRUE,TRUE,FALSE,0.03937777964648235,8480113,26,15
2021020245,560,even-strength,90,31,FALSE,FALSE,TRUE,TRUE,TRUE,FALSE,0.07355706479465476,8481600,26,15
2021020245,567,even-strength,73,2,FALSE,FALSE,TRUE,TRUE,FALSE,FALSE,0.08003025890410442,8481481,26,15
2021020245,569,even-strength,79,8,FALSE,FALSE,TRUE,TRUE,TRUE,FALSE,0.08051489637291459,8477960,26,15
2021020245,572,even-strength,81,-5,FALSE,FALSE,TRUE,TRUE,TRUE,FALSE,0.11917396739255674,8478042,26,15
2021020245,573,even-strength,83,-7,FALSE,TRUE,TRUE,TRUE,TRUE,FALSE,0.19054389039522585,8478042,26,15
2021020245,575,even-strength,73,8,FALSE,FALSE,TRUE,FALSE,FALSE,FALSE,0,8480113,26,15
2021020245,582,even-strength,48,35,TRUE,FALSE,TRUE,TRUE,FALSE,FALSE,0.01842843868437763,8479998,26,15
2021020245,589,even-strength,86,10,FALSE,FALSE,TRUE,TRUE,TRUE,FALSE,0.05552694899408202,8481560,26,15
2021020245,592,even-strength,69,-2,FALSE,FALSE,TRUE,FALSE,FALSE,FALSE,0,8471685,26,15
2021020245,594,even-strength,55,9,FALSE,FALSE,TRUE,TRUE,FALSE,FALSE,0.0402562914110867,8476479,26,15
2021020245,596,even-strength,58,8,FALSE,FALSE,TRUE,TRUE,TRUE,FALSE,0.0515273489997708,8481600,26,15
2021020245,597,even-strength,81,-32,FALSE,FALSE,TRUE,TRUE,TRUE,FALSE,0.02025641930965728,8476960,26,15
2021020245,598,even-strength,48,31,FALSE,FALSE,TRUE,TRUE,TRUE,FALSE,0.012642796637996421,8477960,26,15
2021020245,705,even-strength,42,30,FALSE,FALSE,TRUE,TRUE,TRUE,FALSE,0.01116012001281619,8481600,26,15
2021020245,709,even-strength,78,2,FALSE,FALSE,TRUE,FALSE,FALSE,FALSE,0,8476874,26,15
2021020245,711,even-strength,77,-2,FALSE,TRUE,TRUE,TRUE,TRUE,FALSE,0.2656303704764876,8481560,26,15
2021020245,714,even-strength,50,13,FALSE,FALSE,TRUE,FALSE,FALSE,FALSE,0,8471303,26,15
2021020245,718,even-strength,39,-23,FALSE,FALSE,TRUE,TRUE,TRUE,FALSE,0.02784727112036104,8477960,26,15
2021020245,720,even-strength,70,-2,FALSE,FALSE,TRUE,FALSE,FALSE,FALSE,0,8479348,26,15
2021020273,13,even-strength,75,-12,FALSE,FALSE,TRUE,TRUE,TRUE,FALSE,0.12179312936287824,8479393,28,15
2021020273,15,even-strength,75,7,FALSE,FALSE,TRUE,TRUE,FALSE,FALSE,0.09230422488434926,8476881,28,15
2021020273,18,even-strength,67,18,FALSE,FALSE,TRUE,TRUE,TRUE,FALSE,0.07366008104310785,8479981,28,15
2021020273,24,even-strength,40,-32,FALSE,FALSE,TRUE,TRUE,FALSE,FALSE,0.01233180382613465,8474578,28,15
2021020273,25,even-strength,85,-6,FALSE,FALSE,TRUE,FALSE,FALSE,FALSE,0,8471699,28,15
2021020273,26,even-strength,76,17,FALSE,FALSE,TRUE,TRUE,TRUE,FALSE,0.04439200617379544,8479393,28,15
2021020273,30,even-strength,66,23,FALSE,FALSE,TRUE,TRUE,FALSE,FALSE,0.04205715616427966,8479393,28,15
2021020273,36,penalty-kill,-87,-15,FALSE,FALSE,TRUE,TRUE,TRUE,FALSE,4.6733207351885376e-4,8470613,28,15
2021020273,49,even-strength,82,-7,FALSE,FALSE,TRUE,TRUE,FALSE,FALSE,0.07101064474734207,8470613,28,15
2021020273,351,power-play,83,-22,FALSE,FALSE,TRUE,TRUE,FALSE,FALSE,0.0853358184394346,8478414,28,15
2021020273,352,power-play,77,11,FALSE,FALSE,TRUE,FALSE,FALSE,FALSE,0,8470613,28,15
2021020273,353,power-play,51,18,TRUE,FALSE,TRUE,TRUE,TRUE,FALSE,0.08209009860655837,8470613,28,15
2021020273,354,power-play,83,-6,FALSE,FALSE,TRUE,TRUE,FALSE,FALSE,0.15859551512699052,8474053,28,15
2021020273,355,power-play,80,2,FALSE,FALSE,TRUE,TRUE,TRUE,FALSE,0.20218608615373976,8474053,28,15
2021020273,363,power-play,42,-3,FALSE,FALSE,TRUE,TRUE,FALSE,FALSE,0.0624747113904073,8474578,28,15
2021020273,364,power-play,80,8,FALSE,FALSE,TRUE,FALSE,FALSE,FALSE,0,8481061,28,15
2021020273,366,even-strength,60,33,FALSE,FALSE,TRUE,TRUE,FALSE,FALSE,0.02263354060921892,8479983,28,15
2021020273,370,even-strength,48,27,FALSE,FALSE,TRUE,TRUE,TRUE,FALSE,0.02610568574633211,8479393,28,15
2021020273,372,even-strength,30,0,FALSE,FALSE,TRUE,TRUE,TRUE,FALSE,0.01561023687228786,8476881,28,15
2021020273,378,even-strength,62,36,FALSE,FALSE,TRUE,TRUE,FALSE,FALSE,0.01620483733468375,8479983,28,15
2021020273,380,even-strength,75,1,FALSE,FALSE,TRUE,TRUE,FALSE,FALSE,0.09677073639175984,8476881,28,15
2021020273,382,even-strength,64,-1,FALSE,FALSE,TRUE,TRUE,FALSE,FALSE,0.06645130135397222,8480160,28,15
2021020273,386,even-strength,48,25,TRUE,FALSE,TRUE,TRUE,TRUE,FALSE,0.03782330564620522,8478136,28,15
2021020273,389,even-strength,61,-23,TRUE,FALSE,TRUE,FALSE,FALSE,FALSE,0,8470613,28,15
2021020273,390,even-strength,42,-1,TRUE,TRUE,TRUE,TRUE,TRUE,FALSE,0.08094149817055937,8470613,28,15
2021020273,391,even-strength,37,-2,FALSE,FALSE,TRUE,TRUE,TRUE,FALSE,0.02224953225094384,8474578,28,15
2021020273,392,even-strength,83,1,FALSE,FALSE,TRUE,TRUE,FALSE,FALSE,0.09818099596184444,8471699,28,15
2021020273,394,even-strength,36,12,FALSE,FALSE,TRUE,TRUE,TRUE,FALSE,0.01627436406778056,8471709,28,15
2021020273,398,even-strength,77,0,FALSE,FALSE,TRUE,TRUE,FALSE,FALSE,0.12135126491546508,8478870,28,15
2021020273,400,even-strength,82,3,FALSE,FALSE,TRUE,TRUE,FALSE,FALSE,0.09217680353639252,8474009,28,15
2021020273,453,power-play,73,9,FALSE,FALSE,TRUE,TRUE,TRUE,FALSE,0.08552967898640557,8474053,28,15
2021020273,454,power-play,74,5,FALSE,FALSE,TRUE,TRUE,FALSE,FALSE,0.09650576360764518,8474053,28,15
2021020273,455,power-play,61,-12,FALSE,FALSE,TRUE,FALSE,FALSE,FALSE,0,8474009,28,15
2021020273,456,power-play,45,-16,FALSE,FALSE,TRUE,TRUE,TRUE,FALSE,0.0389153736989119,8474578,28,15
2021020273,458,power-play,80,-1,FALSE,FALSE,TRUE,TRUE,TRUE,FALSE,0.1355411071490785,8476881,28,15
2021020273,459,power-play,64,17,FALSE,FALSE,TRUE,TRUE,FALSE,FALSE,0.05503802035332744,8474053,28,15
2021020273,460,power-play,46,-1,FALSE,FALSE,TRUE,TRUE,TRUE,FALSE,0.06376432814739062,8479393,28,15
2021020273,476,even-strength,61,-33,FALSE,FALSE,TRUE,TRUE,TRUE,FALSE,0.02460241720031399,8478414,28,15
2021020273,477,even-strength,81,6,FALSE,FALSE,TRUE,TRUE,TRUE,FALSE,0.07991672580566511,8478870,28,15
2021020273,479,even-strength,69,8,FALSE,FALSE,TRUE,TRUE,TRUE,FALSE,0.06470057495092049,8482222,28,15
2021020273,483,even-strength,47,1,TRUE,FALSE,TRUE,TRUE,TRUE,FALSE,0.05285038028450989,8479393,28,15
2021020273,489,even-strength,71,14,FALSE,FALSE,TRUE,TRUE,FALSE,FALSE,0.03920310870138541,8479981,28,15
2021020273,490,even-strength,39,21,FALSE,FALSE,TRUE,TRUE,FALSE,FALSE,0.01603073023071914,8471709,28,15
2021020273,494,even-strength,34,19,FALSE,FALSE,TRUE,TRUE,FALSE,FALSE,0.01725799429047659,8471709,28,15
2021020273,498,even-strength,80,-2,FALSE,FALSE,TRUE,FALSE,FALSE,FALSE,0,8479393,28,15
2021020273,656,even-strength,54,-13,FALSE,FALSE,TRUE,FALSE,FALSE,FALSE,0,8479393,28,15
2021020273,661,even-strength,80,8,FALSE,FALSE,TRUE,FALSE,FALSE,FALSE,0,8476881,28,15
2021020273,662,even-strength,72,1,FALSE,FALSE,TRUE,FALSE,FALSE,FALSE,0,8474053,28,15
2021020273,663,even-strength,83,-8,FALSE,FALSE,TRUE,TRUE,TRUE,FALSE,0.06071953455733783,8474578,28,15
2021020273,664,even-strength,43,8,FALSE,FALSE,TRUE,TRUE,TRUE,FALSE,0.04920819853776349,8474053,28,15
2021020273,665,even-strength,70,4,FALSE,FALSE,TRUE,FALSE,FALSE,FALSE,0,8474053,28,15
2021020296,12,power-play,85,4,FALSE,FALSE,TRUE,TRUE,TRUE,FALSE,0.08918642664742762,8475848,8,15
2021020296,15,even-strength,76,1,FALSE,FALSE,TRUE,FALSE,FALSE,FALSE,0,8473507,8,15
2021020296,18,even-strength,80,9,FALSE,FALSE,TRUE,TRUE,FALSE,FALSE,0.06504012175255396,8480068,8,15
2021020296,19,even-strength,84,-7,FALSE,FALSE,TRUE,TRUE,TRUE,FALSE,0.07186941149525333,8475726,8,15
2021020296,20,even-strength,53,-17,FALSE,FALSE,TRUE,TRUE,FALSE,FALSE,0.02371719989084346,8475227,8,15
2021020296,34,penalty-kill,-87,25,FALSE,FALSE,TRUE,TRUE,TRUE,FALSE,3.7030127729363854e-4,8481014,8,15
2021020296,208,even-strength,17,6,FALSE,FALSE,TRUE,TRUE,TRUE,FALSE,0.00908661236604626,8475726,8,15
2021020296,215,even-strength,71,-10,FALSE,FALSE,TRUE,TRUE,TRUE,TRUE,0.0686760080142801,8478133,8,15
2021020296,226,even-strength,60,-18,FALSE,FALSE,TRUE,FALSE,FALSE,FALSE,0,8481540,8,15
2021020296,232,even-strength,36,31,FALSE,FALSE,TRUE,TRUE,TRUE,FALSE,0.00860297224372762,8473507,8,15
2021020296,233,even-strength,66,0,FALSE,TRUE,TRUE,FALSE,FALSE,FALSE,0,8475279,8,15
2021020296,237,even-strength,72,12,FALSE,FALSE,TRUE,FALSE,FALSE,FALSE,0,8477476,8,15
2021020296,238,even-strength,78,-3,TRUE,FALSE,TRUE,TRUE,FALSE,FALSE,0.2116721913453634,8477476,8,15
2021020296,239,even-strength,77,24,FALSE,FALSE,TRUE,TRUE,TRUE,FALSE,0.0354579089638826,8477476,8,15
2021020296,240,even-strength,42,25,FALSE,FALSE,TRUE,TRUE,FALSE,FALSE,0.01631632168891473,8481014,8,15
2021020296,243,power-play,75,20,FALSE,FALSE,TRUE,TRUE,TRUE,FALSE,0.07372706170527193,8481540,8,15
2021020296,403,even-strength,65,35,FALSE,FALSE,TRUE,TRUE,TRUE,FALSE,0.01747116729487287,8477989,8,15
2021020296,412,even-strength,88,5,FALSE,FALSE,TRUE,TRUE,TRUE,FALSE,0.0411617823810439,8478133,8,15
2021020296,413,even-strength,78,0,FALSE,TRUE,TRUE,TRUE,TRUE,FALSE,0.22156670388718563,8477476,8,15
2021020296,415,even-strength,76,6,FALSE,FALSE,TRUE,FALSE,FALSE,FALSE,0,8473507,8,15
2021020296,417,even-strength,77,1,FALSE,FALSE,TRUE,TRUE,FALSE,FALSE,0.14768631912550917,8475726,8,15
2021020296,422,even-strength,80,15,FALSE,FALSE,TRUE,FALSE,FALSE,FALSE,0,8480068,8,15
2021020296,423,even-strength,-56,40,FALSE,FALSE,TRUE,TRUE,TRUE,FALSE,2.594471198781665e-4,8478133,8,15
2021020296,425,even-strength,64,16,FALSE,FALSE,TRUE,TRUE,TRUE,FALSE,0.045287124480106813,8481540,8,15
2021020296,426,even-strength,86,-7,FALSE,FALSE,TRUE,TRUE,TRUE,TRUE,0.06409940473424591,8481540,8,15
2021020296,428,even-strength,65,-8,FALSE,FALSE,TRUE,TRUE,TRUE,FALSE,0.06181214495914324,8481540,8,15
2021020296,430,even-strength,47,-19,FALSE,FALSE,TRUE,FALSE,FALSE,FALSE,0,8481014,8,15
2021020296,439,even-strength,87,6,FALSE,FALSE,TRUE,TRUE,TRUE,FALSE,0.05090713246161518,8478133,8,15
2021020296,444,even-strength,1,-9,FALSE,FALSE,TRUE,TRUE,TRUE,FALSE,0.00375664353271175,8475279,8,15
2021020296,446,even-strength,32,-25,FALSE,FALSE,TRUE,TRUE,TRUE,FALSE,0.01123579412713087,8475227,8,15
2021020296,450,even-strength,78,4,FALSE,FALSE,TRUE,TRUE,FALSE,FALSE,0.0903944084723251,8478133,8,15
2021020296,602,even-strength,37,-24,FALSE,FALSE,TRUE,TRUE,FALSE,FALSE,0.01820911585036719,8475233,8,15
2021020296,607,even-strength,78,-5,FALSE,FALSE,TRUE,TRUE,TRUE,FALSE,0.10955258400026512,8477476,8,15
2021020296,609,even-strength,67,21,FALSE,FALSE,TRUE,TRUE,TRUE,FALSE,0.03643215901743188,8475848,8,15
2021020296,610,even-strength,38,7,FALSE,FALSE,TRUE,TRUE,TRUE,FALSE,0.01646019397166152,8478915,8,15
2021020296,612,even-strength,35,35,TRUE,FALSE,TRUE,TRUE,TRUE,FALSE,0.0132637081792458,8478915,8,15
2021020296,613,even-strength,36,32,FALSE,FALSE,TRUE,TRUE,TRUE,FALSE,0.00897338269390802,8478915,8,15
2021020296,617,even-strength,65,-14,FALSE,FALSE,TRUE,TRUE,TRUE,FALSE,0.05448167946291443,8475848,8,15
2021020296,621,power-play,65,35,FALSE,FALSE,TRUE,TRUE,TRUE,FALSE,0.05546299339867844,8477494,8,15
2021020296,623,power-play,78,-1,FALSE,FALSE,TRUE,TRUE,TRUE,FALSE,0.14042544973893462,8480068,8,15
2021020296,627,even-strength,74,2,FALSE,FALSE,TRUE,TRUE,TRUE,TRUE,0.09546193364226511,8477476,8,15
2021020296,628,even-strength,37,35,FALSE,FALSE,TRUE,TRUE,TRUE,FALSE,0.00912515924514784,8478915,8,15
2021020296,629,even-strength,93,18,FALSE,FALSE,TRUE,TRUE,FALSE,FALSE,0.04264052120318128,8476469,8,15
2021020296,630,even-strength,75,31,FALSE,FALSE,TRUE,TRUE,FALSE,FALSE,0.02147131317282864,8481540,8,15
2021020309,18,even-strength,73,18,FALSE,FALSE,TRUE,TRUE,TRUE,FALSE,0.05505023313910422,8479066,13,15
2021020309,19,even-strength,37,26,FALSE,FALSE,TRUE,TRUE,FALSE,FALSE,0.00894191514480077,8479523,13,15
2021020309,23,even-strength,68,-2,FALSE,FALSE,TRUE,TRUE,FALSE,FALSE,0.0648245916047287,8477935,13,15
2021020309,24,even-strength,70,-21,FALSE,FALSE,TRUE,TRUE,TRUE,FALSE,0.03977654141429739,8482113,13,15
2021020309,25,even-strength,75,3,FALSE,TRUE,TRUE,TRUE,TRUE,FALSE,0.20921606165363268,8477933,13,15
2021020309,28,even-strength,64,3,FALSE,FALSE,TRUE,FALSE,FALSE,FALSE,0,8477933,13,15
2021020309,29,even-strength,40,-25,FALSE,FALSE,TRUE,TRUE,FALSE,FALSE,0.01174842018438785,8475462,13,15
2021020309,40,even-strength,63,13,FALSE,FALSE,TRUE,TRUE,TRUE,FALSE,0.05315290479810872,8480015,13,15
2021020309,47,power-play,76,1,FALSE,FALSE,TRUE,FALSE,FALSE,FALSE,0,8477932,13,15
2021020309,48,power-play,74,3,FALSE,FALSE,TRUE,TRUE,FALSE,FALSE,0.09908983786601168,8477933,13,15
2021020309,50,power-play,42,-27,FALSE,FALSE,TRUE,TRUE,TRUE,FALSE,0.02850781822577533,8477986,13,15
2021020309,201,even-strength,49,-33,FALSE,FALSE,TRUE,TRUE,TRUE,FALSE,0.02196373957012344,8475462,13,15
2021020309,203,even-strength,91,15,FALSE,FALSE,TRUE,TRUE,FALSE,FALSE,0.04259031352585597,8471887,13,15
2021020309,207,even-strength,-54,37,FALSE,FALSE,TRUE,TRUE,TRUE,FALSE,4.307664571737642e-4,8478055,13,15
2021020309,210,even-strength,42,22,FALSE,FALSE,TRUE,TRUE,TRUE,FALSE,0.01962610948653115,8479523,13,15
2021020309,215,even-strength,48,23,FALSE,FALSE,TRUE,TRUE,FALSE,FALSE,0.01648668108356415,8477409,13,15
2021020309,223,even-strength,80,0,FALSE,FALSE,TRUE,TRUE,TRUE,TRUE,0.19362935729394895,8476456,13,15
2021020309,235,power-play,49,1,FALSE,FALSE,TRUE,FALSE,FALSE,FALSE,0,8477932,13,15
2021020309,244,even-strength,75,10,FALSE,FALSE,TRUE,TRUE,FALSE,FALSE,0.05790745949147927,8477935,13,15
2021020309,246,even-strength,86,-29,FALSE,FALSE,TRUE,FALSE,FALSE,FALSE,0,8477986,13,15
2021020309,247,even-strength,73,-16,FALSE,FALSE,TRUE,TRUE,TRUE,TRUE,0.04714735029630124,8477933,13,15
2021020309,250,even-strength,71,7,FALSE,FALSE,TRUE,TRUE,TRUE,FALSE,0.0521045379005565,8477932,13,15
2021020309,251,even-strength,39,-22,FALSE,TRUE,TRUE,FALSE,FALSE,FALSE,0,8475462,13,15
2021020309,252,even-strength,67,-28,FALSE,FALSE,TRUE,FALSE,FALSE,FALSE,0,8477932,13,15
2021020309,254,even-strength,80,-5,FALSE,FALSE,TRUE,TRUE,FALSE,FALSE,0.08313555531148731,8479553,13,15
2021020309,451,even-strength,87,10,FALSE,TRUE,TRUE,TRUE,FALSE,FALSE,0.11496027170336402,8477932,13,15
2021020309,454,even-strength,86,21,FALSE,FALSE,TRUE,TRUE,FALSE,FALSE,0.05180072322734445,8480015,13,15
2021020309,462,even-strength,57,-10,FALSE,FALSE,TRUE,TRUE,TRUE,FALSE,0.04525032438449789,8477346,13,15
2021020309,469,power-play,52,6,FALSE,FALSE,TRUE,FALSE,FALSE,FALSE,0,8477409,13,15
2021020309,470,even-strength,82,27,FALSE,FALSE,TRUE,TRUE,TRUE,FALSE,0.03386546690095061,8476456,13,15
2021020309,471,even-strength,-30,-30,FALSE,FALSE,TRUE,TRUE,TRUE,FALSE,0.00104062505208592,8477933,13,15
2021020309,484,even-strength,36,-21,FALSE,FALSE,TRUE,TRUE,TRUE,FALSE,0.0132768456343325,8477986,13,15
2021020309,486,even-strength,73,-12,FALSE,FALSE,TRUE,TRUE,TRUE,FALSE,0.08388678870706938,8480015,13,15
2021020309,493,even-strength,58,4,FALSE,FALSE,TRUE,TRUE,TRUE,TRUE,0.05294808284848415,8477409,13,15
2021020309,603,even-strength,86,-30,FALSE,FALSE,TRUE,TRUE,FALSE,FALSE,0.02965039300985845,8480015,13,15
2021020309,604,even-strength,33,11,TRUE,FALSE,TRUE,TRUE,TRUE,FALSE,0.04055412450450376,8479523,13,15
2021020309,607,even-strength,20,-37,FALSE,FALSE,TRUE,TRUE,FALSE,FALSE,0.00702200143786304,8475462,13,15
2021020309,608,even-strength,73,5,FALSE,FALSE,TRUE,FALSE,FALSE,FALSE,0,8479523,13,15
2021020309,610,even-strength,69,1,FALSE,FALSE,TRUE,TRUE,FALSE,FALSE,0.09281145003002754,8471887,13,15
2021020309,613,even-strength,54,-27,FALSE,FALSE,TRUE,TRUE,TRUE,FALSE,0.02999568133516731,8477986,13,15
2021020309,617,even-strength,77,2,FALSE,FALSE,TRUE,FALSE,FALSE,FALSE,0,8476456,13,15
2021020309,618,even-strength,68,5,FALSE,TRUE,TRUE,FALSE,FALSE,FALSE,0,8476456,13,15
2021020309,619,even-strength,67,9,FALSE,FALSE,TRUE,FALSE,FALSE,FALSE,0,8478055,13,15
2021020309,620,even-strength,38,27,FALSE,FALSE,TRUE,TRUE,TRUE,FALSE,0.02558768403802706,8478055,13,15
2021020309,622,even-strength,58,-14,FALSE,FALSE,TRUE,TRUE,FALSE,FALSE,0.05238243405883888,8476456,13,15
2021020309,623,even-strength,58,-12,FALSE,FALSE,TRUE,TRUE,FALSE,FALSE,0.05882603373667106,8471887,13,15
2021020309,624,even-strength,47,24,FALSE,FALSE,TRUE,FALSE,FALSE,FALSE,0,8477932,13,15
2021020309,625,even-strength,37,23,FALSE,TRUE,TRUE,TRUE,FALSE,FALSE,0.05776888984113162,8477932,13,15
2021020309,626,even-strength,40,-18,FALSE,FALSE,TRUE,TRUE,TRUE,FALSE,0.02540243503653243,8477346,13,15
2021020309,632,even-strength,66,-14,FALSE,FALSE,TRUE,TRUE,TRUE,FALSE,0.07049697167088362,8476456,13,15
2021020329,8,even-strength,77,-4,FALSE,FALSE,TRUE,FALSE,FALSE,FALSE,0,8478427,12,15
2021020329,9,even-strength,81,-13,FALSE,FALSE,TRUE,TRUE,FALSE,FALSE,0.08277060018407822,8478427,12,15
2021020329,10,even-strength,76,-9,FALSE,FALSE,TRUE,FALSE,FALSE,FALSE,0,8476882,12,15
2021020329,14,even-strength,65,10,FALSE,FALSE,TRUE,TRUE,TRUE,FALSE,0.05827184315445556,8474090,12,15
2021020329,19,even-strength,39,-8,FALSE,FALSE,TRUE,TRUE,TRUE,FALSE,0.04060017642034296,8476921,12,15
2021020329,21,even-strength,45,-37,TRUE,FALSE,TRUE,TRUE,FALSE,FALSE,0.0198025249472424,8477950,12,15
2021020329,22,even-strength,53,24,FALSE,FALSE,TRUE,FALSE,FALSE,FALSE,0,8476958,12,15
2021020329,25,even-strength,74,-16,FALSE,FALSE,TRUE,TRUE,TRUE,FALSE,0.05560755190198419,8476882,12,15
2021020329,26,even-strength,53,26,FALSE,FALSE,TRUE,TRUE,TRUE,FALSE,0.01908570558865521,8476882,12,15
2021020329,28,even-strength,25,17,FALSE,FALSE,TRUE,TRUE,TRUE,FALSE,0.01162726794473246,8480829,12,15
2021020329,30,even-strength,32,36,FALSE,FALSE,TRUE,TRUE,FALSE,FALSE,0.01020475726580089,8480830,12,15
2021020329,32,power-play,41,-29,FALSE,FALSE,TRUE,TRUE,FALSE,FALSE,0.04065077299150544,8480830,12,15
2021020329,33,power-play,47,20,FALSE,FALSE,TRUE,TRUE,TRUE,FALSE,0.06039924471371562,8476882,12,15
2021020329,34,power-play,83,7,FALSE,TRUE,TRUE,TRUE,FALSE,FALSE,0.2453493184443585,8478427,12,15
2021020329,37,power-play,64,-32,FALSE,FALSE,TRUE,TRUE,TRUE,FALSE,0.04707854505039804,8480830,12,15
2021020329,43,even-strength,86,10,FALSE,FALSE,TRUE,TRUE,TRUE,FALSE,0.05557954788630095,8476921,12,15
2021020329,50,even-strength,73,-4,FALSE,FALSE,TRUE,TRUE,FALSE,FALSE,0.08219426286072434,8473533,12,15
2021020329,201,even-strength,77,-15,FALSE,FALSE,TRUE,TRUE,TRUE,FALSE,0.05476100278196971,8482093,12,15
2021020329,202,even-strength,34,13,FALSE,FALSE,TRUE,TRUE,TRUE,FALSE,0.01663007889428463,8480829,12,15
2021020329,211,even-strength,80,2,TRUE,FALSE,TRUE,TRUE,FALSE,FALSE,0.14241761154820587,8475855,12,15
2021020329,219,penalty-kill,54,2,FALSE,FALSE,TRUE,TRUE,TRUE,FALSE,0.07844221103745103,8476389,12,15
2021020329,222,even-strength,53,-4,FALSE,FALSE,TRUE,TRUE,TRUE,FALSE,0.06782184990255911,8476882,12,15
2021020329,226,even-strength,38,23,FALSE,FALSE,TRUE,TRUE,TRUE,FALSE,0.01624358572233435,8474013,12,15
2021020329,229,even-strength,52,21,FALSE,FALSE,TRUE,TRUE,TRUE,FALSE,0.03015008706961971,8480830,12,15
2021020329,231,even-strength,47,23,FALSE,FALSE,TRUE,FALSE,FALSE,FALSE,0,8476958,12,15
2021020329,241,even-strength,-60,-32,FALSE,FALSE,TRUE,TRUE,TRUE,FALSE,4.325031029654111e-4,8480039,12,15
2021020329,242,even-strength,78,1,FALSE,FALSE,TRUE,TRUE,FALSE,FALSE,0.09858982003608432,8480830,12,15
2021020329,243,even-strength,81,2,TRUE,FALSE,TRUE,TRUE,FALSE,FALSE,0.14546529193205876,8476921,12,15
2021020329,244,even-strength,66,-12,FALSE,FALSE,TRUE,FALSE,FALSE,FALSE,0,8474013,12,15
2021020329,246,even-strength,39,34,FALSE,FALSE,TRUE,TRUE,TRUE,FALSE,0.01144644052930122,8476958,12,15
2021020329,401,even-strength,37,32,FALSE,FALSE,TRUE,TRUE,TRUE,FALSE,0.01383503659503655,8474090,12,15
2021020329,405,even-strength,61,-8,FALSE,FALSE,TRUE,FALSE,FALSE,FALSE,0,8474013,12,15
2021020329,406,even-strength,65,-16,FALSE,FALSE,TRUE,FALSE,FALSE,FALSE,0,8473533,12,15
2021020329,411,even-strength,43,-11,FALSE,FALSE,TRUE,TRUE,TRUE,FALSE,0.02644063667796754,8477488,12,15
2021020329,415,even-strength,46,29,FALSE,FALSE,TRUE,TRUE,TRUE,FALSE,0.0158821252341649,8478427,12,15
2021020329,417,even-strength,32,38,FALSE,FALSE,TRUE,TRUE,FALSE,FALSE,0.00963371842727389,8476958,12,15
2021020329,425,penalty-kill,-49,22,FALSE,FALSE,TRUE,TRUE,TRUE,FALSE,5.940833689809726e-4,8474090,12,15
2021020329,426,even-strength,57,-20,FALSE,FALSE,TRUE,TRUE,TRUE,FALSE,0.04511629441673646,8473533,12,15
2021020329,427,even-strength,60,7,FALSE,FALSE,TRUE,TRUE,TRUE,FALSE,0.04995159069007325,8475855,12,15
2021020329,429,even-strength,75,-19,FALSE,FALSE,TRUE,TRUE,FALSE,FALSE,0.0398718068819373,8476389,12,15
2021020329,430,even-strength,67,8,FALSE,FALSE,TRUE,TRUE,TRUE,FALSE,0.06576230396717322,8475799,12,15
2021020329,431,even-strength,71,29,FALSE,FALSE,TRUE,TRUE,TRUE,FALSE,0.03788470104588085,8480039,12,15
2021020329,433,even-strength,80,1,FALSE,FALSE,TRUE,TRUE,TRUE,FALSE,0.13135578303386222,8475855,12,15
2021020329,434,even-strength,82,-1,FALSE,TRUE,TRUE,TRUE,TRUE,FALSE,0.3188062384965344,8475855,12,15
2021020329,436,even-strength,65,0,FALSE,FALSE,TRUE,TRUE,TRUE,TRUE,0.14237639669873736,8480829,12,15
2021020329,437,even-strength,82,5,FALSE,FALSE,TRUE,TRUE,FALSE,FALSE,0.07505826003393123,8476869,12,15
2021020329,438,even-strength,87,-6,FALSE,TRUE,TRUE,TRUE,FALSE,FALSE,0.1709516782584426,8480039,12,15
2021020329,440,even-strength,77,0,FALSE,FALSE,TRUE,TRUE,FALSE,FALSE,0.13281159833766265,8478427,12,15
2021020329,441,even-strength,64,3,FALSE,FALSE,TRUE,FALSE,FALSE,FALSE,0,8476958,12,15
2021020329,442,even-strength,27,22,FALSE,FALSE,TRUE,TRUE,TRUE,FALSE,0.00818056266763405,8476958,12,15
2021020329,444,even-strength,73,38,FALSE,FALSE,TRUE,TRUE,FALSE,FALSE,0.0181360249412042,8478904,12,15
2021020329,447,even-strength,83,-1,FALSE,FALSE,TRUE,TRUE,TRUE,FALSE,0.22688025758757152,8473533,12,15
2021020329,449,power-play,79,-38,FALSE,FALSE,TRUE,TRUE,FALSE,FALSE,0.04991413639986462,8477950,12,15
2021020329,601,power-play,54,17,FALSE,FALSE,TRUE,FALSE,FALSE,FALSE,0,8476882,12,15
2021020329,603,power-play,49,15,FALSE,FALSE,TRUE,TRUE,TRUE,FALSE,0.06035002411390124,8477488,12,15
2021020329,604,power-play,62,-7,FALSE,FALSE,TRUE,FALSE,FALSE,FALSE,0,8477488,12,15
2021020329,605,even-strength,75,0,TRUE,FALSE,TRUE,TRUE,TRUE,TRUE,0.1716400498938892,8475799,12,15
2021020329,607,even-strength,74,14,FALSE,FALSE,TRUE,FALSE,FALSE,FALSE,0,8474090,12,15
2021020329,613,even-strength,76,4,FALSE,FALSE,TRUE,TRUE,FALSE,FALSE,0.07689308817613602,8480830,12,15
2021020329,614,even-strength,55,-14,FALSE,FALSE,TRUE,TRUE,TRUE,FALSE,0.04317123037364578,8473533,12,15
2021020329,618,even-strength,75,-2,FALSE,FALSE,TRUE,FALSE,FALSE,FALSE,0,8480829,12,15
2021020329,621,even-strength,68,25,FALSE,FALSE,TRUE,TRUE,FALSE,FALSE,0.05848875831769438,8480830,12,15
2021020329,624,even-strength,74,0,FALSE,FALSE,TRUE,FALSE,FALSE,FALSE,0,8477950,12,15
2021020329,625,even-strength,84,-32,FALSE,FALSE,TRUE,TRUE,FALSE,FALSE,0.03581644841195582,8476882,12,15
2021020338,53,even-strength,64,-16,FALSE,FALSE,TRUE,TRUE,TRUE,FALSE,0.03837367154639237,8479066,13,15
2021020338,60,even-strength,58,17,FALSE,FALSE,TRUE,TRUE,TRUE,FALSE,0.03179309321173913,8482113,13,15
2021020338,62,even-strength,44,28,FALSE,FALSE,TRUE,FALSE,FALSE,FALSE,0,8477933,13,15
2021020338,67,even-strength,70,-11,FALSE,FALSE,TRUE,TRUE,TRUE,FALSE,0.06971910905749966,8471887,13,15
2021020338,69,even-strength,80,-13,FALSE,FALSE,TRUE,TRUE,TRUE,FALSE,0.05012168815864131,8479066,13,15
2021020338,71,even-strength,40,-30,FALSE,FALSE,TRUE,TRUE,FALSE,FALSE,0.01539224912548648,8477346,13,15
2021020338,72,even-strength,39,-30,FALSE,FALSE,TRUE,TRUE,TRUE,FALSE,0.01418138760403427,8477932,13,15
2021020338,73,even-strength,80,-16,FALSE,TRUE,TRUE,TRUE,TRUE,FALSE,0.14721980281174912,8479066,13,15
2021020338,75,even-strength,83,16,FALSE,FALSE,TRUE,TRUE,FALSE,FALSE,0.03107464054250953,8477986,13,15
2021020338,84,even-strength,35,-5,FALSE,FALSE,TRUE,TRUE,TRUE,FALSE,0.02616344018047205,8477932,13,15
2021020338,85,even-strength,79,2,FALSE,TRUE,TRUE,TRUE,TRUE,TRUE,0.22467866578064533,8466138,13,15
2021020338,87,even-strength,55,-37,FALSE,FALSE,TRUE,TRUE,TRUE,FALSE,0.02652906408374629,8471887,13,15
2021020338,92,even-strength,69,3,FALSE,FALSE,TRUE,TRUE,TRUE,FALSE,0.07297683988507941,8477933,13,15
2021020338,100,even-strength,-80,17,FALSE,FALSE,TRUE,FALSE,FALSE,FALSE,0,8479523,13,15
2021020338,257,penalty-kill,51,22,FALSE,FALSE,TRUE,TRUE,FALSE,FALSE,0.02534060375018475,8477932,13,15
2021020338,260,even-strength,36,5,FALSE,FALSE,TRUE,TRUE,TRUE,FALSE,0.03219232567633261,8477932,13,15
2021020338,261,even-strength,82,5,FALSE,FALSE,TRUE,TRUE,TRUE,FALSE,0.07048235570017115,8478366,13,15
2021020338,262,even-strength,86,11,FALSE,FALSE,TRUE,TRUE,TRUE,FALSE,0.04244646618404502,8478366,13,15
2021020338,263,even-strength,42,-28,FALSE,TRUE,TRUE,TRUE,TRUE,FALSE,0.05273500729502727,8477932,13,15
2021020338,264,even-strength,75,2,FALSE,FALSE,TRUE,TRUE,FALSE,FALSE,0.09688256227132518,8478366,13,15
2021020338,265,even-strength,81,-12,FALSE,FALSE,TRUE,TRUE,FALSE,FALSE,0.0654331399276146,8479553,13,15
2021020338,268,even-strength,65,-1,FALSE,FALSE,TRUE,FALSE,FALSE,FALSE,0,8479553,13,15
2021020338,272,even-strength,36,24,FALSE,FALSE,TRUE,TRUE,TRUE,FALSE,0.01194674152438891,8482641,13,15
2021020338,277,even-strength,78,-6,FALSE,FALSE,TRUE,TRUE,TRUE,FALSE,0.15489993139003766,8471887,13,15
2021020338,278,even-strength,66,-4,FALSE,FALSE,TRUE,FALSE,FALSE,FALSE,0,8477346,13,15
2021020338,289,even-strength,36,22,FALSE,FALSE,TRUE,FALSE,FALSE,FALSE,0,8478366,13,15
2021020338,300,even-strength,35,2,FALSE,FALSE,TRUE,TRUE,FALSE,FALSE,0.02306828010310824,8476456,13,15
2021020338,452,even-strength,40,16,FALSE,FALSE,TRUE,TRUE,FALSE,FALSE,0.02031208218019223,8479066,13,15
2021020338,454,even-strength,60,20,FALSE,FALSE,TRUE,TRUE,TRUE,FALSE,0.03731702584955715,8482113,13,15
2021020338,460,power-play,38,25,TRUE,FALSE,TRUE,TRUE,FALSE,FALSE,0.0624922390212423,8477932,13,15
2021020338,462,power-play,49,-23,FALSE,FALSE,TRUE,TRUE,TRUE,FALSE,0.04704653987594816,8478366,13,15
2021020338,464,power-play,68,0,FALSE,FALSE,TRUE,TRUE,TRUE,FALSE,0.11754146988277551,8478366,13,15
2021020338,465,power-play,57,11,FALSE,FALSE,TRUE,TRUE,TRUE,FALSE,0.07248083628670278,8477409,13,15
2021020338,466,power-play,55,10,FALSE,FALSE,TRUE,TRUE,TRUE,FALSE,0.06785749546889859,8477409,13,15
2021020338,471,even-strength,91,-17,FALSE,FALSE,TRUE,TRUE,TRUE,FALSE,0.06706176534919941,8477933,13,15
2021020338,477,even-strength,80,-1,FALSE,FALSE,TRUE,TRUE,TRUE,FALSE,0.1080002291599676,8478366,13,15
2021020338,482,even-strength,44,3,FALSE,FALSE,TRUE,TRUE,FALSE,FALSE,0.02559880387573365,8479523,13,15
2021020338,483,even-strength,77,-24,FALSE,TRUE,TRUE,TRUE,TRUE,FALSE,0.08389164608215613,8477986,13,15
2021020338,488,even-strength,93,-10,FALSE,FALSE,TRUE,TRUE,TRUE,FALSE,0.0630148475721843,8482113,13,15
2021020338,491,even-strength,77,-10,FALSE,FALSE,TRUE,TRUE,TRUE,FALSE,0.06812340166911632,8480015,13,15
2021020338,492,even-strength,50,25,FALSE,FALSE,TRUE,TRUE,TRUE,FALSE,0.01659318573149603,8478366,13,15
2021020338,493,even-strength,72,-15,FALSE,FALSE,TRUE,FALSE,FALSE,FALSE,0,8477346,13,15
2021020338,494,even-strength,90,-17,FALSE,FALSE,TRUE,TRUE,TRUE,FALSE,0.0845733333755931,8471887,13,15
2021020338,495,even-strength,69,5,FALSE,TRUE,TRUE,TRUE,TRUE,TRUE,0.1822675411342165,8479066,13,15
2021020338,497,even-strength,78,-16,FALSE,FALSE,TRUE,TRUE,TRUE,FALSE,0.0488417795863309,8476456,13,15
2021020338,498,even-strength,58,1,FALSE,FALSE,TRUE,TRUE,TRUE,FALSE,0.07591527562531071,8482113,13,15
2021020338,499,even-strength,53,-24,FALSE,FALSE,TRUE,TRUE,TRUE,FALSE,0.02552218305716312,8479523,13,15
2021020338,652,even-strength,76,-11,FALSE,FALSE,TRUE,TRUE,FALSE,FALSE,0.05333523797436284,8477933,13,15
2021020338,653,even-strength,42,-3,FALSE,FALSE,TRUE,TRUE,TRUE,FALSE,0.04520135022039585,8477346,13,15
2021020338,656,penalty-kill,75,2,TRUE,FALSE,TRUE,TRUE,TRUE,TRUE,0.32166877842392555,8480185,13,15
2021020338,658,penalty-kill,47,-1,TRUE,FALSE,TRUE,TRUE,TRUE,FALSE,0.1967150519685225,8479066,13,15
2021020338,659,penalty-kill,65,-12,FALSE,FALSE,TRUE,FALSE,FALSE,FALSE,0,8477932,13,15
2021020338,660,even-strength,81,12,FALSE,FALSE,TRUE,TRUE,TRUE,FALSE,0.0488240301343859,8477935,13,15
2021020338,661,even-strength,70,-3,FALSE,TRUE,TRUE,TRUE,TRUE,FALSE,0.2380235399895818,8479553,13,15
2021020338,662,even-strength,74,11,FALSE,TRUE,TRUE,TRUE,FALSE,FALSE,0.16533037357451982,8477986,13,15
2021020338,663,even-strength,82,3,FALSE,TRUE,TRUE,TRUE,TRUE,FALSE,0.24678737315770985,8479553,13,15
2021020338,666,power-play,60,22,FALSE,FALSE,TRUE,TRUE,TRUE,FALSE,0.06118956666615784,8480015,13,15
2021020338,667,power-play,66,-16,FALSE,FALSE,TRUE,TRUE,TRUE,FALSE,0.06634297859821506,8477935,13,15
2021020338,668,power-play,64,-25,FALSE,FALSE,TRUE,TRUE,TRUE,FALSE,0.05514756928502349,8476456,13,15
2021020338,669,power-play,89,-17,FALSE,TRUE,TRUE,TRUE,TRUE,FALSE,0.2633217711212841,8477933,13,15
2021020338,675,power-play,70,-2,FALSE,FALSE,TRUE,TRUE,FALSE,FALSE,0.12207484410910216,8477933,13,15
2021020338,676,power-play,80,-1,FALSE,FALSE,TRUE,TRUE,TRUE,TRUE,0.1698225365867363,8477935,13,15
2021020338,678,even-strength,66,-16,FALSE,FALSE,TRUE,TRUE,TRUE,FALSE,0.04154761282029991,8480185,13,15
2021020338,680,even-strength,42,0,FALSE,FALSE,TRUE,TRUE,TRUE,FALSE,0.03158351696794798,8482113,13,15
2021020338,681,even-strength,69,-1,FALSE,FALSE,TRUE,TRUE,FALSE,FALSE,0.07196989514207146,8476456,13,15
2021020338,682,even-strength,60,-21,FALSE,FALSE,TRUE,TRUE,TRUE,FALSE,0.02747790266922924,8479523,13,15
2021020338,683,even-strength,61,-32,FALSE,FALSE,TRUE,TRUE,TRUE,FALSE,0.02461309525700192,8477932,13,15
2021020338,685,even-strength,64,0,FALSE,FALSE,TRUE,TRUE,TRUE,FALSE,0.11266152616974022,8477935,13,15
2021020338,686,even-strength,76,-2,FALSE,FALSE,TRUE,TRUE,FALSE,FALSE,0.0969472931639056,8477935,13,15
2021020338,688,even-strength,41,18,FALSE,FALSE,TRUE,TRUE,TRUE,FALSE,0.02490720858331685,8476456,13,15
2021020338,692,power-play,83,-8,FALSE,FALSE,TRUE,TRUE,FALSE,FALSE,0.1042305306534122,8477935,13,15
2021020338,693,power-play,61,9,FALSE,FALSE,TRUE,TRUE,TRUE,TRUE,0.11806046134294944,8477933,13,15
2021020338,695,even-strength,80,-4,FALSE,TRUE,TRUE,TRUE,FALSE,FALSE,0.2025908695079059,8471887,13,15
2021020338,696,even-strength,81,1,FALSE,TRUE,TRUE,TRUE,TRUE,FALSE,0.29767638132342367,8477409,13,15
2021020372,10,even-strength,81,-5,FALSE,FALSE,TRUE,FALSE,FALSE,FALSE,0,8480074,29,15
2021020372,11,even-strength,45,28,FALSE,TRUE,TRUE,TRUE,TRUE,FALSE,0.03799672558427854,8479402,29,15
2021020372,12,even-strength,58,-16,FALSE,FALSE,TRUE,FALSE,FALSE,FALSE,0,8479402,29,15
2021020372,19,even-strength,80,8,FALSE,FALSE,TRUE,FALSE,FALSE,FALSE,0,8480871,29,15
2021020372,22,penalty-kill,86,30,FALSE,FALSE,TRUE,TRUE,FALSE,FALSE,0.03034153203640247,8476374,29,15
2021020372,23,penalty-kill,16,-29,FALSE,FALSE,TRUE,TRUE,TRUE,FALSE,0.00298909825326772,8479369,29,15
2021020372,25,penalty-kill,16,-37,FALSE,FALSE,TRUE,TRUE,TRUE,FALSE,0.00228526998717707,8476374,29,15
2021020372,26,penalty-kill,62,31,FALSE,FALSE,TRUE,TRUE,TRUE,FALSE,0.02950579494407936,8480074,29,15
2021020372,29,even-strength,71,2,FALSE,FALSE,TRUE,FALSE,FALSE,FALSE,0,8476345,29,15
2021020372,31,even-strength,61,-21,FALSE,FALSE,TRUE,TRUE,TRUE,FALSE,0.02611397582703522,8478460,29,15
2021020372,34,even-strength,79,-2,FALSE,FALSE,TRUE,TRUE,FALSE,FALSE,0.13005724370063365,8476432,29,15
2021020372,42,even-strength,35,-31,FALSE,FALSE,TRUE,TRUE,TRUE,FALSE,0.01215838988495532,8479369,29,15
2021020372,43,even-strength,58,-24,FALSE,FALSE,TRUE,TRUE,TRUE,FALSE,0.02795224492224921,8482705,29,15
2021020372,45,even-strength,47,37,FALSE,FALSE,TRUE,TRUE,FALSE,FALSE,0.01289993262943957,8478460,29,15
2021020372,47,even-strength,78,29,FALSE,FALSE,TRUE,TRUE,FALSE,FALSE,0.02486007586555039,8480762,29,15
2021020372,49,even-strength,63,15,FALSE,FALSE,TRUE,FALSE,FALSE,FALSE,0,8478460,29,15
2021020372,50,even-strength,75,19,FALSE,TRUE,TRUE,TRUE,TRUE,FALSE,0.09204854739862244,8476374,29,15
2021020372,202,even-strength,48,-23,TRUE,FALSE,TRUE,TRUE,TRUE,FALSE,0.05260215586253602,8479402,29,15
2021020372,227,even-strength,37,-12,FALSE,FALSE,TRUE,TRUE,FALSE,FALSE,0.01718485658832318,8479402,29,15
2021020372,230,even-strength,78,1,FALSE,FALSE,TRUE,TRUE,FALSE,FALSE,0.08446874893668097,8474679,29,15
2021020372,236,even-strength,72,11,FALSE,FALSE,TRUE,FALSE,FALSE,FALSE,0,8480762,29,15
2021020372,239,even-strength,59,21,FALSE,FALSE,TRUE,TRUE,TRUE,FALSE,0.02729421923816839,8480762,29,15
2021020372,240,even-strength,43,-23,FALSE,FALSE,TRUE,TRUE,FALSE,FALSE,0.0178064978133672,8480074,29,15
2021020372,453,even-strength,79,17,FALSE,FALSE,TRUE,TRUE,FALSE,FALSE,0.06664937957572738,8478460,29,15
2021020372,456,even-strength,66,0,FALSE,FALSE,TRUE,TRUE,FALSE,FALSE,0.08892633915067359,8477416,29,15
2021020372,460,even-strength,80,20,FALSE,FALSE,TRUE,TRUE,FALSE,FALSE,0.02998558836644357,8480871,29,15
2021020372,461,even-strength,39,-5,FALSE,FALSE,TRUE,TRUE,TRUE,FALSE,0.04822417307017522,8477503,29,15
2021020372,472,even-strength,91,-25,FALSE,FALSE,TRUE,TRUE,FALSE,FALSE,0.04298785226652403,8477416,29,15
2021020372,473,even-strength,36,22,FALSE,FALSE,TRUE,TRUE,TRUE,FALSE,0.0125997658666012,8478882,29,15
2021020372,481,even-strength,65,15,FALSE,FALSE,TRUE,TRUE,TRUE,FALSE,0.05061068901242637,8480074,29,15
2021020372,485,even-strength,-17,26,FALSE,FALSE,TRUE,TRUE,TRUE,FALSE,0.00126405356998036,8474679,29,15
2021020372,491,even-strength,84,-3,FALSE,FALSE,TRUE,TRUE,TRUE,TRUE,0.1031660732147246,8480762,29,15
2021020372,495,even-strength,72,10,FALSE,FALSE,TRUE,FALSE,FALSE,FALSE,0,8479945,29,15
2021020372,499,even-strength,40,7,FALSE,FALSE,TRUE,TRUE,TRUE,FALSE,0.02256968948702024,8479402,29,15
2021020372,500,even-strength,60,-22,FALSE,FALSE,TRUE,TRUE,TRUE,FALSE,0.02990010033911987,8474679,29,15
2021020372,651,even-strength,60,-8,FALSE,FALSE,TRUE,FALSE,FALSE,FALSE,0,8479369,29,15
2021020372,653,even-strength,71,-2,FALSE,FALSE,TRUE,FALSE,FALSE,FALSE,0,8476345,29,15
2021020372,655,even-strength,41,-23,FALSE,FALSE,TRUE,FALSE,FALSE,FALSE,0,8479402,29,15
2021020372,656,even-strength,36,-21,FALSE,TRUE,TRUE,TRUE,TRUE,FALSE,0.03823792043702771,8476345,29,15
2021020372,658,even-strength,66,2,FALSE,FALSE,TRUE,FALSE,FALSE,FALSE,0,8480762,29,15
2021020372,659,even-strength,61,18,FALSE,FALSE,TRUE,FALSE,FALSE,FALSE,0,8478460,29,15
2021020372,666,even-strength,35,33,FALSE,FALSE,TRUE,TRUE,FALSE,FALSE,0.00769322862156152,8478460,29,15
2021020372,667,even-strength,60,-12,FALSE,FALSE,TRUE,FALSE,FALSE,FALSE,0,8478460,29,15
2021020372,668,even-strength,64,-17,FALSE,FALSE,TRUE,FALSE,FALSE,FALSE,0,8482705,29,15
2021020384,13,even-strength,50,-20,FALSE,FALSE,TRUE,TRUE,FALSE,FALSE,0.02648478081906976,8476483,24,15
2021020384,14,even-strength,35,-21,FALSE,FALSE,TRUE,TRUE,TRUE,FALSE,0.01409977256818392,8482142,24,15
2021020384,15,even-strength,68,13,FALSE,FALSE,TRUE,FALSE,FALSE,FALSE,0,8474683,24,15
2021020384,19,even-strength,34,-22,FALSE,FALSE,TRUE,TRUE,TRUE,FALSE,0.01403423468233093,8474031,24,15
2021020384,20,even-strength,45,-35,FALSE,FALSE,TRUE,TRUE,FALSE,FALSE,0.01459513825483755,8477210,24,15
2021020384,21,even-strength,94,-16,FALSE,FALSE,TRUE,TRUE,TRUE,FALSE,0.04541160189240245,8477947,24,15
2021020384,28,even-strength,76,7,FALSE,FALSE,TRUE,TRUE,TRUE,FALSE,0.08782743303279145,8481533,24,15
2021020384,35,even-strength,54,0,FALSE,FALSE,TRUE,TRUE,TRUE,FALSE,0.05035262219167021,8476483,24,15
2021020384,38,even-strength,78,-13,FALSE,FALSE,TRUE,TRUE,FALSE,FALSE,0.07493889456842874,8481533,24,15
2021020384,39,even-strength,78,11,FALSE,FALSE,TRUE,TRUE,TRUE,FALSE,0.0632700849171582,8477947,24,15
2021020384,40,even-strength,81,10,FALSE,TRUE,TRUE,TRUE,TRUE,FALSE,0.1583407422947539,8477947,24,15
2021020384,42,even-strength,55,4,FALSE,FALSE,TRUE,FALSE,FALSE,FALSE,0,8480806,24,15
2021020384,48,even-strength,66,-12,FALSE,FALSE,TRUE,FALSE,FALSE,FALSE,0,8481533,24,15
2021020384,49,even-strength,67,2,FALSE,FALSE,TRUE,TRUE,TRUE,FALSE,0.05546631364783216,8476854,24,15
2021020384,203,even-strength,82,-15,FALSE,FALSE,TRUE,TRUE,TRUE,FALSE,0.06688844035771464,8475164,24,15
2021020384,213,even-strength,55,33,FALSE,FALSE,TRUE,TRUE,TRUE,FALSE,0.01639365548270362,8474683,24,15
2021020384,221,even-strength,76,17,FALSE,FALSE,TRUE,TRUE,TRUE,FALSE,0.04478895303776255,8477947,24,15
2021020384,222,even-strength,77,-2,FALSE,TRUE,TRUE,TRUE,TRUE,TRUE,0.22176788731159072,8476312,24,15
2021020384,223,even-strength,75,0,TRUE,FALSE,TRUE,TRUE,TRUE,FALSE,0.1378867304113156,8476483,24,15
2021020384,224,even-strength,57,-35,FALSE,FALSE,TRUE,TRUE,TRUE,FALSE,0.01399101136185985,8474683,24,15
2021020384,225,even-strength,76,5,FALSE,FALSE,TRUE,FALSE,FALSE,FALSE,0,8476854,24,15
2021020384,229,even-strength,62,-20,FALSE,FALSE,TRUE,TRUE,TRUE,FALSE,0.03293255248886996,8477210,24,15
2021020384,241,even-strength,57,17,FALSE,FALSE,TRUE,TRUE,FALSE,FALSE,0.03539146323489781,8481533,24,15
2021020384,242,even-strength,58,-5,FALSE,FALSE,TRUE,TRUE,TRUE,FALSE,0.0944483102461776,8476483,24,15
2021020384,402,even-strength,80,-8,FALSE,FALSE,TRUE,TRUE,TRUE,FALSE,0.08919071167362617,8481533,24,15
2021020384,403,even-strength,81,6,FALSE,TRUE,TRUE,TRUE,TRUE,TRUE,0.20233605600910332,8477947,24,15
2021020384,404,even-strength,82,5,FALSE,FALSE,TRUE,TRUE,FALSE,FALSE,0.1029489463214109,8478873,24,15
2021020384,405,even-strength,81,-6,FALSE,FALSE,TRUE,TRUE,TRUE,TRUE,0.12355580830364148,8479968,24,15
2021020384,407,even-strength,41,19,FALSE,FALSE,TRUE,TRUE,TRUE,FALSE,0.01809323324860899,8476483,24,15
2021020384,411,even-strength,49,-23,FALSE,FALSE,TRUE,TRUE,TRUE,FALSE,0.03765302055517521,8474683,24,15
2021020384,413,even-strength,0,-39,FALSE,FALSE,TRUE,TRUE,TRUE,FALSE,0.00236340514441321,8474031,24,15
2021020384,418,even-strength,86,-8,FALSE,FALSE,TRUE,TRUE,TRUE,FALSE,0.03720587007940751,8480806,24,15
2021020384,428,even-strength,61,-33,FALSE,FALSE,TRUE,TRUE,TRUE,FALSE,0.01961298772962408,8482142,24,15
2021020384,434,even-strength,44,10,FALSE,FALSE,TRUE,TRUE,TRUE,FALSE,0.03776126205566887,8481122,24,15
2021020384,438,even-strength,39,23,FALSE,FALSE,TRUE,TRUE,TRUE,FALSE,0.01578271228948766,8476854,24,15
2021020384,440,even-strength,70,19,FALSE,FALSE,TRUE,TRUE,FALSE,FALSE,0.04328067550083132,8481533,24,15
2021020384,441,even-strength,31,10,FALSE,FALSE,TRUE,TRUE,TRUE,FALSE,0.01233822256191681,8475842,24,15
2021020384,449,even-strength,72,13,FALSE,FALSE,TRUE,FALSE,FALSE,FALSE,0,8475235,24,15
2021020384,450,even-strength,37,-31,FALSE,FALSE,TRUE,TRUE,TRUE,FALSE,0.01274612838404895,8474031,24,15
2021020384,651,even-strength,76,13,FALSE,FALSE,TRUE,TRUE,FALSE,FALSE,0.05088782621365322,8477210,24,15
2021020384,652,even-strength,70,1,FALSE,FALSE,TRUE,TRUE,TRUE,FALSE,0.08061914057708221,8475842,24,15
2021020384,656,even-strength,56,23,FALSE,FALSE,TRUE,TRUE,FALSE,FALSE,0.02927374304958626,8479968,24,15
2021020384,658,even-strength,63,-10,FALSE,FALSE,TRUE,FALSE,FALSE,FALSE,0,8478873,24,15
2021020384,659,even-strength,71,-6,FALSE,FALSE,TRUE,FALSE,FALSE,FALSE,0,8479351,24,15
2021020384,660,even-strength,37,11,FALSE,TRUE,TRUE,TRUE,TRUE,FALSE,0.05222731034200879,8476312,24,15
2021020384,665,even-strength,4,24,FALSE,FALSE,TRUE,TRUE,TRUE,FALSE,0.00288423535015842,8474683,24,15
2021020384,668,even-strength,63,29,FALSE,FALSE,TRUE,TRUE,TRUE,FALSE,0.02358943242280797,8477210,24,15
2021020384,670,even-strength,76,39,FALSE,FALSE,TRUE,TRUE,TRUE,FALSE,0.02179730401695251,8481533,24,15
2021020384,686,even-strength,74,-7,FALSE,FALSE,TRUE,FALSE,FALSE,FALSE,0,8476483,24,15
2021020384,687,even-strength,59,4,FALSE,FALSE,TRUE,FALSE,FALSE,FALSE,0,8476854,24,15
2021020384,691,even-strength,70,15,FALSE,FALSE,TRUE,FALSE,FALSE,FALSE,0,8476483,24,15
2021020384,692,even-strength,57,10,FALSE,FALSE,TRUE,TRUE,TRUE,FALSE,0.09831436129825186,8476854,24,15
2021020414,12,even-strength,36,10,FALSE,FALSE,TRUE,TRUE,TRUE,FALSE,0.01785293521999035,8477969,5,15
2021020414,16,even-strength,75,-37,FALSE,FALSE,TRUE,TRUE,TRUE,FALSE,0.01202153439474054,8470619,5,15
2021020414,20,even-strength,67,1,FALSE,FALSE,TRUE,TRUE,FALSE,FALSE,0.11324356951671503,8478542,5,15
2021020414,21,even-strength,75,16,FALSE,FALSE,TRUE,TRUE,TRUE,FALSE,0.05617405179973733,8478542,5,15
2021020414,23,even-strength,74,2,FALSE,FALSE,TRUE,TRUE,FALSE,FALSE,0.07923994186279931,8478866,5,15
2021020414,24,even-strength,72,2,TRUE,FALSE,TRUE,FALSE,FALSE,FALSE,0,8471724,5,15
2021020414,25,even-strength,72,-17,FALSE,FALSE,TRUE,TRUE,TRUE,FALSE,0.03553910901992337,8478866,5,15
2021020414,29,even-strength,70,1,FALSE,FALSE,TRUE,TRUE,TRUE,FALSE,0.09805279989331146,8479944,5,15
2021020414,32,even-strength,62,33,FALSE,FALSE,TRUE,TRUE,TRUE,FALSE,0.01823759093217036,8478866,5,15
2021020414,34,even-strength,70,4,FALSE,FALSE,TRUE,FALSE,FALSE,FALSE,0,8471724,5,15
2021020414,39,even-strength,62,-8,FALSE,FALSE,TRUE,TRUE,TRUE,FALSE,0.07191997437976286,8477953,5,15
2021020414,41,even-strength,82,6,FALSE,FALSE,TRUE,TRUE,TRUE,FALSE,0.10328986461449086,8482055,5,15
2021020414,45,even-strength,69,1,TRUE,FALSE,TRUE,TRUE,TRUE,TRUE,0.14281144427907064,8478046,5,15
2021020414,49,even-strength,52,11,FALSE,FALSE,TRUE,TRUE,TRUE,FALSE,0.05296243778424256,8476934,5,15
2021020414,202,even-strength,79,28,FALSE,FALSE,TRUE,TRUE,TRUE,FALSE,0.02856208308077779,8475722,5,15
2021020414,215,even-strength,38,-30,FALSE,FALSE,TRUE,TRUE,TRUE,FALSE,0.0128596903299975,8470604,5,15
2021020414,216,even-strength,66,0,FALSE,FALSE,TRUE,FALSE,FALSE,FALSE,0,8470604,5,15
2021020414,223,even-strength,77,6,FALSE,FALSE,TRUE,FALSE,FALSE,FALSE,0,8476934,5,15
2021020414,225,even-strength,54,21,FALSE,FALSE,TRUE,TRUE,TRUE,FALSE,0.03095474317379692,8478542,5,15
2021020414,227,even-strength,90,14,FALSE,FALSE,TRUE,TRUE,TRUE,FALSE,0.06170394983300647,8478542,5,15
2021020414,228,even-strength,71,12,FALSE,FALSE,TRUE,TRUE,TRUE,FALSE,0.05292414822820272,8471675,5,15
2021020414,230,even-strength,63,17,FALSE,FALSE,TRUE,TRUE,TRUE,FALSE,0.03934729687611368,8478046,5,15
2021020414,231,even-strength,81,-10,FALSE,FALSE,TRUE,TRUE,TRUE,FALSE,0.05738170230606935,8475722,5,15
2021020414,233,even-strength,69,-33,FALSE,FALSE,TRUE,FALSE,FALSE,FALSE,0,8478542,5,15
2021020414,235,even-strength,78,21,FALSE,FALSE,TRUE,TRUE,TRUE,FALSE,0.0373885909870799,8478542,5,15
2021020414,236,even-strength,82,2,FALSE,FALSE,TRUE,FALSE,FALSE,FALSE,0,8471675,5,15
2021020414,239,even-strength,71,39,FALSE,FALSE,TRUE,TRUE,TRUE,TRUE,0.01617825979071721,8476934,5,15
2021020414,244,even-strength,61,4,TRUE,FALSE,TRUE,FALSE,FALSE,FALSE,0,8476875,5,15
2021020414,245,even-strength,-72,25,FALSE,FALSE,TRUE,TRUE,TRUE,FALSE,2.542194203837659e-4,8475722,5,15
2021020414,247,even-strength,71,9,FALSE,FALSE,TRUE,TRUE,TRUE,TRUE,0.08162174008257016,8477953,5,15
2021020414,249,even-strength,62,-20,FALSE,FALSE,TRUE,TRUE,TRUE,FALSE,0.04257811264676596,8476927,5,15
2021020414,407,even-strength,31,36,FALSE,TRUE,TRUE,TRUE,TRUE,FALSE,0.02474493965600954,8478507,5,15
2021020414,465,even-strength,76,13,FALSE,FALSE,TRUE,FALSE,FALSE,FALSE,0,8479944,5,15
2021020414,467,even-strength,77,-4,FALSE,FALSE,TRUE,TRUE,FALSE,FALSE,0.09269740381177424,8476934,5,15
2021020414,476,penalty-kill,-75,0,FALSE,FALSE,TRUE,TRUE,TRUE,FALSE,6.594351597536848e-4,8475208,5,15
2021020414,483,power-play,80,4,FALSE,FALSE,TRUE,TRUE,FALSE,FALSE,0.1237015563634996,8471675,5,15
2021020414,484,power-play,76,-2,FALSE,FALSE,TRUE,TRUE,FALSE,FALSE,0.1223307693557271,8475722,5,15
2021020414,485,power-play,68,1,FALSE,FALSE,TRUE,TRUE,TRUE,FALSE,0.11974422630834793,8478866,5,15
2021020414,486,power-play,62,12,FALSE,FALSE,TRUE,TRUE,TRUE,FALSE,0.06818216957162147,8482055,5,15
2021020414,488,power-play,72,1,FALSE,FALSE,TRUE,TRUE,FALSE,FALSE,0.1380282292266151,8477953,5,15
2021020414,489,even-strength,69,0,FALSE,FALSE,TRUE,TRUE,TRUE,FALSE,0.10583685850803204,8478542,5,15
2021020414,500,even-strength,51,24,FALSE,FALSE,TRUE,FALSE,FALSE,FALSE,0,8471724,5,15
2021020414,651,even-strength,75,34,FALSE,FALSE,TRUE,FALSE,FALSE,FALSE,0,8477969,5,15
2021020414,702,even-strength,56,-29,FALSE,FALSE,TRUE,TRUE,FALSE,FALSE,0.0224248559442073,8477953,5,15
2021020414,703,even-strength,82,23,FALSE,FALSE,TRUE,FALSE,FALSE,FALSE,0,8470619,5,15
2021020414,710,even-strength,71,13,FALSE,FALSE,TRUE,TRUE,TRUE,FALSE,0.05788672993505868,8475208,5,15
2021020414,713,even-strength,36,-29,FALSE,FALSE,TRUE,TRUE,TRUE,FALSE,0.01832798551715476,8477244,5,15
2021020414,715,even-strength,16,-27,FALSE,FALSE,TRUE,TRUE,TRUE,FALSE,0.00526568251531074,8471675,5,15
2021020414,716,even-strength,40,29,FALSE,FALSE,TRUE,TRUE,TRUE,FALSE,0.01658309463541337,8476875,5,15
2021020414,717,even-strength,75,-1,FALSE,FALSE,TRUE,TRUE,TRUE,FALSE,0.11839845682363256,8478542,5,15
2021020451,11,even-strength,75,-7,FALSE,FALSE,TRUE,FALSE,FALSE,FALSE,0,8475792,16,15
2021020451,21,power-play,70,5,FALSE,FALSE,TRUE,FALSE,FALSE,FALSE,0,8479337,16,15
2021020451,23,power-play,63,4,FALSE,FALSE,TRUE,FALSE,FALSE,FALSE,0,8481523,16,15
2021020451,24,even-strength,76,28,FALSE,FALSE,TRUE,TRUE,TRUE,FALSE,0.03123537630117526,8477330,16,15
2021020451,26,even-strength,68,17,FALSE,FALSE,TRUE,TRUE,TRUE,FALSE,0.04244597282713821,8474141,16,15
2021020451,29,even-strength,36,-34,FALSE,FALSE,TRUE,TRUE,TRUE,FALSE,0.01474575376537951,8477495,16,15
2021020451,30,even-strength,51,-2,FALSE,FALSE,TRUE,FALSE,FALSE,FALSE,0,8475177,16,15
2021020451,31,even-strength,65,7,FALSE,FALSE,TRUE,FALSE,FALSE,FALSE,0,8479337,16,15
2021020451,32,even-strength,74,17,FALSE,FALSE,TRUE,TRUE,TRUE,FALSE,0.0596588774927911,8477495,16,15
2021020451,33,even-strength,76,2,FALSE,FALSE,TRUE,FALSE,FALSE,FALSE,0,8476931,16,15
2021020451,36,even-strength,61,-5,FALSE,FALSE,TRUE,TRUE,TRUE,FALSE,0.07634823990259317,8481523,16,15
2021020451,43,even-strength,36,27,FALSE,FALSE,TRUE,TRUE,TRUE,FALSE,0.01427123592457771,8479388,16,15
2021020451,48,even-strength,55,-1,FALSE,FALSE,TRUE,FALSE,FALSE,FALSE,0,8475792,16,15
2021020451,209,even-strength,41,32,FALSE,FALSE,TRUE,TRUE,FALSE,FALSE,0.0136419989681114,8479388,16,15
2021020451,213,penalty-kill,-58,1,FALSE,FALSE,TRUE,TRUE,TRUE,FALSE,0.00109798899363687,8479542,16,15
2021020451,216,even-strength,40,31,FALSE,FALSE,TRUE,TRUE,TRUE,FALSE,0.01653860166528112,8475177,16,15
2021020451,217,even-strength,78,2,FALSE,FALSE,TRUE,TRUE,TRUE,FALSE,0.11081868540745426,8478440,16,15
2021020451,220,even-strength,40,18,FALSE,FALSE,TRUE,TRUE,TRUE,FALSE,0.02704008084908104,8479337,16,15
2021020451,224,even-strength,79,-6,FALSE,FALSE,TRUE,FALSE,FALSE,FALSE,0,8473604,16,15
2021020451,225,even-strength,53,-5,FALSE,FALSE,TRUE,TRUE,TRUE,FALSE,0.04005659508624557,8473604,16,15
2021020451,226,even-strength,66,-31,FALSE,FALSE,TRUE,TRUE,FALSE,FALSE,0.01911691794629537,8475792,16,15
2021020451,233,even-strength,66,9,FALSE,FALSE,TRUE,TRUE,FALSE,FALSE,0.06543221930466875,8479337,16,15
2021020451,234,even-strength,68,0,FALSE,FALSE,TRUE,FALSE,FALSE,FALSE,0,8478440,16,15
2021020451,238,power-play,49,14,FALSE,FALSE,TRUE,TRUE,TRUE,FALSE,0.05565974092170793,8474141,16,15
2021020451,242,power-play,82,8,FALSE,FALSE,TRUE,TRUE,TRUE,TRUE,0.18197300792575136,8479337,16,15
2021020451,243,power-play,77,4,FALSE,FALSE,TRUE,TRUE,TRUE,TRUE,0.09363363835230856,8480798,16,15
2021020451,244,even-strength,67,-21,FALSE,FALSE,TRUE,TRUE,TRUE,FALSE,0.03809460206093248,8479542,16,15
2021020451,245,even-strength,82,-5,FALSE,TRUE,TRUE,TRUE,TRUE,TRUE,0.1760733459203618,8480025,16,15
2021020451,505,even-strength,39,-6,FALSE,FALSE,TRUE,TRUE,FALSE,FALSE,0.04397554904214535,8479542,16,15
2021020451,511,penalty-kill,-78,28,FALSE,FALSE,TRUE,TRUE,TRUE,FALSE,4.8097984674019974e-4,8473604,16,15
2021020451,513,penalty-kill,-59,-33,FALSE,FALSE,TRUE,TRUE,TRUE,FALSE,6.929485600678577e-4,8477495,16,15
2021020451,517,even-strength,68,-10,FALSE,FALSE,TRUE,TRUE,FALSE,FALSE,0.06068586376839417,8477330,16,15
2021020451,535,even-strength,37,-30,FALSE,FALSE,TRUE,TRUE,TRUE,FALSE,0.01068930829551701,8477495,16,15
2021020451,537,even-strength,71,-3,FALSE,FALSE,TRUE,TRUE,TRUE,FALSE,0.09235262091343648,8480025,16,15
2021020451,542,power-play,52,-13,FALSE,FALSE,TRUE,FALSE,FALSE,FALSE,0,8477330,16,15
2021020451,544,even-strength,79,-4,FALSE,FALSE,TRUE,TRUE,FALSE,FALSE,0.10449310486274264,8475792,16,15
2021020451,545,even-strength,39,-12,FALSE,FALSE,TRUE,TRUE,TRUE,FALSE,0.01932513690273045,8475177,16,15
2021020451,546,even-strength,37,-15,TRUE,FALSE,TRUE,TRUE,FALSE,FALSE,0.04047031746049952,8476473,16,15
2021020451,547,even-strength,63,-21,FALSE,FALSE,TRUE,FALSE,FALSE,FALSE,0,8475792,16,15
2021020451,549,even-strength,76,-4,FALSE,FALSE,TRUE,TRUE,FALSE,FALSE,0.09044750018047612,8473604,16,15
2021020451,550,even-strength,61,-25,FALSE,FALSE,TRUE,TRUE,TRUE,FALSE,0.03166587327067143,8481523,16,15
2021020451,602,even-strength,65,15,FALSE,FALSE,TRUE,FALSE,FALSE,FALSE,0,8479337,16,15
2021020451,603,even-strength,51,25,FALSE,FALSE,TRUE,TRUE,FALSE,FALSE,0.02485666575392747,8479542,16,15
2021020451,607,power-play,50,-6,FALSE,FALSE,TRUE,TRUE,TRUE,FALSE,0.05438113957377199,8477495,16,15
2021020451,608,power-play,75,1,FALSE,FALSE,TRUE,FALSE,FALSE,FALSE,0,8478440,16,15
2021020451,609,power-play,78,18,FALSE,FALSE,TRUE,TRUE,TRUE,TRUE,0.12386946999402684,8479337,16,15
2021020451,610,even-strength,68,18,FALSE,FALSE,TRUE,TRUE,TRUE,FALSE,0.0424427879188805,8477846,16,15
2021020451,611,even-strength,78,1,FALSE,FALSE,TRUE,TRUE,TRUE,FALSE,0.11576932849405062,8477846,16,15
2021020451,629,even-strength,75,-22,FALSE,FALSE,TRUE,TRUE,TRUE,FALSE,0.0970272067432887,8481523,16,15
2021020451,630,even-strength,81,3,FALSE,TRUE,TRUE,TRUE,TRUE,TRUE,0.3109578360625057,8478452,16,15
2021020496,44,even-strength,66,-24,FALSE,TRUE,TRUE,TRUE,TRUE,FALSE,0.08895648098027722,8479933,4,15
2021020496,54,even-strength,65,38,FALSE,FALSE,TRUE,TRUE,TRUE,FALSE,0.01808645194863803,8478051,4,15
2021020496,57,power-play,71,2,FALSE,FALSE,TRUE,FALSE,FALSE,FALSE,0,8474037,4,15
2021020496,58,power-play,74,-14,FALSE,FALSE,TRUE,FALSE,FALSE,FALSE,0,8476872,4,15
2021020496,59,power-play,60,-31,FALSE,FALSE,TRUE,TRUE,TRUE,FALSE,0.05020331927507323,8476872,4,15
2021020496,60,even-strength,66,-21,FALSE,FALSE,TRUE,TRUE,TRUE,FALSE,0.02613531332817499,8473512,4,15
2021020496,61,even-strength,60,-20,FALSE,FALSE,TRUE,TRUE,FALSE,FALSE,0.03179134851070474,8474037,4,15
2021020496,62,even-strength,83,-21,FALSE,FALSE,TRUE,TRUE,TRUE,FALSE,0.03272067674517189,8480019,4,15
2021020496,76,even-strength,73,15,TRUE,FALSE,TRUE,FALSE,FALSE,FALSE,0,8474715,4,15
2021020496,77,even-strength,-7,26,FALSE,FALSE,TRUE,TRUE,TRUE,FALSE,0.00122956786040602,8478500,4,15
2021020496,80,even-strength,40,-2,FALSE,FALSE,TRUE,TRUE,TRUE,FALSE,0.02365757499442534,8480019,4,15
2021020496,84,even-strength,21,-16,FALSE,FALSE,TRUE,TRUE,TRUE,FALSE,0.00520247023343907,8478500,4,15
2021020496,90,even-strength,90,14,TRUE,FALSE,TRUE,TRUE,TRUE,FALSE,0.07812247430360579,8480028,4,15
2021020496,91,even-strength,4,18,FALSE,FALSE,TRUE,TRUE,TRUE,FALSE,0.00424531753591765,8473512,4,15
2021020496,94,even-strength,58,8,FALSE,FALSE,TRUE,TRUE,TRUE,FALSE,0.05026678318351666,8479933,4,15
2021020496,97,even-strength,72,-5,FALSE,FALSE,TRUE,TRUE,TRUE,FALSE,0.1050353435677052,8478439,4,15
2021020496,100,even-strength,38,-18,FALSE,FALSE,TRUE,TRUE,TRUE,FALSE,0.0152860605524341,8474027,4,15
2021020496,307,even-strength,70,9,TRUE,FALSE,TRUE,FALSE,FALSE,FALSE,0,8471735,4,15
2021020496,310,even-strength,84,-7,FALSE,FALSE,TRUE,TRUE,TRUE,FALSE,0.0605509489063612,8478051,4,15
2021020496,311,even-strength,67,12,FALSE,FALSE,TRUE,FALSE,FALSE,FALSE,0,8477948,4,15
2021020496,312,even-strength,50,8,FALSE,FALSE,TRUE,FALSE,FALSE,FALSE,0,8474715,4,15
2021020496,313,even-strength,67,11,FALSE,FALSE,TRUE,FALSE,FALSE,FALSE,0,8477948,4,15
2021020496,315,power-play,33,0,FALSE,FALSE,TRUE,TRUE,TRUE,FALSE,0.04151729525548339,8478500,4,15
2021020496,317,power-play,57,8,FALSE,FALSE,TRUE,TRUE,FALSE,FALSE,0.09783690852443604,8479933,4,15
2021020496,318,power-play,76,11,FALSE,FALSE,TRUE,TRUE,TRUE,TRUE,0.09396421719283428,8479933,4,15
2021020496,319,even-strength,86,20,FALSE,FALSE,TRUE,TRUE,TRUE,FALSE,0.03564556711072216,8473512,4,15
2021020496,321,even-strength,74,12,FALSE,FALSE,TRUE,FALSE,FALSE,FALSE,0,8479382,4,15
2021020496,333,even-strength,79,10,FALSE,FALSE,TRUE,FALSE,FALSE,FALSE,0,8478439,4,15
2021020496,334,even-strength,78,-1,FALSE,FALSE,TRUE,TRUE,FALSE,FALSE,0.10838640782240155,8476872,4,15
2021020496,335,even-strength,51,-27,FALSE,FALSE,TRUE,TRUE,TRUE,FALSE,0.01856836180652693,8478051,4,15
2021020496,336,even-strength,87,23,FALSE,FALSE,TRUE,TRUE,FALSE,FALSE,0.02146351206321488,8479772,4,15
2021020496,337,even-strength,31,33,FALSE,FALSE,TRUE,TRUE,TRUE,FALSE,0.01116334579347414,8477948,4,15
2021020496,343,even-strength,70,-11,FALSE,FALSE,TRUE,TRUE,TRUE,FALSE,0.10271382630374648,8478439,4,15
2021020496,344,even-strength,80,2,FALSE,FALSE,TRUE,TRUE,TRUE,FALSE,0.09077789869749388,8476872,4,15
2021020496,346,even-strength,66,39,FALSE,FALSE,TRUE,TRUE,TRUE,FALSE,0.01821965197460158,8477948,4,15
2021020496,347,even-strength,80,4,FALSE,FALSE,TRUE,TRUE,TRUE,TRUE,0.06762637055453934,8477948,4,15
2021020496,392,even-strength,76,7,FALSE,TRUE,TRUE,TRUE,FALSE,FALSE,0.17761056080935758,8480019,4,15
2021020496,471,power-play,79,3,FALSE,TRUE,TRUE,TRUE,TRUE,FALSE,0.40107193493209,8474037,4,15
2021020496,609,even-strength,55,10,FALSE,FALSE,TRUE,TRUE,FALSE,FALSE,0.03949450969803072,8474037,4,15
2021020496,610,even-strength,38,3,FALSE,FALSE,TRUE,TRUE,TRUE,FALSE,0.02053146167625893,8478500,4,15
2021020496,612,even-strength,62,3,FALSE,FALSE,TRUE,TRUE,FALSE,FALSE,0.05338092319872976,8479772,4,15
2021020496,613,even-strength,61,-14,FALSE,FALSE,TRUE,TRUE,TRUE,FALSE,0.07926703061188971,8474027,4,15
2021020496,621,power-play,85,-10,FALSE,FALSE,TRUE,TRUE,TRUE,FALSE,0.11730771135512556,8474715,4,15
2021020496,623,power-play,51,-1,FALSE,FALSE,TRUE,FALSE,FALSE,FALSE,0,8473512,4,15
2021020496,624,power-play,75,2,FALSE,FALSE,TRUE,TRUE,TRUE,FALSE,0.21570692882029088,8474037,4,15
2021020496,625,power-play,54,9,FALSE,FALSE,TRUE,TRUE,TRUE,FALSE,0.0988781090891586,8473512,4,15
2021020496,626,power-play,67,8,FALSE,FALSE,TRUE,FALSE,FALSE,FALSE,0,8473512,4,15
2021020496,627,even-strength,48,2,FALSE,FALSE,TRUE,FALSE,FALSE,FALSE,0,8477948,4,15
2021020496,633,even-strength,76,6,FALSE,FALSE,TRUE,TRUE,TRUE,FALSE,0.10272961952298514,8478051,4,15
2021020496,635,even-strength,65,-17,FALSE,FALSE,TRUE,TRUE,TRUE,FALSE,0.03351869666942101,8476872,4,15
2021020496,637,even-strength,67,-6,FALSE,FALSE,TRUE,TRUE,TRUE,FALSE,0.10388758951991751,8478500,4,15
2021020496,638,even-strength,76,-9,FALSE,FALSE,TRUE,TRUE,FALSE,FALSE,0.09562371219638292,8478500,4,15
2021020496,641,even-strength,86,7,FALSE,FALSE,TRUE,FALSE,FALSE,FALSE,0,8479933,4,15
2021020496,642,even-strength,81,1,FALSE,FALSE,TRUE,TRUE,TRUE,TRUE,0.14666213212139326,8479933,4,15
2021020496,646,even-strength,87,16,FALSE,FALSE,TRUE,FALSE,FALSE,FALSE,0,8473512,4,15
2021020496,851,even-strength,60,18,FALSE,FALSE,TRUE,FALSE,FALSE,FALSE,0,8473512,4,15
2021020526,11,even-strength,52,33,FALSE,FALSE,TRUE,TRUE,TRUE,FALSE,0.01759808905470705,8480029,9,15
2021020526,14,even-strength,47,23,FALSE,FALSE,TRUE,FALSE,FALSE,FALSE,0,8477426,9,15
2021020526,15,even-strength,81,-19,FALSE,FALSE,TRUE,TRUE,FALSE,FALSE,0.04097271094003354,8480801,9,15
2021020526,18,penalty-kill,55,8,FALSE,FALSE,TRUE,TRUE,TRUE,TRUE,0.06293348693213852,8480029,9,15
2021020526,21,even-strength,61,22,FALSE,FALSE,TRUE,FALSE,FALSE,FALSE,0,8474589,9,15
2021020526,22,even-strength,68,1,TRUE,FALSE,TRUE,FALSE,FALSE,FALSE,0,8478469,9,15
2021020526,23,even-strength,76,26,FALSE,FALSE,TRUE,TRUE,FALSE,FALSE,0.02352409146295521,8474589,9,15
2021020526,24,even-strength,37,28,FALSE,FALSE,TRUE,TRUE,TRUE,FALSE,0.01376497926278691,8478469,9,15
2021020526,28,even-strength,76,2,FALSE,FALSE,TRUE,TRUE,FALSE,FALSE,0.15043114596772036,8478056,9,15
2021020526,30,even-strength,62,-20,FALSE,FALSE,TRUE,TRUE,TRUE,FALSE,0.04320472158257023,8480801,9,15
2021020526,32,even-strength,64,-24,FALSE,FALSE,TRUE,FALSE,FALSE,FALSE,0,8477015,9,15
2021020526,34,even-strength,33,-28,FALSE,FALSE,TRUE,TRUE,TRUE,FALSE,0.00978124037441776,8477384,9,15
2021020526,36,even-strength,39,31,FALSE,FALSE,TRUE,TRUE,TRUE,FALSE,0.01198934953638625,8478469,9,15
2021020526,39,even-strength,16,-4,FALSE,FALSE,TRUE,TRUE,TRUE,FALSE,0.00871366828765207,8474589,9,15
2021020526,40,even-strength,54,-25,FALSE,FALSE,TRUE,TRUE,TRUE,FALSE,0.01902575339974117,8478056,9,15
2021020526,41,even-strength,79,2,FALSE,TRUE,TRUE,TRUE,TRUE,FALSE,0.24840701127525475,8480448,9,15
2021020526,47,even-strength,84,-2,FALSE,FALSE,TRUE,TRUE,TRUE,TRUE,0.11340961665561984,8478874,9,15
2021020526,303,even-strength,55,-16,FALSE,FALSE,TRUE,FALSE,FALSE,FALSE,0,8478874,9,15
2021020526,304,even-strength,73,3,FALSE,FALSE,TRUE,TRUE,TRUE,FALSE,0.0902080404894004,8480801,9,15
2021020526,305,even-strength,55,-16,FALSE,FALSE,TRUE,TRUE,TRUE,FALSE,0.03403854877309211,8478469,9,15
2021020526,323,even-strength,37,5,TRUE,FALSE,TRUE,TRUE,FALSE,FALSE,0.04456772843656723,8480073,9,15
2021020526,328,even-strength,42,-31,FALSE,FALSE,TRUE,TRUE,TRUE,FALSE,0.01299902734684062,8478056,9,15
2021020526,329,even-strength,42,-1,FALSE,FALSE,TRUE,TRUE,TRUE,FALSE,0.03495982703953518,8479458,9,15
2021020526,338,even-strength,67,7,FALSE,FALSE,TRUE,TRUE,FALSE,FALSE,0.06445866288217132,8477015,9,15
2021020526,341,even-strength,35,-28,FALSE,FALSE,TRUE,TRUE,TRUE,FALSE,0.00967979096802945,8477384,9,15
2021020526,345,even-strength,84,8,FALSE,FALSE,TRUE,TRUE,TRUE,FALSE,0.06165355111030413,8480801,9,15
2021020526,348,power-play,59,-7,FALSE,FALSE,TRUE,FALSE,FALSE,FALSE,0,8480029,9,15
2021020526,349,power-play,67,-6,FALSE,FALSE,TRUE,FALSE,FALSE,FALSE,0,8480029,9,15
2021020526,458,even-strength,45,-24,FALSE,FALSE,TRUE,TRUE,FALSE,FALSE,0.01655054988684979,8482245,9,15
2021020526,501,power-play,51,-4,FALSE,FALSE,TRUE,TRUE,FALSE,FALSE,0.08220780745931408,8478469,9,15
2021020526,502,power-play,65,12,FALSE,FALSE,TRUE,FALSE,FALSE,FALSE,0,8482116,9,15
2021020526,503,power-play,80,6,FALSE,FALSE,TRUE,TRUE,FALSE,FALSE,0.16193002261373698,8482116,9,15
2021020526,504,power-play,36,0,FALSE,FALSE,TRUE,TRUE,TRUE,FALSE,0.04029566747452854,8478469,9,15
2021020526,505,power-play,77,-13,FALSE,TRUE,TRUE,TRUE,TRUE,FALSE,0.1422642832087599,8482245,9,15
2021020526,515,even-strength,39,-15,FALSE,FALSE,TRUE,TRUE,TRUE,FALSE,0.02317900506430524,8477384,9,15
2021020526,516,even-strength,80,3,FALSE,TRUE,TRUE,TRUE,TRUE,TRUE,0.25789911186453546,8480801,9,15
2021020526,521,even-strength,78,-1,FALSE,FALSE,TRUE,TRUE,TRUE,FALSE,0.13437921159656516,8480801,9,15
2021020526,532,even-strength,76,-3,FALSE,FALSE,TRUE,FALSE,FALSE,FALSE,0,8477426,9,15
2021020526,533,even-strength,34,12,FALSE,FALSE,TRUE,TRUE,TRUE,FALSE,0.0193450060724588,8474207,9,15
2021020526,534,even-strength,65,7,FALSE,FALSE,TRUE,TRUE,TRUE,FALSE,0.05391756254906748,8477482,9,15
2021020526,535,even-strength,76,-12,FALSE,TRUE,TRUE,TRUE,TRUE,FALSE,0.13261555768414215,8474589,9,15
2021020526,754,even-strength,16,3,FALSE,FALSE,TRUE,TRUE,TRUE,FALSE,0.01081298317935175,8478874,9,15
2021020526,756,even-strength,59,-11,FALSE,FALSE,TRUE,FALSE,FALSE,FALSE,0,8480073,9,15
2021020526,764,even-strength,65,-5,FALSE,FALSE,TRUE,TRUE,TRUE,TRUE,0.079672907429976,8477015,9,15
2021020526,765,even-strength,64,33,FALSE,FALSE,TRUE,TRUE,FALSE,FALSE,0.01981139190965373,8480029,9,15
2021020526,774,power-play,41,2,FALSE,FALSE,TRUE,TRUE,FALSE,FALSE,0.08731151401591128,8480073,9,15
2021020526,775,power-play,88,-6,FALSE,TRUE,TRUE,TRUE,FALSE,FALSE,0.33521309281692657,8480801,9,15
2021020526,776,power-play,79,6,FALSE,FALSE,TRUE,FALSE,FALSE,FALSE,0,8478874,9,15
2021020526,777,power-play,54,-14,FALSE,FALSE,TRUE,TRUE,FALSE,FALSE,0.05925192484400366,8476919,9,15
2021020526,778,power-play,51,-20,FALSE,FALSE,TRUE,TRUE,FALSE,FALSE,0.09353788823730032,8476919,9,15
2021020526,781,even-strength,67,23,FALSE,FALSE,TRUE,FALSE,FALSE,FALSE,0,8477426,9,15
2021020546,12,even-strength,56,10,TRUE,FALSE,TRUE,TRUE,TRUE,FALSE,0.07554027333863675,8478508,18,15
2021020546,13,even-strength,30,18,FALSE,FALSE,TRUE,TRUE,TRUE,FALSE,0.01360595102457687,8475218,18,15
2021020546,15,even-strength,34,-11,FALSE,FALSE,TRUE,TRUE,FALSE,FALSE,0.01634652946788421,8478851,18,15
2021020546,16,even-strength,35,-20,FALSE,FALSE,TRUE,TRUE,FALSE,FALSE,0.02045670467541244,8481577,18,15
2021020546,21,even-strength,78,3,FALSE,FALSE,TRUE,FALSE,FALSE,FALSE,0,8477446,18,15
2021020546,33,even-strength,24,-23,FALSE,FALSE,TRUE,TRUE,TRUE,FALSE,0.00742003610486419,8477446,18,15
2021020546,35,even-strength,66,7,FALSE,FALSE,TRUE,FALSE,FALSE,FALSE,0,8474697,18,15
2021020546,36,even-strength,77,0,FALSE,FALSE,TRUE,FALSE,FALSE,FALSE,0,8476988,18,15
2021020546,37,even-strength,39,0,FALSE,FALSE,TRUE,TRUE,TRUE,FALSE,0.02703366757074166,8476988,18,15
2021020546,38,even-strength,78,3,FALSE,FALSE,TRUE,FALSE,FALSE,FALSE,0,8474697,18,15
2021020546,40,even-strength,77,6,FALSE,FALSE,TRUE,FALSE,FALSE,FALSE,0,8475218,18,15
2021020546,41,even-strength,88,-11,FALSE,FALSE,TRUE,TRUE,TRUE,FALSE,0.06575847977399024,8481577,18,15
2021020546,46,even-strength,86,-18,FALSE,FALSE,TRUE,TRUE,FALSE,FALSE,0.05554075126539105,8475168,18,15
2021020546,208,even-strength,70,-27,FALSE,FALSE,TRUE,FALSE,FALSE,FALSE,0,8476988,18,15
2021020546,214,even-strength,71,-24,FALSE,FALSE,TRUE,TRUE,TRUE,FALSE,0.03046389592931918,8479661,18,15
2021020546,257,even-strength,81,1,FALSE,FALSE,TRUE,TRUE,TRUE,FALSE,0.14421516006707852,8475793,18,15
2021020546,267,even-strength,73,0,FALSE,FALSE,TRUE,TRUE,FALSE,FALSE,0.09751740499086184,8478508,18,15
2021020546,273,even-strength,82,-2,FALSE,TRUE,TRUE,TRUE,TRUE,TRUE,0.260309851303196,8478508,18,15
2021020546,275,even-strength,82,6,FALSE,FALSE,TRUE,TRUE,TRUE,FALSE,0.06210992894503839,8477446,18,15
2021020546,276,even-strength,84,8,FALSE,TRUE,TRUE,FALSE,FALSE,FALSE,0,8478508,18,15
2021020546,277,even-strength,18,3,FALSE,FALSE,TRUE,TRUE,TRUE,FALSE,0.00752869471004673,8474697,18,15
2021020546,279,even-strength,35,-18,FALSE,FALSE,TRUE,TRUE,FALSE,FALSE,0.02514764483292745,8481577,18,15
2021020546,289,even-strength,81,-5,FALSE,FALSE,TRUE,TRUE,TRUE,TRUE,0.06838727283830469,8479316,18,15
2021020546,292,even-strength,76,-8,FALSE,FALSE,TRUE,TRUE,TRUE,FALSE,0.08010626544133476,8476887,18,15
2021020546,294,even-strength,78,-2,FALSE,FALSE,TRUE,TRUE,TRUE,TRUE,0.09724371078918678,8476887,18,15
2021020546,298,even-strength,36,-3,TRUE,FALSE,TRUE,TRUE,FALSE,FALSE,0.0633013741229591,8477433,18,15
2021020546,299,even-strength,77,2,FALSE,FALSE,TRUE,FALSE,FALSE,FALSE,0,8475798,18,15
2021020546,457,even-strength,76,-26,FALSE,FALSE,TRUE,TRUE,TRUE,FALSE,0.08931988213828246,8480009,18,15
2021020546,459,even-strength,73,-2,FALSE,FALSE,TRUE,FALSE,FALSE,FALSE,0,8478851,18,15
2021020546,481,even-strength,69,7,FALSE,FALSE,TRUE,FALSE,FALSE,FALSE,0,8475798,18,15
2021020546,483,even-strength,31,28,FALSE,FALSE,TRUE,TRUE,FALSE,FALSE,0.01048789147873087,8477433,18,15
2021020546,487,even-strength,54,-36,FALSE,FALSE,TRUE,TRUE,TRUE,FALSE,0.0155829795352252,8475793,18,15
2021020546,492,even-strength,64,-17,FALSE,FALSE,TRUE,FALSE,FALSE,FALSE,0,8476887,18,15
2021020546,717,even-strength,41,5,FALSE,FALSE,TRUE,TRUE,TRUE,FALSE,0.05367210242008311,8479371,18,15
2021020546,721,power-play,76,0,FALSE,FALSE,TRUE,TRUE,FALSE,FALSE,0.1205140617917838,8475168,18,15
2021020546,724,even-strength,79,-7,FALSE,FALSE,TRUE,FALSE,FALSE,FALSE,0,8477446,18,15
2021020546,727,even-strength,64,-3,TRUE,FALSE,TRUE,FALSE,FALSE,FALSE,0,8479371,18,15
2021020546,728,even-strength,32,4,FALSE,FALSE,TRUE,TRUE,FALSE,FALSE,0.03137049427520399,8478851,18,15
2021020546,729,even-strength,47,-14,FALSE,FALSE,TRUE,TRUE,FALSE,FALSE,0.03520404273506834,8478851,18,15
2021020546,734,even-strength,48,6,FALSE,FALSE,TRUE,TRUE,TRUE,FALSE,0.02927178072674063,8478508,18,15
2021020546,735,even-strength,61,11,FALSE,FALSE,TRUE,TRUE,TRUE,FALSE,0.04111437341049497,8478508,18,15
2021020546,736,even-strength,73,-2,FALSE,TRUE,TRUE,TRUE,FALSE,FALSE,0.21571092788521223,8478508,18,15
2021020546,738,power-play,55,10,FALSE,FALSE,TRUE,FALSE,FALSE,FALSE,0,8475798,18,15
2021020546,782,power-play,84,-5,FALSE,TRUE,TRUE,TRUE,TRUE,FALSE,0.3075415375401451,8475793,18,15
2021020560,52,even-strength,57,18,FALSE,FALSE,TRUE,TRUE,TRUE,FALSE,0.04817248558003823,8479992,17,15
2021020560,53,even-strength,81,4,FALSE,TRUE,TRUE,TRUE,TRUE,FALSE,0.22742072810153552,8479992,17,15
2021020560,57,even-strength,70,-3,FALSE,FALSE,TRUE,TRUE,TRUE,FALSE,0.09766696303371412,8477952,17,15
2021020560,60,even-strength,85,7,FALSE,FALSE,TRUE,TRUE,TRUE,FALSE,0.08202216679951674,8476480,17,15
2021020560,61,even-strength,65,20,FALSE,FALSE,TRUE,TRUE,TRUE,FALSE,0.03555579581266042,8477215,17,15
2021020560,62,even-strength,80,-12,FALSE,FALSE,TRUE,FALSE,FALSE,FALSE,0,8476480,17,15
2021020560,64,even-strength,40,-33,FALSE,FALSE,TRUE,TRUE,TRUE,FALSE,0.01548723380547716,8479425,17,15
2021020560,65,even-strength,49,-18,FALSE,FALSE,TRUE,FALSE,FALSE,FALSE,0,8479425,17,15
2021020560,66,even-strength,71,5,FALSE,FALSE,TRUE,FALSE,FALSE,FALSE,0,8482078,17,15
2021020560,67,even-strength,59,-10,FALSE,FALSE,TRUE,TRUE,TRUE,FALSE,0.04796061757188688,8476480,17,15
2021020560,68,even-strength,64,13,FALSE,FALSE,TRUE,FALSE,FALSE,FALSE,0,8477215,17,15
2021020560,69,even-strength,78,6,FALSE,TRUE,TRUE,TRUE,TRUE,FALSE,0.2042417741988574,8477454,17,15
2021020560,70,even-strength,11,11,FALSE,FALSE,TRUE,TRUE,TRUE,FALSE,0.00388575457611324,8481542,17,15
2021020560,73,even-strength,62,-5,FALSE,FALSE,TRUE,TRUE,TRUE,FALSE,0.08339696348171069,8481542,17,15
2021020560,74,even-strength,33,-2,FALSE,FALSE,TRUE,TRUE,TRUE,FALSE,0.01916399931942764,8477215,17,15
2021020560,75,even-strength,50,9,FALSE,FALSE,TRUE,FALSE,FALSE,FALSE,0,8481542,17,15
2021020560,81,even-strength,52,20,FALSE,FALSE,TRUE,TRUE,FALSE,FALSE,0.03285518435939093,8479425,17,15
2021020560,83,even-strength,52,0,FALSE,FALSE,TRUE,FALSE,FALSE,FALSE,0,8480184,17,15
2021020560,84,even-strength,64,-9,FALSE,FALSE,TRUE,FALSE,FALSE,FALSE,0,8480821,17,15
2021020560,87,power-play,66,20,FALSE,FALSE,TRUE,TRUE,TRUE,FALSE,0.05685910004734727,8477946,17,15
2021020560,88,power-play,79,-10,FALSE,FALSE,TRUE,TRUE,TRUE,FALSE,0.08892224710349447,8480459,17,15
2021020560,89,even-strength,89,-4,FALSE,FALSE,TRUE,TRUE,TRUE,FALSE,0.04727009429082079,8474040,17,15
2021020560,90,even-strength,67,1,FALSE,TRUE,TRUE,TRUE,TRUE,TRUE,0.14926961660605506,8480459,17,15
2021020560,98,even-strength,78,15,FALSE,FALSE,TRUE,TRUE,FALSE,FALSE,0.04456693712809119,8477946,17,15
2021020560,358,power-play,63,7,FALSE,FALSE,TRUE,FALSE,FALSE,FALSE,0,8477946,17,15
2021020560,359,power-play,66,4,FALSE,FALSE,TRUE,FALSE,FALSE,FALSE,0,8477946,17,15
2021020560,360,power-play,75,1,FALSE,FALSE,TRUE,FALSE,FALSE,FALSE,0,8481542,17,15
2021020560,362,power-play,64,11,FALSE,FALSE,TRUE,TRUE,FALSE,FALSE,0.07685172761407248,8476480,17,15
2021020560,366,even-strength,66,-17,FALSE,FALSE,TRUE,FALSE,FALSE,FALSE,0,8482078,17,15
2021020560,368,penalty-kill,30,-15,FALSE,FALSE,TRUE,TRUE,TRUE,FALSE,0.042519462952412,8474040,17,15
2021020560,375,even-strength,58,-7,FALSE,FALSE,TRUE,TRUE,TRUE,FALSE,0.05831391871649137,8477946,17,15
2021020560,376,even-strength,80,-4,FALSE,FALSE,TRUE,FALSE,FALSE,FALSE,0,8482078,17,15
2021020560,380,even-strength,73,-9,FALSE,FALSE,TRUE,FALSE,FALSE,FALSE,0,8480184,17,15
2021020560,381,even-strength,79,-2,FALSE,FALSE,TRUE,FALSE,FALSE,FALSE,0,8477215,17,15
2021020560,389,even-strength,71,6,FALSE,FALSE,TRUE,FALSE,FALSE,FALSE,0,8477952,17,15
2021020560,395,penalty-kill,-36,-26,FALSE,FALSE,TRUE,TRUE,TRUE,FALSE,0.00262461703537741,8479425,17,15
2021020560,397,even-strength,84,-9,FALSE,FALSE,TRUE,TRUE,FALSE,FALSE,0.08938045474527569,8477479,17,15
2021020560,398,even-strength,37,-4,FALSE,FALSE,TRUE,TRUE,FALSE,FALSE,0.03316611362277197,8481542,17,15
2021020560,399,even-strength,75,6,FALSE,FALSE,TRUE,TRUE,TRUE,FALSE,0.09419778688047883,8477946,17,15
2021020560,602,power-play,42,4,FALSE,FALSE,TRUE,TRUE,TRUE,FALSE,0.04458704782398417,8481542,17,15
2021020578,13,even-strength,57,-19,FALSE,FALSE,TRUE,TRUE,TRUE,FALSE,0.03880871848481849,8479407,1,15
2021020578,14,even-strength,68,19,FALSE,FALSE,TRUE,FALSE,FALSE,FALSE,0,8479511,1,15
2021020578,15,even-strength,72,9,FALSE,FALSE,TRUE,FALSE,FALSE,FALSE,0,8477341,1,15
2021020578,17,even-strength,59,0,FALSE,FALSE,TRUE,FALSE,FALSE,FALSE,0,8478401,1,15
2021020578,18,even-strength,55,-15,FALSE,FALSE,TRUE,TRUE,TRUE,FALSE,0.03253093334246593,8478401,1,15
2021020578,22,even-strength,65,30,FALSE,FALSE,TRUE,TRUE,FALSE,FALSE,0.02673325316039954,8481559,1,15
2021020578,24,even-strength,58,-2,FALSE,FALSE,TRUE,FALSE,FALSE,FALSE,0,8479407,1,15
2021020578,26,even-strength,84,-6,FALSE,FALSE,TRUE,TRUE,TRUE,FALSE,0.0924943973679456,8481068,1,15
2021020578,35,even-strength,67,27,FALSE,FALSE,TRUE,TRUE,TRUE,FALSE,0.03940549699141715,8480002,1,15
2021020578,38,even-strength,75,20,FALSE,FALSE,TRUE,TRUE,TRUE,FALSE,0.04198127580539757,8481559,1,15
2021020578,39,even-strength,81,-1,FALSE,TRUE,TRUE,TRUE,TRUE,TRUE,0.31992434413518595,8481068,1,15
2021020578,41,even-strength,84,14,FALSE,FALSE,TRUE,TRUE,TRUE,TRUE,0.03902314688542384,8476923,1,15
2021020578,42,even-strength,76,4,FALSE,FALSE,TRUE,FALSE,FALSE,FALSE,0,8478399,1,15
2021020578,47,even-strength,60,-13,FALSE,FALSE,TRUE,FALSE,FALSE,FALSE,0,8476923,1,15
2021020578,49,even-strength,80,7,FALSE,FALSE,TRUE,TRUE,TRUE,FALSE,0.08061306505175117,8479511,1,15
2021020578,201,even-strength,39,26,FALSE,FALSE,TRUE,TRUE,TRUE,FALSE,0.01954488865297066,8477435,1,15
2021020578,205,even-strength,78,-14,FALSE,FALSE,TRUE,TRUE,TRUE,FALSE,0.06033552263047717,8480226,1,15
2021020578,206,even-strength,59,-27,FALSE,FALSE,TRUE,TRUE,TRUE,FALSE,0.02577472245926239,8479414,1,15
2021020578,209,even-strength,76,-16,FALSE,FALSE,TRUE,FALSE,FALSE,FALSE,0,8482110,1,15
2021020578,211,even-strength,86,5,FALSE,FALSE,TRUE,FALSE,FALSE,FALSE,0,8481068,1,15
2021020578,213,even-strength,78,3,FALSE,FALSE,TRUE,TRUE,TRUE,FALSE,0.16125321197059028,8479407,1,15
2021020578,216,even-strength,78,-2,FALSE,FALSE,TRUE,TRUE,FALSE,FALSE,0.11078921852621595,8479414,1,15
2021020578,219,even-strength,55,2,FALSE,FALSE,TRUE,TRUE,FALSE,FALSE,0.06432675757280165,8479407,1,15
2021020578,233,even-strength,74,19,FALSE,FALSE,TRUE,TRUE,TRUE,FALSE,0.04508513843446084,8478401,1,15
2021020578,234,even-strength,33,35,FALSE,FALSE,TRUE,TRUE,FALSE,FALSE,0.00614551505842483,8478399,1,15
2021020578,235,even-strength,75,-12,FALSE,TRUE,TRUE,TRUE,TRUE,TRUE,0.1387645457988839,8480002,1,15
2021020578,239,power-play,66,-9,FALSE,FALSE,TRUE,FALSE,FALSE,FALSE,0,8476923,1,15
2021020578,241,power-play,40,-1,FALSE,FALSE,TRUE,TRUE,TRUE,FALSE,0.06163317374301617,8480883,1,15
2021020578,243,even-strength,36,0,FALSE,FALSE,TRUE,TRUE,TRUE,FALSE,0.02676733550177122,8474056,1,15
2021020578,244,even-strength,35,-33,FALSE,FALSE,TRUE,TRUE,FALSE,FALSE,0.01121021746530765,8474056,1,15
2021020578,245,even-strength,84,8,TRUE,FALSE,TRUE,TRUE,FALSE,FALSE,0.0706168200549733,8480226,1,15
2021020578,246,even-strength,36,-27,FALSE,TRUE,TRUE,TRUE,TRUE,FALSE,0.03957295692531275,8474056,1,15
2021020578,403,even-strength,8,35,FALSE,FALSE,TRUE,TRUE,TRUE,FALSE,0.00290319817818321,8477435,1,15
2021020578,404,even-strength,85,7,FALSE,FALSE,TRUE,TRUE,TRUE,FALSE,0.0723927087098173,8481068,1,15
2021020578,405,even-strength,70,0,FALSE,FALSE,TRUE,FALSE,FALSE,FALSE,0,8474056,1,15
2021020578,407,even-strength,84,23,FALSE,FALSE,TRUE,TRUE,FALSE,FALSE,0.03021356860120024,8480002,1,15
2021020578,408,even-strength,54,-22,FALSE,FALSE,TRUE,TRUE,TRUE,FALSE,0.02931679930839996,8480002,1,15
2021020578,409,even-strength,33,25,FALSE,TRUE,TRUE,TRUE,TRUE,FALSE,0.02947398487570544,8480883,1,15
2021020578,412,even-strength,61,-28,FALSE,FALSE,TRUE,TRUE,FALSE,FALSE,0.02471668904974326,8479415,1,15
2021020578,417,penalty-kill,52,19,FALSE,FALSE,TRUE,TRUE,TRUE,FALSE,0.06817606272922594,8479415,1,15
2021020578,419,penalty-kill,58,6,FALSE,FALSE,TRUE,TRUE,TRUE,FALSE,0.08051956206642316,8479511,1,15
2021020578,420,even-strength,65,-11,FALSE,FALSE,TRUE,FALSE,FALSE,FALSE,0,8478399,1,15
2021020578,422,even-strength,34,1,FALSE,FALSE,TRUE,TRUE,FALSE,FALSE,0.01985957207232677,8478399,1,15
2021020578,428,even-strength,55,23,FALSE,FALSE,TRUE,TRUE,TRUE,FALSE,0.02885725055061151,8480003,1,15
2021020578,443,even-strength,58,16,FALSE,FALSE,TRUE,TRUE,TRUE,FALSE,0.03330437649150033,8479511,1,15
2021020578,444,even-strength,69,-17,FALSE,FALSE,TRUE,TRUE,TRUE,FALSE,0.03640407329414633,8482110,1,15
2021020578,447,even-strength,36,-22,FALSE,FALSE,TRUE,TRUE,TRUE,FALSE,0.01304002524447251,8474056,1,15
2021020578,553,even-strength,67,13,FALSE,FALSE,TRUE,TRUE,TRUE,FALSE,0.05101492680539982,8478399,1,15
2021020578,554,even-strength,36,-22,FALSE,FALSE,TRUE,TRUE,TRUE,FALSE,0.01241805781339357,8474056,1,15
2021020578,555,even-strength,56,20,FALSE,FALSE,TRUE,TRUE,TRUE,FALSE,0.02438139629858779,8478399,1,15
2021020578,559,even-strength,72,25,FALSE,FALSE,TRUE,TRUE,TRUE,FALSE,0.03295080399093729,8482110,1,15
2021020578,561,even-strength,48,-1,FALSE,FALSE,TRUE,TRUE,FALSE,FALSE,0.0424069468780681,8476923,1,15
2021020578,565,even-strength,70,-2,TRUE,FALSE,TRUE,FALSE,FALSE,FALSE,0,8480883,1,15
2021020578,566,even-strength,49,1,FALSE,FALSE,TRUE,TRUE,TRUE,FALSE,0.04398881690596166,8480003,1,15
2021020578,571,even-strength,77,22,FALSE,FALSE,TRUE,TRUE,TRUE,FALSE,0.03807331236210886,8477341,1,15
2021020578,575,even-strength,67,3,FALSE,FALSE,TRUE,FALSE,FALSE,FALSE,0,8481559,1,15
2021020578,587,even-strength,38,6,FALSE,FALSE,TRUE,TRUE,TRUE,FALSE,0.0186372886425024,8474056,1,15
2021020578,592,even-strength,69,2,FALSE,FALSE,TRUE,FALSE,FALSE,FALSE,0,8474056,1,15
2021020578,804,even-strength,47,1,FALSE,FALSE,TRUE,TRUE,TRUE,FALSE,0.10610526185072285,8481068,1,15
2021020578,807,even-strength,53,-23,FALSE,FALSE,TRUE,TRUE,TRUE,FALSE,0.05545357003827665,8478401,1,15
2021020578,809,even-strength,68,-16,FALSE,FALSE,TRUE,TRUE,TRUE,TRUE,0.08626915346301789,8480002,1,15
2021020587,105,even-strength,35,-12,FALSE,FALSE,TRUE,TRUE,TRUE,FALSE,0.02726047216427575,8481014,8,15
2021020587,108,even-strength,65,10,FALSE,FALSE,TRUE,TRUE,TRUE,FALSE,0.04853280326732007,8475726,8,15
2021020587,109,even-strength,65,-22,FALSE,FALSE,TRUE,TRUE,FALSE,FALSE,0.02727791782049731,8476981,8,15
2021020587,115,even-strength,78,-11,FALSE,FALSE,TRUE,TRUE,TRUE,FALSE,0.05764934083546814,8480068,8,15
2021020587,121,penalty-kill,31,-29,FALSE,FALSE,TRUE,TRUE,TRUE,FALSE,0.01319169194608777,8473507,8,15
2021020587,122,penalty-kill,59,28,FALSE,FALSE,TRUE,TRUE,TRUE,FALSE,0.00237687397939293,8474038,8,15
2021020587,138,even-strength,83,9,FALSE,TRUE,TRUE,TRUE,TRUE,FALSE,0.16284507142423102,8480068,8,15
2021020587,139,even-strength,80,1,FALSE,FALSE,TRUE,FALSE,FALSE,FALSE,0,8481540,8,15
2021020587,140,even-strength,51,7,TRUE,FALSE,TRUE,TRUE,TRUE,FALSE,0.08463209754199293,8477476,8,15
2021020587,142,even-strength,56,-15,FALSE,FALSE,TRUE,FALSE,FALSE,FALSE,0,8475726,8,15
2021020587,144,even-strength,58,21,TRUE,FALSE,TRUE,FALSE,FALSE,FALSE,0,8474884,8,15
2021020587,146,even-strength,89,14,FALSE,FALSE,TRUE,TRUE,TRUE,FALSE,0.05569636594989162,8480018,8,15
2021020587,148,even-strength,46,6,FALSE,FALSE,TRUE,TRUE,FALSE,FALSE,0.03174271248086696,8481014,8,15
2021020587,149,even-strength,82,10,FALSE,FALSE,TRUE,TRUE,TRUE,FALSE,0.09271816889631364,8478133,8,15
2021020587,251,even-strength,4,-5,FALSE,FALSE,TRUE,TRUE,TRUE,FALSE,0.00476848504049128,8474884,8,15
2021020587,255,even-strength,74,35,FALSE,FALSE,TRUE,FALSE,FALSE,FALSE,0,8475726,8,15
2021020587,257,even-strength,40,24,FALSE,FALSE,TRUE,TRUE,TRUE,FALSE,0.01193888176351616,8473507,8,15
2021020587,263,even-strength,65,-2,FALSE,FALSE,TRUE,FALSE,FALSE,FALSE,0,8481540,8,15
2021020587,265,even-strength,78,0,FALSE,FALSE,TRUE,TRUE,TRUE,FALSE,0.13568432998466018,8480018,8,15
2021020587,268,even-strength,46,28,FALSE,FALSE,TRUE,TRUE,TRUE,FALSE,0.01625487317188153,8479348,8,15
2021020587,269,even-strength,84,4,FALSE,TRUE,TRUE,TRUE,TRUE,TRUE,0.2131687690047213,8479514,8,15
2021020587,272,even-strength,50,0,TRUE,FALSE,TRUE,FALSE,FALSE,FALSE,0,8475279,8,15
2021020587,273,even-strength,57,17,FALSE,FALSE,TRUE,TRUE,TRUE,FALSE,0.0310148000309568,8476469,8,15
2021020587,274,even-strength,35,34,FALSE,FALSE,TRUE,TRUE,TRUE,FALSE,0.00636019457075095,8481014,8,15
2021020587,276,even-strength,46,-36,FALSE,FALSE,TRUE,TRUE,TRUE,FALSE,0.01395964781223033,8475848,8,15
2021020587,282,power-play,58,-25,FALSE,FALSE,TRUE,TRUE,TRUE,FALSE,0.06905664226801858,8479514,8,15
2021020587,283,power-play,52,-1,FALSE,FALSE,TRUE,FALSE,FALSE,FALSE,0,8473507,8,15
2021020587,284,even-strength,54,-33,FALSE,FALSE,TRUE,TRUE,TRUE,FALSE,0.03306762268769294,8480018,8,15
2021020587,293,penalty-kill,61,0,FALSE,FALSE,TRUE,TRUE,TRUE,FALSE,0.12674757833248873,8474038,8,15
2021020587,296,even-strength,80,0,FALSE,FALSE,TRUE,TRUE,TRUE,FALSE,0.181254209848315,8476981,8,15
2021020587,297,even-strength,79,7,FALSE,TRUE,TRUE,TRUE,TRUE,FALSE,0.2109106606994635,8479514,8,15
2021020587,298,even-strength,38,-5,FALSE,FALSE,TRUE,TRUE,TRUE,FALSE,0.03840192582345183,8476981,8,15
2021020587,551,power-play,38,-5,FALSE,FALSE,TRUE,TRUE,TRUE,FALSE,0.08220844011770406,8475227,8,15
2021020587,552,power-play,81,9,FALSE,FALSE,TRUE,TRUE,TRUE,TRUE,0.07871277223180553,8481540,8,15
2021020587,553,even-strength,64,19,FALSE,FALSE,TRUE,TRUE,TRUE,FALSE,0.03785415182608449,8474038,8,15
2021020587,554,even-strength,68,19,FALSE,TRUE,TRUE,TRUE,TRUE,FALSE,0.10433878494390604,8474038,8,15
2021020587,555,even-strength,83,7,FALSE,FALSE,TRUE,TRUE,FALSE,FALSE,0.05655730765004973,8479514,8,15
2021020587,556,even-strength,65,5,FALSE,FALSE,TRUE,FALSE,FALSE,FALSE,0,8475726,8,15
2021020587,557,even-strength,80,-29,FALSE,FALSE,TRUE,TRUE,TRUE,FALSE,0.02747052980386822,8475848,8,15
2021020587,561,even-strength,70,-3,FALSE,FALSE,TRUE,FALSE,FALSE,FALSE,0,8475279,8,15
2021020587,562,even-strength,62,-18,FALSE,TRUE,TRUE,TRUE,TRUE,FALSE,0.11309822072384394,8480018,8,15
2021020587,563,even-strength,64,32,FALSE,FALSE,TRUE,TRUE,TRUE,FALSE,0.03283716832684905,8475279,8,15
2021020587,564,even-strength,63,-10,TRUE,FALSE,TRUE,TRUE,FALSE,FALSE,0.06769631965759831,8475848,8,15
2021020587,565,even-strength,68,23,FALSE,FALSE,TRUE,TRUE,TRUE,FALSE,0.0295444510459076,8475279,8,15
2021020587,566,even-strength,58,19,TRUE,FALSE,TRUE,TRUE,TRUE,FALSE,0.03452112998737219,8475279,8,15
2021020587,568,even-strength,70,-24,FALSE,FALSE,TRUE,TRUE,TRUE,FALSE,0.05046962102224107,8476981,8,15
2021020587,569,power-play,82,-8,FALSE,FALSE,TRUE,TRUE,FALSE,FALSE,0.1188276293709458,8474884,8,15
2021020587,571,even-strength,85,-5,FALSE,TRUE,TRUE,TRUE,TRUE,FALSE,0.2113954966648023,8479514,8,15
2021020587,572,even-strength,84,-5,FALSE,TRUE,TRUE,FALSE,FALSE,FALSE,0,8479514,8,15
2021020587,577,even-strength,70,18,FALSE,FALSE,TRUE,TRUE,TRUE,FALSE,0.03877233985568835,8480068,8,15
2021020587,578,even-strength,90,4,FALSE,TRUE,TRUE,TRUE,TRUE,FALSE,0.122298964870114,8476469,8,15
2021020587,581,power-play,68,-30,FALSE,FALSE,TRUE,TRUE,TRUE,FALSE,0.04945275229148539,8481540,8,15
2021020587,584,even-strength,58,-28,FALSE,FALSE,TRUE,TRUE,TRUE,FALSE,0.0564890198485448,8476981,8,15
2021020587,586,even-strength,75,-33,FALSE,FALSE,TRUE,TRUE,FALSE,FALSE,0.01753824569041355,8476469,8,15
2021020587,587,even-strength,68,17,FALSE,FALSE,TRUE,FALSE,FALSE,FALSE,0,8478133,8,15
2021020587,588,even-strength,32,26,FALSE,FALSE,TRUE,TRUE,TRUE,FALSE,0.00999430176666107,8475279,8,15
2021020587,592,even-strength,64,-10,FALSE,FALSE,TRUE,FALSE,FALSE,FALSE,0,8475279,8,15
2021020587,597,even-strength,75,-23,FALSE,FALSE,TRUE,TRUE,FALSE,FALSE,0.0357738445970038,8478133,8,15
2021020587,598,even-strength,56,26,FALSE,FALSE,TRUE,FALSE,FALSE,FALSE,0,8478133,8,15
2021020587,599,even-strength,44,26,FALSE,FALSE,TRUE,TRUE,TRUE,FALSE,0.01685896417187866,8481014,8,15
2021020587,901,even-strength,61,11,TRUE,FALSE,TRUE,TRUE,TRUE,FALSE,0.08651224107999855,8480018,8,15
2021020587,902,even-strength,59,-27,TRUE,FALSE,TRUE,TRUE,FALSE,FALSE,0.04937091721270008,8475227,8,15
2021020587,903,even-strength,86,23,TRUE,FALSE,TRUE,TRUE,TRUE,FALSE,0.09297002455017682,8480018,8,15
2021020587,905,even-strength,44,-28,FALSE,FALSE,TRUE,FALSE,FALSE,FALSE,0,8473507,8,15
2021020587,906,even-strength,51,-14,FALSE,FALSE,TRUE,FALSE,FALSE,FALSE,0,8473507,8,15
2021020587,907,even-strength,60,-37,FALSE,FALSE,TRUE,TRUE,TRUE,FALSE,0.02426641598140115,8475848,8,15
2021020587,908,even-strength,68,-12,TRUE,FALSE,TRUE,TRUE,FALSE,FALSE,0.10543608085449324,8477476,8,15
2021020587,910,even-strength,55,-33,FALSE,FALSE,TRUE,TRUE,TRUE,FALSE,0.03517279465507205,8479514,8,15
2021020613,57,even-strength,65,-3,FALSE,FALSE,TRUE,TRUE,TRUE,FALSE,0.10343093392470264,8477964,19,15
2021020613,58,even-strength,82,-9,TRUE,FALSE,TRUE,TRUE,TRUE,FALSE,0.08057821392045374,8476897,19,15
2021020613,68,even-strength,78,0,FALSE,FALSE,TRUE,TRUE,TRUE,FALSE,0.11626068100497246,8477964,19,15
2021020613,77,even-strength,75,-16,FALSE,FALSE,TRUE,FALSE,FALSE,FALSE,0,8474102,19,15
2021020613,82,even-strength,70,-14,TRUE,FALSE,TRUE,TRUE,TRUE,FALSE,0.11698238105587284,8479385,19,15
2021020613,83,even-strength,64,16,FALSE,FALSE,TRUE,TRUE,TRUE,TRUE,0.04112342587781428,8476792,19,15
2021020613,86,even-strength,56,-30,FALSE,FALSE,TRUE,TRUE,FALSE,FALSE,0.0173519995975311,8476892,19,15
2021020613,88,even-strength,72,-12,FALSE,FALSE,TRUE,FALSE,FALSE,FALSE,0,8475753,19,15
2021020613,89,even-strength,67,-8,TRUE,FALSE,TRUE,FALSE,FALSE,FALSE,0,8475098,19,15
2021020613,91,even-strength,36,1,FALSE,FALSE,TRUE,TRUE,TRUE,FALSE,0.02104691309575633,8475753,19,15
2021020613,93,even-strength,81,14,FALSE,FALSE,TRUE,TRUE,TRUE,FALSE,0.04464543202714367,8476792,19,15
2021020613,94,even-strength,38,29,FALSE,FALSE,TRUE,TRUE,TRUE,FALSE,0.02325745875052364,8478859,19,15
2021020613,95,even-strength,51,25,FALSE,FALSE,TRUE,FALSE,FALSE,FALSE,0,8478859,19,15
2021020613,96,even-strength,66,-12,TRUE,FALSE,TRUE,TRUE,TRUE,FALSE,0.06981999238862735,8475158,19,15
2021020613,98,even-strength,50,-4,FALSE,FALSE,TRUE,TRUE,FALSE,FALSE,0.03852306356446298,8476897,19,15
2021020613,100,even-strength,42,30,FALSE,FALSE,TRUE,TRUE,TRUE,FALSE,0.02096043788562566,8478859,19,15
2021020613,265,power-play,64,-18,FALSE,FALSE,TRUE,TRUE,FALSE,FALSE,0.07432035509997294,8475170,19,15
2021020613,266,power-play,35,-4,TRUE,FALSE,TRUE,TRUE,FALSE,FALSE,0.07102640420934273,8476792,19,15
2021020613,270,even-strength,48,18,FALSE,FALSE,TRUE,FALSE,FALSE,FALSE,0,8478859,19,15
2021020613,274,even-strength,61,2,FALSE,FALSE,TRUE,TRUE,TRUE,TRUE,0.08935988254043338,8477402,19,15
2021020613,278,even-strength,58,-12,FALSE,FALSE,TRUE,TRUE,TRUE,FALSE,0.04877997024892884,8479385,19,15
2021020613,281,even-strength,42,15,FALSE,FALSE,TRUE,TRUE,TRUE,FALSE,0.02661456315839882,8476792,19,15
2021020613,283,even-strength,70,-11,FALSE,FALSE,TRUE,FALSE,FALSE,FALSE,0,8474102,19,15
2021020613,289,even-strength,39,-26,FALSE,FALSE,TRUE,TRUE,TRUE,FALSE,0.02383410010358283,8475753,19,15
2021020613,290,even-strength,63,2,FALSE,TRUE,TRUE,TRUE,TRUE,TRUE,0.18039365408757957,8476897,19,15
2021020613,292,even-strength,65,-11,FALSE,FALSE,TRUE,TRUE,FALSE,FALSE,0.07251364565264357,8476438,19,15
2021020613,295,even-strength,52,11,TRUE,FALSE,TRUE,TRUE,TRUE,TRUE,0.04930851854420896,8477964,19,15
2021020680,12,even-strength,37,-31,FALSE,FALSE,TRUE,TRUE,TRUE,FALSE,0.00901967851856964,8474574,23,15
2021020680,13,even-strength,57,3,TRUE,FALSE,TRUE,TRUE,TRUE,FALSE,0.10266357298576248,8476871,23,15
2021020680,16,even-strength,56,10,FALSE,FALSE,TRUE,FALSE,FALSE,FALSE,0,8481617,23,15
2021020680,21,even-strength,43,17,FALSE,FALSE,TRUE,TRUE,FALSE,FALSE,0.02706612209393637,8477353,23,15
2021020680,22,even-strength,81,15,FALSE,FALSE,TRUE,TRUE,TRUE,FALSE,0.04221385392638426,8478146,23,15
2021020680,26,even-strength,56,0,FALSE,FALSE,TRUE,TRUE,TRUE,FALSE,0.07115833100273114,8475163,23,15
2021020680,27,even-strength,85,18,FALSE,FALSE,TRUE,FALSE,FALSE,FALSE,0,8481617,23,15
2021020680,28,even-strength,87,-30,FALSE,FALSE,TRUE,TRUE,TRUE,FALSE,0.02006721995506163,8474574,23,15
2021020680,31,even-strength,56,-6,FALSE,FALSE,TRUE,TRUE,FALSE,FALSE,0.04638920016615083,8477500,23,15
2021020680,32,even-strength,84,-5,FALSE,FALSE,TRUE,TRUE,TRUE,FALSE,0.0776951122744138,8476468,23,15
2021020680,33,even-strength,68,9,FALSE,TRUE,TRUE,FALSE,FALSE,FALSE,0,8478444,23,15
2021020680,34,even-strength,61,-16,FALSE,FALSE,TRUE,TRUE,TRUE,FALSE,0.03919228872075535,8478444,23,15
2021020680,36,even-strength,60,18,FALSE,FALSE,TRUE,TRUE,FALSE,FALSE,0.03310218926497575,8477353,23,15
2021020680,202,even-strength,64,-17,FALSE,FALSE,TRUE,TRUE,TRUE,FALSE,0.05816601974042023,8476468,23,15
2021020680,203,even-strength,72,3,FALSE,FALSE,TRUE,FALSE,FALSE,FALSE,0,8480800,23,15
2021020680,204,even-strength,75,2,FALSE,TRUE,TRUE,FALSE,FALSE,FALSE,0,8476468,23,15
2021020680,205,even-strength,61,-17,FALSE,FALSE,TRUE,TRUE,FALSE,FALSE,0.03994057728656639,8477500,23,15
2021020680,213,even-strength,59,-15,FALSE,FALSE,TRUE,TRUE,FALSE,FALSE,0.0439055076922832,8478444,23,15
2021020680,215,even-strength,34,16,FALSE,FALSE,TRUE,TRUE,TRUE,FALSE,0.01362266815869358,8475171,23,15
2021020680,216,even-strength,68,30,FALSE,TRUE,TRUE,TRUE,TRUE,FALSE,0.06041102972174481,8477353,23,15
2021020680,217,even-strength,32,34,FALSE,FALSE,TRUE,TRUE,TRUE,FALSE,0.00675577181849864,8475171,23,15
2021020680,220,even-strength,76,4,FALSE,FALSE,TRUE,FALSE,FALSE,FALSE,0,8475171,23,15
2021020680,221,even-strength,68,8,FALSE,FALSE,TRUE,TRUE,TRUE,FALSE,0.04299296513152899,8476871,23,15
2021020680,222,even-strength,82,-3,FALSE,TRUE,TRUE,TRUE,FALSE,FALSE,0.25478330252343523,8476871,23,15
2021020680,224,even-strength,77,-5,FALSE,TRUE,TRUE,TRUE,TRUE,FALSE,0.19009964594994727,8480012,23,15
2021020680,225,even-strength,31,2,FALSE,FALSE,TRUE,TRUE,TRUE,FALSE,0.01323698244489391,8478444,23,15
2021020680,234,power-play,69,-11,FALSE,FALSE,TRUE,TRUE,TRUE,TRUE,0.08201763690216761,8480012,23,15
2021020680,236,even-strength,71,-12,FALSE,FALSE,TRUE,FALSE,FALSE,FALSE,0,8481535,23,15
2021020680,243,even-strength,35,21,FALSE,FALSE,TRUE,TRUE,FALSE,FALSE,0.01616815481875253,8480800,23,15
2021020680,244,even-strength,74,1,FALSE,FALSE,TRUE,FALSE,FALSE,FALSE,0,8475171,23,15
2021020680,245,even-strength,68,-39,FALSE,FALSE,TRUE,TRUE,FALSE,FALSE,0.01590979091526284,8481535,23,15
2021020680,246,even-strength,91,-9,FALSE,TRUE,TRUE,TRUE,TRUE,TRUE,0.14838208730413074,8480012,23,15
2021020680,248,even-strength,70,-17,FALSE,FALSE,TRUE,FALSE,FALSE,FALSE,0,8478444,23,15
2021020680,249,even-strength,46,-30,FALSE,FALSE,TRUE,TRUE,TRUE,FALSE,0.01978833645795831,8474568,23,15
2021020680,250,even-strength,56,-1,FALSE,TRUE,TRUE,TRUE,FALSE,FALSE,0.13047826666536808,8480800,23,15
2021020680,351,even-strength,85,-3,FALSE,TRUE,TRUE,TRUE,TRUE,FALSE,0.21415686876218537,8476468,23,15
2021020680,352,even-strength,47,-23,FALSE,FALSE,TRUE,FALSE,FALSE,FALSE,0,8474574,23,15
2021020680,353,even-strength,85,-22,FALSE,TRUE,TRUE,TRUE,TRUE,FALSE,0.08503632892781876,8474574,23,15
2021020680,354,even-strength,47,-5,FALSE,FALSE,TRUE,FALSE,FALSE,FALSE,0,8474568,23,15
2021020680,359,even-strength,82,-8,FALSE,TRUE,TRUE,TRUE,TRUE,FALSE,0.1433952225667566,8480012,23,15
2021020680,360,even-strength,81,-4,FALSE,FALSE,TRUE,FALSE,FALSE,FALSE,0,8474574,23,15
2021020680,362,even-strength,80,0,FALSE,FALSE,TRUE,FALSE,FALSE,FALSE,0,8475171,23,15
2021020680,363,power-play,86,-6,FALSE,FALSE,TRUE,TRUE,FALSE,FALSE,0.08601604388602087,8478146,23,15
2021020680,552,even-strength,72,-15,FALSE,FALSE,TRUE,TRUE,TRUE,FALSE,0.06304141237109061,8475163,23,15
2021020680,553,even-strength,82,-6,FALSE,TRUE,TRUE,TRUE,TRUE,FALSE,0.1775103189133856,8477450,23,15
2021020680,560,even-strength,38,9,FALSE,FALSE,TRUE,TRUE,FALSE,FALSE,0.02379590883030754,8476468,23,15
2021020680,568,even-strength,74,11,FALSE,FALSE,TRUE,FALSE,FALSE,FALSE,0,8476468,23,15
2021020680,574,even-strength,73,-2,FALSE,FALSE,TRUE,TRUE,FALSE,FALSE,0.07990682963721531,8476468,23,15
2021020680,575,even-strength,51,-30,FALSE,FALSE,TRUE,TRUE,TRUE,FALSE,0.01851047889162675,8478444,23,15
2021020680,577,even-strength,83,-20,FALSE,FALSE,TRUE,TRUE,FALSE,FALSE,0.04740015933207223,8480800,23,15
2021020680,578,even-strength,55,6,FALSE,FALSE,TRUE,FALSE,FALSE,FALSE,0,8477353,23,15
2021020680,581,power-play,-96,-7,FALSE,FALSE,TRUE,TRUE,FALSE,FALSE,0.00105264413739993,8477500,23,15
2021020680,582,power-play,64,-13,FALSE,FALSE,TRUE,TRUE,FALSE,FALSE,0.0629389560620283,8480012,23,15
2021020680,583,power-play,60,11,FALSE,FALSE,TRUE,TRUE,TRUE,TRUE,0.08925418094146777,8477500,23,15
2021020680,594,even-strength,68,14,FALSE,FALSE,TRUE,FALSE,FALSE,FALSE,0,8481617,23,15
2021020680,600,even-strength,69,-15,FALSE,FALSE,TRUE,FALSE,FALSE,FALSE,0,8476468,23,15
2021020680,753,even-strength,60,9,TRUE,FALSE,TRUE,TRUE,TRUE,FALSE,0.12812553082398645,8477353,23,15
2021020680,758,penalty-kill,-97,11,FALSE,FALSE,TRUE,TRUE,TRUE,FALSE,2.3088933504461569e-4,8475171,23,15
2021020680,762,power-play,68,3,FALSE,FALSE,TRUE,TRUE,TRUE,FALSE,0.1019478707320425,8477500,23,15
2021020680,763,power-play,70,-15,FALSE,FALSE,TRUE,FALSE,FALSE,FALSE,0,8480012,23,15
2021020680,764,even-strength,51,2,FALSE,FALSE,TRUE,TRUE,TRUE,FALSE,0.04486095387939178,8474574,23,15
2021020680,765,even-strength,68,-13,FALSE,FALSE,TRUE,TRUE,TRUE,FALSE,0.04957961174293888,8481535,23,15
2021020680,777,even-strength,61,-17,FALSE,FALSE,TRUE,TRUE,TRUE,FALSE,0.04737446689009213,8477353,23,15
2021020680,779,even-strength,60,26,FALSE,FALSE,TRUE,FALSE,FALSE,FALSE,0,8477450,23,15
2021020680,784,power-play,55,-13,FALSE,TRUE,TRUE,FALSE,FALSE,FALSE,0,8474574,23,15
2021020680,785,even-strength,41,21,TRUE,FALSE,TRUE,TRUE,TRUE,FALSE,0.03291508412749755,8474568,23,15
2021020754,13,even-strength,82,-6,FALSE,FALSE,TRUE,TRUE,TRUE,FALSE,0.07874728313472176,8474009,28,15
2021020754,14,even-strength,44,29,FALSE,FALSE,TRUE,FALSE,FALSE,FALSE,0,8471709,28,15
2021020754,16,even-strength,59,26,FALSE,FALSE,TRUE,TRUE,TRUE,FALSE,0.02836252804169291,8478414,28,15
2021020754,18,even-strength,51,-18,FALSE,FALSE,TRUE,TRUE,TRUE,FALSE,0.0317203736289232,8478414,28,15
2021020754,24,even-strength,75,27,TRUE,FALSE,TRUE,FALSE,FALSE,FALSE,0,8474009,28,15
2021020754,29,even-strength,85,10,FALSE,FALSE,TRUE,FALSE,FALSE,FALSE,0,8479981,28,15
2021020754,31,even-strength,61,2,FALSE,FALSE,TRUE,FALSE,FALSE,FALSE,0,8470613,28,15
2021020754,32,even-strength,59,-6,FALSE,TRUE,TRUE,TRUE,TRUE,FALSE,0.13497731881099168,8478414,28,15
2021020754,34,even-strength,85,-14,FALSE,FALSE,TRUE,TRUE,FALSE,FALSE,0.05785994743627382,8478414,28,15
2021020754,35,even-strength,71,22,FALSE,FALSE,TRUE,TRUE,FALSE,FALSE,0.03145729236914673,8478414,28,15
2021020754,36,even-strength,83,4,FALSE,TRUE,TRUE,TRUE,TRUE,TRUE,0.253385143563835,8479393,28,15
2021020754,37,even-strength,70,14,FALSE,FALSE,TRUE,TRUE,TRUE,FALSE,0.04329027663369217,8471699,28,15
2021020754,38,even-strength,78,3,FALSE,FALSE,TRUE,TRUE,FALSE,FALSE,0.08662256035780605,8474053,28,15
2021020754,39,even-strength,77,-1,FALSE,FALSE,TRUE,TRUE,TRUE,FALSE,0.12812447638273827,8478414,28,15
2021020754,40,even-strength,34,30,FALSE,FALSE,TRUE,TRUE,TRUE,FALSE,0.00845517857585614,8477034,28,15
2021020754,43,even-strength,39,24,FALSE,FALSE,TRUE,TRUE,TRUE,FALSE,0.01240765400354816,8471709,28,15
2021020754,44,even-strength,75,1,FALSE,FALSE,TRUE,TRUE,TRUE,FALSE,0.085568129324304,8482222,28,15
2021020754,46,even-strength,35,8,FALSE,FALSE,TRUE,TRUE,FALSE,FALSE,0.02299774000434858,8480160,28,15
2021020754,197,even-strength,90,-6,FALSE,TRUE,TRUE,TRUE,FALSE,FALSE,0.16514120662933485,8474009,28,15
2021020754,251,even-strength,81,-4,FALSE,TRUE,TRUE,TRUE,TRUE,FALSE,0.2493346310166997,8478414,28,15
2021020754,252,even-strength,50,-26,FALSE,TRUE,TRUE,TRUE,TRUE,FALSE,0.07415545551372144,8478467,28,15
2021020754,253,even-strength,48,-12,FALSE,FALSE,TRUE,FALSE,FALSE,FALSE,0,8476881,28,15
2021020754,305,even-strength,48,24,FALSE,FALSE,TRUE,TRUE,FALSE,FALSE,0.02409722513902209,8479983,28,15
2021020754,314,even-strength,76,0,FALSE,FALSE,TRUE,TRUE,TRUE,FALSE,0.1636486313670229,8479373,28,15
2021020754,316,even-strength,74,6,FALSE,FALSE,TRUE,FALSE,FALSE,FALSE,0,8477034,28,15
2021020754,325,even-strength,43,-17,FALSE,FALSE,TRUE,TRUE,TRUE,FALSE,0.03848790445040837,8470613,28,15
2021020754,326,even-strength,53,25,TRUE,FALSE,TRUE,TRUE,FALSE,FALSE,0.03354743168590979,8479393,28,15
2021020754,341,even-strength,83,-6,TRUE,FALSE,TRUE,TRUE,TRUE,FALSE,0.1431457318951449,8479373,28,15
2021020754,342,even-strength,86,-7,FALSE,TRUE,TRUE,TRUE,FALSE,FALSE,0.1448374237944422,8479373,28,15
2021020754,345,even-strength,50,-13,FALSE,FALSE,TRUE,TRUE,TRUE,TRUE,0.04235423157594584,8478467,28,15
2021020754,503,even-strength,36,-7,FALSE,FALSE,TRUE,TRUE,FALSE,FALSE,0.02139921796282281,8478467,28,15
2021020754,505,even-strength,82,-7,FALSE,FALSE,TRUE,TRUE,FALSE,FALSE,0.07651571293019253,8479393,28,15
2021020754,508,even-strength,79,21,FALSE,TRUE,TRUE,TRUE,TRUE,FALSE,0.13276677727490285,8478414,28,15
2021020754,509,even-strength,49,-5,FALSE,TRUE,TRUE,TRUE,TRUE,FALSE,0.09279354112485896,8474053,28,15
2021020754,510,even-strength,59,3,FALSE,TRUE,TRUE,FALSE,FALSE,FALSE,0,8471709,28,15
2021020754,512,even-strength,77,3,FALSE,FALSE,TRUE,FALSE,FALSE,FALSE,0,8479373,28,15
2021020754,515,even-strength,35,-1,FALSE,FALSE,TRUE,TRUE,TRUE,FALSE,0.02097210128531262,8470613,28,15
2021020754,517,even-strength,76,-2,FALSE,FALSE,TRUE,FALSE,FALSE,FALSE,0,8478467,28,15
2021020754,523,even-strength,50,-29,FALSE,FALSE,TRUE,TRUE,TRUE,FALSE,0.01673065416114371,8470613,28,15
2021020754,529,even-strength,74,16,TRUE,FALSE,TRUE,TRUE,TRUE,FALSE,0.1322327711597183,8478414,28,15
2021020754,547,even-strength,50,4,FALSE,FALSE,TRUE,TRUE,TRUE,FALSE,0.03879528448568131,8478414,28,15
2021020754,548,even-strength,84,-7,TRUE,FALSE,TRUE,TRUE,TRUE,FALSE,0.12655005575428913,8479981,28,15
2021020754,549,even-strength,82,-4,TRUE,TRUE,TRUE,TRUE,TRUE,FALSE,0.3060916963782505,8479981,28,15
2021020754,550,even-strength,50,-22,FALSE,FALSE,TRUE,TRUE,FALSE,FALSE,0.01828435269353134,8477034,28,15
2021020754,759,even-strength,34,30,FALSE,FALSE,TRUE,TRUE,FALSE,FALSE,0.01701355115343142,8477034,28,15
2021020754,760,even-strength,56,20,TRUE,FALSE,TRUE,TRUE,TRUE,FALSE,0.07022508707677597,8471699,28,15
2021020754,763,even-strength,61,-9,TRUE,FALSE,TRUE,FALSE,FALSE,FALSE,0,8470613,28,15
2021020754,768,even-strength,52,-6,FALSE,FALSE,TRUE,TRUE,TRUE,FALSE,0.03570204607523379,8474053,28,15
2021020754,770,even-strength,70,-22,FALSE,FALSE,TRUE,TRUE,TRUE,FALSE,0.03674994145600897,8482222,28,15
2021020754,788,even-strength,73,0,FALSE,FALSE,TRUE,TRUE,TRUE,FALSE,0.15461197945501465,8478414,28,15
2021020754,791,even-strength,59,-18,FALSE,FALSE,TRUE,TRUE,TRUE,TRUE,0.03281555357250421,8479373,28,15
2021020754,792,even-strength,65,-2,FALSE,FALSE,TRUE,FALSE,FALSE,FALSE,0,8478414,28,15
2021020802,69,even-strength,77,18,FALSE,FALSE,TRUE,FALSE,FALSE,FALSE,0,8478507,5,15
2021020802,73,even-strength,61,-4,TRUE,FALSE,TRUE,FALSE,FALSE,FALSE,0,8471724,5,15
2021020802,76,even-strength,80,3,FALSE,FALSE,TRUE,TRUE,TRUE,FALSE,0.10221461791090145,8470619,5,15
2021020802,77,even-strength,81,1,FALSE,TRUE,TRUE,TRUE,TRUE,FALSE,0.2758546432029487,8470619,5,15
2021020802,81,even-strength,73,10,FALSE,FALSE,TRUE,FALSE,FALSE,FALSE,0,8477953,5,15
2021020802,82,even-strength,60,23,FALSE,FALSE,TRUE,TRUE,TRUE,FALSE,0.04889119556896445,8471675,5,15
2021020802,83,even-strength,71,5,FALSE,TRUE,TRUE,TRUE,FALSE,FALSE,0.19753982568414308,8476934,5,15
2021020802,87,power-play,83,-6,FALSE,TRUE,TRUE,TRUE,TRUE,FALSE,0.23688540217930473,8477404,5,15
2021020802,88,power-play,76,-1,FALSE,FALSE,TRUE,TRUE,TRUE,FALSE,0.1164672730801322,8475810,5,15
2021020802,89,power-play,76,-1,FALSE,FALSE,TRUE,TRUE,TRUE,TRUE,0.08974575452184319,8475810,5,15
2021020802,90,power-play,78,-1,FALSE,FALSE,TRUE,FALSE,FALSE,FALSE,0,8477404,5,15
2021020802,91,even-strength,78,0,FALSE,FALSE,TRUE,TRUE,TRUE,FALSE,0.20451319861588693,8477953,5,15
2021020802,92,even-strength,78,2,FALSE,TRUE,TRUE,TRUE,TRUE,FALSE,0.2970357485660142,8476934,5,15
2021020802,93,even-strength,61,-11,FALSE,FALSE,TRUE,TRUE,TRUE,FALSE,0.0550915963678707,8476875,5,15
2021020802,94,even-strength,79,-10,FALSE,FALSE,TRUE,TRUE,FALSE,FALSE,0.07538299854227333,8471675,5,15
2021020802,97,even-strength,37,-30,FALSE,FALSE,TRUE,TRUE,FALSE,FALSE,0.01206974891021654,8477244,5,15
2021020802,363,even-strength,61,-3,FALSE,FALSE,TRUE,TRUE,FALSE,FALSE,0.06597502525828026,8477404,5,15
2021020802,364,even-strength,-37,-17,FALSE,FALSE,TRUE,TRUE,TRUE,FALSE,0.00229522511721109,8471215,5,15
2021020802,367,power-play,69,15,FALSE,FALSE,TRUE,TRUE,TRUE,FALSE,0.1194453146634339,8471675,5,15
2021020802,368,power-play,63,6,FALSE,FALSE,TRUE,TRUE,TRUE,FALSE,0.07333874823540708,8477404,5,15
2021020802,369,power-play,65,-19,FALSE,FALSE,TRUE,FALSE,FALSE,FALSE,0,8470604,5,15
2021020802,370,power-play,86,6,FALSE,FALSE,TRUE,TRUE,TRUE,FALSE,0.11151558098181236,8470604,5,15
2021020802,371,power-play,81,1,FALSE,FALSE,TRUE,TRUE,TRUE,FALSE,0.07385714716505895,8477953,5,15
2021020802,372,power-play,84,7,FALSE,TRUE,TRUE,TRUE,TRUE,FALSE,0.28007140022693505,8478542,5,15
2021020802,374,power-play,42,16,FALSE,FALSE,TRUE,TRUE,TRUE,FALSE,0.06965243762346174,8471215,5,15
2021020802,376,even-strength,-90,-16,FALSE,FALSE,TRUE,TRUE,TRUE,FALSE,9.708202718510037e-5,8471724,5,15
2021020802,378,even-strength,39,25,FALSE,FALSE,TRUE,TRUE,FALSE,FALSE,0.00991470201327502,8477244,5,15
2021020802,379,even-strength,74,12,FALSE,FALSE,TRUE,FALSE,FALSE,FALSE,0,8477404,5,15
2021020802,381,even-strength,72,0,FALSE,FALSE,TRUE,TRUE,TRUE,FALSE,0.09295300811687413,8475810,5,15
2021020802,384,power-play,53,-31,FALSE,FALSE,TRUE,TRUE,TRUE,FALSE,0.04156832315834007,8471724,5,15
2021020802,385,power-play,87,5,FALSE,FALSE,TRUE,TRUE,TRUE,TRUE,0.11559712468777145,8475810,5,15
2021020802,387,even-strength,59,34,FALSE,FALSE,TRUE,TRUE,TRUE,FALSE,0.01715835364750679,8479944,5,15
2021020802,388,even-strength,60,-23,FALSE,FALSE,TRUE,TRUE,TRUE,FALSE,0.03155664218619052,8470619,5,15
2021020802,389,even-strength,52,32,FALSE,FALSE,TRUE,TRUE,TRUE,FALSE,0.02020993233621319,8477969,5,15
2021020802,390,even-strength,37,34,FALSE,FALSE,TRUE,TRUE,TRUE,FALSE,0.01024676454865201,8477969,5,15
2021020802,398,even-strength,74,17,FALSE,FALSE,TRUE,TRUE,TRUE,FALSE,0.05127960177907884,8478866,5,15
2021020802,503,even-strength,51,12,FALSE,FALSE,TRUE,TRUE,TRUE,FALSE,0.03703540415800174,8476875,5,15
2021020802,506,power-play,63,24,FALSE,FALSE,TRUE,TRUE,TRUE,FALSE,0.07454311335820299,8477404,5,15
2021020802,507,power-play,32,14,FALSE,FALSE,TRUE,TRUE,FALSE,FALSE,0.03093242217526292,8471724,5,15
2021020802,511,even-strength,-77,36,TRUE,FALSE,TRUE,TRUE,TRUE,FALSE,2.498537297823374e-4,8479944,5,15
2021020802,515,even-strength,61,-20,FALSE,FALSE,TRUE,TRUE,TRUE,FALSE,0.06611653284097885,8471675,5,15
2021020802,516,even-strength,54,15,TRUE,FALSE,TRUE,TRUE,TRUE,FALSE,0.06698037361885016,8477404,5,15
2021020802,517,even-strength,68,-9,FALSE,FALSE,TRUE,FALSE,FALSE,FALSE,0,8475810,5,15
2021020802,519,even-strength,53,-12,FALSE,FALSE,TRUE,FALSE,FALSE,FALSE,0,8471215,5,15
2021020802,520,even-strength,47,-33,FALSE,FALSE,TRUE,TRUE,TRUE,FALSE,0.01382794296815717,8477953,5,15
2021020802,521,even-strength,53,-6,FALSE,FALSE,TRUE,FALSE,FALSE,FALSE,0,8470619,5,15
2021020802,522,even-strength,56,-18,FALSE,FALSE,TRUE,TRUE,FALSE,FALSE,0.04130485932010819,8479944,5,15
2021020802,526,even-strength,64,-14,FALSE,FALSE,TRUE,FALSE,FALSE,FALSE,0,8470604,5,15
2021020802,528,even-strength,45,-37,FALSE,FALSE,TRUE,TRUE,TRUE,FALSE,0.0119886053165527,8476875,5,15
2021020802,531,even-strength,54,-31,FALSE,FALSE,TRUE,TRUE,TRUE,FALSE,0.02272433244491518,8470604,5,15
2021020802,537,even-strength,76,7,FALSE,FALSE,TRUE,TRUE,TRUE,FALSE,0.08856173808394663,8477404,5,15
2021020802,538,even-strength,70,-3,FALSE,FALSE,TRUE,TRUE,FALSE,FALSE,0.08425365427873506,8477404,5,15
2021020802,542,even-strength,73,17,FALSE,FALSE,TRUE,FALSE,FALSE,FALSE,0,8479944,5,15
2021020802,543,even-strength,44,31,FALSE,FALSE,TRUE,TRUE,TRUE,FALSE,0.00975581874630362,8476875,5,15
2021020802,544,even-strength,59,9,FALSE,FALSE,TRUE,TRUE,TRUE,FALSE,0.0346625575760378,8479944,5,15
2021020802,651,even-strength,41,28,FALSE,FALSE,TRUE,TRUE,FALSE,FALSE,0.01352502247879364,8477969,5,15
2021020802,652,even-strength,82,15,FALSE,FALSE,TRUE,TRUE,TRUE,FALSE,0.05006930399593791,8475810,5,15
2021020802,653,even-strength,80,5,FALSE,FALSE,TRUE,TRUE,TRUE,FALSE,0.07166738220755242,8475810,5,15
2021020802,654,even-strength,80,-10,FALSE,FALSE,TRUE,TRUE,FALSE,FALSE,0.04919787735148059,8471675,5,15
2021020802,655,even-strength,64,-25,FALSE,FALSE,TRUE,TRUE,TRUE,FALSE,0.03670742935373503,8475810,5,15
2021020802,658,even-strength,73,-33,FALSE,FALSE,TRUE,TRUE,TRUE,FALSE,0.025718094993579962,8477953,5,15
2021020802,663,even-strength,13,-22,FALSE,FALSE,TRUE,TRUE,TRUE,FALSE,0.00438642352627718,8471724,5,15
2021020802,669,even-strength,79,-32,FALSE,FALSE,TRUE,TRUE,TRUE,FALSE,0.02481588791572685,8478542,5,15
2021020802,670,even-strength,39,34,FALSE,FALSE,TRUE,TRUE,TRUE,FALSE,0.00816228627989849,8471675,5,15
2021020802,676,even-strength,23,-34,FALSE,FALSE,TRUE,TRUE,FALSE,FALSE,0.00550282900118779,8477953,5,15
2021020802,678,even-strength,62,2,FALSE,FALSE,TRUE,FALSE,FALSE,FALSE,0,8470604,5,15
2021020802,680,even-strength,56,14,FALSE,FALSE,TRUE,FALSE,FALSE,FALSE,0,8476875,5,15
2021020802,686,even-strength,76,9,FALSE,FALSE,TRUE,FALSE,FALSE,FALSE,0,8477953,5,15
2021020802,688,even-strength,21,-30,FALSE,FALSE,TRUE,TRUE,FALSE,FALSE,0.00598669116290525,8475810,5,15
2021020802,691,even-strength,78,1,FALSE,FALSE,TRUE,TRUE,TRUE,FALSE,0.13406286479066293,8471675,5,15
2021020802,695,even-strength,68,-13,FALSE,FALSE,TRUE,TRUE,TRUE,FALSE,0.09367939359237988,8475810,5,15
2021020808,11,even-strength,84,3,FALSE,FALSE,TRUE,TRUE,TRUE,TRUE,0.09016394460864846,8477934,22,15
2021020808,14,even-strength,87,30,FALSE,FALSE,TRUE,TRUE,TRUE,FALSE,0.02156418594106548,8477998,22,15
2021020808,17,even-strength,66,1,FALSE,FALSE,TRUE,TRUE,TRUE,TRUE,0.06660966920294493,8475169,22,15
2021020808,20,even-strength,79,14,FALSE,FALSE,TRUE,TRUE,FALSE,FALSE,0.05190610982235941,8478402,22,15
2021020808,22,power-play,37,4,FALSE,FALSE,TRUE,TRUE,FALSE,FALSE,0.04202022964135184,8475197,22,15
2021020808,23,power-play,91,8,FALSE,FALSE,TRUE,TRUE,TRUE,TRUE,0.12208929701028376,8478402,22,15
2021020818,54,even-strength,90,-19,FALSE,FALSE,TRUE,TRUE,TRUE,FALSE,0.06150186924469785,8476459,3,15
2021020818,60,even-strength,81,3,FALSE,FALSE,TRUE,TRUE,TRUE,FALSE,0.09578949469778296,8480289,3,15
2021020818,62,even-strength,60,35,FALSE,FALSE,TRUE,TRUE,TRUE,FALSE,0.01802023213928491,8480289,3,15
2021020818,63,even-strength,58,26,FALSE,FALSE,TRUE,TRUE,FALSE,FALSE,0.02613565489700721,8482109,3,15
2021020818,66,even-strength,81,3,FALSE,FALSE,TRUE,FALSE,FALSE,FALSE,0,8479291,3,15
2021020818,74,even-strength,51,-27,FALSE,FALSE,TRUE,FALSE,FALSE,FALSE,0,8476459,3,15
2021020818,78,even-strength,73,-19,FALSE,FALSE,TRUE,TRUE,TRUE,FALSE,0.05091445231899183,8479328,3,15
2021020818,81,even-strength,61,-30,FALSE,FALSE,TRUE,TRUE,TRUE,TRUE,0.03006142334948136,8476459,3,15
2021020818,86,even-strength,80,-11,FALSE,FALSE,TRUE,TRUE,TRUE,FALSE,0.07950806594608748,8480289,3,15
2021020818,90,even-strength,80,2,FALSE,FALSE,TRUE,TRUE,FALSE,FALSE,0.1787552849151852,8479328,3,15
2021020818,91,even-strength,78,1,FALSE,FALSE,TRUE,TRUE,TRUE,FALSE,0.19173329983037304,8478211,3,15
2021020818,92,even-strength,79,-5,FALSE,TRUE,TRUE,TRUE,FALSE,FALSE,0.26747711831135196,8478211,3,15
2021020818,96,even-strength,34,8,FALSE,FALSE,TRUE,TRUE,FALSE,FALSE,0.02354451556838845,8476459,3,15
2021020818,351,even-strength,67,-3,FALSE,FALSE,TRUE,TRUE,TRUE,FALSE,0.14370318737850232,8476885,3,15
2021020818,354,power-play,79,3,FALSE,FALSE,TRUE,FALSE,FALSE,FALSE,0,8476458,3,15
2021020818,355,even-strength,63,4,FALSE,FALSE,TRUE,FALSE,FALSE,FALSE,0,8480817,3,15
2021020818,359,even-strength,75,13,FALSE,FALSE,TRUE,TRUE,TRUE,FALSE,0.07510949985978958,8480289,3,15
2021020818,361,even-strength,36,-15,FALSE,FALSE,TRUE,TRUE,TRUE,FALSE,0.01636027271987825,8475735,3,15
2021020818,365,even-strength,36,19,FALSE,FALSE,TRUE,TRUE,TRUE,FALSE,0.01814871322644917,8480817,3,15
2021020818,367,even-strength,57,25,FALSE,FALSE,TRUE,TRUE,TRUE,FALSE,0.02314452145432146,8479323,3,15
2021020818,369,even-strength,46,1,FALSE,FALSE,TRUE,TRUE,TRUE,FALSE,0.04221557291513501,8471817,3,15
2021020818,370,even-strength,55,-4,FALSE,FALSE,TRUE,FALSE,FALSE,FALSE,0,8476885,3,15
2021020818,375,even-strength,69,-34,FALSE,FALSE,TRUE,TRUE,TRUE,FALSE,0.02628855248101089,8476459,3,15
2021020818,385,even-strength,57,18,TRUE,FALSE,TRUE,TRUE,TRUE,FALSE,0.08684939894244653,8475184,3,15
2021020818,394,penalty-kill,42,19,FALSE,FALSE,TRUE,TRUE,FALSE,FALSE,0.02512582956736659,8476459,3,15
2021020818,399,even-strength,81,5,TRUE,FALSE,TRUE,TRUE,TRUE,TRUE,0.10841231993708056,8482109,3,15
2021020818,501,even-strength,69,0,FALSE,FALSE,TRUE,FALSE,FALSE,FALSE,0,8479291,3,15
2021020818,508,penalty-kill,-64,2,FALSE,FALSE,TRUE,TRUE,TRUE,FALSE,0.00113161517233127,8479291,3,15
2021020818,510,penalty-kill,51,-30,FALSE,FALSE,TRUE,TRUE,FALSE,FALSE,0.01921816807843408,8475184,3,15
2021020818,515,power-play,86,-6,FALSE,FALSE,TRUE,TRUE,FALSE,FALSE,0.12178956538643168,8475184,3,15
2021020818,521,even-strength,85,-4,FALSE,FALSE,TRUE,TRUE,TRUE,FALSE,0.09305626032223624,8475184,3,15
2021020818,522,even-strength,85,7,FALSE,TRUE,TRUE,TRUE,TRUE,TRUE,0.2154452676319488,8475184,3,15
2021020818,531,even-strength,64,-9,FALSE,FALSE,TRUE,FALSE,FALSE,FALSE,0,8479323,3,15
2021020818,533,even-strength,78,-4,FALSE,FALSE,TRUE,TRUE,TRUE,TRUE,0.1125980994750552,8476624,3,15
2021020818,538,even-strength,75,5,FALSE,FALSE,TRUE,FALSE,FALSE,FALSE,0,8480817,3,15
2021020818,539,even-strength,76,-6,FALSE,FALSE,TRUE,FALSE,FALSE,FALSE,0,8475184,3,15
2021020818,541,even-strength,55,37,FALSE,FALSE,TRUE,TRUE,TRUE,FALSE,0.01330615489363245,8476624,3,15
2021020818,711,even-strength,52,5,TRUE,FALSE,TRUE,FALSE,FALSE,FALSE,0,8476624,3,15
2021020832,16,even-strength,80,0,FALSE,TRUE,TRUE,FALSE,FALSE,FALSE,0,8479933,4,15
2021020832,20,even-strength,76,-5,FALSE,TRUE,TRUE,TRUE,TRUE,FALSE,0.2023646474051911,8474715,4,15
2021020832,25,even-strength,55,12,FALSE,TRUE,TRUE,FALSE,FALSE,FALSE,0,8478067,4,15
2021020832,53,even-strength,57,-2,FALSE,FALSE,TRUE,TRUE,TRUE,TRUE,0.04927332525104427,8473512,4,15
2021020832,62,even-strength,83,-9,FALSE,FALSE,TRUE,FALSE,FALSE,FALSE,0,8479933,4,15
2021020832,63,even-strength,33,-38,FALSE,FALSE,TRUE,TRUE,TRUE,FALSE,0.0058287310641765,8474027,4,15
2021020832,65,even-strength,16,38,FALSE,FALSE,TRUE,TRUE,TRUE,FALSE,0.00377665460683353,8473512,4,15
2021020832,66,even-strength,79,-3,FALSE,FALSE,TRUE,TRUE,TRUE,FALSE,0.09532421069783878,8477499,4,15
2021020832,69,even-strength,52,1,TRUE,FALSE,TRUE,FALSE,FALSE,FALSE,0,8479772,4,15
2021020832,72,even-strength,47,-10,FALSE,FALSE,TRUE,TRUE,FALSE,FALSE,0.02937232868904023,8476372,4,15
2021020832,73,even-strength,17,-21,FALSE,FALSE,TRUE,TRUE,TRUE,FALSE,0.00515297820615517,8478067,4,15
2021020832,74,even-strength,56,-1,FALSE,FALSE,TRUE,FALSE,FALSE,FALSE,0,8474027,4,15
2021020832,76,even-strength,64,-9,FALSE,FALSE,TRUE,FALSE,FALSE,FALSE,0,8474715,4,15
2021020832,77,even-strength,37,37,FALSE,FALSE,TRUE,TRUE,TRUE,FALSE,0.00859644323233308,8480797,4,15
2021020832,79,even-strength,65,36,TRUE,FALSE,TRUE,TRUE,TRUE,FALSE,0.03880696472896249,8474037,4,15
2021020832,81,even-strength,66,0,FALSE,FALSE,TRUE,FALSE,FALSE,FALSE,0,8476372,4,15
2021020832,82,even-strength,32,21,FALSE,FALSE,TRUE,TRUE,TRUE,FALSE,0.00974818291550229,8476372,4,15
2021020832,84,even-strength,52,33,FALSE,FALSE,TRUE,TRUE,FALSE,FALSE,0.01467779076453832,8476372,4,15
2021020832,87,even-strength,73,29,FALSE,FALSE,TRUE,TRUE,TRUE,FALSE,0.02587114314543395,8478500,4,15
2021020832,91,even-strength,62,2,FALSE,FALSE,TRUE,FALSE,FALSE,FALSE,0,8478067,4,15
2021020832,98,even-strength,32,-28,FALSE,FALSE,TRUE,TRUE,FALSE,FALSE,0.01444124799773168,8476372,4,15
2021020832,99,even-strength,35,-39,TRUE,FALSE,TRUE,TRUE,TRUE,FALSE,0.0117654184797912,8477887,4,15
2021020832,203,penalty-kill,-33,33,FALSE,FALSE,TRUE,TRUE,TRUE,FALSE,0.0014805542294421,8477948,4,15
2021020832,206,even-strength,84,-6,FALSE,FALSE,TRUE,TRUE,TRUE,TRUE,0.07772080727195237,8474715,4,15
2021020832,207,even-strength,65,-23,FALSE,FALSE,TRUE,FALSE,FALSE,FALSE,0,8479933,4,15
2021020832,209,even-strength,52,-21,FALSE,FALSE,TRUE,TRUE,TRUE,FALSE,0.02057644082460612,8478439,4,15
2021020832,216,even-strength,86,-18,FALSE,FALSE,TRUE,FALSE,FALSE,FALSE,0,8474027,4,15
2021020832,218,even-strength,55,8,FALSE,FALSE,TRUE,TRUE,TRUE,FALSE,0.05463990532720204,8474037,4,15
2021020832,226,even-strength,74,3,FALSE,FALSE,TRUE,FALSE,FALSE,FALSE,0,8479772,4,15
2021020832,227,even-strength,71,-1,FALSE,FALSE,TRUE,TRUE,FALSE,FALSE,0.10680391038210577,8479933,4,15
2021020832,229,even-strength,71,5,FALSE,FALSE,TRUE,FALSE,FALSE,FALSE,0,8478067,4,15
2021020832,230,even-strength,59,-35,FALSE,FALSE,TRUE,TRUE,FALSE,FALSE,0.01439624162172228,8477499,4,15
2021020832,231,even-strength,82,-12,FALSE,FALSE,TRUE,TRUE,TRUE,FALSE,0.05738059240041032,8478439,4,15
2021020832,242,even-strength,85,-21,FALSE,FALSE,TRUE,TRUE,FALSE,FALSE,0.03023219798403957,8474037,4,15
2021020832,248,power-play,38,6,FALSE,FALSE,TRUE,TRUE,FALSE,FALSE,0.05845023745739512,8471735,4,15
2021020832,249,power-play,77,-1,FALSE,FALSE,TRUE,FALSE,FALSE,FALSE,0,8477499,4,15
2021020832,250,power-play,52,16,FALSE,FALSE,TRUE,FALSE,FALSE,FALSE,0,8480797,4,15
2021020832,317,even-strength,34,-34,FALSE,FALSE,TRUE,TRUE,FALSE,FALSE,0.01174416312158105,8477499,4,15
2021020832,326,even-strength,56,31,TRUE,FALSE,TRUE,TRUE,TRUE,FALSE,0.03630255108455886,8480019,4,15
2021020832,339,even-strength,62,-9,FALSE,FALSE,TRUE,FALSE,FALSE,FALSE,0,8477499,4,15
2021020832,402,even-strength,66,8,FALSE,FALSE,TRUE,TRUE,FALSE,FALSE,0.05897457876414497,8479933,4,15
2021020832,552,power-play,62,-17,FALSE,FALSE,TRUE,FALSE,FALSE,FALSE,0,8478439,4,15
2021020832,560,even-strength,58,-23,FALSE,FALSE,TRUE,TRUE,TRUE,FALSE,0.03546715013292539,8474037,4,15
2021020832,561,even-strength,63,-17,FALSE,FALSE,TRUE,FALSE,FALSE,FALSE,0,8474027,4,15
2021020832,568,even-strength,58,-4,FALSE,FALSE,TRUE,TRUE,FALSE,FALSE,0.07511142346343756,8480797,4,15
2021020832,570,even-strength,69,3,FALSE,FALSE,TRUE,FALSE,FALSE,FALSE,0,8476872,4,15
2021020832,576,even-strength,33,-28,FALSE,FALSE,TRUE,TRUE,FALSE,FALSE,0.01293411844103988,8476372,4,15
2021020832,577,even-strength,56,-20,FALSE,FALSE,TRUE,TRUE,FALSE,FALSE,0.03075976373426722,8479933,4,15
2021020832,589,even-strength,43,12,FALSE,FALSE,TRUE,TRUE,FALSE,FALSE,0.03499692328430122,8471735,4,15
2021020832,595,even-strength,-94,12,FALSE,FALSE,TRUE,TRUE,TRUE,FALSE,9.703236832144596e-5,8477948,4,15
2021020832,599,even-strength,73,15,FALSE,FALSE,TRUE,TRUE,TRUE,FALSE,0.05737462844966246,8474037,4,15
2021020832,714,even-strength,80,6,FALSE,TRUE,TRUE,TRUE,TRUE,FALSE,0.19257544302450463,8473544,4,15
2021020832,751,even-strength,76,-5,FALSE,FALSE,TRUE,TRUE,TRUE,FALSE,0.09538525601110676,8476872,4,15
2021020832,754,even-strength,80,5,FALSE,FALSE,TRUE,FALSE,FALSE,FALSE,0,8477948,4,15
2021020849,11,even-strength,70,3,FALSE,FALSE,TRUE,FALSE,FALSE,FALSE,0,8478483,10,15
2021020849,14,even-strength,43,40,FALSE,FALSE,TRUE,TRUE,FALSE,FALSE,0.0101528428186433,8477021,10,15
2021020849,19,even-strength,50,-19,FALSE,FALSE,TRUE,FALSE,FALSE,FALSE,0,8480950,10,15
2021020849,20,even-strength,43,18,FALSE,FALSE,TRUE,TRUE,TRUE,FALSE,0.01443838038931432,8480873,10,15
2021020849,21,even-strength,77,-3,FALSE,FALSE,TRUE,TRUE,TRUE,TRUE,0.12002412566099266,8478047,10,15
2021020849,22,even-strength,74,0,FALSE,FALSE,TRUE,TRUE,FALSE,FALSE,0.0933029452163858,8479318,10,15
2021020849,28,even-strength,59,33,FALSE,FALSE,TRUE,TRUE,FALSE,FALSE,0.03032635084499865,8481624,10,15
2021020849,29,even-strength,74,-10,FALSE,FALSE,TRUE,TRUE,TRUE,FALSE,0.07334912457608608,8481624,10,15
2021020849,40,even-strength,53,-10,FALSE,FALSE,TRUE,FALSE,FALSE,FALSE,0,8480950,10,15
2021020849,41,even-strength,76,-34,FALSE,FALSE,TRUE,TRUE,TRUE,FALSE,0.02839610913711546,8478115,10,15
2021020849,42,even-strength,59,-5,FALSE,FALSE,TRUE,FALSE,FALSE,FALSE,0,8480043,10,15
2021020849,43,even-strength,77,12,FALSE,TRUE,TRUE,TRUE,TRUE,FALSE,0.1420904969212839,8480144,10,15
2021020849,45,even-strength,72,0,FALSE,FALSE,TRUE,FALSE,FALSE,FALSE,0,8479318,10,15
2021020849,251,power-play,68,3,FALSE,FALSE,TRUE,TRUE,FALSE,FALSE,0.09253660081447976,8479318,10,15
2021020849,252,power-play,51,-14,FALSE,FALSE,TRUE,FALSE,FALSE,FALSE,0,8469455,10,15
2021020849,255,even-strength,75,-1,FALSE,FALSE,TRUE,FALSE,FALSE,FALSE,0,8480043,10,15
2021020849,256,even-strength,64,-15,FALSE,FALSE,TRUE,TRUE,TRUE,FALSE,0.03271456928496089,8475718,10,15
2021020849,259,even-strength,55,32,FALSE,FALSE,TRUE,TRUE,TRUE,FALSE,0.02648236465377146,8478115,10,15
2021020849,265,even-strength,80,23,FALSE,FALSE,TRUE,TRUE,FALSE,FALSE,0.04737876315514887,8481624,10,15
2021020849,267,even-strength,78,-6,FALSE,FALSE,TRUE,TRUE,TRUE,FALSE,0.08647150095219325,8478047,10,15
2021020849,269,even-strength,84,-5,TRUE,FALSE,TRUE,TRUE,TRUE,TRUE,0.11218277573093144,8477939,10,15
2021020849,271,even-strength,40,33,FALSE,FALSE,TRUE,TRUE,FALSE,FALSE,0.01074618944208919,8478483,10,15
2021020849,272,even-strength,36,5,FALSE,FALSE,TRUE,TRUE,FALSE,FALSE,0.02018075691060878,8476853,10,15
2021020849,273,even-strength,76,0,FALSE,FALSE,TRUE,TRUE,TRUE,TRUE,0.1269847649837917,8475718,10,15
2021020913,60,even-strength,82,17,FALSE,FALSE,TRUE,FALSE,FALSE,FALSE,0,8477934,22,15
2021020913,63,even-strength,42,23,TRUE,FALSE,TRUE,FALSE,FALSE,FALSE,0,8478021,22,15
2021020913,64,even-strength,80,15,FALSE,FALSE,TRUE,TRUE,TRUE,FALSE,0.04699513048870102,8477934,22,15
2021020913,65,even-strength,80,-2,FALSE,FALSE,TRUE,TRUE,TRUE,FALSE,0.13913752005538682,8475786,22,15
2021020913,66,even-strength,73,-12,FALSE,FALSE,TRUE,TRUE,TRUE,FALSE,0.05668954690819029,8477998,22,15
2021020913,67,even-strength,65,38,FALSE,FALSE,TRUE,TRUE,TRUE,FALSE,0.01594395466860197,8476913,22,15
2021020913,68,even-strength,75,-18,FALSE,FALSE,TRUE,FALSE,FALSE,FALSE,0,8477998,22,15
2021020913,70,power-play,43,0,FALSE,FALSE,TRUE,TRUE,TRUE,FALSE,0.05189697062180509,8480803,22,15
2021020913,71,power-play,72,-16,FALSE,FALSE,TRUE,FALSE,FALSE,FALSE,0,8477934,22,15
2021020913,72,power-play,37,9,FALSE,FALSE,TRUE,TRUE,TRUE,FALSE,0.03553410777299171,8480803,22,15
2021020913,73,power-play,69,4,FALSE,TRUE,TRUE,TRUE,TRUE,FALSE,0.24624847019235951,8477934,22,15
2021020913,74,power-play,60,16,FALSE,FALSE,TRUE,TRUE,TRUE,FALSE,0.06449314703377716,8475169,22,15
2021020913,76,power-play,69,2,FALSE,FALSE,TRUE,TRUE,FALSE,FALSE,0.0952655823515148,8475169,22,15
2021020913,78,power-play,63,-15,FALSE,FALSE,TRUE,TRUE,TRUE,FALSE,0.06089747061854662,8475786,22,15
2021020913,79,power-play,79,0,FALSE,TRUE,TRUE,TRUE,TRUE,FALSE,0.2785238521066623,8477998,22,15
2021020913,82,even-strength,60,21,FALSE,FALSE,TRUE,TRUE,TRUE,FALSE,0.0237043122982114,8481598,22,15
2021020913,89,even-strength,38,25,TRUE,FALSE,TRUE,TRUE,TRUE,FALSE,0.01852630362707796,8477498,22,15
2021020913,93,even-strength,70,29,FALSE,FALSE,TRUE,TRUE,TRUE,FALSE,0.02175747581346242,8474089,22,15
2021020913,95,even-strength,71,15,FALSE,FALSE,TRUE,FALSE,FALSE,FALSE,0,8481598,22,15
2021020913,99,even-strength,69,7,FALSE,FALSE,TRUE,TRUE,TRUE,FALSE,0.06622836617803805,8475786,22,15
2021020913,100,even-strength,43,-18,FALSE,FALSE,TRUE,TRUE,TRUE,FALSE,0.02247895476547442,8476879,22,15
2021020913,251,even-strength,66,0,FALSE,TRUE,TRUE,TRUE,TRUE,FALSE,0.1835629802051487,8480802,22,15
2021020913,252,even-strength,71,8,FALSE,FALSE,TRUE,FALSE,FALSE,FALSE,0,8477498,22,15
2021020913,253,even-strength,82,6,FALSE,TRUE,TRUE,TRUE,TRUE,FALSE,0.19197127622887977,8475786,22,15
2021020913,260,power-play,85,-13,FALSE,FALSE,TRUE,TRUE,FALSE,FALSE,0.05485620746877539,8477934,22,15
2021020913,261,power-play,70,3,FALSE,TRUE,TRUE,TRUE,TRUE,FALSE,0.33377169596943357,8475169,22,15
2021020913,264,even-strength,61,-24,FALSE,FALSE,TRUE,TRUE,FALSE,FALSE,0.04238066486900782,8481598,22,15
2021020913,267,even-strength,64,-4,FALSE,FALSE,TRUE,TRUE,TRUE,FALSE,0.07780918122774214,8479977,22,15
2021020913,269,even-strength,75,16,FALSE,FALSE,TRUE,TRUE,TRUE,FALSE,0.05621270847431064,8476879,22,15
2021020913,270,even-strength,55,-15,FALSE,FALSE,TRUE,TRUE,FALSE,FALSE,0.03174419569735067,8475178,22,15
2021020913,280,even-strength,56,13,FALSE,FALSE,TRUE,FALSE,FALSE,FALSE,0,8478021,22,15
2021020913,281,even-strength,65,6,FALSE,FALSE,TRUE,TRUE,FALSE,FALSE,0.04139848377275716,8479977,22,15
2021020913,287,even-strength,72,20,FALSE,FALSE,TRUE,TRUE,FALSE,FALSE,0.03343182239466676,8475786,22,15
2021020913,288,even-strength,76,-4,FALSE,TRUE,TRUE,TRUE,TRUE,FALSE,0.20321062517348004,8475786,22,15
2021020913,289,even-strength,71,-3,FALSE,FALSE,TRUE,FALSE,FALSE,FALSE,0,8479977,22,15
2021020913,290,even-strength,73,14,FALSE,FALSE,TRUE,FALSE,FALSE,FALSE,0,8479977,22,15
2021020913,291,even-strength,68,10,FALSE,FALSE,TRUE,FALSE,FALSE,FALSE,0,8479977,22,15
2021020913,292,even-strength,43,-32,FALSE,FALSE,TRUE,TRUE,TRUE,FALSE,0.01482047465706269,8480803,22,15
2021020913,293,even-strength,68,3,FALSE,TRUE,TRUE,TRUE,FALSE,FALSE,0.15776094986849928,8478402,22,15
2021020913,511,even-strength,81,5,FALSE,FALSE,TRUE,TRUE,TRUE,FALSE,0.14473656142979552,8475169,22,15
2021020913,512,even-strength,49,27,FALSE,TRUE,TRUE,TRUE,TRUE,FALSE,0.05750385186874728,8478021,22,15
2021020913,513,even-strength,80,3,FALSE,TRUE,TRUE,TRUE,TRUE,FALSE,0.25853318180481777,8478402,22,15
2021020913,515,power-play,80,-4,FALSE,FALSE,TRUE,TRUE,TRUE,TRUE,0.10608097046173764,8479977,22,15
2021020913,517,even-strength,42,29,FALSE,FALSE,TRUE,TRUE,TRUE,FALSE,0.01345472133537391,8470281,22,15
2021020913,529,even-strength,71,10,FALSE,FALSE,TRUE,FALSE,FALSE,FALSE,0,8478402,22,15
2021020913,531,even-strength,61,0,FALSE,FALSE,TRUE,TRUE,TRUE,FALSE,0.07622415068547304,8474089,22,15
2021020913,532,even-strength,83,4,FALSE,TRUE,TRUE,TRUE,TRUE,TRUE,0.20684287693224904,8476879,22,15
2021020913,541,even-strength,61,6,FALSE,FALSE,TRUE,TRUE,TRUE,FALSE,0.06864711991148899,8480802,22,15
2021020913,542,even-strength,83,-4,FALSE,TRUE,TRUE,TRUE,TRUE,FALSE,0.16258220433190787,8477934,22,15
2021020913,544,power-play,72,6,FALSE,FALSE,TRUE,FALSE,FALSE,FALSE,0,8480803,22,15
2021020913,545,power-play,79,-4,FALSE,FALSE,TRUE,TRUE,TRUE,FALSE,0.09961431384565564,8477934,22,15
2021020913,546,power-play,76,2,FALSE,FALSE,TRUE,FALSE,FALSE,FALSE,0,8475169,22,15
2021020913,547,power-play,75,5,FALSE,FALSE,TRUE,FALSE,FALSE,FALSE,0,8475169,22,15
2021020913,548,power-play,72,-19,FALSE,FALSE,TRUE,TRUE,TRUE,FALSE,0.07802285950961477,8477934,22,15
2021020913,549,power-play,74,2,FALSE,FALSE,TRUE,TRUE,TRUE,FALSE,0.14065662198671688,8475169,22,15
2021020913,751,power-play,78,-5,FALSE,FALSE,TRUE,TRUE,FALSE,FALSE,0.13128100494340655,8475786,22,15
2021020913,752,power-play,75,-2,FALSE,FALSE,TRUE,TRUE,TRUE,FALSE,0.12125191325485413,8477998,22,15
2021020913,757,even-strength,71,25,FALSE,FALSE,TRUE,TRUE,TRUE,FALSE,0.03497307408853321,8475169,22,15
2021020913,758,even-strength,58,-6,FALSE,FALSE,TRUE,FALSE,FALSE,FALSE,0,8481598,22,15
2021020913,759,even-strength,70,5,TRUE,FALSE,TRUE,TRUE,FALSE,FALSE,0.14382182019404302,8477934,22,15
2021020913,761,even-strength,49,-23,FALSE,FALSE,TRUE,FALSE,FALSE,FALSE,0,8480803,22,15
2021020913,763,even-strength,49,-20,FALSE,FALSE,TRUE,FALSE,FALSE,FALSE,0,8476879,22,15
2021020913,766,even-strength,78,-10,FALSE,FALSE,TRUE,TRUE,TRUE,TRUE,0.06354874143557462,8474089,22,15
2021020913,767,even-strength,71,-15,FALSE,FALSE,TRUE,TRUE,TRUE,FALSE,0.04903398256300319,8475786,22,15
2021020913,768,even-strength,79,21,FALSE,FALSE,TRUE,TRUE,FALSE,FALSE,0.03362673139126068,8477934,22,15
2021020913,770,even-strength,48,10,FALSE,FALSE,TRUE,TRUE,FALSE,FALSE,0.04191858043545696,8475169,22,15
2021020913,776,even-strength,66,14,FALSE,FALSE,TRUE,TRUE,TRUE,FALSE,0.05216647868825171,8478402,22,15
2021020913,779,even-strength,79,2,FALSE,FALSE,TRUE,TRUE,FALSE,FALSE,0.10958550421898226,8476913,22,15
2021020913,791,even-strength,60,18,FALSE,FALSE,TRUE,FALSE,FALSE,FALSE,0,8477498,22,15
2021020913,797,even-strength,73,-10,TRUE,FALSE,TRUE,TRUE,FALSE,FALSE,0.14140227652548248,8478402,22,15
2021020913,799,even-strength,70,-16,FALSE,FALSE,TRUE,TRUE,TRUE,TRUE,0.14909750634081506,8478402,22,15
2021020913,800,even-strength,79,4,FALSE,FALSE,TRUE,FALSE,FALSE,FALSE,0,8477498,22,15
2021020978,11,even-strength,73,14,FALSE,FALSE,TRUE,TRUE,FALSE,FALSE,0.06654482496068669,8475799,12,15
2021020978,12,even-strength,44,4,FALSE,FALSE,TRUE,TRUE,FALSE,FALSE,0.04129851554529949,8480830,12,15
2021020978,16,even-strength,83,-4,FALSE,FALSE,TRUE,TRUE,FALSE,FALSE,0.08140524289940856,8478427,12,15
2021020978,17,even-strength,85,-23,FALSE,FALSE,TRUE,TRUE,FALSE,FALSE,0.0242935880381086,8476389,12,15
2021020978,19,even-strength,85,-29,TRUE,FALSE,TRUE,TRUE,TRUE,FALSE,0.05983877731632964,8478451,12,15
2021020978,21,even-strength,87,8,FALSE,FALSE,TRUE,TRUE,FALSE,FALSE,0.05052132272514981,8480830,12,15
2021020978,23,even-strength,46,-29,FALSE,FALSE,TRUE,FALSE,FALSE,FALSE,0,8477488,12,15
2021020978,25,even-strength,38,28,FALSE,FALSE,TRUE,TRUE,FALSE,FALSE,0.01181496009821353,8476958,12,15
2021020978,30,even-strength,62,1,FALSE,FALSE,TRUE,TRUE,TRUE,TRUE,0.068978108839627,8482093,12,15
2021020978,36,even-strength,32,33,FALSE,FALSE,TRUE,TRUE,TRUE,FALSE,0.01157985351386394,8478904,12,15
2021020978,38,even-strength,80,-2,FALSE,FALSE,TRUE,TRUE,FALSE,FALSE,0.13251018524085045,8482093,12,15
2021020978,44,even-strength,71,15,FALSE,FALSE,TRUE,TRUE,TRUE,FALSE,0.05489696381627353,8478427,12,15
2021020978,47,even-strength,36,1,FALSE,FALSE,TRUE,TRUE,FALSE,FALSE,0.0261109143520974,8477488,12,15
2021020978,49,even-strength,76,-8,FALSE,FALSE,TRUE,FALSE,FALSE,FALSE,0,8478451,12,15
2021020978,50,even-strength,56,-14,FALSE,FALSE,TRUE,FALSE,FALSE,FALSE,0,8480039,12,15
2021020978,204,even-strength,42,6,FALSE,FALSE,TRUE,TRUE,TRUE,FALSE,0.10197532361771244,8480830,12,15
2021020978,205,even-strength,50,-35,FALSE,FALSE,TRUE,TRUE,FALSE,FALSE,0.02048041441803025,8482093,12,15
2021020978,206,even-strength,35,-22,FALSE,FALSE,TRUE,TRUE,FALSE,FALSE,0.01336692407950955,8474013,12,15
2021020978,207,even-strength,56,-20,FALSE,FALSE,TRUE,TRUE,FALSE,FALSE,0.04038472302157682,8480829,12,15
2021020978,209,even-strength,89,-5,FALSE,FALSE,TRUE,TRUE,TRUE,FALSE,0.05565622293828291,8473533,12,15
2021020978,212,even-strength,77,-16,FALSE,FALSE,TRUE,TRUE,FALSE,FALSE,0.07511094121504837,8476389,12,15
2021020978,230,even-strength,37,-3,FALSE,FALSE,TRUE,TRUE,TRUE,FALSE,0.02617695977611928,8477488,12,15
2021020978,234,even-strength,39,10,FALSE,FALSE,TRUE,TRUE,TRUE,FALSE,0.02631566297003094,8476958,12,15
2021020978,235,even-strength,68,4,FALSE,FALSE,TRUE,TRUE,TRUE,TRUE,0.10350370869777856,8476389,12,15
2021020978,242,even-strength,49,15,FALSE,FALSE,TRUE,TRUE,FALSE,FALSE,0.02312007597101215,8474013,12,15
2021020978,243,even-strength,80,0,FALSE,FALSE,TRUE,TRUE,TRUE,FALSE,0.15005158441815672,8480829,12,15
2021020978,249,even-strength,47,27,FALSE,FALSE,TRUE,FALSE,FALSE,FALSE,0,8474090,12,15
2021020978,501,even-strength,55,0,TRUE,FALSE,TRUE,TRUE,TRUE,FALSE,0.14558519689591573,8480830,12,15
2021020978,503,even-strength,49,-5,FALSE,FALSE,TRUE,FALSE,FALSE,FALSE,0,8480830,12,15
2021020978,508,even-strength,73,-3,FALSE,FALSE,TRUE,TRUE,TRUE,TRUE,0.10332927181945294,8482093,12,15
2021020978,512,even-strength,69,16,FALSE,FALSE,TRUE,FALSE,FALSE,FALSE,0,8478904,12,15
2021020978,514,even-strength,74,7,FALSE,FALSE,TRUE,FALSE,FALSE,FALSE,0,8480830,12,15
2021020978,522,power-play,60,-23,FALSE,FALSE,TRUE,TRUE,TRUE,FALSE,0.06684793034047601,8480830,12,15
2021020978,525,power-play,70,20,FALSE,FALSE,TRUE,TRUE,TRUE,FALSE,0.105407116856728,8476882,12,15
2021020978,526,power-play,65,29,FALSE,FALSE,TRUE,TRUE,TRUE,FALSE,0.06753629135259719,8480039,12,15
2021020978,528,power-play,84,6,FALSE,FALSE,TRUE,TRUE,TRUE,FALSE,0.13494998991858445,8480829,12,15
2021020978,532,even-strength,32,8,FALSE,FALSE,TRUE,TRUE,FALSE,FALSE,0.02170117761685946,8476869,12,15
2021020978,542,even-strength,71,40,FALSE,FALSE,TRUE,TRUE,TRUE,FALSE,0.03018654919216283,8480830,12,15
2021020978,544,even-strength,51,39,FALSE,FALSE,TRUE,TRUE,FALSE,FALSE,0.01257603340133636,8474613,12,15
2021020978,550,even-strength,69,-20,FALSE,FALSE,TRUE,TRUE,TRUE,FALSE,0.04998854094921764,8476882,12,15
2021020978,715,even-strength,27,39,FALSE,FALSE,TRUE,TRUE,TRUE,FALSE,0.00565861820912949,8474013,12,15
2021020978,720,even-strength,61,-7,FALSE,FALSE,TRUE,TRUE,FALSE,FALSE,0.07229892035300879,8478904,12,15
2021020978,721,even-strength,32,19,FALSE,FALSE,TRUE,TRUE,FALSE,FALSE,0.01854924343204257,8478904,12,15
2021020978,738,even-strength,-40,3,FALSE,FALSE,TRUE,TRUE,TRUE,FALSE,0.01229228080801388,8476958,12,15
2021021028,256,even-strength,25,17,FALSE,FALSE,TRUE,TRUE,TRUE,FALSE,0.00833762100119977,8473449,7,15
2021021028,257,even-strength,76,-6,FALSE,FALSE,TRUE,FALSE,FALSE,FALSE,0,8480035,7,15
2021021028,259,even-strength,36,-27,FALSE,FALSE,TRUE,TRUE,FALSE,FALSE,0.01705028415664227,8476525,7,15
2021021028,262,even-strength,74,-14,FALSE,FALSE,TRUE,TRUE,FALSE,FALSE,0.04526497945164251,8476878,7,15
2021021028,265,even-strength,65,-3,FALSE,FALSE,TRUE,FALSE,FALSE,FALSE,0,8479420,7,15
2021021028,270,even-strength,45,-5,FALSE,FALSE,TRUE,TRUE,FALSE,FALSE,0.03740019922845485,8478109,7,15
2021021028,272,even-strength,65,-5,FALSE,FALSE,TRUE,TRUE,TRUE,TRUE,0.07844692016761788,8475784,7,15
2021021028,274,even-strength,69,21,FALSE,FALSE,TRUE,TRUE,TRUE,FALSE,0.03266270340693691,8481522,7,15
2021021028,275,even-strength,78,-8,FALSE,FALSE,TRUE,FALSE,FALSE,FALSE,0,8476525,7,15
2021021028,279,power-play,64,-6,FALSE,FALSE,TRUE,TRUE,TRUE,FALSE,0.07613385287670967,8477949,7,15
2021021028,281,power-play,68,-1,FALSE,FALSE,TRUE,FALSE,FALSE,FALSE,0,8481528,7,15
2021021028,282,power-play,43,12,FALSE,FALSE,TRUE,TRUE,FALSE,FALSE,0.03849618962598109,8478109,7,15
2021021028,283,even-strength,66,0,FALSE,FALSE,TRUE,FALSE,FALSE,FALSE,0,8478109,7,15
2021021028,284,even-strength,65,-31,FALSE,FALSE,TRUE,TRUE,TRUE,FALSE,0.02161135544935929,8481528,7,15
2021021028,286,even-strength,80,-4,FALSE,FALSE,TRUE,TRUE,TRUE,FALSE,0.1436990683014327,8475784,7,15
2021021028,287,even-strength,34,-34,FALSE,FALSE,TRUE,TRUE,FALSE,FALSE,0.00802078985985214,8479420,7,15
2021021028,290,even-strength,54,2,FALSE,FALSE,TRUE,FALSE,FALSE,FALSE,0,8480807,7,15
2021021028,293,even-strength,42,16,TRUE,FALSE,TRUE,TRUE,TRUE,FALSE,0.0420452516292529,8476525,7,15
2021021028,296,even-strength,81,-11,FALSE,FALSE,TRUE,TRUE,FALSE,FALSE,0.07396851377543594,8473449,7,15
2021021028,297,even-strength,33,-17,FALSE,FALSE,TRUE,TRUE,TRUE,FALSE,0.01123884327904951,8475796,7,15
2021021028,298,even-strength,84,-35,FALSE,FALSE,TRUE,TRUE,TRUE,FALSE,0.01345865542606536,8479999,7,15
2021021028,299,even-strength,35,-8,FALSE,FALSE,TRUE,TRUE,FALSE,FALSE,0.02566080201515453,8476525,7,15
2021021028,300,even-strength,70,-21,TRUE,FALSE,TRUE,TRUE,TRUE,TRUE,0.09832826593828052,8475784,7,15
2021021028,402,even-strength,82,8,FALSE,FALSE,TRUE,TRUE,FALSE,FALSE,0.07434151555019436,8481522,7,15
2021021028,403,even-strength,82,-6,FALSE,FALSE,TRUE,TRUE,TRUE,TRUE,0.14104694140359472,8478109,7,15
2021021028,416,even-strength,35,-17,FALSE,FALSE,TRUE,TRUE,TRUE,FALSE,0.04446059837959217,8479420,7,15
2021021028,421,even-strength,75,-14,FALSE,FALSE,TRUE,FALSE,FALSE,FALSE,0,8479420,7,15
2021021028,424,even-strength,47,4,FALSE,FALSE,TRUE,TRUE,TRUE,FALSE,0.03515956028538633,8473449,7,15
2021021028,431,even-strength,68,-12,FALSE,FALSE,TRUE,TRUE,TRUE,FALSE,0.10311988570467888,8478109,7,15
2021021028,432,even-strength,82,8,FALSE,TRUE,TRUE,TRUE,FALSE,FALSE,0.2148977074394493,8479335,7,15
2021021028,433,even-strength,66,1,FALSE,FALSE,TRUE,TRUE,FALSE,FALSE,0.10258460155013811,8478109,7,15
2021021028,434,even-strength,55,2,FALSE,FALSE,TRUE,FALSE,FALSE,FALSE,0,8480196,7,15
2021021028,435,even-strength,69,-14,FALSE,FALSE,TRUE,FALSE,FALSE,FALSE,0,8481528,7,15
2021021028,438,even-strength,53,10,FALSE,FALSE,TRUE,TRUE,FALSE,FALSE,0.04282263047552762,8475784,7,15
2021021028,439,even-strength,83,-15,FALSE,FALSE,TRUE,FALSE,FALSE,FALSE,0,8477949,7,15
2021021028,441,even-strength,75,40,FALSE,FALSE,TRUE,TRUE,TRUE,FALSE,0.01893166092086473,8480839,7,15
2021021028,444,penalty-kill,-35,-14,FALSE,FALSE,TRUE,TRUE,FALSE,FALSE,0.00127327558240921,8480035,7,15
2021021028,448,even-strength,26,-2,FALSE,FALSE,TRUE,TRUE,TRUE,FALSE,0.01904035729500343,8479999,7,15
2021021028,449,even-strength,60,15,FALSE,FALSE,TRUE,FALSE,FALSE,FALSE,0,8475784,7,15
2021021028,450,even-strength,68,-19,FALSE,FALSE,TRUE,TRUE,TRUE,FALSE,0.04538347964906115,8479420,7,15
2021021028,751,even-strength,73,-1,FALSE,FALSE,TRUE,FALSE,FALSE,FALSE,0,8481528,7,15
2021021028,752,even-strength,75,-18,FALSE,FALSE,TRUE,TRUE,TRUE,FALSE,0.04782072673215044,8479999,7,15
2021021028,755,even-strength,80,4,FALSE,FALSE,TRUE,TRUE,TRUE,FALSE,0.15893269230622656,8475784,7,15
2021021028,756,even-strength,62,-11,FALSE,FALSE,TRUE,TRUE,TRUE,FALSE,0.09781732155066772,8480035,7,15
2021021028,757,even-strength,51,24,FALSE,FALSE,TRUE,TRUE,TRUE,FALSE,0.06516989598518098,8475784,7,15
2021021028,758,even-strength,80,-12,FALSE,TRUE,TRUE,TRUE,TRUE,FALSE,0.2497404906755548,8479999,7,15
2021021028,761,even-strength,49,-19,FALSE,FALSE,TRUE,TRUE,FALSE,FALSE,0.07390984889524613,8473449,7,15
2021021028,762,even-strength,45,7,FALSE,FALSE,TRUE,TRUE,FALSE,FALSE,0.0686579551830228,8479420,7,15
2021021028,764,even-strength,62,25,FALSE,FALSE,TRUE,TRUE,TRUE,FALSE,0.06861185584003077,8473449,7,15
2021021054,394,penalty-kill,-52,40,FALSE,FALSE,TRUE,TRUE,TRUE,FALSE,7.254504711721012e-4,8478427,12,15
2021021054,801,even-strength,56,-28,FALSE,FALSE,TRUE,TRUE,FALSE,FALSE,0.02654572932260292,8480039,12,15
2021021054,803,even-strength,60,19,FALSE,FALSE,TRUE,TRUE,TRUE,FALSE,0.05619562813417574,8477503,12,15
2021021054,805,even-strength,35,29,FALSE,FALSE,TRUE,TRUE,TRUE,TRUE,0.01693051269378016,8476869,12,15
2021021054,806,even-strength,79,3,FALSE,FALSE,TRUE,TRUE,TRUE,FALSE,0.13145596102807766,8482093,12,15
2021021054,808,even-strength,40,3,FALSE,FALSE,TRUE,TRUE,TRUE,FALSE,0.03539113069949405,8476389,12,15
2021021054,810,even-strength,74,38,FALSE,FALSE,TRUE,TRUE,FALSE,FALSE,0.02262348987554778,8478427,12,15
2021021054,812,even-strength,57,25,FALSE,FALSE,TRUE,TRUE,FALSE,FALSE,0.02756251772691418,8475799,12,15
2021021054,815,even-strength,86,24,FALSE,FALSE,TRUE,TRUE,TRUE,FALSE,0.03680108666423373,8480829,12,15
2021021095,60,even-strength,83,-16,FALSE,FALSE,TRUE,TRUE,TRUE,FALSE,0.03490940901577789,8478508,18,15
2021021095,61,even-strength,70,-3,FALSE,FALSE,TRUE,TRUE,TRUE,FALSE,0.06820860766869469,8476925,18,15
2021021095,62,even-strength,73,8,FALSE,FALSE,TRUE,TRUE,FALSE,FALSE,0.05375119672754945,8476925,18,15
2021021095,63,even-strength,86,-9,FALSE,FALSE,TRUE,TRUE,TRUE,FALSE,0.0346703861339199,8478508,18,15
2021021095,64,even-strength,40,16,FALSE,FALSE,TRUE,TRUE,FALSE,FALSE,0.01798292119915167,8476925,18,15
2021021095,66,even-strength,39,-18,FALSE,FALSE,TRUE,TRUE,TRUE,FALSE,0.03005295118648232,8479316,18,15
2021021095,71,even-strength,64,16,FALSE,FALSE,TRUE,FALSE,FALSE,FALSE,0,8480009,18,15
2021021095,73,even-strength,60,11,FALSE,FALSE,TRUE,FALSE,FALSE,FALSE,0,8479316,18,15
2021021095,75,even-strength,55,-21,FALSE,FALSE,TRUE,FALSE,FALSE,FALSE,0,8478851,18,15
2021021095,78,even-strength,82,33,FALSE,FALSE,TRUE,TRUE,TRUE,FALSE,0.01980501968062436,8478508,18,15
2021021095,79,even-strength,63,6,FALSE,FALSE,TRUE,TRUE,FALSE,FALSE,0.09248062800814816,8478508,18,15
2021021095,80,even-strength,38,34,FALSE,FALSE,TRUE,TRUE,FALSE,FALSE,0.01081220237434538,8475218,18,15
2021021095,84,even-strength,50,1,FALSE,FALSE,TRUE,FALSE,FALSE,FALSE,0,8474600,18,15
2021021095,87,even-strength,55,21,FALSE,FALSE,TRUE,FALSE,FALSE,FALSE,0,8476887,18,15
2021021095,88,even-strength,77,1,FALSE,FALSE,TRUE,FALSE,FALSE,FALSE,0,8474600,18,15
2021021095,89,even-strength,71,0,FALSE,TRUE,TRUE,TRUE,TRUE,FALSE,0.24031653921389,8476887,18,15
2021021095,91,even-strength,41,14,FALSE,FALSE,TRUE,TRUE,TRUE,FALSE,0.017923335282778,8479371,18,15
2021021095,95,even-strength,35,-11,TRUE,FALSE,TRUE,TRUE,TRUE,FALSE,0.02473151246141083,8476887,18,15
2021021095,98,even-strength,46,-24,FALSE,FALSE,TRUE,FALSE,FALSE,FALSE,0,8479371,18,15
2021021095,99,even-strength,49,12,FALSE,FALSE,TRUE,TRUE,TRUE,FALSE,0.02453324193748031,8481577,18,15
2021021095,100,even-strength,50,36,FALSE,FALSE,TRUE,TRUE,FALSE,FALSE,0.0103044743921798,8478508,18,15
2021021095,201,even-strength,58,2,FALSE,FALSE,TRUE,TRUE,FALSE,FALSE,0.05060139090081701,8476925,18,15
2021021095,204,even-strength,75,3,FALSE,FALSE,TRUE,TRUE,TRUE,FALSE,0.0911535394155678,8476925,18,15
2021021095,213,even-strength,61,-33,FALSE,FALSE,TRUE,TRUE,FALSE,FALSE,0.01843373688957093,8478508,18,15
2021021095,214,even-strength,52,34,FALSE,FALSE,TRUE,TRUE,TRUE,FALSE,0.01347904195693343,8475218,18,15
2021021095,215,even-strength,44,-22,FALSE,FALSE,TRUE,TRUE,TRUE,FALSE,0.02130463790504933,8476988,18,15
2021021095,216,even-strength,51,-12,TRUE,FALSE,TRUE,FALSE,FALSE,FALSE,0,8476988,18,15
2021021095,217,even-strength,82,-20,TRUE,FALSE,TRUE,TRUE,TRUE,FALSE,0.06621343289006283,8480009,18,15
2021021095,220,even-strength,37,-3,TRUE,FALSE,TRUE,TRUE,FALSE,FALSE,0.02594190887676883,8478851,18,15
2021021095,221,even-strength,37,22,FALSE,FALSE,TRUE,TRUE,FALSE,FALSE,0.01178079642017739,8475218,18,15
2021021095,222,even-strength,81,-27,FALSE,FALSE,TRUE,TRUE,TRUE,FALSE,0.02139676856470916,8475168,18,15
2021021095,223,even-strength,65,4,FALSE,FALSE,TRUE,TRUE,TRUE,FALSE,0.05489084262017734,8475798,18,15
2021021095,238,even-strength,69,16,FALSE,FALSE,TRUE,TRUE,TRUE,FALSE,0.05686902936368964,8480009,18,15
2021021095,239,even-strength,80,-7,FALSE,FALSE,TRUE,FALSE,FALSE,FALSE,0,8478851,18,15
2021021095,244,even-strength,84,10,FALSE,FALSE,TRUE,TRUE,FALSE,FALSE,0.02708832500695918,8475168,18,15
2021021095,408,even-strength,74,-13,FALSE,FALSE,TRUE,FALSE,FALSE,FALSE,0,8480009,18,15
2021021095,410,even-strength,50,23,FALSE,FALSE,TRUE,FALSE,FALSE,FALSE,0,8474600,18,15
2021021095,418,even-strength,52,-4,FALSE,FALSE,TRUE,TRUE,TRUE,FALSE,0.05965666093468884,8476887,18,15
2021021095,421,power-play,70,-11,FALSE,FALSE,TRUE,FALSE,FALSE,FALSE,0,8475168,18,15
2021021095,422,power-play,39,-4,FALSE,FALSE,TRUE,TRUE,TRUE,FALSE,0.03559604140064622,8474600,18,15
2021021095,424,even-strength,80,-14,FALSE,FALSE,TRUE,TRUE,TRUE,FALSE,0.0687093034390846,8479661,18,15
2021021095,428,even-strength,59,-12,FALSE,FALSE,TRUE,TRUE,TRUE,FALSE,0.03671494318677645,8475798,18,15
2021021095,430,even-strength,65,12,FALSE,FALSE,TRUE,TRUE,FALSE,FALSE,0.03828798879364322,8476887,18,15
2021021095,432,even-strength,64,-5,FALSE,FALSE,TRUE,TRUE,FALSE,FALSE,0.1003069354417816,8479316,18,15
2021021095,435,even-strength,68,32,FALSE,FALSE,TRUE,TRUE,FALSE,FALSE,0.02008422351160529,8475218,18,15
2021021095,436,even-strength,60,0,FALSE,FALSE,TRUE,TRUE,FALSE,FALSE,0.05214873724319022,8478508,18,15
2021021095,437,even-strength,77,-12,FALSE,FALSE,TRUE,TRUE,TRUE,FALSE,0.05357743438948652,8479661,18,15
2021021095,438,even-strength,41,-17,FALSE,FALSE,TRUE,TRUE,TRUE,FALSE,0.0148940985621954,8479371,18,15
2021021095,439,even-strength,40,-11,FALSE,FALSE,TRUE,TRUE,FALSE,FALSE,0.01680644519403535,8479371,18,15
2021021095,440,even-strength,72,-15,FALSE,TRUE,TRUE,TRUE,TRUE,FALSE,0.12055923892256358,8479371,18,15
2021021095,602,even-strength,58,-31,FALSE,FALSE,TRUE,TRUE,TRUE,FALSE,0.01964607625492244,8475168,18,15
2021021095,604,even-strength,49,26,FALSE,FALSE,TRUE,TRUE,FALSE,FALSE,0.02112247063387579,8474600,18,15
2021021095,605,even-strength,85,28,FALSE,FALSE,TRUE,TRUE,TRUE,FALSE,0.02923809463787897,8475793,18,15
2021021095,608,even-strength,68,2,FALSE,FALSE,TRUE,TRUE,TRUE,FALSE,0.07773777823678446,8474600,18,15
2021021095,609,even-strength,81,0,FALSE,FALSE,TRUE,TRUE,TRUE,TRUE,0.1060762280549044,8477446,18,15
2021021095,612,even-strength,77,5,FALSE,FALSE,TRUE,TRUE,TRUE,FALSE,0.08891991104292302,8479661,18,15
2021021095,615,even-strength,65,10,FALSE,FALSE,TRUE,FALSE,FALSE,FALSE,0,8475798,18,15
2021021095,618,even-strength,62,35,FALSE,FALSE,TRUE,TRUE,TRUE,FALSE,0.01493394761396968,8475218,18,15
2021021095,620,even-strength,75,-8,FALSE,FALSE,TRUE,FALSE,FALSE,FALSE,0,8474600,18,15
2021021095,621,even-strength,59,-29,FALSE,FALSE,TRUE,TRUE,FALSE,FALSE,0.01376815823491827,8474600,18,15
2021021095,622,even-strength,37,-13,FALSE,FALSE,TRUE,TRUE,FALSE,FALSE,0.01901019619781594,8474697,18,15
2021021095,624,even-strength,50,2,FALSE,FALSE,TRUE,FALSE,FALSE,FALSE,0,8479371,18,15
2021021095,627,even-strength,77,-26,FALSE,FALSE,TRUE,TRUE,TRUE,FALSE,0.03663379803003008,8476887,18,15
2021021095,636,even-strength,57,15,FALSE,FALSE,TRUE,FALSE,FALSE,FALSE,0,8479316,18,15
2021021095,638,even-strength,68,7,FALSE,FALSE,TRUE,TRUE,FALSE,FALSE,0.061732384274687,8475168,18,15
2021021095,641,power-play,50,-18,FALSE,FALSE,TRUE,TRUE,TRUE,FALSE,0.04384598394852346,8476887,18,15
2021021095,643,power-play,73,2,FALSE,FALSE,TRUE,FALSE,FALSE,FALSE,0,8474600,18,15
2021021095,644,power-play,86,-6,FALSE,FALSE,TRUE,TRUE,TRUE,FALSE,0.10897230858468708,8475168,18,15
2021021095,645,power-play,41,-7,FALSE,FALSE,TRUE,TRUE,FALSE,FALSE,0.02498539920724568,8476887,18,15
2021021095,646,even-strength,39,-4,FALSE,FALSE,TRUE,TRUE,TRUE,FALSE,0.03804822270027006,8476887,18,15
2021021095,648,even-strength,77,-23,FALSE,FALSE,TRUE,TRUE,FALSE,FALSE,0.02749029884409206,8477446,18,15
2021021095,649,even-strength,82,15,FALSE,FALSE,TRUE,TRUE,TRUE,FALSE,0.04009680123198931,8481577,18,15
2021021123,9,even-strength,41,17,FALSE,FALSE,TRUE,FALSE,FALSE,FALSE,0,8475167,14,15
2021021123,10,even-strength,48,26,FALSE,FALSE,TRUE,FALSE,FALSE,FALSE,0,8475167,14,15
2021021123,14,even-strength,43,34,FALSE,FALSE,TRUE,TRUE,TRUE,FALSE,0.01141261746928212,8475167,14,15
2021021123,26,even-strength,79,10,FALSE,FALSE,TRUE,TRUE,TRUE,FALSE,0.04992643857806884,8478010,14,15
2021021123,27,even-strength,66,-21,FALSE,FALSE,TRUE,TRUE,TRUE,FALSE,0.04759250551034281,8480172,14,15
2021021123,28,even-strength,69,1,FALSE,FALSE,TRUE,TRUE,TRUE,TRUE,0.12745143869858547,8476453,14,15
2021021123,29,even-strength,40,19,FALSE,FALSE,TRUE,FALSE,FALSE,FALSE,0,8479410,14,15
2021021123,30,even-strength,47,-21,FALSE,FALSE,TRUE,FALSE,FALSE,FALSE,0,8478416,14,15
2021021123,33,even-strength,81,7,FALSE,FALSE,TRUE,TRUE,TRUE,FALSE,0.12296344488861032,8476453,14,15
2021021123,34,even-strength,61,-24,FALSE,FALSE,TRUE,FALSE,FALSE,FALSE,0,8473986,14,15
2021021123,35,even-strength,33,-30,FALSE,FALSE,TRUE,TRUE,FALSE,FALSE,0.01102140666093142,8480172,14,15
2021021123,37,even-strength,37,14,FALSE,FALSE,TRUE,TRUE,TRUE,FALSE,0.01866488557805978,8479410,14,15
2021021123,38,even-strength,79,-7,FALSE,FALSE,TRUE,TRUE,TRUE,FALSE,0.08836509095470503,8476453,14,15
2021021123,40,even-strength,63,13,FALSE,FALSE,TRUE,TRUE,FALSE,FALSE,0.03566494800541935,8477426,14,15
2021021123,44,even-strength,81,-17,FALSE,FALSE,TRUE,TRUE,TRUE,FALSE,0.04073193020673792,8474034,14,15
2021021123,45,even-strength,75,2,FALSE,FALSE,TRUE,FALSE,FALSE,FALSE,0,8474564,14,15
2021021123,46,even-strength,52,-3,TRUE,FALSE,TRUE,TRUE,TRUE,TRUE,0.06392786973115831,8477426,14,15
2021021123,47,even-strength,66,41,FALSE,FALSE,TRUE,TRUE,TRUE,FALSE,0.01335244992050707,8479410,14,15
2021021123,48,even-strength,49,-11,FALSE,FALSE,TRUE,TRUE,TRUE,FALSE,0.05265655660001071,8473986,14,15
2021021123,49,even-strength,79,0,FALSE,FALSE,TRUE,TRUE,FALSE,FALSE,0.11472335959167122,8479542,14,15
2021021123,262,even-strength,71,3,FALSE,FALSE,TRUE,FALSE,FALSE,FALSE,0,8475167,14,15
2021021123,264,even-strength,76,-4,FALSE,FALSE,TRUE,FALSE,FALSE,FALSE,0,8478519,14,15
2021021123,265,even-strength,67,27,FALSE,FALSE,TRUE,FALSE,FALSE,FALSE,0,8479542,14,15
2021021123,269,penalty-kill,-77,18,FALSE,FALSE,TRUE,TRUE,TRUE,FALSE,2.8259954391108004e-4,8479410,14,15
2021021123,272,penalty-kill,80,-9,FALSE,FALSE,TRUE,TRUE,TRUE,FALSE,0.02857531778137311,8477426,14,15
2021021123,273,penalty-kill,80,-2,FALSE,TRUE,TRUE,TRUE,FALSE,FALSE,0.192075015961464,8477426,14,15
2021021123,275,even-strength,61,15,FALSE,FALSE,TRUE,FALSE,FALSE,FALSE,0,8477426,14,15
2021021123,276,even-strength,77,26,FALSE,FALSE,TRUE,TRUE,TRUE,FALSE,0.02902127211163956,8477426,14,15
2021021123,277,even-strength,67,13,FALSE,FALSE,TRUE,FALSE,FALSE,FALSE,0,8476453,14,15
2021021123,278,even-strength,68,-23,FALSE,FALSE,TRUE,TRUE,TRUE,FALSE,0.03304139632192449,8476292,14,15
2021021123,279,even-strength,77,-1,FALSE,FALSE,TRUE,FALSE,FALSE,FALSE,0,8476453,14,15
2021021123,285,even-strength,57,-21,FALSE,FALSE,TRUE,TRUE,TRUE,FALSE,0.04302393713007804,8478519,14,15
2021021123,288,even-strength,79,26,FALSE,FALSE,TRUE,TRUE,TRUE,FALSE,0.027363908068433,8477426,14,15
2021021123,289,even-strength,74,28,FALSE,FALSE,TRUE,TRUE,TRUE,FALSE,0.02161774099394174,8470621,14,15
2021021123,291,even-strength,65,1,FALSE,FALSE,TRUE,TRUE,TRUE,FALSE,0.08875435406647803,8475167,14,15
2021021123,293,power-play,49,-12,FALSE,FALSE,TRUE,TRUE,FALSE,FALSE,0.04215988783393815,8476453,14,15
2021021123,294,penalty-kill,72,0,FALSE,FALSE,TRUE,TRUE,TRUE,FALSE,0.08265694861012704,8473986,14,15
2021021123,295,penalty-kill,90,9,FALSE,FALSE,TRUE,TRUE,FALSE,FALSE,0.12279768684312714,8473986,14,15
2021021123,701,even-strength,54,24,FALSE,FALSE,TRUE,FALSE,FALSE,FALSE,0,8477426,14,15
2021021123,702,even-strength,56,-4,FALSE,FALSE,TRUE,FALSE,FALSE,FALSE,0,8480172,14,15
2021021123,703,even-strength,70,-1,FALSE,FALSE,TRUE,FALSE,FALSE,FALSE,0,8477930,14,15
2021021123,713,even-strength,73,-6,FALSE,FALSE,TRUE,TRUE,TRUE,FALSE,0.08414195411264631,8479525,14,15
2021021123,718,power-play,39,-11,FALSE,FALSE,TRUE,TRUE,TRUE,FALSE,0.04108105942017521,8479410,14,15
2021021123,719,power-play,63,-15,FALSE,FALSE,TRUE,FALSE,FALSE,FALSE,0,8476453,14,15
2021021123,721,even-strength,61,-13,FALSE,FALSE,TRUE,TRUE,FALSE,FALSE,0.05864585499330506,8478416,14,15
2021021123,722,even-strength,60,29,FALSE,FALSE,TRUE,TRUE,TRUE,FALSE,0.02774133592418957,8480172,14,15
2021021123,724,even-strength,-85,-21,FALSE,FALSE,TRUE,TRUE,TRUE,FALSE,1.196884849315262e-4,8478416,14,15
2021021123,733,even-strength,56,3,FALSE,FALSE,TRUE,TRUE,FALSE,FALSE,0.05229429852176059,8478010,14,15
2021021123,734,even-strength,70,0,FALSE,FALSE,TRUE,FALSE,FALSE,FALSE,0,8480172,14,15
2021021123,735,even-strength,79,17,FALSE,FALSE,TRUE,FALSE,FALSE,FALSE,0,8474564,14,15
2021021123,736,even-strength,79,-7,FALSE,FALSE,TRUE,FALSE,FALSE,FALSE,0,8476453,14,15
2021021123,737,even-strength,67,-3,FALSE,FALSE,TRUE,FALSE,FALSE,FALSE,0,8476453,14,15
2021021123,738,power-play,72,-26,FALSE,FALSE,TRUE,TRUE,TRUE,TRUE,0.0796309863469699,8479525,14,15
2021021123,740,penalty-kill,61,-31,FALSE,FALSE,TRUE,TRUE,TRUE,FALSE,0.02137101700285203,8478519,14,15
2021021123,741,penalty-kill,82,-9,FALSE,FALSE,TRUE,TRUE,TRUE,FALSE,0.04936815552729075,8476292,14,15
2021021123,743,penalty-kill,64,13,FALSE,FALSE,TRUE,FALSE,FALSE,FALSE,0,8475167,14,15
2021021123,744,even-strength,39,-20,FALSE,FALSE,TRUE,TRUE,TRUE,FALSE,0.02985618115471683,8476453,14,15
2021021123,745,even-strength,60,35,FALSE,TRUE,TRUE,FALSE,FALSE,FALSE,0,8475167,14,15
2021021146,30,even-strength,76,-6,FALSE,FALSE,TRUE,FALSE,FALSE,FALSE,0,8478507,5,15
2021021146,41,power-play,69,10,FALSE,TRUE,TRUE,FALSE,FALSE,FALSE,0,8471675,5,15
2021021146,42,power-play,85,-18,FALSE,FALSE,TRUE,TRUE,TRUE,FALSE,0.09367168660559735,8477404,5,15
2021021146,151,even-strength,81,-6,TRUE,FALSE,TRUE,TRUE,TRUE,FALSE,0.1610577002746314,8477404,5,15
2021021146,152,even-strength,73,12,FALSE,TRUE,TRUE,TRUE,TRUE,TRUE,0.1364925636129556,8475810,5,15
2021021146,155,even-strength,60,14,FALSE,FALSE,TRUE,TRUE,TRUE,FALSE,0.06081794168933419,8478046,5,15
2021021146,156,even-strength,60,-22,FALSE,FALSE,TRUE,TRUE,TRUE,FALSE,0.04949511853000386,8471675,5,15
2021021146,157,power-play,63,-9,FALSE,FALSE,TRUE,FALSE,FALSE,FALSE,0,8471724,5,15
2021021146,158,power-play,70,-7,FALSE,FALSE,TRUE,FALSE,FALSE,FALSE,0,8475810,5,15
2021021146,159,power-play,65,33,FALSE,FALSE,TRUE,TRUE,TRUE,FALSE,0.03428220993864609,8476483,5,15
2021021146,165,even-strength,85,7,FALSE,TRUE,TRUE,TRUE,TRUE,FALSE,0.15494571129996815,8478542,5,15
2021021146,166,even-strength,72,16,FALSE,FALSE,TRUE,TRUE,FALSE,FALSE,0.05199915200637688,8477969,5,15
2021021146,167,even-strength,69,3,FALSE,FALSE,TRUE,TRUE,TRUE,FALSE,0.1409465257091399,8478046,5,15
2021021146,168,even-strength,85,25,FALSE,FALSE,TRUE,TRUE,TRUE,FALSE,0.03177890190106885,8476483,5,15
2021021146,169,even-strength,75,17,FALSE,TRUE,TRUE,TRUE,FALSE,FALSE,0.10618268468387604,8471215,5,15
2021021146,173,even-strength,72,12,FALSE,FALSE,TRUE,FALSE,FALSE,FALSE,0,8477404,5,15
2021021146,174,even-strength,68,-11,FALSE,FALSE,TRUE,FALSE,FALSE,FALSE,0,8477969,5,15
2021021146,177,power-play,76,-1,FALSE,FALSE,TRUE,TRUE,TRUE,FALSE,0.1442071509552349,8477404,5,15
2021021146,178,power-play,65,-6,FALSE,FALSE,TRUE,FALSE,FALSE,FALSE,0,8475810,5,15
2021021146,179,power-play,79,7,FALSE,FALSE,TRUE,TRUE,FALSE,FALSE,0.12675034128882756,8471675,5,15
2021021146,180,power-play,54,-16,FALSE,FALSE,TRUE,TRUE,FALSE,FALSE,0.05673832819372364,8471215,5,15
2021021146,181,power-play,75,-1,FALSE,FALSE,TRUE,FALSE,FALSE,FALSE,0,8475810,5,15
2021021146,182,power-play,67,0,TRUE,FALSE,TRUE,TRUE,FALSE,FALSE,0.13894090161423447,8475810,5,15
2021021146,183,even-strength,89,-14,FALSE,FALSE,TRUE,TRUE,TRUE,FALSE,0.0724078691730151,8471675,5,15
2021021146,184,even-strength,77,-18,FALSE,FALSE,TRUE,TRUE,FALSE,FALSE,0.04475176279734078,8476875,5,15
2021021146,186,even-strength,87,8,TRUE,FALSE,TRUE,TRUE,TRUE,FALSE,0.08453306895774781,8478542,5,15
2021021146,187,even-strength,80,9,TRUE,FALSE,TRUE,TRUE,TRUE,TRUE,0.06605141598098306,8470604,5,15
2021021146,189,even-strength,77,1,FALSE,FALSE,TRUE,FALSE,FALSE,FALSE,0,8475208,5,15
2021021146,190,even-strength,84,-17,TRUE,FALSE,TRUE,TRUE,TRUE,TRUE,0.05037572834375702,8470619,5,15
2021021146,192,even-strength,83,6,FALSE,FALSE,TRUE,FALSE,FALSE,FALSE,0,8478542,5,15
2021021146,194,even-strength,64,-20,TRUE,FALSE,TRUE,TRUE,TRUE,FALSE,0.04819281072141637,8471724,5,15
2021021146,195,even-strength,81,15,FALSE,FALSE,TRUE,TRUE,TRUE,FALSE,0.03687111970369792,8475208,5,15
2021021146,196,even-strength,35,-7,FALSE,FALSE,TRUE,TRUE,FALSE,FALSE,0.01917719416649133,8475208,5,15
2021021146,197,even-strength,87,7,FALSE,FALSE,TRUE,TRUE,TRUE,FALSE,0.03204214364406958,8476483,5,15
2021021146,198,even-strength,66,11,FALSE,FALSE,TRUE,TRUE,TRUE,FALSE,0.03354239643591315,8471215,5,15
2021021146,199,even-strength,76,-3,FALSE,TRUE,TRUE,TRUE,FALSE,FALSE,0.2129575745692084,8471215,5,15
2021021146,263,even-strength,52,-8,FALSE,TRUE,TRUE,TRUE,FALSE,FALSE,0.10553376880397058,8471215,5,15
2021021146,280,even-strength,88,6,FALSE,FALSE,TRUE,TRUE,FALSE,FALSE,0.05466430213728539,8476927,5,15
2021021146,294,even-strength,74,13,FALSE,TRUE,TRUE,TRUE,TRUE,FALSE,0.14625249513897862,8471215,5,15
2021021146,452,penalty-kill,68,3,FALSE,FALSE,TRUE,FALSE,FALSE,FALSE,0,8470604,5,15
2021021146,459,even-strength,80,-20,FALSE,FALSE,TRUE,FALSE,FALSE,FALSE,0,8475810,5,15
2021021146,462,even-strength,55,-16,FALSE,FALSE,TRUE,FALSE,FALSE,FALSE,0,8475208,5,15
2021021146,465,even-strength,63,11,FALSE,FALSE,TRUE,FALSE,FALSE,FALSE,0,8477969,5,15
2021021146,466,even-strength,62,-19,FALSE,FALSE,TRUE,TRUE,TRUE,FALSE,0.0467857117538435,8477969,5,15
2021021146,469,even-strength,38,-30,FALSE,FALSE,TRUE,TRUE,TRUE,FALSE,0.01528042407522757,8471724,5,15
2021021146,470,even-strength,68,34,FALSE,FALSE,TRUE,TRUE,TRUE,FALSE,0.02206804727505814,8476927,5,15
2021021146,471,even-strength,53,-19,FALSE,FALSE,TRUE,TRUE,FALSE,FALSE,0.02675095639497538,8476483,5,15
2021021146,472,even-strength,74,1,FALSE,FALSE,TRUE,FALSE,FALSE,FALSE,0,8471724,5,15
2021021146,473,even-strength,65,8,FALSE,FALSE,TRUE,TRUE,FALSE,FALSE,0.06735558649123469,8477953,5,15
2021021146,474,even-strength,65,-14,FALSE,FALSE,TRUE,TRUE,FALSE,FALSE,0.04970220250083825,8477404,5,15
2021021146,477,even-strength,60,-5,FALSE,FALSE,TRUE,TRUE,TRUE,FALSE,0.05783572357853452,8478542,5,15
2021021146,478,even-strength,65,-9,FALSE,FALSE,TRUE,TRUE,FALSE,FALSE,0.05198806166718375,8471675,5,15
2021021146,479,even-strength,74,3,FALSE,FALSE,TRUE,FALSE,FALSE,FALSE,0,8477404,5,15
2021021146,483,even-strength,55,16,FALSE,FALSE,TRUE,TRUE,FALSE,FALSE,0.04466600387544601,8476927,5,15
2021021146,484,even-strength,58,12,FALSE,FALSE,TRUE,TRUE,TRUE,FALSE,0.05501998266387942,8477969,5,15
2021021146,485,even-strength,58,-2,FALSE,FALSE,TRUE,FALSE,FALSE,FALSE,0,8477969,5,15
2021021146,486,even-strength,59,-21,FALSE,FALSE,TRUE,TRUE,TRUE,FALSE,0.02603306572961834,8476875,5,15
2021021146,487,even-strength,34,-2,FALSE,FALSE,TRUE,TRUE,FALSE,FALSE,0.02788103054635002,8476875,5,15
2021021146,489,even-strength,77,2,FALSE,FALSE,TRUE,TRUE,TRUE,FALSE,0.10263622295762452,8475810,5,15
2021021146,499,even-strength,36,28,FALSE,FALSE,TRUE,TRUE,TRUE,FALSE,0.01597903310660738,8476875,5,15
2021021146,500,even-strength,48,-28,FALSE,FALSE,TRUE,TRUE,FALSE,FALSE,0.0196778328563838,8470604,5,15
2021021146,667,even-strength,21,18,FALSE,FALSE,TRUE,TRUE,TRUE,FALSE,0.00546487076375894,8475810,5,15
2021021146,801,even-strength,77,18,FALSE,FALSE,TRUE,TRUE,TRUE,FALSE,0.04229748723194877,8470604,5,15
2021021146,802,even-strength,77,1,FALSE,FALSE,TRUE,FALSE,FALSE,FALSE,0,8470604,5,15
2021021146,808,even-strength,80,-19,FALSE,FALSE,TRUE,TRUE,TRUE,FALSE,0.04063983998768263,8471724,5,15
2021021146,809,even-strength,68,1,FALSE,TRUE,TRUE,TRUE,FALSE,FALSE,0.18128217051308743,8470604,5,15
2021021146,810,even-strength,48,-7,FALSE,FALSE,TRUE,TRUE,FALSE,FALSE,0.04151425077873873,8477244,5,15
2021021146,812,even-strength,75,9,FALSE,FALSE,TRUE,TRUE,FALSE,FALSE,0.05024904267243298,8471675,5,15
2021021146,814,even-strength,72,1,FALSE,FALSE,TRUE,FALSE,FALSE,FALSE,0,8477244,5,15
2021021146,815,even-strength,47,17,FALSE,FALSE,TRUE,TRUE,TRUE,FALSE,0.02255035214790429,8478046,5,15
2021021146,816,even-strength,51,12,FALSE,FALSE,TRUE,FALSE,FALSE,FALSE,0,8476875,5,15
2021021146,823,even-strength,34,25,FALSE,FALSE,TRUE,TRUE,TRUE,FALSE,0.01033234708831881,8476875,5,15
2021021146,824,power-play,54,7,FALSE,FALSE,TRUE,TRUE,FALSE,FALSE,0.06395839574557512,8477404,5,15
2021021146,825,power-play,47,-10,FALSE,FALSE,TRUE,TRUE,FALSE,FALSE,0.06153376061485696,8471215,5,15
2021021170,8,even-strength,20,-2,FALSE,FALSE,TRUE,TRUE,TRUE,FALSE,0.00811334802661082,8475763,4,15
2021021170,9,even-strength,68,6,FALSE,FALSE,TRUE,FALSE,FALSE,FALSE,0,8475763,4,15
2021021170,11,even-strength,77,-9,FALSE,FALSE,TRUE,FALSE,FALSE,FALSE,0,8480220,4,15
2021021170,12,even-strength,70,-1,FALSE,FALSE,TRUE,TRUE,TRUE,FALSE,0.08224858901856867,8477887,4,15
2021021170,13,even-strength,40,-1,FALSE,FALSE,TRUE,TRUE,FALSE,FALSE,0.01976970973700089,8481546,4,15
2021021170,14,even-strength,54,-26,FALSE,FALSE,TRUE,TRUE,TRUE,FALSE,0.01990679777770333,8474715,4,15
2021021170,16,even-strength,72,-14,FALSE,FALSE,TRUE,FALSE,FALSE,FALSE,0,8481553,4,15
2021021170,17,even-strength,59,-7,FALSE,FALSE,TRUE,TRUE,FALSE,FALSE,0.0411748825175687,8480028,4,15
2021021170,19,even-strength,46,-7,FALSE,FALSE,TRUE,TRUE,TRUE,FALSE,0.02532573445587809,8470775,4,15
2021021170,23,even-strength,76,7,FALSE,FALSE,TRUE,TRUE,FALSE,FALSE,0.07083270493898235,8480028,4,15
2021021170,24,even-strength,32,23,FALSE,TRUE,TRUE,TRUE,FALSE,FALSE,0.03823930585344043,8478500,4,15
2021021170,25,even-strength,89,-17,FALSE,TRUE,TRUE,TRUE,FALSE,FALSE,0.15938697665333643,8481553,4,15
2021021170,26,even-strength,49,-16,FALSE,FALSE,TRUE,TRUE,TRUE,FALSE,0.02974231826773337,8474715,4,15
2021021170,31,even-strength,51,-25,TRUE,FALSE,TRUE,FALSE,FALSE,FALSE,0,8477499,4,15
2021021170,32,even-strength,79,-2,FALSE,FALSE,TRUE,TRUE,TRUE,TRUE,0.1095747508216821,8474037,4,15
2021021170,40,even-strength,57,23,FALSE,FALSE,TRUE,TRUE,TRUE,FALSE,0.02981577603349484,8481553,4,15
2021021170,41,even-strength,61,40,FALSE,FALSE,TRUE,TRUE,FALSE,FALSE,0.01086286952878417,8478500,4,15
2021021170,44,power-play,82,2,FALSE,FALSE,TRUE,TRUE,TRUE,FALSE,0.11585347458799906,8478439,4,15
2021021170,251,even-strength,85,-18,TRUE,FALSE,TRUE,TRUE,TRUE,FALSE,0.07974307014016337,8475763,4,15
2021021170,252,even-strength,36,-15,FALSE,FALSE,TRUE,TRUE,TRUE,FALSE,0.01249440664422522,8478500,4,15
2021021170,258,even-strength,60,23,FALSE,FALSE,TRUE,FALSE,FALSE,FALSE,0,8475246,4,15
2021021170,259,even-strength,50,-29,FALSE,FALSE,TRUE,TRUE,TRUE,FALSE,0.01643449480058469,8481521,4,15
2021021170,260,even-strength,68,-14,FALSE,TRUE,TRUE,FALSE,FALSE,FALSE,0,8475763,4,15
2021021170,261,even-strength,61,-1,FALSE,FALSE,TRUE,TRUE,FALSE,FALSE,0.05510216488304538,8481521,4,15
2021021170,265,even-strength,-90,32,FALSE,FALSE,TRUE,TRUE,TRUE,FALSE,6.394511913502305e-5,8481546,4,15
2021021170,269,even-strength,57,-25,FALSE,FALSE,TRUE,FALSE,FALSE,FALSE,0,8481521,4,15
2021021170,277,even-strength,64,-10,FALSE,FALSE,TRUE,FALSE,FALSE,FALSE,0,8477948,4,15
2021021170,279,even-strength,71,-19,TRUE,FALSE,TRUE,TRUE,TRUE,FALSE,0.06479435728373119,8477499,4,15
2021021170,280,even-strength,57,-2,FALSE,FALSE,TRUE,TRUE,TRUE,FALSE,0.07053665620964863,8480220,4,15
2021021170,281,even-strength,76,12,FALSE,TRUE,TRUE,FALSE,FALSE,FALSE,0,8478439,4,15
2021021170,282,even-strength,34,-30,FALSE,FALSE,TRUE,TRUE,TRUE,FALSE,0.00798005924503866,8475246,4,15
2021021170,284,even-strength,85,14,FALSE,FALSE,TRUE,FALSE,FALSE,FALSE,0,8481546,4,15
2021021170,290,even-strength,57,15,TRUE,FALSE,TRUE,TRUE,FALSE,FALSE,0.0340527639718968,8477887,4,15
2021021170,298,even-strength,65,-2,FALSE,FALSE,TRUE,FALSE,FALSE,FALSE,0,8480220,4,15
2021021170,299,even-strength,55,-30,FALSE,FALSE,TRUE,FALSE,FALSE,FALSE,0,8477948,4,15
2021021170,651,even-strength,66,2,FALSE,FALSE,TRUE,TRUE,TRUE,FALSE,0.08624785558627954,8481553,4,15
2021021170,656,even-strength,51,-31,FALSE,FALSE,TRUE,TRUE,TRUE,FALSE,0.02106851049027019,8480015,4,15
2021021170,665,even-strength,73,-1,FALSE,FALSE,TRUE,TRUE,TRUE,FALSE,0.1500767353895315,8475763,4,15
2021021170,668,penalty-kill,60,-15,FALSE,FALSE,TRUE,TRUE,TRUE,FALSE,0.06264665550331162,8475763,4,15
2021021170,670,power-play,47,-12,FALSE,FALSE,TRUE,FALSE,FALSE,FALSE,0,8475763,4,15
2021021170,671,power-play,81,2,FALSE,TRUE,TRUE,TRUE,TRUE,TRUE,0.26508174828560493,8474037,4,15
2021021170,674,even-strength,-55,36,FALSE,FALSE,TRUE,TRUE,TRUE,FALSE,3.3195223163085046e-4,8481546,4,15
2021021170,1051,power-play,79,-10,FALSE,FALSE,TRUE,FALSE,FALSE,FALSE,0,8475763,4,15
2021021183,11,even-strength,67,10,FALSE,FALSE,TRUE,TRUE,FALSE,FALSE,0.05011530228713617,8479318,10,15
2021021183,12,even-strength,78,9,FALSE,FALSE,TRUE,TRUE,TRUE,FALSE,0.10836857769318428,8479318,10,15
2021021183,13,even-strength,54,-35,FALSE,FALSE,TRUE,TRUE,FALSE,FALSE,0.01923555626028935,8476278,10,15
2021021183,14,even-strength,65,-3,FALSE,FALSE,TRUE,FALSE,FALSE,FALSE,0,8480950,10,15
2021021183,15,even-strength,87,23,FALSE,FALSE,TRUE,TRUE,FALSE,FALSE,0.04331162148605466,8478115,10,15
2021021183,16,even-strength,80,-14,FALSE,FALSE,TRUE,TRUE,FALSE,FALSE,0.04921387734940623,8475166,10,15
2021021183,17,even-strength,69,21,FALSE,FALSE,TRUE,TRUE,TRUE,FALSE,0.04185187109406499,8475166,10,15
2021021183,18,even-strength,75,12,FALSE,FALSE,TRUE,TRUE,TRUE,TRUE,0.05470996943117158,8478047,10,15
2021021183,19,even-strength,56,13,FALSE,FALSE,TRUE,TRUE,FALSE,FALSE,0.04241322402525043,8479318,10,15
2021021183,21,even-strength,70,-22,FALSE,FALSE,TRUE,TRUE,TRUE,FALSE,0.03711995629470346,8477939,10,15
2021021183,22,even-strength,88,6,FALSE,FALSE,TRUE,TRUE,TRUE,FALSE,0.02979911954202107,8477939,10,15
2021021183,23,even-strength,84,17,FALSE,FALSE,TRUE,TRUE,FALSE,FALSE,0.01523983974429144,8477939,10,15
2021021183,25,even-strength,57,17,FALSE,FALSE,TRUE,FALSE,FALSE,FALSE,0,8474162,10,15
2021021183,29,even-strength,52,-24,FALSE,FALSE,TRUE,TRUE,FALSE,FALSE,0.03179112445120404,8475166,10,15
2021021183,30,even-strength,71,-12,FALSE,FALSE,TRUE,TRUE,FALSE,FALSE,0.0433408860743799,8476853,10,15
2021021183,36,penalty-kill,74,-5,FALSE,FALSE,TRUE,TRUE,FALSE,FALSE,0.1306512329271274,8478115,10,15
2021021183,38,penalty-kill,32,30,FALSE,FALSE,TRUE,TRUE,TRUE,FALSE,0.01806190598551842,8476278,10,15
2021021183,47,even-strength,58,-19,TRUE,FALSE,TRUE,TRUE,TRUE,TRUE,0.05278734368605341,8477939,10,15
2021021183,48,even-strength,77,7,FALSE,FALSE,TRUE,FALSE,FALSE,FALSE,0,8476853,10,15
2021021183,49,even-strength,81,7,FALSE,FALSE,TRUE,TRUE,TRUE,FALSE,0.0972242663189411,8479318,10,15
2021021183,50,even-strength,36,18,FALSE,FALSE,TRUE,TRUE,FALSE,FALSE,0.01346950234047009,8470966,10,15
2021021183,252,even-strength,42,-11,FALSE,FALSE,TRUE,FALSE,FALSE,FALSE,0,8474673,10,15
2021021183,254,power-play,79,-7,FALSE,FALSE,TRUE,TRUE,TRUE,FALSE,0.11718535186185346,8475166,10,15
2021021183,257,power-play,65,6,FALSE,FALSE,TRUE,TRUE,TRUE,FALSE,0.13859901776479244,8478047,10,15
2021021183,259,power-play,66,16,FALSE,FALSE,TRUE,TRUE,TRUE,FALSE,0.07370818363432023,8478483,10,15
2021021183,277,even-strength,71,2,FALSE,FALSE,TRUE,FALSE,FALSE,FALSE,0,8477939,10,15
2021021183,278,even-strength,74,11,FALSE,FALSE,TRUE,FALSE,FALSE,FALSE,0,8470966,10,15
2021021183,279,even-strength,68,8,FALSE,FALSE,TRUE,FALSE,FALSE,FALSE,0,8477939,10,15
2021021183,282,power-play,30,3,FALSE,FALSE,TRUE,TRUE,TRUE,FALSE,0.03110554979795768,8478483,10,15
2021021183,284,power-play,79,-2,FALSE,FALSE,TRUE,TRUE,FALSE,FALSE,0.14179000082157409,8477939,10,15
2021021183,285,power-play,66,-9,FALSE,FALSE,TRUE,FALSE,FALSE,FALSE,0,8478047,10,15
2021021183,287,power-play,54,19,FALSE,FALSE,TRUE,TRUE,FALSE,FALSE,0.05657288438694018,8470966,10,15
2021021183,289,even-strength,35,17,FALSE,FALSE,TRUE,TRUE,TRUE,FALSE,0.01931950006988905,8474162,10,15
2021021183,290,even-strength,75,4,FALSE,FALSE,TRUE,TRUE,FALSE,FALSE,0.10291721184255788,8477021,10,15
2021021183,292,even-strength,76,5,FALSE,FALSE,TRUE,TRUE,TRUE,FALSE,0.08399377718764481,8474190,10,15
2021021183,293,even-strength,79,-18,FALSE,FALSE,TRUE,TRUE,TRUE,FALSE,0.04887416414018391,8478115,10,15
2021021183,601,even-strength,62,10,FALSE,FALSE,TRUE,TRUE,TRUE,FALSE,0.08767375582453672,8476853,10,15
2021021183,602,even-strength,40,-15,FALSE,TRUE,TRUE,TRUE,TRUE,TRUE,0.07280883882046162,8480950,10,15
2021021183,603,even-strength,79,-3,FALSE,FALSE,TRUE,TRUE,TRUE,FALSE,0.1274354883327471,8476853,10,15
2021021183,604,even-strength,84,9,FALSE,TRUE,TRUE,TRUE,TRUE,TRUE,0.19370136066214755,8477939,10,15
2021021216,11,even-strength,83,5,FALSE,FALSE,TRUE,FALSE,FALSE,FALSE,0,8477492,21,15
2021021216,15,even-strength,39,1,FALSE,TRUE,TRUE,TRUE,FALSE,FALSE,0.06769568054370581,8481186,21,15
2021021216,20,power-play,76,1,FALSE,FALSE,TRUE,FALSE,FALSE,FALSE,0,8477476,21,15
2021021216,22,power-play,66,-6,FALSE,FALSE,TRUE,FALSE,FALSE,FALSE,0,8478420,21,15
2021021216,26,even-strength,76,-18,FALSE,FALSE,TRUE,FALSE,FALSE,FALSE,0,8471794,21,15
2021021216,41,even-strength,78,-21,FALSE,FALSE,TRUE,FALSE,FALSE,FALSE,0,8478420,21,15
2021021216,53,even-strength,84,-6,FALSE,FALSE,TRUE,TRUE,TRUE,FALSE,0.0391208460640385,8483570,21,15
2021021216,56,even-strength,77,10,FALSE,FALSE,TRUE,TRUE,FALSE,FALSE,0.06193693793506298,8481186,21,15
2021021216,62,even-strength,74,-3,TRUE,FALSE,TRUE,TRUE,TRUE,FALSE,0.1241437210165509,8477444,21,15
2021021216,63,even-strength,65,0,FALSE,FALSE,TRUE,TRUE,FALSE,FALSE,0.0602541031612891,8480069,21,15
2021021216,67,power-play,81,7,FALSE,FALSE,TRUE,TRUE,TRUE,FALSE,0.11410464640601624,8477492,21,15
2021021216,68,power-play,67,8,FALSE,FALSE,TRUE,TRUE,TRUE,FALSE,0.1696986167646765,8477476,21,15
2021021216,69,power-play,41,3,FALSE,FALSE,TRUE,TRUE,TRUE,FALSE,0.05513120897475864,8480069,21,15
2021021216,70,power-play,67,3,FALSE,FALSE,TRUE,TRUE,TRUE,FALSE,0.14992536122671868,8477476,21,15
2021021216,73,even-strength,60,-11,FALSE,FALSE,TRUE,FALSE,FALSE,FALSE,0,8477456,21,15
2021021216,88,even-strength,63,16,FALSE,FALSE,TRUE,TRUE,TRUE,FALSE,0.0336219254223846,8471794,21,15
2021021216,90,even-strength,72,-5,FALSE,FALSE,TRUE,TRUE,TRUE,FALSE,0.06534257812862027,8478420,21,15
2021021216,91,even-strength,63,17,FALSE,FALSE,TRUE,TRUE,TRUE,FALSE,0.04238984106942941,8478420,21,15
2021021216,99,even-strength,60,14,FALSE,FALSE,TRUE,TRUE,TRUE,TRUE,0.04962372171196111,8477501,21,15
2021021216,156,even-strength,83,8,FALSE,FALSE,TRUE,FALSE,FALSE,FALSE,0,8471794,21,15
2021021216,287,even-strength,69,-14,FALSE,FALSE,TRUE,FALSE,FALSE,FALSE,0,8480069,21,15
2021021216,299,even-strength,70,-3,FALSE,FALSE,TRUE,FALSE,FALSE,FALSE,0,8478420,21,15
2021021216,353,even-strength,60,13,TRUE,FALSE,TRUE,TRUE,TRUE,FALSE,0.07532279834706895,8481186,21,15
2021021216,355,even-strength,83,-2,FALSE,FALSE,TRUE,FALSE,FALSE,FALSE,0,8477492,21,15
2021021216,367,even-strength,84,6,FALSE,FALSE,TRUE,TRUE,FALSE,FALSE,0.08405779606893932,8477476,21,15
2021021216,368,even-strength,83,-4,FALSE,FALSE,TRUE,TRUE,TRUE,FALSE,0.08127737993548009,8477444,21,15
2021021216,378,even-strength,50,-1,FALSE,FALSE,TRUE,FALSE,FALSE,FALSE,0,8477492,21,15
2021021216,379,even-strength,85,7,FALSE,FALSE,TRUE,FALSE,FALSE,FALSE,0,8481524,21,15
2021021216,381,even-strength,67,3,FALSE,FALSE,TRUE,TRUE,TRUE,FALSE,0.0678661874650218,8477456,21,15
2021021216,383,even-strength,73,0,FALSE,FALSE,TRUE,TRUE,FALSE,FALSE,0.11300586465686828,8478420,21,15
2021021216,386,even-strength,68,6,FALSE,FALSE,TRUE,TRUE,FALSE,FALSE,0.0751396474825056,8477492,21,15
2021021216,390,penalty-kill,72,-18,FALSE,FALSE,TRUE,TRUE,TRUE,FALSE,0.02993175050809349,8477501,21,15
2021021216,393,even-strength,36,-11,FALSE,FALSE,TRUE,TRUE,FALSE,FALSE,0.01563713896151032,8480069,21,15
2021021216,397,even-strength,41,-34,FALSE,FALSE,TRUE,TRUE,TRUE,FALSE,0.01048375327136379,8476312,21,15
2021021216,408,even-strength,83,0,FALSE,FALSE,TRUE,TRUE,TRUE,FALSE,0.21927672726138608,8477476,21,15
2021021216,573,even-strength,80,7,FALSE,FALSE,TRUE,FALSE,FALSE,FALSE,0,8477073,21,15
2021021216,586,even-strength,81,-9,FALSE,TRUE,TRUE,FALSE,FALSE,FALSE,0,8481618,21,15
2021021216,588,even-strength,79,5,FALSE,FALSE,TRUE,FALSE,FALSE,FALSE,0,8479398,21,15
2021021216,595,even-strength,57,-14,FALSE,FALSE,TRUE,FALSE,FALSE,FALSE,0,8480069,21,15
2021021216,597,even-strength,67,16,FALSE,FALSE,TRUE,FALSE,FALSE,FALSE,0,8471794,21,15
2021021216,608,even-strength,61,-30,FALSE,FALSE,TRUE,TRUE,FALSE,FALSE,0.02068067774486239,8477456,21,15
2021021216,610,even-strength,44,7,FALSE,FALSE,TRUE,TRUE,TRUE,FALSE,0.03093815975788813,8480069,21,15
2021021216,612,even-strength,36,0,FALSE,FALSE,TRUE,TRUE,TRUE,FALSE,0.02264914193783775,8477492,21,15
2021021216,617,even-strength,39,17,FALSE,FALSE,TRUE,FALSE,FALSE,FALSE,0,8481477,21,15
2021021216,625,even-strength,50,0,FALSE,FALSE,TRUE,TRUE,TRUE,FALSE,0.05826441118791325,8477456,21,15
2021021216,627,even-strength,83,-2,FALSE,TRUE,TRUE,TRUE,TRUE,TRUE,0.3109496416504917,8477476,21,15
2021021216,630,power-play,74,-19,FALSE,FALSE,TRUE,FALSE,FALSE,FALSE,0,8477492,21,15
2021021216,635,even-strength,53,17,FALSE,FALSE,TRUE,TRUE,TRUE,FALSE,0.07005583727137464,8479398,21,15
2021021216,636,even-strength,54,32,FALSE,FALSE,TRUE,TRUE,TRUE,FALSE,0.01731109084417654,8479398,21,15
2021021216,637,even-strength,38,-2,FALSE,FALSE,TRUE,TRUE,TRUE,FALSE,0.03409633692301157,8480069,21,15
2021021216,640,even-strength,54,36,FALSE,FALSE,TRUE,TRUE,TRUE,FALSE,0.01788251925881183,8477476,21,15
2021021216,642,even-strength,55,21,FALSE,FALSE,TRUE,TRUE,TRUE,FALSE,0.055385350099181,8477501,21,15
2021021216,644,even-strength,67,-20,FALSE,FALSE,TRUE,FALSE,FALSE,FALSE,0,8480069,21,15
2021021216,901,even-strength,51,3,FALSE,FALSE,TRUE,FALSE,FALSE,FALSE,0,8477492,21,15
2021021216,951,even-strength,38,-12,FALSE,FALSE,TRUE,TRUE,FALSE,FALSE,0.01675829203334625,8480069,21,15
2021021216,953,even-strength,58,26,FALSE,FALSE,TRUE,FALSE,FALSE,FALSE,0,8477492,21,15
2021021216,956,even-strength,55,23,FALSE,FALSE,TRUE,FALSE,FALSE,FALSE,0,8477492,21,15
2021021216,958,even-strength,15,38,FALSE,FALSE,TRUE,TRUE,TRUE,FALSE,0.02215557182448364,8477501,21,15
2021021231,54,even-strength,60,26,FALSE,FALSE,TRUE,TRUE,TRUE,FALSE,0.03311753224281797,8474157,54,15
2021021231,56,even-strength,-12,-38,TRUE,FALSE,TRUE,TRUE,TRUE,FALSE,0.00182944962115422,8475913,54,15
2021021231,57,even-strength,72,15,FALSE,FALSE,TRUE,TRUE,TRUE,FALSE,0.05690379715393919,8478434,54,15
2021021231,63,even-strength,79,9,FALSE,FALSE,TRUE,TRUE,FALSE,FALSE,0.05780894004751339,8474157,54,15
2021021231,64,even-strength,79,-19,FALSE,FALSE,TRUE,TRUE,FALSE,FALSE,0.04017371447758414,8474157,54,15
2021021231,65,even-strength,61,-22,FALSE,TRUE,TRUE,FALSE,FALSE,FALSE,0,8478403,54,15
2021021231,66,even-strength,67,26,FALSE,FALSE,TRUE,TRUE,TRUE,FALSE,0.03077861054793349,8475188,54,15
2021021231,67,even-strength,62,-2,FALSE,FALSE,TRUE,FALSE,FALSE,FALSE,0,8475913,54,15
2021021231,85,even-strength,66,31,FALSE,FALSE,TRUE,TRUE,TRUE,FALSE,0.01942534167482711,8474149,54,15
2021021231,87,even-strength,55,24,FALSE,FALSE,TRUE,FALSE,FALSE,FALSE,0,8478403,54,15
2021021231,89,even-strength,64,11,FALSE,FALSE,TRUE,TRUE,TRUE,FALSE,0.04060432361400751,8476448,54,15
2021021231,90,even-strength,34,27,FALSE,FALSE,TRUE,TRUE,TRUE,TRUE,0.00791193223487363,8474166,54,15
2021021231,97,even-strength,59,-25,FALSE,FALSE,TRUE,FALSE,FALSE,FALSE,0,8478403,54,15
2021021231,99,even-strength,80,0,FALSE,FALSE,TRUE,TRUE,TRUE,FALSE,0.12824153437379915,8478462,54,15
2021021231,254,even-strength,83,-3,FALSE,TRUE,TRUE,TRUE,FALSE,FALSE,0.2313514308708848,8477406,54,15
2021021231,257,even-strength,52,-6,FALSE,FALSE,TRUE,FALSE,FALSE,FALSE,0,8478403,54,15
2021021231,301,even-strength,48,33,FALSE,FALSE,TRUE,TRUE,FALSE,FALSE,0.01637732716924685,8474157,54,15
2021021231,304,even-strength,73,5,FALSE,FALSE,TRUE,TRUE,FALSE,FALSE,0.07670747115525738,8476448,54,15
2021021231,311,even-strength,50,2,FALSE,FALSE,TRUE,TRUE,TRUE,FALSE,0.0463185515370793,8474157,54,15
2021021231,313,even-strength,45,28,FALSE,FALSE,TRUE,FALSE,FALSE,FALSE,0,8477018,54,15
2021021231,315,even-strength,77,20,FALSE,FALSE,TRUE,FALSE,FALSE,FALSE,0,8477018,54,15
2021021231,316,even-strength,83,3,FALSE,TRUE,TRUE,TRUE,TRUE,FALSE,0.22280493381307231,8477018,54,15
2021021231,317,power-play,59,2,TRUE,FALSE,TRUE,FALSE,FALSE,FALSE,0,8477447,54,15
2021021231,321,even-strength,58,7,FALSE,FALSE,TRUE,TRUE,FALSE,FALSE,0.04048703989788573,8478020,54,15
2021021231,322,even-strength,77,-12,FALSE,FALSE,TRUE,FALSE,FALSE,FALSE,0,8478434,54,15
2021021231,324,even-strength,16,3,FALSE,FALSE,TRUE,TRUE,TRUE,FALSE,0.00849813568977833,8478403,54,15
2021021231,326,even-strength,37,19,FALSE,FALSE,TRUE,TRUE,FALSE,FALSE,0.01351175285518398,8475188,54,15
2021021231,327,even-strength,60,22,FALSE,FALSE,TRUE,TRUE,TRUE,FALSE,0.0239588050604903,8475188,54,15
2021021231,329,even-strength,63,10,FALSE,FALSE,TRUE,FALSE,FALSE,FALSE,0,8477018,54,15
2021021231,552,even-strength,67,-3,TRUE,FALSE,TRUE,FALSE,FALSE,FALSE,0,8474565,54,15
2021021231,553,even-strength,50,-33,FALSE,FALSE,TRUE,TRUE,TRUE,FALSE,0.01418258997755742,8474157,54,15
2021021231,555,even-strength,39,-15,FALSE,FALSE,TRUE,TRUE,TRUE,FALSE,0.018168210149499,8477447,54,15
2021021231,557,even-strength,37,-19,FALSE,FALSE,TRUE,TRUE,FALSE,FALSE,0.01711508290318789,8477447,54,15
2021021231,559,even-strength,82,0,FALSE,FALSE,TRUE,TRUE,TRUE,FALSE,0.21744222103725855,8476448,54,15
2021021231,562,even-strength,81,-3,FALSE,FALSE,TRUE,TRUE,TRUE,FALSE,0.12507119414197757,8477406,54,15
2021021231,563,even-strength,32,5,FALSE,FALSE,TRUE,TRUE,TRUE,FALSE,0.02014364864651881,8477018,54,15
2021021231,565,even-strength,59,3,FALSE,FALSE,TRUE,FALSE,FALSE,FALSE,0,8474565,54,15
2021021231,571,penalty-kill,58,-9,FALSE,FALSE,TRUE,FALSE,FALSE,FALSE,0,8478462,54,15
2021021231,576,even-strength,64,-27,FALSE,FALSE,TRUE,TRUE,TRUE,TRUE,0.02386434620684163,8474149,54,15
2021021231,578,power-play,39,-14,FALSE,FALSE,TRUE,TRUE,TRUE,FALSE,0.04623728417290027,8474565,54,15
2021021231,579,power-play,66,31,FALSE,TRUE,TRUE,TRUE,TRUE,FALSE,0.15486243812816874,8478403,54,15
2021021231,580,power-play,64,-3,FALSE,FALSE,TRUE,TRUE,TRUE,TRUE,0.09165225483285323,8476905,54,15
2021021231,581,even-strength,61,-31,FALSE,FALSE,TRUE,TRUE,TRUE,FALSE,0.03804267264450659,8478020,54,15
2021021231,585,even-strength,34,-35,FALSE,FALSE,TRUE,TRUE,TRUE,FALSE,0.00887289676907087,8474565,54,15
2021021231,587,even-strength,77,-16,FALSE,FALSE,TRUE,FALSE,FALSE,FALSE,0,8476539,54,15
2021021231,588,even-strength,37,0,FALSE,FALSE,TRUE,TRUE,TRUE,FALSE,0.02963210825101354,8477447,54,15
2021021231,590,even-strength,58,34,FALSE,FALSE,TRUE,TRUE,TRUE,FALSE,0.02327378141608191,8474166,54,15
2021021231,592,even-strength,45,21,FALSE,FALSE,TRUE,FALSE,FALSE,FALSE,0,8477018,54,15
2021021231,593,even-strength,74,-1,FALSE,FALSE,TRUE,TRUE,FALSE,FALSE,0.09358308785448076,8479991,54,15
2021021231,594,even-strength,66,-18,FALSE,FALSE,TRUE,FALSE,FALSE,FALSE,0,8474565,54,15
2021021231,596,even-strength,80,-2,FALSE,FALSE,TRUE,TRUE,TRUE,FALSE,0.12344106052919628,8476905,54,15
2021021231,597,even-strength,68,-24,FALSE,FALSE,TRUE,TRUE,FALSE,FALSE,0.03390013459510091,8478020,54,15
2021021231,598,even-strength,62,16,FALSE,FALSE,TRUE,FALSE,FALSE,FALSE,0,8476539,54,15
2021021231,751,even-strength,63,-11,FALSE,FALSE,TRUE,FALSE,FALSE,FALSE,0,8474149,54,15
2021021231,752,even-strength,35,-1,FALSE,FALSE,TRUE,TRUE,TRUE,FALSE,0.02485457561048193,8477018,54,15
2021021231,759,even-strength,55,-19,FALSE,FALSE,TRUE,FALSE,FALSE,FALSE,0,8474157,54,15
2021021231,761,even-strength,22,3,FALSE,FALSE,TRUE,TRUE,TRUE,FALSE,0.00823988379607103,8477406,54,15
2021021231,763,even-strength,53,22,FALSE,FALSE,TRUE,TRUE,FALSE,FALSE,0.03774573736400882,8474166,54,15
2021021231,764,even-strength,59,-26,FALSE,FALSE,TRUE,FALSE,FALSE,FALSE,0,8476539,54,15
2021021231,766,even-strength,81,0,FALSE,FALSE,TRUE,TRUE,TRUE,FALSE,0.14071483520410905,8476539,54,15
2021021231,768,even-strength,54,30,FALSE,FALSE,TRUE,TRUE,FALSE,FALSE,0.01742779635743588,8474565,54,15
2021021231,772,even-strength,70,6,FALSE,FALSE,TRUE,FALSE,FALSE,FALSE,0,8474565,54,15
2021021231,773,even-strength,82,-5,FALSE,FALSE,TRUE,TRUE,TRUE,TRUE,0.1295441728897462,8477447,54,15
2021021279,8,even-strength,-22,-37,FALSE,FALSE,TRUE,TRUE,TRUE,FALSE,8.18919785278449e-4,8477506,2,15
2021021279,9,even-strength,73,0,TRUE,FALSE,TRUE,TRUE,FALSE,FALSE,0.1240484631820054,8475314,2,15
2021021279,10,even-strength,34,5,FALSE,FALSE,TRUE,TRUE,TRUE,FALSE,0.01975172008369398,8476917,2,15
2021021279,12,even-strength,35,-27,FALSE,FALSE,TRUE,TRUE,TRUE,FALSE,0.01105673657996981,8480865,2,15
2021021279,15,even-strength,75,2,TRUE,FALSE,TRUE,FALSE,FALSE,FALSE,0,8476917,2,15
2021021279,16,even-strength,82,-7,FALSE,FALSE,TRUE,TRUE,FALSE,FALSE,0.0618156052176832,8475231,2,15
2021021279,17,even-strength,46,30,FALSE,FALSE,TRUE,TRUE,TRUE,FALSE,0.01476158832554145,8480071,2,15
2021021279,20,even-strength,56,-3,FALSE,FALSE,TRUE,TRUE,TRUE,FALSE,0.06405212778408417,8480789,2,15
2021021279,21,even-strength,32,-18,FALSE,FALSE,TRUE,TRUE,TRUE,FALSE,0.01234319033742364,8477506,2,15
2021021279,25,even-strength,61,-29,FALSE,FALSE,TRUE,TRUE,FALSE,FALSE,0.02295686324925785,8476419,2,15
2021021279,31,even-strength,61,17,FALSE,FALSE,TRUE,TRUE,FALSE,FALSE,0.03128282313890486,8477527,2,15
2021021279,33,even-strength,44,0,FALSE,FALSE,TRUE,TRUE,TRUE,FALSE,0.0355372723741598,8478445,2,15
2021021279,35,power-play,77,-3,FALSE,FALSE,TRUE,TRUE,TRUE,FALSE,0.14076312163190444,8474573,2,15
2021021279,37,power-play,68,3,FALSE,FALSE,TRUE,FALSE,FALSE,FALSE,0,8475151,2,15
2021021279,38,power-play,84,-5,FALSE,FALSE,TRUE,TRUE,TRUE,FALSE,0.12166528759417636,8479356,2,15
2021021279,39,power-play,62,19,FALSE,FALSE,TRUE,TRUE,FALSE,FALSE,0.06661853462404528,8475151,2,15
2021021279,40,power-play,35,0,FALSE,TRUE,TRUE,TRUE,TRUE,TRUE,0.14209036927240845,8477506,2,15
2021021279,41,even-strength,55,-9,FALSE,FALSE,TRUE,FALSE,FALSE,FALSE,0,8474709,2,15
2021021279,43,even-strength,78,-32,FALSE,FALSE,TRUE,TRUE,TRUE,FALSE,0.02482836941817302,8475151,2,15
2021021279,44,even-strength,32,-12,FALSE,FALSE,TRUE,TRUE,TRUE,FALSE,0.01817419361133237,8480222,2,15
2021021279,45,even-strength,80,-1,FALSE,FALSE,TRUE,TRUE,TRUE,FALSE,0.12094986711939136,8476917,2,15
2021021279,254,even-strength,83,-2,FALSE,FALSE,TRUE,TRUE,FALSE,FALSE,0.12008862667721462,8475151,2,15
2021021279,304,even-strength,33,16,FALSE,FALSE,TRUE,TRUE,TRUE,FALSE,0.00998892348163619,8477506,2,15
2021021279,306,even-strength,81,6,FALSE,FALSE,TRUE,TRUE,TRUE,FALSE,0.08511081896479522,8474709,2,15
2021021279,310,even-strength,73,7,FALSE,FALSE,TRUE,FALSE,FALSE,FALSE,0,8476917,2,15
2021021279,311,even-strength,66,23,FALSE,FALSE,TRUE,TRUE,TRUE,FALSE,0.04996805167370215,8475151,2,15
2021021279,312,even-strength,78,16,FALSE,FALSE,TRUE,TRUE,FALSE,FALSE,0.07016595619261749,8479356,2,15
2021021279,314,even-strength,64,-2,FALSE,FALSE,TRUE,FALSE,FALSE,FALSE,0,8478445,2,15
2021021279,316,even-strength,48,5,TRUE,FALSE,TRUE,TRUE,FALSE,FALSE,0.06395699963452735,8476917,2,15
2021021279,318,even-strength,45,-28,FALSE,FALSE,TRUE,FALSE,FALSE,FALSE,0,8477506,2,15
2021021279,327,even-strength,72,0,FALSE,FALSE,TRUE,FALSE,FALSE,FALSE,0,8478445,2,15
2021021279,328,even-strength,86,-8,FALSE,FALSE,TRUE,TRUE,FALSE,FALSE,0.04104699368340946,8475314,2,15
2021021279,329,even-strength,55,32,FALSE,FALSE,TRUE,TRUE,FALSE,FALSE,0.02299044138897385,8480222,2,15
2021021279,330,even-strength,64,-22,FALSE,FALSE,TRUE,FALSE,FALSE,FALSE,0,8480865,2,15
2021021279,331,even-strength,62,-24,FALSE,FALSE,TRUE,TRUE,TRUE,FALSE,0.03226696780247732,8475151,2,15
2021021279,332,even-strength,53,0,FALSE,FALSE,TRUE,TRUE,TRUE,FALSE,0.04427195979742419,8477506,2,15
2021021279,333,even-strength,69,-21,FALSE,FALSE,TRUE,TRUE,FALSE,FALSE,0.03353449202250439,8475314,2,15
2021021279,340,power-play,76,1,FALSE,FALSE,TRUE,TRUE,TRUE,FALSE,0.18259916281988833,8475314,2,15
2021021279,341,power-play,65,-15,FALSE,FALSE,TRUE,FALSE,FALSE,FALSE,0,8476419,2,15
2021021279,342,power-play,62,17,FALSE,FALSE,TRUE,TRUE,TRUE,FALSE,0.12349939039108088,8475314,2,15
2021021279,343,power-play,44,-17,FALSE,FALSE,TRUE,TRUE,TRUE,TRUE,0.05656375089717012,8480865,2,15
2021021279,349,even-strength,64,-13,TRUE,FALSE,TRUE,FALSE,FALSE,FALSE,0,8477527,2,15
2021021279,704,penalty-kill,77,8,FALSE,FALSE,TRUE,TRUE,TRUE,TRUE,0.08015752550197605,8475231,2,15
2021021279,705,penalty-kill,71,-18,TRUE,FALSE,TRUE,FALSE,FALSE,FALSE,0,8475231,2,15
2021021279,707,penalty-kill,62,19,FALSE,FALSE,TRUE,TRUE,TRUE,FALSE,0.0278908788657119,8470610,2,15
2021021279,711,even-strength,85,3,FALSE,FALSE,TRUE,TRUE,TRUE,FALSE,0.15745762404736868,8475231,2,15
2021021279,714,even-strength,75,39,TRUE,FALSE,TRUE,TRUE,FALSE,FALSE,0.03761967043171679,8479356,2,15
2021021279,715,even-strength,74,-15,FALSE,TRUE,TRUE,FALSE,FALSE,FALSE,0,8477506,2,15
2021021279,716,even-strength,52,22,TRUE,FALSE,TRUE,TRUE,TRUE,TRUE,0.07124231258612583,8475314,2,15
2021021279,717,even-strength,76,-13,FALSE,FALSE,TRUE,TRUE,TRUE,FALSE,0.06156505365458959,8475151,2,15
2021021293,599,penalty-kill,53,21,FALSE,FALSE,TRUE,TRUE,TRUE,FALSE,0.05399933489341646,8476432,29,15
2021021293,705,even-strength,67,19,FALSE,FALSE,TRUE,FALSE,FALSE,FALSE,0,8477416,29,15
2021021293,706,even-strength,48,-12,FALSE,FALSE,TRUE,TRUE,TRUE,FALSE,0.04700832808309441,8477416,29,15
2021021293,709,even-strength,75,-13,FALSE,FALSE,TRUE,FALSE,FALSE,FALSE,0,8474161,29,15
2021021293,711,even-strength,70,-7,FALSE,FALSE,TRUE,TRUE,FALSE,FALSE,0.1265806001480643,8477503,29,15
2021021293,712,even-strength,84,24,FALSE,FALSE,TRUE,TRUE,TRUE,FALSE,0.03153886480023449,8478460,29,15
2021021293,713,even-strength,75,3,FALSE,FALSE,TRUE,FALSE,FALSE,FALSE,0,8479339,29,15
2021021293,723,even-strength,57,-31,FALSE,FALSE,TRUE,TRUE,TRUE,FALSE,0.02472814010394275,8478567,29,15
2021021293,738,even-strength,41,0,FALSE,FALSE,TRUE,TRUE,TRUE,FALSE,0.03640830127448894,8476432,29,15
2021021293,739,even-strength,77,0,FALSE,TRUE,TRUE,TRUE,TRUE,TRUE,0.28701468323013485,8476432,29,15
2021021293,740,even-strength,78,2,FALSE,FALSE,TRUE,TRUE,TRUE,FALSE,0.1385874479341731,8474679,29,15
2021021302,102,even-strength,74,4,FALSE,FALSE,TRUE,TRUE,TRUE,FALSE,0.11890693408869454,8475184,3,15
2021021302,103,even-strength,80,-14,FALSE,FALSE,TRUE,TRUE,TRUE,FALSE,0.04734256828081539,8477380,3,15
2021021302,104,even-strength,73,-1,FALSE,FALSE,TRUE,TRUE,TRUE,FALSE,0.06974597208589475,8477380,3,15
2021021302,113,even-strength,48,-28,FALSE,FALSE,TRUE,TRUE,TRUE,FALSE,0.01797263266725485,8480078,3,15
2021021302,114,even-strength,85,-6,FALSE,FALSE,TRUE,TRUE,FALSE,FALSE,0.08797840229894102,8480078,3,15
2021021302,117,even-strength,78,5,FALSE,FALSE,TRUE,TRUE,FALSE,FALSE,0.06954022810279062,8477380,3,15
2021021302,118,even-strength,62,-17,FALSE,FALSE,TRUE,TRUE,FALSE,FALSE,0.03383182228426906,8479323,3,15
2021021302,122,power-play,79,-18,FALSE,FALSE,TRUE,TRUE,TRUE,FALSE,0.06793986164471898,8482109,3,15
2021021302,125,penalty-kill,77,25,FALSE,FALSE,TRUE,FALSE,FALSE,FALSE,0,8475184,3,15
2021021302,128,even-strength,42,37,FALSE,FALSE,TRUE,TRUE,TRUE,FALSE,0.0113781011561695,8479324,3,15
2021021302,129,even-strength,48,-7,FALSE,FALSE,TRUE,FALSE,FALSE,FALSE,0,8479323,3,15
2021021302,131,even-strength,41,-12,FALSE,FALSE,TRUE,TRUE,TRUE,FALSE,0.07208682297229757,8480817,3,15
2021021302,132,even-strength,67,16,FALSE,FALSE,TRUE,TRUE,TRUE,FALSE,0.08285969327861366,8480078,3,15
2021021302,133,even-strength,53,6,FALSE,FALSE,TRUE,FALSE,FALSE,FALSE,0,8479323,3,15
2021021302,135,even-strength,42,-29,FALSE,FALSE,TRUE,TRUE,TRUE,FALSE,0.01220827333601851,8476885,3,15
2021021302,136,even-strength,65,12,FALSE,FALSE,TRUE,FALSE,FALSE,FALSE,0,8475184,3,15
2021021302,140,even-strength,77,-15,FALSE,FALSE,TRUE,TRUE,TRUE,FALSE,0.04516145550938819,8477380,3,15
2021021302,143,penalty-kill,55,16,TRUE,FALSE,TRUE,TRUE,TRUE,FALSE,0.0712566044701155,8475184,3,15
2021021302,144,penalty-kill,86,22,FALSE,FALSE,TRUE,TRUE,FALSE,FALSE,0.01954989588560113,8480817,3,15
2021021302,145,even-strength,86,6,TRUE,FALSE,TRUE,TRUE,TRUE,TRUE,0.13507961550941872,8480078,3,15
2021021302,147,even-strength,-11,-9,FALSE,FALSE,TRUE,TRUE,TRUE,FALSE,0.00179174506178247,8476885,3,15
2021021302,402,even-strength,61,11,FALSE,FALSE,TRUE,TRUE,TRUE,FALSE,0.08213080288187313,8481554,3,15
2021021302,403,even-strength,36,33,FALSE,FALSE,TRUE,TRUE,TRUE,FALSE,0.01215102524809597,8479324,3,15
2021021302,404,even-strength,38,-26,FALSE,FALSE,TRUE,TRUE,TRUE,FALSE,0.01822325044691832,8476459,3,15
2021021302,405,even-strength,84,-10,FALSE,FALSE,TRUE,TRUE,TRUE,FALSE,0.04741844000203393,8479291,3,15
2021021302,413,even-strength,78,23,FALSE,FALSE,TRUE,TRUE,TRUE,FALSE,0.04882580097691344,8479324,3,15
2021021302,415,even-strength,39,-34,FALSE,FALSE,TRUE,TRUE,TRUE,FALSE,0.01319693641880585,8476885,3,15
2021021302,416,even-strength,77,18,TRUE,FALSE,TRUE,TRUE,TRUE,FALSE,0.09179289265367896,8479323,3,15
2021021302,418,even-strength,85,-7,FALSE,FALSE,TRUE,TRUE,FALSE,FALSE,0.04956244034719986,8471817,3,15
2021021302,424,even-strength,83,7,TRUE,FALSE,TRUE,TRUE,TRUE,TRUE,0.0878796480797505,8482109,3,15
2021021302,426,even-strength,43,30,FALSE,FALSE,TRUE,TRUE,TRUE,FALSE,0.0184811836614199,8476885,3,15
2021021302,432,penalty-kill,-72,40,FALSE,FALSE,TRUE,TRUE,TRUE,FALSE,5.483601635037936e-4,8475184,3,15
2021021302,433,penalty-kill,74,-3,FALSE,FALSE,TRUE,TRUE,FALSE,FALSE,0.06764327053020486,8476624,3,15
2021021302,436,even-strength,70,1,FALSE,FALSE,TRUE,TRUE,TRUE,FALSE,0.1292837583772303,8476458,3,15
2021021302,438,even-strength,80,-16,FALSE,FALSE,TRUE,TRUE,FALSE,FALSE,0.04455158342388581,8480078,3,15
2021021302,439,even-strength,81,-18,FALSE,FALSE,TRUE,TRUE,TRUE,FALSE,0.03065636198776884,8477380,3,15
2021021302,440,even-strength,81,5,FALSE,FALSE,TRUE,TRUE,FALSE,FALSE,0.08214959394558441,8476624,3,15
2021021302,444,even-strength,87,-5,FALSE,FALSE,TRUE,TRUE,TRUE,TRUE,0.0594912486018531,8478211,3,15
2021021302,448,even-strength,67,4,FALSE,FALSE,TRUE,FALSE,FALSE,FALSE,0,8482109,3,15
2021021302,449,even-strength,67,-2,FALSE,FALSE,TRUE,FALSE,FALSE,FALSE,0,8476885,3,15
2021021302,450,even-strength,89,-10,FALSE,FALSE,TRUE,TRUE,TRUE,FALSE,0.0816778800599792,8482109,3,15
2021021302,651,even-strength,39,1,FALSE,FALSE,TRUE,TRUE,FALSE,FALSE,0.03767861977500008,8476459,3,15
2021021302,652,even-strength,50,20,FALSE,FALSE,TRUE,TRUE,TRUE,FALSE,0.02516062072597179,8478366,3,15
2021021302,653,even-strength,-3,38,FALSE,FALSE,TRUE,TRUE,TRUE,FALSE,0.00260278022835884,8481554,3,15
2021021302,655,even-strength,45,-13,FALSE,FALSE,TRUE,TRUE,TRUE,FALSE,0.03359361351201353,8482109,3,15
2021021302,657,power-play,81,-4,FALSE,FALSE,TRUE,TRUE,FALSE,FALSE,0.17928342491007992,8476459,3,15
2021021302,658,power-play,74,1,FALSE,FALSE,TRUE,TRUE,TRUE,FALSE,0.1376865875850344,8480078,3,15
2021021302,662,even-strength,38,20,FALSE,FALSE,TRUE,TRUE,TRUE,FALSE,0.02214429714408695,8480817,3,15
2021021302,663,even-strength,36,3,FALSE,FALSE,TRUE,TRUE,TRUE,FALSE,0.02116479658114273,8480817,3,15
2021021302,664,even-strength,67,-3,FALSE,FALSE,TRUE,FALSE,FALSE,FALSE,0,8476459,3,15
2021021302,666,even-strength,80,-4,FALSE,FALSE,TRUE,TRUE,FALSE,FALSE,0.0739823895520037,8475184,3,15
2021030112,688,even-strength,63,-4,FALSE,FALSE,TRUE,TRUE,FALSE,FALSE,0.06289640187884991,8478569,13,15
2021030112,689,even-strength,72,-4,FALSE,FALSE,TRUE,TRUE,TRUE,FALSE,0.1006386972971253,8477493,13,15
2021030112,691,even-strength,76,3,FALSE,FALSE,TRUE,FALSE,FALSE,FALSE,0,8477407,13,15
2021030112,692,even-strength,79,-13,FALSE,FALSE,TRUE,TRUE,TRUE,FALSE,0.10147798013941398,8476456,13,15
2021030112,693,even-strength,61,28,FALSE,FALSE,TRUE,TRUE,TRUE,FALSE,0.02642721527554272,8477935,13,15
2021030112,694,even-strength,80,11,FALSE,FALSE,TRUE,TRUE,TRUE,FALSE,0.06427694946385044,8477933,13,15
2021030112,695,even-strength,83,4,FALSE,TRUE,TRUE,TRUE,TRUE,FALSE,0.2678041501905341,8477933,13,15
2021030112,696,even-strength,54,22,FALSE,FALSE,TRUE,TRUE,TRUE,FALSE,0.03003235350472877,8477409,13,15
2021030112,697,even-strength,42,7,FALSE,FALSE,TRUE,TRUE,TRUE,FALSE,0.03128788540975846,8477346,13,15
2021030112,699,even-strength,50,-27,FALSE,FALSE,TRUE,TRUE,FALSE,FALSE,0.02839579859751735,8477986,13,15
2021030112,700,even-strength,79,-2,FALSE,FALSE,TRUE,TRUE,TRUE,FALSE,0.15159662459479092,8471887,13,15
2021030112,901,even-strength,90,-7,FALSE,FALSE,TRUE,TRUE,TRUE,FALSE,0.03234122890014224,8477986,13,15
2021030112,902,even-strength,81,-1,FALSE,TRUE,TRUE,TRUE,TRUE,FALSE,0.3522969959212958,8471887,13,15
2021030112,904,even-strength,38,20,FALSE,FALSE,TRUE,TRUE,TRUE,FALSE,0.0175315056150559,8478055,13,15
2021030112,905,even-strength,88,-5,FALSE,TRUE,TRUE,TRUE,TRUE,FALSE,0.10050487734061694,8480185,13,15
2021030112,908,even-strength,48,-7,FALSE,FALSE,TRUE,TRUE,TRUE,FALSE,0.04555704431295036,8477346,13,15
2021030112,911,even-strength,52,-28,FALSE,FALSE,TRUE,TRUE,TRUE,FALSE,0.02263058639672153,8477933,13,15
2021030112,913,power-play,81,-5,FALSE,FALSE,TRUE,FALSE,FALSE,FALSE,0,8473512,13,15
2021030112,914,power-play,82,-4,FALSE,FALSE,TRUE,FALSE,FALSE,FALSE,0,8477493,13,15
2021030112,915,power-play,71,25,FALSE,FALSE,TRUE,TRUE,TRUE,FALSE,0.08375019483265085,8477986,13,15
2021030112,917,power-play,73,1,FALSE,FALSE,TRUE,TRUE,FALSE,FALSE,0.14777043155317734,8477935,13,15
2021030112,919,even-strength,74,16,FALSE,FALSE,TRUE,TRUE,TRUE,FALSE,0.04844650251076701,8477409,13,15
2021030112,921,even-strength,57,8,FALSE,FALSE,TRUE,FALSE,FALSE,FALSE,0,8475279,13,15
2021030112,922,even-strength,54,8,FALSE,TRUE,TRUE,TRUE,TRUE,FALSE,0.1354119449543856,8478975,13,15
2021030112,930,even-strength,69,-12,FALSE,FALSE,TRUE,TRUE,FALSE,FALSE,0.0594645340109612,8478975,13,15
2021030112,931,even-strength,85,14,FALSE,TRUE,TRUE,FALSE,FALSE,FALSE,0,8477933,13,15
2021030112,933,power-play,74,14,FALSE,FALSE,TRUE,FALSE,FALSE,FALSE,0,8476456,13,15
2021030112,934,power-play,75,2,FALSE,TRUE,TRUE,FALSE,FALSE,FALSE,0,8473512,13,15
2021030112,936,power-play,63,1,FALSE,FALSE,TRUE,FALSE,FALSE,FALSE,0,8475462,13,15
2021030112,937,power-play,79,-1,FALSE,FALSE,TRUE,TRUE,FALSE,FALSE,0.1608853731385931,8471887,13,15
2021030112,938,power-play,79,1,FALSE,TRUE,TRUE,FALSE,FALSE,FALSE,0,8471887,13,15
2021030112,943,even-strength,53,-26,FALSE,FALSE,TRUE,TRUE,FALSE,FALSE,0.02279805195010021,8477933,13,15
2021030113,8,even-strength,63,29,FALSE,FALSE,TRUE,TRUE,TRUE,FALSE,0.01790787882625272,8477493,13,15
2021030113,17,even-strength,55,24,FALSE,FALSE,TRUE,TRUE,TRUE,TRUE,0.02559831811827129,8476456,13,15
2021030113,19,even-strength,64,20,FALSE,FALSE,TRUE,TRUE,FALSE,FALSE,0.04036341259516463,8477935,13,15
2021030113,24,even-strength,87,-8,TRUE,FALSE,TRUE,TRUE,TRUE,FALSE,0.10149159041499528,8477409,13,15
2021030113,28,even-strength,64,32,FALSE,FALSE,TRUE,TRUE,FALSE,FALSE,0.01850184705521381,8478055,13,15
2021030113,29,even-strength,74,-14,FALSE,FALSE,TRUE,TRUE,FALSE,FALSE,0.04562550360229894,8473512,13,15
2021030113,30,even-strength,76,38,FALSE,FALSE,TRUE,TRUE,TRUE,FALSE,0.01443871064497534,8477346,13,15
2021030113,31,even-strength,72,4,FALSE,FALSE,TRUE,TRUE,TRUE,FALSE,0.07301982256088567,8471887,13,15
2021030113,33,even-strength,43,37,FALSE,FALSE,TRUE,TRUE,TRUE,FALSE,0.00960215902056889,8475279,13,15
2021030113,34,even-strength,46,6,FALSE,FALSE,TRUE,FALSE,FALSE,FALSE,0,8478055,13,15
2021030113,37,even-strength,33,-32,FALSE,FALSE,TRUE,TRUE,TRUE,FALSE,0.0175691919334475,8471887,13,15
2021030113,38,even-strength,65,28,TRUE,FALSE,TRUE,TRUE,TRUE,FALSE,0.03243520727060849,8477493,13,15
2021030113,39,even-strength,32,17,FALSE,FALSE,TRUE,TRUE,FALSE,FALSE,0.01093111025621474,8477346,13,15
2021030113,42,power-play,44,20,FALSE,FALSE,TRUE,TRUE,TRUE,FALSE,0.04456127320143083,8476456,13,15
2021030113,43,power-play,75,22,FALSE,FALSE,TRUE,TRUE,FALSE,FALSE,0.0816780461259854,8477986,13,15
2021030113,50,even-strength,41,2,FALSE,FALSE,TRUE,TRUE,FALSE,FALSE,0.02422197052443625,8477935,13,15
2021030113,205,power-play,72,0,FALSE,TRUE,TRUE,TRUE,FALSE,FALSE,0.23542560406592827,8471887,13,15
2021030113,206,even-strength,85,-25,TRUE,TRUE,TRUE,TRUE,FALSE,FALSE,0.13739693761404648,8477493,13,15
2021030113,207,even-strength,75,-8,FALSE,TRUE,TRUE,TRUE,TRUE,FALSE,0.18373467075421449,8477933,13,15
2021030113,301,even-strength,55,-2,FALSE,FALSE,TRUE,TRUE,TRUE,FALSE,0.05659197353242091,8477986,13,15
2021030113,302,even-strength,69,-11,FALSE,FALSE,TRUE,FALSE,FALSE,FALSE,0,8482113,13,15
2021030113,303,even-strength,10,-26,FALSE,FALSE,TRUE,TRUE,TRUE,FALSE,0.0024125214996431,8477986,13,15
2021030113,304,power-play,66,12,FALSE,FALSE,TRUE,FALSE,FALSE,FALSE,0,8476456,13,15
2021030113,305,power-play,48,15,FALSE,FALSE,TRUE,TRUE,TRUE,FALSE,0.0510565429183619,8477932,13,15
2021030113,306,power-play,81,10,FALSE,FALSE,TRUE,FALSE,FALSE,FALSE,0,8477493,13,15
2021030113,307,power-play,65,-19,FALSE,FALSE,TRUE,TRUE,FALSE,FALSE,0.08296781767923089,8477493,13,15
2021030113,309,power-play,85,13,FALSE,FALSE,TRUE,FALSE,FALSE,FALSE,0,8477986,13,15
2021030113,310,even-strength,42,6,FALSE,FALSE,TRUE,TRUE,TRUE,FALSE,0.02006030143800783,8477346,13,15
2021030113,311,even-strength,42,31,FALSE,FALSE,TRUE,TRUE,FALSE,FALSE,0.01092010745008506,8478055,13,15
2021030113,312,even-strength,77,13,TRUE,FALSE,TRUE,FALSE,FALSE,FALSE,0,8477409,13,15
2021030113,313,power-play,36,19,FALSE,FALSE,TRUE,TRUE,TRUE,FALSE,0.04374258020880911,8477493,13,15
2021030113,314,power-play,51,14,FALSE,FALSE,TRUE,TRUE,FALSE,FALSE,0.05721795194704158,8476456,13,15
2021030113,315,power-play,75,-4,FALSE,FALSE,TRUE,FALSE,FALSE,FALSE,0,8477493,13,15
2021030113,316,power-play,48,-3,FALSE,FALSE,TRUE,FALSE,FALSE,FALSE,0,8477932,13,15
2021030113,317,power-play,60,10,FALSE,FALSE,TRUE,TRUE,TRUE,FALSE,0.07127924165877499,8478975,13,15
2021030113,318,even-strength,45,-20,FALSE,FALSE,TRUE,TRUE,TRUE,FALSE,0.03891239278376853,8475462,13,15
2021030113,320,even-strength,79,-4,FALSE,FALSE,TRUE,TRUE,TRUE,FALSE,0.08719978571641696,8477493,13,15
2021030113,322,even-strength,28,-1,FALSE,FALSE,TRUE,FALSE,FALSE,FALSE,0,8475462,13,15
2021030113,323,even-strength,79,5,FALSE,FALSE,TRUE,TRUE,TRUE,FALSE,0.10141520468584582,8478975,13,15
2021030113,324,even-strength,41,-21,FALSE,FALSE,TRUE,TRUE,FALSE,FALSE,0.01498344937376255,8477932,13,15
2021030113,325,even-strength,58,-21,FALSE,FALSE,TRUE,TRUE,TRUE,FALSE,0.02748497779639104,8477933,13,15
2021030113,328,even-strength,67,23,FALSE,FALSE,TRUE,FALSE,FALSE,FALSE,0,8475279,13,15
2021030113,330,even-strength,62,-19,FALSE,FALSE,TRUE,TRUE,TRUE,FALSE,0.02777510426311806,8477346,13,15
2021030113,331,even-strength,63,2,FALSE,FALSE,TRUE,TRUE,FALSE,FALSE,0.06621053099822012,8476456,13,15
2021030113,332,even-strength,38,18,TRUE,FALSE,TRUE,TRUE,FALSE,FALSE,0.02299626921893764,8477932,13,15
2021030113,334,even-strength,49,-8,FALSE,FALSE,TRUE,FALSE,FALSE,FALSE,0,8477346,13,15
2021030113,335,even-strength,57,-33,FALSE,FALSE,TRUE,TRUE,TRUE,FALSE,0.01983154772819455,8477986,13,15
2021030113,336,even-strength,84,13,FALSE,FALSE,TRUE,TRUE,TRUE,FALSE,0.04241183836194938,8477935,13,15
2021030113,337,even-strength,38,-32,TRUE,FALSE,TRUE,TRUE,FALSE,FALSE,0.02050892886055552,8477932,13,15
2021030113,340,even-strength,40,-19,FALSE,FALSE,TRUE,TRUE,FALSE,FALSE,0.01421256767918617,8477986,13,15
2021030113,348,penalty-kill,70,-11,TRUE,FALSE,TRUE,FALSE,FALSE,FALSE,0,8477932,13,15
2021030113,349,even-strength,62,-30,FALSE,FALSE,TRUE,TRUE,TRUE,FALSE,0.011518114912813,8477933,13,15
2021030113,801,even-strength,49,-16,FALSE,FALSE,TRUE,FALSE,FALSE,FALSE,0,8477986,13,15
2021030113,803,even-strength,63,3,FALSE,FALSE,TRUE,TRUE,FALSE,FALSE,0.05979389156551138,8478055,13,15
2021030113,805,even-strength,79,13,FALSE,FALSE,TRUE,TRUE,TRUE,FALSE,0.03886344070372767,8471887,13,15
2021030113,807,even-strength,63,-13,FALSE,FALSE,TRUE,FALSE,FALSE,FALSE,0,8478975,13,15
2021030113,808,even-strength,82,4,FALSE,FALSE,TRUE,TRUE,TRUE,FALSE,0.08914771635077978,8482113,13,15
2021030113,814,even-strength,81,7,FALSE,FALSE,TRUE,TRUE,TRUE,FALSE,0.06909247808461091,8478569,13,15
2021030113,817,even-strength,42,3,TRUE,FALSE,TRUE,TRUE,FALSE,FALSE,0.03740434695790248,8477409,13,15
2021030113,818,even-strength,60,28,FALSE,FALSE,TRUE,TRUE,FALSE,FALSE,0.02032363913906572,8478975,13,15
2021030113,819,even-strength,78,-4,FALSE,FALSE,TRUE,TRUE,TRUE,FALSE,0.08255284117575974,8477933,13,15
2021030113,821,even-strength,86,-14,FALSE,FALSE,TRUE,TRUE,TRUE,FALSE,0.03060848067784547,8477933,13,15
2021030113,822,even-strength,69,2,FALSE,FALSE,TRUE,TRUE,TRUE,FALSE,0.08221573657815356,8478975,13,15
2021030113,823,even-strength,31,1,FALSE,FALSE,TRUE,TRUE,FALSE,FALSE,0.0359994599961601,8477493,13,15
2021030113,825,even-strength,63,-9,FALSE,FALSE,TRUE,TRUE,FALSE,FALSE,0.04879867082058288,8478569,13,15
2021030114,9,even-strength,35,5,FALSE,FALSE,TRUE,TRUE,TRUE,FALSE,0.05608698415072589,8477346,13,15
2021030114,10,even-strength,57,21,TRUE,FALSE,TRUE,TRUE,TRUE,FALSE,0.16221849469968397,8478055,13,15
2021030114,11,even-strength,79,0,TRUE,FALSE,TRUE,TRUE,TRUE,FALSE,0.31707190600897195,8477935,13,15
2021030114,12,even-strength,82,1,TRUE,TRUE,TRUE,TRUE,TRUE,FALSE,0.5519936219088559,8477935,13,15
2021030114,13,even-strength,41,2,FALSE,FALSE,TRUE,TRUE,TRUE,FALSE,0.02809454961501836,8477407,13,15
2021030114,17,even-strength,63,-1,FALSE,FALSE,TRUE,TRUE,FALSE,FALSE,0.04630891983061249,8471887,13,15
2021030114,20,even-strength,71,12,FALSE,FALSE,TRUE,TRUE,FALSE,FALSE,0.0587855603690101,8477409,13,15
2021030114,23,even-strength,60,-23,FALSE,FALSE,TRUE,TRUE,TRUE,FALSE,0.02478982888065151,8477346,13,15
2021030114,26,even-strength,34,-18,FALSE,FALSE,TRUE,TRUE,TRUE,FALSE,0.01287901866894007,8477932,13,15
2021030114,27,even-strength,5,-35,TRUE,FALSE,TRUE,TRUE,FALSE,FALSE,0.00285934736720369,8475462,13,15
2021030114,28,even-strength,43,-38,FALSE,FALSE,TRUE,TRUE,TRUE,FALSE,0.010798929373513,8477493,13,15
2021030114,29,even-strength,64,2,FALSE,FALSE,TRUE,TRUE,FALSE,FALSE,0.10408611570045846,8476456,13,15
2021030114,30,even-strength,74,9,FALSE,FALSE,TRUE,FALSE,FALSE,FALSE,0,8477935,13,15
2021030114,31,even-strength,2,34,FALSE,FALSE,TRUE,TRUE,TRUE,FALSE,0.00168976070192012,8475279,13,15
2021030114,35,even-strength,81,1,FALSE,FALSE,TRUE,TRUE,TRUE,TRUE,0.1648735776349415,8477409,13,15
2021030114,37,power-play,65,-14,FALSE,FALSE,TRUE,FALSE,FALSE,FALSE,0,8477933,13,15
2021030114,38,power-play,78,-17,FALSE,FALSE,TRUE,TRUE,FALSE,FALSE,0.07299099933652427,8477407,13,15
2021030114,39,power-play,61,-12,FALSE,FALSE,TRUE,FALSE,FALSE,FALSE,0,8477407,13,15
2021030114,40,even-strength,45,-2,FALSE,FALSE,TRUE,FALSE,FALSE,FALSE,0,8477932,13,15
2021030114,41,even-strength,87,22,FALSE,FALSE,TRUE,TRUE,TRUE,FALSE,0.02522285068018137,8477935,13,15
2021030114,42,even-strength,60,25,FALSE,FALSE,TRUE,FALSE,FALSE,FALSE,0,8478975,13,15
2021030114,45,even-strength,46,-16,FALSE,FALSE,TRUE,FALSE,FALSE,FALSE,0,8475462,13,15
2021030114,47,even-strength,58,-10,FALSE,FALSE,TRUE,FALSE,FALSE,FALSE,0,8477932,13,15
2021030114,307,power-play,84,-1,FALSE,TRUE,TRUE,FALSE,FALSE,FALSE,0,8477933,13,15
2021030114,308,even-strength,74,9,FALSE,FALSE,TRUE,TRUE,TRUE,FALSE,0.05741193522823074,8475279,13,15
2021030114,406,even-strength,68,-2,TRUE,FALSE,TRUE,FALSE,FALSE,FALSE,0,8475462,13,15
2021030114,407,even-strength,86,30,FALSE,FALSE,TRUE,TRUE,FALSE,FALSE,0.0214341097375004,8478975,13,15
2021030114,408,even-strength,85,-8,FALSE,TRUE,TRUE,TRUE,TRUE,FALSE,0.1263332994535117,8477493,13,15
2021030114,409,power-play,80,4,FALSE,FALSE,TRUE,TRUE,TRUE,FALSE,0.1063460188065411,8477933,13,15
2021030114,410,power-play,64,-1,FALSE,FALSE,TRUE,FALSE,FALSE,FALSE,0,8477493,13,15
2021030114,411,power-play,83,-2,FALSE,FALSE,TRUE,TRUE,TRUE,FALSE,0.1178969866976969,8476456,13,15
2021030114,412,power-play,53,-27,FALSE,FALSE,TRUE,TRUE,FALSE,FALSE,0.03411089535745124,8477407,13,15
2021030114,413,power-play,57,1,FALSE,FALSE,TRUE,TRUE,TRUE,FALSE,0.09339493187362875,8477935,13,15
2021030114,414,power-play,42,-5,FALSE,FALSE,TRUE,TRUE,FALSE,FALSE,0.04742272006635343,8477932,13,15
2021030114,415,even-strength,82,-2,TRUE,FALSE,TRUE,TRUE,TRUE,FALSE,0.13804071443082147,8477409,13,15
2021030114,416,power-play,43,-15,FALSE,FALSE,TRUE,TRUE,TRUE,FALSE,0.04996635941927983,8477493,13,15
2021030114,417,power-play,61,27,FALSE,FALSE,TRUE,TRUE,FALSE,FALSE,0.05357338288219339,8477409,13,15
2021030114,419,even-strength,82,-8,FALSE,FALSE,TRUE,TRUE,FALSE,FALSE,0.05784060684486759,8476456,13,15
2021030114,421,even-strength,75,1,FALSE,FALSE,TRUE,FALSE,FALSE,FALSE,0,8475279,13,15
2021030114,422,power-play,42,3,FALSE,FALSE,TRUE,TRUE,TRUE,FALSE,0.04510184957651181,8477932,13,15
2021030114,424,even-strength,60,-27,FALSE,FALSE,TRUE,TRUE,TRUE,FALSE,0.02662519606431619,8478569,13,15
2021030114,426,penalty-kill,67,-12,FALSE,FALSE,TRUE,TRUE,TRUE,FALSE,0.01692903767906534,8480185,13,15
2021030114,428,even-strength,56,38,FALSE,FALSE,TRUE,TRUE,FALSE,FALSE,0.01251956688523116,8473512,13,15
2021030114,429,even-strength,66,-12,FALSE,FALSE,TRUE,FALSE,FALSE,FALSE,0,8473512,13,15
2021030114,430,even-strength,72,-10,FALSE,TRUE,TRUE,TRUE,TRUE,FALSE,0.15107831139069278,8477409,13,15
2021030114,431,even-strength,53,24,FALSE,FALSE,TRUE,TRUE,TRUE,FALSE,0.0240617740669862,8477935,13,15
2021030114,432,even-strength,87,14,FALSE,TRUE,TRUE,TRUE,FALSE,FALSE,0.13754929656188566,8477935,13,15
2021030114,433,even-strength,61,-17,FALSE,FALSE,TRUE,FALSE,FALSE,FALSE,0,8477493,13,15
2021030114,439,even-strength,76,-4,TRUE,FALSE,TRUE,FALSE,FALSE,FALSE,0,8477346,13,15
2021030114,440,even-strength,78,6,FALSE,FALSE,TRUE,FALSE,FALSE,FALSE,0,8477409,13,15
2021030114,444,even-strength,65,34,FALSE,FALSE,TRUE,TRUE,TRUE,FALSE,0.01611083572534291,8475279,13,15
2021030114,445,even-strength,60,4,FALSE,FALSE,TRUE,FALSE,FALSE,FALSE,0,8477933,13,15
2021030114,449,even-strength,72,-16,FALSE,FALSE,TRUE,FALSE,FALSE,FALSE,0,8473512,13,15
2021030114,752,even-strength,85,18,FALSE,FALSE,TRUE,TRUE,TRUE,FALSE,0.03506358643513706,8477493,13,15
2021030114,753,even-strength,56,34,TRUE,FALSE,TRUE,TRUE,TRUE,FALSE,0.04627744683369323,8478055,13,15
2021030114,755,even-strength,74,9,FALSE,FALSE,TRUE,FALSE,FALSE,FALSE,0,8477932,13,15
2021030114,756,even-strength,93,12,FALSE,TRUE,TRUE,TRUE,FALSE,FALSE,0.1442240246540233,8477409,13,15
2021030114,758,even-strength,42,-34,FALSE,FALSE,TRUE,TRUE,FALSE,FALSE,0.01697524274274901,8477346,13,15
2021030114,759,even-strength,75,-4,FALSE,FALSE,TRUE,FALSE,FALSE,FALSE,0,8477409,13,15
2021030114,760,even-strength,49,-32,FALSE,FALSE,TRUE,TRUE,TRUE,FALSE,0.01058296285625778,8477986,13,15
2021030114,762,even-strength,73,2,FALSE,FALSE,TRUE,TRUE,TRUE,FALSE,0.1152686164153532,8476456,13,15
2021030114,763,even-strength,72,18,FALSE,FALSE,TRUE,FALSE,FALSE,FALSE,0,8473512,13,15
2021030114,765,even-strength,66,-1,FALSE,FALSE,TRUE,TRUE,FALSE,FALSE,0.0787581570098537,8477493,13,15
2021030114,767,even-strength,65,22,FALSE,FALSE,TRUE,FALSE,FALSE,FALSE,0,8477932,13,15
2021030114,768,even-strength,72,-1,FALSE,FALSE,TRUE,TRUE,TRUE,TRUE,0.13272208769392677,8477933,13,15
2021030114,769,even-strength,33,-12,FALSE,FALSE,TRUE,FALSE,FALSE,FALSE,0,8477346,13,15
2021030114,770,even-strength,60,22,FALSE,FALSE,TRUE,TRUE,TRUE,FALSE,0.02416492919836191,8477935,13,15
2021030114,771,even-strength,32,27,FALSE,FALSE,TRUE,TRUE,FALSE,FALSE,0.00599022866836326,8475279,13,15
2021030114,775,even-strength,87,10,FALSE,FALSE,TRUE,TRUE,FALSE,FALSE,0.06859609461023941,8477409,13,15
2021030114,778,even-strength,84,-5,FALSE,FALSE,TRUE,FALSE,FALSE,FALSE,0,8477935,13,15
2021030114,779,even-strength,78,4,FALSE,FALSE,TRUE,FALSE,FALSE,FALSE,0,8477409,13,15
2021030114,781,even-strength,52,-11,FALSE,FALSE,TRUE,TRUE,TRUE,FALSE,0.03723528447382355,8477409,13,15
2021030114,782,even-strength,64,16,FALSE,TRUE,TRUE,TRUE,TRUE,TRUE,0.1576180450219636,8477409,13,15
2021030115,152,even-strength,31,-36,FALSE,FALSE,TRUE,TRUE,TRUE,FALSE,0.01282662267512958,8477932,13,15
2021030115,156,even-strength,81,17,FALSE,FALSE,TRUE,TRUE,TRUE,FALSE,0.03353682287561652,8478055,13,15
2021030115,159,even-strength,48,19,FALSE,FALSE,TRUE,FALSE,FALSE,FALSE,0,8477986,13,15
2021030115,168,even-strength,83,-2,FALSE,FALSE,TRUE,TRUE,TRUE,FALSE,0.15395180022562993,8477493,13,15
2021030115,170,power-play,50,-33,FALSE,FALSE,TRUE,TRUE,FALSE,FALSE,0.04244326720652479,8477493,13,15
2021030115,173,even-strength,65,15,FALSE,FALSE,TRUE,TRUE,TRUE,FALSE,0.03200339491051313,8479553,13,15
2021030115,175,power-play,50,8,FALSE,FALSE,TRUE,TRUE,FALSE,FALSE,0.04693499084604508,8477932,13,15
2021030115,176,power-play,56,-21,FALSE,FALSE,TRUE,TRUE,TRUE,FALSE,0.05176422464152268,8477493,13,15
2021030115,177,power-play,80,-7,FALSE,FALSE,TRUE,TRUE,TRUE,FALSE,0.0759821897825836,8476456,13,15
2021030115,178,power-play,75,13,FALSE,FALSE,TRUE,FALSE,FALSE,FALSE,0,8477932,13,15
2021030115,179,power-play,68,9,FALSE,FALSE,TRUE,FALSE,FALSE,FALSE,0,8473512,13,15
2021030115,180,power-play,67,-7,FALSE,FALSE,TRUE,TRUE,TRUE,FALSE,0.1047898648012672,8477933,13,15
2021030115,181,even-strength,36,19,FALSE,FALSE,TRUE,TRUE,TRUE,FALSE,0.02110829225128208,8478055,13,15
2021030115,182,even-strength,75,-18,FALSE,FALSE,TRUE,TRUE,TRUE,FALSE,0.05047426593213613,8471887,13,15
2021030115,183,even-strength,78,3,FALSE,FALSE,TRUE,TRUE,TRUE,FALSE,0.08092431983633773,8471887,13,15
2021030115,184,power-play,78,1,FALSE,FALSE,TRUE,TRUE,FALSE,FALSE,0.14934573016792926,8476456,13,15
2021030115,185,even-strength,78,-4,FALSE,FALSE,TRUE,FALSE,FALSE,FALSE,0,8482113,13,15
2021030115,186,even-strength,79,-6,FALSE,FALSE,TRUE,TRUE,TRUE,FALSE,0.05539612976223612,8480185,13,15
2021030115,187,even-strength,75,-13,FALSE,FALSE,TRUE,TRUE,TRUE,FALSE,0.045308855867268,8477986,13,15
2021030115,188,even-strength,86,-27,FALSE,FALSE,TRUE,TRUE,TRUE,FALSE,0.01735886426046973,8479553,13,15
2021030115,189,even-strength,49,4,FALSE,FALSE,TRUE,FALSE,FALSE,FALSE,0,8477932,13,15
2021030115,190,even-strength,75,-14,FALSE,FALSE,TRUE,TRUE,TRUE,FALSE,0.06347771153909877,8477493,13,15
2021030115,191,even-strength,62,2,FALSE,FALSE,TRUE,TRUE,FALSE,FALSE,0.04809868960889339,8477409,13,15
2021030115,192,even-strength,53,-19,FALSE,FALSE,TRUE,TRUE,TRUE,FALSE,0.0232152074994177,8477935,13,15
2021030115,193,even-strength,64,15,FALSE,FALSE,TRUE,FALSE,FALSE,FALSE,0,8478055,13,15
2021030115,194,even-strength,80,-14,FALSE,FALSE,TRUE,TRUE,TRUE,FALSE,0.03912008266823426,8477493,13,15
2021030115,195,even-strength,56,20,FALSE,FALSE,TRUE,TRUE,TRUE,FALSE,0.02354595883501218,8473512,13,15
2021030115,196,even-strength,78,0,FALSE,FALSE,TRUE,TRUE,TRUE,FALSE,0.11039506539844864,8477935,13,15
2021030115,451,even-strength,43,23,TRUE,FALSE,TRUE,TRUE,TRUE,FALSE,0.01736410282844954,8475279,13,15
2021030115,452,even-strength,72,-18,FALSE,FALSE,TRUE,TRUE,TRUE,FALSE,0.04947679202660238,8477493,13,15
2021030115,459,even-strength,79,-3,FALSE,FALSE,TRUE,FALSE,FALSE,FALSE,0,8477346,13,15
2021030115,460,even-strength,87,-7,FALSE,TRUE,TRUE,TRUE,TRUE,TRUE,0.14978900215088342,8477409,13,15
2021030115,461,even-strength,31,23,FALSE,FALSE,TRUE,TRUE,FALSE,FALSE,0.02050839968587633,8477493,13,15
2021030115,462,even-strength,59,-5,FALSE,FALSE,TRUE,FALSE,FALSE,FALSE,0,8477932,13,15
2021030115,466,even-strength,83,-36,FALSE,FALSE,TRUE,TRUE,TRUE,FALSE,0.01928284222224211,8477933,13,15
2021030115,467,even-strength,78,-1,TRUE,FALSE,TRUE,TRUE,TRUE,FALSE,0.12684488994118648,8477935,13,15
2021030115,468,even-strength,45,19,FALSE,FALSE,TRUE,TRUE,TRUE,FALSE,0.01633909117839878,8477346,13,15
2021030115,469,even-strength,70,4,FALSE,FALSE,TRUE,TRUE,FALSE,FALSE,0.06163213317543108,8477986,13,15
2021030115,470,even-strength,64,19,FALSE,FALSE,TRUE,TRUE,TRUE,FALSE,0.03946635773030204,8477493,13,15
2021030115,472,even-strength,80,-2,FALSE,FALSE,TRUE,TRUE,TRUE,TRUE,0.16702744029098923,8471887,13,15
2021030115,473,even-strength,77,-18,FALSE,FALSE,TRUE,TRUE,FALSE,FALSE,0.04895436953601306,8478569,13,15
2021030115,474,even-strength,72,10,FALSE,FALSE,TRUE,TRUE,FALSE,FALSE,0.06355828588360131,8476456,13,15
2021030115,476,even-strength,82,7,FALSE,FALSE,TRUE,TRUE,TRUE,TRUE,0.05947452766819646,8477933,13,15
2021030115,477,even-strength,83,2,FALSE,FALSE,TRUE,TRUE,TRUE,FALSE,0.2164846996609407,8477409,13,15
2021030115,480,even-strength,62,15,FALSE,FALSE,TRUE,TRUE,TRUE,FALSE,0.13131211318926195,8477935,13,15
2021030115,483,even-strength,51,-2,FALSE,FALSE,TRUE,TRUE,TRUE,FALSE,0.05079656432012203,8482113,13,15
2021030115,484,even-strength,37,20,FALSE,FALSE,TRUE,TRUE,FALSE,FALSE,0.01705783808066682,8478055,13,15
2021030115,485,even-strength,8,17,FALSE,FALSE,TRUE,TRUE,TRUE,FALSE,0.00379655643660569,8473512,13,15
2021030115,486,even-strength,72,1,FALSE,FALSE,TRUE,TRUE,TRUE,FALSE,0.12808345291835807,8476456,13,15
2021030115,488,even-strength,80,1,FALSE,FALSE,TRUE,TRUE,TRUE,TRUE,0.2126218347629327,8477409,13,15
2021030115,490,even-strength,75,-14,FALSE,FALSE,TRUE,TRUE,FALSE,FALSE,0.09314594384064942,8477932,13,15
2021030115,491,even-strength,52,18,FALSE,FALSE,TRUE,TRUE,FALSE,FALSE,0.02519960567924129,8471887,13,15
2021030115,492,even-strength,51,-32,FALSE,FALSE,TRUE,TRUE,TRUE,FALSE,0.01590010155317496,8471887,13,15
2021030115,495,even-strength,81,9,FALSE,FALSE,TRUE,TRUE,TRUE,FALSE,0.08388604372113533,8477935,13,15
2021030115,497,even-strength,20,6,FALSE,FALSE,TRUE,TRUE,TRUE,FALSE,0.00745839431526283,8473512,13,15
2021030115,498,even-strength,50,27,FALSE,FALSE,TRUE,TRUE,TRUE,FALSE,0.01850222740293843,8473512,13,15
2021030115,653,even-strength,73,0,FALSE,FALSE,TRUE,FALSE,FALSE,FALSE,0,8477346,13,15
2021030115,654,even-strength,70,32,FALSE,FALSE,TRUE,TRUE,FALSE,FALSE,0.01852825803598708,8477933,13,15
2021030115,665,even-strength,59,-15,FALSE,FALSE,TRUE,TRUE,FALSE,FALSE,0.03656190554061034,8477409,13,15
2021030115,666,even-strength,82,-5,FALSE,FALSE,TRUE,TRUE,TRUE,TRUE,0.12026407306338192,8473512,13,15
2021030115,667,even-strength,77,0,FALSE,FALSE,TRUE,FALSE,FALSE,FALSE,0,8477986,13,15
2021030115,1051,even-strength,48,20,TRUE,FALSE,TRUE,FALSE,FALSE,FALSE,0,8477346,13,15
2021030115,1052,even-strength,75,-4,TRUE,FALSE,TRUE,FALSE,FALSE,FALSE,0,8477346,13,15
2021030116,8,even-strength,63,20,FALSE,FALSE,TRUE,TRUE,TRUE,FALSE,0.02247593701910851,8477933,13,15
2021030116,9,even-strength,37,33,FALSE,FALSE,TRUE,TRUE,TRUE,FALSE,0.0100329908598238,8477986,13,15
2021030116,15,even-strength,36,32,TRUE,FALSE,TRUE,TRUE,TRUE,FALSE,0.01148567945282932,8478055,13,15
2021030116,18,even-strength,34,33,FALSE,FALSE,TRUE,TRUE,TRUE,FALSE,0.00885275395976802,8479066,13,15
2021030116,20,even-strength,44,5,FALSE,FALSE,TRUE,TRUE,TRUE,FALSE,0.02800343791565738,8478055,13,15
2021030116,21,even-strength,82,-3,FALSE,TRUE,TRUE,FALSE,FALSE,FALSE,0,8477935,13,15
2021030116,22,even-strength,55,33,FALSE,FALSE,TRUE,TRUE,TRUE,FALSE,0.01504299343797123,8479553,13,15
2021030116,23,even-strength,65,36,FALSE,FALSE,TRUE,TRUE,FALSE,FALSE,0.01388092934111964,8477986,13,15
2021030116,24,even-strength,36,-25,FALSE,TRUE,TRUE,TRUE,TRUE,FALSE,0.04441198152195242,8477346,13,15
2021030116,30,power-play,85,8,FALSE,FALSE,TRUE,TRUE,TRUE,FALSE,0.08322747176356525,8477986,13,15
2021030116,37,even-strength,87,22,FALSE,FALSE,TRUE,TRUE,FALSE,FALSE,0.03505989759393118,8477935,13,15
2021030116,39,even-strength,53,-5,TRUE,FALSE,TRUE,FALSE,FALSE,FALSE,0,8475462,13,15
2021030116,40,even-strength,61,-3,FALSE,FALSE,TRUE,TRUE,FALSE,FALSE,0.06750974198811942,8477935,13,15
2021030116,49,even-strength,74,31,FALSE,FALSE,TRUE,TRUE,FALSE,FALSE,0.01674587373064641,8477933,13,15
2021030116,50,even-strength,74,14,TRUE,FALSE,TRUE,TRUE,TRUE,FALSE,0.08899850577012143,8471887,13,15
2021030116,205,even-strength,85,4,FALSE,FALSE,TRUE,TRUE,TRUE,FALSE,0.08389522368292271,8477933,13,15
2021030116,208,even-strength,50,27,FALSE,FALSE,TRUE,FALSE,FALSE,FALSE,0,8478055,13,15
2021030116,502,even-strength,67,-6,FALSE,FALSE,TRUE,FALSE,FALSE,FALSE,0,8477409,13,15
2021030116,504,even-strength,80,-1,FALSE,FALSE,TRUE,FALSE,FALSE,FALSE,0,8477935,13,15
2021030116,506,even-strength,77,-16,FALSE,FALSE,TRUE,TRUE,TRUE,FALSE,0.03989499067971176,8476456,13,15
2021030116,512,even-strength,80,8,FALSE,FALSE,TRUE,TRUE,TRUE,FALSE,0.05569069849007171,8471887,13,15
2021030116,513,even-strength,79,-7,FALSE,TRUE,TRUE,TRUE,TRUE,TRUE,0.1813062895223104,8479066,13,15
2021030116,514,even-strength,37,-21,FALSE,FALSE,TRUE,TRUE,TRUE,FALSE,0.02089752451878537,8475462,13,15
2021030116,515,even-strength,84,12,FALSE,TRUE,TRUE,TRUE,TRUE,FALSE,0.1385215256247816,8477409,13,15
2021030116,516,even-strength,37,1,FALSE,FALSE,TRUE,TRUE,TRUE,FALSE,0.03242613503863797,8477346,13,15
2021030116,517,even-strength,44,11,FALSE,FALSE,TRUE,TRUE,TRUE,FALSE,0.02462895482945961,8476456,13,15
2021030116,518,even-strength,52,-16,FALSE,FALSE,TRUE,TRUE,TRUE,FALSE,0.02409916904326565,8477346,13,15
2021030116,519,even-strength,87,-13,FALSE,TRUE,TRUE,TRUE,FALSE,FALSE,0.09042623437968048,8477935,13,15
2021030116,525,even-strength,82,19,FALSE,FALSE,TRUE,TRUE,TRUE,FALSE,0.03525510160254916,8473512,13,15
2021030116,526,even-strength,60,-27,FALSE,FALSE,TRUE,TRUE,FALSE,FALSE,0.02564774997015906,8471887,13,15
2021030116,528,even-strength,70,0,FALSE,FALSE,TRUE,TRUE,TRUE,FALSE,0.1211134206538152,8475279,13,15
2021030116,529,even-strength,61,1,FALSE,FALSE,TRUE,FALSE,FALSE,FALSE,0,8477932,13,15
2021030116,531,power-play,66,-2,FALSE,FALSE,TRUE,FALSE,FALSE,FALSE,0,8477932,13,15
2021030116,532,power-play,53,0,FALSE,FALSE,TRUE,FALSE,FALSE,FALSE,0,8477932,13,15
2021030116,533,power-play,56,-15,FALSE,FALSE,TRUE,TRUE,FALSE,FALSE,0.05829137973887399,8477493,13,15
2021030116,534,power-play,88,-16,FALSE,FALSE,TRUE,TRUE,TRUE,FALSE,0.05372101780425797,8476456,13,15
2021030116,535,even-strength,72,25,FALSE,FALSE,TRUE,TRUE,TRUE,FALSE,0.03178711528420065,8479066,13,15
2021030116,547,even-strength,84,-18,FALSE,FALSE,TRUE,TRUE,TRUE,FALSE,0.04931817129653105,8477932,13,15
2021030116,550,even-strength,45,-1,FALSE,FALSE,TRUE,TRUE,TRUE,FALSE,0.033280502456245,8477932,13,15
2021030116,803,even-strength,50,-35,TRUE,FALSE,TRUE,TRUE,FALSE,FALSE,0.03820131213569172,8477346,13,15
2021030116,804,even-strength,65,16,FALSE,FALSE,TRUE,FALSE,FALSE,FALSE,0,8478055,13,15
2021030116,806,even-strength,71,4,FALSE,FALSE,TRUE,FALSE,FALSE,FALSE,0,8476456,13,15
2021030116,809,penalty-kill,63,-12,FALSE,FALSE,TRUE,FALSE,FALSE,FALSE,0,8477932,13,15
2021030116,812,even-strength,64,3,TRUE,FALSE,TRUE,FALSE,FALSE,FALSE,0,8477409,13,15
2021030116,814,even-strength,72,-30,FALSE,FALSE,TRUE,TRUE,TRUE,FALSE,0.02384586758430652,8471887,13,15
2021030116,816,even-strength,63,-25,FALSE,FALSE,TRUE,TRUE,TRUE,TRUE,0.02654692590470568,8473512,13,15
2021030116,817,even-strength,44,21,FALSE,FALSE,TRUE,FALSE,FALSE,FALSE,0,8478055,13,15
2021030116,819,even-strength,72,-3,FALSE,FALSE,TRUE,FALSE,FALSE,FALSE,0,8477932,13,15
2021030116,820,even-strength,34,2,FALSE,FALSE,TRUE,TRUE,FALSE,FALSE,0.02432284564490552,8478055,13,15
2021030116,823,even-strength,47,-18,FALSE,FALSE,TRUE,TRUE,TRUE,FALSE,0.01965009526324649,8477346,13,15
2021030116,824,even-strength,78,7,FALSE,TRUE,TRUE,TRUE,TRUE,TRUE,0.20086904511731268,8477493,13,15
2021030116,827,even-strength,35,-30,FALSE,FALSE,TRUE,TRUE,TRUE,FALSE,0.01483313611212969,8477346,13,15
2021030116,849,even-strength,33,24,TRUE,FALSE,TRUE,TRUE,TRUE,FALSE,0.02557471098819373,8471887,13,15
2021030116,850,even-strength,68,-18,FALSE,FALSE,TRUE,FALSE,FALSE,FALSE,0,8477932,13,15
2021030116,1201,even-strength,83,-2,FALSE,FALSE,TRUE,TRUE,TRUE,TRUE,0.1216373422833275,8477409,13,15
