gameId,eventId,strengthState,xCoordNorm,yCoordNorm,isRush,isRebound,isCorsi,isFenwick,isShot,isGoal,xG,shooterPlayerId,shooterTeamId,goalieTeamId
2025020021,48,even-strength,68,17,FALSE,FALSE,TRUE,TRUE,FALSE,FALSE,0.12713861465454102,8483497,55,24
2025020021,69,even-strength,46,-3,FALSE,FALSE,TRUE,TRUE,TRUE,FALSE,0.00129938125610351,8477986,55,24
2025020021,77,even-strength,46,-10,FALSE,FALSE,TRUE,FALSE,FALSE,FALSE,0,8476467,55,24
2025020021,85,even-strength,52,19,FALSE,FALSE,TRUE,TRUE,TRUE,TRUE,0.06262242794036865,8478407,55,24
2025020021,114,even-strength,65,35,FALSE,TRUE,TRUE,FALSE,FALSE,FALSE,0,8479324,55,24
2025020021,152,even-strength,-49,16,FALSE,FALSE,TRUE,TRUE,TRUE,FALSE,0.00243711471557617,8478407,55,24
2025020021,155,even-strength,4,0,FALSE,FALSE,TRUE,TRUE,TRUE,FALSE,0.00357049703598022,8477955,55,24
2025020021,157,even-strength,80,27,FALSE,FALSE,TRUE,TRUE,FALSE,FALSE,0.02634525299072265,8477955,55,24
2025020021,158,even-strength,78,12,FALSE,FALSE,TRUE,TRUE,FALSE,FALSE,0.0845600962638855,8478975,55,24
2025020021,160,even-strength,63,18,FALSE,FALSE,TRUE,TRUE,TRUE,FALSE,0.0036354660987854,8480009,55,24
2025020021,161,even-strength,79,0,FALSE,TRUE,TRUE,TRUE,TRUE,FALSE,0.02245885133743286,8474586,55,24
2025020021,162,even-strength,79,3,FALSE,FALSE,TRUE,TRUE,TRUE,FALSE,0.06352788209915161,8482751,55,24
2025020021,256,even-strength,81,-5,FALSE,FALSE,TRUE,FALSE,FALSE,FALSE,0,8482665,55,24
2025020021,274,even-strength,58,-16,FALSE,FALSE,TRUE,FALSE,FALSE,FALSE,0,8475768,55,24
2025020021,332,even-strength,27,-36,FALSE,FALSE,TRUE,TRUE,TRUE,FALSE,0.01243865489959716,8477986,55,24
2025020021,351,even-strength,38,38,TRUE,FALSE,TRUE,TRUE,FALSE,FALSE,0.00520014762878418,8482665,55,24
2025020021,413,even-strength,47,-21,FALSE,FALSE,TRUE,FALSE,FALSE,FALSE,0,8476457,55,24
2025020021,512,even-strength,-67,-16,TRUE,FALSE,TRUE,TRUE,TRUE,FALSE,0.00520509481430053,8476905,55,24
2025020021,525,even-strength,72,-2,FALSE,TRUE,TRUE,TRUE,FALSE,FALSE,0.14506888389587402,8477955,55,24
2025020021,554,even-strength,29,-26,FALSE,FALSE,TRUE,TRUE,TRUE,FALSE,0.00990623235702514,8477986,55,24
2025020021,560,even-strength,71,-21,TRUE,FALSE,TRUE,FALSE,FALSE,FALSE,0,8480009,55,24
2025020021,627,even-strength,77,3,FALSE,FALSE,TRUE,TRUE,TRUE,TRUE,0.13757836818695068,8478975,55,24
2025020021,635,even-strength,55,8,FALSE,FALSE,TRUE,TRUE,TRUE,FALSE,0.07495784759521484,8482665,55,24
2025020021,640,even-strength,70,-27,FALSE,FALSE,TRUE,TRUE,FALSE,FALSE,0.02657115459442138,8474586,55,24
2025020021,670,even-strength,81,-17,FALSE,FALSE,TRUE,TRUE,TRUE,FALSE,0.07499301433563232,8482751,55,24
2025020021,682,even-strength,75,-29,FALSE,FALSE,TRUE,TRUE,TRUE,FALSE,0.02420604228973388,8477919,55,24
2025020021,688,even-strength,36,-9,FALSE,FALSE,TRUE,TRUE,TRUE,FALSE,0.0151786208152771,8478407,55,24
2025020021,762,power-play,37,-2,FALSE,FALSE,TRUE,TRUE,FALSE,FALSE,0.06451535224914551,8478407,55,24
2025020021,783,even-strength,56,7,FALSE,FALSE,TRUE,TRUE,FALSE,FALSE,0.04411005973815918,8482665,55,24
2025020021,785,even-strength,55,29,FALSE,FALSE,TRUE,TRUE,TRUE,FALSE,0.03279829025268555,8479372,55,24
2025020021,786,even-strength,75,8,FALSE,FALSE,TRUE,FALSE,FALSE,FALSE,0,8479372,55,24
2025020021,787,even-strength,62,-21,FALSE,FALSE,TRUE,TRUE,TRUE,FALSE,0.02870869636535644,8477955,55,24
2025020021,830,even-strength,74,1,FALSE,FALSE,TRUE,TRUE,TRUE,FALSE,0.0085720419883728,8479324,55,24
2025020021,836,even-strength,63,20,FALSE,FALSE,TRUE,TRUE,TRUE,FALSE,0.05496978759765625,8476467,55,24
2025020021,845,even-strength,65,35,FALSE,FALSE,TRUE,TRUE,TRUE,FALSE,0.00363820791244506,8478407,55,24
2025020021,901,even-strength,69,-33,FALSE,FALSE,TRUE,TRUE,TRUE,FALSE,0.00574278831481933,8477919,55,24
2025020021,912,even-strength,30,-11,FALSE,FALSE,TRUE,TRUE,TRUE,FALSE,0.01675117015838623,8476467,55,24
2025020021,917,even-strength,60,23,FALSE,FALSE,TRUE,TRUE,TRUE,FALSE,0.0404210090637207,8479372,55,24
2025020021,920,even-strength,79,6,FALSE,FALSE,TRUE,TRUE,TRUE,TRUE,0.19967472553253177,8477955,55,24
2025020021,947,even-strength,85,10,FALSE,FALSE,TRUE,TRUE,TRUE,FALSE,0.09137338399887084,8480009,55,24
2025020021,953,even-strength,71,-13,FALSE,FALSE,TRUE,TRUE,FALSE,FALSE,0.12431275844573976,8477955,55,24
2025020021,977,power-play,80,14,FALSE,FALSE,TRUE,TRUE,FALSE,FALSE,0.11532658338546752,8482665,55,24
2025020021,991,power-play,50,-4,FALSE,FALSE,TRUE,TRUE,TRUE,FALSE,0.0609855055809021,8477986,55,24
2025020021,1000,even-strength,38,-32,FALSE,FALSE,TRUE,TRUE,FALSE,FALSE,0.0072607398033142,8481789,55,24
2025020021,1011,even-strength,61,-28,FALSE,FALSE,TRUE,TRUE,TRUE,FALSE,0.00844615697860717,8474586,55,24
2025020021,1029,even-strength,28,-4,FALSE,FALSE,TRUE,TRUE,FALSE,FALSE,0.03149962425231933,8478407,55,24
2025020021,1042,even-strength,75,-4,FALSE,FALSE,TRUE,TRUE,FALSE,FALSE,0.0071231722831726,8474586,55,24
2025020021,1074,even-strength,29,18,FALSE,FALSE,TRUE,TRUE,TRUE,FALSE,0.01960015296936035,8479372,55,24
2025020021,1079,even-strength,58,20,FALSE,FALSE,TRUE,TRUE,TRUE,FALSE,0.00417107343673706,8482751,55,24
2025020021,1084,even-strength,30,-27,FALSE,FALSE,TRUE,TRUE,TRUE,FALSE,7.550716400146484e-4,8476457,55,24
2025020021,1089,even-strength,55,-16,FALSE,FALSE,TRUE,TRUE,TRUE,FALSE,0.00224369764328002,8478975,55,24
2025020056,4,even-strength,80,-1,FALSE,FALSE,TRUE,TRUE,FALSE,FALSE,0.05657494068145752,8476856,5,24
2025020056,5,even-strength,92,-6,FALSE,TRUE,TRUE,TRUE,FALSE,FALSE,0.01206004619598388,8479638,5,24
2025020056,6,even-strength,67,11,FALSE,FALSE,TRUE,FALSE,FALSE,FALSE,0,8477511,5,24
2025020056,114,even-strength,78,6,FALSE,FALSE,TRUE,TRUE,TRUE,TRUE,0.0925828218460083,8479638,5,24
2025020056,133,even-strength,56,-23,FALSE,FALSE,TRUE,TRUE,TRUE,FALSE,0.01066350936889648,8475810,5,24
2025020056,201,even-strength,-32,-3,FALSE,FALSE,TRUE,TRUE,TRUE,FALSE,0.00151002407073974,8477365,5,24
2025020056,202,even-strength,77,-3,FALSE,FALSE,TRUE,TRUE,TRUE,FALSE,0.10432177782058716,8471675,5,24
2025020056,203,even-strength,79,5,FALSE,FALSE,TRUE,TRUE,TRUE,FALSE,0.1586012840270996,8481577,5,24
2025020056,206,even-strength,70,-6,FALSE,FALSE,TRUE,TRUE,TRUE,TRUE,0.17969584465026855,8477511,5,24
2025020056,207,even-strength,80,-2,FALSE,FALSE,TRUE,TRUE,TRUE,FALSE,0.01982045173645019,8485414,5,24
2025020056,208,even-strength,52,9,FALSE,FALSE,TRUE,FALSE,FALSE,FALSE,0,8480842,5,24
2025020056,251,even-strength,66,-4,FALSE,FALSE,TRUE,FALSE,FALSE,FALSE,0,8476483,5,24
2025020056,252,even-strength,80,3,FALSE,FALSE,TRUE,TRUE,TRUE,FALSE,0.07880502939224243,8476483,5,24
2025020056,256,even-strength,80,2,FALSE,FALSE,TRUE,TRUE,TRUE,TRUE,0.10907942056655884,8476483,5,24
2025020056,265,even-strength,74,-2,FALSE,FALSE,TRUE,TRUE,TRUE,FALSE,0.07087582349777222,8479638,5,24
2025020056,299,even-strength,67,-17,TRUE,FALSE,TRUE,TRUE,TRUE,FALSE,0.12775444984436035,8471215,5,24
2025020056,300,even-strength,69,6,FALSE,FALSE,TRUE,FALSE,FALSE,FALSE,0,8479638,5,24
2025020056,302,even-strength,69,-1,FALSE,FALSE,TRUE,TRUE,TRUE,FALSE,0.15362566709518433,8478438,5,24
2025020056,303,even-strength,-40,-36,FALSE,FALSE,TRUE,TRUE,TRUE,FALSE,6.071329116821289e-4,8480842,5,24
2025020056,304,even-strength,72,7,FALSE,FALSE,TRUE,TRUE,FALSE,FALSE,0.07157164812088013,8476483,5,24
2025020056,308,power-play,85,-5,FALSE,FALSE,TRUE,FALSE,FALSE,FALSE,0,8471675,5,24
2025020056,309,even-strength,80,2,FALSE,FALSE,TRUE,TRUE,TRUE,FALSE,0.10473215579986572,8481577,5,24
2025020056,351,even-strength,44,-28,TRUE,FALSE,TRUE,FALSE,FALSE,FALSE,0,8471724,5,24
2025020056,360,even-strength,68,-24,FALSE,FALSE,TRUE,TRUE,TRUE,FALSE,0.00914067029953003,8471675,5,24
2025020056,365,even-strength,59,-27,FALSE,FALSE,TRUE,FALSE,FALSE,FALSE,0,8477365,5,24
2025020056,366,even-strength,25,-13,FALSE,FALSE,TRUE,TRUE,FALSE,FALSE,0.02108937501907348,8475810,5,24
2025020056,425,even-strength,63,12,FALSE,FALSE,TRUE,TRUE,TRUE,FALSE,0.13414156436920166,8478854,5,24
2025020056,451,even-strength,64,15,TRUE,FALSE,TRUE,TRUE,TRUE,FALSE,0.04184311628341675,8474578,5,24
2025020056,462,even-strength,63,-14,FALSE,TRUE,TRUE,FALSE,FALSE,FALSE,0,8476483,5,24
2025020056,466,even-strength,40,-20,FALSE,FALSE,TRUE,TRUE,FALSE,FALSE,0.01813739538192749,8471724,5,24
2025020056,475,even-strength,46,30,FALSE,FALSE,TRUE,TRUE,TRUE,FALSE,0.01961046457290649,8471215,5,24
2025020056,490,even-strength,73,5,FALSE,FALSE,TRUE,TRUE,FALSE,FALSE,0.08297699689865112,8478438,5,24
2025020056,491,even-strength,86,-10,FALSE,FALSE,TRUE,TRUE,TRUE,FALSE,0.06726181507110596,8478438,5,24
2025020056,498,even-strength,66,-6,TRUE,FALSE,TRUE,FALSE,FALSE,FALSE,0,8474578,5,24
2025020056,533,even-strength,69,11,FALSE,FALSE,TRUE,FALSE,FALSE,FALSE,0,8479638,5,24
2025020056,535,even-strength,64,-8,FALSE,FALSE,TRUE,FALSE,FALSE,FALSE,0,8474578,5,24
2025020056,627,even-strength,70,1,FALSE,FALSE,TRUE,TRUE,TRUE,FALSE,0.06274986267089844,8480980,5,24
2025020056,647,even-strength,65,20,FALSE,FALSE,TRUE,TRUE,TRUE,FALSE,0.02066850662231445,8471215,5,24
2025020056,674,even-strength,88,9,FALSE,FALSE,TRUE,TRUE,FALSE,FALSE,0.03288853168487549,8477365,5,24
2025020056,675,even-strength,82,1,FALSE,FALSE,TRUE,FALSE,FALSE,FALSE,0,8476856,5,24
2025020056,695,even-strength,40,16,FALSE,FALSE,TRUE,TRUE,FALSE,FALSE,0.01103436946868896,8478854,5,24
2025020056,777,even-strength,65,11,FALSE,FALSE,TRUE,TRUE,FALSE,FALSE,0.0046049952507019,8481577,5,24
2025020056,824,power-play,69,5,FALSE,FALSE,TRUE,FALSE,FALSE,FALSE,0,8471215,5,24
2025020056,835,power-play,55,-22,FALSE,FALSE,TRUE,TRUE,TRUE,FALSE,0.06191492080688476,8485414,5,24
2025020056,871,even-strength,76,-26,FALSE,FALSE,TRUE,TRUE,FALSE,FALSE,0.01093292236328125,8477511,5,24
2025020056,952,even-strength,68,4,FALSE,FALSE,TRUE,FALSE,FALSE,FALSE,0,8474578,5,24
2025020056,954,even-strength,76,-17,TRUE,FALSE,TRUE,TRUE,TRUE,FALSE,0.10946518182754517,8471675,5,24
2025020056,1015,even-strength,73,-19,FALSE,FALSE,TRUE,FALSE,FALSE,FALSE,0,8476856,5,24
2025020056,1032,even-strength,76,31,FALSE,FALSE,TRUE,TRUE,TRUE,FALSE,7.138848304748535e-4,8478854,5,24
2025020056,1041,even-strength,56,-10,FALSE,FALSE,TRUE,TRUE,TRUE,FALSE,0.06999707221984863,8477365,5,24
2025020056,1053,even-strength,92,11,FALSE,FALSE,TRUE,TRUE,FALSE,FALSE,0.0734052062034607,8477511,5,24
2025020056,1054,even-strength,71,-1,FALSE,TRUE,TRUE,FALSE,FALSE,FALSE,0,8477365,5,24
2025020056,1072,even-strength,63,23,FALSE,FALSE,TRUE,FALSE,FALSE,FALSE,0,8480980,5,24
2025020070,57,even-strength,67,8,FALSE,FALSE,TRUE,FALSE,FALSE,FALSE,0,8476422,12,24
2025020070,82,power-play,72,7,FALSE,FALSE,TRUE,FALSE,FALSE,FALSE,0,8480336,12,24
2025020070,101,even-strength,80,4,FALSE,FALSE,TRUE,TRUE,FALSE,FALSE,0.1798374056816101,8477478,12,24
2025020070,103,even-strength,72,0,FALSE,FALSE,TRUE,TRUE,FALSE,FALSE,0.0896877646446228,8473533,12,24
2025020070,105,even-strength,80,0,FALSE,TRUE,TRUE,TRUE,TRUE,FALSE,0.02076679468154907,8478427,12,24
2025020070,108,even-strength,81,-5,FALSE,FALSE,TRUE,TRUE,TRUE,FALSE,0.09106177091598512,8476921,12,24
2025020070,109,penalty-kill,-76,-3,FALSE,FALSE,TRUE,TRUE,TRUE,FALSE,0.00321226740410149,8476921,12,24
2025020070,111,even-strength,40,-27,TRUE,FALSE,TRUE,TRUE,FALSE,FALSE,0.01757556200027465,8478427,12,24
2025020070,175,even-strength,41,-1,FALSE,FALSE,TRUE,TRUE,TRUE,FALSE,0.04430252313613891,8482100,12,24
2025020070,180,even-strength,80,-7,FALSE,FALSE,TRUE,TRUE,TRUE,FALSE,0.07233649492263794,8480830,12,24
2025020070,203,even-strength,30,38,FALSE,FALSE,TRUE,TRUE,TRUE,FALSE,0.00425249338150024,8476422,12,24
2025020070,211,even-strength,74,-3,FALSE,FALSE,TRUE,FALSE,FALSE,FALSE,0,8476906,12,24
2025020070,212,even-strength,72,11,FALSE,FALSE,TRUE,FALSE,FALSE,FALSE,0,8482100,12,24
2025020070,215,even-strength,71,0,FALSE,FALSE,TRUE,FALSE,FALSE,FALSE,0,8480830,12,24
2025020070,216,even-strength,82,1,FALSE,TRUE,TRUE,FALSE,FALSE,FALSE,0,8480830,12,24
2025020070,232,even-strength,59,24,FALSE,FALSE,TRUE,FALSE,FALSE,FALSE,0,8477478,12,24
2025020070,246,power-play,75,-9,FALSE,FALSE,TRUE,TRUE,FALSE,FALSE,0.08409631252288818,8478427,12,24
2025020070,247,power-play,50,16,FALSE,FALSE,TRUE,TRUE,FALSE,FALSE,0.05194789171218872,8477940,12,24
2025020070,251,even-strength,78,-12,FALSE,FALSE,TRUE,FALSE,FALSE,FALSE,0,8482702,12,24
2025020070,252,even-strength,83,2,FALSE,FALSE,TRUE,FALSE,FALSE,FALSE,0,8475791,12,24
2025020070,254,even-strength,86,-5,FALSE,TRUE,TRUE,TRUE,TRUE,FALSE,0.06423825025558472,8482093,12,24
2025020070,255,even-strength,46,37,FALSE,FALSE,TRUE,FALSE,FALSE,FALSE,0,8482100,12,24
2025020070,301,even-strength,81,-2,FALSE,TRUE,TRUE,FALSE,FALSE,FALSE,0,8482702,12,24
2025020070,305,even-strength,85,6,FALSE,TRUE,TRUE,TRUE,TRUE,FALSE,0.2271368503570557,8480817,12,24
2025020070,376,even-strength,52,-34,FALSE,FALSE,TRUE,TRUE,TRUE,FALSE,0.00837218761444091,8480762,12,24
2025020070,390,even-strength,63,14,FALSE,FALSE,TRUE,TRUE,TRUE,FALSE,0.11046195030212402,8476906,12,24
2025020070,391,even-strength,84,11,FALSE,TRUE,TRUE,TRUE,TRUE,TRUE,0.3348091244697571,8482093,12,24
2025020070,399,even-strength,85,5,FALSE,FALSE,TRUE,FALSE,FALSE,FALSE,0,8475791,12,24
2025020070,400,even-strength,64,13,FALSE,FALSE,TRUE,TRUE,TRUE,FALSE,0.12092328071594238,8475791,12,24
2025020070,401,even-strength,86,7,TRUE,TRUE,TRUE,TRUE,FALSE,FALSE,0.02532607316970825,8482809,12,24
2025020070,402,even-strength,76,7,FALSE,FALSE,TRUE,TRUE,TRUE,FALSE,0.0744522213935852,8482809,12,24
2025020070,410,even-strength,75,-4,FALSE,FALSE,TRUE,TRUE,FALSE,FALSE,0.0963900089263916,8476921,12,24
2025020070,416,even-strength,78,-4,FALSE,FALSE,TRUE,TRUE,TRUE,FALSE,0.1039254665374756,8482093,12,24
2025020070,432,even-strength,59,-20,FALSE,FALSE,TRUE,TRUE,TRUE,FALSE,0.05884832143783569,8482702,12,24
2025020070,481,even-strength,28,-31,FALSE,FALSE,TRUE,TRUE,FALSE,FALSE,0.00964045524597168,8480336,12,24
2025020070,482,even-strength,79,-22,FALSE,FALSE,TRUE,TRUE,TRUE,FALSE,0.08119380474090576,8482809,12,24
2025020070,558,even-strength,70,24,FALSE,FALSE,TRUE,TRUE,TRUE,FALSE,0.0377272367477417,8476422,12,24
2025020070,605,even-strength,75,-6,FALSE,FALSE,TRUE,FALSE,FALSE,FALSE,0,8478970,12,24
2025020070,606,even-strength,84,2,FALSE,TRUE,TRUE,TRUE,TRUE,FALSE,0.19558829069137573,8482093,12,24
2025020070,619,even-strength,79,-23,FALSE,FALSE,TRUE,TRUE,FALSE,FALSE,0.05379241704940796,8477940,12,24
2025020070,633,power-play,70,-21,FALSE,FALSE,TRUE,TRUE,TRUE,FALSE,0.11356627941131592,8482702,12,24
2025020070,634,power-play,57,-10,FALSE,FALSE,TRUE,TRUE,TRUE,FALSE,0.12380504608154295,8475791,12,24
2025020070,641,power-play,67,22,FALSE,FALSE,TRUE,TRUE,TRUE,TRUE,0.1157894730567932,8482093,12,24
2025020070,649,even-strength,30,-24,FALSE,FALSE,TRUE,TRUE,TRUE,FALSE,0.0180707573890686,8478970,12,24
2025020070,657,even-strength,44,-21,FALSE,FALSE,TRUE,FALSE,FALSE,FALSE,0,8480336,12,24
2025020070,659,even-strength,85,3,FALSE,FALSE,TRUE,TRUE,FALSE,FALSE,0.2152525782585144,8480830,12,24
2025020070,710,even-strength,68,2,TRUE,FALSE,TRUE,TRUE,TRUE,FALSE,0.12598109245300293,8473533,12,24
2025020070,720,even-strength,74,9,FALSE,FALSE,TRUE,FALSE,FALSE,FALSE,0,8480817,12,24
2025020070,750,even-strength,59,-12,FALSE,FALSE,TRUE,TRUE,FALSE,FALSE,0.10997015237808228,8476873,12,24
2025020070,751,even-strength,88,-4,FALSE,FALSE,TRUE,TRUE,TRUE,FALSE,0.0659325122833252,8480830,12,24
2025020070,753,even-strength,76,-2,FALSE,FALSE,TRUE,TRUE,TRUE,FALSE,0.08150351047515869,8476873,12,24
2025020070,774,even-strength,42,17,FALSE,FALSE,TRUE,FALSE,FALSE,FALSE,0,8480336,12,24
2025020070,820,even-strength,77,4,FALSE,FALSE,TRUE,TRUE,TRUE,FALSE,0.1956934928894043,8480817,12,24
2025020070,829,even-strength,80,-5,FALSE,FALSE,TRUE,TRUE,TRUE,FALSE,0.07198065519332886,8482093,12,24
2025020070,832,even-strength,61,7,FALSE,FALSE,TRUE,TRUE,TRUE,TRUE,0.1838531494140625,8482100,12,24
2025020070,850,even-strength,75,-22,FALSE,FALSE,TRUE,FALSE,FALSE,FALSE,0,8480336,12,24
2025020070,1059,even-strength,84,9,FALSE,FALSE,TRUE,TRUE,TRUE,FALSE,0.08858191967010498,8482093,12,24
2025020070,1060,even-strength,81,4,FALSE,TRUE,TRUE,TRUE,TRUE,TRUE,0.2452409267425537,8478427,12,24
2025020070,1092,even-strength,77,11,FALSE,FALSE,TRUE,FALSE,FALSE,FALSE,0,8482100,12,24
2025020070,1097,even-strength,35,-36,FALSE,FALSE,TRUE,TRUE,FALSE,FALSE,0.00906258821487426,8478970,12,24
2025020070,1098,even-strength,61,41,FALSE,TRUE,TRUE,TRUE,TRUE,FALSE,0.01129829883575439,8476422,12,24
2025020070,1291,even-strength,82,1,FALSE,TRUE,TRUE,TRUE,TRUE,FALSE,0.03216338157653808,8482809,12,24
2025020091,55,even-strength,72,-12,FALSE,FALSE,TRUE,TRUE,FALSE,FALSE,0.10883969068527222,8477444,16,24
2025020091,79,even-strength,56,32,FALSE,FALSE,TRUE,TRUE,FALSE,FALSE,0.01080548763275146,8476891,16,24
2025020091,81,even-strength,67,30,FALSE,FALSE,TRUE,TRUE,FALSE,FALSE,0.00297635793685913,8477987,16,24
2025020091,91,even-strength,69,10,FALSE,FALSE,TRUE,TRUE,TRUE,FALSE,0.05307990312576294,8482117,16,24
2025020091,101,even-strength,81,7,TRUE,FALSE,TRUE,TRUE,FALSE,FALSE,0.16389435529708862,8477479,16,24
2025020091,102,even-strength,78,-8,FALSE,FALSE,TRUE,TRUE,TRUE,FALSE,0.04460889101028442,8482172,16,24
2025020091,103,even-strength,68,-12,FALSE,FALSE,TRUE,FALSE,FALSE,FALSE,0,8477444,16,24
2025020091,104,even-strength,69,-18,FALSE,FALSE,TRUE,TRUE,FALSE,FALSE,0.03806048631668091,8477479,16,24
2025020091,105,even-strength,83,5,FALSE,TRUE,TRUE,TRUE,TRUE,TRUE,0.08283084630966187,8483493,16,24
2025020091,170,penalty-kill,80,-2,FALSE,FALSE,TRUE,TRUE,TRUE,FALSE,0.04513088608113411,8481624,16,24
2025020091,185,even-strength,69,8,FALSE,FALSE,TRUE,TRUE,TRUE,FALSE,0.1664297580718994,8477444,16,24
2025020091,191,even-strength,50,-32,FALSE,FALSE,TRUE,TRUE,TRUE,FALSE,0.00333720445632934,8483506,16,24
2025020091,194,even-strength,85,17,FALSE,FALSE,TRUE,TRUE,TRUE,FALSE,0.04725450277328491,8484144,16,24
2025020091,196,even-strength,60,-18,FALSE,FALSE,TRUE,TRUE,TRUE,FALSE,0.05294907093048096,8484144,16,24
2025020091,224,even-strength,56,-36,FALSE,FALSE,TRUE,TRUE,TRUE,FALSE,0.01844584941864013,8476473,16,24
2025020091,234,power-play,63,-6,FALSE,FALSE,TRUE,FALSE,FALSE,FALSE,0,8483506,16,24
2025020091,235,power-play,79,2,FALSE,FALSE,TRUE,TRUE,FALSE,FALSE,0.12886321544647217,8477479,16,24
2025020091,274,even-strength,56,2,FALSE,FALSE,TRUE,FALSE,FALSE,FALSE,0,8476473,16,24
2025020091,284,even-strength,51,30,FALSE,FALSE,TRUE,TRUE,TRUE,FALSE,0.0103345513343811,8484144,16,24
2025020091,401,penalty-kill,-92,-16,FALSE,FALSE,TRUE,TRUE,TRUE,FALSE,8.991734274496834e-4,8481568,16,24
2025020091,408,even-strength,81,0,FALSE,FALSE,TRUE,TRUE,FALSE,FALSE,0.10150963068008424,8477987,16,24
2025020091,466,even-strength,74,-35,FALSE,FALSE,TRUE,TRUE,FALSE,FALSE,0.01289069652557373,8482703,16,24
2025020091,537,even-strength,73,0,FALSE,FALSE,TRUE,TRUE,FALSE,FALSE,0.07025378942489624,8482703,16,24
2025020091,610,even-strength,67,-21,FALSE,FALSE,TRUE,TRUE,TRUE,FALSE,0.12175190448760986,8484144,16,24
2025020091,611,even-strength,29,3,FALSE,FALSE,TRUE,TRUE,FALSE,FALSE,0.02456605434417724,8483506,16,24
2025020091,614,even-strength,41,-10,FALSE,FALSE,TRUE,TRUE,FALSE,FALSE,0.03214526176452637,8484144,16,24
2025020091,617,even-strength,52,27,FALSE,FALSE,TRUE,TRUE,FALSE,FALSE,0.00673049688339233,8476882,16,24
2025020091,628,even-strength,57,25,FALSE,FALSE,TRUE,TRUE,TRUE,FALSE,0.02944117784500122,8484144,16,24
2025020091,657,even-strength,48,30,FALSE,FALSE,TRUE,TRUE,TRUE,FALSE,0.00605237483978271,8482703,16,24
2025020091,676,even-strength,39,-29,FALSE,FALSE,TRUE,TRUE,FALSE,FALSE,0.01094889640808105,8481806,16,24
2025020091,701,even-strength,71,12,FALSE,FALSE,TRUE,TRUE,FALSE,FALSE,0.04091358184814453,8481624,16,24
2025020091,782,power-play,69,-10,FALSE,FALSE,TRUE,TRUE,TRUE,FALSE,0.11023324728012084,8483493,16,24
2025020091,786,power-play,87,-27,FALSE,FALSE,TRUE,TRUE,TRUE,FALSE,0.03915590047836304,8484144,16,24
2025020091,787,power-play,48,6,FALSE,FALSE,TRUE,TRUE,TRUE,FALSE,0.0501563549041748,8483506,16,24
2025020091,788,power-play,47,-1,FALSE,FALSE,TRUE,FALSE,FALSE,FALSE,0,8483506,16,24
2025020091,789,power-play,70,11,FALSE,TRUE,TRUE,FALSE,FALSE,FALSE,0,8483493,16,24
2025020091,803,even-strength,75,5,FALSE,FALSE,TRUE,FALSE,FALSE,FALSE,0,8482176,16,24
2025020091,806,even-strength,56,-19,FALSE,FALSE,TRUE,FALSE,FALSE,FALSE,0,8477987,16,24
2025020091,816,even-strength,77,4,FALSE,FALSE,TRUE,FALSE,FALSE,FALSE,0,8481568,16,24
2025020091,838,even-strength,47,6,FALSE,FALSE,TRUE,FALSE,FALSE,FALSE,0,8482172,16,24
2025020091,840,even-strength,70,-38,FALSE,FALSE,TRUE,TRUE,TRUE,FALSE,0.00747650861740112,8476473,16,24
2025020091,852,even-strength,69,-4,FALSE,FALSE,TRUE,FALSE,FALSE,FALSE,0,8483450,16,24
2025020091,859,even-strength,47,37,FALSE,FALSE,TRUE,TRUE,FALSE,FALSE,0.00888866186141967,8476891,16,24
2025020091,864,even-strength,58,21,FALSE,FALSE,TRUE,TRUE,TRUE,FALSE,0.00346577167510986,8484144,16,24
2025020091,865,even-strength,36,-5,FALSE,FALSE,TRUE,FALSE,FALSE,FALSE,0,8482176,16,24
2025020091,878,even-strength,81,0,FALSE,FALSE,TRUE,TRUE,TRUE,FALSE,0.13933396339416504,8477479,16,24
2025020091,879,even-strength,87,-5,FALSE,FALSE,TRUE,TRUE,FALSE,FALSE,0.06529021263122559,8477479,16,24
2025020091,927,even-strength,62,-10,FALSE,FALSE,TRUE,TRUE,FALSE,FALSE,0.13369721174240112,8482176,16,24
2025020091,934,even-strength,43,-33,FALSE,FALSE,TRUE,TRUE,TRUE,FALSE,0.01625949144363403,8476473,16,24
2025020091,943,even-strength,31,27,FALSE,FALSE,TRUE,TRUE,TRUE,FALSE,0.01666253805160522,8476891,16,24
2025020091,955,even-strength,54,-15,FALSE,FALSE,TRUE,TRUE,FALSE,FALSE,0.07244908809661865,8484144,16,24
2025020091,983,even-strength,57,-4,FALSE,FALSE,TRUE,TRUE,TRUE,FALSE,0.1133694052696228,8481806,16,24
2025020091,1074,even-strength,66,-30,FALSE,FALSE,TRUE,TRUE,TRUE,FALSE,0.01734375953674316,8481806,16,24
2025020091,1079,even-strength,79,-4,FALSE,FALSE,TRUE,FALSE,FALSE,FALSE,0,8483506,16,24
2025020091,1080,even-strength,74,-1,FALSE,TRUE,TRUE,TRUE,TRUE,FALSE,0.07807523012161255,8483493,16,24
2025020091,1089,even-strength,52,-14,FALSE,FALSE,TRUE,TRUE,TRUE,FALSE,0.0208092155176294,8484144,16,24
2025020091,1103,even-strength,76,-9,FALSE,FALSE,TRUE,TRUE,TRUE,FALSE,0.17385145262140891,8481624,16,24
2025020091,1110,even-strength,66,-20,TRUE,FALSE,TRUE,TRUE,TRUE,FALSE,0.1587625950077226,8477987,16,24
2025020091,1112,even-strength,72,17,FALSE,FALSE,TRUE,TRUE,TRUE,FALSE,0.13530487215916373,8484144,16,24
2025020091,1113,even-strength,85,-4,FALSE,FALSE,TRUE,TRUE,TRUE,TRUE,0.4832823441041515,8477987,16,24
2025020105,114,even-strength,36,33,FALSE,FALSE,TRUE,TRUE,FALSE,FALSE,0.0146917700767517,8475158,18,24
2025020105,117,even-strength,62,-15,FALSE,FALSE,TRUE,TRUE,TRUE,FALSE,0.04710185527801514,8476887,18,24
2025020105,158,even-strength,69,8,FALSE,FALSE,TRUE,FALSE,FALSE,FALSE,0,8482482,18,24
2025020105,166,even-strength,78,2,FALSE,FALSE,TRUE,FALSE,FALSE,FALSE,0,8476887,18,24
2025020105,167,even-strength,35,-11,FALSE,FALSE,TRUE,TRUE,FALSE,FALSE,0.02351027727127075,8481056,18,24
2025020105,168,even-strength,91,17,FALSE,TRUE,TRUE,TRUE,FALSE,FALSE,0.02567386627197265,8475158,18,24
2025020105,169,even-strength,49,15,TRUE,FALSE,TRUE,TRUE,TRUE,FALSE,0.06680744886398315,8481056,18,24
2025020105,183,even-strength,50,13,FALSE,FALSE,TRUE,TRUE,TRUE,FALSE,0.03316938877105713,8479370,18,24
2025020105,191,even-strength,46,-18,FALSE,FALSE,TRUE,TRUE,TRUE,FALSE,0.01743435859680175,8476869,18,24
2025020105,201,even-strength,88,8,FALSE,FALSE,TRUE,TRUE,TRUE,FALSE,0.01846158504486084,8482062,18,24
2025020105,204,even-strength,-53,-37,FALSE,FALSE,TRUE,TRUE,TRUE,FALSE,0.00135165452957153,8480246,18,24
2025020105,207,even-strength,-15,1,TRUE,FALSE,TRUE,TRUE,TRUE,FALSE,0.00340133905410766,8474564,18,24
2025020105,208,even-strength,88,-10,FALSE,TRUE,TRUE,TRUE,FALSE,FALSE,0.02327537536621093,8478047,18,24
2025020105,265,even-strength,75,-15,FALSE,FALSE,TRUE,FALSE,FALSE,FALSE,0,8482146,18,24
2025020105,303,even-strength,68,-2,FALSE,FALSE,TRUE,TRUE,TRUE,FALSE,0.19825196266174316,8476887,18,24
2025020105,318,even-strength,32,3,FALSE,FALSE,TRUE,TRUE,TRUE,FALSE,0.04154235124588013,8482111,18,24
2025020105,337,even-strength,79,2,FALSE,FALSE,TRUE,FALSE,FALSE,FALSE,0,8476869,18,24
2025020105,344,even-strength,85,-6,FALSE,FALSE,TRUE,TRUE,FALSE,FALSE,0.09079569578170776,8477446,18,24
2025020105,345,even-strength,88,-8,FALSE,TRUE,TRUE,TRUE,TRUE,FALSE,0.06664127111434937,8482103,18,24
2025020105,351,even-strength,55,-19,FALSE,FALSE,TRUE,TRUE,FALSE,FALSE,0.01403999328613281,8485405,18,24
2025020105,352,even-strength,80,-2,FALSE,FALSE,TRUE,TRUE,TRUE,TRUE,0.1339743733406067,8479370,18,24
2025020105,541,even-strength,37,15,FALSE,FALSE,TRUE,TRUE,TRUE,FALSE,0.02054774761199951,8474600,18,24
2025020105,542,even-strength,80,19,FALSE,FALSE,TRUE,TRUE,TRUE,FALSE,0.07794684171676636,8482482,18,24
2025020105,548,even-strength,54,13,FALSE,FALSE,TRUE,TRUE,TRUE,FALSE,0.00270646810531616,8482062,18,24
2025020105,554,even-strength,72,30,FALSE,FALSE,TRUE,TRUE,TRUE,FALSE,0.0086795687675476,8475287,18,24
2025020105,555,even-strength,74,-2,FALSE,FALSE,TRUE,FALSE,FALSE,FALSE,0,8482482,18,24
2025020105,564,even-strength,57,17,FALSE,FALSE,TRUE,TRUE,TRUE,FALSE,0.02501410245895385,8477446,18,24
2025020105,566,even-strength,71,20,FALSE,FALSE,TRUE,TRUE,TRUE,FALSE,0.07815688848495483,8482062,18,24
2025020105,605,power-play,77,-6,FALSE,FALSE,TRUE,FALSE,FALSE,FALSE,0,8482146,18,24
2025020105,607,even-strength,54,21,FALSE,FALSE,TRUE,TRUE,FALSE,FALSE,0.04588258266448974,8482062,18,24
2025020105,609,even-strength,73,-8,FALSE,FALSE,TRUE,TRUE,TRUE,FALSE,0.10218101739883424,8482482,18,24
2025020105,658,even-strength,78,-25,FALSE,FALSE,TRUE,TRUE,TRUE,FALSE,0.03143328428268432,8482146,18,24
2025020105,660,even-strength,82,-6,FALSE,FALSE,TRUE,TRUE,TRUE,TRUE,0.0824013352394104,8476887,18,24
2025020105,709,power-play,34,-14,FALSE,FALSE,TRUE,TRUE,TRUE,FALSE,0.04949259757995605,8474600,18,24
2025020105,739,even-strength,59,-24,FALSE,FALSE,TRUE,TRUE,TRUE,FALSE,0.03658276796340942,8477446,18,24
2025020105,769,even-strength,76,21,FALSE,FALSE,TRUE,FALSE,FALSE,FALSE,0,8476869,18,24
2025020105,780,even-strength,78,-11,FALSE,FALSE,TRUE,FALSE,FALSE,FALSE,0,8482103,18,24
2025020105,794,even-strength,58,19,FALSE,FALSE,TRUE,FALSE,FALSE,FALSE,0,8482768,18,24
2025020105,813,even-strength,39,26,FALSE,FALSE,TRUE,TRUE,TRUE,FALSE,2.254843711853027e-4,8475287,18,24
2025020105,822,even-strength,56,13,FALSE,FALSE,TRUE,FALSE,FALSE,FALSE,0,8482482,18,24
2025020105,823,even-strength,26,39,FALSE,FALSE,TRUE,TRUE,TRUE,FALSE,0.00289636850357055,8482482,18,24
2025020105,833,even-strength,41,-24,FALSE,FALSE,TRUE,TRUE,TRUE,FALSE,0.01777791976928711,8485405,18,24
2025020105,842,even-strength,70,-2,FALSE,FALSE,TRUE,TRUE,FALSE,FALSE,0.14441758394241333,8482062,18,24
2025020105,843,even-strength,92,23,FALSE,TRUE,TRUE,TRUE,FALSE,FALSE,0.01965123414993286,8482062,18,24
2025020105,844,even-strength,85,14,FALSE,TRUE,TRUE,TRUE,TRUE,FALSE,0.04978489875793457,8477446,18,24
2025020105,855,even-strength,81,0,FALSE,FALSE,TRUE,TRUE,FALSE,FALSE,0.07218223810195923,8478047,18,24
2025020105,860,even-strength,80,-1,FALSE,FALSE,TRUE,FALSE,FALSE,FALSE,0,8476869,18,24
2025020105,869,even-strength,74,-9,FALSE,FALSE,TRUE,FALSE,FALSE,FALSE,0,8482103,18,24
2025020105,870,even-strength,33,7,FALSE,FALSE,TRUE,TRUE,FALSE,FALSE,0.0185287594795227,8482111,18,24
2025020105,929,even-strength,51,21,FALSE,FALSE,TRUE,TRUE,FALSE,FALSE,8.191466331481934e-4,8478047,18,24
2025020105,942,even-strength,51,-4,FALSE,FALSE,TRUE,TRUE,TRUE,FALSE,0.08294415473937988,8485405,18,24
2025020105,965,even-strength,72,7,FALSE,FALSE,TRUE,FALSE,FALSE,FALSE,0,8477446,18,24
2025020105,974,even-strength,37,-3,FALSE,FALSE,TRUE,TRUE,FALSE,FALSE,0.02848505973815918,8476869,18,24
2025020105,1097,even-strength,70,-12,FALSE,FALSE,TRUE,TRUE,TRUE,FALSE,0.04030549526214599,8482146,18,24
2025020129,55,even-strength,55,20,FALSE,FALSE,TRUE,TRUE,TRUE,FALSE,0.03818655014038086,8476878,14,24
2025020129,73,even-strength,76,13,FALSE,FALSE,TRUE,TRUE,TRUE,FALSE,0.18288761377334595,8477404,14,24
2025020129,193,power-play,62,-26,FALSE,FALSE,TRUE,TRUE,TRUE,FALSE,0.06001180410385132,8476453,14,24
2025020129,194,power-play,79,-2,FALSE,TRUE,TRUE,FALSE,FALSE,FALSE,0,8478010,14,24
2025020129,245,even-strength,55,-21,FALSE,FALSE,TRUE,TRUE,TRUE,FALSE,0.0352216362953186,8477404,14,24
2025020129,254,even-strength,48,-28,FALSE,FALSE,TRUE,TRUE,TRUE,FALSE,0.02793037891387939,8476453,14,24
2025020129,293,even-strength,35,5,FALSE,FALSE,TRUE,FALSE,FALSE,FALSE,0,8482655,14,24
2025020129,301,even-strength,-3,39,FALSE,FALSE,TRUE,TRUE,TRUE,FALSE,0.00149416923522949,8480876,14,24
2025020129,302,even-strength,84,4,FALSE,FALSE,TRUE,TRUE,TRUE,FALSE,0.2741847038269043,8476453,14,24
2025020129,303,even-strength,-75,40,FALSE,FALSE,TRUE,TRUE,TRUE,FALSE,0.00116294622421264,8482655,14,24
2025020129,304,even-strength,83,2,FALSE,FALSE,TRUE,TRUE,TRUE,FALSE,0.189905047416687,8478010,14,24
2025020129,305,even-strength,-83,-29,FALSE,FALSE,TRUE,TRUE,TRUE,FALSE,0.00100594758987426,8482929,14,24
2025020129,306,even-strength,52,-35,FALSE,FALSE,TRUE,TRUE,FALSE,FALSE,0.01152771711349487,8476453,14,24
2025020129,307,even-strength,80,2,FALSE,FALSE,TRUE,TRUE,TRUE,FALSE,0.2966429591178894,8478010,14,24
2025020129,308,power-play,84,6,FALSE,TRUE,TRUE,TRUE,TRUE,FALSE,0.19736987352371216,8478010,14,24
2025020129,309,even-strength,62,15,FALSE,FALSE,TRUE,FALSE,FALSE,FALSE,0,8476453,14,24
2025020129,351,even-strength,82,-5,FALSE,TRUE,TRUE,TRUE,TRUE,TRUE,0.3806784152984619,8477404,14,24
2025020129,352,even-strength,82,5,FALSE,TRUE,TRUE,TRUE,TRUE,TRUE,0.05636751651763916,8478519,14,24
2025020129,459,power-play,52,-4,FALSE,FALSE,TRUE,TRUE,TRUE,FALSE,0.07988321781158447,8475167,14,24
2025020129,461,power-play,45,22,FALSE,FALSE,TRUE,TRUE,TRUE,FALSE,0.04851335287094116,8475167,14,24
2025020129,466,power-play,30,0,FALSE,FALSE,TRUE,TRUE,FALSE,FALSE,0.03813314437866211,8475167,14,24
2025020129,468,power-play,61,-4,FALSE,FALSE,TRUE,FALSE,FALSE,FALSE,0,8477404,14,24
2025020129,500,even-strength,48,-9,FALSE,FALSE,TRUE,TRUE,TRUE,FALSE,0.04437881708145141,8476453,14,24
2025020129,640,even-strength,33,1,FALSE,FALSE,TRUE,TRUE,FALSE,FALSE,0.03664857149124145,8482201,14,24
2025020129,641,even-strength,85,-15,FALSE,TRUE,TRUE,TRUE,TRUE,FALSE,0.00958698987960815,8483752,14,24
2025020129,644,even-strength,84,-6,FALSE,FALSE,TRUE,FALSE,FALSE,FALSE,0,8483752,14,24
2025020129,657,even-strength,68,-14,FALSE,FALSE,TRUE,FALSE,FALSE,FALSE,0,8476453,14,24
2025020129,674,even-strength,87,13,FALSE,FALSE,TRUE,TRUE,FALSE,FALSE,0.00320029258728027,8479542,14,24
2025020129,706,even-strength,60,8,FALSE,FALSE,TRUE,FALSE,FALSE,FALSE,0,8482201,14,24
2025020129,718,even-strength,79,39,FALSE,FALSE,TRUE,TRUE,FALSE,FALSE,0.00451189279556274,8478519,14,24
2025020129,727,even-strength,50,-19,FALSE,FALSE,TRUE,TRUE,TRUE,FALSE,0.02432894706726074,8483752,14,24
2025020129,751,even-strength,76,2,FALSE,FALSE,TRUE,FALSE,FALSE,FALSE,0,8477404,14,24
2025020129,766,even-strength,80,0,FALSE,FALSE,TRUE,TRUE,TRUE,FALSE,0.18439382314682007,8483752,14,24
2025020129,784,even-strength,57,-15,FALSE,FALSE,TRUE,TRUE,FALSE,FALSE,0.04562312364578247,8476453,14,24
2025020129,804,even-strength,82,-5,FALSE,FALSE,TRUE,TRUE,TRUE,TRUE,0.06561446189880371,8477404,14,24
2025020129,833,even-strength,81,-2,FALSE,FALSE,TRUE,TRUE,TRUE,FALSE,0.2049483060836792,8478519,14,24
2025020129,835,even-strength,60,23,FALSE,FALSE,TRUE,TRUE,FALSE,FALSE,0.08265513181686401,8475167,14,24
2025020129,837,even-strength,81,2,FALSE,FALSE,TRUE,TRUE,FALSE,FALSE,0.12071806192398073,8478519,14,24
2025020129,838,even-strength,84,1,FALSE,TRUE,TRUE,TRUE,FALSE,FALSE,0.1378171443939209,8479542,14,24
2025020129,873,even-strength,55,-22,FALSE,FALSE,TRUE,TRUE,FALSE,FALSE,0.02638053894042968,8478519,14,24
2025020129,887,power-play,42,4,FALSE,FALSE,TRUE,TRUE,FALSE,FALSE,0.06558334827423096,8475167,14,24
2025020129,892,power-play,78,-15,FALSE,FALSE,TRUE,TRUE,TRUE,FALSE,0.15400004386901855,8478010,14,24
2025020129,902,power-play,73,-19,FALSE,FALSE,TRUE,FALSE,FALSE,FALSE,0,8482201,14,24
2025020129,933,even-strength,29,3,FALSE,FALSE,TRUE,TRUE,FALSE,FALSE,0.0046512484550476,8482929,14,24
2025020129,944,even-strength,87,-7,FALSE,FALSE,TRUE,TRUE,FALSE,FALSE,0.04808878898620605,8480995,14,24
2025020129,945,even-strength,73,2,FALSE,FALSE,TRUE,FALSE,FALSE,FALSE,0,8475167,14,24
2025020129,946,even-strength,59,-11,FALSE,FALSE,TRUE,FALSE,FALSE,FALSE,0,8482655,14,24
2025020129,956,power-play,56,23,FALSE,FALSE,TRUE,TRUE,FALSE,FALSE,0.05565524101257324,8476453,14,24
2025020129,957,power-play,46,-6,FALSE,TRUE,TRUE,TRUE,FALSE,FALSE,0.09778523445129396,8475167,14,24
2025020129,961,power-play,76,-15,FALSE,FALSE,TRUE,TRUE,FALSE,FALSE,0.12858253717422485,8477404,14,24
2025020129,964,power-play,58,-18,FALSE,FALSE,TRUE,TRUE,FALSE,FALSE,0.07514059543609619,8476453,14,24
2025020129,976,power-play,58,-20,FALSE,FALSE,TRUE,TRUE,FALSE,FALSE,0.08491867780685425,8476453,14,24
2025020129,978,power-play,83,-12,FALSE,FALSE,TRUE,TRUE,TRUE,FALSE,0.2140694260597229,8477404,14,24
2025020129,979,power-play,79,5,FALSE,FALSE,TRUE,TRUE,FALSE,FALSE,0.19369328022003177,8478519,14,24
2025020129,980,power-play,64,-8,FALSE,FALSE,TRUE,FALSE,FALSE,FALSE,0,8476453,14,24
2025020129,981,power-play,83,-18,FALSE,TRUE,TRUE,TRUE,TRUE,FALSE,0.3262163996696472,8477404,14,24
2025020129,983,power-play,60,-17,FALSE,TRUE,TRUE,TRUE,TRUE,FALSE,0.09121912717819214,8476453,14,24
2025020129,988,power-play,38,5,FALSE,FALSE,TRUE,TRUE,TRUE,FALSE,0.05535906553268432,8480426,14,24
2025020129,1064,even-strength,70,17,FALSE,FALSE,TRUE,TRUE,TRUE,FALSE,0.08923619985580444,8482201,14,24
2025020129,1094,even-strength,30,34,FALSE,FALSE,TRUE,TRUE,FALSE,FALSE,0.01244807243347168,8474151,14,24
2025020129,1095,even-strength,80,14,FALSE,TRUE,TRUE,FALSE,FALSE,FALSE,0,8476453,14,24
2025020129,1096,even-strength,76,0,FALSE,FALSE,TRUE,TRUE,TRUE,FALSE,0.192021906375885,8478010,14,24
2025020129,1097,even-strength,84,26,FALSE,FALSE,TRUE,TRUE,TRUE,FALSE,0.02677643299102783,8476453,14,24
2025020129,1105,even-strength,79,-2,FALSE,FALSE,TRUE,TRUE,TRUE,FALSE,0.24365359544754028,8476878,14,24
2025020129,1117,even-strength,76,-22,FALSE,FALSE,TRUE,TRUE,FALSE,FALSE,0.05156916379928589,8476878,14,24
2025020129,1132,even-strength,46,-7,FALSE,FALSE,TRUE,FALSE,FALSE,FALSE,0,8482655,14,24
2025020129,1177,even-strength,56,-29,FALSE,FALSE,TRUE,FALSE,FALSE,FALSE,0,8476878,14,24
2025020129,1178,even-strength,56,40,FALSE,FALSE,TRUE,TRUE,TRUE,FALSE,0.00202733278274536,8475167,14,24
2025020129,1204,power-play,79,7,FALSE,FALSE,TRUE,FALSE,FALSE,FALSE,0,8476453,14,24
2025020129,1208,power-play,52,2,FALSE,FALSE,TRUE,FALSE,FALSE,FALSE,0,8475167,14,24
2025020129,1213,power-play,68,9,FALSE,FALSE,TRUE,TRUE,TRUE,TRUE,0.1074407696723938,8478519,14,24
2025020129,1222,even-strength,77,6,FALSE,FALSE,TRUE,FALSE,FALSE,FALSE,0,8474151,14,24
2025020129,1224,even-strength,80,1,FALSE,FALSE,TRUE,TRUE,FALSE,FALSE,0.2815912961959839,8479542,14,24
2025020153,55,even-strength,65,-13,FALSE,FALSE,TRUE,TRUE,FALSE,FALSE,0.02504140138626098,8482713,13,24
2025020153,60,even-strength,53,41,FALSE,FALSE,TRUE,TRUE,FALSE,FALSE,0.00836479663848877,8478055,13,24
2025020153,101,even-strength,69,-25,FALSE,FALSE,TRUE,TRUE,TRUE,FALSE,0.03839832544326782,8477932,13,24
2025020153,117,even-strength,71,-18,FALSE,FALSE,TRUE,FALSE,FALSE,FALSE,0,8480003,13,24
2025020153,118,even-strength,42,-11,FALSE,FALSE,TRUE,TRUE,FALSE,FALSE,0.02802878618240356,8477935,13,24
2025020153,119,even-strength,83,23,FALSE,TRUE,TRUE,TRUE,FALSE,FALSE,0.0866209864616394,8484304,13,24
2025020153,138,penalty-kill,77,3,FALSE,FALSE,TRUE,TRUE,TRUE,FALSE,0.22214476021503943,8482113,13,24
2025020153,151,even-strength,88,3,FALSE,FALSE,TRUE,TRUE,TRUE,FALSE,0.2275734543800354,8478542,13,24
2025020153,152,even-strength,77,2,FALSE,TRUE,TRUE,TRUE,TRUE,FALSE,0.05090266466140747,8477933,13,24
2025020153,153,even-strength,86,3,FALSE,TRUE,TRUE,TRUE,TRUE,FALSE,0.2029359340667725,8477933,13,24
2025020153,154,even-strength,87,5,FALSE,FALSE,TRUE,TRUE,TRUE,FALSE,0.01064294576644897,8482713,13,24
2025020153,155,even-strength,82,10,FALSE,FALSE,TRUE,TRUE,TRUE,FALSE,0.05456197261810303,8480003,13,24
2025020153,156,even-strength,78,6,TRUE,FALSE,TRUE,FALSE,FALSE,FALSE,0,8478859,13,24
2025020153,157,even-strength,-48,40,FALSE,FALSE,TRUE,TRUE,TRUE,FALSE,9.142160415649414e-4,8484304,13,24
2025020153,160,power-play,83,-3,FALSE,TRUE,TRUE,TRUE,TRUE,FALSE,0.08915442228317261,8477933,13,24
2025020153,161,power-play,49,16,FALSE,FALSE,TRUE,FALSE,FALSE,FALSE,0,8477409,13,24
2025020153,163,power-play,88,3,FALSE,TRUE,TRUE,TRUE,TRUE,FALSE,0.09664475917816162,8477933,13,24
2025020153,164,power-play,96,7,FALSE,TRUE,TRUE,TRUE,TRUE,FALSE,0.1253596544265747,8477933,13,24
2025020153,165,even-strength,93,-10,FALSE,TRUE,TRUE,TRUE,TRUE,FALSE,0.0975915789604187,8480003,13,24
2025020153,166,even-strength,71,-33,FALSE,FALSE,TRUE,FALSE,FALSE,FALSE,0,8482713,13,24
2025020153,167,even-strength,91,-9,FALSE,TRUE,TRUE,TRUE,FALSE,FALSE,0.13730937242507937,8478542,13,24
2025020153,169,even-strength,82,3,FALSE,FALSE,TRUE,FALSE,FALSE,FALSE,0,8477495,13,24
2025020153,170,even-strength,91,17,TRUE,TRUE,TRUE,TRUE,FALSE,FALSE,0.03130233287811279,8477495,13,24
2025020153,171,even-strength,84,6,FALSE,TRUE,TRUE,TRUE,TRUE,FALSE,0.16878461837768555,8479393,13,24
2025020153,172,even-strength,50,16,TRUE,FALSE,TRUE,FALSE,FALSE,FALSE,0,8477409,13,24
2025020153,173,even-strength,82,9,FALSE,FALSE,TRUE,TRUE,FALSE,FALSE,0.0777629017829895,8482713,13,24
2025020153,174,even-strength,80,-11,FALSE,FALSE,TRUE,FALSE,FALSE,FALSE,0,8477409,13,24
2025020153,175,even-strength,86,13,FALSE,TRUE,TRUE,TRUE,FALSE,FALSE,0.03500209124845466,8478055,13,24
2025020153,176,power-play,75,-23,FALSE,FALSE,TRUE,TRUE,TRUE,FALSE,0.15513169765472412,8477933,13,24
2025020153,208,even-strength,86,31,FALSE,FALSE,TRUE,TRUE,TRUE,FALSE,7.661581039428711e-4,8479393,13,24
2025020153,215,even-strength,54,29,FALSE,FALSE,TRUE,TRUE,TRUE,FALSE,0.01312828063964843,8484304,13,24
2025020153,220,even-strength,-32,-8,FALSE,FALSE,TRUE,TRUE,TRUE,FALSE,9.560585021972656e-5,8478542,13,24
2025020153,241,even-strength,63,16,FALSE,FALSE,TRUE,TRUE,TRUE,FALSE,0.13886767625808716,8477409,13,24
2025020153,303,even-strength,41,-40,FALSE,FALSE,TRUE,TRUE,FALSE,FALSE,0.00713139772415161,8473507,13,24
2025020153,394,even-strength,46,7,FALSE,FALSE,TRUE,FALSE,FALSE,FALSE,0,8479393,13,24
2025020153,486,power-play,77,0,FALSE,FALSE,TRUE,FALSE,FALSE,FALSE,0,8482713,13,24
2025020153,487,power-play,28,-33,FALSE,FALSE,TRUE,TRUE,TRUE,FALSE,0.02106314897537231,8477495,13,24
2025020153,488,power-play,62,14,FALSE,FALSE,TRUE,FALSE,FALSE,FALSE,0,8477495,13,24
2025020153,498,power-play,66,24,FALSE,FALSE,TRUE,TRUE,FALSE,FALSE,0.09241360425949097,8477935,13,24
2025020153,553,power-play,67,12,FALSE,TRUE,TRUE,TRUE,FALSE,FALSE,0.06599271297454834,8477409,13,24
2025020153,581,power-play,67,19,FALSE,FALSE,TRUE,TRUE,TRUE,FALSE,0.1408555507659912,8480185,13,24
2025020153,585,power-play,37,6,FALSE,FALSE,TRUE,TRUE,FALSE,FALSE,0.03995788097381592,8477495,13,24
2025020153,590,power-play,63,20,FALSE,FALSE,TRUE,TRUE,FALSE,FALSE,0.11599242687225342,8482713,13,24
2025020153,597,power-play,84,-14,FALSE,FALSE,TRUE,TRUE,FALSE,FALSE,0.10301703214645386,8477932,13,24
2025020153,605,even-strength,58,11,TRUE,FALSE,TRUE,TRUE,FALSE,FALSE,0.05198913812637329,8478542,13,24
2025020153,616,even-strength,74,-10,TRUE,FALSE,TRUE,TRUE,FALSE,FALSE,0.03405672311782837,8479393,13,24
2025020153,618,even-strength,70,23,FALSE,FALSE,TRUE,TRUE,FALSE,FALSE,0.09698367118835448,8477495,13,24
2025020153,626,even-strength,77,-9,FALSE,FALSE,TRUE,FALSE,FALSE,FALSE,0,8477932,13,24
2025020153,628,even-strength,49,26,FALSE,FALSE,TRUE,TRUE,TRUE,FALSE,0.01575279235839843,8477935,13,24
2025020153,637,even-strength,64,-33,FALSE,FALSE,TRUE,TRUE,TRUE,FALSE,0.0297967791557312,8473507,13,24
2025020153,660,power-play,73,0,FALSE,FALSE,TRUE,FALSE,FALSE,FALSE,0,8477495,13,24
2025020153,670,power-play,35,9,FALSE,FALSE,TRUE,TRUE,TRUE,FALSE,0.05275559425354004,8473507,13,24
2025020153,728,even-strength,53,37,FALSE,FALSE,TRUE,TRUE,FALSE,FALSE,0.00278800725936889,8480003,13,24
2025020153,729,even-strength,75,-12,FALSE,FALSE,TRUE,FALSE,FALSE,FALSE,0,8477932,13,24
2025020153,748,even-strength,40,-35,FALSE,FALSE,TRUE,TRUE,FALSE,FALSE,3.148317337036133e-4,8480185,13,24
2025020153,761,even-strength,83,-10,FALSE,FALSE,TRUE,TRUE,TRUE,FALSE,0.02931022644042968,8478542,13,24
2025020153,804,even-strength,40,24,TRUE,FALSE,TRUE,FALSE,FALSE,FALSE,0,8478055,13,24
2025020153,826,even-strength,75,7,FALSE,FALSE,TRUE,FALSE,FALSE,FALSE,0,8484304,13,24
2025020153,835,even-strength,53,-3,TRUE,FALSE,TRUE,FALSE,FALSE,FALSE,0,8480185,13,24
2025020153,836,even-strength,74,-28,FALSE,FALSE,TRUE,TRUE,FALSE,FALSE,0.03834456205368042,8482113,13,24
2025020153,850,even-strength,63,-14,FALSE,FALSE,TRUE,TRUE,TRUE,FALSE,0.04969888925552368,8477933,13,24
2025020153,978,even-strength,78,37,FALSE,FALSE,TRUE,TRUE,TRUE,FALSE,0.01244187355041503,8479393,13,24
2025020153,989,even-strength,56,2,TRUE,FALSE,TRUE,TRUE,TRUE,FALSE,0.08535009622573853,8478859,13,24
2025020153,1055,even-strength,40,-36,FALSE,FALSE,TRUE,FALSE,FALSE,FALSE,0,8477933,13,24
2025020153,1101,even-strength,79,-3,FALSE,FALSE,TRUE,TRUE,TRUE,TRUE,0.15503942966461182,8482113,13,24
2025020153,1104,even-strength,79,-5,FALSE,FALSE,TRUE,TRUE,TRUE,TRUE,0.12974166870117188,8477933,13,24
2025020153,1224,even-strength,69,15,FALSE,FALSE,TRUE,TRUE,TRUE,FALSE,0.13776054445133568,8478055,13,24
2025020153,1226,even-strength,70,-19,FALSE,FALSE,TRUE,TRUE,FALSE,FALSE,0.14556577537779988,8478542,13,24
2025020153,1231,even-strength,47,7,FALSE,FALSE,TRUE,TRUE,FALSE,FALSE,0.08929663896560669,8477933,13,24
2025020153,1241,power-play,70,-11,FALSE,FALSE,TRUE,FALSE,FALSE,FALSE,0,8482713,13,24
2025020153,1242,power-play,52,4,FALSE,FALSE,TRUE,TRUE,TRUE,FALSE,0.12198305130004884,8477933,13,24
2025020153,1248,power-play,49,-5,FALSE,FALSE,TRUE,TRUE,TRUE,FALSE,0.0966305136680603,8477495,13,24
2025020153,1251,power-play,81,-4,FALSE,FALSE,TRUE,TRUE,TRUE,FALSE,0.1863005757331848,8482113,13,24
2025020180,86,even-strength,83,-2,TRUE,FALSE,TRUE,FALSE,FALSE,FALSE,0,8474037,17,24
2025020180,107,power-play,56,7,FALSE,FALSE,TRUE,TRUE,FALSE,FALSE,0.13747543096542358,8477946,17,24
2025020180,108,power-play,48,-11,FALSE,FALSE,TRUE,FALSE,FALSE,FALSE,0,8481542,17,24
2025020180,112,power-play,69,5,FALSE,FALSE,TRUE,TRUE,TRUE,FALSE,0.2080819010734558,8477946,17,24
2025020180,158,even-strength,83,3,FALSE,TRUE,TRUE,TRUE,TRUE,FALSE,0.02043002843856811,8479337,17,24
2025020180,204,power-play,79,4,FALSE,FALSE,TRUE,FALSE,FALSE,FALSE,0,8482078,17,24
2025020180,205,power-play,84,-8,FALSE,TRUE,TRUE,FALSE,FALSE,FALSE,0,8484471,17,24
2025020180,209,even-strength,86,-9,FALSE,FALSE,TRUE,TRUE,TRUE,FALSE,0.01865196228027343,8474037,17,24
2025020180,260,even-strength,71,-7,FALSE,FALSE,TRUE,TRUE,TRUE,TRUE,0.1968885064125061,8482078,17,24
2025020180,288,even-strength,83,-12,FALSE,FALSE,TRUE,FALSE,FALSE,FALSE,0,8478891,17,24
2025020180,297,even-strength,32,12,FALSE,FALSE,TRUE,TRUE,FALSE,FALSE,5.204081535339355e-4,8484223,17,24
2025020180,311,even-strength,67,32,FALSE,FALSE,TRUE,TRUE,TRUE,FALSE,0.01342833042144775,8481607,17,24
2025020180,318,even-strength,53,16,FALSE,FALSE,TRUE,TRUE,TRUE,FALSE,0.00139838457107543,8479337,17,24
2025020180,333,even-strength,-70,-9,FALSE,FALSE,TRUE,TRUE,FALSE,FALSE,0.00137937068939208,8477429,17,24
2025020180,346,even-strength,69,-41,FALSE,FALSE,TRUE,TRUE,FALSE,FALSE,0.0124397873878479,8481542,17,24
2025020180,360,even-strength,62,15,FALSE,FALSE,TRUE,FALSE,FALSE,FALSE,0,8482078,17,24
2025020180,361,even-strength,52,10,FALSE,FALSE,TRUE,TRUE,TRUE,FALSE,0.07099545001983643,8482762,17,24
2025020180,373,even-strength,47,29,FALSE,FALSE,TRUE,TRUE,FALSE,FALSE,0.01325142383575439,8477456,17,24
2025020180,374,even-strength,50,-40,FALSE,TRUE,TRUE,TRUE,FALSE,FALSE,0.00802052021026611,8484223,17,24
2025020180,401,even-strength,80,-5,FALSE,FALSE,TRUE,TRUE,TRUE,FALSE,0.17207086086273193,8481725,17,24
2025020180,431,even-strength,22,-40,FALSE,FALSE,TRUE,TRUE,FALSE,FALSE,6.9522857666015e-4,8481542,17,24
2025020180,441,power-play,52,7,FALSE,FALSE,TRUE,TRUE,TRUE,FALSE,0.07732629776000977,8482078,17,24
2025020180,444,power-play,47,-5,FALSE,FALSE,TRUE,TRUE,TRUE,FALSE,0.05888897180557251,8481542,17,24
2025020180,448,power-play,79,25,FALSE,FALSE,TRUE,TRUE,TRUE,FALSE,0.09595853090286256,8477946,17,24
2025020180,450,power-play,59,17,FALSE,FALSE,TRUE,TRUE,TRUE,FALSE,0.07641810178756714,8479337,17,24
2025020180,502,power-play,81,-2,FALSE,FALSE,TRUE,FALSE,FALSE,FALSE,0,8481542,17,24
2025020180,532,even-strength,55,-14,FALSE,FALSE,TRUE,TRUE,TRUE,FALSE,0.07777982950210571,8483464,17,24
2025020180,548,even-strength,42,-4,FALSE,FALSE,TRUE,TRUE,FALSE,FALSE,0.00130873918533325,8481542,17,24
2025020180,561,even-strength,44,12,FALSE,FALSE,TRUE,TRUE,FALSE,FALSE,0.01059240102767944,8481607,17,24
2025020180,573,even-strength,52,-11,FALSE,FALSE,TRUE,TRUE,TRUE,FALSE,0.0974581241607666,8478891,17,24
2025020180,593,even-strength,28,36,FALSE,FALSE,TRUE,TRUE,TRUE,FALSE,0.00598686933517456,8481013,17,24
2025020180,598,even-strength,38,19,FALSE,FALSE,TRUE,TRUE,FALSE,FALSE,0.04305571317672729,8474037,17,24
2025020180,610,penalty-kill,77,-5,FALSE,FALSE,TRUE,TRUE,TRUE,FALSE,0.03043211739319937,8477946,17,24
2025020180,665,even-strength,61,-6,FALSE,FALSE,TRUE,FALSE,FALSE,FALSE,0,8481542,17,24
2025020180,670,even-strength,56,-27,FALSE,FALSE,TRUE,TRUE,TRUE,FALSE,0.02606987953186035,8479992,17,24
2025020180,682,power-play,84,3,FALSE,FALSE,TRUE,TRUE,TRUE,TRUE,0.2048717141151428,8479337,17,24
2025020180,697,power-play,79,-9,FALSE,TRUE,TRUE,TRUE,TRUE,FALSE,0.0703616738319397,8484471,17,24
2025020180,699,power-play,70,13,FALSE,FALSE,TRUE,TRUE,TRUE,FALSE,0.13184469938278198,8482078,17,24
2025020180,700,power-play,73,-4,FALSE,FALSE,TRUE,TRUE,TRUE,FALSE,0.1351451277732849,8479337,17,24
2025020180,719,power-play,33,2,FALSE,FALSE,TRUE,TRUE,TRUE,FALSE,0.05355584621429443,8481542,17,24
2025020180,721,power-play,81,11,FALSE,FALSE,TRUE,TRUE,FALSE,FALSE,0.1914207935333252,8477429,17,24
2025020180,788,even-strength,80,-2,TRUE,FALSE,TRUE,TRUE,FALSE,FALSE,0.03749650716781616,8474037,17,24
2025020180,818,even-strength,55,17,FALSE,FALSE,TRUE,TRUE,TRUE,FALSE,0.06451284885406494,8479337,17,24
2025020180,819,even-strength,78,-1,FALSE,FALSE,TRUE,TRUE,FALSE,FALSE,0.13332045078277588,8478891,17,24
2025020180,888,power-play,63,9,FALSE,FALSE,TRUE,TRUE,FALSE,FALSE,0.11536359786987305,8484471,17,24
2025020180,891,power-play,75,11,FALSE,FALSE,TRUE,TRUE,FALSE,FALSE,0.16215234994888306,8479337,17,24
2025020180,893,power-play,82,-7,FALSE,FALSE,TRUE,TRUE,FALSE,FALSE,0.14631366729736328,8477946,17,24
2025020180,894,power-play,57,-3,FALSE,FALSE,TRUE,FALSE,FALSE,FALSE,0,8481542,17,24
2025020180,897,power-play,81,9,FALSE,FALSE,TRUE,FALSE,FALSE,FALSE,0,8479337,17,24
2025020180,901,power-play,68,2,FALSE,FALSE,TRUE,TRUE,FALSE,FALSE,0.15157455205917358,8477946,17,24
2025020180,902,even-strength,82,3,FALSE,TRUE,TRUE,TRUE,TRUE,FALSE,0.03817892074584961,8479337,17,24
2025020180,958,even-strength,71,3,FALSE,FALSE,TRUE,TRUE,TRUE,FALSE,0.10123968124389648,8475279,17,24
2025020180,959,even-strength,63,2,FALSE,TRUE,TRUE,TRUE,FALSE,FALSE,0.01884424686431884,8481725,17,24
2025020180,969,even-strength,70,-2,FALSE,FALSE,TRUE,FALSE,FALSE,FALSE,0,8481607,17,24
2025020180,992,even-strength,31,23,FALSE,FALSE,TRUE,TRUE,TRUE,FALSE,0.01650780439376831,8481607,17,24
2025020180,1035,power-play,75,0,FALSE,FALSE,TRUE,FALSE,FALSE,FALSE,0,8477456,17,24
2025020180,1038,power-play,80,-31,FALSE,FALSE,TRUE,TRUE,TRUE,FALSE,0.0442848801612854,8483464,17,24
2025020180,1070,even-strength,87,24,TRUE,FALSE,TRUE,TRUE,FALSE,FALSE,0.0148288607597351,8481607,17,24
2025020180,1071,even-strength,71,27,FALSE,FALSE,TRUE,TRUE,TRUE,FALSE,0.03442949056625366,8481725,17,24
2025020180,1079,even-strength,60,34,FALSE,FALSE,TRUE,TRUE,TRUE,FALSE,0.00304830074310302,8483464,17,24
2025020180,1084,even-strength,81,-7,FALSE,FALSE,TRUE,TRUE,TRUE,FALSE,0.01889348030090332,8481013,17,24
2025020180,1086,even-strength,74,-2,FALSE,FALSE,TRUE,FALSE,FALSE,FALSE,0,8481542,17,24
2025020197,54,even-strength,74,-5,FALSE,FALSE,TRUE,TRUE,FALSE,FALSE,0.07845962047576904,8476474,1,24
2025020197,59,even-strength,36,-13,FALSE,FALSE,TRUE,TRUE,FALSE,FALSE,0.02348470687866211,8482684,1,24
2025020197,61,even-strength,57,23,FALSE,FALSE,TRUE,TRUE,TRUE,FALSE,0.06651020050048828,8475455,1,24
2025020197,66,even-strength,48,-10,FALSE,FALSE,TRUE,TRUE,TRUE,FALSE,0.05298113822937012,8478414,1,24
2025020197,71,even-strength,46,-22,FALSE,FALSE,TRUE,FALSE,FALSE,FALSE,0,8476462,1,24
2025020197,84,even-strength,40,8,FALSE,FALSE,TRUE,FALSE,FALSE,FALSE,0,8482684,1,24
2025020197,85,even-strength,50,-26,FALSE,FALSE,TRUE,TRUE,TRUE,FALSE,0.02070611715316772,8482684,1,24
2025020197,105,even-strength,57,-33,FALSE,FALSE,TRUE,TRUE,TRUE,FALSE,0.02114206552505493,8478399,1,24
2025020197,106,even-strength,78,9,FALSE,FALSE,TRUE,FALSE,FALSE,FALSE,0,8478399,1,24
2025020197,132,even-strength,78,-32,FALSE,FALSE,TRUE,TRUE,TRUE,FALSE,0.01537734270095825,8483495,1,24
2025020197,136,even-strength,48,-8,FALSE,FALSE,TRUE,TRUE,TRUE,FALSE,0.04481971263885498,8481721,1,24
2025020197,140,even-strength,31,11,FALSE,FALSE,TRUE,TRUE,TRUE,FALSE,0.01855725049972534,8478399,1,24
2025020197,141,even-strength,80,-9,TRUE,FALSE,TRUE,TRUE,TRUE,FALSE,0.1575788855552673,8480002,1,24
2025020197,158,even-strength,82,3,FALSE,TRUE,TRUE,TRUE,TRUE,FALSE,0.23957842588424683,8479407,1,24
2025020197,162,even-strength,27,3,FALSE,FALSE,TRUE,FALSE,FALSE,FALSE,0,8476462,1,24
2025020197,165,even-strength,86,-6,FALSE,FALSE,TRUE,TRUE,TRUE,FALSE,0.04961138963699341,8479407,1,24
2025020197,167,even-strength,-10,-39,FALSE,FALSE,TRUE,TRUE,TRUE,FALSE,0.001251220703125,8475455,1,24
2025020197,168,even-strength,84,8,FALSE,FALSE,TRUE,TRUE,FALSE,FALSE,0.09035980701446532,8476474,1,24
2025020197,299,power-play,32,3,FALSE,FALSE,TRUE,TRUE,TRUE,FALSE,0.05156940221786499,8482684,1,24
2025020197,300,power-play,72,-14,FALSE,FALSE,TRUE,FALSE,FALSE,FALSE,0,8478414,1,24
2025020197,307,even-strength,71,-20,FALSE,FALSE,TRUE,TRUE,TRUE,FALSE,0.15663689374923706,8478414,1,24
2025020197,320,even-strength,84,-3,FALSE,FALSE,TRUE,FALSE,FALSE,FALSE,0,8476462,1,24
2025020197,337,even-strength,32,38,FALSE,FALSE,TRUE,TRUE,FALSE,FALSE,0.00392466783523559,8475455,1,24
2025020197,351,even-strength,40,-31,FALSE,FALSE,TRUE,FALSE,FALSE,FALSE,0,8483495,1,24
2025020197,355,even-strength,85,-4,FALSE,TRUE,TRUE,TRUE,FALSE,FALSE,0.01394134759902954,8481721,1,24
2025020197,356,even-strength,85,0,FALSE,TRUE,TRUE,TRUE,TRUE,FALSE,0.04043614864349365,8478414,1,24
2025020197,357,even-strength,85,-1,FALSE,TRUE,TRUE,TRUE,TRUE,FALSE,0.18007206916809082,8478414,1,24
2025020197,362,even-strength,71,-3,FALSE,FALSE,TRUE,TRUE,FALSE,FALSE,0.13734424114227295,8482110,1,24
2025020197,363,even-strength,84,-2,FALSE,TRUE,TRUE,FALSE,FALSE,FALSE,0,8478414,1,24
2025020197,364,even-strength,94,11,FALSE,TRUE,TRUE,TRUE,TRUE,FALSE,0.02201473712921142,8481721,1,24
2025020197,365,even-strength,86,5,FALSE,TRUE,TRUE,TRUE,FALSE,FALSE,0.06105583906173706,8476474,1,24
2025020197,366,even-strength,89,-13,FALSE,TRUE,TRUE,TRUE,FALSE,FALSE,0.02063155174255371,8479407,1,24
2025020197,423,even-strength,81,1,FALSE,FALSE,TRUE,FALSE,FALSE,FALSE,0,8480002,1,24
2025020197,425,even-strength,63,-30,TRUE,FALSE,TRUE,TRUE,TRUE,FALSE,0.03348511457443237,8478414,1,24
2025020197,426,even-strength,74,-31,FALSE,FALSE,TRUE,TRUE,TRUE,FALSE,0.02326232194900512,8481721,1,24
2025020197,429,even-strength,34,-12,FALSE,FALSE,TRUE,TRUE,FALSE,FALSE,0.01684373617172241,8482684,1,24
2025020197,510,even-strength,74,7,FALSE,FALSE,TRUE,FALSE,FALSE,FALSE,0,8478399,1,24
2025020197,519,even-strength,75,-16,TRUE,FALSE,TRUE,TRUE,FALSE,FALSE,0.18294024467468264,8479407,1,24
2025020197,537,even-strength,55,20,FALSE,FALSE,TRUE,FALSE,FALSE,FALSE,0,8479395,1,24
2025020197,542,even-strength,51,-37,FALSE,FALSE,TRUE,TRUE,TRUE,FALSE,4.2432546615600586e-4,8476462,1,24
2025020197,544,even-strength,55,21,FALSE,FALSE,TRUE,TRUE,TRUE,FALSE,0.04241001605987549,8476474,1,24
2025020197,551,even-strength,56,-32,FALSE,FALSE,TRUE,TRUE,TRUE,FALSE,0.00885349512100219,8476822,1,24
2025020197,556,even-strength,76,-8,FALSE,FALSE,TRUE,FALSE,FALSE,FALSE,0,8481559,1,24
2025020197,558,even-strength,35,38,FALSE,FALSE,TRUE,FALSE,FALSE,FALSE,0,8475455,1,24
2025020197,597,even-strength,62,-6,FALSE,FALSE,TRUE,TRUE,TRUE,FALSE,0.1750543713569641,8481559,1,24
2025020197,604,even-strength,63,-3,FALSE,FALSE,TRUE,FALSE,FALSE,FALSE,0,8476474,1,24
2025020197,620,even-strength,42,-33,FALSE,FALSE,TRUE,TRUE,TRUE,FALSE,3.71098518371582e-4,8476462,1,24
2025020197,636,even-strength,74,-18,FALSE,FALSE,TRUE,FALSE,FALSE,FALSE,0,8483495,1,24
2025020197,667,even-strength,67,31,FALSE,FALSE,TRUE,TRUE,FALSE,FALSE,0.03535878658294678,8476474,1,24
2025020197,690,even-strength,41,37,FALSE,FALSE,TRUE,TRUE,TRUE,FALSE,0.00203102827072143,8476292,1,24
2025020197,789,even-strength,63,-7,FALSE,FALSE,TRUE,TRUE,TRUE,FALSE,0.03152120113372803,8477996,1,24
2025020197,858,even-strength,77,-11,FALSE,FALSE,TRUE,TRUE,TRUE,TRUE,0.2869133949279785,8481559,1,24
2025020197,865,even-strength,56,-14,FALSE,FALSE,TRUE,FALSE,FALSE,FALSE,0,8482684,1,24
2025020197,866,even-strength,69,37,FALSE,FALSE,TRUE,TRUE,TRUE,FALSE,0.00994622707366943,8482110,1,24
2025020197,880,even-strength,60,26,FALSE,FALSE,TRUE,TRUE,FALSE,FALSE,0.0317763090133667,8479395,1,24
2025020197,884,even-strength,72,-7,TRUE,FALSE,TRUE,FALSE,FALSE,FALSE,0,8483495,1,24
2025020197,886,even-strength,40,-32,FALSE,FALSE,TRUE,FALSE,FALSE,FALSE,0,8483495,1,24
2025020197,890,even-strength,63,23,FALSE,FALSE,TRUE,TRUE,TRUE,FALSE,0.04579347372055054,8481721,1,24
2025020197,897,even-strength,69,-32,FALSE,FALSE,TRUE,TRUE,FALSE,FALSE,0.01225155591964721,8480002,1,24
2025020197,898,even-strength,85,3,FALSE,TRUE,TRUE,TRUE,TRUE,FALSE,0.00811058282852172,8478414,1,24
2025020197,899,even-strength,89,4,FALSE,FALSE,TRUE,TRUE,FALSE,FALSE,0.13657820224761963,8478414,1,24
2025020197,900,even-strength,81,1,FALSE,TRUE,TRUE,FALSE,FALSE,FALSE,0,8480002,1,24
2025020197,909,even-strength,84,17,FALSE,FALSE,TRUE,TRUE,FALSE,FALSE,0.03115618228912353,8479407,1,24
2025020197,949,even-strength,56,-37,FALSE,FALSE,TRUE,TRUE,TRUE,FALSE,0.00651168823242187,8476462,1,24
2025020197,976,even-strength,65,28,FALSE,FALSE,TRUE,TRUE,TRUE,FALSE,0.04436933994293213,8479395,1,24
2025020197,984,even-strength,79,0,FALSE,TRUE,TRUE,TRUE,TRUE,FALSE,0.06097835302352905,8478414,1,24
2025020197,993,even-strength,38,-23,FALSE,FALSE,TRUE,TRUE,FALSE,FALSE,0.0216946005821228,8482684,1,24
2025020197,1055,even-strength,34,7,FALSE,FALSE,TRUE,TRUE,FALSE,FALSE,4.730224609375e-4,8481721,1,24
2025020197,1062,even-strength,77,-24,FALSE,FALSE,TRUE,TRUE,TRUE,FALSE,0.02494066953659057,8476292,1,24
2025020211,55,even-strength,80,3,FALSE,FALSE,TRUE,TRUE,TRUE,FALSE,0.05734938383102417,8473419,13,24
2025020211,73,even-strength,72,40,FALSE,FALSE,TRUE,TRUE,TRUE,FALSE,0.00305646657943725,8480003,13,24
2025020211,78,even-strength,81,-12,FALSE,FALSE,TRUE,FALSE,FALSE,FALSE,0,8473507,13,24
2025020211,79,even-strength,70,-8,FALSE,FALSE,TRUE,FALSE,FALSE,FALSE,0,8473507,13,24
2025020211,80,even-strength,73,-2,FALSE,FALSE,TRUE,TRUE,FALSE,FALSE,0.06169629096984863,8481655,13,24
2025020211,81,even-strength,71,-3,FALSE,TRUE,TRUE,TRUE,FALSE,FALSE,0.0252072811126709,8481655,13,24
2025020211,94,even-strength,72,6,FALSE,FALSE,TRUE,FALSE,FALSE,FALSE,0,8477932,13,24
2025020211,95,even-strength,56,-36,TRUE,FALSE,TRUE,TRUE,TRUE,FALSE,0.00809419155120849,8477932,13,24
2025020211,174,even-strength,64,-19,FALSE,FALSE,TRUE,TRUE,TRUE,FALSE,0.04529289071029741,8477932,13,24
2025020211,194,even-strength,77,-3,FALSE,FALSE,TRUE,TRUE,TRUE,TRUE,0.19233465194702148,8473419,13,24
2025020211,200,even-strength,78,22,TRUE,FALSE,TRUE,TRUE,FALSE,FALSE,0.05490696430206299,8477935,13,24
2025020211,219,even-strength,57,20,FALSE,FALSE,TRUE,TRUE,FALSE,FALSE,9.422898292541504e-4,8478542,13,24
2025020211,224,even-strength,36,32,FALSE,FALSE,TRUE,TRUE,TRUE,FALSE,0.01800990104675293,8478055,13,24
2025020211,229,even-strength,43,4,FALSE,FALSE,TRUE,TRUE,FALSE,FALSE,0.06481796503067017,8478055,13,24
2025020211,270,even-strength,89,-9,FALSE,FALSE,TRUE,TRUE,TRUE,FALSE,0.04899322986602783,8477933,13,24
2025020211,288,even-strength,79,1,FALSE,FALSE,TRUE,TRUE,FALSE,FALSE,0.06520324945449829,8480185,13,24
2025020211,371,even-strength,70,20,FALSE,FALSE,TRUE,TRUE,FALSE,FALSE,0.01340419054031372,8473419,13,24
2025020211,380,even-strength,79,-22,FALSE,FALSE,TRUE,TRUE,FALSE,FALSE,0.01698839664459228,8473507,13,24
2025020211,383,even-strength,64,23,FALSE,FALSE,TRUE,TRUE,TRUE,FALSE,0.04806417226791382,8477409,13,24
2025020211,451,even-strength,80,0,TRUE,FALSE,TRUE,TRUE,TRUE,FALSE,0.10327708721160889,8482713,13,24
2025020211,455,even-strength,83,0,FALSE,FALSE,TRUE,FALSE,FALSE,FALSE,0,8473419,13,24
2025020211,461,power-play,78,-18,FALSE,FALSE,TRUE,FALSE,FALSE,FALSE,0,8482713,13,24
2025020211,462,even-strength,84,-7,FALSE,FALSE,TRUE,TRUE,TRUE,FALSE,0.13442885875701904,8477409,13,24
2025020211,530,even-strength,32,28,FALSE,FALSE,TRUE,TRUE,FALSE,FALSE,0.01261007785797119,8482131,13,24
2025020211,569,even-strength,64,-26,FALSE,FALSE,TRUE,FALSE,FALSE,FALSE,0,8477409,13,24
2025020211,572,even-strength,69,0,FALSE,FALSE,TRUE,TRUE,TRUE,TRUE,0.1978071331977844,8478542,13,24
2025020211,591,even-strength,80,-3,FALSE,FALSE,TRUE,TRUE,TRUE,FALSE,0.1907874345779419,8479393,13,24
2025020211,592,even-strength,63,-21,FALSE,TRUE,TRUE,TRUE,FALSE,FALSE,0.0380895733833313,8481655,13,24
2025020211,594,even-strength,31,-12,FALSE,FALSE,TRUE,TRUE,TRUE,FALSE,0.03978204727172851,8473507,13,24
2025020211,600,even-strength,80,1,FALSE,FALSE,TRUE,FALSE,FALSE,FALSE,0,8477495,13,24
2025020211,654,even-strength,88,-33,FALSE,FALSE,TRUE,TRUE,TRUE,FALSE,0.01012623310089111,8477933,13,24
2025020211,657,even-strength,72,27,FALSE,FALSE,TRUE,TRUE,TRUE,FALSE,0.01253974437713623,8482113,13,24
2025020211,658,even-strength,44,30,FALSE,FALSE,TRUE,TRUE,FALSE,FALSE,0.02090877294540405,8478055,13,24
2025020211,687,power-play,69,23,FALSE,FALSE,TRUE,TRUE,TRUE,FALSE,0.06941032409667969,8477409,13,24
2025020211,690,power-play,82,2,FALSE,FALSE,TRUE,TRUE,FALSE,FALSE,0.1610744595527649,8480185,13,24
2025020211,692,power-play,79,-1,FALSE,FALSE,TRUE,TRUE,TRUE,TRUE,0.16721290349960327,8480185,13,24
2025020211,699,even-strength,54,-9,FALSE,FALSE,TRUE,TRUE,TRUE,FALSE,0.05362045764923096,8477495,13,24
2025020211,728,even-strength,74,-8,FALSE,FALSE,TRUE,FALSE,FALSE,FALSE,0,8478542,13,24
2025020211,811,even-strength,-1,-14,FALSE,FALSE,TRUE,TRUE,TRUE,FALSE,0.0011795163154602,8482713,13,24
2025020211,822,even-strength,55,-13,FALSE,FALSE,TRUE,TRUE,FALSE,FALSE,0.02133208513259887,8477409,13,24
2025020211,844,power-play,83,-9,FALSE,FALSE,TRUE,TRUE,FALSE,FALSE,0.12125581502914427,8473419,13,24
2025020211,849,power-play,31,-39,FALSE,FALSE,TRUE,TRUE,TRUE,FALSE,0.01971882581710815,8477495,13,24
2025020211,955,even-strength,78,-29,FALSE,FALSE,TRUE,TRUE,FALSE,FALSE,0.03020787419062726,8473507,13,24
2025020211,1018,even-strength,77,15,FALSE,FALSE,TRUE,TRUE,TRUE,FALSE,0.11201047897338869,8478421,13,24
2025020211,1021,even-strength,43,24,FALSE,FALSE,TRUE,TRUE,FALSE,FALSE,0.01963061094284057,8479393,13,24
2025020211,1028,even-strength,31,-36,FALSE,FALSE,TRUE,TRUE,FALSE,FALSE,0.00649213790893554,8482131,13,24
2025020211,1180,even-strength,44,20,TRUE,FALSE,TRUE,FALSE,FALSE,FALSE,0,8482131,13,24
2025020211,1217,penalty-kill,70,23,FALSE,FALSE,TRUE,TRUE,FALSE,FALSE,0.05173489259587532,8482131,13,24
2025020224,86,even-strength,58,-28,FALSE,FALSE,TRUE,TRUE,FALSE,FALSE,0.01854729652404785,8480027,25,24
2025020224,101,even-strength,80,4,FALSE,FALSE,TRUE,TRUE,TRUE,FALSE,0.13983076810836792,8479351,25,24
2025020224,102,even-strength,87,-5,FALSE,FALSE,TRUE,TRUE,FALSE,FALSE,0.06580770015716553,8480027,25,24
2025020224,103,even-strength,78,-6,FALSE,FALSE,TRUE,TRUE,FALSE,FALSE,0.2509051561355591,8483425,25,24
2025020224,162,even-strength,60,2,TRUE,FALSE,TRUE,FALSE,FALSE,FALSE,0,8480840,25,24
2025020224,175,power-play,39,-10,FALSE,FALSE,TRUE,TRUE,TRUE,FALSE,0.04761654138565063,8480036,25,24
2025020224,180,power-play,66,-2,FALSE,FALSE,TRUE,TRUE,TRUE,TRUE,0.15003740787506104,8482740,25,24
2025020224,191,even-strength,56,-13,FALSE,FALSE,TRUE,FALSE,FALSE,FALSE,0,8475794,25,24
2025020224,219,even-strength,47,-34,FALSE,FALSE,TRUE,TRUE,TRUE,FALSE,0.02573341131210327,8475755,25,24
2025020224,227,even-strength,39,-23,FALSE,FALSE,TRUE,TRUE,TRUE,FALSE,0.01675361394882202,8480027,25,24
2025020224,233,even-strength,28,-22,FALSE,FALSE,TRUE,TRUE,TRUE,FALSE,7.590055465698242e-4,8480036,25,24
2025020224,243,even-strength,82,17,FALSE,FALSE,TRUE,FALSE,FALSE,FALSE,0,8478420,25,24
2025020224,257,even-strength,74,-13,FALSE,FALSE,TRUE,TRUE,TRUE,FALSE,0.13543665409088135,8478449,25,24
2025020224,362,even-strength,62,-14,FALSE,FALSE,TRUE,FALSE,FALSE,FALSE,0,8480027,25,24
2025020224,377,power-play,81,2,FALSE,FALSE,TRUE,TRUE,TRUE,TRUE,0.1348467469215393,8482740,25,24
2025020224,384,even-strength,76,-12,FALSE,TRUE,TRUE,FALSE,FALSE,FALSE,0,8475755,25,24
2025020224,549,even-strength,66,12,FALSE,FALSE,TRUE,TRUE,TRUE,FALSE,0.19007045030593872,8478420,25,24
2025020224,558,even-strength,55,-25,FALSE,FALSE,TRUE,TRUE,TRUE,FALSE,0.0012904405593872,8482145,25,24
2025020224,584,even-strength,68,-6,FALSE,FALSE,TRUE,TRUE,TRUE,TRUE,0.37294822931289673,8475794,25,24
2025020224,757,even-strength,77,1,FALSE,FALSE,TRUE,TRUE,TRUE,FALSE,0.0935949683189392,8478420,25,24
2025020224,760,even-strength,40,28,FALSE,FALSE,TRUE,TRUE,TRUE,FALSE,0.01557260751724243,8478420,25,24
2025020224,821,power-play,82,-5,FALSE,FALSE,TRUE,TRUE,TRUE,TRUE,0.1743067502975464,8478420,25,24
2025020224,828,even-strength,53,26,TRUE,FALSE,TRUE,FALSE,FALSE,FALSE,0,8476902,25,24
2025020224,851,power-play,80,3,FALSE,FALSE,TRUE,TRUE,FALSE,FALSE,0.13884252309799194,8482740,25,24
2025020224,863,even-strength,48,8,FALSE,FALSE,TRUE,TRUE,TRUE,FALSE,0.0622134298485324,8481581,25,24
2025020224,891,even-strength,54,21,FALSE,FALSE,TRUE,TRUE,TRUE,FALSE,0.01245999336242675,8478449,25,24
2025020224,892,even-strength,69,37,FALSE,TRUE,TRUE,TRUE,FALSE,FALSE,0.01181775331497192,8480036,25,24
2025020224,894,even-strength,58,-28,FALSE,FALSE,TRUE,TRUE,TRUE,FALSE,0.02331244945526123,8481581,25,24
2025020224,895,even-strength,74,-1,FALSE,FALSE,TRUE,FALSE,FALSE,FALSE,0,8475794,25,24
2025020224,914,power-play,80,2,FALSE,FALSE,TRUE,TRUE,TRUE,FALSE,0.14736711978912354,8482740,25,24
2025020224,918,power-play,74,15,FALSE,FALSE,TRUE,TRUE,TRUE,FALSE,0.15572279691696167,8480027,25,24
2025020224,919,power-play,91,14,FALSE,FALSE,TRUE,TRUE,TRUE,FALSE,0.09971308708190918,8478420,25,24
2025020224,927,power-play,85,5,FALSE,FALSE,TRUE,TRUE,FALSE,FALSE,0.18668782711029053,8475794,25,24
2025020224,932,even-strength,86,13,TRUE,FALSE,TRUE,TRUE,TRUE,FALSE,0.07374298572540283,8476902,25,24
2025020224,934,even-strength,79,-10,FALSE,FALSE,TRUE,FALSE,FALSE,FALSE,0,8475794,25,24
2025020224,943,even-strength,72,-2,FALSE,FALSE,TRUE,TRUE,TRUE,FALSE,0.22059953212738037,8476889,25,24
2025020224,956,even-strength,30,-40,FALSE,FALSE,TRUE,TRUE,TRUE,FALSE,0.00617623329162597,8475755,25,24
2025020224,958,even-strength,80,-7,FALSE,FALSE,TRUE,TRUE,TRUE,FALSE,0.2373112440109253,8480027,25,24
2025020224,968,even-strength,60,-5,FALSE,FALSE,TRUE,TRUE,TRUE,FALSE,0.12837016582489014,8475794,25,24
2025020224,970,even-strength,59,-13,FALSE,FALSE,TRUE,FALSE,FALSE,FALSE,0,8481581,25,24
2025020224,1002,even-strength,74,15,FALSE,FALSE,TRUE,FALSE,FALSE,FALSE,0,8481581,25,24
2025020224,1003,even-strength,80,-7,FALSE,FALSE,TRUE,TRUE,TRUE,TRUE,0.1566157341003418,8478449,25,24
2025020251,65,even-strength,55,-35,FALSE,FALSE,TRUE,TRUE,FALSE,FALSE,0.01885008811950683,8478398,52,24
2025020251,75,even-strength,40,29,FALSE,FALSE,TRUE,TRUE,FALSE,FALSE,0.01682662963867187,8477938,52,24
2025020251,77,even-strength,79,-7,FALSE,FALSE,TRUE,FALSE,FALSE,FALSE,0,8482149,52,24
2025020251,105,even-strength,82,8,FALSE,FALSE,TRUE,TRUE,FALSE,FALSE,0.1563589572906494,8476331,52,24
2025020251,110,even-strength,88,-7,FALSE,FALSE,TRUE,TRUE,TRUE,FALSE,0.03241550922393799,8473604,52,24
2025020251,111,even-strength,73,4,FALSE,FALSE,TRUE,TRUE,TRUE,FALSE,0.1306854486465454,8476460,52,24
2025020251,179,even-strength,65,26,FALSE,FALSE,TRUE,TRUE,TRUE,FALSE,0.01808911561965942,8475799,52,24
2025020251,195,even-strength,34,-25,FALSE,FALSE,TRUE,TRUE,TRUE,FALSE,0.01183754205703735,8474568,52,24
2025020251,222,power-play,65,-2,FALSE,FALSE,TRUE,TRUE,FALSE,FALSE,0.09304708242416382,8477504,52,24
2025020251,226,even-strength,41,-11,FALSE,FALSE,TRUE,TRUE,TRUE,FALSE,0.0275840163230896,8477504,52,24
2025020251,229,even-strength,27,3,FALSE,FALSE,TRUE,TRUE,TRUE,FALSE,0.0182887315750122,8477938,52,24
2025020251,243,even-strength,56,-18,FALSE,FALSE,TRUE,TRUE,TRUE,FALSE,0.05850863456726074,8479378,52,24
2025020251,249,even-strength,68,4,FALSE,FALSE,TRUE,TRUE,TRUE,FALSE,0.05072909593582153,8478398,52,24
2025020251,250,even-strength,65,16,FALSE,FALSE,TRUE,TRUE,TRUE,FALSE,0.0916358232498169,8478398,52,24
2025020251,269,power-play,30,-14,FALSE,FALSE,TRUE,TRUE,FALSE,FALSE,0.03116089105606079,8480145,52,24
2025020251,276,power-play,77,16,FALSE,FALSE,TRUE,TRUE,FALSE,FALSE,0.1060989499092102,8473604,52,24
2025020251,278,power-play,67,0,FALSE,FALSE,TRUE,TRUE,TRUE,FALSE,0.1310405135154724,8480113,52,24
2025020251,302,even-strength,84,-5,FALSE,FALSE,TRUE,FALSE,FALSE,FALSE,0,8475799,52,24
2025020251,380,even-strength,54,3,FALSE,FALSE,TRUE,TRUE,TRUE,FALSE,0.09515500068664552,8477504,52,24
2025020251,408,even-strength,81,4,FALSE,FALSE,TRUE,TRUE,FALSE,FALSE,0.07929337024688721,8482149,52,24
2025020251,435,even-strength,66,33,FALSE,FALSE,TRUE,TRUE,TRUE,FALSE,0.00652050971984863,8478398,52,24
2025020251,524,even-strength,31,-40,FALSE,FALSE,TRUE,TRUE,TRUE,FALSE,0.00541281700134277,8476331,52,24
2025020251,529,even-strength,60,-4,FALSE,FALSE,TRUE,TRUE,TRUE,TRUE,0.15121084451675415,8478398,52,24
2025020251,578,even-strength,45,15,FALSE,FALSE,TRUE,TRUE,FALSE,FALSE,0.04772388935089111,8480145,52,24
2025020251,580,even-strength,73,23,FALSE,FALSE,TRUE,TRUE,FALSE,FALSE,0.01191633939743042,8482149,52,24
2025020251,584,even-strength,82,9,FALSE,FALSE,TRUE,TRUE,FALSE,FALSE,0.0800362229347229,8476480,52,24
2025020251,600,even-strength,83,2,TRUE,FALSE,TRUE,TRUE,FALSE,FALSE,0.20186907052993777,8475799,52,24
2025020251,601,even-strength,78,-15,FALSE,FALSE,TRUE,TRUE,FALSE,FALSE,0.12641644477844238,8480113,52,24
2025020251,613,even-strength,58,-27,FALSE,FALSE,TRUE,TRUE,TRUE,FALSE,0.03143775463104248,8482787,52,24
2025020251,615,even-strength,56,0,FALSE,FALSE,TRUE,FALSE,FALSE,FALSE,0,8482787,52,24
2025020251,635,even-strength,69,-9,FALSE,FALSE,TRUE,FALSE,FALSE,FALSE,0,8480145,52,24
2025020251,646,power-play,77,9,FALSE,FALSE,TRUE,TRUE,FALSE,FALSE,0.11888635158538818,8480113,52,24
2025020251,647,power-play,80,-7,FALSE,FALSE,TRUE,FALSE,FALSE,FALSE,0,8480145,52,24
2025020251,690,even-strength,54,21,FALSE,FALSE,TRUE,TRUE,TRUE,FALSE,0.03852057456970215,8482149,52,24
2025020251,702,penalty-kill,83,-27,FALSE,FALSE,TRUE,TRUE,FALSE,FALSE,0.01348364364840127,8476392,52,24
2025020251,742,even-strength,78,-10,FALSE,FALSE,TRUE,FALSE,FALSE,FALSE,0,8480145,52,24
2025020251,754,even-strength,66,13,FALSE,FALSE,TRUE,FALSE,FALSE,FALSE,0,8479378,52,24
2025020251,765,even-strength,70,19,FALSE,FALSE,TRUE,FALSE,FALSE,FALSE,0,8482149,52,24
2025020251,766,even-strength,86,-7,FALSE,FALSE,TRUE,TRUE,FALSE,FALSE,0.04749530553817749,8482149,52,24
2025020251,870,even-strength,66,-13,FALSE,FALSE,TRUE,FALSE,FALSE,FALSE,0,8480145,52,24
2025020251,902,even-strength,78,6,FALSE,FALSE,TRUE,FALSE,FALSE,FALSE,0,8478398,52,24
2025020251,903,even-strength,73,-35,FALSE,TRUE,TRUE,TRUE,FALSE,FALSE,0.0140499472618103,8476331,52,24
2025020251,904,even-strength,30,-32,FALSE,TRUE,TRUE,TRUE,TRUE,FALSE,0.00443118810653686,8477504,52,24
2025020251,905,even-strength,75,34,FALSE,TRUE,TRUE,TRUE,TRUE,FALSE,0.01216733455657959,8478398,52,24
2025020251,910,even-strength,39,9,FALSE,FALSE,TRUE,TRUE,TRUE,FALSE,0.00404125452041626,8477504,52,24
2025020251,921,even-strength,63,18,FALSE,FALSE,TRUE,FALSE,FALSE,FALSE,0,8475799,52,24
2025020251,928,even-strength,60,32,FALSE,FALSE,TRUE,FALSE,FALSE,FALSE,0,8482787,52,24
2025020251,933,even-strength,65,26,TRUE,FALSE,TRUE,TRUE,TRUE,FALSE,0.06904691457748413,8482787,52,24
2025020251,951,even-strength,39,-25,FALSE,FALSE,TRUE,TRUE,TRUE,FALSE,0.01453018188476562,8474568,52,24
2025020251,959,even-strength,56,-32,FALSE,FALSE,TRUE,TRUE,FALSE,FALSE,0.00738489627838134,8475799,52,24
2025020251,960,even-strength,74,-8,FALSE,FALSE,TRUE,TRUE,TRUE,FALSE,0.042488694190979,8480113,52,24
2025020251,961,even-strength,63,-35,FALSE,FALSE,TRUE,FALSE,FALSE,FALSE,0,8480145,52,24
2025020251,979,power-play,47,-26,FALSE,FALSE,TRUE,TRUE,TRUE,FALSE,0.03301537036895752,8478398,52,24
2025020251,980,power-play,63,-17,FALSE,FALSE,TRUE,TRUE,FALSE,FALSE,0.10188370943069458,8478398,52,24
2025020251,983,power-play,74,-7,FALSE,FALSE,TRUE,TRUE,TRUE,FALSE,0.19802111387252808,8480014,52,24
2025020251,1039,even-strength,58,-1,FALSE,FALSE,TRUE,FALSE,FALSE,FALSE,0,8480113,52,24
2025020251,1049,even-strength,36,33,FALSE,FALSE,TRUE,TRUE,FALSE,FALSE,0.00599581003189086,8479378,52,24
2025020251,1053,even-strength,40,29,FALSE,FALSE,TRUE,TRUE,FALSE,FALSE,0.0111660361289978,8479378,52,24
2025020262,55,even-strength,82,-4,TRUE,FALSE,TRUE,FALSE,FALSE,FALSE,0,8480069,21,24
2025020262,56,even-strength,72,12,TRUE,FALSE,TRUE,TRUE,TRUE,TRUE,0.06511050462722778,8477476,21,24
2025020262,74,even-strength,31,-27,FALSE,FALSE,TRUE,TRUE,TRUE,FALSE,0.01489609479904174,8484258,21,24
2025020262,92,even-strength,58,12,FALSE,FALSE,TRUE,TRUE,TRUE,FALSE,0.05185890197753906,8478038,21,24
2025020262,95,even-strength,82,-8,FALSE,FALSE,TRUE,TRUE,FALSE,FALSE,0.01573628187179565,8480448,21,24
2025020262,105,even-strength,82,-3,FALSE,FALSE,TRUE,TRUE,TRUE,FALSE,0.14438015222549438,8477476,21,24
2025020262,120,even-strength,86,-11,FALSE,FALSE,TRUE,FALSE,FALSE,FALSE,0,8477501,21,24
2025020262,127,even-strength,82,-9,FALSE,FALSE,TRUE,FALSE,FALSE,FALSE,0,8476455,21,24
2025020262,138,even-strength,73,-2,FALSE,FALSE,TRUE,TRUE,TRUE,FALSE,0.1388445496559143,8480448,21,24
2025020262,145,even-strength,72,-13,FALSE,FALSE,TRUE,TRUE,TRUE,FALSE,0.064540863037109375,8480448,21,24
2025020262,147,even-strength,58,21,FALSE,FALSE,TRUE,TRUE,TRUE,FALSE,0.06117469072341919,8477492,21,24
2025020262,152,even-strength,69,3,FALSE,FALSE,TRUE,TRUE,TRUE,FALSE,0.1630503535270691,8482947,21,24
2025020262,153,power-play,66,0,FALSE,FALSE,TRUE,TRUE,FALSE,FALSE,0.17012327909469604,8477476,21,24
2025020262,155,power-play,74,3,FALSE,TRUE,TRUE,FALSE,FALSE,FALSE,0,8477501,21,24
2025020262,156,even-strength,58,-37,FALSE,FALSE,TRUE,TRUE,TRUE,FALSE,0.02187162637710571,8478038,21,24
2025020262,235,penalty-kill,71,9,FALSE,FALSE,TRUE,FALSE,FALSE,FALSE,0,8478038,21,24
2025020262,256,even-strength,84,-5,FALSE,FALSE,TRUE,TRUE,FALSE,FALSE,0.13052397966384888,8480835,21,24
2025020262,257,even-strength,32,21,FALSE,FALSE,TRUE,TRUE,TRUE,FALSE,0.01780825853347778,8480069,21,24
2025020262,262,even-strength,48,21,FALSE,FALSE,TRUE,TRUE,FALSE,FALSE,0.01060867309570312,8476312,21,24
2025020262,263,even-strength,53,-25,FALSE,TRUE,TRUE,FALSE,FALSE,FALSE,0,8470613,21,24
2025020262,271,power-play,69,3,FALSE,FALSE,TRUE,FALSE,FALSE,FALSE,0,8480069,21,24
2025020262,272,power-play,72,-19,FALSE,TRUE,TRUE,TRUE,FALSE,FALSE,0.04111289978027344,8478109,21,24
2025020262,287,power-play,65,-22,FALSE,FALSE,TRUE,TRUE,TRUE,FALSE,0.06394106149673462,8475754,21,24
2025020262,288,power-play,77,1,FALSE,TRUE,TRUE,TRUE,TRUE,FALSE,0.07310515642166138,8477476,21,24
2025020262,316,even-strength,75,31,FALSE,FALSE,TRUE,TRUE,TRUE,FALSE,0.00956255197525024,8482947,21,24
2025020262,317,even-strength,68,-11,TRUE,FALSE,TRUE,TRUE,FALSE,FALSE,0.14050722122192383,8484149,21,24
2025020262,318,even-strength,66,10,FALSE,FALSE,TRUE,FALSE,FALSE,FALSE,0,8482072,21,24
2025020262,366,even-strength,58,18,FALSE,FALSE,TRUE,FALSE,FALSE,FALSE,0,8477501,21,24
2025020262,403,even-strength,36,-17,FALSE,FALSE,TRUE,TRUE,FALSE,FALSE,0.02422887086868286,8484258,21,24
2025020262,404,even-strength,84,-3,FALSE,FALSE,TRUE,TRUE,TRUE,FALSE,0.2407512068748474,8470613,21,24
2025020262,501,even-strength,82,0,FALSE,FALSE,TRUE,FALSE,FALSE,FALSE,0,8475754,21,24
2025020262,525,even-strength,57,9,FALSE,FALSE,TRUE,FALSE,FALSE,FALSE,0,8477501,21,24
2025020262,541,even-strength,-2,16,FALSE,FALSE,TRUE,TRUE,TRUE,FALSE,0.00137245655059814,8476455,21,24
2025020262,559,even-strength,15,-37,FALSE,FALSE,TRUE,TRUE,TRUE,FALSE,0.00100785493850708,8477476,21,24
2025020262,560,even-strength,70,1,FALSE,FALSE,TRUE,FALSE,FALSE,FALSE,0,8480039,21,24
2025020262,562,even-strength,76,8,FALSE,FALSE,TRUE,FALSE,FALSE,FALSE,0,8477476,21,24
2025020262,594,even-strength,63,-5,FALSE,FALSE,TRUE,TRUE,FALSE,FALSE,0.05512690544128418,8482947,21,24
2025020262,595,even-strength,46,9,TRUE,FALSE,TRUE,TRUE,TRUE,FALSE,0.01983982324600219,8478038,21,24
2025020262,596,even-strength,79,4,FALSE,FALSE,TRUE,FALSE,FALSE,FALSE,0,8478038,21,24
2025020262,597,even-strength,77,10,FALSE,TRUE,TRUE,TRUE,FALSE,FALSE,0.15365582704544067,8484149,21,24
2025020262,599,even-strength,77,4,FALSE,FALSE,TRUE,FALSE,FALSE,FALSE,0,8480069,21,24
2025020262,608,even-strength,51,-21,TRUE,FALSE,TRUE,TRUE,FALSE,FALSE,0.01271557807922363,8470613,21,24
2025020262,622,power-play,67,0,FALSE,FALSE,TRUE,FALSE,FALSE,FALSE,0,8480069,21,24
2025020262,636,power-play,63,-24,FALSE,FALSE,TRUE,TRUE,FALSE,FALSE,0.04667681455612182,8484149,21,24
2025020262,655,even-strength,64,-1,FALSE,FALSE,TRUE,TRUE,TRUE,FALSE,0.3082757592201233,8480835,21,24
2025020262,662,even-strength,70,-6,FALSE,FALSE,TRUE,FALSE,FALSE,FALSE,0,8480039,21,24
2025020262,664,even-strength,32,-12,FALSE,FALSE,TRUE,TRUE,TRUE,FALSE,0.01888936758041382,8480069,21,24
2025020262,673,even-strength,60,-1,FALSE,TRUE,TRUE,TRUE,TRUE,FALSE,0.15865546464920044,8477501,21,24
2025020262,681,even-strength,77,16,FALSE,FALSE,TRUE,FALSE,FALSE,FALSE,0,8475754,21,24
2025020262,694,even-strength,53,28,TRUE,FALSE,TRUE,TRUE,TRUE,FALSE,0.0040360689163208,8482072,21,24
2025020262,712,even-strength,77,-3,FALSE,FALSE,TRUE,FALSE,FALSE,FALSE,0,8480448,21,24
2025020262,751,even-strength,82,0,FALSE,TRUE,TRUE,TRUE,TRUE,TRUE,0.28117668628692627,8476455,21,24
2025020262,752,power-play,87,-4,FALSE,TRUE,TRUE,FALSE,FALSE,FALSE,0,8478109,21,24
2025020262,804,even-strength,64,-39,FALSE,FALSE,TRUE,TRUE,TRUE,FALSE,0.00643569231033325,8477492,21,24
2025020262,854,even-strength,80,-2,FALSE,FALSE,TRUE,FALSE,FALSE,FALSE,0,8477501,21,24
2025020262,855,even-strength,50,8,FALSE,FALSE,TRUE,TRUE,TRUE,FALSE,0.10019081830978394,8479525,21,24
2025020262,861,even-strength,78,6,FALSE,FALSE,TRUE,FALSE,FALSE,FALSE,0,8484258,21,24
2025020262,862,even-strength,82,22,TRUE,FALSE,TRUE,TRUE,FALSE,FALSE,0.04105305671691894,8480835,21,24
2025020262,872,even-strength,68,25,FALSE,FALSE,TRUE,TRUE,TRUE,FALSE,0.01937013864517212,8484149,21,24
2025020262,877,even-strength,86,6,TRUE,FALSE,TRUE,TRUE,TRUE,FALSE,0.07891374826431274,8484149,21,24
2025020262,902,even-strength,54,-21,FALSE,FALSE,TRUE,TRUE,TRUE,FALSE,0.03453940153121948,8484258,21,24
2025020262,917,even-strength,70,31,FALSE,FALSE,TRUE,TRUE,TRUE,FALSE,0.01301288604736328,8480448,21,24
2025020262,923,even-strength,29,-40,TRUE,FALSE,TRUE,TRUE,TRUE,FALSE,0.00214898586273193,8470613,21,24
2025020262,935,power-play,84,22,FALSE,FALSE,TRUE,TRUE,TRUE,FALSE,0.06808125972747803,8477492,21,24
2025020262,936,power-play,63,24,FALSE,FALSE,TRUE,TRUE,FALSE,FALSE,0.08220565319061279,8477492,21,24
2025020262,941,power-play,88,-5,FALSE,FALSE,TRUE,TRUE,TRUE,TRUE,0.12495547533035278,8480039,21,24
2025020262,948,even-strength,60,32,TRUE,FALSE,TRUE,TRUE,TRUE,FALSE,0.01392638683319091,8484258,21,24
2025020262,958,power-play,65,-18,FALSE,FALSE,TRUE,TRUE,FALSE,FALSE,0.09218770265579224,8480039,21,24
2025020262,959,power-play,52,22,FALSE,FALSE,TRUE,TRUE,TRUE,FALSE,0.04782766103744507,8480069,21,24
2025020262,965,power-play,69,-9,FALSE,FALSE,TRUE,FALSE,FALSE,FALSE,0,8478109,21,24
2025020262,978,even-strength,74,-6,FALSE,FALSE,TRUE,FALSE,FALSE,FALSE,0,8470613,21,24
2025020262,987,even-strength,32,-38,FALSE,FALSE,TRUE,TRUE,TRUE,FALSE,0.00402301549911499,8470613,21,24
2025020262,1014,even-strength,65,-7,FALSE,FALSE,TRUE,FALSE,FALSE,FALSE,0,8478038,21,24
2025020262,1025,penalty-kill,-66,-5,FALSE,FALSE,TRUE,TRUE,TRUE,FALSE,0.00117205303852422,8480448,21,24
2025020272,78,even-strength,30,-21,FALSE,FALSE,TRUE,TRUE,TRUE,FALSE,0.02172398567199707,8481542,17,24
2025020272,85,even-strength,30,-8,FALSE,FALSE,TRUE,TRUE,FALSE,FALSE,0.01547235250473022,8480879,17,24
2025020272,89,even-strength,87,7,FALSE,FALSE,TRUE,TRUE,TRUE,FALSE,0.08592003583908081,8479992,17,24
2025020272,90,even-strength,79,-4,FALSE,FALSE,TRUE,FALSE,FALSE,FALSE,0,8480879,17,24
2025020272,104,even-strength,76,7,FALSE,FALSE,TRUE,FALSE,FALSE,FALSE,0,8483464,17,24
2025020272,105,even-strength,67,1,FALSE,TRUE,TRUE,TRUE,TRUE,FALSE,0.01706951856613159,8483464,17,24
2025020272,110,even-strength,86,6,FALSE,FALSE,TRUE,TRUE,TRUE,FALSE,0.07753390073776245,8477946,17,24
2025020272,112,even-strength,80,-19,FALSE,FALSE,TRUE,FALSE,FALSE,FALSE,0,8477946,17,24
2025020272,120,even-strength,63,0,FALSE,FALSE,TRUE,FALSE,FALSE,FALSE,0,8481607,17,24
2025020272,124,even-strength,52,1,FALSE,FALSE,TRUE,TRUE,TRUE,FALSE,0.0033838152885437,8483464,17,24
2025020272,152,power-play,47,-5,FALSE,FALSE,TRUE,TRUE,TRUE,TRUE,0.06587344408035278,8481542,17,24
2025020272,228,even-strength,46,0,FALSE,FALSE,TRUE,TRUE,FALSE,FALSE,0.03746057516728713,8484223,17,24
2025020272,229,even-strength,51,23,FALSE,FALSE,TRUE,TRUE,TRUE,FALSE,0.03352833778086203,8479337,17,24
2025020272,259,even-strength,82,-16,FALSE,FALSE,TRUE,TRUE,TRUE,FALSE,0.05096763372421264,8479337,17,24
2025020272,274,power-play,77,2,FALSE,FALSE,TRUE,FALSE,FALSE,FALSE,0,8484223,17,24
2025020272,275,power-play,57,13,FALSE,FALSE,TRUE,TRUE,TRUE,FALSE,0.08124077320098877,8479337,17,24
2025020272,290,power-play,81,3,FALSE,FALSE,TRUE,TRUE,TRUE,FALSE,0.12240976095199584,8482078,17,24
2025020272,374,even-strength,49,2,FALSE,FALSE,TRUE,FALSE,FALSE,FALSE,0,8484160,17,24
2025020272,385,even-strength,79,-22,FALSE,FALSE,TRUE,TRUE,FALSE,FALSE,0.03526622056961059,8481013,17,24
2025020272,401,even-strength,82,-2,FALSE,TRUE,TRUE,TRUE,TRUE,FALSE,0.08870875835418701,8477456,17,24
2025020272,477,even-strength,80,-16,FALSE,FALSE,TRUE,TRUE,FALSE,FALSE,0.10235451904076208,8481542,17,24
2025020272,478,even-strength,77,15,FALSE,FALSE,TRUE,FALSE,FALSE,FALSE,0,8483464,17,24
2025020272,503,even-strength,57,4,FALSE,FALSE,TRUE,FALSE,FALSE,FALSE,0,8482078,17,24
2025020272,582,even-strength,41,22,FALSE,FALSE,TRUE,TRUE,TRUE,FALSE,0.02341663837432861,8477429,17,24
2025020272,592,even-strength,83,-5,FALSE,FALSE,TRUE,TRUE,TRUE,FALSE,0.09940910339355467,8477429,17,24
2025020272,595,even-strength,63,-18,FALSE,FALSE,TRUE,FALSE,FALSE,FALSE,0,8474141,17,24
2025020272,607,even-strength,62,19,FALSE,FALSE,TRUE,TRUE,TRUE,FALSE,0.1628812551498413,8482078,17,24
2025020272,614,even-strength,57,18,FALSE,FALSE,TRUE,TRUE,FALSE,FALSE,0.00222212076187133,8484160,17,24
2025020272,615,even-strength,78,6,FALSE,FALSE,TRUE,FALSE,FALSE,FALSE,0,8483464,17,24
2025020272,640,even-strength,70,24,FALSE,FALSE,TRUE,TRUE,TRUE,FALSE,0.03457373380661011,8484471,17,24
2025020272,647,even-strength,82,5,FALSE,FALSE,TRUE,TRUE,TRUE,FALSE,0.06763887405395508,8483464,17,24
2025020272,671,even-strength,28,26,FALSE,FALSE,TRUE,TRUE,FALSE,FALSE,0.00675141811370849,8482762,17,24
2025020272,672,even-strength,79,-37,FALSE,FALSE,TRUE,TRUE,TRUE,FALSE,0.00819599628448486,8481542,17,24
2025020272,693,even-strength,47,-29,FALSE,FALSE,TRUE,TRUE,TRUE,FALSE,0.01546770334243774,8481542,17,24
2025020272,694,even-strength,75,-4,FALSE,TRUE,TRUE,TRUE,FALSE,FALSE,0.02335476875305175,8477946,17,24
2025020272,709,even-strength,66,22,FALSE,FALSE,TRUE,TRUE,TRUE,TRUE,0.04436814785003662,8479992,17,24
2025020272,718,even-strength,79,-12,FALSE,FALSE,TRUE,TRUE,TRUE,FALSE,0.19366443157196045,8474141,17,24
2025020272,740,even-strength,63,-10,TRUE,FALSE,TRUE,TRUE,TRUE,FALSE,0.09362465143203735,8481013,17,24
2025020272,741,even-strength,66,19,FALSE,FALSE,TRUE,TRUE,TRUE,FALSE,0.06142687797546387,8477429,17,24
2025020272,742,even-strength,70,11,FALSE,FALSE,TRUE,FALSE,FALSE,FALSE,0,8479992,17,24
2025020272,743,even-strength,60,23,FALSE,FALSE,TRUE,TRUE,FALSE,FALSE,0.06847572326660156,8481013,17,24
2025020272,744,even-strength,35,-38,FALSE,FALSE,TRUE,TRUE,TRUE,TRUE,0.00510656833648681,8484223,17,24
2025020272,774,even-strength,65,-14,FALSE,FALSE,TRUE,TRUE,TRUE,FALSE,0.15674740076065063,8477946,17,24
2025020272,775,even-strength,83,-6,FALSE,FALSE,TRUE,TRUE,TRUE,FALSE,0.2934231758117676,8477946,17,24
2025020272,796,even-strength,77,-15,FALSE,FALSE,TRUE,TRUE,TRUE,FALSE,0.0817745024191241,8482762,17,24
2025020272,800,even-strength,64,15,FALSE,FALSE,TRUE,FALSE,FALSE,FALSE,0,8477946,17,24
2025020272,805,even-strength,87,5,FALSE,TRUE,TRUE,FALSE,FALSE,FALSE,0,8477946,17,24
2025020272,822,even-strength,58,-23,FALSE,FALSE,TRUE,FALSE,FALSE,FALSE,0,8482078,17,24
2025020272,830,power-play,80,-1,FALSE,FALSE,TRUE,TRUE,TRUE,TRUE,0.1318495273590088,8479337,17,24
2025020272,847,even-strength,64,34,FALSE,FALSE,TRUE,TRUE,TRUE,FALSE,0.0107889175415039,8483464,17,24
2025020272,865,even-strength,48,22,FALSE,FALSE,TRUE,TRUE,TRUE,FALSE,0.03909540176391601,8481013,17,24
2025020272,890,even-strength,82,-2,FALSE,FALSE,TRUE,TRUE,TRUE,TRUE,0.2319356799125671,8477946,17,24
2025020272,930,even-strength,71,-29,FALSE,FALSE,TRUE,TRUE,FALSE,FALSE,0.02736908197402954,8482078,17,24
2025020272,938,penalty-kill,-81,35,FALSE,FALSE,TRUE,TRUE,TRUE,FALSE,4.8746352501569654e-4,8475279,17,24
2025020272,1041,even-strength,61,22,FALSE,FALSE,TRUE,TRUE,TRUE,FALSE,0.05564600229263306,8479337,17,24
2025020272,1061,even-strength,76,-30,FALSE,FALSE,TRUE,TRUE,FALSE,FALSE,0.03450131416320801,8474141,17,24
2025020306,133,even-strength,34,39,FALSE,FALSE,TRUE,TRUE,FALSE,FALSE,0.00461030006408691,8479619,68,24
2025020306,152,even-strength,91,18,FALSE,TRUE,TRUE,TRUE,FALSE,FALSE,0.00346964597702026,8482175,68,24
2025020306,156,even-strength,83,11,FALSE,FALSE,TRUE,FALSE,FALSE,FALSE,0,8480849,68,24
2025020306,202,even-strength,67,0,FALSE,FALSE,TRUE,TRUE,FALSE,FALSE,0.09415453672409058,8478831,68,24
2025020306,203,even-strength,66,0,FALSE,FALSE,TRUE,TRUE,TRUE,FALSE,0.05073708295822143,8478474,68,24
2025020306,209,even-strength,73,-18,FALSE,FALSE,TRUE,TRUE,FALSE,FALSE,0.07001161575317383,8478831,68,24
2025020306,210,even-strength,79,0,FALSE,FALSE,TRUE,TRUE,FALSE,FALSE,0.05224382877349853,8483431,68,24
2025020306,305,power-play,39,-4,FALSE,FALSE,TRUE,TRUE,TRUE,FALSE,0.05951446294784546,8477220,68,24
2025020306,326,even-strength,29,27,FALSE,FALSE,TRUE,TRUE,TRUE,FALSE,0.00882107019424438,8484386,68,24
2025020306,328,even-strength,80,-21,FALSE,FALSE,TRUE,TRUE,FALSE,FALSE,0.07730144262313843,8479343,68,24
2025020306,339,even-strength,69,15,FALSE,FALSE,TRUE,FALSE,FALSE,FALSE,0,8480849,68,24
2025020306,340,even-strength,82,8,FALSE,FALSE,TRUE,TRUE,TRUE,FALSE,0.14010655879974365,8482699,68,24
2025020306,342,even-strength,68,10,FALSE,FALSE,TRUE,FALSE,FALSE,FALSE,0,8482175,68,24
2025020306,343,even-strength,78,0,FALSE,FALSE,TRUE,FALSE,FALSE,FALSE,0,8479410,68,24
2025020306,351,even-strength,52,-2,FALSE,FALSE,TRUE,FALSE,FALSE,FALSE,0,8484386,68,24
2025020306,352,even-strength,74,1,FALSE,FALSE,TRUE,FALSE,FALSE,FALSE,0,8479293,68,24
2025020306,354,even-strength,87,-8,FALSE,FALSE,TRUE,TRUE,FALSE,FALSE,0.0649644136428833,8479343,68,24
2025020306,480,even-strength,60,-2,FALSE,FALSE,TRUE,FALSE,FALSE,FALSE,0,8479343,68,24
2025020306,500,even-strength,47,-31,FALSE,FALSE,TRUE,TRUE,TRUE,FALSE,0.02669805288314819,8479619,68,24
2025020306,501,even-strength,52,-18,FALSE,FALSE,TRUE,TRUE,TRUE,FALSE,0.04898053407669067,8482699,68,24
2025020306,512,even-strength,83,-6,FALSE,FALSE,TRUE,FALSE,FALSE,FALSE,0,8483431,68,24
2025020306,534,even-strength,59,25,FALSE,FALSE,TRUE,TRUE,TRUE,FALSE,0.02304893732070923,8483431,68,24
2025020306,535,even-strength,45,15,TRUE,FALSE,TRUE,TRUE,TRUE,FALSE,0.03442329168319702,8477951,68,24
2025020306,543,even-strength,65,30,FALSE,FALSE,TRUE,TRUE,TRUE,FALSE,0.01477330923080444,8482699,68,24
2025020306,544,even-strength,29,-23,FALSE,FALSE,TRUE,TRUE,FALSE,FALSE,0.02378314733505249,8480849,68,24
2025020306,747,even-strength,76,-15,FALSE,FALSE,TRUE,TRUE,FALSE,FALSE,0.04347211122512817,8479619,68,24
2025020306,785,even-strength,30,-34,FALSE,FALSE,TRUE,TRUE,TRUE,FALSE,0.01250326633453369,8478507,68,24
2025020306,792,even-strength,81,-12,FALSE,FALSE,TRUE,FALSE,FALSE,FALSE,0,8482699,68,24
2025020306,793,even-strength,80,-11,FALSE,FALSE,TRUE,FALSE,FALSE,FALSE,0,8482699,68,24
2025020306,845,even-strength,80,12,FALSE,FALSE,TRUE,TRUE,TRUE,FALSE,0.05532574653625488,8484386,68,24
2025020306,846,even-strength,86,8,FALSE,TRUE,TRUE,TRUE,TRUE,FALSE,0.03058946132659912,8479343,68,24
2025020306,862,even-strength,59,21,FALSE,FALSE,TRUE,TRUE,TRUE,TRUE,0.06467020511627197,8482699,68,24
2025020306,873,even-strength,77,1,FALSE,FALSE,TRUE,TRUE,FALSE,FALSE,0.0072677731513977,8482175,68,24
2025020306,881,even-strength,54,-28,FALSE,FALSE,TRUE,TRUE,FALSE,FALSE,0.03412401676177978,8478507,68,24
2025020306,913,even-strength,57,-36,FALSE,FALSE,TRUE,TRUE,FALSE,FALSE,0.01100337505340576,8480084,68,24
2025020306,925,even-strength,58,37,FALSE,FALSE,TRUE,TRUE,TRUE,FALSE,0.00952666997909545,8478474,68,24
2025020306,931,even-strength,56,2,FALSE,FALSE,TRUE,TRUE,TRUE,FALSE,0.05583506822586059,8477951,68,24
2025020306,936,even-strength,85,4,FALSE,FALSE,TRUE,TRUE,FALSE,FALSE,0.1842622756958008,8479343,68,24
2025020306,957,even-strength,52,-6,FALSE,FALSE,TRUE,FALSE,FALSE,FALSE,0,8482699,68,24
2025020306,1008,even-strength,64,-25,FALSE,FALSE,TRUE,TRUE,TRUE,TRUE,0.06170016527175903,8483431,68,24
2025020306,1013,even-strength,76,11,FALSE,FALSE,TRUE,FALSE,FALSE,FALSE,0,8477070,68,24
2025020306,1033,even-strength,79,12,FALSE,FALSE,TRUE,TRUE,TRUE,FALSE,0.037151038646698,8482699,68,24
2025020306,1059,even-strength,66,25,FALSE,FALSE,TRUE,FALSE,FALSE,FALSE,0,8479293,68,24
2025020306,1069,even-strength,72,-35,FALSE,FALSE,TRUE,TRUE,TRUE,FALSE,0.00707048177719116,8478474,68,24
2025020318,62,even-strength,58,18,FALSE,FALSE,TRUE,TRUE,FALSE,FALSE,0.06524628400802612,8477956,6,24
2025020318,63,even-strength,33,21,FALSE,FALSE,TRUE,TRUE,TRUE,FALSE,0.04206085205078125,8477507,6,24
2025020318,103,even-strength,74,-13,FALSE,FALSE,TRUE,FALSE,FALSE,FALSE,0,8480035,6,24
2025020318,108,even-strength,57,-23,FALSE,FALSE,TRUE,TRUE,TRUE,FALSE,0.04983538389205932,8477956,6,24
2025020318,115,even-strength,53,8,TRUE,FALSE,TRUE,TRUE,TRUE,FALSE,0.07266128063201904,8477507,6,24
2025020318,116,even-strength,55,8,FALSE,TRUE,TRUE,TRUE,TRUE,FALSE,0.128157377243042,8482634,6,24
2025020318,122,even-strength,48,4,TRUE,FALSE,TRUE,FALSE,FALSE,FALSE,0,8482511,6,24
2025020318,123,even-strength,74,-9,FALSE,FALSE,TRUE,TRUE,TRUE,FALSE,0.04355573654174805,8479705,6,24
2025020318,125,even-strength,70,-11,FALSE,FALSE,TRUE,TRUE,TRUE,FALSE,0.147108256816864,8479591,6,24
2025020318,126,even-strength,29,1,FALSE,TRUE,TRUE,TRUE,TRUE,FALSE,0.01492387056350708,8479369,6,24
2025020318,127,even-strength,86,-6,FALSE,TRUE,TRUE,FALSE,FALSE,FALSE,0,8476374,6,24
2025020318,153,even-strength,54,-5,TRUE,FALSE,TRUE,TRUE,FALSE,FALSE,0.15074783563613892,8482177,6,24
2025020318,154,even-strength,54,-32,FALSE,FALSE,TRUE,TRUE,FALSE,FALSE,0.00127571821212768,8482634,6,24
2025020318,156,power-play,81,0,FALSE,FALSE,TRUE,TRUE,TRUE,TRUE,0.15633052587509155,8479987,6,24
2025020318,157,even-strength,87,-6,FALSE,FALSE,TRUE,TRUE,TRUE,FALSE,0.07192838191986084,8479591,6,24
2025020318,222,even-strength,65,-1,FALSE,FALSE,TRUE,TRUE,TRUE,FALSE,0.26897960901260376,8481712,6,24
2025020318,224,even-strength,41,24,FALSE,FALSE,TRUE,FALSE,FALSE,FALSE,0,8480035,6,24
2025020318,229,even-strength,70,-14,FALSE,FALSE,TRUE,TRUE,TRUE,FALSE,0.13437098264694214,8479705,6,24
2025020318,238,even-strength,70,18,FALSE,FALSE,TRUE,TRUE,TRUE,FALSE,0.14675754308700562,8480355,6,24
2025020318,249,even-strength,79,6,FALSE,FALSE,TRUE,FALSE,FALSE,FALSE,0,8476854,6,24
2025020318,271,penalty-kill,63,14,FALSE,FALSE,TRUE,TRUE,TRUE,FALSE,0.26501311996065857,8479661,6,24
2025020318,289,even-strength,53,-16,FALSE,FALSE,TRUE,TRUE,TRUE,FALSE,0.06750476360321045,8478401,6,24
2025020318,297,even-strength,3,8,FALSE,FALSE,TRUE,TRUE,TRUE,FALSE,0.001084566116333,8479705,6,24
2025020318,300,even-strength,80,7,FALSE,FALSE,TRUE,FALSE,FALSE,FALSE,0,8477507,6,24
2025020318,310,power-play,63,18,FALSE,FALSE,TRUE,TRUE,TRUE,FALSE,0.10240203142166138,8477956,6,24
2025020318,334,even-strength,73,-15,FALSE,FALSE,TRUE,FALSE,FALSE,FALSE,0,8480355,6,24
2025020318,406,even-strength,43,20,FALSE,FALSE,TRUE,FALSE,FALSE,FALSE,0,8483489,6,24
2025020318,408,even-strength,57,-1,FALSE,FALSE,TRUE,TRUE,FALSE,FALSE,0.11163467168807983,8482177,6,24
2025020318,453,even-strength,80,-6,TRUE,FALSE,TRUE,TRUE,FALSE,FALSE,0.00966382026672363,8482177,6,24
2025020318,455,even-strength,50,8,FALSE,FALSE,TRUE,TRUE,TRUE,FALSE,0.03877031803131103,8478401,6,24
2025020318,464,even-strength,76,-3,FALSE,FALSE,TRUE,TRUE,TRUE,FALSE,0.2191833257675171,8477507,6,24
2025020318,476,even-strength,-67,39,FALSE,FALSE,TRUE,TRUE,TRUE,FALSE,0.00165331363677978,8479705,6,24
2025020318,501,even-strength,48,15,FALSE,FALSE,TRUE,FALSE,FALSE,FALSE,0,8477956,6,24
2025020318,508,even-strength,77,-3,FALSE,FALSE,TRUE,FALSE,FALSE,FALSE,0,8481219,6,24
2025020318,515,even-strength,73,26,TRUE,FALSE,TRUE,TRUE,FALSE,FALSE,0.01899349689483642,8482511,6,24
2025020318,526,even-strength,73,4,TRUE,FALSE,TRUE,TRUE,FALSE,FALSE,0.33882421255111694,8480355,6,24
2025020318,537,even-strength,-76,39,TRUE,FALSE,TRUE,TRUE,TRUE,FALSE,0.00159233808517456,8477507,6,24
2025020318,539,even-strength,-49,-40,FALSE,FALSE,TRUE,TRUE,TRUE,FALSE,0.00187593698501586,8481219,6,24
2025020318,541,even-strength,74,12,TRUE,FALSE,TRUE,TRUE,TRUE,FALSE,0.09118032455444336,8479705,6,24
2025020318,549,even-strength,42,-29,FALSE,FALSE,TRUE,TRUE,FALSE,FALSE,0.01207435131072998,8476374,6,24
2025020318,613,even-strength,72,20,FALSE,FALSE,TRUE,TRUE,TRUE,FALSE,0.05791747570037842,8481712,6,24
2025020318,614,even-strength,30,20,FALSE,FALSE,TRUE,TRUE,TRUE,FALSE,0.03182452917098999,8477507,6,24
2025020318,625,even-strength,77,-31,FALSE,FALSE,TRUE,TRUE,FALSE,FALSE,0.02194368839263916,8481712,6,24
2025020318,630,even-strength,69,-18,FALSE,FALSE,TRUE,FALSE,FALSE,FALSE,0,8479369,6,24
2025020318,632,even-strength,72,10,FALSE,FALSE,TRUE,FALSE,FALSE,FALSE,0,8482511,6,24
2025020318,633,even-strength,75,-12,FALSE,TRUE,TRUE,FALSE,FALSE,FALSE,0,8479369,6,24
2025020318,634,even-strength,77,19,FALSE,FALSE,TRUE,TRUE,TRUE,FALSE,0.04713273048400879,8479661,6,24
2025020318,672,even-strength,57,-34,TRUE,FALSE,TRUE,FALSE,FALSE,FALSE,0,8480355,6,24
2025020318,673,even-strength,53,20,FALSE,FALSE,TRUE,TRUE,FALSE,FALSE,0.05981349945068359,8483489,6,24
2025020318,677,even-strength,54,14,TRUE,FALSE,TRUE,TRUE,TRUE,FALSE,0.0176510214805603,8479661,6,24
2025020318,680,even-strength,82,6,FALSE,FALSE,TRUE,FALSE,FALSE,FALSE,0,8482511,6,24
2025020318,682,even-strength,75,-38,FALSE,FALSE,TRUE,TRUE,FALSE,FALSE,0.00771623849868774,8479369,6,24
2025020318,687,even-strength,36,-8,FALSE,FALSE,TRUE,FALSE,FALSE,FALSE,0,8477956,6,24
2025020318,725,even-strength,72,21,FALSE,FALSE,TRUE,FALSE,FALSE,FALSE,0,8482177,6,24
2025020318,728,even-strength,12,-39,FALSE,FALSE,TRUE,TRUE,TRUE,FALSE,9.094476699829102e-4,8477956,6,24
2025020318,751,even-strength,82,0,FALSE,FALSE,TRUE,TRUE,TRUE,FALSE,0.17841827869415283,8483489,6,24
2025020318,757,even-strength,70,9,FALSE,FALSE,TRUE,FALSE,FALSE,FALSE,0,8481712,6,24
2025020318,783,even-strength,67,-16,FALSE,FALSE,TRUE,TRUE,TRUE,TRUE,0.07540816068649292,8479591,6,24
2025020318,788,even-strength,88,-5,FALSE,FALSE,TRUE,TRUE,TRUE,FALSE,0.02917474508285522,8479705,6,24
2025020318,819,even-strength,44,35,FALSE,FALSE,TRUE,TRUE,TRUE,FALSE,0.00798475742340087,8476854,6,24
2025020318,882,even-strength,52,13,FALSE,FALSE,TRUE,TRUE,TRUE,FALSE,0.04625999927520752,8479591,6,24
2025020318,884,even-strength,60,-2,FALSE,FALSE,TRUE,TRUE,FALSE,FALSE,0.20584911108016968,8477507,6,24
2025020318,890,even-strength,76,-18,FALSE,FALSE,TRUE,TRUE,FALSE,FALSE,0.00315374135971069,8480355,6,24
2025020318,891,even-strength,55,13,FALSE,TRUE,TRUE,FALSE,FALSE,FALSE,0,8483489,6,24
2025020318,917,power-play,64,1,FALSE,FALSE,TRUE,TRUE,TRUE,TRUE,0.14552640914916992,8479987,6,24
2025020318,1007,even-strength,75,12,FALSE,FALSE,TRUE,TRUE,TRUE,FALSE,0.14964479207992554,8479987,6,24
2025020318,1094,even-strength,80,-19,FALSE,FALSE,TRUE,TRUE,TRUE,FALSE,0.02876007556915283,8477507,6,24
2025020318,1095,even-strength,50,-16,TRUE,FALSE,TRUE,TRUE,TRUE,FALSE,0.06520605087280273,8477507,6,24
2025020318,1116,even-strength,91,11,FALSE,FALSE,TRUE,TRUE,FALSE,FALSE,0.028350830078125,8480355,6,24
2025020318,1118,even-strength,84,2,FALSE,FALSE,TRUE,TRUE,TRUE,FALSE,0.14951908588409424,8480355,6,24
2025020318,1124,even-strength,66,11,FALSE,FALSE,TRUE,TRUE,TRUE,FALSE,0.079303741455078125,8477956,6,24
2025020318,1125,even-strength,81,1,FALSE,FALSE,TRUE,FALSE,FALSE,FALSE,0,8476854,6,24
2025020318,1126,even-strength,37,7,FALSE,FALSE,TRUE,TRUE,TRUE,FALSE,0.05772542953491211,8476854,6,24
2025020346,55,even-strength,41,0,FALSE,TRUE,TRUE,FALSE,FALSE,FALSE,0,8476438,54,24
2025020346,56,even-strength,33,32,FALSE,FALSE,TRUE,TRUE,FALSE,FALSE,0.0125017762184143,8478396,54,24
2025020346,57,even-strength,47,-35,FALSE,FALSE,TRUE,TRUE,FALSE,FALSE,0.0164496898651123,8476438,54,24
2025020346,58,even-strength,78,10,FALSE,TRUE,TRUE,FALSE,FALSE,FALSE,0,8478396,54,24
2025020346,67,even-strength,79,14,FALSE,FALSE,TRUE,FALSE,FALSE,FALSE,0,8477964,54,24
2025020346,73,even-strength,79,-4,FALSE,FALSE,TRUE,FALSE,FALSE,FALSE,0,8480727,54,24
2025020346,98,even-strength,31,-13,FALSE,FALSE,TRUE,TRUE,TRUE,TRUE,0.03010547161102295,8477447,54,24
2025020346,101,even-strength,47,0,FALSE,FALSE,TRUE,FALSE,FALSE,FALSE,0,8476438,54,24
2025020346,103,even-strength,79,-12,FALSE,FALSE,TRUE,TRUE,FALSE,FALSE,0.04084515571594238,8476881,54,24
2025020346,162,even-strength,44,-19,FALSE,FALSE,TRUE,TRUE,TRUE,FALSE,0.02098280191421508,8477447,54,24
2025020346,167,even-strength,61,0,FALSE,FALSE,TRUE,FALSE,FALSE,FALSE,0,8478396,54,24
2025020346,168,even-strength,83,-2,FALSE,FALSE,TRUE,TRUE,TRUE,TRUE,0.1844702959060669,8483890,54,24
2025020346,195,even-strength,46,35,FALSE,FALSE,TRUE,FALSE,FALSE,FALSE,0,8475188,54,24
2025020346,196,even-strength,81,9,FALSE,TRUE,TRUE,FALSE,FALSE,FALSE,0,8481604,54,24
2025020346,202,even-strength,83,-12,TRUE,FALSE,TRUE,TRUE,TRUE,FALSE,0.0880696177482605,8477964,54,24
2025020346,204,even-strength,44,-5,FALSE,FALSE,TRUE,TRUE,TRUE,FALSE,0.03075039386749267,8478434,54,24
2025020346,263,even-strength,56,-12,FALSE,FALSE,TRUE,FALSE,FALSE,FALSE,0,8481133,54,24
2025020346,264,even-strength,74,8,FALSE,TRUE,TRUE,TRUE,TRUE,FALSE,0.02126240730285644,8478434,54,24
2025020346,278,even-strength,80,-2,FALSE,FALSE,TRUE,TRUE,TRUE,FALSE,0.02504628896713257,8478483,54,24
2025020346,323,power-play,72,2,FALSE,FALSE,TRUE,FALSE,FALSE,FALSE,0,8478403,54,24
2025020346,325,power-play,35,4,FALSE,FALSE,TRUE,TRUE,FALSE,FALSE,0.04020845890045166,8478483,54,24
2025020346,330,power-play,72,-21,FALSE,FALSE,TRUE,TRUE,TRUE,FALSE,0.14063578844070437,8481604,54,24
2025020346,359,even-strength,79,-16,FALSE,FALSE,TRUE,TRUE,FALSE,FALSE,0.0936160683631897,8478403,54,24
2025020346,375,even-strength,55,0,FALSE,FALSE,TRUE,TRUE,TRUE,FALSE,0.08647000789642334,8476438,54,24
2025020346,379,even-strength,-19,-24,FALSE,FALSE,TRUE,TRUE,TRUE,FALSE,0.00148075819015502,8477447,54,24
2025020346,386,even-strength,64,-5,FALSE,FALSE,TRUE,TRUE,TRUE,FALSE,0.12251126766204834,8476881,54,24
2025020346,394,power-play,60,21,FALSE,FALSE,TRUE,TRUE,FALSE,FALSE,0.08836817741394043,8478403,54,24
2025020346,395,power-play,73,1,FALSE,FALSE,TRUE,TRUE,TRUE,TRUE,0.14462679624557495,8476881,54,24
2025020346,503,even-strength,82,3,FALSE,FALSE,TRUE,TRUE,TRUE,FALSE,0.10282248258590698,8478483,54,24
2025020346,544,even-strength,65,11,FALSE,FALSE,TRUE,TRUE,TRUE,FALSE,0.1039530634880066,8476438,54,24
2025020346,559,even-strength,37,25,FALSE,FALSE,TRUE,TRUE,TRUE,FALSE,0.01577532291412353,8478396,54,24
2025020346,564,even-strength,60,7,FALSE,FALSE,TRUE,TRUE,FALSE,FALSE,0.01649028062820434,8481604,54,24
2025020346,576,even-strength,75,5,FALSE,FALSE,TRUE,TRUE,TRUE,FALSE,0.18401461839675903,8476925,54,24
2025020346,586,even-strength,73,3,FALSE,FALSE,TRUE,TRUE,TRUE,FALSE,0.16445738077163696,8479353,54,24
2025020346,606,even-strength,38,32,FALSE,FALSE,TRUE,FALSE,FALSE,FALSE,0,8477018,54,24
2025020346,670,even-strength,71,-8,FALSE,FALSE,TRUE,FALSE,FALSE,FALSE,0,8481604,54,24
2025020346,683,power-play,72,-17,FALSE,FALSE,TRUE,TRUE,TRUE,FALSE,0.14247334003448486,8478403,54,24
2025020346,698,power-play,83,1,FALSE,FALSE,TRUE,TRUE,TRUE,FALSE,0.1740596890449524,8475191,54,24
2025020346,711,even-strength,74,-7,FALSE,FALSE,TRUE,FALSE,FALSE,FALSE,0,8480727,54,24
2025020346,712,even-strength,76,14,FALSE,TRUE,TRUE,TRUE,TRUE,FALSE,0.23210781812667847,8475188,54,24
2025020346,738,even-strength,60,29,FALSE,FALSE,TRUE,TRUE,FALSE,FALSE,0.03142076730728149,8479353,54,24
2025020346,769,even-strength,72,0,FALSE,FALSE,TRUE,FALSE,FALSE,FALSE,0,8478483,54,24
2025020346,850,even-strength,50,-18,FALSE,FALSE,TRUE,TRUE,TRUE,FALSE,0.04058462381362915,8476438,54,24
2025020346,857,even-strength,34,10,FALSE,FALSE,TRUE,TRUE,TRUE,FALSE,0.02703875303268432,8477447,54,24
2025020346,870,even-strength,70,-7,FALSE,FALSE,TRUE,FALSE,FALSE,FALSE,0,8477447,54,24
2025020346,887,even-strength,75,21,FALSE,FALSE,TRUE,TRUE,TRUE,FALSE,0.07396009471902038,8478483,54,24
2025020346,894,even-strength,57,17,FALSE,FALSE,TRUE,TRUE,TRUE,FALSE,0.00139582720749979,8477018,54,24
2025020346,909,even-strength,88,-6,FALSE,FALSE,TRUE,TRUE,FALSE,FALSE,0.02131116390228271,8481133,54,24
2025020346,940,even-strength,79,9,FALSE,FALSE,TRUE,TRUE,TRUE,FALSE,0.21243691444396973,8481604,54,24
2025020346,970,even-strength,50,-18,FALSE,FALSE,TRUE,TRUE,TRUE,FALSE,0.02328664064407348,8483890,54,24
2025020346,980,even-strength,29,-19,FALSE,FALSE,TRUE,TRUE,TRUE,FALSE,0.0164259672164917,8476881,54,24
2025020346,982,even-strength,32,19,FALSE,FALSE,TRUE,TRUE,TRUE,FALSE,0.0249941349029541,8480727,54,24
2025020346,1019,even-strength,67,24,FALSE,FALSE,TRUE,TRUE,TRUE,FALSE,0.01099896430969238,8478403,54,24
2025020346,1055,even-strength,57,10,FALSE,FALSE,TRUE,TRUE,TRUE,FALSE,0.08099991083145142,8475191,54,24
2025020346,1075,even-strength,12,-35,FALSE,FALSE,TRUE,TRUE,TRUE,FALSE,0.00113189220428466,8477964,54,24
2025020346,1117,even-strength,64,-12,FALSE,FALSE,TRUE,TRUE,TRUE,FALSE,0.21730431373770545,8479353,54,24
2025020495,55,even-strength,79,10,FALSE,FALSE,TRUE,TRUE,FALSE,FALSE,0.10796624422073364,8482110,1,24
2025020495,56,even-strength,84,-33,FALSE,TRUE,TRUE,TRUE,FALSE,FALSE,0.01708436012268066,8476462,1,24
2025020495,86,even-strength,63,-7,FALSE,FALSE,TRUE,TRUE,FALSE,FALSE,0.16302698850631714,8479407,1,24
2025020495,95,even-strength,52,-32,FALSE,FALSE,TRUE,TRUE,FALSE,FALSE,0.0146912932395935,8479996,1,24
2025020495,100,even-strength,71,1,FALSE,FALSE,TRUE,FALSE,FALSE,FALSE,0,8476292,1,24
2025020495,101,even-strength,78,0,FALSE,TRUE,TRUE,FALSE,FALSE,FALSE,0,8482110,1,24
2025020495,102,even-strength,35,37,FALSE,FALSE,TRUE,FALSE,FALSE,FALSE,0,8478399,1,24
2025020495,107,even-strength,79,0,FALSE,TRUE,TRUE,TRUE,TRUE,FALSE,0.21953195333480835,8479996,1,24
2025020495,109,even-strength,74,-9,FALSE,FALSE,TRUE,TRUE,FALSE,FALSE,0.1249060034751892,8476292,1,24
2025020495,110,power-play,82,2,FALSE,TRUE,TRUE,TRUE,TRUE,FALSE,0.05135452747344971,8476292,1,24
2025020495,111,power-play,83,-4,FALSE,TRUE,TRUE,FALSE,FALSE,FALSE,0,8476292,1,24
2025020495,112,power-play,82,0,FALSE,FALSE,TRUE,TRUE,TRUE,FALSE,0.2395402193069458,8476292,1,24
2025020495,113,power-play,85,-3,FALSE,TRUE,TRUE,FALSE,FALSE,FALSE,0,8480002,1,24
2025020495,114,even-strength,77,12,FALSE,FALSE,TRUE,TRUE,FALSE,FALSE,0.14495742321014404,8479407,1,24
2025020495,118,even-strength,79,0,FALSE,TRUE,TRUE,TRUE,FALSE,FALSE,0.01367992162704467,8477015,1,24
2025020495,119,even-strength,59,-30,FALSE,FALSE,TRUE,TRUE,FALSE,FALSE,0.03807204961776733,8482684,1,24
2025020495,160,even-strength,56,-41,TRUE,FALSE,TRUE,TRUE,TRUE,FALSE,0.01242941617965698,8476462,1,24
2025020495,167,even-strength,62,-27,FALSE,FALSE,TRUE,TRUE,FALSE,FALSE,0.04374557733535766,8476462,1,24
2025020495,191,even-strength,78,-6,FALSE,FALSE,TRUE,TRUE,TRUE,FALSE,0.23849862813949585,8479996,1,24
2025020495,199,even-strength,37,-6,FALSE,FALSE,TRUE,TRUE,TRUE,FALSE,0.01167303323745727,8477015,1,24
2025020495,209,even-strength,74,-14,FALSE,FALSE,TRUE,FALSE,FALSE,FALSE,0,8476474,1,24
2025020495,254,even-strength,85,13,FALSE,FALSE,TRUE,FALSE,FALSE,FALSE,0,8478399,1,24
2025020495,270,even-strength,-66,29,FALSE,FALSE,TRUE,TRUE,TRUE,FALSE,4.955530166625977e-4,8482684,1,24
2025020495,278,even-strength,64,0,FALSE,FALSE,TRUE,TRUE,TRUE,FALSE,0.1217421293258667,8477996,1,24
2025020495,318,even-strength,79,-4,FALSE,FALSE,TRUE,TRUE,TRUE,TRUE,0.21585702896118164,8476474,1,24
2025020495,402,even-strength,80,-3,FALSE,FALSE,TRUE,TRUE,TRUE,FALSE,0.10866779088974,8479996,1,24
2025020495,403,penalty-kill,54,-17,FALSE,FALSE,TRUE,TRUE,TRUE,FALSE,0.01336951950770556,8480002,1,24
2025020495,404,even-strength,81,-1,FALSE,FALSE,TRUE,TRUE,FALSE,FALSE,0.12982940673828125,8476292,1,24
2025020495,405,power-play,84,5,FALSE,TRUE,TRUE,TRUE,FALSE,FALSE,0.104120135307312,8476474,1,24
2025020495,472,even-strength,53,-4,FALSE,FALSE,TRUE,TRUE,TRUE,FALSE,0.07832586765289307,8480002,1,24
2025020495,526,even-strength,85,6,FALSE,FALSE,TRUE,TRUE,TRUE,FALSE,0.05758452415466308,8482110,1,24
2025020495,527,even-strength,78,5,FALSE,TRUE,TRUE,FALSE,FALSE,FALSE,0,8482110,1,24
2025020495,547,even-strength,28,-16,FALSE,FALSE,TRUE,TRUE,FALSE,FALSE,0.0258721113204956,8478841,1,24
2025020495,548,even-strength,87,-9,FALSE,FALSE,TRUE,TRUE,TRUE,TRUE,0.08497262001037598,8481032,1,24
2025020495,564,power-play,49,-8,FALSE,FALSE,TRUE,TRUE,TRUE,FALSE,0.02953815460205078,8482684,1,24
2025020495,565,power-play,80,0,FALSE,TRUE,TRUE,TRUE,TRUE,FALSE,0.03019440174102783,8476292,1,24
2025020495,566,power-play,46,-3,FALSE,FALSE,TRUE,FALSE,FALSE,FALSE,0,8482684,1,24
2025020495,591,power-play,51,24,FALSE,FALSE,TRUE,TRUE,FALSE,FALSE,0.05464720726013183,8482110,1,24
2025020495,592,power-play,77,-1,FALSE,FALSE,TRUE,FALSE,FALSE,FALSE,0,8482684,1,24
2025020495,622,even-strength,76,4,FALSE,FALSE,TRUE,FALSE,FALSE,FALSE,0,8482684,1,24
2025020495,688,even-strength,59,4,FALSE,FALSE,TRUE,FALSE,FALSE,FALSE,0,8476474,1,24
2025020495,697,even-strength,67,-4,FALSE,FALSE,TRUE,TRUE,TRUE,TRUE,0.20616376399993896,8479996,1,24
2025020495,757,even-strength,42,0,FALSE,FALSE,TRUE,FALSE,FALSE,FALSE,0,8479407,1,24
2025020495,758,even-strength,67,-13,FALSE,FALSE,TRUE,FALSE,FALSE,FALSE,0,8482684,1,24
2025020495,760,even-strength,67,-19,FALSE,FALSE,TRUE,TRUE,FALSE,FALSE,0.04731887578964233,8482110,1,24
2025020495,762,even-strength,65,-2,FALSE,FALSE,TRUE,FALSE,FALSE,FALSE,0,8479407,1,24
2025020495,812,even-strength,57,25,FALSE,FALSE,TRUE,TRUE,TRUE,FALSE,0.01360291242599487,8481032,1,24
2025020495,816,even-strength,81,-4,FALSE,FALSE,TRUE,FALSE,FALSE,FALSE,0,8481032,1,24
2025020495,828,even-strength,65,40,TRUE,FALSE,TRUE,TRUE,FALSE,FALSE,0.00255101919174194,8478399,1,24
2025020495,859,even-strength,67,-32,FALSE,FALSE,TRUE,TRUE,FALSE,FALSE,0.01994425058364868,8477015,1,24
2025020495,912,even-strength,54,10,FALSE,FALSE,TRUE,FALSE,FALSE,FALSE,0,8477996,1,24
2025020495,913,even-strength,76,-22,FALSE,TRUE,TRUE,FALSE,FALSE,FALSE,0,8476474,1,24
2025020495,1014,even-strength,72,-12,FALSE,FALSE,TRUE,TRUE,TRUE,FALSE,0.29978787899017334,8482110,1,24
2025020495,1015,even-strength,73,0,FALSE,FALSE,TRUE,FALSE,FALSE,FALSE,0,8476462,1,24
2025020495,1024,even-strength,65,-19,FALSE,FALSE,TRUE,TRUE,TRUE,FALSE,0.00403815507888793,8482110,1,24
2025020495,1107,even-strength,26,40,TRUE,FALSE,TRUE,TRUE,TRUE,FALSE,0.00263935327529907,8479395,1,24
2025020495,1112,even-strength,70,-11,FALSE,FALSE,TRUE,FALSE,FALSE,FALSE,0,8478841,1,24
2025020515,55,even-strength,55,0,FALSE,FALSE,TRUE,TRUE,TRUE,FALSE,0.11077970266342164,8478550,3,24
2025020515,65,even-strength,40,-9,FALSE,FALSE,TRUE,TRUE,TRUE,FALSE,0.00387710332870483,8476468,3,24
2025020515,86,even-strength,54,-26,FALSE,FALSE,TRUE,TRUE,FALSE,FALSE,8.559226989746094e-4,8478550,3,24
2025020515,93,even-strength,75,-16,FALSE,FALSE,TRUE,FALSE,FALSE,FALSE,0,8478840,3,24
2025020515,116,even-strength,53,20,FALSE,FALSE,TRUE,TRUE,FALSE,FALSE,0.02615886926651001,8482132,3,24
2025020515,128,power-play,83,-2,FALSE,FALSE,TRUE,TRUE,TRUE,FALSE,0.1455710530281067,8482157,3,24
2025020515,147,power-play,71,6,FALSE,FALSE,TRUE,FALSE,FALSE,FALSE,0,8477380,3,24
2025020515,148,power-play,59,-16,FALSE,FALSE,TRUE,TRUE,TRUE,FALSE,0.08133041858673096,8477839,3,24
2025020515,152,even-strength,2,-2,FALSE,FALSE,TRUE,TRUE,FALSE,FALSE,5.823373794555664e-4,8475842,3,24
2025020515,159,power-play,80,10,FALSE,FALSE,TRUE,TRUE,TRUE,FALSE,0.18529963493347168,8476389,3,24
2025020515,162,power-play,84,0,FALSE,FALSE,TRUE,FALSE,FALSE,FALSE,0,8477380,3,24
2025020515,206,even-strength,42,9,FALSE,FALSE,TRUE,FALSE,FALSE,FALSE,0,8477369,3,24
2025020515,221,even-strength,68,2,FALSE,FALSE,TRUE,TRUE,TRUE,FALSE,0.25051766633987427,8476468,3,24
2025020515,235,even-strength,28,-31,FALSE,FALSE,TRUE,TRUE,FALSE,FALSE,0.00819212198257446,8482132,3,24
2025020515,245,even-strength,57,0,TRUE,FALSE,TRUE,TRUE,FALSE,FALSE,0.1830582618713379,8480001,3,24
2025020515,246,even-strength,39,3,FALSE,FALSE,TRUE,TRUE,FALSE,FALSE,0.03159600496292114,8480001,3,24
2025020515,264,even-strength,87,12,FALSE,FALSE,TRUE,TRUE,TRUE,FALSE,0.03730326890945434,8476389,3,24
2025020515,287,even-strength,45,-28,FALSE,FALSE,TRUE,TRUE,TRUE,FALSE,0.00801360607147216,8482073,3,24
2025020515,288,even-strength,29,-25,FALSE,FALSE,TRUE,TRUE,TRUE,FALSE,0.01538693904876709,8482073,3,24
2025020515,338,even-strength,63,16,TRUE,FALSE,TRUE,TRUE,FALSE,FALSE,0.06503605842590332,8478882,3,24
2025020515,340,even-strength,81,4,FALSE,FALSE,TRUE,TRUE,FALSE,FALSE,0.11898577213287354,8479390,3,24
2025020515,341,even-strength,73,-10,FALSE,FALSE,TRUE,FALSE,FALSE,FALSE,0,8477369,3,24
2025020515,345,even-strength,48,-28,FALSE,FALSE,TRUE,TRUE,TRUE,FALSE,6.688833236694336e-4,8479390,3,24
2025020515,402,even-strength,77,-4,FALSE,FALSE,TRUE,TRUE,FALSE,FALSE,0.06797510385513306,8476389,3,24
2025020515,455,even-strength,70,10,TRUE,FALSE,TRUE,TRUE,FALSE,FALSE,0.00925773382186889,8476468,3,24
2025020515,467,even-strength,70,11,FALSE,FALSE,TRUE,FALSE,FALSE,FALSE,0,8478550,3,24
2025020515,481,even-strength,74,-33,FALSE,FALSE,TRUE,TRUE,FALSE,FALSE,0.01296550035476684,8482132,3,24
2025020515,482,even-strength,82,3,FALSE,FALSE,TRUE,TRUE,FALSE,FALSE,0.1237395405769348,8477380,3,24
2025020515,492,even-strength,61,6,FALSE,FALSE,TRUE,FALSE,FALSE,FALSE,0,8477839,3,24
2025020515,493,even-strength,60,-37,TRUE,FALSE,TRUE,TRUE,TRUE,FALSE,0.00699514150619506,8482073,3,24
2025020515,513,even-strength,79,27,FALSE,FALSE,TRUE,TRUE,FALSE,FALSE,0.00602501630783081,8481525,3,24
2025020515,519,even-strength,31,25,FALSE,FALSE,TRUE,TRUE,TRUE,FALSE,0.02706259489059448,8478882,3,24
2025020515,522,even-strength,53,-25,FALSE,FALSE,TRUE,FALSE,FALSE,FALSE,0,8482073,3,24
2025020515,654,even-strength,82,-16,FALSE,FALSE,TRUE,FALSE,FALSE,FALSE,0,8478840,3,24
2025020515,659,power-play,79,-32,FALSE,FALSE,TRUE,TRUE,FALSE,FALSE,0.03180700540542602,8476389,3,24
2025020515,663,power-play,85,-11,FALSE,FALSE,TRUE,TRUE,TRUE,FALSE,0.08275669813156128,8482157,3,24
2025020515,683,power-play,54,-19,FALSE,FALSE,TRUE,TRUE,TRUE,FALSE,0.09441202878952026,8478550,3,24
2025020515,699,power-play,62,22,FALSE,FALSE,TRUE,TRUE,TRUE,FALSE,0.07871973514556885,8482157,3,24
2025020515,715,even-strength,73,7,FALSE,FALSE,TRUE,FALSE,FALSE,FALSE,0,8482132,3,24
2025020515,716,even-strength,78,13,TRUE,FALSE,TRUE,FALSE,FALSE,FALSE,0,8481525,3,24
2025020515,727,even-strength,74,14,FALSE,FALSE,TRUE,TRUE,TRUE,FALSE,0.09852159023284912,8476468,3,24
2025020515,728,even-strength,56,-6,FALSE,TRUE,TRUE,TRUE,TRUE,FALSE,0.0713915228843689,8478882,3,24
2025020515,729,even-strength,81,-1,FALSE,FALSE,TRUE,FALSE,FALSE,FALSE,0,8482157,3,24
2025020515,762,power-play,37,-10,FALSE,FALSE,TRUE,TRUE,TRUE,FALSE,0.04346394538879394,8478550,3,24
2025020515,765,power-play,29,-22,FALSE,FALSE,TRUE,TRUE,TRUE,FALSE,0.02697771787643432,8478550,3,24
2025020515,767,power-play,71,-7,FALSE,FALSE,TRUE,TRUE,TRUE,FALSE,0.13611364364624023,8482157,3,24
2025020515,768,power-play,86,15,FALSE,TRUE,TRUE,TRUE,FALSE,FALSE,0.10526734590530396,8482109,3,24
2025020515,775,power-play,28,-14,FALSE,FALSE,TRUE,TRUE,TRUE,FALSE,0.02848440408706665,8478550,3,24
2025020515,800,even-strength,66,-24,FALSE,FALSE,TRUE,TRUE,FALSE,FALSE,0.04480385780334473,8478550,3,24
2025020515,801,even-strength,38,13,FALSE,FALSE,TRUE,TRUE,TRUE,TRUE,0.02916991710662841,8481525,3,24
2025020515,807,even-strength,79,17,FALSE,FALSE,TRUE,TRUE,FALSE,FALSE,0.0480736494064331,8477380,3,24
2025020515,861,even-strength,58,30,FALSE,FALSE,TRUE,TRUE,FALSE,FALSE,0.02172607183456421,8476389,3,24
2025020515,864,even-strength,73,0,FALSE,FALSE,TRUE,TRUE,TRUE,FALSE,0.08515942096710205,8482109,3,24
2025020515,941,even-strength,57,15,FALSE,FALSE,TRUE,TRUE,FALSE,FALSE,0.05030578374862671,8478550,3,24
2025020515,942,even-strength,69,27,FALSE,FALSE,TRUE,TRUE,FALSE,FALSE,0.01913470029830932,8480001,3,24
2025020515,952,even-strength,81,2,FALSE,FALSE,TRUE,TRUE,TRUE,FALSE,0.14406394958496094,8476468,3,24
2025020515,961,even-strength,81,-2,FALSE,FALSE,TRUE,TRUE,TRUE,FALSE,0.05300444364547729,8482460,3,24
2025020515,969,even-strength,50,39,TRUE,FALSE,TRUE,TRUE,FALSE,FALSE,0.0017629861831665,8478882,3,24
2025020515,970,even-strength,48,-4,FALSE,FALSE,TRUE,TRUE,FALSE,FALSE,0.0653529167175293,8476389,3,24
2025020515,971,even-strength,68,-33,TRUE,FALSE,TRUE,TRUE,TRUE,FALSE,0.02297234535217285,8482073,3,24
2025020515,995,even-strength,77,-5,FALSE,FALSE,TRUE,FALSE,FALSE,FALSE,0,8477369,3,24
2025020515,1030,even-strength,47,20,FALSE,FALSE,TRUE,TRUE,TRUE,FALSE,0.04571598768234253,8478840,3,24
2025020515,1129,even-strength,70,5,FALSE,FALSE,TRUE,FALSE,FALSE,FALSE,0,8478550,3,24
2025020515,1224,even-strength,76,4,FALSE,FALSE,TRUE,FALSE,FALSE,FALSE,0,8476468,3,24
2025020548,85,penalty-kill,-47,-31,FALSE,FALSE,TRUE,TRUE,TRUE,FALSE,0.00137782031272816,8480036,25,24
2025020548,94,penalty-kill,78,0,FALSE,FALSE,TRUE,TRUE,TRUE,TRUE,0.27090573112846245,8480840,25,24
2025020548,100,penalty-kill,-13,28,FALSE,FALSE,TRUE,TRUE,TRUE,FALSE,7.870496879271295e-4,8476902,25,24
2025020548,130,even-strength,70,-9,FALSE,TRUE,TRUE,FALSE,FALSE,FALSE,0,8482145,25,24
2025020548,132,even-strength,56,1,FALSE,FALSE,TRUE,TRUE,TRUE,TRUE,0.13629943132400513,8478449,25,24
2025020548,252,even-strength,79,-3,TRUE,FALSE,TRUE,FALSE,FALSE,FALSE,0,8475168,25,24
2025020548,305,even-strength,66,-12,FALSE,FALSE,TRUE,FALSE,FALSE,FALSE,0,8475755,25,24
2025020548,324,even-strength,35,28,FALSE,FALSE,TRUE,FALSE,FALSE,FALSE,0,8481581,25,24
2025020548,340,even-strength,82,3,FALSE,FALSE,TRUE,TRUE,TRUE,FALSE,0.25535356998443604,8477454,25,24
2025020548,356,even-strength,62,-13,FALSE,FALSE,TRUE,TRUE,TRUE,TRUE,0.1619817614555359,8481581,25,24
2025020548,401,even-strength,82,-1,FALSE,FALSE,TRUE,TRUE,TRUE,TRUE,0.2750501036643982,8479351,25,24
2025020548,501,even-strength,67,-1,FALSE,FALSE,TRUE,TRUE,FALSE,FALSE,0.23643767833709717,8480027,25,24
2025020560,63,even-strength,63,-18,FALSE,FALSE,TRUE,TRUE,TRUE,FALSE,0.1147351861000061,8476923,29,24
2025020560,68,even-strength,84,3,FALSE,FALSE,TRUE,TRUE,FALSE,FALSE,0.137445867061615,8475745,29,24
2025020560,77,even-strength,77,-4,FALSE,FALSE,TRUE,FALSE,FALSE,FALSE,0,8479371,29,24
2025020560,95,even-strength,67,-20,FALSE,FALSE,TRUE,TRUE,TRUE,FALSE,0.08970797061920166,8478975,29,24
2025020560,101,even-strength,58,10,FALSE,FALSE,TRUE,TRUE,FALSE,FALSE,0.06004446744918823,8480893,29,24
2025020560,116,power-play,76,-10,FALSE,FALSE,TRUE,TRUE,TRUE,FALSE,0.09629392623901369,8478460,29,24
2025020560,125,power-play,86,-1,FALSE,FALSE,TRUE,TRUE,TRUE,TRUE,0.2849212884902954,8481716,29,24
2025020560,131,even-strength,58,22,FALSE,FALSE,TRUE,TRUE,TRUE,FALSE,0.04927271604537964,8476432,29,24
2025020560,142,even-strength,75,14,FALSE,FALSE,TRUE,FALSE,FALSE,FALSE,0,8482660,29,24
2025020560,188,even-strength,86,-7,FALSE,FALSE,TRUE,TRUE,FALSE,FALSE,0.12019628286361694,8482660,29,24
2025020560,198,even-strength,80,7,FALSE,FALSE,TRUE,TRUE,FALSE,FALSE,0.07463639974594116,8477497,29,24
2025020560,200,even-strength,53,15,FALSE,FALSE,TRUE,FALSE,FALSE,FALSE,0,8483485,29,24
2025020560,201,even-strength,81,-4,FALSE,TRUE,TRUE,FALSE,FALSE,FALSE,0,8479371,29,24
2025020560,301,even-strength,84,-5,FALSE,TRUE,TRUE,TRUE,FALSE,FALSE,0.05040973424911499,8478975,29,24
2025020560,303,even-strength,64,-12,FALSE,FALSE,TRUE,FALSE,FALSE,FALSE,0,8482475,29,24
2025020560,304,even-strength,76,-4,FALSE,TRUE,TRUE,TRUE,FALSE,FALSE,0.04225456714630127,8483432,29,24
2025020560,305,even-strength,78,6,FALSE,FALSE,TRUE,TRUE,TRUE,FALSE,0.18924742937088013,8477497,29,24
2025020560,306,even-strength,81,4,FALSE,TRUE,TRUE,TRUE,TRUE,FALSE,0.03219860792160034,8481716,29,24
2025020560,380,even-strength,46,40,FALSE,FALSE,TRUE,TRUE,TRUE,FALSE,0.00451022386550903,8483432,29,24
2025020560,388,even-strength,85,6,FALSE,FALSE,TRUE,FALSE,FALSE,FALSE,0,8480893,29,24
2025020560,401,even-strength,58,11,FALSE,FALSE,TRUE,TRUE,TRUE,FALSE,0.12744969129562378,8474090,29,24
2025020560,407,even-strength,78,-25,FALSE,FALSE,TRUE,TRUE,TRUE,FALSE,0.05295473337173462,8482660,29,24
2025020560,420,even-strength,62,31,FALSE,FALSE,TRUE,TRUE,TRUE,FALSE,0.02424812316894531,8478500,29,24
2025020560,435,even-strength,78,-2,FALSE,FALSE,TRUE,FALSE,FALSE,FALSE,0,8480893,29,24
2025020560,444,even-strength,48,19,FALSE,FALSE,TRUE,FALSE,FALSE,FALSE,0,8476432,29,24
2025020560,449,even-strength,81,-12,FALSE,FALSE,TRUE,TRUE,FALSE,FALSE,0.10657602548599245,8477497,29,24
2025020560,474,even-strength,83,5,FALSE,FALSE,TRUE,TRUE,TRUE,TRUE,0.08977776765823364,8478975,29,24
2025020560,479,even-strength,68,22,FALSE,FALSE,TRUE,TRUE,TRUE,FALSE,0.03321552276611328,8476432,29,24
2025020560,495,even-strength,85,12,FALSE,FALSE,TRUE,TRUE,FALSE,FALSE,0.1636674404144287,8484166,29,24
2025020560,616,power-play,51,-12,FALSE,FALSE,TRUE,FALSE,FALSE,FALSE,0,8476923,29,24
2025020560,624,even-strength,52,-32,FALSE,FALSE,TRUE,FALSE,FALSE,FALSE,0,8479371,29,24
2025020560,630,even-strength,67,9,FALSE,FALSE,TRUE,TRUE,FALSE,FALSE,0.04726052284240723,8483432,29,24
2025020560,634,even-strength,64,24,FALSE,FALSE,TRUE,TRUE,TRUE,FALSE,0.03655064105987549,8481716,29,24
2025020560,669,even-strength,68,21,FALSE,FALSE,TRUE,TRUE,TRUE,FALSE,0.07759231328964233,8478460,29,24
2025020560,677,even-strength,46,18,FALSE,FALSE,TRUE,FALSE,FALSE,FALSE,0,8483485,29,24
2025020560,687,even-strength,74,8,TRUE,FALSE,TRUE,FALSE,FALSE,FALSE,0,8478500,29,24
2025020560,709,even-strength,56,23,FALSE,FALSE,TRUE,TRUE,TRUE,FALSE,0.0578533411026001,8480893,29,24
2025020560,730,even-strength,60,13,FALSE,FALSE,TRUE,TRUE,TRUE,FALSE,0.11781734228134157,8474090,29,24
2025020560,731,even-strength,71,-7,FALSE,FALSE,TRUE,FALSE,FALSE,FALSE,0,8482705,29,24
2025020560,750,penalty-kill,63,-17,FALSE,FALSE,TRUE,TRUE,TRUE,FALSE,0.11032299227178664,8476432,29,24
2025020560,762,even-strength,86,4,FALSE,FALSE,TRUE,TRUE,FALSE,FALSE,0.14944511651992798,8482705,29,24
2025020560,781,even-strength,35,-29,FALSE,FALSE,TRUE,TRUE,TRUE,FALSE,0.01815557479858398,8484166,29,24
2025020560,804,even-strength,52,19,FALSE,FALSE,TRUE,FALSE,FALSE,FALSE,0,8478500,29,24
2025020560,805,even-strength,73,-13,FALSE,FALSE,TRUE,FALSE,FALSE,FALSE,0,8481716,29,24
2025020560,806,even-strength,71,-7,FALSE,FALSE,TRUE,FALSE,FALSE,FALSE,0,8481716,29,24
2025020560,807,even-strength,72,9,FALSE,TRUE,TRUE,TRUE,FALSE,FALSE,0.08757919073104858,8481716,29,24
2025020560,808,even-strength,36,-29,FALSE,FALSE,TRUE,TRUE,TRUE,FALSE,0.03624159097671509,8476923,29,24
2025020560,854,even-strength,68,8,FALSE,FALSE,TRUE,TRUE,TRUE,FALSE,0.2041032314300537,8478975,29,24
2025020560,855,even-strength,31,-30,FALSE,TRUE,TRUE,TRUE,TRUE,FALSE,0.00466376543045043,8479371,29,24
2025020560,860,even-strength,62,17,FALSE,FALSE,TRUE,FALSE,FALSE,FALSE,0,8478460,29,24
2025020560,865,even-strength,77,14,FALSE,FALSE,TRUE,FALSE,FALSE,FALSE,0,8480893,29,24
2025020560,880,even-strength,50,-15,FALSE,FALSE,TRUE,TRUE,TRUE,FALSE,0.06853127479553223,8484166,29,24
2025020560,889,even-strength,62,-7,FALSE,FALSE,TRUE,TRUE,FALSE,FALSE,0.1798405647277832,8481716,29,24
2025020560,908,even-strength,42,2,FALSE,FALSE,TRUE,TRUE,FALSE,FALSE,0.04566127061843872,8476923,29,24
2025020560,918,even-strength,71,15,FALSE,FALSE,TRUE,FALSE,FALSE,FALSE,0,8478460,29,24
2025020560,947,even-strength,67,-3,FALSE,FALSE,TRUE,FALSE,FALSE,FALSE,0,8483485,29,24
2025020560,949,even-strength,76,-26,FALSE,FALSE,TRUE,FALSE,FALSE,FALSE,0,8480893,29,24
2025020560,953,even-strength,88,7,FALSE,FALSE,TRUE,FALSE,FALSE,FALSE,0,8483485,29,24
2025020560,955,even-strength,65,28,FALSE,FALSE,TRUE,TRUE,FALSE,FALSE,0.02935916185379028,8483485,29,24
2025020560,962,even-strength,76,22,FALSE,FALSE,TRUE,FALSE,FALSE,FALSE,0,8478460,29,24
2025020560,965,even-strength,65,29,FALSE,FALSE,TRUE,TRUE,TRUE,TRUE,0.03260022401809692,8478460,29,24
2025020560,974,even-strength,65,11,FALSE,FALSE,TRUE,FALSE,FALSE,FALSE,0,8474090,29,24
2025020560,987,even-strength,70,36,FALSE,FALSE,TRUE,FALSE,FALSE,FALSE,0,8476432,29,24
2025020560,993,even-strength,51,39,FALSE,FALSE,TRUE,TRUE,TRUE,FALSE,0.00756597518920898,8478460,29,24
2025020560,997,even-strength,70,12,FALSE,FALSE,TRUE,FALSE,FALSE,FALSE,0,8482705,29,24
2025020560,1024,even-strength,20,-14,FALSE,FALSE,TRUE,TRUE,TRUE,FALSE,0.0020877718925476,8481716,29,24
2025020560,1030,even-strength,74,4,FALSE,FALSE,TRUE,FALSE,FALSE,FALSE,0,8478460,29,24
2025020560,1042,penalty-kill,51,-15,FALSE,FALSE,TRUE,FALSE,FALSE,FALSE,0,8478500,29,24
2025020560,1061,penalty-kill,47,-5,FALSE,FALSE,TRUE,FALSE,FALSE,FALSE,0,8480893,29,24
2025020573,78,penalty-kill,46,-2,FALSE,FALSE,TRUE,TRUE,TRUE,FALSE,0.00877198703029596,8482751,55,24
2025020573,136,even-strength,82,-2,FALSE,TRUE,TRUE,TRUE,FALSE,FALSE,0.31596457958221436,8483497,55,24
2025020573,140,even-strength,75,-4,FALSE,FALSE,TRUE,TRUE,TRUE,FALSE,0.22957676649093628,8481554,55,24
2025020573,141,even-strength,83,-6,FALSE,TRUE,TRUE,FALSE,FALSE,FALSE,0,8481554,55,24
2025020573,146,even-strength,61,17,FALSE,FALSE,TRUE,FALSE,FALSE,FALSE,0,8474586,55,24
2025020573,152,even-strength,85,6,FALSE,FALSE,TRUE,TRUE,TRUE,FALSE,0.11625754833221436,8482874,55,24
2025020573,153,even-strength,77,-4,FALSE,FALSE,TRUE,TRUE,TRUE,FALSE,0.2702891230583191,8482751,55,24
2025020573,162,even-strength,87,6,FALSE,FALSE,TRUE,TRUE,FALSE,FALSE,0.09939807653427124,8481789,55,24
2025020573,165,even-strength,46,16,FALSE,FALSE,TRUE,FALSE,FALSE,FALSE,0,8476905,55,24
2025020573,202,even-strength,79,2,FALSE,FALSE,TRUE,TRUE,TRUE,FALSE,0.18737661838531497,8477919,55,24
2025020573,203,even-strength,58,23,FALSE,FALSE,TRUE,TRUE,FALSE,FALSE,0.04772615432739258,8480009,55,24
2025020573,219,even-strength,67,-9,FALSE,FALSE,TRUE,TRUE,FALSE,FALSE,0.05784571170806885,8482874,55,24
2025020573,228,power-play,49,5,FALSE,FALSE,TRUE,TRUE,TRUE,FALSE,0.03331905603408813,8482665,55,24
2025020573,229,power-play,33,0,FALSE,FALSE,TRUE,TRUE,FALSE,FALSE,0.04610413312911987,8478407,55,24
2025020573,241,power-play,84,-5,FALSE,FALSE,TRUE,FALSE,FALSE,FALSE,0,8481554,55,24
2025020573,248,even-strength,30,-38,FALSE,FALSE,TRUE,TRUE,FALSE,FALSE,0.01165628433227539,8476457,55,24
2025020573,250,even-strength,48,31,FALSE,FALSE,TRUE,TRUE,TRUE,FALSE,0.01961195468902588,8478407,55,24
2025020573,310,even-strength,70,-31,FALSE,FALSE,TRUE,TRUE,TRUE,FALSE,0.02493399381637573,8481789,55,24
2025020573,345,even-strength,74,3,FALSE,FALSE,TRUE,TRUE,FALSE,FALSE,0.0880880355834961,8482874,55,24
2025020573,351,even-strength,35,-19,FALSE,FALSE,TRUE,TRUE,FALSE,FALSE,0.0165560245513916,8476467,55,24
2025020573,371,even-strength,27,28,FALSE,FALSE,TRUE,TRUE,TRUE,FALSE,3.01361083984375e-4,8481554,55,24
2025020573,376,even-strength,78,-14,FALSE,FALSE,TRUE,FALSE,FALSE,FALSE,0,8483570,55,24
2025020573,406,even-strength,54,-27,FALSE,FALSE,TRUE,TRUE,TRUE,FALSE,0.09556710720062256,8476457,55,24
2025020573,443,even-strength,60,32,FALSE,FALSE,TRUE,TRUE,TRUE,FALSE,0.00421738624572753,8483570,55,24
2025020573,557,even-strength,50,10,TRUE,FALSE,TRUE,TRUE,TRUE,FALSE,0.05129659175872803,8482751,55,24
2025020573,559,even-strength,79,-10,FALSE,FALSE,TRUE,FALSE,FALSE,FALSE,0,8480009,55,24
2025020573,560,even-strength,33,-13,FALSE,FALSE,TRUE,TRUE,FALSE,FALSE,0.03346973657608032,8476467,55,24
2025020573,577,power-play,51,13,FALSE,FALSE,TRUE,FALSE,FALSE,FALSE,0,8482858,55,24
2025020573,582,power-play,70,10,FALSE,FALSE,TRUE,FALSE,FALSE,FALSE,0,8482858,55,24
2025020573,583,power-play,80,6,FALSE,TRUE,TRUE,TRUE,TRUE,FALSE,0.22401493787765503,8483524,55,24
2025020573,584,power-play,83,-6,FALSE,TRUE,TRUE,TRUE,TRUE,TRUE,0.06039905548095703,8477919,55,24
2025020573,663,even-strength,72,-20,FALSE,FALSE,TRUE,TRUE,FALSE,FALSE,0.1119292378425598,8483497,55,24
2025020573,692,even-strength,68,10,FALSE,FALSE,TRUE,FALSE,FALSE,FALSE,0,8480009,55,24
2025020573,789,even-strength,9,24,FALSE,FALSE,TRUE,TRUE,TRUE,FALSE,0.00128424167633056,8480009,55,24
2025020573,814,even-strength,41,-2,FALSE,FALSE,TRUE,TRUE,FALSE,FALSE,0.04491978883743286,8483570,55,24
2025020573,832,even-strength,42,19,FALSE,FALSE,TRUE,TRUE,FALSE,FALSE,0.01531100273132324,8479372,55,24
2025020573,835,even-strength,75,14,TRUE,FALSE,TRUE,FALSE,FALSE,FALSE,0,8479372,55,24
2025020573,860,even-strength,61,37,FALSE,FALSE,TRUE,TRUE,TRUE,FALSE,0.00719743967056274,8482858,55,24
2025020573,925,even-strength,75,16,FALSE,FALSE,TRUE,FALSE,FALSE,FALSE,0,8482874,55,24
2025020573,937,even-strength,69,22,FALSE,FALSE,TRUE,TRUE,TRUE,FALSE,0.08358240127563477,8482665,55,24
2025020573,941,even-strength,70,19,FALSE,FALSE,TRUE,TRUE,TRUE,TRUE,0.09790754318237305,8474586,55,24
2025020573,985,even-strength,67,20,FALSE,FALSE,TRUE,TRUE,TRUE,FALSE,0.15958046873812337,8476905,55,24
2025020573,988,even-strength,50,3,FALSE,FALSE,TRUE,TRUE,TRUE,FALSE,0.06894059994338875,8480009,55,24
2025020597,56,even-strength,32,8,FALSE,FALSE,TRUE,TRUE,TRUE,FALSE,0.02736753225326538,8477998,26,24
2025020597,61,even-strength,62,-2,FALSE,FALSE,TRUE,TRUE,FALSE,FALSE,0.06023305654525757,8471685,26,24
2025020597,64,even-strength,45,-33,FALSE,FALSE,TRUE,TRUE,TRUE,FALSE,0.02693021297454834,8476441,26,24
2025020597,72,even-strength,73,-5,FALSE,FALSE,TRUE,FALSE,FALSE,FALSE,0,8475208,26,24
2025020597,79,even-strength,84,4,FALSE,FALSE,TRUE,FALSE,FALSE,FALSE,0,8477942,26,24
2025020597,93,even-strength,81,0,FALSE,FALSE,TRUE,TRUE,TRUE,TRUE,0.12157714366912842,8474563,26,24
2025020597,103,even-strength,77,3,FALSE,FALSE,TRUE,TRUE,TRUE,TRUE,0.14118337631225586,8479675,26,24
2025020597,151,even-strength,55,19,FALSE,FALSE,TRUE,TRUE,TRUE,FALSE,0.05162662267684936,8477998,26,24
2025020597,155,even-strength,69,-21,FALSE,FALSE,TRUE,TRUE,FALSE,FALSE,0.14059853553771973,8482155,26,24
2025020597,165,even-strength,14,32,FALSE,FALSE,TRUE,TRUE,TRUE,FALSE,0.00158536434173583,8477960,26,24
2025020597,179,even-strength,74,28,FALSE,FALSE,TRUE,TRUE,TRUE,FALSE,0.00381332635879516,8482124,26,24
2025020597,187,even-strength,62,17,FALSE,FALSE,TRUE,FALSE,FALSE,FALSE,0,8471685,26,24
2025020597,191,even-strength,75,-11,FALSE,FALSE,TRUE,TRUE,TRUE,FALSE,0.17499518394470215,8482155,26,24
2025020597,210,even-strength,65,24,FALSE,FALSE,TRUE,TRUE,TRUE,FALSE,0.03528708219528198,8476441,26,24
2025020597,214,even-strength,32,21,FALSE,FALSE,TRUE,TRUE,TRUE,FALSE,0.0108070969581604,8476441,26,24
2025020597,219,even-strength,82,-3,FALSE,FALSE,TRUE,TRUE,FALSE,FALSE,0.14913660287857056,8481532,26,24
2025020597,229,even-strength,85,18,FALSE,FALSE,TRUE,TRUE,TRUE,FALSE,0.03236418962478638,8479675,26,24
2025020597,242,even-strength,76,-2,FALSE,FALSE,TRUE,TRUE,TRUE,TRUE,0.33106279373168945,8482155,26,24
2025020597,248,even-strength,61,11,FALSE,FALSE,TRUE,TRUE,TRUE,FALSE,0.07810026407241821,8476441,26,24
2025020597,267,even-strength,57,13,FALSE,FALSE,TRUE,FALSE,FALSE,FALSE,0,8475208,26,24
2025020597,268,even-strength,61,-1,FALSE,TRUE,TRUE,TRUE,FALSE,FALSE,0.01802687703523488,8482124,26,24
2025020597,270,even-strength,79,-4,FALSE,FALSE,TRUE,TRUE,FALSE,FALSE,0.13299881624561263,8482124,26,24
2025020597,271,even-strength,66,22,FALSE,FALSE,TRUE,TRUE,TRUE,FALSE,0.05927510005586885,8477942,26,24
2025020597,378,even-strength,32,15,FALSE,FALSE,TRUE,TRUE,FALSE,FALSE,0.01686596870422363,8476469,26,24
2025020597,380,even-strength,74,-13,FALSE,FALSE,TRUE,FALSE,FALSE,FALSE,0,8470621,26,24
2025020597,381,even-strength,90,-12,FALSE,TRUE,TRUE,TRUE,TRUE,FALSE,0.05639177560806274,8470621,26,24
2025020597,408,power-play,37,-7,FALSE,FALSE,TRUE,TRUE,FALSE,FALSE,0.0497477650642395,8482730,26,24
2025020597,409,power-play,63,-4,FALSE,FALSE,TRUE,TRUE,FALSE,FALSE,0.10956698656082152,8482124,26,24
2025020597,410,power-play,67,-7,FALSE,FALSE,TRUE,TRUE,TRUE,TRUE,0.12274783849716188,8482124,26,24
2025020597,423,even-strength,64,-36,FALSE,FALSE,TRUE,TRUE,FALSE,FALSE,0.00630348920822143,8470621,26,24
2025020597,432,even-strength,78,7,FALSE,FALSE,TRUE,FALSE,FALSE,FALSE,0,8476441,26,24
2025020597,439,even-strength,83,7,FALSE,FALSE,TRUE,TRUE,FALSE,FALSE,0.09220725297927856,8482155,26,24
2025020597,515,power-play,41,-5,FALSE,FALSE,TRUE,TRUE,TRUE,FALSE,0.04860281944274902,8474563,26,24
2025020597,551,even-strength,75,-6,FALSE,FALSE,TRUE,TRUE,TRUE,FALSE,0.08111721277236938,8471685,26,24
2025020597,554,even-strength,83,14,FALSE,FALSE,TRUE,TRUE,FALSE,FALSE,0.133111834526062,8483808,26,24
2025020597,618,even-strength,80,12,FALSE,FALSE,TRUE,TRUE,FALSE,FALSE,0.14679622650146484,8476469,26,24
2025020597,707,even-strength,47,-8,FALSE,FALSE,TRUE,TRUE,FALSE,FALSE,0.06420683860778809,8477960,26,24
2025020597,708,even-strength,83,-14,FALSE,FALSE,TRUE,TRUE,FALSE,FALSE,0.13946491479873657,8470621,26,24
2025020597,719,even-strength,76,-25,FALSE,FALSE,TRUE,TRUE,FALSE,FALSE,0.07606154680252075,8477960,26,24
2025020597,738,even-strength,79,40,TRUE,FALSE,TRUE,TRUE,FALSE,FALSE,5.830526351928711e-4,8477998,26,24
2025020597,780,even-strength,49,-32,FALSE,FALSE,TRUE,TRUE,FALSE,FALSE,0.01114153861999511,8479675,26,24
2025020597,781,even-strength,55,18,FALSE,FALSE,TRUE,FALSE,FALSE,FALSE,0,8479998,26,24
2025020597,799,even-strength,65,-3,TRUE,FALSE,TRUE,FALSE,FALSE,FALSE,0,8481532,26,24
2025020597,805,even-strength,77,-5,FALSE,FALSE,TRUE,FALSE,FALSE,FALSE,0,8476441,26,24
2025020597,815,even-strength,82,-1,FALSE,FALSE,TRUE,FALSE,FALSE,FALSE,0,8479675,26,24
2025020597,817,even-strength,49,22,FALSE,FALSE,TRUE,TRUE,FALSE,FALSE,0.02355509996414184,8479998,26,24
2025020597,819,even-strength,46,-2,FALSE,FALSE,TRUE,TRUE,FALSE,FALSE,0.07077741622924805,8482124,26,24
2025020597,830,even-strength,78,3,FALSE,FALSE,TRUE,TRUE,TRUE,TRUE,0.2301393747329712,8482155,26,24
2025020597,856,power-play,82,8,FALSE,FALSE,TRUE,TRUE,TRUE,FALSE,0.1518268585205078,8482124,26,24
2025020597,862,power-play,67,17,FALSE,FALSE,TRUE,FALSE,FALSE,FALSE,0,8482155,26,24
2025020597,872,even-strength,63,-31,FALSE,FALSE,TRUE,TRUE,TRUE,FALSE,0.01505804061889648,8479675,26,24
2025020597,885,even-strength,51,4,FALSE,FALSE,TRUE,FALSE,FALSE,FALSE,0,8477998,26,24
2025020597,887,even-strength,76,-3,FALSE,FALSE,TRUE,FALSE,FALSE,FALSE,0,8477998,26,24
2025020597,895,even-strength,72,12,FALSE,FALSE,TRUE,TRUE,FALSE,FALSE,0.17727822065353394,8483808,26,24
2025020597,900,even-strength,28,24,FALSE,FALSE,TRUE,TRUE,TRUE,FALSE,0.0361667275428772,8479998,26,24
2025020597,909,even-strength,34,22,FALSE,FALSE,TRUE,FALSE,FALSE,FALSE,0,8477960,26,24
2025020597,921,even-strength,40,-31,FALSE,FALSE,TRUE,TRUE,TRUE,FALSE,0.01734006404876709,8482730,26,24
2025020597,944,even-strength,70,-20,FALSE,FALSE,TRUE,TRUE,TRUE,FALSE,0.06606084108352661,8482155,26,24
2025020597,950,even-strength,74,1,FALSE,FALSE,TRUE,TRUE,TRUE,FALSE,0.04159200191497803,8477960,26,24
2025020597,951,even-strength,42,4,FALSE,FALSE,TRUE,TRUE,TRUE,TRUE,0.04591459035873413,8482155,26,24
2025020597,959,even-strength,73,-12,FALSE,FALSE,TRUE,TRUE,TRUE,FALSE,0.06212335824966431,8481532,26,24
2025020597,960,even-strength,30,-34,FALSE,FALSE,TRUE,TRUE,TRUE,FALSE,0.00767284631729126,8476879,26,24
2025020597,985,even-strength,75,-2,FALSE,FALSE,TRUE,TRUE,TRUE,FALSE,0.19428110122680664,8477998,26,24
2025020597,988,even-strength,80,4,FALSE,FALSE,TRUE,FALSE,FALSE,FALSE,0,8475208,26,24
2025020597,989,even-strength,91,-10,FALSE,FALSE,TRUE,TRUE,TRUE,FALSE,0.0618857741355896,8477998,26,24
2025020597,1012,even-strength,43,-33,FALSE,FALSE,TRUE,TRUE,FALSE,FALSE,1.1599063873291016e-4,8477960,26,24
2025020597,1033,even-strength,74,-7,FALSE,FALSE,TRUE,FALSE,FALSE,FALSE,0,8476469,26,24
2025020597,1034,even-strength,73,-2,FALSE,FALSE,TRUE,FALSE,FALSE,FALSE,0,8475208,26,24
2025020597,1035,even-strength,31,-20,FALSE,FALSE,TRUE,TRUE,FALSE,FALSE,0.01332592964172363,8476879,26,24
2025020615,84,even-strength,32,-1,FALSE,FALSE,TRUE,TRUE,TRUE,FALSE,0.035186767578125,8479983,28,24
2025020615,99,even-strength,81,8,FALSE,FALSE,TRUE,TRUE,TRUE,FALSE,0.1333296298980713,8484994,28,24
2025020615,100,even-strength,58,-40,FALSE,TRUE,TRUE,TRUE,FALSE,FALSE,0.00847005844116211,8475906,28,24
2025020615,119,even-strength,70,27,FALSE,FALSE,TRUE,TRUE,TRUE,FALSE,0.02527636289596557,8475200,28,24
2025020615,156,even-strength,75,9,FALSE,FALSE,TRUE,FALSE,FALSE,FALSE,0,8478874,28,24
2025020615,304,even-strength,43,4,FALSE,FALSE,TRUE,TRUE,FALSE,FALSE,0.04056024551391601,8475784,28,24
2025020615,343,even-strength,83,5,FALSE,FALSE,TRUE,TRUE,TRUE,TRUE,0.12748491764068604,8479983,28,24
2025020615,420,power-play,49,26,FALSE,FALSE,TRUE,TRUE,FALSE,FALSE,0.03296643495559692,8482667,28,24
2025020615,437,power-play,61,-8,FALSE,FALSE,TRUE,TRUE,FALSE,FALSE,0.10488122701644896,8484994,28,24
2025020615,449,even-strength,35,29,FALSE,FALSE,TRUE,TRUE,TRUE,FALSE,0.0032740831375122,8484806,28,24
2025020615,503,even-strength,59,9,FALSE,FALSE,TRUE,FALSE,FALSE,FALSE,0,8484806,28,24
2025020615,505,even-strength,71,-13,FALSE,FALSE,TRUE,TRUE,FALSE,FALSE,0.0871925950050354,8484911,28,24
2025020615,507,even-strength,77,8,FALSE,FALSE,TRUE,TRUE,TRUE,FALSE,0.11213624477386476,8484911,28,24
2025020615,512,even-strength,71,3,FALSE,FALSE,TRUE,TRUE,TRUE,TRUE,0.30197685956954956,8484801,28,24
2025020615,529,even-strength,84,11,FALSE,FALSE,TRUE,TRUE,FALSE,FALSE,0.04563409090042114,8484801,28,24
2025020615,608,even-strength,55,26,FALSE,FALSE,TRUE,TRUE,FALSE,FALSE,0.03047609329223632,8482166,28,24
2025020615,609,even-strength,74,-2,FALSE,FALSE,TRUE,TRUE,FALSE,FALSE,0.11956840753555298,8482667,28,24
2025020615,622,even-strength,82,20,TRUE,FALSE,TRUE,FALSE,FALSE,FALSE,0,8475784,28,24
2025020615,648,even-strength,78,0,FALSE,FALSE,TRUE,TRUE,TRUE,TRUE,0.20145636796951297,8484994,28,24
2025020615,661,even-strength,39,-12,FALSE,FALSE,TRUE,FALSE,FALSE,FALSE,0,8475906,28,24
2025020615,728,even-strength,78,17,FALSE,FALSE,TRUE,TRUE,TRUE,TRUE,0.10021752119064332,8482667,28,24
2025020624,62,even-strength,33,13,FALSE,FALSE,TRUE,TRUE,FALSE,FALSE,0.02871292829513549,8479542,14,24
2025020624,106,even-strength,30,27,TRUE,FALSE,TRUE,TRUE,FALSE,FALSE,0.01742494106292724,8482655,14,24
2025020624,113,even-strength,35,-6,FALSE,FALSE,TRUE,TRUE,TRUE,FALSE,0.02785712480545044,8478178,14,24
2025020624,117,even-strength,37,-31,FALSE,FALSE,TRUE,TRUE,TRUE,FALSE,0.00435298681259155,8478178,14,24
2025020624,125,even-strength,75,5,FALSE,FALSE,TRUE,FALSE,FALSE,FALSE,0,8483398,14,24
2025020624,126,even-strength,61,-6,FALSE,FALSE,TRUE,FALSE,FALSE,FALSE,0,8478010,14,24
2025020624,147,even-strength,77,-3,FALSE,FALSE,TRUE,TRUE,FALSE,FALSE,0.07495886087417603,8476878,14,24
2025020624,149,even-strength,39,-17,FALSE,FALSE,TRUE,FALSE,FALSE,FALSE,0,8478178,14,24
2025020624,154,even-strength,82,-4,FALSE,FALSE,TRUE,TRUE,FALSE,FALSE,0.09667360782623292,8476826,14,24
2025020624,161,even-strength,78,-2,FALSE,FALSE,TRUE,FALSE,FALSE,FALSE,0,8477404,14,24
2025020624,162,even-strength,41,-14,FALSE,FALSE,TRUE,TRUE,FALSE,FALSE,0.07015067338943481,8478178,14,24
2025020624,188,even-strength,58,8,FALSE,FALSE,TRUE,TRUE,TRUE,FALSE,0.07892143726348877,8480995,14,24
2025020624,200,even-strength,80,-11,FALSE,FALSE,TRUE,TRUE,TRUE,FALSE,0.12282079458236694,8478519,14,24
2025020624,204,even-strength,78,2,FALSE,FALSE,TRUE,TRUE,FALSE,FALSE,0.301106333732605,8478519,14,24
2025020624,207,even-strength,80,3,FALSE,TRUE,TRUE,TRUE,TRUE,FALSE,0.14085721969604492,8479542,14,24
2025020624,208,even-strength,71,13,FALSE,FALSE,TRUE,FALSE,FALSE,FALSE,0,8482655,14,24
2025020624,209,even-strength,79,-1,TRUE,TRUE,TRUE,FALSE,FALSE,FALSE,0,8478519,14,24
2025020624,210,even-strength,82,0,TRUE,TRUE,TRUE,TRUE,TRUE,FALSE,0.0209348201751709,8477404,14,24
2025020624,211,even-strength,82,-1,TRUE,FALSE,TRUE,FALSE,FALSE,FALSE,0,8477404,14,24
2025020624,212,even-strength,53,-20,FALSE,FALSE,TRUE,TRUE,FALSE,FALSE,0.04921430349349975,8479542,14,24
2025020624,213,even-strength,51,-25,FALSE,FALSE,TRUE,FALSE,FALSE,FALSE,0,8478178,14,24
2025020624,214,even-strength,77,-21,FALSE,FALSE,TRUE,TRUE,TRUE,FALSE,0.00389105081558227,8477404,14,24
2025020624,218,power-play,79,3,FALSE,TRUE,TRUE,TRUE,FALSE,FALSE,0.03670346736907959,8478010,14,24
2025020624,219,even-strength,81,0,TRUE,TRUE,TRUE,TRUE,TRUE,FALSE,0.4419076293214088,8478519,14,24
2025020624,222,even-strength,55,19,FALSE,FALSE,TRUE,TRUE,TRUE,FALSE,0.03560841083526611,8476453,14,24
2025020624,251,even-strength,80,-1,FALSE,TRUE,TRUE,FALSE,FALSE,FALSE,0,8477404,14,24
2025020624,252,even-strength,85,0,TRUE,TRUE,TRUE,FALSE,FALSE,FALSE,0,8479542,14,24
2025020624,289,even-strength,40,-5,FALSE,FALSE,TRUE,TRUE,TRUE,FALSE,0.02783674001693725,8479542,14,24
2025020624,291,even-strength,70,18,FALSE,FALSE,TRUE,TRUE,TRUE,TRUE,0.1255486011505127,8482655,14,24
2025020624,305,even-strength,66,-1,FALSE,FALSE,TRUE,FALSE,FALSE,FALSE,0,8477426,14,24
2025020624,420,even-strength,67,32,FALSE,FALSE,TRUE,FALSE,FALSE,FALSE,0,8477426,14,24
2025020624,511,even-strength,34,1,FALSE,FALSE,TRUE,TRUE,TRUE,FALSE,0.04971325397491455,8479542,14,24
2025020624,517,even-strength,73,-19,FALSE,FALSE,TRUE,TRUE,TRUE,FALSE,0.05648595094680786,8483398,14,24
2025020624,538,even-strength,79,5,FALSE,FALSE,TRUE,TRUE,TRUE,FALSE,0.08972209692001343,8476826,14,24
2025020624,635,power-play,53,17,FALSE,FALSE,TRUE,TRUE,TRUE,FALSE,0.07429182529449463,8477416,14,24
2025020624,636,power-play,57,6,FALSE,FALSE,TRUE,FALSE,FALSE,FALSE,0,8478178,14,24
2025020624,643,power-play,70,-6,FALSE,FALSE,TRUE,TRUE,FALSE,FALSE,0.12225759029388428,8478519,14,24
2025020624,651,even-strength,56,-12,FALSE,FALSE,TRUE,TRUE,TRUE,FALSE,0.08951389789581299,8478010,14,24
2025020624,659,even-strength,82,-25,FALSE,FALSE,TRUE,TRUE,FALSE,FALSE,0.04506754875183105,8476453,14,24
2025020624,691,even-strength,32,1,FALSE,FALSE,TRUE,TRUE,TRUE,FALSE,0.03545528650283813,8479542,14,24
2025020624,697,even-strength,63,6,FALSE,FALSE,TRUE,FALSE,FALSE,FALSE,0,8479542,14,24
2025020624,751,even-strength,59,17,FALSE,FALSE,TRUE,TRUE,FALSE,FALSE,0.00482803583145141,8476453,14,24
2025020624,809,penalty-kill,-72,-35,FALSE,FALSE,TRUE,TRUE,TRUE,FALSE,6.87554969457205e-4,8479542,14,24
2025020624,820,even-strength,85,-3,FALSE,FALSE,TRUE,TRUE,TRUE,TRUE,0.19897031784057617,8478010,14,24
2025020624,835,even-strength,50,-28,FALSE,FALSE,TRUE,TRUE,TRUE,FALSE,0.01294958591461181,8478178,14,24
2025020624,845,even-strength,68,20,TRUE,FALSE,TRUE,TRUE,TRUE,FALSE,0.07449346780776978,8478178,14,24
2025020624,928,power-play,61,-27,FALSE,FALSE,TRUE,TRUE,TRUE,TRUE,0.06042492389678955,8476453,14,24
2025020624,963,penalty-kill,81,2,FALSE,FALSE,TRUE,TRUE,TRUE,FALSE,0.1179091609618364,8478519,14,24
2025020624,1023,even-strength,47,-20,FALSE,FALSE,TRUE,FALSE,FALSE,FALSE,0,8477416,14,24
2025020624,1046,power-play,68,15,FALSE,FALSE,TRUE,FALSE,FALSE,FALSE,0,8477416,14,24
2025020624,1049,power-play,67,-24,FALSE,FALSE,TRUE,TRUE,TRUE,FALSE,0.04159450531005859,8476453,14,24
2025020624,1056,power-play,57,10,FALSE,FALSE,TRUE,TRUE,TRUE,FALSE,0.09501785039901732,8480426,14,24
2025020624,1058,power-play,52,22,FALSE,FALSE,TRUE,TRUE,TRUE,FALSE,0.06845670938491821,8479542,14,24
2025020624,1066,even-strength,20,-32,FALSE,FALSE,TRUE,TRUE,TRUE,FALSE,0.00212621688842773,8478178,14,24
2025020624,1115,even-strength,56,-1,FALSE,FALSE,TRUE,TRUE,FALSE,FALSE,0.16411482101298291,8476453,14,24
2025020624,1124,even-strength,73,1,TRUE,FALSE,TRUE,TRUE,TRUE,FALSE,0.11857570823298924,8478519,14,24
2025020624,1130,even-strength,79,-5,FALSE,FALSE,TRUE,TRUE,TRUE,TRUE,0.18963794616153473,8478178,14,24
2025020643,62,even-strength,65,-24,FALSE,FALSE,TRUE,FALSE,FALSE,FALSE,0,8481557,30,24
2025020643,64,even-strength,30,14,FALSE,FALSE,TRUE,TRUE,FALSE,FALSE,0.04080021381378174,8480800,30,24
2025020643,65,even-strength,26,-19,FALSE,FALSE,TRUE,TRUE,FALSE,FALSE,0.03231137990951538,8482122,30,24
2025020643,66,even-strength,52,-15,FALSE,FALSE,TRUE,TRUE,FALSE,FALSE,0.13690364360809326,8482122,30,24
2025020643,91,even-strength,80,-7,FALSE,FALSE,TRUE,FALSE,FALSE,FALSE,0,8478508,30,24
2025020643,122,even-strength,82,3,FALSE,FALSE,TRUE,TRUE,TRUE,FALSE,0.03759610652923584,8481557,30,24
2025020643,138,power-play,82,-1,FALSE,FALSE,TRUE,FALSE,FALSE,FALSE,0,8480800,30,24
2025020643,139,power-play,80,4,FALSE,FALSE,TRUE,TRUE,TRUE,TRUE,0.1847691535949707,8478864,30,24
2025020643,201,even-strength,-53,33,FALSE,FALSE,TRUE,TRUE,TRUE,FALSE,0.00186073780059814,8475765,30,24
2025020643,204,even-strength,82,9,FALSE,TRUE,TRUE,TRUE,FALSE,FALSE,0.30235952138900757,8481477,30,24
2025020643,207,power-play,84,5,FALSE,TRUE,TRUE,TRUE,TRUE,FALSE,0.2691200375556946,8481557,30,24
2025020643,213,even-strength,79,0,FALSE,TRUE,TRUE,TRUE,FALSE,FALSE,0.02337980270385742,8478508,30,24
2025020643,251,even-strength,69,-19,TRUE,FALSE,TRUE,TRUE,FALSE,FALSE,0.03122997283935547,8482122,30,24
2025020643,252,even-strength,74,-3,TRUE,TRUE,TRUE,FALSE,FALSE,FALSE,0,8478508,30,24
2025020643,255,even-strength,84,-3,FALSE,TRUE,TRUE,TRUE,FALSE,FALSE,0.06397932767868042,8475765,30,24
2025020643,256,power-play,81,-1,FALSE,TRUE,TRUE,TRUE,TRUE,FALSE,0.08537334203720093,8478493,30,24
2025020643,257,even-strength,94,-26,FALSE,FALSE,TRUE,TRUE,FALSE,FALSE,0.02445566654205322,8476994,30,24
2025020643,308,even-strength,32,8,FALSE,FALSE,TRUE,TRUE,TRUE,FALSE,0.02172434329986572,8476463,30,24
2025020643,313,even-strength,79,1,FALSE,FALSE,TRUE,TRUE,FALSE,FALSE,0.0226515531539917,8478508,30,24
2025020643,353,even-strength,63,15,FALSE,FALSE,TRUE,FALSE,FALSE,FALSE,0,8481557,30,24
2025020643,380,even-strength,79,0,TRUE,FALSE,TRUE,FALSE,FALSE,FALSE,0,8474716,30,24
2025020643,381,even-strength,43,39,FALSE,FALSE,TRUE,TRUE,TRUE,FALSE,0.00554591417312622,8476463,30,24
2025020643,410,even-strength,68,16,FALSE,FALSE,TRUE,TRUE,TRUE,FALSE,0.03126013278961181,8475149,30,24
2025020643,425,even-strength,65,-17,FALSE,FALSE,TRUE,TRUE,TRUE,FALSE,0.04031223058700561,8478508,30,24
2025020643,510,even-strength,73,-4,FALSE,FALSE,TRUE,FALSE,FALSE,FALSE,0,8474567,30,24
2025020643,524,even-strength,34,-28,FALSE,FALSE,TRUE,TRUE,FALSE,FALSE,0.01147711277008056,8482122,30,24
2025020643,548,even-strength,49,-35,FALSE,FALSE,TRUE,TRUE,TRUE,FALSE,0.01633793115615844,8482122,30,24
2025020643,563,power-play,37,-13,FALSE,FALSE,TRUE,TRUE,FALSE,FALSE,0.05696719884872436,8481557,30,24
2025020643,566,power-play,84,-24,FALSE,FALSE,TRUE,TRUE,TRUE,FALSE,0.06814366579055786,8478864,30,24
2025020643,573,power-play,61,20,FALSE,FALSE,TRUE,FALSE,FALSE,FALSE,0,8481557,30,24
2025020643,574,power-play,66,0,FALSE,FALSE,TRUE,TRUE,FALSE,FALSE,0.14619094133377075,8478864,30,24
2025020643,575,power-play,47,-7,FALSE,FALSE,TRUE,TRUE,TRUE,FALSE,0.0937790870666504,8480800,30,24
2025020643,576,power-play,69,3,FALSE,FALSE,TRUE,TRUE,TRUE,FALSE,0.1564229130744934,8477451,30,24
2025020643,578,power-play,41,6,FALSE,FALSE,TRUE,TRUE,TRUE,FALSE,0.0569998025894165,8480800,30,24
2025020643,584,even-strength,44,28,FALSE,FALSE,TRUE,TRUE,FALSE,FALSE,0.01537489891052246,8475149,30,24
2025020643,585,even-strength,76,-6,FALSE,TRUE,TRUE,FALSE,FALSE,FALSE,0,8483525,30,24
2025020643,586,even-strength,82,-10,FALSE,TRUE,TRUE,TRUE,TRUE,FALSE,0.1718788743019104,8475765,30,24
2025020643,587,even-strength,78,15,FALSE,FALSE,TRUE,FALSE,FALSE,FALSE,0,8475765,30,24
2025020643,594,even-strength,53,-1,FALSE,FALSE,TRUE,TRUE,FALSE,FALSE,0.036418616771698,8476994,30,24
2025020643,599,power-play,48,-9,FALSE,FALSE,TRUE,FALSE,FALSE,FALSE,0,8480800,30,24
2025020643,600,power-play,49,13,FALSE,FALSE,TRUE,TRUE,TRUE,FALSE,0.08361983299255371,8478864,30,24
2025020643,603,power-play,45,30,FALSE,FALSE,TRUE,TRUE,FALSE,FALSE,0.04050362110137939,8480800,30,24
2025020643,604,power-play,67,-6,FALSE,FALSE,TRUE,FALSE,FALSE,FALSE,0,8480800,30,24
2025020643,605,power-play,75,-2,FALSE,FALSE,TRUE,TRUE,TRUE,FALSE,0.13798999786376953,8478493,30,24
2025020643,611,power-play,28,-16,FALSE,FALSE,TRUE,TRUE,TRUE,FALSE,0.0317915678024292,8482122,30,24
2025020643,622,even-strength,28,-4,FALSE,FALSE,TRUE,TRUE,TRUE,FALSE,0.01465356349945068,8476463,30,24
2025020643,623,even-strength,55,-33,FALSE,FALSE,TRUE,TRUE,FALSE,FALSE,0.02292442321777343,8476463,30,24
2025020643,628,even-strength,81,-3,FALSE,FALSE,TRUE,TRUE,TRUE,TRUE,0.12584209442138672,8483525,30,24
2025020643,633,even-strength,74,-10,FALSE,FALSE,TRUE,FALSE,FALSE,FALSE,0,8478864,30,24
2025020643,638,even-strength,51,-27,FALSE,FALSE,TRUE,TRUE,TRUE,FALSE,0.0413588285446167,8474716,30,24
2025020643,646,even-strength,50,-12,FALSE,FALSE,TRUE,FALSE,FALSE,FALSE,0,8475149,30,24
2025020643,648,even-strength,49,-37,FALSE,FALSE,TRUE,TRUE,FALSE,FALSE,0.00617259740829467,8477451,30,24
2025020643,673,even-strength,72,35,FALSE,FALSE,TRUE,TRUE,TRUE,FALSE,0.01126182079315185,8476994,30,24
2025020643,687,even-strength,58,15,FALSE,FALSE,TRUE,TRUE,FALSE,FALSE,0.02938300371170044,8478508,30,24
2025020643,690,even-strength,68,4,FALSE,FALSE,TRUE,TRUE,FALSE,FALSE,0.19023817777633667,8475220,30,24
2025020643,693,even-strength,72,-23,FALSE,FALSE,TRUE,TRUE,TRUE,TRUE,0.08876639604568481,8478508,30,24
2025020643,753,even-strength,77,3,FALSE,FALSE,TRUE,FALSE,FALSE,FALSE,0,8481557,30,24
2025020643,756,even-strength,61,7,FALSE,FALSE,TRUE,FALSE,FALSE,FALSE,0,8476463,30,24
2025020643,763,even-strength,68,-9,FALSE,FALSE,TRUE,TRUE,TRUE,FALSE,0.05981802940368652,8478864,30,24
2025020643,771,even-strength,36,-15,FALSE,FALSE,TRUE,TRUE,TRUE,FALSE,0.05971705913543701,8482122,30,24
2025020643,772,even-strength,41,8,FALSE,FALSE,TRUE,TRUE,TRUE,FALSE,0.02265363931655883,8482122,30,24
2025020643,798,power-play,68,20,FALSE,FALSE,TRUE,TRUE,TRUE,FALSE,0.1603570580482483,8478864,30,24
2025020643,800,power-play,69,8,FALSE,FALSE,TRUE,FALSE,FALSE,FALSE,0,8481557,30,24
2025020643,804,power-play,57,0,FALSE,FALSE,TRUE,FALSE,FALSE,FALSE,0,8474716,30,24
2025020643,815,even-strength,77,-1,FALSE,FALSE,TRUE,TRUE,TRUE,TRUE,0.04229301214218139,8483525,30,24
2025020643,820,even-strength,78,-18,FALSE,FALSE,TRUE,TRUE,FALSE,FALSE,0.0907646417617798,8475692,30,24
2025020643,831,even-strength,60,18,FALSE,FALSE,TRUE,FALSE,FALSE,FALSE,0,8480800,30,24
2025020643,832,even-strength,58,-8,FALSE,FALSE,TRUE,FALSE,FALSE,FALSE,0,8482122,30,24
2025020643,837,even-strength,59,-10,FALSE,FALSE,TRUE,TRUE,FALSE,FALSE,0.01626932621002197,8475220,30,24
2025020643,838,even-strength,44,35,FALSE,FALSE,TRUE,TRUE,TRUE,FALSE,0.01137787103652954,8475220,30,24
2025020643,845,even-strength,79,-1,FALSE,FALSE,TRUE,TRUE,TRUE,FALSE,0.07651716470718384,8478864,30,24
2025020643,851,even-strength,84,-7,FALSE,FALSE,TRUE,TRUE,FALSE,FALSE,0.03893804550170898,8481477,30,24
2025020643,907,even-strength,58,25,FALSE,FALSE,TRUE,TRUE,TRUE,FALSE,0.05110836029052734,8475765,30,24
2025020643,911,even-strength,35,-11,FALSE,FALSE,TRUE,TRUE,FALSE,FALSE,0.0202646255493164,8478136,30,24
2025020643,912,even-strength,59,-24,FALSE,FALSE,TRUE,TRUE,FALSE,FALSE,0.03805321455001831,8478136,30,24
2025020643,927,even-strength,35,-17,FALSE,FALSE,TRUE,TRUE,TRUE,FALSE,0.02171909809112549,8482122,30,24
2025020643,928,even-strength,81,-4,FALSE,TRUE,TRUE,TRUE,TRUE,FALSE,0.0108492374420166,8475149,30,24
2025020643,937,even-strength,83,-10,FALSE,FALSE,TRUE,FALSE,FALSE,FALSE,0,8475765,30,24
2025020643,938,even-strength,31,19,FALSE,FALSE,TRUE,TRUE,FALSE,FALSE,0.01635777950286865,8476463,30,24
2025020643,949,even-strength,62,-32,FALSE,FALSE,TRUE,TRUE,FALSE,FALSE,0.02560234069824218,8480800,30,24
2025020643,958,even-strength,65,26,FALSE,FALSE,TRUE,TRUE,TRUE,TRUE,0.03236317634582519,8481477,30,24
2025020643,975,even-strength,74,24,TRUE,FALSE,TRUE,FALSE,FALSE,FALSE,0,8478493,30,24
2025020643,997,even-strength,2,27,FALSE,FALSE,TRUE,TRUE,FALSE,FALSE,0.00210332870483398,8475692,30,24
2025020663,155,even-strength,84,9,FALSE,FALSE,TRUE,TRUE,FALSE,FALSE,0.06450366973876953,8483573,15,24
2025020663,926,even-strength,66,16,FALSE,FALSE,TRUE,FALSE,FALSE,FALSE,0,8474590,15,24
2025020663,931,even-strength,60,14,FALSE,FALSE,TRUE,FALSE,FALSE,FALSE,0,8478440,15,24
2025020663,944,even-strength,-78,-3,FALSE,FALSE,TRUE,TRUE,TRUE,FALSE,0.00374114513397216,8471214,15,24
2025020663,1005,even-strength,69,1,FALSE,FALSE,TRUE,FALSE,FALSE,FALSE,0,8478911,15,24
2025020663,1090,even-strength,64,-26,FALSE,FALSE,TRUE,TRUE,TRUE,FALSE,0.02471703290939331,8484186,15,24
2025020663,1109,even-strength,45,-21,FALSE,FALSE,TRUE,FALSE,FALSE,FALSE,0,8478911,15,24
2025020663,1134,even-strength,60,21,FALSE,FALSE,TRUE,TRUE,TRUE,FALSE,0.08737033605575562,8474590,15,24
2025020670,64,even-strength,66,0,FALSE,FALSE,TRUE,TRUE,TRUE,FALSE,0.09945136308670044,8477948,4,24
2025020670,66,even-strength,56,-14,FALSE,FALSE,TRUE,TRUE,TRUE,FALSE,0.08490753173828125,8478439,4,24
2025020670,74,even-strength,64,13,FALSE,FALSE,TRUE,TRUE,FALSE,FALSE,0.15787798166275024,8480015,4,24
2025020670,75,even-strength,31,-33,FALSE,TRUE,TRUE,TRUE,FALSE,FALSE,0.00696438550949096,8482142,4,24
2025020670,84,even-strength,38,-4,FALSE,FALSE,TRUE,TRUE,TRUE,FALSE,0.02645903825759887,8482142,4,24
2025020670,108,penalty-kill,66,26,FALSE,FALSE,TRUE,TRUE,TRUE,FALSE,0.05120661392061447,8479022,4,24
2025020670,109,penalty-kill,82,5,FALSE,TRUE,TRUE,TRUE,TRUE,FALSE,0.26133072541722374,8479336,4,24
2025020670,153,even-strength,63,4,FALSE,FALSE,TRUE,FALSE,FALSE,FALSE,0,8482126,4,24
2025020670,158,even-strength,39,-22,FALSE,FALSE,TRUE,TRUE,FALSE,FALSE,0.00130838155746459,8482126,4,24
2025020670,159,even-strength,82,4,FALSE,FALSE,TRUE,TRUE,FALSE,FALSE,0.06900173425674438,8476461,4,24
2025020670,181,power-play,82,5,FALSE,FALSE,TRUE,TRUE,FALSE,FALSE,0.1186009645462036,8478439,4,24
2025020670,183,power-play,57,15,FALSE,FALSE,TRUE,TRUE,TRUE,FALSE,0.06523263454437256,8478439,4,24
2025020670,185,power-play,54,20,FALSE,FALSE,TRUE,TRUE,TRUE,FALSE,0.08120948076248169,8484142,4,24
2025020670,193,power-play,73,-10,FALSE,FALSE,TRUE,TRUE,TRUE,FALSE,0.15160638093948364,8483733,4,24
2025020670,201,even-strength,82,-25,FALSE,FALSE,TRUE,TRUE,TRUE,TRUE,0.03997635841369629,8481533,4,24
2025020670,224,even-strength,74,-1,FALSE,FALSE,TRUE,FALSE,FALSE,FALSE,0,8477948,4,24
2025020670,225,even-strength,74,5,FALSE,TRUE,TRUE,FALSE,FALSE,FALSE,0,8481546,4,24
2025020670,238,even-strength,71,-8,TRUE,FALSE,TRUE,TRUE,TRUE,FALSE,0.23216062784194944,8478439,4,24
2025020670,247,power-play,48,-10,FALSE,FALSE,TRUE,FALSE,FALSE,FALSE,0,8477948,4,24
2025020670,250,power-play,33,1,FALSE,FALSE,TRUE,TRUE,TRUE,FALSE,0.04016584157943725,8477499,4,24
2025020670,307,power-play,77,3,FALSE,FALSE,TRUE,FALSE,FALSE,FALSE,0,8477499,4,24
2025020670,308,power-play,86,14,FALSE,TRUE,TRUE,TRUE,FALSE,FALSE,0.09673410654067992,8480015,4,24
2025020670,309,power-play,82,2,FALSE,FALSE,TRUE,FALSE,FALSE,FALSE,0,8480015,4,24
2025020670,315,power-play,77,-24,FALSE,FALSE,TRUE,TRUE,TRUE,TRUE,0.07888185977935791,8481533,4,24
2025020670,362,even-strength,85,25,FALSE,FALSE,TRUE,TRUE,FALSE,FALSE,0.00960451364517212,8479336,4,24
2025020670,370,even-strength,73,0,FALSE,FALSE,TRUE,FALSE,FALSE,FALSE,0,8476372,4,24
2025020670,384,power-play,75,-12,FALSE,FALSE,TRUE,TRUE,TRUE,FALSE,0.11866939067840576,8481546,4,24
2025020670,390,power-play,82,25,FALSE,FALSE,TRUE,TRUE,FALSE,FALSE,0.0687292218208313,8476461,4,24
2025020670,461,even-strength,79,2,FALSE,FALSE,TRUE,FALSE,FALSE,FALSE,0,8481533,4,24
2025020670,465,even-strength,51,-10,FALSE,FALSE,TRUE,TRUE,FALSE,FALSE,0.029835045337677,8480015,4,24
2025020670,470,even-strength,40,5,FALSE,FALSE,TRUE,TRUE,TRUE,TRUE,0.04794281721115112,8481546,4,24
2025020670,502,power-play,84,-1,FALSE,TRUE,TRUE,TRUE,TRUE,FALSE,0.2896993160247803,8476461,4,24
2025020670,503,power-play,87,0,FALSE,TRUE,TRUE,TRUE,TRUE,FALSE,0.14162904024124146,8480220,4,24
2025020670,504,even-strength,80,0,TRUE,TRUE,TRUE,FALSE,FALSE,FALSE,0,8479022,4,24
2025020670,552,power-play,50,7,FALSE,FALSE,TRUE,TRUE,TRUE,FALSE,0.02676784992218017,8481546,4,24
2025020670,565,power-play,68,-3,FALSE,FALSE,TRUE,FALSE,FALSE,FALSE,0,8477499,4,24
2025020670,566,power-play,58,15,FALSE,FALSE,TRUE,TRUE,TRUE,FALSE,0.12766599655151367,8480015,4,24
2025020670,567,power-play,46,16,FALSE,FALSE,TRUE,TRUE,TRUE,FALSE,0.08797025680541992,8477499,4,24
2025020670,568,power-play,44,11,FALSE,FALSE,TRUE,TRUE,FALSE,FALSE,0.08541262149810791,8480015,4,24
2025020670,570,power-play,77,20,FALSE,FALSE,TRUE,TRUE,FALSE,FALSE,0.2195134162902832,8480015,4,24
2025020670,578,power-play,65,-16,FALSE,FALSE,TRUE,TRUE,TRUE,FALSE,0.14120107889175415,8481533,4,24
2025020670,587,power-play,44,-15,FALSE,FALSE,TRUE,TRUE,TRUE,FALSE,0.06156587600708008,8480015,4,24
2025020670,588,power-play,38,-17,FALSE,FALSE,TRUE,TRUE,FALSE,FALSE,0.06456905603408813,8477499,4,24
2025020670,597,power-play,74,-4,FALSE,FALSE,TRUE,TRUE,TRUE,FALSE,0.1192137598991394,8477989,4,24
2025020670,606,even-strength,63,11,FALSE,FALSE,TRUE,TRUE,TRUE,FALSE,0.05504161119461059,8477989,4,24
2025020670,658,even-strength,76,11,FALSE,FALSE,TRUE,FALSE,FALSE,FALSE,0,8476372,4,24
2025020670,669,even-strength,73,20,FALSE,FALSE,TRUE,TRUE,TRUE,FALSE,0.0152706503868103,8477903,4,24
2025020670,679,power-play,51,10,FALSE,FALSE,TRUE,TRUE,TRUE,FALSE,0.03148204088211059,8481546,4,24
2025020670,683,power-play,61,-22,FALSE,FALSE,TRUE,FALSE,FALSE,FALSE,0,8481533,4,24
2025020670,688,power-play,37,-2,FALSE,FALSE,TRUE,TRUE,TRUE,FALSE,0.05664193630218506,8477499,4,24
2025020670,695,even-strength,63,-10,FALSE,FALSE,TRUE,TRUE,TRUE,FALSE,0.05817669630050659,8481546,4,24
2025020670,701,even-strength,48,-27,FALSE,FALSE,TRUE,TRUE,FALSE,FALSE,0.04652035236358642,8477499,4,24
2025020670,735,even-strength,32,1,FALSE,FALSE,TRUE,TRUE,TRUE,FALSE,0.03547674417495727,8477903,4,24
2025020670,736,even-strength,80,0,FALSE,TRUE,TRUE,TRUE,TRUE,FALSE,0.01843750476837158,8480220,4,24
2025020670,741,even-strength,46,-12,FALSE,FALSE,TRUE,TRUE,TRUE,TRUE,0.04870855808258056,8477948,4,24
2025020670,753,even-strength,79,-2,TRUE,FALSE,TRUE,FALSE,FALSE,FALSE,0,8477499,4,24
2025020670,755,even-strength,56,-23,FALSE,FALSE,TRUE,TRUE,TRUE,FALSE,0.0018429160118103,8483733,4,24
2025020670,787,even-strength,72,-13,FALSE,FALSE,TRUE,TRUE,TRUE,FALSE,0.05315196514129639,8477903,4,24
2025020670,821,penalty-kill,-73,-29,FALSE,FALSE,TRUE,TRUE,TRUE,FALSE,0.00132819824296114,8477989,4,24
2025020670,854,even-strength,29,-20,FALSE,FALSE,TRUE,TRUE,TRUE,FALSE,0.02745836973190307,8480015,4,24
2025020670,880,even-strength,77,-8,FALSE,FALSE,TRUE,FALSE,FALSE,FALSE,0,8481533,4,24
2025020670,1017,power-play,86,-6,FALSE,FALSE,TRUE,TRUE,TRUE,FALSE,0.14843469858169556,8477499,4,24
2025020670,1029,power-play,67,10,FALSE,FALSE,TRUE,FALSE,FALSE,FALSE,0,8477499,4,24
2025020670,1030,power-play,77,-11,FALSE,FALSE,TRUE,FALSE,FALSE,FALSE,0,8481533,4,24
2025020670,1033,power-play,81,14,FALSE,FALSE,TRUE,TRUE,TRUE,FALSE,0.14641451835632324,8478439,4,24
2025020670,1034,power-play,62,-4,FALSE,FALSE,TRUE,TRUE,TRUE,FALSE,0.16594195365905762,8478439,4,24
2025020670,1053,even-strength,57,-15,FALSE,FALSE,TRUE,TRUE,TRUE,FALSE,0.06102263927459717,8480015,4,24
2025020701,55,even-strength,81,-35,FALSE,FALSE,TRUE,TRUE,FALSE,FALSE,0.00805628299713134,8477949,7,24
2025020701,56,even-strength,73,20,FALSE,FALSE,TRUE,TRUE,FALSE,FALSE,0.04657000303268432,8480064,7,24
2025020701,83,even-strength,79,-12,FALSE,FALSE,TRUE,TRUE,TRUE,TRUE,0.03930413722991943,8482097,7,24
2025020701,90,even-strength,51,-28,FALSE,FALSE,TRUE,FALSE,FALSE,FALSE,0,8479359,7,24
2025020701,106,even-strength,31,-37,FALSE,FALSE,TRUE,TRUE,FALSE,FALSE,0.01018464565277099,8477949,7,24
2025020701,123,even-strength,86,-5,FALSE,FALSE,TRUE,TRUE,TRUE,FALSE,0.14020103216171265,8484145,7,24
2025020701,166,even-strength,82,-2,FALSE,FALSE,TRUE,TRUE,TRUE,FALSE,0.02971184253692627,8484145,7,24
2025020701,179,even-strength,58,-10,FALSE,FALSE,TRUE,FALSE,FALSE,FALSE,0,8484305,7,24
2025020701,186,even-strength,48,34,FALSE,FALSE,TRUE,TRUE,FALSE,FALSE,0.01271665096282959,8480196,7,24
2025020701,255,even-strength,84,-3,FALSE,FALSE,TRUE,TRUE,TRUE,FALSE,0.3199635148048401,8484145,7,24
2025020701,359,even-strength,43,22,FALSE,FALSE,TRUE,TRUE,TRUE,FALSE,0.02132683992385864,8480839,7,24
2025020701,384,even-strength,63,34,FALSE,FALSE,TRUE,TRUE,TRUE,FALSE,0.00919348001480102,8482671,7,24
2025020701,392,even-strength,50,16,FALSE,FALSE,TRUE,TRUE,TRUE,FALSE,0.01280134916305542,8481524,7,24
2025020701,451,even-strength,-69,-37,FALSE,FALSE,TRUE,TRUE,TRUE,FALSE,0.00125962495803833,8482671,7,24
2025020701,452,even-strength,83,2,FALSE,TRUE,TRUE,TRUE,TRUE,FALSE,0.02198874950408935,8480064,7,24
2025020701,453,even-strength,83,-1,FALSE,TRUE,TRUE,TRUE,FALSE,FALSE,0.08024144172668457,8480064,7,24
2025020701,454,even-strength,86,2,FALSE,FALSE,TRUE,FALSE,FALSE,FALSE,0,8479420,7,24
2025020701,455,even-strength,94,-8,FALSE,TRUE,TRUE,TRUE,TRUE,FALSE,0.00937426090240478,8484145,7,24
2025020701,508,even-strength,81,20,FALSE,FALSE,TRUE,TRUE,TRUE,FALSE,0.02416712045669555,8481522,7,24
2025020701,509,even-strength,73,-16,FALSE,FALSE,TRUE,TRUE,FALSE,FALSE,0.10804057121276855,8481522,7,24
2025020701,517,even-strength,50,-38,TRUE,FALSE,TRUE,TRUE,TRUE,FALSE,0.00242453813552856,8478413,7,24
2025020701,526,even-strength,71,26,TRUE,FALSE,TRUE,TRUE,TRUE,FALSE,0.02587264776229858,8480839,7,24
2025020701,563,even-strength,72,9,FALSE,FALSE,TRUE,TRUE,TRUE,FALSE,0.17461633682250977,8475722,7,24
2025020701,565,even-strength,80,-2,FALSE,TRUE,TRUE,TRUE,FALSE,FALSE,0.05498850345611572,8475722,7,24
2025020701,568,even-strength,49,28,FALSE,FALSE,TRUE,TRUE,TRUE,FALSE,0.00589746236801147,8477949,7,24
2025020701,579,power-play,66,-23,FALSE,FALSE,TRUE,TRUE,TRUE,FALSE,0.09337526559829712,8480064,7,24
2025020701,591,power-play,61,-22,FALSE,FALSE,TRUE,TRUE,TRUE,FALSE,0.14047962427139282,8479420,7,24
2025020701,594,power-play,80,1,FALSE,FALSE,TRUE,TRUE,FALSE,FALSE,0.22848081588745117,8475722,7,24
2025020701,595,power-play,80,-1,FALSE,FALSE,TRUE,FALSE,FALSE,FALSE,0,8480839,7,24
2025020701,603,power-play,58,13,FALSE,FALSE,TRUE,TRUE,TRUE,FALSE,0.06553500890731812,8482097,7,24
2025020701,608,even-strength,83,18,FALSE,FALSE,TRUE,FALSE,FALSE,FALSE,0,8480802,7,24
2025020701,614,even-strength,32,23,FALSE,FALSE,TRUE,TRUE,TRUE,FALSE,0.01067703962326049,8482671,7,24
2025020701,626,penalty-kill,79,-9,TRUE,FALSE,TRUE,TRUE,TRUE,FALSE,0.4953704818232787,8477949,7,24
2025020701,646,penalty-kill,43,-22,FALSE,FALSE,TRUE,TRUE,TRUE,FALSE,0.00433882620097437,8480839,7,24
2025020701,662,even-strength,70,8,FALSE,FALSE,TRUE,FALSE,FALSE,FALSE,0,8482671,7,24
2025020701,663,even-strength,84,-4,FALSE,FALSE,TRUE,TRUE,TRUE,TRUE,0.270579993724823,8479420,7,24
2025020701,691,even-strength,46,13,FALSE,FALSE,TRUE,TRUE,TRUE,FALSE,0.04729288816452026,8480807,7,24
2025020701,697,even-strength,30,-20,FALSE,FALSE,TRUE,TRUE,TRUE,FALSE,0.03715157508850098,8482671,7,24
2025020701,862,even-strength,82,-11,FALSE,FALSE,TRUE,FALSE,FALSE,FALSE,0,8483500,7,24
2025020701,873,even-strength,67,7,TRUE,FALSE,TRUE,FALSE,FALSE,FALSE,0,8480839,7,24
2025020701,892,even-strength,69,12,TRUE,FALSE,TRUE,TRUE,FALSE,FALSE,0.1585620641708374,8482097,7,24
2025020701,893,even-strength,63,-21,FALSE,FALSE,TRUE,TRUE,TRUE,FALSE,0.08500534296035767,8482097,7,24
2025020701,911,even-strength,43,-18,FALSE,FALSE,TRUE,TRUE,TRUE,FALSE,0.01815509796142578,8484305,7,24
2025020701,923,even-strength,67,6,FALSE,FALSE,TRUE,TRUE,TRUE,TRUE,0.21476316452026367,8481524,7,24
2025020701,928,even-strength,79,0,FALSE,FALSE,TRUE,TRUE,TRUE,FALSE,0.17089194059371948,8484145,7,24
2025020701,933,even-strength,73,-13,TRUE,FALSE,TRUE,TRUE,FALSE,FALSE,0.00708037614822387,8483500,7,24
2025020701,942,even-strength,70,8,FALSE,FALSE,TRUE,TRUE,TRUE,FALSE,0.16134250164031982,8480064,7,24
2025020701,995,even-strength,59,-11,FALSE,FALSE,TRUE,TRUE,TRUE,FALSE,0.07927381992340088,8479420,7,24
2025020701,1046,even-strength,77,-1,FALSE,FALSE,TRUE,FALSE,FALSE,FALSE,0,8482671,7,24
2025020701,1151,even-strength,56,-19,FALSE,FALSE,TRUE,TRUE,TRUE,TRUE,0.0905689001083374,8482097,7,24
2025020734,68,even-strength,76,-14,FALSE,FALSE,TRUE,FALSE,FALSE,FALSE,0,8482145,25,24
2025020734,109,power-play,82,0,FALSE,TRUE,TRUE,TRUE,TRUE,FALSE,0.22180473804473877,8482740,25,24
2025020734,110,power-play,81,3,FALSE,TRUE,TRUE,TRUE,TRUE,FALSE,0.04233700037002563,8482740,25,24
2025020734,113,even-strength,91,-10,FALSE,FALSE,TRUE,TRUE,TRUE,FALSE,0.05561035871505737,8475168,25,24
2025020734,174,even-strength,53,12,FALSE,FALSE,TRUE,TRUE,TRUE,FALSE,0.04600429534912109,8475168,25,24
2025020734,178,even-strength,31,40,TRUE,FALSE,TRUE,TRUE,FALSE,FALSE,0.00180596113204956,8478476,25,24
2025020734,223,penalty-kill,-67,-38,FALSE,FALSE,TRUE,TRUE,TRUE,FALSE,0.00122050728394577,8476278,25,24
2025020734,289,even-strength,-76,-9,FALSE,FALSE,TRUE,TRUE,TRUE,FALSE,0.0012819766998291,8481581,25,24
2025020734,297,even-strength,61,-32,TRUE,FALSE,TRUE,FALSE,FALSE,FALSE,0,8476278,25,24
2025020734,353,even-strength,31,-3,FALSE,FALSE,TRUE,TRUE,TRUE,FALSE,0.00235950946807861,8476889,25,24
2025020734,388,even-strength,69,31,FALSE,FALSE,TRUE,TRUE,TRUE,FALSE,0.0264243483543396,8484829,25,24
2025020734,399,even-strength,74,-10,FALSE,FALSE,TRUE,FALSE,FALSE,FALSE,0,8480878,25,24
2025020734,423,even-strength,75,14,FALSE,FALSE,TRUE,TRUE,TRUE,FALSE,0.15233808755874634,8480027,25,24
2025020734,425,even-strength,87,-6,TRUE,TRUE,TRUE,TRUE,TRUE,FALSE,0.01175439357757568,8480027,25,24
2025020734,476,power-play,65,-11,FALSE,FALSE,TRUE,TRUE,FALSE,FALSE,0.1551336646080017,8482740,25,24
2025020734,481,power-play,55,14,FALSE,FALSE,TRUE,TRUE,FALSE,FALSE,0.0486459732055664,8478449,25,24
2025020734,485,power-play,76,-8,FALSE,FALSE,TRUE,FALSE,FALSE,FALSE,0,8478420,25,24
2025020734,486,power-play,81,18,FALSE,TRUE,TRUE,FALSE,FALSE,FALSE,0,8475168,25,24
2025020734,502,even-strength,79,-12,FALSE,FALSE,TRUE,FALSE,FALSE,FALSE,0,8482740,25,24
2025020734,504,power-play,86,4,FALSE,TRUE,TRUE,TRUE,TRUE,FALSE,0.1567363739013672,8482740,25,24
2025020734,506,even-strength,80,0,TRUE,TRUE,TRUE,TRUE,FALSE,FALSE,0.06572222709655762,8482740,25,24
2025020734,656,even-strength,84,5,FALSE,FALSE,TRUE,FALSE,FALSE,FALSE,0,8480840,25,24
2025020734,662,even-strength,69,-4,FALSE,FALSE,TRUE,TRUE,TRUE,FALSE,0.414966344833374,8479351,25,24
2025020734,665,even-strength,41,-27,FALSE,FALSE,TRUE,TRUE,TRUE,FALSE,0.02175575494766235,8480878,25,24
2025020734,667,even-strength,79,-10,FALSE,FALSE,TRUE,FALSE,FALSE,FALSE,0,8480878,25,24
2025020734,669,even-strength,73,4,FALSE,FALSE,TRUE,TRUE,TRUE,FALSE,0.14238935708999634,8482740,25,24
2025020734,678,even-strength,76,29,FALSE,FALSE,TRUE,TRUE,FALSE,FALSE,0.00784111022949218,8482145,25,24
2025020734,711,even-strength,55,-6,FALSE,FALSE,TRUE,FALSE,FALSE,FALSE,0,8480878,25,24
2025020734,740,even-strength,63,25,FALSE,FALSE,TRUE,TRUE,TRUE,FALSE,0.03163957595825195,8478420,25,24
2025020734,752,even-strength,41,-24,FALSE,FALSE,TRUE,FALSE,FALSE,FALSE,0,8480878,25,24
2025020734,780,even-strength,84,18,FALSE,FALSE,TRUE,TRUE,TRUE,FALSE,0.0110282301902771,8482145,25,24
2025020734,788,even-strength,32,-36,TRUE,FALSE,TRUE,FALSE,FALSE,FALSE,0,8480878,25,24
2025020734,804,power-play,66,16,FALSE,FALSE,TRUE,TRUE,TRUE,FALSE,0.12690842151641846,8480027,25,24
2025020734,813,power-play,84,14,FALSE,FALSE,TRUE,TRUE,TRUE,FALSE,0.1122194528579712,8480027,25,24
2025020734,814,power-play,82,7,FALSE,TRUE,TRUE,TRUE,FALSE,FALSE,0.05148005485534668,8482740,25,24
2025020734,820,power-play,79,-2,FALSE,FALSE,TRUE,FALSE,FALSE,FALSE,0,8478420,25,24
2025020734,856,even-strength,51,38,FALSE,FALSE,TRUE,FALSE,FALSE,FALSE,0,8476278,25,24
2025020734,886,even-strength,74,7,FALSE,FALSE,TRUE,TRUE,FALSE,FALSE,0.07109785079956055,8478449,25,24
2025020734,887,even-strength,87,-9,FALSE,FALSE,TRUE,TRUE,TRUE,FALSE,0.04657649993896484,8475168,25,24
2025020734,922,even-strength,71,-14,FALSE,FALSE,TRUE,FALSE,FALSE,FALSE,0,8475168,25,24
2025020734,928,even-strength,69,8,FALSE,FALSE,TRUE,FALSE,FALSE,FALSE,0,8481581,25,24
2025020734,929,even-strength,78,2,FALSE,TRUE,TRUE,FALSE,FALSE,FALSE,0,8479351,25,24
2025020734,930,even-strength,74,-12,FALSE,TRUE,TRUE,FALSE,FALSE,FALSE,0,8478420,25,24
2025020734,932,even-strength,57,4,FALSE,FALSE,TRUE,TRUE,FALSE,FALSE,0.05159598588943481,8482740,25,24
2025020734,943,even-strength,62,-23,FALSE,FALSE,TRUE,TRUE,TRUE,FALSE,0.04807323217391968,8480950,25,24
2025020734,989,even-strength,74,33,FALSE,FALSE,TRUE,FALSE,FALSE,FALSE,0,8476902,25,24
2025020734,998,even-strength,52,-30,FALSE,FALSE,TRUE,FALSE,FALSE,FALSE,0,8481581,25,24
2025020734,1024,even-strength,43,37,FALSE,FALSE,TRUE,TRUE,FALSE,FALSE,9.97006893157959e-4,8476889,25,24
2025020734,1031,even-strength,71,-2,FALSE,FALSE,TRUE,FALSE,FALSE,FALSE,0,8481581,25,24
2025020734,1039,even-strength,71,17,TRUE,FALSE,TRUE,TRUE,FALSE,FALSE,0.13686829805374146,8480027,25,24
2025020734,1041,even-strength,33,-4,FALSE,FALSE,TRUE,TRUE,TRUE,FALSE,0.04607385396957397,8481581,25,24
2025020734,1042,even-strength,41,1,FALSE,FALSE,TRUE,TRUE,TRUE,FALSE,0.07164359092712402,8481581,25,24
2025020734,1043,even-strength,72,5,FALSE,TRUE,TRUE,TRUE,TRUE,FALSE,0.04381841421127319,8478449,25,24
2025020734,1046,even-strength,71,-9,FALSE,FALSE,TRUE,TRUE,TRUE,TRUE,0.1847323775291443,8478449,25,24
2025020734,1054,even-strength,81,6,FALSE,FALSE,TRUE,TRUE,FALSE,FALSE,0.00249785184860229,8484829,25,24
2025020734,1064,even-strength,73,-3,FALSE,FALSE,TRUE,TRUE,TRUE,FALSE,0.12388896942138672,8478449,25,24
2025020753,59,even-strength,62,-9,FALSE,FALSE,TRUE,TRUE,FALSE,FALSE,0.05035871267318725,8482408,26,24
2025020753,60,even-strength,77,-6,FALSE,TRUE,TRUE,FALSE,FALSE,FALSE,0,8477960,26,24
2025020753,69,even-strength,66,-16,FALSE,FALSE,TRUE,TRUE,TRUE,TRUE,0.18474888801574707,8482124,26,24
2025020753,115,penalty-kill,76,2,FALSE,FALSE,TRUE,TRUE,TRUE,FALSE,0.20915198835221244,8476469,26,24
2025020753,144,even-strength,76,-18,FALSE,FALSE,TRUE,TRUE,FALSE,FALSE,0.11216074228286745,8483406,26,24
2025020753,153,even-strength,82,-4,FALSE,FALSE,TRUE,TRUE,TRUE,FALSE,0.07707816362380981,8477998,26,24
2025020753,155,even-strength,81,-4,FALSE,FALSE,TRUE,TRUE,TRUE,FALSE,0.21948164701461792,8477942,26,24
2025020753,157,even-strength,80,-6,FALSE,TRUE,TRUE,TRUE,FALSE,FALSE,0.17120063304901123,8481532,26,24
2025020753,204,even-strength,78,6,FALSE,FALSE,TRUE,TRUE,FALSE,FALSE,0.07813775539398193,8481732,26,24
2025020753,205,even-strength,80,0,FALSE,TRUE,TRUE,TRUE,TRUE,FALSE,0.06410402059555054,8476469,26,24
2025020753,207,even-strength,79,-3,FALSE,FALSE,TRUE,FALSE,FALSE,FALSE,0,8483808,26,24
2025020753,252,even-strength,83,-29,FALSE,FALSE,TRUE,TRUE,FALSE,FALSE,0.01037299633026123,8482155,26,24
2025020753,265,even-strength,61,19,FALSE,FALSE,TRUE,TRUE,FALSE,FALSE,0.02293068170547485,8477998,26,24
2025020753,282,even-strength,67,-20,FALSE,FALSE,TRUE,TRUE,FALSE,FALSE,0.06693905591964722,8477998,26,24
2025020753,283,even-strength,75,12,FALSE,FALSE,TRUE,TRUE,TRUE,FALSE,0.22558808326721191,8482124,26,24
2025020753,313,even-strength,82,-1,FALSE,FALSE,TRUE,TRUE,TRUE,FALSE,0.17220401763916016,8483808,26,24
2025020753,315,even-strength,40,20,TRUE,FALSE,TRUE,FALSE,FALSE,FALSE,0,8479998,26,24
2025020753,317,even-strength,49,-19,FALSE,FALSE,TRUE,TRUE,TRUE,FALSE,0.03607672452926636,8477942,26,24
2025020753,323,even-strength,75,0,FALSE,FALSE,TRUE,FALSE,FALSE,FALSE,0,8483808,26,24
2025020753,328,even-strength,51,-31,FALSE,FALSE,TRUE,TRUE,FALSE,FALSE,0.01260018348693847,8477960,26,24
2025020753,330,even-strength,80,7,FALSE,TRUE,TRUE,FALSE,FALSE,FALSE,0,8476441,26,24
2025020753,346,even-strength,71,-3,FALSE,FALSE,TRUE,TRUE,TRUE,FALSE,0.06621789932250977,8482124,26,24
2025020753,359,even-strength,84,-7,FALSE,FALSE,TRUE,TRUE,FALSE,FALSE,0.0642746090888977,8477942,26,24
2025020753,360,even-strength,93,-8,FALSE,TRUE,TRUE,TRUE,TRUE,FALSE,0.01079708337783813,8477942,26,24
2025020753,372,power-play,79,12,FALSE,FALSE,TRUE,FALSE,FALSE,FALSE,0,8477960,26,24
2025020753,379,power-play,68,-24,FALSE,FALSE,TRUE,TRUE,TRUE,FALSE,0.07875490188598633,8482124,26,24
2025020753,385,power-play,61,26,FALSE,FALSE,TRUE,TRUE,TRUE,FALSE,0.06349122524261475,8482155,26,24
2025020753,450,even-strength,67,26,FALSE,FALSE,TRUE,TRUE,FALSE,FALSE,0.03774034976959228,8482124,26,24
2025020753,520,even-strength,57,-8,FALSE,FALSE,TRUE,FALSE,FALSE,FALSE,0,8481732,26,24
2025020753,528,even-strength,69,-19,FALSE,FALSE,TRUE,FALSE,FALSE,FALSE,0,8477960,26,24
2025020753,606,power-play,58,-19,FALSE,FALSE,TRUE,FALSE,FALSE,FALSE,0,8477942,26,24
2025020753,617,power-play,54,-22,FALSE,FALSE,TRUE,FALSE,FALSE,FALSE,0,8483406,26,24
2025020753,632,even-strength,55,-20,FALSE,FALSE,TRUE,TRUE,TRUE,FALSE,0.03876262903213501,8476469,26,24
2025020753,637,even-strength,58,11,FALSE,FALSE,TRUE,TRUE,FALSE,FALSE,0.05394995212554931,8477942,26,24
2025020753,652,even-strength,58,-21,FALSE,FALSE,TRUE,TRUE,TRUE,FALSE,0.102428138256073,8482155,26,24
2025020753,653,even-strength,80,-2,FALSE,FALSE,TRUE,FALSE,FALSE,FALSE,0,8482155,26,24
2025020753,658,even-strength,72,3,FALSE,FALSE,TRUE,TRUE,TRUE,FALSE,0.26900482177734375,8476469,26,24
2025020753,672,power-play,54,22,FALSE,FALSE,TRUE,TRUE,FALSE,FALSE,0.07823270559310913,8483808,26,24
2025020753,680,power-play,66,28,FALSE,FALSE,TRUE,TRUE,FALSE,FALSE,0.07780629396438599,8483808,26,24
2025020753,681,power-play,37,-16,FALSE,FALSE,TRUE,TRUE,TRUE,FALSE,0.03730690479278564,8482730,26,24
2025020753,687,power-play,48,10,FALSE,FALSE,TRUE,TRUE,TRUE,FALSE,0.03505128622055054,8474563,26,24
2025020753,698,even-strength,62,9,FALSE,FALSE,TRUE,TRUE,TRUE,TRUE,0.11611127853393556,8476469,26,24
2025020753,715,even-strength,5,-37,FALSE,FALSE,TRUE,TRUE,TRUE,FALSE,0.00121134519577026,8483808,26,24
2025020753,718,even-strength,64,10,FALSE,FALSE,TRUE,TRUE,TRUE,FALSE,0.21382898092269895,8477942,26,24
2025020753,737,even-strength,69,0,FALSE,FALSE,TRUE,FALSE,FALSE,FALSE,0,8482155,26,24
2025020753,752,even-strength,55,1,FALSE,FALSE,TRUE,TRUE,TRUE,FALSE,0.150506854057312,8476469,26,24
2025020753,781,even-strength,52,13,FALSE,FALSE,TRUE,TRUE,TRUE,FALSE,0.05428248643875122,8481732,26,24
2025020753,840,even-strength,77,-11,FALSE,FALSE,TRUE,TRUE,TRUE,FALSE,0.07559657096862793,8481532,26,24
2025020753,852,even-strength,58,-17,FALSE,FALSE,TRUE,FALSE,FALSE,FALSE,0,8476879,26,24
2025020753,854,even-strength,87,-7,FALSE,FALSE,TRUE,TRUE,TRUE,FALSE,0.07329404354095459,8477998,26,24
2025020753,860,even-strength,73,-5,FALSE,FALSE,TRUE,FALSE,FALSE,FALSE,0,8476879,26,24
2025020753,874,even-strength,85,-17,FALSE,FALSE,TRUE,FALSE,FALSE,FALSE,0,8482408,26,24
2025020753,911,even-strength,64,18,FALSE,FALSE,TRUE,TRUE,TRUE,FALSE,0.06712853908538818,8477960,26,24
2025020753,913,even-strength,82,6,FALSE,FALSE,TRUE,TRUE,FALSE,FALSE,0.09193676710128784,8477960,26,24
2025020753,923,even-strength,53,-17,FALSE,FALSE,TRUE,TRUE,TRUE,FALSE,0.03387391567230224,8481532,26,24
2025020753,993,even-strength,81,12,FALSE,FALSE,TRUE,FALSE,FALSE,FALSE,0,8477998,26,24
2025020753,994,even-strength,71,14,FALSE,FALSE,TRUE,FALSE,FALSE,FALSE,0,8479998,26,24
2025020753,1024,even-strength,40,1,FALSE,FALSE,TRUE,TRUE,TRUE,FALSE,0.03707951307296753,8479998,26,24
2025020753,1039,even-strength,6,12,FALSE,FALSE,TRUE,TRUE,FALSE,FALSE,0.00176769495010375,8477960,26,24
2025020753,1055,even-strength,78,-8,FALSE,FALSE,TRUE,FALSE,FALSE,FALSE,0,8483808,26,24
2025020753,1056,even-strength,69,-2,FALSE,FALSE,TRUE,FALSE,FALSE,FALSE,0,8477942,26,24
2025020753,1071,even-strength,53,22,FALSE,FALSE,TRUE,TRUE,FALSE,FALSE,0.03721922636032104,8482730,26,24
2025020753,1121,even-strength,48,-6,FALSE,FALSE,TRUE,TRUE,TRUE,FALSE,0.07493567850782246,8482730,26,24
2025020779,93,even-strength,84,12,FALSE,FALSE,TRUE,TRUE,TRUE,FALSE,0.09286516904830933,8477380,3,24
2025020779,100,even-strength,76,-6,FALSE,FALSE,TRUE,FALSE,FALSE,FALSE,0,8478840,3,24
2025020779,102,even-strength,68,-16,FALSE,FALSE,TRUE,TRUE,FALSE,FALSE,0.17599356174468994,8476459,3,24
2025020779,103,even-strength,30,4,FALSE,FALSE,TRUE,TRUE,TRUE,FALSE,0.03324514627456665,8481525,3,24
2025020779,104,even-strength,43,10,FALSE,FALSE,TRUE,TRUE,TRUE,TRUE,0.05492526292800903,8481525,3,24
2025020779,113,even-strength,64,7,FALSE,FALSE,TRUE,TRUE,TRUE,FALSE,0.17529678344726562,8482109,3,24
2025020779,123,even-strength,58,-8,FALSE,FALSE,TRUE,TRUE,TRUE,FALSE,0.10528069734573364,8480001,3,24
2025020779,124,even-strength,74,-1,FALSE,TRUE,TRUE,TRUE,FALSE,FALSE,0.02360522747039795,8483690,3,24
2025020779,145,even-strength,65,28,FALSE,FALSE,TRUE,TRUE,FALSE,FALSE,0.03108906745910644,8478882,3,24
2025020779,151,even-strength,79,-2,FALSE,TRUE,TRUE,TRUE,TRUE,FALSE,0.3739206790924072,8479390,3,24
2025020779,152,even-strength,69,0,TRUE,FALSE,TRUE,FALSE,FALSE,FALSE,0,8483690,3,24
2025020779,313,even-strength,79,1,FALSE,FALSE,TRUE,TRUE,FALSE,FALSE,0.13464033603668213,8476389,3,24
2025020779,350,even-strength,83,9,FALSE,FALSE,TRUE,FALSE,FALSE,FALSE,0,8476459,3,24
2025020779,414,even-strength,72,-28,FALSE,FALSE,TRUE,TRUE,TRUE,FALSE,0.04293018579483032,8478550,3,24
2025020779,426,penalty-kill,-94,7,FALSE,FALSE,TRUE,TRUE,TRUE,FALSE,0.00260202735569424,8478882,3,24
2025020779,554,power-play,61,-15,FALSE,FALSE,TRUE,TRUE,TRUE,TRUE,0.0922318696975708,8478550,3,24
2025020779,561,even-strength,63,-32,FALSE,FALSE,TRUE,TRUE,TRUE,FALSE,0.02822518348693847,8478550,3,24
2025020779,562,even-strength,71,22,FALSE,TRUE,TRUE,TRUE,FALSE,FALSE,0.01901072263717651,8476389,3,24
2025020779,582,even-strength,77,6,FALSE,FALSE,TRUE,FALSE,FALSE,FALSE,0,8480001,3,24
2025020779,652,even-strength,56,-20,FALSE,FALSE,TRUE,TRUE,TRUE,FALSE,0.05630743503570556,8476459,3,24
2025020779,660,even-strength,81,7,TRUE,FALSE,TRUE,FALSE,FALSE,FALSE,0,8481525,3,24
2025020779,672,even-strength,52,-31,FALSE,FALSE,TRUE,TRUE,FALSE,FALSE,0.02634507417678833,8478840,3,24
2025020779,681,even-strength,34,23,FALSE,FALSE,TRUE,TRUE,TRUE,FALSE,0.02827042341232299,8480001,3,24
2025020779,687,even-strength,31,4,FALSE,FALSE,TRUE,TRUE,FALSE,FALSE,0.01098018884658813,8482073,3,24
2025020779,688,even-strength,81,2,FALSE,FALSE,TRUE,TRUE,FALSE,FALSE,0.06410306692123413,8482109,3,24
2025020779,689,even-strength,81,1,FALSE,FALSE,TRUE,TRUE,TRUE,FALSE,0.09631013870239258,8476389,3,24
2025020779,707,even-strength,83,-1,FALSE,FALSE,TRUE,FALSE,FALSE,FALSE,0,8478840,3,24
2025020779,720,even-strength,62,-39,FALSE,FALSE,TRUE,TRUE,TRUE,FALSE,0.00604373216629028,8482666,3,24
2025020779,726,even-strength,42,10,FALSE,FALSE,TRUE,TRUE,FALSE,FALSE,0.01282447576522827,8478882,3,24
2025020779,727,even-strength,28,40,FALSE,FALSE,TRUE,TRUE,FALSE,FALSE,0.00609701871871948,8478882,3,24
2025020779,747,even-strength,60,33,FALSE,FALSE,TRUE,TRUE,TRUE,FALSE,0.01399433612823486,8482666,3,24
2025020779,781,even-strength,56,1,FALSE,FALSE,TRUE,FALSE,FALSE,FALSE,0,8478550,3,24
2025020779,845,even-strength,72,6,FALSE,FALSE,TRUE,FALSE,FALSE,FALSE,0,8480001,3,24
2025020779,863,power-play,38,-14,FALSE,FALSE,TRUE,TRUE,TRUE,TRUE,0.06189006567001343,8478882,3,24
2025020779,916,even-strength,61,-4,FALSE,FALSE,TRUE,FALSE,FALSE,FALSE,0,8478840,3,24
2025020779,936,even-strength,81,-11,FALSE,FALSE,TRUE,TRUE,FALSE,FALSE,0.04998809099197388,8484210,3,24
2025020779,944,even-strength,48,14,TRUE,FALSE,TRUE,TRUE,FALSE,FALSE,0.03289651870727539,8476389,3,24
2025020779,952,power-play,84,1,FALSE,TRUE,TRUE,TRUE,FALSE,FALSE,0.15517598390579224,8478882,3,24
2025020779,953,even-strength,82,-3,FALSE,FALSE,TRUE,TRUE,FALSE,FALSE,0.11377853155136108,8482109,3,24
2025020779,1005,even-strength,72,-4,FALSE,FALSE,TRUE,TRUE,TRUE,FALSE,0.02907806634902954,8482747,3,24
2025020779,1022,power-play,82,-5,FALSE,FALSE,TRUE,TRUE,TRUE,FALSE,0.1421295404434204,8476468,3,24
2025020779,1028,power-play,79,-10,FALSE,FALSE,TRUE,FALSE,FALSE,FALSE,0,8482666,3,24
2025020779,1036,power-play,71,-13,FALSE,FALSE,TRUE,FALSE,FALSE,FALSE,0,8476468,3,24
2025020779,1037,power-play,86,-5,FALSE,FALSE,TRUE,TRUE,FALSE,FALSE,0.2435494065284729,8476468,3,24
2025020779,1038,power-play,87,8,FALSE,TRUE,TRUE,TRUE,TRUE,FALSE,0.24742120504379272,8476389,3,24
2025020779,1039,power-play,82,0,FALSE,TRUE,TRUE,TRUE,TRUE,FALSE,0.09387356042861938,8478882,3,24
2025020779,1042,power-play,61,-11,FALSE,FALSE,TRUE,TRUE,FALSE,FALSE,0.14502912759780884,8476468,3,24
2025020779,1044,power-play,36,-12,FALSE,FALSE,TRUE,TRUE,TRUE,FALSE,0.04391497373580932,8478550,3,24
2025020779,1075,even-strength,79,-7,TRUE,FALSE,TRUE,FALSE,FALSE,FALSE,0,8476389,3,24
2025020779,1077,even-strength,33,24,FALSE,FALSE,TRUE,FALSE,FALSE,FALSE,0,8478550,3,24
2025020779,1078,even-strength,37,11,FALSE,FALSE,TRUE,TRUE,FALSE,FALSE,0.05829250812530517,8478550,3,24
2025020779,1079,even-strength,81,7,TRUE,FALSE,TRUE,TRUE,TRUE,FALSE,0.1114128828048706,8476468,3,24
2025020779,1085,even-strength,67,15,FALSE,FALSE,TRUE,FALSE,FALSE,FALSE,0,8478550,3,24
2025020789,7,even-strength,65,-11,FALSE,FALSE,TRUE,FALSE,FALSE,FALSE,0,8475754,21,24
2025020789,8,even-strength,79,-4,FALSE,TRUE,TRUE,TRUE,FALSE,FALSE,0.6328873932361603,8482947,21,24
2025020789,12,even-strength,82,-2,FALSE,FALSE,TRUE,TRUE,TRUE,FALSE,0.2076597809791565,8479525,21,24
2025020789,13,even-strength,88,-6,FALSE,TRUE,TRUE,TRUE,TRUE,FALSE,0.05533725023269653,8475754,21,24
2025020789,14,even-strength,88,-6,FALSE,FALSE,TRUE,TRUE,FALSE,FALSE,0.13099027665932247,8480069,21,24
2025020789,143,power-play,65,14,FALSE,FALSE,TRUE,FALSE,FALSE,FALSE,0,8477492,21,24
2025020789,145,power-play,77,-21,FALSE,FALSE,TRUE,TRUE,TRUE,FALSE,0.11031675338745116,8480039,21,24
2025020789,149,power-play,84,-5,FALSE,FALSE,TRUE,TRUE,FALSE,FALSE,0.1135861873626709,8480069,21,24
2025020789,153,power-play,73,9,FALSE,FALSE,TRUE,TRUE,TRUE,FALSE,0.12112873792648315,8478109,21,24
2025020789,154,power-play,36,-11,FALSE,FALSE,TRUE,TRUE,FALSE,FALSE,0.02594304084777832,8480069,21,24
2025020789,155,power-play,64,-10,FALSE,FALSE,TRUE,FALSE,FALSE,FALSE,0,8477492,21,24
2025020789,162,even-strength,70,-29,FALSE,FALSE,TRUE,TRUE,TRUE,FALSE,0.02508902549743652,8479525,21,24
2025020789,168,even-strength,42,-17,FALSE,FALSE,TRUE,TRUE,TRUE,FALSE,0.05007445812225342,8470613,21,24
2025020789,170,even-strength,58,-12,FALSE,FALSE,TRUE,TRUE,FALSE,FALSE,0.05760979652404785,8484149,21,24
2025020789,216,even-strength,59,-32,FALSE,FALSE,TRUE,TRUE,TRUE,FALSE,0.01600503921508789,8484258,21,24
2025020789,222,even-strength,34,-24,FALSE,FALSE,TRUE,TRUE,TRUE,FALSE,0.0202265977859497,8480069,21,24
2025020789,225,even-strength,38,-16,FALSE,FALSE,TRUE,TRUE,TRUE,FALSE,0.00514209270477294,8484258,21,24
2025020789,236,even-strength,89,7,FALSE,FALSE,TRUE,TRUE,FALSE,FALSE,0.04511767625808716,8478109,21,24
2025020789,237,even-strength,31,-4,FALSE,FALSE,TRUE,TRUE,TRUE,FALSE,0.02606344223022461,8470613,21,24
2025020789,370,even-strength,77,6,TRUE,FALSE,TRUE,FALSE,FALSE,FALSE,0,8477476,21,24
2025020789,371,even-strength,64,5,TRUE,FALSE,TRUE,TRUE,TRUE,FALSE,0.13649433851242063,8477476,21,24
2025020789,415,even-strength,59,5,FALSE,FALSE,TRUE,FALSE,FALSE,FALSE,0,8480069,21,24
2025020789,457,even-strength,74,-9,FALSE,FALSE,TRUE,FALSE,FALSE,FALSE,0,8477476,21,24
2025020789,458,even-strength,65,-14,FALSE,TRUE,TRUE,TRUE,FALSE,FALSE,0.03716152906417847,8477476,21,24
2025020789,474,even-strength,82,16,FALSE,FALSE,TRUE,TRUE,FALSE,FALSE,0.0932365655899048,8477492,21,24
2025020789,510,even-strength,80,-3,FALSE,FALSE,TRUE,TRUE,TRUE,FALSE,0.110123872756958,8482953,21,24
2025020789,525,even-strength,33,-5,FALSE,FALSE,TRUE,TRUE,TRUE,FALSE,0.00465810298919677,8484258,21,24
2025020789,529,even-strength,61,10,FALSE,FALSE,TRUE,FALSE,FALSE,FALSE,0,8480069,21,24
2025020789,530,even-strength,75,26,FALSE,FALSE,TRUE,TRUE,TRUE,FALSE,0.03636175394058227,8478109,21,24
2025020789,551,even-strength,66,-33,FALSE,FALSE,TRUE,FALSE,FALSE,FALSE,0,8484258,21,24
2025020789,603,even-strength,85,-19,FALSE,FALSE,TRUE,TRUE,TRUE,FALSE,0.02157634496688842,8479525,21,24
2025020789,609,even-strength,69,18,FALSE,FALSE,TRUE,TRUE,FALSE,FALSE,0.11869412660598756,8477492,21,24
2025020789,611,even-strength,70,6,FALSE,FALSE,TRUE,FALSE,FALSE,FALSE,0,8480039,21,24
2025020789,612,even-strength,67,28,FALSE,FALSE,TRUE,TRUE,TRUE,FALSE,0.01726424694061279,8477492,21,24
2025020789,613,even-strength,65,9,FALSE,FALSE,TRUE,FALSE,FALSE,FALSE,0,8480039,21,24
2025020789,620,even-strength,80,1,FALSE,FALSE,TRUE,TRUE,TRUE,FALSE,0.1466524600982666,8482947,21,24
2025020789,638,even-strength,58,10,FALSE,FALSE,TRUE,TRUE,TRUE,FALSE,0.094854474067688,8470613,21,24
2025020789,656,even-strength,53,0,FALSE,FALSE,TRUE,FALSE,FALSE,FALSE,0,8480835,21,24
2025020789,664,even-strength,41,14,FALSE,FALSE,TRUE,FALSE,FALSE,FALSE,0,8480069,21,24
2025020789,666,even-strength,49,4,TRUE,FALSE,TRUE,TRUE,TRUE,FALSE,0.1023901104927063,8484149,21,24
2025020789,673,even-strength,78,-30,FALSE,FALSE,TRUE,FALSE,FALSE,FALSE,0,8470613,21,24
2025020789,693,even-strength,53,19,FALSE,FALSE,TRUE,TRUE,FALSE,FALSE,0.03130823373794556,8479398,21,24
2025020789,694,even-strength,48,-24,FALSE,FALSE,TRUE,FALSE,FALSE,FALSE,0,8480069,21,24
2025020789,714,even-strength,72,-5,FALSE,FALSE,TRUE,FALSE,FALSE,FALSE,0,8479525,21,24
2025020789,716,even-strength,78,-2,FALSE,FALSE,TRUE,TRUE,TRUE,FALSE,0.11704474687576294,8479525,21,24
2025020789,765,even-strength,70,6,FALSE,FALSE,TRUE,FALSE,FALSE,FALSE,0,8484258,21,24
2025020789,776,even-strength,68,8,FALSE,FALSE,TRUE,TRUE,TRUE,FALSE,0.08426296710968018,8479525,21,24
2025020789,787,power-play,50,8,FALSE,FALSE,TRUE,TRUE,TRUE,FALSE,0.05679190158843994,8480069,21,24
2025020789,794,power-play,68,-16,FALSE,FALSE,TRUE,TRUE,FALSE,FALSE,0.10710656642913818,8475754,21,24
2025020789,807,even-strength,78,-3,FALSE,FALSE,TRUE,TRUE,TRUE,FALSE,0.08676654100418091,8475754,21,24
2025020789,808,even-strength,80,-3,FALSE,TRUE,TRUE,TRUE,FALSE,FALSE,0.06717550754547119,8477501,21,24
2025020789,809,even-strength,75,26,FALSE,FALSE,TRUE,TRUE,TRUE,FALSE,0.02680039405822754,8484258,21,24
2025020789,830,even-strength,81,-1,FALSE,FALSE,TRUE,TRUE,TRUE,FALSE,0.3424183130264282,8484149,21,24
2025020789,836,even-strength,64,0,FALSE,FALSE,TRUE,FALSE,FALSE,FALSE,0,8479398,21,24
2025020789,837,even-strength,67,-25,FALSE,FALSE,TRUE,TRUE,TRUE,FALSE,0.06195062398910522,8480835,21,24
2025020789,838,even-strength,83,3,FALSE,FALSE,TRUE,FALSE,FALSE,FALSE,0,8480069,21,24
2025020789,843,even-strength,63,6,FALSE,FALSE,TRUE,FALSE,FALSE,FALSE,0,8480069,21,24
2025020789,903,even-strength,75,-4,FALSE,FALSE,TRUE,FALSE,FALSE,FALSE,0,8480039,21,24
2025020789,912,even-strength,65,9,FALSE,FALSE,TRUE,FALSE,FALSE,FALSE,0,8470613,21,24
2025020789,913,even-strength,43,-21,FALSE,FALSE,TRUE,TRUE,FALSE,FALSE,0.01546412706375122,8476312,21,24
2025020789,918,even-strength,67,-24,FALSE,FALSE,TRUE,TRUE,TRUE,FALSE,0.01451474428176879,8480835,21,24
2025020789,923,even-strength,45,-15,FALSE,FALSE,TRUE,TRUE,TRUE,FALSE,8.366107940673828e-4,8480069,21,24
2025020789,938,even-strength,56,11,FALSE,FALSE,TRUE,FALSE,FALSE,FALSE,0,8477501,21,24
2025020789,953,even-strength,35,-1,FALSE,FALSE,TRUE,TRUE,TRUE,FALSE,0.02043396234512329,8476312,21,24
2025020789,965,even-strength,76,-7,FALSE,FALSE,TRUE,TRUE,TRUE,FALSE,0.2114291787147522,8475754,21,24
2025020789,980,even-strength,70,-6,FALSE,FALSE,TRUE,FALSE,FALSE,FALSE,0,8476312,21,24
2025020789,989,even-strength,73,-11,FALSE,FALSE,TRUE,FALSE,FALSE,FALSE,0,8480069,21,24
2025020789,990,even-strength,36,15,FALSE,FALSE,TRUE,FALSE,FALSE,FALSE,0,8484258,21,24
2025020789,991,even-strength,77,-7,FALSE,FALSE,TRUE,FALSE,FALSE,FALSE,0,8480069,21,24
2025020789,1053,even-strength,73,7,FALSE,FALSE,TRUE,FALSE,FALSE,FALSE,0,8479398,21,24
2025020789,1073,even-strength,64,-6,FALSE,FALSE,TRUE,TRUE,TRUE,FALSE,0.0492827296257019,8480835,21,24
2025020789,1074,even-strength,78,-1,FALSE,TRUE,TRUE,TRUE,TRUE,FALSE,0.3545299172401428,8480835,21,24
2025020789,1083,even-strength,81,17,FALSE,FALSE,TRUE,TRUE,TRUE,FALSE,0.04845494031906128,8478109,21,24
2025020789,1084,even-strength,67,23,FALSE,FALSE,TRUE,TRUE,TRUE,FALSE,0.09072357416152954,8477492,21,24
2025020789,1093,even-strength,76,-17,FALSE,FALSE,TRUE,TRUE,TRUE,TRUE,0.08047187328338623,8477476,21,24
2025020789,1099,even-strength,66,16,FALSE,FALSE,TRUE,TRUE,TRUE,FALSE,0.1432023048400879,8477476,21,24
2025020789,1105,even-strength,67,-20,FALSE,FALSE,TRUE,TRUE,FALSE,FALSE,0.01396197080612182,8480069,21,24
2025020789,1118,even-strength,65,5,FALSE,FALSE,TRUE,TRUE,FALSE,FALSE,0.04086446762084961,8479525,21,24
2025020789,1144,even-strength,34,-9,FALSE,FALSE,TRUE,TRUE,TRUE,FALSE,0.01416879892349243,8476312,21,24
2025020789,1145,even-strength,31,-11,FALSE,FALSE,TRUE,TRUE,TRUE,FALSE,0.01342850923538208,8476312,21,24
2025020789,1170,even-strength,62,0,FALSE,FALSE,TRUE,TRUE,TRUE,FALSE,0.23670053430275376,8477492,21,24
2025020789,1179,even-strength,63,-1,FALSE,FALSE,TRUE,FALSE,FALSE,FALSE,0,8480069,21,24
2025020789,1184,even-strength,59,-3,FALSE,TRUE,TRUE,TRUE,TRUE,FALSE,0.1731458900077271,8475754,21,24
2025020789,1201,even-strength,81,-8,FALSE,FALSE,TRUE,TRUE,TRUE,FALSE,0.32544160215865897,8480069,21,24
2025020809,55,even-strength,65,4,FALSE,FALSE,TRUE,TRUE,TRUE,FALSE,0.21822315454483032,8482665,55,24
2025020809,90,even-strength,37,22,FALSE,FALSE,TRUE,TRUE,FALSE,FALSE,0.017547607421875,8478407,55,24
2025020809,118,even-strength,69,-9,FALSE,FALSE,TRUE,FALSE,FALSE,FALSE,0,8479324,55,24
2025020809,204,even-strength,57,16,FALSE,TRUE,TRUE,TRUE,FALSE,FALSE,0.04263406991958618,8482665,55,24
2025020809,210,even-strength,60,28,FALSE,FALSE,TRUE,FALSE,FALSE,FALSE,0,8479324,55,24
2025020809,263,even-strength,58,16,FALSE,FALSE,TRUE,TRUE,TRUE,FALSE,0.09567636251449584,8476467,55,24
2025020809,301,even-strength,72,-7,FALSE,FALSE,TRUE,FALSE,FALSE,FALSE,0,8482665,55,24
2025020809,304,even-strength,72,14,FALSE,FALSE,TRUE,TRUE,FALSE,FALSE,0.1336764693260193,8484800,55,24
2025020809,352,power-play,74,-10,FALSE,FALSE,TRUE,FALSE,FALSE,FALSE,0,8477955,55,24
2025020809,354,power-play,75,2,FALSE,FALSE,TRUE,TRUE,FALSE,FALSE,0.1417638063430786,8482665,55,24
2025020809,363,power-play,72,-20,FALSE,FALSE,TRUE,FALSE,FALSE,FALSE,0,8481554,55,24
2025020809,419,even-strength,92,8,FALSE,TRUE,TRUE,TRUE,TRUE,FALSE,0.07882654666900635,8474586,55,24
2025020809,465,even-strength,11,15,FALSE,FALSE,TRUE,TRUE,TRUE,FALSE,5.880594253540039e-4,8477919,55,24
2025020809,487,even-strength,39,41,TRUE,FALSE,TRUE,TRUE,TRUE,FALSE,0.00170379877090454,8480009,55,24
2025020809,496,even-strength,57,-23,FALSE,FALSE,TRUE,TRUE,TRUE,FALSE,0.03459662199020386,8483524,55,24
2025020809,502,even-strength,63,-6,FALSE,FALSE,TRUE,FALSE,FALSE,FALSE,0,8482858,55,24
2025020809,504,even-strength,67,0,FALSE,FALSE,TRUE,TRUE,TRUE,TRUE,0.13457202911376953,8477955,55,24
2025020809,533,even-strength,79,-19,FALSE,FALSE,TRUE,TRUE,TRUE,FALSE,0.03623473644256592,8483524,55,24
2025020809,555,even-strength,29,25,FALSE,FALSE,TRUE,TRUE,TRUE,FALSE,9.03010368347168e-4,8477986,55,24
2025020809,561,even-strength,60,-25,FALSE,FALSE,TRUE,TRUE,FALSE,FALSE,0.04042035341262817,8482874,55,24
2025020809,594,even-strength,72,28,FALSE,FALSE,TRUE,FALSE,FALSE,FALSE,0,8476467,55,24
2025020809,599,even-strength,23,1,FALSE,FALSE,TRUE,TRUE,TRUE,FALSE,5.74946403503418e-4,8477955,55,24
2025020809,628,even-strength,63,38,FALSE,FALSE,TRUE,TRUE,FALSE,FALSE,0.00726109743118286,8477955,55,24
2025020809,733,even-strength,34,-20,FALSE,FALSE,TRUE,TRUE,TRUE,FALSE,0.00463604927062988,8477986,55,24
2025020809,741,even-strength,47,35,FALSE,FALSE,TRUE,TRUE,TRUE,FALSE,3.63469123840332e-4,8478407,55,24
2025020809,774,even-strength,80,18,FALSE,FALSE,TRUE,TRUE,FALSE,FALSE,0.03412955999374389,8484800,55,24
2025020809,775,even-strength,67,23,FALSE,FALSE,TRUE,TRUE,FALSE,FALSE,0.05969125032424927,8482858,55,24
2025020809,781,even-strength,83,10,FALSE,FALSE,TRUE,TRUE,TRUE,TRUE,0.05439752340316772,8475768,55,24
2025020809,788,even-strength,84,2,FALSE,FALSE,TRUE,TRUE,FALSE,FALSE,0.2022770643234253,8482874,55,24
2025020809,797,even-strength,34,-39,FALSE,FALSE,TRUE,TRUE,FALSE,FALSE,0.00877761840820312,8476457,55,24
2025020809,798,even-strength,51,-20,FALSE,FALSE,TRUE,TRUE,FALSE,FALSE,0.05325561761856079,8483524,55,24
2025020809,837,even-strength,57,-27,FALSE,FALSE,TRUE,TRUE,TRUE,FALSE,0.02225297689437866,8482858,55,24
2025020809,876,even-strength,57,-30,FALSE,FALSE,TRUE,TRUE,FALSE,FALSE,0.01637542247772216,8476457,55,24
2025020809,908,even-strength,64,16,FALSE,FALSE,TRUE,TRUE,TRUE,FALSE,0.1023862361907959,8484800,55,24
2025020809,916,even-strength,59,-20,FALSE,FALSE,TRUE,TRUE,TRUE,FALSE,0.05017727613449097,8480009,55,24
2025020809,921,even-strength,67,-28,FALSE,FALSE,TRUE,TRUE,TRUE,FALSE,0.01315438747406005,8481554,55,24
2025020809,926,even-strength,73,5,TRUE,FALSE,TRUE,TRUE,TRUE,FALSE,0.029557466506958,8477955,55,24
2025020809,949,even-strength,50,-40,FALSE,FALSE,TRUE,TRUE,FALSE,FALSE,0.00613349676132202,8482874,55,24
2025020809,951,even-strength,31,24,FALSE,FALSE,TRUE,FALSE,FALSE,FALSE,0,8476457,55,24
2025020809,970,even-strength,66,32,FALSE,FALSE,TRUE,TRUE,FALSE,FALSE,0.01166862249374389,8474586,55,24
2025020809,981,even-strength,53,38,FALSE,FALSE,TRUE,TRUE,TRUE,FALSE,0.00510942935943603,8478407,55,24
2025020809,995,even-strength,47,-10,FALSE,FALSE,TRUE,TRUE,TRUE,FALSE,0.04059803485870361,8480009,55,24
2025020809,996,even-strength,79,5,FALSE,FALSE,TRUE,TRUE,FALSE,FALSE,0.2270575761795044,8480009,55,24
2025020809,997,even-strength,77,-23,TRUE,FALSE,TRUE,FALSE,FALSE,FALSE,0,8477986,55,24
2025020809,1001,even-strength,68,26,FALSE,TRUE,TRUE,FALSE,FALSE,FALSE,0,8478407,55,24
2025020809,1004,even-strength,81,-7,FALSE,FALSE,TRUE,TRUE,FALSE,FALSE,0.03533458709716797,8480009,55,24
2025020809,1028,even-strength,67,14,FALSE,FALSE,TRUE,TRUE,FALSE,FALSE,0.08104801177978516,8482665,55,24
2025020809,1043,even-strength,59,16,FALSE,FALSE,TRUE,TRUE,TRUE,FALSE,0.0555238127708435,8478407,55,24
2025020809,1048,even-strength,73,7,FALSE,FALSE,TRUE,FALSE,FALSE,FALSE,0,8475768,55,24
2025020809,1049,even-strength,91,14,TRUE,TRUE,TRUE,TRUE,TRUE,FALSE,0.01601707935333252,8481554,55,24
2025020824,103,even-strength,45,18,FALSE,FALSE,TRUE,TRUE,TRUE,FALSE,0.00538462400436401,8481068,20,24
2025020824,127,even-strength,72,-22,FALSE,FALSE,TRUE,TRUE,FALSE,FALSE,0.04166358709335327,8480727,20,24
2025020824,136,even-strength,15,3,FALSE,FALSE,TRUE,TRUE,TRUE,FALSE,0.00131779909133911,8482679,20,24
2025020824,140,even-strength,82,-6,FALSE,FALSE,TRUE,TRUE,TRUE,FALSE,0.18896138668060303,8474150,20,24
2025020824,141,even-strength,83,-2,FALSE,TRUE,TRUE,TRUE,TRUE,TRUE,0.3316352963447571,8476456,20,24
2025020824,207,even-strength,59,-22,FALSE,FALSE,TRUE,TRUE,TRUE,FALSE,0.05070173740386963,8476456,20,24
2025020824,208,even-strength,67,19,FALSE,FALSE,TRUE,TRUE,TRUE,FALSE,0.08666753768920898,8484860,20,24
2025020824,209,even-strength,81,1,FALSE,FALSE,TRUE,TRUE,TRUE,FALSE,0.24388468265533447,8476456,20,24
2025020824,232,even-strength,39,5,FALSE,FALSE,TRUE,TRUE,FALSE,FALSE,0.02876234054565429,8480727,20,24
2025020824,235,even-strength,71,5,FALSE,FALSE,TRUE,FALSE,FALSE,FALSE,0,8482679,20,24
2025020824,236,even-strength,78,-1,FALSE,FALSE,TRUE,FALSE,FALSE,FALSE,0,8477346,20,24
2025020824,237,even-strength,76,0,FALSE,FALSE,TRUE,FALSE,FALSE,FALSE,0,8482165,20,24
2025020824,238,even-strength,76,14,FALSE,FALSE,TRUE,TRUE,TRUE,FALSE,0.1620858907699585,8482679,20,24
2025020824,243,even-strength,80,0,FALSE,FALSE,TRUE,TRUE,FALSE,FALSE,0.03955942392349243,8482074,20,24
2025020824,244,even-strength,78,-27,FALSE,FALSE,TRUE,TRUE,TRUE,FALSE,0.0218353271484375,8475172,20,24
2025020824,251,even-strength,48,-23,FALSE,FALSE,TRUE,TRUE,TRUE,TRUE,0.02716064453125,8484150,20,24
2025020824,253,even-strength,70,17,FALSE,FALSE,TRUE,TRUE,TRUE,FALSE,0.13836950063705444,8482165,20,24
2025020824,256,even-strength,90,-5,FALSE,FALSE,TRUE,FALSE,FALSE,FALSE,0,8483609,20,24
2025020824,318,even-strength,64,-7,FALSE,FALSE,TRUE,FALSE,FALSE,FALSE,0,8484150,20,24
2025020824,327,even-strength,52,-24,FALSE,FALSE,TRUE,FALSE,FALSE,FALSE,0,8481068,20,24
2025020824,332,even-strength,72,-35,FALSE,FALSE,TRUE,TRUE,TRUE,FALSE,0.00544476509094238,8477346,20,24
2025020824,349,even-strength,62,-24,FALSE,FALSE,TRUE,TRUE,TRUE,FALSE,0.03541088104248047,8480727,20,24
2025020824,353,even-strength,76,-13,TRUE,FALSE,TRUE,FALSE,FALSE,FALSE,0,8475172,20,24
2025020824,390,even-strength,59,24,FALSE,FALSE,TRUE,TRUE,TRUE,FALSE,0.00756847858428955,8481028,20,24
2025020824,391,even-strength,78,-3,FALSE,TRUE,TRUE,FALSE,FALSE,FALSE,0,8480727,20,24
2025020824,400,even-strength,83,-2,FALSE,FALSE,TRUE,TRUE,TRUE,FALSE,0.12415313720703124,8482074,20,24
2025020824,401,even-strength,80,0,FALSE,TRUE,TRUE,TRUE,TRUE,FALSE,0.05445080995559692,8476456,20,24
2025020824,404,power-play,86,-1,FALSE,TRUE,TRUE,FALSE,FALSE,FALSE,0,8484860,20,24
2025020824,405,power-play,87,-3,FALSE,TRUE,TRUE,TRUE,FALSE,FALSE,0.4032097458839417,8475172,20,24
2025020824,406,power-play,87,8,FALSE,FALSE,TRUE,TRUE,FALSE,FALSE,0.09914565086364746,8484860,20,24
2025020824,409,even-strength,68,0,FALSE,FALSE,TRUE,FALSE,FALSE,FALSE,0,8481068,20,24
2025020824,453,even-strength,78,8,FALSE,FALSE,TRUE,FALSE,FALSE,FALSE,0,8480028,20,24
2025020824,469,penalty-kill,-29,-37,FALSE,FALSE,TRUE,TRUE,TRUE,FALSE,0.00194881216739863,8480727,20,24
2025020824,473,penalty-kill,60,21,FALSE,FALSE,TRUE,TRUE,TRUE,FALSE,0.04676695649155854,8480797,20,24
2025020824,512,even-strength,40,-36,TRUE,FALSE,TRUE,TRUE,TRUE,FALSE,0.00746452808380126,8477346,20,24
2025020824,513,even-strength,65,29,TRUE,TRUE,TRUE,TRUE,FALSE,FALSE,0.02963751554489135,8481028,20,24
2025020824,515,even-strength,28,38,FALSE,FALSE,TRUE,TRUE,TRUE,FALSE,0.00514835119247436,8482165,20,24
2025020824,527,even-strength,74,1,FALSE,FALSE,TRUE,FALSE,FALSE,FALSE,0,8484150,20,24
2025020824,533,even-strength,56,-30,FALSE,FALSE,TRUE,FALSE,FALSE,FALSE,0,8480727,20,24
2025020824,539,even-strength,83,4,FALSE,FALSE,TRUE,TRUE,TRUE,FALSE,0.16495484113693237,8477993,20,24
2025020824,657,even-strength,64,9,FALSE,FALSE,TRUE,TRUE,TRUE,FALSE,0.15204960107803345,8482165,20,24
2025020824,658,even-strength,37,40,TRUE,FALSE,TRUE,TRUE,TRUE,FALSE,0.00110632181167602,8482165,20,24
2025020824,697,even-strength,-37,26,FALSE,FALSE,TRUE,TRUE,TRUE,FALSE,0.00202935934066772,8480860,20,24
2025020824,702,even-strength,66,0,FALSE,FALSE,TRUE,TRUE,FALSE,FALSE,0.06909948587417603,8481068,20,24
2025020824,714,even-strength,67,-6,TRUE,FALSE,TRUE,TRUE,TRUE,FALSE,0.01245361566543579,8482074,20,24
2025020824,743,even-strength,11,10,FALSE,FALSE,TRUE,TRUE,TRUE,FALSE,0.00335317850112915,8474150,20,24
2025020824,797,even-strength,66,29,FALSE,FALSE,TRUE,TRUE,FALSE,FALSE,0.00703275203704834,8474150,20,24
2025020824,812,even-strength,49,-28,FALSE,FALSE,TRUE,TRUE,TRUE,FALSE,0.02986800670623779,8477346,20,24
2025020824,834,penalty-kill,57,-21,FALSE,FALSE,TRUE,TRUE,FALSE,FALSE,0.04176846495056415,8480797,20,24
2025020824,848,penalty-kill,76,1,FALSE,FALSE,TRUE,TRUE,TRUE,FALSE,0.05461939547907767,8480797,20,24
2025020824,883,even-strength,50,41,FALSE,FALSE,TRUE,TRUE,TRUE,FALSE,0.00710129737854003,8481028,20,24
2025020824,885,even-strength,86,-13,TRUE,FALSE,TRUE,TRUE,FALSE,FALSE,0.03652518987655639,8475172,20,24
2025020824,895,even-strength,62,-19,FALSE,FALSE,TRUE,TRUE,TRUE,FALSE,0.08621954917907715,8474150,20,24
2025020824,902,even-strength,36,-8,FALSE,FALSE,TRUE,TRUE,FALSE,FALSE,0.00476366281509399,8484150,20,24
2025020824,903,even-strength,76,29,FALSE,TRUE,TRUE,TRUE,FALSE,FALSE,0.01210695505142212,8477810,20,24
2025020824,914,power-play,82,3,FALSE,FALSE,TRUE,TRUE,TRUE,FALSE,0.16114413738250732,8476456,20,24
2025020824,915,power-play,80,3,FALSE,TRUE,TRUE,FALSE,FALSE,FALSE,0,8484860,20,24
2025020824,921,power-play,85,5,FALSE,FALSE,TRUE,TRUE,TRUE,TRUE,0.1898443102836609,8482679,20,24
2025020824,980,even-strength,83,1,FALSE,FALSE,TRUE,FALSE,FALSE,FALSE,0,8480797,20,24
2025020824,998,even-strength,60,17,TRUE,FALSE,TRUE,TRUE,FALSE,FALSE,0.0156065821647644,8484860,20,24
2025020824,1041,even-strength,71,0,FALSE,FALSE,TRUE,FALSE,FALSE,FALSE,0,8477993,20,24
2025020824,1042,even-strength,63,-20,FALSE,FALSE,TRUE,FALSE,FALSE,FALSE,0,8477346,20,24
2025020824,1063,even-strength,33,-10,FALSE,FALSE,TRUE,TRUE,TRUE,FALSE,0.00881743431091308,8477346,20,24
2025020824,1080,even-strength,52,-2,FALSE,FALSE,TRUE,FALSE,FALSE,FALSE,0,8476456,20,24
2025020824,1139,even-strength,-78,38,FALSE,FALSE,TRUE,TRUE,TRUE,FALSE,0.00187486410140991,8480028,20,24
2025020824,1163,even-strength,43,16,FALSE,FALSE,TRUE,TRUE,FALSE,FALSE,0.03721373653548813,8481068,20,24
2025020824,1180,even-strength,69,-18,FALSE,FALSE,TRUE,TRUE,TRUE,FALSE,0.03632508492654868,8482679,20,24
2025020824,1185,even-strength,71,6,FALSE,FALSE,TRUE,TRUE,FALSE,FALSE,0.18720648335722057,8481068,20,24
2025020855,109,even-strength,74,15,FALSE,FALSE,TRUE,TRUE,FALSE,FALSE,0.16356486082077026,8483499,23,24
2025020855,118,even-strength,71,26,FALSE,FALSE,TRUE,TRUE,FALSE,FALSE,0.03502464294433594,8480012,23,24
2025020855,132,even-strength,82,8,FALSE,FALSE,TRUE,FALSE,FALSE,FALSE,0,8480144,23,24
2025020855,151,even-strength,0,-41,FALSE,FALSE,TRUE,TRUE,TRUE,FALSE,0.00244092941284179,8478498,23,24
2025020855,152,power-play,82,-1,FALSE,TRUE,TRUE,TRUE,TRUE,FALSE,0.0764126181602478,8478498,23,24
2025020855,153,power-play,82,-1,FALSE,TRUE,TRUE,TRUE,TRUE,FALSE,0.06606501340866089,8478498,23,24
2025020855,154,power-play,82,0,FALSE,TRUE,TRUE,TRUE,TRUE,FALSE,0.08160358667373657,8481024,23,24
2025020855,156,even-strength,82,0,FALSE,TRUE,TRUE,TRUE,TRUE,FALSE,0.00659757852554321,8480012,23,24
2025020855,157,even-strength,87,7,FALSE,FALSE,TRUE,TRUE,FALSE,FALSE,0.08106189966201782,8478856,23,24
2025020855,158,even-strength,78,5,FALSE,TRUE,TRUE,FALSE,FALSE,FALSE,0,8480012,23,24
2025020855,159,power-play,62,18,FALSE,TRUE,TRUE,TRUE,TRUE,FALSE,0.04233205318450928,8475169,23,24
2025020855,160,even-strength,70,4,FALSE,FALSE,TRUE,FALSE,FALSE,FALSE,0,8475169,23,24
2025020855,266,even-strength,73,-6,FALSE,FALSE,TRUE,FALSE,FALSE,FALSE,0,8484240,23,24
2025020855,278,even-strength,40,33,FALSE,FALSE,TRUE,TRUE,FALSE,FALSE,0.02237194776535034,8477969,23,24
2025020855,290,even-strength,60,20,FALSE,FALSE,TRUE,TRUE,TRUE,FALSE,0.00552743673324585,8475169,23,24
2025020855,360,power-play,83,-2,FALSE,FALSE,TRUE,TRUE,TRUE,FALSE,0.18394410610198977,8478498,23,24
2025020855,374,power-play,82,-1,FALSE,FALSE,TRUE,FALSE,FALSE,FALSE,0,8483499,23,24
2025020855,375,power-play,79,17,FALSE,TRUE,TRUE,TRUE,FALSE,FALSE,0.2432107925415039,8475169,23,24
2025020855,376,power-play,55,-21,FALSE,FALSE,TRUE,TRUE,TRUE,FALSE,0.06230723857879639,8480078,23,24
2025020855,382,even-strength,43,19,FALSE,FALSE,TRUE,TRUE,TRUE,FALSE,0.02477574348449707,8480144,23,24
2025020855,391,even-strength,-76,-40,FALSE,FALSE,TRUE,TRUE,TRUE,FALSE,0.0010826587677001901,8479425,23,24
2025020855,409,power-play,81,-2,FALSE,FALSE,TRUE,FALSE,FALSE,FALSE,0,8478856,23,24
2025020855,410,power-play,53,15,FALSE,FALSE,TRUE,FALSE,FALSE,FALSE,0,8475169,23,24
2025020855,430,even-strength,77,-21,FALSE,FALSE,TRUE,TRUE,FALSE,FALSE,0.03008002042770385,8478856,23,24
2025020855,438,even-strength,75,-7,FALSE,FALSE,TRUE,TRUE,FALSE,FALSE,0.08015453815460205,8480078,23,24
2025020855,446,even-strength,60,-28,FALSE,FALSE,TRUE,FALSE,FALSE,FALSE,0,8483476,23,24
2025020855,511,even-strength,70,19,FALSE,FALSE,TRUE,FALSE,FALSE,FALSE,0,8474574,23,24
2025020855,513,even-strength,54,-23,FALSE,FALSE,TRUE,FALSE,FALSE,FALSE,0,8478498,23,24
2025020855,518,even-strength,35,-32,FALSE,FALSE,TRUE,TRUE,FALSE,FALSE,0.00307905673980712,8483678,23,24
2025020855,571,even-strength,69,18,FALSE,FALSE,TRUE,FALSE,FALSE,FALSE,0,8480144,23,24
2025020855,601,even-strength,48,-13,FALSE,FALSE,TRUE,TRUE,TRUE,FALSE,0.04584664106369018,8474574,23,24
2025020855,621,even-strength,67,19,FALSE,FALSE,TRUE,TRUE,TRUE,FALSE,0.04388010501861572,8475169,23,24
2025020855,625,even-strength,36,20,FALSE,FALSE,TRUE,TRUE,TRUE,FALSE,0.03931260108947754,8480058,23,24
2025020855,636,even-strength,60,-19,FALSE,FALSE,TRUE,TRUE,TRUE,FALSE,0.01514983177185058,8480144,23,24
2025020855,644,even-strength,31,7,FALSE,FALSE,TRUE,TRUE,FALSE,FALSE,0.01079112291336059,8479425,23,24
2025020855,645,even-strength,76,2,FALSE,FALSE,TRUE,TRUE,TRUE,FALSE,0.05687630176544189,8481024,23,24
2025020855,646,even-strength,29,-12,FALSE,FALSE,TRUE,TRUE,TRUE,FALSE,0.03577136993408203,8479425,23,24
2025020855,647,even-strength,45,21,FALSE,FALSE,TRUE,TRUE,FALSE,FALSE,0.04340177774429321,8483678,23,24
2025020855,649,even-strength,54,-2,FALSE,FALSE,TRUE,FALSE,FALSE,FALSE,0,8479425,23,24
2025020855,683,even-strength,55,30,FALSE,FALSE,TRUE,TRUE,FALSE,FALSE,0.01444017887115478,8475169,23,24
2025020855,684,even-strength,66,-8,FALSE,TRUE,TRUE,FALSE,FALSE,FALSE,0,8474574,23,24
2025020855,685,even-strength,64,30,FALSE,FALSE,TRUE,TRUE,TRUE,FALSE,0.02180433273315429,8474574,23,24
2025020855,736,even-strength,82,-28,FALSE,FALSE,TRUE,TRUE,FALSE,FALSE,0.03443998098373413,8474574,23,24
2025020855,761,even-strength,37,16,FALSE,FALSE,TRUE,TRUE,TRUE,FALSE,0.01263517141342163,8483678,23,24
2025020855,767,even-strength,13,-21,FALSE,FALSE,TRUE,TRUE,TRUE,FALSE,0.00262379646301269,8476927,23,24
2025020855,790,even-strength,55,-31,FALSE,FALSE,TRUE,TRUE,TRUE,FALSE,0.01572245359420776,8478498,23,24
2025020855,796,even-strength,32,26,FALSE,FALSE,TRUE,TRUE,FALSE,FALSE,0.03033488988876342,8483678,23,24
2025020855,809,power-play,38,-6,FALSE,FALSE,TRUE,TRUE,FALSE,FALSE,0.05505996942520141,8479425,23,24
2025020855,812,power-play,54,12,FALSE,FALSE,TRUE,FALSE,FALSE,FALSE,0,8483476,23,24
2025020855,820,power-play,38,-7,FALSE,FALSE,TRUE,TRUE,FALSE,FALSE,0.04041022062301636,8484240,23,24
2025020855,843,even-strength,44,-39,FALSE,FALSE,TRUE,TRUE,TRUE,FALSE,0.00565576553344726,8478856,23,24
2025020855,849,even-strength,57,-21,FALSE,FALSE,TRUE,TRUE,TRUE,FALSE,0.00283247232437133,8478498,23,24
2025020855,850,even-strength,83,21,FALSE,FALSE,TRUE,TRUE,FALSE,FALSE,0.0616304874420166,8482691,23,24
2025020855,874,even-strength,66,37,FALSE,FALSE,TRUE,TRUE,TRUE,FALSE,0.00418853759765625,8480058,23,24
2025020855,884,even-strength,73,10,FALSE,FALSE,TRUE,FALSE,FALSE,FALSE,0,8477969,23,24
2025020855,892,even-strength,65,-6,FALSE,FALSE,TRUE,TRUE,TRUE,TRUE,0.15934085845947266,8482055,23,24
