gameId,eventId,strengthState,xCoordNorm,yCoordNorm,isRush,isRebound,isCorsi,isFenwick,isShot,isGoal,xG,shooterPlayerId
2025020047,55,even-strength,76,21,FALSE,FALSE,TRUE,TRUE,TRUE,FALSE,0.04123508930206299,8477942
2025020047,77,even-strength,48,-26,FALSE,FALSE,TRUE,TRUE,TRUE,FALSE,3.616809844970703e-4,8479675
2025020047,94,even-strength,37,-33,TRUE,FALSE,TRUE,FALSE,FALSE,FALSE,0,8482730
2025020047,155,even-strength,72,22,FALSE,FALSE,TRUE,TRUE,TRUE,FALSE,0.05898904800415039,8477942
2025020047,165,even-strength,64,-16,FALSE,FALSE,TRUE,FALSE,FALSE,FALSE,0,8477960
2025020047,180,even-strength,44,-24,TRUE,TRUE,TRUE,TRUE,TRUE,FALSE,0.02178359031677246,8482155
2025020047,236,penalty-kill,70,-16,FALSE,FALSE,TRUE,TRUE,TRUE,FALSE,0.07422923638353314,8479675
2025020047,251,even-strength,10,3,FALSE,FALSE,TRUE,TRUE,TRUE,FALSE,0.0018330812454223633,8482408
2025020047,252,power-play,68,-4,FALSE,FALSE,TRUE,TRUE,TRUE,FALSE,0.15185266733169556,8476469
2025020047,254,even-strength,79,-3,FALSE,TRUE,TRUE,TRUE,TRUE,FALSE,0.11657339334487915,8482408
2025020047,255,even-strength,61,1,FALSE,FALSE,TRUE,FALSE,FALSE,FALSE,0,8476479
2025020047,256,even-strength,81,6,FALSE,FALSE,TRUE,FALSE,FALSE,FALSE,0,8482155
2025020047,257,even-strength,90,15,FALSE,TRUE,TRUE,TRUE,TRUE,TRUE,0.0994386076927185,8477942
2025020047,258,even-strength,35,-2,FALSE,FALSE,TRUE,TRUE,FALSE,FALSE,0.04599696397781372,8482124
2025020047,259,even-strength,68,6,FALSE,TRUE,TRUE,TRUE,TRUE,TRUE,0.1879943609237671,8477960
2025020047,260,even-strength,86,-10,FALSE,FALSE,TRUE,TRUE,TRUE,FALSE,0.05512017011642456,8476479
2025020047,261,even-strength,85,8,FALSE,FALSE,TRUE,TRUE,FALSE,FALSE,0.1206957255226515,8482730
2025020047,262,power-play,82,-22,FALSE,FALSE,TRUE,TRUE,FALSE,FALSE,0.17339837551116943,8477942
2025020047,263,power-play,57,21,FALSE,FALSE,TRUE,TRUE,FALSE,FALSE,0.14463317394256592,8483808
2025020047,451,even-strength,22,1,FALSE,FALSE,TRUE,TRUE,TRUE,FALSE,0.002655327320098877,8476469
2025020047,456,penalty-kill,73,39,FALSE,FALSE,TRUE,TRUE,FALSE,FALSE,0.004496722072013276,8479675
2025020047,504,even-strength,76,-6,FALSE,FALSE,TRUE,TRUE,TRUE,FALSE,0.02432483434677124,8481532
2025020047,520,even-strength,31,-10,FALSE,FALSE,TRUE,TRUE,FALSE,FALSE,0.0382196307182312,8483808
2025020047,538,even-strength,57,20,TRUE,FALSE,TRUE,TRUE,FALSE,FALSE,0.06140333414077759,8477960
2025020047,553,power-play,38,15,FALSE,FALSE,TRUE,TRUE,TRUE,FALSE,0.018961310386657715,8477960
2025020047,563,power-play,79,-1,FALSE,FALSE,TRUE,FALSE,FALSE,FALSE,0,8474563
2025020047,564,power-play,72,13,FALSE,FALSE,TRUE,FALSE,FALSE,FALSE,0,8482155
2025020047,581,even-strength,84,2,FALSE,FALSE,TRUE,TRUE,TRUE,FALSE,0.31568843126296997,8481532
2025020047,593,even-strength,32,-34,FALSE,FALSE,TRUE,TRUE,FALSE,FALSE,0.010970592498779297,8476469
2025020047,599,even-strength,68,6,FALSE,FALSE,TRUE,TRUE,TRUE,FALSE,0.02667975425720215,8471685
2025020047,605,even-strength,65,-4,TRUE,FALSE,TRUE,TRUE,FALSE,FALSE,0.22069072723388672,8479675
2025020047,618,even-strength,81,-5,FALSE,FALSE,TRUE,TRUE,TRUE,FALSE,0.10602664947509766,8477998
2025020047,665,even-strength,76,30,FALSE,FALSE,TRUE,TRUE,TRUE,FALSE,0.011848151683807373,8477960
2025020047,666,even-strength,71,-24,FALSE,FALSE,TRUE,TRUE,TRUE,FALSE,0.042657434940338135,8471685
2025020047,690,even-strength,72,-3,FALSE,FALSE,TRUE,FALSE,FALSE,FALSE,0,8476469
2025020047,729,even-strength,79,14,FALSE,FALSE,TRUE,TRUE,FALSE,FALSE,0.01659393310546875,8477942
2025020047,733,even-strength,74,-2,FALSE,FALSE,TRUE,FALSE,FALSE,FALSE,0,8482155
2025020047,746,even-strength,79,3,FALSE,FALSE,TRUE,TRUE,TRUE,FALSE,0.12291419506072998,8481532
2025020047,751,even-strength,63,41,FALSE,FALSE,TRUE,TRUE,FALSE,FALSE,0.005982518196105957,8477998
2025020047,758,even-strength,28,20,FALSE,FALSE,TRUE,TRUE,TRUE,FALSE,0.007254302501678467,8477960
2025020047,766,even-strength,77,-1,FALSE,FALSE,TRUE,FALSE,FALSE,FALSE,0,8476441
2025020047,767,even-strength,64,-4,FALSE,FALSE,TRUE,FALSE,FALSE,FALSE,0,8471685
2025020047,775,even-strength,54,-11,FALSE,FALSE,TRUE,TRUE,FALSE,FALSE,0.08506542444229126,8482124
2025020047,785,even-strength,71,-35,FALSE,FALSE,TRUE,TRUE,TRUE,FALSE,0.02169126272201538,8476441
2025020047,791,even-strength,80,25,FALSE,FALSE,TRUE,TRUE,TRUE,FALSE,0.007119297981262207,8477998
2025020047,793,even-strength,50,-34,FALSE,FALSE,TRUE,TRUE,TRUE,FALSE,0.00697636604309082,8479675
2025020047,796,even-strength,42,-30,FALSE,FALSE,TRUE,TRUE,FALSE,FALSE,0.0028238296508789062,8476879
2025020047,821,even-strength,75,-9,FALSE,FALSE,TRUE,FALSE,FALSE,FALSE,0,8482730
2025020047,823,even-strength,64,6,FALSE,FALSE,TRUE,TRUE,TRUE,FALSE,0.14668947458267212,8477942
2025020047,849,power-play,58,21,FALSE,FALSE,TRUE,TRUE,TRUE,FALSE,0.0910537838935852,8477960
2025020047,854,power-play,61,-3,FALSE,FALSE,TRUE,TRUE,TRUE,TRUE,0.1585184931755066,8482124
2025020047,878,even-strength,69,0,FALSE,FALSE,TRUE,TRUE,TRUE,FALSE,0.12969887256622314,8479998
2025020047,933,even-strength,68,-6,FALSE,FALSE,TRUE,FALSE,FALSE,FALSE,0,8476879
2025020047,975,even-strength,41,-17,FALSE,FALSE,TRUE,TRUE,TRUE,FALSE,0.017406761646270752,8482730
2025020047,1013,even-strength,59,-27,FALSE,FALSE,TRUE,TRUE,TRUE,FALSE,0.02619856595993042,8474563
2025020047,1025,even-strength,62,13,FALSE,FALSE,TRUE,TRUE,TRUE,FALSE,0.1327146291732788,8477942
2025020047,1029,even-strength,81,-1,FALSE,FALSE,TRUE,FALSE,FALSE,FALSE,0,8474563
2025020047,1060,even-strength,65,0,FALSE,FALSE,TRUE,FALSE,FALSE,FALSE,0,8477960
2025020047,1062,even-strength,60,-18,FALSE,FALSE,TRUE,TRUE,FALSE,FALSE,0.10898619890213013,8477942
2025020047,1070,power-play,44,3,FALSE,FALSE,TRUE,TRUE,TRUE,FALSE,0.08977305889129639,8477942
2025020047,1071,power-play,66,23,FALSE,FALSE,TRUE,TRUE,TRUE,FALSE,0.11242210865020752,8483808
2025020047,1072,power-play,60,-9,FALSE,FALSE,TRUE,TRUE,TRUE,FALSE,0.1896979808807373,8477942
2025020047,1073,power-play,77,-20,FALSE,FALSE,TRUE,TRUE,FALSE,FALSE,0.21351641416549683,8477960
2025020081,112,even-strength,84,-9,FALSE,FALSE,TRUE,TRUE,TRUE,FALSE,0.06892269849777222,8478439
2025020081,113,even-strength,83,-3,FALSE,TRUE,TRUE,FALSE,FALSE,FALSE,0,8484387
2025020081,124,even-strength,75,-20,FALSE,FALSE,TRUE,TRUE,FALSE,FALSE,0.04698818922042847,8480015
2025020081,125,even-strength,47,28,FALSE,TRUE,TRUE,FALSE,FALSE,FALSE,0,8481546
2025020081,126,even-strength,66,18,FALSE,FALSE,TRUE,TRUE,FALSE,FALSE,0.07334071397781372,8481546
2025020081,128,even-strength,50,16,FALSE,FALSE,TRUE,FALSE,FALSE,FALSE,0,8481533
2025020081,145,even-strength,70,12,FALSE,FALSE,TRUE,FALSE,FALSE,FALSE,0,8481546
2025020081,189,even-strength,61,-13,FALSE,FALSE,TRUE,TRUE,TRUE,FALSE,0.06359374523162842,8480220
2025020081,200,even-strength,55,-6,FALSE,FALSE,TRUE,FALSE,FALSE,FALSE,0,8480015
2025020081,225,even-strength,77,-20,FALSE,FALSE,TRUE,TRUE,FALSE,FALSE,0.03924858570098877,8481533
2025020081,233,even-strength,59,-17,FALSE,FALSE,TRUE,TRUE,FALSE,FALSE,0.06825143098831177,8481546
2025020081,234,even-strength,64,-13,FALSE,FALSE,TRUE,TRUE,TRUE,FALSE,0.17376142740249634,8477948
2025020081,257,even-strength,70,21,FALSE,FALSE,TRUE,FALSE,FALSE,FALSE,0,8482142
2025020081,271,even-strength,71,-31,FALSE,FALSE,TRUE,FALSE,FALSE,FALSE,0,8482159
2025020081,286,even-strength,72,1,FALSE,FALSE,TRUE,TRUE,TRUE,FALSE,0.10784107446670532,8484387
2025020081,348,even-strength,75,-8,FALSE,FALSE,TRUE,TRUE,FALSE,FALSE,0.28751009702682495,8480015
2025020081,349,even-strength,83,-2,FALSE,FALSE,TRUE,TRUE,TRUE,FALSE,0.13039493560791016,8477989
2025020081,351,even-strength,88,-36,FALSE,FALSE,TRUE,TRUE,FALSE,FALSE,0.012323856353759766,8480015
2025020081,354,even-strength,96,-6,FALSE,FALSE,TRUE,TRUE,TRUE,TRUE,0.059257328510284424,8480015
2025020081,459,power-play,72,-26,FALSE,FALSE,TRUE,TRUE,TRUE,FALSE,0.058284878730773926,8484387
2025020081,463,power-play,77,-17,FALSE,FALSE,TRUE,FALSE,FALSE,FALSE,0,8484387
2025020081,473,power-play,58,-19,FALSE,FALSE,TRUE,TRUE,FALSE,FALSE,0.06091684103012085,8481533
2025020081,474,power-play,82,-3,FALSE,FALSE,TRUE,FALSE,FALSE,FALSE,0,8481533
2025020081,482,even-strength,78,3,FALSE,FALSE,TRUE,FALSE,FALSE,FALSE,0,8481546
2025020081,505,even-strength,36,37,FALSE,FALSE,TRUE,TRUE,FALSE,FALSE,0.006523191928863525,8476372
2025020081,770,even-strength,69,-3,FALSE,FALSE,TRUE,TRUE,FALSE,FALSE,0.04970663785934448,8480015
2025020081,779,even-strength,59,-33,FALSE,FALSE,TRUE,TRUE,TRUE,FALSE,0.012152552604675293,8480015
2025020081,781,even-strength,28,-6,FALSE,FALSE,TRUE,TRUE,TRUE,FALSE,0.032186686992645264,8476372
2025020081,797,even-strength,84,-7,FALSE,FALSE,TRUE,TRUE,FALSE,FALSE,0.07704997062683105,8480220
2025020081,817,even-strength,83,-6,FALSE,FALSE,TRUE,TRUE,TRUE,FALSE,0.015989601612091064,8477989
2025020081,819,even-strength,78,10,FALSE,FALSE,TRUE,TRUE,FALSE,FALSE,0.1173321008682251,8481533
2025020081,820,even-strength,48,15,FALSE,FALSE,TRUE,TRUE,TRUE,FALSE,8.487701416015625e-4,8480015
2025020081,826,even-strength,31,-14,FALSE,FALSE,TRUE,TRUE,TRUE,FALSE,0.014926254749298096,8478439
2025020081,847,even-strength,55,22,FALSE,FALSE,TRUE,FALSE,FALSE,FALSE,0,8476461
2025020081,872,power-play,68,-19,FALSE,FALSE,TRUE,TRUE,FALSE,FALSE,0.10799866914749146,8480220
2025020081,876,even-strength,75,2,FALSE,FALSE,TRUE,TRUE,FALSE,FALSE,0.08899301290512085,8481553
2025020081,877,even-strength,79,4,FALSE,FALSE,TRUE,FALSE,FALSE,FALSE,0,8481546
2025020081,883,even-strength,58,13,FALSE,FALSE,TRUE,FALSE,FALSE,FALSE,0,8477948
2025020081,892,even-strength,50,24,TRUE,FALSE,TRUE,TRUE,FALSE,FALSE,0.011572182178497314,8477948
2025020081,921,even-strength,71,10,FALSE,FALSE,TRUE,TRUE,TRUE,FALSE,0.24708938598632812,8476461
2025020081,934,even-strength,38,-24,FALSE,FALSE,TRUE,FALSE,FALSE,FALSE,0,8481178
2025020081,952,even-strength,52,-9,FALSE,FALSE,TRUE,TRUE,TRUE,FALSE,0.12770897150039673,8480015
2025020081,968,even-strength,61,15,FALSE,FALSE,TRUE,FALSE,FALSE,FALSE,0,8481553
2025020081,984,even-strength,56,-21,FALSE,FALSE,TRUE,TRUE,TRUE,FALSE,0.026176750659942627,8482159
2025020081,985,even-strength,84,-8,FALSE,TRUE,TRUE,TRUE,TRUE,FALSE,0.021742820739746094,8481553
2025020081,1048,even-strength,77,-11,FALSE,FALSE,TRUE,TRUE,TRUE,FALSE,0.13962006568908691,8482159
2025020081,1049,even-strength,64,-18,FALSE,FALSE,TRUE,TRUE,TRUE,FALSE,0.094776451587677,8480220
2025020081,1071,even-strength,45,8,FALSE,FALSE,TRUE,FALSE,FALSE,FALSE,0,8477948
2025020081,1075,even-strength,62,-14,FALSE,FALSE,TRUE,TRUE,TRUE,FALSE,0.04306185245513916,8480015
2025020081,1099,even-strength,31,-28,TRUE,FALSE,TRUE,TRUE,TRUE,FALSE,0.016031622886657715,8477948
2025020081,1149,even-strength,64,-3,FALSE,FALSE,TRUE,TRUE,TRUE,TRUE,0.17454636345156888,8480220
2025020142,72,even-strength,26,-22,FALSE,FALSE,TRUE,TRUE,TRUE,FALSE,0.011568784713745117,8479576
2025020142,78,even-strength,31,34,FALSE,FALSE,TRUE,TRUE,TRUE,FALSE,0.012912869453430176,8484806
2025020142,153,power-play,76,-10,FALSE,FALSE,TRUE,TRUE,TRUE,FALSE,0.10046684741973877,8482667
2025020142,155,power-play,85,-8,FALSE,FALSE,TRUE,TRUE,TRUE,TRUE,0.11410742998123169,8482667
2025020142,201,even-strength,48,-12,FALSE,FALSE,TRUE,FALSE,FALSE,FALSE,0,8484801
2025020142,202,penalty-kill,-41,27,FALSE,FALSE,TRUE,TRUE,TRUE,FALSE,0.0012168013062983484,8477505
2025020142,203,even-strength,86,-3,FALSE,TRUE,TRUE,TRUE,TRUE,TRUE,0.5712792277336121,8485402
2025020142,204,even-strength,85,5,FALSE,FALSE,TRUE,TRUE,TRUE,FALSE,0.30938225984573364,8480043
2025020142,206,even-strength,56,-27,FALSE,FALSE,TRUE,TRUE,TRUE,FALSE,0.02606356143951416,8475726
2025020142,207,even-strength,85,-4,FALSE,FALSE,TRUE,TRUE,TRUE,FALSE,0.15947455167770386,8480798
2025020142,208,even-strength,77,-5,FALSE,FALSE,TRUE,TRUE,TRUE,FALSE,0.10258501768112183,8484801
2025020142,209,power-play,39,-1,FALSE,FALSE,TRUE,TRUE,FALSE,FALSE,0.059928178787231445,8480043
2025020142,210,even-strength,87,28,FALSE,FALSE,TRUE,FALSE,FALSE,FALSE,0,8476624
2025020142,301,power-play,83,6,FALSE,TRUE,TRUE,TRUE,TRUE,FALSE,0.06333434581756592,8484227
2025020142,302,even-strength,70,-19,FALSE,FALSE,TRUE,TRUE,FALSE,FALSE,0.06692743301391602,8484227
2025020142,304,even-strength,81,2,FALSE,TRUE,TRUE,TRUE,TRUE,FALSE,0.07090747356414795,8484227
2025020142,353,even-strength,73,19,FALSE,FALSE,TRUE,TRUE,TRUE,FALSE,0.00967186689376831,8476624
2025020142,356,even-strength,31,24,FALSE,FALSE,TRUE,TRUE,TRUE,FALSE,0.018632471561431885,8479983
2025020142,357,even-strength,45,26,TRUE,FALSE,TRUE,FALSE,FALSE,FALSE,0,8479983
2025020142,362,even-strength,63,-2,FALSE,FALSE,TRUE,TRUE,FALSE,FALSE,0.055546581745147705,8482667
2025020142,374,even-strength,65,-17,FALSE,FALSE,TRUE,TRUE,FALSE,FALSE,0.09052592515945435,8484227
2025020142,375,even-strength,61,38,FALSE,FALSE,TRUE,TRUE,FALSE,FALSE,0.004806578159332275,8475726
2025020142,376,even-strength,66,-3,FALSE,FALSE,TRUE,FALSE,FALSE,FALSE,0,8475726
2025020142,420,even-strength,73,11,FALSE,FALSE,TRUE,FALSE,FALSE,FALSE,0,8477505
2025020142,435,even-strength,79,14,FALSE,FALSE,TRUE,FALSE,FALSE,FALSE,0,8485402
2025020142,446,even-strength,56,35,FALSE,FALSE,TRUE,TRUE,TRUE,FALSE,0.006972610950469971,8480798
2025020142,455,even-strength,41,3,FALSE,FALSE,TRUE,TRUE,TRUE,FALSE,0.046118974685668945,8475726
2025020142,467,even-strength,53,-29,FALSE,FALSE,TRUE,TRUE,TRUE,FALSE,0.02477961778640747,8479576
2025020142,564,even-strength,84,-6,FALSE,FALSE,TRUE,TRUE,FALSE,FALSE,0.0034275054931640625,8482667
2025020142,584,even-strength,51,16,FALSE,FALSE,TRUE,FALSE,FALSE,FALSE,0,8484227
2025020142,595,even-strength,77,4,FALSE,FALSE,TRUE,TRUE,FALSE,FALSE,0.30411744117736816,8484911
2025020142,598,even-strength,79,0,FALSE,FALSE,TRUE,FALSE,FALSE,FALSE,0,8480043
2025020142,601,even-strength,55,25,FALSE,FALSE,TRUE,FALSE,FALSE,FALSE,0,8475200
2025020142,610,even-strength,76,-3,FALSE,FALSE,TRUE,TRUE,TRUE,TRUE,0.21904873847961426,8482667
2025020142,615,even-strength,85,2,FALSE,FALSE,TRUE,TRUE,TRUE,TRUE,0.2007204294204712,8471817
2025020142,626,even-strength,46,3,TRUE,FALSE,TRUE,TRUE,TRUE,FALSE,0.002044200897216797,8482861
2025020142,673,even-strength,68,12,FALSE,FALSE,TRUE,FALSE,FALSE,FALSE,0,8484806
2025020142,735,even-strength,64,-12,FALSE,FALSE,TRUE,FALSE,FALSE,FALSE,0,8484227
2025020142,736,even-strength,74,0,FALSE,TRUE,TRUE,TRUE,TRUE,FALSE,0.17763423919677734,8484801
2025020142,800,power-play,67,-6,FALSE,FALSE,TRUE,FALSE,FALSE,FALSE,0,8485402
2025020142,814,power-play,66,-5,FALSE,FALSE,TRUE,FALSE,FALSE,FALSE,0,8484801
2025020142,816,power-play,80,-10,FALSE,FALSE,TRUE,TRUE,TRUE,FALSE,0.1345807909965515,8482667
2025020142,817,power-play,71,0,FALSE,FALSE,TRUE,TRUE,TRUE,TRUE,0.16403234004974365,8475726
2025020142,846,even-strength,52,22,FALSE,FALSE,TRUE,FALSE,FALSE,FALSE,0,8475200
2025020142,854,even-strength,67,19,FALSE,FALSE,TRUE,TRUE,TRUE,FALSE,0.06669008731842041,8475726
2025020142,998,even-strength,64,13,FALSE,FALSE,TRUE,TRUE,TRUE,TRUE,0.18848777092754562,8484801
2025020228,78,even-strength,47,-32,FALSE,FALSE,TRUE,TRUE,TRUE,FALSE,0.029510200023651123,8475151
2025020228,79,even-strength,80,21,FALSE,FALSE,TRUE,TRUE,TRUE,FALSE,0.03791618347167969,8477950
2025020228,92,power-play,67,24,FALSE,FALSE,TRUE,TRUE,TRUE,FALSE,0.057059407234191895,8485366
2025020228,95,power-play,60,-20,FALSE,FALSE,TRUE,TRUE,TRUE,FALSE,0.08811599016189575,8475151
2025020228,101,even-strength,72,-7,FALSE,FALSE,TRUE,FALSE,FALSE,FALSE,0,8482476
2025020228,102,even-strength,80,-27,FALSE,FALSE,TRUE,TRUE,FALSE,FALSE,0.025775790214538574,8475151
2025020228,159,even-strength,43,8,FALSE,FALSE,TRUE,TRUE,TRUE,FALSE,0.013508141040802002,8477500
2025020228,166,even-strength,33,29,FALSE,FALSE,TRUE,TRUE,FALSE,FALSE,0.009482204914093018,8476917
2025020228,192,even-strength,77,-20,FALSE,FALSE,TRUE,FALSE,FALSE,FALSE,0,8476429
2025020228,262,even-strength,63,25,FALSE,FALSE,TRUE,TRUE,TRUE,FALSE,0.01979881525039673,8477407
2025020228,263,even-strength,80,4,FALSE,TRUE,TRUE,TRUE,TRUE,FALSE,0.022331058979034424,8475231
2025020228,279,even-strength,57,-9,FALSE,FALSE,TRUE,TRUE,TRUE,FALSE,0.008396446704864502,8482476
2025020228,361,even-strength,42,12,FALSE,FALSE,TRUE,FALSE,FALSE,FALSE,0,8475314
2025020228,366,even-strength,85,6,FALSE,FALSE,TRUE,FALSE,FALSE,FALSE,0,8477407
2025020228,396,even-strength,79,10,FALSE,FALSE,TRUE,TRUE,TRUE,FALSE,0.061624348163604736,8476419
2025020228,506,even-strength,52,27,FALSE,FALSE,TRUE,TRUE,TRUE,FALSE,0.02484261989593506,8477500
2025020228,507,even-strength,70,-13,FALSE,FALSE,TRUE,FALSE,FALSE,FALSE,0,8477407
2025020228,517,even-strength,59,-8,FALSE,FALSE,TRUE,FALSE,FALSE,FALSE,0,8478445
2025020228,530,even-strength,77,-24,FALSE,FALSE,TRUE,TRUE,FALSE,FALSE,0.05398428440093994,8481601
2025020228,544,even-strength,78,-9,FALSE,FALSE,TRUE,FALSE,FALSE,FALSE,0,8477506
2025020228,563,even-strength,55,-40,FALSE,FALSE,TRUE,TRUE,TRUE,FALSE,0.0103834867477417,8476429
2025020228,577,even-strength,55,30,FALSE,FALSE,TRUE,TRUE,TRUE,FALSE,0.013969182968139648,8476917
2025020228,579,even-strength,75,3,FALSE,TRUE,TRUE,TRUE,TRUE,FALSE,0.24536484479904175,8482476
2025020228,580,even-strength,78,-5,FALSE,FALSE,TRUE,TRUE,TRUE,TRUE,0.23775571584701538,8482476
2025020228,616,power-play,63,20,FALSE,FALSE,TRUE,TRUE,TRUE,FALSE,0.09303885698318481,8477500
2025020228,624,power-play,41,16,FALSE,FALSE,TRUE,TRUE,TRUE,FALSE,0.03318989276885986,8477950
2025020228,628,power-play,81,-2,FALSE,FALSE,TRUE,TRUE,TRUE,FALSE,0.1503733992576599,8475314
2025020228,663,even-strength,58,-7,FALSE,FALSE,TRUE,FALSE,FALSE,FALSE,0,8481237
2025020228,679,even-strength,80,14,FALSE,FALSE,TRUE,TRUE,TRUE,FALSE,0.03464394807815552,8476419
2025020228,789,even-strength,56,-21,FALSE,FALSE,TRUE,TRUE,TRUE,FALSE,0.04714095592498779,8475151
2025020228,803,even-strength,52,-18,FALSE,FALSE,TRUE,TRUE,FALSE,FALSE,0.044414520263671875,8484221
2025020228,805,even-strength,86,-8,FALSE,FALSE,TRUE,TRUE,TRUE,TRUE,0.07458716630935669,8476419
2025020228,814,even-strength,82,-2,FALSE,FALSE,TRUE,FALSE,FALSE,FALSE,0,8476917
2025020228,815,even-strength,43,-4,FALSE,FALSE,TRUE,TRUE,FALSE,FALSE,0.03004288673400879,8485366
2025020228,816,even-strength,83,7,FALSE,FALSE,TRUE,TRUE,TRUE,FALSE,0.18372058868408203,8477500
2025020228,874,even-strength,49,10,FALSE,FALSE,TRUE,TRUE,FALSE,FALSE,0.025506317615509033,8476917
2025020228,957,even-strength,72,-5,FALSE,FALSE,TRUE,FALSE,FALSE,FALSE,0,8481237
2025020228,967,even-strength,44,-7,FALSE,FALSE,TRUE,TRUE,TRUE,FALSE,0.023237168788909912,8475314
2025020228,968,even-strength,76,-7,FALSE,FALSE,TRUE,FALSE,FALSE,FALSE,0,8477506
2025020228,978,even-strength,73,10,FALSE,FALSE,TRUE,TRUE,TRUE,FALSE,0.07274651527404785,8482476
2025020228,1013,even-strength,57,12,FALSE,FALSE,TRUE,FALSE,FALSE,FALSE,0,8481014
2025020228,1061,even-strength,65,27,FALSE,FALSE,TRUE,TRUE,TRUE,FALSE,0.007665872573852539,8482476
2025020228,1115,even-strength,61,22,FALSE,FALSE,TRUE,TRUE,FALSE,FALSE,0.06518203020095825,8485366
2025020228,1124,even-strength,82,-1,FALSE,FALSE,TRUE,TRUE,TRUE,FALSE,0.2535051107406616,8484221
2025020228,1128,even-strength,53,-33,FALSE,FALSE,TRUE,TRUE,TRUE,FALSE,0.011833548545837402,8477506
2025020228,1133,even-strength,77,8,FALSE,FALSE,TRUE,TRUE,TRUE,FALSE,0.050644874572753906,8475231
2025020249,60,even-strength,38,39,FALSE,FALSE,TRUE,TRUE,TRUE,FALSE,0.004918694496154785,8480860
2025020249,64,even-strength,79,-8,FALSE,TRUE,TRUE,TRUE,FALSE,FALSE,0.14001566171646118,8475172
2025020249,80,even-strength,36,30,FALSE,FALSE,TRUE,TRUE,FALSE,FALSE,0.014370501041412354,8483609
2025020249,81,even-strength,57,13,FALSE,FALSE,TRUE,FALSE,FALSE,FALSE,0,8479066
2025020249,83,even-strength,57,8,FALSE,FALSE,TRUE,TRUE,TRUE,FALSE,0.07729899883270264,8482074
2025020249,101,even-strength,84,-6,FALSE,FALSE,TRUE,TRUE,TRUE,FALSE,0.14356958866119385,8480860
2025020249,102,even-strength,70,-12,FALSE,FALSE,TRUE,FALSE,FALSE,FALSE,0,8480797
2025020249,103,even-strength,59,14,FALSE,FALSE,TRUE,FALSE,FALSE,FALSE,0,8477810
2025020249,106,even-strength,85,4,FALSE,FALSE,TRUE,TRUE,TRUE,FALSE,0.08279174566268921,8476456
2025020249,107,even-strength,67,-15,FALSE,FALSE,TRUE,TRUE,TRUE,FALSE,0.08969008922576904,8481068
2025020249,108,even-strength,88,-6,FALSE,FALSE,TRUE,TRUE,TRUE,FALSE,0.03263044357299805,8474150
2025020249,109,even-strength,36,-34,FALSE,FALSE,TRUE,TRUE,TRUE,FALSE,0.009002089500427246,8477346
2025020249,110,even-strength,35,-29,FALSE,FALSE,TRUE,FALSE,FALSE,FALSE,0,8477346
2025020249,111,even-strength,92,-5,FALSE,TRUE,TRUE,TRUE,FALSE,FALSE,0.010196089744567871,8474150
2025020249,178,even-strength,29,-40,FALSE,FALSE,TRUE,TRUE,TRUE,FALSE,0.005747616291046143,8474150
2025020249,185,even-strength,53,-19,FALSE,FALSE,TRUE,TRUE,TRUE,FALSE,0.0022928714752197266,8480028
2025020249,199,even-strength,66,17,FALSE,FALSE,TRUE,TRUE,TRUE,FALSE,0.09143942594528198,8475172
2025020249,258,even-strength,79,6,FALSE,FALSE,TRUE,TRUE,FALSE,FALSE,0.09625518321990967,8479066
2025020249,268,even-strength,57,31,FALSE,FALSE,TRUE,TRUE,TRUE,FALSE,0.01784193515777588,8482165
2025020249,269,even-strength,35,-18,FALSE,FALSE,TRUE,TRUE,TRUE,FALSE,0.024791598320007324,8481167
2025020249,270,even-strength,36,17,FALSE,FALSE,TRUE,TRUE,TRUE,FALSE,0.03865402936935425,8482165
2025020249,272,even-strength,71,-20,FALSE,FALSE,TRUE,FALSE,FALSE,FALSE,0,8481167
2025020249,330,even-strength,46,0,TRUE,FALSE,TRUE,TRUE,FALSE,FALSE,0.062006592750549316,8476399
2025020249,406,even-strength,46,0,FALSE,FALSE,TRUE,TRUE,FALSE,FALSE,0.03561180830001831,8483609
2025020249,420,even-strength,64,19,FALSE,FALSE,TRUE,TRUE,TRUE,FALSE,0.028182625770568848,8482679
2025020249,426,even-strength,63,-28,FALSE,FALSE,TRUE,TRUE,TRUE,FALSE,0.02931112051010132,8476456
2025020249,432,even-strength,84,-1,FALSE,FALSE,TRUE,FALSE,FALSE,FALSE,0,8476399
2025020249,487,even-strength,68,33,FALSE,FALSE,TRUE,TRUE,TRUE,FALSE,0.012233376502990723,8475172
2025020249,488,even-strength,35,6,FALSE,FALSE,TRUE,TRUE,TRUE,FALSE,0.0511135458946228,8477346
2025020249,500,even-strength,69,15,FALSE,FALSE,TRUE,FALSE,FALSE,FALSE,0,8481167
2025020249,551,even-strength,32,1,FALSE,FALSE,TRUE,TRUE,FALSE,FALSE,0.02343696355819702,8481167
2025020249,558,even-strength,72,9,FALSE,FALSE,TRUE,TRUE,TRUE,FALSE,0.08991581201553345,8483609
2025020249,563,even-strength,75,-4,FALSE,FALSE,TRUE,FALSE,FALSE,FALSE,0,8477346
2025020249,625,even-strength,64,-18,FALSE,FALSE,TRUE,FALSE,FALSE,FALSE,0,8480797
2025020249,635,even-strength,83,-4,FALSE,FALSE,TRUE,TRUE,FALSE,FALSE,0.17468738555908203,8482679
2025020249,657,even-strength,85,-14,FALSE,FALSE,TRUE,TRUE,FALSE,FALSE,0.06163891383186081,8475172
2025020249,676,even-strength,50,-9,FALSE,FALSE,TRUE,TRUE,FALSE,FALSE,0.018458962440490723,8484180
2025020249,678,even-strength,73,-30,FALSE,FALSE,TRUE,FALSE,FALSE,FALSE,0,8481167
2025020249,679,even-strength,45,10,FALSE,FALSE,TRUE,FALSE,FALSE,FALSE,0,8474150
2025020249,681,even-strength,27,1,FALSE,FALSE,TRUE,TRUE,TRUE,FALSE,0.04280000925064087,8481167
2025020249,682,even-strength,39,-28,FALSE,FALSE,TRUE,FALSE,FALSE,FALSE,0,8476399
2025020249,700,even-strength,58,-19,FALSE,FALSE,TRUE,TRUE,TRUE,FALSE,0.05187743902206421,8482679
2025020249,739,even-strength,86,-11,FALSE,FALSE,TRUE,TRUE,TRUE,FALSE,0.04444253444671631,8484180
2025020249,744,even-strength,66,12,FALSE,FALSE,TRUE,FALSE,FALSE,FALSE,0,8477810
2025020249,788,even-strength,48,40,TRUE,FALSE,TRUE,TRUE,TRUE,FALSE,0.005447447299957275,8477810
2025020249,793,even-strength,40,32,FALSE,FALSE,TRUE,TRUE,TRUE,FALSE,0.0032932162284851074,8477346
2025020249,794,even-strength,61,22,FALSE,FALSE,TRUE,FALSE,FALSE,FALSE,0,8482679
2025020249,795,even-strength,36,-1,FALSE,FALSE,TRUE,TRUE,TRUE,FALSE,0.023599863052368164,8477346
2025020249,837,even-strength,71,1,FALSE,FALSE,TRUE,FALSE,FALSE,FALSE,0,8481167
2025020249,843,even-strength,52,3,FALSE,FALSE,TRUE,FALSE,FALSE,FALSE,0,8482679
2025020249,847,even-strength,28,-13,FALSE,FALSE,TRUE,TRUE,FALSE,FALSE,0.01731973886489868,8477810
2025020249,848,even-strength,51,13,FALSE,FALSE,TRUE,TRUE,TRUE,FALSE,0.07489293813705444,8482679
2025020249,849,even-strength,47,-20,FALSE,FALSE,TRUE,TRUE,TRUE,FALSE,0.06199657917022705,8477346
2025020249,855,even-strength,52,-27,FALSE,FALSE,TRUE,FALSE,FALSE,FALSE,0,8478397
2025020249,856,even-strength,82,-15,FALSE,FALSE,TRUE,TRUE,TRUE,FALSE,0.07285332679748535,8478397
2025020249,864,even-strength,77,-6,FALSE,FALSE,TRUE,FALSE,FALSE,FALSE,0,8477346
2025020249,881,even-strength,57,-10,TRUE,FALSE,TRUE,TRUE,TRUE,FALSE,0.044026970863342285,8482679
2025020249,882,even-strength,66,-18,FALSE,FALSE,TRUE,TRUE,TRUE,FALSE,0.08013206720352173,8482679
2025020249,901,even-strength,33,-19,FALSE,FALSE,TRUE,TRUE,TRUE,FALSE,0.06281602382659912,8481167
2025020249,907,even-strength,76,23,FALSE,FALSE,TRUE,TRUE,FALSE,FALSE,0.02798086404800415,8481068
2025020249,919,even-strength,86,-19,FALSE,FALSE,TRUE,TRUE,TRUE,FALSE,0.02656787633895874,8474150
2025020249,936,power-play,82,-7,FALSE,FALSE,TRUE,TRUE,TRUE,FALSE,0.11560124158859253,8475172
2025020249,943,power-play,78,2,FALSE,FALSE,TRUE,FALSE,FALSE,FALSE,0,8478397
2025020249,970,even-strength,33,9,FALSE,FALSE,TRUE,TRUE,TRUE,FALSE,0.004599034786224365,8477346
2025020249,986,even-strength,44,31,FALSE,FALSE,TRUE,TRUE,FALSE,FALSE,0.015971243381500244,8475172
2025020249,987,even-strength,69,-14,FALSE,FALSE,TRUE,FALSE,FALSE,FALSE,0,8475172
2025020249,995,power-play,86,-5,FALSE,FALSE,TRUE,TRUE,FALSE,FALSE,0.20699471235275269,8476456
2025020249,1013,even-strength,60,12,FALSE,FALSE,TRUE,FALSE,FALSE,FALSE,0,8481068
2025020249,1038,even-strength,29,0,FALSE,FALSE,TRUE,TRUE,TRUE,FALSE,0.024201929569244385,8481068
2025020249,1048,even-strength,53,-12,FALSE,FALSE,TRUE,TRUE,TRUE,FALSE,0.06339353322982788,8476456
2025020249,1052,even-strength,50,-10,FALSE,FALSE,TRUE,FALSE,FALSE,FALSE,0,8477346
2025020249,1057,even-strength,35,10,FALSE,FALSE,TRUE,TRUE,FALSE,FALSE,0.039927661418914795,8478397
2025020249,1060,even-strength,65,-28,FALSE,FALSE,TRUE,TRUE,TRUE,FALSE,0.04146552085876465,8475172
2025020249,1068,even-strength,35,-20,TRUE,FALSE,TRUE,TRUE,FALSE,FALSE,0.026991844177246094,8480860
2025020249,1073,even-strength,77,-8,FALSE,FALSE,TRUE,FALSE,FALSE,FALSE,0,8477346
2025020249,1074,even-strength,74,-6,FALSE,FALSE,TRUE,FALSE,FALSE,FALSE,0,8482679
2025020284,96,even-strength,49,23,FALSE,FALSE,TRUE,TRUE,TRUE,FALSE,0.03524047136306763,8482803
2025020284,152,even-strength,55,-1,FALSE,FALSE,TRUE,TRUE,FALSE,FALSE,0.0904005765914917,8484762
2025020284,181,even-strength,68,-30,FALSE,FALSE,TRUE,FALSE,FALSE,FALSE,0,8483490
2025020284,189,even-strength,58,-20,FALSE,FALSE,TRUE,TRUE,TRUE,FALSE,0.0428617000579834,8482178
2025020284,215,even-strength,43,-39,TRUE,FALSE,TRUE,TRUE,TRUE,FALSE,0.002207159996032715,8481563
2025020284,225,penalty-kill,54,14,FALSE,FALSE,TRUE,TRUE,TRUE,FALSE,0.07422533721019815,8478873
2025020284,227,penalty-kill,83,4,TRUE,FALSE,TRUE,TRUE,FALSE,FALSE,0.09256425673908737,8481605
2025020284,284,even-strength,78,-25,FALSE,FALSE,TRUE,FALSE,FALSE,FALSE,0,8484762
2025020284,289,even-strength,32,-30,FALSE,FALSE,TRUE,TRUE,TRUE,FALSE,1.6570091247558594e-4,8476885
2025020284,297,even-strength,79,-25,FALSE,FALSE,TRUE,TRUE,TRUE,FALSE,0.02299213409423828,8476458
2025020284,319,even-strength,48,32,FALSE,FALSE,TRUE,FALSE,FALSE,FALSE,0,8477527
2025020284,334,even-strength,51,28,FALSE,FALSE,TRUE,TRUE,TRUE,FALSE,0.018273115158081055,8483445
2025020284,417,even-strength,51,-39,FALSE,FALSE,TRUE,TRUE,TRUE,FALSE,0.010771751403808594,8481563
2025020284,458,even-strength,29,-39,FALSE,FALSE,TRUE,TRUE,FALSE,FALSE,0.004321038722991943,8476885
2025020284,459,even-strength,33,37,FALSE,FALSE,TRUE,TRUE,FALSE,FALSE,0.011208415031433105,8483445
2025020284,460,even-strength,78,7,FALSE,FALSE,TRUE,TRUE,FALSE,FALSE,0.08978676795959473,8484762
2025020284,469,even-strength,85,-33,FALSE,FALSE,TRUE,TRUE,FALSE,FALSE,0.019592463970184326,8482178
2025020284,499,even-strength,42,18,FALSE,FALSE,TRUE,TRUE,TRUE,FALSE,0.011175096035003662,8484153
2025020284,501,even-strength,52,-37,FALSE,FALSE,TRUE,TRUE,TRUE,FALSE,0.015189409255981445,8476885
2025020284,527,even-strength,56,22,FALSE,FALSE,TRUE,FALSE,FALSE,FALSE,0,8482803
2025020284,539,penalty-kill,84,-10,FALSE,FALSE,TRUE,TRUE,TRUE,FALSE,0.08790675900558505,8484153
2025020284,549,penalty-kill,56,-18,FALSE,FALSE,TRUE,FALSE,FALSE,FALSE,0,8478366
2025020284,563,even-strength,78,6,FALSE,FALSE,TRUE,TRUE,TRUE,FALSE,0.2939828038215637,8482745
2025020284,578,even-strength,48,-24,FALSE,FALSE,TRUE,TRUE,TRUE,FALSE,0.02511119842529297,8481605
2025020284,584,even-strength,76,13,FALSE,FALSE,TRUE,TRUE,TRUE,FALSE,0.17781925201416016,8473986
2025020284,598,even-strength,42,-6,FALSE,FALSE,TRUE,TRUE,TRUE,FALSE,0.0647420883178711,8476885
2025020284,610,even-strength,59,18,FALSE,FALSE,TRUE,TRUE,TRUE,FALSE,0.06243091821670532,8483445
2025020284,641,even-strength,52,10,FALSE,FALSE,TRUE,TRUE,FALSE,FALSE,0.08065658807754517,8483490
2025020284,643,even-strength,44,12,FALSE,FALSE,TRUE,TRUE,FALSE,FALSE,0.029576480388641357,8484153
2025020284,648,even-strength,32,33,FALSE,FALSE,TRUE,TRUE,TRUE,FALSE,0.020003974437713623,8478424
2025020284,651,even-strength,60,16,FALSE,FALSE,TRUE,TRUE,FALSE,FALSE,0.1332540512084961,8482178
2025020284,652,even-strength,45,7,FALSE,FALSE,TRUE,FALSE,FALSE,FALSE,0,8482178
2025020284,720,even-strength,64,-7,FALSE,FALSE,TRUE,TRUE,TRUE,FALSE,0.18864983320236206,8478366
2025020284,739,even-strength,66,-17,FALSE,FALSE,TRUE,TRUE,TRUE,FALSE,0.15550267696380615,8484762
2025020284,801,even-strength,82,5,FALSE,TRUE,TRUE,TRUE,TRUE,FALSE,0.19567638635635376,8476458
2025020284,863,even-strength,45,23,FALSE,FALSE,TRUE,TRUE,TRUE,FALSE,0.02495652437210083,8484762
2025020284,881,power-play,79,-2,FALSE,FALSE,TRUE,TRUE,FALSE,FALSE,0.13542324304580688,8478873
2025020284,882,power-play,60,-24,FALSE,FALSE,TRUE,TRUE,TRUE,FALSE,0.06043177843093872,8483445
2025020284,883,power-play,39,-2,FALSE,FALSE,TRUE,TRUE,TRUE,FALSE,0.06164419651031494,8481605
2025020284,911,power-play,61,23,TRUE,FALSE,TRUE,TRUE,FALSE,FALSE,0.056353986263275146,8478873
2025020284,932,even-strength,81,31,FALSE,FALSE,TRUE,TRUE,FALSE,FALSE,0.005350053310394287,8478366
2025020284,952,penalty-kill,64,41,TRUE,FALSE,TRUE,TRUE,TRUE,FALSE,0.013680267923657086,8481754
2025020284,976,even-strength,49,-11,FALSE,FALSE,TRUE,TRUE,TRUE,FALSE,0.053007304668426514,8484762
2025020284,979,even-strength,70,8,FALSE,FALSE,TRUE,FALSE,FALSE,FALSE,0,8482803
2025020284,986,even-strength,70,-16,FALSE,FALSE,TRUE,TRUE,TRUE,FALSE,0.14701217412948608,8482745
2025020284,1057,even-strength,74,24,FALSE,FALSE,TRUE,TRUE,FALSE,FALSE,0.07349193096160889,8484153
2025020284,1067,even-strength,81,0,FALSE,FALSE,TRUE,TRUE,TRUE,FALSE,0.11166584491729736,8476458
2025020284,1075,even-strength,62,19,FALSE,FALSE,TRUE,TRUE,TRUE,FALSE,0.02220737934112549,8478366
2025020317,55,even-strength,55,-33,FALSE,FALSE,TRUE,TRUE,TRUE,FALSE,0.016181886196136475,8476921
2025020317,60,even-strength,68,-5,FALSE,FALSE,TRUE,FALSE,FALSE,FALSE,0,8482911
2025020317,64,even-strength,40,-22,FALSE,FALSE,TRUE,TRUE,FALSE,FALSE,0.005810737609863281,8482911
2025020317,90,even-strength,51,-16,FALSE,FALSE,TRUE,TRUE,TRUE,FALSE,0.027504146099090576,8475791
2025020317,102,even-strength,67,-17,FALSE,FALSE,TRUE,FALSE,FALSE,FALSE,0,8482809
2025020317,103,even-strength,83,-5,FALSE,TRUE,TRUE,TRUE,TRUE,FALSE,0.1323907971382141,8475791
2025020317,104,even-strength,81,6,FALSE,FALSE,TRUE,TRUE,TRUE,FALSE,0.2203148603439331,8473533
2025020317,105,even-strength,45,10,FALSE,FALSE,TRUE,FALSE,FALSE,FALSE,0,8476906
2025020317,167,even-strength,65,-25,FALSE,FALSE,TRUE,FALSE,FALSE,FALSE,0,8480336
2025020317,180,even-strength,37,-28,FALSE,FALSE,TRUE,TRUE,TRUE,FALSE,0.008670210838317871,8476422
2025020317,183,even-strength,78,-6,FALSE,FALSE,TRUE,FALSE,FALSE,FALSE,0,8482809
2025020317,196,even-strength,27,9,FALSE,FALSE,TRUE,TRUE,FALSE,FALSE,0.02633136510848999,8476906
2025020317,265,even-strength,85,7,FALSE,FALSE,TRUE,TRUE,TRUE,FALSE,0.05487525463104248,8482093
2025020317,286,power-play,64,-1,FALSE,FALSE,TRUE,TRUE,TRUE,FALSE,0.12361514568328857,8482702
2025020317,287,power-play,38,-10,FALSE,FALSE,TRUE,TRUE,TRUE,FALSE,0.055866539478302,8480817
2025020317,292,power-play,77,16,FALSE,FALSE,TRUE,FALSE,FALSE,FALSE,0,8477940
2025020317,293,power-play,72,-24,FALSE,FALSE,TRUE,TRUE,FALSE,FALSE,0.07723361253738403,8480830
2025020317,294,power-play,66,-1,FALSE,FALSE,TRUE,FALSE,FALSE,FALSE,0,8476906
2025020317,356,even-strength,43,-38,FALSE,FALSE,TRUE,TRUE,TRUE,FALSE,0.0062323808670043945,8476921
2025020317,357,even-strength,56,39,FALSE,TRUE,TRUE,TRUE,FALSE,FALSE,0.01294398307800293,8480817
2025020317,358,even-strength,60,-18,FALSE,FALSE,TRUE,TRUE,FALSE,FALSE,0.02530062198638916,8477478
2025020317,373,even-strength,83,9,FALSE,TRUE,TRUE,FALSE,FALSE,FALSE,0,8475791
2025020317,379,even-strength,51,-35,FALSE,FALSE,TRUE,TRUE,TRUE,FALSE,0.0091286301612854,8482911
2025020317,391,even-strength,57,30,FALSE,FALSE,TRUE,TRUE,TRUE,FALSE,0.017095088958740234,8478427
2025020317,397,even-strength,68,25,FALSE,FALSE,TRUE,TRUE,TRUE,FALSE,0.06497842073440552,8476422
2025020317,401,even-strength,76,18,FALSE,FALSE,TRUE,FALSE,FALSE,FALSE,0,8482809
2025020317,402,even-strength,67,-17,FALSE,FALSE,TRUE,TRUE,FALSE,FALSE,0.1470692753791809,8477940
2025020317,403,even-strength,79,17,FALSE,FALSE,TRUE,FALSE,FALSE,FALSE,0,8475791
2025020317,404,even-strength,73,-24,TRUE,FALSE,TRUE,TRUE,FALSE,FALSE,0.01634359359741211,8477478
2025020317,456,even-strength,51,-17,FALSE,FALSE,TRUE,TRUE,TRUE,FALSE,0.03834056854248047,8480762
2025020317,461,even-strength,45,-35,FALSE,FALSE,TRUE,TRUE,TRUE,FALSE,0.004265248775482178,8480336
2025020317,477,even-strength,75,7,FALSE,FALSE,TRUE,FALSE,FALSE,FALSE,0,8482093
2025020317,500,even-strength,67,-31,FALSE,FALSE,TRUE,TRUE,TRUE,FALSE,0.01965630054473877,8478427
2025020317,505,even-strength,52,12,FALSE,FALSE,TRUE,TRUE,FALSE,FALSE,0.05407589673995972,8480336
2025020317,535,power-play,76,-4,FALSE,FALSE,TRUE,FALSE,FALSE,FALSE,0,8476906
2025020317,542,power-play,64,-2,TRUE,FALSE,TRUE,TRUE,FALSE,FALSE,0.08110368251800537,8482702
2025020317,548,even-strength,57,0,FALSE,FALSE,TRUE,TRUE,TRUE,FALSE,0.029234588146209717,8482702
2025020317,561,even-strength,81,8,FALSE,FALSE,TRUE,TRUE,TRUE,FALSE,0.11928194761276245,8477478
2025020317,581,even-strength,47,24,FALSE,FALSE,TRUE,TRUE,TRUE,FALSE,5.898475646972656e-4,8480830
2025020317,587,even-strength,49,0,FALSE,FALSE,TRUE,TRUE,TRUE,FALSE,0.0022859573364257812,8480336
2025020317,588,even-strength,28,37,FALSE,TRUE,TRUE,TRUE,TRUE,FALSE,0.008380889892578125,8476906
2025020317,594,even-strength,44,0,FALSE,FALSE,TRUE,TRUE,FALSE,FALSE,0.05250054597854614,8476921
2025020317,595,even-strength,83,-16,FALSE,TRUE,TRUE,FALSE,FALSE,FALSE,0,8482911
2025020317,598,even-strength,70,-12,TRUE,FALSE,TRUE,FALSE,FALSE,FALSE,0,8473533
2025020317,599,even-strength,33,-32,FALSE,FALSE,TRUE,TRUE,TRUE,FALSE,0.010997414588928223,8482911
2025020317,600,even-strength,59,38,FALSE,FALSE,TRUE,TRUE,TRUE,FALSE,0.006384849548339844,8476921
2025020317,602,even-strength,75,-5,FALSE,FALSE,TRUE,TRUE,FALSE,FALSE,0.08905446529388428,8476921
2025020317,612,even-strength,80,-15,FALSE,FALSE,TRUE,TRUE,FALSE,FALSE,0.040293216705322266,8476873
2025020317,624,penalty-kill,-2,40,FALSE,FALSE,TRUE,TRUE,FALSE,FALSE,0.0015524788535045434,8476921
2025020317,639,even-strength,67,-1,FALSE,FALSE,TRUE,TRUE,TRUE,FALSE,0.10398995876312256,8482702
2025020317,650,even-strength,56,34,FALSE,FALSE,TRUE,TRUE,TRUE,FALSE,0.011831939220428467,8476422
2025020317,651,even-strength,67,10,FALSE,FALSE,TRUE,TRUE,FALSE,FALSE,0.004623889923095703,8482809
2025020317,654,even-strength,61,-13,FALSE,FALSE,TRUE,TRUE,FALSE,FALSE,0.0732465386390686,8480336
2025020317,655,even-strength,27,37,TRUE,FALSE,TRUE,TRUE,FALSE,FALSE,0.006150543689727783,8476906
2025020317,668,even-strength,61,-21,FALSE,FALSE,TRUE,FALSE,FALSE,FALSE,0,8476422
2025020317,669,even-strength,49,31,FALSE,FALSE,TRUE,TRUE,TRUE,FALSE,0.012399435043334961,8477478
2025020317,693,even-strength,82,-7,FALSE,FALSE,TRUE,TRUE,TRUE,TRUE,0.06932926177978516,8482809
2025020317,720,even-strength,43,-20,FALSE,FALSE,TRUE,FALSE,FALSE,FALSE,0,8476422
2025020317,724,even-strength,82,1,FALSE,FALSE,TRUE,FALSE,FALSE,FALSE,0,8480817
2025020317,742,even-strength,49,0,FALSE,FALSE,TRUE,TRUE,TRUE,FALSE,0.060052335262298584,8482702
2025020317,743,even-strength,72,-18,FALSE,TRUE,TRUE,TRUE,TRUE,FALSE,0.04185009002685547,8482702
2025020317,745,even-strength,78,1,FALSE,FALSE,TRUE,FALSE,FALSE,FALSE,0,8480336
2025020317,747,even-strength,86,8,FALSE,FALSE,TRUE,TRUE,TRUE,FALSE,0.16571170091629028,8482702
2025020317,761,even-strength,41,6,FALSE,FALSE,TRUE,TRUE,TRUE,FALSE,0.04205602407455444,8480830
2025020317,786,even-strength,80,-19,FALSE,FALSE,TRUE,TRUE,TRUE,FALSE,0.0455356240272522,8480336
2025020317,805,even-strength,88,-24,FALSE,FALSE,TRUE,TRUE,FALSE,FALSE,0.018630385398864746,8480336
2025020317,806,even-strength,80,-2,FALSE,TRUE,TRUE,TRUE,TRUE,FALSE,0.10678672790527344,8478427
2025020317,829,even-strength,42,-11,FALSE,FALSE,TRUE,FALSE,FALSE,FALSE,0,8482100
2025020317,830,even-strength,49,25,FALSE,FALSE,TRUE,TRUE,FALSE,FALSE,0.024668335914611816,8480336
2025020317,841,even-strength,79,-1,FALSE,FALSE,TRUE,TRUE,FALSE,FALSE,0.09815245866775513,8482702
2025020317,842,even-strength,55,0,FALSE,FALSE,TRUE,TRUE,TRUE,FALSE,0.06983399391174316,8476906
2025020317,845,even-strength,47,-23,FALSE,FALSE,TRUE,TRUE,FALSE,FALSE,0.019220173358917236,8476906
2025020317,849,even-strength,61,-22,FALSE,FALSE,TRUE,TRUE,TRUE,FALSE,0.04163569211959839,8480830
2025020317,857,even-strength,62,17,FALSE,FALSE,TRUE,TRUE,TRUE,TRUE,0.07134830951690674,8478427
2025020317,885,even-strength,71,-22,FALSE,FALSE,TRUE,TRUE,TRUE,FALSE,0.07711827754974365,8482911
2025020317,890,even-strength,57,14,FALSE,FALSE,TRUE,TRUE,TRUE,FALSE,0.07694721221923828,8480336
2025020317,968,even-strength,39,-36,FALSE,FALSE,TRUE,TRUE,TRUE,FALSE,0.008225500583648682,8482911
2025020317,974,even-strength,64,16,FALSE,FALSE,TRUE,FALSE,FALSE,FALSE,0,8480336
2025020317,976,even-strength,51,-37,FALSE,FALSE,TRUE,TRUE,TRUE,FALSE,0.0056528449058532715,8477940
2025020317,993,even-strength,77,21,FALSE,FALSE,TRUE,TRUE,TRUE,FALSE,0.05522489547729492,8478427
2025020317,1003,even-strength,60,-20,FALSE,FALSE,TRUE,FALSE,FALSE,FALSE,0,8480336
2025020317,1004,even-strength,66,-34,FALSE,FALSE,TRUE,FALSE,FALSE,FALSE,0,8480336
2025020317,1009,even-strength,48,-7,FALSE,FALSE,TRUE,FALSE,FALSE,FALSE,0,8477940
2025020317,1018,even-strength,84,34,FALSE,FALSE,TRUE,TRUE,FALSE,FALSE,0.022783756256103516,8480817
2025020317,1020,even-strength,76,9,FALSE,FALSE,TRUE,FALSE,FALSE,FALSE,0,8480830
2025020317,1037,even-strength,81,3,FALSE,FALSE,TRUE,FALSE,FALSE,FALSE,0,8476906
2025020317,1038,even-strength,59,40,FALSE,FALSE,TRUE,TRUE,TRUE,FALSE,0.027863144874572754,8477940
2025020317,1039,even-strength,84,-4,FALSE,FALSE,TRUE,TRUE,TRUE,TRUE,0.15338879823684692,8482809
2025020317,1047,even-strength,78,-10,FALSE,FALSE,TRUE,FALSE,FALSE,FALSE,0,8477478
2025020317,1048,even-strength,86,-9,FALSE,FALSE,TRUE,TRUE,TRUE,FALSE,0.08018207550048828,8473533
2025020317,1053,even-strength,83,8,FALSE,FALSE,TRUE,FALSE,FALSE,FALSE,0,8480830
2025020317,1069,even-strength,64,25,FALSE,FALSE,TRUE,TRUE,FALSE,FALSE,0.12210542930927026,8477940
2025020317,1073,even-strength,65,9,FALSE,FALSE,TRUE,FALSE,FALSE,FALSE,0,8480830
2025020317,1075,even-strength,73,4,FALSE,FALSE,TRUE,TRUE,TRUE,FALSE,0.28341823903078156,8482809
2025020317,1089,even-strength,65,3,FALSE,FALSE,TRUE,TRUE,TRUE,FALSE,0.21713094515988113,8482809
2025020348,78,even-strength,26,-8,FALSE,FALSE,TRUE,TRUE,TRUE,FALSE,0.004560410976409912,8476525
2025020348,80,even-strength,54,8,TRUE,FALSE,TRUE,FALSE,FALSE,FALSE,0,8477504
2025020348,81,even-strength,45,-32,TRUE,TRUE,TRUE,TRUE,FALSE,FALSE,0.0042577385902404785,8476525
2025020348,87,even-strength,74,-16,TRUE,FALSE,TRUE,TRUE,TRUE,FALSE,0.028500676155090332,8473604
2025020348,95,even-strength,66,32,FALSE,FALSE,TRUE,TRUE,TRUE,FALSE,0.006301760673522949,8480289
2025020348,97,even-strength,77,-8,FALSE,FALSE,TRUE,TRUE,TRUE,FALSE,0.049480557441711426,8480113
2025020348,102,even-strength,63,3,FALSE,FALSE,TRUE,TRUE,FALSE,FALSE,0.12108951807022095,8480014
2025020348,118,even-strength,58,11,FALSE,FALSE,TRUE,FALSE,FALSE,FALSE,0,8475799
2025020348,126,even-strength,56,40,FALSE,FALSE,TRUE,TRUE,TRUE,FALSE,0.00468069314956665,8475799
2025020348,127,even-strength,76,-7,FALSE,FALSE,TRUE,FALSE,FALSE,FALSE,0,8474679
2025020348,138,even-strength,76,-12,FALSE,FALSE,TRUE,TRUE,TRUE,FALSE,0.04259306192398071,8480014
2025020348,149,even-strength,45,-14,FALSE,FALSE,TRUE,FALSE,FALSE,FALSE,0,8476525
2025020348,151,even-strength,51,-7,FALSE,FALSE,TRUE,FALSE,FALSE,FALSE,0,8476331
2025020348,154,even-strength,74,7,FALSE,FALSE,TRUE,FALSE,FALSE,FALSE,0,8482149
2025020348,160,even-strength,54,0,FALSE,FALSE,TRUE,FALSE,FALSE,FALSE,0,8480049
2025020348,201,even-strength,85,-4,FALSE,FALSE,TRUE,TRUE,FALSE,FALSE,0.3131585717201233,8473604
2025020348,202,power-play,85,3,FALSE,FALSE,TRUE,TRUE,FALSE,FALSE,0.27226096391677856,8482149
2025020348,203,even-strength,89,5,FALSE,TRUE,TRUE,TRUE,FALSE,FALSE,0.029224276542663574,8480014
2025020348,204,power-play,90,-5,FALSE,FALSE,TRUE,TRUE,TRUE,FALSE,0.12431865930557251,8474679
2025020348,205,even-strength,97,6,FALSE,TRUE,TRUE,TRUE,FALSE,FALSE,0.013401150703430176,8481043
2025020348,271,power-play,80,3,FALSE,FALSE,TRUE,FALSE,FALSE,FALSE,0,8482149
2025020348,295,even-strength,76,-7,TRUE,FALSE,TRUE,FALSE,FALSE,FALSE,0,8473604
2025020348,297,even-strength,61,-38,FALSE,FALSE,TRUE,TRUE,TRUE,FALSE,0.01011514663696289,8474679
2025020348,407,even-strength,64,12,FALSE,FALSE,TRUE,FALSE,FALSE,FALSE,0,8480049
2025020348,415,even-strength,83,-5,FALSE,FALSE,TRUE,TRUE,FALSE,FALSE,0.06573736667633057,8476392
2025020348,416,even-strength,37,5,FALSE,FALSE,TRUE,FALSE,FALSE,FALSE,0,8480049
2025020348,437,even-strength,80,19,FALSE,FALSE,TRUE,TRUE,TRUE,FALSE,0.06889170408248901,8478398
2025020348,466,even-strength,42,-3,FALSE,FALSE,TRUE,TRUE,TRUE,FALSE,0.03263336420059204,8482149
2025020348,472,even-strength,74,-10,FALSE,FALSE,TRUE,FALSE,FALSE,FALSE,0,8477504
2025020348,582,even-strength,72,30,FALSE,FALSE,TRUE,TRUE,TRUE,FALSE,3.638267517089844e-4,8480289
2025020348,586,even-strength,84,5,FALSE,FALSE,TRUE,TRUE,TRUE,FALSE,0.2269769310951233,8480289
2025020348,635,even-strength,73,-1,TRUE,FALSE,TRUE,TRUE,TRUE,FALSE,0.0630372166633606,8478398
2025020348,645,even-strength,45,13,FALSE,FALSE,TRUE,TRUE,TRUE,FALSE,0.036531925201416016,8480014
2025020348,646,even-strength,83,-7,FALSE,TRUE,TRUE,FALSE,FALSE,FALSE,0,8476460
2025020348,647,even-strength,75,-6,FALSE,TRUE,TRUE,TRUE,TRUE,FALSE,0.18789184093475342,8476460
2025020348,677,even-strength,29,2,FALSE,FALSE,TRUE,TRUE,TRUE,FALSE,0.01953744888305664,8480113
2025020348,694,even-strength,69,0,FALSE,FALSE,TRUE,TRUE,FALSE,FALSE,0.019994735717773438,8480014
2025020348,700,even-strength,30,-3,FALSE,FALSE,TRUE,TRUE,TRUE,FALSE,0.013277232646942139,8480049
2025020348,706,even-strength,56,-13,FALSE,FALSE,TRUE,TRUE,TRUE,FALSE,0.032031476497650146,8474679
2025020348,726,even-strength,68,-18,FALSE,FALSE,TRUE,TRUE,TRUE,FALSE,0.06597256660461426,8476480
2025020348,727,even-strength,78,7,FALSE,FALSE,TRUE,FALSE,FALSE,FALSE,0,8477504
2025020348,729,even-strength,62,-12,TRUE,FALSE,TRUE,TRUE,TRUE,FALSE,0.06855177879333496,8476480
2025020348,779,even-strength,45,-20,FALSE,FALSE,TRUE,TRUE,FALSE,FALSE,0.029259369858519176,8479378
2025020348,781,even-strength,47,12,FALSE,FALSE,TRUE,TRUE,TRUE,FALSE,0.02837263599055892,8479378
2025020348,792,power-play,56,24,FALSE,FALSE,TRUE,TRUE,TRUE,FALSE,0.07144731283187866,8476460
2025020348,818,even-strength,32,15,FALSE,FALSE,TRUE,TRUE,TRUE,FALSE,0.030213236808776855,8479378
2025020348,838,power-play,64,2,FALSE,FALSE,TRUE,FALSE,FALSE,FALSE,0,8474679
2025020348,840,power-play,36,4,FALSE,FALSE,TRUE,TRUE,TRUE,FALSE,0.06571447849273682,8476525
2025020348,841,power-play,60,-13,FALSE,FALSE,TRUE,FALSE,FALSE,FALSE,0,8474679
2025020348,852,even-strength,65,4,FALSE,FALSE,TRUE,FALSE,FALSE,FALSE,0,8478398
2025020348,859,even-strength,61,6,FALSE,FALSE,TRUE,TRUE,TRUE,FALSE,0.04340624809265137,8476392
2025020348,877,even-strength,76,-6,FALSE,FALSE,TRUE,FALSE,FALSE,FALSE,0,8476525
2025020348,909,even-strength,-6,31,FALSE,FALSE,TRUE,TRUE,TRUE,FALSE,0.001420736312866211,8482149
2025020348,914,even-strength,65,-32,FALSE,FALSE,TRUE,TRUE,TRUE,FALSE,0.0326119065284729,8473604
2025020348,926,even-strength,84,-8,FALSE,FALSE,TRUE,TRUE,FALSE,FALSE,0.08957439661026001,8482149
2025020348,960,power-play,63,-20,FALSE,FALSE,TRUE,FALSE,FALSE,FALSE,0,8480014
2025020348,967,power-play,79,-4,FALSE,FALSE,TRUE,FALSE,FALSE,FALSE,0,8480014
2025020348,977,power-play,61,-30,FALSE,FALSE,TRUE,TRUE,TRUE,FALSE,0.03249239921569824,8475799
2025020348,987,even-strength,69,-17,FALSE,FALSE,TRUE,TRUE,TRUE,FALSE,0.07706993818283081,8474679
2025020348,988,even-strength,49,14,FALSE,FALSE,TRUE,TRUE,TRUE,FALSE,0.07123267650604248,8480049
2025020348,993,even-strength,90,20,FALSE,FALSE,TRUE,TRUE,TRUE,FALSE,0.014243066310882568,8477504
2025020348,1003,even-strength,69,17,FALSE,FALSE,TRUE,TRUE,TRUE,FALSE,0.19520413875579834,8476392
2025020348,1050,even-strength,85,6,FALSE,FALSE,TRUE,TRUE,FALSE,FALSE,0.04970657825469971,8481043
2025020348,1072,even-strength,83,-5,FALSE,FALSE,TRUE,FALSE,FALSE,FALSE,0,8476331
2025020348,1087,even-strength,56,-24,FALSE,FALSE,TRUE,TRUE,FALSE,FALSE,0.020859360694885254,8476460
2025020378,66,even-strength,44,-23,FALSE,FALSE,TRUE,TRUE,TRUE,FALSE,0.013095200061798096,8470613
2025020378,76,even-strength,0,34,FALSE,FALSE,TRUE,TRUE,TRUE,FALSE,0.001455068588256836,8479525
2025020378,99,penalty-kill,-56,10,FALSE,FALSE,TRUE,TRUE,TRUE,FALSE,0.002468689946217461,8480835
2025020378,116,even-strength,62,17,FALSE,FALSE,TRUE,TRUE,TRUE,FALSE,0.1115909218788147,8480069
2025020378,121,even-strength,84,-14,FALSE,FALSE,TRUE,TRUE,FALSE,FALSE,0.14909660816192627,8476455
2025020378,134,power-play,76,-2,FALSE,FALSE,TRUE,TRUE,TRUE,FALSE,0.12154513597488403,8476455
2025020378,135,power-play,38,-8,FALSE,FALSE,TRUE,TRUE,FALSE,FALSE,0.031531572341918945,8480069
2025020378,143,power-play,74,22,FALSE,FALSE,TRUE,TRUE,TRUE,FALSE,0.08333885669708252,8470613
2025020378,144,power-play,70,2,FALSE,TRUE,TRUE,TRUE,TRUE,FALSE,0.05616801977157593,8479525
2025020378,146,power-play,49,-20,FALSE,FALSE,TRUE,TRUE,TRUE,FALSE,0.058593153953552246,8478109
2025020378,174,even-strength,4,-22,FALSE,FALSE,TRUE,TRUE,TRUE,FALSE,0.0028550028800964355,8476455
2025020378,175,even-strength,76,-2,FALSE,FALSE,TRUE,TRUE,FALSE,FALSE,0.0831802487373352,8476455
2025020378,193,even-strength,78,-2,FALSE,FALSE,TRUE,FALSE,FALSE,FALSE,0,8480069
2025020378,205,even-strength,77,-2,FALSE,FALSE,TRUE,TRUE,TRUE,FALSE,0.04931086301803589,8480448
2025020378,257,even-strength,59,-17,FALSE,FALSE,TRUE,TRUE,TRUE,FALSE,0.05916565656661987,8476455
2025020378,263,even-strength,46,25,FALSE,FALSE,TRUE,FALSE,FALSE,FALSE,0,8476455
2025020378,272,even-strength,73,27,FALSE,FALSE,TRUE,TRUE,FALSE,FALSE,0.019176006317138672,8479398
2025020378,278,even-strength,80,-3,FALSE,FALSE,TRUE,FALSE,FALSE,FALSE,0,8480039
2025020378,280,even-strength,43,19,FALSE,FALSE,TRUE,TRUE,FALSE,FALSE,0.039142072200775146,8477492
2025020378,281,even-strength,62,8,FALSE,FALSE,TRUE,FALSE,FALSE,FALSE,0,8478038
2025020378,282,even-strength,59,-16,FALSE,FALSE,TRUE,TRUE,TRUE,FALSE,0.10617649555206299,8480069
2025020378,283,even-strength,69,-1,FALSE,FALSE,TRUE,TRUE,FALSE,FALSE,0.08223670721054077,8478038
2025020378,285,even-strength,58,-10,FALSE,FALSE,TRUE,TRUE,FALSE,FALSE,0.09140056371688843,8478109
2025020378,295,even-strength,41,29,TRUE,FALSE,TRUE,FALSE,FALSE,FALSE,0,8479398
2025020378,296,even-strength,78,13,FALSE,FALSE,TRUE,FALSE,FALSE,FALSE,0,8478109
2025020378,299,even-strength,32,-36,FALSE,FALSE,TRUE,TRUE,FALSE,FALSE,0.009113311767578125,8484258
2025020378,300,even-strength,76,-3,TRUE,FALSE,TRUE,FALSE,FALSE,FALSE,0,8484258
2025020378,308,even-strength,4,-5,FALSE,FALSE,TRUE,TRUE,TRUE,FALSE,4.4792890548706055e-4,8480448
2025020378,314,even-strength,75,-10,FALSE,FALSE,TRUE,FALSE,FALSE,FALSE,0,8470613
2025020378,315,even-strength,79,1,FALSE,FALSE,TRUE,TRUE,TRUE,TRUE,0.2920193076133728,8477492
2025020378,338,even-strength,27,40,FALSE,FALSE,TRUE,TRUE,FALSE,FALSE,0.0028293728828430176,8478038
2025020378,348,even-strength,35,22,FALSE,FALSE,TRUE,TRUE,TRUE,FALSE,0.027513623237609863,8479398
2025020378,451,even-strength,79,-2,TRUE,TRUE,TRUE,TRUE,FALSE,FALSE,0.17407017946243286,8480448
2025020378,456,even-strength,75,-9,FALSE,TRUE,TRUE,TRUE,FALSE,FALSE,0.2661435604095459,8477476
2025020378,457,even-strength,90,4,FALSE,FALSE,TRUE,TRUE,FALSE,FALSE,0.0489879846572876,8480069
2025020378,532,even-strength,81,3,FALSE,FALSE,TRUE,FALSE,FALSE,FALSE,0,8476312
2025020378,533,even-strength,35,-17,FALSE,FALSE,TRUE,TRUE,TRUE,FALSE,0.01876920461654663,8476312
2025020378,540,even-strength,71,19,FALSE,FALSE,TRUE,FALSE,FALSE,FALSE,0,8480069
2025020378,545,even-strength,49,19,FALSE,FALSE,TRUE,TRUE,TRUE,FALSE,0.03478950262069702,8477492
2025020378,554,even-strength,62,2,FALSE,FALSE,TRUE,FALSE,FALSE,FALSE,0,8475754
2025020378,557,even-strength,55,-29,FALSE,FALSE,TRUE,TRUE,TRUE,FALSE,0.0025737881660461426,8480448
2025020378,617,even-strength,32,-39,FALSE,FALSE,TRUE,TRUE,FALSE,FALSE,0.005200386047363281,8484258
2025020378,628,even-strength,42,-29,FALSE,FALSE,TRUE,TRUE,TRUE,FALSE,0.007932186126708984,8476312
2025020378,630,even-strength,50,-20,FALSE,FALSE,TRUE,TRUE,TRUE,FALSE,0.04927933216094971,8470613
2025020378,645,even-strength,37,-10,FALSE,FALSE,TRUE,TRUE,FALSE,FALSE,0.03375309705734253,8484258
2025020378,651,even-strength,85,5,FALSE,FALSE,TRUE,TRUE,TRUE,FALSE,0.1445409059524536,8480448
2025020378,652,even-strength,88,-5,FALSE,FALSE,TRUE,TRUE,TRUE,TRUE,0.053617238998413086,8476455
2025020378,653,even-strength,76,-16,FALSE,FALSE,TRUE,TRUE,FALSE,FALSE,0.07068103551864624,8479525
2025020378,701,even-strength,45,-3,FALSE,FALSE,TRUE,TRUE,TRUE,FALSE,0.04073989391326904,8480835
2025020378,702,even-strength,31,-6,FALSE,FALSE,TRUE,TRUE,TRUE,FALSE,0.023085415363311768,8478038
2025020378,703,even-strength,69,-3,TRUE,FALSE,TRUE,FALSE,FALSE,FALSE,0,8480069
2025020378,734,even-strength,31,-7,FALSE,FALSE,TRUE,TRUE,TRUE,FALSE,0.03914433717727661,8484258
2025020378,794,even-strength,53,-5,FALSE,FALSE,TRUE,TRUE,FALSE,FALSE,0.07173264026641846,8478038
2025020378,802,even-strength,70,23,FALSE,FALSE,TRUE,TRUE,TRUE,FALSE,0.0045539140701293945,8475754
2025020378,805,even-strength,76,17,FALSE,FALSE,TRUE,TRUE,TRUE,FALSE,0.1080288290977478,8475754
2025020378,808,even-strength,60,-12,FALSE,FALSE,TRUE,TRUE,TRUE,FALSE,0.11947387456893921,8475754
2025020378,822,even-strength,74,-11,FALSE,FALSE,TRUE,TRUE,TRUE,FALSE,0.14773154258728027,8480039
2025020378,824,even-strength,75,2,FALSE,FALSE,TRUE,TRUE,TRUE,FALSE,0.09870040416717529,8477476
2025020378,825,even-strength,74,-4,TRUE,FALSE,TRUE,FALSE,FALSE,FALSE,0,8477476
2025020378,826,even-strength,67,11,FALSE,FALSE,TRUE,TRUE,TRUE,FALSE,0.16527706384658813,8477492
2025020378,843,even-strength,57,-13,FALSE,FALSE,TRUE,FALSE,FALSE,FALSE,0,8479525
2025020378,873,even-strength,49,1,FALSE,FALSE,TRUE,TRUE,TRUE,FALSE,0.08971118927001953,8480069
2025020378,880,even-strength,67,-2,FALSE,FALSE,TRUE,TRUE,FALSE,FALSE,0.01664525270462036,8479525
2025020378,881,even-strength,77,3,TRUE,FALSE,TRUE,FALSE,FALSE,FALSE,0,8476312
2025020378,886,even-strength,51,-20,FALSE,FALSE,TRUE,TRUE,TRUE,FALSE,0.012850344181060791,8480069
2025020378,920,even-strength,41,29,FALSE,FALSE,TRUE,FALSE,FALSE,FALSE,0,8484258
2025020378,921,even-strength,53,29,FALSE,FALSE,TRUE,TRUE,TRUE,FALSE,0.023166894912719727,8480069
2025020378,926,even-strength,33,-10,FALSE,FALSE,TRUE,TRUE,FALSE,FALSE,0.007101178169250488,8479398
2025020378,928,even-strength,61,16,FALSE,FALSE,TRUE,FALSE,FALSE,FALSE,0,8484258
2025020378,940,even-strength,33,16,FALSE,FALSE,TRUE,TRUE,TRUE,FALSE,0.015237152576446533,8478038
2025020378,942,even-strength,85,4,FALSE,FALSE,TRUE,TRUE,TRUE,FALSE,0.1295132040977478,8480448
2025020378,948,even-strength,78,-4,FALSE,FALSE,TRUE,FALSE,FALSE,FALSE,0,8480069
2025020378,949,even-strength,71,18,FALSE,FALSE,TRUE,TRUE,FALSE,FALSE,0.06924140453338623,8476455
2025020378,991,even-strength,78,-16,FALSE,FALSE,TRUE,FALSE,FALSE,FALSE,0,8484258
2025020378,1001,even-strength,57,22,FALSE,FALSE,TRUE,FALSE,FALSE,FALSE,0,8478038
2025020378,1002,even-strength,71,-3,FALSE,TRUE,TRUE,FALSE,FALSE,FALSE,0,8480069
2025020378,1011,even-strength,76,0,FALSE,FALSE,TRUE,FALSE,FALSE,FALSE,0,8477492
2025020378,1031,even-strength,51,16,FALSE,FALSE,TRUE,TRUE,TRUE,FALSE,0.0014867186546325684,8476455
2025020378,1064,even-strength,48,36,FALSE,FALSE,TRUE,TRUE,TRUE,FALSE,0.0069582462310791016,8477476
2025020378,1072,even-strength,76,22,FALSE,FALSE,TRUE,TRUE,TRUE,FALSE,0.06795890445758244,8476455
2025020378,1081,even-strength,60,-24,FALSE,FALSE,TRUE,TRUE,TRUE,FALSE,0.055466931945182985,8484258
2025020378,1101,even-strength,56,-25,FALSE,FALSE,TRUE,FALSE,FALSE,FALSE,0,8476455
2025020378,1252,even-strength,52,0,FALSE,FALSE,TRUE,TRUE,TRUE,FALSE,0.19873341130004543,8477492
2025020418,83,even-strength,54,16,FALSE,FALSE,TRUE,FALSE,FALSE,FALSE,0,8477498
2025020418,92,even-strength,86,13,FALSE,FALSE,TRUE,TRUE,TRUE,FALSE,0.0364307165145874,8479365
2025020418,107,even-strength,37,12,FALSE,FALSE,TRUE,TRUE,FALSE,FALSE,0.02526479959487915,8477498
2025020418,118,even-strength,34,35,FALSE,FALSE,TRUE,TRUE,TRUE,FALSE,0.00844264030456543,8475218
2025020418,122,even-strength,42,-28,FALSE,FALSE,TRUE,TRUE,FALSE,FALSE,0.03749948740005493,8475218
2025020418,133,even-strength,55,-28,FALSE,FALSE,TRUE,TRUE,TRUE,FALSE,0.032347679138183594,8479365
2025020418,151,even-strength,58,-6,FALSE,FALSE,TRUE,FALSE,FALSE,FALSE,0,8478233
2025020418,152,even-strength,88,7,FALSE,FALSE,TRUE,TRUE,TRUE,FALSE,0.09416049718856812,8475786
2025020418,153,even-strength,-91,29,FALSE,FALSE,TRUE,TRUE,TRUE,FALSE,9.383559226989746e-4,8475218
2025020418,154,even-strength,37,-17,FALSE,FALSE,TRUE,FALSE,FALSE,FALSE,0,8480834
2025020418,155,power-play,80,-1,FALSE,FALSE,TRUE,TRUE,TRUE,FALSE,0.17138153314590454,8475786
2025020418,156,even-strength,88,4,FALSE,FALSE,TRUE,FALSE,FALSE,FALSE,0,8479365
2025020418,157,even-strength,88,5,FALSE,FALSE,TRUE,TRUE,TRUE,FALSE,0.05336970090866089,8474641
2025020418,158,even-strength,89,-5,FALSE,FALSE,TRUE,TRUE,TRUE,FALSE,0.06298816204071045,8474641
2025020418,160,even-strength,81,0,FALSE,TRUE,TRUE,TRUE,FALSE,FALSE,0.010638535022735596,8478233
2025020418,161,even-strength,84,14,FALSE,FALSE,TRUE,FALSE,FALSE,FALSE,0,8476454
2025020418,162,even-strength,81,0,FALSE,FALSE,TRUE,TRUE,FALSE,FALSE,0.11420893669128418,8475786
2025020418,257,even-strength,75,-24,FALSE,FALSE,TRUE,TRUE,TRUE,FALSE,0.04584145545959473,8480831
2025020418,326,even-strength,30,-8,FALSE,FALSE,TRUE,TRUE,FALSE,FALSE,0.027278423309326172,8480803
2025020418,410,even-strength,9,40,FALSE,FALSE,TRUE,TRUE,TRUE,FALSE,0.0011742711067199707,8475218
2025020418,412,even-strength,55,-21,FALSE,FALSE,TRUE,TRUE,TRUE,FALSE,0.03727221488952637,8476454
2025020418,419,even-strength,67,27,FALSE,FALSE,TRUE,FALSE,FALSE,FALSE,0,8476967
2025020418,465,even-strength,62,20,TRUE,FALSE,TRUE,FALSE,FALSE,FALSE,0,8476454
2025020418,466,even-strength,31,35,FALSE,TRUE,TRUE,TRUE,TRUE,FALSE,0.003602266311645508,8476967
2025020418,505,even-strength,52,20,FALSE,FALSE,TRUE,TRUE,TRUE,FALSE,0.009208083152770996,8476454
2025020418,509,even-strength,32,14,FALSE,FALSE,TRUE,TRUE,TRUE,FALSE,0.007025480270385742,8477934
2025020418,524,even-strength,78,3,FALSE,FALSE,TRUE,TRUE,TRUE,FALSE,0.10464376211166382,8475786
2025020418,525,even-strength,88,8,FALSE,TRUE,TRUE,TRUE,TRUE,FALSE,0.21425819396972656,8483512
2025020418,531,even-strength,66,22,FALSE,FALSE,TRUE,TRUE,FALSE,FALSE,0.09146147966384888,8475218
2025020418,539,power-play,66,-10,FALSE,FALSE,TRUE,FALSE,FALSE,FALSE,0,8477934
2025020418,543,power-play,71,-14,FALSE,FALSE,TRUE,FALSE,FALSE,FALSE,0,8478402
2025020418,545,power-play,96,16,FALSE,TRUE,TRUE,TRUE,FALSE,FALSE,0.03213143348693848,8478402
2025020418,546,power-play,46,1,FALSE,TRUE,TRUE,TRUE,TRUE,FALSE,0.11821883916854858,8480803
2025020418,547,power-play,69,-8,FALSE,FALSE,TRUE,TRUE,TRUE,FALSE,0.15522366762161255,8475786
2025020418,555,power-play,68,23,FALSE,FALSE,TRUE,FALSE,FALSE,FALSE,0,8478402
2025020418,558,even-strength,53,7,FALSE,FALSE,TRUE,TRUE,TRUE,FALSE,0.04272109270095825,8475218
2025020418,559,even-strength,58,19,FALSE,FALSE,TRUE,TRUE,FALSE,FALSE,0.08224040269851685,8475218
2025020418,583,even-strength,37,40,FALSE,FALSE,TRUE,TRUE,TRUE,FALSE,0.0051746368408203125,8477498
2025020418,599,even-strength,68,-8,FALSE,FALSE,TRUE,TRUE,FALSE,FALSE,0.13090765476226807,8480803
2025020418,611,even-strength,65,-29,FALSE,FALSE,TRUE,TRUE,TRUE,FALSE,0.028563261032104492,8477934
2025020418,616,power-play,80,0,FALSE,FALSE,TRUE,FALSE,FALSE,FALSE,0,8480803
2025020418,620,power-play,60,15,FALSE,FALSE,TRUE,TRUE,FALSE,FALSE,0.09895610809326172,8480803
2025020418,638,even-strength,72,6,FALSE,FALSE,TRUE,FALSE,FALSE,FALSE,0,8476967
2025020418,648,even-strength,56,-9,FALSE,FALSE,TRUE,TRUE,TRUE,FALSE,0.09071606397628784,8478233
2025020418,655,even-strength,59,-30,FALSE,FALSE,TRUE,TRUE,TRUE,FALSE,0.030062735080718994,8478233
2025020418,700,even-strength,54,-5,FALSE,FALSE,TRUE,FALSE,FALSE,FALSE,0,8480803
2025020418,701,even-strength,36,-22,FALSE,FALSE,TRUE,TRUE,TRUE,FALSE,0.01329660415649414,8480803
2025020418,708,even-strength,51,-7,FALSE,FALSE,TRUE,TRUE,TRUE,FALSE,0.021197021007537842,8476454
2025020418,719,even-strength,64,-5,FALSE,FALSE,TRUE,FALSE,FALSE,FALSE,0,8474641
2025020418,720,even-strength,35,39,FALSE,FALSE,TRUE,TRUE,FALSE,FALSE,0.004847288131713867,8476967
2025020418,746,even-strength,39,21,FALSE,FALSE,TRUE,TRUE,TRUE,FALSE,0.020956873893737793,8481617
2025020418,767,even-strength,54,8,FALSE,FALSE,TRUE,FALSE,FALSE,FALSE,0,8478233
2025020418,774,even-strength,45,1,FALSE,FALSE,TRUE,TRUE,TRUE,FALSE,0.058920443058013916,8480803
2025020418,786,even-strength,60,34,FALSE,FALSE,TRUE,TRUE,TRUE,FALSE,0.018087029457092285,8474641
2025020418,819,even-strength,65,-3,FALSE,FALSE,TRUE,TRUE,TRUE,FALSE,0.05530494451522827,8481617
2025020418,823,even-strength,72,16,FALSE,FALSE,TRUE,FALSE,FALSE,FALSE,0,8481617
2025020418,828,even-strength,72,6,FALSE,FALSE,TRUE,TRUE,TRUE,FALSE,0.01952540874481201,8478233
2025020418,833,even-strength,75,-16,FALSE,FALSE,TRUE,TRUE,FALSE,FALSE,0.060801923274993896,8474641
2025020418,877,even-strength,69,-22,FALSE,FALSE,TRUE,FALSE,FALSE,FALSE,0,8480803
2025020418,883,even-strength,54,39,TRUE,FALSE,TRUE,TRUE,FALSE,FALSE,0.0030416250228881836,8478402
2025020418,887,even-strength,79,22,FALSE,FALSE,TRUE,TRUE,TRUE,FALSE,0.024963319301605225,8478402
2025020418,889,even-strength,81,-2,FALSE,FALSE,TRUE,FALSE,FALSE,FALSE,0,8478402
2025020418,967,even-strength,30,-17,FALSE,FALSE,TRUE,TRUE,TRUE,FALSE,0.033205270767211914,8480834
2025020418,973,even-strength,27,-31,FALSE,FALSE,TRUE,TRUE,FALSE,FALSE,0.008524894714355469,8480803
2025020418,974,even-strength,49,4,FALSE,FALSE,TRUE,FALSE,FALSE,FALSE,0,8475218
2025020418,978,even-strength,82,3,FALSE,FALSE,TRUE,FALSE,FALSE,FALSE,0,8475786
2025020418,979,even-strength,86,15,FALSE,TRUE,TRUE,TRUE,FALSE,FALSE,0.010678648948669434,8477934
2025020418,980,even-strength,35,-9,FALSE,FALSE,TRUE,TRUE,FALSE,FALSE,0.03022545576095581,8477934
2025020418,1008,even-strength,32,-12,FALSE,FALSE,TRUE,TRUE,FALSE,FALSE,0.026132285594940186,8480803
2025020418,1009,even-strength,71,-24,FALSE,FALSE,TRUE,TRUE,TRUE,FALSE,0.0700535774230957,8477934
2025020418,1019,power-play,70,8,FALSE,FALSE,TRUE,FALSE,FALSE,FALSE,0,8476454
2025020451,101,even-strength,39,22,FALSE,FALSE,TRUE,TRUE,FALSE,FALSE,0.04041409492492676,8480800
2025020451,102,power-play,68,-8,FALSE,FALSE,TRUE,FALSE,FALSE,FALSE,0,8480800
2025020451,103,even-strength,64,19,FALSE,FALSE,TRUE,FALSE,FALSE,FALSE,0,8475169
2025020451,104,even-strength,64,-4,FALSE,FALSE,TRUE,TRUE,TRUE,FALSE,0.11024779081344604,8478856
2025020451,159,even-strength,55,-8,FALSE,FALSE,TRUE,TRUE,TRUE,FALSE,0.07303863763809204,8478856
2025020451,187,even-strength,46,-1,FALSE,FALSE,TRUE,TRUE,FALSE,FALSE,0.038855910301208496,8482691
2025020451,188,even-strength,73,17,FALSE,FALSE,TRUE,TRUE,TRUE,FALSE,0.06840705871582031,8480800
2025020451,193,even-strength,68,-10,TRUE,FALSE,TRUE,TRUE,FALSE,FALSE,0.02604740858078003,8478444
2025020451,194,even-strength,35,28,TRUE,FALSE,TRUE,TRUE,FALSE,FALSE,0.007853686809539795,8478444
2025020451,200,even-strength,40,-11,FALSE,FALSE,TRUE,FALSE,FALSE,FALSE,0,8478498
2025020451,301,even-strength,53,25,FALSE,FALSE,TRUE,TRUE,TRUE,FALSE,0.03861510753631592,8480800
2025020451,345,even-strength,77,7,FALSE,FALSE,TRUE,FALSE,FALSE,FALSE,0,8477969
2025020451,442,even-strength,30,-30,FALSE,FALSE,TRUE,TRUE,TRUE,FALSE,0.010667681694030762,8484240
2025020451,471,even-strength,57,-20,FALSE,FALSE,TRUE,FALSE,FALSE,FALSE,0,8481024
2025020451,478,even-strength,73,-1,FALSE,FALSE,TRUE,FALSE,FALSE,FALSE,0,8480748
2025020451,485,even-strength,74,-6,FALSE,FALSE,TRUE,TRUE,FALSE,FALSE,0.04549771547317505,8478856
2025020451,486,even-strength,77,4,FALSE,FALSE,TRUE,FALSE,FALSE,FALSE,0,8478444
2025020451,541,even-strength,74,16,FALSE,FALSE,TRUE,TRUE,FALSE,FALSE,0.09298968315124512,8475169
2025020451,542,even-strength,74,-25,FALSE,FALSE,TRUE,TRUE,FALSE,FALSE,0.04583871364593506,8478856
2025020451,552,even-strength,63,-15,FALSE,FALSE,TRUE,TRUE,TRUE,FALSE,0.11398035287857056,8484136
2025020451,595,even-strength,48,-25,FALSE,FALSE,TRUE,TRUE,FALSE,FALSE,0.016585171222686768,8478856
2025020451,616,even-strength,53,-11,FALSE,FALSE,TRUE,TRUE,TRUE,TRUE,0.07812541723251343,8484240
2025020451,631,even-strength,62,-21,FALSE,FALSE,TRUE,TRUE,TRUE,FALSE,0.07098084688186646,8478856
2025020451,652,even-strength,32,37,FALSE,FALSE,TRUE,TRUE,TRUE,TRUE,0.010416626930236816,8483678
2025020451,662,even-strength,44,31,FALSE,FALSE,TRUE,TRUE,FALSE,FALSE,0.006911337375640869,8482055
2025020451,686,even-strength,86,-13,FALSE,FALSE,TRUE,TRUE,FALSE,FALSE,0.020090878009796143,8478498
2025020451,699,even-strength,57,14,FALSE,FALSE,TRUE,TRUE,TRUE,TRUE,0.10469686985015869,8482691
2025020451,706,even-strength,59,-22,FALSE,FALSE,TRUE,FALSE,FALSE,FALSE,0,8480748
2025020451,709,even-strength,80,15,FALSE,FALSE,TRUE,FALSE,FALSE,FALSE,0,8475169
2025020451,743,even-strength,75,-11,FALSE,FALSE,TRUE,TRUE,TRUE,FALSE,0.15203356742858887,8484136
2025020451,772,even-strength,79,-9,FALSE,FALSE,TRUE,FALSE,FALSE,FALSE,0,8480144
2025020451,803,even-strength,-83,21,FALSE,FALSE,TRUE,TRUE,TRUE,FALSE,0.006131112575531006,8480800
2025020451,823,even-strength,64,19,FALSE,FALSE,TRUE,TRUE,TRUE,FALSE,0.08084702491760254,8478444
2025020451,839,even-strength,88,2,FALSE,FALSE,TRUE,TRUE,TRUE,TRUE,0.2023823857307434,8482691
2025020451,851,even-strength,81,2,FALSE,FALSE,TRUE,FALSE,FALSE,FALSE,0,8483476
2025020451,869,penalty-kill,79,3,FALSE,FALSE,TRUE,TRUE,TRUE,FALSE,0.09762535820574371,8480748
2025020451,882,even-strength,46,-6,FALSE,FALSE,TRUE,TRUE,TRUE,FALSE,0.03696321649040177,8474574
2025020451,893,power-play,57,-30,FALSE,FALSE,TRUE,TRUE,FALSE,FALSE,0.0360371470451355,8475169
2025020451,898,even-strength,65,1,FALSE,FALSE,TRUE,TRUE,TRUE,FALSE,0.015317559242248535,8480748
2025020451,900,even-strength,69,-34,FALSE,FALSE,TRUE,TRUE,TRUE,FALSE,0.016382336616516113,8475169
2025020451,920,even-strength,81,-8,FALSE,FALSE,TRUE,TRUE,TRUE,FALSE,0.11785573772489265,8478444
2025020451,957,even-strength,64,21,FALSE,FALSE,TRUE,TRUE,FALSE,FALSE,0.07684957981109619,8482691
2025020451,974,even-strength,18,-35,FALSE,FALSE,TRUE,TRUE,FALSE,FALSE,0.0011574029922485352,8478856
2025020451,997,even-strength,34,-14,FALSE,FALSE,TRUE,TRUE,TRUE,FALSE,0.00561147928237915,8474574
2025020451,1381,even-strength,90,5,FALSE,FALSE,TRUE,TRUE,TRUE,FALSE,0.09082680940628052,8484136
2025020496,63,even-strength,84,7,FALSE,FALSE,TRUE,FALSE,FALSE,FALSE,0,8482105
2025020496,65,even-strength,79,4,FALSE,FALSE,TRUE,TRUE,FALSE,FALSE,0.08647269010543823,8478020
2025020496,107,even-strength,57,-26,FALSE,FALSE,TRUE,FALSE,FALSE,FALSE,0,8475324
2025020496,108,even-strength,32,-12,FALSE,FALSE,TRUE,TRUE,FALSE,FALSE,0.022062361240386963,8475324
2025020496,147,even-strength,80,0,FALSE,FALSE,TRUE,FALSE,FALSE,FALSE,0,8474102
2025020496,151,even-strength,83,0,FALSE,TRUE,TRUE,TRUE,TRUE,FALSE,0.28566068410873413,8474102
2025020496,152,even-strength,80,5,FALSE,FALSE,TRUE,FALSE,FALSE,FALSE,0,8482116
2025020496,153,even-strength,88,-5,FALSE,FALSE,TRUE,TRUE,TRUE,FALSE,0.0732000470161438,8480188
2025020496,154,even-strength,45,-30,FALSE,FALSE,TRUE,TRUE,FALSE,FALSE,0.0178680419921875,8482245
2025020496,156,power-play,84,0,FALSE,TRUE,TRUE,TRUE,TRUE,FALSE,0.17377012968063354,8480801
2025020496,157,power-play,86,-7,FALSE,TRUE,TRUE,TRUE,TRUE,FALSE,0.3255748748779297,8481528
2025020496,158,even-strength,0,-17,FALSE,FALSE,TRUE,TRUE,TRUE,FALSE,0.0055242180824279785,8473512
2025020496,160,even-strength,86,5,FALSE,TRUE,TRUE,TRUE,TRUE,FALSE,0.048159122467041016,8480188
2025020496,201,even-strength,55,8,FALSE,FALSE,TRUE,TRUE,TRUE,FALSE,0.042535364627838135,8476393
2025020496,217,even-strength,76,-23,FALSE,FALSE,TRUE,TRUE,TRUE,FALSE,0.03463464975357056,8482116
2025020496,231,even-strength,21,-32,FALSE,FALSE,TRUE,TRUE,TRUE,FALSE,0.002970874309539795,8473512
2025020496,239,even-strength,78,-2,FALSE,FALSE,TRUE,TRUE,TRUE,FALSE,0.22258132696151733,8481528
2025020496,246,even-strength,82,-32,FALSE,FALSE,TRUE,TRUE,FALSE,FALSE,0.014378011226654053,8480208
2025020496,248,even-strength,64,6,FALSE,FALSE,TRUE,FALSE,FALSE,FALSE,0,8481528
2025020496,252,even-strength,82,-8,FALSE,FALSE,TRUE,FALSE,FALSE,FALSE,0,8480208
2025020496,301,even-strength,96,11,FALSE,TRUE,TRUE,TRUE,FALSE,FALSE,0.041865527629852295,8480208
2025020496,305,even-strength,81,5,FALSE,FALSE,TRUE,FALSE,FALSE,FALSE,0,8480208
2025020496,306,power-play,49,3,FALSE,FALSE,TRUE,FALSE,FALSE,FALSE,0,8482105
2025020496,307,power-play,80,3,FALSE,TRUE,TRUE,TRUE,TRUE,FALSE,0.05422818660736084,8480801
2025020496,309,power-play,76,2,FALSE,FALSE,TRUE,TRUE,FALSE,FALSE,0.1583493947982788,8480801
2025020496,310,power-play,57,30,FALSE,FALSE,TRUE,FALSE,FALSE,FALSE,0,8483676
2025020496,311,even-strength,84,5,FALSE,TRUE,TRUE,TRUE,TRUE,FALSE,0.06716698408126831,8480188
2025020496,358,even-strength,51,28,FALSE,FALSE,TRUE,TRUE,FALSE,FALSE,0.013051152229309082,8480801
2025020496,385,even-strength,78,-22,FALSE,FALSE,TRUE,TRUE,TRUE,FALSE,0.010263562202453613,8482092
2025020496,457,even-strength,73,0,FALSE,FALSE,TRUE,TRUE,FALSE,FALSE,0.11156469583511353,8478020
2025020496,459,even-strength,62,-1,FALSE,FALSE,TRUE,TRUE,TRUE,FALSE,0.16215908527374268,8478020
2025020496,483,even-strength,50,40,FALSE,FALSE,TRUE,TRUE,FALSE,FALSE,0.008256137371063232,8482095
2025020496,485,even-strength,37,-6,FALSE,FALSE,TRUE,FALSE,FALSE,FALSE,0,8481528
2025020496,515,even-strength,77,-22,FALSE,FALSE,TRUE,TRUE,TRUE,FALSE,0.0023076534271240234,8480208
2025020496,525,even-strength,72,-9,FALSE,FALSE,TRUE,FALSE,FALSE,FALSE,0,8475324
2025020496,529,even-strength,71,24,FALSE,FALSE,TRUE,FALSE,FALSE,FALSE,0,8484321
2025020496,565,even-strength,89,12,FALSE,FALSE,TRUE,TRUE,FALSE,FALSE,0.04846745729446411,8482105
2025020496,656,even-strength,62,15,TRUE,FALSE,TRUE,TRUE,FALSE,FALSE,0.05257737636566162,8480208
2025020496,662,even-strength,34,20,FALSE,FALSE,TRUE,TRUE,FALSE,FALSE,0.020739972591400146,8481606
2025020496,665,even-strength,46,22,FALSE,FALSE,TRUE,TRUE,TRUE,FALSE,0.031241238117218018,8482095
2025020496,703,even-strength,64,3,FALSE,FALSE,TRUE,FALSE,FALSE,FALSE,0,8480801
2025020496,704,even-strength,72,-5,FALSE,FALSE,TRUE,TRUE,TRUE,FALSE,0.29542142152786255,8480188
2025020496,705,even-strength,64,32,FALSE,FALSE,TRUE,TRUE,TRUE,FALSE,0.02572566270828247,8481606
2025020496,712,even-strength,19,25,FALSE,FALSE,TRUE,TRUE,FALSE,FALSE,0.004420816898345947,8480801
2025020496,717,even-strength,35,18,FALSE,FALSE,TRUE,FALSE,FALSE,FALSE,0,8482105
2025020496,723,even-strength,89,-16,FALSE,FALSE,TRUE,TRUE,TRUE,FALSE,0.04524874687194824,8474102
2025020496,737,even-strength,64,27,FALSE,FALSE,TRUE,TRUE,TRUE,FALSE,0.0403667688369751,8482095
2025020496,742,even-strength,79,27,FALSE,FALSE,TRUE,TRUE,TRUE,FALSE,0.0070590972900390625,8482105
2025020496,745,even-strength,74,11,FALSE,FALSE,TRUE,FALSE,FALSE,FALSE,0,8482105
2025020496,746,even-strength,56,-3,TRUE,FALSE,TRUE,TRUE,TRUE,FALSE,0.1252421736717224,8480188
2025020496,773,penalty-kill,68,-9,FALSE,FALSE,TRUE,TRUE,TRUE,FALSE,0.3575436526412049,8473512
2025020496,796,even-strength,49,-6,FALSE,FALSE,TRUE,TRUE,FALSE,FALSE,0.08497077226638794,8482245
2025020496,805,even-strength,65,7,FALSE,FALSE,TRUE,FALSE,FALSE,FALSE,0,8482245
2025020496,822,power-play,83,-5,FALSE,FALSE,TRUE,TRUE,TRUE,FALSE,0.13922208547592163,8480801
2025020496,830,power-play,75,5,FALSE,FALSE,TRUE,TRUE,TRUE,FALSE,0.18679332733154297,8480801
2025020496,834,power-play,64,17,FALSE,FALSE,TRUE,TRUE,TRUE,FALSE,0.1264897584915161,8482105
2025020496,838,power-play,76,-10,FALSE,FALSE,TRUE,FALSE,FALSE,FALSE,0,8482105
2025020496,842,power-play,54,-3,FALSE,FALSE,TRUE,TRUE,TRUE,FALSE,0.12763971090316772,8482116
2025020496,845,power-play,57,-6,FALSE,FALSE,TRUE,TRUE,TRUE,FALSE,0.09405416250228882,8481528
2025020496,846,power-play,82,-9,FALSE,TRUE,TRUE,TRUE,TRUE,TRUE,0.19005757570266724,8482116
2025020496,861,even-strength,81,2,FALSE,FALSE,TRUE,FALSE,FALSE,FALSE,0,8480801
2025020496,866,even-strength,54,22,FALSE,FALSE,TRUE,TRUE,FALSE,FALSE,0.001924753189086914,8483676
2025020496,872,even-strength,80,35,FALSE,FALSE,TRUE,TRUE,TRUE,FALSE,0.008676290512084961,8474102
2025020496,873,even-strength,79,3,FALSE,TRUE,TRUE,TRUE,TRUE,FALSE,0.01121068000793457,8481528
2025020496,874,even-strength,66,-18,FALSE,FALSE,TRUE,TRUE,FALSE,FALSE,0.10178929567337036,8474102
2025020496,883,even-strength,37,0,TRUE,FALSE,TRUE,TRUE,TRUE,FALSE,0.026314973831176758,8480188
2025020496,938,power-play,54,-8,FALSE,FALSE,TRUE,TRUE,TRUE,TRUE,0.07377249002456665,8481528
2025020496,1001,even-strength,83,3,FALSE,FALSE,TRUE,FALSE,FALSE,FALSE,0,8482095
2025020496,1048,even-strength,70,-8,FALSE,FALSE,TRUE,FALSE,FALSE,FALSE,0,8474102
2025020496,1057,even-strength,76,-20,FALSE,FALSE,TRUE,TRUE,FALSE,FALSE,0.03418916463851929,8482116
2025020496,1065,even-strength,52,-36,FALSE,FALSE,TRUE,TRUE,TRUE,FALSE,0.002015233039855957,8473512
2025020496,1114,even-strength,73,5,FALSE,FALSE,TRUE,FALSE,FALSE,FALSE,0,8482116
2025020496,1131,power-play,86,5,FALSE,FALSE,TRUE,TRUE,FALSE,FALSE,0.1320052146911621,8480208
2025020496,1158,even-strength,5,6,FALSE,FALSE,TRUE,TRUE,TRUE,FALSE,0.0014121532440185547,8480801
2025020496,1166,even-strength,14,31,FALSE,FALSE,TRUE,TRUE,FALSE,FALSE,0.001878201961517334,8473512
2025020496,1172,even-strength,88,3,FALSE,FALSE,TRUE,TRUE,TRUE,FALSE,0.10627514123916626,8480188
2025020540,67,even-strength,51,27,FALSE,FALSE,TRUE,TRUE,FALSE,FALSE,0.023784399032592773,8478500
2025020540,86,power-play,49,-12,FALSE,FALSE,TRUE,TRUE,TRUE,FALSE,0.04169654846191406,8478460
2025020540,91,power-play,66,26,FALSE,FALSE,TRUE,TRUE,TRUE,FALSE,0.07431280612945557,8480893
2025020540,96,power-play,83,6,FALSE,FALSE,TRUE,FALSE,FALSE,FALSE,0,8484166
2025020540,104,power-play,77,2,FALSE,FALSE,TRUE,FALSE,FALSE,FALSE,0,8477497
2025020540,106,power-play,34,-1,FALSE,FALSE,TRUE,TRUE,FALSE,FALSE,0.03804677724838257,8476923
2025020540,123,even-strength,81,5,FALSE,FALSE,TRUE,FALSE,FALSE,FALSE,0,8474090
2025020540,185,even-strength,66,-24,FALSE,FALSE,TRUE,TRUE,TRUE,FALSE,0.03841674327850342,8480806
2025020540,194,even-strength,46,27,FALSE,FALSE,TRUE,TRUE,TRUE,FALSE,0.016723275184631348,8484166
2025020540,199,even-strength,63,34,FALSE,FALSE,TRUE,FALSE,FALSE,FALSE,0,8478460
2025020540,206,even-strength,70,7,FALSE,FALSE,TRUE,FALSE,FALSE,FALSE,0,8478500
2025020540,297,even-strength,62,-11,FALSE,FALSE,TRUE,TRUE,TRUE,TRUE,0.22795313596725464,8478460
2025020540,355,even-strength,52,18,FALSE,FALSE,TRUE,FALSE,FALSE,FALSE,0,8474090
2025020540,371,even-strength,57,-1,FALSE,FALSE,TRUE,FALSE,FALSE,FALSE,0,8482660
2025020540,399,even-strength,47,-6,FALSE,FALSE,TRUE,TRUE,FALSE,FALSE,0.05766487121582031,8478460
2025020540,401,even-strength,80,2,FALSE,FALSE,TRUE,FALSE,FALSE,FALSE,0,8478460
2025020540,495,even-strength,65,-15,FALSE,FALSE,TRUE,TRUE,TRUE,FALSE,0.04210841655731201,8476432
2025020540,554,even-strength,34,-20,FALSE,FALSE,TRUE,TRUE,TRUE,FALSE,0.04040902853012085,8479371
2025020540,561,even-strength,51,-5,FALSE,FALSE,TRUE,TRUE,TRUE,FALSE,0.08327525854110718,8478460
2025020540,573,even-strength,33,-23,FALSE,FALSE,TRUE,TRUE,TRUE,FALSE,0.010244786739349365,8477425
2025020540,579,even-strength,49,24,FALSE,FALSE,TRUE,TRUE,TRUE,FALSE,0.03124392032623291,8482705
2025020540,589,even-strength,56,16,FALSE,FALSE,TRUE,TRUE,FALSE,FALSE,0.09170222282409668,8480893
2025020540,591,even-strength,87,11,FALSE,FALSE,TRUE,TRUE,TRUE,FALSE,0.05826777219772339,8480893
2025020540,605,even-strength,75,6,FALSE,FALSE,TRUE,FALSE,FALSE,FALSE,0,8474090
2025020540,611,even-strength,79,-12,FALSE,FALSE,TRUE,FALSE,FALSE,FALSE,0,8475745
2025020540,614,even-strength,68,6,FALSE,FALSE,TRUE,FALSE,FALSE,FALSE,0,8482660
2025020540,624,even-strength,63,-34,FALSE,TRUE,TRUE,TRUE,FALSE,FALSE,0.011648595333099365,8476923
2025020540,628,even-strength,53,16,FALSE,FALSE,TRUE,TRUE,TRUE,FALSE,0.034540772438049316,8480893
2025020540,634,even-strength,59,-19,FALSE,FALSE,TRUE,TRUE,TRUE,FALSE,0.08324289321899414,8481716
2025020540,635,even-strength,84,-14,FALSE,TRUE,TRUE,TRUE,FALSE,FALSE,0.016053438186645508,8481716
2025020540,637,even-strength,46,23,FALSE,FALSE,TRUE,TRUE,TRUE,FALSE,0.025129199028015137,8478460
2025020540,646,even-strength,75,-26,FALSE,FALSE,TRUE,TRUE,TRUE,FALSE,0.029107332229614258,8478460
2025020540,652,even-strength,58,-22,TRUE,FALSE,TRUE,TRUE,TRUE,FALSE,0.017852783203125,8477425
2025020540,660,even-strength,52,38,FALSE,FALSE,TRUE,TRUE,TRUE,FALSE,0.00560307502746582,8478460
2025020540,716,even-strength,78,5,FALSE,FALSE,TRUE,FALSE,FALSE,FALSE,0,8478460
2025020540,717,even-strength,75,-4,FALSE,TRUE,TRUE,FALSE,FALSE,FALSE,0,8482475
2025020540,737,even-strength,86,-4,FALSE,FALSE,TRUE,TRUE,FALSE,FALSE,0.15599024295806885,8482705
2025020540,739,even-strength,77,2,FALSE,FALSE,TRUE,TRUE,FALSE,FALSE,0.07475632429122925,8477425
2025020540,740,even-strength,54,-21,TRUE,FALSE,TRUE,TRUE,FALSE,FALSE,0.041464269161224365,8478460
2025020540,741,even-strength,61,1,FALSE,FALSE,TRUE,TRUE,FALSE,FALSE,0.06073760986328125,8482705
2025020540,742,even-strength,80,0,TRUE,FALSE,TRUE,TRUE,TRUE,FALSE,0.125454843044281,8477425
2025020540,748,even-strength,79,-4,FALSE,FALSE,TRUE,TRUE,FALSE,FALSE,0.08329057693481445,8481716
2025020540,751,even-strength,34,-23,FALSE,FALSE,TRUE,FALSE,FALSE,FALSE,0,8478500
2025020540,752,even-strength,71,38,FALSE,FALSE,TRUE,TRUE,FALSE,FALSE,0.005841612815856934,8480893
2025020540,753,even-strength,57,-18,FALSE,FALSE,TRUE,TRUE,TRUE,TRUE,0.0903272032737732,8478460
2025020540,760,even-strength,67,-18,FALSE,FALSE,TRUE,FALSE,FALSE,FALSE,0,8477497
2025020540,826,even-strength,59,-15,FALSE,FALSE,TRUE,FALSE,FALSE,FALSE,0,8476923
2025020540,827,even-strength,78,-39,FALSE,FALSE,TRUE,TRUE,TRUE,FALSE,0.008582472801208496,8476923
2025020540,868,even-strength,69,8,FALSE,FALSE,TRUE,FALSE,FALSE,FALSE,0,8482660
2025020540,889,even-strength,72,1,FALSE,FALSE,TRUE,TRUE,TRUE,FALSE,0.07578307390213013,8484166
2025020540,901,even-strength,53,-23,FALSE,FALSE,TRUE,TRUE,TRUE,FALSE,0.031258463859558105,8476432
2025020540,902,even-strength,70,-2,FALSE,FALSE,TRUE,FALSE,FALSE,FALSE,0,8478460
2025020540,903,even-strength,68,-11,FALSE,FALSE,TRUE,FALSE,FALSE,FALSE,0,8477497
2025020540,918,even-strength,46,36,FALSE,FALSE,TRUE,FALSE,FALSE,FALSE,0,8477497
2025020540,996,even-strength,57,-31,FALSE,FALSE,TRUE,TRUE,TRUE,FALSE,0.007918715476989746,8478460
2025020540,1023,even-strength,81,0,FALSE,FALSE,TRUE,TRUE,TRUE,FALSE,0.1230810284614563,8476432
2025020540,1025,even-strength,83,4,FALSE,TRUE,TRUE,TRUE,TRUE,FALSE,0.0745164155960083,8476432
2025020540,1026,even-strength,34,-9,FALSE,FALSE,TRUE,TRUE,TRUE,FALSE,0.023129045963287354,8483485
2025020540,1032,even-strength,37,10,FALSE,FALSE,TRUE,FALSE,FALSE,FALSE,0,8478460
2025020540,1034,even-strength,75,11,FALSE,FALSE,TRUE,FALSE,FALSE,FALSE,0,8480893
2025020540,1042,even-strength,55,5,FALSE,FALSE,TRUE,TRUE,TRUE,FALSE,0.05044746398925781,8484166
2025020540,1111,power-play,60,15,FALSE,FALSE,TRUE,TRUE,TRUE,FALSE,0.09075814485549927,8480806
2025020540,1117,power-play,84,19,FALSE,FALSE,TRUE,TRUE,TRUE,FALSE,0.06233680248260498,8483485
2025020563,64,even-strength,33,-39,FALSE,FALSE,TRUE,TRUE,TRUE,FALSE,0.011137008666992188,8476312
2025020563,70,even-strength,71,5,FALSE,FALSE,TRUE,FALSE,FALSE,FALSE,0,8479398
2025020563,71,even-strength,42,6,FALSE,TRUE,TRUE,FALSE,FALSE,FALSE,0,8484258
2025020563,72,even-strength,79,9,FALSE,FALSE,TRUE,FALSE,FALSE,FALSE,0,8479525
2025020563,90,even-strength,55,14,FALSE,FALSE,TRUE,TRUE,TRUE,FALSE,0.055233657360076904,8476455
2025020563,91,even-strength,79,-19,FALSE,FALSE,TRUE,FALSE,FALSE,FALSE,0,8480039
2025020563,92,even-strength,35,3,FALSE,TRUE,TRUE,TRUE,TRUE,FALSE,0.004310786724090576,8478038
2025020563,104,even-strength,41,26,FALSE,FALSE,TRUE,TRUE,FALSE,FALSE,0.0054531097412109375,8484258
2025020563,107,even-strength,72,-9,FALSE,FALSE,TRUE,FALSE,FALSE,FALSE,0,8479398
2025020563,112,even-strength,33,-24,FALSE,FALSE,TRUE,TRUE,TRUE,FALSE,0.0032104849815368652,8480069
2025020563,136,penalty-kill,57,-19,FALSE,FALSE,TRUE,FALSE,FALSE,FALSE,0,8477501
2025020563,150,penalty-kill,64,-18,TRUE,FALSE,TRUE,TRUE,TRUE,FALSE,0.05485771709313456,8477476
2025020563,151,penalty-kill,85,-3,TRUE,TRUE,TRUE,TRUE,TRUE,FALSE,0.3520723951649022,8477476
2025020563,152,penalty-kill,81,-13,FALSE,TRUE,TRUE,TRUE,FALSE,FALSE,0.016964455962675096,8481641
2025020563,165,even-strength,61,-13,FALSE,FALSE,TRUE,FALSE,FALSE,FALSE,0,8484258
2025020563,175,even-strength,71,-32,FALSE,FALSE,TRUE,TRUE,FALSE,FALSE,0.010418534278869629,8479525
2025020563,197,power-play,68,-20,FALSE,FALSE,TRUE,TRUE,FALSE,FALSE,0.12291228771209717,8475754
2025020563,253,power-play,44,4,FALSE,FALSE,TRUE,TRUE,FALSE,FALSE,0.062263429164886475,8480069
2025020563,254,power-play,68,15,FALSE,FALSE,TRUE,TRUE,TRUE,FALSE,0.12596487998962402,8477492
2025020563,258,power-play,84,4,FALSE,FALSE,TRUE,TRUE,TRUE,FALSE,0.15196508169174194,8476455
2025020563,276,even-strength,30,-33,FALSE,FALSE,TRUE,TRUE,FALSE,FALSE,0.010214626789093018,8476312
2025020563,384,even-strength,75,-10,FALSE,TRUE,TRUE,TRUE,TRUE,FALSE,0.06350398063659668,8476455
2025020563,393,even-strength,66,-8,FALSE,FALSE,TRUE,TRUE,TRUE,FALSE,0.12081795930862427,8477501
2025020563,398,even-strength,79,-11,FALSE,FALSE,TRUE,FALSE,FALSE,FALSE,0,8475754
2025020563,409,even-strength,79,6,FALSE,FALSE,TRUE,TRUE,FALSE,FALSE,0.08849942684173584,8476455
2025020563,410,even-strength,70,-10,FALSE,FALSE,TRUE,TRUE,TRUE,TRUE,0.19896095991134644,8480039
2025020563,415,even-strength,70,-11,FALSE,FALSE,TRUE,FALSE,FALSE,FALSE,0,8478109
2025020563,416,even-strength,34,-6,FALSE,FALSE,TRUE,TRUE,TRUE,FALSE,0.03658461570739746,8480069
2025020563,426,even-strength,63,21,FALSE,FALSE,TRUE,TRUE,TRUE,FALSE,0.05208617448806763,8477501
2025020563,433,even-strength,61,-10,FALSE,FALSE,TRUE,TRUE,TRUE,FALSE,0.12464821338653564,8477501
2025020563,440,even-strength,60,-19,FALSE,FALSE,TRUE,FALSE,FALSE,FALSE,0,8480039
2025020563,441,even-strength,78,-4,FALSE,FALSE,TRUE,TRUE,FALSE,FALSE,0.0912213921546936,8476455
2025020563,451,power-play,69,4,FALSE,FALSE,TRUE,TRUE,FALSE,FALSE,0.15682333707809448,8476455
2025020563,501,even-strength,30,-28,FALSE,FALSE,TRUE,TRUE,FALSE,FALSE,0.005283534526824951,8480069
2025020563,502,even-strength,77,-11,FALSE,TRUE,TRUE,TRUE,FALSE,FALSE,0.23555046319961548,8477501
2025020563,504,even-strength,87,-8,FALSE,FALSE,TRUE,FALSE,FALSE,FALSE,0,8477501
2025020563,505,even-strength,70,1,FALSE,FALSE,TRUE,FALSE,FALSE,FALSE,0,8475754
2025020563,506,even-strength,67,1,FALSE,FALSE,TRUE,FALSE,FALSE,FALSE,0,8477492
2025020563,561,even-strength,64,22,FALSE,FALSE,TRUE,TRUE,TRUE,FALSE,0.0802457332611084,8479525
2025020563,568,even-strength,35,-20,FALSE,FALSE,TRUE,TRUE,TRUE,FALSE,0.057563841342926025,8478038
2025020563,572,even-strength,38,40,FALSE,FALSE,TRUE,TRUE,FALSE,FALSE,0.010584354400634766,8478038
2025020563,585,even-strength,67,8,FALSE,FALSE,TRUE,FALSE,FALSE,FALSE,0,8477492
2025020563,601,even-strength,58,-18,FALSE,FALSE,TRUE,FALSE,FALSE,FALSE,0,8475754
2025020563,608,even-strength,32,-13,FALSE,FALSE,TRUE,TRUE,TRUE,FALSE,0.0032116174697875977,8470613
2025020563,611,even-strength,56,-18,FALSE,FALSE,TRUE,TRUE,TRUE,FALSE,0.008173227310180664,8478109
2025020563,615,even-strength,80,-4,FALSE,FALSE,TRUE,TRUE,TRUE,FALSE,0.07877284288406372,8478109
2025020563,631,even-strength,62,-13,FALSE,FALSE,TRUE,TRUE,TRUE,FALSE,0.13927674293518066,8480069
2025020563,655,even-strength,45,-38,FALSE,FALSE,TRUE,TRUE,FALSE,FALSE,0.005107760429382324,8476312
2025020563,675,even-strength,68,41,FALSE,FALSE,TRUE,TRUE,FALSE,FALSE,0.003641784191131592,8480835
2025020563,677,even-strength,82,0,FALSE,FALSE,TRUE,TRUE,FALSE,FALSE,0.08772021532058716,8481641
2025020563,678,even-strength,38,27,FALSE,FALSE,TRUE,TRUE,TRUE,FALSE,0.01099473237991333,8479398
2025020563,693,penalty-kill,-42,39,FALSE,FALSE,TRUE,TRUE,TRUE,FALSE,0.0011119529519322568,8478038
2025020563,709,even-strength,36,-5,FALSE,FALSE,TRUE,TRUE,FALSE,FALSE,0.0010028481483459473,8480069
2025020563,712,even-strength,52,-26,FALSE,FALSE,TRUE,TRUE,TRUE,FALSE,0.04881769418716431,8478038
2025020563,714,even-strength,59,-22,FALSE,FALSE,TRUE,TRUE,TRUE,FALSE,0.05684459209442139,8480069
2025020563,726,power-play,65,24,FALSE,FALSE,TRUE,TRUE,TRUE,FALSE,0.06721138954162598,8480039
2025020563,728,power-play,62,24,FALSE,FALSE,TRUE,TRUE,TRUE,FALSE,0.08088070154190063,8480039
2025020563,729,power-play,79,-22,FALSE,FALSE,TRUE,TRUE,TRUE,FALSE,0.13984990119934082,8475754
2025020563,733,power-play,61,8,FALSE,FALSE,TRUE,TRUE,TRUE,TRUE,0.16104835271835327,8477492
2025020563,746,even-strength,68,18,TRUE,FALSE,TRUE,FALSE,FALSE,FALSE,0,8480835
2025020563,747,even-strength,49,-18,FALSE,FALSE,TRUE,FALSE,FALSE,FALSE,0,8470613
2025020563,748,even-strength,84,10,FALSE,FALSE,TRUE,TRUE,FALSE,FALSE,0.058733999729156494,8480835
2025020563,760,power-play,60,2,FALSE,FALSE,TRUE,FALSE,FALSE,FALSE,0,8477492
2025020563,765,power-play,55,25,FALSE,FALSE,TRUE,TRUE,FALSE,FALSE,0.07944703102111816,8480039
2025020563,771,power-play,41,0,FALSE,FALSE,TRUE,TRUE,TRUE,FALSE,0.06457018852233887,8477492
2025020563,772,power-play,71,4,FALSE,TRUE,TRUE,TRUE,TRUE,FALSE,0.046833574771881104,8476455
2025020563,773,power-play,56,3,FALSE,FALSE,TRUE,TRUE,TRUE,FALSE,0.09227228164672852,8480069
2025020563,780,power-play,59,24,FALSE,FALSE,TRUE,TRUE,TRUE,FALSE,0.0750579833984375,8484149
2025020563,786,power-play,71,13,FALSE,FALSE,TRUE,FALSE,FALSE,FALSE,0,8477492
2025020563,789,power-play,40,2,FALSE,FALSE,TRUE,TRUE,TRUE,TRUE,0.0523189902305603,8480069
2025020563,801,even-strength,67,-12,FALSE,FALSE,TRUE,FALSE,FALSE,FALSE,0,8470613
2025020563,829,even-strength,66,10,FALSE,FALSE,TRUE,FALSE,FALSE,FALSE,0,8477501
2025020563,830,even-strength,26,-36,FALSE,FALSE,TRUE,TRUE,TRUE,FALSE,0.0049759745597839355,8470613
2025020563,831,even-strength,68,-41,FALSE,FALSE,TRUE,TRUE,TRUE,FALSE,0.006320357322692871,8470613
2025020563,836,even-strength,80,40,FALSE,FALSE,TRUE,TRUE,TRUE,FALSE,0.007325351238250732,8479525
2025020563,837,even-strength,85,-6,FALSE,FALSE,TRUE,FALSE,FALSE,FALSE,0,8478109
2025020563,838,even-strength,57,-21,FALSE,FALSE,TRUE,TRUE,TRUE,FALSE,0.04110586643218994,8484149
2025020563,839,even-strength,80,1,FALSE,TRUE,TRUE,TRUE,TRUE,FALSE,0.2805789113044739,8478109
2025020563,840,even-strength,84,5,FALSE,TRUE,TRUE,FALSE,FALSE,FALSE,0,8478109
2025020563,841,even-strength,42,21,FALSE,FALSE,TRUE,FALSE,FALSE,FALSE,0,8476312
2025020563,842,even-strength,70,-19,FALSE,FALSE,TRUE,FALSE,FALSE,FALSE,0,8484149
2025020563,903,even-strength,77,-1,FALSE,FALSE,TRUE,FALSE,FALSE,FALSE,0,8480835
2025020563,1043,even-strength,28,-28,FALSE,FALSE,TRUE,TRUE,TRUE,FALSE,0.00796586275100708,8480069
2025020563,1063,even-strength,65,-18,FALSE,FALSE,TRUE,TRUE,TRUE,TRUE,0.14961367845535278,8475754
2025020563,1100,even-strength,73,-36,FALSE,FALSE,TRUE,TRUE,TRUE,FALSE,0.006869137287139893,8484258
2025020563,1107,even-strength,69,11,FALSE,FALSE,TRUE,FALSE,FALSE,FALSE,0,8480448
2025020563,1118,even-strength,88,14,FALSE,FALSE,TRUE,TRUE,FALSE,FALSE,0.02375483512878418,8484258
2025020594,90,even-strength,30,-26,FALSE,TRUE,TRUE,TRUE,TRUE,FALSE,0.016875743865966797,8480049
2025020594,101,even-strength,75,7,FALSE,FALSE,TRUE,FALSE,FALSE,FALSE,0,8477504
2025020594,140,even-strength,66,-11,FALSE,FALSE,TRUE,TRUE,FALSE,FALSE,0.04726964235305786,8482149
2025020594,151,even-strength,54,-37,FALSE,FALSE,TRUE,TRUE,FALSE,FALSE,0.01216113567352295,8476480
2025020594,153,even-strength,78,-14,FALSE,TRUE,TRUE,TRUE,FALSE,FALSE,0.01841336488723755,8480289
2025020594,237,even-strength,86,15,FALSE,FALSE,TRUE,TRUE,TRUE,FALSE,0.04756343364715576,8482149
2025020594,238,even-strength,34,-31,FALSE,FALSE,TRUE,FALSE,FALSE,FALSE,0,8480049
2025020594,245,even-strength,91,-8,FALSE,FALSE,TRUE,TRUE,TRUE,FALSE,0.022598743438720703,8476460
2025020594,261,even-strength,50,5,FALSE,FALSE,TRUE,TRUE,TRUE,TRUE,0.08184021711349487,8477504
2025020594,289,power-play,77,0,FALSE,FALSE,TRUE,FALSE,FALSE,FALSE,0,8480014
2025020594,290,power-play,36,0,FALSE,FALSE,TRUE,TRUE,TRUE,FALSE,0.03312760591506958,8477504
2025020594,295,power-play,78,-5,FALSE,FALSE,TRUE,FALSE,FALSE,FALSE,0,8480014
2025020594,298,power-play,84,-18,FALSE,FALSE,TRUE,TRUE,TRUE,FALSE,0.10332155227661133,8474679
2025020594,301,even-strength,88,-8,FALSE,TRUE,TRUE,TRUE,FALSE,FALSE,0.00798100233078003,8476460
2025020594,302,power-play,82,-3,FALSE,TRUE,TRUE,TRUE,TRUE,FALSE,0.07706111669540405,8478398
2025020594,353,power-play,77,-6,FALSE,FALSE,TRUE,TRUE,TRUE,FALSE,0.11157381534576416,8475799
2025020594,366,even-strength,68,16,FALSE,FALSE,TRUE,TRUE,FALSE,FALSE,0.09110903739929199,8480289
2025020594,368,even-strength,68,-22,FALSE,FALSE,TRUE,TRUE,FALSE,FALSE,0.08725190162658691,8476871
2025020594,369,even-strength,28,-3,FALSE,FALSE,TRUE,TRUE,TRUE,FALSE,0.02337968349456787,8476331
2025020594,375,even-strength,74,11,FALSE,FALSE,TRUE,TRUE,TRUE,FALSE,0.04264134168624878,8480014
2025020594,393,even-strength,78,-8,FALSE,FALSE,TRUE,FALSE,FALSE,FALSE,0,8480289
2025020594,492,penalty-kill,60,13,FALSE,FALSE,TRUE,FALSE,FALSE,FALSE,0,8476392
2025020594,585,power-play,58,16,FALSE,FALSE,TRUE,TRUE,FALSE,FALSE,0.09135931730270386,8474679
2025020594,591,even-strength,72,-20,FALSE,FALSE,TRUE,TRUE,TRUE,FALSE,0.05673938989639282,8480289
2025020594,600,even-strength,76,-23,FALSE,FALSE,TRUE,TRUE,TRUE,FALSE,0.03075510263442993,8480014
2025020594,616,even-strength,76,1,FALSE,FALSE,TRUE,FALSE,FALSE,FALSE,0,8476460
2025020594,626,even-strength,16,39,TRUE,FALSE,TRUE,TRUE,TRUE,FALSE,4.163384437561035e-4,8477504
2025020594,651,penalty-kill,63,24,FALSE,FALSE,TRUE,FALSE,FALSE,FALSE,0,8474679
2025020594,653,even-strength,42,7,FALSE,FALSE,TRUE,TRUE,FALSE,FALSE,0.004911243915557861,8476480
2025020594,677,even-strength,58,-15,FALSE,FALSE,TRUE,FALSE,FALSE,FALSE,0,8479378
2025020594,695,power-play,58,-21,TRUE,FALSE,TRUE,TRUE,TRUE,FALSE,0.06772381067276001,8482149
2025020594,708,even-strength,57,27,FALSE,FALSE,TRUE,TRUE,TRUE,FALSE,0.004696369171142578,8480289
2025020594,711,even-strength,80,1,FALSE,FALSE,TRUE,TRUE,FALSE,FALSE,0.23255854845046997,8476392
2025020594,712,even-strength,37,40,FALSE,FALSE,TRUE,TRUE,FALSE,FALSE,0.0051757097244262695,8480289
2025020594,726,even-strength,74,-19,FALSE,FALSE,TRUE,TRUE,TRUE,FALSE,0.06353366374969482,8474568
2025020594,729,even-strength,78,-4,FALSE,FALSE,TRUE,FALSE,FALSE,FALSE,0,8476460
2025020594,730,even-strength,84,3,FALSE,FALSE,TRUE,FALSE,FALSE,FALSE,0,8480014
2025020594,750,even-strength,78,8,FALSE,FALSE,TRUE,TRUE,FALSE,FALSE,0.09611368179321289,8480289
2025020594,762,even-strength,70,11,FALSE,FALSE,TRUE,TRUE,TRUE,TRUE,0.2370474934577942,8478398
2025020594,774,even-strength,62,11,FALSE,FALSE,TRUE,TRUE,FALSE,FALSE,0.049968183040618896,8480014
2025020594,786,even-strength,46,24,FALSE,FALSE,TRUE,FALSE,FALSE,FALSE,0,8480049
2025020594,790,even-strength,39,12,FALSE,FALSE,TRUE,TRUE,TRUE,FALSE,0.033634960651397705,8477504
2025020594,795,even-strength,58,4,FALSE,FALSE,TRUE,TRUE,TRUE,TRUE,0.0722532868385315,8476460
2025020594,807,even-strength,71,10,FALSE,FALSE,TRUE,FALSE,FALSE,FALSE,0,8480049
2025020594,832,even-strength,33,-23,FALSE,FALSE,TRUE,TRUE,FALSE,FALSE,0.020641863346099854,8476331
2025020594,852,even-strength,78,3,FALSE,FALSE,TRUE,FALSE,FALSE,FALSE,0,8479378
2025020594,861,even-strength,79,11,FALSE,FALSE,TRUE,FALSE,FALSE,FALSE,0,8476460
2025020594,888,even-strength,83,29,FALSE,FALSE,TRUE,FALSE,FALSE,FALSE,0,8476392
2025020594,891,even-strength,75,37,FALSE,FALSE,TRUE,TRUE,FALSE,FALSE,0.01071774959564209,8476871
2025020594,899,even-strength,73,-12,FALSE,FALSE,TRUE,TRUE,TRUE,FALSE,0.2757164239883423,8476460
2025020594,910,even-strength,67,7,FALSE,FALSE,TRUE,FALSE,FALSE,FALSE,0,8477504
2025020594,919,even-strength,83,2,FALSE,FALSE,TRUE,TRUE,TRUE,FALSE,0.24439764022827148,8476460
2025020594,924,even-strength,43,34,FALSE,FALSE,TRUE,FALSE,FALSE,FALSE,0,8479378
2025020594,929,even-strength,47,23,FALSE,FALSE,TRUE,TRUE,TRUE,FALSE,0.030334532260894775,8475799
2025020594,959,even-strength,42,-25,FALSE,FALSE,TRUE,TRUE,FALSE,FALSE,0.02834451198577881,8474568
2025020594,961,even-strength,70,11,FALSE,FALSE,TRUE,TRUE,TRUE,FALSE,0.05214434862136841,8482149
2025020594,1018,even-strength,31,9,FALSE,FALSE,TRUE,TRUE,TRUE,FALSE,0.048029303550720215,8480049
2025020594,1023,even-strength,35,-8,FALSE,FALSE,TRUE,TRUE,TRUE,FALSE,0.005244612693786621,8475799
2025020594,1072,even-strength,58,18,FALSE,FALSE,TRUE,TRUE,TRUE,FALSE,0.05736412837703911,8476460
2025020625,148,even-strength,57,20,FALSE,FALSE,TRUE,TRUE,TRUE,FALSE,0.09799516201019287,8475726
2025020625,155,even-strength,82,2,FALSE,TRUE,TRUE,FALSE,FALSE,FALSE,0,8476624
2025020625,156,even-strength,84,2,FALSE,TRUE,TRUE,FALSE,FALSE,FALSE,0,8471817
2025020625,157,even-strength,59,36,FALSE,FALSE,TRUE,TRUE,TRUE,FALSE,0.00910031795501709,8475200
2025020625,160,even-strength,57,-24,FALSE,FALSE,TRUE,TRUE,FALSE,FALSE,0.02695685625076294,8475726
2025020625,283,even-strength,56,-18,FALSE,FALSE,TRUE,FALSE,FALSE,FALSE,0,8476624
2025020625,290,even-strength,60,-36,TRUE,FALSE,TRUE,TRUE,TRUE,FALSE,0.01151043176651001,8483630
2025020625,301,even-strength,83,0,FALSE,FALSE,TRUE,TRUE,TRUE,FALSE,0.136652410030365,8484911
2025020625,311,even-strength,87,6,FALSE,FALSE,TRUE,TRUE,TRUE,FALSE,0.05098634958267212,8471817
2025020625,312,even-strength,79,9,FALSE,TRUE,TRUE,TRUE,TRUE,FALSE,0.030789077281951904,8471817
2025020625,402,even-strength,65,-18,FALSE,FALSE,TRUE,TRUE,TRUE,FALSE,0.131755530834198,8476624
2025020625,404,even-strength,31,-1,FALSE,FALSE,TRUE,TRUE,FALSE,FALSE,0.033653199672698975,8475200
2025020625,410,even-strength,88,6,FALSE,FALSE,TRUE,TRUE,FALSE,FALSE,0.03544241189956665,8482667
2025020625,411,even-strength,73,0,FALSE,TRUE,TRUE,TRUE,FALSE,FALSE,0.014181435108184814,8484994
2025020625,417,even-strength,79,3,FALSE,FALSE,TRUE,TRUE,FALSE,FALSE,0.018551766872406006,8482859
2025020625,438,even-strength,69,8,FALSE,FALSE,TRUE,TRUE,TRUE,FALSE,0.1400090456008911,8483630
2025020625,451,even-strength,69,20,FALSE,FALSE,TRUE,FALSE,FALSE,FALSE,0,8482667
2025020625,452,even-strength,70,5,FALSE,FALSE,TRUE,TRUE,TRUE,TRUE,0.17816835641860962,8484994
2025020625,454,even-strength,76,-2,FALSE,FALSE,TRUE,TRUE,FALSE,FALSE,0.11482059955596924,8476624
2025020625,455,even-strength,82,0,FALSE,TRUE,TRUE,FALSE,FALSE,FALSE,0,8471817
2025020625,458,even-strength,0,40,FALSE,FALSE,TRUE,TRUE,TRUE,FALSE,6.07609748840332e-4,8482859
2025020625,501,even-strength,61,-35,FALSE,FALSE,TRUE,TRUE,TRUE,FALSE,0.0033302903175354004,8475906
2025020625,542,even-strength,58,4,FALSE,FALSE,TRUE,TRUE,TRUE,FALSE,0.05526214838027954,8484806
2025020625,558,even-strength,36,41,FALSE,FALSE,TRUE,TRUE,TRUE,FALSE,0.004727065563201904,8479983
2025020625,563,even-strength,44,32,FALSE,FALSE,TRUE,TRUE,TRUE,FALSE,0.017689883708953857,8479983
2025020625,636,even-strength,4,-39,FALSE,FALSE,TRUE,TRUE,TRUE,FALSE,0.0019668936729431152,8475726
2025020625,641,even-strength,57,14,FALSE,FALSE,TRUE,FALSE,FALSE,FALSE,0,8479983
2025020625,642,even-strength,81,-5,FALSE,FALSE,TRUE,FALSE,FALSE,FALSE,0,8482861
2025020625,645,even-strength,72,8,FALSE,FALSE,TRUE,FALSE,FALSE,FALSE,0,8479983
2025020625,655,even-strength,78,-3,FALSE,FALSE,TRUE,FALSE,FALSE,FALSE,0,8482166
2025020625,666,even-strength,49,26,FALSE,FALSE,TRUE,TRUE,FALSE,FALSE,0.04298192262649536,8483630
2025020625,683,power-play,35,-10,FALSE,FALSE,TRUE,TRUE,TRUE,FALSE,0.02427208423614502,8475906
2025020625,686,power-play,82,1,FALSE,FALSE,TRUE,FALSE,FALSE,FALSE,0,8475726
2025020625,696,power-play,85,-5,FALSE,FALSE,TRUE,TRUE,TRUE,FALSE,0.16522610187530518,8483630
2025020625,697,power-play,49,3,FALSE,FALSE,TRUE,TRUE,TRUE,TRUE,0.058728933334350586,8475784
2025020625,756,even-strength,81,-28,FALSE,FALSE,TRUE,FALSE,FALSE,FALSE,0,8475784
2025020625,782,even-strength,33,-12,FALSE,FALSE,TRUE,TRUE,TRUE,FALSE,0.035298943519592285,8482166
2025020625,783,even-strength,66,39,FALSE,TRUE,TRUE,TRUE,TRUE,FALSE,0.004507184028625488,8479983
2025020625,790,even-strength,75,15,FALSE,FALSE,TRUE,TRUE,TRUE,TRUE,0.18328994512557983,8484801
2025020625,857,even-strength,82,-9,FALSE,FALSE,TRUE,FALSE,FALSE,FALSE,0,8475784
2025020625,858,even-strength,28,28,FALSE,FALSE,TRUE,TRUE,FALSE,FALSE,0.012802600860595703,8484806
2025020625,871,even-strength,40,-13,FALSE,FALSE,TRUE,TRUE,TRUE,FALSE,0.03487139940261841,8482166
2025020625,886,even-strength,5,-40,FALSE,FALSE,TRUE,TRUE,TRUE,FALSE,0.0013640522956848145,8475906
2025020625,916,even-strength,69,10,FALSE,FALSE,TRUE,TRUE,TRUE,FALSE,0.11884737014770508,8475726
2025020625,939,even-strength,53,19,FALSE,FALSE,TRUE,TRUE,TRUE,FALSE,0.006518363952636719,8484801
2025020625,962,even-strength,59,14,FALSE,FALSE,TRUE,TRUE,FALSE,FALSE,0.055100202560424805,8477505
2025020625,964,even-strength,83,-8,FALSE,FALSE,TRUE,TRUE,FALSE,FALSE,0.060252487659454346,8484911
2025020625,972,even-strength,84,-9,FALSE,FALSE,TRUE,TRUE,TRUE,FALSE,0.009580671787261963,8483630
2025020625,988,even-strength,59,-9,FALSE,FALSE,TRUE,FALSE,FALSE,FALSE,0,8484801
2025020625,1021,even-strength,61,-3,FALSE,FALSE,TRUE,FALSE,FALSE,FALSE,0,8484801
2025020625,1030,even-strength,60,-21,FALSE,FALSE,TRUE,TRUE,TRUE,FALSE,0.07947695698987411,8484801
2025020625,1036,even-strength,54,-13,FALSE,FALSE,TRUE,TRUE,TRUE,FALSE,0.0204174267548476,8484801
2025020625,1046,even-strength,56,0,FALSE,FALSE,TRUE,TRUE,FALSE,FALSE,0.10775054128266863,8475906
2025020655,11,even-strength,83,-20,FALSE,FALSE,TRUE,FALSE,FALSE,FALSE,0,8482730
2025020655,15,even-strength,82,2,FALSE,FALSE,TRUE,TRUE,TRUE,TRUE,0.2178998589515686,8482124
2025020655,116,even-strength,74,15,FALSE,FALSE,TRUE,FALSE,FALSE,FALSE,0,8482155
2025020655,117,even-strength,67,-10,FALSE,FALSE,TRUE,TRUE,TRUE,FALSE,0.06119042634963989,8482155
2025020655,139,even-strength,44,39,FALSE,FALSE,TRUE,TRUE,FALSE,FALSE,0.007276475429534912,8477960
2025020655,140,even-strength,60,-32,FALSE,TRUE,TRUE,FALSE,FALSE,FALSE,0,8474563
2025020655,174,even-strength,73,19,FALSE,FALSE,TRUE,TRUE,TRUE,FALSE,0.012035250663757324,8477960
2025020655,178,even-strength,70,19,TRUE,FALSE,TRUE,FALSE,FALSE,FALSE,0,8476441
2025020655,180,even-strength,80,-6,FALSE,FALSE,TRUE,TRUE,TRUE,TRUE,0.12918537855148315,8477960
2025020655,203,even-strength,80,-7,FALSE,FALSE,TRUE,TRUE,FALSE,FALSE,0.04901009798049927,8477998
2025020655,215,even-strength,84,9,FALSE,FALSE,TRUE,FALSE,FALSE,FALSE,0,8483808
2025020655,216,even-strength,92,-4,FALSE,TRUE,TRUE,TRUE,TRUE,FALSE,0.07574242353439331,8477942
2025020655,225,even-strength,78,-11,TRUE,FALSE,TRUE,FALSE,FALSE,FALSE,0,8476879
2025020655,250,even-strength,70,14,FALSE,FALSE,TRUE,FALSE,FALSE,FALSE,0,8482730
2025020655,257,even-strength,-93,28,FALSE,FALSE,TRUE,TRUE,TRUE,FALSE,0.0016277432441711426,8476441
2025020655,264,even-strength,64,16,FALSE,FALSE,TRUE,TRUE,FALSE,FALSE,0.02638852596282959,8482155
2025020655,266,even-strength,63,21,FALSE,FALSE,TRUE,TRUE,FALSE,FALSE,0.0488736629486084,8481532
2025020655,267,even-strength,46,36,FALSE,FALSE,TRUE,TRUE,FALSE,FALSE,0.010304570198059082,8482155
2025020655,268,even-strength,66,-38,FALSE,TRUE,TRUE,TRUE,TRUE,FALSE,0.007586658000946045,8476879
2025020655,282,even-strength,51,-1,FALSE,FALSE,TRUE,TRUE,FALSE,FALSE,0.08012509346008301,8483808
2025020655,283,even-strength,84,3,TRUE,FALSE,TRUE,TRUE,TRUE,FALSE,0.2377193570137024,8477942
2025020655,352,even-strength,56,-24,FALSE,FALSE,TRUE,TRUE,TRUE,FALSE,0.047688424587249756,8477960
2025020655,354,even-strength,80,-6,FALSE,FALSE,TRUE,FALSE,FALSE,FALSE,0,8474563
2025020655,362,even-strength,72,6,FALSE,FALSE,TRUE,TRUE,TRUE,FALSE,0.10045671463012695,8482124
2025020655,365,even-strength,46,-8,FALSE,FALSE,TRUE,TRUE,TRUE,FALSE,0.038391292095184326,8475208
2025020655,370,even-strength,86,-7,FALSE,FALSE,TRUE,TRUE,FALSE,FALSE,0.04140275716781616,8483808
2025020655,378,even-strength,36,-8,FALSE,FALSE,TRUE,TRUE,TRUE,FALSE,0.010492086410522461,8479998
2025020655,455,even-strength,92,-13,FALSE,TRUE,TRUE,TRUE,TRUE,FALSE,0.018221378326416016,8470621
2025020655,459,power-play,64,-27,FALSE,FALSE,TRUE,TRUE,FALSE,FALSE,0.08177649974822998,8477942
2025020655,518,power-play,82,19,FALSE,FALSE,TRUE,TRUE,FALSE,FALSE,0.09979617595672607,8477942
2025020655,529,power-play,60,-2,FALSE,FALSE,TRUE,FALSE,FALSE,FALSE,0,8477960
2025020655,532,power-play,58,0,FALSE,FALSE,TRUE,FALSE,FALSE,FALSE,0,8474563
2025020655,571,even-strength,82,7,FALSE,FALSE,TRUE,FALSE,FALSE,FALSE,0,8477960
2025020655,582,even-strength,33,0,FALSE,FALSE,TRUE,TRUE,FALSE,FALSE,0.038421809673309326,8483808
2025020655,583,even-strength,61,-30,FALSE,FALSE,TRUE,TRUE,TRUE,FALSE,0.07519572973251343,8470621
2025020655,595,even-strength,48,-14,FALSE,FALSE,TRUE,TRUE,TRUE,FALSE,0.09139752388000488,8476469
2025020655,596,even-strength,83,-6,FALSE,FALSE,TRUE,TRUE,TRUE,FALSE,0.1958681344985962,8482408
2025020655,598,even-strength,81,3,FALSE,FALSE,TRUE,FALSE,FALSE,FALSE,0,8476879
2025020655,600,even-strength,71,14,FALSE,FALSE,TRUE,TRUE,FALSE,FALSE,0.12625038623809814,8471685
2025020655,604,even-strength,65,15,FALSE,FALSE,TRUE,FALSE,FALSE,FALSE,0,8471685
2025020655,606,even-strength,78,11,FALSE,FALSE,TRUE,FALSE,FALSE,FALSE,0,8474563
2025020655,627,even-strength,65,-21,FALSE,FALSE,TRUE,TRUE,TRUE,FALSE,0.03178054094314575,8482124
2025020655,639,even-strength,33,-32,FALSE,FALSE,TRUE,TRUE,TRUE,FALSE,0.005666017532348633,8482730
2025020655,642,even-strength,84,-10,FALSE,FALSE,TRUE,TRUE,FALSE,FALSE,0.06801319122314453,8477942
2025020655,645,even-strength,68,1,FALSE,FALSE,TRUE,TRUE,TRUE,FALSE,0.1740870475769043,8483808
2025020655,650,even-strength,73,11,FALSE,FALSE,TRUE,FALSE,FALSE,FALSE,0,8477960
2025020655,658,power-play,36,-12,FALSE,FALSE,TRUE,TRUE,FALSE,FALSE,0.037316203117370605,8474563
2025020655,668,power-play,86,3,FALSE,FALSE,TRUE,TRUE,TRUE,TRUE,0.29683053493499756,8470621
2025020655,696,even-strength,37,-4,FALSE,FALSE,TRUE,TRUE,TRUE,FALSE,0.026591777801513672,8482730
2025020655,709,even-strength,29,-3,FALSE,FALSE,TRUE,TRUE,FALSE,FALSE,0.021265268325805664,8474563
2025020655,726,even-strength,34,-30,FALSE,FALSE,TRUE,TRUE,FALSE,FALSE,0.008451223373413086,8477960
2025020655,740,even-strength,63,-15,FALSE,FALSE,TRUE,TRUE,TRUE,FALSE,0.11668562889099121,8477942
2025020655,750,even-strength,70,8,FALSE,FALSE,TRUE,FALSE,FALSE,FALSE,0,8482155
2025020655,751,even-strength,79,16,FALSE,TRUE,TRUE,TRUE,FALSE,FALSE,0.00851505994796753,8471685
2025020655,752,even-strength,26,-25,FALSE,FALSE,TRUE,TRUE,FALSE,FALSE,0.006489574909210205,8479998
2025020655,755,even-strength,63,35,FALSE,FALSE,TRUE,TRUE,TRUE,FALSE,0.006811261177062988,8477960
2025020655,760,even-strength,47,-12,FALSE,FALSE,TRUE,TRUE,TRUE,FALSE,0.052192866802215576,8474563
2025020655,768,even-strength,74,24,FALSE,FALSE,TRUE,TRUE,TRUE,FALSE,0.02609407901763916,8477998
2025020655,773,even-strength,26,-33,TRUE,FALSE,TRUE,TRUE,TRUE,FALSE,6.206035614013672e-4,8476879
2025020655,777,even-strength,72,11,FALSE,FALSE,TRUE,FALSE,FALSE,FALSE,0,8482124
2025020655,787,even-strength,51,-7,FALSE,FALSE,TRUE,FALSE,FALSE,FALSE,0,8483808
2025020655,793,even-strength,-25,-6,FALSE,FALSE,TRUE,TRUE,TRUE,FALSE,0.0038947463035583496,8474563
2025020655,853,even-strength,61,-27,FALSE,FALSE,TRUE,TRUE,FALSE,FALSE,0.02053147554397583,8477960
2025020655,855,even-strength,84,-5,FALSE,FALSE,TRUE,FALSE,FALSE,FALSE,0,8482155
2025020655,871,even-strength,34,18,FALSE,FALSE,TRUE,TRUE,FALSE,FALSE,0.03732174634933472,8475208
2025020655,881,even-strength,80,9,FALSE,FALSE,TRUE,FALSE,FALSE,FALSE,0,8477942
2025020655,882,even-strength,74,5,FALSE,FALSE,TRUE,TRUE,TRUE,FALSE,0.06437188386917114,8481532
2025020655,883,even-strength,86,-5,FALSE,FALSE,TRUE,TRUE,TRUE,FALSE,0.18898987770080566,8483808
2025020655,908,even-strength,-92,-30,FALSE,FALSE,TRUE,TRUE,TRUE,FALSE,0.0018350481986999512,8482730
2025020655,916,even-strength,68,15,FALSE,FALSE,TRUE,TRUE,TRUE,TRUE,0.12224864959716797,8482726
2025020655,924,even-strength,78,-15,FALSE,FALSE,TRUE,FALSE,FALSE,FALSE,0,8482408
2025020655,925,even-strength,84,6,FALSE,FALSE,TRUE,FALSE,FALSE,FALSE,0,8482408
2025020655,926,even-strength,34,-30,TRUE,FALSE,TRUE,TRUE,TRUE,FALSE,0.02923572063446045,8474563
2025020655,988,even-strength,-3,-34,FALSE,FALSE,TRUE,TRUE,TRUE,FALSE,0.0015437602996826172,8482155
2025020655,1029,even-strength,81,0,FALSE,FALSE,TRUE,TRUE,TRUE,FALSE,0.21472974338445053,8482124
2025020655,1030,even-strength,83,6,FALSE,TRUE,TRUE,TRUE,TRUE,FALSE,0.07086993947011727,8482124
2025020655,1051,even-strength,56,-3,FALSE,FALSE,TRUE,TRUE,TRUE,FALSE,0.09307391959456722,8477942
2025020655,1053,even-strength,52,3,FALSE,FALSE,TRUE,TRUE,TRUE,FALSE,0.1040772795677185,8474563
2025020655,1054,even-strength,40,1,FALSE,FALSE,TRUE,TRUE,FALSE,FALSE,0.08379358053207397,8474563
2025020655,1062,power-play,48,-17,FALSE,FALSE,TRUE,TRUE,FALSE,FALSE,0.05346369743347168,8477942
2025020655,1063,power-play,73,-24,FALSE,FALSE,TRUE,TRUE,TRUE,FALSE,0.12808328866958618,8477960
2025020655,1064,power-play,71,5,FALSE,FALSE,TRUE,FALSE,FALSE,FALSE,0,8477942
2025020655,1067,power-play,64,-17,FALSE,FALSE,TRUE,TRUE,TRUE,FALSE,0.11950945854187012,8470621
2025020655,1072,power-play,75,3,FALSE,FALSE,TRUE,TRUE,FALSE,FALSE,0.172105073928833,8470621
2025020693,41,even-strength,79,-4,FALSE,FALSE,TRUE,TRUE,FALSE,FALSE,0.04151409864425659,8482665
2025020693,100,even-strength,40,10,FALSE,FALSE,TRUE,TRUE,TRUE,FALSE,0.015807747840881348,8480009
2025020693,105,even-strength,67,38,FALSE,FALSE,TRUE,TRUE,TRUE,FALSE,0.003216981887817383,8479324
2025020693,109,even-strength,-11,31,FALSE,FALSE,TRUE,TRUE,TRUE,FALSE,3.662109375e-4,8480009
2025020693,123,even-strength,43,31,TRUE,FALSE,TRUE,TRUE,TRUE,FALSE,0.00944221019744873,8478407
2025020693,135,even-strength,50,11,FALSE,FALSE,TRUE,FALSE,FALSE,FALSE,0,8484800
2025020693,145,even-strength,66,35,FALSE,FALSE,TRUE,TRUE,FALSE,FALSE,0.006645083427429199,8482858
2025020693,147,even-strength,81,9,FALSE,FALSE,TRUE,TRUE,TRUE,FALSE,0.08447986841201782,8483524
2025020693,153,even-strength,32,-5,FALSE,FALSE,TRUE,TRUE,FALSE,FALSE,0.007185757160186768,8478407
2025020693,163,even-strength,53,30,FALSE,FALSE,TRUE,TRUE,TRUE,FALSE,0.003521740436553955,8477955
2025020693,209,even-strength,70,-2,FALSE,TRUE,TRUE,FALSE,FALSE,FALSE,0,8480009
2025020693,271,even-strength,52,-27,FALSE,FALSE,TRUE,FALSE,FALSE,FALSE,0,8477955
2025020693,296,even-strength,35,-34,FALSE,FALSE,TRUE,TRUE,TRUE,FALSE,0.011477947235107422,8476457
2025020693,315,even-strength,77,-7,FALSE,FALSE,TRUE,TRUE,FALSE,FALSE,0.07500135898590088,8482665
2025020693,321,even-strength,54,-39,FALSE,FALSE,TRUE,TRUE,FALSE,FALSE,0.006832778453826904,8481789
2025020693,322,even-strength,28,0,FALSE,FALSE,TRUE,TRUE,FALSE,FALSE,0.029874086380004883,8479985
2025020693,330,power-play,62,-4,FALSE,FALSE,TRUE,TRUE,TRUE,FALSE,0.13673990964889526,8482665
2025020693,341,power-play,51,9,FALSE,FALSE,TRUE,TRUE,TRUE,FALSE,0.06902563571929932,8484800
2025020693,352,even-strength,87,-4,FALSE,FALSE,TRUE,TRUE,TRUE,FALSE,0.2259383201599121,8481554
2025020693,353,even-strength,32,-12,FALSE,FALSE,TRUE,TRUE,FALSE,FALSE,0.020419180393218994,8476467
2025020693,354,even-strength,87,33,FALSE,FALSE,TRUE,TRUE,FALSE,FALSE,0.012380123138427734,8477955
2025020693,403,even-strength,60,-25,FALSE,FALSE,TRUE,TRUE,FALSE,FALSE,0.04718846082687378,8484800
2025020693,417,even-strength,83,4,FALSE,FALSE,TRUE,TRUE,TRUE,FALSE,0.18459028005599976,8483570
2025020693,455,even-strength,88,-5,FALSE,FALSE,TRUE,TRUE,TRUE,FALSE,0.06967586278915405,8481789
2025020693,464,power-play,87,-5,FALSE,TRUE,TRUE,FALSE,FALSE,FALSE,0,8482665
2025020693,507,even-strength,72,-16,FALSE,FALSE,TRUE,FALSE,FALSE,FALSE,0,8482874
2025020693,519,even-strength,57,15,FALSE,FALSE,TRUE,TRUE,TRUE,FALSE,0.07990419864654541,8479324
2025020693,555,even-strength,59,34,FALSE,FALSE,TRUE,TRUE,FALSE,FALSE,0.0034149885177612305,8481789
2025020693,562,even-strength,65,23,FALSE,FALSE,TRUE,TRUE,FALSE,FALSE,0.0667417049407959,8483524
2025020693,591,even-strength,41,-12,FALSE,FALSE,TRUE,TRUE,FALSE,FALSE,0.021452784538269043,8483570
2025020693,601,even-strength,46,37,FALSE,FALSE,TRUE,TRUE,FALSE,FALSE,0.011019706726074219,8478407
2025020693,663,even-strength,52,29,FALSE,FALSE,TRUE,TRUE,TRUE,FALSE,8.941292762756348e-4,8478407
2025020693,664,even-strength,41,-32,FALSE,TRUE,TRUE,TRUE,TRUE,FALSE,0.01587069034576416,8476457
2025020693,665,even-strength,75,6,FALSE,TRUE,TRUE,TRUE,FALSE,FALSE,0.03732937574386597,8478407
2025020693,666,even-strength,28,-35,FALSE,FALSE,TRUE,TRUE,FALSE,FALSE,0.003154754638671875,8476457
2025020693,667,even-strength,48,5,FALSE,FALSE,TRUE,TRUE,FALSE,FALSE,0.05443215370178223,8477955
2025020693,668,even-strength,73,-2,FALSE,FALSE,TRUE,TRUE,TRUE,FALSE,0.06479787826538086,8482665
2025020693,677,even-strength,56,7,FALSE,FALSE,TRUE,FALSE,FALSE,FALSE,0,8476467
2025020693,695,even-strength,80,-29,FALSE,FALSE,TRUE,TRUE,TRUE,FALSE,0.014666855335235596,8481554
2025020693,701,even-strength,78,4,FALSE,FALSE,TRUE,TRUE,FALSE,FALSE,0.08277970552444458,8477955
2025020693,706,even-strength,91,-30,FALSE,FALSE,TRUE,TRUE,TRUE,FALSE,0.010494768619537354,8477919
2025020693,741,even-strength,60,13,FALSE,FALSE,TRUE,FALSE,FALSE,FALSE,0,8482751
2025020693,802,even-strength,59,16,FALSE,FALSE,TRUE,TRUE,FALSE,FALSE,0.018739938735961914,8483570
2025020693,804,even-strength,55,18,FALSE,TRUE,TRUE,TRUE,FALSE,FALSE,0.005829930305480957,8478407
2025020693,805,even-strength,52,-27,FALSE,TRUE,TRUE,TRUE,TRUE,TRUE,0.0387687087059021,8476457
2025020693,859,power-play,54,-17,FALSE,FALSE,TRUE,TRUE,TRUE,FALSE,0.01377648115158081,8477955
2025020693,862,power-play,54,17,FALSE,FALSE,TRUE,TRUE,FALSE,FALSE,0.07608932256698608,8482665
2025020693,863,power-play,47,11,TRUE,FALSE,TRUE,TRUE,TRUE,FALSE,0.05934971570968628,8478407
2025020693,868,power-play,47,1,FALSE,FALSE,TRUE,TRUE,TRUE,FALSE,0.06616872549057007,8478407
2025020693,879,power-play,61,24,FALSE,FALSE,TRUE,TRUE,FALSE,FALSE,0.06038534641265869,8483524
2025020693,880,power-play,72,-23,FALSE,FALSE,TRUE,TRUE,TRUE,FALSE,0.05589085817337036,8480009
2025020693,881,power-play,73,1,FALSE,TRUE,TRUE,TRUE,FALSE,FALSE,0.05441468954086304,8483524
2025020693,891,power-play,56,-18,FALSE,FALSE,TRUE,TRUE,TRUE,FALSE,0.054919302463531494,8477955
2025020693,892,power-play,61,-25,FALSE,FALSE,TRUE,TRUE,TRUE,FALSE,0.05953073501586914,8477955
2025020693,893,power-play,78,-1,FALSE,TRUE,TRUE,TRUE,TRUE,TRUE,0.2190394401550293,8482665
2025020693,904,even-strength,73,-40,TRUE,FALSE,TRUE,TRUE,FALSE,FALSE,8.392333984375e-4,8477919
2025020693,913,even-strength,62,22,FALSE,FALSE,TRUE,TRUE,FALSE,FALSE,0.04488605260848999,8483570
2025020693,962,even-strength,53,-20,FALSE,FALSE,TRUE,TRUE,TRUE,FALSE,0.03389018774032593,8477919
2025020693,995,even-strength,66,18,FALSE,FALSE,TRUE,TRUE,TRUE,FALSE,0.13933873176574707,8482665
2025020693,1002,even-strength,45,-17,FALSE,FALSE,TRUE,FALSE,FALSE,FALSE,0,8482858
2025020693,1011,even-strength,52,24,FALSE,FALSE,TRUE,FALSE,FALSE,FALSE,0,8478407
2025020721,75,even-strength,54,-37,FALSE,FALSE,TRUE,TRUE,FALSE,FALSE,0.003366410732269287,8477015
2025020721,141,even-strength,55,18,FALSE,FALSE,TRUE,TRUE,FALSE,FALSE,0.052237629890441895,8479407
2025020721,143,even-strength,48,1,FALSE,FALSE,TRUE,TRUE,FALSE,FALSE,0.06673359870910645,8481559
2025020721,144,even-strength,89,3,FALSE,TRUE,TRUE,FALSE,FALSE,FALSE,0,8478414
2025020721,152,even-strength,60,12,FALSE,FALSE,TRUE,FALSE,FALSE,FALSE,0,8481559
2025020721,219,even-strength,75,-8,FALSE,FALSE,TRUE,TRUE,TRUE,TRUE,0.19552361965179443,8482110
2025020721,261,power-play,73,10,FALSE,FALSE,TRUE,FALSE,FALSE,FALSE,0,8481559
2025020721,266,power-play,73,-15,FALSE,FALSE,TRUE,FALSE,FALSE,FALSE,0,8479407
2025020721,267,power-play,52,3,FALSE,FALSE,TRUE,TRUE,TRUE,FALSE,0.06733959913253784,8476462
2025020721,273,power-play,42,5,FALSE,FALSE,TRUE,TRUE,TRUE,FALSE,0.05689150094985962,8476462
2025020721,295,even-strength,47,33,FALSE,FALSE,TRUE,TRUE,TRUE,FALSE,0.032019853591918945,8482684
2025020721,303,even-strength,74,31,FALSE,FALSE,TRUE,TRUE,TRUE,FALSE,0.01682460308074951,8481721
2025020721,316,even-strength,43,-12,FALSE,FALSE,TRUE,TRUE,FALSE,FALSE,0.0452573299407959,8482684
2025020721,319,even-strength,54,29,FALSE,TRUE,TRUE,TRUE,FALSE,FALSE,0.015835344791412354,8480002
2025020721,325,even-strength,38,28,FALSE,FALSE,TRUE,TRUE,TRUE,FALSE,0.01233828067779541,8475455
2025020721,330,even-strength,72,28,FALSE,FALSE,TRUE,TRUE,TRUE,FALSE,0.018335044384002686,8481032
2025020721,351,power-play,84,-1,FALSE,FALSE,TRUE,TRUE,TRUE,FALSE,0.221086323261261,8480002
2025020721,352,even-strength,31,-12,FALSE,FALSE,TRUE,TRUE,FALSE,FALSE,0.03995776176452637,8477488
2025020721,414,even-strength,57,9,TRUE,FALSE,TRUE,FALSE,FALSE,FALSE,0,8478414
2025020721,431,even-strength,34,-12,FALSE,FALSE,TRUE,TRUE,FALSE,FALSE,0.03716635704040527,8476462
2025020721,433,even-strength,43,40,TRUE,FALSE,TRUE,TRUE,TRUE,FALSE,0.002049863338470459,8475455
2025020721,447,even-strength,30,6,FALSE,FALSE,TRUE,TRUE,TRUE,FALSE,0.028959274291992188,8482684
2025020721,501,power-play,82,3,FALSE,FALSE,TRUE,TRUE,TRUE,FALSE,0.20002007484436035,8480002
2025020721,502,even-strength,85,6,FALSE,TRUE,TRUE,TRUE,FALSE,FALSE,0.009968161582946777,8477015
2025020721,503,even-strength,83,7,FALSE,FALSE,TRUE,TRUE,FALSE,FALSE,0.09244704246520996,8482110
2025020721,553,even-strength,61,3,FALSE,FALSE,TRUE,FALSE,FALSE,FALSE,0,8482684
2025020721,561,even-strength,75,-7,FALSE,FALSE,TRUE,TRUE,TRUE,FALSE,0.10561084747314453,8481559
2025020721,583,even-strength,66,18,FALSE,FALSE,TRUE,FALSE,FALSE,FALSE,0,8478414
2025020721,588,even-strength,32,-1,FALSE,FALSE,TRUE,TRUE,TRUE,FALSE,0.005272328853607178,8480192
2025020721,595,even-strength,67,-27,FALSE,FALSE,TRUE,TRUE,FALSE,FALSE,0.028683960437774658,8481032
2025020721,596,even-strength,79,11,FALSE,TRUE,TRUE,FALSE,FALSE,FALSE,0,8478399
2025020721,608,even-strength,51,23,FALSE,FALSE,TRUE,TRUE,TRUE,FALSE,0.015871167182922363,8481559
2025020721,632,even-strength,55,23,FALSE,FALSE,TRUE,TRUE,TRUE,FALSE,0.04447746276855469,8477015
2025020721,642,even-strength,70,0,FALSE,FALSE,TRUE,FALSE,FALSE,FALSE,0,8479407
2025020721,646,even-strength,78,-2,FALSE,FALSE,TRUE,TRUE,TRUE,FALSE,0.15478515625,8481559
2025020721,690,even-strength,69,21,FALSE,FALSE,TRUE,TRUE,TRUE,FALSE,0.056453585624694824,8478414
2025020721,709,even-strength,62,2,FALSE,FALSE,TRUE,FALSE,FALSE,FALSE,0,8480002
2025020721,748,even-strength,61,20,FALSE,FALSE,TRUE,TRUE,TRUE,FALSE,0.05893564224243164,8482684
2025020721,751,even-strength,34,17,FALSE,FALSE,TRUE,TRUE,FALSE,FALSE,0.005200386047363281,8480002
2025020721,758,even-strength,83,-5,FALSE,FALSE,TRUE,TRUE,TRUE,TRUE,0.1342344880104065,8476292
2025020721,779,power-play,78,3,FALSE,FALSE,TRUE,TRUE,TRUE,FALSE,0.1556364893913269,8479996
2025020721,784,power-play,61,-1,FALSE,FALSE,TRUE,TRUE,FALSE,FALSE,0.14645665884017944,8482110
2025020721,819,even-strength,66,-20,FALSE,FALSE,TRUE,TRUE,TRUE,FALSE,0.08066219091415405,8477488
2025020721,821,even-strength,76,5,FALSE,FALSE,TRUE,FALSE,FALSE,FALSE,0,8477015
2025020721,822,even-strength,92,6,FALSE,TRUE,TRUE,TRUE,TRUE,FALSE,0.06850272417068481,8478414
2025020721,829,even-strength,63,-23,FALSE,FALSE,TRUE,FALSE,FALSE,FALSE,0,8481721
2025020721,857,even-strength,81,4,FALSE,FALSE,TRUE,TRUE,TRUE,TRUE,0.24194490909576416,8479407
2025020721,864,even-strength,77,-5,FALSE,FALSE,TRUE,TRUE,TRUE,TRUE,0.07686680555343628,8479407
2025020721,887,even-strength,80,5,FALSE,FALSE,TRUE,TRUE,TRUE,TRUE,0.19660919904708862,8476292
2025020721,896,even-strength,38,-2,FALSE,FALSE,TRUE,FALSE,FALSE,FALSE,0,8479996
2025020721,919,even-strength,81,19,FALSE,FALSE,TRUE,TRUE,TRUE,FALSE,0.058350205421447754,8479407
2025020721,921,even-strength,63,29,FALSE,FALSE,TRUE,TRUE,TRUE,FALSE,0.03727841377258301,8478399
2025020721,949,even-strength,42,-20,FALSE,FALSE,TRUE,TRUE,TRUE,FALSE,0.027215778827667236,8477488
2025020721,950,even-strength,82,17,FALSE,TRUE,TRUE,TRUE,TRUE,FALSE,0.2464086413383484,8479407
2025020721,971,even-strength,76,2,FALSE,FALSE,TRUE,FALSE,FALSE,FALSE,0,8477488
2025020721,1009,even-strength,70,21,TRUE,FALSE,TRUE,TRUE,FALSE,FALSE,0.11619412899017334,8481032
2025020721,1015,even-strength,71,-11,FALSE,FALSE,TRUE,FALSE,FALSE,FALSE,0,8476462
2025020744,235,even-strength,76,3,FALSE,FALSE,TRUE,TRUE,FALSE,FALSE,0.1967865228652954,8480113
2025020744,275,power-play,61,24,FALSE,FALSE,TRUE,TRUE,FALSE,FALSE,0.11975610256195068,8476460
2025020744,277,power-play,67,23,FALSE,FALSE,TRUE,TRUE,TRUE,FALSE,0.1632869839668274,8476460
2025020744,278,power-play,85,-4,FALSE,TRUE,TRUE,TRUE,TRUE,TRUE,0.4740133285522461,8473604
2025020744,298,even-strength,39,-32,FALSE,FALSE,TRUE,FALSE,FALSE,FALSE,0,8483510
2025020744,303,even-strength,77,-1,FALSE,FALSE,TRUE,FALSE,FALSE,FALSE,0,8476460
2025020744,305,even-strength,57,15,FALSE,FALSE,TRUE,FALSE,FALSE,FALSE,0,8479378
2025020744,306,even-strength,29,12,FALSE,FALSE,TRUE,TRUE,FALSE,FALSE,0.03156638145446777,8479378
2025020744,308,even-strength,68,-21,FALSE,FALSE,TRUE,TRUE,FALSE,FALSE,0.10319989919662476,8478398
2025020744,309,even-strength,35,-8,FALSE,FALSE,TRUE,TRUE,TRUE,FALSE,0.03229355812072754,8479378
2025020744,316,even-strength,62,18,TRUE,FALSE,TRUE,TRUE,TRUE,FALSE,0.11265212297439575,8480014
2025020744,320,even-strength,80,-10,FALSE,FALSE,TRUE,TRUE,TRUE,FALSE,0.14131510257720947,8482149
2025020744,341,even-strength,69,-16,TRUE,FALSE,TRUE,TRUE,TRUE,FALSE,0.006447792053222656,8480289
2025020744,342,even-strength,79,2,TRUE,TRUE,TRUE,TRUE,TRUE,TRUE,0.054520487785339355,8476871
2025020744,402,even-strength,44,7,FALSE,FALSE,TRUE,TRUE,TRUE,TRUE,0.019876539707183838,8477504
2025020744,451,even-strength,82,2,TRUE,TRUE,TRUE,TRUE,TRUE,FALSE,0.09447705745697021,8476871
2025020744,501,even-strength,63,-12,TRUE,TRUE,TRUE,TRUE,TRUE,FALSE,0.006372690200805664,8480289
2025020744,589,even-strength,62,-31,FALSE,FALSE,TRUE,TRUE,TRUE,FALSE,0.023527324199676514,8478398
2025020744,590,even-strength,31,17,FALSE,FALSE,TRUE,TRUE,FALSE,FALSE,0.02630436420440674,8480049
2025020744,602,even-strength,64,27,FALSE,FALSE,TRUE,TRUE,FALSE,FALSE,0.015601933002471924,8476871
2025020744,626,even-strength,67,29,FALSE,FALSE,TRUE,TRUE,TRUE,TRUE,0.05375891923904419,8479378
2025020744,632,even-strength,74,-8,FALSE,FALSE,TRUE,FALSE,FALSE,FALSE,0,8476871
2025020744,633,even-strength,70,25,FALSE,FALSE,TRUE,TRUE,TRUE,FALSE,0.04634225368499756,8480289
2025020744,639,even-strength,35,-28,FALSE,FALSE,TRUE,TRUE,TRUE,FALSE,0.0051819682121276855,8476331
2025020744,642,even-strength,80,-6,FALSE,FALSE,TRUE,FALSE,FALSE,FALSE,0,8480113
2025020744,660,power-play,36,-1,FALSE,FALSE,TRUE,TRUE,TRUE,FALSE,0.05968821048736572,8477504
2025020744,662,power-play,77,0,FALSE,FALSE,TRUE,FALSE,FALSE,FALSE,0,8477504
2025020744,664,power-play,58,8,FALSE,FALSE,TRUE,TRUE,FALSE,FALSE,0.07148021459579468,8477504
2025020744,665,power-play,86,-6,FALSE,TRUE,TRUE,TRUE,TRUE,TRUE,0.27583128213882446,8480014
2025020744,673,even-strength,62,-38,FALSE,FALSE,TRUE,TRUE,TRUE,FALSE,0.009344041347503662,8483510
2025020744,676,even-strength,66,29,FALSE,FALSE,TRUE,TRUE,TRUE,FALSE,9.769201278686523e-4,8480049
2025020744,682,even-strength,40,-38,FALSE,FALSE,TRUE,TRUE,FALSE,FALSE,0.006400942802429199,8474568
2025020744,685,even-strength,28,-38,FALSE,FALSE,TRUE,TRUE,TRUE,FALSE,0.005392968654632568,8474568
2025020744,733,even-strength,73,-25,FALSE,FALSE,TRUE,TRUE,TRUE,TRUE,0.02461916208267212,8476460
2025020780,38,even-strength,64,-26,FALSE,FALSE,TRUE,TRUE,TRUE,FALSE,0.005324006080627441,8484984
2025020780,67,even-strength,75,-21,FALSE,FALSE,TRUE,TRUE,TRUE,FALSE,0.08577793836593628,8483515
2025020780,73,even-strength,71,9,FALSE,FALSE,TRUE,TRUE,TRUE,FALSE,0.10337233543395996,8475848
2025020780,84,even-strength,79,-1,FALSE,FALSE,TRUE,FALSE,FALSE,FALSE,0,8480865
2025020780,86,even-strength,63,-38,FALSE,FALSE,TRUE,TRUE,FALSE,FALSE,0.009041190147399902,8480865
2025020780,87,even-strength,73,-10,FALSE,FALSE,TRUE,TRUE,TRUE,FALSE,0.045952022075653076,8478133
2025020780,88,even-strength,73,6,FALSE,TRUE,TRUE,FALSE,FALSE,FALSE,0,8476875
2025020780,89,even-strength,84,-5,FALSE,FALSE,TRUE,FALSE,FALSE,FALSE,0,8478133
2025020780,90,even-strength,62,8,FALSE,FALSE,TRUE,TRUE,FALSE,FALSE,0.04043668508529663,8482737
2025020780,128,even-strength,64,-15,FALSE,FALSE,TRUE,TRUE,FALSE,FALSE,0.055322229862213135,8478133
2025020780,142,even-strength,88,7,FALSE,FALSE,TRUE,FALSE,FALSE,FALSE,0,8481540
2025020780,151,even-strength,69,-9,FALSE,FALSE,TRUE,FALSE,FALSE,FALSE,0,8480865
2025020780,153,even-strength,17,-39,FALSE,FALSE,TRUE,TRUE,TRUE,FALSE,0.0015821456909179688,8481523
2025020780,154,even-strength,68,-3,FALSE,FALSE,TRUE,TRUE,FALSE,FALSE,0.07419776916503906,8476981
2025020780,201,even-strength,83,-4,FALSE,TRUE,TRUE,TRUE,TRUE,FALSE,0.3396090865135193,8478851
2025020780,203,even-strength,58,-8,FALSE,FALSE,TRUE,TRUE,TRUE,FALSE,0.13592004776000977,8484984
2025020780,207,even-strength,65,20,FALSE,FALSE,TRUE,FALSE,FALSE,FALSE,0,8481523
2025020780,210,even-strength,47,5,FALSE,FALSE,TRUE,FALSE,FALSE,FALSE,0,8483457
2025020780,211,even-strength,83,5,FALSE,TRUE,TRUE,FALSE,FALSE,FALSE,0,8476479
2025020780,212,even-strength,83,4,FALSE,FALSE,TRUE,FALSE,FALSE,FALSE,0,8476981
2025020780,252,even-strength,78,-8,FALSE,FALSE,TRUE,TRUE,TRUE,FALSE,0.03914237022399902,8482775
2025020780,254,even-strength,91,-11,FALSE,TRUE,TRUE,TRUE,FALSE,FALSE,0.0022692084312438965,8482775
2025020780,264,even-strength,80,-4,FALSE,FALSE,TRUE,TRUE,FALSE,FALSE,0.0822591781616211,8480813
2025020780,265,even-strength,90,-10,FALSE,TRUE,TRUE,TRUE,TRUE,FALSE,0.007508814334869385,8480813
2025020780,266,even-strength,81,16,FALSE,FALSE,TRUE,FALSE,FALSE,FALSE,0,8482737
2025020780,315,even-strength,70,-22,FALSE,FALSE,TRUE,FALSE,FALSE,FALSE,0,8482737
2025020780,320,even-strength,56,-28,FALSE,FALSE,TRUE,TRUE,FALSE,FALSE,0.0032567381858825684,8482737
2025020780,322,even-strength,27,39,FALSE,FALSE,TRUE,TRUE,FALSE,FALSE,0.00429081916809082,8481593
2025020780,342,even-strength,65,-20,FALSE,FALSE,TRUE,TRUE,FALSE,FALSE,0.03624415397644043,8476981
2025020780,344,even-strength,38,10,FALSE,FALSE,TRUE,TRUE,TRUE,FALSE,0.019820332527160645,8478851
2025020780,350,even-strength,37,18,FALSE,FALSE,TRUE,TRUE,TRUE,FALSE,0.004159033298492432,8478851
2025020780,351,even-strength,77,4,FALSE,FALSE,TRUE,TRUE,TRUE,FALSE,0.06450492143630981,8476981
2025020780,352,even-strength,82,4,FALSE,TRUE,TRUE,TRUE,TRUE,TRUE,0.34925997257232666,8476479
2025020780,377,power-play,41,14,FALSE,FALSE,TRUE,TRUE,FALSE,FALSE,0.06318092346191406,8480865
2025020780,378,power-play,74,0,FALSE,FALSE,TRUE,TRUE,TRUE,FALSE,0.17792975902557373,8481523
2025020780,385,even-strength,83,-5,FALSE,FALSE,TRUE,TRUE,TRUE,FALSE,0.08847260475158691,8478133
2025020780,391,even-strength,82,-3,FALSE,FALSE,TRUE,TRUE,TRUE,FALSE,0.07088905572891235,8483515
2025020780,398,even-strength,69,7,FALSE,FALSE,TRUE,TRUE,TRUE,TRUE,0.10721862316131592,8478851
2025020780,434,even-strength,55,1,FALSE,FALSE,TRUE,FALSE,FALSE,FALSE,0,8483515
2025020780,441,even-strength,-32,-39,FALSE,FALSE,TRUE,TRUE,TRUE,FALSE,0.0017011761665344238,8475848
2025020780,520,even-strength,64,14,FALSE,FALSE,TRUE,TRUE,TRUE,FALSE,0.17501801252365112,8480018
2025020780,522,even-strength,81,1,FALSE,FALSE,TRUE,FALSE,FALSE,FALSE,0,8482087
2025020780,528,even-strength,54,-7,FALSE,FALSE,TRUE,TRUE,TRUE,FALSE,0.12753307819366455,8484984
2025020780,536,even-strength,84,-5,TRUE,FALSE,TRUE,FALSE,FALSE,FALSE,0,8482775
2025020780,564,even-strength,76,0,FALSE,FALSE,TRUE,FALSE,FALSE,FALSE,0,8476479
2025020780,571,even-strength,52,-8,FALSE,FALSE,TRUE,FALSE,FALSE,FALSE,0,8476875
2025020780,604,even-strength,43,-38,TRUE,FALSE,TRUE,TRUE,TRUE,FALSE,0.0020461082458496094,8480865
2025020780,610,even-strength,28,28,FALSE,FALSE,TRUE,TRUE,FALSE,FALSE,0.009513914585113525,8481593
2025020780,611,even-strength,61,2,FALSE,FALSE,TRUE,FALSE,FALSE,FALSE,0,8483457
2025020780,616,even-strength,63,14,FALSE,FALSE,TRUE,FALSE,FALSE,FALSE,0,8481593
2025020780,617,even-strength,75,-28,FALSE,FALSE,TRUE,TRUE,TRUE,TRUE,0.06922054290771484,8483457
2025020780,635,even-strength,39,6,FALSE,FALSE,TRUE,TRUE,TRUE,FALSE,0.05173826217651367,8482087
2025020780,637,even-strength,38,34,FALSE,FALSE,TRUE,FALSE,FALSE,FALSE,0,8482087
2025020780,648,even-strength,77,-3,FALSE,FALSE,TRUE,FALSE,FALSE,FALSE,0,8476875
2025020780,649,even-strength,82,-12,FALSE,FALSE,TRUE,TRUE,TRUE,FALSE,0.07554847002029419,8481540
2025020780,659,even-strength,75,10,FALSE,FALSE,TRUE,FALSE,FALSE,FALSE,0,8476981
2025020780,678,even-strength,59,23,FALSE,FALSE,TRUE,TRUE,TRUE,FALSE,0.043228745460510254,8481540
2025020780,687,even-strength,71,-15,FALSE,FALSE,TRUE,FALSE,FALSE,FALSE,0,8480018
2025020780,761,even-strength,63,19,FALSE,FALSE,TRUE,FALSE,FALSE,FALSE,0,8480865
2025020780,777,power-play,80,-13,FALSE,FALSE,TRUE,FALSE,FALSE,FALSE,0,8484984
2025020780,814,even-strength,67,33,FALSE,FALSE,TRUE,TRUE,FALSE,FALSE,0.01691538095474243,8483515
2025020780,825,even-strength,43,-18,FALSE,FALSE,TRUE,TRUE,TRUE,FALSE,0.029218554496765137,8476875
2025020780,877,even-strength,28,18,FALSE,FALSE,TRUE,TRUE,TRUE,FALSE,0.023458242416381836,8482087
2025020780,879,even-strength,76,-21,FALSE,FALSE,TRUE,TRUE,TRUE,FALSE,0.08784526586532593,8478851
2025020780,880,even-strength,37,-21,FALSE,FALSE,TRUE,TRUE,TRUE,FALSE,0.02021324634552002,8481540
2025020780,886,even-strength,66,11,FALSE,FALSE,TRUE,TRUE,FALSE,FALSE,0.08217555284500122,8483515
2025020780,889,even-strength,41,21,FALSE,FALSE,TRUE,TRUE,FALSE,FALSE,0.018682777881622314,8476875
2025020780,890,even-strength,83,27,FALSE,FALSE,TRUE,TRUE,FALSE,FALSE,0.029444992542266846,8483515
2025020780,924,even-strength,55,-34,FALSE,FALSE,TRUE,FALSE,FALSE,FALSE,0,8480865
2025020780,925,even-strength,30,19,FALSE,FALSE,TRUE,TRUE,FALSE,FALSE,0.02217310667037964,8476875
2025020780,927,even-strength,49,20,FALSE,FALSE,TRUE,TRUE,TRUE,FALSE,0.04139220714569092,8476875
2025020780,933,even-strength,67,0,FALSE,FALSE,TRUE,TRUE,TRUE,FALSE,0.100608229637146,8480813
2025020780,946,even-strength,67,-20,FALSE,FALSE,TRUE,FALSE,FALSE,FALSE,0,8480018
2025020780,947,even-strength,32,35,TRUE,FALSE,TRUE,TRUE,TRUE,FALSE,0.0026124119758605957,8483457
2025020780,954,even-strength,56,-22,FALSE,FALSE,TRUE,TRUE,TRUE,TRUE,0.08695554733276367,8481540
2025020837,56,even-strength,30,33,FALSE,FALSE,TRUE,TRUE,FALSE,FALSE,0.014841854572296143,8476891
2025020837,57,even-strength,80,1,FALSE,FALSE,TRUE,FALSE,FALSE,FALSE,0,8476473
2025020837,58,even-strength,83,2,FALSE,TRUE,TRUE,TRUE,TRUE,FALSE,0.19826215505599976,8481624
2025020837,65,even-strength,62,-11,FALSE,FALSE,TRUE,TRUE,TRUE,FALSE,0.04167419672012329,8484144
2025020837,68,even-strength,83,-1,FALSE,FALSE,TRUE,TRUE,TRUE,FALSE,0.3284263610839844,8484144
2025020837,69,even-strength,87,0,FALSE,TRUE,TRUE,TRUE,TRUE,TRUE,0.7386269867420197,8476882
2025020837,73,even-strength,70,-4,FALSE,FALSE,TRUE,FALSE,FALSE,FALSE,0,8484144
2025020837,107,even-strength,71,19,FALSE,FALSE,TRUE,TRUE,TRUE,FALSE,0.048529624938964844,8476882
2025020837,151,even-strength,58,-10,FALSE,FALSE,TRUE,FALSE,FALSE,FALSE,0,8477479
2025020837,153,even-strength,62,-16,FALSE,FALSE,TRUE,TRUE,FALSE,FALSE,0.07263451814651489,8477450
2025020837,168,even-strength,73,-26,TRUE,FALSE,TRUE,TRUE,TRUE,FALSE,0.03732860088348389,8481806
2025020837,196,even-strength,47,18,FALSE,FALSE,TRUE,TRUE,TRUE,FALSE,0.0161820650100708,8484197
2025020837,220,even-strength,77,-25,FALSE,FALSE,TRUE,TRUE,TRUE,FALSE,0.015210330486297607,8483493
2025020837,227,even-strength,48,-39,FALSE,FALSE,TRUE,TRUE,TRUE,FALSE,0.001034855842590332,8481806
2025020837,230,even-strength,67,15,FALSE,FALSE,TRUE,FALSE,FALSE,FALSE,0,8481568
2025020837,231,even-strength,83,2,FALSE,TRUE,TRUE,TRUE,TRUE,FALSE,0.14626318216323853,8484144
2025020837,303,even-strength,73,10,FALSE,FALSE,TRUE,TRUE,TRUE,TRUE,0.24764984846115112,8477987
2025020837,320,power-play,38,-13,FALSE,FALSE,TRUE,TRUE,TRUE,FALSE,0.0491107702255249,8484783
2025020837,330,power-play,69,17,FALSE,FALSE,TRUE,FALSE,FALSE,FALSE,0,8477444
2025020837,336,power-play,34,17,FALSE,FALSE,TRUE,TRUE,TRUE,FALSE,0.01394110918045044,8481568
2025020837,400,even-strength,68,-11,FALSE,FALSE,TRUE,FALSE,FALSE,FALSE,0,8476473
2025020837,501,even-strength,82,-4,FALSE,TRUE,TRUE,TRUE,TRUE,FALSE,0.02128392457962036,8484144
2025020837,503,even-strength,82,3,FALSE,TRUE,TRUE,TRUE,TRUE,FALSE,0.04244709014892578,8482172
2025020837,571,even-strength,67,20,FALSE,FALSE,TRUE,TRUE,TRUE,TRUE,0.06399029493331909,8481624
2025020837,591,even-strength,23,-40,FALSE,FALSE,TRUE,TRUE,FALSE,FALSE,0.0020755529403686523,8481806
2025020837,613,even-strength,84,-7,FALSE,FALSE,TRUE,TRUE,TRUE,FALSE,0.2616790533065796,8484144
2025020837,621,even-strength,37,-1,FALSE,FALSE,TRUE,TRUE,FALSE,FALSE,0.02065342664718628,8482176
2025020837,625,even-strength,69,-20,FALSE,FALSE,TRUE,TRUE,TRUE,FALSE,0.07659298181533813,8477444
2025020837,626,even-strength,83,5,FALSE,TRUE,TRUE,FALSE,FALSE,FALSE,0,8483450
2025020837,627,even-strength,64,-4,FALSE,FALSE,TRUE,TRUE,TRUE,FALSE,0.15611803531646729,8483450
2025020837,641,even-strength,57,-15,FALSE,FALSE,TRUE,FALSE,FALSE,FALSE,0,8481806
2025020837,655,even-strength,71,-15,FALSE,FALSE,TRUE,TRUE,FALSE,FALSE,0.10431784391403198,8482176
2025020837,663,even-strength,44,14,FALSE,FALSE,TRUE,FALSE,FALSE,FALSE,0,8476473
2025020837,687,even-strength,66,-31,FALSE,FALSE,TRUE,TRUE,FALSE,FALSE,0.020309805870056152,8476882
2025020837,701,even-strength,81,0,FALSE,TRUE,TRUE,TRUE,TRUE,FALSE,0.014817774295806885,8484197
2025020837,702,power-play,84,-1,FALSE,FALSE,TRUE,FALSE,FALSE,FALSE,0,8477987
2025020837,703,power-play,84,-6,FALSE,TRUE,TRUE,TRUE,TRUE,FALSE,0.16894572973251343,8477479
2025020837,768,even-strength,63,15,FALSE,FALSE,TRUE,FALSE,FALSE,FALSE,0,8481624
2025020837,779,even-strength,52,-16,TRUE,FALSE,TRUE,TRUE,TRUE,FALSE,0.09730297327041626,8476473
2025020837,792,power-play,73,9,FALSE,FALSE,TRUE,FALSE,FALSE,FALSE,0,8484144
2025020837,794,power-play,75,-13,TRUE,FALSE,TRUE,FALSE,FALSE,FALSE,0,8484783
2025020837,795,power-play,76,0,FALSE,FALSE,TRUE,TRUE,FALSE,FALSE,0.15303075313568115,8477479
2025020837,813,even-strength,77,20,FALSE,FALSE,TRUE,TRUE,FALSE,FALSE,0.012227118015289307,8484144
2025020837,816,even-strength,52,19,FALSE,FALSE,TRUE,TRUE,FALSE,FALSE,0.03974360227584839,8476473
2025020837,858,even-strength,78,7,FALSE,FALSE,TRUE,FALSE,FALSE,FALSE,0,8481568
2025020837,866,even-strength,70,27,FALSE,FALSE,TRUE,TRUE,TRUE,FALSE,0.026931345462799072,8484197
2025020837,903,even-strength,75,-3,FALSE,FALSE,TRUE,TRUE,TRUE,FALSE,0.21863007545471191,8483493
2025020837,918,power-play,83,-2,FALSE,FALSE,TRUE,TRUE,TRUE,FALSE,0.17551767826080322,8477479
2025020837,983,power-play,40,-6,FALSE,FALSE,TRUE,TRUE,FALSE,FALSE,0.04822748899459839,8476891
2025020837,993,power-play,42,-21,FALSE,FALSE,TRUE,TRUE,TRUE,FALSE,0.029454171657562256,8484783
2025020837,996,power-play,88,-7,FALSE,FALSE,TRUE,TRUE,TRUE,FALSE,0.08209198713302612,8473422
2025020837,999,even-strength,71,7,FALSE,FALSE,TRUE,FALSE,FALSE,FALSE,0,8477987
2025020837,1008,even-strength,84,3,FALSE,FALSE,TRUE,FALSE,FALSE,FALSE,0,8477450
2025020837,1078,power-play,62,25,FALSE,FALSE,TRUE,TRUE,TRUE,FALSE,0.09144324064254761,8483493
2025020837,1079,power-play,55,-3,FALSE,FALSE,TRUE,TRUE,TRUE,FALSE,0.06889808177947998,8483493
2025020837,1081,power-play,72,-6,FALSE,FALSE,TRUE,FALSE,FALSE,FALSE,0,8476882
2025020837,1086,power-play,50,4,FALSE,FALSE,TRUE,TRUE,TRUE,FALSE,0.089710235595703125,8484144
2025020837,1090,power-play,64,-18,FALSE,FALSE,TRUE,TRUE,TRUE,FALSE,0.1016775369644165,8484144
2025020837,1092,power-play,80,12,FALSE,TRUE,TRUE,TRUE,FALSE,FALSE,0.29348522424697876,8483493
2025020837,1093,power-play,67,-13,FALSE,FALSE,TRUE,TRUE,TRUE,FALSE,0.15915638208389282,8484144
2025020837,1097,power-play,62,-24,FALSE,FALSE,TRUE,TRUE,FALSE,FALSE,0.0909414291381836,8476882
2025020871,58,even-strength,26,18,FALSE,FALSE,TRUE,TRUE,TRUE,FALSE,0.011873245239257812,8477934
2025020871,75,even-strength,81,-3,FALSE,FALSE,TRUE,TRUE,TRUE,FALSE,0.16381090879440308,8478402
2025020871,80,even-strength,43,-25,FALSE,FALSE,TRUE,FALSE,FALSE,FALSE,0,8480834
2025020871,81,even-strength,27,38,FALSE,FALSE,TRUE,TRUE,TRUE,FALSE,0.0023505091667175293,8478458
2025020871,91,even-strength,38,5,FALSE,FALSE,TRUE,FALSE,FALSE,FALSE,0,8478013
2025020871,109,even-strength,83,-9,FALSE,FALSE,TRUE,TRUE,TRUE,FALSE,0.048132896423339844,8477953
2025020871,112,even-strength,60,-5,TRUE,FALSE,TRUE,TRUE,TRUE,TRUE,0.11766338348388672,8477934
2025020871,129,even-strength,77,19,FALSE,FALSE,TRUE,TRUE,FALSE,FALSE,0.14501279592514038,8483512
2025020871,146,even-strength,68,10,FALSE,FALSE,TRUE,FALSE,FALSE,FALSE,0,8475218
2025020871,178,even-strength,78,7,FALSE,FALSE,TRUE,TRUE,TRUE,TRUE,0.13270419836044312,8476454
2025020871,188,even-strength,62,-7,FALSE,FALSE,TRUE,FALSE,FALSE,FALSE,0,8477934
2025020871,191,even-strength,69,-16,FALSE,FALSE,TRUE,FALSE,FALSE,FALSE,0,8479365
2025020871,197,even-strength,78,-8,TRUE,FALSE,TRUE,FALSE,FALSE,FALSE,0,8477406
2025020871,198,even-strength,88,6,TRUE,TRUE,TRUE,FALSE,FALSE,FALSE,0,8479365
2025020871,251,even-strength,85,4,FALSE,FALSE,TRUE,TRUE,TRUE,FALSE,0.22234702110290527,8477508
2025020871,252,even-strength,60,-14,TRUE,FALSE,TRUE,FALSE,FALSE,FALSE,0,8477953
2025020871,254,even-strength,83,-4,FALSE,TRUE,TRUE,TRUE,TRUE,FALSE,0.0122298002243042,8475786
2025020871,255,even-strength,85,-7,FALSE,TRUE,TRUE,TRUE,FALSE,FALSE,0.022899627685546875,8475786
2025020871,256,even-strength,83,0,FALSE,TRUE,TRUE,TRUE,TRUE,FALSE,0.057120323181152344,8475786
2025020871,257,even-strength,88,-10,FALSE,TRUE,TRUE,TRUE,FALSE,FALSE,0.007389247417449951,8478458
2025020871,258,power-play,83,-36,FALSE,TRUE,TRUE,TRUE,FALSE,FALSE,0.028008341789245605,8477934
2025020871,259,even-strength,73,-16,FALSE,TRUE,TRUE,TRUE,TRUE,FALSE,0.012253940105438232,8476454
2025020871,260,even-strength,79,1,FALSE,FALSE,TRUE,TRUE,FALSE,FALSE,0.16543054580688477,8475786
2025020871,261,even-strength,88,-8,FALSE,TRUE,TRUE,TRUE,TRUE,FALSE,0.019060730934143066,8477934
2025020871,262,even-strength,89,-5,FALSE,TRUE,TRUE,TRUE,FALSE,FALSE,0.04364585876464844,8477934
2025020871,263,even-strength,86,-4,FALSE,TRUE,TRUE,TRUE,FALSE,FALSE,0.07308733463287354,8475786
2025020871,264,even-strength,85,10,FALSE,TRUE,TRUE,TRUE,FALSE,FALSE,0.00889521837234497,8475786
2025020871,265,even-strength,84,-2,FALSE,FALSE,TRUE,TRUE,TRUE,FALSE,0.10902291536331177,8476454
2025020871,266,even-strength,78,39,TRUE,FALSE,TRUE,TRUE,FALSE,FALSE,0.004256308078765869,8475218
2025020871,268,even-strength,74,1,FALSE,FALSE,TRUE,FALSE,FALSE,FALSE,0,8477508
2025020871,361,even-strength,56,-26,FALSE,FALSE,TRUE,FALSE,FALSE,FALSE,0,8479365
2025020871,384,power-play,77,4,FALSE,FALSE,TRUE,FALSE,FALSE,FALSE,0,8476454
2025020871,385,power-play,73,-10,FALSE,FALSE,TRUE,TRUE,TRUE,FALSE,0.18540680408477783,8477934
2025020871,389,power-play,82,-1,FALSE,FALSE,TRUE,FALSE,FALSE,FALSE,0,8477934
2025020871,390,power-play,60,14,FALSE,FALSE,TRUE,TRUE,TRUE,FALSE,0.06546425819396973,8476454
2025020871,394,power-play,42,0,FALSE,FALSE,TRUE,TRUE,TRUE,FALSE,0.06968843936920166,8480803
2025020871,405,even-strength,84,3,FALSE,FALSE,TRUE,TRUE,FALSE,FALSE,0.20390748977661133,8477508
2025020871,416,even-strength,73,2,FALSE,FALSE,TRUE,FALSE,FALSE,FALSE,0,8480803
2025020871,441,even-strength,84,29,FALSE,FALSE,TRUE,FALSE,FALSE,FALSE,0,8478013
2025020871,513,even-strength,62,1,FALSE,FALSE,TRUE,TRUE,TRUE,FALSE,0.20011556148529053,8480803
2025020871,519,even-strength,81,-8,FALSE,FALSE,TRUE,TRUE,FALSE,FALSE,0.06050586700439453,8478458
2025020871,523,even-strength,75,10,FALSE,FALSE,TRUE,FALSE,FALSE,FALSE,0,8483512
2025020871,524,even-strength,37,-6,FALSE,FALSE,TRUE,FALSE,FALSE,FALSE,0,8480834
2025020871,536,even-strength,40,-17,FALSE,FALSE,TRUE,TRUE,TRUE,FALSE,0.005831003189086914,8478013
2025020871,646,even-strength,33,12,FALSE,FALSE,TRUE,TRUE,TRUE,FALSE,0.04430043697357178,8475218
2025020871,648,even-strength,30,-23,FALSE,FALSE,TRUE,TRUE,TRUE,FALSE,0.03492337465286255,8480803
2025020871,650,even-strength,54,8,FALSE,FALSE,TRUE,TRUE,TRUE,FALSE,0.10582023859024048,8480803
2025020871,661,even-strength,35,19,FALSE,FALSE,TRUE,TRUE,FALSE,FALSE,0.03765273094177246,8478013
2025020871,673,even-strength,44,-16,FALSE,FALSE,TRUE,TRUE,TRUE,FALSE,0.03006500005722046,8480803
2025020871,676,even-strength,80,-12,FALSE,FALSE,TRUE,TRUE,TRUE,FALSE,0.10561156272888184,8478402
2025020871,698,even-strength,44,15,FALSE,FALSE,TRUE,TRUE,TRUE,FALSE,0.022419869899749756,8477498
2025020871,704,even-strength,31,3,FALSE,FALSE,TRUE,TRUE,FALSE,FALSE,0.054440438747406006,8480803
2025020871,715,even-strength,42,8,TRUE,FALSE,TRUE,TRUE,TRUE,FALSE,0.025874018669128418,8483512
2025020871,721,even-strength,66,-24,FALSE,FALSE,TRUE,TRUE,FALSE,FALSE,0.03918033838272095,8478458
2025020871,722,even-strength,28,15,FALSE,FALSE,TRUE,TRUE,TRUE,FALSE,0.015687882900238037,8481056
2025020871,723,even-strength,81,-3,FALSE,TRUE,TRUE,TRUE,TRUE,FALSE,0.2982601523399353,8483512
2025020871,732,even-strength,72,-28,FALSE,FALSE,TRUE,TRUE,FALSE,FALSE,0.01929241418838501,8477934
2025020871,741,even-strength,73,-19,FALSE,FALSE,TRUE,TRUE,FALSE,FALSE,0.0667257308959961,8484509
2025020871,742,even-strength,72,-31,FALSE,TRUE,TRUE,TRUE,TRUE,FALSE,0.020525693893432617,8478458
2025020871,749,even-strength,63,10,FALSE,FALSE,TRUE,FALSE,FALSE,FALSE,0,8480803
2025020871,750,even-strength,65,4,FALSE,FALSE,TRUE,TRUE,FALSE,FALSE,0.12148094177246094,8478402
2025020871,751,even-strength,76,-15,FALSE,FALSE,TRUE,TRUE,TRUE,FALSE,0.190898597240448,8478402
2025020871,761,even-strength,54,-30,FALSE,FALSE,TRUE,TRUE,FALSE,FALSE,0.005243897438049316,8477953
2025020871,773,power-play,57,-6,FALSE,FALSE,TRUE,TRUE,TRUE,FALSE,0.09041595458984375,8480803
2025020871,778,power-play,27,-40,FALSE,FALSE,TRUE,TRUE,TRUE,FALSE,0.01849067211151123,8480803
2025020871,781,power-play,81,-1,FALSE,FALSE,TRUE,FALSE,FALSE,FALSE,0,8480803
2025020871,809,even-strength,44,-19,FALSE,FALSE,TRUE,FALSE,FALSE,FALSE,0,8478013
2025020871,819,even-strength,31,37,TRUE,FALSE,TRUE,TRUE,TRUE,FALSE,0.002109348773956299,8475218
2025020871,822,even-strength,75,-16,FALSE,FALSE,TRUE,FALSE,FALSE,FALSE,0,8476454
2025020871,827,even-strength,60,-8,FALSE,FALSE,TRUE,FALSE,FALSE,FALSE,0,8478402
2025020871,841,even-strength,59,30,FALSE,FALSE,TRUE,TRUE,TRUE,FALSE,0.03712993860244751,8475218
2025020871,853,even-strength,50,24,FALSE,FALSE,TRUE,FALSE,FALSE,FALSE,0,8477498
2025020871,877,even-strength,77,-2,FALSE,FALSE,TRUE,FALSE,FALSE,FALSE,0,8480834
2025020871,878,even-strength,46,-11,FALSE,FALSE,TRUE,TRUE,TRUE,FALSE,0.05333453416824341,8480834
2025020871,890,even-strength,65,-28,FALSE,FALSE,TRUE,TRUE,FALSE,FALSE,0.023214995861053467,8477953
2025020871,909,even-strength,61,2,FALSE,FALSE,TRUE,TRUE,TRUE,FALSE,0.08135497570037842,8477934
2025020871,929,even-strength,51,18,FALSE,FALSE,TRUE,TRUE,TRUE,FALSE,0.04237872362136841,8480803
2025020871,938,even-strength,32,31,FALSE,FALSE,TRUE,TRUE,TRUE,FALSE,0.017490744590759277,8475218
2025020871,954,even-strength,79,1,FALSE,FALSE,TRUE,TRUE,TRUE,TRUE,0.23793244361877441,8478458
2025020871,959,even-strength,78,-30,FALSE,FALSE,TRUE,TRUE,FALSE,FALSE,0.012856900691986084,8483512
2025020871,960,even-strength,58,9,FALSE,FALSE,TRUE,TRUE,TRUE,FALSE,0.062029898166656494,8478458
2025020871,961,even-strength,52,-26,FALSE,FALSE,TRUE,TRUE,TRUE,FALSE,0.02851778268814087,8478013
2025020871,966,even-strength,69,0,FALSE,FALSE,TRUE,TRUE,FALSE,FALSE,0.10337263345718384,8480803
2025020871,997,even-strength,66,-31,FALSE,FALSE,TRUE,TRUE,FALSE,FALSE,0.007728219032287598,8477953
2025020871,1002,even-strength,31,-15,TRUE,FALSE,TRUE,TRUE,TRUE,FALSE,0.004732370376586914,8480803
2025020871,1016,even-strength,28,32,FALSE,FALSE,TRUE,TRUE,TRUE,FALSE,0.01198512315750122,8478013
2025020871,1021,even-strength,79,-29,FALSE,FALSE,TRUE,TRUE,TRUE,FALSE,0.01519322395324707,8477953
2025020871,1037,even-strength,85,29,FALSE,FALSE,TRUE,TRUE,FALSE,FALSE,0.011090099811553955,8483512
